onset	duration	trial_type	value	sample
891.855	0.8	NonTarget	1	178371
891.935	0.8	NonTarget	1	178387
892.015	0.8	NonTarget	1	178403
892.1	0.8	NonTarget	1	178420
892.185	0.8	NonTarget	1	178437
892.27	0.8	NonTarget	1	178454
892.35	0.8	NonTarget	1	178470
892.435	0.8	NonTarget	1	178487
892.52	0.8	NonTarget	1	178504
892.6	0.8	NonTarget	1	178520
892.685	0.8	NonTarget	1	178537
892.77	0.8	NonTarget	1	178554
892.85	0.8	NonTarget	1	178570
892.935	0.8	NonTarget	1	178587
893.02	0.8	NonTarget	1	178604
893.105	0.8	NonTarget	1	178621
893.185	0.8	NonTarget	1	178637
893.27	0.8	NonTarget	1	178654
893.355	0.8	NonTarget	1	178671
893.435	0.8	NonTarget	1	178687
893.52	0.8	NonTarget	1	178704
893.6	0.8	NonTarget	1	178720
893.685	0.8	NonTarget	1	178737
893.77	0.8	NonTarget	1	178754
893.855	0.8	Target	2	178771
893.94	0.8	NonTarget	1	178788
894.02	0.8	NonTarget	1	178804
894.105	0.8	NonTarget	1	178821
894.19	0.8	NonTarget	1	178838
894.27	0.8	NonTarget	1	178854
894.67	0.8	NonTarget	1	178934
894.755	0.8	NonTarget	1	178951
894.835	0.8	NonTarget	1	178967
894.92	0.8	NonTarget	1	178984
895.005	0.8	NonTarget	1	179001
895.09	0.8	NonTarget	1	179018
895.17	0.8	NonTarget	1	179034
895.255	0.8	NonTarget	1	179051
895.34	0.8	NonTarget	1	179068
895.42	0.8	NonTarget	1	179084
895.505	0.8	NonTarget	1	179101
895.59	0.8	NonTarget	1	179118
895.675	0.8	NonTarget	1	179135
895.755	0.8	NonTarget	1	179151
895.84	0.8	Target	2	179168
895.925	0.8	NonTarget	1	179185
896.005	0.8	NonTarget	1	179201
896.09	0.8	NonTarget	1	179218
896.175	0.8	NonTarget	1	179235
896.255	0.8	NonTarget	1	179251
896.34	0.8	NonTarget	1	179268
896.425	0.8	NonTarget	1	179285
896.51	0.8	NonTarget	1	179302
896.595	0.8	NonTarget	1	179319
896.675	0.8	NonTarget	1	179335
896.755	0.8	NonTarget	1	179351
896.84	0.8	NonTarget	1	179368
896.925	0.8	NonTarget	1	179385
897.01	0.8	NonTarget	1	179402
897.09	0.8	NonTarget	1	179418
897.49	0.8	NonTarget	1	179498
897.575	0.8	NonTarget	1	179515
897.66	0.8	NonTarget	1	179532
897.745	0.8	NonTarget	1	179549
897.825	0.8	NonTarget	1	179565
897.91	0.8	NonTarget	1	179582
897.99	0.8	NonTarget	1	179598
898.075	0.8	NonTarget	1	179615
898.16	0.8	NonTarget	1	179632
898.245	0.8	NonTarget	1	179649
898.325	0.8	NonTarget	1	179665
898.41	0.8	NonTarget	1	179682
898.495	0.8	NonTarget	1	179699
898.575	0.8	NonTarget	1	179715
898.66	0.8	NonTarget	1	179732
898.745	0.8	NonTarget	1	179749
898.83	0.8	NonTarget	1	179766
898.91	0.8	NonTarget	1	179782
898.995	0.8	NonTarget	1	179799
899.08	0.8	Target	2	179816
899.16	0.8	NonTarget	1	179832
899.245	0.8	NonTarget	1	179849
899.33	0.8	NonTarget	1	179866
899.41	0.8	NonTarget	1	179882
899.495	0.8	NonTarget	1	179899
899.58	0.8	NonTarget	1	179916
899.66	0.8	NonTarget	1	179932
899.745	0.8	NonTarget	1	179949
899.83	0.8	NonTarget	1	179966
899.915	0.8	NonTarget	1	179983
900.31	0.8	NonTarget	1	180062
900.395	0.8	NonTarget	1	180079
900.48	0.8	NonTarget	1	180096
900.565	0.8	NonTarget	1	180113
900.645	0.8	NonTarget	1	180129
900.73	0.8	NonTarget	1	180146
900.815	0.8	NonTarget	1	180163
900.9	0.8	NonTarget	1	180180
900.98	0.8	NonTarget	1	180196
901.065	0.8	NonTarget	1	180213
901.15	0.8	NonTarget	1	180230
901.23	0.8	NonTarget	1	180246
901.315	0.8	NonTarget	1	180263
901.4	0.8	NonTarget	1	180280
901.48	0.8	NonTarget	1	180296
901.565	0.8	NonTarget	1	180313
901.645	0.8	NonTarget	1	180329
901.73	0.8	NonTarget	1	180346
901.815	0.8	NonTarget	1	180363
901.9	0.8	NonTarget	1	180380
901.985	0.8	NonTarget	1	180397
902.07	0.8	NonTarget	1	180414
902.15	0.8	NonTarget	1	180430
902.235	0.8	NonTarget	1	180447
902.315	0.8	Target	2	180463
902.4	0.8	NonTarget	1	180480
902.48	0.8	NonTarget	1	180496
902.565	0.8	NonTarget	1	180513
902.65	0.8	NonTarget	1	180530
902.735	0.8	NonTarget	1	180547
903.135	0.8	NonTarget	1	180627
903.22	0.8	NonTarget	1	180644
903.3	0.8	NonTarget	1	180660
903.385	0.8	NonTarget	1	180677
903.465	0.8	NonTarget	1	180693
903.55	0.8	NonTarget	1	180710
903.635	0.8	NonTarget	1	180727
903.715	0.8	NonTarget	1	180743
903.8	0.8	NonTarget	1	180760
903.885	0.8	NonTarget	1	180777
903.965	0.8	NonTarget	1	180793
904.05	0.8	NonTarget	1	180810
904.135	0.8	NonTarget	1	180827
904.22	0.8	NonTarget	1	180844
904.305	0.8	Target	2	180861
904.385	0.8	NonTarget	1	180877
904.47	0.8	NonTarget	1	180894
904.555	0.8	NonTarget	1	180911
904.635	0.8	NonTarget	1	180927
904.72	0.8	NonTarget	1	180944
904.805	0.8	NonTarget	1	180961
904.885	0.8	NonTarget	1	180977
904.97	0.8	NonTarget	1	180994
905.05	0.8	NonTarget	1	181010
905.135	0.8	NonTarget	1	181027
905.22	0.8	NonTarget	1	181044
905.305	0.8	NonTarget	1	181061
905.385	0.8	NonTarget	1	181077
905.47	0.8	NonTarget	1	181094
905.555	0.8	NonTarget	1	181111
905.955	0.8	NonTarget	1	181191
906.035	0.8	NonTarget	1	181207
906.12	0.8	NonTarget	1	181224
906.205	0.8	NonTarget	1	181241
906.29	0.8	NonTarget	1	181258
906.37	0.8	NonTarget	1	181274
906.455	0.8	NonTarget	1	181291
906.535	0.8	NonTarget	1	181307
906.62	0.8	NonTarget	1	181324
906.705	0.8	NonTarget	1	181341
906.79	0.8	NonTarget	1	181358
906.87	0.8	NonTarget	1	181374
906.955	0.8	NonTarget	1	181391
907.04	0.8	NonTarget	1	181408
907.12	0.8	Target	2	181424
907.205	0.8	NonTarget	1	181441
907.29	0.8	NonTarget	1	181458
907.37	0.8	NonTarget	1	181474
907.455	0.8	NonTarget	1	181491
907.54	0.8	NonTarget	1	181508
907.625	0.8	NonTarget	1	181525
907.71	0.8	NonTarget	1	181542
907.79	0.8	NonTarget	1	181558
907.875	0.8	NonTarget	1	181575
907.955	0.8	NonTarget	1	181591
908.04	0.8	NonTarget	1	181608
908.12	0.8	NonTarget	1	181624
908.205	0.8	NonTarget	1	181641
908.29	0.8	NonTarget	1	181658
908.375	0.8	NonTarget	1	181675
908.775	0.8	NonTarget	1	181755
908.86	0.8	NonTarget	1	181772
908.945	0.8	NonTarget	1	181789
909.025	0.8	NonTarget	1	181805
909.11	0.8	Target	2	181822
909.19	0.8	NonTarget	1	181838
909.275	0.8	NonTarget	1	181855
909.36	0.8	NonTarget	1	181872
909.44	0.8	NonTarget	1	181888
909.525	0.8	NonTarget	1	181905
909.61	0.8	NonTarget	1	181922
909.69	0.8	NonTarget	1	181938
909.775	0.8	NonTarget	1	181955
909.86	0.8	NonTarget	1	181972
909.94	0.8	NonTarget	1	181988
910.025	0.8	NonTarget	1	182005
910.11	0.8	NonTarget	1	182022
910.195	0.8	NonTarget	1	182039
910.28	0.8	NonTarget	1	182056
910.36	0.8	NonTarget	1	182072
910.44	0.8	NonTarget	1	182088
910.525	0.8	NonTarget	1	182105
910.61	0.8	NonTarget	1	182122
910.695	0.8	NonTarget	1	182139
910.78	0.8	NonTarget	1	182156
910.86	0.8	NonTarget	1	182172
910.945	0.8	NonTarget	1	182189
911.03	0.8	NonTarget	1	182206
911.11	0.8	NonTarget	1	182222
911.195	0.8	NonTarget	1	182239
911.595	0.8	NonTarget	1	182319
911.68	0.8	NonTarget	1	182336
911.76	0.8	NonTarget	1	182352
911.845	0.8	NonTarget	1	182369
911.93	0.8	NonTarget	1	182386
912.015	0.8	NonTarget	1	182403
912.095	0.8	NonTarget	1	182419
912.18	0.8	NonTarget	1	182436
912.265	0.8	NonTarget	1	182453
912.345	0.8	NonTarget	1	182469
912.43	0.8	NonTarget	1	182486
912.515	0.8	NonTarget	1	182503
912.595	0.8	NonTarget	1	182519
912.68	0.8	NonTarget	1	182536
912.76	0.8	NonTarget	1	182552
912.845	0.8	NonTarget	1	182569
912.93	0.8	NonTarget	1	182586
913.015	0.8	NonTarget	1	182603
913.1	0.8	NonTarget	1	182620
913.18	0.8	NonTarget	1	182636
913.265	0.8	NonTarget	1	182653
913.35	0.8	NonTarget	1	182670
913.43	0.8	NonTarget	1	182686
913.515	0.8	NonTarget	1	182703
913.6	0.8	Target	2	182720
913.68	0.8	NonTarget	1	182736
913.765	0.8	NonTarget	1	182753
913.85	0.8	NonTarget	1	182770
913.93	0.8	NonTarget	1	182786
914.015	0.8	NonTarget	1	182803
914.415	0.8	NonTarget	1	182883
914.5	0.8	NonTarget	1	182900
914.585	0.8	NonTarget	1	182917
914.665	0.8	NonTarget	1	182933
914.75	0.8	NonTarget	1	182950
914.835	0.8	NonTarget	1	182967
914.915	0.8	NonTarget	1	182983
915.0	0.8	NonTarget	1	183000
915.085	0.8	NonTarget	1	183017
915.165	0.8	NonTarget	1	183033
915.25	0.8	NonTarget	1	183050
915.335	0.8	NonTarget	1	183067
915.415	0.8	NonTarget	1	183083
915.5	0.8	NonTarget	1	183100
915.585	0.8	Target	2	183117
915.67	0.8	NonTarget	1	183134
915.75	0.8	NonTarget	1	183150
915.835	0.8	NonTarget	1	183167
915.92	0.8	NonTarget	1	183184
916.0	0.8	NonTarget	1	183200
916.085	0.8	NonTarget	1	183217
916.17	0.8	NonTarget	1	183234
916.25	0.8	NonTarget	1	183250
916.335	0.8	NonTarget	1	183267
916.42	0.8	NonTarget	1	183284
916.5	0.8	NonTarget	1	183300
916.59	0.8	NonTarget	1	183318
916.67	0.8	NonTarget	1	183334
916.755	0.8	NonTarget	1	183351
916.835	0.8	NonTarget	1	183367
917.235	0.8	NonTarget	1	183447
917.32	0.8	NonTarget	1	183464
917.405	0.8	NonTarget	1	183481
917.485	0.8	NonTarget	1	183497
917.57	0.8	Target	2	183514
917.655	0.8	NonTarget	1	183531
917.735	0.8	NonTarget	1	183547
917.82	0.8	NonTarget	1	183564
917.905	0.8	NonTarget	1	183581
917.985	0.8	NonTarget	1	183597
918.07	0.8	NonTarget	1	183614
918.155	0.8	NonTarget	1	183631
918.24	0.8	NonTarget	1	183648
918.32	0.8	NonTarget	1	183664
918.405	0.8	NonTarget	1	183681
918.49	0.8	NonTarget	1	183698
918.57	0.8	NonTarget	1	183714
918.655	0.8	NonTarget	1	183731
918.74	0.8	NonTarget	1	183748
918.825	0.8	NonTarget	1	183765
918.905	0.8	NonTarget	1	183781
918.99	0.8	NonTarget	1	183798
919.075	0.8	NonTarget	1	183815
919.155	0.8	NonTarget	1	183831
919.24	0.8	NonTarget	1	183848
919.325	0.8	NonTarget	1	183865
919.405	0.8	NonTarget	1	183881
919.49	0.8	NonTarget	1	183898
919.57	0.8	NonTarget	1	183914
919.655	0.8	NonTarget	1	183931
929.775	0.8	NonTarget	1	185955
929.855	0.8	NonTarget	1	185971
929.935	0.8	NonTarget	1	185987
930.02	0.8	NonTarget	1	186004
930.105	0.8	Target	2	186021
930.19	0.8	NonTarget	1	186038
930.27	0.8	NonTarget	1	186054
930.355	0.8	NonTarget	1	186071
930.44	0.8	NonTarget	1	186088
930.52	0.8	NonTarget	1	186104
930.605	0.8	NonTarget	1	186121
930.69	0.8	NonTarget	1	186138
930.775	0.8	NonTarget	1	186155
930.855	0.8	NonTarget	1	186171
930.94	0.8	NonTarget	1	186188
931.025	0.8	NonTarget	1	186205
931.105	0.8	NonTarget	1	186221
931.19	0.8	NonTarget	1	186238
931.275	0.8	NonTarget	1	186255
931.355	0.8	NonTarget	1	186271
931.44	0.8	NonTarget	1	186288
931.525	0.8	NonTarget	1	186305
931.605	0.8	NonTarget	1	186321
931.69	0.8	NonTarget	1	186338
931.775	0.8	NonTarget	1	186355
931.855	0.8	NonTarget	1	186371
931.94	0.8	NonTarget	1	186388
932.025	0.8	NonTarget	1	186405
932.11	0.8	NonTarget	1	186422
932.19	0.8	NonTarget	1	186438
932.59	0.8	NonTarget	1	186518
932.675	0.8	NonTarget	1	186535
932.76	0.8	NonTarget	1	186552
932.84	0.8	NonTarget	1	186568
932.925	0.8	Target	2	186585
933.01	0.8	NonTarget	1	186602
933.09	0.8	NonTarget	1	186618
933.175	0.8	NonTarget	1	186635
933.26	0.8	NonTarget	1	186652
933.34	0.8	NonTarget	1	186668
933.43	0.8	NonTarget	1	186686
933.51	0.8	NonTarget	1	186702
933.595	0.8	NonTarget	1	186719
933.675	0.8	NonTarget	1	186735
933.76	0.8	NonTarget	1	186752
933.84	0.8	NonTarget	1	186768
933.925	0.8	NonTarget	1	186785
934.01	0.8	NonTarget	1	186802
934.095	0.8	NonTarget	1	186819
934.175	0.8	NonTarget	1	186835
934.26	0.8	NonTarget	1	186852
934.345	0.8	NonTarget	1	186869
934.43	0.8	NonTarget	1	186886
934.515	0.8	NonTarget	1	186903
934.595	0.8	NonTarget	1	186919
934.68	0.8	NonTarget	1	186936
934.765	0.8	NonTarget	1	186953
934.845	0.8	NonTarget	1	186969
934.93	0.8	NonTarget	1	186986
935.01	0.8	NonTarget	1	187002
935.41	0.8	NonTarget	1	187082
935.495	0.8	NonTarget	1	187099
935.58	0.8	NonTarget	1	187116
935.66	0.8	NonTarget	1	187132
935.745	0.8	Target	2	187149
935.83	0.8	NonTarget	1	187166
935.915	0.8	NonTarget	1	187183
935.995	0.8	NonTarget	1	187199
936.08	0.8	NonTarget	1	187216
936.165	0.8	NonTarget	1	187233
936.245	0.8	NonTarget	1	187249
936.33	0.8	NonTarget	1	187266
936.41	0.8	NonTarget	1	187282
936.495	0.8	NonTarget	1	187299
936.58	0.8	NonTarget	1	187316
936.665	0.8	NonTarget	1	187333
936.75	0.8	NonTarget	1	187350
936.83	0.8	NonTarget	1	187366
936.915	0.8	NonTarget	1	187383
937.0	0.8	NonTarget	1	187400
937.08	0.8	NonTarget	1	187416
937.165	0.8	NonTarget	1	187433
937.245	0.8	NonTarget	1	187449
937.33	0.8	NonTarget	1	187466
937.415	0.8	NonTarget	1	187483
937.5	0.8	NonTarget	1	187500
937.58	0.8	NonTarget	1	187516
937.665	0.8	NonTarget	1	187533
937.75	0.8	NonTarget	1	187550
937.835	0.8	NonTarget	1	187567
938.235	0.8	NonTarget	1	187647
938.315	0.8	NonTarget	1	187663
938.4	0.8	NonTarget	1	187680
938.485	0.8	NonTarget	1	187697
938.565	0.8	NonTarget	1	187713
938.65	0.8	NonTarget	1	187730
938.735	0.8	NonTarget	1	187747
938.82	0.8	NonTarget	1	187764
938.9	0.8	NonTarget	1	187780
938.985	0.8	NonTarget	1	187797
939.065	0.8	NonTarget	1	187813
939.15	0.8	NonTarget	1	187830
939.235	0.8	NonTarget	1	187847
939.32	0.8	NonTarget	1	187864
939.4	0.8	NonTarget	1	187880
939.485	0.8	NonTarget	1	187897
939.565	0.8	NonTarget	1	187913
939.65	0.8	NonTarget	1	187930
939.735	0.8	NonTarget	1	187947
939.82	0.8	NonTarget	1	187964
939.905	0.8	NonTarget	1	187981
939.985	0.8	NonTarget	1	187997
940.07	0.8	NonTarget	1	188014
940.155	0.8	NonTarget	1	188031
940.235	0.8	Target	2	188047
940.32	0.8	NonTarget	1	188064
940.405	0.8	NonTarget	1	188081
940.485	0.8	NonTarget	1	188097
940.57	0.8	NonTarget	1	188114
940.655	0.8	NonTarget	1	188131
941.055	0.8	NonTarget	1	188211
941.135	0.8	NonTarget	1	188227
941.22	0.8	NonTarget	1	188244
941.305	0.8	NonTarget	1	188261
941.385	0.8	NonTarget	1	188277
941.47	0.8	NonTarget	1	188294
941.555	0.8	NonTarget	1	188311
941.635	0.8	NonTarget	1	188327
941.72	0.8	NonTarget	1	188344
941.805	0.8	NonTarget	1	188361
941.89	0.8	NonTarget	1	188378
941.97	0.8	NonTarget	1	188394
942.055	0.8	NonTarget	1	188411
942.14	0.8	NonTarget	1	188428
942.22	0.8	NonTarget	1	188444
942.305	0.8	NonTarget	1	188461
942.39	0.8	NonTarget	1	188478
942.47	0.8	NonTarget	1	188494
942.56	0.8	NonTarget	1	188512
942.64	0.8	NonTarget	1	188528
942.72	0.8	NonTarget	1	188544
942.805	0.8	NonTarget	1	188561
942.89	0.8	NonTarget	1	188578
942.975	0.8	NonTarget	1	188595
943.055	0.8	Target	2	188611
943.14	0.8	NonTarget	1	188628
943.225	0.8	NonTarget	1	188645
943.31	0.8	NonTarget	1	188662
943.39	0.8	NonTarget	1	188678
943.475	0.8	NonTarget	1	188695
943.875	0.8	NonTarget	1	188775
943.96	0.8	NonTarget	1	188792
944.04	0.8	NonTarget	1	188808
944.125	0.8	NonTarget	1	188825
944.21	0.8	NonTarget	1	188842
944.295	0.8	NonTarget	1	188859
944.375	0.8	NonTarget	1	188875
944.455	0.8	NonTarget	1	188891
944.54	0.8	NonTarget	1	188908
944.625	0.8	NonTarget	1	188925
944.71	0.8	NonTarget	1	188942
944.79	0.8	NonTarget	1	188958
944.875	0.8	NonTarget	1	188975
944.96	0.8	NonTarget	1	188992
945.04	0.8	NonTarget	1	189008
945.125	0.8	NonTarget	1	189025
945.21	0.8	NonTarget	1	189042
945.295	0.8	NonTarget	1	189059
945.375	0.8	NonTarget	1	189075
945.46	0.8	NonTarget	1	189092
945.545	0.8	NonTarget	1	189109
945.625	0.8	NonTarget	1	189125
945.71	0.8	NonTarget	1	189142
945.795	0.8	NonTarget	1	189159
945.88	0.8	Target	2	189176
945.96	0.8	NonTarget	1	189192
946.045	0.8	NonTarget	1	189209
946.125	0.8	NonTarget	1	189225
946.21	0.8	NonTarget	1	189242
946.295	0.8	NonTarget	1	189259
946.695	0.8	NonTarget	1	189339
946.78	0.8	NonTarget	1	189356
946.86	0.8	NonTarget	1	189372
946.945	0.8	NonTarget	1	189389
947.03	0.8	NonTarget	1	189406
947.11	0.8	NonTarget	1	189422
947.195	0.8	NonTarget	1	189439
947.28	0.8	NonTarget	1	189456
947.36	0.8	NonTarget	1	189472
947.445	0.8	NonTarget	1	189489
947.53	0.8	NonTarget	1	189506
947.61	0.8	NonTarget	1	189522
947.695	0.8	NonTarget	1	189539
947.78	0.8	NonTarget	1	189556
947.865	0.8	NonTarget	1	189573
947.945	0.8	NonTarget	1	189589
948.03	0.8	NonTarget	1	189606
948.115	0.8	NonTarget	1	189623
948.195	0.8	NonTarget	1	189639
948.28	0.8	Target	2	189656
948.365	0.8	NonTarget	1	189673
948.445	0.8	NonTarget	1	189689
948.53	0.8	NonTarget	1	189706
948.615	0.8	NonTarget	1	189723
948.695	0.8	NonTarget	1	189739
948.78	0.8	NonTarget	1	189756
948.865	0.8	NonTarget	1	189773
948.95	0.8	NonTarget	1	189790
949.03	0.8	NonTarget	1	189806
949.115	0.8	NonTarget	1	189823
949.515	0.8	NonTarget	1	189903
949.6	0.8	NonTarget	1	189920
949.68	0.8	NonTarget	1	189936
949.765	0.8	NonTarget	1	189953
949.85	0.8	Target	2	189970
949.93	0.8	NonTarget	1	189986
950.015	0.8	NonTarget	1	190003
950.1	0.8	NonTarget	1	190020
950.185	0.8	NonTarget	1	190037
950.265	0.8	NonTarget	1	190053
950.35	0.8	NonTarget	1	190070
950.435	0.8	NonTarget	1	190087
950.52	0.8	NonTarget	1	190104
950.6	0.8	NonTarget	1	190120
950.685	0.8	NonTarget	1	190137
950.765	0.8	NonTarget	1	190153
950.85	0.8	NonTarget	1	190170
950.935	0.8	NonTarget	1	190187
951.02	0.8	NonTarget	1	190204
951.1	0.8	NonTarget	1	190220
951.185	0.8	NonTarget	1	190237
951.27	0.8	NonTarget	1	190254
951.355	0.8	NonTarget	1	190271
951.435	0.8	NonTarget	1	190287
951.52	0.8	NonTarget	1	190304
951.605	0.8	NonTarget	1	190321
951.685	0.8	NonTarget	1	190337
951.77	0.8	NonTarget	1	190354
951.855	0.8	NonTarget	1	190371
951.935	0.8	NonTarget	1	190387
952.335	0.8	NonTarget	1	190467
952.42	0.8	NonTarget	1	190484
952.505	0.8	NonTarget	1	190501
952.585	0.8	NonTarget	1	190517
952.67	0.8	NonTarget	1	190534
952.755	0.8	NonTarget	1	190551
952.835	0.8	NonTarget	1	190567
952.92	0.8	NonTarget	1	190584
953.005	0.8	NonTarget	1	190601
953.085	0.8	NonTarget	1	190617
953.17	0.8	NonTarget	1	190634
953.255	0.8	NonTarget	1	190651
953.34	0.8	NonTarget	1	190668
953.42	0.8	NonTarget	1	190684
953.505	0.8	NonTarget	1	190701
953.59	0.8	NonTarget	1	190718
953.675	0.8	NonTarget	1	190735
953.755	0.8	NonTarget	1	190751
953.84	0.8	NonTarget	1	190768
953.925	0.8	NonTarget	1	190785
954.005	0.8	NonTarget	1	190801
954.09	0.8	NonTarget	1	190818
954.17	0.8	NonTarget	1	190834
954.255	0.8	NonTarget	1	190851
954.34	0.8	Target	2	190868
954.425	0.8	NonTarget	1	190885
954.505	0.8	NonTarget	1	190901
954.59	0.8	NonTarget	1	190918
954.675	0.8	NonTarget	1	190935
954.755	0.8	NonTarget	1	190951
955.155	0.8	NonTarget	1	191031
955.24	0.8	NonTarget	1	191048
955.325	0.8	NonTarget	1	191065
955.405	0.8	NonTarget	1	191081
955.49	0.8	Target	2	191098
955.575	0.8	NonTarget	1	191115
955.655	0.8	NonTarget	1	191131
955.74	0.8	NonTarget	1	191148
955.825	0.8	NonTarget	1	191165
955.905	0.8	NonTarget	1	191181
955.99	0.8	NonTarget	1	191198
956.075	0.8	NonTarget	1	191215
956.16	0.8	NonTarget	1	191232
956.24	0.8	NonTarget	1	191248
956.325	0.8	NonTarget	1	191265
956.41	0.8	NonTarget	1	191282
956.49	0.8	NonTarget	1	191298
956.575	0.8	NonTarget	1	191315
956.66	0.8	NonTarget	1	191332
956.745	0.8	NonTarget	1	191349
956.825	0.8	NonTarget	1	191365
956.91	0.8	NonTarget	1	191382
956.995	0.8	NonTarget	1	191399
957.075	0.8	NonTarget	1	191415
957.16	0.8	NonTarget	1	191432
957.24	0.8	NonTarget	1	191448
957.325	0.8	NonTarget	1	191465
957.41	0.8	NonTarget	1	191482
957.495	0.8	NonTarget	1	191499
957.575	0.8	NonTarget	1	191515
967.68	0.8	NonTarget	1	193536
967.755	0.8	NonTarget	1	193551
967.84	0.8	Target	2	193568
967.925	0.8	NonTarget	1	193585
968.01	0.8	NonTarget	1	193602
968.09	0.8	NonTarget	1	193618
968.175	0.8	NonTarget	1	193635
968.26	0.8	NonTarget	1	193652
968.34	0.8	NonTarget	1	193668
968.425	0.8	NonTarget	1	193685
968.51	0.8	NonTarget	1	193702
968.595	0.8	NonTarget	1	193719
968.675	0.8	NonTarget	1	193735
968.76	0.8	NonTarget	1	193752
968.845	0.8	NonTarget	1	193769
968.925	0.8	NonTarget	1	193785
969.01	0.8	NonTarget	1	193802
969.095	0.8	NonTarget	1	193819
969.175	0.8	NonTarget	1	193835
969.26	0.8	NonTarget	1	193852
969.345	0.8	NonTarget	1	193869
969.43	0.8	NonTarget	1	193886
969.51	0.8	NonTarget	1	193902
969.595	0.8	NonTarget	1	193919
969.675	0.8	NonTarget	1	193935
969.76	0.8	NonTarget	1	193952
969.845	0.8	NonTarget	1	193969
969.925	0.8	NonTarget	1	193985
970.01	0.8	NonTarget	1	194002
970.095	0.8	NonTarget	1	194019
970.495	0.8	NonTarget	1	194099
970.58	0.8	NonTarget	1	194116
970.665	0.8	NonTarget	1	194133
970.745	0.8	NonTarget	1	194149
970.83	0.8	NonTarget	1	194166
970.91	0.8	NonTarget	1	194182
970.995	0.8	NonTarget	1	194199
971.08	0.8	NonTarget	1	194216
971.16	0.8	NonTarget	1	194232
971.245	0.8	NonTarget	1	194249
971.33	0.8	NonTarget	1	194266
971.415	0.8	NonTarget	1	194283
971.5	0.8	NonTarget	1	194300
971.58	0.8	NonTarget	1	194316
971.665	0.8	NonTarget	1	194333
971.75	0.8	NonTarget	1	194350
971.83	0.8	NonTarget	1	194366
971.915	0.8	NonTarget	1	194383
971.995	0.8	NonTarget	1	194399
972.08	0.8	NonTarget	1	194416
972.165	0.8	NonTarget	1	194433
972.245	0.8	NonTarget	1	194449
972.33	0.8	Target	2	194466
972.415	0.8	NonTarget	1	194483
972.5	0.8	NonTarget	1	194500
972.58	0.8	NonTarget	1	194516
972.665	0.8	NonTarget	1	194533
972.75	0.8	NonTarget	1	194550
972.835	0.8	NonTarget	1	194567
972.915	0.8	NonTarget	1	194583
973.315	0.8	NonTarget	1	194663
973.4	0.8	NonTarget	1	194680
973.48	0.8	NonTarget	1	194696
973.565	0.8	NonTarget	1	194713
973.65	0.8	NonTarget	1	194730
973.735	0.8	NonTarget	1	194747
973.815	0.8	NonTarget	1	194763
973.9	0.8	NonTarget	1	194780
973.985	0.8	NonTarget	1	194797
974.065	0.8	NonTarget	1	194813
974.15	0.8	NonTarget	1	194830
974.235	0.8	NonTarget	1	194847
974.32	0.8	Target	2	194864
974.4	0.8	NonTarget	1	194880
974.485	0.8	NonTarget	1	194897
974.57	0.8	NonTarget	1	194914
974.65	0.8	NonTarget	1	194930
974.735	0.8	NonTarget	1	194947
974.82	0.8	NonTarget	1	194964
974.9	0.8	NonTarget	1	194980
974.985	0.8	NonTarget	1	194997
975.07	0.8	NonTarget	1	195014
975.15	0.8	NonTarget	1	195030
975.235	0.8	NonTarget	1	195047
975.32	0.8	NonTarget	1	195064
975.4	0.8	NonTarget	1	195080
975.485	0.8	NonTarget	1	195097
975.57	0.8	NonTarget	1	195114
975.65	0.8	NonTarget	1	195130
975.735	0.8	NonTarget	1	195147
976.135	0.8	NonTarget	1	195227
976.22	0.8	NonTarget	1	195244
976.305	0.8	NonTarget	1	195261
976.385	0.8	NonTarget	1	195277
976.47	0.8	NonTarget	1	195294
976.555	0.8	NonTarget	1	195311
976.635	0.8	NonTarget	1	195327
976.72	0.8	NonTarget	1	195344
976.805	0.8	NonTarget	1	195361
976.885	0.8	NonTarget	1	195377
976.97	0.8	NonTarget	1	195394
977.055	0.8	NonTarget	1	195411
977.14	0.8	NonTarget	1	195428
977.22	0.8	NonTarget	1	195444
977.305	0.8	NonTarget	1	195461
977.39	0.8	NonTarget	1	195478
977.47	0.8	NonTarget	1	195494
977.555	0.8	Target	2	195511
977.64	0.8	NonTarget	1	195528
977.72	0.8	NonTarget	1	195544
977.805	0.8	NonTarget	1	195561
977.89	0.8	NonTarget	1	195578
977.97	0.8	NonTarget	1	195594
978.055	0.8	NonTarget	1	195611
978.14	0.8	NonTarget	1	195628
978.225	0.8	NonTarget	1	195645
978.31	0.8	NonTarget	1	195662
978.39	0.8	NonTarget	1	195678
978.475	0.8	NonTarget	1	195695
978.56	0.8	NonTarget	1	195712
978.955	0.8	NonTarget	1	195791
979.04	0.8	NonTarget	1	195808
979.125	0.8	NonTarget	1	195825
979.205	0.8	NonTarget	1	195841
979.29	0.8	NonTarget	1	195858
979.375	0.8	NonTarget	1	195875
979.46	0.8	NonTarget	1	195892
979.54	0.8	NonTarget	1	195908
979.625	0.8	NonTarget	1	195925
979.71	0.8	NonTarget	1	195942
979.795	0.8	NonTarget	1	195959
979.875	0.8	NonTarget	1	195975
979.96	0.8	NonTarget	1	195992
980.045	0.8	NonTarget	1	196009
980.125	0.8	NonTarget	1	196025
980.21	0.8	NonTarget	1	196042
980.295	0.8	NonTarget	1	196059
980.375	0.8	NonTarget	1	196075
980.46	0.8	NonTarget	1	196092
980.545	0.8	NonTarget	1	196109
980.625	0.8	NonTarget	1	196125
980.71	0.8	NonTarget	1	196142
980.795	0.8	NonTarget	1	196159
980.875	0.8	NonTarget	1	196175
980.96	0.8	NonTarget	1	196192
981.045	0.8	NonTarget	1	196209
981.125	0.8	NonTarget	1	196225
981.21	0.8	Target	2	196242
981.295	0.8	NonTarget	1	196259
981.38	0.8	NonTarget	1	196276
981.78	0.8	NonTarget	1	196356
981.86	0.8	NonTarget	1	196372
981.945	0.8	Target	2	196389
982.03	0.8	NonTarget	1	196406
982.11	0.8	NonTarget	1	196422
982.195	0.8	NonTarget	1	196439
982.28	0.8	NonTarget	1	196456
982.36	0.8	NonTarget	1	196472
982.445	0.8	NonTarget	1	196489
982.53	0.8	NonTarget	1	196506
982.61	0.8	NonTarget	1	196522
982.695	0.8	NonTarget	1	196539
982.78	0.8	NonTarget	1	196556
982.865	0.8	NonTarget	1	196573
982.95	0.8	NonTarget	1	196590
983.03	0.8	NonTarget	1	196606
983.115	0.8	NonTarget	1	196623
983.195	0.8	NonTarget	1	196639
983.28	0.8	NonTarget	1	196656
983.365	0.8	NonTarget	1	196673
983.445	0.8	NonTarget	1	196689
983.53	0.8	NonTarget	1	196706
983.615	0.8	NonTarget	1	196723
983.7	0.8	NonTarget	1	196740
983.78	0.8	NonTarget	1	196756
983.865	0.8	NonTarget	1	196773
983.95	0.8	NonTarget	1	196790
984.03	0.8	NonTarget	1	196806
984.115	0.8	NonTarget	1	196823
984.2	0.8	NonTarget	1	196840
984.6	0.8	NonTarget	1	196920
984.685	0.8	NonTarget	1	196937
984.765	0.8	NonTarget	1	196953
984.85	0.8	NonTarget	1	196970
984.93	0.8	NonTarget	1	196986
985.015	0.8	NonTarget	1	197003
985.1	0.8	NonTarget	1	197020
985.185	0.8	NonTarget	1	197037
985.27	0.8	NonTarget	1	197054
985.35	0.8	NonTarget	1	197070
985.435	0.8	NonTarget	1	197087
985.515	0.8	NonTarget	1	197103
985.6	0.8	NonTarget	1	197120
985.685	0.8	NonTarget	1	197137
985.765	0.8	NonTarget	1	197153
985.85	0.8	NonTarget	1	197170
985.935	0.8	NonTarget	1	197187
986.015	0.8	NonTarget	1	197203
986.1	0.8	NonTarget	1	197220
986.185	0.8	NonTarget	1	197237
986.27	0.8	NonTarget	1	197254
986.35	0.8	NonTarget	1	197270
986.435	0.8	NonTarget	1	197287
986.52	0.8	NonTarget	1	197304
986.605	0.8	NonTarget	1	197321
986.685	0.8	NonTarget	1	197337
986.765	0.8	NonTarget	1	197353
986.85	0.8	Target	2	197370
986.935	0.8	NonTarget	1	197387
987.02	0.8	NonTarget	1	197404
987.42	0.8	NonTarget	1	197484
987.5	0.8	NonTarget	1	197500
987.585	0.8	NonTarget	1	197517
987.67	0.8	NonTarget	1	197534
987.755	0.8	NonTarget	1	197551
987.835	0.8	NonTarget	1	197567
987.92	0.8	NonTarget	1	197584
988.005	0.8	NonTarget	1	197601
988.085	0.8	NonTarget	1	197617
988.17	0.8	NonTarget	1	197634
988.255	0.8	NonTarget	1	197651
988.34	0.8	NonTarget	1	197668
988.42	0.8	Target	2	197684
988.505	0.8	NonTarget	1	197701
988.59	0.8	NonTarget	1	197718
988.67	0.8	NonTarget	1	197734
988.755	0.8	NonTarget	1	197751
988.84	0.8	NonTarget	1	197768
988.92	0.8	NonTarget	1	197784
989.005	0.8	NonTarget	1	197801
989.09	0.8	NonTarget	1	197818
989.17	0.8	NonTarget	1	197834
989.255	0.8	NonTarget	1	197851
989.34	0.8	NonTarget	1	197868
989.42	0.8	NonTarget	1	197884
989.505	0.8	NonTarget	1	197901
989.59	0.8	NonTarget	1	197918
989.675	0.8	NonTarget	1	197935
989.755	0.8	NonTarget	1	197951
989.84	0.8	NonTarget	1	197968
990.24	0.8	NonTarget	1	198048
990.325	0.8	NonTarget	1	198065
990.405	0.8	NonTarget	1	198081
990.49	0.8	NonTarget	1	198098
990.575	0.8	NonTarget	1	198115
990.655	0.8	NonTarget	1	198131
990.74	0.8	NonTarget	1	198148
990.825	0.8	NonTarget	1	198165
990.91	0.8	NonTarget	1	198182
990.99	0.8	NonTarget	1	198198
991.075	0.8	NonTarget	1	198215
991.155	0.8	NonTarget	1	198231
991.24	0.8	NonTarget	1	198248
991.325	0.8	NonTarget	1	198265
991.41	0.8	NonTarget	1	198282
991.49	0.8	NonTarget	1	198298
991.575	0.8	NonTarget	1	198315
991.66	0.8	Target	2	198332
991.74	0.8	NonTarget	1	198348
991.83	0.8	NonTarget	1	198366
991.91	0.8	NonTarget	1	198382
991.99	0.8	NonTarget	1	198398
992.075	0.8	NonTarget	1	198415
992.16	0.8	NonTarget	1	198432
992.24	0.8	NonTarget	1	198448
992.325	0.8	NonTarget	1	198465
992.41	0.8	NonTarget	1	198482
992.495	0.8	NonTarget	1	198499
992.575	0.8	NonTarget	1	198515
992.66	0.8	NonTarget	1	198532
993.06	0.8	NonTarget	1	198612
993.145	0.8	NonTarget	1	198629
993.23	0.8	NonTarget	1	198646
993.31	0.8	NonTarget	1	198662
993.395	0.8	NonTarget	1	198679
993.475	0.8	NonTarget	1	198695
993.56	0.8	NonTarget	1	198712
993.645	0.8	NonTarget	1	198729
993.73	0.8	NonTarget	1	198746
993.81	0.8	NonTarget	1	198762
993.895	0.8	NonTarget	1	198779
993.98	0.8	NonTarget	1	198796
994.06	0.8	NonTarget	1	198812
994.145	0.8	NonTarget	1	198829
994.23	0.8	NonTarget	1	198846
994.315	0.8	NonTarget	1	198863
994.395	0.8	NonTarget	1	198879
994.48	0.8	NonTarget	1	198896
994.565	0.8	NonTarget	1	198913
994.645	0.8	NonTarget	1	198929
994.73	0.8	NonTarget	1	198946
994.815	0.8	NonTarget	1	198963
994.895	0.8	Target	2	198979
994.98	0.8	NonTarget	1	198996
995.065	0.8	NonTarget	1	199013
995.15	0.8	NonTarget	1	199030
995.23	0.8	NonTarget	1	199046
995.315	0.8	NonTarget	1	199063
995.4	0.8	NonTarget	1	199080
995.48	0.8	NonTarget	1	199096
1005.565	0.8	NonTarget	1	201113
1005.645	0.8	NonTarget	1	201129
1005.73	0.8	NonTarget	1	201146
1005.81	0.8	Target	2	201162
1005.895	0.8	NonTarget	1	201179
1005.98	0.8	NonTarget	1	201196
1006.06	0.8	NonTarget	1	201212
1006.145	0.8	NonTarget	1	201229
1006.23	0.8	NonTarget	1	201246
1006.31	0.8	NonTarget	1	201262
1006.395	0.8	NonTarget	1	201279
1006.48	0.8	NonTarget	1	201296
1006.56	0.8	NonTarget	1	201312
1006.645	0.8	NonTarget	1	201329
1006.73	0.8	NonTarget	1	201346
1006.815	0.8	NonTarget	1	201363
1006.895	0.8	NonTarget	1	201379
1006.98	0.8	NonTarget	1	201396
1007.065	0.8	NonTarget	1	201413
1007.145	0.8	NonTarget	1	201429
1007.23	0.8	NonTarget	1	201446
1007.315	0.8	NonTarget	1	201463
1007.4	0.8	NonTarget	1	201480
1007.48	0.8	NonTarget	1	201496
1007.565	0.8	NonTarget	1	201513
1007.645	0.8	NonTarget	1	201529
1007.73	0.8	NonTarget	1	201546
1007.815	0.8	NonTarget	1	201563
1007.9	0.8	NonTarget	1	201580
1007.98	0.8	NonTarget	1	201596
1008.385	0.8	NonTarget	1	201677
1008.465	0.8	NonTarget	1	201693
1008.55	0.8	NonTarget	1	201710
1008.635	0.8	NonTarget	1	201727
1008.715	0.8	NonTarget	1	201743
1008.8	0.8	NonTarget	1	201760
1008.88	0.8	NonTarget	1	201776
1008.965	0.8	NonTarget	1	201793
1009.05	0.8	Target	2	201810
1009.135	0.8	NonTarget	1	201827
1009.215	0.8	NonTarget	1	201843
1009.3	0.8	NonTarget	1	201860
1009.385	0.8	NonTarget	1	201877
1009.47	0.8	NonTarget	1	201894
1009.55	0.8	NonTarget	1	201910
1009.635	0.8	NonTarget	1	201927
1009.715	0.8	NonTarget	1	201943
1009.8	0.8	NonTarget	1	201960
1009.885	0.8	NonTarget	1	201977
1009.965	0.8	NonTarget	1	201993
1010.05	0.8	NonTarget	1	202010
1010.135	0.8	NonTarget	1	202027
1010.22	0.8	NonTarget	1	202044
1010.305	0.8	NonTarget	1	202061
1010.385	0.8	NonTarget	1	202077
1010.47	0.8	NonTarget	1	202094
1010.55	0.8	NonTarget	1	202110
1010.635	0.8	NonTarget	1	202127
1010.72	0.8	NonTarget	1	202144
1010.805	0.8	NonTarget	1	202161
1011.205	0.8	NonTarget	1	202241
1011.285	0.8	NonTarget	1	202257
1011.37	0.8	NonTarget	1	202274
1011.455	0.8	NonTarget	1	202291
1011.535	0.8	NonTarget	1	202307
1011.62	0.8	NonTarget	1	202324
1011.705	0.8	NonTarget	1	202341
1011.785	0.8	NonTarget	1	202357
1011.87	0.8	Target	2	202374
1011.955	0.8	NonTarget	1	202391
1012.035	0.8	NonTarget	1	202407
1012.12	0.8	NonTarget	1	202424
1012.205	0.8	NonTarget	1	202441
1012.29	0.8	NonTarget	1	202458
1012.37	0.8	NonTarget	1	202474
1012.455	0.8	NonTarget	1	202491
1012.54	0.8	NonTarget	1	202508
1012.62	0.8	NonTarget	1	202524
1012.705	0.8	NonTarget	1	202541
1012.79	0.8	NonTarget	1	202558
1012.875	0.8	NonTarget	1	202575
1012.955	0.8	NonTarget	1	202591
1013.04	0.8	NonTarget	1	202608
1013.125	0.8	NonTarget	1	202625
1013.205	0.8	NonTarget	1	202641
1013.29	0.8	NonTarget	1	202658
1013.375	0.8	NonTarget	1	202675
1013.455	0.8	NonTarget	1	202691
1013.54	0.8	NonTarget	1	202708
1013.625	0.8	NonTarget	1	202725
1014.025	0.8	NonTarget	1	202805
1014.105	0.8	NonTarget	1	202821
1014.19	0.8	NonTarget	1	202838
1014.275	0.8	NonTarget	1	202855
1014.36	0.8	NonTarget	1	202872
1014.44	0.8	NonTarget	1	202888
1014.525	0.8	NonTarget	1	202905
1014.605	0.8	NonTarget	1	202921
1014.69	0.8	Target	2	202938
1014.775	0.8	NonTarget	1	202955
1014.86	0.8	NonTarget	1	202972
1014.94	0.8	NonTarget	1	202988
1015.025	0.8	NonTarget	1	203005
1015.11	0.8	NonTarget	1	203022
1015.195	0.8	NonTarget	1	203039
1015.275	0.8	NonTarget	1	203055
1015.36	0.8	NonTarget	1	203072
1015.445	0.8	NonTarget	1	203089
1015.525	0.8	NonTarget	1	203105
1015.61	0.8	NonTarget	1	203122
1015.695	0.8	NonTarget	1	203139
1015.775	0.8	NonTarget	1	203155
1015.86	0.8	NonTarget	1	203172
1015.945	0.8	NonTarget	1	203189
1016.025	0.8	NonTarget	1	203205
1016.11	0.8	NonTarget	1	203222
1016.195	0.8	NonTarget	1	203239
1016.275	0.8	NonTarget	1	203255
1016.36	0.8	NonTarget	1	203272
1016.44	0.8	NonTarget	1	203288
1016.845	0.8	NonTarget	1	203369
1016.93	0.8	NonTarget	1	203386
1017.01	0.8	NonTarget	1	203402
1017.095	0.8	NonTarget	1	203419
1017.175	0.8	NonTarget	1	203435
1017.265	0.8	NonTarget	1	203453
1017.345	0.8	NonTarget	1	203469
1017.43	0.8	NonTarget	1	203486
1017.51	0.8	NonTarget	1	203502
1017.595	0.8	NonTarget	1	203519
1017.68	0.8	NonTarget	1	203536
1017.76	0.8	NonTarget	1	203552
1017.845	0.8	NonTarget	1	203569
1017.93	0.8	NonTarget	1	203586
1018.01	0.8	NonTarget	1	203602
1018.095	0.8	NonTarget	1	203619
1018.18	0.8	NonTarget	1	203636
1018.265	0.8	NonTarget	1	203653
1018.35	0.8	NonTarget	1	203670
1018.43	0.8	NonTarget	1	203686
1018.515	0.8	NonTarget	1	203703
1018.595	0.8	NonTarget	1	203719
1018.68	0.8	NonTarget	1	203736
1018.765	0.8	Target	2	203753
1018.845	0.8	NonTarget	1	203769
1018.93	0.8	NonTarget	1	203786
1019.015	0.8	NonTarget	1	203803
1019.1	0.8	NonTarget	1	203820
1019.185	0.8	NonTarget	1	203837
1019.265	0.8	NonTarget	1	203853
1019.665	0.8	NonTarget	1	203933
1019.75	0.8	NonTarget	1	203950
1019.83	0.8	NonTarget	1	203966
1019.915	0.8	NonTarget	1	203983
1020.0	0.8	NonTarget	1	204000
1020.085	0.8	NonTarget	1	204017
1020.165	0.8	NonTarget	1	204033
1020.25	0.8	NonTarget	1	204050
1020.33	0.8	NonTarget	1	204066
1020.415	0.8	NonTarget	1	204083
1020.5	0.8	NonTarget	1	204100
1020.585	0.8	NonTarget	1	204117
1020.665	0.8	NonTarget	1	204133
1020.75	0.8	NonTarget	1	204150
1020.835	0.8	NonTarget	1	204167
1020.92	0.8	NonTarget	1	204184
1021.0	0.8	NonTarget	1	204200
1021.085	0.8	NonTarget	1	204217
1021.165	0.8	NonTarget	1	204233
1021.25	0.8	NonTarget	1	204250
1021.335	0.8	NonTarget	1	204267
1021.415	0.8	NonTarget	1	204283
1021.5	0.8	NonTarget	1	204300
1021.585	0.8	Target	2	204317
1021.665	0.8	NonTarget	1	204333
1021.75	0.8	NonTarget	1	204350
1021.835	0.8	NonTarget	1	204367
1021.92	0.8	NonTarget	1	204384
1022.0	0.8	NonTarget	1	204400
1022.085	0.8	NonTarget	1	204417
1022.485	0.8	NonTarget	1	204497
1022.57	0.8	NonTarget	1	204514
1022.65	0.8	NonTarget	1	204530
1022.74	0.8	NonTarget	1	204548
1022.82	0.8	NonTarget	1	204564
1022.905	0.8	NonTarget	1	204581
1022.985	0.8	NonTarget	1	204597
1023.07	0.8	NonTarget	1	204614
1023.155	0.8	NonTarget	1	204631
1023.235	0.8	NonTarget	1	204647
1023.32	0.8	NonTarget	1	204664
1023.405	0.8	NonTarget	1	204681
1023.485	0.8	NonTarget	1	204697
1023.57	0.8	NonTarget	1	204714
1023.655	0.8	NonTarget	1	204731
1023.74	0.8	NonTarget	1	204748
1023.82	0.8	NonTarget	1	204764
1023.905	0.8	NonTarget	1	204781
1023.99	0.8	NonTarget	1	204798
1024.07	0.8	NonTarget	1	204814
1024.155	0.8	NonTarget	1	204831
1024.24	0.8	NonTarget	1	204848
1024.32	0.8	NonTarget	1	204864
1024.405	0.8	Target	2	204881
1024.49	0.8	NonTarget	1	204898
1024.57	0.8	NonTarget	1	204914
1024.655	0.8	NonTarget	1	204931
1024.74	0.8	NonTarget	1	204948
1024.825	0.8	NonTarget	1	204965
1024.91	0.8	NonTarget	1	204982
1025.305	0.8	NonTarget	1	205061
1025.39	0.8	NonTarget	1	205078
1025.475	0.8	NonTarget	1	205095
1025.555	0.8	NonTarget	1	205111
1025.64	0.8	NonTarget	1	205128
1025.725	0.8	NonTarget	1	205145
1025.805	0.8	NonTarget	1	205161
1025.89	0.8	NonTarget	1	205178
1025.975	0.8	NonTarget	1	205195
1026.055	0.8	NonTarget	1	205211
1026.14	0.8	NonTarget	1	205228
1026.225	0.8	NonTarget	1	205245
1026.31	0.8	NonTarget	1	205262
1026.39	0.8	Target	2	205278
1026.475	0.8	NonTarget	1	205295
1026.56	0.8	NonTarget	1	205312
1026.64	0.8	NonTarget	1	205328
1026.725	0.8	NonTarget	1	205345
1026.81	0.8	NonTarget	1	205362
1026.89	0.8	NonTarget	1	205378
1026.975	0.8	NonTarget	1	205395
1027.06	0.8	NonTarget	1	205412
1027.14	0.8	NonTarget	1	205428
1027.23	0.8	NonTarget	1	205446
1027.31	0.8	NonTarget	1	205462
1027.39	0.8	NonTarget	1	205478
1027.475	0.8	NonTarget	1	205495
1027.56	0.8	NonTarget	1	205512
1027.645	0.8	NonTarget	1	205529
1027.725	0.8	NonTarget	1	205545
1028.125	0.8	NonTarget	1	205625
1028.21	0.8	NonTarget	1	205642
1028.29	0.8	NonTarget	1	205658
1028.38	0.8	NonTarget	1	205676
1028.46	0.8	NonTarget	1	205692
1028.545	0.8	NonTarget	1	205709
1028.63	0.8	NonTarget	1	205726
1028.71	0.8	NonTarget	1	205742
1028.795	0.8	NonTarget	1	205759
1028.875	0.8	NonTarget	1	205775
1028.96	0.8	NonTarget	1	205792
1029.045	0.8	NonTarget	1	205809
1029.13	0.8	NonTarget	1	205826
1029.21	0.8	Target	2	205842
1029.295	0.8	NonTarget	1	205859
1029.38	0.8	NonTarget	1	205876
1029.465	0.8	NonTarget	1	205893
1029.545	0.8	NonTarget	1	205909
1029.63	0.8	NonTarget	1	205926
1029.715	0.8	NonTarget	1	205943
1029.795	0.8	NonTarget	1	205959
1029.88	0.8	NonTarget	1	205976
1029.96	0.8	NonTarget	1	205992
1030.045	0.8	NonTarget	1	206009
1030.13	0.8	NonTarget	1	206026
1030.215	0.8	NonTarget	1	206043
1030.295	0.8	NonTarget	1	206059
1030.38	0.8	NonTarget	1	206076
1030.465	0.8	NonTarget	1	206093
1030.55	0.8	NonTarget	1	206110
1030.95	0.8	NonTarget	1	206190
1031.03	0.8	NonTarget	1	206206
1031.115	0.8	NonTarget	1	206223
1031.2	0.8	NonTarget	1	206240
1031.28	0.8	NonTarget	1	206256
1031.365	0.8	NonTarget	1	206273
1031.45	0.8	NonTarget	1	206290
1031.53	0.8	NonTarget	1	206306
1031.615	0.8	NonTarget	1	206323
1031.7	0.8	NonTarget	1	206340
1031.785	0.8	NonTarget	1	206357
1031.865	0.8	NonTarget	1	206373
1031.95	0.8	NonTarget	1	206390
1032.035	0.8	NonTarget	1	206407
1032.115	0.8	NonTarget	1	206423
1032.2	0.8	NonTarget	1	206440
1032.28	0.8	NonTarget	1	206456
1032.365	0.8	NonTarget	1	206473
1032.45	0.8	Target	2	206490
1032.535	0.8	NonTarget	1	206507
1032.615	0.8	NonTarget	1	206523
1032.7	0.8	NonTarget	1	206540
1032.785	0.8	NonTarget	1	206557
1032.87	0.8	NonTarget	1	206574
1032.95	0.8	NonTarget	1	206590
1033.035	0.8	NonTarget	1	206607
1033.115	0.8	NonTarget	1	206623
1033.2	0.8	NonTarget	1	206640
1033.285	0.8	NonTarget	1	206657
1033.365	0.8	NonTarget	1	206673
1043.435	0.8	NonTarget	1	208687
1043.515	0.8	NonTarget	1	208703
1043.6	0.8	NonTarget	1	208720
1043.68	0.8	NonTarget	1	208736
1043.765	0.8	NonTarget	1	208753
1043.85	0.8	NonTarget	1	208770
1043.93	0.8	NonTarget	1	208786
1044.015	0.8	NonTarget	1	208803
1044.1	0.8	NonTarget	1	208820
1044.185	0.8	NonTarget	1	208837
1044.265	0.8	NonTarget	1	208853
1044.35	0.8	NonTarget	1	208870
1044.435	0.8	NonTarget	1	208887
1044.515	0.8	NonTarget	1	208903
1044.6	0.8	NonTarget	1	208920
1044.685	0.8	NonTarget	1	208937
1044.765	0.8	NonTarget	1	208953
1044.85	0.8	Target	2	208970
1044.935	0.8	NonTarget	1	208987
1045.02	0.8	NonTarget	1	209004
1045.1	0.8	NonTarget	1	209020
1045.185	0.8	NonTarget	1	209037
1045.27	0.8	NonTarget	1	209054
1045.35	0.8	NonTarget	1	209070
1045.435	0.8	NonTarget	1	209087
1045.515	0.8	NonTarget	1	209103
1045.605	0.8	NonTarget	1	209121
1045.685	0.8	NonTarget	1	209137
1045.77	0.8	NonTarget	1	209154
1045.85	0.8	NonTarget	1	209170
1046.255	0.8	NonTarget	1	209251
1046.335	0.8	NonTarget	1	209267
1046.42	0.8	NonTarget	1	209284
1046.505	0.8	NonTarget	1	209301
1046.585	0.8	NonTarget	1	209317
1046.67	0.8	NonTarget	1	209334
1046.755	0.8	NonTarget	1	209351
1046.835	0.8	NonTarget	1	209367
1046.92	0.8	NonTarget	1	209384
1047.0	0.8	NonTarget	1	209400
1047.09	0.8	NonTarget	1	209418
1047.17	0.8	NonTarget	1	209434
1047.255	0.8	Target	2	209451
1047.34	0.8	NonTarget	1	209468
1047.42	0.8	NonTarget	1	209484
1047.505	0.8	NonTarget	1	209501
1047.59	0.8	NonTarget	1	209518
1047.67	0.8	NonTarget	1	209534
1047.755	0.8	NonTarget	1	209551
1047.84	0.8	NonTarget	1	209568
1047.92	0.8	NonTarget	1	209584
1048.005	0.8	NonTarget	1	209601
1048.09	0.8	NonTarget	1	209618
1048.17	0.8	NonTarget	1	209634
1048.255	0.8	NonTarget	1	209651
1048.34	0.8	NonTarget	1	209668
1048.42	0.8	NonTarget	1	209684
1048.505	0.8	NonTarget	1	209701
1048.59	0.8	NonTarget	1	209718
1048.675	0.8	NonTarget	1	209735
1049.075	0.8	NonTarget	1	209815
1049.155	0.8	NonTarget	1	209831
1049.24	0.8	NonTarget	1	209848
1049.325	0.8	NonTarget	1	209865
1049.405	0.8	NonTarget	1	209881
1049.49	0.8	NonTarget	1	209898
1049.575	0.8	NonTarget	1	209915
1049.66	0.8	NonTarget	1	209932
1049.74	0.8	NonTarget	1	209948
1049.825	0.8	NonTarget	1	209965
1049.91	0.8	NonTarget	1	209982
1049.99	0.8	NonTarget	1	209998
1050.075	0.8	NonTarget	1	210015
1050.16	0.8	NonTarget	1	210032
1050.24	0.8	NonTarget	1	210048
1050.325	0.8	NonTarget	1	210065
1050.41	0.8	NonTarget	1	210082
1050.49	0.8	NonTarget	1	210098
1050.575	0.8	NonTarget	1	210115
1050.66	0.8	NonTarget	1	210132
1050.745	0.8	NonTarget	1	210149
1050.825	0.8	NonTarget	1	210165
1050.91	0.8	NonTarget	1	210182
1050.995	0.8	NonTarget	1	210199
1051.075	0.8	NonTarget	1	210215
1051.16	0.8	NonTarget	1	210232
1051.245	0.8	NonTarget	1	210249
1051.325	0.8	Target	2	210265
1051.41	0.8	NonTarget	1	210282
1051.495	0.8	NonTarget	1	210299
1051.895	0.8	NonTarget	1	210379
1051.98	0.8	NonTarget	1	210396
1052.06	0.8	NonTarget	1	210412
1052.145	0.8	NonTarget	1	210429
1052.225	0.8	NonTarget	1	210445
1052.31	0.8	NonTarget	1	210462
1052.395	0.8	NonTarget	1	210479
1052.48	0.8	NonTarget	1	210496
1052.56	0.8	NonTarget	1	210512
1052.645	0.8	NonTarget	1	210529
1052.73	0.8	NonTarget	1	210546
1052.81	0.8	NonTarget	1	210562
1052.895	0.8	Target	2	210579
1052.98	0.8	NonTarget	1	210596
1053.065	0.8	NonTarget	1	210613
1053.145	0.8	NonTarget	1	210629
1053.23	0.8	NonTarget	1	210646
1053.315	0.8	NonTarget	1	210663
1053.4	0.8	NonTarget	1	210680
1053.48	0.8	NonTarget	1	210696
1053.56	0.8	NonTarget	1	210712
1053.645	0.8	NonTarget	1	210729
1053.73	0.8	NonTarget	1	210746
1053.815	0.8	NonTarget	1	210763
1053.9	0.8	NonTarget	1	210780
1053.98	0.8	NonTarget	1	210796
1054.065	0.8	NonTarget	1	210813
1054.15	0.8	NonTarget	1	210830
1054.235	0.8	NonTarget	1	210847
1054.315	0.8	NonTarget	1	210863
1054.715	0.8	NonTarget	1	210943
1054.8	0.8	NonTarget	1	210960
1054.88	0.8	NonTarget	1	210976
1054.965	0.8	NonTarget	1	210993
1055.05	0.8	NonTarget	1	211010
1055.13	0.8	NonTarget	1	211026
1055.215	0.8	NonTarget	1	211043
1055.3	0.8	NonTarget	1	211060
1055.38	0.8	NonTarget	1	211076
1055.465	0.8	NonTarget	1	211093
1055.55	0.8	NonTarget	1	211110
1055.635	0.8	NonTarget	1	211127
1055.715	0.8	Target	2	211143
1055.8	0.8	NonTarget	1	211160
1055.88	0.8	NonTarget	1	211176
1055.965	0.8	NonTarget	1	211193
1056.05	0.8	NonTarget	1	211210
1056.135	0.8	NonTarget	1	211227
1056.22	0.8	NonTarget	1	211244
1056.3	0.8	NonTarget	1	211260
1056.385	0.8	NonTarget	1	211277
1056.47	0.8	NonTarget	1	211294
1056.55	0.8	NonTarget	1	211310
1056.635	0.8	NonTarget	1	211327
1056.72	0.8	NonTarget	1	211344
1056.8	0.8	NonTarget	1	211360
1056.885	0.8	NonTarget	1	211377
1056.97	0.8	NonTarget	1	211394
1057.05	0.8	NonTarget	1	211410
1057.135	0.8	NonTarget	1	211427
1057.535	0.8	NonTarget	1	211507
1057.615	0.8	NonTarget	1	211523
1057.7	0.8	NonTarget	1	211540
1057.785	0.8	NonTarget	1	211557
1057.87	0.8	NonTarget	1	211574
1057.95	0.8	NonTarget	1	211590
1058.035	0.8	NonTarget	1	211607
1058.12	0.8	NonTarget	1	211624
1058.2	0.8	NonTarget	1	211640
1058.285	0.8	NonTarget	1	211657
1058.37	0.8	NonTarget	1	211674
1058.455	0.8	NonTarget	1	211691
1058.535	0.8	Target	2	211707
1058.62	0.8	NonTarget	1	211724
1058.705	0.8	NonTarget	1	211741
1058.79	0.8	NonTarget	1	211758
1058.87	0.8	NonTarget	1	211774
1058.955	0.8	NonTarget	1	211791
1059.04	0.8	NonTarget	1	211808
1059.12	0.8	NonTarget	1	211824
1059.205	0.8	NonTarget	1	211841
1059.285	0.8	NonTarget	1	211857
1059.37	0.8	NonTarget	1	211874
1059.455	0.8	NonTarget	1	211891
1059.54	0.8	NonTarget	1	211908
1059.625	0.8	NonTarget	1	211925
1059.705	0.8	NonTarget	1	211941
1059.79	0.8	NonTarget	1	211958
1059.875	0.8	NonTarget	1	211975
1059.955	0.8	NonTarget	1	211991
1060.355	0.8	NonTarget	1	212071
1060.44	0.8	NonTarget	1	212088
1060.525	0.8	NonTarget	1	212105
1060.605	0.8	NonTarget	1	212121
1060.69	0.8	NonTarget	1	212138
1060.775	0.8	NonTarget	1	212155
1060.855	0.8	NonTarget	1	212171
1060.94	0.8	NonTarget	1	212188
1061.025	0.8	NonTarget	1	212205
1061.105	0.8	NonTarget	1	212221
1061.19	0.8	NonTarget	1	212238
1061.275	0.8	NonTarget	1	212255
1061.36	0.8	NonTarget	1	212272
1061.44	0.8	NonTarget	1	212288
1061.525	0.8	NonTarget	1	212305
1061.605	0.8	NonTarget	1	212321
1061.69	0.8	NonTarget	1	212338
1061.775	0.8	Target	2	212355
1061.86	0.8	NonTarget	1	212372
1061.945	0.8	NonTarget	1	212389
1062.025	0.8	NonTarget	1	212405
1062.11	0.8	NonTarget	1	212422
1062.195	0.8	NonTarget	1	212439
1062.275	0.8	NonTarget	1	212455
1062.36	0.8	NonTarget	1	212472
1062.445	0.8	NonTarget	1	212489
1062.525	0.8	NonTarget	1	212505
1062.61	0.8	NonTarget	1	212522
1062.695	0.8	NonTarget	1	212539
1062.78	0.8	NonTarget	1	212556
1063.175	0.8	NonTarget	1	212635
1063.26	0.8	NonTarget	1	212652
1063.345	0.8	NonTarget	1	212669
1063.425	0.8	NonTarget	1	212685
1063.51	0.8	NonTarget	1	212702
1063.595	0.8	NonTarget	1	212719
1063.68	0.8	NonTarget	1	212736
1063.76	0.8	NonTarget	1	212752
1063.845	0.8	NonTarget	1	212769
1063.93	0.8	NonTarget	1	212786
1064.01	0.8	NonTarget	1	212802
1064.095	0.8	NonTarget	1	212819
1064.18	0.8	Target	2	212836
1064.265	0.8	NonTarget	1	212853
1064.35	0.8	NonTarget	1	212870
1064.43	0.8	NonTarget	1	212886
1064.515	0.8	NonTarget	1	212903
1064.595	0.8	NonTarget	1	212919
1064.68	0.8	NonTarget	1	212936
1064.765	0.8	NonTarget	1	212953
1064.845	0.8	NonTarget	1	212969
1064.93	0.8	NonTarget	1	212986
1065.015	0.8	NonTarget	1	213003
1065.095	0.8	NonTarget	1	213019
1065.18	0.8	NonTarget	1	213036
1065.265	0.8	NonTarget	1	213053
1065.35	0.8	NonTarget	1	213070
1065.43	0.8	NonTarget	1	213086
1065.515	0.8	NonTarget	1	213103
1065.6	0.8	NonTarget	1	213120
1065.995	0.8	NonTarget	1	213199
1066.08	0.8	NonTarget	1	213216
1066.165	0.8	NonTarget	1	213233
1066.25	0.8	NonTarget	1	213250
1066.33	0.8	NonTarget	1	213266
1066.415	0.8	NonTarget	1	213283
1066.5	0.8	NonTarget	1	213300
1066.58	0.8	Target	2	213316
1066.665	0.8	NonTarget	1	213333
1066.75	0.8	NonTarget	1	213350
1066.835	0.8	NonTarget	1	213367
1066.915	0.8	NonTarget	1	213383
1067.0	0.8	NonTarget	1	213400
1067.08	0.8	NonTarget	1	213416
1067.165	0.8	NonTarget	1	213433
1067.25	0.8	NonTarget	1	213450
1067.335	0.8	NonTarget	1	213467
1067.415	0.8	NonTarget	1	213483
1067.5	0.8	NonTarget	1	213500
1067.585	0.8	NonTarget	1	213517
1067.67	0.8	NonTarget	1	213534
1067.75	0.8	NonTarget	1	213550
1067.835	0.8	NonTarget	1	213567
1067.92	0.8	NonTarget	1	213584
1068.0	0.8	NonTarget	1	213600
1068.085	0.8	NonTarget	1	213617
1068.17	0.8	NonTarget	1	213634
1068.25	0.8	NonTarget	1	213650
1068.335	0.8	NonTarget	1	213667
1068.42	0.8	NonTarget	1	213684
1068.82	0.8	NonTarget	1	213764
1068.905	0.8	NonTarget	1	213781
1068.985	0.8	NonTarget	1	213797
1069.07	0.8	NonTarget	1	213814
1069.15	0.8	NonTarget	1	213830
1069.235	0.8	NonTarget	1	213847
1069.32	0.8	NonTarget	1	213864
1069.4	0.8	Target	2	213880
1069.485	0.8	NonTarget	1	213897
1069.57	0.8	NonTarget	1	213914
1069.655	0.8	NonTarget	1	213931
1069.735	0.8	NonTarget	1	213947
1069.82	0.8	NonTarget	1	213964
1069.905	0.8	NonTarget	1	213981
1069.99	0.8	NonTarget	1	213998
1070.07	0.8	NonTarget	1	214014
1070.155	0.8	NonTarget	1	214031
1070.24	0.8	NonTarget	1	214048
1070.32	0.8	NonTarget	1	214064
1070.405	0.8	NonTarget	1	214081
1070.485	0.8	NonTarget	1	214097
1070.57	0.8	NonTarget	1	214114
1070.655	0.8	NonTarget	1	214131
1070.74	0.8	NonTarget	1	214148
1070.825	0.8	NonTarget	1	214165
1070.905	0.8	NonTarget	1	214181
1070.99	0.8	NonTarget	1	214198
1071.07	0.8	NonTarget	1	214214
1071.155	0.8	NonTarget	1	214231
1071.24	0.8	NonTarget	1	214248
1081.305	0.8	NonTarget	1	216261
1081.385	0.8	NonTarget	1	216277
1081.47	0.8	NonTarget	1	216294
1081.555	0.8	NonTarget	1	216311
1081.635	0.8	NonTarget	1	216327
1081.72	0.8	NonTarget	1	216344
1081.8	0.8	NonTarget	1	216360
1081.885	0.8	NonTarget	1	216377
1081.97	0.8	NonTarget	1	216394
1082.055	0.8	NonTarget	1	216411
1082.135	0.8	NonTarget	1	216427
1082.22	0.8	NonTarget	1	216444
1082.305	0.8	NonTarget	1	216461
1082.39	0.8	NonTarget	1	216478
1082.47	0.8	NonTarget	1	216494
1082.555	0.8	NonTarget	1	216511
1082.64	0.8	NonTarget	1	216528
1082.72	0.8	NonTarget	1	216544
1082.805	0.8	NonTarget	1	216561
1082.89	0.8	NonTarget	1	216578
1082.97	0.8	NonTarget	1	216594
1083.055	0.8	NonTarget	1	216611
1083.14	0.8	NonTarget	1	216628
1083.225	0.8	NonTarget	1	216645
1083.305	0.8	NonTarget	1	216661
1083.39	0.8	NonTarget	1	216678
1083.47	0.8	NonTarget	1	216694
1083.555	0.8	Target	2	216711
1083.64	0.8	NonTarget	1	216728
1083.725	0.8	NonTarget	1	216745
1084.125	0.8	NonTarget	1	216825
1084.205	0.8	NonTarget	1	216841
1084.29	0.8	NonTarget	1	216858
1084.375	0.8	NonTarget	1	216875
1084.46	0.8	NonTarget	1	216892
1084.54	0.8	NonTarget	1	216908
1084.625	0.8	NonTarget	1	216925
1084.71	0.8	NonTarget	1	216942
1084.79	0.8	NonTarget	1	216958
1084.875	0.8	NonTarget	1	216975
1084.955	0.8	NonTarget	1	216991
1085.04	0.8	NonTarget	1	217008
1085.125	0.8	Target	2	217025
1085.205	0.8	NonTarget	1	217041
1085.29	0.8	NonTarget	1	217058
1085.375	0.8	NonTarget	1	217075
1085.46	0.8	NonTarget	1	217092
1085.54	0.8	NonTarget	1	217108
1085.625	0.8	NonTarget	1	217125
1085.71	0.8	NonTarget	1	217142
1085.795	0.8	NonTarget	1	217159
1085.875	0.8	NonTarget	1	217175
1085.96	0.8	NonTarget	1	217192
1086.04	0.8	NonTarget	1	217208
1086.125	0.8	NonTarget	1	217225
1086.21	0.8	NonTarget	1	217242
1086.29	0.8	NonTarget	1	217258
1086.375	0.8	NonTarget	1	217275
1086.46	0.8	NonTarget	1	217292
1086.545	0.8	NonTarget	1	217309
1086.94	0.8	NonTarget	1	217388
1087.03	0.8	NonTarget	1	217406
1087.11	0.8	NonTarget	1	217422
1087.195	0.8	NonTarget	1	217439
1087.275	0.8	NonTarget	1	217455
1087.36	0.8	NonTarget	1	217472
1087.445	0.8	NonTarget	1	217489
1087.525	0.8	NonTarget	1	217505
1087.61	0.8	NonTarget	1	217522
1087.695	0.8	NonTarget	1	217539
1087.78	0.8	NonTarget	1	217556
1087.86	0.8	NonTarget	1	217572
1087.945	0.8	NonTarget	1	217589
1088.03	0.8	NonTarget	1	217606
1088.11	0.8	NonTarget	1	217622
1088.195	0.8	NonTarget	1	217639
1088.28	0.8	NonTarget	1	217656
1088.36	0.8	NonTarget	1	217672
1088.445	0.8	NonTarget	1	217689
1088.53	0.8	NonTarget	1	217706
1088.615	0.8	NonTarget	1	217723
1088.695	0.8	NonTarget	1	217739
1088.78	0.8	NonTarget	1	217756
1088.865	0.8	NonTarget	1	217773
1088.945	0.8	NonTarget	1	217789
1089.03	0.8	NonTarget	1	217806
1089.115	0.8	NonTarget	1	217823
1089.2	0.8	Target	2	217840
1089.28	0.8	NonTarget	1	217856
1089.365	0.8	NonTarget	1	217873
1089.765	0.8	NonTarget	1	217953
1089.845	0.8	NonTarget	1	217969
1089.93	0.8	NonTarget	1	217986
1090.015	0.8	NonTarget	1	218003
1090.1	0.8	NonTarget	1	218020
1090.185	0.8	NonTarget	1	218037
1090.265	0.8	NonTarget	1	218053
1090.345	0.8	NonTarget	1	218069
1090.43	0.8	NonTarget	1	218086
1090.515	0.8	NonTarget	1	218103
1090.6	0.8	NonTarget	1	218120
1090.685	0.8	NonTarget	1	218137
1090.765	0.8	NonTarget	1	218153
1090.85	0.8	NonTarget	1	218170
1090.935	0.8	NonTarget	1	218187
1091.015	0.8	NonTarget	1	218203
1091.1	0.8	NonTarget	1	218220
1091.185	0.8	NonTarget	1	218237
1091.265	0.8	NonTarget	1	218253
1091.35	0.8	NonTarget	1	218270
1091.435	0.8	NonTarget	1	218287
1091.52	0.8	NonTarget	1	218304
1091.6	0.8	Target	2	218320
1091.685	0.8	NonTarget	1	218337
1091.765	0.8	NonTarget	1	218353
1091.85	0.8	NonTarget	1	218370
1091.935	0.8	NonTarget	1	218387
1092.02	0.8	NonTarget	1	218404
1092.1	0.8	NonTarget	1	218420
1092.185	0.8	NonTarget	1	218437
1092.585	0.8	NonTarget	1	218517
1092.67	0.8	NonTarget	1	218534
1092.75	0.8	NonTarget	1	218550
1092.835	0.8	NonTarget	1	218567
1092.92	0.8	NonTarget	1	218584
1093.0	0.8	NonTarget	1	218600
1093.085	0.8	NonTarget	1	218617
1093.17	0.8	NonTarget	1	218634
1093.25	0.8	NonTarget	1	218650
1093.335	0.8	NonTarget	1	218667
1093.42	0.8	NonTarget	1	218684
1093.505	0.8	NonTarget	1	218701
1093.59	0.8	Target	2	218718
1093.67	0.8	NonTarget	1	218734
1093.75	0.8	NonTarget	1	218750
1093.835	0.8	NonTarget	1	218767
1093.92	0.8	NonTarget	1	218784
1094.005	0.8	NonTarget	1	218801
1094.085	0.8	NonTarget	1	218817
1094.17	0.8	NonTarget	1	218834
1094.255	0.8	NonTarget	1	218851
1094.335	0.8	NonTarget	1	218867
1094.42	0.8	NonTarget	1	218884
1094.505	0.8	NonTarget	1	218901
1094.59	0.8	NonTarget	1	218918
1094.67	0.8	NonTarget	1	218934
1094.755	0.8	NonTarget	1	218951
1094.84	0.8	NonTarget	1	218968
1094.92	0.8	NonTarget	1	218984
1095.005	0.8	NonTarget	1	219001
1095.405	0.8	NonTarget	1	219081
1095.49	0.8	NonTarget	1	219098
1095.575	0.8	Target	2	219115
1095.655	0.8	NonTarget	1	219131
1095.74	0.8	NonTarget	1	219148
1095.825	0.8	NonTarget	1	219165
1095.905	0.8	NonTarget	1	219181
1095.99	0.8	NonTarget	1	219198
1096.075	0.8	NonTarget	1	219215
1096.155	0.8	NonTarget	1	219231
1096.24	0.8	NonTarget	1	219248
1096.32	0.8	NonTarget	1	219264
1096.405	0.8	NonTarget	1	219281
1096.49	0.8	NonTarget	1	219298
1096.575	0.8	NonTarget	1	219315
1096.66	0.8	NonTarget	1	219332
1096.74	0.8	NonTarget	1	219348
1096.825	0.8	NonTarget	1	219365
1096.91	0.8	NonTarget	1	219382
1096.99	0.8	NonTarget	1	219398
1097.075	0.8	NonTarget	1	219415
1097.16	0.8	NonTarget	1	219432
1097.24	0.8	NonTarget	1	219448
1097.325	0.8	NonTarget	1	219465
1097.41	0.8	NonTarget	1	219482
1097.49	0.8	NonTarget	1	219498
1097.575	0.8	NonTarget	1	219515
1097.655	0.8	NonTarget	1	219531
1097.74	0.8	NonTarget	1	219548
1097.825	0.8	NonTarget	1	219565
1098.225	0.8	NonTarget	1	219645
1098.31	0.8	NonTarget	1	219662
1098.39	0.8	NonTarget	1	219678
1098.475	0.8	NonTarget	1	219695
1098.56	0.8	NonTarget	1	219712
1098.645	0.8	NonTarget	1	219729
1098.725	0.8	NonTarget	1	219745
1098.81	0.8	NonTarget	1	219762
1098.895	0.8	NonTarget	1	219779
1098.975	0.8	NonTarget	1	219795
1099.06	0.8	NonTarget	1	219812
1099.145	0.8	NonTarget	1	219829
1099.23	0.8	NonTarget	1	219846
1099.315	0.8	NonTarget	1	219863
1099.395	0.8	NonTarget	1	219879
1099.48	0.8	NonTarget	1	219896
1099.56	0.8	NonTarget	1	219912
1099.645	0.8	Target	2	219929
1099.73	0.8	NonTarget	1	219946
1099.81	0.8	NonTarget	1	219962
1099.895	0.8	NonTarget	1	219979
1099.98	0.8	NonTarget	1	219996
1100.06	0.8	NonTarget	1	220012
1100.145	0.8	NonTarget	1	220029
1100.23	0.8	NonTarget	1	220046
1100.31	0.8	NonTarget	1	220062
1100.395	0.8	NonTarget	1	220079
1100.48	0.8	NonTarget	1	220096
1100.565	0.8	NonTarget	1	220113
1100.645	0.8	NonTarget	1	220129
1101.05	0.8	NonTarget	1	220210
1101.13	0.8	NonTarget	1	220226
1101.215	0.8	NonTarget	1	220243
1101.295	0.8	NonTarget	1	220259
1101.38	0.8	NonTarget	1	220276
1101.465	0.8	NonTarget	1	220293
1101.545	0.8	NonTarget	1	220309
1101.63	0.8	Target	2	220326
1101.715	0.8	NonTarget	1	220343
1101.8	0.8	NonTarget	1	220360
1101.88	0.8	NonTarget	1	220376
1101.965	0.8	NonTarget	1	220393
1102.05	0.8	NonTarget	1	220410
1102.13	0.8	NonTarget	1	220426
1102.215	0.8	NonTarget	1	220443
1102.3	0.8	NonTarget	1	220460
1102.385	0.8	NonTarget	1	220477
1102.47	0.8	NonTarget	1	220494
1102.55	0.8	NonTarget	1	220510
1102.635	0.8	NonTarget	1	220527
1102.715	0.8	NonTarget	1	220543
1102.8	0.8	NonTarget	1	220560
1102.88	0.8	NonTarget	1	220576
1102.965	0.8	NonTarget	1	220593
1103.05	0.8	NonTarget	1	220610
1103.135	0.8	NonTarget	1	220627
1103.215	0.8	NonTarget	1	220643
1103.3	0.8	NonTarget	1	220660
1103.385	0.8	NonTarget	1	220677
1103.47	0.8	NonTarget	1	220694
1103.87	0.8	NonTarget	1	220774
1103.95	0.8	NonTarget	1	220790
1104.035	0.8	NonTarget	1	220807
1104.12	0.8	NonTarget	1	220824
1104.2	0.8	NonTarget	1	220840
1104.285	0.8	NonTarget	1	220857
1104.37	0.8	NonTarget	1	220874
1104.45	0.8	Target	2	220890
1104.535	0.8	NonTarget	1	220907
1104.62	0.8	NonTarget	1	220924
1104.705	0.8	NonTarget	1	220941
1104.785	0.8	NonTarget	1	220957
1104.87	0.8	NonTarget	1	220974
1104.955	0.8	NonTarget	1	220991
1105.035	0.8	NonTarget	1	221007
1105.12	0.8	NonTarget	1	221024
1105.205	0.8	NonTarget	1	221041
1105.285	0.8	NonTarget	1	221057
1105.37	0.8	NonTarget	1	221074
1105.455	0.8	NonTarget	1	221091
1105.535	0.8	NonTarget	1	221107
1105.62	0.8	NonTarget	1	221124
1105.705	0.8	NonTarget	1	221141
1105.79	0.8	NonTarget	1	221158
1105.87	0.8	NonTarget	1	221174
1105.955	0.8	NonTarget	1	221191
1106.035	0.8	NonTarget	1	221207
1106.12	0.8	NonTarget	1	221224
1106.205	0.8	NonTarget	1	221241
1106.29	0.8	NonTarget	1	221258
1106.685	0.8	NonTarget	1	221337
1106.77	0.8	NonTarget	1	221354
1106.855	0.8	NonTarget	1	221371
1106.94	0.8	NonTarget	1	221388
1107.025	0.8	NonTarget	1	221405
1107.105	0.8	NonTarget	1	221421
1107.19	0.8	NonTarget	1	221438
1107.27	0.8	NonTarget	1	221454
1107.355	0.8	NonTarget	1	221471
1107.44	0.8	NonTarget	1	221488
1107.525	0.8	NonTarget	1	221505
1107.605	0.8	NonTarget	1	221521
1107.69	0.8	NonTarget	1	221538
1107.775	0.8	NonTarget	1	221555
1107.855	0.8	NonTarget	1	221571
1107.94	0.8	NonTarget	1	221588
1108.025	0.8	NonTarget	1	221605
1108.11	0.8	NonTarget	1	221622
1108.19	0.8	NonTarget	1	221638
1108.275	0.8	NonTarget	1	221655
1108.355	0.8	NonTarget	1	221671
1108.44	0.8	NonTarget	1	221688
1108.525	0.8	NonTarget	1	221705
1108.61	0.8	NonTarget	1	221722
1108.69	0.8	NonTarget	1	221738
1108.775	0.8	NonTarget	1	221755
1108.86	0.8	NonTarget	1	221772
1108.945	0.8	Target	2	221789
1109.025	0.8	NonTarget	1	221805
1109.11	0.8	NonTarget	1	221822
1119.195	0.8	NonTarget	1	223839
1119.27	0.8	NonTarget	1	223854
1119.355	0.8	NonTarget	1	223871
1119.44	0.8	NonTarget	1	223888
1119.525	0.8	Target	2	223905
1119.605	0.8	NonTarget	1	223921
1119.69	0.8	NonTarget	1	223938
1119.775	0.8	NonTarget	1	223955
1119.855	0.8	NonTarget	1	223971
1119.94	0.8	NonTarget	1	223988
1120.025	0.8	NonTarget	1	224005
1120.11	0.8	NonTarget	1	224022
1120.19	0.8	NonTarget	1	224038
1120.275	0.8	NonTarget	1	224055
1120.36	0.8	NonTarget	1	224072
1120.44	0.8	NonTarget	1	224088
1120.525	0.8	NonTarget	1	224105
1120.61	0.8	NonTarget	1	224122
1120.69	0.8	NonTarget	1	224138
1120.775	0.8	NonTarget	1	224155
1120.86	0.8	NonTarget	1	224172
1120.94	0.8	NonTarget	1	224188
1121.025	0.8	NonTarget	1	224205
1121.11	0.8	NonTarget	1	224222
1121.19	0.8	NonTarget	1	224238
1121.275	0.8	NonTarget	1	224255
1121.36	0.8	NonTarget	1	224272
1121.44	0.8	NonTarget	1	224288
1121.525	0.8	NonTarget	1	224305
1121.61	0.8	NonTarget	1	224322
1122.01	0.8	NonTarget	1	224402
1122.095	0.8	NonTarget	1	224419
1122.175	0.8	NonTarget	1	224435
1122.26	0.8	NonTarget	1	224452
1122.345	0.8	NonTarget	1	224469
1122.43	0.8	NonTarget	1	224486
1122.51	0.8	NonTarget	1	224502
1122.595	0.8	NonTarget	1	224519
1122.675	0.8	NonTarget	1	224535
1122.76	0.8	NonTarget	1	224552
1122.845	0.8	NonTarget	1	224569
1122.93	0.8	NonTarget	1	224586
1123.01	0.8	NonTarget	1	224602
1123.095	0.8	NonTarget	1	224619
1123.18	0.8	Target	2	224636
1123.26	0.8	NonTarget	1	224652
1123.345	0.8	NonTarget	1	224669
1123.43	0.8	NonTarget	1	224686
1123.51	0.8	NonTarget	1	224702
1123.595	0.8	NonTarget	1	224719
1123.68	0.8	NonTarget	1	224736
1123.76	0.8	NonTarget	1	224752
1123.845	0.8	NonTarget	1	224769
1123.93	0.8	NonTarget	1	224786
1124.01	0.8	NonTarget	1	224802
1124.095	0.8	NonTarget	1	224819
1124.18	0.8	NonTarget	1	224836
1124.265	0.8	NonTarget	1	224853
1124.345	0.8	NonTarget	1	224869
1124.43	0.8	NonTarget	1	224886
1124.835	0.8	NonTarget	1	224967
1124.915	0.8	NonTarget	1	224983
1124.995	0.8	NonTarget	1	224999
1125.08	0.8	NonTarget	1	225016
1125.165	0.8	NonTarget	1	225033
1125.245	0.8	NonTarget	1	225049
1125.33	0.8	NonTarget	1	225066
1125.415	0.8	NonTarget	1	225083
1125.5	0.8	NonTarget	1	225100
1125.58	0.8	NonTarget	1	225116
1125.665	0.8	NonTarget	1	225133
1125.75	0.8	NonTarget	1	225150
1125.83	0.8	NonTarget	1	225166
1125.915	0.8	NonTarget	1	225183
1126.0	0.8	NonTarget	1	225200
1126.085	0.8	NonTarget	1	225217
1126.165	0.8	NonTarget	1	225233
1126.25	0.8	NonTarget	1	225250
1126.335	0.8	NonTarget	1	225267
1126.415	0.8	NonTarget	1	225283
1126.5	0.8	NonTarget	1	225300
1126.58	0.8	NonTarget	1	225316
1126.665	0.8	NonTarget	1	225333
1126.75	0.8	NonTarget	1	225350
1126.835	0.8	Target	2	225367
1126.92	0.8	NonTarget	1	225384
1127.0	0.8	NonTarget	1	225400
1127.085	0.8	NonTarget	1	225417
1127.17	0.8	NonTarget	1	225434
1127.25	0.8	NonTarget	1	225450
1127.65	0.8	NonTarget	1	225530
1127.735	0.8	NonTarget	1	225547
1127.82	0.8	NonTarget	1	225564
1127.9	0.8	NonTarget	1	225580
1127.985	0.8	Target	2	225597
1128.07	0.8	NonTarget	1	225614
1128.155	0.8	NonTarget	1	225631
1128.235	0.8	NonTarget	1	225647
1128.32	0.8	NonTarget	1	225664
1128.4	0.8	NonTarget	1	225680
1128.485	0.8	NonTarget	1	225697
1128.57	0.8	NonTarget	1	225714
1128.65	0.8	NonTarget	1	225730
1128.735	0.8	NonTarget	1	225747
1128.82	0.8	NonTarget	1	225764
1128.905	0.8	NonTarget	1	225781
1128.985	0.8	NonTarget	1	225797
1129.07	0.8	NonTarget	1	225814
1129.155	0.8	NonTarget	1	225831
1129.235	0.8	NonTarget	1	225847
1129.32	0.8	NonTarget	1	225864
1129.405	0.8	NonTarget	1	225881
1129.49	0.8	NonTarget	1	225898
1129.575	0.8	NonTarget	1	225915
1129.655	0.8	NonTarget	1	225931
1129.74	0.8	NonTarget	1	225948
1129.82	0.8	NonTarget	1	225964
1129.905	0.8	NonTarget	1	225981
1129.99	0.8	NonTarget	1	225998
1130.07	0.8	NonTarget	1	226014
1130.47	0.8	NonTarget	1	226094
1130.555	0.8	NonTarget	1	226111
1130.64	0.8	NonTarget	1	226128
1130.72	0.8	NonTarget	1	226144
1130.805	0.8	NonTarget	1	226161
1130.89	0.8	NonTarget	1	226178
1130.97	0.8	NonTarget	1	226194
1131.055	0.8	NonTarget	1	226211
1131.14	0.8	NonTarget	1	226228
1131.225	0.8	NonTarget	1	226245
1131.31	0.8	NonTarget	1	226262
1131.39	0.8	NonTarget	1	226278
1131.47	0.8	NonTarget	1	226294
1131.56	0.8	NonTarget	1	226312
1131.64	0.8	NonTarget	1	226328
1131.725	0.8	NonTarget	1	226345
1131.805	0.8	NonTarget	1	226361
1131.89	0.8	NonTarget	1	226378
1131.975	0.8	NonTarget	1	226395
1132.06	0.8	NonTarget	1	226412
1132.14	0.8	NonTarget	1	226428
1132.225	0.8	NonTarget	1	226445
1132.31	0.8	NonTarget	1	226462
1132.395	0.8	NonTarget	1	226479
1132.475	0.8	NonTarget	1	226495
1132.56	0.8	NonTarget	1	226512
1132.645	0.8	NonTarget	1	226529
1132.725	0.8	NonTarget	1	226545
1132.81	0.8	NonTarget	1	226562
1132.89	0.8	Target	2	226578
1133.295	0.8	NonTarget	1	226659
1133.375	0.8	NonTarget	1	226675
1133.46	0.8	NonTarget	1	226692
1133.545	0.8	NonTarget	1	226709
1133.625	0.8	NonTarget	1	226725
1133.71	0.8	NonTarget	1	226742
1133.79	0.8	NonTarget	1	226758
1133.875	0.8	NonTarget	1	226775
1133.96	0.8	NonTarget	1	226792
1134.045	0.8	NonTarget	1	226809
1134.125	0.8	NonTarget	1	226825
1134.21	0.8	NonTarget	1	226842
1134.295	0.8	NonTarget	1	226859
1134.38	0.8	NonTarget	1	226876
1134.46	0.8	NonTarget	1	226892
1134.545	0.8	NonTarget	1	226909
1134.63	0.8	NonTarget	1	226926
1134.71	0.8	NonTarget	1	226942
1134.795	0.8	NonTarget	1	226959
1134.88	0.8	Target	2	226976
1134.96	0.8	NonTarget	1	226992
1135.045	0.8	NonTarget	1	227009
1135.125	0.8	NonTarget	1	227025
1135.21	0.8	NonTarget	1	227042
1135.295	0.8	NonTarget	1	227059
1135.38	0.8	NonTarget	1	227076
1135.465	0.8	NonTarget	1	227093
1135.545	0.8	NonTarget	1	227109
1135.63	0.8	NonTarget	1	227126
1135.71	0.8	NonTarget	1	227142
1136.115	0.8	NonTarget	1	227223
1136.195	0.8	NonTarget	1	227239
1136.28	0.8	NonTarget	1	227256
1136.365	0.8	NonTarget	1	227273
1136.445	0.8	NonTarget	1	227289
1136.53	0.8	NonTarget	1	227306
1136.615	0.8	NonTarget	1	227323
1136.695	0.8	NonTarget	1	227339
1136.78	0.8	NonTarget	1	227356
1136.865	0.8	NonTarget	1	227373
1136.95	0.8	NonTarget	1	227390
1137.03	0.8	NonTarget	1	227406
1137.115	0.8	NonTarget	1	227423
1137.2	0.8	NonTarget	1	227440
1137.28	0.8	NonTarget	1	227456
1137.365	0.8	NonTarget	1	227473
1137.445	0.8	NonTarget	1	227489
1137.53	0.8	NonTarget	1	227506
1137.615	0.8	NonTarget	1	227523
1137.7	0.8	NonTarget	1	227540
1137.785	0.8	NonTarget	1	227557
1137.865	0.8	NonTarget	1	227573
1137.95	0.8	NonTarget	1	227590
1138.035	0.8	NonTarget	1	227607
1138.115	0.8	Target	2	227623
1138.2	0.8	NonTarget	1	227640
1138.285	0.8	NonTarget	1	227657
1138.365	0.8	NonTarget	1	227673
1138.45	0.8	NonTarget	1	227690
1138.535	0.8	NonTarget	1	227707
1138.935	0.8	NonTarget	1	227787
1139.015	0.8	NonTarget	1	227803
1139.1	0.8	NonTarget	1	227820
1139.185	0.8	NonTarget	1	227837
1139.27	0.8	NonTarget	1	227854
1139.355	0.8	NonTarget	1	227871
1139.435	0.8	NonTarget	1	227887
1139.52	0.8	NonTarget	1	227904
1139.605	0.8	NonTarget	1	227921
1139.685	0.8	NonTarget	1	227937
1139.77	0.8	NonTarget	1	227954
1139.85	0.8	NonTarget	1	227970
1139.935	0.8	NonTarget	1	227987
1140.02	0.8	NonTarget	1	228004
1140.105	0.8	NonTarget	1	228021
1140.185	0.8	NonTarget	1	228037
1140.27	0.8	NonTarget	1	228054
1140.355	0.8	NonTarget	1	228071
1140.435	0.8	NonTarget	1	228087
1140.52	0.8	Target	2	228104
1140.6	0.8	NonTarget	1	228120
1140.685	0.8	NonTarget	1	228137
1140.77	0.8	NonTarget	1	228154
1140.855	0.8	NonTarget	1	228171
1140.935	0.8	NonTarget	1	228187
1141.02	0.8	NonTarget	1	228204
1141.105	0.8	NonTarget	1	228221
1141.185	0.8	NonTarget	1	228237
1141.27	0.8	NonTarget	1	228254
1141.355	0.8	NonTarget	1	228271
1141.755	0.8	NonTarget	1	228351
1141.84	0.8	NonTarget	1	228368
1141.92	0.8	NonTarget	1	228384
1142.005	0.8	NonTarget	1	228401
1142.09	0.8	NonTarget	1	228418
1142.175	0.8	NonTarget	1	228435
1142.255	0.8	NonTarget	1	228451
1142.34	0.8	NonTarget	1	228468
1142.42	0.8	NonTarget	1	228484
1142.505	0.8	NonTarget	1	228501
1142.59	0.8	NonTarget	1	228518
1142.675	0.8	NonTarget	1	228535
1142.755	0.8	NonTarget	1	228551
1142.84	0.8	NonTarget	1	228568
1142.92	0.8	NonTarget	1	228584
1143.005	0.8	NonTarget	1	228601
1143.09	0.8	NonTarget	1	228618
1143.175	0.8	NonTarget	1	228635
1143.26	0.8	NonTarget	1	228652
1143.34	0.8	Target	2	228668
1143.425	0.8	NonTarget	1	228685
1143.505	0.8	NonTarget	1	228701
1143.59	0.8	NonTarget	1	228718
1143.675	0.8	NonTarget	1	228735
1143.755	0.8	NonTarget	1	228751
1143.84	0.8	NonTarget	1	228768
1143.925	0.8	NonTarget	1	228785
1144.01	0.8	NonTarget	1	228802
1144.09	0.8	NonTarget	1	228818
1144.175	0.8	NonTarget	1	228835
1144.575	0.8	NonTarget	1	228915
1144.66	0.8	NonTarget	1	228932
1144.745	0.8	NonTarget	1	228949
1144.825	0.8	NonTarget	1	228965
1144.91	0.8	NonTarget	1	228982
1144.99	0.8	NonTarget	1	228998
1145.075	0.8	NonTarget	1	229015
1145.16	0.8	NonTarget	1	229032
1145.245	0.8	NonTarget	1	229049
1145.325	0.8	NonTarget	1	229065
1145.41	0.8	NonTarget	1	229082
1145.495	0.8	NonTarget	1	229099
1145.575	0.8	NonTarget	1	229115
1145.66	0.8	NonTarget	1	229132
1145.745	0.8	NonTarget	1	229149
1145.83	0.8	NonTarget	1	229166
1145.91	0.8	NonTarget	1	229182
1145.995	0.8	NonTarget	1	229199
1146.08	0.8	NonTarget	1	229216
1146.16	0.8	NonTarget	1	229232
1146.245	0.8	NonTarget	1	229249
1146.33	0.8	NonTarget	1	229266
1146.41	0.8	NonTarget	1	229282
1146.495	0.8	NonTarget	1	229299
1146.58	0.8	NonTarget	1	229316
1146.66	0.8	NonTarget	1	229332
1146.745	0.8	NonTarget	1	229349
1146.83	0.8	NonTarget	1	229366
1146.91	0.8	NonTarget	1	229382
1147.0	0.8	Target	2	229400
1157.095	0.8	NonTarget	1	231419
1157.175	0.8	NonTarget	1	231435
1157.26	0.8	NonTarget	1	231452
1157.345	0.8	NonTarget	1	231469
1157.425	0.8	NonTarget	1	231485
1157.51	0.8	NonTarget	1	231502
1157.595	0.8	NonTarget	1	231519
1157.675	0.8	NonTarget	1	231535
1157.76	0.8	NonTarget	1	231552
1157.845	0.8	NonTarget	1	231569
1157.925	0.8	Target	2	231585
1158.01	0.8	NonTarget	1	231602
1158.095	0.8	NonTarget	1	231619
1158.18	0.8	NonTarget	1	231636
1158.26	0.8	NonTarget	1	231652
1158.345	0.8	NonTarget	1	231669
1158.43	0.8	NonTarget	1	231686
1158.51	0.8	NonTarget	1	231702
1158.595	0.8	NonTarget	1	231719
1158.68	0.8	NonTarget	1	231736
1158.76	0.8	NonTarget	1	231752
1158.845	0.8	NonTarget	1	231769
1158.93	0.8	NonTarget	1	231786
1159.015	0.8	NonTarget	1	231803
1159.095	0.8	NonTarget	1	231819
1159.18	0.8	NonTarget	1	231836
1159.265	0.8	NonTarget	1	231853
1159.35	0.8	NonTarget	1	231870
1159.43	0.8	NonTarget	1	231886
1159.51	0.8	NonTarget	1	231902
1159.915	0.8	NonTarget	1	231983
1159.995	0.8	NonTarget	1	231999
1160.08	0.8	NonTarget	1	232016
1160.165	0.8	NonTarget	1	232033
1160.245	0.8	NonTarget	1	232049
1160.33	0.8	NonTarget	1	232066
1160.415	0.8	NonTarget	1	232083
1160.5	0.8	NonTarget	1	232100
1160.58	0.8	NonTarget	1	232116
1160.665	0.8	NonTarget	1	232133
1160.75	0.8	NonTarget	1	232150
1160.835	0.8	NonTarget	1	232167
1160.915	0.8	NonTarget	1	232183
1161.0	0.8	NonTarget	1	232200
1161.08	0.8	NonTarget	1	232216
1161.165	0.8	NonTarget	1	232233
1161.25	0.8	NonTarget	1	232250
1161.335	0.8	NonTarget	1	232267
1161.415	0.8	NonTarget	1	232283
1161.5	0.8	NonTarget	1	232300
1161.58	0.8	NonTarget	1	232316
1161.665	0.8	NonTarget	1	232333
1161.75	0.8	NonTarget	1	232350
1161.835	0.8	NonTarget	1	232367
1161.915	0.8	NonTarget	1	232383
1162.0	0.8	Target	2	232400
1162.085	0.8	NonTarget	1	232417
1162.165	0.8	NonTarget	1	232433
1162.25	0.8	NonTarget	1	232450
1162.335	0.8	NonTarget	1	232467
1162.735	0.8	NonTarget	1	232547
1162.815	0.8	NonTarget	1	232563
1162.9	0.8	NonTarget	1	232580
1162.985	0.8	NonTarget	1	232597
1163.07	0.8	NonTarget	1	232614
1163.15	0.8	NonTarget	1	232630
1163.235	0.8	NonTarget	1	232647
1163.32	0.8	NonTarget	1	232664
1163.4	0.8	NonTarget	1	232680
1163.485	0.8	NonTarget	1	232697
1163.57	0.8	NonTarget	1	232714
1163.65	0.8	NonTarget	1	232730
1163.735	0.8	NonTarget	1	232747
1163.82	0.8	NonTarget	1	232764
1163.905	0.8	NonTarget	1	232781
1163.985	0.8	Target	2	232797
1164.07	0.8	NonTarget	1	232814
1164.155	0.8	NonTarget	1	232831
1164.235	0.8	NonTarget	1	232847
1164.32	0.8	NonTarget	1	232864
1164.405	0.8	NonTarget	1	232881
1164.485	0.8	NonTarget	1	232897
1164.57	0.8	NonTarget	1	232914
1164.655	0.8	NonTarget	1	232931
1164.735	0.8	NonTarget	1	232947
1164.82	0.8	NonTarget	1	232964
1164.905	0.8	NonTarget	1	232981
1164.99	0.8	NonTarget	1	232998
1165.07	0.8	NonTarget	1	233014
1165.155	0.8	NonTarget	1	233031
1165.555	0.8	NonTarget	1	233111
1165.64	0.8	NonTarget	1	233128
1165.72	0.8	NonTarget	1	233144
1165.805	0.8	NonTarget	1	233161
1165.89	0.8	NonTarget	1	233178
1165.97	0.8	NonTarget	1	233194
1166.055	0.8	NonTarget	1	233211
1166.14	0.8	NonTarget	1	233228
1166.22	0.8	NonTarget	1	233244
1166.305	0.8	NonTarget	1	233261
1166.39	0.8	Target	2	233278
1166.475	0.8	NonTarget	1	233295
1166.56	0.8	NonTarget	1	233312
1166.64	0.8	NonTarget	1	233328
1166.725	0.8	NonTarget	1	233345
1166.805	0.8	NonTarget	1	233361
1166.89	0.8	NonTarget	1	233378
1166.97	0.8	NonTarget	1	233394
1167.06	0.8	NonTarget	1	233412
1167.14	0.8	NonTarget	1	233428
1167.225	0.8	NonTarget	1	233445
1167.31	0.8	NonTarget	1	233462
1167.39	0.8	NonTarget	1	233478
1167.475	0.8	NonTarget	1	233495
1167.56	0.8	NonTarget	1	233512
1167.64	0.8	NonTarget	1	233528
1167.725	0.8	NonTarget	1	233545
1167.81	0.8	NonTarget	1	233562
1167.89	0.8	NonTarget	1	233578
1167.975	0.8	NonTarget	1	233595
1168.375	0.8	NonTarget	1	233675
1168.46	0.8	NonTarget	1	233692
1168.545	0.8	NonTarget	1	233709
1168.625	0.8	NonTarget	1	233725
1168.71	0.8	NonTarget	1	233742
1168.79	0.8	NonTarget	1	233758
1168.875	0.8	NonTarget	1	233775
1168.96	0.8	NonTarget	1	233792
1169.045	0.8	NonTarget	1	233809
1169.125	0.8	NonTarget	1	233825
1169.21	0.8	NonTarget	1	233842
1169.295	0.8	NonTarget	1	233859
1169.375	0.8	NonTarget	1	233875
1169.46	0.8	NonTarget	1	233892
1169.545	0.8	NonTarget	1	233909
1169.63	0.8	NonTarget	1	233926
1169.71	0.8	NonTarget	1	233942
1169.795	0.8	NonTarget	1	233959
1169.88	0.8	NonTarget	1	233976
1169.96	0.8	NonTarget	1	233992
1170.045	0.8	Target	2	234009
1170.13	0.8	NonTarget	1	234026
1170.21	0.8	NonTarget	1	234042
1170.295	0.8	NonTarget	1	234059
1170.38	0.8	NonTarget	1	234076
1170.46	0.8	NonTarget	1	234092
1170.55	0.8	NonTarget	1	234110
1170.63	0.8	NonTarget	1	234126
1170.715	0.8	NonTarget	1	234143
1170.795	0.8	NonTarget	1	234159
1171.195	0.8	NonTarget	1	234239
1171.28	0.8	NonTarget	1	234256
1171.365	0.8	NonTarget	1	234273
1171.445	0.8	NonTarget	1	234289
1171.53	0.8	NonTarget	1	234306
1171.615	0.8	NonTarget	1	234323
1171.695	0.8	NonTarget	1	234339
1171.78	0.8	NonTarget	1	234356
1171.865	0.8	NonTarget	1	234373
1171.945	0.8	NonTarget	1	234389
1172.03	0.8	Target	2	234406
1172.115	0.8	NonTarget	1	234423
1172.195	0.8	NonTarget	1	234439
1172.28	0.8	NonTarget	1	234456
1172.365	0.8	NonTarget	1	234473
1172.445	0.8	NonTarget	1	234489
1172.53	0.8	NonTarget	1	234506
1172.615	0.8	NonTarget	1	234523
1172.7	0.8	NonTarget	1	234540
1172.785	0.8	NonTarget	1	234557
1172.87	0.8	NonTarget	1	234574
1172.95	0.8	NonTarget	1	234590
1173.035	0.8	NonTarget	1	234607
1173.115	0.8	NonTarget	1	234623
1173.2	0.8	NonTarget	1	234640
1173.28	0.8	NonTarget	1	234656
1173.365	0.8	NonTarget	1	234673
1173.45	0.8	NonTarget	1	234690
1173.535	0.8	NonTarget	1	234707
1173.62	0.8	NonTarget	1	234724
1174.02	0.8	NonTarget	1	234804
1174.1	0.8	NonTarget	1	234820
1174.185	0.8	NonTarget	1	234837
1174.265	0.8	NonTarget	1	234853
1174.35	0.8	NonTarget	1	234870
1174.435	0.8	NonTarget	1	234887
1174.515	0.8	NonTarget	1	234903
1174.6	0.8	NonTarget	1	234920
1174.685	0.8	NonTarget	1	234937
1174.77	0.8	NonTarget	1	234954
1174.85	0.8	NonTarget	1	234970
1174.935	0.8	NonTarget	1	234987
1175.02	0.8	NonTarget	1	235004
1175.105	0.8	NonTarget	1	235021
1175.185	0.8	NonTarget	1	235037
1175.27	0.8	NonTarget	1	235054
1175.35	0.8	NonTarget	1	235070
1175.435	0.8	NonTarget	1	235087
1175.52	0.8	NonTarget	1	235104
1175.6	0.8	NonTarget	1	235120
1175.685	0.8	Target	2	235137
1175.77	0.8	NonTarget	1	235154
1175.85	0.8	NonTarget	1	235170
1175.935	0.8	NonTarget	1	235187
1176.02	0.8	NonTarget	1	235204
1176.105	0.8	NonTarget	1	235221
1176.185	0.8	NonTarget	1	235237
1176.27	0.8	NonTarget	1	235254
1176.355	0.8	NonTarget	1	235271
1176.435	0.8	NonTarget	1	235287
1176.835	0.8	NonTarget	1	235367
1176.92	0.8	NonTarget	1	235384
1177.005	0.8	NonTarget	1	235401
1177.09	0.8	NonTarget	1	235418
1177.17	0.8	NonTarget	1	235434
1177.255	0.8	NonTarget	1	235451
1177.34	0.8	NonTarget	1	235468
1177.42	0.8	NonTarget	1	235484
1177.505	0.8	NonTarget	1	235501
1177.59	0.8	NonTarget	1	235518
1177.67	0.8	NonTarget	1	235534
1177.755	0.8	NonTarget	1	235551
1177.84	0.8	NonTarget	1	235568
1177.925	0.8	NonTarget	1	235585
1178.005	0.8	NonTarget	1	235601
1178.09	0.8	NonTarget	1	235618
1178.175	0.8	NonTarget	1	235635
1178.255	0.8	NonTarget	1	235651
1178.34	0.8	NonTarget	1	235668
1178.425	0.8	NonTarget	1	235685
1178.51	0.8	Target	2	235702
1178.59	0.8	NonTarget	1	235718
1178.675	0.8	NonTarget	1	235735
1178.755	0.8	NonTarget	1	235751
1178.84	0.8	NonTarget	1	235768
1178.925	0.8	NonTarget	1	235785
1179.005	0.8	NonTarget	1	235801
1179.09	0.8	NonTarget	1	235818
1179.175	0.8	NonTarget	1	235835
1179.26	0.8	NonTarget	1	235852
1179.66	0.8	Target	2	235932
1179.74	0.8	NonTarget	1	235948
1179.825	0.8	NonTarget	1	235965
1179.91	0.8	NonTarget	1	235982
1179.99	0.8	NonTarget	1	235998
1180.075	0.8	NonTarget	1	236015
1180.16	0.8	NonTarget	1	236032
1180.24	0.8	NonTarget	1	236048
1180.325	0.8	NonTarget	1	236065
1180.41	0.8	NonTarget	1	236082
1180.495	0.8	NonTarget	1	236099
1180.575	0.8	NonTarget	1	236115
1180.66	0.8	NonTarget	1	236132
1180.745	0.8	NonTarget	1	236149
1180.825	0.8	NonTarget	1	236165
1180.91	0.8	NonTarget	1	236182
1180.995	0.8	NonTarget	1	236199
1181.075	0.8	NonTarget	1	236215
1181.16	0.8	NonTarget	1	236232
1181.245	0.8	NonTarget	1	236249
1181.325	0.8	NonTarget	1	236265
1181.41	0.8	NonTarget	1	236282
1181.495	0.8	NonTarget	1	236299
1181.58	0.8	NonTarget	1	236316
1181.66	0.8	NonTarget	1	236332
1181.745	0.8	NonTarget	1	236349
1181.83	0.8	NonTarget	1	236366
1181.91	0.8	NonTarget	1	236382
1181.995	0.8	NonTarget	1	236399
1182.08	0.8	NonTarget	1	236416
1182.48	0.8	NonTarget	1	236496
1182.56	0.8	NonTarget	1	236512
1182.645	0.8	NonTarget	1	236529
1182.73	0.8	NonTarget	1	236546
1182.815	0.8	NonTarget	1	236563
1182.895	0.8	NonTarget	1	236579
1182.98	0.8	NonTarget	1	236596
1183.065	0.8	NonTarget	1	236613
1183.145	0.8	NonTarget	1	236629
1183.23	0.8	NonTarget	1	236646
1183.315	0.8	NonTarget	1	236663
1183.4	0.8	NonTarget	1	236680
1183.48	0.8	NonTarget	1	236696
1183.565	0.8	NonTarget	1	236713
1183.645	0.8	NonTarget	1	236729
1183.73	0.8	Target	2	236746
1183.815	0.8	NonTarget	1	236763
1183.895	0.8	NonTarget	1	236779
1183.98	0.8	NonTarget	1	236796
1184.065	0.8	NonTarget	1	236813
1184.15	0.8	NonTarget	1	236830
1184.23	0.8	NonTarget	1	236846
1184.315	0.8	NonTarget	1	236863
1184.4	0.8	NonTarget	1	236880
1184.485	0.8	NonTarget	1	236897
1184.565	0.8	NonTarget	1	236913
1184.65	0.8	NonTarget	1	236930
1184.73	0.8	NonTarget	1	236946
1184.815	0.8	NonTarget	1	236963
1184.9	0.8	NonTarget	1	236980
1194.985	0.8	NonTarget	1	238997
1195.065	0.8	NonTarget	1	239013
1195.145	0.8	NonTarget	1	239029
1195.23	0.8	NonTarget	1	239046
1195.315	0.8	NonTarget	1	239063
1195.395	0.8	NonTarget	1	239079
1195.48	0.8	NonTarget	1	239096
1195.565	0.8	NonTarget	1	239113
1195.645	0.8	NonTarget	1	239129
1195.73	0.8	NonTarget	1	239146
1195.815	0.8	NonTarget	1	239163
1195.9	0.8	NonTarget	1	239180
1195.98	0.8	NonTarget	1	239196
1196.065	0.8	NonTarget	1	239213
1196.15	0.8	NonTarget	1	239230
1196.23	0.8	NonTarget	1	239246
1196.315	0.8	NonTarget	1	239263
1196.4	0.8	NonTarget	1	239280
1196.485	0.8	NonTarget	1	239297
1196.565	0.8	NonTarget	1	239313
1196.65	0.8	NonTarget	1	239330
1196.73	0.8	NonTarget	1	239346
1196.815	0.8	NonTarget	1	239363
1196.9	0.8	NonTarget	1	239380
1196.985	0.8	NonTarget	1	239397
1197.065	0.8	Target	2	239413
1197.15	0.8	NonTarget	1	239430
1197.235	0.8	NonTarget	1	239447
1197.32	0.8	NonTarget	1	239464
1197.4	0.8	NonTarget	1	239480
1197.8	0.8	NonTarget	1	239560
1197.885	0.8	NonTarget	1	239577
1197.97	0.8	NonTarget	1	239594
1198.05	0.8	NonTarget	1	239610
1198.135	0.8	NonTarget	1	239627
1198.215	0.8	NonTarget	1	239643
1198.3	0.8	NonTarget	1	239660
1198.385	0.8	NonTarget	1	239677
1198.47	0.8	NonTarget	1	239694
1198.55	0.8	NonTarget	1	239710
1198.635	0.8	NonTarget	1	239727
1198.72	0.8	NonTarget	1	239744
1198.8	0.8	NonTarget	1	239760
1198.885	0.8	NonTarget	1	239777
1198.97	0.8	NonTarget	1	239794
1199.055	0.8	NonTarget	1	239811
1199.135	0.8	NonTarget	1	239827
1199.22	0.8	NonTarget	1	239844
1199.305	0.8	NonTarget	1	239861
1199.385	0.8	NonTarget	1	239877
1199.47	0.8	NonTarget	1	239894
1199.555	0.8	NonTarget	1	239911
1199.635	0.8	NonTarget	1	239927
1199.72	0.8	NonTarget	1	239944
1199.805	0.8	NonTarget	1	239961
1199.885	0.8	Target	2	239977
1199.97	0.8	NonTarget	1	239994
1200.055	0.8	NonTarget	1	240011
1200.135	0.8	NonTarget	1	240027
1200.22	0.8	NonTarget	1	240044
1200.62	0.8	NonTarget	1	240124
1200.705	0.8	NonTarget	1	240141
1200.79	0.8	NonTarget	1	240158
1200.87	0.8	NonTarget	1	240174
1200.955	0.8	NonTarget	1	240191
1201.04	0.8	Target	2	240208
1201.12	0.8	NonTarget	1	240224
1201.205	0.8	NonTarget	1	240241
1201.29	0.8	NonTarget	1	240258
1201.37	0.8	NonTarget	1	240274
1201.455	0.8	NonTarget	1	240291
1201.54	0.8	NonTarget	1	240308
1201.625	0.8	NonTarget	1	240325
1201.705	0.8	NonTarget	1	240341
1201.79	0.8	NonTarget	1	240358
1201.875	0.8	NonTarget	1	240375
1201.955	0.8	NonTarget	1	240391
1202.04	0.8	NonTarget	1	240408
1202.125	0.8	NonTarget	1	240425
1202.205	0.8	NonTarget	1	240441
1202.29	0.8	NonTarget	1	240458
1202.375	0.8	NonTarget	1	240475
1202.46	0.8	NonTarget	1	240492
1202.54	0.8	NonTarget	1	240508
1202.625	0.8	NonTarget	1	240525
1202.705	0.8	NonTarget	1	240541
1202.79	0.8	NonTarget	1	240558
1202.875	0.8	NonTarget	1	240575
1202.96	0.8	NonTarget	1	240592
1203.04	0.8	NonTarget	1	240608
1203.445	0.8	NonTarget	1	240689
1203.525	0.8	NonTarget	1	240705
1203.61	0.8	NonTarget	1	240722
1203.69	0.8	NonTarget	1	240738
1203.775	0.8	NonTarget	1	240755
1203.86	0.8	NonTarget	1	240772
1203.945	0.8	NonTarget	1	240789
1204.025	0.8	NonTarget	1	240805
1204.11	0.8	NonTarget	1	240822
1204.195	0.8	NonTarget	1	240839
1204.275	0.8	NonTarget	1	240855
1204.36	0.8	NonTarget	1	240872
1204.44	0.8	NonTarget	1	240888
1204.525	0.8	NonTarget	1	240905
1204.61	0.8	NonTarget	1	240922
1204.695	0.8	NonTarget	1	240939
1204.775	0.8	NonTarget	1	240955
1204.86	0.8	NonTarget	1	240972
1204.945	0.8	NonTarget	1	240989
1205.03	0.8	NonTarget	1	241006
1205.11	0.8	Target	2	241022
1205.195	0.8	NonTarget	1	241039
1205.28	0.8	NonTarget	1	241056
1205.36	0.8	NonTarget	1	241072
1205.445	0.8	NonTarget	1	241089
1205.53	0.8	NonTarget	1	241106
1205.61	0.8	NonTarget	1	241122
1205.695	0.8	NonTarget	1	241139
1205.78	0.8	NonTarget	1	241156
1205.865	0.8	NonTarget	1	241173
1206.265	0.8	NonTarget	1	241253
1206.345	0.8	NonTarget	1	241269
1206.43	0.8	NonTarget	1	241286
1206.515	0.8	NonTarget	1	241303
1206.595	0.8	NonTarget	1	241319
1206.68	0.8	NonTarget	1	241336
1206.765	0.8	NonTarget	1	241353
1206.845	0.8	NonTarget	1	241369
1206.93	0.8	NonTarget	1	241386
1207.015	0.8	NonTarget	1	241403
1207.095	0.8	NonTarget	1	241419
1207.18	0.8	NonTarget	1	241436
1207.265	0.8	NonTarget	1	241453
1207.35	0.8	NonTarget	1	241470
1207.43	0.8	NonTarget	1	241486
1207.515	0.8	NonTarget	1	241503
1207.6	0.8	NonTarget	1	241520
1207.68	0.8	NonTarget	1	241536
1207.765	0.8	NonTarget	1	241553
1207.85	0.8	NonTarget	1	241570
1207.93	0.8	NonTarget	1	241586
1208.015	0.8	NonTarget	1	241603
1208.1	0.8	NonTarget	1	241620
1208.185	0.8	NonTarget	1	241637
1208.265	0.8	NonTarget	1	241653
1208.35	0.8	Target	2	241670
1208.435	0.8	NonTarget	1	241687
1208.515	0.8	NonTarget	1	241703
1208.6	0.8	NonTarget	1	241720
1208.68	0.8	NonTarget	1	241736
1209.085	0.8	NonTarget	1	241817
1209.165	0.8	NonTarget	1	241833
1209.25	0.8	NonTarget	1	241850
1209.335	0.8	NonTarget	1	241867
1209.415	0.8	NonTarget	1	241883
1209.5	0.8	NonTarget	1	241900
1209.585	0.8	NonTarget	1	241917
1209.665	0.8	NonTarget	1	241933
1209.75	0.8	NonTarget	1	241950
1209.835	0.8	NonTarget	1	241967
1209.92	0.8	Target	2	241984
1210.0	0.8	NonTarget	1	242000
1210.085	0.8	NonTarget	1	242017
1210.17	0.8	NonTarget	1	242034
1210.255	0.8	NonTarget	1	242051
1210.335	0.8	NonTarget	1	242067
1210.42	0.8	NonTarget	1	242084
1210.5	0.8	NonTarget	1	242100
1210.585	0.8	NonTarget	1	242117
1210.67	0.8	NonTarget	1	242134
1210.75	0.8	NonTarget	1	242150
1210.835	0.8	NonTarget	1	242167
1210.92	0.8	NonTarget	1	242184
1211.0	0.8	NonTarget	1	242200
1211.085	0.8	NonTarget	1	242217
1211.17	0.8	NonTarget	1	242234
1211.25	0.8	NonTarget	1	242250
1211.335	0.8	NonTarget	1	242267
1211.42	0.8	NonTarget	1	242284
1211.505	0.8	NonTarget	1	242301
1211.905	0.8	Target	2	242381
1211.985	0.8	NonTarget	1	242397
1212.07	0.8	NonTarget	1	242414
1212.155	0.8	NonTarget	1	242431
1212.235	0.8	NonTarget	1	242447
1212.32	0.8	NonTarget	1	242464
1212.405	0.8	NonTarget	1	242481
1212.49	0.8	NonTarget	1	242498
1212.57	0.8	NonTarget	1	242514
1212.655	0.8	NonTarget	1	242531
1212.74	0.8	NonTarget	1	242548
1212.825	0.8	NonTarget	1	242565
1212.905	0.8	NonTarget	1	242581
1212.99	0.8	NonTarget	1	242598
1213.075	0.8	NonTarget	1	242615
1213.155	0.8	NonTarget	1	242631
1213.24	0.8	NonTarget	1	242648
1213.32	0.8	NonTarget	1	242664
1213.405	0.8	NonTarget	1	242681
1213.49	0.8	NonTarget	1	242698
1213.575	0.8	NonTarget	1	242715
1213.655	0.8	NonTarget	1	242731
1213.74	0.8	NonTarget	1	242748
1213.825	0.8	NonTarget	1	242765
1213.905	0.8	NonTarget	1	242781
1213.995	0.8	NonTarget	1	242799
1214.075	0.8	NonTarget	1	242815
1214.16	0.8	NonTarget	1	242832
1214.24	0.8	NonTarget	1	242848
1214.325	0.8	NonTarget	1	242865
1214.725	0.8	Target	2	242945
1214.81	0.8	NonTarget	1	242962
1214.89	0.8	NonTarget	1	242978
1214.975	0.8	NonTarget	1	242995
1215.06	0.8	NonTarget	1	243012
1215.14	0.8	NonTarget	1	243028
1215.225	0.8	NonTarget	1	243045
1215.31	0.8	NonTarget	1	243062
1215.39	0.8	NonTarget	1	243078
1215.475	0.8	NonTarget	1	243095
1215.56	0.8	NonTarget	1	243112
1215.64	0.8	NonTarget	1	243128
1215.725	0.8	NonTarget	1	243145
1215.81	0.8	NonTarget	1	243162
1215.89	0.8	NonTarget	1	243178
1215.975	0.8	NonTarget	1	243195
1216.06	0.8	NonTarget	1	243212
1216.145	0.8	NonTarget	1	243229
1216.225	0.8	NonTarget	1	243245
1216.31	0.8	NonTarget	1	243262
1216.395	0.8	NonTarget	1	243279
1216.48	0.8	NonTarget	1	243296
1216.56	0.8	NonTarget	1	243312
1216.645	0.8	NonTarget	1	243329
1216.725	0.8	NonTarget	1	243345
1216.81	0.8	NonTarget	1	243362
1216.895	0.8	NonTarget	1	243379
1216.98	0.8	NonTarget	1	243396
1217.065	0.8	NonTarget	1	243413
1217.145	0.8	NonTarget	1	243429
1217.545	0.8	NonTarget	1	243509
1217.63	0.8	NonTarget	1	243526
1217.71	0.8	NonTarget	1	243542
1217.795	0.8	NonTarget	1	243559
1217.88	0.8	NonTarget	1	243576
1217.965	0.8	NonTarget	1	243593
1218.045	0.8	NonTarget	1	243609
1218.13	0.8	NonTarget	1	243626
1218.215	0.8	NonTarget	1	243643
1218.295	0.8	NonTarget	1	243659
1218.38	0.8	NonTarget	1	243676
1218.465	0.8	NonTarget	1	243693
1218.55	0.8	NonTarget	1	243710
1218.63	0.8	NonTarget	1	243726
1218.715	0.8	NonTarget	1	243743
1218.795	0.8	Target	2	243759
1218.88	0.8	NonTarget	1	243776
1218.965	0.8	NonTarget	1	243793
1219.05	0.8	NonTarget	1	243810
1219.13	0.8	NonTarget	1	243826
1219.215	0.8	NonTarget	1	243843
1219.295	0.8	NonTarget	1	243859
1219.38	0.8	NonTarget	1	243876
1219.465	0.8	NonTarget	1	243893
1219.55	0.8	NonTarget	1	243910
1219.63	0.8	NonTarget	1	243926
1219.715	0.8	NonTarget	1	243943
1219.8	0.8	NonTarget	1	243960
1219.88	0.8	NonTarget	1	243976
1219.965	0.8	NonTarget	1	243993
1220.365	0.8	NonTarget	1	244073
1220.45	0.8	NonTarget	1	244090
1220.53	0.8	NonTarget	1	244106
1220.615	0.8	NonTarget	1	244123
1220.7	0.8	NonTarget	1	244140
1220.785	0.8	Target	2	244157
1220.865	0.8	NonTarget	1	244173
1220.95	0.8	NonTarget	1	244190
1221.035	0.8	NonTarget	1	244207
1221.115	0.8	NonTarget	1	244223
1221.2	0.8	NonTarget	1	244240
1221.28	0.8	NonTarget	1	244256
1221.37	0.8	NonTarget	1	244274
1221.45	0.8	NonTarget	1	244290
1221.535	0.8	NonTarget	1	244307
1221.62	0.8	NonTarget	1	244324
1221.7	0.8	NonTarget	1	244340
1221.785	0.8	NonTarget	1	244357
1221.87	0.8	NonTarget	1	244374
1221.95	0.8	NonTarget	1	244390
1222.035	0.8	NonTarget	1	244407
1222.12	0.8	NonTarget	1	244424
1222.2	0.8	NonTarget	1	244440
1222.285	0.8	NonTarget	1	244457
1222.37	0.8	NonTarget	1	244474
1222.45	0.8	NonTarget	1	244490
1222.535	0.8	NonTarget	1	244507
1222.62	0.8	NonTarget	1	244524
1222.705	0.8	NonTarget	1	244541
1222.79	0.8	NonTarget	1	244558
1232.87	0.8	NonTarget	1	246574
1232.95	0.8	NonTarget	1	246590
1233.035	0.8	NonTarget	1	246607
1233.115	0.8	NonTarget	1	246623
1233.2	0.8	NonTarget	1	246640
1233.285	0.8	NonTarget	1	246657
1233.365	0.8	NonTarget	1	246673
1233.45	0.8	NonTarget	1	246690
1233.535	0.8	NonTarget	1	246707
1233.62	0.8	NonTarget	1	246724
1233.7	0.8	NonTarget	1	246740
1233.785	0.8	NonTarget	1	246757
1233.87	0.8	NonTarget	1	246774
1233.95	0.8	NonTarget	1	246790
1234.04	0.8	NonTarget	1	246808
1234.12	0.8	Target	2	246824
1234.205	0.8	NonTarget	1	246841
1234.285	0.8	NonTarget	1	246857
1234.37	0.8	NonTarget	1	246874
1234.45	0.8	NonTarget	1	246890
1234.54	0.8	NonTarget	1	246908
1234.62	0.8	NonTarget	1	246924
1234.7	0.8	NonTarget	1	246940
1234.785	0.8	NonTarget	1	246957
1234.87	0.8	NonTarget	1	246974
1234.955	0.8	NonTarget	1	246991
1235.035	0.8	NonTarget	1	247007
1235.12	0.8	NonTarget	1	247024
1235.205	0.8	NonTarget	1	247041
1235.285	0.8	NonTarget	1	247057
1235.69	0.8	Target	2	247138
1235.77	0.8	NonTarget	1	247154
1235.855	0.8	NonTarget	1	247171
1235.965	0.8	NonTarget	1	247193
1236.055	0.8	NonTarget	1	247211
1236.14	0.8	NonTarget	1	247228
1236.22	0.8	NonTarget	1	247244
1236.305	0.8	NonTarget	1	247261
1236.39	0.8	NonTarget	1	247278
1236.47	0.8	NonTarget	1	247294
1236.555	0.8	NonTarget	1	247311
1236.64	0.8	NonTarget	1	247328
1236.725	0.8	NonTarget	1	247345
1236.805	0.8	NonTarget	1	247361
1236.89	0.8	NonTarget	1	247378
1236.97	0.8	NonTarget	1	247394
1237.055	0.8	NonTarget	1	247411
1237.14	0.8	NonTarget	1	247428
1237.225	0.8	NonTarget	1	247445
1237.305	0.8	NonTarget	1	247461
1237.39	0.8	NonTarget	1	247478
1237.475	0.8	NonTarget	1	247495
1237.555	0.8	NonTarget	1	247511
1237.64	0.8	NonTarget	1	247528
1237.725	0.8	NonTarget	1	247545
1237.805	0.8	NonTarget	1	247561
1237.89	0.8	NonTarget	1	247578
1237.975	0.8	NonTarget	1	247595
1238.06	0.8	NonTarget	1	247612
1238.14	0.8	NonTarget	1	247628
1238.54	0.8	NonTarget	1	247708
1238.625	0.8	NonTarget	1	247725
1238.71	0.8	NonTarget	1	247742
1238.79	0.8	NonTarget	1	247758
1238.875	0.8	NonTarget	1	247775
1238.96	0.8	Target	2	247792
1239.04	0.8	NonTarget	1	247808
1239.125	0.8	NonTarget	1	247825
1239.21	0.8	NonTarget	1	247842
1239.29	0.8	NonTarget	1	247858
1239.375	0.8	NonTarget	1	247875
1239.46	0.8	NonTarget	1	247892
1239.545	0.8	NonTarget	1	247909
1239.63	0.8	NonTarget	1	247926
1239.71	0.8	NonTarget	1	247942
1239.795	0.8	NonTarget	1	247959
1239.875	0.8	NonTarget	1	247975
1239.96	0.8	NonTarget	1	247992
1240.045	0.8	NonTarget	1	248009
1240.125	0.8	NonTarget	1	248025
1240.21	0.8	NonTarget	1	248042
1240.295	0.8	NonTarget	1	248059
1240.375	0.8	NonTarget	1	248075
1240.46	0.8	NonTarget	1	248092
1240.545	0.8	NonTarget	1	248109
1240.63	0.8	NonTarget	1	248126
1240.71	0.8	NonTarget	1	248142
1240.795	0.8	NonTarget	1	248159
1240.88	0.8	NonTarget	1	248176
1240.96	0.8	NonTarget	1	248192
1241.36	0.8	NonTarget	1	248272
1241.445	0.8	NonTarget	1	248289
1241.53	0.8	NonTarget	1	248306
1241.61	0.8	NonTarget	1	248322
1241.695	0.8	NonTarget	1	248339
1241.78	0.8	NonTarget	1	248356
1241.865	0.8	NonTarget	1	248373
1241.945	0.8	NonTarget	1	248389
1242.03	0.8	NonTarget	1	248406
1242.115	0.8	NonTarget	1	248423
1242.195	0.8	NonTarget	1	248439
1242.28	0.8	NonTarget	1	248456
1242.365	0.8	NonTarget	1	248473
1242.45	0.8	NonTarget	1	248490
1242.53	0.8	NonTarget	1	248506
1242.615	0.8	NonTarget	1	248523
1242.7	0.8	NonTarget	1	248540
1242.78	0.8	NonTarget	1	248556
1242.865	0.8	NonTarget	1	248573
1242.95	0.8	NonTarget	1	248590
1243.03	0.8	Target	2	248606
1243.115	0.8	NonTarget	1	248623
1243.2	0.8	NonTarget	1	248640
1243.28	0.8	NonTarget	1	248656
1243.365	0.8	NonTarget	1	248673
1243.45	0.8	NonTarget	1	248690
1243.53	0.8	NonTarget	1	248706
1243.615	0.8	NonTarget	1	248723
1243.7	0.8	NonTarget	1	248740
1243.78	0.8	NonTarget	1	248756
1244.185	0.8	NonTarget	1	248837
1244.265	0.8	NonTarget	1	248853
1244.35	0.8	NonTarget	1	248870
1244.435	0.8	NonTarget	1	248887
1244.515	0.8	NonTarget	1	248903
1244.6	0.8	Target	2	248920
1244.685	0.8	NonTarget	1	248937
1244.765	0.8	NonTarget	1	248953
1244.85	0.8	NonTarget	1	248970
1244.935	0.8	NonTarget	1	248987
1245.02	0.8	NonTarget	1	249004
1245.1	0.8	NonTarget	1	249020
1245.185	0.8	NonTarget	1	249037
1245.27	0.8	NonTarget	1	249054
1245.35	0.8	NonTarget	1	249070
1245.435	0.8	NonTarget	1	249087
1245.52	0.8	NonTarget	1	249104
1245.6	0.8	NonTarget	1	249120
1245.685	0.8	NonTarget	1	249137
1245.77	0.8	NonTarget	1	249154
1245.855	0.8	NonTarget	1	249171
1245.935	0.8	NonTarget	1	249187
1246.02	0.8	NonTarget	1	249204
1246.105	0.8	NonTarget	1	249221
1246.19	0.8	NonTarget	1	249238
1246.27	0.8	NonTarget	1	249254
1246.35	0.8	NonTarget	1	249270
1246.44	0.8	NonTarget	1	249288
1246.52	0.8	NonTarget	1	249304
1246.605	0.8	NonTarget	1	249321
1247.005	0.8	Target	2	249401
1247.085	0.8	NonTarget	1	249417
1247.17	0.8	NonTarget	1	249434
1247.255	0.8	NonTarget	1	249451
1247.34	0.8	NonTarget	1	249468
1247.42	0.8	NonTarget	1	249484
1247.505	0.8	NonTarget	1	249501
1247.585	0.8	NonTarget	1	249517
1247.67	0.8	NonTarget	1	249534
1247.755	0.8	NonTarget	1	249551
1247.84	0.8	NonTarget	1	249568
1247.92	0.8	NonTarget	1	249584
1248.005	0.8	NonTarget	1	249601
1248.09	0.8	NonTarget	1	249618
1248.17	0.8	NonTarget	1	249634
1248.255	0.8	NonTarget	1	249651
1248.34	0.8	NonTarget	1	249668
1248.425	0.8	NonTarget	1	249685
1248.505	0.8	NonTarget	1	249701
1248.59	0.8	NonTarget	1	249718
1248.675	0.8	NonTarget	1	249735
1248.76	0.8	NonTarget	1	249752
1248.84	0.8	NonTarget	1	249768
1248.925	0.8	NonTarget	1	249785
1249.005	0.8	NonTarget	1	249801
1249.09	0.8	NonTarget	1	249818
1249.175	0.8	NonTarget	1	249835
1249.255	0.8	NonTarget	1	249851
1249.34	0.8	NonTarget	1	249868
1249.425	0.8	NonTarget	1	249885
1249.825	0.8	NonTarget	1	249965
1249.91	0.8	NonTarget	1	249982
1249.99	0.8	NonTarget	1	249998
1250.075	0.8	NonTarget	1	250015
1250.155	0.8	NonTarget	1	250031
1250.24	0.8	NonTarget	1	250048
1250.325	0.8	NonTarget	1	250065
1250.41	0.8	NonTarget	1	250082
1250.49	0.8	NonTarget	1	250098
1250.575	0.8	NonTarget	1	250115
1250.66	0.8	NonTarget	1	250132
1250.745	0.8	NonTarget	1	250149
1250.825	0.8	NonTarget	1	250165
1250.91	0.8	NonTarget	1	250182
1250.995	0.8	NonTarget	1	250199
1251.075	0.8	NonTarget	1	250215
1251.16	0.8	NonTarget	1	250232
1251.245	0.8	NonTarget	1	250249
1251.325	0.8	NonTarget	1	250265
1251.41	0.8	NonTarget	1	250282
1251.495	0.8	Target	2	250299
1251.575	0.8	NonTarget	1	250315
1251.66	0.8	NonTarget	1	250332
1251.745	0.8	NonTarget	1	250349
1251.825	0.8	NonTarget	1	250365
1251.91	0.8	NonTarget	1	250382
1251.995	0.8	NonTarget	1	250399
1252.075	0.8	NonTarget	1	250415
1252.16	0.8	NonTarget	1	250432
1252.245	0.8	NonTarget	1	250449
1252.645	0.8	NonTarget	1	250529
1252.73	0.8	NonTarget	1	250546
1252.81	0.8	NonTarget	1	250562
1252.895	0.8	NonTarget	1	250579
1252.98	0.8	NonTarget	1	250596
1253.065	0.8	NonTarget	1	250613
1253.145	0.8	NonTarget	1	250629
1253.23	0.8	NonTarget	1	250646
1253.315	0.8	NonTarget	1	250663
1253.395	0.8	NonTarget	1	250679
1253.48	0.8	NonTarget	1	250696
1253.565	0.8	NonTarget	1	250713
1253.645	0.8	NonTarget	1	250729
1253.73	0.8	NonTarget	1	250746
1253.815	0.8	NonTarget	1	250763
1253.9	0.8	NonTarget	1	250780
1253.98	0.8	NonTarget	1	250796
1254.065	0.8	NonTarget	1	250813
1254.15	0.8	NonTarget	1	250830
1254.23	0.8	NonTarget	1	250846
1254.315	0.8	Target	2	250863
1254.4	0.8	NonTarget	1	250880
1254.48	0.8	NonTarget	1	250896
1254.565	0.8	NonTarget	1	250913
1254.645	0.8	NonTarget	1	250929
1254.73	0.8	NonTarget	1	250946
1254.815	0.8	NonTarget	1	250963
1254.9	0.8	NonTarget	1	250980
1254.985	0.8	NonTarget	1	250997
1255.065	0.8	NonTarget	1	251013
1255.465	0.8	NonTarget	1	251093
1255.55	0.8	NonTarget	1	251110
1255.635	0.8	NonTarget	1	251127
1255.715	0.8	NonTarget	1	251143
1255.8	0.8	NonTarget	1	251160
1255.885	0.8	NonTarget	1	251177
1255.965	0.8	NonTarget	1	251193
1256.05	0.8	NonTarget	1	251210
1256.135	0.8	NonTarget	1	251227
1256.215	0.8	NonTarget	1	251243
1256.3	0.8	NonTarget	1	251260
1256.385	0.8	NonTarget	1	251277
1256.465	0.8	NonTarget	1	251293
1256.55	0.8	NonTarget	1	251310
1256.635	0.8	NonTarget	1	251327
1256.715	0.8	NonTarget	1	251343
1256.8	0.8	NonTarget	1	251360
1256.885	0.8	NonTarget	1	251377
1256.965	0.8	NonTarget	1	251393
1257.05	0.8	NonTarget	1	251410
1257.135	0.8	NonTarget	1	251427
1257.22	0.8	NonTarget	1	251444
1257.3	0.8	NonTarget	1	251460
1257.385	0.8	NonTarget	1	251477
1257.47	0.8	NonTarget	1	251494
1257.555	0.8	Target	2	251511
1257.635	0.8	NonTarget	1	251527
1257.72	0.8	NonTarget	1	251544
1257.805	0.8	NonTarget	1	251561
1257.885	0.8	NonTarget	1	251577
1258.285	0.8	NonTarget	1	251657
1258.37	0.8	NonTarget	1	251674
1258.455	0.8	NonTarget	1	251691
1258.535	0.8	NonTarget	1	251707
1258.62	0.8	NonTarget	1	251724
1258.705	0.8	NonTarget	1	251741
1258.785	0.8	NonTarget	1	251757
1258.87	0.8	NonTarget	1	251774
1258.955	0.8	NonTarget	1	251791
1259.035	0.8	NonTarget	1	251807
1259.12	0.8	NonTarget	1	251824
1259.205	0.8	NonTarget	1	251841
1259.29	0.8	NonTarget	1	251858
1259.37	0.8	NonTarget	1	251874
1259.455	0.8	NonTarget	1	251891
1259.54	0.8	Target	2	251908
1259.625	0.8	NonTarget	1	251925
1259.705	0.8	NonTarget	1	251941
1259.79	0.8	NonTarget	1	251958
1259.87	0.8	NonTarget	1	251974
1259.955	0.8	NonTarget	1	251991
1260.04	0.8	NonTarget	1	252008
1260.125	0.8	NonTarget	1	252025
1260.205	0.8	NonTarget	1	252041
1260.29	0.8	NonTarget	1	252058
1260.37	0.8	NonTarget	1	252074
1260.455	0.8	NonTarget	1	252091
1260.54	0.8	NonTarget	1	252108
1260.625	0.8	NonTarget	1	252125
1260.705	0.8	NonTarget	1	252141
1270.79	0.8	NonTarget	1	254158
1270.87	0.8	NonTarget	1	254174
1270.955	0.8	Target	2	254191
1271.035	0.8	NonTarget	1	254207
1271.12	0.8	NonTarget	1	254224
1271.205	0.8	NonTarget	1	254241
1271.29	0.8	NonTarget	1	254258
1271.37	0.8	NonTarget	1	254274
1271.455	0.8	NonTarget	1	254291
1271.54	0.8	NonTarget	1	254308
1271.625	0.8	NonTarget	1	254325
1271.705	0.8	NonTarget	1	254341
1271.79	0.8	NonTarget	1	254358
1271.87	0.8	NonTarget	1	254374
1271.955	0.8	NonTarget	1	254391
1272.04	0.8	NonTarget	1	254408
1272.12	0.8	NonTarget	1	254424
1272.205	0.8	NonTarget	1	254441
1272.29	0.8	NonTarget	1	254458
1272.375	0.8	NonTarget	1	254475
1272.455	0.8	NonTarget	1	254491
1272.54	0.8	NonTarget	1	254508
1272.625	0.8	NonTarget	1	254525
1272.71	0.8	NonTarget	1	254542
1272.79	0.8	NonTarget	1	254558
1272.875	0.8	NonTarget	1	254575
1272.96	0.8	NonTarget	1	254592
1273.04	0.8	NonTarget	1	254608
1273.125	0.8	NonTarget	1	254625
1273.205	0.8	NonTarget	1	254641
1273.61	0.8	NonTarget	1	254722
1273.69	0.8	NonTarget	1	254738
1273.775	0.8	NonTarget	1	254755
1273.86	0.8	NonTarget	1	254772
1273.945	0.8	NonTarget	1	254789
1274.025	0.8	NonTarget	1	254805
1274.11	0.8	NonTarget	1	254822
1274.19	0.8	Target	2	254838
1274.275	0.8	NonTarget	1	254855
1274.355	0.8	NonTarget	1	254871
1274.445	0.8	NonTarget	1	254889
1274.525	0.8	NonTarget	1	254905
1274.61	0.8	NonTarget	1	254922
1274.695	0.8	NonTarget	1	254939
1274.775	0.8	NonTarget	1	254955
1274.86	0.8	NonTarget	1	254972
1274.945	0.8	NonTarget	1	254989
1275.025	0.8	NonTarget	1	255005
1275.11	0.8	NonTarget	1	255022
1275.195	0.8	NonTarget	1	255039
1275.275	0.8	NonTarget	1	255055
1275.36	0.8	NonTarget	1	255072
1275.445	0.8	NonTarget	1	255089
1275.53	0.8	NonTarget	1	255106
1275.61	0.8	NonTarget	1	255122
1275.695	0.8	NonTarget	1	255139
1275.775	0.8	NonTarget	1	255155
1275.86	0.8	NonTarget	1	255172
1275.945	0.8	NonTarget	1	255189
1276.03	0.8	NonTarget	1	255206
1276.43	0.8	NonTarget	1	255286
1276.51	0.8	NonTarget	1	255302
1276.595	0.8	NonTarget	1	255319
1276.68	0.8	NonTarget	1	255336
1276.76	0.8	NonTarget	1	255352
1276.845	0.8	NonTarget	1	255369
1276.93	0.8	NonTarget	1	255386
1277.015	0.8	NonTarget	1	255403
1277.095	0.8	NonTarget	1	255419
1277.18	0.8	NonTarget	1	255436
1277.26	0.8	NonTarget	1	255452
1277.345	0.8	NonTarget	1	255469
1277.43	0.8	NonTarget	1	255486
1277.515	0.8	NonTarget	1	255503
1277.6	0.8	NonTarget	1	255520
1277.68	0.8	NonTarget	1	255536
1277.765	0.8	NonTarget	1	255553
1277.845	0.8	NonTarget	1	255569
1277.93	0.8	NonTarget	1	255586
1278.015	0.8	NonTarget	1	255603
1278.095	0.8	NonTarget	1	255619
1278.18	0.8	NonTarget	1	255636
1278.265	0.8	NonTarget	1	255653
1278.35	0.8	NonTarget	1	255670
1278.43	0.8	NonTarget	1	255686
1278.515	0.8	NonTarget	1	255703
1278.6	0.8	NonTarget	1	255720
1278.68	0.8	Target	2	255736
1278.765	0.8	NonTarget	1	255753
1278.85	0.8	NonTarget	1	255770
1279.25	0.8	NonTarget	1	255850
1279.335	0.8	NonTarget	1	255867
1279.415	0.8	NonTarget	1	255883
1279.5	0.8	NonTarget	1	255900
1279.585	0.8	NonTarget	1	255917
1279.665	0.8	NonTarget	1	255933
1279.75	0.8	NonTarget	1	255950
1279.835	0.8	NonTarget	1	255967
1279.915	0.8	NonTarget	1	255983
1280.0	0.8	NonTarget	1	256000
1280.085	0.8	NonTarget	1	256017
1280.165	0.8	NonTarget	1	256033
1280.25	0.8	NonTarget	1	256050
1280.335	0.8	NonTarget	1	256067
1280.415	0.8	NonTarget	1	256083
1280.5	0.8	NonTarget	1	256100
1280.585	0.8	NonTarget	1	256117
1280.67	0.8	NonTarget	1	256134
1280.75	0.8	NonTarget	1	256150
1280.835	0.8	NonTarget	1	256167
1280.92	0.8	NonTarget	1	256184
1281.0	0.8	NonTarget	1	256200
1281.085	0.8	Target	2	256217
1281.17	0.8	NonTarget	1	256234
1281.255	0.8	NonTarget	1	256251
1281.335	0.8	NonTarget	1	256267
1281.42	0.8	NonTarget	1	256284
1281.505	0.8	NonTarget	1	256301
1281.59	0.8	NonTarget	1	256318
1281.67	0.8	NonTarget	1	256334
1282.07	0.8	NonTarget	1	256414
1282.15	0.8	NonTarget	1	256430
1282.235	0.8	NonTarget	1	256447
1282.32	0.8	NonTarget	1	256464
1282.405	0.8	NonTarget	1	256481
1282.485	0.8	NonTarget	1	256497
1282.57	0.8	NonTarget	1	256514
1282.655	0.8	NonTarget	1	256531
1282.74	0.8	NonTarget	1	256548
1282.82	0.8	NonTarget	1	256564
1282.905	0.8	NonTarget	1	256581
1282.99	0.8	NonTarget	1	256598
1283.07	0.8	NonTarget	1	256614
1283.155	0.8	NonTarget	1	256631
1283.24	0.8	NonTarget	1	256648
1283.32	0.8	NonTarget	1	256664
1283.405	0.8	NonTarget	1	256681
1283.49	0.8	NonTarget	1	256698
1283.57	0.8	NonTarget	1	256714
1283.655	0.8	NonTarget	1	256731
1283.74	0.8	NonTarget	1	256748
1283.82	0.8	NonTarget	1	256764
1283.905	0.8	NonTarget	1	256781
1283.995	0.8	NonTarget	1	256799
1284.075	0.8	NonTarget	1	256815
1284.155	0.8	NonTarget	1	256831
1284.24	0.8	NonTarget	1	256848
1284.32	0.8	Target	2	256864
1284.41	0.8	NonTarget	1	256882
1284.49	0.8	NonTarget	1	256898
1284.895	0.8	NonTarget	1	256979
1284.975	0.8	NonTarget	1	256995
1285.06	0.8	Target	2	257012
1285.145	0.8	NonTarget	1	257029
1285.225	0.8	NonTarget	1	257045
1285.31	0.8	NonTarget	1	257062
1285.39	0.8	NonTarget	1	257078
1285.475	0.8	NonTarget	1	257095
1285.56	0.8	NonTarget	1	257112
1285.64	0.8	NonTarget	1	257128
1285.725	0.8	NonTarget	1	257145
1285.81	0.8	NonTarget	1	257162
1285.89	0.8	NonTarget	1	257178
1285.975	0.8	NonTarget	1	257195
1286.06	0.8	NonTarget	1	257212
1286.14	0.8	NonTarget	1	257228
1286.23	0.8	NonTarget	1	257246
1286.31	0.8	NonTarget	1	257262
1286.395	0.8	NonTarget	1	257279
1286.475	0.8	NonTarget	1	257295
1286.56	0.8	NonTarget	1	257312
1286.645	0.8	NonTarget	1	257329
1286.725	0.8	NonTarget	1	257345
1286.81	0.8	NonTarget	1	257362
1286.89	0.8	NonTarget	1	257378
1286.975	0.8	NonTarget	1	257395
1287.06	0.8	NonTarget	1	257412
1287.145	0.8	NonTarget	1	257429
1287.225	0.8	NonTarget	1	257445
1287.31	0.8	NonTarget	1	257462
1287.71	0.8	NonTarget	1	257542
1287.795	0.8	NonTarget	1	257559
1287.88	0.8	NonTarget	1	257576
1287.96	0.8	NonTarget	1	257592
1288.045	0.8	NonTarget	1	257609
1288.13	0.8	NonTarget	1	257626
1288.21	0.8	NonTarget	1	257642
1288.295	0.8	NonTarget	1	257659
1288.38	0.8	NonTarget	1	257676
1288.465	0.8	NonTarget	1	257693
1288.545	0.8	NonTarget	1	257709
1288.63	0.8	NonTarget	1	257726
1288.715	0.8	NonTarget	1	257743
1288.795	0.8	NonTarget	1	257759
1288.88	0.8	NonTarget	1	257776
1288.965	0.8	NonTarget	1	257793
1289.045	0.8	NonTarget	1	257809
1289.13	0.8	NonTarget	1	257826
1289.215	0.8	NonTarget	1	257843
1289.295	0.8	NonTarget	1	257859
1289.38	0.8	NonTarget	1	257876
1289.465	0.8	NonTarget	1	257893
1289.55	0.8	Target	2	257910
1289.63	0.8	NonTarget	1	257926
1289.715	0.8	NonTarget	1	257943
1289.8	0.8	NonTarget	1	257960
1289.88	0.8	NonTarget	1	257976
1289.965	0.8	NonTarget	1	257993
1290.045	0.8	NonTarget	1	258009
1290.13	0.8	NonTarget	1	258026
1290.535	0.8	NonTarget	1	258107
1290.615	0.8	NonTarget	1	258123
1290.7	0.8	NonTarget	1	258140
1290.785	0.8	NonTarget	1	258157
1290.865	0.8	NonTarget	1	258173
1290.95	0.8	NonTarget	1	258190
1291.03	0.8	NonTarget	1	258206
1291.115	0.8	Target	2	258223
1291.2	0.8	NonTarget	1	258240
1291.28	0.8	NonTarget	1	258256
1291.365	0.8	NonTarget	1	258273
1291.45	0.8	NonTarget	1	258290
1291.535	0.8	NonTarget	1	258307
1291.615	0.8	NonTarget	1	258323
1291.7	0.8	NonTarget	1	258340
1291.785	0.8	NonTarget	1	258357
1291.87	0.8	NonTarget	1	258374
1291.95	0.8	NonTarget	1	258390
1292.035	0.8	NonTarget	1	258407
1292.12	0.8	NonTarget	1	258424
1292.2	0.8	NonTarget	1	258440
1292.285	0.8	NonTarget	1	258457
1292.37	0.8	NonTarget	1	258474
1292.45	0.8	NonTarget	1	258490
1292.535	0.8	NonTarget	1	258507
1292.62	0.8	NonTarget	1	258524
1292.7	0.8	NonTarget	1	258540
1292.785	0.8	NonTarget	1	258557
1292.87	0.8	NonTarget	1	258574
1292.95	0.8	NonTarget	1	258590
1293.35	0.8	NonTarget	1	258670
1293.435	0.8	NonTarget	1	258687
1293.52	0.8	Target	2	258704
1293.6	0.8	NonTarget	1	258720
1293.685	0.8	NonTarget	1	258737
1293.77	0.8	NonTarget	1	258754
1293.855	0.8	NonTarget	1	258771
1293.935	0.8	NonTarget	1	258787
1294.02	0.8	NonTarget	1	258804
1294.105	0.8	NonTarget	1	258821
1294.19	0.8	NonTarget	1	258838
1294.27	0.8	NonTarget	1	258854
1294.355	0.8	NonTarget	1	258871
1294.44	0.8	NonTarget	1	258888
1294.52	0.8	NonTarget	1	258904
1294.605	0.8	NonTarget	1	258921
1294.69	0.8	NonTarget	1	258938
1294.77	0.8	NonTarget	1	258954
1294.855	0.8	NonTarget	1	258971
1294.94	0.8	NonTarget	1	258988
1295.025	0.8	NonTarget	1	259005
1295.105	0.8	NonTarget	1	259021
1295.19	0.8	NonTarget	1	259038
1295.275	0.8	NonTarget	1	259055
1295.36	0.8	NonTarget	1	259072
1295.44	0.8	NonTarget	1	259088
1295.52	0.8	NonTarget	1	259104
1295.605	0.8	NonTarget	1	259121
1295.69	0.8	NonTarget	1	259138
1295.77	0.8	NonTarget	1	259154
1296.175	0.8	NonTarget	1	259235
1296.255	0.8	NonTarget	1	259251
1296.34	0.8	NonTarget	1	259268
1296.425	0.8	NonTarget	1	259285
1296.505	0.8	NonTarget	1	259301
1296.59	0.8	NonTarget	1	259318
1296.675	0.8	NonTarget	1	259335
1296.76	0.8	NonTarget	1	259352
1296.84	0.8	NonTarget	1	259368
1296.925	0.8	NonTarget	1	259385
1297.01	0.8	NonTarget	1	259402
1297.09	0.8	NonTarget	1	259418
1297.175	0.8	Target	2	259435
1297.26	0.8	NonTarget	1	259452
1297.34	0.8	NonTarget	1	259468
1297.43	0.8	NonTarget	1	259486
1297.51	0.8	NonTarget	1	259502
1297.595	0.8	NonTarget	1	259519
1297.675	0.8	NonTarget	1	259535
1297.76	0.8	NonTarget	1	259552
1297.84	0.8	NonTarget	1	259568
1297.925	0.8	NonTarget	1	259585
1298.01	0.8	NonTarget	1	259602
1298.095	0.8	NonTarget	1	259619
1298.175	0.8	NonTarget	1	259635
1298.26	0.8	NonTarget	1	259652
1298.345	0.8	NonTarget	1	259669
1298.425	0.8	NonTarget	1	259685
1298.51	0.8	NonTarget	1	259702
1298.595	0.8	NonTarget	1	259719
1308.68	0.8	NonTarget	1	261736
1308.755	0.8	NonTarget	1	261751
1308.84	0.8	NonTarget	1	261768
1308.925	0.8	NonTarget	1	261785
1309.01	0.8	NonTarget	1	261802
1309.09	0.8	NonTarget	1	261818
1309.175	0.8	NonTarget	1	261835
1309.26	0.8	NonTarget	1	261852
1309.345	0.8	NonTarget	1	261869
1309.425	0.8	NonTarget	1	261885
1309.51	0.8	NonTarget	1	261902
1309.59	0.8	NonTarget	1	261918
1309.675	0.8	NonTarget	1	261935
1309.76	0.8	NonTarget	1	261952
1309.84	0.8	NonTarget	1	261968
1309.925	0.8	NonTarget	1	261985
1310.01	0.8	NonTarget	1	262002
1310.095	0.8	NonTarget	1	262019
1310.175	0.8	Target	2	262035
1310.26	0.8	NonTarget	1	262052
1310.345	0.8	NonTarget	1	262069
1310.425	0.8	NonTarget	1	262085
1310.51	0.8	NonTarget	1	262102
1310.595	0.8	NonTarget	1	262119
1310.675	0.8	NonTarget	1	262135
1310.76	0.8	NonTarget	1	262152
1310.845	0.8	NonTarget	1	262169
1310.925	0.8	NonTarget	1	262185
1311.01	0.8	NonTarget	1	262202
1311.095	0.8	NonTarget	1	262219
1311.495	0.8	NonTarget	1	262299
1311.58	0.8	NonTarget	1	262316
1311.665	0.8	NonTarget	1	262333
1311.745	0.8	NonTarget	1	262349
1311.83	0.8	NonTarget	1	262366
1311.91	0.8	NonTarget	1	262382
1311.995	0.8	NonTarget	1	262399
1312.08	0.8	NonTarget	1	262416
1312.16	0.8	Target	2	262432
1312.245	0.8	NonTarget	1	262449
1312.33	0.8	NonTarget	1	262466
1312.415	0.8	NonTarget	1	262483
1312.495	0.8	NonTarget	1	262499
1312.58	0.8	NonTarget	1	262516
1312.665	0.8	NonTarget	1	262533
1312.745	0.8	NonTarget	1	262549
1312.83	0.8	NonTarget	1	262566
1312.915	0.8	NonTarget	1	262583
1313.0	0.8	NonTarget	1	262600
1313.08	0.8	NonTarget	1	262616
1313.165	0.8	NonTarget	1	262633
1313.245	0.8	NonTarget	1	262649
1313.33	0.8	NonTarget	1	262666
1313.415	0.8	NonTarget	1	262683
1313.5	0.8	NonTarget	1	262700
1313.585	0.8	NonTarget	1	262717
1313.665	0.8	NonTarget	1	262733
1313.75	0.8	NonTarget	1	262750
1313.835	0.8	NonTarget	1	262767
1313.915	0.8	NonTarget	1	262783
1314.315	0.8	NonTarget	1	262863
1314.4	0.8	NonTarget	1	262880
1314.48	0.8	NonTarget	1	262896
1314.565	0.8	NonTarget	1	262913
1314.65	0.8	NonTarget	1	262930
1314.73	0.8	NonTarget	1	262946
1314.815	0.8	NonTarget	1	262963
1314.9	0.8	NonTarget	1	262980
1314.985	0.8	NonTarget	1	262997
1315.065	0.8	NonTarget	1	263013
1315.15	0.8	NonTarget	1	263030
1315.235	0.8	NonTarget	1	263047
1315.315	0.8	NonTarget	1	263063
1315.4	0.8	Target	2	263080
1315.485	0.8	NonTarget	1	263097
1315.565	0.8	NonTarget	1	263113
1315.65	0.8	NonTarget	1	263130
1315.735	0.8	NonTarget	1	263147
1315.82	0.8	NonTarget	1	263164
1315.9	0.8	NonTarget	1	263180
1315.985	0.8	NonTarget	1	263197
1316.07	0.8	NonTarget	1	263214
1316.15	0.8	NonTarget	1	263230
1316.235	0.8	NonTarget	1	263247
1316.32	0.8	NonTarget	1	263264
1316.4	0.8	NonTarget	1	263280
1316.485	0.8	NonTarget	1	263297
1316.57	0.8	NonTarget	1	263314
1316.65	0.8	NonTarget	1	263330
1316.74	0.8	NonTarget	1	263348
1317.135	0.8	NonTarget	1	263427
1317.22	0.8	NonTarget	1	263444
1317.3	0.8	NonTarget	1	263460
1317.385	0.8	NonTarget	1	263477
1317.47	0.8	NonTarget	1	263494
1317.555	0.8	NonTarget	1	263511
1317.635	0.8	NonTarget	1	263527
1317.72	0.8	NonTarget	1	263544
1317.805	0.8	Target	2	263561
1317.885	0.8	NonTarget	1	263577
1317.97	0.8	NonTarget	1	263594
1318.055	0.8	NonTarget	1	263611
1318.135	0.8	NonTarget	1	263627
1318.22	0.8	NonTarget	1	263644
1318.305	0.8	NonTarget	1	263661
1318.39	0.8	NonTarget	1	263678
1318.47	0.8	NonTarget	1	263694
1318.555	0.8	NonTarget	1	263711
1318.64	0.8	NonTarget	1	263728
1318.72	0.8	NonTarget	1	263744
1318.805	0.8	NonTarget	1	263761
1318.885	0.8	NonTarget	1	263777
1318.975	0.8	NonTarget	1	263795
1319.055	0.8	NonTarget	1	263811
1319.14	0.8	NonTarget	1	263828
1319.225	0.8	NonTarget	1	263845
1319.305	0.8	NonTarget	1	263861
1319.39	0.8	NonTarget	1	263878
1319.475	0.8	NonTarget	1	263895
1319.555	0.8	NonTarget	1	263911
1319.96	0.8	NonTarget	1	263992
1320.04	0.8	NonTarget	1	264008
1320.125	0.8	NonTarget	1	264025
1320.205	0.8	NonTarget	1	264041
1320.29	0.8	NonTarget	1	264058
1320.375	0.8	NonTarget	1	264075
1320.455	0.8	NonTarget	1	264091
1320.54	0.8	NonTarget	1	264108
1320.625	0.8	NonTarget	1	264125
1320.71	0.8	NonTarget	1	264142
1320.79	0.8	NonTarget	1	264158
1320.875	0.8	NonTarget	1	264175
1320.96	0.8	NonTarget	1	264192
1321.04	0.8	NonTarget	1	264208
1321.125	0.8	NonTarget	1	264225
1321.21	0.8	NonTarget	1	264242
1321.29	0.8	NonTarget	1	264258
1321.375	0.8	NonTarget	1	264275
1321.46	0.8	NonTarget	1	264292
1321.545	0.8	NonTarget	1	264309
1321.625	0.8	NonTarget	1	264325
1321.71	0.8	NonTarget	1	264342
1321.79	0.8	NonTarget	1	264358
1321.875	0.8	Target	2	264375
1321.96	0.8	NonTarget	1	264392
1322.045	0.8	NonTarget	1	264409
1322.125	0.8	NonTarget	1	264425
1322.21	0.8	NonTarget	1	264442
1322.295	0.8	NonTarget	1	264459
1322.375	0.8	NonTarget	1	264475
1322.78	0.8	NonTarget	1	264556
1322.86	0.8	NonTarget	1	264572
1322.945	0.8	NonTarget	1	264589
1323.03	0.8	NonTarget	1	264606
1323.11	0.8	NonTarget	1	264622
1323.195	0.8	NonTarget	1	264639
1323.28	0.8	NonTarget	1	264656
1323.36	0.8	NonTarget	1	264672
1323.445	0.8	Target	2	264689
1323.53	0.8	NonTarget	1	264706
1323.615	0.8	NonTarget	1	264723
1323.695	0.8	NonTarget	1	264739
1323.78	0.8	NonTarget	1	264756
1323.86	0.8	NonTarget	1	264772
1323.95	0.8	NonTarget	1	264790
1324.03	0.8	NonTarget	1	264806
1324.115	0.8	NonTarget	1	264823
1324.195	0.8	NonTarget	1	264839
1324.28	0.8	NonTarget	1	264856
1324.365	0.8	NonTarget	1	264873
1324.445	0.8	NonTarget	1	264889
1324.53	0.8	NonTarget	1	264906
1324.615	0.8	NonTarget	1	264923
1324.7	0.8	NonTarget	1	264940
1324.78	0.8	NonTarget	1	264956
1324.865	0.8	NonTarget	1	264973
1324.95	0.8	NonTarget	1	264990
1325.03	0.8	NonTarget	1	265006
1325.115	0.8	NonTarget	1	265023
1325.2	0.8	NonTarget	1	265040
1325.6	0.8	NonTarget	1	265120
1325.68	0.8	NonTarget	1	265136
1325.765	0.8	NonTarget	1	265153
1325.85	0.8	NonTarget	1	265170
1325.93	0.8	NonTarget	1	265186
1326.015	0.8	NonTarget	1	265203
1326.1	0.8	NonTarget	1	265220
1326.18	0.8	NonTarget	1	265236
1326.265	0.8	NonTarget	1	265253
1326.35	0.8	NonTarget	1	265270
1326.435	0.8	NonTarget	1	265287
1326.515	0.8	NonTarget	1	265303
1326.6	0.8	NonTarget	1	265320
1326.685	0.8	NonTarget	1	265337
1326.765	0.8	NonTarget	1	265353
1326.85	0.8	NonTarget	1	265370
1326.935	0.8	NonTarget	1	265387
1327.015	0.8	NonTarget	1	265403
1327.1	0.8	NonTarget	1	265420
1327.185	0.8	NonTarget	1	265437
1327.27	0.8	NonTarget	1	265454
1327.35	0.8	NonTarget	1	265470
1327.435	0.8	NonTarget	1	265487
1327.52	0.8	Target	2	265504
1327.6	0.8	NonTarget	1	265520
1327.685	0.8	NonTarget	1	265537
1327.77	0.8	NonTarget	1	265554
1327.85	0.8	NonTarget	1	265570
1327.935	0.8	NonTarget	1	265587
1328.02	0.8	NonTarget	1	265604
1328.42	0.8	NonTarget	1	265684
1328.505	0.8	NonTarget	1	265701
1328.585	0.8	NonTarget	1	265717
1328.67	0.8	NonTarget	1	265734
1328.755	0.8	NonTarget	1	265751
1328.835	0.8	NonTarget	1	265767
1328.92	0.8	NonTarget	1	265784
1329.0	0.8	NonTarget	1	265800
1329.085	0.8	NonTarget	1	265817
1329.17	0.8	NonTarget	1	265834
1329.255	0.8	NonTarget	1	265851
1329.335	0.8	NonTarget	1	265867
1329.42	0.8	NonTarget	1	265884
1329.505	0.8	Target	2	265901
1329.59	0.8	NonTarget	1	265918
1329.67	0.8	NonTarget	1	265934
1329.755	0.8	NonTarget	1	265951
1329.835	0.8	NonTarget	1	265967
1329.92	0.8	NonTarget	1	265984
1330.005	0.8	NonTarget	1	266001
1330.09	0.8	NonTarget	1	266018
1330.17	0.8	NonTarget	1	266034
1330.255	0.8	NonTarget	1	266051
1330.34	0.8	NonTarget	1	266068
1330.425	0.8	NonTarget	1	266085
1330.505	0.8	NonTarget	1	266101
1330.59	0.8	NonTarget	1	266118
1330.67	0.8	NonTarget	1	266134
1330.755	0.8	NonTarget	1	266151
1330.84	0.8	NonTarget	1	266168
1331.24	0.8	NonTarget	1	266248
1331.325	0.8	NonTarget	1	266265
1331.405	0.8	NonTarget	1	266281
1331.49	0.8	Target	2	266298
1331.575	0.8	NonTarget	1	266315
1331.655	0.8	NonTarget	1	266331
1331.74	0.8	NonTarget	1	266348
1331.825	0.8	NonTarget	1	266365
1331.91	0.8	NonTarget	1	266382
1331.99	0.8	NonTarget	1	266398
1332.075	0.8	NonTarget	1	266415
1332.16	0.8	NonTarget	1	266432
1332.24	0.8	NonTarget	1	266448
1332.325	0.8	NonTarget	1	266465
1332.405	0.8	NonTarget	1	266481
1332.49	0.8	NonTarget	1	266498
1332.575	0.8	NonTarget	1	266515
1332.66	0.8	NonTarget	1	266532
1332.745	0.8	NonTarget	1	266549
1332.83	0.8	NonTarget	1	266566
1332.91	0.8	NonTarget	1	266582
1332.99	0.8	NonTarget	1	266598
1333.075	0.8	NonTarget	1	266615
1333.16	0.8	NonTarget	1	266632
1333.24	0.8	NonTarget	1	266648
1333.325	0.8	NonTarget	1	266665
1333.41	0.8	NonTarget	1	266682
1333.495	0.8	NonTarget	1	266699
1333.575	0.8	NonTarget	1	266715
1333.66	0.8	NonTarget	1	266732
1334.06	0.8	NonTarget	1	266812
1334.145	0.8	NonTarget	1	266829
1334.225	0.8	NonTarget	1	266845
1334.31	0.8	NonTarget	1	266862
1334.395	0.8	NonTarget	1	266879
1334.48	0.8	NonTarget	1	266896
1334.56	0.8	NonTarget	1	266912
1334.645	0.8	NonTarget	1	266929
1334.73	0.8	NonTarget	1	266946
1334.81	0.8	NonTarget	1	266962
1334.895	0.8	NonTarget	1	266979
1334.98	0.8	NonTarget	1	266996
1335.06	0.8	NonTarget	1	267012
1335.15	0.8	NonTarget	1	267030
1335.23	0.8	NonTarget	1	267046
1335.315	0.8	NonTarget	1	267063
1335.395	0.8	NonTarget	1	267079
1335.48	0.8	NonTarget	1	267096
1335.56	0.8	NonTarget	1	267112
1335.645	0.8	NonTarget	1	267129
1335.73	0.8	NonTarget	1	267146
1335.815	0.8	NonTarget	1	267163
1335.895	0.8	NonTarget	1	267179
1335.98	0.8	NonTarget	1	267196
1336.065	0.8	NonTarget	1	267213
1336.15	0.8	NonTarget	1	267230
1336.23	0.8	NonTarget	1	267246
1336.315	0.8	NonTarget	1	267263
1336.395	0.8	Target	2	267279
1336.48	0.8	NonTarget	1	267296
1346.565	0.8	NonTarget	1	269313
1346.645	0.8	NonTarget	1	269329
1346.73	0.8	NonTarget	1	269346
1346.81	0.8	NonTarget	1	269362
1346.895	0.8	NonTarget	1	269379
1346.98	0.8	NonTarget	1	269396
1347.06	0.8	NonTarget	1	269412
1347.145	0.8	NonTarget	1	269429
1347.23	0.8	NonTarget	1	269446
1347.315	0.8	NonTarget	1	269463
1347.395	0.8	NonTarget	1	269479
1347.48	0.8	NonTarget	1	269496
1347.56	0.8	NonTarget	1	269512
1347.645	0.8	NonTarget	1	269529
1347.73	0.8	NonTarget	1	269546
1347.815	0.8	NonTarget	1	269563
1347.895	0.8	NonTarget	1	269579
1347.98	0.8	NonTarget	1	269596
1348.065	0.8	NonTarget	1	269613
1348.15	0.8	NonTarget	1	269630
1348.23	0.8	NonTarget	1	269646
1348.315	0.8	Target	2	269663
1348.4	0.8	NonTarget	1	269680
1348.48	0.8	NonTarget	1	269696
1348.565	0.8	NonTarget	1	269713
1348.645	0.8	NonTarget	1	269729
1348.73	0.8	NonTarget	1	269746
1348.815	0.8	NonTarget	1	269763
1348.9	0.8	NonTarget	1	269780
1348.985	0.8	NonTarget	1	269797
1349.385	0.8	NonTarget	1	269877
1349.465	0.8	NonTarget	1	269893
1349.55	0.8	NonTarget	1	269910
1349.63	0.8	NonTarget	1	269926
1349.715	0.8	NonTarget	1	269943
1349.8	0.8	NonTarget	1	269960
1349.88	0.8	Target	2	269976
1349.965	0.8	NonTarget	1	269993
1350.05	0.8	NonTarget	1	270010
1350.135	0.8	NonTarget	1	270027
1350.215	0.8	NonTarget	1	270043
1350.3	0.8	NonTarget	1	270060
1350.385	0.8	NonTarget	1	270077
1350.47	0.8	NonTarget	1	270094
1350.55	0.8	NonTarget	1	270110
1350.635	0.8	NonTarget	1	270127
1350.715	0.8	NonTarget	1	270143
1350.8	0.8	NonTarget	1	270160
1350.885	0.8	NonTarget	1	270177
1350.965	0.8	NonTarget	1	270193
1351.05	0.8	NonTarget	1	270210
1351.135	0.8	NonTarget	1	270227
1351.22	0.8	NonTarget	1	270244
1351.3	0.8	NonTarget	1	270260
1351.385	0.8	NonTarget	1	270277
1351.47	0.8	NonTarget	1	270294
1351.55	0.8	NonTarget	1	270310
1351.635	0.8	NonTarget	1	270327
1351.72	0.8	NonTarget	1	270344
1351.805	0.8	NonTarget	1	270361
1352.205	0.8	NonTarget	1	270441
1352.285	0.8	Target	2	270457
1352.37	0.8	NonTarget	1	270474
1352.455	0.8	NonTarget	1	270491
1352.535	0.8	NonTarget	1	270507
1352.62	0.8	NonTarget	1	270524
1352.705	0.8	NonTarget	1	270541
1352.785	0.8	NonTarget	1	270557
1352.87	0.8	NonTarget	1	270574
1352.955	0.8	NonTarget	1	270591
1353.04	0.8	NonTarget	1	270608
1353.12	0.8	NonTarget	1	270624
1353.205	0.8	NonTarget	1	270641
1353.29	0.8	NonTarget	1	270658
1353.37	0.8	NonTarget	1	270674
1353.455	0.8	NonTarget	1	270691
1353.54	0.8	NonTarget	1	270708
1353.62	0.8	NonTarget	1	270724
1353.705	0.8	NonTarget	1	270741
1353.79	0.8	NonTarget	1	270758
1353.875	0.8	NonTarget	1	270775
1353.955	0.8	NonTarget	1	270791
1354.04	0.8	NonTarget	1	270808
1354.12	0.8	NonTarget	1	270824
1354.205	0.8	NonTarget	1	270841
1354.29	0.8	NonTarget	1	270858
1354.37	0.8	NonTarget	1	270874
1354.455	0.8	NonTarget	1	270891
1354.54	0.8	NonTarget	1	270908
1354.625	0.8	NonTarget	1	270925
1355.025	0.8	NonTarget	1	271005
1355.105	0.8	NonTarget	1	271021
1355.19	0.8	NonTarget	1	271038
1355.275	0.8	NonTarget	1	271055
1355.355	0.8	NonTarget	1	271071
1355.44	0.8	NonTarget	1	271088
1355.525	0.8	NonTarget	1	271105
1355.605	0.8	NonTarget	1	271121
1355.69	0.8	NonTarget	1	271138
1355.775	0.8	NonTarget	1	271155
1355.86	0.8	NonTarget	1	271172
1355.94	0.8	Target	2	271188
1356.025	0.8	NonTarget	1	271205
1356.11	0.8	NonTarget	1	271222
1356.195	0.8	NonTarget	1	271239
1356.275	0.8	NonTarget	1	271255
1356.36	0.8	NonTarget	1	271272
1356.445	0.8	NonTarget	1	271289
1356.525	0.8	NonTarget	1	271305
1356.61	0.8	NonTarget	1	271322
1356.69	0.8	NonTarget	1	271338
1356.775	0.8	NonTarget	1	271355
1356.86	0.8	NonTarget	1	271372
1356.945	0.8	NonTarget	1	271389
1357.03	0.8	NonTarget	1	271406
1357.11	0.8	NonTarget	1	271422
1357.195	0.8	NonTarget	1	271439
1357.275	0.8	NonTarget	1	271455
1357.36	0.8	NonTarget	1	271472
1357.445	0.8	NonTarget	1	271489
1357.845	0.8	NonTarget	1	271569
1357.925	0.8	NonTarget	1	271585
1358.01	0.8	NonTarget	1	271602
1358.095	0.8	NonTarget	1	271619
1358.18	0.8	NonTarget	1	271636
1358.26	0.8	NonTarget	1	271652
1358.345	0.8	Target	2	271669
1358.43	0.8	NonTarget	1	271686
1358.51	0.8	NonTarget	1	271702
1358.595	0.8	NonTarget	1	271719
1358.68	0.8	NonTarget	1	271736
1358.765	0.8	NonTarget	1	271753
1358.845	0.8	NonTarget	1	271769
1358.93	0.8	NonTarget	1	271786
1359.015	0.8	NonTarget	1	271803
1359.095	0.8	NonTarget	1	271819
1359.18	0.8	NonTarget	1	271836
1359.26	0.8	NonTarget	1	271852
1359.345	0.8	NonTarget	1	271869
1359.43	0.8	NonTarget	1	271886
1359.51	0.8	NonTarget	1	271902
1359.595	0.8	NonTarget	1	271919
1359.68	0.8	NonTarget	1	271936
1359.765	0.8	NonTarget	1	271953
1359.845	0.8	NonTarget	1	271969
1359.93	0.8	NonTarget	1	271986
1360.015	0.8	NonTarget	1	272003
1360.1	0.8	NonTarget	1	272020
1360.18	0.8	NonTarget	1	272036
1360.265	0.8	NonTarget	1	272053
1360.665	0.8	NonTarget	1	272133
1360.75	0.8	NonTarget	1	272150
1360.83	0.8	NonTarget	1	272166
1360.915	0.8	NonTarget	1	272183
1361.0	0.8	NonTarget	1	272200
1361.08	0.8	NonTarget	1	272216
1361.165	0.8	NonTarget	1	272233
1361.245	0.8	NonTarget	1	272249
1361.33	0.8	NonTarget	1	272266
1361.415	0.8	NonTarget	1	272283
1361.5	0.8	NonTarget	1	272300
1361.585	0.8	NonTarget	1	272317
1361.665	0.8	NonTarget	1	272333
1361.75	0.8	NonTarget	1	272350
1361.835	0.8	NonTarget	1	272367
1361.915	0.8	NonTarget	1	272383
1362.0	0.8	NonTarget	1	272400
1362.085	0.8	NonTarget	1	272417
1362.165	0.8	NonTarget	1	272433
1362.25	0.8	NonTarget	1	272450
1362.33	0.8	NonTarget	1	272466
1362.415	0.8	Target	2	272483
1362.5	0.8	NonTarget	1	272500
1362.585	0.8	NonTarget	1	272517
1362.67	0.8	NonTarget	1	272534
1362.75	0.8	NonTarget	1	272550
1362.835	0.8	NonTarget	1	272567
1362.92	0.8	NonTarget	1	272584
1363.005	0.8	NonTarget	1	272601
1363.085	0.8	NonTarget	1	272617
1363.485	0.8	NonTarget	1	272697
1363.57	0.8	NonTarget	1	272714
1363.65	0.8	NonTarget	1	272730
1363.735	0.8	NonTarget	1	272747
1363.82	0.8	NonTarget	1	272764
1363.905	0.8	NonTarget	1	272781
1363.985	0.8	NonTarget	1	272797
1364.07	0.8	NonTarget	1	272814
1364.155	0.8	NonTarget	1	272831
1364.235	0.8	NonTarget	1	272847
1364.32	0.8	NonTarget	1	272864
1364.405	0.8	NonTarget	1	272881
1364.485	0.8	NonTarget	1	272897
1364.57	0.8	NonTarget	1	272914
1364.655	0.8	NonTarget	1	272931
1364.735	0.8	NonTarget	1	272947
1364.82	0.8	Target	2	272964
1364.905	0.8	NonTarget	1	272981
1364.99	0.8	NonTarget	1	272998
1365.07	0.8	NonTarget	1	273014
1365.155	0.8	NonTarget	1	273031
1365.24	0.8	NonTarget	1	273048
1365.32	0.8	NonTarget	1	273064
1365.405	0.8	NonTarget	1	273081
1365.485	0.8	NonTarget	1	273097
1365.57	0.8	NonTarget	1	273114
1365.655	0.8	NonTarget	1	273131
1365.74	0.8	NonTarget	1	273148
1365.825	0.8	NonTarget	1	273165
1365.905	0.8	NonTarget	1	273181
1366.305	0.8	NonTarget	1	273261
1366.39	0.8	NonTarget	1	273278
1366.475	0.8	NonTarget	1	273295
1366.555	0.8	NonTarget	1	273311
1366.64	0.8	NonTarget	1	273328
1366.72	0.8	NonTarget	1	273344
1366.805	0.8	NonTarget	1	273361
1366.89	0.8	NonTarget	1	273378
1366.975	0.8	NonTarget	1	273395
1367.055	0.8	NonTarget	1	273411
1367.14	0.8	NonTarget	1	273428
1367.225	0.8	NonTarget	1	273445
1367.31	0.8	NonTarget	1	273462
1367.39	0.8	NonTarget	1	273478
1367.475	0.8	NonTarget	1	273495
1367.56	0.8	NonTarget	1	273512
1367.64	0.8	NonTarget	1	273528
1367.725	0.8	NonTarget	1	273545
1367.81	0.8	NonTarget	1	273562
1367.89	0.8	NonTarget	1	273578
1367.975	0.8	NonTarget	1	273595
1368.06	0.8	Target	2	273612
1368.145	0.8	NonTarget	1	273629
1368.225	0.8	NonTarget	1	273645
1368.31	0.8	NonTarget	1	273662
1368.39	0.8	NonTarget	1	273678
1368.475	0.8	NonTarget	1	273695
1368.56	0.8	NonTarget	1	273712
1368.645	0.8	NonTarget	1	273729
1368.725	0.8	NonTarget	1	273745
1369.125	0.8	NonTarget	1	273825
1369.21	0.8	NonTarget	1	273842
1369.295	0.8	NonTarget	1	273859
1369.375	0.8	NonTarget	1	273875
1369.46	0.8	NonTarget	1	273892
1369.545	0.8	NonTarget	1	273909
1369.625	0.8	Target	2	273925
1369.71	0.8	NonTarget	1	273942
1369.795	0.8	NonTarget	1	273959
1369.875	0.8	NonTarget	1	273975
1369.965	0.8	NonTarget	1	273993
1370.045	0.8	NonTarget	1	274009
1370.125	0.8	NonTarget	1	274025
1370.21	0.8	NonTarget	1	274042
1370.295	0.8	NonTarget	1	274059
1370.38	0.8	NonTarget	1	274076
1370.465	0.8	NonTarget	1	274093
1370.545	0.8	NonTarget	1	274109
1370.63	0.8	NonTarget	1	274126
1370.715	0.8	NonTarget	1	274143
1370.8	0.8	NonTarget	1	274160
1370.88	0.8	NonTarget	1	274176
1370.965	0.8	NonTarget	1	274193
1371.045	0.8	NonTarget	1	274209
1371.13	0.8	NonTarget	1	274226
1371.215	0.8	NonTarget	1	274243
1371.295	0.8	NonTarget	1	274259
1371.38	0.8	NonTarget	1	274276
1371.465	0.8	NonTarget	1	274293
1371.545	0.8	NonTarget	1	274309
1371.945	0.8	NonTarget	1	274389
1372.03	0.8	Target	2	274406
1372.115	0.8	NonTarget	1	274423
1372.2	0.8	NonTarget	1	274440
1372.28	0.8	NonTarget	1	274456
1372.365	0.8	NonTarget	1	274473
1372.45	0.8	NonTarget	1	274490
1372.53	0.8	NonTarget	1	274506
1372.615	0.8	NonTarget	1	274523
1372.7	0.8	NonTarget	1	274540
1372.785	0.8	NonTarget	1	274557
1372.865	0.8	NonTarget	1	274573
1372.95	0.8	NonTarget	1	274590
1373.035	0.8	NonTarget	1	274607
1373.115	0.8	NonTarget	1	274623
1373.2	0.8	NonTarget	1	274640
1373.28	0.8	NonTarget	1	274656
1373.365	0.8	NonTarget	1	274673
1373.45	0.8	NonTarget	1	274690
1373.53	0.8	NonTarget	1	274706
1373.615	0.8	NonTarget	1	274723
1373.7	0.8	NonTarget	1	274740
1373.785	0.8	NonTarget	1	274757
1373.87	0.8	NonTarget	1	274774
1373.95	0.8	NonTarget	1	274790
1374.035	0.8	NonTarget	1	274807
1374.115	0.8	NonTarget	1	274823
1374.2	0.8	NonTarget	1	274840
1374.285	0.8	NonTarget	1	274857
1374.365	0.8	NonTarget	1	274873
1384.435	0.8	NonTarget	1	276887
1384.515	0.8	NonTarget	1	276903
1384.6	0.8	Target	2	276920
1384.68	0.8	NonTarget	1	276936
1384.765	0.8	NonTarget	1	276953
1384.85	0.8	NonTarget	1	276970
1384.93	0.8	NonTarget	1	276986
1385.015	0.8	NonTarget	1	277003
1385.1	0.8	NonTarget	1	277020
1385.185	0.8	NonTarget	1	277037
1385.265	0.8	NonTarget	1	277053
1385.35	0.8	NonTarget	1	277070
1385.435	0.8	NonTarget	1	277087
1385.515	0.8	NonTarget	1	277103
1385.6	0.8	NonTarget	1	277120
1385.68	0.8	NonTarget	1	277136
1385.765	0.8	NonTarget	1	277153
1385.85	0.8	NonTarget	1	277170
1385.935	0.8	NonTarget	1	277187
1386.02	0.8	NonTarget	1	277204
1386.1	0.8	NonTarget	1	277220
1386.185	0.8	NonTarget	1	277237
1386.27	0.8	NonTarget	1	277254
1386.35	0.8	NonTarget	1	277270
1386.435	0.8	NonTarget	1	277287
1386.52	0.8	NonTarget	1	277304
1386.6	0.8	NonTarget	1	277320
1386.685	0.8	NonTarget	1	277337
1386.77	0.8	NonTarget	1	277354
1386.85	0.8	NonTarget	1	277370
1387.255	0.8	NonTarget	1	277451
1387.335	0.8	NonTarget	1	277467
1387.42	0.8	NonTarget	1	277484
1387.505	0.8	NonTarget	1	277501
1387.585	0.8	NonTarget	1	277517
1387.67	0.8	NonTarget	1	277534
1387.755	0.8	NonTarget	1	277551
1387.835	0.8	NonTarget	1	277567
1387.92	0.8	NonTarget	1	277584
1388.005	0.8	NonTarget	1	277601
1388.085	0.8	NonTarget	1	277617
1388.17	0.8	NonTarget	1	277634
1388.255	0.8	NonTarget	1	277651
1388.34	0.8	NonTarget	1	277668
1388.42	0.8	NonTarget	1	277684
1388.505	0.8	NonTarget	1	277701
1388.59	0.8	NonTarget	1	277718
1388.67	0.8	NonTarget	1	277734
1388.755	0.8	NonTarget	1	277751
1388.84	0.8	NonTarget	1	277768
1388.92	0.8	NonTarget	1	277784
1389.005	0.8	NonTarget	1	277801
1389.09	0.8	NonTarget	1	277818
1389.17	0.8	NonTarget	1	277834
1389.255	0.8	NonTarget	1	277851
1389.34	0.8	NonTarget	1	277868
1389.425	0.8	NonTarget	1	277885
1389.505	0.8	Target	2	277901
1389.59	0.8	NonTarget	1	277918
1389.675	0.8	NonTarget	1	277935
1390.075	0.8	NonTarget	1	278015
1390.155	0.8	NonTarget	1	278031
1390.24	0.8	NonTarget	1	278048
1390.325	0.8	NonTarget	1	278065
1390.405	0.8	NonTarget	1	278081
1390.49	0.8	NonTarget	1	278098
1390.575	0.8	NonTarget	1	278115
1390.655	0.8	Target	2	278131
1390.74	0.8	NonTarget	1	278148
1390.825	0.8	NonTarget	1	278165
1390.91	0.8	NonTarget	1	278182
1390.99	0.8	NonTarget	1	278198
1391.075	0.8	NonTarget	1	278215
1391.16	0.8	NonTarget	1	278232
1391.24	0.8	NonTarget	1	278248
1391.325	0.8	NonTarget	1	278265
1391.41	0.8	NonTarget	1	278282
1391.49	0.8	NonTarget	1	278298
1391.575	0.8	NonTarget	1	278315
1391.66	0.8	NonTarget	1	278332
1391.745	0.8	NonTarget	1	278349
1391.83	0.8	NonTarget	1	278366
1391.91	0.8	NonTarget	1	278382
1391.995	0.8	NonTarget	1	278399
1392.075	0.8	NonTarget	1	278415
1392.16	0.8	NonTarget	1	278432
1392.245	0.8	NonTarget	1	278449
1392.325	0.8	NonTarget	1	278465
1392.41	0.8	NonTarget	1	278482
1392.495	0.8	NonTarget	1	278499
1392.895	0.8	NonTarget	1	278579
1392.975	0.8	NonTarget	1	278595
1393.06	0.8	NonTarget	1	278612
1393.145	0.8	NonTarget	1	278629
1393.225	0.8	NonTarget	1	278645
1393.31	0.8	NonTarget	1	278662
1393.395	0.8	NonTarget	1	278679
1393.48	0.8	NonTarget	1	278696
1393.56	0.8	NonTarget	1	278712
1393.645	0.8	NonTarget	1	278729
1393.73	0.8	NonTarget	1	278746
1393.81	0.8	NonTarget	1	278762
1393.895	0.8	NonTarget	1	278779
1393.98	0.8	NonTarget	1	278796
1394.06	0.8	NonTarget	1	278812
1394.145	0.8	NonTarget	1	278829
1394.23	0.8	NonTarget	1	278846
1394.31	0.8	NonTarget	1	278862
1394.395	0.8	NonTarget	1	278879
1394.48	0.8	NonTarget	1	278896
1394.56	0.8	NonTarget	1	278912
1394.645	0.8	NonTarget	1	278929
1394.73	0.8	Target	2	278946
1394.815	0.8	NonTarget	1	278963
1394.895	0.8	NonTarget	1	278979
1394.98	0.8	NonTarget	1	278996
1395.065	0.8	NonTarget	1	279013
1395.15	0.8	NonTarget	1	279030
1395.23	0.8	NonTarget	1	279046
1395.315	0.8	NonTarget	1	279063
1395.715	0.8	NonTarget	1	279143
1395.8	0.8	NonTarget	1	279160
1395.88	0.8	NonTarget	1	279176
1395.965	0.8	NonTarget	1	279193
1396.05	0.8	NonTarget	1	279210
1396.13	0.8	NonTarget	1	279226
1396.215	0.8	NonTarget	1	279243
1396.3	0.8	NonTarget	1	279260
1396.38	0.8	NonTarget	1	279276
1396.465	0.8	NonTarget	1	279293
1396.55	0.8	NonTarget	1	279310
1396.635	0.8	NonTarget	1	279327
1396.715	0.8	NonTarget	1	279343
1396.8	0.8	NonTarget	1	279360
1396.88	0.8	NonTarget	1	279376
1396.965	0.8	NonTarget	1	279393
1397.05	0.8	NonTarget	1	279410
1397.135	0.8	NonTarget	1	279427
1397.215	0.8	NonTarget	1	279443
1397.3	0.8	NonTarget	1	279460
1397.385	0.8	NonTarget	1	279477
1397.47	0.8	NonTarget	1	279494
1397.55	0.8	NonTarget	1	279510
1397.635	0.8	NonTarget	1	279527
1397.715	0.8	NonTarget	1	279543
1397.8	0.8	NonTarget	1	279560
1397.885	0.8	NonTarget	1	279577
1397.965	0.8	Target	2	279593
1398.05	0.8	NonTarget	1	279610
1398.135	0.8	NonTarget	1	279627
1398.535	0.8	NonTarget	1	279707
1398.62	0.8	NonTarget	1	279724
1398.7	0.8	Target	2	279740
1398.785	0.8	NonTarget	1	279757
1398.87	0.8	NonTarget	1	279774
1398.95	0.8	NonTarget	1	279790
1399.035	0.8	NonTarget	1	279807
1399.12	0.8	NonTarget	1	279824
1399.205	0.8	NonTarget	1	279841
1399.285	0.8	NonTarget	1	279857
1399.37	0.8	NonTarget	1	279874
1399.45	0.8	NonTarget	1	279890
1399.54	0.8	NonTarget	1	279908
1399.62	0.8	NonTarget	1	279924
1399.705	0.8	NonTarget	1	279941
1399.79	0.8	NonTarget	1	279958
1399.87	0.8	NonTarget	1	279974
1399.955	0.8	NonTarget	1	279991
1400.04	0.8	NonTarget	1	280008
1400.12	0.8	NonTarget	1	280024
1400.205	0.8	NonTarget	1	280041
1400.29	0.8	NonTarget	1	280058
1400.37	0.8	NonTarget	1	280074
1400.455	0.8	NonTarget	1	280091
1400.54	0.8	NonTarget	1	280108
1400.62	0.8	NonTarget	1	280124
1400.705	0.8	NonTarget	1	280141
1400.79	0.8	NonTarget	1	280158
1400.87	0.8	NonTarget	1	280174
1400.955	0.8	NonTarget	1	280191
1401.355	0.8	NonTarget	1	280271
1401.44	0.8	NonTarget	1	280288
1401.52	0.8	NonTarget	1	280304
1401.605	0.8	NonTarget	1	280321
1401.69	0.8	NonTarget	1	280338
1401.775	0.8	NonTarget	1	280355
1401.855	0.8	NonTarget	1	280371
1401.94	0.8	NonTarget	1	280388
1402.025	0.8	NonTarget	1	280405
1402.105	0.8	NonTarget	1	280421
1402.195	0.8	NonTarget	1	280439
1402.275	0.8	NonTarget	1	280455
1402.355	0.8	NonTarget	1	280471
1402.44	0.8	NonTarget	1	280488
1402.525	0.8	NonTarget	1	280505
1402.605	0.8	NonTarget	1	280521
1402.69	0.8	NonTarget	1	280538
1402.775	0.8	NonTarget	1	280555
1402.86	0.8	NonTarget	1	280572
1402.94	0.8	NonTarget	1	280588
1403.025	0.8	NonTarget	1	280605
1403.11	0.8	NonTarget	1	280622
1403.19	0.8	NonTarget	1	280638
1403.275	0.8	NonTarget	1	280655
1403.36	0.8	NonTarget	1	280672
1403.44	0.8	NonTarget	1	280688
1403.525	0.8	NonTarget	1	280705
1403.61	0.8	Target	2	280722
1403.69	0.8	NonTarget	1	280738
1403.78	0.8	NonTarget	1	280756
1404.18	0.8	NonTarget	1	280836
1404.26	0.8	NonTarget	1	280852
1404.345	0.8	NonTarget	1	280869
1404.425	0.8	NonTarget	1	280885
1404.51	0.8	NonTarget	1	280902
1404.595	0.8	NonTarget	1	280919
1404.675	0.8	NonTarget	1	280935
1404.76	0.8	NonTarget	1	280952
1404.845	0.8	NonTarget	1	280969
1404.925	0.8	NonTarget	1	280985
1405.01	0.8	NonTarget	1	281002
1405.095	0.8	NonTarget	1	281019
1405.18	0.8	NonTarget	1	281036
1405.265	0.8	NonTarget	1	281053
1405.345	0.8	NonTarget	1	281069
1405.43	0.8	NonTarget	1	281086
1405.51	0.8	NonTarget	1	281102
1405.595	0.8	NonTarget	1	281119
1405.68	0.8	NonTarget	1	281136
1405.76	0.8	NonTarget	1	281152
1405.845	0.8	NonTarget	1	281169
1405.93	0.8	NonTarget	1	281186
1406.015	0.8	Target	2	281203
1406.095	0.8	NonTarget	1	281219
1406.18	0.8	NonTarget	1	281236
1406.265	0.8	NonTarget	1	281253
1406.345	0.8	NonTarget	1	281269
1406.43	0.8	NonTarget	1	281286
1406.515	0.8	NonTarget	1	281303
1406.595	0.8	NonTarget	1	281319
1406.995	0.8	NonTarget	1	281399
1407.08	0.8	NonTarget	1	281416
1407.165	0.8	NonTarget	1	281433
1407.25	0.8	NonTarget	1	281450
1407.33	0.8	NonTarget	1	281466
1407.415	0.8	NonTarget	1	281483
1407.495	0.8	NonTarget	1	281499
1407.58	0.8	Target	2	281516
1407.665	0.8	NonTarget	1	281533
1407.75	0.8	NonTarget	1	281550
1407.835	0.8	NonTarget	1	281567
1407.915	0.8	NonTarget	1	281583
1408.0	0.8	NonTarget	1	281600
1408.08	0.8	NonTarget	1	281616
1408.165	0.8	NonTarget	1	281633
1408.25	0.8	NonTarget	1	281650
1408.33	0.8	NonTarget	1	281666
1408.415	0.8	NonTarget	1	281683
1408.5	0.8	NonTarget	1	281700
1408.585	0.8	NonTarget	1	281717
1408.665	0.8	NonTarget	1	281733
1408.75	0.8	NonTarget	1	281750
1408.835	0.8	NonTarget	1	281767
1408.915	0.8	NonTarget	1	281783
1409.0	0.8	NonTarget	1	281800
1409.085	0.8	NonTarget	1	281817
1409.165	0.8	NonTarget	1	281833
1409.25	0.8	NonTarget	1	281850
1409.335	0.8	NonTarget	1	281867
1409.415	0.8	NonTarget	1	281883
1409.82	0.8	NonTarget	1	281964
1409.9	0.8	NonTarget	1	281980
1409.985	0.8	NonTarget	1	281997
1410.07	0.8	NonTarget	1	282014
1410.15	0.8	NonTarget	1	282030
1410.235	0.8	NonTarget	1	282047
1410.32	0.8	NonTarget	1	282064
1410.4	0.8	Target	2	282080
1410.485	0.8	NonTarget	1	282097
1410.57	0.8	NonTarget	1	282114
1410.65	0.8	NonTarget	1	282130
1410.735	0.8	NonTarget	1	282147
1410.82	0.8	NonTarget	1	282164
1410.905	0.8	NonTarget	1	282181
1410.99	0.8	NonTarget	1	282198
1411.07	0.8	NonTarget	1	282214
1411.15	0.8	NonTarget	1	282230
1411.235	0.8	NonTarget	1	282247
1411.32	0.8	NonTarget	1	282264
1411.405	0.8	NonTarget	1	282281
1411.485	0.8	NonTarget	1	282297
1411.57	0.8	NonTarget	1	282314
1411.655	0.8	NonTarget	1	282331
1411.735	0.8	NonTarget	1	282347
1411.82	0.8	NonTarget	1	282364
1411.905	0.8	NonTarget	1	282381
1411.99	0.8	NonTarget	1	282398
1412.07	0.8	NonTarget	1	282414
1412.155	0.8	NonTarget	1	282431
1412.235	0.8	NonTarget	1	282447
1422.305	0.8	NonTarget	1	284461
1422.385	0.8	NonTarget	1	284477
1422.47	0.8	NonTarget	1	284494
1422.555	0.8	NonTarget	1	284511
1422.635	0.8	NonTarget	1	284527
1422.72	0.8	NonTarget	1	284544
1422.8	0.8	NonTarget	1	284560
1422.885	0.8	NonTarget	1	284577
1422.97	0.8	NonTarget	1	284594
1423.055	0.8	NonTarget	1	284611
1423.135	0.8	NonTarget	1	284627
1423.22	0.8	NonTarget	1	284644
1423.305	0.8	NonTarget	1	284661
1423.39	0.8	NonTarget	1	284678
1423.47	0.8	NonTarget	1	284694
1423.555	0.8	NonTarget	1	284711
1423.635	0.8	NonTarget	1	284727
1423.72	0.8	NonTarget	1	284744
1423.805	0.8	NonTarget	1	284761
1423.89	0.8	NonTarget	1	284778
1423.97	0.8	NonTarget	1	284794
1424.055	0.8	NonTarget	1	284811
1424.135	0.8	NonTarget	1	284827
1424.225	0.8	Target	2	284845
1424.305	0.8	NonTarget	1	284861
1424.39	0.8	NonTarget	1	284878
1424.47	0.8	NonTarget	1	284894
1424.555	0.8	NonTarget	1	284911
1424.64	0.8	NonTarget	1	284928
1424.72	0.8	NonTarget	1	284944
1425.125	0.8	NonTarget	1	285025
1425.205	0.8	NonTarget	1	285041
1425.29	0.8	NonTarget	1	285058
1425.375	0.8	Target	2	285075
1425.455	0.8	NonTarget	1	285091
1425.54	0.8	NonTarget	1	285108
1425.625	0.8	NonTarget	1	285125
1425.705	0.8	NonTarget	1	285141
1425.79	0.8	NonTarget	1	285158
1425.875	0.8	NonTarget	1	285175
1425.955	0.8	NonTarget	1	285191
1426.04	0.8	NonTarget	1	285208
1426.125	0.8	NonTarget	1	285225
1426.205	0.8	NonTarget	1	285241
1426.29	0.8	NonTarget	1	285258
1426.375	0.8	NonTarget	1	285275
1426.455	0.8	NonTarget	1	285291
1426.545	0.8	NonTarget	1	285309
1426.625	0.8	NonTarget	1	285325
1426.71	0.8	NonTarget	1	285342
1426.79	0.8	NonTarget	1	285358
1426.875	0.8	NonTarget	1	285375
1426.96	0.8	NonTarget	1	285392
1427.045	0.8	NonTarget	1	285409
1427.125	0.8	NonTarget	1	285425
1427.21	0.8	NonTarget	1	285442
1427.29	0.8	NonTarget	1	285458
1427.375	0.8	NonTarget	1	285475
1427.46	0.8	NonTarget	1	285492
1427.545	0.8	NonTarget	1	285509
1427.945	0.8	NonTarget	1	285589
1428.025	0.8	NonTarget	1	285605
1428.11	0.8	NonTarget	1	285622
1428.195	0.8	NonTarget	1	285639
1428.275	0.8	NonTarget	1	285655
1428.36	0.8	NonTarget	1	285672
1428.445	0.8	NonTarget	1	285689
1428.53	0.8	NonTarget	1	285706
1428.61	0.8	NonTarget	1	285722
1428.695	0.8	NonTarget	1	285739
1428.78	0.8	NonTarget	1	285756
1428.86	0.8	NonTarget	1	285772
1428.945	0.8	NonTarget	1	285789
1429.03	0.8	Target	2	285806
1429.11	0.8	NonTarget	1	285822
1429.195	0.8	NonTarget	1	285839
1429.28	0.8	NonTarget	1	285856
1429.36	0.8	NonTarget	1	285872
1429.445	0.8	NonTarget	1	285889
1429.53	0.8	NonTarget	1	285906
1429.61	0.8	NonTarget	1	285922
1429.695	0.8	NonTarget	1	285939
1429.78	0.8	NonTarget	1	285956
1429.865	0.8	NonTarget	1	285973
1429.945	0.8	NonTarget	1	285989
1430.03	0.8	NonTarget	1	286006
1430.115	0.8	NonTarget	1	286023
1430.195	0.8	NonTarget	1	286039
1430.28	0.8	NonTarget	1	286056
1430.365	0.8	NonTarget	1	286073
1430.765	0.8	NonTarget	1	286153
1430.85	0.8	NonTarget	1	286170
1430.93	0.8	NonTarget	1	286186
1431.015	0.8	NonTarget	1	286203
1431.1	0.8	NonTarget	1	286220
1431.18	0.8	NonTarget	1	286236
1431.265	0.8	NonTarget	1	286253
1431.35	0.8	NonTarget	1	286270
1431.43	0.8	NonTarget	1	286286
1431.515	0.8	NonTarget	1	286303
1431.6	0.8	NonTarget	1	286320
1431.68	0.8	NonTarget	1	286336
1431.765	0.8	NonTarget	1	286353
1431.85	0.8	NonTarget	1	286370
1431.935	0.8	NonTarget	1	286387
1432.015	0.8	NonTarget	1	286403
1432.1	0.8	NonTarget	1	286420
1432.185	0.8	NonTarget	1	286437
1432.27	0.8	NonTarget	1	286454
1432.35	0.8	NonTarget	1	286470
1432.435	0.8	NonTarget	1	286487
1432.52	0.8	NonTarget	1	286504
1432.6	0.8	NonTarget	1	286520
1432.685	0.8	Target	2	286537
1432.765	0.8	NonTarget	1	286553
1432.85	0.8	NonTarget	1	286570
1432.935	0.8	NonTarget	1	286587
1433.02	0.8	NonTarget	1	286604
1433.1	0.8	NonTarget	1	286620
1433.185	0.8	NonTarget	1	286637
1433.585	0.8	NonTarget	1	286717
1433.67	0.8	NonTarget	1	286734
1433.75	0.8	NonTarget	1	286750
1433.835	0.8	NonTarget	1	286767
1433.92	0.8	NonTarget	1	286784
1434.0	0.8	NonTarget	1	286800
1434.085	0.8	NonTarget	1	286817
1434.17	0.8	NonTarget	1	286834
1434.255	0.8	Target	2	286851
1434.335	0.8	NonTarget	1	286867
1434.42	0.8	NonTarget	1	286884
1434.5	0.8	NonTarget	1	286900
1434.585	0.8	NonTarget	1	286917
1434.67	0.8	NonTarget	1	286934
1434.755	0.8	NonTarget	1	286951
1434.84	0.8	NonTarget	1	286968
1434.92	0.8	NonTarget	1	286984
1435.005	0.8	NonTarget	1	287001
1435.085	0.8	NonTarget	1	287017
1435.17	0.8	NonTarget	1	287034
1435.255	0.8	NonTarget	1	287051
1435.335	0.8	NonTarget	1	287067
1435.42	0.8	NonTarget	1	287084
1435.505	0.8	NonTarget	1	287101
1435.59	0.8	NonTarget	1	287118
1435.67	0.8	NonTarget	1	287134
1435.755	0.8	NonTarget	1	287151
1435.84	0.8	NonTarget	1	287168
1435.925	0.8	NonTarget	1	287185
1436.005	0.8	NonTarget	1	287201
1436.405	0.8	NonTarget	1	287281
1436.49	0.8	NonTarget	1	287298
1436.57	0.8	NonTarget	1	287314
1436.655	0.8	NonTarget	1	287331
1436.74	0.8	NonTarget	1	287348
1436.825	0.8	NonTarget	1	287365
1436.905	0.8	NonTarget	1	287381
1436.99	0.8	NonTarget	1	287398
1437.075	0.8	NonTarget	1	287415
1437.155	0.8	NonTarget	1	287431
1437.24	0.8	NonTarget	1	287448
1437.325	0.8	NonTarget	1	287465
1437.405	0.8	NonTarget	1	287481
1437.49	0.8	NonTarget	1	287498
1437.575	0.8	NonTarget	1	287515
1437.655	0.8	NonTarget	1	287531
1437.74	0.8	NonTarget	1	287548
1437.82	0.8	NonTarget	1	287564
1437.91	0.8	NonTarget	1	287582
1437.99	0.8	NonTarget	1	287598
1438.075	0.8	NonTarget	1	287615
1438.16	0.8	NonTarget	1	287632
1438.24	0.8	NonTarget	1	287648
1438.325	0.8	Target	2	287665
1438.41	0.8	NonTarget	1	287682
1438.49	0.8	NonTarget	1	287698
1438.575	0.8	NonTarget	1	287715
1438.66	0.8	NonTarget	1	287732
1438.745	0.8	NonTarget	1	287749
1438.825	0.8	NonTarget	1	287765
1439.225	0.8	NonTarget	1	287845
1439.31	0.8	NonTarget	1	287862
1439.395	0.8	NonTarget	1	287879
1439.475	0.8	NonTarget	1	287895
1439.56	0.8	NonTarget	1	287912
1439.64	0.8	NonTarget	1	287928
1439.725	0.8	NonTarget	1	287945
1439.81	0.8	NonTarget	1	287962
1439.895	0.8	NonTarget	1	287979
1439.975	0.8	NonTarget	1	287995
1440.06	0.8	NonTarget	1	288012
1440.145	0.8	NonTarget	1	288029
1440.23	0.8	NonTarget	1	288046
1440.31	0.8	NonTarget	1	288062
1440.395	0.8	NonTarget	1	288079
1440.48	0.8	NonTarget	1	288096
1440.56	0.8	NonTarget	1	288112
1440.645	0.8	NonTarget	1	288129
1440.73	0.8	NonTarget	1	288146
1440.81	0.8	NonTarget	1	288162
1440.895	0.8	NonTarget	1	288179
1440.98	0.8	NonTarget	1	288196
1441.06	0.8	NonTarget	1	288212
1441.15	0.8	Target	2	288230
1441.23	0.8	NonTarget	1	288246
1441.315	0.8	NonTarget	1	288263
1441.395	0.8	NonTarget	1	288279
1441.48	0.8	NonTarget	1	288296
1441.565	0.8	NonTarget	1	288313
1441.645	0.8	NonTarget	1	288329
1442.05	0.8	NonTarget	1	288410
1442.13	0.8	NonTarget	1	288426
1442.215	0.8	NonTarget	1	288443
1442.3	0.8	NonTarget	1	288460
1442.38	0.8	NonTarget	1	288476
1442.465	0.8	NonTarget	1	288493
1442.545	0.8	NonTarget	1	288509
1442.63	0.8	NonTarget	1	288526
1442.715	0.8	NonTarget	1	288543
1442.8	0.8	NonTarget	1	288560
1442.88	0.8	NonTarget	1	288576
1442.965	0.8	NonTarget	1	288593
1443.045	0.8	NonTarget	1	288609
1443.13	0.8	NonTarget	1	288626
1443.215	0.8	NonTarget	1	288643
1443.3	0.8	NonTarget	1	288660
1443.385	0.8	NonTarget	1	288677
1443.465	0.8	NonTarget	1	288693
1443.55	0.8	NonTarget	1	288710
1443.635	0.8	NonTarget	1	288727
1443.715	0.8	NonTarget	1	288743
1443.8	0.8	NonTarget	1	288760
1443.885	0.8	NonTarget	1	288777
1443.965	0.8	NonTarget	1	288793
1444.05	0.8	NonTarget	1	288810
1444.13	0.8	NonTarget	1	288826
1444.215	0.8	NonTarget	1	288843
1444.3	0.8	NonTarget	1	288860
1444.385	0.8	Target	2	288877
1444.465	0.8	NonTarget	1	288893
1444.87	0.8	NonTarget	1	288974
1444.95	0.8	NonTarget	1	288990
1445.035	0.8	NonTarget	1	289007
1445.12	0.8	NonTarget	1	289024
1445.2	0.8	NonTarget	1	289040
1445.285	0.8	NonTarget	1	289057
1445.365	0.8	NonTarget	1	289073
1445.45	0.8	NonTarget	1	289090
1445.535	0.8	NonTarget	1	289107
1445.615	0.8	NonTarget	1	289123
1445.705	0.8	NonTarget	1	289141
1445.785	0.8	NonTarget	1	289157
1445.87	0.8	NonTarget	1	289174
1445.955	0.8	NonTarget	1	289191
1446.035	0.8	NonTarget	1	289207
1446.12	0.8	NonTarget	1	289224
1446.205	0.8	NonTarget	1	289241
1446.285	0.8	NonTarget	1	289257
1446.37	0.8	NonTarget	1	289274
1446.45	0.8	NonTarget	1	289290
1446.535	0.8	NonTarget	1	289307
1446.62	0.8	NonTarget	1	289324
1446.7	0.8	NonTarget	1	289340
1446.79	0.8	NonTarget	1	289358
1446.87	0.8	NonTarget	1	289374
1446.955	0.8	NonTarget	1	289391
1447.04	0.8	NonTarget	1	289408
1447.12	0.8	NonTarget	1	289424
1447.205	0.8	Target	2	289441
1447.285	0.8	NonTarget	1	289457
1447.69	0.8	NonTarget	1	289538
1447.77	0.8	NonTarget	1	289554
1447.855	0.8	NonTarget	1	289571
1447.94	0.8	NonTarget	1	289588
1448.025	0.8	NonTarget	1	289605
1448.105	0.8	NonTarget	1	289621
1448.19	0.8	NonTarget	1	289638
1448.27	0.8	NonTarget	1	289654
1448.355	0.8	NonTarget	1	289671
1448.44	0.8	NonTarget	1	289688
1448.52	0.8	NonTarget	1	289704
1448.605	0.8	NonTarget	1	289721
1448.69	0.8	NonTarget	1	289738
1448.775	0.8	NonTarget	1	289755
1448.855	0.8	NonTarget	1	289771
1448.94	0.8	NonTarget	1	289788
1449.025	0.8	NonTarget	1	289805
1449.105	0.8	NonTarget	1	289821
1449.19	0.8	Target	2	289838
1449.275	0.8	NonTarget	1	289855
1449.355	0.8	NonTarget	1	289871
1449.44	0.8	NonTarget	1	289888
1449.525	0.8	NonTarget	1	289905
1449.61	0.8	NonTarget	1	289922
1449.69	0.8	NonTarget	1	289938
1449.775	0.8	NonTarget	1	289955
1449.86	0.8	NonTarget	1	289972
1449.94	0.8	NonTarget	1	289988
1450.025	0.8	NonTarget	1	290005
1450.11	0.8	NonTarget	1	290022
1460.19	0.8	NonTarget	1	292038
1460.275	0.8	NonTarget	1	292055
1460.355	0.8	NonTarget	1	292071
1460.44	0.8	NonTarget	1	292088
1460.525	0.8	NonTarget	1	292105
1460.605	0.8	NonTarget	1	292121
1460.69	0.8	NonTarget	1	292138
1460.775	0.8	NonTarget	1	292155
1460.855	0.8	NonTarget	1	292171
1460.94	0.8	NonTarget	1	292188
1461.025	0.8	NonTarget	1	292205
1461.11	0.8	NonTarget	1	292222
1461.19	0.8	NonTarget	1	292238
1461.275	0.8	Target	2	292255
1461.355	0.8	NonTarget	1	292271
1461.44	0.8	NonTarget	1	292288
1461.525	0.8	NonTarget	1	292305
1461.61	0.8	NonTarget	1	292322
1461.69	0.8	NonTarget	1	292338
1461.775	0.8	NonTarget	1	292355
1461.86	0.8	NonTarget	1	292372
1461.945	0.8	NonTarget	1	292389
1462.025	0.8	NonTarget	1	292405
1462.11	0.8	NonTarget	1	292422
1462.19	0.8	NonTarget	1	292438
1462.275	0.8	NonTarget	1	292455
1462.36	0.8	NonTarget	1	292472
1462.44	0.8	NonTarget	1	292488
1462.525	0.8	NonTarget	1	292505
1462.61	0.8	NonTarget	1	292522
1463.01	0.8	NonTarget	1	292602
1463.095	0.8	NonTarget	1	292619
1463.175	0.8	NonTarget	1	292635
1463.26	0.8	NonTarget	1	292652
1463.345	0.8	NonTarget	1	292669
1463.425	0.8	NonTarget	1	292685
1463.51	0.8	NonTarget	1	292702
1463.595	0.8	NonTarget	1	292719
1463.675	0.8	NonTarget	1	292735
1463.76	0.8	NonTarget	1	292752
1463.845	0.8	NonTarget	1	292769
1463.925	0.8	NonTarget	1	292785
1464.01	0.8	NonTarget	1	292802
1464.095	0.8	NonTarget	1	292819
1464.18	0.8	NonTarget	1	292836
1464.26	0.8	NonTarget	1	292852
1464.345	0.8	NonTarget	1	292869
1464.43	0.8	NonTarget	1	292886
1464.515	0.8	NonTarget	1	292903
1464.595	0.8	NonTarget	1	292919
1464.68	0.8	NonTarget	1	292936
1464.765	0.8	NonTarget	1	292953
1464.845	0.8	NonTarget	1	292969
1464.93	0.8	Target	2	292986
1465.01	0.8	NonTarget	1	293002
1465.095	0.8	NonTarget	1	293019
1465.18	0.8	NonTarget	1	293036
1465.26	0.8	NonTarget	1	293052
1465.35	0.8	NonTarget	1	293070
1465.43	0.8	NonTarget	1	293086
1465.83	0.8	NonTarget	1	293166
1465.915	0.8	NonTarget	1	293183
1465.995	0.8	NonTarget	1	293199
1466.08	0.8	NonTarget	1	293216
1466.165	0.8	NonTarget	1	293233
1466.25	0.8	NonTarget	1	293250
1466.33	0.8	NonTarget	1	293266
1466.415	0.8	NonTarget	1	293283
1466.5	0.8	NonTarget	1	293300
1466.58	0.8	NonTarget	1	293316
1466.665	0.8	NonTarget	1	293333
1466.745	0.8	NonTarget	1	293349
1466.835	0.8	NonTarget	1	293367
1466.915	0.8	Target	2	293383
1467.0	0.8	NonTarget	1	293400
1467.08	0.8	NonTarget	1	293416
1467.165	0.8	NonTarget	1	293433
1467.25	0.8	NonTarget	1	293450
1467.335	0.8	NonTarget	1	293467
1467.415	0.8	NonTarget	1	293483
1467.5	0.8	NonTarget	1	293500
1467.58	0.8	NonTarget	1	293516
1467.665	0.8	NonTarget	1	293533
1467.75	0.8	NonTarget	1	293550
1467.83	0.8	NonTarget	1	293566
1467.915	0.8	NonTarget	1	293583
1468.0	0.8	NonTarget	1	293600
1468.08	0.8	NonTarget	1	293616
1468.165	0.8	NonTarget	1	293633
1468.25	0.8	NonTarget	1	293650
1468.65	0.8	NonTarget	1	293730
1468.735	0.8	NonTarget	1	293747
1468.82	0.8	NonTarget	1	293764
1468.905	0.8	NonTarget	1	293781
1468.985	0.8	NonTarget	1	293797
1469.07	0.8	NonTarget	1	293814
1469.155	0.8	NonTarget	1	293831
1469.235	0.8	NonTarget	1	293847
1469.32	0.8	Target	2	293864
1469.4	0.8	NonTarget	1	293880
1469.485	0.8	NonTarget	1	293897
1469.57	0.8	NonTarget	1	293914
1469.65	0.8	NonTarget	1	293930
1469.735	0.8	NonTarget	1	293947
1469.82	0.8	NonTarget	1	293964
1469.905	0.8	NonTarget	1	293981
1469.985	0.8	NonTarget	1	293997
1470.07	0.8	NonTarget	1	294014
1470.155	0.8	NonTarget	1	294031
1470.235	0.8	NonTarget	1	294047
1470.32	0.8	NonTarget	1	294064
1470.405	0.8	NonTarget	1	294081
1470.485	0.8	NonTarget	1	294097
1470.57	0.8	NonTarget	1	294114
1470.655	0.8	NonTarget	1	294131
1470.74	0.8	NonTarget	1	294148
1470.82	0.8	NonTarget	1	294164
1470.905	0.8	NonTarget	1	294181
1470.99	0.8	NonTarget	1	294198
1471.075	0.8	NonTarget	1	294215
1471.47	0.8	NonTarget	1	294294
1471.555	0.8	NonTarget	1	294311
1471.64	0.8	NonTarget	1	294328
1471.72	0.8	Target	2	294344
1471.805	0.8	NonTarget	1	294361
1471.89	0.8	NonTarget	1	294378
1471.975	0.8	NonTarget	1	294395
1472.055	0.8	NonTarget	1	294411
1472.14	0.8	NonTarget	1	294428
1472.22	0.8	NonTarget	1	294444
1472.305	0.8	NonTarget	1	294461
1472.39	0.8	NonTarget	1	294478
1472.475	0.8	NonTarget	1	294495
1472.56	0.8	NonTarget	1	294512
1472.64	0.8	NonTarget	1	294528
1472.725	0.8	NonTarget	1	294545
1472.805	0.8	NonTarget	1	294561
1472.89	0.8	NonTarget	1	294578
1472.975	0.8	NonTarget	1	294595
1473.06	0.8	NonTarget	1	294612
1473.14	0.8	NonTarget	1	294628
1473.225	0.8	NonTarget	1	294645
1473.31	0.8	NonTarget	1	294662
1473.39	0.8	NonTarget	1	294678
1473.475	0.8	NonTarget	1	294695
1473.56	0.8	NonTarget	1	294712
1473.64	0.8	NonTarget	1	294728
1473.725	0.8	NonTarget	1	294745
1473.81	0.8	NonTarget	1	294762
1473.89	0.8	NonTarget	1	294778
1474.29	0.8	NonTarget	1	294858
1474.375	0.8	NonTarget	1	294875
1474.46	0.8	NonTarget	1	294892
1474.545	0.8	NonTarget	1	294909
1474.625	0.8	NonTarget	1	294925
1474.71	0.8	NonTarget	1	294942
1474.795	0.8	NonTarget	1	294959
1474.875	0.8	NonTarget	1	294975
1474.96	0.8	NonTarget	1	294992
1475.045	0.8	NonTarget	1	295009
1475.125	0.8	NonTarget	1	295025
1475.21	0.8	NonTarget	1	295042
1475.295	0.8	NonTarget	1	295059
1475.375	0.8	Target	2	295075
1475.46	0.8	NonTarget	1	295092
1475.545	0.8	NonTarget	1	295109
1475.63	0.8	NonTarget	1	295126
1475.71	0.8	NonTarget	1	295142
1475.795	0.8	NonTarget	1	295159
1475.88	0.8	NonTarget	1	295176
1475.96	0.8	NonTarget	1	295192
1476.045	0.8	NonTarget	1	295209
1476.13	0.8	NonTarget	1	295226
1476.21	0.8	NonTarget	1	295242
1476.295	0.8	NonTarget	1	295259
1476.38	0.8	NonTarget	1	295276
1476.46	0.8	NonTarget	1	295292
1476.545	0.8	NonTarget	1	295309
1476.63	0.8	NonTarget	1	295326
1476.715	0.8	NonTarget	1	295343
1477.115	0.8	NonTarget	1	295423
1477.195	0.8	NonTarget	1	295439
1477.28	0.8	NonTarget	1	295456
1477.365	0.8	NonTarget	1	295473
1477.445	0.8	NonTarget	1	295489
1477.53	0.8	NonTarget	1	295506
1477.615	0.8	NonTarget	1	295523
1477.695	0.8	NonTarget	1	295539
1477.78	0.8	NonTarget	1	295556
1477.865	0.8	NonTarget	1	295573
1477.95	0.8	NonTarget	1	295590
1478.03	0.8	NonTarget	1	295606
1478.115	0.8	NonTarget	1	295623
1478.2	0.8	Target	2	295640
1478.28	0.8	NonTarget	1	295656
1478.365	0.8	NonTarget	1	295673
1478.445	0.8	NonTarget	1	295689
1478.53	0.8	NonTarget	1	295706
1478.615	0.8	NonTarget	1	295723
1478.7	0.8	NonTarget	1	295740
1478.78	0.8	NonTarget	1	295756
1478.865	0.8	NonTarget	1	295773
1478.95	0.8	NonTarget	1	295790
1479.035	0.8	NonTarget	1	295807
1479.115	0.8	NonTarget	1	295823
1479.2	0.8	NonTarget	1	295840
1479.285	0.8	NonTarget	1	295857
1479.365	0.8	NonTarget	1	295873
1479.45	0.8	NonTarget	1	295890
1479.535	0.8	NonTarget	1	295907
1479.935	0.8	NonTarget	1	295987
1480.015	0.8	NonTarget	1	296003
1480.1	0.8	NonTarget	1	296020
1480.185	0.8	NonTarget	1	296037
1480.265	0.8	NonTarget	1	296053
1480.35	0.8	NonTarget	1	296070
1480.435	0.8	NonTarget	1	296087
1480.52	0.8	NonTarget	1	296104
1480.6	0.8	NonTarget	1	296120
1480.685	0.8	NonTarget	1	296137
1480.77	0.8	NonTarget	1	296154
1480.85	0.8	NonTarget	1	296170
1480.935	0.8	NonTarget	1	296187
1481.02	0.8	NonTarget	1	296204
1481.105	0.8	NonTarget	1	296221
1481.185	0.8	NonTarget	1	296237
1481.27	0.8	NonTarget	1	296254
1481.355	0.8	NonTarget	1	296271
1481.435	0.8	NonTarget	1	296287
1481.52	0.8	NonTarget	1	296304
1481.605	0.8	NonTarget	1	296321
1481.685	0.8	NonTarget	1	296337
1481.77	0.8	NonTarget	1	296354
1481.855	0.8	Target	2	296371
1481.935	0.8	NonTarget	1	296387
1482.02	0.8	NonTarget	1	296404
1482.105	0.8	NonTarget	1	296421
1482.185	0.8	NonTarget	1	296437
1482.27	0.8	NonTarget	1	296454
1482.355	0.8	NonTarget	1	296471
1482.755	0.8	NonTarget	1	296551
1482.84	0.8	NonTarget	1	296568
1482.92	0.8	NonTarget	1	296584
1483.005	0.8	NonTarget	1	296601
1483.09	0.8	NonTarget	1	296618
1483.17	0.8	NonTarget	1	296634
1483.255	0.8	NonTarget	1	296651
1483.34	0.8	NonTarget	1	296668
1483.42	0.8	NonTarget	1	296684
1483.505	0.8	NonTarget	1	296701
1483.59	0.8	NonTarget	1	296718
1483.675	0.8	NonTarget	1	296735
1483.76	0.8	NonTarget	1	296752
1483.84	0.8	NonTarget	1	296768
1483.92	0.8	NonTarget	1	296784
1484.005	0.8	NonTarget	1	296801
1484.09	0.8	NonTarget	1	296818
1484.175	0.8	NonTarget	1	296835
1484.255	0.8	NonTarget	1	296851
1484.34	0.8	NonTarget	1	296868
1484.425	0.8	NonTarget	1	296885
1484.505	0.8	NonTarget	1	296901
1484.59	0.8	NonTarget	1	296918
1484.675	0.8	NonTarget	1	296935
1484.76	0.8	NonTarget	1	296952
1484.84	0.8	NonTarget	1	296968
1484.925	0.8	NonTarget	1	296985
1485.01	0.8	NonTarget	1	297002
1485.09	0.8	Target	2	297018
1485.175	0.8	NonTarget	1	297035
1485.575	0.8	NonTarget	1	297115
1485.66	0.8	NonTarget	1	297132
1485.74	0.8	NonTarget	1	297148
1485.825	0.8	NonTarget	1	297165
1485.91	0.8	NonTarget	1	297182
1485.99	0.8	NonTarget	1	297198
1486.075	0.8	NonTarget	1	297215
1486.16	0.8	NonTarget	1	297232
1486.245	0.8	NonTarget	1	297249
1486.325	0.8	NonTarget	1	297265
1486.41	0.8	NonTarget	1	297282
1486.49	0.8	NonTarget	1	297298
1486.575	0.8	NonTarget	1	297315
1486.66	0.8	NonTarget	1	297332
1486.74	0.8	NonTarget	1	297348
1486.83	0.8	NonTarget	1	297366
1486.91	0.8	NonTarget	1	297382
1486.995	0.8	NonTarget	1	297399
1487.08	0.8	NonTarget	1	297416
1487.16	0.8	NonTarget	1	297432
1487.245	0.8	NonTarget	1	297449
1487.33	0.8	NonTarget	1	297466
1487.41	0.8	NonTarget	1	297482
1487.495	0.8	NonTarget	1	297499
1487.575	0.8	NonTarget	1	297515
1487.66	0.8	NonTarget	1	297532
1487.745	0.8	NonTarget	1	297549
1487.83	0.8	NonTarget	1	297566
1487.91	0.8	Target	2	297582
1487.995	0.8	NonTarget	1	297599
1498.065	0.8	NonTarget	1	299613
1498.14	0.8	NonTarget	1	299628
1498.225	0.8	NonTarget	1	299645
1498.31	0.8	NonTarget	1	299662
1498.39	0.8	NonTarget	1	299678
1498.475	0.8	NonTarget	1	299695
1498.56	0.8	NonTarget	1	299712
1498.645	0.8	NonTarget	1	299729
1498.725	0.8	NonTarget	1	299745
1498.81	0.8	NonTarget	1	299762
1498.895	0.8	NonTarget	1	299779
1498.975	0.8	NonTarget	1	299795
1499.06	0.8	NonTarget	1	299812
1499.145	0.8	NonTarget	1	299829
1499.23	0.8	NonTarget	1	299846
1499.31	0.8	NonTarget	1	299862
1499.395	0.8	NonTarget	1	299879
1499.48	0.8	NonTarget	1	299896
1499.56	0.8	NonTarget	1	299912
1499.645	0.8	NonTarget	1	299929
1499.73	0.8	NonTarget	1	299946
1499.81	0.8	NonTarget	1	299962
1499.895	0.8	NonTarget	1	299979
1499.98	0.8	NonTarget	1	299996
1500.06	0.8	NonTarget	1	300012
1500.145	0.8	NonTarget	1	300029
1500.23	0.8	Target	2	300046
1500.31	0.8	NonTarget	1	300062
1500.395	0.8	NonTarget	1	300079
1500.48	0.8	NonTarget	1	300096
1500.88	0.8	NonTarget	1	300176
1500.965	0.8	NonTarget	1	300193
1501.045	0.8	NonTarget	1	300209
1501.13	0.8	NonTarget	1	300226
1501.215	0.8	NonTarget	1	300243
1501.295	0.8	NonTarget	1	300259
1501.38	0.8	NonTarget	1	300276
1501.465	0.8	NonTarget	1	300293
1501.55	0.8	NonTarget	1	300310
1501.63	0.8	NonTarget	1	300326
1501.715	0.8	NonTarget	1	300343
1501.8	0.8	NonTarget	1	300360
1501.88	0.8	NonTarget	1	300376
1501.965	0.8	NonTarget	1	300393
1502.05	0.8	NonTarget	1	300410
1502.135	0.8	NonTarget	1	300427
1502.215	0.8	Target	2	300443
1502.3	0.8	NonTarget	1	300460
1502.38	0.8	NonTarget	1	300476
1502.465	0.8	NonTarget	1	300493
1502.55	0.8	NonTarget	1	300510
1502.635	0.8	NonTarget	1	300527
1502.715	0.8	NonTarget	1	300543
1502.8	0.8	NonTarget	1	300560
1502.885	0.8	NonTarget	1	300577
1502.965	0.8	NonTarget	1	300593
1503.05	0.8	NonTarget	1	300610
1503.135	0.8	NonTarget	1	300627
1503.215	0.8	NonTarget	1	300643
1503.3	0.8	NonTarget	1	300660
1503.7	0.8	NonTarget	1	300740
1503.785	0.8	NonTarget	1	300757
1503.87	0.8	NonTarget	1	300774
1503.95	0.8	NonTarget	1	300790
1504.035	0.8	NonTarget	1	300807
1504.115	0.8	NonTarget	1	300823
1504.2	0.8	NonTarget	1	300840
1504.285	0.8	NonTarget	1	300857
1504.37	0.8	NonTarget	1	300874
1504.45	0.8	NonTarget	1	300890
1504.535	0.8	NonTarget	1	300907
1504.62	0.8	NonTarget	1	300924
1504.705	0.8	NonTarget	1	300941
1504.785	0.8	NonTarget	1	300957
1504.87	0.8	NonTarget	1	300974
1504.955	0.8	NonTarget	1	300991
1505.035	0.8	NonTarget	1	301007
1505.12	0.8	NonTarget	1	301024
1505.205	0.8	NonTarget	1	301041
1505.285	0.8	NonTarget	1	301057
1505.37	0.8	NonTarget	1	301074
1505.45	0.8	NonTarget	1	301090
1505.535	0.8	NonTarget	1	301107
1505.62	0.8	NonTarget	1	301124
1505.705	0.8	NonTarget	1	301141
1505.79	0.8	NonTarget	1	301158
1505.87	0.8	Target	2	301174
1505.955	0.8	NonTarget	1	301191
1506.035	0.8	NonTarget	1	301207
1506.12	0.8	NonTarget	1	301224
1506.52	0.8	NonTarget	1	301304
1506.605	0.8	NonTarget	1	301321
1506.69	0.8	NonTarget	1	301338
1506.77	0.8	NonTarget	1	301354
1506.855	0.8	NonTarget	1	301371
1506.94	0.8	NonTarget	1	301388
1507.02	0.8	Target	2	301404
1507.105	0.8	NonTarget	1	301421
1507.19	0.8	NonTarget	1	301438
1507.27	0.8	NonTarget	1	301454
1507.355	0.8	NonTarget	1	301471
1507.44	0.8	NonTarget	1	301488
1507.525	0.8	NonTarget	1	301505
1507.605	0.8	NonTarget	1	301521
1507.69	0.8	NonTarget	1	301538
1507.77	0.8	NonTarget	1	301554
1507.855	0.8	NonTarget	1	301571
1507.94	0.8	NonTarget	1	301588
1508.025	0.8	NonTarget	1	301605
1508.11	0.8	NonTarget	1	301622
1508.19	0.8	NonTarget	1	301638
1508.275	0.8	NonTarget	1	301655
1508.36	0.8	NonTarget	1	301672
1508.44	0.8	NonTarget	1	301688
1508.525	0.8	NonTarget	1	301705
1508.61	0.8	NonTarget	1	301722
1508.69	0.8	NonTarget	1	301738
1508.775	0.8	NonTarget	1	301755
1508.86	0.8	NonTarget	1	301772
1508.945	0.8	NonTarget	1	301789
1509.34	0.8	NonTarget	1	301868
1509.425	0.8	NonTarget	1	301885
1509.51	0.8	NonTarget	1	301902
1509.59	0.8	NonTarget	1	301918
1509.675	0.8	NonTarget	1	301935
1509.76	0.8	NonTarget	1	301952
1509.84	0.8	NonTarget	1	301968
1509.925	0.8	NonTarget	1	301985
1510.01	0.8	NonTarget	1	302002
1510.095	0.8	NonTarget	1	302019
1510.175	0.8	NonTarget	1	302035
1510.26	0.8	Target	2	302052
1510.345	0.8	NonTarget	1	302069
1510.425	0.8	NonTarget	1	302085
1510.51	0.8	NonTarget	1	302102
1510.595	0.8	NonTarget	1	302119
1510.68	0.8	NonTarget	1	302136
1510.76	0.8	NonTarget	1	302152
1510.845	0.8	NonTarget	1	302169
1510.93	0.8	NonTarget	1	302186
1511.01	0.8	NonTarget	1	302202
1511.095	0.8	NonTarget	1	302219
1511.175	0.8	NonTarget	1	302235
1511.265	0.8	NonTarget	1	302253
1511.345	0.8	NonTarget	1	302269
1511.43	0.8	NonTarget	1	302286
1511.51	0.8	NonTarget	1	302302
1511.595	0.8	NonTarget	1	302319
1511.68	0.8	NonTarget	1	302336
1511.765	0.8	NonTarget	1	302353
1512.165	0.8	NonTarget	1	302433
1512.245	0.8	NonTarget	1	302449
1512.33	0.8	NonTarget	1	302466
1512.415	0.8	NonTarget	1	302483
1512.495	0.8	NonTarget	1	302499
1512.58	0.8	NonTarget	1	302516
1512.665	0.8	NonTarget	1	302533
1512.745	0.8	NonTarget	1	302549
1512.83	0.8	NonTarget	1	302566
1512.91	0.8	NonTarget	1	302582
1513.0	0.8	NonTarget	1	302600
1513.08	0.8	Target	2	302616
1513.165	0.8	NonTarget	1	302633
1513.25	0.8	NonTarget	1	302650
1513.33	0.8	NonTarget	1	302666
1513.415	0.8	NonTarget	1	302683
1513.5	0.8	NonTarget	1	302700
1513.58	0.8	NonTarget	1	302716
1513.665	0.8	NonTarget	1	302733
1513.75	0.8	NonTarget	1	302750
1513.83	0.8	NonTarget	1	302766
1513.915	0.8	NonTarget	1	302783
1514.0	0.8	NonTarget	1	302800
1514.08	0.8	NonTarget	1	302816
1514.165	0.8	NonTarget	1	302833
1514.25	0.8	NonTarget	1	302850
1514.335	0.8	NonTarget	1	302867
1514.415	0.8	NonTarget	1	302883
1514.5	0.8	NonTarget	1	302900
1514.585	0.8	NonTarget	1	302917
1514.985	0.8	NonTarget	1	302997
1515.065	0.8	NonTarget	1	303013
1515.15	0.8	NonTarget	1	303030
1515.235	0.8	NonTarget	1	303047
1515.32	0.8	NonTarget	1	303064
1515.4	0.8	NonTarget	1	303080
1515.485	0.8	NonTarget	1	303097
1515.565	0.8	NonTarget	1	303113
1515.65	0.8	NonTarget	1	303130
1515.735	0.8	NonTarget	1	303147
1515.82	0.8	NonTarget	1	303164
1515.9	0.8	NonTarget	1	303180
1515.985	0.8	NonTarget	1	303197
1516.07	0.8	NonTarget	1	303214
1516.15	0.8	NonTarget	1	303230
1516.235	0.8	NonTarget	1	303247
1516.32	0.8	NonTarget	1	303264
1516.405	0.8	NonTarget	1	303281
1516.485	0.8	NonTarget	1	303297
1516.57	0.8	NonTarget	1	303314
1516.655	0.8	NonTarget	1	303331
1516.735	0.8	Target	2	303347
1516.82	0.8	NonTarget	1	303364
1516.905	0.8	NonTarget	1	303381
1516.985	0.8	NonTarget	1	303397
1517.07	0.8	NonTarget	1	303414
1517.155	0.8	NonTarget	1	303431
1517.235	0.8	NonTarget	1	303447
1517.32	0.8	NonTarget	1	303464
1517.405	0.8	NonTarget	1	303481
1517.805	0.8	NonTarget	1	303561
1517.89	0.8	Target	2	303578
1517.97	0.8	NonTarget	1	303594
1518.055	0.8	NonTarget	1	303611
1518.14	0.8	NonTarget	1	303628
1518.22	0.8	NonTarget	1	303644
1518.305	0.8	NonTarget	1	303661
1518.39	0.8	NonTarget	1	303678
1518.47	0.8	NonTarget	1	303694
1518.555	0.8	NonTarget	1	303711
1518.64	0.8	NonTarget	1	303728
1518.72	0.8	NonTarget	1	303744
1518.805	0.8	NonTarget	1	303761
1518.89	0.8	NonTarget	1	303778
1518.97	0.8	NonTarget	1	303794
1519.055	0.8	NonTarget	1	303811
1519.14	0.8	NonTarget	1	303828
1519.22	0.8	NonTarget	1	303844
1519.31	0.8	NonTarget	1	303862
1519.39	0.8	NonTarget	1	303878
1519.475	0.8	NonTarget	1	303895
1519.555	0.8	NonTarget	1	303911
1519.64	0.8	NonTarget	1	303928
1519.725	0.8	NonTarget	1	303945
1519.805	0.8	NonTarget	1	303961
1519.89	0.8	NonTarget	1	303978
1519.975	0.8	NonTarget	1	303995
1520.06	0.8	NonTarget	1	304012
1520.145	0.8	NonTarget	1	304029
1520.225	0.8	NonTarget	1	304045
1520.625	0.8	NonTarget	1	304125
1520.71	0.8	Target	2	304142
1520.79	0.8	NonTarget	1	304158
1520.875	0.8	NonTarget	1	304175
1520.96	0.8	NonTarget	1	304192
1521.04	0.8	NonTarget	1	304208
1521.125	0.8	NonTarget	1	304225
1521.21	0.8	NonTarget	1	304242
1521.295	0.8	NonTarget	1	304259
1521.375	0.8	NonTarget	1	304275
1521.46	0.8	NonTarget	1	304292
1521.545	0.8	NonTarget	1	304309
1521.625	0.8	NonTarget	1	304325
1521.71	0.8	NonTarget	1	304342
1521.795	0.8	NonTarget	1	304359
1521.88	0.8	NonTarget	1	304376
1521.96	0.8	NonTarget	1	304392
1522.045	0.8	NonTarget	1	304409
1522.125	0.8	NonTarget	1	304425
1522.21	0.8	NonTarget	1	304442
1522.295	0.8	NonTarget	1	304459
1522.38	0.8	NonTarget	1	304476
1522.46	0.8	NonTarget	1	304492
1522.545	0.8	NonTarget	1	304509
1522.63	0.8	NonTarget	1	304526
1522.71	0.8	NonTarget	1	304542
1522.795	0.8	NonTarget	1	304559
1522.88	0.8	NonTarget	1	304576
1522.96	0.8	NonTarget	1	304592
1523.045	0.8	NonTarget	1	304609
1523.445	0.8	NonTarget	1	304689
1523.53	0.8	NonTarget	1	304706
1523.615	0.8	NonTarget	1	304723
1523.695	0.8	NonTarget	1	304739
1523.78	0.8	NonTarget	1	304756
1523.865	0.8	NonTarget	1	304773
1523.945	0.8	NonTarget	1	304789
1524.03	0.8	NonTarget	1	304806
1524.115	0.8	NonTarget	1	304823
1524.195	0.8	NonTarget	1	304839
1524.28	0.8	NonTarget	1	304856
1524.365	0.8	Target	2	304873
1524.45	0.8	NonTarget	1	304890
1524.53	0.8	NonTarget	1	304906
1524.61	0.8	NonTarget	1	304922
1524.695	0.8	NonTarget	1	304939
1524.78	0.8	NonTarget	1	304956
1524.865	0.8	NonTarget	1	304973
1524.95	0.8	NonTarget	1	304990
1525.03	0.8	NonTarget	1	305006
1525.115	0.8	NonTarget	1	305023
1525.2	0.8	NonTarget	1	305040
1525.28	0.8	NonTarget	1	305056
1525.365	0.8	NonTarget	1	305073
1525.445	0.8	NonTarget	1	305089
1525.53	0.8	NonTarget	1	305106
1525.615	0.8	NonTarget	1	305123
1525.7	0.8	NonTarget	1	305140
1525.78	0.8	NonTarget	1	305156
1525.865	0.8	NonTarget	1	305173
1535.95	0.8	NonTarget	1	307190
1536.03	0.8	NonTarget	1	307206
1536.115	0.8	NonTarget	1	307223
1536.195	0.8	NonTarget	1	307239
1536.28	0.8	NonTarget	1	307256
1536.365	0.8	NonTarget	1	307273
1536.445	0.8	NonTarget	1	307289
1536.53	0.8	NonTarget	1	307306
1536.615	0.8	NonTarget	1	307323
1536.695	0.8	NonTarget	1	307339
1536.785	0.8	NonTarget	1	307357
1536.865	0.8	Target	2	307373
1536.95	0.8	NonTarget	1	307390
1537.03	0.8	NonTarget	1	307406
1537.115	0.8	NonTarget	1	307423
1537.2	0.8	NonTarget	1	307440
1537.285	0.8	NonTarget	1	307457
1537.365	0.8	NonTarget	1	307473
1537.45	0.8	NonTarget	1	307490
1537.53	0.8	NonTarget	1	307506
1537.615	0.8	NonTarget	1	307523
1537.7	0.8	NonTarget	1	307540
1537.785	0.8	NonTarget	1	307557
1537.865	0.8	NonTarget	1	307573
1537.95	0.8	NonTarget	1	307590
1538.035	0.8	NonTarget	1	307607
1538.115	0.8	NonTarget	1	307623
1538.2	0.8	NonTarget	1	307640
1538.285	0.8	NonTarget	1	307657
1538.365	0.8	NonTarget	1	307673
1538.765	0.8	NonTarget	1	307753
1538.85	0.8	NonTarget	1	307770
1538.935	0.8	NonTarget	1	307787
1539.02	0.8	NonTarget	1	307804
1539.1	0.8	NonTarget	1	307820
1539.185	0.8	NonTarget	1	307837
1539.27	0.8	NonTarget	1	307854
1539.35	0.8	NonTarget	1	307870
1539.435	0.8	NonTarget	1	307887
1539.515	0.8	NonTarget	1	307903
1539.605	0.8	NonTarget	1	307921
1539.685	0.8	NonTarget	1	307937
1539.77	0.8	NonTarget	1	307954
1539.85	0.8	NonTarget	1	307970
1539.935	0.8	NonTarget	1	307987
1540.02	0.8	NonTarget	1	308004
1540.105	0.8	NonTarget	1	308021
1540.185	0.8	NonTarget	1	308037
1540.27	0.8	NonTarget	1	308054
1540.355	0.8	NonTarget	1	308071
1540.435	0.8	NonTarget	1	308087
1540.52	0.8	Target	2	308104
1540.605	0.8	NonTarget	1	308121
1540.685	0.8	NonTarget	1	308137
1540.77	0.8	NonTarget	1	308154
1540.855	0.8	NonTarget	1	308171
1540.935	0.8	NonTarget	1	308187
1541.02	0.8	NonTarget	1	308204
1541.105	0.8	NonTarget	1	308221
1541.19	0.8	NonTarget	1	308238
1541.59	0.8	NonTarget	1	308318
1541.67	0.8	NonTarget	1	308334
1541.755	0.8	NonTarget	1	308351
1541.84	0.8	NonTarget	1	308368
1541.92	0.8	NonTarget	1	308384
1542.005	0.8	NonTarget	1	308401
1542.09	0.8	NonTarget	1	308418
1542.17	0.8	NonTarget	1	308434
1542.255	0.8	NonTarget	1	308451
1542.34	0.8	NonTarget	1	308468
1542.42	0.8	NonTarget	1	308484
1542.505	0.8	NonTarget	1	308501
1542.59	0.8	NonTarget	1	308518
1542.675	0.8	NonTarget	1	308535
1542.755	0.8	NonTarget	1	308551
1542.84	0.8	NonTarget	1	308568
1542.92	0.8	Target	2	308584
1543.005	0.8	NonTarget	1	308601
1543.09	0.8	NonTarget	1	308618
1543.175	0.8	NonTarget	1	308635
1543.255	0.8	NonTarget	1	308651
1543.34	0.8	NonTarget	1	308668
1543.425	0.8	NonTarget	1	308685
1543.51	0.8	NonTarget	1	308702
1543.59	0.8	NonTarget	1	308718
1543.675	0.8	NonTarget	1	308735
1543.755	0.8	NonTarget	1	308751
1543.84	0.8	NonTarget	1	308768
1543.925	0.8	NonTarget	1	308785
1544.005	0.8	NonTarget	1	308801
1544.41	0.8	NonTarget	1	308882
1544.495	0.8	NonTarget	1	308899
1544.575	0.8	NonTarget	1	308915
1544.66	0.8	NonTarget	1	308932
1544.74	0.8	NonTarget	1	308948
1544.825	0.8	NonTarget	1	308965
1544.91	0.8	NonTarget	1	308982
1544.99	0.8	NonTarget	1	308998
1545.075	0.8	NonTarget	1	309015
1545.16	0.8	NonTarget	1	309032
1545.24	0.8	NonTarget	1	309048
1545.325	0.8	Target	2	309065
1545.41	0.8	NonTarget	1	309082
1545.495	0.8	NonTarget	1	309099
1545.575	0.8	NonTarget	1	309115
1545.66	0.8	NonTarget	1	309132
1545.745	0.8	NonTarget	1	309149
1545.825	0.8	NonTarget	1	309165
1545.91	0.8	NonTarget	1	309182
1545.995	0.8	NonTarget	1	309199
1546.075	0.8	NonTarget	1	309215
1546.16	0.8	NonTarget	1	309232
1546.245	0.8	NonTarget	1	309249
1546.325	0.8	NonTarget	1	309265
1546.41	0.8	NonTarget	1	309282
1546.495	0.8	NonTarget	1	309299
1546.575	0.8	NonTarget	1	309315
1546.66	0.8	NonTarget	1	309332
1546.745	0.8	NonTarget	1	309349
1546.83	0.8	NonTarget	1	309366
1547.23	0.8	NonTarget	1	309446
1547.31	0.8	Target	2	309462
1547.395	0.8	NonTarget	1	309479
1547.48	0.8	NonTarget	1	309496
1547.565	0.8	NonTarget	1	309513
1547.645	0.8	NonTarget	1	309529
1547.73	0.8	NonTarget	1	309546
1547.81	0.8	NonTarget	1	309562
1547.895	0.8	NonTarget	1	309579
1547.98	0.8	NonTarget	1	309596
1548.065	0.8	NonTarget	1	309613
1548.145	0.8	NonTarget	1	309629
1548.23	0.8	NonTarget	1	309646
1548.315	0.8	NonTarget	1	309663
1548.395	0.8	NonTarget	1	309679
1548.48	0.8	NonTarget	1	309696
1548.565	0.8	NonTarget	1	309713
1548.65	0.8	NonTarget	1	309730
1548.73	0.8	NonTarget	1	309746
1548.815	0.8	NonTarget	1	309763
1548.9	0.8	NonTarget	1	309780
1548.98	0.8	NonTarget	1	309796
1549.065	0.8	NonTarget	1	309813
1549.15	0.8	NonTarget	1	309830
1549.235	0.8	NonTarget	1	309847
1549.315	0.8	NonTarget	1	309863
1549.4	0.8	NonTarget	1	309880
1549.48	0.8	NonTarget	1	309896
1549.565	0.8	NonTarget	1	309913
1549.65	0.8	NonTarget	1	309930
1550.05	0.8	NonTarget	1	310010
1550.135	0.8	NonTarget	1	310027
1550.22	0.8	NonTarget	1	310044
1550.3	0.8	NonTarget	1	310060
1550.385	0.8	NonTarget	1	310077
1550.465	0.8	NonTarget	1	310093
1550.55	0.8	NonTarget	1	310110
1550.635	0.8	NonTarget	1	310127
1550.72	0.8	NonTarget	1	310144
1550.8	0.8	NonTarget	1	310160
1550.885	0.8	NonTarget	1	310177
1550.965	0.8	NonTarget	1	310193
1551.05	0.8	NonTarget	1	310210
1551.135	0.8	NonTarget	1	310227
1551.22	0.8	NonTarget	1	310244
1551.3	0.8	NonTarget	1	310260
1551.385	0.8	NonTarget	1	310277
1551.47	0.8	NonTarget	1	310294
1551.55	0.8	NonTarget	1	310310
1551.635	0.8	NonTarget	1	310327
1551.72	0.8	NonTarget	1	310344
1551.8	0.8	Target	2	310360
1551.885	0.8	NonTarget	1	310377
1551.97	0.8	NonTarget	1	310394
1552.05	0.8	NonTarget	1	310410
1552.135	0.8	NonTarget	1	310427
1552.22	0.8	NonTarget	1	310444
1552.305	0.8	NonTarget	1	310461
1552.385	0.8	NonTarget	1	310477
1552.47	0.8	NonTarget	1	310494
1552.87	0.8	NonTarget	1	310574
1552.955	0.8	NonTarget	1	310591
1553.035	0.8	NonTarget	1	310607
1553.12	0.8	NonTarget	1	310624
1553.205	0.8	NonTarget	1	310641
1553.29	0.8	NonTarget	1	310658
1553.37	0.8	NonTarget	1	310674
1553.455	0.8	NonTarget	1	310691
1553.54	0.8	NonTarget	1	310708
1553.62	0.8	NonTarget	1	310724
1553.705	0.8	NonTarget	1	310741
1553.79	0.8	NonTarget	1	310758
1553.87	0.8	NonTarget	1	310774
1553.955	0.8	NonTarget	1	310791
1554.04	0.8	NonTarget	1	310808
1554.12	0.8	NonTarget	1	310824
1554.205	0.8	NonTarget	1	310841
1554.29	0.8	NonTarget	1	310858
1554.375	0.8	NonTarget	1	310875
1554.455	0.8	NonTarget	1	310891
1554.54	0.8	NonTarget	1	310908
1554.625	0.8	Target	2	310925
1554.705	0.8	NonTarget	1	310941
1554.79	0.8	NonTarget	1	310958
1554.875	0.8	NonTarget	1	310975
1554.955	0.8	NonTarget	1	310991
1555.04	0.8	NonTarget	1	311008
1555.125	0.8	NonTarget	1	311025
1555.205	0.8	NonTarget	1	311041
1555.29	0.8	NonTarget	1	311058
1555.69	0.8	NonTarget	1	311138
1555.775	0.8	Target	2	311155
1555.86	0.8	NonTarget	1	311172
1555.94	0.8	NonTarget	1	311188
1556.025	0.8	NonTarget	1	311205
1556.11	0.8	NonTarget	1	311222
1556.19	0.8	NonTarget	1	311238
1556.275	0.8	NonTarget	1	311255
1556.36	0.8	NonTarget	1	311272
1556.44	0.8	NonTarget	1	311288
1556.525	0.8	NonTarget	1	311305
1556.61	0.8	NonTarget	1	311322
1556.69	0.8	NonTarget	1	311338
1556.775	0.8	NonTarget	1	311355
1556.86	0.8	NonTarget	1	311372
1556.94	0.8	NonTarget	1	311388
1557.025	0.8	NonTarget	1	311405
1557.11	0.8	NonTarget	1	311422
1557.195	0.8	NonTarget	1	311439
1557.275	0.8	NonTarget	1	311455
1557.36	0.8	NonTarget	1	311472
1557.445	0.8	NonTarget	1	311489
1557.525	0.8	NonTarget	1	311505
1557.61	0.8	NonTarget	1	311522
1557.695	0.8	NonTarget	1	311539
1557.78	0.8	NonTarget	1	311556
1557.86	0.8	NonTarget	1	311572
1557.945	0.8	NonTarget	1	311589
1558.03	0.8	NonTarget	1	311606
1558.11	0.8	NonTarget	1	311622
1558.51	0.8	NonTarget	1	311702
1558.595	0.8	NonTarget	1	311719
1558.68	0.8	NonTarget	1	311736
1558.76	0.8	NonTarget	1	311752
1558.845	0.8	NonTarget	1	311769
1558.93	0.8	NonTarget	1	311786
1559.015	0.8	Target	2	311803
1559.095	0.8	NonTarget	1	311819
1559.18	0.8	NonTarget	1	311836
1559.265	0.8	NonTarget	1	311853
1559.345	0.8	NonTarget	1	311869
1559.43	0.8	NonTarget	1	311886
1559.515	0.8	NonTarget	1	311903
1559.595	0.8	NonTarget	1	311919
1559.68	0.8	NonTarget	1	311936
1559.76	0.8	NonTarget	1	311952
1559.845	0.8	NonTarget	1	311969
1559.93	0.8	NonTarget	1	311986
1560.015	0.8	NonTarget	1	312003
1560.1	0.8	NonTarget	1	312020
1560.185	0.8	NonTarget	1	312037
1560.265	0.8	NonTarget	1	312053
1560.345	0.8	NonTarget	1	312069
1560.43	0.8	NonTarget	1	312086
1560.515	0.8	NonTarget	1	312103
1560.6	0.8	NonTarget	1	312120
1560.68	0.8	NonTarget	1	312136
1560.765	0.8	NonTarget	1	312153
1560.85	0.8	NonTarget	1	312170
1560.93	0.8	NonTarget	1	312186
1561.33	0.8	NonTarget	1	312266
1561.415	0.8	NonTarget	1	312283
1561.5	0.8	NonTarget	1	312300
1561.585	0.8	NonTarget	1	312317
1561.665	0.8	NonTarget	1	312333
1561.75	0.8	NonTarget	1	312350
1561.83	0.8	NonTarget	1	312366
1561.915	0.8	NonTarget	1	312383
1562.0	0.8	NonTarget	1	312400
1562.085	0.8	NonTarget	1	312417
1562.165	0.8	NonTarget	1	312433
1562.25	0.8	NonTarget	1	312450
1562.335	0.8	NonTarget	1	312467
1562.42	0.8	NonTarget	1	312484
1562.5	0.8	NonTarget	1	312500
1562.59	0.8	NonTarget	1	312518
1562.67	0.8	Target	2	312534
1562.75	0.8	NonTarget	1	312550
1562.835	0.8	NonTarget	1	312567
1562.92	0.8	NonTarget	1	312584
1563.0	0.8	NonTarget	1	312600
1563.085	0.8	NonTarget	1	312617
1563.17	0.8	NonTarget	1	312634
1563.25	0.8	NonTarget	1	312650
1563.335	0.8	NonTarget	1	312667
1563.42	0.8	NonTarget	1	312684
1563.505	0.8	NonTarget	1	312701
1563.585	0.8	NonTarget	1	312717
1563.67	0.8	NonTarget	1	312734
1563.755	0.8	NonTarget	1	312751
1573.82	0.8	NonTarget	1	314764
1573.9	0.8	NonTarget	1	314780
1573.985	0.8	NonTarget	1	314797
1574.065	0.8	NonTarget	1	314813
1574.15	0.8	NonTarget	1	314830
1574.235	0.8	NonTarget	1	314847
1574.315	0.8	NonTarget	1	314863
1574.4	0.8	NonTarget	1	314880
1574.485	0.8	NonTarget	1	314897
1574.565	0.8	NonTarget	1	314913
1574.65	0.8	NonTarget	1	314930
1574.735	0.8	NonTarget	1	314947
1574.82	0.8	NonTarget	1	314964
1574.9	0.8	NonTarget	1	314980
1574.985	0.8	NonTarget	1	314997
1575.07	0.8	Target	2	315014
1575.15	0.8	NonTarget	1	315030
1575.235	0.8	NonTarget	1	315047
1575.32	0.8	NonTarget	1	315064
1575.4	0.8	NonTarget	1	315080
1575.485	0.8	NonTarget	1	315097
1575.57	0.8	NonTarget	1	315114
1575.65	0.8	NonTarget	1	315130
1575.735	0.8	NonTarget	1	315147
1575.82	0.8	NonTarget	1	315164
1575.905	0.8	NonTarget	1	315181
1575.985	0.8	NonTarget	1	315197
1576.07	0.8	NonTarget	1	315214
1576.155	0.8	NonTarget	1	315231
1576.235	0.8	NonTarget	1	315247
1576.635	0.8	Target	2	315327
1576.72	0.8	NonTarget	1	315344
1576.805	0.8	NonTarget	1	315361
1576.89	0.8	NonTarget	1	315378
1576.97	0.8	NonTarget	1	315394
1577.055	0.8	NonTarget	1	315411
1577.14	0.8	NonTarget	1	315428
1577.22	0.8	NonTarget	1	315444
1577.305	0.8	NonTarget	1	315461
1577.39	0.8	NonTarget	1	315478
1577.475	0.8	NonTarget	1	315495
1577.555	0.8	NonTarget	1	315511
1577.64	0.8	NonTarget	1	315528
1577.72	0.8	NonTarget	1	315544
1577.805	0.8	NonTarget	1	315561
1577.89	0.8	NonTarget	1	315578
1577.97	0.8	NonTarget	1	315594
1578.055	0.8	NonTarget	1	315611
1578.14	0.8	NonTarget	1	315628
1578.225	0.8	NonTarget	1	315645
1578.305	0.8	NonTarget	1	315661
1578.39	0.8	NonTarget	1	315678
1578.475	0.8	NonTarget	1	315695
1578.555	0.8	NonTarget	1	315711
1578.64	0.8	NonTarget	1	315728
1578.725	0.8	NonTarget	1	315745
1578.805	0.8	NonTarget	1	315761
1578.89	0.8	NonTarget	1	315778
1578.975	0.8	NonTarget	1	315795
1579.055	0.8	NonTarget	1	315811
1579.46	0.8	Target	2	315892
1579.54	0.8	NonTarget	1	315908
1579.625	0.8	NonTarget	1	315925
1579.71	0.8	NonTarget	1	315942
1579.79	0.8	NonTarget	1	315958
1579.875	0.8	NonTarget	1	315975
1579.96	0.8	NonTarget	1	315992
1580.04	0.8	NonTarget	1	316008
1580.125	0.8	NonTarget	1	316025
1580.21	0.8	NonTarget	1	316042
1580.295	0.8	NonTarget	1	316059
1580.375	0.8	NonTarget	1	316075
1580.46	0.8	NonTarget	1	316092
1580.545	0.8	NonTarget	1	316109
1580.625	0.8	NonTarget	1	316125
1580.71	0.8	NonTarget	1	316142
1580.795	0.8	NonTarget	1	316159
1580.88	0.8	NonTarget	1	316176
1580.96	0.8	NonTarget	1	316192
1581.045	0.8	NonTarget	1	316209
1581.125	0.8	NonTarget	1	316225
1581.21	0.8	NonTarget	1	316242
1581.295	0.8	NonTarget	1	316259
1581.38	0.8	NonTarget	1	316276
1581.46	0.8	NonTarget	1	316292
1581.545	0.8	NonTarget	1	316309
1581.63	0.8	NonTarget	1	316326
1581.71	0.8	NonTarget	1	316342
1581.795	0.8	NonTarget	1	316359
1581.875	0.8	NonTarget	1	316375
1582.28	0.8	NonTarget	1	316456
1582.36	0.8	NonTarget	1	316472
1582.445	0.8	NonTarget	1	316489
1582.53	0.8	NonTarget	1	316506
1582.61	0.8	NonTarget	1	316522
1582.695	0.8	NonTarget	1	316539
1582.78	0.8	NonTarget	1	316556
1582.86	0.8	NonTarget	1	316572
1582.945	0.8	NonTarget	1	316589
1583.03	0.8	NonTarget	1	316606
1583.115	0.8	NonTarget	1	316623
1583.2	0.8	NonTarget	1	316640
1583.28	0.8	NonTarget	1	316656
1583.365	0.8	NonTarget	1	316673
1583.445	0.8	NonTarget	1	316689
1583.53	0.8	NonTarget	1	316706
1583.615	0.8	NonTarget	1	316723
1583.7	0.8	NonTarget	1	316740
1583.785	0.8	NonTarget	1	316757
1583.865	0.8	NonTarget	1	316773
1583.95	0.8	Target	2	316790
1584.03	0.8	NonTarget	1	316806
1584.115	0.8	NonTarget	1	316823
1584.2	0.8	NonTarget	1	316840
1584.28	0.8	NonTarget	1	316856
1584.365	0.8	NonTarget	1	316873
1584.45	0.8	NonTarget	1	316890
1584.53	0.8	NonTarget	1	316906
1584.615	0.8	NonTarget	1	316923
1584.7	0.8	NonTarget	1	316940
1585.1	0.8	NonTarget	1	317020
1585.185	0.8	NonTarget	1	317037
1585.265	0.8	NonTarget	1	317053
1585.35	0.8	NonTarget	1	317070
1585.435	0.8	NonTarget	1	317087
1585.52	0.8	NonTarget	1	317104
1585.6	0.8	NonTarget	1	317120
1585.685	0.8	NonTarget	1	317137
1585.765	0.8	NonTarget	1	317153
1585.85	0.8	NonTarget	1	317170
1585.935	0.8	Target	2	317187
1586.015	0.8	NonTarget	1	317203
1586.1	0.8	NonTarget	1	317220
1586.185	0.8	NonTarget	1	317237
1586.265	0.8	NonTarget	1	317253
1586.35	0.8	NonTarget	1	317270
1586.435	0.8	NonTarget	1	317287
1586.52	0.8	NonTarget	1	317304
1586.6	0.8	NonTarget	1	317320
1586.685	0.8	NonTarget	1	317337
1586.77	0.8	NonTarget	1	317354
1586.85	0.8	NonTarget	1	317370
1586.935	0.8	NonTarget	1	317387
1587.02	0.8	NonTarget	1	317404
1587.1	0.8	NonTarget	1	317420
1587.185	0.8	NonTarget	1	317437
1587.27	0.8	NonTarget	1	317454
1587.355	0.8	NonTarget	1	317471
1587.435	0.8	NonTarget	1	317487
1587.52	0.8	NonTarget	1	317504
1587.92	0.8	NonTarget	1	317584
1588.005	0.8	NonTarget	1	317601
1588.09	0.8	NonTarget	1	317618
1588.17	0.8	NonTarget	1	317634
1588.25	0.8	NonTarget	1	317650
1588.335	0.8	NonTarget	1	317667
1588.42	0.8	NonTarget	1	317684
1588.505	0.8	NonTarget	1	317701
1588.585	0.8	NonTarget	1	317717
1588.67	0.8	NonTarget	1	317734
1588.755	0.8	NonTarget	1	317751
1588.84	0.8	NonTarget	1	317768
1588.92	0.8	NonTarget	1	317784
1589.005	0.8	NonTarget	1	317801
1589.09	0.8	NonTarget	1	317818
1589.17	0.8	NonTarget	1	317834
1589.255	0.8	NonTarget	1	317851
1589.34	0.8	NonTarget	1	317868
1589.425	0.8	NonTarget	1	317885
1589.505	0.8	NonTarget	1	317901
1589.59	0.8	Target	2	317918
1589.675	0.8	NonTarget	1	317935
1589.755	0.8	NonTarget	1	317951
1589.84	0.8	NonTarget	1	317968
1589.92	0.8	NonTarget	1	317984
1590.005	0.8	NonTarget	1	318001
1590.09	0.8	NonTarget	1	318018
1590.175	0.8	NonTarget	1	318035
1590.255	0.8	NonTarget	1	318051
1590.34	0.8	NonTarget	1	318068
1590.74	0.8	NonTarget	1	318148
1590.825	0.8	NonTarget	1	318165
1590.905	0.8	NonTarget	1	318181
1590.995	0.8	NonTarget	1	318199
1591.075	0.8	NonTarget	1	318215
1591.16	0.8	NonTarget	1	318232
1591.24	0.8	NonTarget	1	318248
1591.325	0.8	NonTarget	1	318265
1591.41	0.8	NonTarget	1	318282
1591.49	0.8	NonTarget	1	318298
1591.575	0.8	NonTarget	1	318315
1591.66	0.8	NonTarget	1	318332
1591.745	0.8	NonTarget	1	318349
1591.825	0.8	NonTarget	1	318365
1591.91	0.8	NonTarget	1	318382
1591.99	0.8	Target	2	318398
1592.075	0.8	NonTarget	1	318415
1592.16	0.8	NonTarget	1	318432
1592.245	0.8	NonTarget	1	318449
1592.325	0.8	NonTarget	1	318465
1592.41	0.8	NonTarget	1	318482
1592.495	0.8	NonTarget	1	318499
1592.575	0.8	NonTarget	1	318515
1592.66	0.8	NonTarget	1	318532
1592.745	0.8	NonTarget	1	318549
1592.83	0.8	NonTarget	1	318566
1592.91	0.8	NonTarget	1	318582
1592.995	0.8	NonTarget	1	318599
1593.08	0.8	NonTarget	1	318616
1593.16	0.8	NonTarget	1	318632
1593.56	0.8	NonTarget	1	318712
1593.645	0.8	NonTarget	1	318729
1593.73	0.8	NonTarget	1	318746
1593.81	0.8	NonTarget	1	318762
1593.895	0.8	NonTarget	1	318779
1593.98	0.8	NonTarget	1	318796
1594.065	0.8	NonTarget	1	318813
1594.145	0.8	NonTarget	1	318829
1594.23	0.8	NonTarget	1	318846
1594.31	0.8	NonTarget	1	318862
1594.395	0.8	Target	2	318879
1594.48	0.8	NonTarget	1	318896
1594.56	0.8	NonTarget	1	318912
1594.645	0.8	NonTarget	1	318929
1594.73	0.8	NonTarget	1	318946
1594.815	0.8	NonTarget	1	318963
1594.895	0.8	NonTarget	1	318979
1594.98	0.8	NonTarget	1	318996
1595.065	0.8	NonTarget	1	319013
1595.15	0.8	NonTarget	1	319030
1595.23	0.8	NonTarget	1	319046
1595.315	0.8	NonTarget	1	319063
1595.395	0.8	NonTarget	1	319079
1595.48	0.8	NonTarget	1	319096
1595.565	0.8	NonTarget	1	319113
1595.645	0.8	NonTarget	1	319129
1595.73	0.8	NonTarget	1	319146
1595.815	0.8	NonTarget	1	319163
1595.9	0.8	NonTarget	1	319180
1595.98	0.8	NonTarget	1	319196
1596.38	0.8	NonTarget	1	319276
1596.465	0.8	NonTarget	1	319293
1596.55	0.8	NonTarget	1	319310
1596.635	0.8	NonTarget	1	319327
1596.715	0.8	NonTarget	1	319343
1596.8	0.8	NonTarget	1	319360
1596.885	0.8	NonTarget	1	319377
1596.965	0.8	NonTarget	1	319393
1597.05	0.8	NonTarget	1	319410
1597.135	0.8	NonTarget	1	319427
1597.215	0.8	Target	2	319443
1597.3	0.8	NonTarget	1	319460
1597.385	0.8	NonTarget	1	319477
1597.47	0.8	NonTarget	1	319494
1597.555	0.8	NonTarget	1	319511
1597.635	0.8	NonTarget	1	319527
1597.715	0.8	NonTarget	1	319543
1597.8	0.8	NonTarget	1	319560
1597.885	0.8	NonTarget	1	319577
1597.965	0.8	NonTarget	1	319593
1598.05	0.8	NonTarget	1	319610
1598.135	0.8	NonTarget	1	319627
1598.22	0.8	NonTarget	1	319644
1598.3	0.8	NonTarget	1	319660
1598.385	0.8	NonTarget	1	319677
1598.47	0.8	NonTarget	1	319694
1598.555	0.8	NonTarget	1	319711
1598.635	0.8	NonTarget	1	319727
1598.72	0.8	NonTarget	1	319744
1598.8	0.8	NonTarget	1	319760
1599.205	0.8	NonTarget	1	319841
1599.285	0.8	NonTarget	1	319857
1599.37	0.8	NonTarget	1	319874
1599.455	0.8	NonTarget	1	319891
1599.535	0.8	NonTarget	1	319907
1599.62	0.8	NonTarget	1	319924
1599.705	0.8	NonTarget	1	319941
1599.785	0.8	NonTarget	1	319957
1599.87	0.8	NonTarget	1	319974
1599.955	0.8	NonTarget	1	319991
1600.04	0.8	NonTarget	1	320008
1600.12	0.8	NonTarget	1	320024
1600.205	0.8	NonTarget	1	320041
1600.29	0.8	NonTarget	1	320058
1600.37	0.8	NonTarget	1	320074
1600.455	0.8	NonTarget	1	320091
1600.54	0.8	NonTarget	1	320108
1600.62	0.8	NonTarget	1	320124
1600.705	0.8	NonTarget	1	320141
1600.79	0.8	NonTarget	1	320158
1600.875	0.8	NonTarget	1	320175
1600.955	0.8	NonTarget	1	320191
1601.035	0.8	NonTarget	1	320207
1601.12	0.8	NonTarget	1	320224
1601.205	0.8	NonTarget	1	320241
1601.29	0.8	Target	2	320258
1601.37	0.8	NonTarget	1	320274
1601.455	0.8	NonTarget	1	320291
1601.54	0.8	NonTarget	1	320308
1601.625	0.8	NonTarget	1	320325
1611.705	0.8	NonTarget	1	322341
1611.785	0.8	Target	2	322357
1611.87	0.8	NonTarget	1	322374
1611.955	0.8	NonTarget	1	322391
1612.035	0.8	NonTarget	1	322407
1612.12	0.8	NonTarget	1	322424
1612.205	0.8	NonTarget	1	322441
1612.29	0.8	NonTarget	1	322458
1612.37	0.8	NonTarget	1	322474
1612.455	0.8	NonTarget	1	322491
1612.54	0.8	NonTarget	1	322508
1612.62	0.8	NonTarget	1	322524
1612.705	0.8	NonTarget	1	322541
1612.79	0.8	NonTarget	1	322558
1612.875	0.8	NonTarget	1	322575
1612.955	0.8	NonTarget	1	322591
1613.04	0.8	NonTarget	1	322608
1613.12	0.8	NonTarget	1	322624
1613.205	0.8	NonTarget	1	322641
1613.29	0.8	NonTarget	1	322658
1613.375	0.8	NonTarget	1	322675
1613.455	0.8	NonTarget	1	322691
1613.54	0.8	NonTarget	1	322708
1613.625	0.8	NonTarget	1	322725
1613.705	0.8	NonTarget	1	322741
1613.79	0.8	NonTarget	1	322758
1613.875	0.8	NonTarget	1	322775
1613.955	0.8	NonTarget	1	322791
1614.04	0.8	NonTarget	1	322808
1614.125	0.8	NonTarget	1	322825
1614.525	0.8	NonTarget	1	322905
1614.605	0.8	NonTarget	1	322921
1614.69	0.8	NonTarget	1	322938
1614.775	0.8	NonTarget	1	322955
1614.86	0.8	NonTarget	1	322972
1614.94	0.8	NonTarget	1	322988
1615.025	0.8	NonTarget	1	323005
1615.11	0.8	NonTarget	1	323022
1615.19	0.8	NonTarget	1	323038
1615.275	0.8	NonTarget	1	323055
1615.36	0.8	NonTarget	1	323072
1615.445	0.8	NonTarget	1	323089
1615.525	0.8	NonTarget	1	323105
1615.61	0.8	NonTarget	1	323122
1615.69	0.8	NonTarget	1	323138
1615.775	0.8	NonTarget	1	323155
1615.86	0.8	NonTarget	1	323172
1615.945	0.8	NonTarget	1	323189
1616.025	0.8	NonTarget	1	323205
1616.11	0.8	NonTarget	1	323222
1616.195	0.8	NonTarget	1	323239
1616.275	0.8	Target	2	323255
1616.36	0.8	NonTarget	1	323272
1616.445	0.8	NonTarget	1	323289
1616.525	0.8	NonTarget	1	323305
1616.61	0.8	NonTarget	1	323322
1616.695	0.8	NonTarget	1	323339
1616.78	0.8	NonTarget	1	323356
1616.86	0.8	NonTarget	1	323372
1616.945	0.8	NonTarget	1	323389
1617.345	0.8	NonTarget	1	323469
1617.43	0.8	NonTarget	1	323486
1617.515	0.8	NonTarget	1	323503
1617.595	0.8	NonTarget	1	323519
1617.68	0.8	NonTarget	1	323536
1617.76	0.8	NonTarget	1	323552
1617.845	0.8	NonTarget	1	323569
1617.93	0.8	NonTarget	1	323586
1618.015	0.8	NonTarget	1	323603
1618.095	0.8	NonTarget	1	323619
1618.18	0.8	NonTarget	1	323636
1618.26	0.8	NonTarget	1	323652
1618.35	0.8	NonTarget	1	323670
1618.43	0.8	NonTarget	1	323686
1618.515	0.8	NonTarget	1	323703
1618.6	0.8	NonTarget	1	323720
1618.68	0.8	Target	2	323736
1618.765	0.8	NonTarget	1	323753
1618.845	0.8	NonTarget	1	323769
1618.93	0.8	NonTarget	1	323786
1619.015	0.8	NonTarget	1	323803
1619.095	0.8	NonTarget	1	323819
1619.18	0.8	NonTarget	1	323836
1619.265	0.8	NonTarget	1	323853
1619.345	0.8	NonTarget	1	323869
1619.43	0.8	NonTarget	1	323886
1619.515	0.8	NonTarget	1	323903
1619.6	0.8	NonTarget	1	323920
1619.68	0.8	NonTarget	1	323936
1619.765	0.8	NonTarget	1	323953
1620.165	0.8	NonTarget	1	324033
1620.25	0.8	NonTarget	1	324050
1620.335	0.8	NonTarget	1	324067
1620.415	0.8	NonTarget	1	324083
1620.5	0.8	NonTarget	1	324100
1620.585	0.8	NonTarget	1	324117
1620.665	0.8	NonTarget	1	324133
1620.75	0.8	NonTarget	1	324150
1620.835	0.8	NonTarget	1	324167
1620.915	0.8	NonTarget	1	324183
1621.0	0.8	NonTarget	1	324200
1621.085	0.8	NonTarget	1	324217
1621.165	0.8	NonTarget	1	324233
1621.25	0.8	NonTarget	1	324250
1621.335	0.8	NonTarget	1	324267
1621.42	0.8	NonTarget	1	324284
1621.5	0.8	NonTarget	1	324300
1621.585	0.8	NonTarget	1	324317
1621.67	0.8	NonTarget	1	324334
1621.75	0.8	NonTarget	1	324350
1621.835	0.8	NonTarget	1	324367
1621.915	0.8	Target	2	324383
1622.0	0.8	NonTarget	1	324400
1622.085	0.8	NonTarget	1	324417
1622.17	0.8	NonTarget	1	324434
1622.255	0.8	NonTarget	1	324451
1622.335	0.8	NonTarget	1	324467
1622.42	0.8	NonTarget	1	324484
1622.505	0.8	NonTarget	1	324501
1622.585	0.8	NonTarget	1	324517
1622.985	0.8	NonTarget	1	324597
1623.07	0.8	Target	2	324614
1623.155	0.8	NonTarget	1	324631
1623.235	0.8	NonTarget	1	324647
1623.32	0.8	NonTarget	1	324664
1623.405	0.8	NonTarget	1	324681
1623.485	0.8	NonTarget	1	324697
1623.57	0.8	NonTarget	1	324714
1623.655	0.8	NonTarget	1	324731
1623.74	0.8	NonTarget	1	324748
1623.82	0.8	NonTarget	1	324764
1623.905	0.8	NonTarget	1	324781
1623.99	0.8	NonTarget	1	324798
1624.07	0.8	NonTarget	1	324814
1624.155	0.8	NonTarget	1	324831
1624.24	0.8	NonTarget	1	324848
1624.32	0.8	NonTarget	1	324864
1624.405	0.8	NonTarget	1	324881
1624.49	0.8	NonTarget	1	324898
1624.575	0.8	NonTarget	1	324915
1624.655	0.8	NonTarget	1	324931
1624.74	0.8	NonTarget	1	324948
1624.825	0.8	NonTarget	1	324965
1624.905	0.8	NonTarget	1	324981
1624.99	0.8	NonTarget	1	324998
1625.075	0.8	NonTarget	1	325015
1625.155	0.8	NonTarget	1	325031
1625.24	0.8	NonTarget	1	325048
1625.325	0.8	NonTarget	1	325065
1625.405	0.8	NonTarget	1	325081
1625.81	0.8	NonTarget	1	325162
1625.89	0.8	NonTarget	1	325178
1625.975	0.8	NonTarget	1	325195
1626.06	0.8	NonTarget	1	325212
1626.14	0.8	NonTarget	1	325228
1626.225	0.8	NonTarget	1	325245
1626.305	0.8	NonTarget	1	325261
1626.39	0.8	NonTarget	1	325278
1626.475	0.8	NonTarget	1	325295
1626.555	0.8	NonTarget	1	325311
1626.64	0.8	NonTarget	1	325328
1626.725	0.8	NonTarget	1	325345
1626.81	0.8	NonTarget	1	325362
1626.89	0.8	NonTarget	1	325378
1626.975	0.8	NonTarget	1	325395
1627.06	0.8	NonTarget	1	325412
1627.14	0.8	Target	2	325428
1627.225	0.8	NonTarget	1	325445
1627.31	0.8	NonTarget	1	325462
1627.395	0.8	NonTarget	1	325479
1627.475	0.8	NonTarget	1	325495
1627.56	0.8	NonTarget	1	325512
1627.64	0.8	NonTarget	1	325528
1627.725	0.8	NonTarget	1	325545
1627.81	0.8	NonTarget	1	325562
1627.895	0.8	NonTarget	1	325579
1627.975	0.8	NonTarget	1	325595
1628.06	0.8	NonTarget	1	325612
1628.145	0.8	NonTarget	1	325629
1628.23	0.8	NonTarget	1	325646
1628.63	0.8	NonTarget	1	325726
1628.71	0.8	NonTarget	1	325742
1628.795	0.8	NonTarget	1	325759
1628.88	0.8	NonTarget	1	325776
1628.96	0.8	NonTarget	1	325792
1629.045	0.8	NonTarget	1	325809
1629.13	0.8	Target	2	325826
1629.21	0.8	NonTarget	1	325842
1629.295	0.8	NonTarget	1	325859
1629.38	0.8	NonTarget	1	325876
1629.465	0.8	NonTarget	1	325893
1629.545	0.8	NonTarget	1	325909
1629.63	0.8	NonTarget	1	325926
1629.715	0.8	NonTarget	1	325943
1629.795	0.8	NonTarget	1	325959
1629.88	0.8	NonTarget	1	325976
1629.965	0.8	NonTarget	1	325993
1630.045	0.8	NonTarget	1	326009
1630.13	0.8	NonTarget	1	326026
1630.215	0.8	NonTarget	1	326043
1630.295	0.8	NonTarget	1	326059
1630.38	0.8	NonTarget	1	326076
1630.465	0.8	NonTarget	1	326093
1630.55	0.8	NonTarget	1	326110
1630.63	0.8	NonTarget	1	326126
1630.715	0.8	NonTarget	1	326143
1630.8	0.8	NonTarget	1	326160
1630.88	0.8	NonTarget	1	326176
1630.965	0.8	NonTarget	1	326193
1631.045	0.8	NonTarget	1	326209
1631.45	0.8	NonTarget	1	326290
1631.53	0.8	Target	2	326306
1631.615	0.8	NonTarget	1	326323
1631.7	0.8	NonTarget	1	326340
1631.78	0.8	NonTarget	1	326356
1631.865	0.8	NonTarget	1	326373
1631.95	0.8	NonTarget	1	326390
1632.03	0.8	NonTarget	1	326406
1632.115	0.8	NonTarget	1	326423
1632.2	0.8	NonTarget	1	326440
1632.285	0.8	NonTarget	1	326457
1632.365	0.8	NonTarget	1	326473
1632.45	0.8	NonTarget	1	326490
1632.535	0.8	NonTarget	1	326507
1632.615	0.8	NonTarget	1	326523
1632.7	0.8	NonTarget	1	326540
1632.785	0.8	NonTarget	1	326557
1632.87	0.8	NonTarget	1	326574
1632.95	0.8	NonTarget	1	326590
1633.035	0.8	NonTarget	1	326607
1633.115	0.8	NonTarget	1	326623
1633.2	0.8	NonTarget	1	326640
1633.285	0.8	NonTarget	1	326657
1633.37	0.8	NonTarget	1	326674
1633.45	0.8	NonTarget	1	326690
1633.535	0.8	NonTarget	1	326707
1633.62	0.8	NonTarget	1	326724
1633.7	0.8	NonTarget	1	326740
1633.785	0.8	NonTarget	1	326757
1633.87	0.8	NonTarget	1	326774
1634.27	0.8	NonTarget	1	326854
1634.355	0.8	NonTarget	1	326871
1634.435	0.8	NonTarget	1	326887
1634.52	0.8	NonTarget	1	326904
1634.6	0.8	NonTarget	1	326920
1634.69	0.8	NonTarget	1	326938
1634.77	0.8	NonTarget	1	326954
1634.855	0.8	NonTarget	1	326971
1634.94	0.8	NonTarget	1	326988
1635.02	0.8	NonTarget	1	327004
1635.105	0.8	NonTarget	1	327021
1635.185	0.8	NonTarget	1	327037
1635.27	0.8	NonTarget	1	327054
1635.355	0.8	NonTarget	1	327071
1635.435	0.8	NonTarget	1	327087
1635.52	0.8	NonTarget	1	327104
1635.605	0.8	NonTarget	1	327121
1635.69	0.8	NonTarget	1	327138
1635.77	0.8	NonTarget	1	327154
1635.855	0.8	NonTarget	1	327171
1635.94	0.8	NonTarget	1	327188
1636.02	0.8	Target	2	327204
1636.105	0.8	NonTarget	1	327221
1636.19	0.8	NonTarget	1	327238
1636.27	0.8	NonTarget	1	327254
1636.355	0.8	NonTarget	1	327271
1636.44	0.8	NonTarget	1	327288
1636.52	0.8	NonTarget	1	327304
1636.605	0.8	NonTarget	1	327321
1636.69	0.8	NonTarget	1	327338
1637.09	0.8	NonTarget	1	327418
1637.175	0.8	NonTarget	1	327435
1637.255	0.8	NonTarget	1	327451
1637.34	0.8	NonTarget	1	327468
1637.425	0.8	NonTarget	1	327485
1637.505	0.8	NonTarget	1	327501
1637.59	0.8	Target	2	327518
1637.675	0.8	NonTarget	1	327535
1637.755	0.8	NonTarget	1	327551
1637.84	0.8	NonTarget	1	327568
1637.925	0.8	NonTarget	1	327585
1638.01	0.8	NonTarget	1	327602
1638.09	0.8	NonTarget	1	327618
1638.175	0.8	NonTarget	1	327635
1638.255	0.8	NonTarget	1	327651
1638.345	0.8	NonTarget	1	327669
1638.425	0.8	NonTarget	1	327685
1638.51	0.8	NonTarget	1	327702
1638.595	0.8	NonTarget	1	327719
1638.675	0.8	NonTarget	1	327735
1638.76	0.8	NonTarget	1	327752
1638.845	0.8	NonTarget	1	327769
1638.925	0.8	NonTarget	1	327785
1639.01	0.8	NonTarget	1	327802
1639.09	0.8	NonTarget	1	327818
1639.175	0.8	NonTarget	1	327835
1639.26	0.8	NonTarget	1	327852
1639.345	0.8	NonTarget	1	327869
1639.425	0.8	NonTarget	1	327885
1639.51	0.8	NonTarget	1	327902
1655.435	0.8	NonTarget	1	331087
1655.515	0.8	NonTarget	1	331103
1655.6	0.8	NonTarget	1	331120
1655.685	0.8	NonTarget	1	331137
1655.765	0.8	NonTarget	1	331153
1655.85	0.8	NonTarget	1	331170
1655.935	0.8	NonTarget	1	331187
1656.02	0.8	NonTarget	1	331204
1656.1	0.8	NonTarget	1	331220
1656.185	0.8	NonTarget	1	331237
1656.27	0.8	NonTarget	1	331254
1656.355	0.8	NonTarget	1	331271
1656.435	0.8	Target	2	331287
1656.52	0.8	NonTarget	1	331304
1656.6	0.8	NonTarget	1	331320
1656.685	0.8	NonTarget	1	331337
1656.77	0.8	NonTarget	1	331354
1656.85	0.8	NonTarget	1	331370
1656.935	0.8	NonTarget	1	331387
1657.02	0.8	NonTarget	1	331404
1657.1	0.8	NonTarget	1	331420
1657.19	0.8	NonTarget	1	331438
1657.27	0.8	NonTarget	1	331454
1657.355	0.8	NonTarget	1	331471
1657.435	0.8	NonTarget	1	331487
1657.52	0.8	NonTarget	1	331504
1657.6	0.8	NonTarget	1	331520
1657.685	0.8	NonTarget	1	331537
1657.77	0.8	NonTarget	1	331554
1657.855	0.8	NonTarget	1	331571
1658.255	0.8	NonTarget	1	331651
1658.34	0.8	NonTarget	1	331668
1658.42	0.8	NonTarget	1	331684
1658.505	0.8	NonTarget	1	331701
1658.585	0.8	NonTarget	1	331717
1658.67	0.8	NonTarget	1	331734
1658.755	0.8	NonTarget	1	331751
1658.835	0.8	Target	2	331767
1658.92	0.8	NonTarget	1	331784
1659.005	0.8	NonTarget	1	331801
1659.09	0.8	NonTarget	1	331818
1659.17	0.8	NonTarget	1	331834
1659.255	0.8	NonTarget	1	331851
1659.34	0.8	NonTarget	1	331868
1659.42	0.8	NonTarget	1	331884
1659.505	0.8	NonTarget	1	331901
1659.59	0.8	NonTarget	1	331918
1659.675	0.8	NonTarget	1	331935
1659.755	0.8	NonTarget	1	331951
1659.84	0.8	NonTarget	1	331968
1659.92	0.8	NonTarget	1	331984
1660.005	0.8	NonTarget	1	332001
1660.09	0.8	NonTarget	1	332018
1660.175	0.8	NonTarget	1	332035
1660.26	0.8	NonTarget	1	332052
1660.34	0.8	NonTarget	1	332068
1660.425	0.8	NonTarget	1	332085
1660.505	0.8	NonTarget	1	332101
1660.595	0.8	NonTarget	1	332119
1660.675	0.8	NonTarget	1	332135
1661.075	0.8	NonTarget	1	332215
1661.155	0.8	NonTarget	1	332231
1661.24	0.8	NonTarget	1	332248
1661.325	0.8	NonTarget	1	332265
1661.405	0.8	NonTarget	1	332281
1661.49	0.8	NonTarget	1	332298
1661.575	0.8	NonTarget	1	332315
1661.66	0.8	Target	2	332332
1661.74	0.8	NonTarget	1	332348
1661.825	0.8	NonTarget	1	332365
1661.91	0.8	NonTarget	1	332382
1661.995	0.8	NonTarget	1	332399
1662.075	0.8	NonTarget	1	332415
1662.16	0.8	NonTarget	1	332432
1662.245	0.8	NonTarget	1	332449
1662.325	0.8	NonTarget	1	332465
1662.41	0.8	NonTarget	1	332482
1662.495	0.8	NonTarget	1	332499
1662.58	0.8	NonTarget	1	332516
1662.66	0.8	NonTarget	1	332532
1662.745	0.8	NonTarget	1	332549
1662.825	0.8	NonTarget	1	332565
1662.91	0.8	NonTarget	1	332582
1662.995	0.8	NonTarget	1	332599
1663.075	0.8	NonTarget	1	332615
1663.16	0.8	NonTarget	1	332632
1663.245	0.8	NonTarget	1	332649
1663.33	0.8	NonTarget	1	332666
1663.41	0.8	NonTarget	1	332682
1663.495	0.8	NonTarget	1	332699
1663.895	0.8	NonTarget	1	332779
1663.98	0.8	NonTarget	1	332796
1664.06	0.8	NonTarget	1	332812
1664.145	0.8	NonTarget	1	332829
1664.23	0.8	NonTarget	1	332846
1664.31	0.8	NonTarget	1	332862
1664.395	0.8	NonTarget	1	332879
1664.48	0.8	NonTarget	1	332896
1664.56	0.8	NonTarget	1	332912
1664.645	0.8	NonTarget	1	332929
1664.73	0.8	NonTarget	1	332946
1664.81	0.8	NonTarget	1	332962
1664.895	0.8	Target	2	332979
1664.98	0.8	NonTarget	1	332996
1665.065	0.8	NonTarget	1	333013
1665.145	0.8	NonTarget	1	333029
1665.23	0.8	NonTarget	1	333046
1665.315	0.8	NonTarget	1	333063
1665.4	0.8	NonTarget	1	333080
1665.48	0.8	NonTarget	1	333096
1665.565	0.8	NonTarget	1	333113
1665.645	0.8	NonTarget	1	333129
1665.73	0.8	NonTarget	1	333146
1665.815	0.8	NonTarget	1	333163
1665.9	0.8	NonTarget	1	333180
1665.985	0.8	NonTarget	1	333197
1666.065	0.8	NonTarget	1	333213
1666.15	0.8	NonTarget	1	333230
1666.235	0.8	NonTarget	1	333247
1666.315	0.8	NonTarget	1	333263
1666.715	0.8	NonTarget	1	333343
1666.8	0.8	NonTarget	1	333360
1666.885	0.8	NonTarget	1	333377
1666.965	0.8	NonTarget	1	333393
1667.05	0.8	NonTarget	1	333410
1667.135	0.8	NonTarget	1	333427
1667.215	0.8	NonTarget	1	333443
1667.3	0.8	NonTarget	1	333460
1667.385	0.8	NonTarget	1	333477
1667.465	0.8	NonTarget	1	333493
1667.55	0.8	NonTarget	1	333510
1667.635	0.8	NonTarget	1	333527
1667.715	0.8	NonTarget	1	333543
1667.8	0.8	NonTarget	1	333560
1667.885	0.8	NonTarget	1	333577
1667.965	0.8	NonTarget	1	333593
1668.05	0.8	NonTarget	1	333610
1668.135	0.8	NonTarget	1	333627
1668.22	0.8	NonTarget	1	333644
1668.3	0.8	NonTarget	1	333660
1668.385	0.8	NonTarget	1	333677
1668.47	0.8	NonTarget	1	333694
1668.55	0.8	Target	2	333710
1668.635	0.8	NonTarget	1	333727
1668.72	0.8	NonTarget	1	333744
1668.8	0.8	NonTarget	1	333760
1668.885	0.8	NonTarget	1	333777
1668.97	0.8	NonTarget	1	333794
1669.055	0.8	NonTarget	1	333811
1669.135	0.8	NonTarget	1	333827
1669.54	0.8	NonTarget	1	333908
1669.62	0.8	NonTarget	1	333924
1669.705	0.8	NonTarget	1	333941
1669.785	0.8	NonTarget	1	333957
1669.87	0.8	NonTarget	1	333974
1669.955	0.8	NonTarget	1	333991
1670.035	0.8	NonTarget	1	334007
1670.12	0.8	NonTarget	1	334024
1670.205	0.8	NonTarget	1	334041
1670.285	0.8	NonTarget	1	334057
1670.37	0.8	NonTarget	1	334074
1670.455	0.8	NonTarget	1	334091
1670.54	0.8	NonTarget	1	334108
1670.625	0.8	NonTarget	1	334125
1670.705	0.8	NonTarget	1	334141
1670.79	0.8	NonTarget	1	334158
1670.87	0.8	NonTarget	1	334174
1670.955	0.8	NonTarget	1	334191
1671.04	0.8	NonTarget	1	334208
1671.12	0.8	NonTarget	1	334224
1671.205	0.8	NonTarget	1	334241
1671.29	0.8	NonTarget	1	334258
1671.37	0.8	Target	2	334274
1671.455	0.8	NonTarget	1	334291
1671.54	0.8	NonTarget	1	334308
1671.625	0.8	NonTarget	1	334325
1671.705	0.8	NonTarget	1	334341
1671.79	0.8	NonTarget	1	334358
1671.875	0.8	NonTarget	1	334375
1671.955	0.8	NonTarget	1	334391
1672.355	0.8	NonTarget	1	334471
1672.44	0.8	NonTarget	1	334488
1672.525	0.8	NonTarget	1	334505
1672.605	0.8	NonTarget	1	334521
1672.69	0.8	NonTarget	1	334538
1672.775	0.8	NonTarget	1	334555
1672.855	0.8	NonTarget	1	334571
1672.94	0.8	NonTarget	1	334588
1673.025	0.8	NonTarget	1	334605
1673.11	0.8	NonTarget	1	334622
1673.195	0.8	NonTarget	1	334639
1673.275	0.8	NonTarget	1	334655
1673.355	0.8	Target	2	334671
1673.445	0.8	NonTarget	1	334689
1673.525	0.8	NonTarget	1	334705
1673.61	0.8	NonTarget	1	334722
1673.69	0.8	NonTarget	1	334738
1673.775	0.8	NonTarget	1	334755
1673.86	0.8	NonTarget	1	334772
1673.945	0.8	NonTarget	1	334789
1674.025	0.8	NonTarget	1	334805
1674.11	0.8	NonTarget	1	334822
1674.195	0.8	NonTarget	1	334839
1674.28	0.8	NonTarget	1	334856
1674.36	0.8	NonTarget	1	334872
1674.445	0.8	NonTarget	1	334889
1674.525	0.8	NonTarget	1	334905
1674.61	0.8	NonTarget	1	334922
1674.695	0.8	NonTarget	1	334939
1674.775	0.8	NonTarget	1	334955
1675.18	0.8	NonTarget	1	335036
1675.26	0.8	NonTarget	1	335052
1675.345	0.8	Target	2	335069
1675.43	0.8	NonTarget	1	335086
1675.51	0.8	NonTarget	1	335102
1675.595	0.8	NonTarget	1	335119
1675.675	0.8	NonTarget	1	335135
1675.76	0.8	NonTarget	1	335152
1675.845	0.8	NonTarget	1	335169
1675.925	0.8	NonTarget	1	335185
1676.01	0.8	NonTarget	1	335202
1676.095	0.8	NonTarget	1	335219
1676.18	0.8	NonTarget	1	335236
1676.265	0.8	NonTarget	1	335253
1676.35	0.8	NonTarget	1	335270
1676.43	0.8	NonTarget	1	335286
1676.515	0.8	NonTarget	1	335303
1676.595	0.8	NonTarget	1	335319
1676.68	0.8	NonTarget	1	335336
1676.765	0.8	NonTarget	1	335353
1676.845	0.8	NonTarget	1	335369
1676.93	0.8	NonTarget	1	335386
1677.015	0.8	NonTarget	1	335403
1677.095	0.8	NonTarget	1	335419
1677.18	0.8	NonTarget	1	335436
1677.265	0.8	NonTarget	1	335453
1677.35	0.8	NonTarget	1	335470
1677.43	0.8	NonTarget	1	335486
1677.515	0.8	NonTarget	1	335503
1677.6	0.8	NonTarget	1	335520
1678.0	0.8	NonTarget	1	335600
1678.08	0.8	NonTarget	1	335616
1678.165	0.8	NonTarget	1	335633
1678.25	0.8	NonTarget	1	335650
1678.33	0.8	NonTarget	1	335666
1678.415	0.8	NonTarget	1	335683
1678.5	0.8	NonTarget	1	335700
1678.585	0.8	NonTarget	1	335717
1678.665	0.8	NonTarget	1	335733
1678.75	0.8	NonTarget	1	335750
1678.835	0.8	NonTarget	1	335767
1678.915	0.8	NonTarget	1	335783
1679.0	0.8	Target	2	335800
1679.085	0.8	NonTarget	1	335817
1679.165	0.8	NonTarget	1	335833
1679.25	0.8	NonTarget	1	335850
1679.335	0.8	NonTarget	1	335867
1679.415	0.8	NonTarget	1	335883
1679.5	0.8	NonTarget	1	335900
1679.585	0.8	NonTarget	1	335917
1679.67	0.8	NonTarget	1	335934
1679.75	0.8	NonTarget	1	335950
1679.835	0.8	NonTarget	1	335967
1679.92	0.8	NonTarget	1	335984
1680.0	0.8	NonTarget	1	336000
1680.085	0.8	NonTarget	1	336017
1680.17	0.8	NonTarget	1	336034
1680.25	0.8	NonTarget	1	336050
1680.335	0.8	NonTarget	1	336067
1680.42	0.8	NonTarget	1	336084
1680.82	0.8	NonTarget	1	336164
1680.905	0.8	NonTarget	1	336181
1680.985	0.8	Target	2	336197
1681.07	0.8	NonTarget	1	336214
1681.15	0.8	NonTarget	1	336230
1681.235	0.8	NonTarget	1	336247
1681.32	0.8	NonTarget	1	336264
1681.405	0.8	NonTarget	1	336281
1681.485	0.8	NonTarget	1	336297
1681.57	0.8	NonTarget	1	336314
1681.655	0.8	NonTarget	1	336331
1681.74	0.8	NonTarget	1	336348
1681.82	0.8	NonTarget	1	336364
1681.905	0.8	NonTarget	1	336381
1681.985	0.8	NonTarget	1	336397
1682.075	0.8	NonTarget	1	336415
1682.155	0.8	NonTarget	1	336431
1682.24	0.8	NonTarget	1	336448
1682.32	0.8	NonTarget	1	336464
1682.405	0.8	NonTarget	1	336481
1682.49	0.8	NonTarget	1	336498
1682.57	0.8	NonTarget	1	336514
1682.655	0.8	NonTarget	1	336531
1682.74	0.8	NonTarget	1	336548
1682.82	0.8	NonTarget	1	336564
1682.905	0.8	NonTarget	1	336581
1682.99	0.8	NonTarget	1	336598
1683.075	0.8	NonTarget	1	336615
1683.155	0.8	NonTarget	1	336631
1683.24	0.8	NonTarget	1	336648
1692.375	0.8	NonTarget	1	338475
1692.45	0.8	NonTarget	1	338490
1692.535	0.8	Target	2	338507
1692.62	0.8	NonTarget	1	338524
1692.705	0.8	NonTarget	1	338541
1692.785	0.8	NonTarget	1	338557
1692.87	0.8	NonTarget	1	338574
1692.955	0.8	NonTarget	1	338591
1693.035	0.8	NonTarget	1	338607
1693.12	0.8	NonTarget	1	338624
1693.205	0.8	NonTarget	1	338641
1693.285	0.8	NonTarget	1	338657
1693.37	0.8	NonTarget	1	338674
1693.455	0.8	NonTarget	1	338691
1693.54	0.8	NonTarget	1	338708
1693.62	0.8	NonTarget	1	338724
1693.705	0.8	NonTarget	1	338741
1693.79	0.8	NonTarget	1	338758
1693.87	0.8	NonTarget	1	338774
1693.955	0.8	NonTarget	1	338791
1694.04	0.8	NonTarget	1	338808
1694.12	0.8	NonTarget	1	338824
1694.205	0.8	NonTarget	1	338841
1694.29	0.8	NonTarget	1	338858
1694.37	0.8	NonTarget	1	338874
1694.455	0.8	NonTarget	1	338891
1694.54	0.8	NonTarget	1	338908
1694.62	0.8	NonTarget	1	338924
1694.71	0.8	NonTarget	1	338942
1694.79	0.8	NonTarget	1	338958
1695.19	0.8	NonTarget	1	339038
1695.275	0.8	NonTarget	1	339055
1695.355	0.8	NonTarget	1	339071
1695.44	0.8	NonTarget	1	339088
1695.525	0.8	NonTarget	1	339105
1695.605	0.8	NonTarget	1	339121
1695.69	0.8	NonTarget	1	339138
1695.775	0.8	Target	2	339155
1695.855	0.8	NonTarget	1	339171
1695.94	0.8	NonTarget	1	339188
1696.025	0.8	NonTarget	1	339205
1696.11	0.8	NonTarget	1	339222
1696.19	0.8	NonTarget	1	339238
1696.275	0.8	NonTarget	1	339255
1696.355	0.8	NonTarget	1	339271
1696.445	0.8	NonTarget	1	339289
1696.525	0.8	NonTarget	1	339305
1696.61	0.8	NonTarget	1	339322
1696.695	0.8	NonTarget	1	339339
1696.775	0.8	NonTarget	1	339355
1696.86	0.8	NonTarget	1	339372
1696.945	0.8	NonTarget	1	339389
1697.03	0.8	NonTarget	1	339406
1697.11	0.8	NonTarget	1	339422
1697.195	0.8	NonTarget	1	339439
1697.275	0.8	NonTarget	1	339455
1697.36	0.8	NonTarget	1	339472
1697.445	0.8	NonTarget	1	339489
1697.525	0.8	NonTarget	1	339505
1697.61	0.8	NonTarget	1	339522
1698.01	0.8	NonTarget	1	339602
1698.095	0.8	NonTarget	1	339619
1698.18	0.8	NonTarget	1	339636
1698.26	0.8	NonTarget	1	339652
1698.345	0.8	NonTarget	1	339669
1698.43	0.8	NonTarget	1	339686
1698.51	0.8	NonTarget	1	339702
1698.595	0.8	Target	2	339719
1698.68	0.8	NonTarget	1	339736
1698.76	0.8	NonTarget	1	339752
1698.845	0.8	NonTarget	1	339769
1698.93	0.8	NonTarget	1	339786
1699.01	0.8	NonTarget	1	339802
1699.1	0.8	NonTarget	1	339820
1699.18	0.8	NonTarget	1	339836
1699.265	0.8	NonTarget	1	339853
1699.345	0.8	NonTarget	1	339869
1699.43	0.8	NonTarget	1	339886
1699.515	0.8	NonTarget	1	339903
1699.595	0.8	NonTarget	1	339919
1699.68	0.8	NonTarget	1	339936
1699.765	0.8	NonTarget	1	339953
1699.845	0.8	NonTarget	1	339969
1699.93	0.8	NonTarget	1	339986
1700.015	0.8	NonTarget	1	340003
1700.1	0.8	NonTarget	1	340020
1700.18	0.8	NonTarget	1	340036
1700.265	0.8	NonTarget	1	340053
1700.35	0.8	NonTarget	1	340070
1700.43	0.8	NonTarget	1	340086
1700.83	0.8	NonTarget	1	340166
1700.915	0.8	NonTarget	1	340183
1701.0	0.8	NonTarget	1	340200
1701.08	0.8	NonTarget	1	340216
1701.165	0.8	NonTarget	1	340233
1701.25	0.8	NonTarget	1	340250
1701.33	0.8	NonTarget	1	340266
1701.415	0.8	NonTarget	1	340283
1701.5	0.8	NonTarget	1	340300
1701.58	0.8	NonTarget	1	340316
1701.665	0.8	NonTarget	1	340333
1701.75	0.8	NonTarget	1	340350
1701.835	0.8	NonTarget	1	340367
1701.915	0.8	NonTarget	1	340383
1702.0	0.8	NonTarget	1	340400
1702.085	0.8	NonTarget	1	340417
1702.165	0.8	NonTarget	1	340433
1702.25	0.8	NonTarget	1	340450
1702.335	0.8	NonTarget	1	340467
1702.415	0.8	NonTarget	1	340483
1702.5	0.8	NonTarget	1	340500
1702.585	0.8	NonTarget	1	340517
1702.665	0.8	Target	2	340533
1702.75	0.8	NonTarget	1	340550
1702.835	0.8	NonTarget	1	340567
1702.92	0.8	NonTarget	1	340584
1703.0	0.8	NonTarget	1	340600
1703.085	0.8	NonTarget	1	340617
1703.17	0.8	NonTarget	1	340634
1703.25	0.8	NonTarget	1	340650
1703.65	0.8	NonTarget	1	340730
1703.735	0.8	NonTarget	1	340747
1703.82	0.8	NonTarget	1	340764
1703.9	0.8	NonTarget	1	340780
1703.985	0.8	NonTarget	1	340797
1704.07	0.8	NonTarget	1	340814
1704.15	0.8	NonTarget	1	340830
1704.235	0.8	NonTarget	1	340847
1704.32	0.8	NonTarget	1	340864
1704.405	0.8	NonTarget	1	340881
1704.485	0.8	NonTarget	1	340897
1704.57	0.8	NonTarget	1	340914
1704.655	0.8	NonTarget	1	340931
1704.735	0.8	NonTarget	1	340947
1704.82	0.8	NonTarget	1	340964
1704.905	0.8	NonTarget	1	340981
1704.99	0.8	NonTarget	1	340998
1705.07	0.8	Target	2	341014
1705.155	0.8	NonTarget	1	341031
1705.24	0.8	NonTarget	1	341048
1705.32	0.8	NonTarget	1	341064
1705.405	0.8	NonTarget	1	341081
1705.49	0.8	NonTarget	1	341098
1705.57	0.8	NonTarget	1	341114
1705.655	0.8	NonTarget	1	341131
1705.74	0.8	NonTarget	1	341148
1705.825	0.8	NonTarget	1	341165
1705.905	0.8	NonTarget	1	341181
1705.99	0.8	NonTarget	1	341198
1706.075	0.8	NonTarget	1	341215
1706.475	0.8	NonTarget	1	341295
1706.555	0.8	NonTarget	1	341311
1706.64	0.8	Target	2	341328
1706.725	0.8	NonTarget	1	341345
1706.805	0.8	NonTarget	1	341361
1706.89	0.8	NonTarget	1	341378
1706.97	0.8	NonTarget	1	341394
1707.055	0.8	NonTarget	1	341411
1707.14	0.8	NonTarget	1	341428
1707.225	0.8	NonTarget	1	341445
1707.31	0.8	NonTarget	1	341462
1707.39	0.8	NonTarget	1	341478
1707.475	0.8	NonTarget	1	341495
1707.56	0.8	NonTarget	1	341512
1707.64	0.8	NonTarget	1	341528
1707.725	0.8	NonTarget	1	341545
1707.81	0.8	NonTarget	1	341562
1707.89	0.8	NonTarget	1	341578
1707.975	0.8	NonTarget	1	341595
1708.06	0.8	NonTarget	1	341612
1708.145	0.8	NonTarget	1	341629
1708.225	0.8	NonTarget	1	341645
1708.31	0.8	NonTarget	1	341662
1708.39	0.8	NonTarget	1	341678
1708.475	0.8	NonTarget	1	341695
1708.56	0.8	NonTarget	1	341712
1708.64	0.8	NonTarget	1	341728
1708.725	0.8	NonTarget	1	341745
1708.81	0.8	NonTarget	1	341762
1708.89	0.8	NonTarget	1	341778
1709.295	0.8	NonTarget	1	341859
1709.375	0.8	NonTarget	1	341875
1709.46	0.8	NonTarget	1	341892
1709.545	0.8	NonTarget	1	341909
1709.625	0.8	NonTarget	1	341925
1709.71	0.8	NonTarget	1	341942
1709.795	0.8	NonTarget	1	341959
1709.875	0.8	NonTarget	1	341975
1709.96	0.8	NonTarget	1	341992
1710.045	0.8	NonTarget	1	342009
1710.125	0.8	NonTarget	1	342025
1710.21	0.8	NonTarget	1	342042
1710.3	0.8	NonTarget	1	342060
1710.38	0.8	NonTarget	1	342076
1710.46	0.8	NonTarget	1	342092
1710.545	0.8	NonTarget	1	342109
1710.63	0.8	NonTarget	1	342126
1710.71	0.8	NonTarget	1	342142
1710.795	0.8	NonTarget	1	342159
1710.88	0.8	NonTarget	1	342176
1710.96	0.8	NonTarget	1	342192
1711.045	0.8	NonTarget	1	342209
1711.13	0.8	Target	2	342226
1711.215	0.8	NonTarget	1	342243
1711.295	0.8	NonTarget	1	342259
1711.38	0.8	NonTarget	1	342276
1711.46	0.8	NonTarget	1	342292
1711.55	0.8	NonTarget	1	342310
1711.63	0.8	NonTarget	1	342326
1711.715	0.8	NonTarget	1	342343
1712.11	0.8	NonTarget	1	342422
1712.195	0.8	NonTarget	1	342439
1712.28	0.8	NonTarget	1	342456
1712.365	0.8	NonTarget	1	342473
1712.45	0.8	NonTarget	1	342490
1712.53	0.8	NonTarget	1	342506
1712.615	0.8	NonTarget	1	342523
1712.7	0.8	NonTarget	1	342540
1712.78	0.8	NonTarget	1	342556
1712.865	0.8	NonTarget	1	342573
1712.95	0.8	NonTarget	1	342590
1713.035	0.8	NonTarget	1	342607
1713.115	0.8	NonTarget	1	342623
1713.2	0.8	NonTarget	1	342640
1713.28	0.8	NonTarget	1	342656
1713.365	0.8	NonTarget	1	342673
1713.45	0.8	NonTarget	1	342690
1713.535	0.8	Target	2	342707
1713.615	0.8	NonTarget	1	342723
1713.7	0.8	NonTarget	1	342740
1713.785	0.8	NonTarget	1	342757
1713.865	0.8	NonTarget	1	342773
1713.95	0.8	NonTarget	1	342790
1714.035	0.8	NonTarget	1	342807
1714.12	0.8	NonTarget	1	342824
1714.2	0.8	NonTarget	1	342840
1714.285	0.8	NonTarget	1	342857
1714.365	0.8	NonTarget	1	342873
1714.45	0.8	NonTarget	1	342890
1714.535	0.8	NonTarget	1	342907
1714.935	0.8	NonTarget	1	342987
1715.02	0.8	NonTarget	1	343004
1715.105	0.8	NonTarget	1	343021
1715.19	0.8	NonTarget	1	343038
1715.265	0.8	NonTarget	1	343053
1715.35	0.8	NonTarget	1	343070
1715.435	0.8	NonTarget	1	343087
1715.52	0.8	Target	2	343104
1715.6	0.8	NonTarget	1	343120
1715.685	0.8	NonTarget	1	343137
1715.77	0.8	NonTarget	1	343154
1715.85	0.8	NonTarget	1	343170
1715.935	0.8	NonTarget	1	343187
1716.02	0.8	NonTarget	1	343204
1716.105	0.8	NonTarget	1	343221
1716.19	0.8	NonTarget	1	343238
1716.27	0.8	NonTarget	1	343254
1716.355	0.8	NonTarget	1	343271
1716.435	0.8	NonTarget	1	343287
1716.52	0.8	NonTarget	1	343304
1716.605	0.8	NonTarget	1	343321
1716.685	0.8	NonTarget	1	343337
1716.77	0.8	NonTarget	1	343354
1716.855	0.8	NonTarget	1	343371
1716.935	0.8	NonTarget	1	343387
1717.02	0.8	NonTarget	1	343404
1717.105	0.8	NonTarget	1	343421
1717.19	0.8	NonTarget	1	343438
1717.275	0.8	NonTarget	1	343455
1717.355	0.8	NonTarget	1	343471
1717.755	0.8	NonTarget	1	343551
1717.84	0.8	NonTarget	1	343568
1717.92	0.8	NonTarget	1	343584
1718.005	0.8	NonTarget	1	343601
1718.09	0.8	NonTarget	1	343618
1718.17	0.8	NonTarget	1	343634
1718.255	0.8	NonTarget	1	343651
1718.34	0.8	NonTarget	1	343668
1718.425	0.8	NonTarget	1	343685
1718.505	0.8	NonTarget	1	343701
1718.59	0.8	NonTarget	1	343718
1718.67	0.8	NonTarget	1	343734
1718.76	0.8	NonTarget	1	343752
1718.84	0.8	NonTarget	1	343768
1718.925	0.8	NonTarget	1	343785
1719.005	0.8	NonTarget	1	343801
1719.09	0.8	NonTarget	1	343818
1719.175	0.8	NonTarget	1	343835
1719.26	0.8	NonTarget	1	343852
1719.34	0.8	NonTarget	1	343868
1719.425	0.8	NonTarget	1	343885
1719.51	0.8	NonTarget	1	343902
1719.59	0.8	NonTarget	1	343918
1719.675	0.8	NonTarget	1	343935
1719.755	0.8	NonTarget	1	343951
1719.845	0.8	NonTarget	1	343969
1719.925	0.8	NonTarget	1	343985
1720.01	0.8	Target	2	344002
1720.09	0.8	NonTarget	1	344018
1720.175	0.8	NonTarget	1	344035
1729.36	0.8	NonTarget	1	345872
1729.44	0.8	NonTarget	1	345888
1729.52	0.8	NonTarget	1	345904
1729.605	0.8	NonTarget	1	345921
1729.69	0.8	NonTarget	1	345938
1729.775	0.8	NonTarget	1	345955
1729.855	0.8	NonTarget	1	345971
1729.94	0.8	NonTarget	1	345988
1730.025	0.8	NonTarget	1	346005
1730.105	0.8	NonTarget	1	346021
1730.19	0.8	NonTarget	1	346038
1730.275	0.8	NonTarget	1	346055
1730.355	0.8	NonTarget	1	346071
1730.44	0.8	Target	2	346088
1730.52	0.8	NonTarget	1	346104
1730.61	0.8	NonTarget	1	346122
1730.69	0.8	NonTarget	1	346138
1730.775	0.8	NonTarget	1	346155
1730.855	0.8	NonTarget	1	346171
1730.94	0.8	NonTarget	1	346188
1731.025	0.8	NonTarget	1	346205
1731.105	0.8	NonTarget	1	346221
1731.195	0.8	NonTarget	1	346239
1731.275	0.8	NonTarget	1	346255
1731.36	0.8	NonTarget	1	346272
1731.44	0.8	NonTarget	1	346288
1731.525	0.8	NonTarget	1	346305
1731.61	0.8	NonTarget	1	346322
1731.69	0.8	NonTarget	1	346338
1731.775	0.8	NonTarget	1	346355
1732.18	0.8	NonTarget	1	346436
1732.26	0.8	NonTarget	1	346452
1732.345	0.8	NonTarget	1	346469
1732.425	0.8	NonTarget	1	346485
1732.51	0.8	NonTarget	1	346502
1732.59	0.8	NonTarget	1	346518
1732.675	0.8	NonTarget	1	346535
1732.76	0.8	NonTarget	1	346552
1732.845	0.8	NonTarget	1	346569
1732.925	0.8	NonTarget	1	346585
1733.01	0.8	NonTarget	1	346602
1733.095	0.8	NonTarget	1	346619
1733.175	0.8	NonTarget	1	346635
1733.26	0.8	NonTarget	1	346652
1733.345	0.8	NonTarget	1	346669
1733.425	0.8	NonTarget	1	346685
1733.51	0.8	NonTarget	1	346702
1733.595	0.8	NonTarget	1	346719
1733.68	0.8	NonTarget	1	346736
1733.76	0.8	NonTarget	1	346752
1733.845	0.8	NonTarget	1	346769
1733.93	0.8	NonTarget	1	346786
1734.01	0.8	NonTarget	1	346802
1734.095	0.8	Target	2	346819
1734.175	0.8	NonTarget	1	346835
1734.265	0.8	NonTarget	1	346853
1734.345	0.8	NonTarget	1	346869
1734.43	0.8	NonTarget	1	346886
1734.515	0.8	NonTarget	1	346903
1734.595	0.8	NonTarget	1	346919
1734.995	0.8	NonTarget	1	346999
1735.08	0.8	NonTarget	1	347016
1735.165	0.8	NonTarget	1	347033
1735.245	0.8	NonTarget	1	347049
1735.33	0.8	NonTarget	1	347066
1735.415	0.8	NonTarget	1	347083
1735.495	0.8	NonTarget	1	347099
1735.58	0.8	NonTarget	1	347116
1735.665	0.8	NonTarget	1	347133
1735.75	0.8	NonTarget	1	347150
1735.83	0.8	NonTarget	1	347166
1735.915	0.8	NonTarget	1	347183
1735.995	0.8	NonTarget	1	347199
1736.08	0.8	NonTarget	1	347216
1736.165	0.8	NonTarget	1	347233
1736.245	0.8	NonTarget	1	347249
1736.33	0.8	NonTarget	1	347266
1736.415	0.8	NonTarget	1	347283
1736.5	0.8	NonTarget	1	347300
1736.58	0.8	NonTarget	1	347316
1736.67	0.8	NonTarget	1	347334
1736.75	0.8	NonTarget	1	347350
1736.83	0.8	NonTarget	1	347366
1736.92	0.8	NonTarget	1	347384
1737.0	0.8	NonTarget	1	347400
1737.085	0.8	NonTarget	1	347417
1737.165	0.8	NonTarget	1	347433
1737.25	0.8	NonTarget	1	347450
1737.335	0.8	Target	2	347467
1737.415	0.8	NonTarget	1	347483
1737.82	0.8	NonTarget	1	347564
1737.9	0.8	NonTarget	1	347580
1737.985	0.8	NonTarget	1	347597
1738.07	0.8	NonTarget	1	347614
1738.15	0.8	NonTarget	1	347630
1738.235	0.8	NonTarget	1	347647
1738.315	0.8	NonTarget	1	347663
1738.4	0.8	NonTarget	1	347680
1738.485	0.8	Target	2	347697
1738.57	0.8	NonTarget	1	347714
1738.65	0.8	NonTarget	1	347730
1738.735	0.8	NonTarget	1	347747
1738.82	0.8	NonTarget	1	347764
1738.905	0.8	NonTarget	1	347781
1738.985	0.8	NonTarget	1	347797
1739.07	0.8	NonTarget	1	347814
1739.15	0.8	NonTarget	1	347830
1739.235	0.8	NonTarget	1	347847
1739.32	0.8	NonTarget	1	347864
1739.4	0.8	NonTarget	1	347880
1739.485	0.8	NonTarget	1	347897
1739.57	0.8	NonTarget	1	347914
1739.655	0.8	NonTarget	1	347931
1739.735	0.8	NonTarget	1	347947
1739.82	0.8	NonTarget	1	347964
1739.905	0.8	NonTarget	1	347981
1739.99	0.8	NonTarget	1	347998
1740.07	0.8	NonTarget	1	348014
1740.155	0.8	NonTarget	1	348031
1740.24	0.8	NonTarget	1	348048
1740.635	0.8	NonTarget	1	348127
1740.72	0.8	NonTarget	1	348144
1740.805	0.8	NonTarget	1	348161
1740.89	0.8	NonTarget	1	348178
1740.97	0.8	NonTarget	1	348194
1741.055	0.8	NonTarget	1	348211
1741.14	0.8	NonTarget	1	348228
1741.225	0.8	NonTarget	1	348245
1741.305	0.8	NonTarget	1	348261
1741.39	0.8	NonTarget	1	348278
1741.475	0.8	NonTarget	1	348295
1741.555	0.8	NonTarget	1	348311
1741.64	0.8	NonTarget	1	348328
1741.725	0.8	NonTarget	1	348345
1741.805	0.8	NonTarget	1	348361
1741.89	0.8	NonTarget	1	348378
1741.975	0.8	NonTarget	1	348395
1742.055	0.8	NonTarget	1	348411
1742.14	0.8	Target	2	348428
1742.22	0.8	NonTarget	1	348444
1742.31	0.8	NonTarget	1	348462
1742.39	0.8	NonTarget	1	348478
1742.475	0.8	NonTarget	1	348495
1742.56	0.8	NonTarget	1	348512
1742.64	0.8	NonTarget	1	348528
1742.725	0.8	NonTarget	1	348545
1742.805	0.8	NonTarget	1	348561
1742.89	0.8	NonTarget	1	348578
1742.975	0.8	NonTarget	1	348595
1743.06	0.8	NonTarget	1	348612
1743.46	0.8	NonTarget	1	348692
1743.54	0.8	NonTarget	1	348708
1743.625	0.8	NonTarget	1	348725
1743.71	0.8	NonTarget	1	348742
1743.79	0.8	NonTarget	1	348758
1743.875	0.8	NonTarget	1	348775
1743.96	0.8	NonTarget	1	348792
1744.04	0.8	NonTarget	1	348808
1744.125	0.8	Target	2	348825
1744.21	0.8	NonTarget	1	348842
1744.29	0.8	NonTarget	1	348858
1744.38	0.8	NonTarget	1	348876
1744.46	0.8	NonTarget	1	348892
1744.545	0.8	NonTarget	1	348909
1744.63	0.8	NonTarget	1	348926
1744.71	0.8	NonTarget	1	348942
1744.795	0.8	NonTarget	1	348959
1744.88	0.8	NonTarget	1	348976
1744.96	0.8	NonTarget	1	348992
1745.045	0.8	NonTarget	1	349009
1745.13	0.8	NonTarget	1	349026
1745.21	0.8	NonTarget	1	349042
1745.295	0.8	NonTarget	1	349059
1745.38	0.8	NonTarget	1	349076
1745.46	0.8	NonTarget	1	349092
1745.545	0.8	NonTarget	1	349109
1745.63	0.8	NonTarget	1	349126
1745.715	0.8	NonTarget	1	349143
1745.795	0.8	NonTarget	1	349159
1745.88	0.8	NonTarget	1	349176
1746.28	0.8	NonTarget	1	349256
1746.36	0.8	NonTarget	1	349272
1746.445	0.8	NonTarget	1	349289
1746.53	0.8	NonTarget	1	349306
1746.61	0.8	NonTarget	1	349322
1746.695	0.8	NonTarget	1	349339
1746.78	0.8	NonTarget	1	349356
1746.865	0.8	NonTarget	1	349373
1746.945	0.8	NonTarget	1	349389
1747.03	0.8	NonTarget	1	349406
1747.115	0.8	NonTarget	1	349423
1747.195	0.8	NonTarget	1	349439
1747.28	0.8	NonTarget	1	349456
1747.365	0.8	Target	2	349473
1747.445	0.8	NonTarget	1	349489
1747.53	0.8	NonTarget	1	349506
1747.615	0.8	NonTarget	1	349523
1747.7	0.8	NonTarget	1	349540
1747.785	0.8	NonTarget	1	349557
1747.865	0.8	NonTarget	1	349573
1747.95	0.8	NonTarget	1	349590
1748.035	0.8	NonTarget	1	349607
1748.115	0.8	NonTarget	1	349623
1748.2	0.8	NonTarget	1	349640
1748.285	0.8	NonTarget	1	349657
1748.365	0.8	NonTarget	1	349673
1748.45	0.8	NonTarget	1	349690
1748.53	0.8	NonTarget	1	349706
1748.615	0.8	NonTarget	1	349723
1748.7	0.8	NonTarget	1	349740
1749.1	0.8	NonTarget	1	349820
1749.185	0.8	NonTarget	1	349837
1749.265	0.8	NonTarget	1	349853
1749.35	0.8	NonTarget	1	349870
1749.435	0.8	NonTarget	1	349887
1749.515	0.8	NonTarget	1	349903
1749.6	0.8	NonTarget	1	349920
1749.685	0.8	NonTarget	1	349937
1749.765	0.8	NonTarget	1	349953
1749.85	0.8	NonTarget	1	349970
1749.935	0.8	NonTarget	1	349987
1750.02	0.8	NonTarget	1	350004
1750.105	0.8	NonTarget	1	350021
1750.185	0.8	NonTarget	1	350037
1750.27	0.8	NonTarget	1	350054
1750.355	0.8	NonTarget	1	350071
1750.435	0.8	NonTarget	1	350087
1750.515	0.8	NonTarget	1	350103
1750.605	0.8	Target	2	350121
1750.685	0.8	NonTarget	1	350137
1750.77	0.8	NonTarget	1	350154
1750.85	0.8	NonTarget	1	350170
1750.935	0.8	NonTarget	1	350187
1751.02	0.8	NonTarget	1	350204
1751.105	0.8	NonTarget	1	350221
1751.185	0.8	NonTarget	1	350237
1751.27	0.8	NonTarget	1	350254
1751.355	0.8	NonTarget	1	350271
1751.44	0.8	NonTarget	1	350288
1751.52	0.8	NonTarget	1	350304
1751.92	0.8	NonTarget	1	350384
1752.005	0.8	NonTarget	1	350401
1752.085	0.8	NonTarget	1	350417
1752.17	0.8	NonTarget	1	350434
1752.255	0.8	NonTarget	1	350451
1752.34	0.8	NonTarget	1	350468
1752.42	0.8	NonTarget	1	350484
1752.505	0.8	NonTarget	1	350501
1752.585	0.8	Target	2	350517
1752.67	0.8	NonTarget	1	350534
1752.755	0.8	NonTarget	1	350551
1752.84	0.8	NonTarget	1	350568
1752.92	0.8	NonTarget	1	350584
1753.005	0.8	NonTarget	1	350601
1753.09	0.8	NonTarget	1	350618
1753.17	0.8	NonTarget	1	350634
1753.255	0.8	NonTarget	1	350651
1753.34	0.8	NonTarget	1	350668
1753.425	0.8	NonTarget	1	350685
1753.51	0.8	NonTarget	1	350702
1753.59	0.8	NonTarget	1	350718
1753.675	0.8	NonTarget	1	350735
1753.755	0.8	NonTarget	1	350751
1753.84	0.8	NonTarget	1	350768
1753.92	0.8	NonTarget	1	350784
1754.005	0.8	NonTarget	1	350801
1754.09	0.8	NonTarget	1	350818
1754.17	0.8	NonTarget	1	350834
1754.26	0.8	NonTarget	1	350852
1754.34	0.8	NonTarget	1	350868
1754.745	0.8	NonTarget	1	350949
1754.825	0.8	NonTarget	1	350965
1754.91	0.8	NonTarget	1	350982
1754.99	0.8	NonTarget	1	350998
1755.075	0.8	NonTarget	1	351015
1755.16	0.8	NonTarget	1	351032
1755.24	0.8	NonTarget	1	351048
1755.325	0.8	NonTarget	1	351065
1755.41	0.8	NonTarget	1	351082
1755.495	0.8	NonTarget	1	351099
1755.575	0.8	NonTarget	1	351115
1755.66	0.8	NonTarget	1	351132
1755.74	0.8	NonTarget	1	351148
1755.825	0.8	Target	2	351165
1755.91	0.8	NonTarget	1	351182
1755.995	0.8	NonTarget	1	351199
1756.075	0.8	NonTarget	1	351215
1756.16	0.8	NonTarget	1	351232
1756.245	0.8	NonTarget	1	351249
1756.325	0.8	NonTarget	1	351265
1756.41	0.8	NonTarget	1	351282
1756.495	0.8	NonTarget	1	351299
1756.575	0.8	NonTarget	1	351315
1756.66	0.8	NonTarget	1	351332
1756.745	0.8	NonTarget	1	351349
1756.825	0.8	NonTarget	1	351365
1756.91	0.8	NonTarget	1	351382
1756.995	0.8	NonTarget	1	351399
1757.08	0.8	NonTarget	1	351416
1757.16	0.8	NonTarget	1	351432
1766.295	0.8	NonTarget	1	353259
1766.375	0.8	NonTarget	1	353275
1766.455	0.8	NonTarget	1	353291
1766.54	0.8	NonTarget	1	353308
1766.625	0.8	NonTarget	1	353325
1766.71	0.8	NonTarget	1	353342
1766.79	0.8	NonTarget	1	353358
1766.875	0.8	NonTarget	1	353375
1766.96	0.8	NonTarget	1	353392
1767.04	0.8	NonTarget	1	353408
1767.125	0.8	NonTarget	1	353425
1767.21	0.8	NonTarget	1	353442
1767.29	0.8	NonTarget	1	353458
1767.375	0.8	NonTarget	1	353475
1767.46	0.8	NonTarget	1	353492
1767.545	0.8	NonTarget	1	353509
1767.625	0.8	NonTarget	1	353525
1767.71	0.8	NonTarget	1	353542
1767.795	0.8	NonTarget	1	353559
1767.88	0.8	NonTarget	1	353576
1767.96	0.8	NonTarget	1	353592
1768.04	0.8	NonTarget	1	353608
1768.125	0.8	Target	2	353625
1768.21	0.8	NonTarget	1	353642
1768.295	0.8	NonTarget	1	353659
1768.38	0.8	NonTarget	1	353676
1768.46	0.8	NonTarget	1	353692
1768.545	0.8	NonTarget	1	353709
1768.63	0.8	NonTarget	1	353726
1768.71	0.8	NonTarget	1	353742
1769.11	0.8	NonTarget	1	353822
1769.195	0.8	NonTarget	1	353839
1769.275	0.8	NonTarget	1	353855
1769.36	0.8	NonTarget	1	353872
1769.445	0.8	NonTarget	1	353889
1769.53	0.8	NonTarget	1	353906
1769.61	0.8	NonTarget	1	353922
1769.695	0.8	Target	2	353939
1769.78	0.8	NonTarget	1	353956
1769.865	0.8	NonTarget	1	353973
1769.95	0.8	NonTarget	1	353990
1770.03	0.8	NonTarget	1	354006
1770.115	0.8	NonTarget	1	354023
1770.195	0.8	NonTarget	1	354039
1770.28	0.8	NonTarget	1	354056
1770.365	0.8	NonTarget	1	354073
1770.445	0.8	NonTarget	1	354089
1770.53	0.8	NonTarget	1	354106
1770.615	0.8	NonTarget	1	354123
1770.695	0.8	NonTarget	1	354139
1770.78	0.8	NonTarget	1	354156
1770.865	0.8	NonTarget	1	354173
1770.95	0.8	NonTarget	1	354190
1771.035	0.8	NonTarget	1	354207
1771.115	0.8	NonTarget	1	354223
1771.195	0.8	NonTarget	1	354239
1771.28	0.8	NonTarget	1	354256
1771.365	0.8	NonTarget	1	354273
1771.45	0.8	NonTarget	1	354290
1771.53	0.8	NonTarget	1	354306
1771.935	0.8	NonTarget	1	354387
1772.015	0.8	NonTarget	1	354403
1772.1	0.8	Target	2	354420
1772.18	0.8	NonTarget	1	354436
1772.265	0.8	NonTarget	1	354453
1772.35	0.8	NonTarget	1	354470
1772.435	0.8	NonTarget	1	354487
1772.515	0.8	NonTarget	1	354503
1772.6	0.8	NonTarget	1	354520
1772.68	0.8	NonTarget	1	354536
1772.765	0.8	NonTarget	1	354553
1772.85	0.8	NonTarget	1	354570
1772.935	0.8	NonTarget	1	354587
1773.015	0.8	NonTarget	1	354603
1773.1	0.8	NonTarget	1	354620
1773.18	0.8	NonTarget	1	354636
1773.27	0.8	NonTarget	1	354654
1773.35	0.8	NonTarget	1	354670
1773.435	0.8	NonTarget	1	354687
1773.52	0.8	NonTarget	1	354704
1773.6	0.8	NonTarget	1	354720
1773.685	0.8	NonTarget	1	354737
1773.765	0.8	NonTarget	1	354753
1773.85	0.8	NonTarget	1	354770
1773.935	0.8	NonTarget	1	354787
1774.02	0.8	NonTarget	1	354804
1774.1	0.8	NonTarget	1	354820
1774.185	0.8	NonTarget	1	354837
1774.27	0.8	NonTarget	1	354854
1774.355	0.8	NonTarget	1	354871
1774.755	0.8	NonTarget	1	354951
1774.835	0.8	NonTarget	1	354967
1774.92	0.8	NonTarget	1	354984
1775.005	0.8	NonTarget	1	355001
1775.085	0.8	NonTarget	1	355017
1775.17	0.8	NonTarget	1	355034
1775.255	0.8	NonTarget	1	355051
1775.335	0.8	NonTarget	1	355067
1775.42	0.8	NonTarget	1	355084
1775.505	0.8	NonTarget	1	355101
1775.585	0.8	NonTarget	1	355117
1775.67	0.8	NonTarget	1	355134
1775.755	0.8	NonTarget	1	355151
1775.84	0.8	NonTarget	1	355168
1775.92	0.8	NonTarget	1	355184
1776.005	0.8	NonTarget	1	355201
1776.085	0.8	NonTarget	1	355217
1776.17	0.8	Target	2	355234
1776.255	0.8	NonTarget	1	355251
1776.34	0.8	NonTarget	1	355268
1776.425	0.8	NonTarget	1	355285
1776.505	0.8	NonTarget	1	355301
1776.59	0.8	NonTarget	1	355318
1776.675	0.8	NonTarget	1	355335
1776.755	0.8	NonTarget	1	355351
1776.84	0.8	NonTarget	1	355368
1776.92	0.8	NonTarget	1	355384
1777.005	0.8	NonTarget	1	355401
1777.09	0.8	NonTarget	1	355418
1777.17	0.8	NonTarget	1	355434
1777.575	0.8	NonTarget	1	355515
1777.655	0.8	NonTarget	1	355531
1777.74	0.8	NonTarget	1	355548
1777.825	0.8	NonTarget	1	355565
1777.905	0.8	NonTarget	1	355581
1777.99	0.8	NonTarget	1	355598
1778.075	0.8	NonTarget	1	355615
1778.155	0.8	Target	2	355631
1778.24	0.8	NonTarget	1	355648
1778.325	0.8	NonTarget	1	355665
1778.41	0.8	NonTarget	1	355682
1778.49	0.8	NonTarget	1	355698
1778.575	0.8	NonTarget	1	355715
1778.66	0.8	NonTarget	1	355732
1778.745	0.8	NonTarget	1	355749
1778.825	0.8	NonTarget	1	355765
1778.91	0.8	NonTarget	1	355782
1778.995	0.8	NonTarget	1	355799
1779.075	0.8	NonTarget	1	355815
1779.16	0.8	NonTarget	1	355832
1779.24	0.8	NonTarget	1	355848
1779.325	0.8	NonTarget	1	355865
1779.41	0.8	NonTarget	1	355882
1779.495	0.8	NonTarget	1	355899
1779.575	0.8	NonTarget	1	355915
1779.66	0.8	NonTarget	1	355932
1779.745	0.8	NonTarget	1	355949
1779.83	0.8	NonTarget	1	355966
1779.91	0.8	NonTarget	1	355982
1779.995	0.8	NonTarget	1	355999
1780.395	0.8	NonTarget	1	356079
1780.475	0.8	NonTarget	1	356095
1780.56	0.8	NonTarget	1	356112
1780.645	0.8	NonTarget	1	356129
1780.725	0.8	NonTarget	1	356145
1780.81	0.8	NonTarget	1	356162
1780.895	0.8	NonTarget	1	356179
1780.98	0.8	NonTarget	1	356196
1781.06	0.8	NonTarget	1	356212
1781.145	0.8	NonTarget	1	356229
1781.23	0.8	NonTarget	1	356246
1781.315	0.8	NonTarget	1	356263
1781.395	0.8	Target	2	356279
1781.48	0.8	NonTarget	1	356296
1781.565	0.8	NonTarget	1	356313
1781.645	0.8	NonTarget	1	356329
1781.73	0.8	NonTarget	1	356346
1781.81	0.8	NonTarget	1	356362
1781.895	0.8	NonTarget	1	356379
1781.98	0.8	NonTarget	1	356396
1782.065	0.8	NonTarget	1	356413
1782.145	0.8	NonTarget	1	356429
1782.23	0.8	NonTarget	1	356446
1782.315	0.8	NonTarget	1	356463
1782.395	0.8	NonTarget	1	356479
1782.48	0.8	NonTarget	1	356496
1782.565	0.8	NonTarget	1	356513
1782.645	0.8	NonTarget	1	356529
1782.73	0.8	NonTarget	1	356546
1782.815	0.8	NonTarget	1	356563
1783.215	0.8	NonTarget	1	356643
1783.3	0.8	NonTarget	1	356660
1783.38	0.8	NonTarget	1	356676
1783.465	0.8	NonTarget	1	356693
1783.545	0.8	NonTarget	1	356709
1783.635	0.8	NonTarget	1	356727
1783.715	0.8	NonTarget	1	356743
1783.8	0.8	NonTarget	1	356760
1783.88	0.8	NonTarget	1	356776
1783.965	0.8	NonTarget	1	356793
1784.05	0.8	NonTarget	1	356810
1784.13	0.8	NonTarget	1	356826
1784.22	0.8	NonTarget	1	356844
1784.3	0.8	NonTarget	1	356860
1784.385	0.8	NonTarget	1	356877
1784.465	0.8	NonTarget	1	356893
1784.55	0.8	NonTarget	1	356910
1784.635	0.8	NonTarget	1	356927
1784.72	0.8	NonTarget	1	356944
1784.8	0.8	NonTarget	1	356960
1784.885	0.8	NonTarget	1	356977
1784.965	0.8	NonTarget	1	356993
1785.05	0.8	Target	2	357010
1785.135	0.8	NonTarget	1	357027
1785.215	0.8	NonTarget	1	357043
1785.3	0.8	NonTarget	1	357060
1785.385	0.8	NonTarget	1	357077
1785.47	0.8	NonTarget	1	357094
1785.55	0.8	NonTarget	1	357110
1785.635	0.8	NonTarget	1	357127
1786.035	0.8	NonTarget	1	357207
1786.12	0.8	NonTarget	1	357224
1786.2	0.8	NonTarget	1	357240
1786.285	0.8	NonTarget	1	357257
1786.37	0.8	NonTarget	1	357274
1786.45	0.8	NonTarget	1	357290
1786.535	0.8	NonTarget	1	357307
1786.62	0.8	NonTarget	1	357324
1786.705	0.8	NonTarget	1	357341
1786.785	0.8	NonTarget	1	357357
1786.87	0.8	NonTarget	1	357374
1786.955	0.8	NonTarget	1	357391
1787.035	0.8	NonTarget	1	357407
1787.12	0.8	NonTarget	1	357424
1787.205	0.8	NonTarget	1	357441
1787.29	0.8	NonTarget	1	357458
1787.37	0.8	NonTarget	1	357474
1787.455	0.8	NonTarget	1	357491
1787.54	0.8	NonTarget	1	357508
1787.62	0.8	NonTarget	1	357524
1787.705	0.8	NonTarget	1	357541
1787.79	0.8	NonTarget	1	357558
1787.875	0.8	Target	2	357575
1787.955	0.8	NonTarget	1	357591
1788.04	0.8	NonTarget	1	357608
1788.12	0.8	NonTarget	1	357624
1788.205	0.8	NonTarget	1	357641
1788.29	0.8	NonTarget	1	357658
1788.375	0.8	NonTarget	1	357675
1788.455	0.8	NonTarget	1	357691
1788.855	0.8	NonTarget	1	357771
1788.94	0.8	NonTarget	1	357788
1789.025	0.8	NonTarget	1	357805
1789.11	0.8	NonTarget	1	357822
1789.19	0.8	NonTarget	1	357838
1789.275	0.8	NonTarget	1	357855
1789.355	0.8	NonTarget	1	357871
1789.44	0.8	NonTarget	1	357888
1789.525	0.8	NonTarget	1	357905
1789.605	0.8	NonTarget	1	357921
1789.69	0.8	NonTarget	1	357938
1789.775	0.8	NonTarget	1	357955
1789.86	0.8	Target	2	357972
1789.94	0.8	NonTarget	1	357988
1790.025	0.8	NonTarget	1	358005
1790.11	0.8	NonTarget	1	358022
1790.195	0.8	NonTarget	1	358039
1790.275	0.8	NonTarget	1	358055
1790.36	0.8	NonTarget	1	358072
1790.44	0.8	NonTarget	1	358088
1790.525	0.8	NonTarget	1	358105
1790.61	0.8	NonTarget	1	358122
1790.69	0.8	NonTarget	1	358138
1790.775	0.8	NonTarget	1	358155
1790.86	0.8	NonTarget	1	358172
1790.945	0.8	NonTarget	1	358189
1791.025	0.8	NonTarget	1	358205
1791.11	0.8	NonTarget	1	358222
1791.195	0.8	NonTarget	1	358239
1791.28	0.8	NonTarget	1	358256
1791.675	0.8	NonTarget	1	358335
1791.76	0.8	NonTarget	1	358352
1791.845	0.8	NonTarget	1	358369
1791.925	0.8	NonTarget	1	358385
1792.01	0.8	NonTarget	1	358402
1792.09	0.8	NonTarget	1	358418
1792.175	0.8	NonTarget	1	358435
1792.26	0.8	NonTarget	1	358452
1792.345	0.8	NonTarget	1	358469
1792.425	0.8	NonTarget	1	358485
1792.51	0.8	NonTarget	1	358502
1792.595	0.8	NonTarget	1	358519
1792.68	0.8	NonTarget	1	358536
1792.76	0.8	NonTarget	1	358552
1792.845	0.8	NonTarget	1	358569
1792.93	0.8	NonTarget	1	358586
1793.01	0.8	NonTarget	1	358602
1793.095	0.8	NonTarget	1	358619
1793.18	0.8	NonTarget	1	358636
1793.265	0.8	NonTarget	1	358653
1793.35	0.8	NonTarget	1	358670
1793.43	0.8	NonTarget	1	358686
1793.51	0.8	NonTarget	1	358702
1793.595	0.8	NonTarget	1	358719
1793.68	0.8	NonTarget	1	358736
1793.765	0.8	NonTarget	1	358753
1793.845	0.8	NonTarget	1	358769
1793.93	0.8	Target	2	358786
1794.015	0.8	NonTarget	1	358803
1794.095	0.8	NonTarget	1	358819
1803.265	0.8	NonTarget	1	360653
1803.345	0.8	NonTarget	1	360669
1803.425	0.8	NonTarget	1	360685
1803.51	0.8	NonTarget	1	360702
1803.595	0.8	NonTarget	1	360719
1803.675	0.8	NonTarget	1	360735
1803.76	0.8	NonTarget	1	360752
1803.845	0.8	NonTarget	1	360769
1803.925	0.8	NonTarget	1	360785
1804.01	0.8	NonTarget	1	360802
1804.095	0.8	NonTarget	1	360819
1804.18	0.8	NonTarget	1	360836
1804.26	0.8	NonTarget	1	360852
1804.35	0.8	NonTarget	1	360870
1804.43	0.8	Target	2	360886
1804.515	0.8	NonTarget	1	360903
1804.595	0.8	NonTarget	1	360919
1804.68	0.8	NonTarget	1	360936
1804.765	0.8	NonTarget	1	360953
1804.845	0.8	NonTarget	1	360969
1804.93	0.8	NonTarget	1	360986
1805.01	0.8	NonTarget	1	361002
1805.095	0.8	NonTarget	1	361019
1805.18	0.8	NonTarget	1	361036
1805.26	0.8	NonTarget	1	361052
1805.345	0.8	NonTarget	1	361069
1805.43	0.8	NonTarget	1	361086
1805.515	0.8	NonTarget	1	361103
1805.595	0.8	NonTarget	1	361119
1805.68	0.8	NonTarget	1	361136
1806.08	0.8	NonTarget	1	361216
1806.165	0.8	NonTarget	1	361233
1806.25	0.8	NonTarget	1	361250
1806.33	0.8	NonTarget	1	361266
1806.415	0.8	NonTarget	1	361283
1806.495	0.8	NonTarget	1	361299
1806.58	0.8	NonTarget	1	361316
1806.665	0.8	NonTarget	1	361333
1806.75	0.8	NonTarget	1	361350
1806.83	0.8	NonTarget	1	361366
1806.915	0.8	NonTarget	1	361383
1807.0	0.8	NonTarget	1	361400
1807.08	0.8	NonTarget	1	361416
1807.165	0.8	NonTarget	1	361433
1807.25	0.8	NonTarget	1	361450
1807.33	0.8	NonTarget	1	361466
1807.415	0.8	NonTarget	1	361483
1807.5	0.8	NonTarget	1	361500
1807.585	0.8	NonTarget	1	361517
1807.665	0.8	NonTarget	1	361533
1807.75	0.8	NonTarget	1	361550
1807.835	0.8	NonTarget	1	361567
1807.92	0.8	NonTarget	1	361584
1808.0	0.8	NonTarget	1	361600
1808.085	0.8	Target	2	361617
1808.165	0.8	NonTarget	1	361633
1808.25	0.8	NonTarget	1	361650
1808.335	0.8	NonTarget	1	361667
1808.42	0.8	NonTarget	1	361684
1808.5	0.8	NonTarget	1	361700
1808.9	0.8	NonTarget	1	361780
1808.985	0.8	NonTarget	1	361797
1809.07	0.8	NonTarget	1	361814
1809.155	0.8	NonTarget	1	361831
1809.235	0.8	NonTarget	1	361847
1809.32	0.8	NonTarget	1	361864
1809.4	0.8	NonTarget	1	361880
1809.485	0.8	NonTarget	1	361897
1809.57	0.8	NonTarget	1	361914
1809.65	0.8	Target	2	361930
1809.735	0.8	NonTarget	1	361947
1809.82	0.8	NonTarget	1	361964
1809.905	0.8	NonTarget	1	361981
1809.99	0.8	NonTarget	1	361998
1810.07	0.8	NonTarget	1	362014
1810.155	0.8	NonTarget	1	362031
1810.235	0.8	NonTarget	1	362047
1810.32	0.8	NonTarget	1	362064
1810.405	0.8	NonTarget	1	362081
1810.485	0.8	NonTarget	1	362097
1810.57	0.8	NonTarget	1	362114
1810.655	0.8	NonTarget	1	362131
1810.735	0.8	NonTarget	1	362147
1810.82	0.8	NonTarget	1	362164
1810.905	0.8	NonTarget	1	362181
1810.99	0.8	NonTarget	1	362198
1811.075	0.8	NonTarget	1	362215
1811.155	0.8	NonTarget	1	362231
1811.24	0.8	NonTarget	1	362248
1811.325	0.8	NonTarget	1	362265
1811.72	0.8	NonTarget	1	362344
1811.805	0.8	NonTarget	1	362361
1811.89	0.8	NonTarget	1	362378
1811.97	0.8	NonTarget	1	362394
1812.055	0.8	Target	2	362411
1812.14	0.8	NonTarget	1	362428
1812.22	0.8	NonTarget	1	362444
1812.305	0.8	NonTarget	1	362461
1812.39	0.8	NonTarget	1	362478
1812.47	0.8	NonTarget	1	362494
1812.555	0.8	NonTarget	1	362511
1812.64	0.8	NonTarget	1	362528
1812.725	0.8	NonTarget	1	362545
1812.805	0.8	NonTarget	1	362561
1812.89	0.8	NonTarget	1	362578
1812.975	0.8	NonTarget	1	362595
1813.055	0.8	NonTarget	1	362611
1813.14	0.8	NonTarget	1	362628
1813.225	0.8	NonTarget	1	362645
1813.31	0.8	NonTarget	1	362662
1813.39	0.8	NonTarget	1	362678
1813.475	0.8	NonTarget	1	362695
1813.56	0.8	NonTarget	1	362712
1813.64	0.8	NonTarget	1	362728
1813.725	0.8	NonTarget	1	362745
1813.81	0.8	NonTarget	1	362762
1813.89	0.8	NonTarget	1	362778
1813.975	0.8	NonTarget	1	362795
1814.06	0.8	NonTarget	1	362812
1814.14	0.8	NonTarget	1	362828
1814.545	0.8	NonTarget	1	362909
1814.625	0.8	NonTarget	1	362925
1814.71	0.8	NonTarget	1	362942
1814.795	0.8	NonTarget	1	362959
1814.875	0.8	NonTarget	1	362975
1814.96	0.8	NonTarget	1	362992
1815.045	0.8	NonTarget	1	363009
1815.125	0.8	NonTarget	1	363025
1815.21	0.8	NonTarget	1	363042
1815.29	0.8	NonTarget	1	363058
1815.375	0.8	NonTarget	1	363075
1815.46	0.8	NonTarget	1	363092
1815.545	0.8	NonTarget	1	363109
1815.63	0.8	NonTarget	1	363126
1815.715	0.8	NonTarget	1	363143
1815.795	0.8	NonTarget	1	363159
1815.88	0.8	NonTarget	1	363176
1815.96	0.8	NonTarget	1	363192
1816.045	0.8	NonTarget	1	363209
1816.13	0.8	NonTarget	1	363226
1816.21	0.8	NonTarget	1	363242
1816.295	0.8	NonTarget	1	363259
1816.38	0.8	NonTarget	1	363276
1816.465	0.8	NonTarget	1	363293
1816.545	0.8	NonTarget	1	363309
1816.63	0.8	NonTarget	1	363326
1816.715	0.8	NonTarget	1	363343
1816.795	0.8	NonTarget	1	363359
1816.88	0.8	NonTarget	1	363376
1816.965	0.8	Target	2	363393
1817.365	0.8	NonTarget	1	363473
1817.445	0.8	NonTarget	1	363489
1817.53	0.8	NonTarget	1	363506
1817.615	0.8	NonTarget	1	363523
1817.695	0.8	Target	2	363539
1817.78	0.8	NonTarget	1	363556
1817.865	0.8	NonTarget	1	363573
1817.945	0.8	NonTarget	1	363589
1818.03	0.8	NonTarget	1	363606
1818.115	0.8	NonTarget	1	363623
1818.2	0.8	NonTarget	1	363640
1818.28	0.8	NonTarget	1	363656
1818.365	0.8	NonTarget	1	363673
1818.45	0.8	NonTarget	1	363690
1818.535	0.8	NonTarget	1	363707
1818.615	0.8	NonTarget	1	363723
1818.7	0.8	NonTarget	1	363740
1818.78	0.8	NonTarget	1	363756
1818.865	0.8	NonTarget	1	363773
1818.95	0.8	NonTarget	1	363790
1819.035	0.8	NonTarget	1	363807
1819.12	0.8	NonTarget	1	363824
1819.2	0.8	NonTarget	1	363840
1819.285	0.8	NonTarget	1	363857
1819.365	0.8	NonTarget	1	363873
1819.45	0.8	NonTarget	1	363890
1819.535	0.8	NonTarget	1	363907
1819.62	0.8	NonTarget	1	363924
1819.7	0.8	NonTarget	1	363940
1819.785	0.8	NonTarget	1	363957
1820.185	0.8	NonTarget	1	364037
1820.265	0.8	NonTarget	1	364053
1820.35	0.8	NonTarget	1	364070
1820.435	0.8	NonTarget	1	364087
1820.52	0.8	Target	2	364104
1820.6	0.8	NonTarget	1	364120
1820.685	0.8	NonTarget	1	364137
1820.77	0.8	NonTarget	1	364154
1820.85	0.8	NonTarget	1	364170
1820.935	0.8	NonTarget	1	364187
1821.02	0.8	NonTarget	1	364204
1821.105	0.8	NonTarget	1	364221
1821.185	0.8	NonTarget	1	364237
1821.27	0.8	NonTarget	1	364254
1821.355	0.8	NonTarget	1	364271
1821.435	0.8	NonTarget	1	364287
1821.52	0.8	NonTarget	1	364304
1821.6	0.8	NonTarget	1	364320
1821.685	0.8	NonTarget	1	364337
1821.77	0.8	NonTarget	1	364354
1821.85	0.8	NonTarget	1	364370
1821.935	0.8	NonTarget	1	364387
1822.02	0.8	NonTarget	1	364404
1822.105	0.8	NonTarget	1	364421
1822.185	0.8	NonTarget	1	364437
1822.27	0.8	NonTarget	1	364454
1822.355	0.8	NonTarget	1	364471
1822.435	0.8	NonTarget	1	364487
1822.52	0.8	NonTarget	1	364504
1822.605	0.8	NonTarget	1	364521
1823.005	0.8	NonTarget	1	364601
1823.085	0.8	NonTarget	1	364617
1823.17	0.8	NonTarget	1	364634
1823.255	0.8	NonTarget	1	364651
1823.335	0.8	NonTarget	1	364667
1823.42	0.8	NonTarget	1	364684
1823.505	0.8	NonTarget	1	364701
1823.59	0.8	NonTarget	1	364718
1823.67	0.8	NonTarget	1	364734
1823.755	0.8	NonTarget	1	364751
1823.84	0.8	NonTarget	1	364768
1823.925	0.8	NonTarget	1	364785
1824.005	0.8	NonTarget	1	364801
1824.09	0.8	NonTarget	1	364818
1824.175	0.8	NonTarget	1	364835
1824.255	0.8	NonTarget	1	364851
1824.34	0.8	NonTarget	1	364868
1824.425	0.8	NonTarget	1	364885
1824.51	0.8	NonTarget	1	364902
1824.59	0.8	NonTarget	1	364918
1824.675	0.8	NonTarget	1	364935
1824.755	0.8	NonTarget	1	364951
1824.84	0.8	NonTarget	1	364968
1824.925	0.8	NonTarget	1	364985
1825.005	0.8	NonTarget	1	365001
1825.09	0.8	NonTarget	1	365018
1825.175	0.8	NonTarget	1	365035
1825.255	0.8	NonTarget	1	365051
1825.34	0.8	NonTarget	1	365068
1825.425	0.8	Target	2	365085
1825.825	0.8	NonTarget	1	365165
1825.91	0.8	NonTarget	1	365182
1825.99	0.8	NonTarget	1	365198
1826.075	0.8	NonTarget	1	365215
1826.16	0.8	NonTarget	1	365232
1826.24	0.8	NonTarget	1	365248
1826.325	0.8	NonTarget	1	365265
1826.41	0.8	NonTarget	1	365282
1826.49	0.8	NonTarget	1	365298
1826.575	0.8	NonTarget	1	365315
1826.66	0.8	NonTarget	1	365332
1826.745	0.8	NonTarget	1	365349
1826.825	0.8	NonTarget	1	365365
1826.91	0.8	NonTarget	1	365382
1826.995	0.8	NonTarget	1	365399
1827.075	0.8	NonTarget	1	365415
1827.16	0.8	NonTarget	1	365432
1827.245	0.8	NonTarget	1	365449
1827.33	0.8	NonTarget	1	365466
1827.41	0.8	Target	2	365482
1827.495	0.8	NonTarget	1	365499
1827.58	0.8	NonTarget	1	365516
1827.66	0.8	NonTarget	1	365532
1827.745	0.8	NonTarget	1	365549
1827.83	0.8	NonTarget	1	365566
1827.915	0.8	NonTarget	1	365583
1827.995	0.8	NonTarget	1	365599
1828.08	0.8	NonTarget	1	365616
1828.16	0.8	NonTarget	1	365632
1828.245	0.8	NonTarget	1	365649
1828.645	0.8	NonTarget	1	365729
1828.73	0.8	NonTarget	1	365746
1828.81	0.8	NonTarget	1	365762
1828.895	0.8	NonTarget	1	365779
1828.98	0.8	NonTarget	1	365796
1829.065	0.8	NonTarget	1	365813
1829.145	0.8	NonTarget	1	365829
1829.23	0.8	NonTarget	1	365846
1829.315	0.8	NonTarget	1	365863
1829.395	0.8	NonTarget	1	365879
1829.48	0.8	NonTarget	1	365896
1829.565	0.8	NonTarget	1	365913
1829.645	0.8	NonTarget	1	365929
1829.73	0.8	NonTarget	1	365946
1829.815	0.8	NonTarget	1	365963
1829.9	0.8	NonTarget	1	365980
1829.98	0.8	NonTarget	1	365996
1830.065	0.8	NonTarget	1	366013
1830.15	0.8	NonTarget	1	366030
1830.235	0.8	NonTarget	1	366047
1830.315	0.8	NonTarget	1	366063
1830.4	0.8	NonTarget	1	366080
1830.48	0.8	NonTarget	1	366096
1830.565	0.8	NonTarget	1	366113
1830.65	0.8	Target	2	366130
1830.73	0.8	NonTarget	1	366146
1830.815	0.8	NonTarget	1	366163
1830.9	0.8	NonTarget	1	366180
1830.985	0.8	NonTarget	1	366197
1831.07	0.8	NonTarget	1	366214
1840.235	0.8	NonTarget	1	368047
1840.315	0.8	NonTarget	1	368063
1840.395	0.8	Target	2	368079
1840.48	0.8	NonTarget	1	368096
1840.56	0.8	NonTarget	1	368112
1840.645	0.8	NonTarget	1	368129
1840.73	0.8	NonTarget	1	368146
1840.815	0.8	NonTarget	1	368163
1840.895	0.8	NonTarget	1	368179
1840.98	0.8	NonTarget	1	368196
1841.065	0.8	NonTarget	1	368213
1841.15	0.8	NonTarget	1	368230
1841.23	0.8	NonTarget	1	368246
1841.315	0.8	NonTarget	1	368263
1841.4	0.8	NonTarget	1	368280
1841.48	0.8	NonTarget	1	368296
1841.565	0.8	NonTarget	1	368313
1841.65	0.8	NonTarget	1	368330
1841.73	0.8	NonTarget	1	368346
1841.815	0.8	NonTarget	1	368363
1841.9	0.8	NonTarget	1	368380
1841.98	0.8	NonTarget	1	368396
1842.065	0.8	NonTarget	1	368413
1842.15	0.8	NonTarget	1	368430
1842.235	0.8	NonTarget	1	368447
1842.315	0.8	NonTarget	1	368463
1842.4	0.8	NonTarget	1	368480
1842.48	0.8	NonTarget	1	368496
1842.565	0.8	NonTarget	1	368513
1842.65	0.8	NonTarget	1	368530
1843.05	0.8	NonTarget	1	368610
1843.135	0.8	NonTarget	1	368627
1843.215	0.8	NonTarget	1	368643
1843.3	0.8	NonTarget	1	368660
1843.385	0.8	NonTarget	1	368677
1843.465	0.8	NonTarget	1	368693
1843.55	0.8	NonTarget	1	368710
1843.63	0.8	Target	2	368726
1843.715	0.8	NonTarget	1	368743
1843.8	0.8	NonTarget	1	368760
1843.885	0.8	NonTarget	1	368777
1843.965	0.8	NonTarget	1	368793
1844.05	0.8	NonTarget	1	368810
1844.135	0.8	NonTarget	1	368827
1844.215	0.8	NonTarget	1	368843
1844.3	0.8	NonTarget	1	368860
1844.385	0.8	NonTarget	1	368877
1844.47	0.8	NonTarget	1	368894
1844.55	0.8	NonTarget	1	368910
1844.635	0.8	NonTarget	1	368927
1844.72	0.8	NonTarget	1	368944
1844.8	0.8	NonTarget	1	368960
1844.885	0.8	NonTarget	1	368977
1844.97	0.8	NonTarget	1	368994
1845.05	0.8	NonTarget	1	369010
1845.135	0.8	NonTarget	1	369027
1845.22	0.8	NonTarget	1	369044
1845.305	0.8	NonTarget	1	369061
1845.385	0.8	NonTarget	1	369077
1845.47	0.8	NonTarget	1	369094
1845.87	0.8	NonTarget	1	369174
1845.955	0.8	NonTarget	1	369191
1846.035	0.8	NonTarget	1	369207
1846.12	0.8	NonTarget	1	369224
1846.2	0.8	NonTarget	1	369240
1846.285	0.8	NonTarget	1	369257
1846.37	0.8	NonTarget	1	369274
1846.455	0.8	Target	2	369291
1846.54	0.8	NonTarget	1	369308
1846.62	0.8	NonTarget	1	369324
1846.705	0.8	NonTarget	1	369341
1846.79	0.8	NonTarget	1	369358
1846.87	0.8	NonTarget	1	369374
1846.955	0.8	NonTarget	1	369391
1847.04	0.8	NonTarget	1	369408
1847.12	0.8	NonTarget	1	369424
1847.205	0.8	NonTarget	1	369441
1847.29	0.8	NonTarget	1	369458
1847.37	0.8	NonTarget	1	369474
1847.455	0.8	NonTarget	1	369491
1847.54	0.8	NonTarget	1	369508
1847.625	0.8	NonTarget	1	369525
1847.705	0.8	NonTarget	1	369541
1847.79	0.8	NonTarget	1	369558
1847.875	0.8	NonTarget	1	369575
1847.955	0.8	NonTarget	1	369591
1848.04	0.8	NonTarget	1	369608
1848.125	0.8	NonTarget	1	369625
1848.205	0.8	NonTarget	1	369641
1848.29	0.8	NonTarget	1	369658
1848.69	0.8	NonTarget	1	369738
1848.775	0.8	NonTarget	1	369755
1848.855	0.8	NonTarget	1	369771
1848.94	0.8	NonTarget	1	369788
1849.025	0.8	NonTarget	1	369805
1849.11	0.8	NonTarget	1	369822
1849.19	0.8	NonTarget	1	369838
1849.275	0.8	NonTarget	1	369855
1849.36	0.8	NonTarget	1	369872
1849.44	0.8	NonTarget	1	369888
1849.525	0.8	NonTarget	1	369905
1849.61	0.8	NonTarget	1	369922
1849.695	0.8	NonTarget	1	369939
1849.775	0.8	NonTarget	1	369955
1849.86	0.8	NonTarget	1	369972
1849.945	0.8	NonTarget	1	369989
1850.025	0.8	NonTarget	1	370005
1850.11	0.8	NonTarget	1	370022
1850.195	0.8	NonTarget	1	370039
1850.275	0.8	NonTarget	1	370055
1850.36	0.8	NonTarget	1	370072
1850.445	0.8	NonTarget	1	370089
1850.525	0.8	Target	2	370105
1850.61	0.8	NonTarget	1	370122
1850.695	0.8	NonTarget	1	370139
1850.775	0.8	NonTarget	1	370155
1850.86	0.8	NonTarget	1	370172
1850.945	0.8	NonTarget	1	370189
1851.03	0.8	NonTarget	1	370206
1851.11	0.8	NonTarget	1	370222
1851.51	0.8	NonTarget	1	370302
1851.595	0.8	NonTarget	1	370319
1851.68	0.8	NonTarget	1	370336
1851.76	0.8	NonTarget	1	370352
1851.845	0.8	NonTarget	1	370369
1851.93	0.8	NonTarget	1	370386
1852.01	0.8	NonTarget	1	370402
1852.095	0.8	NonTarget	1	370419
1852.18	0.8	NonTarget	1	370436
1852.265	0.8	NonTarget	1	370453
1852.35	0.8	NonTarget	1	370470
1852.43	0.8	NonTarget	1	370486
1852.515	0.8	NonTarget	1	370503
1852.595	0.8	NonTarget	1	370519
1852.68	0.8	NonTarget	1	370536
1852.765	0.8	NonTarget	1	370553
1852.845	0.8	NonTarget	1	370569
1852.93	0.8	NonTarget	1	370586
1853.015	0.8	NonTarget	1	370603
1853.1	0.8	NonTarget	1	370620
1853.18	0.8	NonTarget	1	370636
1853.265	0.8	NonTarget	1	370653
1853.345	0.8	Target	2	370669
1853.43	0.8	NonTarget	1	370686
1853.515	0.8	NonTarget	1	370703
1853.595	0.8	NonTarget	1	370719
1853.68	0.8	NonTarget	1	370736
1853.765	0.8	NonTarget	1	370753
1853.85	0.8	NonTarget	1	370770
1853.93	0.8	NonTarget	1	370786
1854.33	0.8	NonTarget	1	370866
1854.415	0.8	NonTarget	1	370883
1854.5	0.8	Target	2	370900
1854.585	0.8	NonTarget	1	370917
1854.665	0.8	NonTarget	1	370933
1854.75	0.8	NonTarget	1	370950
1854.835	0.8	NonTarget	1	370967
1854.915	0.8	NonTarget	1	370983
1855.0	0.8	NonTarget	1	371000
1855.085	0.8	NonTarget	1	371017
1855.165	0.8	NonTarget	1	371033
1855.25	0.8	NonTarget	1	371050
1855.335	0.8	NonTarget	1	371067
1855.415	0.8	NonTarget	1	371083
1855.5	0.8	NonTarget	1	371100
1855.585	0.8	NonTarget	1	371117
1855.67	0.8	NonTarget	1	371134
1855.755	0.8	NonTarget	1	371151
1855.84	0.8	NonTarget	1	371168
1855.92	0.8	NonTarget	1	371184
1856.0	0.8	NonTarget	1	371200
1856.085	0.8	NonTarget	1	371217
1856.17	0.8	NonTarget	1	371234
1856.25	0.8	NonTarget	1	371250
1856.335	0.8	NonTarget	1	371267
1856.42	0.8	NonTarget	1	371284
1856.505	0.8	NonTarget	1	371301
1856.585	0.8	NonTarget	1	371317
1856.67	0.8	NonTarget	1	371334
1856.755	0.8	NonTarget	1	371351
1857.15	0.8	NonTarget	1	371430
1857.235	0.8	NonTarget	1	371447
1857.32	0.8	NonTarget	1	371464
1857.4	0.8	NonTarget	1	371480
1857.485	0.8	NonTarget	1	371497
1857.57	0.8	NonTarget	1	371514
1857.655	0.8	NonTarget	1	371531
1857.735	0.8	Target	2	371547
1857.82	0.8	NonTarget	1	371564
1857.905	0.8	NonTarget	1	371581
1857.99	0.8	NonTarget	1	371598
1858.07	0.8	NonTarget	1	371614
1858.155	0.8	NonTarget	1	371631
1858.24	0.8	NonTarget	1	371648
1858.325	0.8	NonTarget	1	371665
1858.405	0.8	NonTarget	1	371681
1858.485	0.8	NonTarget	1	371697
1858.57	0.8	NonTarget	1	371714
1858.655	0.8	NonTarget	1	371731
1858.74	0.8	NonTarget	1	371748
1858.825	0.8	NonTarget	1	371765
1858.905	0.8	NonTarget	1	371781
1858.99	0.8	NonTarget	1	371798
1859.075	0.8	NonTarget	1	371815
1859.155	0.8	NonTarget	1	371831
1859.24	0.8	NonTarget	1	371848
1859.325	0.8	NonTarget	1	371865
1859.405	0.8	NonTarget	1	371881
1859.49	0.8	NonTarget	1	371898
1859.57	0.8	NonTarget	1	371914
1859.975	0.8	NonTarget	1	371995
1860.055	0.8	NonTarget	1	372011
1860.14	0.8	NonTarget	1	372028
1860.225	0.8	NonTarget	1	372045
1860.305	0.8	NonTarget	1	372061
1860.39	0.8	NonTarget	1	372078
1860.475	0.8	NonTarget	1	372095
1860.555	0.8	NonTarget	1	372111
1860.64	0.8	NonTarget	1	372128
1860.725	0.8	NonTarget	1	372145
1860.805	0.8	NonTarget	1	372161
1860.89	0.8	NonTarget	1	372178
1860.975	0.8	Target	2	372195
1861.06	0.8	NonTarget	1	372212
1861.145	0.8	NonTarget	1	372229
1861.225	0.8	NonTarget	1	372245
1861.31	0.8	NonTarget	1	372262
1861.39	0.8	NonTarget	1	372278
1861.475	0.8	NonTarget	1	372295
1861.56	0.8	NonTarget	1	372312
1861.64	0.8	NonTarget	1	372328
1861.725	0.8	NonTarget	1	372345
1861.81	0.8	NonTarget	1	372362
1861.895	0.8	NonTarget	1	372379
1861.975	0.8	NonTarget	1	372395
1862.06	0.8	NonTarget	1	372412
1862.145	0.8	NonTarget	1	372429
1862.23	0.8	NonTarget	1	372446
1862.31	0.8	NonTarget	1	372462
1862.395	0.8	NonTarget	1	372479
1862.795	0.8	NonTarget	1	372559
1862.875	0.8	NonTarget	1	372575
1862.96	0.8	NonTarget	1	372592
1863.045	0.8	NonTarget	1	372609
1863.13	0.8	NonTarget	1	372626
1863.21	0.8	NonTarget	1	372642
1863.295	0.8	NonTarget	1	372659
1863.375	0.8	Target	2	372675
1863.46	0.8	NonTarget	1	372692
1863.545	0.8	NonTarget	1	372709
1863.63	0.8	NonTarget	1	372726
1863.71	0.8	NonTarget	1	372742
1863.795	0.8	NonTarget	1	372759
1863.88	0.8	NonTarget	1	372776
1863.96	0.8	NonTarget	1	372792
1864.045	0.8	NonTarget	1	372809
1864.13	0.8	NonTarget	1	372826
1864.21	0.8	NonTarget	1	372842
1864.295	0.8	NonTarget	1	372859
1864.38	0.8	NonTarget	1	372876
1864.465	0.8	NonTarget	1	372893
1864.545	0.8	NonTarget	1	372909
1864.63	0.8	NonTarget	1	372926
1864.715	0.8	NonTarget	1	372943
1864.795	0.8	NonTarget	1	372959
1864.88	0.8	NonTarget	1	372976
1864.965	0.8	NonTarget	1	372993
1865.05	0.8	NonTarget	1	373010
1865.13	0.8	NonTarget	1	373026
1865.215	0.8	NonTarget	1	373043
1865.615	0.8	NonTarget	1	373123
1865.7	0.8	NonTarget	1	373140
1865.78	0.8	Target	2	373156
1865.865	0.8	NonTarget	1	373173
1865.95	0.8	NonTarget	1	373190
1866.035	0.8	NonTarget	1	373207
1866.115	0.8	NonTarget	1	373223
1866.2	0.8	NonTarget	1	373240
1866.28	0.8	NonTarget	1	373256
1866.365	0.8	NonTarget	1	373273
1866.45	0.8	NonTarget	1	373290
1866.535	0.8	NonTarget	1	373307
1866.62	0.8	NonTarget	1	373324
1866.7	0.8	NonTarget	1	373340
1866.785	0.8	NonTarget	1	373357
1866.865	0.8	NonTarget	1	373373
1866.95	0.8	NonTarget	1	373390
1867.035	0.8	NonTarget	1	373407
1867.12	0.8	NonTarget	1	373424
1867.2	0.8	NonTarget	1	373440
1867.285	0.8	NonTarget	1	373457
1867.365	0.8	NonTarget	1	373473
1867.45	0.8	NonTarget	1	373490
1867.535	0.8	NonTarget	1	373507
1867.62	0.8	NonTarget	1	373524
1867.7	0.8	NonTarget	1	373540
1867.785	0.8	NonTarget	1	373557
1867.87	0.8	NonTarget	1	373574
1867.955	0.8	NonTarget	1	373591
1868.035	0.8	NonTarget	1	373607
1877.185	0.8	NonTarget	1	375437
1877.265	0.8	NonTarget	1	375453
1877.35	0.8	NonTarget	1	375470
1877.43	0.8	NonTarget	1	375486
1877.515	0.8	NonTarget	1	375503
1877.595	0.8	NonTarget	1	375519
1877.68	0.8	NonTarget	1	375536
1877.765	0.8	NonTarget	1	375553
1877.85	0.8	NonTarget	1	375570
1877.93	0.8	NonTarget	1	375586
1878.015	0.8	NonTarget	1	375603
1878.1	0.8	NonTarget	1	375620
1878.18	0.8	NonTarget	1	375636
1878.265	0.8	NonTarget	1	375653
1878.35	0.8	NonTarget	1	375670
1878.435	0.8	NonTarget	1	375687
1878.515	0.8	NonTarget	1	375703
1878.6	0.8	NonTarget	1	375720
1878.685	0.8	NonTarget	1	375737
1878.765	0.8	NonTarget	1	375753
1878.85	0.8	NonTarget	1	375770
1878.935	0.8	NonTarget	1	375787
1879.02	0.8	NonTarget	1	375804
1879.1	0.8	NonTarget	1	375820
1879.185	0.8	NonTarget	1	375837
1879.27	0.8	NonTarget	1	375854
1879.35	0.8	Target	2	375870
1879.435	0.8	NonTarget	1	375887
1879.52	0.8	NonTarget	1	375904
1879.6	0.8	NonTarget	1	375920
1880.0	0.8	NonTarget	1	376000
1880.085	0.8	NonTarget	1	376017
1880.17	0.8	NonTarget	1	376034
1880.25	0.8	NonTarget	1	376050
1880.335	0.8	NonTarget	1	376067
1880.42	0.8	NonTarget	1	376084
1880.505	0.8	NonTarget	1	376101
1880.585	0.8	NonTarget	1	376117
1880.67	0.8	NonTarget	1	376134
1880.755	0.8	NonTarget	1	376151
1880.835	0.8	NonTarget	1	376167
1880.92	0.8	NonTarget	1	376184
1881.0	0.8	NonTarget	1	376200
1881.085	0.8	NonTarget	1	376217
1881.17	0.8	NonTarget	1	376234
1881.255	0.8	NonTarget	1	376251
1881.335	0.8	NonTarget	1	376267
1881.425	0.8	NonTarget	1	376285
1881.505	0.8	NonTarget	1	376301
1881.59	0.8	NonTarget	1	376318
1881.67	0.8	NonTarget	1	376334
1881.755	0.8	NonTarget	1	376351
1881.84	0.8	NonTarget	1	376368
1881.92	0.8	NonTarget	1	376384
1882.005	0.8	NonTarget	1	376401
1882.09	0.8	NonTarget	1	376418
1882.17	0.8	Target	2	376434
1882.255	0.8	NonTarget	1	376451
1882.34	0.8	NonTarget	1	376468
1882.425	0.8	NonTarget	1	376485
1882.82	0.8	NonTarget	1	376564
1882.905	0.8	NonTarget	1	376581
1882.99	0.8	NonTarget	1	376598
1883.07	0.8	NonTarget	1	376614
1883.155	0.8	NonTarget	1	376631
1883.24	0.8	NonTarget	1	376648
1883.325	0.8	NonTarget	1	376665
1883.405	0.8	NonTarget	1	376681
1883.49	0.8	NonTarget	1	376698
1883.575	0.8	NonTarget	1	376715
1883.655	0.8	NonTarget	1	376731
1883.74	0.8	Target	2	376748
1883.825	0.8	NonTarget	1	376765
1883.91	0.8	NonTarget	1	376782
1883.99	0.8	NonTarget	1	376798
1884.075	0.8	NonTarget	1	376815
1884.16	0.8	NonTarget	1	376832
1884.24	0.8	NonTarget	1	376848
1884.325	0.8	NonTarget	1	376865
1884.41	0.8	NonTarget	1	376882
1884.49	0.8	NonTarget	1	376898
1884.575	0.8	NonTarget	1	376915
1884.66	0.8	NonTarget	1	376932
1884.745	0.8	NonTarget	1	376949
1884.825	0.8	NonTarget	1	376965
1884.91	0.8	NonTarget	1	376982
1884.995	0.8	NonTarget	1	376999
1885.075	0.8	NonTarget	1	377015
1885.16	0.8	NonTarget	1	377032
1885.24	0.8	NonTarget	1	377048
1885.645	0.8	NonTarget	1	377129
1885.725	0.8	NonTarget	1	377145
1885.81	0.8	NonTarget	1	377162
1885.895	0.8	NonTarget	1	377179
1885.98	0.8	NonTarget	1	377196
1886.06	0.8	NonTarget	1	377212
1886.145	0.8	NonTarget	1	377229
1886.225	0.8	NonTarget	1	377245
1886.31	0.8	NonTarget	1	377262
1886.395	0.8	NonTarget	1	377279
1886.48	0.8	NonTarget	1	377296
1886.56	0.8	NonTarget	1	377312
1886.645	0.8	NonTarget	1	377329
1886.73	0.8	NonTarget	1	377346
1886.81	0.8	NonTarget	1	377362
1886.895	0.8	NonTarget	1	377379
1886.98	0.8	NonTarget	1	377396
1887.06	0.8	NonTarget	1	377412
1887.15	0.8	NonTarget	1	377430
1887.23	0.8	NonTarget	1	377446
1887.315	0.8	NonTarget	1	377463
1887.395	0.8	Target	2	377479
1887.48	0.8	NonTarget	1	377496
1887.56	0.8	NonTarget	1	377512
1887.645	0.8	NonTarget	1	377529
1887.73	0.8	NonTarget	1	377546
1887.815	0.8	NonTarget	1	377563
1887.895	0.8	NonTarget	1	377579
1887.98	0.8	NonTarget	1	377596
1888.065	0.8	NonTarget	1	377613
1888.465	0.8	NonTarget	1	377693
1888.55	0.8	NonTarget	1	377710
1888.63	0.8	NonTarget	1	377726
1888.715	0.8	NonTarget	1	377743
1888.795	0.8	NonTarget	1	377759
1888.88	0.8	NonTarget	1	377776
1888.965	0.8	NonTarget	1	377793
1889.05	0.8	NonTarget	1	377810
1889.13	0.8	NonTarget	1	377826
1889.215	0.8	NonTarget	1	377843
1889.3	0.8	NonTarget	1	377860
1889.38	0.8	NonTarget	1	377876
1889.465	0.8	NonTarget	1	377893
1889.55	0.8	NonTarget	1	377910
1889.635	0.8	NonTarget	1	377927
1889.715	0.8	NonTarget	1	377943
1889.8	0.8	NonTarget	1	377960
1889.885	0.8	NonTarget	1	377977
1889.965	0.8	NonTarget	1	377993
1890.05	0.8	NonTarget	1	378010
1890.13	0.8	NonTarget	1	378026
1890.22	0.8	Target	2	378044
1890.3	0.8	NonTarget	1	378060
1890.385	0.8	NonTarget	1	378077
1890.47	0.8	NonTarget	1	378094
1890.55	0.8	NonTarget	1	378110
1890.635	0.8	NonTarget	1	378127
1890.72	0.8	NonTarget	1	378144
1890.8	0.8	NonTarget	1	378160
1890.885	0.8	NonTarget	1	378177
1891.285	0.8	NonTarget	1	378257
1891.365	0.8	NonTarget	1	378273
1891.45	0.8	NonTarget	1	378290
1891.535	0.8	NonTarget	1	378307
1891.62	0.8	NonTarget	1	378324
1891.705	0.8	NonTarget	1	378341
1891.785	0.8	NonTarget	1	378357
1891.87	0.8	NonTarget	1	378374
1891.955	0.8	NonTarget	1	378391
1892.035	0.8	NonTarget	1	378407
1892.12	0.8	NonTarget	1	378424
1892.205	0.8	NonTarget	1	378441
1892.285	0.8	NonTarget	1	378457
1892.37	0.8	NonTarget	1	378474
1892.455	0.8	NonTarget	1	378491
1892.535	0.8	NonTarget	1	378507
1892.62	0.8	NonTarget	1	378524
1892.705	0.8	NonTarget	1	378541
1892.79	0.8	NonTarget	1	378558
1892.87	0.8	NonTarget	1	378574
1892.955	0.8	NonTarget	1	378591
1893.04	0.8	Target	2	378608
1893.12	0.8	NonTarget	1	378624
1893.205	0.8	NonTarget	1	378641
1893.285	0.8	NonTarget	1	378657
1893.37	0.8	NonTarget	1	378674
1893.455	0.8	NonTarget	1	378691
1893.54	0.8	NonTarget	1	378708
1893.62	0.8	NonTarget	1	378724
1893.705	0.8	NonTarget	1	378741
1894.11	0.8	NonTarget	1	378822
1894.185	0.8	NonTarget	1	378837
1894.27	0.8	NonTarget	1	378854
1894.355	0.8	NonTarget	1	378871
1894.44	0.8	NonTarget	1	378888
1894.525	0.8	NonTarget	1	378905
1894.605	0.8	Target	2	378921
1894.69	0.8	NonTarget	1	378938
1894.775	0.8	NonTarget	1	378955
1894.855	0.8	NonTarget	1	378971
1894.94	0.8	NonTarget	1	378988
1895.025	0.8	NonTarget	1	379005
1895.11	0.8	NonTarget	1	379022
1895.19	0.8	NonTarget	1	379038
1895.275	0.8	NonTarget	1	379055
1895.355	0.8	NonTarget	1	379071
1895.44	0.8	NonTarget	1	379088
1895.525	0.8	NonTarget	1	379105
1895.61	0.8	NonTarget	1	379122
1895.69	0.8	NonTarget	1	379138
1895.775	0.8	NonTarget	1	379155
1895.86	0.8	NonTarget	1	379172
1895.94	0.8	NonTarget	1	379188
1896.025	0.8	NonTarget	1	379205
1896.11	0.8	NonTarget	1	379222
1896.19	0.8	NonTarget	1	379238
1896.275	0.8	NonTarget	1	379255
1896.36	0.8	NonTarget	1	379272
1896.44	0.8	NonTarget	1	379288
1896.525	0.8	NonTarget	1	379305
1896.925	0.8	NonTarget	1	379385
1897.01	0.8	NonTarget	1	379402
1897.095	0.8	NonTarget	1	379419
1897.175	0.8	NonTarget	1	379435
1897.26	0.8	NonTarget	1	379452
1897.345	0.8	NonTarget	1	379469
1897.425	0.8	NonTarget	1	379485
1897.51	0.8	NonTarget	1	379502
1897.595	0.8	NonTarget	1	379519
1897.68	0.8	NonTarget	1	379536
1897.76	0.8	NonTarget	1	379552
1897.845	0.8	NonTarget	1	379569
1897.93	0.8	NonTarget	1	379586
1898.015	0.8	NonTarget	1	379603
1898.095	0.8	NonTarget	1	379619
1898.18	0.8	NonTarget	1	379636
1898.26	0.8	NonTarget	1	379652
1898.345	0.8	NonTarget	1	379669
1898.43	0.8	NonTarget	1	379686
1898.51	0.8	NonTarget	1	379702
1898.595	0.8	NonTarget	1	379719
1898.68	0.8	NonTarget	1	379736
1898.76	0.8	NonTarget	1	379752
1898.845	0.8	NonTarget	1	379769
1898.93	0.8	NonTarget	1	379786
1899.015	0.8	NonTarget	1	379803
1899.095	0.8	Target	2	379819
1899.18	0.8	NonTarget	1	379836
1899.265	0.8	NonTarget	1	379853
1899.345	0.8	NonTarget	1	379869
1899.745	0.8	NonTarget	1	379949
1899.83	0.8	Target	2	379966
1899.915	0.8	NonTarget	1	379983
1899.995	0.8	NonTarget	1	379999
1900.08	0.8	NonTarget	1	380016
1900.165	0.8	NonTarget	1	380033
1900.245	0.8	NonTarget	1	380049
1900.33	0.8	NonTarget	1	380066
1900.415	0.8	NonTarget	1	380083
1900.5	0.8	NonTarget	1	380100
1900.58	0.8	NonTarget	1	380116
1900.665	0.8	NonTarget	1	380133
1900.75	0.8	NonTarget	1	380150
1900.835	0.8	NonTarget	1	380167
1900.915	0.8	NonTarget	1	380183
1901.0	0.8	NonTarget	1	380200
1901.08	0.8	NonTarget	1	380216
1901.165	0.8	NonTarget	1	380233
1901.25	0.8	NonTarget	1	380250
1901.33	0.8	NonTarget	1	380266
1901.415	0.8	NonTarget	1	380283
1901.505	0.8	NonTarget	1	380301
1901.58	0.8	NonTarget	1	380316
1901.665	0.8	NonTarget	1	380333
1901.75	0.8	NonTarget	1	380350
1901.835	0.8	NonTarget	1	380367
1901.915	0.8	NonTarget	1	380383
1902.0	0.8	NonTarget	1	380400
1902.085	0.8	NonTarget	1	380417
1902.165	0.8	NonTarget	1	380433
1902.57	0.8	NonTarget	1	380514
1902.65	0.8	NonTarget	1	380530
1902.735	0.8	NonTarget	1	380547
1902.815	0.8	NonTarget	1	380563
1902.9	0.8	NonTarget	1	380580
1902.99	0.8	NonTarget	1	380598
1903.07	0.8	NonTarget	1	380614
1903.15	0.8	NonTarget	1	380630
1903.235	0.8	NonTarget	1	380647
1903.32	0.8	NonTarget	1	380664
1903.4	0.8	NonTarget	1	380680
1903.485	0.8	NonTarget	1	380697
1903.57	0.8	NonTarget	1	380714
1903.65	0.8	NonTarget	1	380730
1903.735	0.8	NonTarget	1	380747
1903.82	0.8	NonTarget	1	380764
1903.905	0.8	NonTarget	1	380781
1903.985	0.8	NonTarget	1	380797
1904.07	0.8	NonTarget	1	380814
1904.155	0.8	NonTarget	1	380831
1904.235	0.8	NonTarget	1	380847
1904.32	0.8	Target	2	380864
1904.405	0.8	NonTarget	1	380881
1904.485	0.8	NonTarget	1	380897
1904.57	0.8	NonTarget	1	380914
1904.655	0.8	NonTarget	1	380931
1904.74	0.8	NonTarget	1	380948
1904.82	0.8	NonTarget	1	380964
1904.905	0.8	NonTarget	1	380981
1904.99	0.8	NonTarget	1	380998
1914.17	0.8	NonTarget	1	382834
1914.25	0.8	NonTarget	1	382850
1914.335	0.8	NonTarget	1	382867
1914.415	0.8	Target	2	382883
1914.5	0.8	NonTarget	1	382900
1914.585	0.8	NonTarget	1	382917
1914.665	0.8	NonTarget	1	382933
1914.75	0.8	NonTarget	1	382950
1914.835	0.8	NonTarget	1	382967
1914.915	0.8	NonTarget	1	382983
1915.0	0.8	NonTarget	1	383000
1915.085	0.8	NonTarget	1	383017
1915.17	0.8	NonTarget	1	383034
1915.25	0.8	NonTarget	1	383050
1915.335	0.8	NonTarget	1	383067
1915.415	0.8	NonTarget	1	383083
1915.5	0.8	NonTarget	1	383100
1915.585	0.8	NonTarget	1	383117
1915.67	0.8	NonTarget	1	383134
1915.75	0.8	NonTarget	1	383150
1915.84	0.8	NonTarget	1	383168
1915.92	0.8	NonTarget	1	383184
1916.005	0.8	NonTarget	1	383201
1916.085	0.8	NonTarget	1	383217
1916.17	0.8	NonTarget	1	383234
1916.255	0.8	NonTarget	1	383251
1916.335	0.8	NonTarget	1	383267
1916.42	0.8	NonTarget	1	383284
1916.505	0.8	NonTarget	1	383301
1916.59	0.8	NonTarget	1	383318
1916.985	0.8	NonTarget	1	383397
1917.07	0.8	NonTarget	1	383414
1917.155	0.8	NonTarget	1	383431
1917.24	0.8	NonTarget	1	383448
1917.32	0.8	NonTarget	1	383464
1917.405	0.8	NonTarget	1	383481
1917.49	0.8	NonTarget	1	383498
1917.57	0.8	NonTarget	1	383514
1917.655	0.8	NonTarget	1	383531
1917.74	0.8	NonTarget	1	383548
1917.825	0.8	NonTarget	1	383565
1917.905	0.8	NonTarget	1	383581
1917.99	0.8	NonTarget	1	383598
1918.07	0.8	NonTarget	1	383614
1918.155	0.8	NonTarget	1	383631
1918.24	0.8	NonTarget	1	383648
1918.32	0.8	NonTarget	1	383664
1918.405	0.8	NonTarget	1	383681
1918.49	0.8	NonTarget	1	383698
1918.575	0.8	NonTarget	1	383715
1918.655	0.8	NonTarget	1	383731
1918.74	0.8	NonTarget	1	383748
1918.825	0.8	NonTarget	1	383765
1918.91	0.8	Target	2	383782
1918.995	0.8	NonTarget	1	383799
1919.075	0.8	NonTarget	1	383815
1919.155	0.8	NonTarget	1	383831
1919.24	0.8	NonTarget	1	383848
1919.325	0.8	NonTarget	1	383865
1919.405	0.8	NonTarget	1	383881
1919.81	0.8	NonTarget	1	383962
1919.89	0.8	NonTarget	1	383978
1919.975	0.8	NonTarget	1	383995
1920.06	0.8	NonTarget	1	384012
1920.145	0.8	NonTarget	1	384029
1920.225	0.8	NonTarget	1	384045
1920.31	0.8	NonTarget	1	384062
1920.395	0.8	NonTarget	1	384079
1920.475	0.8	NonTarget	1	384095
1920.56	0.8	NonTarget	1	384112
1920.64	0.8	NonTarget	1	384128
1920.725	0.8	NonTarget	1	384145
1920.81	0.8	NonTarget	1	384162
1920.895	0.8	NonTarget	1	384179
1920.975	0.8	NonTarget	1	384195
1921.06	0.8	NonTarget	1	384212
1921.145	0.8	NonTarget	1	384229
1921.23	0.8	NonTarget	1	384246
1921.31	0.8	Target	2	384262
1921.395	0.8	NonTarget	1	384279
1921.475	0.8	NonTarget	1	384295
1921.56	0.8	NonTarget	1	384312
1921.645	0.8	NonTarget	1	384329
1921.725	0.8	NonTarget	1	384345
1921.81	0.8	NonTarget	1	384362
1921.895	0.8	NonTarget	1	384379
1921.98	0.8	NonTarget	1	384396
1922.06	0.8	NonTarget	1	384412
1922.145	0.8	NonTarget	1	384429
1922.23	0.8	NonTarget	1	384446
1922.63	0.8	NonTarget	1	384526
1922.71	0.8	NonTarget	1	384542
1922.795	0.8	NonTarget	1	384559
1922.88	0.8	NonTarget	1	384576
1922.96	0.8	NonTarget	1	384592
1923.045	0.8	NonTarget	1	384609
1923.13	0.8	NonTarget	1	384626
1923.21	0.8	NonTarget	1	384642
1923.295	0.8	NonTarget	1	384659
1923.38	0.8	NonTarget	1	384676
1923.465	0.8	NonTarget	1	384693
1923.545	0.8	NonTarget	1	384709
1923.63	0.8	NonTarget	1	384726
1923.715	0.8	NonTarget	1	384743
1923.795	0.8	NonTarget	1	384759
1923.88	0.8	NonTarget	1	384776
1923.965	0.8	NonTarget	1	384793
1924.045	0.8	NonTarget	1	384809
1924.13	0.8	NonTarget	1	384826
1924.215	0.8	NonTarget	1	384843
1924.295	0.8	NonTarget	1	384859
1924.38	0.8	NonTarget	1	384876
1924.465	0.8	NonTarget	1	384893
1924.55	0.8	NonTarget	1	384910
1924.63	0.8	NonTarget	1	384926
1924.715	0.8	NonTarget	1	384943
1924.8	0.8	NonTarget	1	384960
1924.88	0.8	NonTarget	1	384976
1924.965	0.8	Target	2	384993
1925.05	0.8	NonTarget	1	385010
1925.45	0.8	NonTarget	1	385090
1925.53	0.8	NonTarget	1	385106
1925.615	0.8	NonTarget	1	385123
1925.7	0.8	NonTarget	1	385140
1925.785	0.8	NonTarget	1	385157
1925.865	0.8	NonTarget	1	385173
1925.95	0.8	NonTarget	1	385190
1926.035	0.8	NonTarget	1	385207
1926.115	0.8	Target	2	385223
1926.2	0.8	NonTarget	1	385240
1926.28	0.8	NonTarget	1	385256
1926.365	0.8	NonTarget	1	385273
1926.45	0.8	NonTarget	1	385290
1926.535	0.8	NonTarget	1	385307
1926.615	0.8	NonTarget	1	385323
1926.7	0.8	NonTarget	1	385340
1926.785	0.8	NonTarget	1	385357
1926.87	0.8	NonTarget	1	385374
1926.95	0.8	NonTarget	1	385390
1927.035	0.8	NonTarget	1	385407
1927.12	0.8	NonTarget	1	385424
1927.2	0.8	NonTarget	1	385440
1927.285	0.8	NonTarget	1	385457
1927.37	0.8	NonTarget	1	385474
1927.45	0.8	NonTarget	1	385490
1927.535	0.8	NonTarget	1	385507
1927.62	0.8	NonTarget	1	385524
1927.705	0.8	NonTarget	1	385541
1927.785	0.8	NonTarget	1	385557
1927.87	0.8	NonTarget	1	385574
1928.27	0.8	NonTarget	1	385654
1928.355	0.8	NonTarget	1	385671
1928.44	0.8	NonTarget	1	385688
1928.52	0.8	NonTarget	1	385704
1928.605	0.8	NonTarget	1	385721
1928.69	0.8	NonTarget	1	385738
1928.77	0.8	NonTarget	1	385754
1928.855	0.8	NonTarget	1	385771
1928.94	0.8	NonTarget	1	385788
1929.02	0.8	NonTarget	1	385804
1929.105	0.8	NonTarget	1	385821
1929.19	0.8	NonTarget	1	385838
1929.275	0.8	NonTarget	1	385855
1929.355	0.8	NonTarget	1	385871
1929.44	0.8	NonTarget	1	385888
1929.52	0.8	NonTarget	1	385904
1929.605	0.8	NonTarget	1	385921
1929.69	0.8	NonTarget	1	385938
1929.77	0.8	NonTarget	1	385954
1929.855	0.8	NonTarget	1	385971
1929.94	0.8	NonTarget	1	385988
1930.025	0.8	NonTarget	1	386005
1930.105	0.8	NonTarget	1	386021
1930.19	0.8	NonTarget	1	386038
1930.27	0.8	NonTarget	1	386054
1930.36	0.8	NonTarget	1	386072
1930.44	0.8	NonTarget	1	386088
1930.525	0.8	NonTarget	1	386105
1930.605	0.8	Target	2	386121
1930.69	0.8	NonTarget	1	386138
1931.09	0.8	NonTarget	1	386218
1931.175	0.8	NonTarget	1	386235
1931.26	0.8	NonTarget	1	386252
1931.34	0.8	Target	2	386268
1931.425	0.8	NonTarget	1	386285
1931.51	0.8	NonTarget	1	386302
1931.59	0.8	NonTarget	1	386318
1931.675	0.8	NonTarget	1	386335
1931.76	0.8	NonTarget	1	386352
1931.84	0.8	NonTarget	1	386368
1931.925	0.8	NonTarget	1	386385
1932.005	0.8	NonTarget	1	386401
1932.095	0.8	NonTarget	1	386419
1932.175	0.8	NonTarget	1	386435
1932.26	0.8	NonTarget	1	386452
1932.345	0.8	NonTarget	1	386469
1932.425	0.8	NonTarget	1	386485
1932.51	0.8	NonTarget	1	386502
1932.595	0.8	NonTarget	1	386519
1932.68	0.8	NonTarget	1	386536
1932.76	0.8	NonTarget	1	386552
1932.845	0.8	NonTarget	1	386569
1932.925	0.8	NonTarget	1	386585
1933.01	0.8	NonTarget	1	386602
1933.095	0.8	NonTarget	1	386619
1933.175	0.8	NonTarget	1	386635
1933.26	0.8	NonTarget	1	386652
1933.34	0.8	NonTarget	1	386668
1933.43	0.8	NonTarget	1	386686
1933.51	0.8	NonTarget	1	386702
1933.91	0.8	NonTarget	1	386782
1933.995	0.8	NonTarget	1	386799
1934.075	0.8	NonTarget	1	386815
1934.16	0.8	NonTarget	1	386832
1934.245	0.8	NonTarget	1	386849
1934.33	0.8	NonTarget	1	386866
1934.41	0.8	NonTarget	1	386882
1934.495	0.8	NonTarget	1	386899
1934.58	0.8	NonTarget	1	386916
1934.66	0.8	NonTarget	1	386932
1934.75	0.8	NonTarget	1	386950
1934.83	0.8	NonTarget	1	386966
1934.915	0.8	NonTarget	1	386983
1934.995	0.8	NonTarget	1	386999
1935.08	0.8	NonTarget	1	387016
1935.165	0.8	NonTarget	1	387033
1935.245	0.8	NonTarget	1	387049
1935.33	0.8	NonTarget	1	387066
1935.415	0.8	Target	2	387083
1935.495	0.8	NonTarget	1	387099
1935.58	0.8	NonTarget	1	387116
1935.665	0.8	NonTarget	1	387133
1935.75	0.8	NonTarget	1	387150
1935.83	0.8	NonTarget	1	387166
1935.915	0.8	NonTarget	1	387183
1936.0	0.8	NonTarget	1	387200
1936.08	0.8	NonTarget	1	387216
1936.165	0.8	NonTarget	1	387233
1936.25	0.8	NonTarget	1	387250
1936.33	0.8	NonTarget	1	387266
1936.735	0.8	NonTarget	1	387347
1936.815	0.8	NonTarget	1	387363
1936.9	0.8	NonTarget	1	387380
1936.985	0.8	NonTarget	1	387397
1937.065	0.8	NonTarget	1	387413
1937.15	0.8	NonTarget	1	387430
1937.235	0.8	NonTarget	1	387447
1937.315	0.8	NonTarget	1	387463
1937.4	0.8	NonTarget	1	387480
1937.48	0.8	NonTarget	1	387496
1937.565	0.8	NonTarget	1	387513
1937.65	0.8	NonTarget	1	387530
1937.735	0.8	NonTarget	1	387547
1937.82	0.8	NonTarget	1	387564
1937.9	0.8	NonTarget	1	387580
1937.985	0.8	NonTarget	1	387597
1938.07	0.8	NonTarget	1	387614
1938.15	0.8	NonTarget	1	387630
1938.235	0.8	NonTarget	1	387647
1938.32	0.8	NonTarget	1	387664
1938.4	0.8	NonTarget	1	387680
1938.485	0.8	NonTarget	1	387697
1938.57	0.8	NonTarget	1	387714
1938.65	0.8	NonTarget	1	387730
1938.735	0.8	NonTarget	1	387747
1938.82	0.8	NonTarget	1	387764
1938.9	0.8	NonTarget	1	387780
1938.985	0.8	NonTarget	1	387797
1939.07	0.8	Target	2	387814
1939.15	0.8	NonTarget	1	387830
1939.55	0.8	NonTarget	1	387910
1939.635	0.8	NonTarget	1	387927
1939.72	0.8	NonTarget	1	387944
1939.805	0.8	NonTarget	1	387961
1939.885	0.8	NonTarget	1	387977
1939.97	0.8	NonTarget	1	387994
1940.055	0.8	NonTarget	1	388011
1940.135	0.8	NonTarget	1	388027
1940.22	0.8	NonTarget	1	388044
1940.305	0.8	NonTarget	1	388061
1940.385	0.8	NonTarget	1	388077
1940.47	0.8	NonTarget	1	388094
1940.555	0.8	NonTarget	1	388111
1940.64	0.8	Target	2	388128
1940.72	0.8	NonTarget	1	388144
1940.805	0.8	NonTarget	1	388161
1940.89	0.8	NonTarget	1	388178
1940.97	0.8	NonTarget	1	388194
1941.055	0.8	NonTarget	1	388211
1941.14	0.8	NonTarget	1	388228
1941.225	0.8	NonTarget	1	388245
1941.31	0.8	NonTarget	1	388262
1941.39	0.8	NonTarget	1	388278
1941.475	0.8	NonTarget	1	388295
1941.555	0.8	NonTarget	1	388311
1941.64	0.8	NonTarget	1	388328
1941.72	0.8	NonTarget	1	388344
1941.805	0.8	NonTarget	1	388361
1941.89	0.8	NonTarget	1	388378
1941.97	0.8	NonTarget	1	388394
1951.175	0.8	NonTarget	1	390235
1951.255	0.8	NonTarget	1	390251
1951.335	0.8	NonTarget	1	390267
1951.42	0.8	NonTarget	1	390284
1951.505	0.8	NonTarget	1	390301
1951.585	0.8	NonTarget	1	390317
1951.67	0.8	Target	2	390334
1951.755	0.8	NonTarget	1	390351
1951.84	0.8	NonTarget	1	390368
1951.92	0.8	NonTarget	1	390384
1952.005	0.8	NonTarget	1	390401
1952.085	0.8	NonTarget	1	390417
1952.17	0.8	NonTarget	1	390434
1952.255	0.8	NonTarget	1	390451
1952.34	0.8	NonTarget	1	390468
1952.42	0.8	NonTarget	1	390484
1952.505	0.8	NonTarget	1	390501
1952.59	0.8	NonTarget	1	390518
1952.67	0.8	NonTarget	1	390534
1952.755	0.8	NonTarget	1	390551
1952.84	0.8	NonTarget	1	390568
1952.92	0.8	NonTarget	1	390584
1953.005	0.8	NonTarget	1	390601
1953.09	0.8	NonTarget	1	390618
1953.17	0.8	NonTarget	1	390634
1953.255	0.8	NonTarget	1	390651
1953.34	0.8	NonTarget	1	390668
1953.425	0.8	NonTarget	1	390685
1953.51	0.8	NonTarget	1	390702
1953.59	0.8	NonTarget	1	390718
1953.99	0.8	NonTarget	1	390798
1954.075	0.8	NonTarget	1	390815
1954.155	0.8	NonTarget	1	390831
1954.24	0.8	NonTarget	1	390848
1954.325	0.8	NonTarget	1	390865
1954.405	0.8	NonTarget	1	390881
1954.49	0.8	NonTarget	1	390898
1954.575	0.8	NonTarget	1	390915
1954.66	0.8	NonTarget	1	390932
1954.74	0.8	NonTarget	1	390948
1954.825	0.8	NonTarget	1	390965
1954.91	0.8	Target	2	390982
1954.99	0.8	NonTarget	1	390998
1955.075	0.8	NonTarget	1	391015
1955.16	0.8	NonTarget	1	391032
1955.245	0.8	NonTarget	1	391049
1955.325	0.8	NonTarget	1	391065
1955.41	0.8	NonTarget	1	391082
1955.495	0.8	NonTarget	1	391099
1955.575	0.8	NonTarget	1	391115
1955.66	0.8	NonTarget	1	391132
1955.745	0.8	NonTarget	1	391149
1955.83	0.8	NonTarget	1	391166
1955.91	0.8	NonTarget	1	391182
1956.015	0.8	NonTarget	1	391203
1956.11	0.8	NonTarget	1	391222
1956.19	0.8	NonTarget	1	391238
1956.275	0.8	NonTarget	1	391255
1956.36	0.8	NonTarget	1	391272
1956.445	0.8	NonTarget	1	391289
1956.845	0.8	NonTarget	1	391369
1956.925	0.8	NonTarget	1	391385
1957.01	0.8	NonTarget	1	391402
1957.095	0.8	NonTarget	1	391419
1957.18	0.8	NonTarget	1	391436
1957.265	0.8	NonTarget	1	391453
1957.345	0.8	NonTarget	1	391469
1957.43	0.8	NonTarget	1	391486
1957.51	0.8	NonTarget	1	391502
1957.595	0.8	NonTarget	1	391519
1957.68	0.8	NonTarget	1	391536
1957.76	0.8	NonTarget	1	391552
1957.845	0.8	NonTarget	1	391569
1957.93	0.8	NonTarget	1	391586
1958.01	0.8	NonTarget	1	391602
1958.095	0.8	NonTarget	1	391619
1958.18	0.8	Target	2	391636
1958.265	0.8	NonTarget	1	391653
1958.35	0.8	NonTarget	1	391670
1958.43	0.8	NonTarget	1	391686
1958.515	0.8	NonTarget	1	391703
1958.595	0.8	NonTarget	1	391719
1958.68	0.8	NonTarget	1	391736
1958.765	0.8	NonTarget	1	391753
1958.845	0.8	NonTarget	1	391769
1958.93	0.8	NonTarget	1	391786
1959.015	0.8	NonTarget	1	391803
1959.095	0.8	NonTarget	1	391819
1959.18	0.8	NonTarget	1	391836
1959.265	0.8	NonTarget	1	391853
1959.665	0.8	NonTarget	1	391933
1959.75	0.8	NonTarget	1	391950
1959.83	0.8	NonTarget	1	391966
1959.915	0.8	NonTarget	1	391983
1960.0	0.8	NonTarget	1	392000
1960.08	0.8	NonTarget	1	392016
1960.165	0.8	NonTarget	1	392033
1960.25	0.8	NonTarget	1	392050
1960.33	0.8	NonTarget	1	392066
1960.415	0.8	NonTarget	1	392083
1960.5	0.8	NonTarget	1	392100
1960.585	0.8	NonTarget	1	392117
1960.665	0.8	NonTarget	1	392133
1960.75	0.8	NonTarget	1	392150
1960.835	0.8	NonTarget	1	392167
1960.915	0.8	NonTarget	1	392183
1961.0	0.8	NonTarget	1	392200
1961.085	0.8	NonTarget	1	392217
1961.165	0.8	NonTarget	1	392233
1961.25	0.8	NonTarget	1	392250
1961.33	0.8	NonTarget	1	392266
1961.415	0.8	NonTarget	1	392283
1961.5	0.8	NonTarget	1	392300
1961.585	0.8	NonTarget	1	392317
1961.67	0.8	NonTarget	1	392334
1961.75	0.8	NonTarget	1	392350
1961.835	0.8	Target	2	392367
1961.92	0.8	NonTarget	1	392384
1962.0	0.8	NonTarget	1	392400
1962.085	0.8	NonTarget	1	392417
1962.485	0.8	NonTarget	1	392497
1962.57	0.8	NonTarget	1	392514
1962.655	0.8	NonTarget	1	392531
1962.735	0.8	NonTarget	1	392547
1962.82	0.8	NonTarget	1	392564
1962.905	0.8	NonTarget	1	392581
1962.985	0.8	NonTarget	1	392597
1963.07	0.8	NonTarget	1	392614
1963.155	0.8	NonTarget	1	392631
1963.24	0.8	NonTarget	1	392648
1963.32	0.8	NonTarget	1	392664
1963.405	0.8	Target	2	392681
1963.485	0.8	NonTarget	1	392697
1963.57	0.8	NonTarget	1	392714
1963.655	0.8	NonTarget	1	392731
1963.74	0.8	NonTarget	1	392748
1963.82	0.8	NonTarget	1	392764
1963.905	0.8	NonTarget	1	392781
1963.99	0.8	NonTarget	1	392798
1964.07	0.8	NonTarget	1	392814
1964.155	0.8	NonTarget	1	392831
1964.24	0.8	NonTarget	1	392848
1964.32	0.8	NonTarget	1	392864
1964.405	0.8	NonTarget	1	392881
1964.49	0.8	NonTarget	1	392898
1964.57	0.8	NonTarget	1	392914
1964.655	0.8	NonTarget	1	392931
1964.74	0.8	NonTarget	1	392948
1964.825	0.8	NonTarget	1	392965
1964.905	0.8	NonTarget	1	392981
1965.305	0.8	NonTarget	1	393061
1965.39	0.8	NonTarget	1	393078
1965.475	0.8	NonTarget	1	393095
1965.555	0.8	NonTarget	1	393111
1965.64	0.8	NonTarget	1	393128
1965.725	0.8	NonTarget	1	393145
1965.805	0.8	NonTarget	1	393161
1965.89	0.8	NonTarget	1	393178
1965.975	0.8	NonTarget	1	393195
1966.055	0.8	NonTarget	1	393211
1966.14	0.8	NonTarget	1	393228
1966.225	0.8	Target	2	393245
1966.31	0.8	NonTarget	1	393262
1966.39	0.8	NonTarget	1	393278
1966.475	0.8	NonTarget	1	393295
1966.56	0.8	NonTarget	1	393312
1966.64	0.8	NonTarget	1	393328
1966.725	0.8	NonTarget	1	393345
1966.81	0.8	NonTarget	1	393362
1966.89	0.8	NonTarget	1	393378
1966.975	0.8	NonTarget	1	393395
1967.055	0.8	NonTarget	1	393411
1967.14	0.8	NonTarget	1	393428
1967.225	0.8	NonTarget	1	393445
1967.31	0.8	NonTarget	1	393462
1967.395	0.8	NonTarget	1	393479
1967.475	0.8	NonTarget	1	393495
1967.56	0.8	NonTarget	1	393512
1967.64	0.8	NonTarget	1	393528
1967.73	0.8	NonTarget	1	393546
1968.125	0.8	NonTarget	1	393625
1968.21	0.8	NonTarget	1	393642
1968.295	0.8	NonTarget	1	393659
1968.375	0.8	NonTarget	1	393675
1968.46	0.8	NonTarget	1	393692
1968.545	0.8	NonTarget	1	393709
1968.625	0.8	NonTarget	1	393725
1968.71	0.8	NonTarget	1	393742
1968.795	0.8	NonTarget	1	393759
1968.88	0.8	NonTarget	1	393776
1968.96	0.8	NonTarget	1	393792
1969.045	0.8	Target	2	393809
1969.125	0.8	NonTarget	1	393825
1969.21	0.8	NonTarget	1	393842
1969.295	0.8	NonTarget	1	393859
1969.38	0.8	NonTarget	1	393876
1969.46	0.8	NonTarget	1	393892
1969.545	0.8	NonTarget	1	393909
1969.63	0.8	NonTarget	1	393926
1969.715	0.8	NonTarget	1	393943
1969.795	0.8	NonTarget	1	393959
1969.88	0.8	NonTarget	1	393976
1969.965	0.8	NonTarget	1	393993
1970.045	0.8	NonTarget	1	394009
1970.13	0.8	NonTarget	1	394026
1970.215	0.8	NonTarget	1	394043
1970.295	0.8	NonTarget	1	394059
1970.38	0.8	NonTarget	1	394076
1970.465	0.8	NonTarget	1	394093
1970.545	0.8	NonTarget	1	394109
1970.945	0.8	NonTarget	1	394189
1971.03	0.8	NonTarget	1	394206
1971.115	0.8	NonTarget	1	394223
1971.195	0.8	NonTarget	1	394239
1971.28	0.8	NonTarget	1	394256
1971.365	0.8	NonTarget	1	394273
1971.445	0.8	NonTarget	1	394289
1971.53	0.8	NonTarget	1	394306
1971.615	0.8	NonTarget	1	394323
1971.7	0.8	NonTarget	1	394340
1971.785	0.8	NonTarget	1	394357
1971.865	0.8	NonTarget	1	394373
1971.95	0.8	NonTarget	1	394390
1972.035	0.8	NonTarget	1	394407
1972.115	0.8	NonTarget	1	394423
1972.2	0.8	NonTarget	1	394440
1972.285	0.8	NonTarget	1	394457
1972.365	0.8	NonTarget	1	394473
1972.45	0.8	NonTarget	1	394490
1972.53	0.8	NonTarget	1	394506
1972.615	0.8	NonTarget	1	394523
1972.7	0.8	NonTarget	1	394540
1972.785	0.8	NonTarget	1	394557
1972.87	0.8	NonTarget	1	394574
1972.95	0.8	NonTarget	1	394590
1973.035	0.8	NonTarget	1	394607
1973.115	0.8	Target	2	394623
1973.2	0.8	NonTarget	1	394640
1973.285	0.8	NonTarget	1	394657
1973.365	0.8	NonTarget	1	394673
1973.77	0.8	NonTarget	1	394754
1973.85	0.8	NonTarget	1	394770
1973.935	0.8	NonTarget	1	394787
1974.02	0.8	NonTarget	1	394804
1974.1	0.8	NonTarget	1	394820
1974.185	0.8	NonTarget	1	394837
1974.265	0.8	NonTarget	1	394853
1974.35	0.8	NonTarget	1	394870
1974.435	0.8	NonTarget	1	394887
1974.52	0.8	NonTarget	1	394904
1974.6	0.8	NonTarget	1	394920
1974.685	0.8	NonTarget	1	394937
1974.77	0.8	NonTarget	1	394954
1974.855	0.8	NonTarget	1	394971
1974.935	0.8	NonTarget	1	394987
1975.02	0.8	NonTarget	1	395004
1975.105	0.8	Target	2	395021
1975.185	0.8	NonTarget	1	395037
1975.27	0.8	NonTarget	1	395054
1975.355	0.8	NonTarget	1	395071
1975.435	0.8	NonTarget	1	395087
1975.52	0.8	NonTarget	1	395104
1975.605	0.8	NonTarget	1	395121
1975.69	0.8	NonTarget	1	395138
1975.77	0.8	NonTarget	1	395154
1975.855	0.8	NonTarget	1	395171
1975.94	0.8	NonTarget	1	395188
1976.02	0.8	NonTarget	1	395204
1976.105	0.8	NonTarget	1	395221
1976.19	0.8	NonTarget	1	395238
1976.59	0.8	NonTarget	1	395318
1976.67	0.8	NonTarget	1	395334
1976.755	0.8	NonTarget	1	395351
1976.84	0.8	NonTarget	1	395368
1976.925	0.8	NonTarget	1	395385
1977.005	0.8	NonTarget	1	395401
1977.09	0.8	NonTarget	1	395418
1977.175	0.8	NonTarget	1	395435
1977.255	0.8	NonTarget	1	395451
1977.34	0.8	NonTarget	1	395468
1977.425	0.8	NonTarget	1	395485
1977.51	0.8	Target	2	395502
1977.59	0.8	NonTarget	1	395518
1977.675	0.8	NonTarget	1	395535
1977.76	0.8	NonTarget	1	395552
1977.84	0.8	NonTarget	1	395568
1977.925	0.8	NonTarget	1	395585
1978.005	0.8	NonTarget	1	395601
1978.09	0.8	NonTarget	1	395618
1978.175	0.8	NonTarget	1	395635
1978.26	0.8	NonTarget	1	395652
1978.34	0.8	NonTarget	1	395668
1978.425	0.8	NonTarget	1	395685
1978.51	0.8	NonTarget	1	395702
1978.59	0.8	NonTarget	1	395718
1978.675	0.8	NonTarget	1	395735
1978.76	0.8	NonTarget	1	395752
1978.845	0.8	NonTarget	1	395769
1978.925	0.8	NonTarget	1	395785
1979.005	0.8	NonTarget	1	395801
1988.175	0.8	NonTarget	1	397635
1988.255	0.8	NonTarget	1	397651
1988.34	0.8	NonTarget	1	397668
1988.42	0.8	NonTarget	1	397684
1988.505	0.8	NonTarget	1	397701
1988.59	0.8	NonTarget	1	397718
1988.67	0.8	NonTarget	1	397734
1988.755	0.8	NonTarget	1	397751
1988.84	0.8	NonTarget	1	397768
1988.92	0.8	NonTarget	1	397784
1989.005	0.8	NonTarget	1	397801
1989.09	0.8	NonTarget	1	397818
1989.175	0.8	NonTarget	1	397835
1989.255	0.8	NonTarget	1	397851
1989.34	0.8	NonTarget	1	397868
1989.425	0.8	NonTarget	1	397885
1989.51	0.8	NonTarget	1	397902
1989.59	0.8	Target	2	397918
1989.675	0.8	NonTarget	1	397935
1989.76	0.8	NonTarget	1	397952
1989.84	0.8	NonTarget	1	397968
1989.925	0.8	NonTarget	1	397985
1990.01	0.8	NonTarget	1	398002
1990.09	0.8	NonTarget	1	398018
1990.175	0.8	NonTarget	1	398035
1990.255	0.8	NonTarget	1	398051
1990.34	0.8	NonTarget	1	398068
1990.425	0.8	NonTarget	1	398085
1990.51	0.8	NonTarget	1	398102
1990.595	0.8	NonTarget	1	398119
1990.995	0.8	NonTarget	1	398199
1991.075	0.8	NonTarget	1	398215
1991.16	0.8	NonTarget	1	398232
1991.245	0.8	NonTarget	1	398249
1991.33	0.8	NonTarget	1	398266
1991.41	0.8	NonTarget	1	398282
1991.495	0.8	NonTarget	1	398299
1991.575	0.8	NonTarget	1	398315
1991.66	0.8	NonTarget	1	398332
1991.745	0.8	NonTarget	1	398349
1991.83	0.8	NonTarget	1	398366
1991.91	0.8	NonTarget	1	398382
1991.995	0.8	Target	2	398399
1992.075	0.8	NonTarget	1	398415
1992.16	0.8	NonTarget	1	398432
1992.245	0.8	NonTarget	1	398449
1992.33	0.8	NonTarget	1	398466
1992.415	0.8	NonTarget	1	398483
1992.495	0.8	NonTarget	1	398499
1992.58	0.8	NonTarget	1	398516
1992.66	0.8	NonTarget	1	398532
1992.745	0.8	NonTarget	1	398549
1992.83	0.8	NonTarget	1	398566
1992.915	0.8	NonTarget	1	398583
1992.995	0.8	NonTarget	1	398599
1993.08	0.8	NonTarget	1	398616
1993.16	0.8	NonTarget	1	398632
1993.245	0.8	NonTarget	1	398649
1993.33	0.8	NonTarget	1	398666
1993.41	0.8	NonTarget	1	398682
1993.815	0.8	NonTarget	1	398763
1993.9	0.8	NonTarget	1	398780
1993.98	0.8	NonTarget	1	398796
1994.065	0.8	NonTarget	1	398813
1994.145	0.8	NonTarget	1	398829
1994.23	0.8	NonTarget	1	398846
1994.31	0.8	NonTarget	1	398862
1994.4	0.8	NonTarget	1	398880
1994.48	0.8	NonTarget	1	398896
1994.565	0.8	NonTarget	1	398913
1994.65	0.8	NonTarget	1	398930
1994.73	0.8	NonTarget	1	398946
1994.815	0.8	Target	2	398963
1994.9	0.8	NonTarget	1	398980
1994.98	0.8	NonTarget	1	398996
1995.065	0.8	NonTarget	1	399013
1995.15	0.8	NonTarget	1	399030
1995.235	0.8	NonTarget	1	399047
1995.315	0.8	NonTarget	1	399063
1995.4	0.8	NonTarget	1	399080
1995.48	0.8	NonTarget	1	399096
1995.565	0.8	NonTarget	1	399113
1995.65	0.8	NonTarget	1	399130
1995.735	0.8	NonTarget	1	399147
1995.815	0.8	NonTarget	1	399163
1995.9	0.8	NonTarget	1	399180
1995.985	0.8	NonTarget	1	399197
1996.07	0.8	NonTarget	1	399214
1996.15	0.8	NonTarget	1	399230
1996.235	0.8	NonTarget	1	399247
1996.63	0.8	NonTarget	1	399326
1996.715	0.8	NonTarget	1	399343
1996.8	0.8	NonTarget	1	399360
1996.885	0.8	NonTarget	1	399377
1996.965	0.8	NonTarget	1	399393
1997.05	0.8	NonTarget	1	399410
1997.135	0.8	NonTarget	1	399427
1997.22	0.8	NonTarget	1	399444
1997.3	0.8	NonTarget	1	399460
1997.385	0.8	NonTarget	1	399477
1997.47	0.8	NonTarget	1	399494
1997.55	0.8	NonTarget	1	399510
1997.635	0.8	NonTarget	1	399527
1997.72	0.8	NonTarget	1	399544
1997.8	0.8	NonTarget	1	399560
1997.885	0.8	NonTarget	1	399577
1997.97	0.8	NonTarget	1	399594
1998.05	0.8	NonTarget	1	399610
1998.135	0.8	NonTarget	1	399627
1998.22	0.8	NonTarget	1	399644
1998.305	0.8	NonTarget	1	399661
1998.385	0.8	NonTarget	1	399677
1998.47	0.8	Target	2	399694
1998.555	0.8	NonTarget	1	399711
1998.64	0.8	NonTarget	1	399728
1998.72	0.8	NonTarget	1	399744
1998.805	0.8	NonTarget	1	399761
1998.89	0.8	NonTarget	1	399778
1998.97	0.8	NonTarget	1	399794
1999.055	0.8	NonTarget	1	399811
1999.455	0.8	NonTarget	1	399891
1999.54	0.8	NonTarget	1	399908
1999.625	0.8	NonTarget	1	399925
1999.705	0.8	NonTarget	1	399941
1999.79	0.8	NonTarget	1	399958
1999.87	0.8	NonTarget	1	399974
1999.955	0.8	NonTarget	1	399991
2000.035	0.8	NonTarget	1	400007
2000.125	0.8	NonTarget	1	400025
2000.205	0.8	NonTarget	1	400041
2000.29	0.8	NonTarget	1	400058
2000.375	0.8	NonTarget	1	400075
2000.455	0.8	NonTarget	1	400091
2000.54	0.8	NonTarget	1	400108
2000.625	0.8	NonTarget	1	400125
2000.71	0.8	NonTarget	1	400142
2000.79	0.8	NonTarget	1	400158
2000.875	0.8	NonTarget	1	400175
2000.955	0.8	NonTarget	1	400191
2001.04	0.8	NonTarget	1	400208
2001.12	0.8	NonTarget	1	400224
2001.205	0.8	NonTarget	1	400241
2001.29	0.8	NonTarget	1	400258
2001.375	0.8	NonTarget	1	400275
2001.455	0.8	NonTarget	1	400291
2001.54	0.8	NonTarget	1	400308
2001.625	0.8	NonTarget	1	400325
2001.705	0.8	Target	2	400341
2001.79	0.8	NonTarget	1	400358
2001.875	0.8	NonTarget	1	400375
2002.275	0.8	NonTarget	1	400455
2002.36	0.8	NonTarget	1	400472
2002.44	0.8	NonTarget	1	400488
2002.525	0.8	NonTarget	1	400505
2002.61	0.8	NonTarget	1	400522
2002.69	0.8	NonTarget	1	400538
2002.775	0.8	NonTarget	1	400555
2002.86	0.8	NonTarget	1	400572
2002.945	0.8	NonTarget	1	400589
2003.025	0.8	NonTarget	1	400605
2003.11	0.8	NonTarget	1	400622
2003.195	0.8	NonTarget	1	400639
2003.275	0.8	NonTarget	1	400655
2003.36	0.8	NonTarget	1	400672
2003.445	0.8	NonTarget	1	400689
2003.525	0.8	NonTarget	1	400705
2003.61	0.8	NonTarget	1	400722
2003.695	0.8	NonTarget	1	400739
2003.775	0.8	NonTarget	1	400755
2003.86	0.8	NonTarget	1	400772
2003.945	0.8	NonTarget	1	400789
2004.03	0.8	NonTarget	1	400806
2004.11	0.8	Target	2	400822
2004.195	0.8	NonTarget	1	400839
2004.28	0.8	NonTarget	1	400856
2004.36	0.8	NonTarget	1	400872
2004.445	0.8	NonTarget	1	400889
2004.53	0.8	NonTarget	1	400906
2004.61	0.8	NonTarget	1	400922
2004.695	0.8	NonTarget	1	400939
2005.095	0.8	NonTarget	1	401019
2005.18	0.8	NonTarget	1	401036
2005.265	0.8	NonTarget	1	401053
2005.345	0.8	NonTarget	1	401069
2005.43	0.8	NonTarget	1	401086
2005.515	0.8	NonTarget	1	401103
2005.595	0.8	NonTarget	1	401119
2005.68	0.8	NonTarget	1	401136
2005.765	0.8	NonTarget	1	401153
2005.845	0.8	NonTarget	1	401169
2005.93	0.8	NonTarget	1	401186
2006.015	0.8	NonTarget	1	401203
2006.095	0.8	NonTarget	1	401219
2006.18	0.8	NonTarget	1	401236
2006.265	0.8	NonTarget	1	401253
2006.35	0.8	NonTarget	1	401270
2006.43	0.8	NonTarget	1	401286
2006.515	0.8	NonTarget	1	401303
2006.6	0.8	NonTarget	1	401320
2006.68	0.8	NonTarget	1	401336
2006.765	0.8	NonTarget	1	401353
2006.85	0.8	NonTarget	1	401370
2006.93	0.8	Target	2	401386
2007.015	0.8	NonTarget	1	401403
2007.095	0.8	NonTarget	1	401419
2007.185	0.8	NonTarget	1	401437
2007.265	0.8	NonTarget	1	401453
2007.35	0.8	NonTarget	1	401470
2007.435	0.8	NonTarget	1	401487
2007.515	0.8	NonTarget	1	401503
2007.915	0.8	NonTarget	1	401583
2008.0	0.8	NonTarget	1	401600
2008.085	0.8	NonTarget	1	401617
2008.165	0.8	NonTarget	1	401633
2008.25	0.8	NonTarget	1	401650
2008.335	0.8	NonTarget	1	401667
2008.415	0.8	NonTarget	1	401683
2008.5	0.8	NonTarget	1	401700
2008.585	0.8	NonTarget	1	401717
2008.67	0.8	NonTarget	1	401734
2008.75	0.8	NonTarget	1	401750
2008.835	0.8	NonTarget	1	401767
2008.915	0.8	NonTarget	1	401783
2009.005	0.8	NonTarget	1	401801
2009.085	0.8	NonTarget	1	401817
2009.165	0.8	NonTarget	1	401833
2009.25	0.8	NonTarget	1	401850
2009.335	0.8	Target	2	401867
2009.42	0.8	NonTarget	1	401884
2009.5	0.8	NonTarget	1	401900
2009.585	0.8	NonTarget	1	401917
2009.67	0.8	NonTarget	1	401934
2009.755	0.8	NonTarget	1	401951
2009.835	0.8	NonTarget	1	401967
2009.92	0.8	NonTarget	1	401984
2010.005	0.8	NonTarget	1	402001
2010.085	0.8	NonTarget	1	402017
2010.17	0.8	NonTarget	1	402034
2010.255	0.8	NonTarget	1	402051
2010.34	0.8	NonTarget	1	402068
2010.735	0.8	NonTarget	1	402147
2010.82	0.8	NonTarget	1	402164
2010.905	0.8	NonTarget	1	402181
2010.985	0.8	NonTarget	1	402197
2011.07	0.8	NonTarget	1	402214
2011.155	0.8	NonTarget	1	402231
2011.24	0.8	NonTarget	1	402248
2011.32	0.8	NonTarget	1	402264
2011.405	0.8	NonTarget	1	402281
2011.485	0.8	NonTarget	1	402297
2011.57	0.8	NonTarget	1	402314
2011.655	0.8	NonTarget	1	402331
2011.74	0.8	NonTarget	1	402348
2011.825	0.8	NonTarget	1	402365
2011.905	0.8	NonTarget	1	402381
2011.99	0.8	NonTarget	1	402398
2012.075	0.8	NonTarget	1	402415
2012.155	0.8	NonTarget	1	402431
2012.24	0.8	NonTarget	1	402448
2012.325	0.8	NonTarget	1	402465
2012.405	0.8	NonTarget	1	402481
2012.49	0.8	NonTarget	1	402498
2012.57	0.8	NonTarget	1	402514
2012.655	0.8	NonTarget	1	402531
2012.74	0.8	NonTarget	1	402548
2012.825	0.8	NonTarget	1	402565
2012.91	0.8	NonTarget	1	402582
2012.99	0.8	Target	2	402598
2013.075	0.8	NonTarget	1	402615
2013.16	0.8	NonTarget	1	402632
2013.56	0.8	NonTarget	1	402712
2013.64	0.8	NonTarget	1	402728
2013.725	0.8	NonTarget	1	402745
2013.81	0.8	NonTarget	1	402762
2013.89	0.8	NonTarget	1	402778
2013.975	0.8	NonTarget	1	402795
2014.055	0.8	NonTarget	1	402811
2014.14	0.8	NonTarget	1	402828
2014.225	0.8	NonTarget	1	402845
2014.31	0.8	NonTarget	1	402862
2014.39	0.8	NonTarget	1	402878
2014.475	0.8	NonTarget	1	402895
2014.56	0.8	NonTarget	1	402912
2014.64	0.8	NonTarget	1	402928
2014.725	0.8	NonTarget	1	402945
2014.81	0.8	NonTarget	1	402962
2014.89	0.8	NonTarget	1	402978
2014.975	0.8	Target	2	402995
2015.06	0.8	NonTarget	1	403012
2015.145	0.8	NonTarget	1	403029
2015.225	0.8	NonTarget	1	403045
2015.31	0.8	NonTarget	1	403062
2015.395	0.8	NonTarget	1	403079
2015.475	0.8	NonTarget	1	403095
2015.56	0.8	NonTarget	1	403112
2015.645	0.8	NonTarget	1	403129
2015.725	0.8	NonTarget	1	403145
2015.81	0.8	NonTarget	1	403162
2015.895	0.8	NonTarget	1	403179
2015.975	0.8	NonTarget	1	403195
2025.16	0.8	NonTarget	1	405032
2025.24	0.8	NonTarget	1	405048
2025.325	0.8	NonTarget	1	405065
2025.41	0.8	NonTarget	1	405082
2025.49	0.8	NonTarget	1	405098
2025.575	0.8	NonTarget	1	405115
2025.66	0.8	NonTarget	1	405132
2025.74	0.8	NonTarget	1	405148
2025.825	0.8	NonTarget	1	405165
2025.91	0.8	NonTarget	1	405182
2025.995	0.8	NonTarget	1	405199
2026.075	0.8	NonTarget	1	405215
2026.16	0.8	NonTarget	1	405232
2026.245	0.8	NonTarget	1	405249
2026.325	0.8	NonTarget	1	405265
2026.41	0.8	NonTarget	1	405282
2026.49	0.8	NonTarget	1	405298
2026.575	0.8	NonTarget	1	405315
2026.66	0.8	NonTarget	1	405332
2026.745	0.8	NonTarget	1	405349
2026.83	0.8	NonTarget	1	405366
2026.91	0.8	NonTarget	1	405382
2026.995	0.8	NonTarget	1	405399
2027.075	0.8	NonTarget	1	405415
2027.16	0.8	NonTarget	1	405432
2027.245	0.8	Target	2	405449
2027.325	0.8	NonTarget	1	405465
2027.41	0.8	NonTarget	1	405482
2027.495	0.8	NonTarget	1	405499
2027.58	0.8	NonTarget	1	405516
2027.98	0.8	NonTarget	1	405596
2028.065	0.8	NonTarget	1	405613
2028.145	0.8	NonTarget	1	405629
2028.23	0.8	NonTarget	1	405646
2028.31	0.8	NonTarget	1	405662
2028.395	0.8	NonTarget	1	405679
2028.48	0.8	NonTarget	1	405696
2028.56	0.8	NonTarget	1	405712
2028.645	0.8	NonTarget	1	405729
2028.73	0.8	NonTarget	1	405746
2028.815	0.8	NonTarget	1	405763
2028.9	0.8	NonTarget	1	405780
2028.98	0.8	NonTarget	1	405796
2029.065	0.8	NonTarget	1	405813
2029.145	0.8	NonTarget	1	405829
2029.23	0.8	NonTarget	1	405846
2029.315	0.8	NonTarget	1	405863
2029.4	0.8	NonTarget	1	405880
2029.48	0.8	NonTarget	1	405896
2029.565	0.8	NonTarget	1	405913
2029.645	0.8	NonTarget	1	405929
2029.73	0.8	NonTarget	1	405946
2029.815	0.8	NonTarget	1	405963
2029.9	0.8	NonTarget	1	405980
2029.98	0.8	NonTarget	1	405996
2030.065	0.8	Target	2	406013
2030.15	0.8	NonTarget	1	406030
2030.235	0.8	NonTarget	1	406047
2030.315	0.8	NonTarget	1	406063
2030.4	0.8	NonTarget	1	406080
2030.8	0.8	NonTarget	1	406160
2030.88	0.8	NonTarget	1	406176
2030.965	0.8	NonTarget	1	406193
2031.05	0.8	NonTarget	1	406210
2031.13	0.8	NonTarget	1	406226
2031.215	0.8	Target	2	406243
2031.3	0.8	NonTarget	1	406260
2031.38	0.8	NonTarget	1	406276
2031.465	0.8	NonTarget	1	406293
2031.55	0.8	NonTarget	1	406310
2031.635	0.8	NonTarget	1	406327
2031.72	0.8	NonTarget	1	406344
2031.8	0.8	NonTarget	1	406360
2031.885	0.8	NonTarget	1	406377
2031.965	0.8	NonTarget	1	406393
2032.05	0.8	NonTarget	1	406410
2032.135	0.8	NonTarget	1	406427
2032.215	0.8	NonTarget	1	406443
2032.3	0.8	NonTarget	1	406460
2032.385	0.8	NonTarget	1	406477
2032.47	0.8	NonTarget	1	406494
2032.555	0.8	NonTarget	1	406511
2032.635	0.8	NonTarget	1	406527
2032.72	0.8	NonTarget	1	406544
2032.805	0.8	NonTarget	1	406561
2032.885	0.8	NonTarget	1	406577
2032.97	0.8	NonTarget	1	406594
2033.05	0.8	NonTarget	1	406610
2033.135	0.8	NonTarget	1	406627
2033.22	0.8	NonTarget	1	406644
2033.62	0.8	NonTarget	1	406724
2033.705	0.8	NonTarget	1	406741
2033.785	0.8	NonTarget	1	406757
2033.87	0.8	NonTarget	1	406774
2033.95	0.8	NonTarget	1	406790
2034.035	0.8	NonTarget	1	406807
2034.12	0.8	NonTarget	1	406824
2034.205	0.8	NonTarget	1	406841
2034.285	0.8	NonTarget	1	406857
2034.37	0.8	NonTarget	1	406874
2034.455	0.8	NonTarget	1	406891
2034.535	0.8	NonTarget	1	406907
2034.62	0.8	NonTarget	1	406924
2034.705	0.8	NonTarget	1	406941
2034.79	0.8	NonTarget	1	406958
2034.87	0.8	NonTarget	1	406974
2034.955	0.8	NonTarget	1	406991
2035.035	0.8	NonTarget	1	407007
2035.125	0.8	NonTarget	1	407025
2035.205	0.8	NonTarget	1	407041
2035.29	0.8	Target	2	407058
2035.37	0.8	NonTarget	1	407074
2035.455	0.8	NonTarget	1	407091
2035.54	0.8	NonTarget	1	407108
2035.625	0.8	NonTarget	1	407125
2035.705	0.8	NonTarget	1	407141
2035.79	0.8	NonTarget	1	407158
2035.875	0.8	NonTarget	1	407175
2035.955	0.8	NonTarget	1	407191
2036.04	0.8	NonTarget	1	407208
2036.44	0.8	Target	2	407288
2036.525	0.8	NonTarget	1	407305
2036.605	0.8	NonTarget	1	407321
2036.69	0.8	NonTarget	1	407338
2036.775	0.8	NonTarget	1	407355
2036.855	0.8	NonTarget	1	407371
2036.94	0.8	NonTarget	1	407388
2037.025	0.8	NonTarget	1	407405
2037.11	0.8	NonTarget	1	407422
2037.19	0.8	NonTarget	1	407438
2037.275	0.8	NonTarget	1	407455
2037.36	0.8	NonTarget	1	407472
2037.44	0.8	NonTarget	1	407488
2037.525	0.8	NonTarget	1	407505
2037.61	0.8	NonTarget	1	407522
2037.69	0.8	NonTarget	1	407538
2037.775	0.8	NonTarget	1	407555
2037.86	0.8	NonTarget	1	407572
2037.945	0.8	NonTarget	1	407589
2038.025	0.8	NonTarget	1	407605
2038.11	0.8	NonTarget	1	407622
2038.195	0.8	NonTarget	1	407639
2038.275	0.8	NonTarget	1	407655
2038.36	0.8	NonTarget	1	407672
2038.445	0.8	NonTarget	1	407689
2038.525	0.8	NonTarget	1	407705
2038.61	0.8	NonTarget	1	407722
2038.695	0.8	NonTarget	1	407739
2038.775	0.8	NonTarget	1	407755
2038.86	0.8	NonTarget	1	407772
2039.26	0.8	NonTarget	1	407852
2039.345	0.8	NonTarget	1	407869
2039.43	0.8	NonTarget	1	407886
2039.51	0.8	NonTarget	1	407902
2039.595	0.8	NonTarget	1	407919
2039.68	0.8	NonTarget	1	407936
2039.76	0.8	NonTarget	1	407952
2039.845	0.8	NonTarget	1	407969
2039.93	0.8	NonTarget	1	407986
2040.01	0.8	NonTarget	1	408002
2040.095	0.8	NonTarget	1	408019
2040.18	0.8	NonTarget	1	408036
2040.265	0.8	NonTarget	1	408053
2040.35	0.8	NonTarget	1	408070
2040.43	0.8	NonTarget	1	408086
2040.515	0.8	NonTarget	1	408103
2040.595	0.8	NonTarget	1	408119
2040.68	0.8	NonTarget	1	408136
2040.765	0.8	NonTarget	1	408153
2040.845	0.8	NonTarget	1	408169
2040.93	0.8	Target	2	408186
2041.015	0.8	NonTarget	1	408203
2041.095	0.8	NonTarget	1	408219
2041.18	0.8	NonTarget	1	408236
2041.265	0.8	NonTarget	1	408253
2041.35	0.8	NonTarget	1	408270
2041.435	0.8	NonTarget	1	408287
2041.515	0.8	NonTarget	1	408303
2041.6	0.8	NonTarget	1	408320
2041.68	0.8	NonTarget	1	408336
2042.08	0.8	NonTarget	1	408416
2042.165	0.8	NonTarget	1	408433
2042.25	0.8	NonTarget	1	408450
2042.33	0.8	NonTarget	1	408466
2042.415	0.8	NonTarget	1	408483
2042.5	0.8	NonTarget	1	408500
2042.58	0.8	NonTarget	1	408516
2042.665	0.8	NonTarget	1	408533
2042.75	0.8	NonTarget	1	408550
2042.835	0.8	NonTarget	1	408567
2042.915	0.8	NonTarget	1	408583
2043.0	0.8	NonTarget	1	408600
2043.085	0.8	NonTarget	1	408617
2043.165	0.8	NonTarget	1	408633
2043.25	0.8	NonTarget	1	408650
2043.335	0.8	Target	2	408667
2043.415	0.8	NonTarget	1	408683
2043.5	0.8	NonTarget	1	408700
2043.585	0.8	NonTarget	1	408717
2043.665	0.8	NonTarget	1	408733
2043.75	0.8	NonTarget	1	408750
2043.835	0.8	NonTarget	1	408767
2043.915	0.8	NonTarget	1	408783
2044.0	0.8	NonTarget	1	408800
2044.085	0.8	NonTarget	1	408817
2044.165	0.8	NonTarget	1	408833
2044.25	0.8	NonTarget	1	408850
2044.335	0.8	NonTarget	1	408867
2044.42	0.8	NonTarget	1	408884
2044.505	0.8	NonTarget	1	408901
2044.905	0.8	NonTarget	1	408981
2044.985	0.8	NonTarget	1	408997
2045.07	0.8	NonTarget	1	409014
2045.155	0.8	NonTarget	1	409031
2045.24	0.8	NonTarget	1	409048
2045.32	0.8	NonTarget	1	409064
2045.405	0.8	NonTarget	1	409081
2045.485	0.8	NonTarget	1	409097
2045.57	0.8	NonTarget	1	409114
2045.655	0.8	NonTarget	1	409131
2045.735	0.8	NonTarget	1	409147
2045.825	0.8	NonTarget	1	409165
2045.905	0.8	NonTarget	1	409181
2045.99	0.8	NonTarget	1	409198
2046.07	0.8	NonTarget	1	409214
2046.155	0.8	Target	2	409231
2046.24	0.8	NonTarget	1	409248
2046.32	0.8	NonTarget	1	409264
2046.405	0.8	NonTarget	1	409281
2046.485	0.8	NonTarget	1	409297
2046.57	0.8	NonTarget	1	409314
2046.655	0.8	NonTarget	1	409331
2046.735	0.8	NonTarget	1	409347
2046.82	0.8	NonTarget	1	409364
2046.905	0.8	NonTarget	1	409381
2046.99	0.8	NonTarget	1	409398
2047.075	0.8	NonTarget	1	409415
2047.155	0.8	NonTarget	1	409431
2047.24	0.8	NonTarget	1	409448
2047.325	0.8	NonTarget	1	409465
2047.725	0.8	NonTarget	1	409545
2047.805	0.8	NonTarget	1	409561
2047.89	0.8	NonTarget	1	409578
2047.975	0.8	NonTarget	1	409595
2048.055	0.8	NonTarget	1	409611
2048.14	0.8	NonTarget	1	409628
2048.225	0.8	NonTarget	1	409645
2048.305	0.8	NonTarget	1	409661
2048.39	0.8	NonTarget	1	409678
2048.475	0.8	NonTarget	1	409695
2048.56	0.8	NonTarget	1	409712
2048.64	0.8	NonTarget	1	409728
2048.725	0.8	NonTarget	1	409745
2048.805	0.8	NonTarget	1	409761
2048.89	0.8	NonTarget	1	409778
2048.975	0.8	NonTarget	1	409795
2049.06	0.8	NonTarget	1	409812
2049.14	0.8	NonTarget	1	409828
2049.225	0.8	NonTarget	1	409845
2049.31	0.8	NonTarget	1	409862
2049.39	0.8	NonTarget	1	409878
2049.475	0.8	NonTarget	1	409895
2049.56	0.8	NonTarget	1	409912
2049.645	0.8	NonTarget	1	409929
2049.725	0.8	NonTarget	1	409945
2049.81	0.8	Target	2	409962
2049.89	0.8	NonTarget	1	409978
2049.975	0.8	NonTarget	1	409995
2050.06	0.8	NonTarget	1	410012
2050.145	0.8	NonTarget	1	410029
2050.545	0.8	NonTarget	1	410109
2050.625	0.8	NonTarget	1	410125
2050.71	0.8	NonTarget	1	410142
2050.795	0.8	NonTarget	1	410159
2050.88	0.8	NonTarget	1	410176
2050.96	0.8	NonTarget	1	410192
2051.045	0.8	NonTarget	1	410209
2051.13	0.8	NonTarget	1	410226
2051.21	0.8	NonTarget	1	410242
2051.295	0.8	NonTarget	1	410259
2051.375	0.8	NonTarget	1	410275
2051.46	0.8	NonTarget	1	410292
2051.545	0.8	NonTarget	1	410309
2051.63	0.8	NonTarget	1	410326
2051.715	0.8	NonTarget	1	410343
2051.795	0.8	Target	2	410359
2051.88	0.8	NonTarget	1	410376
2051.96	0.8	NonTarget	1	410392
2052.045	0.8	NonTarget	1	410409
2052.13	0.8	NonTarget	1	410426
2052.21	0.8	NonTarget	1	410442
2052.3	0.8	NonTarget	1	410460
2052.38	0.8	NonTarget	1	410476
2052.465	0.8	NonTarget	1	410493
2052.545	0.8	NonTarget	1	410509
2052.63	0.8	NonTarget	1	410526
2052.715	0.8	NonTarget	1	410543
2052.795	0.8	NonTarget	1	410559
2052.88	0.8	NonTarget	1	410576
2052.965	0.8	NonTarget	1	410593
2062.115	0.8	NonTarget	1	412423
2062.195	0.8	NonTarget	1	412439
2062.28	0.8	NonTarget	1	412456
2062.36	0.8	NonTarget	1	412472
2062.445	0.8	NonTarget	1	412489
2062.525	0.8	NonTarget	1	412505
2062.61	0.8	NonTarget	1	412522
2062.695	0.8	NonTarget	1	412539
2062.78	0.8	NonTarget	1	412556
2062.86	0.8	NonTarget	1	412572
2062.945	0.8	NonTarget	1	412589
2063.025	0.8	NonTarget	1	412605
2063.11	0.8	Target	2	412622
2063.2	0.8	NonTarget	1	412640
2063.28	0.8	NonTarget	1	412656
2063.365	0.8	NonTarget	1	412673
2063.445	0.8	NonTarget	1	412689
2063.53	0.8	NonTarget	1	412706
2063.61	0.8	NonTarget	1	412722
2063.695	0.8	NonTarget	1	412739
2063.78	0.8	NonTarget	1	412756
2063.865	0.8	NonTarget	1	412773
2063.945	0.8	NonTarget	1	412789
2064.03	0.8	NonTarget	1	412806
2064.115	0.8	NonTarget	1	412823
2064.195	0.8	NonTarget	1	412839
2064.28	0.8	NonTarget	1	412856
2064.365	0.8	NonTarget	1	412873
2064.445	0.8	NonTarget	1	412889
2064.53	0.8	NonTarget	1	412906
2064.93	0.8	NonTarget	1	412986
2065.015	0.8	NonTarget	1	413003
2065.095	0.8	NonTarget	1	413019
2065.18	0.8	NonTarget	1	413036
2065.265	0.8	NonTarget	1	413053
2065.345	0.8	NonTarget	1	413069
2065.43	0.8	NonTarget	1	413086
2065.515	0.8	NonTarget	1	413103
2065.6	0.8	NonTarget	1	413120
2065.68	0.8	NonTarget	1	413136
2065.765	0.8	NonTarget	1	413153
2065.85	0.8	NonTarget	1	413170
2065.93	0.8	NonTarget	1	413186
2066.015	0.8	NonTarget	1	413203
2066.1	0.8	NonTarget	1	413220
2066.185	0.8	NonTarget	1	413237
2066.27	0.8	NonTarget	1	413254
2066.35	0.8	NonTarget	1	413270
2066.435	0.8	NonTarget	1	413287
2066.515	0.8	NonTarget	1	413303
2066.6	0.8	NonTarget	1	413320
2066.68	0.8	NonTarget	1	413336
2066.765	0.8	Target	2	413353
2066.85	0.8	NonTarget	1	413370
2066.93	0.8	NonTarget	1	413386
2067.015	0.8	NonTarget	1	413403
2067.105	0.8	NonTarget	1	413421
2067.185	0.8	NonTarget	1	413437
2067.27	0.8	NonTarget	1	413454
2067.35	0.8	NonTarget	1	413470
2067.75	0.8	NonTarget	1	413550
2067.835	0.8	NonTarget	1	413567
2067.92	0.8	NonTarget	1	413584
2068.0	0.8	NonTarget	1	413600
2068.085	0.8	NonTarget	1	413617
2068.17	0.8	NonTarget	1	413634
2068.25	0.8	NonTarget	1	413650
2068.335	0.8	NonTarget	1	413667
2068.42	0.8	NonTarget	1	413684
2068.5	0.8	NonTarget	1	413700
2068.585	0.8	NonTarget	1	413717
2068.67	0.8	NonTarget	1	413734
2068.755	0.8	NonTarget	1	413751
2068.835	0.8	NonTarget	1	413767
2068.92	0.8	NonTarget	1	413784
2069.005	0.8	NonTarget	1	413801
2069.085	0.8	NonTarget	1	413817
2069.17	0.8	Target	2	413834
2069.255	0.8	NonTarget	1	413851
2069.335	0.8	NonTarget	1	413867
2069.425	0.8	NonTarget	1	413885
2069.505	0.8	NonTarget	1	413901
2069.585	0.8	NonTarget	1	413917
2069.675	0.8	NonTarget	1	413935
2069.76	0.8	NonTarget	1	413952
2069.84	0.8	NonTarget	1	413968
2069.92	0.8	NonTarget	1	413984
2070.005	0.8	NonTarget	1	414001
2070.09	0.8	NonTarget	1	414018
2070.17	0.8	NonTarget	1	414034
2070.57	0.8	NonTarget	1	414114
2070.655	0.8	NonTarget	1	414131
2070.74	0.8	Target	2	414148
2070.82	0.8	NonTarget	1	414164
2070.905	0.8	NonTarget	1	414181
2070.99	0.8	NonTarget	1	414198
2071.075	0.8	NonTarget	1	414215
2071.155	0.8	NonTarget	1	414231
2071.24	0.8	NonTarget	1	414248
2071.325	0.8	NonTarget	1	414265
2071.405	0.8	NonTarget	1	414281
2071.49	0.8	NonTarget	1	414298
2071.575	0.8	NonTarget	1	414315
2071.655	0.8	NonTarget	1	414331
2071.74	0.8	NonTarget	1	414348
2071.825	0.8	NonTarget	1	414365
2071.905	0.8	NonTarget	1	414381
2071.99	0.8	NonTarget	1	414398
2072.075	0.8	NonTarget	1	414415
2072.155	0.8	NonTarget	1	414431
2072.24	0.8	NonTarget	1	414448
2072.325	0.8	NonTarget	1	414465
2072.405	0.8	NonTarget	1	414481
2072.495	0.8	NonTarget	1	414499
2072.575	0.8	NonTarget	1	414515
2072.66	0.8	NonTarget	1	414532
2072.74	0.8	NonTarget	1	414548
2072.825	0.8	NonTarget	1	414565
2072.91	0.8	NonTarget	1	414582
2072.99	0.8	NonTarget	1	414598
2073.39	0.8	NonTarget	1	414678
2073.475	0.8	NonTarget	1	414695
2073.56	0.8	Target	2	414712
2073.645	0.8	NonTarget	1	414729
2073.725	0.8	NonTarget	1	414745
2073.81	0.8	NonTarget	1	414762
2073.89	0.8	NonTarget	1	414778
2073.975	0.8	NonTarget	1	414795
2074.06	0.8	NonTarget	1	414812
2074.145	0.8	NonTarget	1	414829
2074.23	0.8	NonTarget	1	414846
2074.31	0.8	NonTarget	1	414862
2074.395	0.8	NonTarget	1	414879
2074.48	0.8	NonTarget	1	414896
2074.56	0.8	NonTarget	1	414912
2074.645	0.8	NonTarget	1	414929
2074.73	0.8	NonTarget	1	414946
2074.81	0.8	NonTarget	1	414962
2074.895	0.8	NonTarget	1	414979
2074.98	0.8	NonTarget	1	414996
2075.06	0.8	NonTarget	1	415012
2075.145	0.8	NonTarget	1	415029
2075.23	0.8	NonTarget	1	415046
2075.315	0.8	NonTarget	1	415063
2075.395	0.8	NonTarget	1	415079
2075.48	0.8	NonTarget	1	415096
2075.56	0.8	NonTarget	1	415112
2075.645	0.8	NonTarget	1	415129
2075.73	0.8	NonTarget	1	415146
2075.815	0.8	NonTarget	1	415163
2076.215	0.8	NonTarget	1	415243
2076.295	0.8	NonTarget	1	415259
2076.38	0.8	Target	2	415276
2076.465	0.8	NonTarget	1	415293
2076.545	0.8	NonTarget	1	415309
2076.63	0.8	NonTarget	1	415326
2076.715	0.8	NonTarget	1	415343
2076.795	0.8	NonTarget	1	415359
2076.88	0.8	NonTarget	1	415376
2076.965	0.8	NonTarget	1	415393
2077.045	0.8	NonTarget	1	415409
2077.13	0.8	NonTarget	1	415426
2077.215	0.8	NonTarget	1	415443
2077.3	0.8	NonTarget	1	415460
2077.38	0.8	NonTarget	1	415476
2077.465	0.8	NonTarget	1	415493
2077.55	0.8	NonTarget	1	415510
2077.63	0.8	NonTarget	1	415526
2077.72	0.8	NonTarget	1	415544
2077.8	0.8	NonTarget	1	415560
2077.88	0.8	NonTarget	1	415576
2077.965	0.8	NonTarget	1	415593
2078.05	0.8	NonTarget	1	415610
2078.135	0.8	NonTarget	1	415627
2078.215	0.8	NonTarget	1	415643
2078.3	0.8	NonTarget	1	415660
2078.385	0.8	NonTarget	1	415677
2078.465	0.8	NonTarget	1	415693
2078.55	0.8	NonTarget	1	415710
2078.635	0.8	NonTarget	1	415727
2079.035	0.8	NonTarget	1	415807
2079.115	0.8	NonTarget	1	415823
2079.2	0.8	NonTarget	1	415840
2079.285	0.8	NonTarget	1	415857
2079.365	0.8	NonTarget	1	415873
2079.455	0.8	NonTarget	1	415891
2079.535	0.8	NonTarget	1	415907
2079.62	0.8	NonTarget	1	415924
2079.7	0.8	NonTarget	1	415940
2079.785	0.8	NonTarget	1	415957
2079.87	0.8	NonTarget	1	415974
2079.95	0.8	NonTarget	1	415990
2080.035	0.8	NonTarget	1	416007
2080.12	0.8	NonTarget	1	416024
2080.2	0.8	NonTarget	1	416040
2080.285	0.8	NonTarget	1	416057
2080.37	0.8	NonTarget	1	416074
2080.45	0.8	NonTarget	1	416090
2080.535	0.8	NonTarget	1	416107
2080.62	0.8	NonTarget	1	416124
2080.705	0.8	NonTarget	1	416141
2080.785	0.8	NonTarget	1	416157
2080.87	0.8	Target	2	416174
2080.955	0.8	NonTarget	1	416191
2081.04	0.8	NonTarget	1	416208
2081.12	0.8	NonTarget	1	416224
2081.205	0.8	NonTarget	1	416241
2081.285	0.8	NonTarget	1	416257
2081.37	0.8	NonTarget	1	416274
2081.455	0.8	NonTarget	1	416291
2081.855	0.8	NonTarget	1	416371
2081.935	0.8	NonTarget	1	416387
2082.02	0.8	NonTarget	1	416404
2082.11	0.8	NonTarget	1	416422
2082.19	0.8	NonTarget	1	416438
2082.27	0.8	NonTarget	1	416454
2082.355	0.8	NonTarget	1	416471
2082.44	0.8	NonTarget	1	416488
2082.52	0.8	NonTarget	1	416504
2082.605	0.8	NonTarget	1	416521
2082.69	0.8	NonTarget	1	416538
2082.77	0.8	NonTarget	1	416554
2082.855	0.8	NonTarget	1	416571
2082.94	0.8	NonTarget	1	416588
2083.02	0.8	NonTarget	1	416604
2083.105	0.8	NonTarget	1	416621
2083.19	0.8	NonTarget	1	416638
2083.275	0.8	Target	2	416655
2083.355	0.8	NonTarget	1	416671
2083.44	0.8	NonTarget	1	416688
2083.525	0.8	NonTarget	1	416705
2083.605	0.8	NonTarget	1	416721
2083.69	0.8	NonTarget	1	416738
2083.775	0.8	NonTarget	1	416755
2083.86	0.8	NonTarget	1	416772
2083.94	0.8	NonTarget	1	416788
2084.025	0.8	NonTarget	1	416805
2084.11	0.8	NonTarget	1	416822
2084.19	0.8	NonTarget	1	416838
2084.275	0.8	NonTarget	1	416855
2084.675	0.8	NonTarget	1	416935
2084.76	0.8	NonTarget	1	416952
2084.84	0.8	NonTarget	1	416968
2084.925	0.8	NonTarget	1	416985
2085.01	0.8	NonTarget	1	417002
2085.09	0.8	NonTarget	1	417018
2085.175	0.8	NonTarget	1	417035
2085.26	0.8	NonTarget	1	417052
2085.345	0.8	NonTarget	1	417069
2085.425	0.8	NonTarget	1	417085
2085.515	0.8	NonTarget	1	417103
2085.595	0.8	NonTarget	1	417119
2085.675	0.8	Target	2	417135
2085.76	0.8	NonTarget	1	417152
2085.845	0.8	NonTarget	1	417169
2085.925	0.8	NonTarget	1	417185
2086.01	0.8	NonTarget	1	417202
2086.095	0.8	NonTarget	1	417219
2086.175	0.8	NonTarget	1	417235
2086.26	0.8	NonTarget	1	417252
2086.345	0.8	NonTarget	1	417269
2086.43	0.8	NonTarget	1	417286
2086.515	0.8	NonTarget	1	417303
2086.595	0.8	NonTarget	1	417319
2086.68	0.8	NonTarget	1	417336
2086.76	0.8	NonTarget	1	417352
2086.845	0.8	NonTarget	1	417369
2086.93	0.8	NonTarget	1	417386
2087.01	0.8	NonTarget	1	417402
2087.095	0.8	NonTarget	1	417419
2087.5	0.8	NonTarget	1	417500
2087.58	0.8	NonTarget	1	417516
2087.665	0.8	NonTarget	1	417533
2087.745	0.8	NonTarget	1	417549
2087.83	0.8	NonTarget	1	417566
2087.915	0.8	NonTarget	1	417583
2087.995	0.8	NonTarget	1	417599
2088.08	0.8	NonTarget	1	417616
2088.165	0.8	NonTarget	1	417633
2088.245	0.8	NonTarget	1	417649
2088.33	0.8	NonTarget	1	417666
2088.415	0.8	NonTarget	1	417683
2088.5	0.8	NonTarget	1	417700
2088.58	0.8	NonTarget	1	417716
2088.665	0.8	NonTarget	1	417733
2088.75	0.8	NonTarget	1	417750
2088.83	0.8	NonTarget	1	417766
2088.915	0.8	NonTarget	1	417783
2089.0	0.8	NonTarget	1	417800
2089.08	0.8	NonTarget	1	417816
2089.165	0.8	NonTarget	1	417833
2089.25	0.8	NonTarget	1	417850
2089.335	0.8	NonTarget	1	417867
2089.415	0.8	NonTarget	1	417883
2089.5	0.8	NonTarget	1	417900
2089.58	0.8	NonTarget	1	417916
2089.665	0.8	NonTarget	1	417933
2089.75	0.8	Target	2	417950
2089.835	0.8	NonTarget	1	417967
2089.915	0.8	NonTarget	1	417983
2099.085	0.8	NonTarget	1	419817
2099.16	0.8	NonTarget	1	419832
2099.245	0.8	NonTarget	1	419849
2099.33	0.8	NonTarget	1	419866
2099.415	0.8	NonTarget	1	419883
2099.495	0.8	NonTarget	1	419899
2099.58	0.8	NonTarget	1	419916
2099.66	0.8	NonTarget	1	419932
2099.745	0.8	NonTarget	1	419949
2099.83	0.8	NonTarget	1	419966
2099.915	0.8	NonTarget	1	419983
2099.995	0.8	NonTarget	1	419999
2100.08	0.8	NonTarget	1	420016
2100.165	0.8	NonTarget	1	420033
2100.245	0.8	NonTarget	1	420049
2100.33	0.8	NonTarget	1	420066
2100.415	0.8	NonTarget	1	420083
2100.495	0.8	NonTarget	1	420099
2100.585	0.8	Target	2	420117
2100.665	0.8	NonTarget	1	420133
2100.75	0.8	NonTarget	1	420150
2100.83	0.8	NonTarget	1	420166
2100.915	0.8	NonTarget	1	420183
2101.0	0.8	NonTarget	1	420200
2101.08	0.8	NonTarget	1	420216
2101.165	0.8	NonTarget	1	420233
2101.25	0.8	NonTarget	1	420250
2101.33	0.8	NonTarget	1	420266
2101.415	0.8	NonTarget	1	420283
2101.5	0.8	NonTarget	1	420300
2101.9	0.8	NonTarget	1	420380
2101.985	0.8	NonTarget	1	420397
2102.065	0.8	NonTarget	1	420413
2102.15	0.8	NonTarget	1	420430
2102.235	0.8	NonTarget	1	420447
2102.315	0.8	NonTarget	1	420463
2102.4	0.8	NonTarget	1	420480
2102.485	0.8	NonTarget	1	420497
2102.57	0.8	Target	2	420514
2102.65	0.8	NonTarget	1	420530
2102.735	0.8	NonTarget	1	420547
2102.82	0.8	NonTarget	1	420564
2102.905	0.8	NonTarget	1	420581
2102.985	0.8	NonTarget	1	420597
2103.07	0.8	NonTarget	1	420614
2103.155	0.8	NonTarget	1	420631
2103.235	0.8	NonTarget	1	420647
2103.315	0.8	NonTarget	1	420663
2103.4	0.8	NonTarget	1	420680
2103.485	0.8	NonTarget	1	420697
2103.57	0.8	NonTarget	1	420714
2103.65	0.8	NonTarget	1	420730
2103.735	0.8	NonTarget	1	420747
2103.82	0.8	NonTarget	1	420764
2103.9	0.8	NonTarget	1	420780
2103.985	0.8	NonTarget	1	420797
2104.07	0.8	NonTarget	1	420814
2104.155	0.8	NonTarget	1	420831
2104.235	0.8	NonTarget	1	420847
2104.32	0.8	NonTarget	1	420864
2104.72	0.8	NonTarget	1	420944
2104.805	0.8	NonTarget	1	420961
2104.89	0.8	NonTarget	1	420978
2104.97	0.8	NonTarget	1	420994
2105.055	0.8	NonTarget	1	421011
2105.135	0.8	NonTarget	1	421027
2105.22	0.8	NonTarget	1	421044
2105.305	0.8	NonTarget	1	421061
2105.39	0.8	NonTarget	1	421078
2105.47	0.8	NonTarget	1	421094
2105.555	0.8	NonTarget	1	421111
2105.635	0.8	NonTarget	1	421127
2105.72	0.8	NonTarget	1	421144
2105.805	0.8	Target	2	421161
2105.89	0.8	NonTarget	1	421178
2105.97	0.8	NonTarget	1	421194
2106.055	0.8	NonTarget	1	421211
2106.14	0.8	NonTarget	1	421228
2106.225	0.8	NonTarget	1	421245
2106.31	0.8	NonTarget	1	421262
2106.39	0.8	NonTarget	1	421278
2106.475	0.8	NonTarget	1	421295
2106.555	0.8	NonTarget	1	421311
2106.64	0.8	NonTarget	1	421328
2106.725	0.8	NonTarget	1	421345
2106.805	0.8	NonTarget	1	421361
2106.89	0.8	NonTarget	1	421378
2106.97	0.8	NonTarget	1	421394
2107.055	0.8	NonTarget	1	421411
2107.14	0.8	NonTarget	1	421428
2107.54	0.8	NonTarget	1	421508
2107.625	0.8	NonTarget	1	421525
2107.71	0.8	NonTarget	1	421542
2107.79	0.8	NonTarget	1	421558
2107.875	0.8	NonTarget	1	421575
2107.955	0.8	NonTarget	1	421591
2108.04	0.8	NonTarget	1	421608
2108.125	0.8	NonTarget	1	421625
2108.205	0.8	NonTarget	1	421641
2108.29	0.8	NonTarget	1	421658
2108.375	0.8	NonTarget	1	421675
2108.46	0.8	NonTarget	1	421692
2108.545	0.8	NonTarget	1	421709
2108.625	0.8	NonTarget	1	421725
2108.71	0.8	NonTarget	1	421742
2108.795	0.8	NonTarget	1	421759
2108.875	0.8	NonTarget	1	421775
2108.96	0.8	NonTarget	1	421792
2109.045	0.8	NonTarget	1	421809
2109.125	0.8	NonTarget	1	421825
2109.21	0.8	NonTarget	1	421842
2109.29	0.8	NonTarget	1	421858
2109.375	0.8	NonTarget	1	421875
2109.46	0.8	NonTarget	1	421892
2109.545	0.8	NonTarget	1	421909
2109.63	0.8	NonTarget	1	421926
2109.71	0.8	NonTarget	1	421942
2109.795	0.8	NonTarget	1	421959
2109.88	0.8	Target	2	421976
2109.96	0.8	NonTarget	1	421992
2110.36	0.8	NonTarget	1	422072
2110.445	0.8	NonTarget	1	422089
2110.53	0.8	NonTarget	1	422106
2110.61	0.8	NonTarget	1	422122
2110.695	0.8	NonTarget	1	422139
2110.78	0.8	NonTarget	1	422156
2110.86	0.8	NonTarget	1	422172
2110.945	0.8	NonTarget	1	422189
2111.03	0.8	Target	2	422206
2111.11	0.8	NonTarget	1	422222
2111.195	0.8	NonTarget	1	422239
2111.28	0.8	NonTarget	1	422256
2111.365	0.8	NonTarget	1	422273
2111.445	0.8	NonTarget	1	422289
2111.53	0.8	NonTarget	1	422306
2111.61	0.8	NonTarget	1	422322
2111.695	0.8	NonTarget	1	422339
2111.78	0.8	NonTarget	1	422356
2111.865	0.8	NonTarget	1	422373
2111.95	0.8	NonTarget	1	422390
2112.03	0.8	NonTarget	1	422406
2112.115	0.8	NonTarget	1	422423
2112.2	0.8	NonTarget	1	422440
2112.28	0.8	NonTarget	1	422456
2112.365	0.8	NonTarget	1	422473
2112.45	0.8	NonTarget	1	422490
2112.53	0.8	NonTarget	1	422506
2112.615	0.8	NonTarget	1	422523
2112.7	0.8	NonTarget	1	422540
2112.78	0.8	NonTarget	1	422556
2113.18	0.8	NonTarget	1	422636
2113.265	0.8	NonTarget	1	422653
2113.35	0.8	NonTarget	1	422670
2113.43	0.8	NonTarget	1	422686
2113.515	0.8	NonTarget	1	422703
2113.6	0.8	NonTarget	1	422720
2113.68	0.8	NonTarget	1	422736
2113.77	0.8	NonTarget	1	422754
2113.85	0.8	Target	2	422770
2113.93	0.8	NonTarget	1	422786
2114.015	0.8	NonTarget	1	422803
2114.1	0.8	NonTarget	1	422820
2114.185	0.8	NonTarget	1	422837
2114.27	0.8	NonTarget	1	422854
2114.35	0.8	NonTarget	1	422870
2114.435	0.8	NonTarget	1	422887
2114.515	0.8	NonTarget	1	422903
2114.6	0.8	NonTarget	1	422920
2114.685	0.8	NonTarget	1	422937
2114.765	0.8	NonTarget	1	422953
2114.85	0.8	NonTarget	1	422970
2114.935	0.8	NonTarget	1	422987
2115.02	0.8	NonTarget	1	423004
2115.1	0.8	NonTarget	1	423020
2115.185	0.8	NonTarget	1	423037
2115.27	0.8	NonTarget	1	423054
2115.35	0.8	NonTarget	1	423070
2115.435	0.8	NonTarget	1	423087
2115.52	0.8	NonTarget	1	423104
2115.6	0.8	NonTarget	1	423120
2116.005	0.8	NonTarget	1	423201
2116.085	0.8	NonTarget	1	423217
2116.17	0.8	NonTarget	1	423234
2116.255	0.8	NonTarget	1	423251
2116.335	0.8	NonTarget	1	423267
2116.42	0.8	NonTarget	1	423284
2116.505	0.8	NonTarget	1	423301
2116.585	0.8	NonTarget	1	423317
2116.67	0.8	NonTarget	1	423334
2116.755	0.8	NonTarget	1	423351
2116.84	0.8	NonTarget	1	423368
2116.92	0.8	NonTarget	1	423384
2117.005	0.8	NonTarget	1	423401
2117.09	0.8	Target	2	423418
2117.17	0.8	NonTarget	1	423434
2117.255	0.8	NonTarget	1	423451
2117.34	0.8	NonTarget	1	423468
2117.42	0.8	NonTarget	1	423484
2117.505	0.8	NonTarget	1	423501
2117.59	0.8	NonTarget	1	423518
2117.675	0.8	NonTarget	1	423535
2117.755	0.8	NonTarget	1	423551
2117.84	0.8	NonTarget	1	423568
2117.92	0.8	NonTarget	1	423584
2118.005	0.8	NonTarget	1	423601
2118.09	0.8	NonTarget	1	423618
2118.17	0.8	NonTarget	1	423634
2118.255	0.8	NonTarget	1	423651
2118.34	0.8	NonTarget	1	423668
2118.425	0.8	NonTarget	1	423685
2118.825	0.8	NonTarget	1	423765
2118.905	0.8	NonTarget	1	423781
2118.99	0.8	NonTarget	1	423798
2119.075	0.8	NonTarget	1	423815
2119.155	0.8	NonTarget	1	423831
2119.24	0.8	NonTarget	1	423848
2119.325	0.8	NonTarget	1	423865
2119.405	0.8	NonTarget	1	423881
2119.49	0.8	Target	2	423898
2119.575	0.8	NonTarget	1	423915
2119.66	0.8	NonTarget	1	423932
2119.74	0.8	NonTarget	1	423948
2119.825	0.8	NonTarget	1	423965
2119.91	0.8	NonTarget	1	423982
2119.995	0.8	NonTarget	1	423999
2120.075	0.8	NonTarget	1	424015
2120.16	0.8	NonTarget	1	424032
2120.245	0.8	NonTarget	1	424049
2120.325	0.8	NonTarget	1	424065
2120.41	0.8	NonTarget	1	424082
2120.49	0.8	NonTarget	1	424098
2120.575	0.8	NonTarget	1	424115
2120.66	0.8	NonTarget	1	424132
2120.745	0.8	NonTarget	1	424149
2120.825	0.8	NonTarget	1	424165
2120.91	0.8	NonTarget	1	424182
2120.995	0.8	NonTarget	1	424199
2121.075	0.8	NonTarget	1	424215
2121.16	0.8	NonTarget	1	424232
2121.24	0.8	NonTarget	1	424248
2121.645	0.8	NonTarget	1	424329
2121.725	0.8	NonTarget	1	424345
2121.81	0.8	NonTarget	1	424362
2121.895	0.8	NonTarget	1	424379
2121.98	0.8	NonTarget	1	424396
2122.06	0.8	NonTarget	1	424412
2122.145	0.8	NonTarget	1	424429
2122.23	0.8	NonTarget	1	424446
2122.31	0.8	NonTarget	1	424462
2122.395	0.8	NonTarget	1	424479
2122.48	0.8	NonTarget	1	424496
2122.565	0.8	NonTarget	1	424513
2122.645	0.8	NonTarget	1	424529
2122.73	0.8	NonTarget	1	424546
2122.815	0.8	NonTarget	1	424563
2122.895	0.8	NonTarget	1	424579
2122.98	0.8	NonTarget	1	424596
2123.065	0.8	NonTarget	1	424613
2123.145	0.8	NonTarget	1	424629
2123.23	0.8	NonTarget	1	424646
2123.315	0.8	NonTarget	1	424663
2123.395	0.8	NonTarget	1	424679
2123.48	0.8	NonTarget	1	424696
2123.565	0.8	Target	2	424713
2123.645	0.8	NonTarget	1	424729
2123.73	0.8	NonTarget	1	424746
2123.815	0.8	NonTarget	1	424763
2123.895	0.8	NonTarget	1	424779
2123.98	0.8	NonTarget	1	424796
2124.065	0.8	NonTarget	1	424813
2124.465	0.8	NonTarget	1	424893
2124.55	0.8	NonTarget	1	424910
2124.63	0.8	NonTarget	1	424926
2124.715	0.8	NonTarget	1	424943
2124.8	0.8	NonTarget	1	424960
2124.88	0.8	NonTarget	1	424976
2124.965	0.8	NonTarget	1	424993
2125.05	0.8	NonTarget	1	425010
2125.13	0.8	NonTarget	1	425026
2125.215	0.8	NonTarget	1	425043
2125.3	0.8	NonTarget	1	425060
2125.385	0.8	NonTarget	1	425077
2125.465	0.8	NonTarget	1	425093
2125.55	0.8	NonTarget	1	425110
2125.635	0.8	NonTarget	1	425127
2125.715	0.8	NonTarget	1	425143
2125.8	0.8	NonTarget	1	425160
2125.885	0.8	NonTarget	1	425177
2125.965	0.8	NonTarget	1	425193
2126.05	0.8	NonTarget	1	425210
2126.135	0.8	NonTarget	1	425227
2126.215	0.8	NonTarget	1	425243
2126.3	0.8	NonTarget	1	425260
2126.385	0.8	NonTarget	1	425277
2126.47	0.8	NonTarget	1	425294
2126.55	0.8	NonTarget	1	425310
2126.635	0.8	NonTarget	1	425327
2126.72	0.8	NonTarget	1	425344
2126.805	0.8	Target	2	425361
2126.885	0.8	NonTarget	1	425377
2136.055	0.8	NonTarget	1	427211
2136.13	0.8	NonTarget	1	427226
2136.215	0.8	NonTarget	1	427243
2136.3	0.8	NonTarget	1	427260
2136.38	0.8	NonTarget	1	427276
2136.465	0.8	NonTarget	1	427293
2136.55	0.8	NonTarget	1	427310
2136.63	0.8	NonTarget	1	427326
2136.715	0.8	NonTarget	1	427343
2136.8	0.8	NonTarget	1	427360
2136.88	0.8	NonTarget	1	427376
2136.965	0.8	NonTarget	1	427393
2137.05	0.8	NonTarget	1	427410
2137.135	0.8	NonTarget	1	427427
2137.215	0.8	NonTarget	1	427443
2137.3	0.8	NonTarget	1	427460
2137.38	0.8	NonTarget	1	427476
2137.465	0.8	NonTarget	1	427493
2137.55	0.8	NonTarget	1	427510
2137.635	0.8	NonTarget	1	427527
2137.715	0.8	NonTarget	1	427543
2137.8	0.8	NonTarget	1	427560
2137.88	0.8	NonTarget	1	427576
2137.965	0.8	NonTarget	1	427593
2138.05	0.8	NonTarget	1	427610
2138.135	0.8	NonTarget	1	427627
2138.22	0.8	Target	2	427644
2138.3	0.8	NonTarget	1	427660
2138.385	0.8	NonTarget	1	427677
2138.47	0.8	NonTarget	1	427694
2138.87	0.8	NonTarget	1	427774
2138.95	0.8	NonTarget	1	427790
2139.035	0.8	NonTarget	1	427807
2139.12	0.8	NonTarget	1	427824
2139.205	0.8	NonTarget	1	427841
2139.285	0.8	NonTarget	1	427857
2139.37	0.8	Target	2	427874
2139.45	0.8	NonTarget	1	427890
2139.535	0.8	NonTarget	1	427907
2139.62	0.8	NonTarget	1	427924
2139.705	0.8	NonTarget	1	427941
2139.79	0.8	NonTarget	1	427958
2139.87	0.8	NonTarget	1	427974
2139.955	0.8	NonTarget	1	427991
2140.035	0.8	NonTarget	1	428007
2140.12	0.8	NonTarget	1	428024
2140.2	0.8	NonTarget	1	428040
2140.285	0.8	NonTarget	1	428057
2140.37	0.8	NonTarget	1	428074
2140.455	0.8	NonTarget	1	428091
2140.54	0.8	NonTarget	1	428108
2140.625	0.8	NonTarget	1	428125
2140.705	0.8	NonTarget	1	428141
2140.79	0.8	NonTarget	1	428158
2140.87	0.8	NonTarget	1	428174
2140.955	0.8	NonTarget	1	428191
2141.04	0.8	NonTarget	1	428208
2141.12	0.8	NonTarget	1	428224
2141.205	0.8	NonTarget	1	428241
2141.29	0.8	NonTarget	1	428258
2141.69	0.8	NonTarget	1	428338
2141.77	0.8	NonTarget	1	428354
2141.855	0.8	NonTarget	1	428371
2141.94	0.8	NonTarget	1	428388
2142.025	0.8	NonTarget	1	428405
2142.105	0.8	NonTarget	1	428421
2142.19	0.8	NonTarget	1	428438
2142.275	0.8	NonTarget	1	428455
2142.355	0.8	NonTarget	1	428471
2142.44	0.8	NonTarget	1	428488
2142.525	0.8	NonTarget	1	428505
2142.605	0.8	Target	2	428521
2142.69	0.8	NonTarget	1	428538
2142.775	0.8	NonTarget	1	428555
2142.86	0.8	NonTarget	1	428572
2142.94	0.8	NonTarget	1	428588
2143.025	0.8	NonTarget	1	428605
2143.11	0.8	NonTarget	1	428622
2143.19	0.8	NonTarget	1	428638
2143.275	0.8	NonTarget	1	428655
2143.36	0.8	NonTarget	1	428672
2143.44	0.8	NonTarget	1	428688
2143.525	0.8	NonTarget	1	428705
2143.61	0.8	NonTarget	1	428722
2143.69	0.8	NonTarget	1	428738
2143.775	0.8	NonTarget	1	428755
2143.855	0.8	NonTarget	1	428771
2143.94	0.8	NonTarget	1	428788
2144.03	0.8	NonTarget	1	428806
2144.11	0.8	NonTarget	1	428822
2144.51	0.8	NonTarget	1	428902
2144.595	0.8	NonTarget	1	428919
2144.675	0.8	NonTarget	1	428935
2144.76	0.8	NonTarget	1	428952
2144.845	0.8	NonTarget	1	428969
2144.925	0.8	NonTarget	1	428985
2145.01	0.8	NonTarget	1	429002
2145.095	0.8	NonTarget	1	429019
2145.175	0.8	NonTarget	1	429035
2145.26	0.8	NonTarget	1	429052
2145.345	0.8	NonTarget	1	429069
2145.425	0.8	NonTarget	1	429085
2145.51	0.8	NonTarget	1	429102
2145.595	0.8	NonTarget	1	429119
2145.68	0.8	NonTarget	1	429136
2145.765	0.8	NonTarget	1	429153
2145.845	0.8	NonTarget	1	429169
2145.93	0.8	NonTarget	1	429186
2146.01	0.8	NonTarget	1	429202
2146.095	0.8	NonTarget	1	429219
2146.18	0.8	NonTarget	1	429236
2146.265	0.8	NonTarget	1	429253
2146.345	0.8	NonTarget	1	429269
2146.43	0.8	NonTarget	1	429286
2146.515	0.8	NonTarget	1	429303
2146.6	0.8	NonTarget	1	429320
2146.68	0.8	Target	2	429336
2146.76	0.8	NonTarget	1	429352
2146.845	0.8	NonTarget	1	429369
2146.93	0.8	NonTarget	1	429386
2147.33	0.8	NonTarget	1	429466
2147.415	0.8	Target	2	429483
2147.495	0.8	NonTarget	1	429499
2147.58	0.8	NonTarget	1	429516
2147.665	0.8	NonTarget	1	429533
2147.75	0.8	NonTarget	1	429550
2147.83	0.8	NonTarget	1	429566
2147.915	0.8	NonTarget	1	429583
2148.0	0.8	NonTarget	1	429600
2148.085	0.8	NonTarget	1	429617
2148.165	0.8	NonTarget	1	429633
2148.25	0.8	NonTarget	1	429650
2148.33	0.8	NonTarget	1	429666
2148.415	0.8	NonTarget	1	429683
2148.5	0.8	NonTarget	1	429700
2148.585	0.8	NonTarget	1	429717
2148.67	0.8	NonTarget	1	429734
2148.75	0.8	NonTarget	1	429750
2148.835	0.8	NonTarget	1	429767
2148.915	0.8	NonTarget	1	429783
2149.0	0.8	NonTarget	1	429800
2149.085	0.8	NonTarget	1	429817
2149.165	0.8	NonTarget	1	429833
2149.25	0.8	NonTarget	1	429850
2149.335	0.8	NonTarget	1	429867
2149.415	0.8	NonTarget	1	429883
2149.5	0.8	NonTarget	1	429900
2149.585	0.8	NonTarget	1	429917
2149.67	0.8	NonTarget	1	429934
2149.75	0.8	NonTarget	1	429950
2150.15	0.8	NonTarget	1	430030
2150.235	0.8	Target	2	430047
2150.32	0.8	NonTarget	1	430064
2150.4	0.8	NonTarget	1	430080
2150.485	0.8	NonTarget	1	430097
2150.565	0.8	NonTarget	1	430113
2150.65	0.8	NonTarget	1	430130
2150.735	0.8	NonTarget	1	430147
2150.82	0.8	NonTarget	1	430164
2150.905	0.8	NonTarget	1	430181
2150.99	0.8	NonTarget	1	430198
2151.07	0.8	NonTarget	1	430214
2151.155	0.8	NonTarget	1	430231
2151.235	0.8	NonTarget	1	430247
2151.32	0.8	NonTarget	1	430264
2151.405	0.8	NonTarget	1	430281
2151.485	0.8	NonTarget	1	430297
2151.57	0.8	NonTarget	1	430314
2151.655	0.8	NonTarget	1	430331
2151.735	0.8	NonTarget	1	430347
2151.82	0.8	NonTarget	1	430364
2151.9	0.8	NonTarget	1	430380
2151.99	0.8	NonTarget	1	430398
2152.07	0.8	NonTarget	1	430414
2152.155	0.8	NonTarget	1	430431
2152.24	0.8	NonTarget	1	430448
2152.325	0.8	NonTarget	1	430465
2152.405	0.8	NonTarget	1	430481
2152.49	0.8	NonTarget	1	430498
2152.57	0.8	NonTarget	1	430514
2152.97	0.8	NonTarget	1	430594
2153.055	0.8	NonTarget	1	430611
2153.14	0.8	NonTarget	1	430628
2153.22	0.8	NonTarget	1	430644
2153.305	0.8	NonTarget	1	430661
2153.39	0.8	NonTarget	1	430678
2153.475	0.8	NonTarget	1	430695
2153.555	0.8	NonTarget	1	430711
2153.64	0.8	NonTarget	1	430728
2153.72	0.8	NonTarget	1	430744
2153.805	0.8	NonTarget	1	430761
2153.89	0.8	NonTarget	1	430778
2153.975	0.8	NonTarget	1	430795
2154.06	0.8	NonTarget	1	430812
2154.14	0.8	NonTarget	1	430828
2154.225	0.8	NonTarget	1	430845
2154.31	0.8	NonTarget	1	430862
2154.395	0.8	NonTarget	1	430879
2154.475	0.8	NonTarget	1	430895
2154.555	0.8	NonTarget	1	430911
2154.64	0.8	NonTarget	1	430928
2154.725	0.8	NonTarget	1	430945
2154.81	0.8	NonTarget	1	430962
2154.89	0.8	NonTarget	1	430978
2154.975	0.8	NonTarget	1	430995
2155.06	0.8	NonTarget	1	431012
2155.14	0.8	Target	2	431028
2155.225	0.8	NonTarget	1	431045
2155.31	0.8	NonTarget	1	431062
2155.39	0.8	NonTarget	1	431078
2155.795	0.8	NonTarget	1	431159
2155.875	0.8	NonTarget	1	431175
2155.96	0.8	NonTarget	1	431192
2156.045	0.8	NonTarget	1	431209
2156.125	0.8	NonTarget	1	431225
2156.21	0.8	NonTarget	1	431242
2156.295	0.8	NonTarget	1	431259
2156.38	0.8	NonTarget	1	431276
2156.46	0.8	NonTarget	1	431292
2156.545	0.8	NonTarget	1	431309
2156.63	0.8	NonTarget	1	431326
2156.71	0.8	NonTarget	1	431342
2156.795	0.8	NonTarget	1	431359
2156.875	0.8	NonTarget	1	431375
2156.96	0.8	NonTarget	1	431392
2157.045	0.8	NonTarget	1	431409
2157.13	0.8	NonTarget	1	431426
2157.21	0.8	NonTarget	1	431442
2157.295	0.8	NonTarget	1	431459
2157.38	0.8	NonTarget	1	431476
2157.465	0.8	NonTarget	1	431493
2157.545	0.8	NonTarget	1	431509
2157.63	0.8	NonTarget	1	431526
2157.715	0.8	NonTarget	1	431543
2157.795	0.8	NonTarget	1	431559
2157.88	0.8	NonTarget	1	431576
2157.96	0.8	Target	2	431592
2158.045	0.8	NonTarget	1	431609
2158.13	0.8	NonTarget	1	431626
2158.21	0.8	NonTarget	1	431642
2158.615	0.8	NonTarget	1	431723
2158.695	0.8	NonTarget	1	431739
2158.78	0.8	NonTarget	1	431756
2158.865	0.8	NonTarget	1	431773
2158.945	0.8	NonTarget	1	431789
2159.03	0.8	NonTarget	1	431806
2159.115	0.8	NonTarget	1	431823
2159.195	0.8	NonTarget	1	431839
2159.28	0.8	NonTarget	1	431856
2159.365	0.8	NonTarget	1	431873
2159.445	0.8	NonTarget	1	431889
2159.53	0.8	NonTarget	1	431906
2159.615	0.8	NonTarget	1	431923
2159.7	0.8	NonTarget	1	431940
2159.785	0.8	NonTarget	1	431957
2159.865	0.8	NonTarget	1	431973
2159.95	0.8	Target	2	431990
2160.035	0.8	NonTarget	1	432007
2160.115	0.8	NonTarget	1	432023
2160.2	0.8	NonTarget	1	432040
2160.285	0.8	NonTarget	1	432057
2160.365	0.8	NonTarget	1	432073
2160.445	0.8	NonTarget	1	432089
2160.53	0.8	NonTarget	1	432106
2160.615	0.8	NonTarget	1	432123
2160.7	0.8	NonTarget	1	432140
2160.785	0.8	NonTarget	1	432157
2160.87	0.8	NonTarget	1	432174
2160.95	0.8	NonTarget	1	432190
2161.035	0.8	NonTarget	1	432207
2161.43	0.8	NonTarget	1	432286
2161.515	0.8	Target	2	432303
2161.6	0.8	NonTarget	1	432320
2161.685	0.8	NonTarget	1	432337
2161.765	0.8	NonTarget	1	432353
2161.85	0.8	NonTarget	1	432370
2161.935	0.8	NonTarget	1	432387
2162.02	0.8	NonTarget	1	432404
2162.1	0.8	NonTarget	1	432420
2162.185	0.8	NonTarget	1	432437
2162.27	0.8	NonTarget	1	432454
2162.355	0.8	NonTarget	1	432471
2162.435	0.8	NonTarget	1	432487
2162.52	0.8	NonTarget	1	432504
2162.6	0.8	NonTarget	1	432520
2162.685	0.8	NonTarget	1	432537
2162.765	0.8	NonTarget	1	432553
2162.85	0.8	NonTarget	1	432570
2162.935	0.8	NonTarget	1	432587
2163.02	0.8	NonTarget	1	432604
2163.105	0.8	NonTarget	1	432621
2163.185	0.8	NonTarget	1	432637
2163.27	0.8	NonTarget	1	432654
2163.355	0.8	NonTarget	1	432671
2163.435	0.8	NonTarget	1	432687
2163.52	0.8	NonTarget	1	432704
2163.605	0.8	NonTarget	1	432721
2163.685	0.8	NonTarget	1	432737
2163.77	0.8	NonTarget	1	432754
2163.855	0.8	NonTarget	1	432771
2173.055	0.8	NonTarget	1	434611
2173.135	0.8	NonTarget	1	434627
2173.215	0.8	NonTarget	1	434643
2173.3	0.8	NonTarget	1	434660
2173.385	0.8	NonTarget	1	434677
2173.465	0.8	NonTarget	1	434693
2173.55	0.8	NonTarget	1	434710
2173.635	0.8	Target	2	434727
2173.72	0.8	NonTarget	1	434744
2173.8	0.8	NonTarget	1	434760
2173.885	0.8	NonTarget	1	434777
2173.965	0.8	NonTarget	1	434793
2174.05	0.8	NonTarget	1	434810
2174.135	0.8	NonTarget	1	434827
2174.22	0.8	NonTarget	1	434844
2174.305	0.8	NonTarget	1	434861
2174.385	0.8	NonTarget	1	434877
2174.47	0.8	NonTarget	1	434894
2174.555	0.8	NonTarget	1	434911
2174.635	0.8	NonTarget	1	434927
2174.72	0.8	NonTarget	1	434944
2174.805	0.8	NonTarget	1	434961
2174.885	0.8	NonTarget	1	434977
2174.97	0.8	NonTarget	1	434994
2175.055	0.8	NonTarget	1	435011
2175.135	0.8	NonTarget	1	435027
2175.22	0.8	NonTarget	1	435044
2175.305	0.8	NonTarget	1	435061
2175.385	0.8	NonTarget	1	435077
2175.47	0.8	NonTarget	1	435094
2175.87	0.8	NonTarget	1	435174
2175.955	0.8	NonTarget	1	435191
2176.04	0.8	NonTarget	1	435208
2176.12	0.8	NonTarget	1	435224
2176.205	0.8	NonTarget	1	435241
2176.29	0.8	NonTarget	1	435258
2176.37	0.8	NonTarget	1	435274
2176.455	0.8	NonTarget	1	435291
2176.54	0.8	NonTarget	1	435308
2176.62	0.8	NonTarget	1	435324
2176.705	0.8	NonTarget	1	435341
2176.79	0.8	NonTarget	1	435358
2176.875	0.8	NonTarget	1	435375
2176.955	0.8	NonTarget	1	435391
2177.04	0.8	NonTarget	1	435408
2177.125	0.8	NonTarget	1	435425
2177.205	0.8	NonTarget	1	435441
2177.29	0.8	Target	2	435458
2177.375	0.8	NonTarget	1	435475
2177.455	0.8	NonTarget	1	435491
2177.54	0.8	NonTarget	1	435508
2177.625	0.8	NonTarget	1	435525
2177.705	0.8	NonTarget	1	435541
2177.79	0.8	NonTarget	1	435558
2177.875	0.8	NonTarget	1	435575
2177.96	0.8	NonTarget	1	435592
2178.04	0.8	NonTarget	1	435608
2178.125	0.8	NonTarget	1	435625
2178.205	0.8	NonTarget	1	435641
2178.29	0.8	NonTarget	1	435658
2178.69	0.8	NonTarget	1	435738
2178.775	0.8	NonTarget	1	435755
2178.86	0.8	NonTarget	1	435772
2178.94	0.8	NonTarget	1	435788
2179.025	0.8	NonTarget	1	435805
2179.11	0.8	NonTarget	1	435822
2179.195	0.8	NonTarget	1	435839
2179.275	0.8	NonTarget	1	435855
2179.36	0.8	NonTarget	1	435872
2179.44	0.8	NonTarget	1	435888
2179.525	0.8	NonTarget	1	435905
2179.61	0.8	NonTarget	1	435922
2179.695	0.8	NonTarget	1	435939
2179.775	0.8	NonTarget	1	435955
2179.86	0.8	NonTarget	1	435972
2179.945	0.8	NonTarget	1	435989
2180.03	0.8	NonTarget	1	436006
2180.11	0.8	Target	2	436022
2180.195	0.8	NonTarget	1	436039
2180.275	0.8	NonTarget	1	436055
2180.36	0.8	NonTarget	1	436072
2180.445	0.8	NonTarget	1	436089
2180.525	0.8	NonTarget	1	436105
2180.61	0.8	NonTarget	1	436122
2180.695	0.8	NonTarget	1	436139
2180.78	0.8	NonTarget	1	436156
2180.86	0.8	NonTarget	1	436172
2180.945	0.8	NonTarget	1	436189
2181.03	0.8	NonTarget	1	436206
2181.115	0.8	NonTarget	1	436223
2181.51	0.8	NonTarget	1	436302
2181.595	0.8	NonTarget	1	436319
2181.68	0.8	NonTarget	1	436336
2181.76	0.8	NonTarget	1	436352
2181.85	0.8	NonTarget	1	436370
2181.93	0.8	NonTarget	1	436386
2182.015	0.8	NonTarget	1	436403
2182.1	0.8	NonTarget	1	436420
2182.18	0.8	NonTarget	1	436436
2182.265	0.8	NonTarget	1	436453
2182.345	0.8	NonTarget	1	436469
2182.43	0.8	NonTarget	1	436486
2182.515	0.8	NonTarget	1	436503
2182.6	0.8	NonTarget	1	436520
2182.68	0.8	NonTarget	1	436536
2182.765	0.8	NonTarget	1	436553
2182.845	0.8	NonTarget	1	436569
2182.93	0.8	NonTarget	1	436586
2183.015	0.8	NonTarget	1	436603
2183.1	0.8	NonTarget	1	436620
2183.18	0.8	NonTarget	1	436636
2183.265	0.8	NonTarget	1	436653
2183.35	0.8	Target	2	436670
2183.43	0.8	NonTarget	1	436686
2183.515	0.8	NonTarget	1	436703
2183.6	0.8	NonTarget	1	436720
2183.68	0.8	NonTarget	1	436736
2183.765	0.8	NonTarget	1	436753
2183.85	0.8	NonTarget	1	436770
2183.93	0.8	NonTarget	1	436786
2184.33	0.8	NonTarget	1	436866
2184.415	0.8	NonTarget	1	436883
2184.5	0.8	NonTarget	1	436900
2184.585	0.8	NonTarget	1	436917
2184.665	0.8	NonTarget	1	436933
2184.75	0.8	NonTarget	1	436950
2184.835	0.8	NonTarget	1	436967
2184.915	0.8	NonTarget	1	436983
2185.0	0.8	NonTarget	1	437000
2185.085	0.8	NonTarget	1	437017
2185.165	0.8	NonTarget	1	437033
2185.25	0.8	NonTarget	1	437050
2185.335	0.8	NonTarget	1	437067
2185.415	0.8	NonTarget	1	437083
2185.5	0.8	NonTarget	1	437100
2185.585	0.8	NonTarget	1	437117
2185.67	0.8	NonTarget	1	437134
2185.75	0.8	Target	2	437150
2185.835	0.8	NonTarget	1	437167
2185.92	0.8	NonTarget	1	437184
2186.0	0.8	NonTarget	1	437200
2186.085	0.8	NonTarget	1	437217
2186.17	0.8	NonTarget	1	437234
2186.25	0.8	NonTarget	1	437250
2186.335	0.8	NonTarget	1	437267
2186.42	0.8	NonTarget	1	437284
2186.505	0.8	NonTarget	1	437301
2186.585	0.8	NonTarget	1	437317
2186.67	0.8	NonTarget	1	437334
2186.755	0.8	NonTarget	1	437351
2187.155	0.8	NonTarget	1	437431
2187.24	0.8	NonTarget	1	437448
2187.32	0.8	NonTarget	1	437464
2187.405	0.8	NonTarget	1	437481
2187.485	0.8	NonTarget	1	437497
2187.57	0.8	NonTarget	1	437514
2187.65	0.8	NonTarget	1	437530
2187.735	0.8	NonTarget	1	437547
2187.82	0.8	NonTarget	1	437564
2187.905	0.8	NonTarget	1	437581
2187.99	0.8	NonTarget	1	437598
2188.07	0.8	NonTarget	1	437614
2188.155	0.8	NonTarget	1	437631
2188.24	0.8	NonTarget	1	437648
2188.325	0.8	NonTarget	1	437665
2188.405	0.8	NonTarget	1	437681
2188.49	0.8	NonTarget	1	437698
2188.57	0.8	Target	2	437714
2188.655	0.8	NonTarget	1	437731
2188.74	0.8	NonTarget	1	437748
2188.825	0.8	NonTarget	1	437765
2188.91	0.8	NonTarget	1	437782
2188.99	0.8	NonTarget	1	437798
2189.075	0.8	NonTarget	1	437815
2189.155	0.8	NonTarget	1	437831
2189.24	0.8	NonTarget	1	437848
2189.325	0.8	NonTarget	1	437865
2189.405	0.8	NonTarget	1	437881
2189.49	0.8	NonTarget	1	437898
2189.575	0.8	NonTarget	1	437915
2189.975	0.8	NonTarget	1	437995
2190.06	0.8	NonTarget	1	438012
2190.14	0.8	Target	2	438028
2190.225	0.8	NonTarget	1	438045
2190.31	0.8	NonTarget	1	438062
2190.39	0.8	NonTarget	1	438078
2190.475	0.8	NonTarget	1	438095
2190.56	0.8	NonTarget	1	438112
2190.64	0.8	NonTarget	1	438128
2190.725	0.8	NonTarget	1	438145
2190.81	0.8	NonTarget	1	438162
2190.895	0.8	NonTarget	1	438179
2190.975	0.8	NonTarget	1	438195
2191.06	0.8	NonTarget	1	438212
2191.14	0.8	NonTarget	1	438228
2191.23	0.8	NonTarget	1	438246
2191.31	0.8	NonTarget	1	438262
2191.395	0.8	NonTarget	1	438279
2191.48	0.8	NonTarget	1	438296
2191.56	0.8	NonTarget	1	438312
2191.64	0.8	NonTarget	1	438328
2191.73	0.8	NonTarget	1	438346
2191.81	0.8	NonTarget	1	438362
2191.895	0.8	NonTarget	1	438379
2191.975	0.8	NonTarget	1	438395
2192.06	0.8	NonTarget	1	438412
2192.145	0.8	NonTarget	1	438429
2192.23	0.8	NonTarget	1	438446
2192.31	0.8	NonTarget	1	438462
2192.395	0.8	NonTarget	1	438479
2192.795	0.8	NonTarget	1	438559
2192.88	0.8	NonTarget	1	438576
2192.96	0.8	NonTarget	1	438592
2193.045	0.8	NonTarget	1	438609
2193.13	0.8	NonTarget	1	438626
2193.21	0.8	NonTarget	1	438642
2193.295	0.8	NonTarget	1	438659
2193.38	0.8	NonTarget	1	438676
2193.46	0.8	NonTarget	1	438692
2193.545	0.8	NonTarget	1	438709
2193.63	0.8	NonTarget	1	438726
2193.715	0.8	NonTarget	1	438743
2193.795	0.8	NonTarget	1	438759
2193.88	0.8	NonTarget	1	438776
2193.96	0.8	NonTarget	1	438792
2194.045	0.8	NonTarget	1	438809
2194.13	0.8	NonTarget	1	438826
2194.215	0.8	NonTarget	1	438843
2194.3	0.8	NonTarget	1	438860
2194.38	0.8	NonTarget	1	438876
2194.465	0.8	NonTarget	1	438893
2194.545	0.8	NonTarget	1	438909
2194.63	0.8	NonTarget	1	438926
2194.715	0.8	NonTarget	1	438943
2194.8	0.8	NonTarget	1	438960
2194.88	0.8	NonTarget	1	438976
2194.965	0.8	NonTarget	1	438993
2195.05	0.8	Target	2	439010
2195.13	0.8	NonTarget	1	439026
2195.215	0.8	NonTarget	1	439043
2195.615	0.8	NonTarget	1	439123
2195.7	0.8	NonTarget	1	439140
2195.785	0.8	NonTarget	1	439157
2195.865	0.8	NonTarget	1	439173
2195.95	0.8	NonTarget	1	439190
2196.03	0.8	NonTarget	1	439206
2196.115	0.8	NonTarget	1	439223
2196.2	0.8	NonTarget	1	439240
2196.285	0.8	NonTarget	1	439257
2196.365	0.8	NonTarget	1	439273
2196.45	0.8	NonTarget	1	439290
2196.53	0.8	NonTarget	1	439306
2196.615	0.8	NonTarget	1	439323
2196.7	0.8	NonTarget	1	439340
2196.785	0.8	NonTarget	1	439357
2196.87	0.8	NonTarget	1	439374
2196.955	0.8	NonTarget	1	439391
2197.035	0.8	Target	2	439407
2197.12	0.8	NonTarget	1	439424
2197.2	0.8	NonTarget	1	439440
2197.285	0.8	NonTarget	1	439457
2197.37	0.8	NonTarget	1	439474
2197.45	0.8	NonTarget	1	439490
2197.535	0.8	NonTarget	1	439507
2197.62	0.8	NonTarget	1	439524
2197.7	0.8	NonTarget	1	439540
2197.79	0.8	NonTarget	1	439558
2197.87	0.8	NonTarget	1	439574
2197.955	0.8	NonTarget	1	439591
2198.035	0.8	NonTarget	1	439607
2198.435	0.8	NonTarget	1	439687
2198.52	0.8	NonTarget	1	439704
2198.605	0.8	NonTarget	1	439721
2198.685	0.8	NonTarget	1	439737
2198.77	0.8	NonTarget	1	439754
2198.855	0.8	NonTarget	1	439771
2198.935	0.8	NonTarget	1	439787
2199.02	0.8	NonTarget	1	439804
2199.105	0.8	NonTarget	1	439821
2199.185	0.8	NonTarget	1	439837
2199.275	0.8	NonTarget	1	439855
2199.355	0.8	NonTarget	1	439871
2199.44	0.8	NonTarget	1	439888
2199.52	0.8	NonTarget	1	439904
2199.605	0.8	NonTarget	1	439921
2199.69	0.8	NonTarget	1	439938
2199.77	0.8	NonTarget	1	439954
2199.855	0.8	Target	2	439971
2199.94	0.8	NonTarget	1	439988
2200.025	0.8	NonTarget	1	440005
2200.105	0.8	NonTarget	1	440021
2200.19	0.8	NonTarget	1	440038
2200.275	0.8	NonTarget	1	440055
2200.355	0.8	NonTarget	1	440071
2200.44	0.8	NonTarget	1	440088
2200.52	0.8	NonTarget	1	440104
2200.605	0.8	NonTarget	1	440121
2200.69	0.8	NonTarget	1	440138
2200.775	0.8	NonTarget	1	440155
2200.855	0.8	NonTarget	1	440171
2210.04	0.8	NonTarget	1	442008
2210.12	0.8	NonTarget	1	442024
2210.2	0.8	NonTarget	1	442040
2210.285	0.8	NonTarget	1	442057
2210.37	0.8	NonTarget	1	442074
2210.455	0.8	NonTarget	1	442091
2210.535	0.8	NonTarget	1	442107
2210.62	0.8	NonTarget	1	442124
2210.705	0.8	NonTarget	1	442141
2210.785	0.8	NonTarget	1	442157
2210.87	0.8	NonTarget	1	442174
2210.955	0.8	NonTarget	1	442191
2211.04	0.8	NonTarget	1	442208
2211.12	0.8	NonTarget	1	442224
2211.205	0.8	NonTarget	1	442241
2211.29	0.8	NonTarget	1	442258
2211.37	0.8	NonTarget	1	442274
2211.455	0.8	Target	2	442291
2211.54	0.8	NonTarget	1	442308
2211.62	0.8	NonTarget	1	442324
2211.705	0.8	NonTarget	1	442341
2211.79	0.8	NonTarget	1	442358
2211.87	0.8	NonTarget	1	442374
2211.955	0.8	NonTarget	1	442391
2212.04	0.8	NonTarget	1	442408
2212.12	0.8	NonTarget	1	442424
2212.205	0.8	NonTarget	1	442441
2212.29	0.8	NonTarget	1	442458
2212.375	0.8	NonTarget	1	442475
2212.455	0.8	NonTarget	1	442491
2212.855	0.8	NonTarget	1	442571
2212.94	0.8	NonTarget	1	442588
2213.025	0.8	NonTarget	1	442605
2213.105	0.8	NonTarget	1	442621
2213.19	0.8	NonTarget	1	442638
2213.275	0.8	NonTarget	1	442655
2213.355	0.8	NonTarget	1	442671
2213.44	0.8	NonTarget	1	442688
2213.525	0.8	NonTarget	1	442705
2213.61	0.8	NonTarget	1	442722
2213.69	0.8	NonTarget	1	442738
2213.775	0.8	NonTarget	1	442755
2213.86	0.8	NonTarget	1	442772
2213.945	0.8	NonTarget	1	442789
2214.025	0.8	NonTarget	1	442805
2214.11	0.8	NonTarget	1	442822
2214.19	0.8	NonTarget	1	442838
2214.275	0.8	NonTarget	1	442855
2214.36	0.8	NonTarget	1	442872
2214.44	0.8	NonTarget	1	442888
2214.525	0.8	NonTarget	1	442905
2214.61	0.8	NonTarget	1	442922
2214.69	0.8	Target	2	442938
2214.775	0.8	NonTarget	1	442955
2214.86	0.8	NonTarget	1	442972
2214.945	0.8	NonTarget	1	442989
2215.025	0.8	NonTarget	1	443005
2215.11	0.8	NonTarget	1	443022
2215.195	0.8	NonTarget	1	443039
2215.275	0.8	NonTarget	1	443055
2215.675	0.8	NonTarget	1	443135
2215.76	0.8	NonTarget	1	443152
2215.845	0.8	NonTarget	1	443169
2215.93	0.8	NonTarget	1	443186
2216.01	0.8	NonTarget	1	443202
2216.095	0.8	NonTarget	1	443219
2216.18	0.8	NonTarget	1	443236
2216.265	0.8	NonTarget	1	443253
2216.345	0.8	NonTarget	1	443269
2216.43	0.8	NonTarget	1	443286
2216.515	0.8	NonTarget	1	443303
2216.595	0.8	NonTarget	1	443319
2216.68	0.8	NonTarget	1	443336
2216.76	0.8	NonTarget	1	443352
2216.845	0.8	NonTarget	1	443369
2216.93	0.8	NonTarget	1	443386
2217.015	0.8	NonTarget	1	443403
2217.095	0.8	Target	2	443419
2217.18	0.8	NonTarget	1	443436
2217.265	0.8	NonTarget	1	443453
2217.35	0.8	NonTarget	1	443470
2217.43	0.8	NonTarget	1	443486
2217.515	0.8	NonTarget	1	443503
2217.6	0.8	NonTarget	1	443520
2217.68	0.8	NonTarget	1	443536
2217.765	0.8	NonTarget	1	443553
2217.845	0.8	NonTarget	1	443569
2217.93	0.8	NonTarget	1	443586
2218.015	0.8	NonTarget	1	443603
2218.095	0.8	NonTarget	1	443619
2218.5	0.8	NonTarget	1	443700
2218.58	0.8	NonTarget	1	443716
2218.665	0.8	NonTarget	1	443733
2218.75	0.8	NonTarget	1	443750
2218.83	0.8	NonTarget	1	443766
2218.915	0.8	NonTarget	1	443783
2219.0	0.8	NonTarget	1	443800
2219.085	0.8	NonTarget	1	443817
2219.165	0.8	NonTarget	1	443833
2219.25	0.8	NonTarget	1	443850
2219.33	0.8	NonTarget	1	443866
2219.415	0.8	NonTarget	1	443883
2219.5	0.8	Target	2	443900
2219.585	0.8	NonTarget	1	443917
2219.67	0.8	NonTarget	1	443934
2219.75	0.8	NonTarget	1	443950
2219.835	0.8	NonTarget	1	443967
2219.92	0.8	NonTarget	1	443984
2220.0	0.8	NonTarget	1	444000
2220.085	0.8	NonTarget	1	444017
2220.17	0.8	NonTarget	1	444034
2220.25	0.8	NonTarget	1	444050
2220.335	0.8	NonTarget	1	444067
2220.42	0.8	NonTarget	1	444084
2220.5	0.8	NonTarget	1	444100
2220.585	0.8	NonTarget	1	444117
2220.67	0.8	NonTarget	1	444134
2220.75	0.8	NonTarget	1	444150
2220.835	0.8	NonTarget	1	444167
2220.92	0.8	NonTarget	1	444184
2221.32	0.8	NonTarget	1	444264
2221.4	0.8	NonTarget	1	444280
2221.485	0.8	NonTarget	1	444297
2221.57	0.8	NonTarget	1	444314
2221.655	0.8	NonTarget	1	444331
2221.735	0.8	NonTarget	1	444347
2221.82	0.8	NonTarget	1	444364
2221.905	0.8	NonTarget	1	444381
2221.985	0.8	NonTarget	1	444397
2222.07	0.8	NonTarget	1	444414
2222.155	0.8	NonTarget	1	444431
2222.235	0.8	NonTarget	1	444447
2222.32	0.8	NonTarget	1	444464
2222.405	0.8	NonTarget	1	444481
2222.485	0.8	NonTarget	1	444497
2222.57	0.8	NonTarget	1	444514
2222.655	0.8	NonTarget	1	444531
2222.735	0.8	NonTarget	1	444547
2222.82	0.8	NonTarget	1	444564
2222.905	0.8	NonTarget	1	444581
2222.99	0.8	NonTarget	1	444598
2223.07	0.8	NonTarget	1	444614
2223.155	0.8	NonTarget	1	444631
2223.24	0.8	NonTarget	1	444648
2223.32	0.8	NonTarget	1	444664
2223.405	0.8	NonTarget	1	444681
2223.49	0.8	NonTarget	1	444698
2223.57	0.8	Target	2	444714
2223.655	0.8	NonTarget	1	444731
2223.74	0.8	NonTarget	1	444748
2224.14	0.8	NonTarget	1	444828
2224.225	0.8	NonTarget	1	444845
2224.305	0.8	Target	2	444861
2224.39	0.8	NonTarget	1	444878
2224.475	0.8	NonTarget	1	444895
2224.555	0.8	NonTarget	1	444911
2224.64	0.8	NonTarget	1	444928
2224.725	0.8	NonTarget	1	444945
2224.805	0.8	NonTarget	1	444961
2224.89	0.8	NonTarget	1	444978
2224.975	0.8	NonTarget	1	444995
2225.06	0.8	NonTarget	1	445012
2225.14	0.8	NonTarget	1	445028
2225.225	0.8	NonTarget	1	445045
2225.31	0.8	NonTarget	1	445062
2225.39	0.8	NonTarget	1	445078
2225.475	0.8	NonTarget	1	445095
2225.56	0.8	NonTarget	1	445112
2225.64	0.8	NonTarget	1	445128
2225.725	0.8	NonTarget	1	445145
2225.81	0.8	NonTarget	1	445162
2225.89	0.8	NonTarget	1	445178
2225.98	0.8	NonTarget	1	445196
2226.06	0.8	NonTarget	1	445212
2226.14	0.8	NonTarget	1	445228
2226.225	0.8	NonTarget	1	445245
2226.31	0.8	NonTarget	1	445262
2226.395	0.8	NonTarget	1	445279
2226.475	0.8	NonTarget	1	445295
2226.56	0.8	NonTarget	1	445312
2226.96	0.8	NonTarget	1	445392
2227.045	0.8	NonTarget	1	445409
2227.13	0.8	NonTarget	1	445426
2227.21	0.8	NonTarget	1	445442
2227.295	0.8	NonTarget	1	445459
2227.375	0.8	NonTarget	1	445475
2227.46	0.8	NonTarget	1	445492
2227.545	0.8	Target	2	445509
2227.63	0.8	NonTarget	1	445526
2227.71	0.8	NonTarget	1	445542
2227.795	0.8	NonTarget	1	445559
2227.88	0.8	NonTarget	1	445576
2227.96	0.8	NonTarget	1	445592
2228.045	0.8	NonTarget	1	445609
2228.125	0.8	NonTarget	1	445625
2228.21	0.8	NonTarget	1	445642
2228.295	0.8	NonTarget	1	445659
2228.38	0.8	NonTarget	1	445676
2228.465	0.8	NonTarget	1	445693
2228.55	0.8	NonTarget	1	445710
2228.63	0.8	NonTarget	1	445726
2228.715	0.8	NonTarget	1	445743
2228.795	0.8	NonTarget	1	445759
2228.88	0.8	NonTarget	1	445776
2228.965	0.8	NonTarget	1	445793
2229.045	0.8	NonTarget	1	445809
2229.13	0.8	NonTarget	1	445826
2229.215	0.8	NonTarget	1	445843
2229.3	0.8	NonTarget	1	445860
2229.38	0.8	NonTarget	1	445876
2229.78	0.8	NonTarget	1	445956
2229.865	0.8	NonTarget	1	445973
2229.945	0.8	Target	2	445989
2230.03	0.8	NonTarget	1	446006
2230.115	0.8	NonTarget	1	446023
2230.195	0.8	NonTarget	1	446039
2230.28	0.8	NonTarget	1	446056
2230.365	0.8	NonTarget	1	446073
2230.45	0.8	NonTarget	1	446090
2230.53	0.8	NonTarget	1	446106
2230.615	0.8	NonTarget	1	446123
2230.695	0.8	NonTarget	1	446139
2230.785	0.8	NonTarget	1	446157
2230.87	0.8	NonTarget	1	446174
2230.95	0.8	NonTarget	1	446190
2231.035	0.8	NonTarget	1	446207
2231.115	0.8	NonTarget	1	446223
2231.2	0.8	NonTarget	1	446240
2231.285	0.8	NonTarget	1	446257
2231.365	0.8	NonTarget	1	446273
2231.45	0.8	NonTarget	1	446290
2231.535	0.8	NonTarget	1	446307
2231.62	0.8	NonTarget	1	446324
2231.7	0.8	NonTarget	1	446340
2231.785	0.8	NonTarget	1	446357
2231.865	0.8	NonTarget	1	446373
2231.95	0.8	NonTarget	1	446390
2232.035	0.8	NonTarget	1	446407
2232.12	0.8	NonTarget	1	446424
2232.2	0.8	NonTarget	1	446440
2232.6	0.8	NonTarget	1	446520
2232.685	0.8	NonTarget	1	446537
2232.77	0.8	NonTarget	1	446554
2232.85	0.8	NonTarget	1	446570
2232.935	0.8	NonTarget	1	446587
2233.02	0.8	NonTarget	1	446604
2233.1	0.8	NonTarget	1	446620
2233.185	0.8	NonTarget	1	446637
2233.27	0.8	NonTarget	1	446654
2233.35	0.8	NonTarget	1	446670
2233.435	0.8	NonTarget	1	446687
2233.52	0.8	NonTarget	1	446704
2233.605	0.8	NonTarget	1	446721
2233.685	0.8	NonTarget	1	446737
2233.77	0.8	NonTarget	1	446754
2233.85	0.8	NonTarget	1	446770
2233.935	0.8	NonTarget	1	446787
2234.02	0.8	NonTarget	1	446804
2234.105	0.8	NonTarget	1	446821
2234.19	0.8	NonTarget	1	446838
2234.27	0.8	NonTarget	1	446854
2234.355	0.8	NonTarget	1	446871
2234.435	0.8	NonTarget	1	446887
2234.52	0.8	NonTarget	1	446904
2234.605	0.8	NonTarget	1	446921
2234.685	0.8	NonTarget	1	446937
2234.77	0.8	NonTarget	1	446954
2234.855	0.8	Target	2	446971
2234.94	0.8	NonTarget	1	446988
2235.02	0.8	NonTarget	1	447004
2235.425	0.8	NonTarget	1	447085
2235.505	0.8	NonTarget	1	447101
2235.59	0.8	NonTarget	1	447118
2235.67	0.8	NonTarget	1	447134
2235.755	0.8	NonTarget	1	447151
2235.84	0.8	NonTarget	1	447168
2235.92	0.8	NonTarget	1	447184
2236.005	0.8	Target	2	447201
2236.09	0.8	NonTarget	1	447218
2236.175	0.8	NonTarget	1	447235
2236.255	0.8	NonTarget	1	447251
2236.345	0.8	NonTarget	1	447269
2236.425	0.8	NonTarget	1	447285
2236.51	0.8	NonTarget	1	447302
2236.59	0.8	NonTarget	1	447318
2236.675	0.8	NonTarget	1	447335
2236.76	0.8	NonTarget	1	447352
2236.84	0.8	NonTarget	1	447368
2236.925	0.8	NonTarget	1	447385
2237.01	0.8	NonTarget	1	447402
2237.09	0.8	NonTarget	1	447418
2237.175	0.8	NonTarget	1	447435
2237.26	0.8	NonTarget	1	447452
2237.34	0.8	NonTarget	1	447468
2237.425	0.8	NonTarget	1	447485
2237.51	0.8	NonTarget	1	447502
2237.59	0.8	NonTarget	1	447518
2237.675	0.8	NonTarget	1	447535
2237.76	0.8	NonTarget	1	447552
2237.84	0.8	NonTarget	1	447568
2246.99	0.8	NonTarget	1	449398
2247.07	0.8	NonTarget	1	449414
2247.155	0.8	NonTarget	1	449431
2247.24	0.8	NonTarget	1	449448
2247.325	0.8	NonTarget	1	449465
2247.405	0.8	NonTarget	1	449481
2247.49	0.8	NonTarget	1	449498
2247.57	0.8	NonTarget	1	449514
2247.655	0.8	NonTarget	1	449531
2247.74	0.8	NonTarget	1	449548
2247.825	0.8	NonTarget	1	449565
2247.905	0.8	NonTarget	1	449581
2247.99	0.8	NonTarget	1	449598
2248.075	0.8	NonTarget	1	449615
2248.155	0.8	NonTarget	1	449631
2248.24	0.8	NonTarget	1	449648
2248.32	0.8	NonTarget	1	449664
2248.405	0.8	NonTarget	1	449681
2248.49	0.8	NonTarget	1	449698
2248.575	0.8	NonTarget	1	449715
2248.655	0.8	NonTarget	1	449731
2248.74	0.8	NonTarget	1	449748
2248.825	0.8	NonTarget	1	449765
2248.91	0.8	NonTarget	1	449782
2248.995	0.8	NonTarget	1	449799
2249.075	0.8	Target	2	449815
2249.16	0.8	NonTarget	1	449832
2249.24	0.8	NonTarget	1	449848
2249.325	0.8	NonTarget	1	449865
2249.41	0.8	NonTarget	1	449882
2249.81	0.8	NonTarget	1	449962
2249.89	0.8	NonTarget	1	449978
2249.975	0.8	NonTarget	1	449995
2250.06	0.8	NonTarget	1	450012
2250.145	0.8	NonTarget	1	450029
2250.225	0.8	Target	2	450045
2250.31	0.8	NonTarget	1	450062
2250.395	0.8	NonTarget	1	450079
2250.475	0.8	NonTarget	1	450095
2250.56	0.8	NonTarget	1	450112
2250.645	0.8	NonTarget	1	450129
2250.725	0.8	NonTarget	1	450145
2250.81	0.8	NonTarget	1	450162
2250.895	0.8	NonTarget	1	450179
2250.975	0.8	NonTarget	1	450195
2251.06	0.8	NonTarget	1	450212
2251.145	0.8	NonTarget	1	450229
2251.225	0.8	NonTarget	1	450245
2251.315	0.8	NonTarget	1	450263
2251.395	0.8	NonTarget	1	450279
2251.48	0.8	NonTarget	1	450296
2251.56	0.8	NonTarget	1	450312
2251.645	0.8	NonTarget	1	450329
2251.73	0.8	NonTarget	1	450346
2251.81	0.8	NonTarget	1	450362
2251.895	0.8	NonTarget	1	450379
2251.98	0.8	NonTarget	1	450396
2252.065	0.8	NonTarget	1	450413
2252.15	0.8	NonTarget	1	450430
2252.23	0.8	NonTarget	1	450446
2252.63	0.8	NonTarget	1	450526
2252.71	0.8	NonTarget	1	450542
2252.795	0.8	NonTarget	1	450559
2252.88	0.8	NonTarget	1	450576
2252.965	0.8	NonTarget	1	450593
2253.045	0.8	NonTarget	1	450609
2253.13	0.8	NonTarget	1	450626
2253.215	0.8	NonTarget	1	450643
2253.295	0.8	NonTarget	1	450659
2253.38	0.8	NonTarget	1	450676
2253.465	0.8	Target	2	450693
2253.55	0.8	NonTarget	1	450710
2253.63	0.8	NonTarget	1	450726
2253.715	0.8	NonTarget	1	450743
2253.795	0.8	NonTarget	1	450759
2253.88	0.8	NonTarget	1	450776
2253.965	0.8	NonTarget	1	450793
2254.05	0.8	NonTarget	1	450810
2254.13	0.8	NonTarget	1	450826
2254.215	0.8	NonTarget	1	450843
2254.3	0.8	NonTarget	1	450860
2254.385	0.8	NonTarget	1	450877
2254.465	0.8	NonTarget	1	450893
2254.55	0.8	NonTarget	1	450910
2254.63	0.8	NonTarget	1	450926
2254.72	0.8	NonTarget	1	450944
2254.8	0.8	NonTarget	1	450960
2254.885	0.8	NonTarget	1	450977
2254.965	0.8	NonTarget	1	450993
2255.05	0.8	NonTarget	1	451010
2255.455	0.8	NonTarget	1	451091
2255.535	0.8	NonTarget	1	451107
2255.615	0.8	NonTarget	1	451123
2255.7	0.8	NonTarget	1	451140
2255.785	0.8	NonTarget	1	451157
2255.87	0.8	NonTarget	1	451174
2255.95	0.8	NonTarget	1	451190
2256.035	0.8	NonTarget	1	451207
2256.12	0.8	NonTarget	1	451224
2256.2	0.8	NonTarget	1	451240
2256.285	0.8	NonTarget	1	451257
2256.37	0.8	NonTarget	1	451274
2256.45	0.8	NonTarget	1	451290
2256.535	0.8	NonTarget	1	451307
2256.62	0.8	NonTarget	1	451324
2256.705	0.8	NonTarget	1	451341
2256.785	0.8	NonTarget	1	451357
2256.87	0.8	NonTarget	1	451374
2256.955	0.8	NonTarget	1	451391
2257.035	0.8	NonTarget	1	451407
2257.12	0.8	Target	2	451424
2257.205	0.8	NonTarget	1	451441
2257.285	0.8	NonTarget	1	451457
2257.37	0.8	NonTarget	1	451474
2257.45	0.8	NonTarget	1	451490
2257.535	0.8	NonTarget	1	451507
2257.62	0.8	NonTarget	1	451524
2257.705	0.8	NonTarget	1	451541
2257.79	0.8	NonTarget	1	451558
2257.87	0.8	NonTarget	1	451574
2258.27	0.8	NonTarget	1	451654
2258.355	0.8	NonTarget	1	451671
2258.44	0.8	NonTarget	1	451688
2258.52	0.8	NonTarget	1	451704
2258.605	0.8	NonTarget	1	451721
2258.69	0.8	NonTarget	1	451738
2258.77	0.8	NonTarget	1	451754
2258.855	0.8	NonTarget	1	451771
2258.94	0.8	NonTarget	1	451788
2259.02	0.8	NonTarget	1	451804
2259.105	0.8	NonTarget	1	451821
2259.19	0.8	NonTarget	1	451838
2259.275	0.8	NonTarget	1	451855
2259.355	0.8	NonTarget	1	451871
2259.44	0.8	NonTarget	1	451888
2259.52	0.8	Target	2	451904
2259.605	0.8	NonTarget	1	451921
2259.69	0.8	NonTarget	1	451938
2259.775	0.8	NonTarget	1	451955
2259.855	0.8	NonTarget	1	451971
2259.94	0.8	NonTarget	1	451988
2260.025	0.8	NonTarget	1	452005
2260.11	0.8	NonTarget	1	452022
2260.19	0.8	NonTarget	1	452038
2260.275	0.8	NonTarget	1	452055
2260.355	0.8	NonTarget	1	452071
2260.44	0.8	NonTarget	1	452088
2260.52	0.8	NonTarget	1	452104
2260.61	0.8	NonTarget	1	452122
2260.69	0.8	NonTarget	1	452138
2261.09	0.8	Target	2	452218
2261.175	0.8	NonTarget	1	452235
2261.26	0.8	NonTarget	1	452252
2261.345	0.8	NonTarget	1	452269
2261.425	0.8	NonTarget	1	452285
2261.51	0.8	NonTarget	1	452302
2261.59	0.8	NonTarget	1	452318
2261.675	0.8	NonTarget	1	452335
2261.76	0.8	NonTarget	1	452352
2261.84	0.8	NonTarget	1	452368
2261.925	0.8	NonTarget	1	452385
2262.01	0.8	NonTarget	1	452402
2262.09	0.8	NonTarget	1	452418
2262.175	0.8	NonTarget	1	452435
2262.26	0.8	NonTarget	1	452452
2262.345	0.8	NonTarget	1	452469
2262.425	0.8	NonTarget	1	452485
2262.51	0.8	NonTarget	1	452502
2262.595	0.8	NonTarget	1	452519
2262.675	0.8	NonTarget	1	452535
2262.76	0.8	NonTarget	1	452552
2262.845	0.8	NonTarget	1	452569
2262.925	0.8	NonTarget	1	452585
2263.01	0.8	NonTarget	1	452602
2263.095	0.8	NonTarget	1	452619
2263.18	0.8	NonTarget	1	452636
2263.26	0.8	NonTarget	1	452652
2263.345	0.8	NonTarget	1	452669
2263.43	0.8	NonTarget	1	452686
2263.51	0.8	NonTarget	1	452702
2263.915	0.8	NonTarget	1	452783
2263.995	0.8	NonTarget	1	452799
2264.08	0.8	NonTarget	1	452816
2264.165	0.8	NonTarget	1	452833
2264.245	0.8	NonTarget	1	452849
2264.33	0.8	NonTarget	1	452866
2264.415	0.8	NonTarget	1	452883
2264.495	0.8	NonTarget	1	452899
2264.58	0.8	NonTarget	1	452916
2264.665	0.8	NonTarget	1	452933
2264.75	0.8	NonTarget	1	452950
2264.83	0.8	NonTarget	1	452966
2264.915	0.8	NonTarget	1	452983
2265.0	0.8	NonTarget	1	453000
2265.08	0.8	NonTarget	1	453016
2265.165	0.8	NonTarget	1	453033
2265.245	0.8	NonTarget	1	453049
2265.33	0.8	NonTarget	1	453066
2265.415	0.8	NonTarget	1	453083
2265.495	0.8	NonTarget	1	453099
2265.58	0.8	Target	2	453116
2265.665	0.8	NonTarget	1	453133
2265.75	0.8	NonTarget	1	453150
2265.83	0.8	NonTarget	1	453166
2265.915	0.8	NonTarget	1	453183
2266.0	0.8	NonTarget	1	453200
2266.08	0.8	NonTarget	1	453216
2266.165	0.8	NonTarget	1	453233
2266.25	0.8	NonTarget	1	453250
2266.335	0.8	NonTarget	1	453267
2266.735	0.8	Target	2	453347
2266.815	0.8	NonTarget	1	453363
2266.9	0.8	NonTarget	1	453380
2266.985	0.8	NonTarget	1	453397
2267.065	0.8	NonTarget	1	453413
2267.15	0.8	NonTarget	1	453430
2267.235	0.8	NonTarget	1	453447
2267.315	0.8	NonTarget	1	453463
2267.4	0.8	NonTarget	1	453480
2267.485	0.8	NonTarget	1	453497
2267.57	0.8	NonTarget	1	453514
2267.65	0.8	NonTarget	1	453530
2267.735	0.8	NonTarget	1	453547
2267.82	0.8	NonTarget	1	453564
2267.9	0.8	NonTarget	1	453580
2267.985	0.8	NonTarget	1	453597
2268.07	0.8	NonTarget	1	453614
2268.15	0.8	NonTarget	1	453630
2268.235	0.8	NonTarget	1	453647
2268.32	0.8	NonTarget	1	453664
2268.4	0.8	NonTarget	1	453680
2268.485	0.8	NonTarget	1	453697
2268.57	0.8	NonTarget	1	453714
2268.655	0.8	NonTarget	1	453731
2268.735	0.8	NonTarget	1	453747
2268.82	0.8	NonTarget	1	453764
2268.905	0.8	NonTarget	1	453781
2268.99	0.8	NonTarget	1	453798
2269.07	0.8	NonTarget	1	453814
2269.155	0.8	NonTarget	1	453831
2269.555	0.8	Target	2	453911
2269.635	0.8	NonTarget	1	453927
2269.72	0.8	NonTarget	1	453944
2269.805	0.8	NonTarget	1	453961
2269.885	0.8	NonTarget	1	453977
2269.97	0.8	NonTarget	1	453994
2270.055	0.8	NonTarget	1	454011
2270.14	0.8	NonTarget	1	454028
2270.22	0.8	NonTarget	1	454044
2270.305	0.8	NonTarget	1	454061
2270.39	0.8	NonTarget	1	454078
2270.47	0.8	NonTarget	1	454094
2270.555	0.8	NonTarget	1	454111
2270.64	0.8	NonTarget	1	454128
2270.725	0.8	NonTarget	1	454145
2270.805	0.8	NonTarget	1	454161
2270.89	0.8	NonTarget	1	454178
2270.97	0.8	NonTarget	1	454194
2271.055	0.8	NonTarget	1	454211
2271.14	0.8	NonTarget	1	454228
2271.22	0.8	NonTarget	1	454244
2271.305	0.8	NonTarget	1	454261
2271.39	0.8	NonTarget	1	454278
2271.475	0.8	NonTarget	1	454295
2271.555	0.8	NonTarget	1	454311
2271.64	0.8	NonTarget	1	454328
2271.725	0.8	NonTarget	1	454345
2271.805	0.8	NonTarget	1	454361
2271.89	0.8	NonTarget	1	454378
2271.975	0.8	NonTarget	1	454395
2272.375	0.8	NonTarget	1	454475
2272.46	0.8	NonTarget	1	454492
2272.545	0.8	NonTarget	1	454509
2272.625	0.8	NonTarget	1	454525
2272.71	0.8	NonTarget	1	454542
2272.79	0.8	NonTarget	1	454558
2272.875	0.8	NonTarget	1	454575
2272.96	0.8	NonTarget	1	454592
2273.04	0.8	NonTarget	1	454608
2273.125	0.8	NonTarget	1	454625
2273.21	0.8	NonTarget	1	454642
2273.29	0.8	NonTarget	1	454658
2273.375	0.8	NonTarget	1	454675
2273.46	0.8	NonTarget	1	454692
2273.545	0.8	NonTarget	1	454709
2273.625	0.8	Target	2	454725
2273.71	0.8	NonTarget	1	454742
2273.79	0.8	NonTarget	1	454758
2273.875	0.8	NonTarget	1	454775
2273.96	0.8	NonTarget	1	454792
2274.04	0.8	NonTarget	1	454808
2274.125	0.8	NonTarget	1	454825
2274.21	0.8	NonTarget	1	454842
2274.295	0.8	NonTarget	1	454859
2274.375	0.8	NonTarget	1	454875
2274.46	0.8	NonTarget	1	454892
2274.545	0.8	NonTarget	1	454909
2274.625	0.8	NonTarget	1	454925
2274.71	0.8	NonTarget	1	454942
2274.795	0.8	NonTarget	1	454959
2283.975	0.8	NonTarget	1	456795
2284.055	0.8	NonTarget	1	456811
2284.14	0.8	NonTarget	1	456828
2284.225	0.8	NonTarget	1	456845
2284.31	0.8	NonTarget	1	456862
2284.39	0.8	NonTarget	1	456878
2284.475	0.8	NonTarget	1	456895
2284.56	0.8	NonTarget	1	456912
2284.64	0.8	NonTarget	1	456928
2284.725	0.8	NonTarget	1	456945
2284.81	0.8	NonTarget	1	456962
2284.89	0.8	NonTarget	1	456978
2284.975	0.8	NonTarget	1	456995
2285.06	0.8	NonTarget	1	457012
2285.14	0.8	Target	2	457028
2285.225	0.8	NonTarget	1	457045
2285.31	0.8	NonTarget	1	457062
2285.395	0.8	NonTarget	1	457079
2285.475	0.8	NonTarget	1	457095
2285.56	0.8	NonTarget	1	457112
2285.645	0.8	NonTarget	1	457129
2285.725	0.8	NonTarget	1	457145
2285.81	0.8	NonTarget	1	457162
2285.895	0.8	NonTarget	1	457179
2285.975	0.8	NonTarget	1	457195
2286.065	0.8	NonTarget	1	457213
2286.145	0.8	NonTarget	1	457229
2286.23	0.8	NonTarget	1	457246
2286.315	0.8	NonTarget	1	457263
2286.395	0.8	NonTarget	1	457279
2286.795	0.8	NonTarget	1	457359
2286.88	0.8	NonTarget	1	457376
2286.96	0.8	NonTarget	1	457392
2287.045	0.8	NonTarget	1	457409
2287.125	0.8	Target	2	457425
2287.21	0.8	NonTarget	1	457442
2287.295	0.8	NonTarget	1	457459
2287.38	0.8	NonTarget	1	457476
2287.465	0.8	NonTarget	1	457493
2287.545	0.8	NonTarget	1	457509
2287.63	0.8	NonTarget	1	457526
2287.715	0.8	NonTarget	1	457543
2287.795	0.8	NonTarget	1	457559
2287.88	0.8	NonTarget	1	457576
2287.965	0.8	NonTarget	1	457593
2288.045	0.8	NonTarget	1	457609
2288.13	0.8	NonTarget	1	457626
2288.215	0.8	NonTarget	1	457643
2288.295	0.8	NonTarget	1	457659
2288.38	0.8	NonTarget	1	457676
2288.465	0.8	NonTarget	1	457693
2288.545	0.8	NonTarget	1	457709
2288.63	0.8	NonTarget	1	457726
2288.715	0.8	NonTarget	1	457743
2288.8	0.8	NonTarget	1	457760
2288.88	0.8	NonTarget	1	457776
2288.965	0.8	NonTarget	1	457793
2289.05	0.8	NonTarget	1	457810
2289.13	0.8	NonTarget	1	457826
2289.215	0.8	NonTarget	1	457843
2289.615	0.8	NonTarget	1	457923
2289.7	0.8	NonTarget	1	457940
2289.78	0.8	NonTarget	1	457956
2289.865	0.8	NonTarget	1	457973
2289.95	0.8	NonTarget	1	457990
2290.035	0.8	NonTarget	1	458007
2290.115	0.8	NonTarget	1	458023
2290.2	0.8	NonTarget	1	458040
2290.28	0.8	NonTarget	1	458056
2290.365	0.8	NonTarget	1	458073
2290.45	0.8	NonTarget	1	458090
2290.535	0.8	NonTarget	1	458107
2290.615	0.8	NonTarget	1	458123
2290.7	0.8	NonTarget	1	458140
2290.785	0.8	Target	2	458157
2290.87	0.8	NonTarget	1	458174
2290.95	0.8	NonTarget	1	458190
2291.035	0.8	NonTarget	1	458207
2291.12	0.8	NonTarget	1	458224
2291.2	0.8	NonTarget	1	458240
2291.285	0.8	NonTarget	1	458257
2291.37	0.8	NonTarget	1	458274
2291.45	0.8	NonTarget	1	458290
2291.535	0.8	NonTarget	1	458307
2291.62	0.8	NonTarget	1	458324
2291.7	0.8	NonTarget	1	458340
2291.785	0.8	NonTarget	1	458357
2291.87	0.8	NonTarget	1	458374
2291.955	0.8	NonTarget	1	458391
2292.035	0.8	NonTarget	1	458407
2292.435	0.8	NonTarget	1	458487
2292.52	0.8	NonTarget	1	458504
2292.605	0.8	NonTarget	1	458521
2292.685	0.8	NonTarget	1	458537
2292.77	0.8	NonTarget	1	458554
2292.855	0.8	NonTarget	1	458571
2292.935	0.8	NonTarget	1	458587
2293.02	0.8	NonTarget	1	458604
2293.105	0.8	NonTarget	1	458621
2293.185	0.8	Target	2	458637
2293.27	0.8	NonTarget	1	458654
2293.355	0.8	NonTarget	1	458671
2293.44	0.8	NonTarget	1	458688
2293.52	0.8	NonTarget	1	458704
2293.605	0.8	NonTarget	1	458721
2293.69	0.8	NonTarget	1	458738
2293.77	0.8	NonTarget	1	458754
2293.855	0.8	NonTarget	1	458771
2293.94	0.8	NonTarget	1	458788
2294.025	0.8	NonTarget	1	458805
2294.11	0.8	NonTarget	1	458822
2294.19	0.8	NonTarget	1	458838
2294.275	0.8	NonTarget	1	458855
2294.355	0.8	NonTarget	1	458871
2294.44	0.8	NonTarget	1	458888
2294.52	0.8	NonTarget	1	458904
2294.605	0.8	NonTarget	1	458921
2294.69	0.8	NonTarget	1	458938
2294.775	0.8	NonTarget	1	458955
2294.86	0.8	NonTarget	1	458972
2295.255	0.8	NonTarget	1	459051
2295.34	0.8	NonTarget	1	459068
2295.42	0.8	NonTarget	1	459084
2295.505	0.8	NonTarget	1	459101
2295.59	0.8	NonTarget	1	459118
2295.675	0.8	NonTarget	1	459135
2295.76	0.8	NonTarget	1	459152
2295.84	0.8	NonTarget	1	459168
2295.925	0.8	NonTarget	1	459185
2296.005	0.8	NonTarget	1	459201
2296.09	0.8	NonTarget	1	459218
2296.175	0.8	NonTarget	1	459235
2296.26	0.8	NonTarget	1	459252
2296.345	0.8	NonTarget	1	459269
2296.425	0.8	NonTarget	1	459285
2296.51	0.8	NonTarget	1	459302
2296.595	0.8	NonTarget	1	459319
2296.675	0.8	NonTarget	1	459335
2296.76	0.8	NonTarget	1	459352
2296.84	0.8	NonTarget	1	459368
2296.925	0.8	NonTarget	1	459385
2297.01	0.8	NonTarget	1	459402
2297.095	0.8	NonTarget	1	459419
2297.175	0.8	NonTarget	1	459435
2297.26	0.8	NonTarget	1	459452
2297.345	0.8	NonTarget	1	459469
2297.43	0.8	NonTarget	1	459486
2297.51	0.8	NonTarget	1	459502
2297.595	0.8	NonTarget	1	459519
2297.675	0.8	Target	2	459535
2298.08	0.8	NonTarget	1	459616
2298.16	0.8	NonTarget	1	459632
2298.245	0.8	NonTarget	1	459649
2298.33	0.8	NonTarget	1	459666
2298.41	0.8	NonTarget	1	459682
2298.495	0.8	NonTarget	1	459699
2298.575	0.8	NonTarget	1	459715
2298.66	0.8	NonTarget	1	459732
2298.745	0.8	NonTarget	1	459749
2298.83	0.8	NonTarget	1	459766
2298.91	0.8	NonTarget	1	459782
2298.995	0.8	NonTarget	1	459799
2299.08	0.8	NonTarget	1	459816
2299.16	0.8	NonTarget	1	459832
2299.245	0.8	Target	2	459849
2299.33	0.8	NonTarget	1	459866
2299.41	0.8	NonTarget	1	459882
2299.495	0.8	NonTarget	1	459899
2299.58	0.8	NonTarget	1	459916
2299.665	0.8	NonTarget	1	459933
2299.75	0.8	NonTarget	1	459950
2299.83	0.8	NonTarget	1	459966
2299.915	0.8	NonTarget	1	459983
2300.0	0.8	NonTarget	1	460000
2300.08	0.8	NonTarget	1	460016
2300.165	0.8	NonTarget	1	460033
2300.245	0.8	NonTarget	1	460049
2300.33	0.8	NonTarget	1	460066
2300.415	0.8	NonTarget	1	460083
2300.5	0.8	NonTarget	1	460100
2300.9	0.8	NonTarget	1	460180
2300.98	0.8	NonTarget	1	460196
2301.065	0.8	NonTarget	1	460213
2301.15	0.8	NonTarget	1	460230
2301.23	0.8	NonTarget	1	460246
2301.315	0.8	NonTarget	1	460263
2301.4	0.8	NonTarget	1	460280
2301.48	0.8	NonTarget	1	460296
2301.565	0.8	NonTarget	1	460313
2301.645	0.8	Target	2	460329
2301.735	0.8	NonTarget	1	460347
2301.815	0.8	NonTarget	1	460363
2301.9	0.8	NonTarget	1	460380
2301.985	0.8	NonTarget	1	460397
2302.065	0.8	NonTarget	1	460413
2302.15	0.8	NonTarget	1	460430
2302.235	0.8	NonTarget	1	460447
2302.315	0.8	NonTarget	1	460463
2302.4	0.8	NonTarget	1	460480
2302.485	0.8	NonTarget	1	460497
2302.565	0.8	NonTarget	1	460513
2302.65	0.8	NonTarget	1	460530
2302.73	0.8	NonTarget	1	460546
2302.82	0.8	NonTarget	1	460564
2302.9	0.8	NonTarget	1	460580
2302.985	0.8	NonTarget	1	460597
2303.07	0.8	NonTarget	1	460614
2303.155	0.8	NonTarget	1	460631
2303.235	0.8	NonTarget	1	460647
2303.32	0.8	NonTarget	1	460664
2303.72	0.8	NonTarget	1	460744
2303.8	0.8	NonTarget	1	460760
2303.885	0.8	NonTarget	1	460777
2303.97	0.8	NonTarget	1	460794
2304.055	0.8	NonTarget	1	460811
2304.135	0.8	NonTarget	1	460827
2304.22	0.8	NonTarget	1	460844
2304.3	0.8	NonTarget	1	460860
2304.385	0.8	NonTarget	1	460877
2304.47	0.8	NonTarget	1	460894
2304.555	0.8	NonTarget	1	460911
2304.635	0.8	NonTarget	1	460927
2304.72	0.8	NonTarget	1	460944
2304.805	0.8	NonTarget	1	460961
2304.885	0.8	NonTarget	1	460977
2304.97	0.8	NonTarget	1	460994
2305.055	0.8	NonTarget	1	461011
2305.135	0.8	NonTarget	1	461027
2305.225	0.8	NonTarget	1	461045
2305.305	0.8	NonTarget	1	461061
2305.39	0.8	NonTarget	1	461078
2305.47	0.8	NonTarget	1	461094
2305.555	0.8	NonTarget	1	461111
2305.64	0.8	NonTarget	1	461128
2305.72	0.8	Target	2	461144
2305.805	0.8	NonTarget	1	461161
2305.89	0.8	NonTarget	1	461178
2305.97	0.8	NonTarget	1	461194
2306.055	0.8	NonTarget	1	461211
2306.14	0.8	NonTarget	1	461228
2306.54	0.8	NonTarget	1	461308
2306.625	0.8	NonTarget	1	461325
2306.705	0.8	NonTarget	1	461341
2306.79	0.8	NonTarget	1	461358
2306.875	0.8	NonTarget	1	461375
2306.955	0.8	NonTarget	1	461391
2307.04	0.8	NonTarget	1	461408
2307.125	0.8	NonTarget	1	461425
2307.205	0.8	NonTarget	1	461441
2307.29	0.8	NonTarget	1	461458
2307.375	0.8	NonTarget	1	461475
2307.455	0.8	NonTarget	1	461491
2307.545	0.8	NonTarget	1	461509
2307.625	0.8	NonTarget	1	461525
2307.71	0.8	NonTarget	1	461542
2307.795	0.8	NonTarget	1	461559
2307.875	0.8	NonTarget	1	461575
2307.96	0.8	NonTarget	1	461592
2308.045	0.8	NonTarget	1	461609
2308.125	0.8	Target	2	461625
2308.21	0.8	NonTarget	1	461642
2308.295	0.8	NonTarget	1	461659
2308.375	0.8	NonTarget	1	461675
2308.46	0.8	NonTarget	1	461692
2308.545	0.8	NonTarget	1	461709
2308.625	0.8	NonTarget	1	461725
2308.71	0.8	NonTarget	1	461742
2308.795	0.8	NonTarget	1	461759
2308.88	0.8	NonTarget	1	461776
2308.96	0.8	NonTarget	1	461792
2309.36	0.8	NonTarget	1	461872
2309.445	0.8	NonTarget	1	461889
2309.525	0.8	NonTarget	1	461905
2309.61	0.8	NonTarget	1	461922
2309.695	0.8	NonTarget	1	461939
2309.78	0.8	NonTarget	1	461956
2309.86	0.8	NonTarget	1	461972
2309.945	0.8	NonTarget	1	461989
2310.03	0.8	NonTarget	1	462006
2310.11	0.8	NonTarget	1	462022
2310.195	0.8	NonTarget	1	462039
2310.28	0.8	NonTarget	1	462056
2310.36	0.8	NonTarget	1	462072
2310.445	0.8	NonTarget	1	462089
2310.525	0.8	Target	2	462105
2310.61	0.8	NonTarget	1	462122
2310.695	0.8	NonTarget	1	462139
2310.78	0.8	NonTarget	1	462156
2310.86	0.8	NonTarget	1	462172
2310.95	0.8	NonTarget	1	462190
2311.03	0.8	NonTarget	1	462206
2311.11	0.8	NonTarget	1	462222
2311.195	0.8	NonTarget	1	462239
2311.28	0.8	NonTarget	1	462256
2311.365	0.8	NonTarget	1	462273
2311.445	0.8	NonTarget	1	462289
2311.53	0.8	NonTarget	1	462306
2311.615	0.8	NonTarget	1	462323
2311.695	0.8	NonTarget	1	462339
2311.78	0.8	NonTarget	1	462356
