onset	duration	trial_type	value	sample
14.105	0.8	NonTarget	1	2821
14.185	0.8	NonTarget	1	2837
14.27	0.8	NonTarget	1	2854
14.35	0.8	NonTarget	1	2870
14.435	0.8	NonTarget	1	2887
14.52	0.8	NonTarget	1	2904
14.6	0.8	NonTarget	1	2920
14.685	0.8	NonTarget	1	2937
14.77	0.8	NonTarget	1	2954
14.85	0.8	NonTarget	1	2970
14.935	0.8	NonTarget	1	2987
15.02	0.8	NonTarget	1	3004
15.1	0.8	NonTarget	1	3020
15.185	0.8	NonTarget	1	3037
15.27	0.8	NonTarget	1	3054
15.35	0.8	NonTarget	1	3070
15.435	0.8	NonTarget	1	3087
15.52	0.8	NonTarget	1	3104
15.605	0.8	Target	2	3121
15.685	0.8	NonTarget	1	3137
15.77	0.8	NonTarget	1	3154
15.85	0.8	NonTarget	1	3170
15.935	0.8	NonTarget	1	3187
16.02	0.8	NonTarget	1	3204
16.105	0.8	NonTarget	1	3221
16.185	0.8	NonTarget	1	3237
16.27	0.8	NonTarget	1	3254
16.355	0.8	NonTarget	1	3271
16.44	0.8	NonTarget	1	3288
16.52	0.8	NonTarget	1	3304
16.92	0.8	NonTarget	1	3384
17.005	0.8	NonTarget	1	3401
17.09	0.8	NonTarget	1	3418
17.17	0.8	NonTarget	1	3434
17.255	0.8	NonTarget	1	3451
17.34	0.8	NonTarget	1	3468
17.42	0.8	NonTarget	1	3484
17.505	0.8	NonTarget	1	3501
17.59	0.8	Target	2	3518
17.67	0.8	NonTarget	1	3534
17.755	0.8	NonTarget	1	3551
17.84	0.8	NonTarget	1	3568
17.925	0.8	NonTarget	1	3585
18.005	0.8	NonTarget	1	3601
18.09	0.8	NonTarget	1	3618
18.175	0.8	NonTarget	1	3635
18.255	0.8	NonTarget	1	3651
18.34	0.8	NonTarget	1	3668
18.425	0.8	NonTarget	1	3685
18.51	0.8	NonTarget	1	3702
18.59	0.8	NonTarget	1	3718
18.675	0.8	NonTarget	1	3735
18.755	0.8	NonTarget	1	3751
18.84	0.8	NonTarget	1	3768
18.925	0.8	NonTarget	1	3785
19.005	0.8	NonTarget	1	3801
19.09	0.8	NonTarget	1	3818
19.175	0.8	NonTarget	1	3835
19.26	0.8	NonTarget	1	3852
19.34	0.8	NonTarget	1	3868
19.74	0.8	NonTarget	1	3948
19.825	0.8	NonTarget	1	3965
19.91	0.8	NonTarget	1	3982
19.995	0.8	NonTarget	1	3999
20.075	0.8	NonTarget	1	4015
20.16	0.8	NonTarget	1	4032
20.245	0.8	NonTarget	1	4049
20.325	0.8	NonTarget	1	4065
20.41	0.8	Target	2	4082
20.495	0.8	NonTarget	1	4099
20.575	0.8	NonTarget	1	4115
20.66	0.8	NonTarget	1	4132
20.745	0.8	NonTarget	1	4149
20.83	0.8	NonTarget	1	4166
20.91	0.8	NonTarget	1	4182
20.995	0.8	NonTarget	1	4199
21.075	0.8	NonTarget	1	4215
21.16	0.8	NonTarget	1	4232
21.245	0.8	NonTarget	1	4249
21.33	0.8	NonTarget	1	4266
21.41	0.8	NonTarget	1	4282
21.495	0.8	NonTarget	1	4299
21.58	0.8	NonTarget	1	4316
21.66	0.8	NonTarget	1	4332
21.745	0.8	NonTarget	1	4349
21.83	0.8	NonTarget	1	4366
21.91	0.8	NonTarget	1	4382
21.995	0.8	NonTarget	1	4399
22.08	0.8	NonTarget	1	4416
22.16	0.8	NonTarget	1	4432
22.565	0.8	NonTarget	1	4513
22.645	0.8	NonTarget	1	4529
22.73	0.8	NonTarget	1	4546
22.815	0.8	Target	2	4563
22.895	0.8	NonTarget	1	4579
22.98	0.8	NonTarget	1	4596
23.065	0.8	NonTarget	1	4613
23.145	0.8	NonTarget	1	4629
23.23	0.8	NonTarget	1	4646
23.315	0.8	NonTarget	1	4663
23.4	0.8	NonTarget	1	4680
23.48	0.8	NonTarget	1	4696
23.565	0.8	NonTarget	1	4713
23.65	0.8	NonTarget	1	4730
23.73	0.8	NonTarget	1	4746
23.815	0.8	NonTarget	1	4763
23.9	0.8	NonTarget	1	4780
23.98	0.8	NonTarget	1	4796
24.065	0.8	NonTarget	1	4813
24.15	0.8	NonTarget	1	4830
24.23	0.8	NonTarget	1	4846
24.315	0.8	NonTarget	1	4863
24.395	0.8	NonTarget	1	4879
24.48	0.8	NonTarget	1	4896
24.565	0.8	NonTarget	1	4913
24.65	0.8	NonTarget	1	4930
24.73	0.8	NonTarget	1	4946
24.815	0.8	NonTarget	1	4963
24.9	0.8	NonTarget	1	4980
24.98	0.8	NonTarget	1	4996
25.38	0.8	NonTarget	1	5076
25.47	0.8	NonTarget	1	5094
25.55	0.8	NonTarget	1	5110
25.635	0.8	NonTarget	1	5127
25.72	0.8	NonTarget	1	5144
25.8	0.8	NonTarget	1	5160
25.885	0.8	NonTarget	1	5177
25.965	0.8	NonTarget	1	5193
26.05	0.8	NonTarget	1	5210
26.135	0.8	NonTarget	1	5227
26.215	0.8	NonTarget	1	5243
26.3	0.8	NonTarget	1	5260
26.385	0.8	NonTarget	1	5277
26.47	0.8	NonTarget	1	5294
26.55	0.8	NonTarget	1	5310
26.635	0.8	NonTarget	1	5327
26.72	0.8	NonTarget	1	5344
26.8	0.8	NonTarget	1	5360
26.885	0.8	NonTarget	1	5377
26.97	0.8	NonTarget	1	5394
27.055	0.8	NonTarget	1	5411
27.135	0.8	NonTarget	1	5427
27.22	0.8	NonTarget	1	5444
27.305	0.8	NonTarget	1	5461
27.385	0.8	NonTarget	1	5477
27.47	0.8	NonTarget	1	5494
27.555	0.8	NonTarget	1	5511
27.635	0.8	NonTarget	1	5527
27.72	0.8	Target	2	5544
27.805	0.8	NonTarget	1	5561
28.205	0.8	NonTarget	1	5641
28.29	0.8	NonTarget	1	5658
28.37	0.8	NonTarget	1	5674
28.455	0.8	NonTarget	1	5691
28.535	0.8	NonTarget	1	5707
28.62	0.8	NonTarget	1	5724
28.705	0.8	NonTarget	1	5741
28.79	0.8	NonTarget	1	5758
28.87	0.8	Target	2	5774
28.955	0.8	NonTarget	1	5791
29.04	0.8	NonTarget	1	5808
29.12	0.8	NonTarget	1	5824
29.205	0.8	NonTarget	1	5841
29.29	0.8	NonTarget	1	5858
29.375	0.8	NonTarget	1	5875
29.455	0.8	NonTarget	1	5891
29.54	0.8	NonTarget	1	5908
29.625	0.8	NonTarget	1	5925
29.705	0.8	NonTarget	1	5941
29.79	0.8	NonTarget	1	5958
29.875	0.8	NonTarget	1	5975
29.955	0.8	NonTarget	1	5991
30.04	0.8	NonTarget	1	6008
30.125	0.8	NonTarget	1	6025
30.205	0.8	NonTarget	1	6041
30.295	0.8	NonTarget	1	6059
30.375	0.8	NonTarget	1	6075
30.46	0.8	NonTarget	1	6092
30.545	0.8	NonTarget	1	6109
30.625	0.8	NonTarget	1	6125
31.025	0.8	NonTarget	1	6205
31.105	0.8	NonTarget	1	6221
31.195	0.8	NonTarget	1	6239
31.275	0.8	NonTarget	1	6255
31.355	0.8	NonTarget	1	6271
31.44	0.8	NonTarget	1	6288
31.525	0.8	NonTarget	1	6305
31.61	0.8	NonTarget	1	6322
31.69	0.8	NonTarget	1	6338
31.775	0.8	NonTarget	1	6355
31.86	0.8	NonTarget	1	6372
31.945	0.8	NonTarget	1	6389
32.025	0.8	NonTarget	1	6405
32.11	0.8	NonTarget	1	6422
32.195	0.8	NonTarget	1	6439
32.275	0.8	NonTarget	1	6455
32.36	0.8	NonTarget	1	6472
32.445	0.8	NonTarget	1	6489
32.525	0.8	Target	2	6505
32.61	0.8	NonTarget	1	6522
32.695	0.8	NonTarget	1	6539
32.78	0.8	NonTarget	1	6556
32.86	0.8	NonTarget	1	6572
32.945	0.8	NonTarget	1	6589
33.025	0.8	NonTarget	1	6605
33.11	0.8	NonTarget	1	6622
33.195	0.8	NonTarget	1	6639
33.275	0.8	NonTarget	1	6655
33.36	0.8	NonTarget	1	6672
33.445	0.8	NonTarget	1	6689
33.845	0.8	NonTarget	1	6769
33.93	0.8	NonTarget	1	6786
34.01	0.8	NonTarget	1	6802
34.095	0.8	NonTarget	1	6819
34.18	0.8	NonTarget	1	6836
34.26	0.8	NonTarget	1	6852
34.345	0.8	NonTarget	1	6869
34.43	0.8	NonTarget	1	6886
34.515	0.8	Target	2	6903
34.595	0.8	NonTarget	1	6919
34.68	0.8	NonTarget	1	6936
34.765	0.8	NonTarget	1	6953
34.845	0.8	NonTarget	1	6969
34.93	0.8	NonTarget	1	6986
35.015	0.8	NonTarget	1	7003
35.095	0.8	NonTarget	1	7019
35.18	0.8	NonTarget	1	7036
35.265	0.8	NonTarget	1	7053
35.35	0.8	NonTarget	1	7070
35.43	0.8	NonTarget	1	7086
35.515	0.8	NonTarget	1	7103
35.6	0.8	NonTarget	1	7120
35.68	0.8	NonTarget	1	7136
35.765	0.8	NonTarget	1	7153
35.85	0.8	NonTarget	1	7170
35.93	0.8	NonTarget	1	7186
36.015	0.8	NonTarget	1	7203
36.1	0.8	NonTarget	1	7220
36.18	0.8	NonTarget	1	7236
36.265	0.8	NonTarget	1	7253
36.665	0.8	NonTarget	1	7333
36.75	0.8	NonTarget	1	7350
36.83	0.8	NonTarget	1	7366
36.915	0.8	NonTarget	1	7383
37.0	0.8	NonTarget	1	7400
37.085	0.8	NonTarget	1	7417
37.165	0.8	NonTarget	1	7433
37.25	0.8	NonTarget	1	7450
37.335	0.8	NonTarget	1	7467
37.415	0.8	NonTarget	1	7483
37.5	0.8	NonTarget	1	7500
37.585	0.8	NonTarget	1	7517
37.67	0.8	NonTarget	1	7534
37.75	0.8	NonTarget	1	7550
37.835	0.8	NonTarget	1	7567
37.92	0.8	NonTarget	1	7584
38.0	0.8	NonTarget	1	7600
38.085	0.8	NonTarget	1	7617
38.17	0.8	Target	2	7634
38.25	0.8	NonTarget	1	7650
38.335	0.8	NonTarget	1	7667
38.42	0.8	NonTarget	1	7684
38.5	0.8	NonTarget	1	7700
38.585	0.8	NonTarget	1	7717
38.67	0.8	NonTarget	1	7734
38.75	0.8	NonTarget	1	7750
38.835	0.8	NonTarget	1	7767
38.92	0.8	NonTarget	1	7784
39.0	0.8	NonTarget	1	7800
39.085	0.8	NonTarget	1	7817
39.485	0.8	NonTarget	1	7897
39.57	0.8	NonTarget	1	7914
39.655	0.8	NonTarget	1	7931
39.74	0.8	NonTarget	1	7948
39.82	0.8	NonTarget	1	7964
39.905	0.8	NonTarget	1	7981
39.985	0.8	NonTarget	1	7997
40.07	0.8	NonTarget	1	8014
40.155	0.8	NonTarget	1	8031
40.24	0.8	NonTarget	1	8048
40.32	0.8	NonTarget	1	8064
40.405	0.8	NonTarget	1	8081
40.49	0.8	NonTarget	1	8098
40.57	0.8	NonTarget	1	8114
40.655	0.8	NonTarget	1	8131
40.74	0.8	NonTarget	1	8148
40.82	0.8	NonTarget	1	8164
40.905	0.8	NonTarget	1	8181
40.99	0.8	Target	2	8198
41.075	0.8	NonTarget	1	8215
41.155	0.8	NonTarget	1	8231
41.24	0.8	NonTarget	1	8248
41.32	0.8	NonTarget	1	8264
41.405	0.8	NonTarget	1	8281
41.49	0.8	NonTarget	1	8298
41.575	0.8	NonTarget	1	8315
41.655	0.8	NonTarget	1	8331
41.74	0.8	NonTarget	1	8348
41.825	0.8	NonTarget	1	8365
41.91	0.8	NonTarget	1	8382
50.455	0.8	NonTarget	1	10091
50.535	0.8	NonTarget	1	10107
50.62	0.8	NonTarget	1	10124
50.705	0.8	NonTarget	1	10141
50.785	0.8	NonTarget	1	10157
50.87	0.8	NonTarget	1	10174
50.955	0.8	NonTarget	1	10191
51.035	0.8	NonTarget	1	10207
51.12	0.8	NonTarget	1	10224
51.205	0.8	NonTarget	1	10241
51.285	0.8	NonTarget	1	10257
51.37	0.8	NonTarget	1	10274
51.455	0.8	NonTarget	1	10291
51.535	0.8	NonTarget	1	10307
51.62	0.8	NonTarget	1	10324
51.705	0.8	Target	2	10341
51.79	0.8	NonTarget	1	10358
51.87	0.8	NonTarget	1	10374
51.955	0.8	NonTarget	1	10391
52.035	0.8	NonTarget	1	10407
52.12	0.8	NonTarget	1	10424
52.205	0.8	NonTarget	1	10441
52.29	0.8	NonTarget	1	10458
52.37	0.8	NonTarget	1	10474
52.455	0.8	NonTarget	1	10491
52.54	0.8	NonTarget	1	10508
52.62	0.8	NonTarget	1	10524
52.705	0.8	NonTarget	1	10541
52.79	0.8	NonTarget	1	10558
52.87	0.8	NonTarget	1	10574
53.275	0.8	NonTarget	1	10655
53.355	0.8	NonTarget	1	10671
53.44	0.8	NonTarget	1	10688
53.525	0.8	NonTarget	1	10705
53.605	0.8	NonTarget	1	10721
53.69	0.8	NonTarget	1	10738
53.775	0.8	NonTarget	1	10755
53.855	0.8	NonTarget	1	10771
53.94	0.8	NonTarget	1	10788
54.025	0.8	NonTarget	1	10805
54.11	0.8	NonTarget	1	10822
54.19	0.8	NonTarget	1	10838
54.275	0.8	NonTarget	1	10855
54.36	0.8	NonTarget	1	10872
54.44	0.8	NonTarget	1	10888
54.525	0.8	NonTarget	1	10905
54.61	0.8	NonTarget	1	10922
54.69	0.8	NonTarget	1	10938
54.775	0.8	NonTarget	1	10955
54.86	0.8	NonTarget	1	10972
54.945	0.8	Target	2	10989
55.025	0.8	NonTarget	1	11005
55.11	0.8	NonTarget	1	11022
55.19	0.8	NonTarget	1	11038
55.275	0.8	NonTarget	1	11055
55.36	0.8	NonTarget	1	11072
55.44	0.8	NonTarget	1	11088
55.525	0.8	NonTarget	1	11105
55.61	0.8	NonTarget	1	11122
55.695	0.8	NonTarget	1	11139
56.095	0.8	Target	2	11219
56.175	0.8	NonTarget	1	11235
56.26	0.8	NonTarget	1	11252
56.345	0.8	NonTarget	1	11269
56.425	0.8	NonTarget	1	11285
56.51	0.8	NonTarget	1	11302
56.595	0.8	NonTarget	1	11319
56.68	0.8	NonTarget	1	11336
56.76	0.8	NonTarget	1	11352
56.845	0.8	NonTarget	1	11369
56.925	0.8	NonTarget	1	11385
57.01	0.8	NonTarget	1	11402
57.095	0.8	NonTarget	1	11419
57.18	0.8	NonTarget	1	11436
57.26	0.8	NonTarget	1	11452
57.345	0.8	NonTarget	1	11469
57.43	0.8	NonTarget	1	11486
57.51	0.8	NonTarget	1	11502
57.595	0.8	NonTarget	1	11519
57.68	0.8	NonTarget	1	11536
57.76	0.8	NonTarget	1	11552
57.845	0.8	NonTarget	1	11569
57.93	0.8	NonTarget	1	11586
58.015	0.8	NonTarget	1	11603
58.095	0.8	NonTarget	1	11619
58.18	0.8	NonTarget	1	11636
58.26	0.8	NonTarget	1	11652
58.345	0.8	NonTarget	1	11669
58.43	0.8	NonTarget	1	11686
58.515	0.8	NonTarget	1	11703
58.915	0.8	Target	2	11783
58.995	0.8	NonTarget	1	11799
59.08	0.8	NonTarget	1	11816
59.165	0.8	NonTarget	1	11833
59.245	0.8	NonTarget	1	11849
59.33	0.8	NonTarget	1	11866
59.415	0.8	NonTarget	1	11883
59.5	0.8	NonTarget	1	11900
59.58	0.8	NonTarget	1	11916
59.665	0.8	NonTarget	1	11933
59.75	0.8	NonTarget	1	11950
59.83	0.8	NonTarget	1	11966
59.915	0.8	NonTarget	1	11983
60.0	0.8	NonTarget	1	12000
60.08	0.8	NonTarget	1	12016
60.165	0.8	NonTarget	1	12033
60.25	0.8	NonTarget	1	12050
60.335	0.8	NonTarget	1	12067
60.415	0.8	NonTarget	1	12083
60.5	0.8	NonTarget	1	12100
60.585	0.8	NonTarget	1	12117
60.665	0.8	NonTarget	1	12133
60.75	0.8	NonTarget	1	12150
60.835	0.8	NonTarget	1	12167
60.915	0.8	NonTarget	1	12183
61.0	0.8	NonTarget	1	12200
61.085	0.8	NonTarget	1	12217
61.165	0.8	NonTarget	1	12233
61.25	0.8	NonTarget	1	12250
61.335	0.8	NonTarget	1	12267
61.735	0.8	NonTarget	1	12347
61.82	0.8	NonTarget	1	12364
61.9	0.8	NonTarget	1	12380
61.985	0.8	NonTarget	1	12397
62.07	0.8	NonTarget	1	12414
62.155	0.8	NonTarget	1	12431
62.235	0.8	NonTarget	1	12447
62.32	0.8	NonTarget	1	12464
62.4	0.8	NonTarget	1	12480
62.485	0.8	NonTarget	1	12497
62.57	0.8	NonTarget	1	12514
62.65	0.8	NonTarget	1	12530
62.735	0.8	NonTarget	1	12547
62.82	0.8	NonTarget	1	12564
62.905	0.8	NonTarget	1	12581
62.985	0.8	Target	2	12597
63.07	0.8	NonTarget	1	12614
63.155	0.8	NonTarget	1	12631
63.235	0.8	NonTarget	1	12647
63.32	0.8	NonTarget	1	12664
63.405	0.8	NonTarget	1	12681
63.485	0.8	NonTarget	1	12697
63.57	0.8	NonTarget	1	12714
63.655	0.8	NonTarget	1	12731
63.74	0.8	NonTarget	1	12748
63.82	0.8	NonTarget	1	12764
63.905	0.8	NonTarget	1	12781
63.985	0.8	NonTarget	1	12797
64.07	0.8	NonTarget	1	12814
64.155	0.8	NonTarget	1	12831
64.555	0.8	NonTarget	1	12911
64.64	0.8	NonTarget	1	12928
64.725	0.8	NonTarget	1	12945
64.805	0.8	NonTarget	1	12961
64.89	0.8	NonTarget	1	12978
64.97	0.8	NonTarget	1	12994
65.055	0.8	NonTarget	1	13011
65.14	0.8	NonTarget	1	13028
65.225	0.8	NonTarget	1	13045
65.305	0.8	NonTarget	1	13061
65.39	0.8	NonTarget	1	13078
65.475	0.8	NonTarget	1	13095
65.555	0.8	NonTarget	1	13111
65.64	0.8	NonTarget	1	13128
65.725	0.8	NonTarget	1	13145
65.805	0.8	NonTarget	1	13161
65.89	0.8	NonTarget	1	13178
65.975	0.8	NonTarget	1	13195
66.055	0.8	NonTarget	1	13211
66.14	0.8	NonTarget	1	13228
66.225	0.8	NonTarget	1	13245
66.31	0.8	NonTarget	1	13262
66.39	0.8	NonTarget	1	13278
66.475	0.8	NonTarget	1	13295
66.56	0.8	NonTarget	1	13312
66.64	0.8	Target	2	13328
66.725	0.8	NonTarget	1	13345
66.81	0.8	NonTarget	1	13362
66.89	0.8	NonTarget	1	13378
66.975	0.8	NonTarget	1	13395
67.375	0.8	NonTarget	1	13475
67.46	0.8	NonTarget	1	13492
67.545	0.8	NonTarget	1	13509
67.625	0.8	NonTarget	1	13525
67.71	0.8	NonTarget	1	13542
67.795	0.8	Target	2	13559
67.875	0.8	NonTarget	1	13575
67.96	0.8	NonTarget	1	13592
68.045	0.8	NonTarget	1	13609
68.125	0.8	NonTarget	1	13625
68.21	0.8	NonTarget	1	13642
68.295	0.8	NonTarget	1	13659
68.375	0.8	NonTarget	1	13675
68.46	0.8	NonTarget	1	13692
68.545	0.8	NonTarget	1	13709
68.63	0.8	NonTarget	1	13726
68.71	0.8	NonTarget	1	13742
68.795	0.8	NonTarget	1	13759
68.88	0.8	NonTarget	1	13776
68.96	0.8	NonTarget	1	13792
69.045	0.8	NonTarget	1	13809
69.13	0.8	NonTarget	1	13826
69.215	0.8	NonTarget	1	13843
69.295	0.8	NonTarget	1	13859
69.38	0.8	NonTarget	1	13876
69.46	0.8	NonTarget	1	13892
69.545	0.8	NonTarget	1	13909
69.63	0.8	NonTarget	1	13926
69.715	0.8	NonTarget	1	13943
69.795	0.8	NonTarget	1	13959
70.195	0.8	Target	2	14039
70.28	0.8	NonTarget	1	14056
70.36	0.8	NonTarget	1	14072
70.445	0.8	NonTarget	1	14089
70.53	0.8	NonTarget	1	14106
70.615	0.8	NonTarget	1	14123
70.7	0.8	NonTarget	1	14140
70.78	0.8	NonTarget	1	14156
70.865	0.8	NonTarget	1	14173
70.945	0.8	NonTarget	1	14189
71.03	0.8	NonTarget	1	14206
71.115	0.8	NonTarget	1	14223
71.2	0.8	NonTarget	1	14240
71.28	0.8	NonTarget	1	14256
71.365	0.8	NonTarget	1	14273
71.45	0.8	NonTarget	1	14290
71.53	0.8	NonTarget	1	14306
71.615	0.8	NonTarget	1	14323
71.7	0.8	NonTarget	1	14340
71.785	0.8	NonTarget	1	14357
71.865	0.8	NonTarget	1	14373
71.95	0.8	NonTarget	1	14390
72.035	0.8	NonTarget	1	14407
72.115	0.8	NonTarget	1	14423
72.2	0.8	NonTarget	1	14440
72.285	0.8	NonTarget	1	14457
72.365	0.8	NonTarget	1	14473
72.45	0.8	NonTarget	1	14490
72.535	0.8	NonTarget	1	14507
72.62	0.8	NonTarget	1	14524
73.02	0.8	Target	2	14604
73.1	0.8	NonTarget	1	14620
73.185	0.8	NonTarget	1	14637
73.27	0.8	NonTarget	1	14654
73.35	0.8	NonTarget	1	14670
73.435	0.8	NonTarget	1	14687
73.52	0.8	NonTarget	1	14704
73.605	0.8	NonTarget	1	14721
73.685	0.8	NonTarget	1	14737
73.77	0.8	NonTarget	1	14754
73.85	0.8	NonTarget	1	14770
73.935	0.8	NonTarget	1	14787
74.02	0.8	NonTarget	1	14804
74.105	0.8	NonTarget	1	14821
74.185	0.8	NonTarget	1	14837
74.27	0.8	NonTarget	1	14854
74.355	0.8	NonTarget	1	14871
74.435	0.8	NonTarget	1	14887
74.52	0.8	NonTarget	1	14904
74.6	0.8	NonTarget	1	14920
74.685	0.8	NonTarget	1	14937
74.77	0.8	NonTarget	1	14954
74.855	0.8	NonTarget	1	14971
74.935	0.8	NonTarget	1	14987
75.02	0.8	NonTarget	1	15004
75.105	0.8	NonTarget	1	15021
75.185	0.8	NonTarget	1	15037
75.27	0.8	NonTarget	1	15054
75.355	0.8	NonTarget	1	15071
75.44	0.8	NonTarget	1	15088
75.84	0.8	NonTarget	1	15168
75.92	0.8	NonTarget	1	15184
76.005	0.8	NonTarget	1	15201
76.09	0.8	NonTarget	1	15218
76.17	0.8	NonTarget	1	15234
76.255	0.8	NonTarget	1	15251
76.34	0.8	NonTarget	1	15268
76.42	0.8	NonTarget	1	15284
76.505	0.8	NonTarget	1	15301
76.59	0.8	NonTarget	1	15318
76.67	0.8	NonTarget	1	15334
76.755	0.8	NonTarget	1	15351
76.84	0.8	NonTarget	1	15368
76.92	0.8	NonTarget	1	15384
77.005	0.8	NonTarget	1	15401
77.09	0.8	Target	2	15418
77.175	0.8	NonTarget	1	15435
77.26	0.8	NonTarget	1	15452
77.34	0.8	NonTarget	1	15468
77.425	0.8	NonTarget	1	15485
77.505	0.8	NonTarget	1	15501
77.59	0.8	NonTarget	1	15518
77.675	0.8	NonTarget	1	15535
77.755	0.8	NonTarget	1	15551
77.84	0.8	NonTarget	1	15568
77.925	0.8	NonTarget	1	15585
78.01	0.8	NonTarget	1	15602
78.09	0.8	NonTarget	1	15618
78.175	0.8	NonTarget	1	15635
78.26	0.8	NonTarget	1	15652
86.81	0.8	NonTarget	1	17362
86.885	0.8	NonTarget	1	17377
86.97	0.8	NonTarget	1	17394
87.055	0.8	NonTarget	1	17411
87.14	0.8	NonTarget	1	17428
87.22	0.8	NonTarget	1	17444
87.305	0.8	NonTarget	1	17461
87.39	0.8	NonTarget	1	17478
87.47	0.8	NonTarget	1	17494
87.555	0.8	NonTarget	1	17511
87.64	0.8	NonTarget	1	17528
87.72	0.8	NonTarget	1	17544
87.805	0.8	NonTarget	1	17561
87.89	0.8	Target	2	17578
87.97	0.8	NonTarget	1	17594
88.055	0.8	NonTarget	1	17611
88.14	0.8	NonTarget	1	17628
88.22	0.8	NonTarget	1	17644
88.305	0.8	NonTarget	1	17661
88.39	0.8	NonTarget	1	17678
88.475	0.8	NonTarget	1	17695
88.555	0.8	NonTarget	1	17711
88.64	0.8	NonTarget	1	17728
88.725	0.8	NonTarget	1	17745
88.805	0.8	NonTarget	1	17761
88.89	0.8	NonTarget	1	17778
88.975	0.8	NonTarget	1	17795
89.055	0.8	NonTarget	1	17811
89.14	0.8	NonTarget	1	17828
89.225	0.8	NonTarget	1	17845
89.625	0.8	NonTarget	1	17925
89.71	0.8	NonTarget	1	17942
89.79	0.8	NonTarget	1	17958
89.875	0.8	NonTarget	1	17975
89.955	0.8	NonTarget	1	17991
90.04	0.8	NonTarget	1	18008
90.125	0.8	NonTarget	1	18025
90.21	0.8	NonTarget	1	18042
90.29	0.8	NonTarget	1	18058
90.375	0.8	NonTarget	1	18075
90.46	0.8	NonTarget	1	18092
90.545	0.8	NonTarget	1	18109
90.625	0.8	NonTarget	1	18125
90.71	0.8	Target	2	18142
90.795	0.8	NonTarget	1	18159
90.875	0.8	NonTarget	1	18175
90.96	0.8	NonTarget	1	18192
91.045	0.8	NonTarget	1	18209
91.125	0.8	NonTarget	1	18225
91.21	0.8	NonTarget	1	18242
91.295	0.8	NonTarget	1	18259
91.38	0.8	NonTarget	1	18276
91.46	0.8	NonTarget	1	18292
91.545	0.8	NonTarget	1	18309
91.63	0.8	NonTarget	1	18326
91.71	0.8	NonTarget	1	18342
91.795	0.8	NonTarget	1	18359
91.88	0.8	NonTarget	1	18376
91.96	0.8	NonTarget	1	18392
92.045	0.8	NonTarget	1	18409
92.445	0.8	NonTarget	1	18489
92.53	0.8	NonTarget	1	18506
92.61	0.8	NonTarget	1	18522
92.695	0.8	NonTarget	1	18539
92.78	0.8	NonTarget	1	18556
92.86	0.8	NonTarget	1	18572
92.945	0.8	NonTarget	1	18589
93.03	0.8	NonTarget	1	18606
93.115	0.8	Target	2	18623
93.195	0.8	NonTarget	1	18639
93.28	0.8	NonTarget	1	18656
93.36	0.8	NonTarget	1	18672
93.445	0.8	NonTarget	1	18689
93.53	0.8	NonTarget	1	18706
93.615	0.8	NonTarget	1	18723
93.7	0.8	NonTarget	1	18740
93.78	0.8	NonTarget	1	18756
93.865	0.8	NonTarget	1	18773
93.945	0.8	NonTarget	1	18789
94.03	0.8	NonTarget	1	18806
94.115	0.8	NonTarget	1	18823
94.195	0.8	NonTarget	1	18839
94.28	0.8	NonTarget	1	18856
94.365	0.8	NonTarget	1	18873
94.445	0.8	NonTarget	1	18889
94.53	0.8	NonTarget	1	18906
94.615	0.8	NonTarget	1	18923
94.7	0.8	NonTarget	1	18940
94.78	0.8	NonTarget	1	18956
94.865	0.8	NonTarget	1	18973
95.265	0.8	NonTarget	1	19053
95.35	0.8	NonTarget	1	19070
95.435	0.8	NonTarget	1	19087
95.515	0.8	NonTarget	1	19103
95.6	0.8	NonTarget	1	19120
95.685	0.8	NonTarget	1	19137
95.765	0.8	NonTarget	1	19153
95.85	0.8	NonTarget	1	19170
95.935	0.8	NonTarget	1	19187
96.015	0.8	NonTarget	1	19203
96.1	0.8	NonTarget	1	19220
96.185	0.8	NonTarget	1	19237
96.265	0.8	NonTarget	1	19253
96.35	0.8	NonTarget	1	19270
96.435	0.8	NonTarget	1	19287
96.52	0.8	NonTarget	1	19304
96.6	0.8	NonTarget	1	19320
96.685	0.8	NonTarget	1	19337
96.77	0.8	NonTarget	1	19354
96.85	0.8	NonTarget	1	19370
96.935	0.8	NonTarget	1	19387
97.02	0.8	NonTarget	1	19404
97.1	0.8	NonTarget	1	19420
97.185	0.8	NonTarget	1	19437
97.27	0.8	NonTarget	1	19454
97.35	0.8	NonTarget	1	19470
97.435	0.8	NonTarget	1	19487
97.52	0.8	NonTarget	1	19504
97.605	0.8	Target	2	19521
97.685	0.8	NonTarget	1	19537
98.085	0.8	NonTarget	1	19617
98.17	0.8	NonTarget	1	19634
98.255	0.8	NonTarget	1	19651
98.335	0.8	NonTarget	1	19667
98.42	0.8	NonTarget	1	19684
98.505	0.8	NonTarget	1	19701
98.585	0.8	NonTarget	1	19717
98.67	0.8	NonTarget	1	19734
98.755	0.8	NonTarget	1	19751
98.84	0.8	NonTarget	1	19768
98.92	0.8	NonTarget	1	19784
99.005	0.8	NonTarget	1	19801
99.09	0.8	NonTarget	1	19818
99.17	0.8	NonTarget	1	19834
99.255	0.8	NonTarget	1	19851
99.34	0.8	NonTarget	1	19868
99.42	0.8	NonTarget	1	19884
99.505	0.8	NonTarget	1	19901
99.59	0.8	Target	2	19918
99.67	0.8	NonTarget	1	19934
99.755	0.8	NonTarget	1	19951
99.84	0.8	NonTarget	1	19968
99.92	0.8	NonTarget	1	19984
100.005	0.8	NonTarget	1	20001
100.09	0.8	NonTarget	1	20018
100.175	0.8	NonTarget	1	20035
100.255	0.8	NonTarget	1	20051
100.34	0.8	NonTarget	1	20068
100.425	0.8	NonTarget	1	20085
100.505	0.8	NonTarget	1	20101
100.905	0.8	NonTarget	1	20181
100.99	0.8	NonTarget	1	20198
101.075	0.8	NonTarget	1	20215
101.16	0.8	NonTarget	1	20232
101.24	0.8	NonTarget	1	20248
101.325	0.8	NonTarget	1	20265
101.41	0.8	NonTarget	1	20282
101.49	0.8	NonTarget	1	20298
101.575	0.8	NonTarget	1	20315
101.66	0.8	NonTarget	1	20332
101.74	0.8	NonTarget	1	20348
101.825	0.8	NonTarget	1	20365
101.91	0.8	NonTarget	1	20382
101.99	0.8	NonTarget	1	20398
102.075	0.8	NonTarget	1	20415
102.16	0.8	NonTarget	1	20432
102.24	0.8	NonTarget	1	20448
102.325	0.8	NonTarget	1	20465
102.41	0.8	NonTarget	1	20482
102.495	0.8	NonTarget	1	20499
102.575	0.8	NonTarget	1	20515
102.66	0.8	NonTarget	1	20532
102.745	0.8	NonTarget	1	20549
102.825	0.8	NonTarget	1	20565
102.91	0.8	NonTarget	1	20582
102.995	0.8	NonTarget	1	20599
103.075	0.8	NonTarget	1	20615
103.16	0.8	NonTarget	1	20632
103.245	0.8	Target	2	20649
103.325	0.8	NonTarget	1	20665
103.725	0.8	NonTarget	1	20745
103.81	0.8	NonTarget	1	20762
103.895	0.8	NonTarget	1	20779
103.98	0.8	NonTarget	1	20796
104.06	0.8	NonTarget	1	20812
104.145	0.8	NonTarget	1	20829
104.23	0.8	NonTarget	1	20846
104.31	0.8	NonTarget	1	20862
104.395	0.8	NonTarget	1	20879
104.48	0.8	NonTarget	1	20896
104.56	0.8	NonTarget	1	20912
104.645	0.8	NonTarget	1	20929
104.73	0.8	NonTarget	1	20946
104.815	0.8	Target	2	20963
104.895	0.8	NonTarget	1	20979
104.98	0.8	NonTarget	1	20996
105.065	0.8	NonTarget	1	21013
105.145	0.8	NonTarget	1	21029
105.23	0.8	NonTarget	1	21046
105.315	0.8	NonTarget	1	21063
105.395	0.8	NonTarget	1	21079
105.48	0.8	NonTarget	1	21096
105.565	0.8	NonTarget	1	21113
105.65	0.8	NonTarget	1	21130
105.73	0.8	NonTarget	1	21146
105.815	0.8	NonTarget	1	21163
105.9	0.8	NonTarget	1	21180
105.98	0.8	NonTarget	1	21196
106.065	0.8	NonTarget	1	21213
106.145	0.8	NonTarget	1	21229
106.55	0.8	NonTarget	1	21310
106.63	0.8	NonTarget	1	21326
106.715	0.8	NonTarget	1	21343
106.8	0.8	NonTarget	1	21360
106.88	0.8	NonTarget	1	21376
106.965	0.8	NonTarget	1	21393
107.05	0.8	NonTarget	1	21410
107.13	0.8	NonTarget	1	21426
107.215	0.8	Target	2	21443
107.3	0.8	NonTarget	1	21460
107.385	0.8	NonTarget	1	21477
107.465	0.8	NonTarget	1	21493
107.55	0.8	NonTarget	1	21510
107.635	0.8	NonTarget	1	21527
107.715	0.8	NonTarget	1	21543
107.8	0.8	NonTarget	1	21560
107.885	0.8	NonTarget	1	21577
107.965	0.8	NonTarget	1	21593
108.05	0.8	NonTarget	1	21610
108.135	0.8	NonTarget	1	21627
108.22	0.8	NonTarget	1	21644
108.3	0.8	NonTarget	1	21660
108.385	0.8	NonTarget	1	21677
108.465	0.8	NonTarget	1	21693
108.55	0.8	NonTarget	1	21710
108.635	0.8	NonTarget	1	21727
108.72	0.8	NonTarget	1	21744
108.8	0.8	NonTarget	1	21760
108.885	0.8	NonTarget	1	21777
108.97	0.8	NonTarget	1	21794
109.37	0.8	NonTarget	1	21874
109.455	0.8	NonTarget	1	21891
109.535	0.8	NonTarget	1	21907
109.62	0.8	NonTarget	1	21924
109.705	0.8	NonTarget	1	21941
109.785	0.8	NonTarget	1	21957
109.87	0.8	NonTarget	1	21974
109.955	0.8	NonTarget	1	21991
110.035	0.8	Target	2	22007
110.12	0.8	NonTarget	1	22024
110.205	0.8	NonTarget	1	22041
110.285	0.8	NonTarget	1	22057
110.37	0.8	NonTarget	1	22074
110.455	0.8	NonTarget	1	22091
110.54	0.8	NonTarget	1	22108
110.62	0.8	NonTarget	1	22124
110.705	0.8	NonTarget	1	22141
110.79	0.8	NonTarget	1	22158
110.87	0.8	NonTarget	1	22174
110.955	0.8	NonTarget	1	22191
111.04	0.8	NonTarget	1	22208
111.12	0.8	NonTarget	1	22224
111.205	0.8	NonTarget	1	22241
111.29	0.8	NonTarget	1	22258
111.37	0.8	NonTarget	1	22274
111.455	0.8	NonTarget	1	22291
111.54	0.8	NonTarget	1	22308
111.625	0.8	NonTarget	1	22325
111.705	0.8	NonTarget	1	22341
111.79	0.8	NonTarget	1	22358
112.19	0.8	NonTarget	1	22438
112.275	0.8	NonTarget	1	22455
112.355	0.8	NonTarget	1	22471
112.44	0.8	NonTarget	1	22488
112.525	0.8	NonTarget	1	22505
112.605	0.8	NonTarget	1	22521
112.69	0.8	NonTarget	1	22538
112.775	0.8	NonTarget	1	22555
112.86	0.8	Target	2	22572
112.94	0.8	NonTarget	1	22588
113.025	0.8	NonTarget	1	22605
113.11	0.8	NonTarget	1	22622
113.19	0.8	NonTarget	1	22638
113.275	0.8	NonTarget	1	22655
113.36	0.8	NonTarget	1	22672
113.44	0.8	NonTarget	1	22688
113.525	0.8	NonTarget	1	22705
113.61	0.8	NonTarget	1	22722
113.69	0.8	NonTarget	1	22738
113.775	0.8	NonTarget	1	22755
113.86	0.8	NonTarget	1	22772
113.945	0.8	NonTarget	1	22789
114.025	0.8	NonTarget	1	22805
114.11	0.8	NonTarget	1	22822
114.19	0.8	NonTarget	1	22838
114.275	0.8	NonTarget	1	22855
114.36	0.8	NonTarget	1	22872
114.445	0.8	NonTarget	1	22889
114.525	0.8	NonTarget	1	22905
114.61	0.8	NonTarget	1	22922
123.175	0.8	NonTarget	1	24635
123.255	0.8	NonTarget	1	24651
123.34	0.8	NonTarget	1	24668
123.42	0.8	NonTarget	1	24684
123.505	0.8	NonTarget	1	24701
123.59	0.8	NonTarget	1	24718
123.675	0.8	NonTarget	1	24735
123.755	0.8	Target	2	24751
123.84	0.8	NonTarget	1	24768
123.925	0.8	NonTarget	1	24785
124.005	0.8	NonTarget	1	24801
124.09	0.8	NonTarget	1	24818
124.175	0.8	NonTarget	1	24835
124.26	0.8	NonTarget	1	24852
124.34	0.8	NonTarget	1	24868
124.42	0.8	NonTarget	1	24884
124.505	0.8	NonTarget	1	24901
124.59	0.8	NonTarget	1	24918
124.675	0.8	NonTarget	1	24935
124.76	0.8	NonTarget	1	24952
124.84	0.8	NonTarget	1	24968
124.925	0.8	NonTarget	1	24985
125.005	0.8	NonTarget	1	25001
125.09	0.8	NonTarget	1	25018
125.175	0.8	NonTarget	1	25035
125.26	0.8	NonTarget	1	25052
125.34	0.8	NonTarget	1	25068
125.425	0.8	NonTarget	1	25085
125.51	0.8	NonTarget	1	25102
125.59	0.8	NonTarget	1	25118
125.99	0.8	NonTarget	1	25198
126.075	0.8	NonTarget	1	25215
126.16	0.8	NonTarget	1	25232
126.245	0.8	NonTarget	1	25249
126.325	0.8	NonTarget	1	25265
126.41	0.8	NonTarget	1	25282
126.49	0.8	NonTarget	1	25298
126.575	0.8	NonTarget	1	25315
126.66	0.8	NonTarget	1	25332
126.745	0.8	NonTarget	1	25349
126.825	0.8	NonTarget	1	25365
126.91	0.8	NonTarget	1	25382
126.995	0.8	NonTarget	1	25399
127.075	0.8	NonTarget	1	25415
127.16	0.8	NonTarget	1	25432
127.245	0.8	NonTarget	1	25449
127.325	0.8	NonTarget	1	25465
127.41	0.8	NonTarget	1	25482
127.495	0.8	NonTarget	1	25499
127.58	0.8	NonTarget	1	25516
127.665	0.8	NonTarget	1	25533
127.745	0.8	NonTarget	1	25549
127.83	0.8	Target	2	25566
127.91	0.8	NonTarget	1	25582
127.995	0.8	NonTarget	1	25599
128.08	0.8	NonTarget	1	25616
128.16	0.8	NonTarget	1	25632
128.245	0.8	NonTarget	1	25649
128.33	0.8	NonTarget	1	25666
128.41	0.8	NonTarget	1	25682
128.815	0.8	NonTarget	1	25763
128.895	0.8	NonTarget	1	25779
128.98	0.8	NonTarget	1	25796
129.065	0.8	NonTarget	1	25813
129.15	0.8	NonTarget	1	25830
129.23	0.8	NonTarget	1	25846
129.315	0.8	NonTarget	1	25863
129.395	0.8	Target	2	25879
129.48	0.8	NonTarget	1	25896
129.565	0.8	NonTarget	1	25913
129.65	0.8	NonTarget	1	25930
129.73	0.8	NonTarget	1	25946
129.815	0.8	NonTarget	1	25963
129.9	0.8	NonTarget	1	25980
129.98	0.8	NonTarget	1	25996
130.065	0.8	NonTarget	1	26013
130.15	0.8	NonTarget	1	26030
130.23	0.8	NonTarget	1	26046
130.315	0.8	NonTarget	1	26063
130.4	0.8	NonTarget	1	26080
130.48	0.8	NonTarget	1	26096
130.565	0.8	NonTarget	1	26113
130.65	0.8	NonTarget	1	26130
130.73	0.8	NonTarget	1	26146
130.815	0.8	NonTarget	1	26163
130.9	0.8	NonTarget	1	26180
130.985	0.8	NonTarget	1	26197
131.065	0.8	NonTarget	1	26213
131.15	0.8	NonTarget	1	26230
131.235	0.8	NonTarget	1	26247
131.635	0.8	NonTarget	1	26327
131.72	0.8	NonTarget	1	26344
131.8	0.8	NonTarget	1	26360
131.885	0.8	NonTarget	1	26377
131.97	0.8	NonTarget	1	26394
132.05	0.8	NonTarget	1	26410
132.135	0.8	NonTarget	1	26427
132.22	0.8	NonTarget	1	26444
132.3	0.8	NonTarget	1	26460
132.385	0.8	NonTarget	1	26477
132.47	0.8	NonTarget	1	26494
132.55	0.8	NonTarget	1	26510
132.635	0.8	NonTarget	1	26527
132.72	0.8	NonTarget	1	26544
132.8	0.8	NonTarget	1	26560
132.885	0.8	NonTarget	1	26577
132.97	0.8	NonTarget	1	26594
133.05	0.8	Target	2	26610
133.135	0.8	NonTarget	1	26627
133.22	0.8	NonTarget	1	26644
133.305	0.8	NonTarget	1	26661
133.385	0.8	NonTarget	1	26677
133.47	0.8	NonTarget	1	26694
133.555	0.8	NonTarget	1	26711
133.635	0.8	NonTarget	1	26727
133.72	0.8	NonTarget	1	26744
133.805	0.8	NonTarget	1	26761
133.885	0.8	NonTarget	1	26777
133.97	0.8	NonTarget	1	26794
134.055	0.8	NonTarget	1	26811
134.455	0.8	NonTarget	1	26891
134.54	0.8	NonTarget	1	26908
134.62	0.8	NonTarget	1	26924
134.705	0.8	NonTarget	1	26941
134.785	0.8	NonTarget	1	26957
134.87	0.8	NonTarget	1	26974
134.955	0.8	NonTarget	1	26991
135.04	0.8	NonTarget	1	27008
135.125	0.8	NonTarget	1	27025
135.205	0.8	NonTarget	1	27041
135.29	0.8	NonTarget	1	27058
135.37	0.8	NonTarget	1	27074
135.455	0.8	NonTarget	1	27091
135.54	0.8	NonTarget	1	27108
135.625	0.8	NonTarget	1	27125
135.705	0.8	NonTarget	1	27141
135.79	0.8	NonTarget	1	27158
135.875	0.8	NonTarget	1	27175
135.955	0.8	NonTarget	1	27191
136.04	0.8	NonTarget	1	27208
136.125	0.8	NonTarget	1	27225
136.205	0.8	NonTarget	1	27241
136.29	0.8	Target	2	27258
136.375	0.8	NonTarget	1	27275
136.455	0.8	NonTarget	1	27291
136.54	0.8	NonTarget	1	27308
136.625	0.8	NonTarget	1	27325
136.71	0.8	NonTarget	1	27342
136.79	0.8	NonTarget	1	27358
136.875	0.8	NonTarget	1	27375
137.275	0.8	NonTarget	1	27455
137.36	0.8	NonTarget	1	27472
137.44	0.8	NonTarget	1	27488
137.525	0.8	NonTarget	1	27505
137.61	0.8	NonTarget	1	27522
137.69	0.8	NonTarget	1	27538
137.775	0.8	NonTarget	1	27555
137.86	0.8	NonTarget	1	27572
137.945	0.8	NonTarget	1	27589
138.025	0.8	NonTarget	1	27605
138.11	0.8	NonTarget	1	27622
138.195	0.8	NonTarget	1	27639
138.275	0.8	Target	2	27655
138.36	0.8	NonTarget	1	27672
138.445	0.8	NonTarget	1	27689
138.525	0.8	NonTarget	1	27705
138.61	0.8	NonTarget	1	27722
138.695	0.8	NonTarget	1	27739
138.78	0.8	NonTarget	1	27756
138.86	0.8	NonTarget	1	27772
138.945	0.8	NonTarget	1	27789
139.03	0.8	NonTarget	1	27806
139.11	0.8	NonTarget	1	27822
139.195	0.8	NonTarget	1	27839
139.28	0.8	NonTarget	1	27856
139.36	0.8	NonTarget	1	27872
139.445	0.8	NonTarget	1	27889
139.53	0.8	NonTarget	1	27906
139.61	0.8	NonTarget	1	27922
139.695	0.8	NonTarget	1	27939
140.095	0.8	NonTarget	1	28019
140.18	0.8	NonTarget	1	28036
140.265	0.8	NonTarget	1	28053
140.35	0.8	NonTarget	1	28070
140.43	0.8	NonTarget	1	28086
140.515	0.8	NonTarget	1	28103
140.595	0.8	NonTarget	1	28119
140.68	0.8	NonTarget	1	28136
140.765	0.8	NonTarget	1	28153
140.845	0.8	NonTarget	1	28169
140.93	0.8	NonTarget	1	28186
141.015	0.8	NonTarget	1	28203
141.095	0.8	Target	2	28219
141.18	0.8	NonTarget	1	28236
141.265	0.8	NonTarget	1	28253
141.345	0.8	NonTarget	1	28269
141.43	0.8	NonTarget	1	28286
141.515	0.8	NonTarget	1	28303
141.6	0.8	NonTarget	1	28320
141.68	0.8	NonTarget	1	28336
141.765	0.8	NonTarget	1	28353
141.845	0.8	NonTarget	1	28369
141.935	0.8	NonTarget	1	28387
142.015	0.8	NonTarget	1	28403
142.1	0.8	NonTarget	1	28420
142.185	0.8	NonTarget	1	28437
142.265	0.8	NonTarget	1	28453
142.35	0.8	NonTarget	1	28470
142.435	0.8	NonTarget	1	28487
142.515	0.8	NonTarget	1	28503
142.915	0.8	NonTarget	1	28583
143.0	0.8	NonTarget	1	28600
143.085	0.8	NonTarget	1	28617
143.165	0.8	NonTarget	1	28633
143.25	0.8	NonTarget	1	28650
143.335	0.8	NonTarget	1	28667
143.42	0.8	NonTarget	1	28684
143.5	0.8	NonTarget	1	28700
143.585	0.8	NonTarget	1	28717
143.67	0.8	NonTarget	1	28734
143.75	0.8	NonTarget	1	28750
143.835	0.8	NonTarget	1	28767
143.915	0.8	NonTarget	1	28783
144.0	0.8	NonTarget	1	28800
144.085	0.8	NonTarget	1	28817
144.17	0.8	NonTarget	1	28834
144.25	0.8	NonTarget	1	28850
144.335	0.8	NonTarget	1	28867
144.42	0.8	NonTarget	1	28884
144.505	0.8	NonTarget	1	28901
144.585	0.8	NonTarget	1	28917
144.67	0.8	NonTarget	1	28934
144.75	0.8	Target	2	28950
144.835	0.8	NonTarget	1	28967
144.92	0.8	NonTarget	1	28984
145.005	0.8	NonTarget	1	29001
145.085	0.8	NonTarget	1	29017
145.17	0.8	NonTarget	1	29034
145.255	0.8	NonTarget	1	29051
145.335	0.8	NonTarget	1	29067
145.735	0.8	NonTarget	1	29147
145.82	0.8	NonTarget	1	29164
145.905	0.8	Target	2	29181
145.985	0.8	NonTarget	1	29197
146.07	0.8	NonTarget	1	29214
146.155	0.8	NonTarget	1	29231
146.24	0.8	NonTarget	1	29248
146.32	0.8	NonTarget	1	29264
146.405	0.8	NonTarget	1	29281
146.49	0.8	NonTarget	1	29298
146.57	0.8	NonTarget	1	29314
146.655	0.8	NonTarget	1	29331
146.74	0.8	NonTarget	1	29348
146.82	0.8	NonTarget	1	29364
146.905	0.8	NonTarget	1	29381
146.99	0.8	NonTarget	1	29398
147.075	0.8	NonTarget	1	29415
147.155	0.8	NonTarget	1	29431
147.24	0.8	NonTarget	1	29448
147.32	0.8	NonTarget	1	29464
147.405	0.8	NonTarget	1	29481
147.49	0.8	NonTarget	1	29498
147.575	0.8	NonTarget	1	29515
147.655	0.8	NonTarget	1	29531
147.74	0.8	NonTarget	1	29548
147.825	0.8	NonTarget	1	29565
147.905	0.8	NonTarget	1	29581
147.99	0.8	NonTarget	1	29598
148.075	0.8	NonTarget	1	29615
148.155	0.8	NonTarget	1	29631
148.56	0.8	NonTarget	1	29712
148.64	0.8	NonTarget	1	29728
148.725	0.8	NonTarget	1	29745
148.81	0.8	NonTarget	1	29762
148.89	0.8	NonTarget	1	29778
148.975	0.8	NonTarget	1	29795
149.06	0.8	NonTarget	1	29812
149.14	0.8	Target	2	29828
149.225	0.8	NonTarget	1	29845
149.31	0.8	NonTarget	1	29862
149.39	0.8	NonTarget	1	29878
149.475	0.8	NonTarget	1	29895
149.56	0.8	NonTarget	1	29912
149.645	0.8	NonTarget	1	29929
149.725	0.8	NonTarget	1	29945
149.81	0.8	NonTarget	1	29962
149.89	0.8	NonTarget	1	29978
149.975	0.8	NonTarget	1	29995
150.06	0.8	NonTarget	1	30012
150.145	0.8	NonTarget	1	30029
150.225	0.8	NonTarget	1	30045
150.31	0.8	NonTarget	1	30062
150.395	0.8	NonTarget	1	30079
150.475	0.8	NonTarget	1	30095
150.56	0.8	NonTarget	1	30112
150.645	0.8	NonTarget	1	30129
150.73	0.8	NonTarget	1	30146
150.81	0.8	NonTarget	1	30162
150.895	0.8	NonTarget	1	30179
150.98	0.8	NonTarget	1	30196
159.53	0.8	NonTarget	1	31906
159.605	0.8	NonTarget	1	31921
159.69	0.8	Target	2	31938
159.775	0.8	NonTarget	1	31955
159.855	0.8	NonTarget	1	31971
159.94	0.8	NonTarget	1	31988
160.025	0.8	NonTarget	1	32005
160.105	0.8	NonTarget	1	32021
160.19	0.8	NonTarget	1	32038
160.275	0.8	NonTarget	1	32055
160.36	0.8	NonTarget	1	32072
160.44	0.8	NonTarget	1	32088
160.525	0.8	NonTarget	1	32105
160.61	0.8	NonTarget	1	32122
160.69	0.8	NonTarget	1	32138
160.775	0.8	NonTarget	1	32155
160.86	0.8	NonTarget	1	32172
160.94	0.8	NonTarget	1	32188
161.025	0.8	NonTarget	1	32205
161.11	0.8	NonTarget	1	32222
161.19	0.8	NonTarget	1	32238
161.275	0.8	NonTarget	1	32255
161.36	0.8	NonTarget	1	32272
161.445	0.8	NonTarget	1	32289
161.525	0.8	NonTarget	1	32305
161.61	0.8	NonTarget	1	32322
161.695	0.8	NonTarget	1	32339
161.775	0.8	NonTarget	1	32355
161.86	0.8	NonTarget	1	32372
161.945	0.8	NonTarget	1	32389
162.345	0.8	NonTarget	1	32469
162.43	0.8	NonTarget	1	32486
162.51	0.8	NonTarget	1	32502
162.595	0.8	NonTarget	1	32519
162.68	0.8	NonTarget	1	32536
162.76	0.8	NonTarget	1	32552
162.845	0.8	NonTarget	1	32569
162.93	0.8	NonTarget	1	32586
163.01	0.8	NonTarget	1	32602
163.095	0.8	NonTarget	1	32619
163.18	0.8	NonTarget	1	32636
163.265	0.8	NonTarget	1	32653
163.345	0.8	Target	2	32669
163.43	0.8	NonTarget	1	32686
163.515	0.8	NonTarget	1	32703
163.595	0.8	NonTarget	1	32719
163.68	0.8	NonTarget	1	32736
163.765	0.8	NonTarget	1	32753
163.845	0.8	NonTarget	1	32769
163.93	0.8	NonTarget	1	32786
164.015	0.8	NonTarget	1	32803
164.095	0.8	NonTarget	1	32819
164.18	0.8	NonTarget	1	32836
164.265	0.8	NonTarget	1	32853
164.345	0.8	NonTarget	1	32869
164.43	0.8	NonTarget	1	32886
164.515	0.8	NonTarget	1	32903
164.6	0.8	NonTarget	1	32920
164.68	0.8	NonTarget	1	32936
164.765	0.8	NonTarget	1	32953
165.165	0.8	NonTarget	1	33033
165.245	0.8	NonTarget	1	33049
165.33	0.8	NonTarget	1	33066
165.415	0.8	NonTarget	1	33083
165.5	0.8	NonTarget	1	33100
165.585	0.8	NonTarget	1	33117
165.665	0.8	NonTarget	1	33133
165.75	0.8	NonTarget	1	33150
165.83	0.8	NonTarget	1	33166
165.915	0.8	NonTarget	1	33183
166.0	0.8	NonTarget	1	33200
166.085	0.8	NonTarget	1	33217
166.165	0.8	NonTarget	1	33233
166.25	0.8	NonTarget	1	33250
166.335	0.8	NonTarget	1	33267
166.415	0.8	NonTarget	1	33283
166.5	0.8	NonTarget	1	33300
166.585	0.8	NonTarget	1	33317
166.665	0.8	NonTarget	1	33333
166.75	0.8	NonTarget	1	33350
166.835	0.8	NonTarget	1	33367
166.915	0.8	NonTarget	1	33383
167.0	0.8	NonTarget	1	33400
167.085	0.8	NonTarget	1	33417
167.165	0.8	NonTarget	1	33433
167.25	0.8	NonTarget	1	33450
167.335	0.8	NonTarget	1	33467
167.42	0.8	Target	2	33484
167.5	0.8	NonTarget	1	33500
167.585	0.8	NonTarget	1	33517
167.985	0.8	NonTarget	1	33597
168.07	0.8	NonTarget	1	33614
168.15	0.8	Target	2	33630
168.235	0.8	NonTarget	1	33647
168.32	0.8	NonTarget	1	33664
168.4	0.8	NonTarget	1	33680
168.485	0.8	NonTarget	1	33697
168.57	0.8	NonTarget	1	33714
168.655	0.8	NonTarget	1	33731
168.735	0.8	NonTarget	1	33747
168.82	0.8	NonTarget	1	33764
168.905	0.8	NonTarget	1	33781
168.985	0.8	NonTarget	1	33797
169.07	0.8	NonTarget	1	33814
169.155	0.8	NonTarget	1	33831
169.235	0.8	NonTarget	1	33847
169.32	0.8	NonTarget	1	33864
169.405	0.8	NonTarget	1	33881
169.49	0.8	NonTarget	1	33898
169.57	0.8	NonTarget	1	33914
169.655	0.8	NonTarget	1	33931
169.74	0.8	NonTarget	1	33948
169.82	0.8	NonTarget	1	33964
169.905	0.8	NonTarget	1	33981
169.99	0.8	NonTarget	1	33998
170.07	0.8	NonTarget	1	34014
170.155	0.8	NonTarget	1	34031
170.24	0.8	NonTarget	1	34048
170.32	0.8	NonTarget	1	34064
170.405	0.8	NonTarget	1	34081
170.805	0.8	NonTarget	1	34161
170.89	0.8	NonTarget	1	34178
170.975	0.8	NonTarget	1	34195
171.055	0.8	NonTarget	1	34211
171.14	0.8	NonTarget	1	34228
171.225	0.8	NonTarget	1	34245
171.31	0.8	NonTarget	1	34262
171.39	0.8	NonTarget	1	34278
171.475	0.8	NonTarget	1	34295
171.555	0.8	NonTarget	1	34311
171.64	0.8	NonTarget	1	34328
171.725	0.8	NonTarget	1	34345
171.805	0.8	NonTarget	1	34361
171.89	0.8	NonTarget	1	34378
171.975	0.8	NonTarget	1	34395
172.06	0.8	NonTarget	1	34412
172.14	0.8	NonTarget	1	34428
172.225	0.8	NonTarget	1	34445
172.31	0.8	NonTarget	1	34462
172.39	0.8	NonTarget	1	34478
172.475	0.8	NonTarget	1	34495
172.56	0.8	NonTarget	1	34512
172.64	0.8	Target	2	34528
172.725	0.8	NonTarget	1	34545
172.81	0.8	NonTarget	1	34562
172.895	0.8	NonTarget	1	34579
172.975	0.8	NonTarget	1	34595
173.06	0.8	NonTarget	1	34612
173.145	0.8	NonTarget	1	34629
173.225	0.8	NonTarget	1	34645
173.625	0.8	NonTarget	1	34725
173.71	0.8	NonTarget	1	34742
173.795	0.8	NonTarget	1	34759
173.875	0.8	NonTarget	1	34775
173.96	0.8	NonTarget	1	34792
174.045	0.8	NonTarget	1	34809
174.125	0.8	NonTarget	1	34825
174.21	0.8	NonTarget	1	34842
174.295	0.8	NonTarget	1	34859
174.38	0.8	NonTarget	1	34876
174.46	0.8	NonTarget	1	34892
174.545	0.8	NonTarget	1	34909
174.63	0.8	NonTarget	1	34926
174.71	0.8	NonTarget	1	34942
174.795	0.8	NonTarget	1	34959
174.88	0.8	NonTarget	1	34976
174.96	0.8	NonTarget	1	34992
175.045	0.8	Target	2	35009
175.13	0.8	NonTarget	1	35026
175.215	0.8	NonTarget	1	35043
175.295	0.8	NonTarget	1	35059
175.38	0.8	NonTarget	1	35076
175.465	0.8	NonTarget	1	35093
175.545	0.8	NonTarget	1	35109
175.63	0.8	NonTarget	1	35126
175.715	0.8	NonTarget	1	35143
175.795	0.8	NonTarget	1	35159
175.88	0.8	NonTarget	1	35176
175.965	0.8	NonTarget	1	35193
176.05	0.8	NonTarget	1	35210
176.445	0.8	NonTarget	1	35289
176.53	0.8	NonTarget	1	35306
176.615	0.8	NonTarget	1	35323
176.7	0.8	NonTarget	1	35340
176.78	0.8	NonTarget	1	35356
176.865	0.8	NonTarget	1	35373
176.95	0.8	NonTarget	1	35390
177.03	0.8	NonTarget	1	35406
177.115	0.8	NonTarget	1	35423
177.2	0.8	NonTarget	1	35440
177.28	0.8	NonTarget	1	35456
177.365	0.8	NonTarget	1	35473
177.45	0.8	NonTarget	1	35490
177.53	0.8	NonTarget	1	35506
177.615	0.8	NonTarget	1	35523
177.7	0.8	NonTarget	1	35540
177.785	0.8	NonTarget	1	35557
177.865	0.8	NonTarget	1	35573
177.95	0.8	NonTarget	1	35590
178.035	0.8	NonTarget	1	35607
178.115	0.8	NonTarget	1	35623
178.2	0.8	NonTarget	1	35640
178.285	0.8	Target	2	35657
178.365	0.8	NonTarget	1	35673
178.45	0.8	NonTarget	1	35690
178.535	0.8	NonTarget	1	35707
178.62	0.8	NonTarget	1	35724
178.7	0.8	NonTarget	1	35740
178.785	0.8	NonTarget	1	35757
178.865	0.8	NonTarget	1	35773
179.27	0.8	NonTarget	1	35854
179.35	0.8	NonTarget	1	35870
179.435	0.8	Target	2	35887
179.52	0.8	NonTarget	1	35904
179.605	0.8	NonTarget	1	35921
179.685	0.8	NonTarget	1	35937
179.77	0.8	NonTarget	1	35954
179.855	0.8	NonTarget	1	35971
179.935	0.8	NonTarget	1	35987
180.02	0.8	NonTarget	1	36004
180.105	0.8	NonTarget	1	36021
180.185	0.8	NonTarget	1	36037
180.27	0.8	NonTarget	1	36054
180.355	0.8	NonTarget	1	36071
180.435	0.8	NonTarget	1	36087
180.52	0.8	NonTarget	1	36104
180.605	0.8	NonTarget	1	36121
180.685	0.8	NonTarget	1	36137
180.77	0.8	NonTarget	1	36154
180.85	0.8	NonTarget	1	36170
180.94	0.8	NonTarget	1	36188
181.02	0.8	NonTarget	1	36204
181.105	0.8	NonTarget	1	36221
181.185	0.8	NonTarget	1	36237
181.27	0.8	NonTarget	1	36254
181.355	0.8	NonTarget	1	36271
181.44	0.8	NonTarget	1	36288
181.52	0.8	NonTarget	1	36304
181.605	0.8	NonTarget	1	36321
181.685	0.8	NonTarget	1	36337
182.09	0.8	NonTarget	1	36418
182.175	0.8	NonTarget	1	36435
182.255	0.8	NonTarget	1	36451
182.34	0.8	NonTarget	1	36468
182.42	0.8	NonTarget	1	36484
182.505	0.8	NonTarget	1	36501
182.59	0.8	NonTarget	1	36518
182.675	0.8	NonTarget	1	36535
182.755	0.8	NonTarget	1	36551
182.84	0.8	NonTarget	1	36568
182.92	0.8	NonTarget	1	36584
183.005	0.8	NonTarget	1	36601
183.09	0.8	NonTarget	1	36618
183.175	0.8	NonTarget	1	36635
183.26	0.8	NonTarget	1	36652
183.34	0.8	NonTarget	1	36668
183.425	0.8	NonTarget	1	36685
183.505	0.8	NonTarget	1	36701
183.59	0.8	NonTarget	1	36718
183.675	0.8	NonTarget	1	36735
183.755	0.8	NonTarget	1	36751
183.84	0.8	NonTarget	1	36768
183.925	0.8	Target	2	36785
184.01	0.8	NonTarget	1	36802
184.09	0.8	NonTarget	1	36818
184.175	0.8	NonTarget	1	36835
184.255	0.8	NonTarget	1	36851
184.345	0.8	NonTarget	1	36869
184.425	0.8	NonTarget	1	36885
184.51	0.8	NonTarget	1	36902
184.91	0.8	NonTarget	1	36982
184.995	0.8	NonTarget	1	36999
185.075	0.8	NonTarget	1	37015
185.16	0.8	NonTarget	1	37032
185.245	0.8	NonTarget	1	37049
185.325	0.8	NonTarget	1	37065
185.41	0.8	NonTarget	1	37082
185.495	0.8	NonTarget	1	37099
185.58	0.8	NonTarget	1	37116
185.66	0.8	NonTarget	1	37132
185.745	0.8	NonTarget	1	37149
185.825	0.8	NonTarget	1	37165
185.91	0.8	NonTarget	1	37182
185.995	0.8	NonTarget	1	37199
186.08	0.8	NonTarget	1	37216
186.16	0.8	NonTarget	1	37232
186.245	0.8	NonTarget	1	37249
186.33	0.8	NonTarget	1	37266
186.41	0.8	NonTarget	1	37282
186.495	0.8	NonTarget	1	37299
186.58	0.8	NonTarget	1	37316
186.66	0.8	NonTarget	1	37332
186.745	0.8	Target	2	37349
186.83	0.8	NonTarget	1	37366
186.91	0.8	NonTarget	1	37382
186.995	0.8	NonTarget	1	37399
187.08	0.8	NonTarget	1	37416
187.16	0.8	NonTarget	1	37432
187.245	0.8	NonTarget	1	37449
187.33	0.8	NonTarget	1	37466
195.895	0.8	NonTarget	1	39179
195.975	0.8	NonTarget	1	39195
196.06	0.8	NonTarget	1	39212
196.14	0.8	NonTarget	1	39228
196.225	0.8	NonTarget	1	39245
196.31	0.8	NonTarget	1	39262
196.39	0.8	NonTarget	1	39278
196.475	0.8	NonTarget	1	39295
196.56	0.8	NonTarget	1	39312
196.64	0.8	NonTarget	1	39328
196.725	0.8	NonTarget	1	39345
196.81	0.8	NonTarget	1	39362
196.895	0.8	Target	2	39379
196.975	0.8	NonTarget	1	39395
197.06	0.8	NonTarget	1	39412
197.145	0.8	NonTarget	1	39429
197.225	0.8	NonTarget	1	39445
197.31	0.8	NonTarget	1	39462
197.395	0.8	NonTarget	1	39479
197.475	0.8	NonTarget	1	39495
197.56	0.8	NonTarget	1	39512
197.645	0.8	NonTarget	1	39529
197.725	0.8	NonTarget	1	39545
197.81	0.8	NonTarget	1	39562
197.895	0.8	NonTarget	1	39579
197.98	0.8	NonTarget	1	39596
198.06	0.8	NonTarget	1	39612
198.145	0.8	NonTarget	1	39629
198.23	0.8	NonTarget	1	39646
198.31	0.8	NonTarget	1	39662
198.71	0.8	NonTarget	1	39742
198.795	0.8	NonTarget	1	39759
198.88	0.8	NonTarget	1	39776
198.965	0.8	NonTarget	1	39793
199.045	0.8	NonTarget	1	39809
199.13	0.8	NonTarget	1	39826
199.215	0.8	NonTarget	1	39843
199.295	0.8	NonTarget	1	39859
199.38	0.8	NonTarget	1	39876
199.465	0.8	NonTarget	1	39893
199.545	0.8	NonTarget	1	39909
199.63	0.8	NonTarget	1	39926
199.715	0.8	NonTarget	1	39943
199.795	0.8	NonTarget	1	39959
199.88	0.8	NonTarget	1	39976
199.965	0.8	NonTarget	1	39993
200.05	0.8	NonTarget	1	40010
200.13	0.8	Target	2	40026
200.215	0.8	NonTarget	1	40043
200.295	0.8	NonTarget	1	40059
200.38	0.8	NonTarget	1	40076
200.465	0.8	NonTarget	1	40093
200.55	0.8	NonTarget	1	40110
200.63	0.8	NonTarget	1	40126
200.715	0.8	NonTarget	1	40143
200.8	0.8	NonTarget	1	40160
200.885	0.8	NonTarget	1	40177
200.965	0.8	NonTarget	1	40193
201.05	0.8	NonTarget	1	40210
201.13	0.8	NonTarget	1	40226
201.535	0.8	NonTarget	1	40307
201.615	0.8	NonTarget	1	40323
201.7	0.8	NonTarget	1	40340
201.785	0.8	NonTarget	1	40357
201.865	0.8	NonTarget	1	40373
201.95	0.8	NonTarget	1	40390
202.035	0.8	NonTarget	1	40407
202.115	0.8	NonTarget	1	40423
202.2	0.8	NonTarget	1	40440
202.285	0.8	NonTarget	1	40457
202.365	0.8	NonTarget	1	40473
202.45	0.8	NonTarget	1	40490
202.535	0.8	NonTarget	1	40507
202.62	0.8	NonTarget	1	40524
202.7	0.8	NonTarget	1	40540
202.785	0.8	NonTarget	1	40557
202.87	0.8	NonTarget	1	40574
202.95	0.8	NonTarget	1	40590
203.035	0.8	NonTarget	1	40607
203.12	0.8	NonTarget	1	40624
203.2	0.8	NonTarget	1	40640
203.285	0.8	NonTarget	1	40657
203.37	0.8	NonTarget	1	40674
203.455	0.8	NonTarget	1	40691
203.535	0.8	NonTarget	1	40707
203.62	0.8	NonTarget	1	40724
203.705	0.8	NonTarget	1	40741
203.785	0.8	Target	2	40757
203.87	0.8	NonTarget	1	40774
203.95	0.8	NonTarget	1	40790
204.355	0.8	NonTarget	1	40871
204.435	0.8	NonTarget	1	40887
204.52	0.8	NonTarget	1	40904
204.605	0.8	NonTarget	1	40921
204.685	0.8	NonTarget	1	40937
204.77	0.8	NonTarget	1	40954
204.855	0.8	NonTarget	1	40971
204.94	0.8	NonTarget	1	40988
205.02	0.8	NonTarget	1	41004
205.105	0.8	NonTarget	1	41021
205.185	0.8	NonTarget	1	41037
205.27	0.8	NonTarget	1	41054
205.355	0.8	NonTarget	1	41071
205.44	0.8	NonTarget	1	41088
205.52	0.8	NonTarget	1	41104
205.605	0.8	NonTarget	1	41121
205.69	0.8	NonTarget	1	41138
205.77	0.8	NonTarget	1	41154
205.855	0.8	NonTarget	1	41171
205.94	0.8	NonTarget	1	41188
206.025	0.8	NonTarget	1	41205
206.105	0.8	NonTarget	1	41221
206.19	0.8	NonTarget	1	41238
206.275	0.8	NonTarget	1	41255
206.355	0.8	NonTarget	1	41271
206.44	0.8	NonTarget	1	41288
206.525	0.8	NonTarget	1	41305
206.605	0.8	Target	2	41321
206.69	0.8	NonTarget	1	41338
206.775	0.8	NonTarget	1	41355
207.175	0.8	NonTarget	1	41435
207.255	0.8	NonTarget	1	41451
207.34	0.8	NonTarget	1	41468
207.425	0.8	NonTarget	1	41485
207.51	0.8	NonTarget	1	41502
207.59	0.8	NonTarget	1	41518
207.675	0.8	NonTarget	1	41535
207.76	0.8	NonTarget	1	41552
207.84	0.8	NonTarget	1	41568
207.925	0.8	NonTarget	1	41585
208.01	0.8	NonTarget	1	41602
208.09	0.8	NonTarget	1	41618
208.175	0.8	NonTarget	1	41635
208.26	0.8	NonTarget	1	41652
208.345	0.8	NonTarget	1	41669
208.425	0.8	NonTarget	1	41685
208.51	0.8	NonTarget	1	41702
208.59	0.8	NonTarget	1	41718
208.675	0.8	NonTarget	1	41735
208.76	0.8	NonTarget	1	41752
208.845	0.8	NonTarget	1	41769
208.925	0.8	NonTarget	1	41785
209.01	0.8	Target	2	41802
209.095	0.8	NonTarget	1	41819
209.175	0.8	NonTarget	1	41835
209.26	0.8	NonTarget	1	41852
209.345	0.8	NonTarget	1	41869
209.43	0.8	NonTarget	1	41886
209.51	0.8	NonTarget	1	41902
209.595	0.8	NonTarget	1	41919
209.995	0.8	NonTarget	1	41999
210.08	0.8	NonTarget	1	42016
210.16	0.8	NonTarget	1	42032
210.245	0.8	NonTarget	1	42049
210.33	0.8	NonTarget	1	42066
210.41	0.8	NonTarget	1	42082
210.495	0.8	NonTarget	1	42099
210.58	0.8	NonTarget	1	42116
210.665	0.8	NonTarget	1	42133
210.75	0.8	NonTarget	1	42150
210.83	0.8	NonTarget	1	42166
210.915	0.8	NonTarget	1	42183
210.995	0.8	Target	2	42199
211.08	0.8	NonTarget	1	42216
211.165	0.8	NonTarget	1	42233
211.245	0.8	NonTarget	1	42249
211.33	0.8	NonTarget	1	42266
211.415	0.8	NonTarget	1	42283
211.495	0.8	NonTarget	1	42299
211.58	0.8	NonTarget	1	42316
211.665	0.8	NonTarget	1	42333
211.75	0.8	NonTarget	1	42350
211.83	0.8	NonTarget	1	42366
211.915	0.8	NonTarget	1	42383
212.0	0.8	NonTarget	1	42400
212.08	0.8	NonTarget	1	42416
212.165	0.8	NonTarget	1	42433
212.245	0.8	NonTarget	1	42449
212.33	0.8	NonTarget	1	42466
212.415	0.8	NonTarget	1	42483
212.815	0.8	NonTarget	1	42563
212.9	0.8	NonTarget	1	42580
212.985	0.8	NonTarget	1	42597
213.065	0.8	NonTarget	1	42613
213.15	0.8	NonTarget	1	42630
213.23	0.8	NonTarget	1	42646
213.315	0.8	NonTarget	1	42663
213.4	0.8	Target	2	42680
213.485	0.8	NonTarget	1	42697
213.57	0.8	NonTarget	1	42714
213.65	0.8	NonTarget	1	42730
213.735	0.8	NonTarget	1	42747
213.815	0.8	NonTarget	1	42763
213.9	0.8	NonTarget	1	42780
213.985	0.8	NonTarget	1	42797
214.065	0.8	NonTarget	1	42813
214.15	0.8	NonTarget	1	42830
214.235	0.8	NonTarget	1	42847
214.315	0.8	NonTarget	1	42863
214.4	0.8	NonTarget	1	42880
214.485	0.8	NonTarget	1	42897
214.565	0.8	NonTarget	1	42913
214.65	0.8	NonTarget	1	42930
214.735	0.8	NonTarget	1	42947
214.82	0.8	NonTarget	1	42964
214.9	0.8	NonTarget	1	42980
214.985	0.8	NonTarget	1	42997
215.07	0.8	NonTarget	1	43014
215.155	0.8	NonTarget	1	43031
215.235	0.8	NonTarget	1	43047
215.635	0.8	NonTarget	1	43127
215.72	0.8	NonTarget	1	43144
215.805	0.8	NonTarget	1	43161
215.885	0.8	NonTarget	1	43177
215.97	0.8	NonTarget	1	43194
216.05	0.8	NonTarget	1	43210
216.135	0.8	NonTarget	1	43227
216.22	0.8	NonTarget	1	43244
216.305	0.8	NonTarget	1	43261
216.385	0.8	NonTarget	1	43277
216.47	0.8	NonTarget	1	43294
216.555	0.8	NonTarget	1	43311
216.635	0.8	NonTarget	1	43327
216.72	0.8	NonTarget	1	43344
216.805	0.8	NonTarget	1	43361
216.89	0.8	NonTarget	1	43378
216.97	0.8	NonTarget	1	43394
217.055	0.8	NonTarget	1	43411
217.14	0.8	NonTarget	1	43428
217.22	0.8	NonTarget	1	43444
217.305	0.8	NonTarget	1	43461
217.39	0.8	NonTarget	1	43478
217.47	0.8	Target	2	43494
217.555	0.8	NonTarget	1	43511
217.64	0.8	NonTarget	1	43528
217.725	0.8	NonTarget	1	43545
217.805	0.8	NonTarget	1	43561
217.89	0.8	NonTarget	1	43578
217.975	0.8	NonTarget	1	43595
218.055	0.8	NonTarget	1	43611
218.455	0.8	NonTarget	1	43691
218.54	0.8	NonTarget	1	43708
218.625	0.8	NonTarget	1	43725
218.705	0.8	NonTarget	1	43741
218.79	0.8	NonTarget	1	43758
218.875	0.8	NonTarget	1	43775
218.955	0.8	NonTarget	1	43791
219.04	0.8	NonTarget	1	43808
219.125	0.8	NonTarget	1	43825
219.21	0.8	NonTarget	1	43842
219.29	0.8	NonTarget	1	43858
219.375	0.8	NonTarget	1	43875
219.46	0.8	Target	2	43892
219.54	0.8	NonTarget	1	43908
219.625	0.8	NonTarget	1	43925
219.71	0.8	NonTarget	1	43942
219.79	0.8	NonTarget	1	43958
219.875	0.8	NonTarget	1	43975
219.96	0.8	NonTarget	1	43992
220.04	0.8	NonTarget	1	44008
220.125	0.8	NonTarget	1	44025
220.21	0.8	NonTarget	1	44042
220.29	0.8	NonTarget	1	44058
220.375	0.8	NonTarget	1	44075
220.46	0.8	NonTarget	1	44092
220.545	0.8	NonTarget	1	44109
220.625	0.8	NonTarget	1	44125
220.71	0.8	NonTarget	1	44142
220.795	0.8	NonTarget	1	44159
220.875	0.8	NonTarget	1	44175
221.275	0.8	NonTarget	1	44255
221.36	0.8	NonTarget	1	44272
221.445	0.8	Target	2	44289
221.53	0.8	NonTarget	1	44306
221.61	0.8	NonTarget	1	44322
221.695	0.8	NonTarget	1	44339
221.78	0.8	NonTarget	1	44356
221.86	0.8	NonTarget	1	44372
221.945	0.8	NonTarget	1	44389
222.03	0.8	NonTarget	1	44406
222.11	0.8	NonTarget	1	44422
222.195	0.8	NonTarget	1	44439
222.28	0.8	NonTarget	1	44456
222.365	0.8	NonTarget	1	44473
222.445	0.8	NonTarget	1	44489
222.53	0.8	NonTarget	1	44506
222.615	0.8	NonTarget	1	44523
222.7	0.8	NonTarget	1	44540
222.78	0.8	NonTarget	1	44556
222.865	0.8	NonTarget	1	44573
222.945	0.8	NonTarget	1	44589
223.03	0.8	NonTarget	1	44606
223.115	0.8	NonTarget	1	44623
223.195	0.8	NonTarget	1	44639
223.28	0.8	NonTarget	1	44656
223.365	0.8	NonTarget	1	44673
223.445	0.8	NonTarget	1	44689
223.53	0.8	NonTarget	1	44706
223.615	0.8	NonTarget	1	44723
223.7	0.8	NonTarget	1	44740
232.265	0.8	NonTarget	1	46453
232.345	0.8	NonTarget	1	46469
232.425	0.8	NonTarget	1	46485
232.51	0.8	NonTarget	1	46502
232.595	0.8	NonTarget	1	46519
232.675	0.8	NonTarget	1	46535
232.76	0.8	NonTarget	1	46552
232.845	0.8	NonTarget	1	46569
232.925	0.8	NonTarget	1	46585
233.01	0.8	NonTarget	1	46602
233.095	0.8	NonTarget	1	46619
233.18	0.8	NonTarget	1	46636
233.26	0.8	Target	2	46652
233.345	0.8	NonTarget	1	46669
233.43	0.8	NonTarget	1	46686
233.51	0.8	NonTarget	1	46702
233.595	0.8	NonTarget	1	46719
233.68	0.8	NonTarget	1	46736
233.76	0.8	NonTarget	1	46752
233.845	0.8	NonTarget	1	46769
233.93	0.8	NonTarget	1	46786
234.01	0.8	NonTarget	1	46802
234.095	0.8	NonTarget	1	46819
234.18	0.8	NonTarget	1	46836
234.26	0.8	NonTarget	1	46852
234.345	0.8	NonTarget	1	46869
234.43	0.8	NonTarget	1	46886
234.51	0.8	NonTarget	1	46902
234.595	0.8	NonTarget	1	46919
234.68	0.8	NonTarget	1	46936
235.08	0.8	NonTarget	1	47016
235.165	0.8	NonTarget	1	47033
235.245	0.8	NonTarget	1	47049
235.33	0.8	NonTarget	1	47066
235.415	0.8	NonTarget	1	47083
235.495	0.8	NonTarget	1	47099
235.58	0.8	NonTarget	1	47116
235.665	0.8	NonTarget	1	47133
235.75	0.8	NonTarget	1	47150
235.83	0.8	NonTarget	1	47166
235.915	0.8	NonTarget	1	47183
236.0	0.8	NonTarget	1	47200
236.08	0.8	Target	2	47216
236.165	0.8	NonTarget	1	47233
236.25	0.8	NonTarget	1	47250
236.33	0.8	NonTarget	1	47266
236.415	0.8	NonTarget	1	47283
236.5	0.8	NonTarget	1	47300
236.585	0.8	NonTarget	1	47317
236.665	0.8	NonTarget	1	47333
236.75	0.8	NonTarget	1	47350
236.835	0.8	NonTarget	1	47367
236.915	0.8	NonTarget	1	47383
237.0	0.8	NonTarget	1	47400
237.085	0.8	NonTarget	1	47417
237.165	0.8	NonTarget	1	47433
237.25	0.8	NonTarget	1	47450
237.335	0.8	NonTarget	1	47467
237.415	0.8	NonTarget	1	47483
237.5	0.8	NonTarget	1	47500
237.9	0.8	NonTarget	1	47580
237.985	0.8	NonTarget	1	47597
238.07	0.8	NonTarget	1	47614
238.15	0.8	NonTarget	1	47630
238.235	0.8	NonTarget	1	47647
238.32	0.8	NonTarget	1	47664
238.4	0.8	NonTarget	1	47680
238.485	0.8	NonTarget	1	47697
238.57	0.8	NonTarget	1	47714
238.65	0.8	NonTarget	1	47730
238.735	0.8	NonTarget	1	47747
238.82	0.8	NonTarget	1	47764
238.9	0.8	NonTarget	1	47780
238.985	0.8	NonTarget	1	47797
239.07	0.8	NonTarget	1	47814
239.15	0.8	NonTarget	1	47830
239.235	0.8	NonTarget	1	47847
239.32	0.8	Target	2	47864
239.405	0.8	NonTarget	1	47881
239.49	0.8	NonTarget	1	47898
239.57	0.8	NonTarget	1	47914
239.655	0.8	NonTarget	1	47931
239.735	0.8	NonTarget	1	47947
239.82	0.8	NonTarget	1	47964
239.905	0.8	NonTarget	1	47981
239.99	0.8	NonTarget	1	47998
240.07	0.8	NonTarget	1	48014
240.155	0.8	NonTarget	1	48031
240.235	0.8	NonTarget	1	48047
240.32	0.8	NonTarget	1	48064
240.72	0.8	NonTarget	1	48144
240.805	0.8	NonTarget	1	48161
240.89	0.8	NonTarget	1	48178
240.975	0.8	NonTarget	1	48195
241.055	0.8	NonTarget	1	48211
241.14	0.8	NonTarget	1	48228
241.225	0.8	NonTarget	1	48245
241.305	0.8	NonTarget	1	48261
241.39	0.8	NonTarget	1	48278
241.47	0.8	NonTarget	1	48294
241.555	0.8	NonTarget	1	48311
241.64	0.8	NonTarget	1	48328
241.725	0.8	Target	2	48345
241.805	0.8	NonTarget	1	48361
241.89	0.8	NonTarget	1	48378
241.975	0.8	NonTarget	1	48395
242.06	0.8	NonTarget	1	48412
242.14	0.8	NonTarget	1	48428
242.225	0.8	NonTarget	1	48445
242.31	0.8	NonTarget	1	48462
242.395	0.8	NonTarget	1	48479
242.475	0.8	NonTarget	1	48495
242.56	0.8	NonTarget	1	48512
242.64	0.8	NonTarget	1	48528
242.725	0.8	NonTarget	1	48545
242.81	0.8	NonTarget	1	48562
242.89	0.8	NonTarget	1	48578
242.975	0.8	NonTarget	1	48595
243.06	0.8	NonTarget	1	48612
243.14	0.8	NonTarget	1	48628
243.54	0.8	NonTarget	1	48708
243.625	0.8	NonTarget	1	48725
243.71	0.8	NonTarget	1	48742
243.795	0.8	NonTarget	1	48759
243.875	0.8	NonTarget	1	48775
243.96	0.8	NonTarget	1	48792
244.04	0.8	NonTarget	1	48808
244.125	0.8	NonTarget	1	48825
244.21	0.8	NonTarget	1	48842
244.295	0.8	NonTarget	1	48859
244.375	0.8	NonTarget	1	48875
244.46	0.8	NonTarget	1	48892
244.545	0.8	Target	2	48909
244.63	0.8	NonTarget	1	48926
244.71	0.8	NonTarget	1	48942
244.795	0.8	NonTarget	1	48959
244.875	0.8	NonTarget	1	48975
244.96	0.8	NonTarget	1	48992
245.045	0.8	NonTarget	1	49009
245.125	0.8	NonTarget	1	49025
245.21	0.8	NonTarget	1	49042
245.295	0.8	NonTarget	1	49059
245.38	0.8	NonTarget	1	49076
245.465	0.8	NonTarget	1	49093
245.545	0.8	NonTarget	1	49109
245.63	0.8	NonTarget	1	49126
245.71	0.8	NonTarget	1	49142
245.795	0.8	NonTarget	1	49159
245.88	0.8	NonTarget	1	49176
245.96	0.8	NonTarget	1	49192
246.365	0.8	NonTarget	1	49273
246.445	0.8	NonTarget	1	49289
246.53	0.8	NonTarget	1	49306
246.615	0.8	NonTarget	1	49323
246.695	0.8	NonTarget	1	49339
246.78	0.8	NonTarget	1	49356
246.865	0.8	NonTarget	1	49373
246.945	0.8	NonTarget	1	49389
247.03	0.8	NonTarget	1	49406
247.115	0.8	NonTarget	1	49423
247.2	0.8	NonTarget	1	49440
247.28	0.8	NonTarget	1	49456
247.365	0.8	NonTarget	1	49473
247.45	0.8	NonTarget	1	49490
247.53	0.8	NonTarget	1	49506
247.615	0.8	NonTarget	1	49523
247.695	0.8	NonTarget	1	49539
247.78	0.8	Target	2	49556
247.865	0.8	NonTarget	1	49573
247.95	0.8	NonTarget	1	49590
248.03	0.8	NonTarget	1	49606
248.115	0.8	NonTarget	1	49623
248.2	0.8	NonTarget	1	49640
248.285	0.8	NonTarget	1	49657
248.365	0.8	NonTarget	1	49673
248.45	0.8	NonTarget	1	49690
248.535	0.8	NonTarget	1	49707
248.615	0.8	NonTarget	1	49723
248.7	0.8	NonTarget	1	49740
248.785	0.8	NonTarget	1	49757
249.185	0.8	NonTarget	1	49837
249.27	0.8	NonTarget	1	49854
249.35	0.8	NonTarget	1	49870
249.435	0.8	NonTarget	1	49887
249.515	0.8	NonTarget	1	49903
249.6	0.8	NonTarget	1	49920
249.685	0.8	NonTarget	1	49937
249.77	0.8	NonTarget	1	49954
249.85	0.8	NonTarget	1	49970
249.935	0.8	NonTarget	1	49987
250.02	0.8	NonTarget	1	50004
250.1	0.8	NonTarget	1	50020
250.185	0.8	NonTarget	1	50037
250.27	0.8	NonTarget	1	50054
250.355	0.8	NonTarget	1	50071
250.435	0.8	NonTarget	1	50087
250.52	0.8	NonTarget	1	50104
250.605	0.8	NonTarget	1	50121
250.685	0.8	NonTarget	1	50137
250.77	0.8	NonTarget	1	50154
250.85	0.8	NonTarget	1	50170
250.935	0.8	NonTarget	1	50187
251.02	0.8	NonTarget	1	50204
251.105	0.8	NonTarget	1	50221
251.185	0.8	NonTarget	1	50237
251.27	0.8	NonTarget	1	50254
251.35	0.8	NonTarget	1	50270
251.435	0.8	Target	2	50287
251.52	0.8	NonTarget	1	50304
251.605	0.8	NonTarget	1	50321
252.005	0.8	NonTarget	1	50401
252.09	0.8	NonTarget	1	50418
252.17	0.8	NonTarget	1	50434
252.255	0.8	NonTarget	1	50451
252.34	0.8	NonTarget	1	50468
252.425	0.8	NonTarget	1	50485
252.505	0.8	NonTarget	1	50501
252.59	0.8	NonTarget	1	50518
252.67	0.8	NonTarget	1	50534
252.755	0.8	NonTarget	1	50551
252.84	0.8	NonTarget	1	50568
252.92	0.8	NonTarget	1	50584
253.005	0.8	NonTarget	1	50601
253.09	0.8	NonTarget	1	50618
253.175	0.8	NonTarget	1	50635
253.255	0.8	NonTarget	1	50651
253.34	0.8	NonTarget	1	50668
253.42	0.8	NonTarget	1	50684
253.505	0.8	NonTarget	1	50701
253.59	0.8	NonTarget	1	50718
253.675	0.8	NonTarget	1	50735
253.755	0.8	NonTarget	1	50751
253.84	0.8	Target	2	50768
253.925	0.8	NonTarget	1	50785
254.005	0.8	NonTarget	1	50801
254.09	0.8	NonTarget	1	50818
254.175	0.8	NonTarget	1	50835
254.26	0.8	NonTarget	1	50852
254.34	0.8	NonTarget	1	50868
254.425	0.8	NonTarget	1	50885
254.825	0.8	NonTarget	1	50965
254.91	0.8	NonTarget	1	50982
254.99	0.8	NonTarget	1	50998
255.075	0.8	NonTarget	1	51015
255.16	0.8	NonTarget	1	51032
255.245	0.8	NonTarget	1	51049
255.325	0.8	NonTarget	1	51065
255.41	0.8	NonTarget	1	51082
255.495	0.8	NonTarget	1	51099
255.575	0.8	NonTarget	1	51115
255.66	0.8	NonTarget	1	51132
255.745	0.8	NonTarget	1	51149
255.825	0.8	NonTarget	1	51165
255.91	0.8	NonTarget	1	51182
255.99	0.8	NonTarget	1	51198
256.075	0.8	NonTarget	1	51215
256.16	0.8	NonTarget	1	51232
256.24	0.8	NonTarget	1	51248
256.325	0.8	NonTarget	1	51265
256.41	0.8	NonTarget	1	51282
256.495	0.8	NonTarget	1	51299
256.575	0.8	NonTarget	1	51315
256.66	0.8	NonTarget	1	51332
256.745	0.8	NonTarget	1	51349
256.83	0.8	NonTarget	1	51366
256.91	0.8	NonTarget	1	51382
256.995	0.8	NonTarget	1	51399
257.08	0.8	Target	2	51416
257.16	0.8	NonTarget	1	51432
257.245	0.8	NonTarget	1	51449
257.645	0.8	NonTarget	1	51529
257.73	0.8	NonTarget	1	51546
257.81	0.8	Target	2	51562
257.895	0.8	NonTarget	1	51579
257.98	0.8	NonTarget	1	51596
258.065	0.8	NonTarget	1	51613
258.145	0.8	NonTarget	1	51629
258.23	0.8	NonTarget	1	51646
258.315	0.8	NonTarget	1	51663
258.395	0.8	NonTarget	1	51679
258.48	0.8	NonTarget	1	51696
258.565	0.8	NonTarget	1	51713
258.645	0.8	NonTarget	1	51729
258.73	0.8	NonTarget	1	51746
258.815	0.8	NonTarget	1	51763
258.9	0.8	NonTarget	1	51780
258.98	0.8	NonTarget	1	51796
259.065	0.8	NonTarget	1	51813
259.15	0.8	NonTarget	1	51830
259.23	0.8	NonTarget	1	51846
259.315	0.8	NonTarget	1	51863
259.395	0.8	NonTarget	1	51879
259.48	0.8	NonTarget	1	51896
259.565	0.8	NonTarget	1	51913
259.65	0.8	NonTarget	1	51930
259.73	0.8	NonTarget	1	51946
259.815	0.8	NonTarget	1	51963
259.9	0.8	NonTarget	1	51980
259.985	0.8	NonTarget	1	51997
260.065	0.8	NonTarget	1	52013
268.635	0.8	NonTarget	1	53727
268.71	0.8	NonTarget	1	53742
268.795	0.8	NonTarget	1	53759
268.88	0.8	NonTarget	1	53776
268.96	0.8	NonTarget	1	53792
269.045	0.8	NonTarget	1	53809
269.13	0.8	NonTarget	1	53826
269.21	0.8	NonTarget	1	53842
269.295	0.8	NonTarget	1	53859
269.38	0.8	NonTarget	1	53876
269.46	0.8	NonTarget	1	53892
269.545	0.8	NonTarget	1	53909
269.63	0.8	NonTarget	1	53926
269.715	0.8	NonTarget	1	53943
269.795	0.8	NonTarget	1	53959
269.88	0.8	NonTarget	1	53976
269.965	0.8	NonTarget	1	53993
270.045	0.8	NonTarget	1	54009
270.13	0.8	NonTarget	1	54026
270.215	0.8	NonTarget	1	54043
270.3	0.8	NonTarget	1	54060
270.38	0.8	NonTarget	1	54076
270.465	0.8	NonTarget	1	54093
270.545	0.8	NonTarget	1	54109
270.63	0.8	NonTarget	1	54126
270.715	0.8	NonTarget	1	54143
270.8	0.8	NonTarget	1	54160
270.88	0.8	NonTarget	1	54176
270.965	0.8	NonTarget	1	54193
271.05	0.8	Target	2	54210
271.45	0.8	NonTarget	1	54290
271.53	0.8	NonTarget	1	54306
271.615	0.8	NonTarget	1	54323
271.7	0.8	NonTarget	1	54340
271.785	0.8	NonTarget	1	54357
271.865	0.8	NonTarget	1	54373
271.95	0.8	NonTarget	1	54390
272.035	0.8	NonTarget	1	54407
272.115	0.8	NonTarget	1	54423
272.2	0.8	NonTarget	1	54440
272.28	0.8	NonTarget	1	54456
272.365	0.8	NonTarget	1	54473
272.45	0.8	NonTarget	1	54490
272.535	0.8	NonTarget	1	54507
272.615	0.8	NonTarget	1	54523
272.7	0.8	NonTarget	1	54540
272.785	0.8	NonTarget	1	54557
272.87	0.8	NonTarget	1	54574
272.95	0.8	NonTarget	1	54590
273.035	0.8	NonTarget	1	54607
273.12	0.8	NonTarget	1	54624
273.2	0.8	NonTarget	1	54640
273.285	0.8	NonTarget	1	54657
273.365	0.8	NonTarget	1	54673
273.45	0.8	NonTarget	1	54690
273.535	0.8	NonTarget	1	54707
273.62	0.8	NonTarget	1	54724
273.7	0.8	NonTarget	1	54740
273.785	0.8	NonTarget	1	54757
273.87	0.8	Target	2	54774
274.27	0.8	NonTarget	1	54854
274.355	0.8	NonTarget	1	54871
274.435	0.8	NonTarget	1	54887
274.52	0.8	NonTarget	1	54904
274.605	0.8	NonTarget	1	54921
274.685	0.8	NonTarget	1	54937
274.77	0.8	NonTarget	1	54954
274.855	0.8	NonTarget	1	54971
274.935	0.8	NonTarget	1	54987
275.02	0.8	NonTarget	1	55004
275.105	0.8	NonTarget	1	55021
275.185	0.8	NonTarget	1	55037
275.27	0.8	NonTarget	1	55054
275.355	0.8	NonTarget	1	55071
275.435	0.8	NonTarget	1	55087
275.52	0.8	NonTarget	1	55104
275.605	0.8	NonTarget	1	55121
275.69	0.8	NonTarget	1	55138
275.77	0.8	NonTarget	1	55154
275.855	0.8	Target	2	55171
275.935	0.8	NonTarget	1	55187
276.02	0.8	NonTarget	1	55204
276.105	0.8	NonTarget	1	55221
276.19	0.8	NonTarget	1	55238
276.27	0.8	NonTarget	1	55254
276.355	0.8	NonTarget	1	55271
276.44	0.8	NonTarget	1	55288
276.525	0.8	NonTarget	1	55305
276.605	0.8	NonTarget	1	55321
276.69	0.8	NonTarget	1	55338
277.09	0.8	NonTarget	1	55418
277.175	0.8	NonTarget	1	55435
277.255	0.8	NonTarget	1	55451
277.34	0.8	NonTarget	1	55468
277.425	0.8	NonTarget	1	55485
277.51	0.8	NonTarget	1	55502
277.59	0.8	NonTarget	1	55518
277.675	0.8	NonTarget	1	55535
277.76	0.8	NonTarget	1	55552
277.84	0.8	NonTarget	1	55568
277.925	0.8	NonTarget	1	55585
278.01	0.8	NonTarget	1	55602
278.09	0.8	NonTarget	1	55618
278.175	0.8	NonTarget	1	55635
278.26	0.8	NonTarget	1	55652
278.34	0.8	NonTarget	1	55668
278.425	0.8	NonTarget	1	55685
278.51	0.8	NonTarget	1	55702
278.59	0.8	NonTarget	1	55718
278.675	0.8	NonTarget	1	55735
278.76	0.8	NonTarget	1	55752
278.84	0.8	NonTarget	1	55768
278.925	0.8	NonTarget	1	55785
279.01	0.8	NonTarget	1	55802
279.095	0.8	NonTarget	1	55819
279.175	0.8	NonTarget	1	55835
279.26	0.8	NonTarget	1	55852
279.345	0.8	NonTarget	1	55869
279.425	0.8	NonTarget	1	55885
279.51	0.8	Target	2	55902
279.91	0.8	NonTarget	1	55982
279.995	0.8	NonTarget	1	55999
280.08	0.8	NonTarget	1	56016
280.16	0.8	NonTarget	1	56032
280.245	0.8	Target	2	56049
280.33	0.8	NonTarget	1	56066
280.41	0.8	NonTarget	1	56082
280.495	0.8	NonTarget	1	56099
280.58	0.8	NonTarget	1	56116
280.66	0.8	NonTarget	1	56132
280.745	0.8	NonTarget	1	56149
280.83	0.8	NonTarget	1	56166
280.91	0.8	NonTarget	1	56182
280.995	0.8	NonTarget	1	56199
281.08	0.8	NonTarget	1	56216
281.16	0.8	NonTarget	1	56232
281.245	0.8	NonTarget	1	56249
281.33	0.8	NonTarget	1	56266
281.41	0.8	NonTarget	1	56282
281.495	0.8	NonTarget	1	56299
281.58	0.8	NonTarget	1	56316
281.665	0.8	NonTarget	1	56333
281.745	0.8	NonTarget	1	56349
281.83	0.8	NonTarget	1	56366
281.915	0.8	NonTarget	1	56383
281.995	0.8	NonTarget	1	56399
282.08	0.8	NonTarget	1	56416
282.165	0.8	NonTarget	1	56433
282.245	0.8	NonTarget	1	56449
282.33	0.8	NonTarget	1	56466
282.73	0.8	NonTarget	1	56546
282.815	0.8	NonTarget	1	56563
282.895	0.8	NonTarget	1	56579
282.98	0.8	NonTarget	1	56596
283.065	0.8	NonTarget	1	56613
283.15	0.8	NonTarget	1	56630
283.23	0.8	NonTarget	1	56646
283.315	0.8	NonTarget	1	56663
283.4	0.8	NonTarget	1	56680
283.48	0.8	NonTarget	1	56696
283.565	0.8	NonTarget	1	56713
283.65	0.8	NonTarget	1	56730
283.73	0.8	NonTarget	1	56746
283.815	0.8	NonTarget	1	56763
283.9	0.8	NonTarget	1	56780
283.985	0.8	NonTarget	1	56797
284.065	0.8	NonTarget	1	56813
284.15	0.8	NonTarget	1	56830
284.235	0.8	NonTarget	1	56847
284.315	0.8	NonTarget	1	56863
284.4	0.8	NonTarget	1	56880
284.485	0.8	NonTarget	1	56897
284.57	0.8	NonTarget	1	56914
284.65	0.8	NonTarget	1	56930
284.735	0.8	NonTarget	1	56947
284.82	0.8	NonTarget	1	56964
284.9	0.8	NonTarget	1	56980
284.985	0.8	NonTarget	1	56997
285.07	0.8	NonTarget	1	57014
285.15	0.8	Target	2	57030
285.55	0.8	NonTarget	1	57110
285.635	0.8	NonTarget	1	57127
285.72	0.8	NonTarget	1	57144
285.8	0.8	NonTarget	1	57160
285.885	0.8	NonTarget	1	57177
285.97	0.8	NonTarget	1	57194
286.05	0.8	NonTarget	1	57210
286.135	0.8	NonTarget	1	57227
286.22	0.8	NonTarget	1	57244
286.305	0.8	NonTarget	1	57261
286.385	0.8	NonTarget	1	57277
286.47	0.8	NonTarget	1	57294
286.555	0.8	NonTarget	1	57311
286.635	0.8	NonTarget	1	57327
286.72	0.8	NonTarget	1	57344
286.805	0.8	NonTarget	1	57361
286.885	0.8	NonTarget	1	57377
286.97	0.8	NonTarget	1	57394
287.055	0.8	NonTarget	1	57411
287.135	0.8	NonTarget	1	57427
287.22	0.8	NonTarget	1	57444
287.305	0.8	NonTarget	1	57461
287.39	0.8	NonTarget	1	57478
287.47	0.8	NonTarget	1	57494
287.555	0.8	Target	2	57511
287.64	0.8	NonTarget	1	57528
287.72	0.8	NonTarget	1	57544
287.805	0.8	NonTarget	1	57561
287.89	0.8	NonTarget	1	57578
287.97	0.8	NonTarget	1	57594
288.375	0.8	NonTarget	1	57675
288.455	0.8	NonTarget	1	57691
288.54	0.8	NonTarget	1	57708
288.625	0.8	NonTarget	1	57725
288.705	0.8	NonTarget	1	57741
288.79	0.8	NonTarget	1	57758
288.875	0.8	NonTarget	1	57775
288.955	0.8	NonTarget	1	57791
289.04	0.8	NonTarget	1	57808
289.125	0.8	Target	2	57825
289.205	0.8	NonTarget	1	57841
289.29	0.8	NonTarget	1	57858
289.375	0.8	NonTarget	1	57875
289.46	0.8	NonTarget	1	57892
289.54	0.8	NonTarget	1	57908
289.625	0.8	NonTarget	1	57925
289.705	0.8	NonTarget	1	57941
289.79	0.8	NonTarget	1	57958
289.875	0.8	NonTarget	1	57975
289.96	0.8	NonTarget	1	57992
290.04	0.8	NonTarget	1	58008
290.125	0.8	NonTarget	1	58025
290.21	0.8	NonTarget	1	58042
290.29	0.8	NonTarget	1	58058
290.375	0.8	NonTarget	1	58075
290.46	0.8	NonTarget	1	58092
290.54	0.8	NonTarget	1	58108
290.625	0.8	NonTarget	1	58125
290.71	0.8	NonTarget	1	58142
290.79	0.8	NonTarget	1	58158
291.195	0.8	NonTarget	1	58239
291.275	0.8	NonTarget	1	58255
291.36	0.8	NonTarget	1	58272
291.445	0.8	NonTarget	1	58289
291.525	0.8	Target	2	58305
291.61	0.8	NonTarget	1	58322
291.695	0.8	NonTarget	1	58339
291.78	0.8	NonTarget	1	58356
291.86	0.8	NonTarget	1	58372
291.945	0.8	NonTarget	1	58389
292.03	0.8	NonTarget	1	58406
292.11	0.8	NonTarget	1	58422
292.195	0.8	NonTarget	1	58439
292.28	0.8	NonTarget	1	58456
292.36	0.8	NonTarget	1	58472
292.445	0.8	NonTarget	1	58489
292.53	0.8	NonTarget	1	58506
292.61	0.8	NonTarget	1	58522
292.695	0.8	NonTarget	1	58539
292.78	0.8	NonTarget	1	58556
292.86	0.8	NonTarget	1	58572
292.945	0.8	NonTarget	1	58589
293.03	0.8	NonTarget	1	58606
293.115	0.8	NonTarget	1	58623
293.195	0.8	NonTarget	1	58639
293.28	0.8	NonTarget	1	58656
293.365	0.8	NonTarget	1	58673
293.445	0.8	NonTarget	1	58689
293.53	0.8	NonTarget	1	58706
293.615	0.8	NonTarget	1	58723
294.015	0.8	NonTarget	1	58803
294.1	0.8	NonTarget	1	58820
294.18	0.8	NonTarget	1	58836
294.265	0.8	NonTarget	1	58853
294.35	0.8	Target	2	58870
294.43	0.8	NonTarget	1	58886
294.515	0.8	NonTarget	1	58903
294.6	0.8	NonTarget	1	58920
294.68	0.8	NonTarget	1	58936
294.765	0.8	NonTarget	1	58953
294.85	0.8	NonTarget	1	58970
294.93	0.8	NonTarget	1	58986
295.015	0.8	NonTarget	1	59003
295.1	0.8	NonTarget	1	59020
295.18	0.8	NonTarget	1	59036
295.265	0.8	NonTarget	1	59053
295.35	0.8	NonTarget	1	59070
295.43	0.8	NonTarget	1	59086
295.515	0.8	NonTarget	1	59103
295.6	0.8	NonTarget	1	59120
295.685	0.8	NonTarget	1	59137
295.765	0.8	NonTarget	1	59153
295.85	0.8	NonTarget	1	59170
295.935	0.8	NonTarget	1	59187
296.015	0.8	NonTarget	1	59203
296.1	0.8	NonTarget	1	59220
296.185	0.8	NonTarget	1	59237
296.265	0.8	NonTarget	1	59253
296.35	0.8	NonTarget	1	59270
296.435	0.8	NonTarget	1	59287
304.985	0.8	NonTarget	1	60997
305.065	0.8	NonTarget	1	61013
305.145	0.8	NonTarget	1	61029
305.23	0.8	NonTarget	1	61046
305.315	0.8	NonTarget	1	61063
305.395	0.8	NonTarget	1	61079
305.48	0.8	NonTarget	1	61096
305.565	0.8	NonTarget	1	61113
305.645	0.8	NonTarget	1	61129
305.73	0.8	NonTarget	1	61146
305.815	0.8	NonTarget	1	61163
305.895	0.8	NonTarget	1	61179
305.98	0.8	NonTarget	1	61196
306.065	0.8	NonTarget	1	61213
306.15	0.8	NonTarget	1	61230
306.23	0.8	NonTarget	1	61246
306.315	0.8	NonTarget	1	61263
306.4	0.8	NonTarget	1	61280
306.48	0.8	NonTarget	1	61296
306.565	0.8	NonTarget	1	61313
306.65	0.8	NonTarget	1	61330
306.73	0.8	NonTarget	1	61346
306.815	0.8	NonTarget	1	61363
306.9	0.8	Target	2	61380
306.98	0.8	NonTarget	1	61396
307.065	0.8	NonTarget	1	61413
307.15	0.8	NonTarget	1	61430
307.235	0.8	NonTarget	1	61447
307.315	0.8	NonTarget	1	61463
307.4	0.8	NonTarget	1	61480
307.8	0.8	NonTarget	1	61560
307.885	0.8	NonTarget	1	61577
307.97	0.8	NonTarget	1	61594
308.05	0.8	NonTarget	1	61610
308.135	0.8	NonTarget	1	61627
308.22	0.8	NonTarget	1	61644
308.3	0.8	NonTarget	1	61660
308.385	0.8	NonTarget	1	61677
308.47	0.8	NonTarget	1	61694
308.55	0.8	NonTarget	1	61710
308.635	0.8	NonTarget	1	61727
308.715	0.8	NonTarget	1	61743
308.8	0.8	NonTarget	1	61760
308.885	0.8	NonTarget	1	61777
308.97	0.8	NonTarget	1	61794
309.05	0.8	NonTarget	1	61810
309.135	0.8	NonTarget	1	61827
309.22	0.8	NonTarget	1	61844
309.305	0.8	NonTarget	1	61861
309.385	0.8	NonTarget	1	61877
309.47	0.8	NonTarget	1	61894
309.555	0.8	NonTarget	1	61911
309.635	0.8	NonTarget	1	61927
309.72	0.8	Target	2	61944
309.805	0.8	NonTarget	1	61961
309.885	0.8	NonTarget	1	61977
309.97	0.8	NonTarget	1	61994
310.055	0.8	NonTarget	1	62011
310.135	0.8	NonTarget	1	62027
310.22	0.8	NonTarget	1	62044
310.62	0.8	NonTarget	1	62124
310.705	0.8	NonTarget	1	62141
310.785	0.8	NonTarget	1	62157
310.87	0.8	NonTarget	1	62174
310.955	0.8	NonTarget	1	62191
311.04	0.8	NonTarget	1	62208
311.12	0.8	NonTarget	1	62224
311.205	0.8	NonTarget	1	62241
311.29	0.8	NonTarget	1	62258
311.37	0.8	NonTarget	1	62274
311.455	0.8	NonTarget	1	62291
311.54	0.8	NonTarget	1	62308
311.62	0.8	NonTarget	1	62324
311.705	0.8	NonTarget	1	62341
311.79	0.8	NonTarget	1	62358
311.87	0.8	NonTarget	1	62374
311.955	0.8	NonTarget	1	62391
312.04	0.8	NonTarget	1	62408
312.125	0.8	NonTarget	1	62425
312.205	0.8	NonTarget	1	62441
312.29	0.8	NonTarget	1	62458
312.375	0.8	NonTarget	1	62475
312.46	0.8	NonTarget	1	62492
312.54	0.8	NonTarget	1	62508
312.625	0.8	NonTarget	1	62525
312.71	0.8	NonTarget	1	62542
312.79	0.8	NonTarget	1	62558
312.875	0.8	NonTarget	1	62575
312.96	0.8	Target	2	62592
313.04	0.8	NonTarget	1	62608
313.44	0.8	NonTarget	1	62688
313.525	0.8	NonTarget	1	62705
313.61	0.8	NonTarget	1	62722
313.69	0.8	NonTarget	1	62738
313.775	0.8	NonTarget	1	62755
313.86	0.8	NonTarget	1	62772
313.94	0.8	NonTarget	1	62788
314.025	0.8	NonTarget	1	62805
314.11	0.8	NonTarget	1	62822
314.19	0.8	NonTarget	1	62838
314.275	0.8	NonTarget	1	62855
314.36	0.8	NonTarget	1	62872
314.445	0.8	NonTarget	1	62889
314.53	0.8	Target	2	62906
314.61	0.8	NonTarget	1	62922
314.695	0.8	NonTarget	1	62939
314.775	0.8	NonTarget	1	62955
314.86	0.8	NonTarget	1	62972
314.945	0.8	NonTarget	1	62989
315.03	0.8	NonTarget	1	63006
315.11	0.8	NonTarget	1	63022
315.195	0.8	NonTarget	1	63039
315.275	0.8	NonTarget	1	63055
315.36	0.8	NonTarget	1	63072
315.445	0.8	NonTarget	1	63089
315.53	0.8	NonTarget	1	63106
315.61	0.8	NonTarget	1	63122
315.695	0.8	NonTarget	1	63139
315.78	0.8	NonTarget	1	63156
315.86	0.8	NonTarget	1	63172
316.26	0.8	NonTarget	1	63252
316.345	0.8	NonTarget	1	63269
316.43	0.8	NonTarget	1	63286
316.515	0.8	NonTarget	1	63303
316.595	0.8	NonTarget	1	63319
316.68	0.8	NonTarget	1	63336
316.765	0.8	NonTarget	1	63353
316.845	0.8	NonTarget	1	63369
316.93	0.8	NonTarget	1	63386
317.01	0.8	NonTarget	1	63402
317.095	0.8	NonTarget	1	63419
317.18	0.8	NonTarget	1	63436
317.265	0.8	NonTarget	1	63453
317.345	0.8	Target	2	63469
317.43	0.8	NonTarget	1	63486
317.515	0.8	NonTarget	1	63503
317.6	0.8	NonTarget	1	63520
317.68	0.8	NonTarget	1	63536
317.765	0.8	NonTarget	1	63553
317.845	0.8	NonTarget	1	63569
317.93	0.8	NonTarget	1	63586
318.015	0.8	NonTarget	1	63603
318.1	0.8	NonTarget	1	63620
318.18	0.8	NonTarget	1	63636
318.265	0.8	NonTarget	1	63653
318.35	0.8	NonTarget	1	63670
318.43	0.8	NonTarget	1	63686
318.515	0.8	NonTarget	1	63703
318.6	0.8	NonTarget	1	63720
318.68	0.8	NonTarget	1	63736
319.085	0.8	NonTarget	1	63817
319.165	0.8	NonTarget	1	63833
319.25	0.8	NonTarget	1	63850
319.335	0.8	NonTarget	1	63867
319.415	0.8	NonTarget	1	63883
319.5	0.8	NonTarget	1	63900
319.585	0.8	NonTarget	1	63917
319.665	0.8	NonTarget	1	63933
319.75	0.8	NonTarget	1	63950
319.835	0.8	NonTarget	1	63967
319.915	0.8	NonTarget	1	63983
320.0	0.8	NonTarget	1	64000
320.085	0.8	NonTarget	1	64017
320.165	0.8	NonTarget	1	64033
320.255	0.8	NonTarget	1	64051
320.335	0.8	NonTarget	1	64067
320.42	0.8	NonTarget	1	64084
320.5	0.8	NonTarget	1	64100
320.585	0.8	NonTarget	1	64117
320.67	0.8	NonTarget	1	64134
320.75	0.8	NonTarget	1	64150
320.835	0.8	NonTarget	1	64167
320.92	0.8	NonTarget	1	64184
321.0	0.8	NonTarget	1	64200
321.085	0.8	NonTarget	1	64217
321.17	0.8	NonTarget	1	64234
321.255	0.8	NonTarget	1	64251
321.335	0.8	NonTarget	1	64267
321.42	0.8	Target	2	64284
321.505	0.8	NonTarget	1	64301
321.905	0.8	NonTarget	1	64381
321.985	0.8	NonTarget	1	64397
322.07	0.8	NonTarget	1	64414
322.155	0.8	NonTarget	1	64431
322.235	0.8	NonTarget	1	64447
322.32	0.8	NonTarget	1	64464
322.405	0.8	NonTarget	1	64481
322.485	0.8	NonTarget	1	64497
322.57	0.8	NonTarget	1	64514
322.655	0.8	NonTarget	1	64531
322.74	0.8	NonTarget	1	64548
322.82	0.8	NonTarget	1	64564
322.905	0.8	NonTarget	1	64581
322.99	0.8	Target	2	64598
323.07	0.8	NonTarget	1	64614
323.155	0.8	NonTarget	1	64631
323.24	0.8	NonTarget	1	64648
323.32	0.8	NonTarget	1	64664
323.405	0.8	NonTarget	1	64681
323.49	0.8	NonTarget	1	64698
323.57	0.8	NonTarget	1	64714
323.655	0.8	NonTarget	1	64731
323.74	0.8	NonTarget	1	64748
323.825	0.8	NonTarget	1	64765
323.905	0.8	NonTarget	1	64781
323.99	0.8	NonTarget	1	64798
324.075	0.8	NonTarget	1	64815
324.155	0.8	NonTarget	1	64831
324.24	0.8	NonTarget	1	64848
324.325	0.8	NonTarget	1	64865
324.725	0.8	NonTarget	1	64945
324.81	0.8	NonTarget	1	64962
324.89	0.8	NonTarget	1	64978
324.975	0.8	NonTarget	1	64995
325.06	0.8	NonTarget	1	65012
325.14	0.8	NonTarget	1	65028
325.225	0.8	NonTarget	1	65045
325.31	0.8	NonTarget	1	65062
325.39	0.8	NonTarget	1	65078
325.475	0.8	NonTarget	1	65095
325.56	0.8	NonTarget	1	65112
325.64	0.8	NonTarget	1	65128
325.725	0.8	NonTarget	1	65145
325.81	0.8	NonTarget	1	65162
325.89	0.8	NonTarget	1	65178
325.975	0.8	NonTarget	1	65195
326.06	0.8	NonTarget	1	65212
326.145	0.8	NonTarget	1	65229
326.225	0.8	NonTarget	1	65245
326.31	0.8	NonTarget	1	65262
326.395	0.8	NonTarget	1	65279
326.475	0.8	NonTarget	1	65295
326.56	0.8	NonTarget	1	65312
326.645	0.8	Target	2	65329
326.725	0.8	NonTarget	1	65345
326.81	0.8	NonTarget	1	65362
326.895	0.8	NonTarget	1	65379
326.98	0.8	NonTarget	1	65396
327.06	0.8	NonTarget	1	65412
327.145	0.8	NonTarget	1	65429
327.545	0.8	NonTarget	1	65509
327.63	0.8	NonTarget	1	65526
327.71	0.8	NonTarget	1	65542
327.795	0.8	NonTarget	1	65559
327.88	0.8	NonTarget	1	65576
327.96	0.8	NonTarget	1	65592
328.045	0.8	NonTarget	1	65609
328.13	0.8	NonTarget	1	65626
328.215	0.8	NonTarget	1	65643
328.295	0.8	NonTarget	1	65659
328.38	0.8	NonTarget	1	65676
328.465	0.8	NonTarget	1	65693
328.545	0.8	NonTarget	1	65709
328.63	0.8	NonTarget	1	65726
328.715	0.8	NonTarget	1	65743
328.795	0.8	NonTarget	1	65759
328.88	0.8	NonTarget	1	65776
328.965	0.8	NonTarget	1	65793
329.045	0.8	NonTarget	1	65809
329.13	0.8	NonTarget	1	65826
329.215	0.8	NonTarget	1	65843
329.295	0.8	NonTarget	1	65859
329.38	0.8	NonTarget	1	65876
329.465	0.8	Target	2	65893
329.55	0.8	NonTarget	1	65910
329.63	0.8	NonTarget	1	65926
329.715	0.8	NonTarget	1	65943
329.795	0.8	NonTarget	1	65959
329.88	0.8	NonTarget	1	65976
329.965	0.8	NonTarget	1	65993
330.365	0.8	NonTarget	1	66073
330.45	0.8	NonTarget	1	66090
330.53	0.8	NonTarget	1	66106
330.615	0.8	NonTarget	1	66123
330.7	0.8	NonTarget	1	66140
330.785	0.8	NonTarget	1	66157
330.865	0.8	NonTarget	1	66173
330.95	0.8	NonTarget	1	66190
331.035	0.8	NonTarget	1	66207
331.115	0.8	NonTarget	1	66223
331.2	0.8	NonTarget	1	66240
331.285	0.8	NonTarget	1	66257
331.365	0.8	NonTarget	1	66273
331.45	0.8	Target	2	66290
331.535	0.8	NonTarget	1	66307
331.615	0.8	NonTarget	1	66323
331.7	0.8	NonTarget	1	66340
331.785	0.8	NonTarget	1	66357
331.87	0.8	NonTarget	1	66374
331.95	0.8	NonTarget	1	66390
332.035	0.8	NonTarget	1	66407
332.12	0.8	NonTarget	1	66424
332.2	0.8	NonTarget	1	66440
332.285	0.8	NonTarget	1	66457
332.37	0.8	NonTarget	1	66474
332.45	0.8	NonTarget	1	66490
332.535	0.8	NonTarget	1	66507
332.62	0.8	NonTarget	1	66524
332.705	0.8	NonTarget	1	66541
332.785	0.8	NonTarget	1	66557
341.335	0.8	NonTarget	1	68267
341.415	0.8	Target	2	68283
341.5	0.8	NonTarget	1	68300
341.58	0.8	NonTarget	1	68316
341.665	0.8	NonTarget	1	68333
341.75	0.8	NonTarget	1	68350
341.83	0.8	NonTarget	1	68366
341.915	0.8	NonTarget	1	68383
342.0	0.8	NonTarget	1	68400
342.08	0.8	NonTarget	1	68416
342.165	0.8	NonTarget	1	68433
342.25	0.8	NonTarget	1	68450
342.33	0.8	NonTarget	1	68466
342.415	0.8	NonTarget	1	68483
342.5	0.8	NonTarget	1	68500
342.585	0.8	NonTarget	1	68517
342.665	0.8	NonTarget	1	68533
342.75	0.8	NonTarget	1	68550
342.835	0.8	NonTarget	1	68567
342.915	0.8	NonTarget	1	68583
343.0	0.8	NonTarget	1	68600
343.085	0.8	NonTarget	1	68617
343.165	0.8	NonTarget	1	68633
343.25	0.8	NonTarget	1	68650
343.335	0.8	NonTarget	1	68667
343.42	0.8	NonTarget	1	68684
343.5	0.8	NonTarget	1	68700
343.585	0.8	NonTarget	1	68717
343.67	0.8	NonTarget	1	68734
343.75	0.8	NonTarget	1	68750
344.175	0.8	NonTarget	1	68835
344.25	0.8	NonTarget	1	68850
344.335	0.8	NonTarget	1	68867
344.42	0.8	NonTarget	1	68884
344.5	0.8	NonTarget	1	68900
344.585	0.8	NonTarget	1	68917
344.67	0.8	NonTarget	1	68934
344.755	0.8	NonTarget	1	68951
344.835	0.8	NonTarget	1	68967
344.92	0.8	NonTarget	1	68984
345.0	0.8	NonTarget	1	69000
345.085	0.8	Target	2	69017
345.17	0.8	NonTarget	1	69034
345.255	0.8	NonTarget	1	69051
345.335	0.8	NonTarget	1	69067
345.42	0.8	NonTarget	1	69084
345.505	0.8	NonTarget	1	69101
345.585	0.8	NonTarget	1	69117
345.67	0.8	NonTarget	1	69134
345.755	0.8	NonTarget	1	69151
345.84	0.8	NonTarget	1	69168
345.92	0.8	NonTarget	1	69184
346.005	0.8	NonTarget	1	69201
346.085	0.8	NonTarget	1	69217
346.17	0.8	NonTarget	1	69234
346.255	0.8	NonTarget	1	69251
346.34	0.8	NonTarget	1	69268
346.42	0.8	NonTarget	1	69284
346.505	0.8	NonTarget	1	69301
346.585	0.8	NonTarget	1	69317
346.99	0.8	NonTarget	1	69398
347.075	0.8	NonTarget	1	69415
347.155	0.8	NonTarget	1	69431
347.24	0.8	NonTarget	1	69448
347.32	0.8	NonTarget	1	69464
347.405	0.8	NonTarget	1	69481
347.49	0.8	NonTarget	1	69498
347.575	0.8	NonTarget	1	69515
347.655	0.8	NonTarget	1	69531
347.74	0.8	NonTarget	1	69548
347.825	0.8	NonTarget	1	69565
347.905	0.8	Target	2	69581
347.99	0.8	NonTarget	1	69598
348.075	0.8	NonTarget	1	69615
348.155	0.8	NonTarget	1	69631
348.24	0.8	NonTarget	1	69648
348.325	0.8	NonTarget	1	69665
348.405	0.8	NonTarget	1	69681
348.49	0.8	NonTarget	1	69698
348.575	0.8	NonTarget	1	69715
348.655	0.8	NonTarget	1	69731
348.74	0.8	NonTarget	1	69748
348.825	0.8	NonTarget	1	69765
348.91	0.8	NonTarget	1	69782
348.99	0.8	NonTarget	1	69798
349.075	0.8	NonTarget	1	69815
349.16	0.8	NonTarget	1	69832
349.24	0.8	NonTarget	1	69848
349.325	0.8	NonTarget	1	69865
349.41	0.8	NonTarget	1	69882
349.81	0.8	NonTarget	1	69962
349.895	0.8	NonTarget	1	69979
349.975	0.8	NonTarget	1	69995
350.06	0.8	NonTarget	1	70012
350.145	0.8	NonTarget	1	70029
350.225	0.8	NonTarget	1	70045
350.31	0.8	NonTarget	1	70062
350.395	0.8	NonTarget	1	70079
350.475	0.8	NonTarget	1	70095
350.56	0.8	NonTarget	1	70112
350.645	0.8	NonTarget	1	70129
350.725	0.8	NonTarget	1	70145
350.81	0.8	NonTarget	1	70162
350.895	0.8	NonTarget	1	70179
350.98	0.8	NonTarget	1	70196
351.06	0.8	NonTarget	1	70212
351.145	0.8	Target	2	70229
351.23	0.8	NonTarget	1	70246
351.31	0.8	NonTarget	1	70262
351.395	0.8	NonTarget	1	70279
351.475	0.8	NonTarget	1	70295
351.56	0.8	NonTarget	1	70312
351.645	0.8	NonTarget	1	70329
351.73	0.8	NonTarget	1	70346
351.815	0.8	NonTarget	1	70363
351.895	0.8	NonTarget	1	70379
351.98	0.8	NonTarget	1	70396
352.065	0.8	NonTarget	1	70413
352.145	0.8	NonTarget	1	70429
352.23	0.8	NonTarget	1	70446
352.63	0.8	NonTarget	1	70526
352.715	0.8	NonTarget	1	70543
352.795	0.8	NonTarget	1	70559
352.88	0.8	NonTarget	1	70576
352.965	0.8	NonTarget	1	70593
353.05	0.8	NonTarget	1	70610
353.13	0.8	NonTarget	1	70626
353.215	0.8	NonTarget	1	70643
353.3	0.8	NonTarget	1	70660
353.38	0.8	NonTarget	1	70676
353.465	0.8	NonTarget	1	70693
353.55	0.8	NonTarget	1	70710
353.63	0.8	NonTarget	1	70726
353.715	0.8	NonTarget	1	70743
353.8	0.8	NonTarget	1	70760
353.88	0.8	NonTarget	1	70776
353.965	0.8	NonTarget	1	70793
354.05	0.8	NonTarget	1	70810
354.13	0.8	NonTarget	1	70826
354.215	0.8	NonTarget	1	70843
354.3	0.8	NonTarget	1	70860
354.38	0.8	NonTarget	1	70876
354.465	0.8	NonTarget	1	70893
354.55	0.8	NonTarget	1	70910
354.635	0.8	NonTarget	1	70927
354.715	0.8	NonTarget	1	70943
354.8	0.8	Target	2	70960
354.885	0.8	NonTarget	1	70977
354.965	0.8	NonTarget	1	70993
355.05	0.8	NonTarget	1	71010
355.45	0.8	NonTarget	1	71090
355.535	0.8	NonTarget	1	71107
355.62	0.8	NonTarget	1	71124
355.7	0.8	NonTarget	1	71140
355.785	0.8	NonTarget	1	71157
355.87	0.8	NonTarget	1	71174
355.95	0.8	NonTarget	1	71190
356.035	0.8	NonTarget	1	71207
356.12	0.8	NonTarget	1	71224
356.2	0.8	NonTarget	1	71240
356.285	0.8	NonTarget	1	71257
356.37	0.8	Target	2	71274
356.455	0.8	NonTarget	1	71291
356.535	0.8	NonTarget	1	71307
356.62	0.8	NonTarget	1	71324
356.705	0.8	NonTarget	1	71341
356.785	0.8	NonTarget	1	71357
356.87	0.8	NonTarget	1	71374
356.955	0.8	NonTarget	1	71391
357.035	0.8	NonTarget	1	71407
357.12	0.8	NonTarget	1	71424
357.205	0.8	NonTarget	1	71441
357.285	0.8	NonTarget	1	71457
357.37	0.8	NonTarget	1	71474
357.455	0.8	NonTarget	1	71491
357.535	0.8	NonTarget	1	71507
357.62	0.8	NonTarget	1	71524
357.705	0.8	NonTarget	1	71541
357.79	0.8	NonTarget	1	71558
357.87	0.8	NonTarget	1	71574
358.27	0.8	NonTarget	1	71654
358.355	0.8	NonTarget	1	71671
358.44	0.8	NonTarget	1	71688
358.52	0.8	NonTarget	1	71704
358.605	0.8	NonTarget	1	71721
358.69	0.8	NonTarget	1	71738
358.775	0.8	NonTarget	1	71755
358.855	0.8	NonTarget	1	71771
358.94	0.8	NonTarget	1	71788
359.025	0.8	NonTarget	1	71805
359.105	0.8	NonTarget	1	71821
359.19	0.8	NonTarget	1	71838
359.275	0.8	NonTarget	1	71855
359.355	0.8	NonTarget	1	71871
359.44	0.8	NonTarget	1	71888
359.525	0.8	NonTarget	1	71905
359.605	0.8	NonTarget	1	71921
359.69	0.8	NonTarget	1	71938
359.775	0.8	NonTarget	1	71955
359.855	0.8	NonTarget	1	71971
359.94	0.8	NonTarget	1	71988
360.025	0.8	NonTarget	1	72005
360.11	0.8	NonTarget	1	72022
360.19	0.8	NonTarget	1	72038
360.275	0.8	NonTarget	1	72055
360.355	0.8	NonTarget	1	72071
360.44	0.8	Target	2	72088
360.525	0.8	NonTarget	1	72105
360.61	0.8	NonTarget	1	72122
360.69	0.8	NonTarget	1	72138
361.095	0.8	NonTarget	1	72219
361.175	0.8	NonTarget	1	72235
361.26	0.8	NonTarget	1	72252
361.345	0.8	NonTarget	1	72269
361.425	0.8	NonTarget	1	72285
361.51	0.8	NonTarget	1	72302
361.595	0.8	Target	2	72319
361.675	0.8	NonTarget	1	72335
361.76	0.8	NonTarget	1	72352
361.845	0.8	NonTarget	1	72369
361.925	0.8	NonTarget	1	72385
362.01	0.8	NonTarget	1	72402
362.095	0.8	NonTarget	1	72419
362.18	0.8	NonTarget	1	72436
362.26	0.8	NonTarget	1	72452
362.345	0.8	NonTarget	1	72469
362.43	0.8	NonTarget	1	72486
362.51	0.8	NonTarget	1	72502
362.595	0.8	NonTarget	1	72519
362.675	0.8	NonTarget	1	72535
362.76	0.8	NonTarget	1	72552
362.845	0.8	NonTarget	1	72569
362.93	0.8	NonTarget	1	72586
363.01	0.8	NonTarget	1	72602
363.095	0.8	NonTarget	1	72619
363.18	0.8	NonTarget	1	72636
363.265	0.8	NonTarget	1	72653
363.345	0.8	NonTarget	1	72669
363.43	0.8	NonTarget	1	72686
363.515	0.8	NonTarget	1	72703
363.91	0.8	NonTarget	1	72782
363.995	0.8	NonTarget	1	72799
364.08	0.8	NonTarget	1	72816
364.165	0.8	NonTarget	1	72833
364.245	0.8	NonTarget	1	72849
364.33	0.8	NonTarget	1	72866
364.415	0.8	NonTarget	1	72883
364.5	0.8	NonTarget	1	72900
364.58	0.8	NonTarget	1	72916
364.665	0.8	NonTarget	1	72933
364.75	0.8	NonTarget	1	72950
364.83	0.8	NonTarget	1	72966
364.915	0.8	NonTarget	1	72983
365.0	0.8	NonTarget	1	73000
365.08	0.8	NonTarget	1	73016
365.165	0.8	NonTarget	1	73033
365.25	0.8	NonTarget	1	73050
365.33	0.8	NonTarget	1	73066
365.415	0.8	NonTarget	1	73083
365.5	0.8	NonTarget	1	73100
365.58	0.8	NonTarget	1	73116
365.665	0.8	Target	2	73133
365.75	0.8	NonTarget	1	73150
365.83	0.8	NonTarget	1	73166
365.915	0.8	NonTarget	1	73183
366.0	0.8	NonTarget	1	73200
366.085	0.8	NonTarget	1	73217
366.165	0.8	NonTarget	1	73233
366.25	0.8	NonTarget	1	73250
366.335	0.8	NonTarget	1	73267
366.735	0.8	NonTarget	1	73347
366.815	0.8	NonTarget	1	73363
366.9	0.8	NonTarget	1	73380
366.985	0.8	NonTarget	1	73397
367.07	0.8	NonTarget	1	73414
367.15	0.8	NonTarget	1	73430
367.235	0.8	Target	2	73447
367.315	0.8	NonTarget	1	73463
367.4	0.8	NonTarget	1	73480
367.485	0.8	NonTarget	1	73497
367.57	0.8	NonTarget	1	73514
367.65	0.8	NonTarget	1	73530
367.735	0.8	NonTarget	1	73547
367.82	0.8	NonTarget	1	73564
367.9	0.8	NonTarget	1	73580
367.985	0.8	NonTarget	1	73597
368.07	0.8	NonTarget	1	73614
368.15	0.8	NonTarget	1	73630
368.235	0.8	NonTarget	1	73647
368.32	0.8	NonTarget	1	73664
368.405	0.8	NonTarget	1	73681
368.485	0.8	NonTarget	1	73697
368.57	0.8	NonTarget	1	73714
368.655	0.8	NonTarget	1	73731
368.74	0.8	NonTarget	1	73748
368.82	0.8	NonTarget	1	73764
368.905	0.8	NonTarget	1	73781
368.985	0.8	NonTarget	1	73797
369.07	0.8	NonTarget	1	73814
369.155	0.8	NonTarget	1	73831
377.705	0.8	NonTarget	1	75541
377.78	0.8	NonTarget	1	75556
377.865	0.8	NonTarget	1	75573
377.95	0.8	NonTarget	1	75590
378.035	0.8	NonTarget	1	75607
378.12	0.8	NonTarget	1	75624
378.2	0.8	NonTarget	1	75640
378.285	0.8	NonTarget	1	75657
378.365	0.8	NonTarget	1	75673
378.45	0.8	NonTarget	1	75690
378.535	0.8	NonTarget	1	75707
378.62	0.8	Target	2	75724
378.7	0.8	NonTarget	1	75740
378.785	0.8	NonTarget	1	75757
378.87	0.8	NonTarget	1	75774
378.95	0.8	NonTarget	1	75790
379.035	0.8	NonTarget	1	75807
379.115	0.8	NonTarget	1	75823
379.2	0.8	NonTarget	1	75840
379.285	0.8	NonTarget	1	75857
379.37	0.8	NonTarget	1	75874
379.45	0.8	NonTarget	1	75890
379.535	0.8	NonTarget	1	75907
379.62	0.8	NonTarget	1	75924
379.705	0.8	NonTarget	1	75941
379.785	0.8	NonTarget	1	75957
379.87	0.8	NonTarget	1	75974
379.95	0.8	NonTarget	1	75990
380.035	0.8	NonTarget	1	76007
380.12	0.8	NonTarget	1	76024
380.52	0.8	NonTarget	1	76104
380.605	0.8	Target	2	76121
380.685	0.8	NonTarget	1	76137
380.77	0.8	NonTarget	1	76154
380.855	0.8	NonTarget	1	76171
380.935	0.8	NonTarget	1	76187
381.02	0.8	NonTarget	1	76204
381.105	0.8	NonTarget	1	76221
381.19	0.8	NonTarget	1	76238
381.27	0.8	NonTarget	1	76254
381.355	0.8	NonTarget	1	76271
381.44	0.8	NonTarget	1	76288
381.52	0.8	NonTarget	1	76304
381.605	0.8	NonTarget	1	76321
381.69	0.8	NonTarget	1	76338
381.77	0.8	NonTarget	1	76354
381.855	0.8	NonTarget	1	76371
381.94	0.8	NonTarget	1	76388
382.025	0.8	NonTarget	1	76405
382.105	0.8	NonTarget	1	76421
382.19	0.8	NonTarget	1	76438
382.27	0.8	NonTarget	1	76454
382.355	0.8	NonTarget	1	76471
382.44	0.8	NonTarget	1	76488
382.525	0.8	NonTarget	1	76505
382.605	0.8	NonTarget	1	76521
382.69	0.8	NonTarget	1	76538
382.775	0.8	NonTarget	1	76555
382.855	0.8	NonTarget	1	76571
382.94	0.8	NonTarget	1	76588
383.34	0.8	NonTarget	1	76668
383.425	0.8	NonTarget	1	76685
383.505	0.8	NonTarget	1	76701
383.59	0.8	NonTarget	1	76718
383.675	0.8	NonTarget	1	76735
383.755	0.8	NonTarget	1	76751
383.84	0.8	NonTarget	1	76768
383.925	0.8	NonTarget	1	76785
384.01	0.8	NonTarget	1	76802
384.09	0.8	NonTarget	1	76818
384.175	0.8	NonTarget	1	76835
384.26	0.8	NonTarget	1	76852
384.34	0.8	NonTarget	1	76868
384.425	0.8	NonTarget	1	76885
384.51	0.8	NonTarget	1	76902
384.595	0.8	NonTarget	1	76919
384.675	0.8	Target	2	76935
384.76	0.8	NonTarget	1	76952
384.84	0.8	NonTarget	1	76968
384.925	0.8	NonTarget	1	76985
385.01	0.8	NonTarget	1	77002
385.095	0.8	NonTarget	1	77019
385.175	0.8	NonTarget	1	77035
385.26	0.8	NonTarget	1	77052
385.345	0.8	NonTarget	1	77069
385.425	0.8	NonTarget	1	77085
385.51	0.8	NonTarget	1	77102
385.595	0.8	NonTarget	1	77119
385.68	0.8	NonTarget	1	77136
385.76	0.8	NonTarget	1	77152
386.16	0.8	NonTarget	1	77232
386.245	0.8	NonTarget	1	77249
386.33	0.8	NonTarget	1	77266
386.415	0.8	NonTarget	1	77283
386.495	0.8	NonTarget	1	77299
386.58	0.8	NonTarget	1	77316
386.66	0.8	Target	2	77332
386.745	0.8	NonTarget	1	77349
386.83	0.8	NonTarget	1	77366
386.91	0.8	NonTarget	1	77382
386.995	0.8	NonTarget	1	77399
387.08	0.8	NonTarget	1	77416
387.165	0.8	NonTarget	1	77433
387.245	0.8	NonTarget	1	77449
387.33	0.8	NonTarget	1	77466
387.415	0.8	NonTarget	1	77483
387.495	0.8	NonTarget	1	77499
387.58	0.8	NonTarget	1	77516
387.665	0.8	NonTarget	1	77533
387.745	0.8	NonTarget	1	77549
387.83	0.8	NonTarget	1	77566
387.915	0.8	NonTarget	1	77583
388.0	0.8	NonTarget	1	77600
388.08	0.8	NonTarget	1	77616
388.165	0.8	NonTarget	1	77633
388.245	0.8	NonTarget	1	77649
388.33	0.8	NonTarget	1	77666
388.415	0.8	NonTarget	1	77683
388.5	0.8	NonTarget	1	77700
388.58	0.8	NonTarget	1	77716
388.98	0.8	NonTarget	1	77796
389.065	0.8	NonTarget	1	77813
389.15	0.8	NonTarget	1	77830
389.23	0.8	NonTarget	1	77846
389.315	0.8	NonTarget	1	77863
389.4	0.8	NonTarget	1	77880
389.485	0.8	Target	2	77897
389.565	0.8	NonTarget	1	77913
389.65	0.8	NonTarget	1	77930
389.735	0.8	NonTarget	1	77947
389.815	0.8	NonTarget	1	77963
389.9	0.8	NonTarget	1	77980
389.98	0.8	NonTarget	1	77996
390.065	0.8	NonTarget	1	78013
390.15	0.8	NonTarget	1	78030
390.235	0.8	NonTarget	1	78047
390.315	0.8	NonTarget	1	78063
390.4	0.8	NonTarget	1	78080
390.485	0.8	NonTarget	1	78097
390.565	0.8	NonTarget	1	78113
390.65	0.8	NonTarget	1	78130
390.735	0.8	NonTarget	1	78147
390.82	0.8	NonTarget	1	78164
390.9	0.8	NonTarget	1	78180
390.985	0.8	NonTarget	1	78197
391.07	0.8	NonTarget	1	78214
391.15	0.8	NonTarget	1	78230
391.235	0.8	NonTarget	1	78247
391.32	0.8	NonTarget	1	78264
391.4	0.8	NonTarget	1	78280
391.805	0.8	NonTarget	1	78361
391.885	0.8	NonTarget	1	78377
391.97	0.8	NonTarget	1	78394
392.055	0.8	NonTarget	1	78411
392.135	0.8	NonTarget	1	78427
392.22	0.8	NonTarget	1	78444
392.305	0.8	Target	2	78461
392.385	0.8	NonTarget	1	78477
392.47	0.8	NonTarget	1	78494
392.55	0.8	NonTarget	1	78510
392.635	0.8	NonTarget	1	78527
392.72	0.8	NonTarget	1	78544
392.805	0.8	NonTarget	1	78561
392.885	0.8	NonTarget	1	78577
392.97	0.8	NonTarget	1	78594
393.055	0.8	NonTarget	1	78611
393.14	0.8	NonTarget	1	78628
393.22	0.8	NonTarget	1	78644
393.305	0.8	NonTarget	1	78661
393.39	0.8	NonTarget	1	78678
393.47	0.8	NonTarget	1	78694
393.555	0.8	NonTarget	1	78711
393.64	0.8	NonTarget	1	78728
393.72	0.8	NonTarget	1	78744
393.805	0.8	NonTarget	1	78761
393.89	0.8	NonTarget	1	78778
393.975	0.8	NonTarget	1	78795
394.055	0.8	NonTarget	1	78811
394.14	0.8	NonTarget	1	78828
394.225	0.8	NonTarget	1	78845
394.62	0.8	NonTarget	1	78924
394.705	0.8	NonTarget	1	78941
394.79	0.8	NonTarget	1	78958
394.875	0.8	NonTarget	1	78975
394.955	0.8	NonTarget	1	78991
395.04	0.8	NonTarget	1	79008
395.125	0.8	Target	2	79025
395.205	0.8	NonTarget	1	79041
395.29	0.8	NonTarget	1	79058
395.375	0.8	NonTarget	1	79075
395.455	0.8	NonTarget	1	79091
395.54	0.8	NonTarget	1	79108
395.625	0.8	NonTarget	1	79125
395.71	0.8	NonTarget	1	79142
395.79	0.8	NonTarget	1	79158
395.875	0.8	NonTarget	1	79175
395.96	0.8	NonTarget	1	79192
396.04	0.8	NonTarget	1	79208
396.125	0.8	NonTarget	1	79225
396.21	0.8	NonTarget	1	79242
396.295	0.8	NonTarget	1	79259
396.375	0.8	NonTarget	1	79275
396.46	0.8	NonTarget	1	79292
396.545	0.8	NonTarget	1	79309
396.625	0.8	NonTarget	1	79325
396.71	0.8	NonTarget	1	79342
396.795	0.8	NonTarget	1	79359
396.875	0.8	NonTarget	1	79375
396.96	0.8	NonTarget	1	79392
397.045	0.8	NonTarget	1	79409
397.445	0.8	NonTarget	1	79489
397.525	0.8	NonTarget	1	79505
397.61	0.8	NonTarget	1	79522
397.695	0.8	NonTarget	1	79539
397.775	0.8	NonTarget	1	79555
397.86	0.8	NonTarget	1	79572
397.945	0.8	NonTarget	1	79589
398.03	0.8	NonTarget	1	79606
398.11	0.8	NonTarget	1	79622
398.195	0.8	NonTarget	1	79639
398.28	0.8	NonTarget	1	79656
398.36	0.8	NonTarget	1	79672
398.445	0.8	NonTarget	1	79689
398.53	0.8	NonTarget	1	79706
398.61	0.8	NonTarget	1	79722
398.695	0.8	NonTarget	1	79739
398.78	0.8	Target	2	79756
398.865	0.8	NonTarget	1	79773
398.945	0.8	NonTarget	1	79789
399.03	0.8	NonTarget	1	79806
399.11	0.8	NonTarget	1	79822
399.195	0.8	NonTarget	1	79839
399.28	0.8	NonTarget	1	79856
399.365	0.8	NonTarget	1	79873
399.445	0.8	NonTarget	1	79889
399.53	0.8	NonTarget	1	79906
399.615	0.8	NonTarget	1	79923
399.695	0.8	NonTarget	1	79939
399.78	0.8	NonTarget	1	79956
399.865	0.8	NonTarget	1	79973
400.265	0.8	NonTarget	1	80053
400.35	0.8	NonTarget	1	80070
400.43	0.8	NonTarget	1	80086
400.515	0.8	NonTarget	1	80103
400.6	0.8	NonTarget	1	80120
400.68	0.8	NonTarget	1	80136
400.765	0.8	NonTarget	1	80153
400.85	0.8	NonTarget	1	80170
400.935	0.8	NonTarget	1	80187
401.015	0.8	NonTarget	1	80203
401.1	0.8	NonTarget	1	80220
401.18	0.8	NonTarget	1	80236
401.265	0.8	NonTarget	1	80253
401.35	0.8	NonTarget	1	80270
401.43	0.8	NonTarget	1	80286
401.52	0.8	NonTarget	1	80304
401.6	0.8	Target	2	80320
401.685	0.8	NonTarget	1	80337
401.765	0.8	NonTarget	1	80353
401.85	0.8	NonTarget	1	80370
401.935	0.8	NonTarget	1	80387
402.015	0.8	NonTarget	1	80403
402.1	0.8	NonTarget	1	80420
402.185	0.8	NonTarget	1	80437
402.27	0.8	NonTarget	1	80454
402.35	0.8	NonTarget	1	80470
402.435	0.8	NonTarget	1	80487
402.515	0.8	NonTarget	1	80503
402.6	0.8	NonTarget	1	80520
402.685	0.8	NonTarget	1	80537
403.085	0.8	NonTarget	1	80617
403.17	0.8	NonTarget	1	80634
403.25	0.8	NonTarget	1	80650
403.335	0.8	NonTarget	1	80667
403.42	0.8	NonTarget	1	80684
403.505	0.8	NonTarget	1	80701
403.585	0.8	Target	2	80717
403.67	0.8	NonTarget	1	80734
403.755	0.8	NonTarget	1	80751
403.835	0.8	NonTarget	1	80767
403.92	0.8	NonTarget	1	80784
404.005	0.8	NonTarget	1	80801
404.085	0.8	NonTarget	1	80817
404.17	0.8	NonTarget	1	80834
404.255	0.8	NonTarget	1	80851
404.335	0.8	NonTarget	1	80867
404.42	0.8	NonTarget	1	80884
404.505	0.8	NonTarget	1	80901
404.59	0.8	NonTarget	1	80918
404.67	0.8	NonTarget	1	80934
404.755	0.8	NonTarget	1	80951
404.835	0.8	NonTarget	1	80967
404.92	0.8	NonTarget	1	80984
405.005	0.8	NonTarget	1	81001
405.09	0.8	NonTarget	1	81018
405.17	0.8	NonTarget	1	81034
405.255	0.8	NonTarget	1	81051
405.335	0.8	NonTarget	1	81067
405.42	0.8	NonTarget	1	81084
405.505	0.8	NonTarget	1	81101
414.055	0.8	NonTarget	1	82811
414.135	0.8	NonTarget	1	82827
414.22	0.8	NonTarget	1	82844
414.3	0.8	NonTarget	1	82860
414.385	0.8	NonTarget	1	82877
414.47	0.8	NonTarget	1	82894
414.55	0.8	NonTarget	1	82910
414.635	0.8	NonTarget	1	82927
414.72	0.8	NonTarget	1	82944
414.8	0.8	NonTarget	1	82960
414.885	0.8	NonTarget	1	82977
414.97	0.8	NonTarget	1	82994
415.05	0.8	NonTarget	1	83010
415.135	0.8	Target	2	83027
415.22	0.8	NonTarget	1	83044
415.305	0.8	NonTarget	1	83061
415.385	0.8	NonTarget	1	83077
415.47	0.8	NonTarget	1	83094
415.555	0.8	NonTarget	1	83111
415.635	0.8	NonTarget	1	83127
415.72	0.8	NonTarget	1	83144
415.805	0.8	NonTarget	1	83161
415.885	0.8	NonTarget	1	83177
415.97	0.8	NonTarget	1	83194
416.05	0.8	NonTarget	1	83210
416.135	0.8	NonTarget	1	83227
416.22	0.8	NonTarget	1	83244
416.3	0.8	NonTarget	1	83260
416.39	0.8	NonTarget	1	83278
416.47	0.8	NonTarget	1	83294
416.87	0.8	NonTarget	1	83374
416.955	0.8	NonTarget	1	83391
417.035	0.8	NonTarget	1	83407
417.12	0.8	NonTarget	1	83424
417.205	0.8	NonTarget	1	83441
417.29	0.8	NonTarget	1	83458
417.375	0.8	NonTarget	1	83475
417.455	0.8	NonTarget	1	83491
417.54	0.8	NonTarget	1	83508
417.62	0.8	NonTarget	1	83524
417.705	0.8	NonTarget	1	83541
417.79	0.8	NonTarget	1	83558
417.875	0.8	NonTarget	1	83575
417.955	0.8	NonTarget	1	83591
418.04	0.8	NonTarget	1	83608
418.125	0.8	NonTarget	1	83625
418.205	0.8	NonTarget	1	83641
418.29	0.8	NonTarget	1	83658
418.375	0.8	NonTarget	1	83675
418.455	0.8	NonTarget	1	83691
418.54	0.8	NonTarget	1	83708
418.625	0.8	NonTarget	1	83725
418.705	0.8	NonTarget	1	83741
418.79	0.8	NonTarget	1	83758
418.875	0.8	NonTarget	1	83775
418.96	0.8	NonTarget	1	83792
419.04	0.8	NonTarget	1	83808
419.125	0.8	NonTarget	1	83825
419.21	0.8	Target	2	83842
419.29	0.8	NonTarget	1	83858
419.69	0.8	NonTarget	1	83938
419.775	0.8	NonTarget	1	83955
419.86	0.8	NonTarget	1	83972
419.945	0.8	Target	2	83989
420.025	0.8	NonTarget	1	84005
420.11	0.8	NonTarget	1	84022
420.19	0.8	NonTarget	1	84038
420.275	0.8	NonTarget	1	84055
420.36	0.8	NonTarget	1	84072
420.445	0.8	NonTarget	1	84089
420.525	0.8	NonTarget	1	84105
420.61	0.8	NonTarget	1	84122
420.695	0.8	NonTarget	1	84139
420.78	0.8	NonTarget	1	84156
420.86	0.8	NonTarget	1	84172
420.945	0.8	NonTarget	1	84189
421.03	0.8	NonTarget	1	84206
421.11	0.8	NonTarget	1	84222
421.195	0.8	NonTarget	1	84239
421.28	0.8	NonTarget	1	84256
421.36	0.8	NonTarget	1	84272
421.445	0.8	NonTarget	1	84289
421.525	0.8	NonTarget	1	84305
421.61	0.8	NonTarget	1	84322
421.695	0.8	NonTarget	1	84339
421.78	0.8	NonTarget	1	84356
421.86	0.8	NonTarget	1	84372
421.945	0.8	NonTarget	1	84389
422.03	0.8	NonTarget	1	84406
422.11	0.8	NonTarget	1	84422
422.51	0.8	NonTarget	1	84502
422.595	0.8	NonTarget	1	84519
422.68	0.8	NonTarget	1	84536
422.765	0.8	NonTarget	1	84553
422.845	0.8	NonTarget	1	84569
422.93	0.8	NonTarget	1	84586
423.015	0.8	NonTarget	1	84603
423.095	0.8	NonTarget	1	84619
423.18	0.8	NonTarget	1	84636
423.265	0.8	NonTarget	1	84653
423.345	0.8	NonTarget	1	84669
423.43	0.8	NonTarget	1	84686
423.515	0.8	NonTarget	1	84703
423.6	0.8	NonTarget	1	84720
423.68	0.8	NonTarget	1	84736
423.765	0.8	NonTarget	1	84753
423.85	0.8	NonTarget	1	84770
423.93	0.8	NonTarget	1	84786
424.015	0.8	NonTarget	1	84803
424.1	0.8	NonTarget	1	84820
424.18	0.8	NonTarget	1	84836
424.265	0.8	NonTarget	1	84853
424.35	0.8	NonTarget	1	84870
424.43	0.8	NonTarget	1	84886
424.515	0.8	NonTarget	1	84903
424.6	0.8	NonTarget	1	84920
424.68	0.8	NonTarget	1	84936
424.765	0.8	NonTarget	1	84953
424.85	0.8	Target	2	84970
424.935	0.8	NonTarget	1	84987
425.335	0.8	NonTarget	1	85067
425.415	0.8	NonTarget	1	85083
425.5	0.8	NonTarget	1	85100
425.585	0.8	NonTarget	1	85117
425.665	0.8	NonTarget	1	85133
425.75	0.8	NonTarget	1	85150
425.835	0.8	NonTarget	1	85167
425.915	0.8	NonTarget	1	85183
426.0	0.8	NonTarget	1	85200
426.085	0.8	NonTarget	1	85217
426.17	0.8	NonTarget	1	85234
426.25	0.8	NonTarget	1	85250
426.335	0.8	NonTarget	1	85267
426.42	0.8	NonTarget	1	85284
426.5	0.8	NonTarget	1	85300
426.585	0.8	NonTarget	1	85317
426.665	0.8	NonTarget	1	85333
426.755	0.8	NonTarget	1	85351
426.835	0.8	Target	2	85367
426.92	0.8	NonTarget	1	85384
427.005	0.8	NonTarget	1	85401
427.085	0.8	NonTarget	1	85417
427.17	0.8	NonTarget	1	85434
427.255	0.8	NonTarget	1	85451
427.335	0.8	NonTarget	1	85467
427.42	0.8	NonTarget	1	85484
427.505	0.8	NonTarget	1	85501
427.585	0.8	NonTarget	1	85517
427.67	0.8	NonTarget	1	85534
427.755	0.8	NonTarget	1	85551
428.155	0.8	NonTarget	1	85631
428.235	0.8	NonTarget	1	85647
428.32	0.8	NonTarget	1	85664
428.405	0.8	NonTarget	1	85681
428.485	0.8	NonTarget	1	85697
428.57	0.8	NonTarget	1	85714
428.655	0.8	NonTarget	1	85731
428.74	0.8	NonTarget	1	85748
428.82	0.8	Target	2	85764
428.905	0.8	NonTarget	1	85781
428.99	0.8	NonTarget	1	85798
429.07	0.8	NonTarget	1	85814
429.155	0.8	NonTarget	1	85831
429.24	0.8	NonTarget	1	85848
429.325	0.8	NonTarget	1	85865
429.405	0.8	NonTarget	1	85881
429.49	0.8	NonTarget	1	85898
429.575	0.8	NonTarget	1	85915
429.655	0.8	NonTarget	1	85931
429.74	0.8	NonTarget	1	85948
429.825	0.8	NonTarget	1	85965
429.905	0.8	NonTarget	1	85981
429.99	0.8	NonTarget	1	85998
430.075	0.8	NonTarget	1	86015
430.155	0.8	NonTarget	1	86031
430.24	0.8	NonTarget	1	86048
430.325	0.8	NonTarget	1	86065
430.405	0.8	NonTarget	1	86081
430.49	0.8	NonTarget	1	86098
430.575	0.8	NonTarget	1	86115
430.975	0.8	NonTarget	1	86195
431.06	0.8	NonTarget	1	86212
431.14	0.8	NonTarget	1	86228
431.225	0.8	NonTarget	1	86245
431.31	0.8	NonTarget	1	86262
431.39	0.8	NonTarget	1	86278
431.475	0.8	NonTarget	1	86295
431.56	0.8	NonTarget	1	86312
431.64	0.8	Target	2	86328
431.725	0.8	NonTarget	1	86345
431.81	0.8	NonTarget	1	86362
431.895	0.8	NonTarget	1	86379
431.975	0.8	NonTarget	1	86395
432.06	0.8	NonTarget	1	86412
432.145	0.8	NonTarget	1	86429
432.225	0.8	NonTarget	1	86445
432.31	0.8	NonTarget	1	86462
432.395	0.8	NonTarget	1	86479
432.475	0.8	NonTarget	1	86495
432.56	0.8	NonTarget	1	86512
432.645	0.8	NonTarget	1	86529
432.725	0.8	NonTarget	1	86545
432.81	0.8	NonTarget	1	86562
432.895	0.8	NonTarget	1	86579
432.98	0.8	NonTarget	1	86596
433.06	0.8	NonTarget	1	86612
433.145	0.8	NonTarget	1	86629
433.225	0.8	NonTarget	1	86645
433.31	0.8	NonTarget	1	86662
433.395	0.8	NonTarget	1	86679
433.795	0.8	NonTarget	1	86759
433.88	0.8	NonTarget	1	86776
433.96	0.8	NonTarget	1	86792
434.045	0.8	NonTarget	1	86809
434.13	0.8	NonTarget	1	86826
434.21	0.8	NonTarget	1	86842
434.295	0.8	NonTarget	1	86859
434.38	0.8	NonTarget	1	86876
434.465	0.8	Target	2	86893
434.545	0.8	NonTarget	1	86909
434.63	0.8	NonTarget	1	86926
434.71	0.8	NonTarget	1	86942
434.795	0.8	NonTarget	1	86959
434.88	0.8	NonTarget	1	86976
434.965	0.8	NonTarget	1	86993
435.045	0.8	NonTarget	1	87009
435.13	0.8	NonTarget	1	87026
435.215	0.8	NonTarget	1	87043
435.3	0.8	NonTarget	1	87060
435.38	0.8	NonTarget	1	87076
435.465	0.8	NonTarget	1	87093
435.55	0.8	NonTarget	1	87110
435.63	0.8	NonTarget	1	87126
435.715	0.8	NonTarget	1	87143
435.8	0.8	NonTarget	1	87160
435.88	0.8	NonTarget	1	87176
435.965	0.8	NonTarget	1	87193
436.05	0.8	NonTarget	1	87210
436.13	0.8	NonTarget	1	87226
436.215	0.8	NonTarget	1	87243
436.615	0.8	NonTarget	1	87323
436.7	0.8	NonTarget	1	87340
436.78	0.8	NonTarget	1	87356
436.865	0.8	NonTarget	1	87373
436.95	0.8	NonTarget	1	87390
437.035	0.8	NonTarget	1	87407
437.115	0.8	NonTarget	1	87423
437.2	0.8	NonTarget	1	87440
437.285	0.8	Target	2	87457
437.365	0.8	NonTarget	1	87473
437.45	0.8	NonTarget	1	87490
437.535	0.8	NonTarget	1	87507
437.615	0.8	NonTarget	1	87523
437.7	0.8	NonTarget	1	87540
437.785	0.8	NonTarget	1	87557
437.865	0.8	NonTarget	1	87573
437.95	0.8	NonTarget	1	87590
438.035	0.8	NonTarget	1	87607
438.12	0.8	NonTarget	1	87624
438.2	0.8	NonTarget	1	87640
438.285	0.8	NonTarget	1	87657
438.37	0.8	NonTarget	1	87674
438.45	0.8	NonTarget	1	87690
438.535	0.8	NonTarget	1	87707
438.62	0.8	NonTarget	1	87724
438.705	0.8	NonTarget	1	87741
438.785	0.8	NonTarget	1	87757
438.87	0.8	NonTarget	1	87774
438.955	0.8	NonTarget	1	87791
439.035	0.8	NonTarget	1	87807
439.435	0.8	NonTarget	1	87887
439.52	0.8	NonTarget	1	87904
439.605	0.8	NonTarget	1	87921
439.685	0.8	NonTarget	1	87937
439.77	0.8	NonTarget	1	87954
439.855	0.8	NonTarget	1	87971
439.935	0.8	NonTarget	1	87987
440.02	0.8	NonTarget	1	88004
440.105	0.8	Target	2	88021
440.19	0.8	NonTarget	1	88038
440.27	0.8	NonTarget	1	88054
440.355	0.8	NonTarget	1	88071
440.44	0.8	NonTarget	1	88088
440.52	0.8	NonTarget	1	88104
440.605	0.8	NonTarget	1	88121
440.69	0.8	NonTarget	1	88138
440.77	0.8	NonTarget	1	88154
440.855	0.8	NonTarget	1	88171
440.94	0.8	NonTarget	1	88188
441.02	0.8	NonTarget	1	88204
441.105	0.8	NonTarget	1	88221
441.19	0.8	NonTarget	1	88238
441.27	0.8	NonTarget	1	88254
441.355	0.8	NonTarget	1	88271
441.44	0.8	NonTarget	1	88288
441.52	0.8	NonTarget	1	88304
441.605	0.8	NonTarget	1	88321
441.69	0.8	NonTarget	1	88338
441.775	0.8	NonTarget	1	88355
441.86	0.8	NonTarget	1	88372
450.405	0.8	NonTarget	1	90081
450.485	0.8	Target	2	90097
450.57	0.8	NonTarget	1	90114
450.65	0.8	NonTarget	1	90130
450.735	0.8	NonTarget	1	90147
450.82	0.8	NonTarget	1	90164
450.905	0.8	NonTarget	1	90181
450.985	0.8	NonTarget	1	90197
451.07	0.8	NonTarget	1	90214
451.155	0.8	NonTarget	1	90231
451.235	0.8	NonTarget	1	90247
451.32	0.8	NonTarget	1	90264
451.405	0.8	NonTarget	1	90281
451.485	0.8	NonTarget	1	90297
451.57	0.8	NonTarget	1	90314
451.655	0.8	NonTarget	1	90331
451.74	0.8	NonTarget	1	90348
451.82	0.8	NonTarget	1	90364
451.905	0.8	NonTarget	1	90381
451.99	0.8	NonTarget	1	90398
452.07	0.8	NonTarget	1	90414
452.155	0.8	NonTarget	1	90431
452.235	0.8	NonTarget	1	90447
452.32	0.8	NonTarget	1	90464
452.405	0.8	NonTarget	1	90481
452.49	0.8	NonTarget	1	90498
452.57	0.8	NonTarget	1	90514
452.655	0.8	NonTarget	1	90531
452.74	0.8	NonTarget	1	90548
452.82	0.8	NonTarget	1	90564
453.22	0.8	NonTarget	1	90644
453.305	0.8	NonTarget	1	90661
453.39	0.8	NonTarget	1	90678
453.475	0.8	NonTarget	1	90695
453.555	0.8	NonTarget	1	90711
453.64	0.8	NonTarget	1	90728
453.725	0.8	NonTarget	1	90745
453.805	0.8	NonTarget	1	90761
453.89	0.8	NonTarget	1	90778
453.97	0.8	NonTarget	1	90794
454.06	0.8	NonTarget	1	90812
454.14	0.8	NonTarget	1	90828
454.225	0.8	NonTarget	1	90845
454.305	0.8	NonTarget	1	90861
454.39	0.8	NonTarget	1	90878
454.475	0.8	NonTarget	1	90895
454.56	0.8	NonTarget	1	90912
454.64	0.8	NonTarget	1	90928
454.725	0.8	NonTarget	1	90945
454.81	0.8	NonTarget	1	90962
454.89	0.8	NonTarget	1	90978
454.975	0.8	NonTarget	1	90995
455.06	0.8	NonTarget	1	91012
455.145	0.8	NonTarget	1	91029
455.225	0.8	NonTarget	1	91045
455.31	0.8	NonTarget	1	91062
455.395	0.8	Target	2	91079
455.475	0.8	NonTarget	1	91095
455.56	0.8	NonTarget	1	91112
455.645	0.8	NonTarget	1	91129
456.045	0.8	NonTarget	1	91209
456.125	0.8	NonTarget	1	91225
456.21	0.8	NonTarget	1	91242
456.295	0.8	NonTarget	1	91259
456.375	0.8	NonTarget	1	91275
456.46	0.8	NonTarget	1	91292
456.545	0.8	NonTarget	1	91309
456.625	0.8	NonTarget	1	91325
456.71	0.8	NonTarget	1	91342
456.795	0.8	NonTarget	1	91359
456.88	0.8	NonTarget	1	91376
456.96	0.8	NonTarget	1	91392
457.045	0.8	NonTarget	1	91409
457.13	0.8	NonTarget	1	91426
457.215	0.8	NonTarget	1	91443
457.295	0.8	NonTarget	1	91459
457.38	0.8	NonTarget	1	91476
457.46	0.8	NonTarget	1	91492
457.545	0.8	NonTarget	1	91509
457.63	0.8	NonTarget	1	91526
457.715	0.8	NonTarget	1	91543
457.795	0.8	NonTarget	1	91559
457.88	0.8	NonTarget	1	91576
457.965	0.8	NonTarget	1	91593
458.045	0.8	NonTarget	1	91609
458.13	0.8	NonTarget	1	91626
458.215	0.8	Target	2	91643
458.295	0.8	NonTarget	1	91659
458.38	0.8	NonTarget	1	91676
458.465	0.8	NonTarget	1	91693
458.865	0.8	NonTarget	1	91773
458.95	0.8	Target	2	91790
459.03	0.8	NonTarget	1	91806
459.115	0.8	NonTarget	1	91823
459.2	0.8	NonTarget	1	91840
459.28	0.8	NonTarget	1	91856
459.365	0.8	NonTarget	1	91873
459.445	0.8	NonTarget	1	91889
459.53	0.8	NonTarget	1	91906
459.615	0.8	NonTarget	1	91923
459.7	0.8	NonTarget	1	91940
459.785	0.8	NonTarget	1	91957
459.865	0.8	NonTarget	1	91973
459.95	0.8	NonTarget	1	91990
460.03	0.8	NonTarget	1	92006
460.115	0.8	NonTarget	1	92023
460.2	0.8	NonTarget	1	92040
460.285	0.8	NonTarget	1	92057
460.365	0.8	NonTarget	1	92073
460.45	0.8	NonTarget	1	92090
460.53	0.8	NonTarget	1	92106
460.615	0.8	NonTarget	1	92123
460.7	0.8	NonTarget	1	92140
460.785	0.8	NonTarget	1	92157
460.865	0.8	NonTarget	1	92173
460.95	0.8	NonTarget	1	92190
461.035	0.8	NonTarget	1	92207
461.12	0.8	NonTarget	1	92224
461.2	0.8	NonTarget	1	92240
461.285	0.8	NonTarget	1	92257
461.685	0.8	NonTarget	1	92337
461.77	0.8	NonTarget	1	92354
461.855	0.8	NonTarget	1	92371
461.935	0.8	NonTarget	1	92387
462.02	0.8	NonTarget	1	92404
462.1	0.8	NonTarget	1	92420
462.185	0.8	NonTarget	1	92437
462.27	0.8	NonTarget	1	92454
462.355	0.8	NonTarget	1	92471
462.435	0.8	NonTarget	1	92487
462.52	0.8	NonTarget	1	92504
462.605	0.8	NonTarget	1	92521
462.685	0.8	NonTarget	1	92537
462.77	0.8	NonTarget	1	92554
462.855	0.8	NonTarget	1	92571
462.935	0.8	NonTarget	1	92587
463.02	0.8	Target	2	92604
463.105	0.8	NonTarget	1	92621
463.19	0.8	NonTarget	1	92638
463.27	0.8	NonTarget	1	92654
463.355	0.8	NonTarget	1	92671
463.435	0.8	NonTarget	1	92687
463.52	0.8	NonTarget	1	92704
463.605	0.8	NonTarget	1	92721
463.685	0.8	NonTarget	1	92737
463.77	0.8	NonTarget	1	92754
463.855	0.8	NonTarget	1	92771
463.94	0.8	NonTarget	1	92788
464.02	0.8	NonTarget	1	92804
464.105	0.8	NonTarget	1	92821
464.505	0.8	NonTarget	1	92901
464.59	0.8	NonTarget	1	92918
464.675	0.8	NonTarget	1	92935
464.755	0.8	NonTarget	1	92951
464.84	0.8	NonTarget	1	92968
464.92	0.8	NonTarget	1	92984
465.005	0.8	NonTarget	1	93001
465.09	0.8	NonTarget	1	93018
465.175	0.8	NonTarget	1	93035
465.255	0.8	NonTarget	1	93051
465.34	0.8	NonTarget	1	93068
465.425	0.8	Target	2	93085
465.51	0.8	NonTarget	1	93102
465.59	0.8	NonTarget	1	93118
465.675	0.8	NonTarget	1	93135
465.76	0.8	NonTarget	1	93152
465.84	0.8	NonTarget	1	93168
465.925	0.8	NonTarget	1	93185
466.01	0.8	NonTarget	1	93202
466.09	0.8	NonTarget	1	93218
466.175	0.8	NonTarget	1	93235
466.26	0.8	NonTarget	1	93252
466.34	0.8	NonTarget	1	93268
466.425	0.8	NonTarget	1	93285
466.51	0.8	NonTarget	1	93302
466.59	0.8	NonTarget	1	93318
466.675	0.8	NonTarget	1	93335
466.76	0.8	NonTarget	1	93352
466.84	0.8	NonTarget	1	93368
466.925	0.8	NonTarget	1	93385
467.325	0.8	NonTarget	1	93465
467.41	0.8	NonTarget	1	93482
467.495	0.8	NonTarget	1	93499
467.575	0.8	NonTarget	1	93515
467.66	0.8	NonTarget	1	93532
467.745	0.8	NonTarget	1	93549
467.825	0.8	NonTarget	1	93565
467.91	0.8	NonTarget	1	93582
467.995	0.8	NonTarget	1	93599
468.08	0.8	NonTarget	1	93616
468.16	0.8	NonTarget	1	93632
468.245	0.8	Target	2	93649
468.33	0.8	NonTarget	1	93666
468.41	0.8	NonTarget	1	93682
468.495	0.8	NonTarget	1	93699
468.58	0.8	NonTarget	1	93716
468.66	0.8	NonTarget	1	93732
468.745	0.8	NonTarget	1	93749
468.83	0.8	NonTarget	1	93766
468.91	0.8	NonTarget	1	93782
468.995	0.8	NonTarget	1	93799
469.08	0.8	NonTarget	1	93816
469.16	0.8	NonTarget	1	93832
469.245	0.8	NonTarget	1	93849
469.33	0.8	NonTarget	1	93866
469.415	0.8	NonTarget	1	93883
469.495	0.8	NonTarget	1	93899
469.58	0.8	NonTarget	1	93916
469.665	0.8	NonTarget	1	93933
469.745	0.8	NonTarget	1	93949
470.145	0.8	NonTarget	1	94029
470.23	0.8	NonTarget	1	94046
470.315	0.8	NonTarget	1	94063
470.4	0.8	NonTarget	1	94080
470.48	0.8	NonTarget	1	94096
470.565	0.8	NonTarget	1	94113
470.645	0.8	NonTarget	1	94129
470.73	0.8	NonTarget	1	94146
470.815	0.8	NonTarget	1	94163
470.9	0.8	NonTarget	1	94180
470.98	0.8	NonTarget	1	94196
471.065	0.8	NonTarget	1	94213
471.15	0.8	NonTarget	1	94230
471.23	0.8	NonTarget	1	94246
471.315	0.8	NonTarget	1	94263
471.4	0.8	NonTarget	1	94280
471.48	0.8	NonTarget	1	94296
471.565	0.8	NonTarget	1	94313
471.65	0.8	NonTarget	1	94330
471.73	0.8	NonTarget	1	94346
471.815	0.8	NonTarget	1	94363
471.9	0.8	NonTarget	1	94380
471.985	0.8	NonTarget	1	94397
472.065	0.8	NonTarget	1	94413
472.15	0.8	NonTarget	1	94430
472.235	0.8	NonTarget	1	94447
472.315	0.8	Target	2	94463
472.4	0.8	NonTarget	1	94480
472.485	0.8	NonTarget	1	94497
472.565	0.8	NonTarget	1	94513
472.965	0.8	NonTarget	1	94593
473.05	0.8	NonTarget	1	94610
473.135	0.8	NonTarget	1	94627
473.22	0.8	NonTarget	1	94644
473.3	0.8	NonTarget	1	94660
473.385	0.8	NonTarget	1	94677
473.47	0.8	NonTarget	1	94694
473.55	0.8	NonTarget	1	94710
473.635	0.8	NonTarget	1	94727
473.72	0.8	NonTarget	1	94744
473.8	0.8	NonTarget	1	94760
473.885	0.8	NonTarget	1	94777
473.97	0.8	NonTarget	1	94794
474.055	0.8	NonTarget	1	94811
474.135	0.8	NonTarget	1	94827
474.22	0.8	NonTarget	1	94844
474.305	0.8	NonTarget	1	94861
474.385	0.8	NonTarget	1	94877
474.47	0.8	NonTarget	1	94894
474.555	0.8	NonTarget	1	94911
474.635	0.8	NonTarget	1	94927
474.72	0.8	Target	2	94944
474.805	0.8	NonTarget	1	94961
474.885	0.8	NonTarget	1	94977
474.97	0.8	NonTarget	1	94994
475.055	0.8	NonTarget	1	95011
475.135	0.8	NonTarget	1	95027
475.22	0.8	NonTarget	1	95044
475.305	0.8	NonTarget	1	95061
475.39	0.8	NonTarget	1	95078
475.785	0.8	NonTarget	1	95157
475.87	0.8	NonTarget	1	95174
475.955	0.8	NonTarget	1	95191
476.04	0.8	NonTarget	1	95208
476.12	0.8	NonTarget	1	95224
476.205	0.8	NonTarget	1	95241
476.29	0.8	NonTarget	1	95258
476.375	0.8	NonTarget	1	95275
476.455	0.8	NonTarget	1	95291
476.54	0.8	NonTarget	1	95308
476.62	0.8	NonTarget	1	95324
476.705	0.8	NonTarget	1	95341
476.79	0.8	NonTarget	1	95358
476.875	0.8	NonTarget	1	95375
476.955	0.8	NonTarget	1	95391
477.04	0.8	NonTarget	1	95408
477.125	0.8	NonTarget	1	95425
477.205	0.8	NonTarget	1	95441
477.29	0.8	NonTarget	1	95458
477.375	0.8	NonTarget	1	95475
477.455	0.8	NonTarget	1	95491
477.54	0.8	Target	2	95508
477.625	0.8	NonTarget	1	95525
477.705	0.8	NonTarget	1	95541
477.79	0.8	NonTarget	1	95558
477.875	0.8	NonTarget	1	95575
477.96	0.8	NonTarget	1	95592
478.04	0.8	NonTarget	1	95608
478.125	0.8	NonTarget	1	95625
478.21	0.8	NonTarget	1	95642
486.775	0.8	NonTarget	1	97355
486.855	0.8	NonTarget	1	97371
486.935	0.8	NonTarget	1	97387
487.02	0.8	NonTarget	1	97404
487.105	0.8	NonTarget	1	97421
487.19	0.8	NonTarget	1	97438
487.27	0.8	NonTarget	1	97454
487.355	0.8	NonTarget	1	97471
487.435	0.8	NonTarget	1	97487
487.52	0.8	NonTarget	1	97504
487.605	0.8	Target	2	97521
487.69	0.8	NonTarget	1	97538
487.77	0.8	NonTarget	1	97554
487.855	0.8	NonTarget	1	97571
487.94	0.8	NonTarget	1	97588
488.02	0.8	NonTarget	1	97604
488.105	0.8	NonTarget	1	97621
488.19	0.8	NonTarget	1	97638
488.275	0.8	NonTarget	1	97655
488.355	0.8	NonTarget	1	97671
488.44	0.8	NonTarget	1	97688
488.52	0.8	NonTarget	1	97704
488.605	0.8	NonTarget	1	97721
488.69	0.8	NonTarget	1	97738
488.775	0.8	NonTarget	1	97755
488.86	0.8	NonTarget	1	97772
488.94	0.8	NonTarget	1	97788
489.025	0.8	NonTarget	1	97805
489.105	0.8	NonTarget	1	97821
489.19	0.8	NonTarget	1	97838
489.59	0.8	NonTarget	1	97918
489.675	0.8	NonTarget	1	97935
489.76	0.8	NonTarget	1	97952
489.84	0.8	NonTarget	1	97968
489.925	0.8	NonTarget	1	97985
490.01	0.8	NonTarget	1	98002
490.09	0.8	NonTarget	1	98018
490.175	0.8	NonTarget	1	98035
490.26	0.8	NonTarget	1	98052
490.34	0.8	NonTarget	1	98068
490.425	0.8	NonTarget	1	98085
490.51	0.8	NonTarget	1	98102
490.59	0.8	NonTarget	1	98118
490.675	0.8	NonTarget	1	98135
490.76	0.8	NonTarget	1	98152
490.845	0.8	NonTarget	1	98169
490.925	0.8	NonTarget	1	98185
491.01	0.8	NonTarget	1	98202
491.095	0.8	NonTarget	1	98219
491.175	0.8	NonTarget	1	98235
491.26	0.8	NonTarget	1	98252
491.345	0.8	NonTarget	1	98269
491.425	0.8	NonTarget	1	98285
491.51	0.8	NonTarget	1	98302
491.595	0.8	NonTarget	1	98319
491.68	0.8	Target	2	98336
491.76	0.8	NonTarget	1	98352
491.845	0.8	NonTarget	1	98369
491.93	0.8	NonTarget	1	98386
492.01	0.8	NonTarget	1	98402
492.415	0.8	NonTarget	1	98483
492.495	0.8	NonTarget	1	98499
492.58	0.8	NonTarget	1	98516
492.66	0.8	NonTarget	1	98532
492.745	0.8	NonTarget	1	98549
492.83	0.8	NonTarget	1	98566
492.91	0.8	NonTarget	1	98582
492.995	0.8	NonTarget	1	98599
493.08	0.8	NonTarget	1	98616
493.16	0.8	NonTarget	1	98632
493.245	0.8	NonTarget	1	98649
493.33	0.8	NonTarget	1	98666
493.415	0.8	NonTarget	1	98683
493.495	0.8	NonTarget	1	98699
493.58	0.8	NonTarget	1	98716
493.665	0.8	Target	2	98733
493.745	0.8	NonTarget	1	98749
493.83	0.8	NonTarget	1	98766
493.915	0.8	NonTarget	1	98783
493.995	0.8	NonTarget	1	98799
494.08	0.8	NonTarget	1	98816
494.165	0.8	NonTarget	1	98833
494.25	0.8	NonTarget	1	98850
494.33	0.8	NonTarget	1	98866
494.415	0.8	NonTarget	1	98883
494.5	0.8	NonTarget	1	98900
494.58	0.8	NonTarget	1	98916
494.665	0.8	NonTarget	1	98933
494.75	0.8	NonTarget	1	98950
494.83	0.8	NonTarget	1	98966
495.23	0.8	NonTarget	1	99046
495.315	0.8	NonTarget	1	99063
495.4	0.8	NonTarget	1	99080
495.485	0.8	NonTarget	1	99097
495.565	0.8	NonTarget	1	99113
495.65	0.8	NonTarget	1	99130
495.73	0.8	NonTarget	1	99146
495.815	0.8	NonTarget	1	99163
495.9	0.8	NonTarget	1	99180
495.985	0.8	NonTarget	1	99197
496.065	0.8	NonTarget	1	99213
496.15	0.8	NonTarget	1	99230
496.23	0.8	NonTarget	1	99246
496.32	0.8	NonTarget	1	99264
496.4	0.8	NonTarget	1	99280
496.485	0.8	NonTarget	1	99297
496.565	0.8	NonTarget	1	99313
496.65	0.8	NonTarget	1	99330
496.735	0.8	NonTarget	1	99347
496.815	0.8	NonTarget	1	99363
496.9	0.8	NonTarget	1	99380
496.985	0.8	NonTarget	1	99397
497.07	0.8	NonTarget	1	99414
497.15	0.8	NonTarget	1	99430
497.235	0.8	NonTarget	1	99447
497.32	0.8	Target	2	99464
497.4	0.8	NonTarget	1	99480
497.485	0.8	NonTarget	1	99497
497.57	0.8	NonTarget	1	99514
497.655	0.8	NonTarget	1	99531
498.055	0.8	NonTarget	1	99611
498.135	0.8	NonTarget	1	99627
498.22	0.8	NonTarget	1	99644
498.305	0.8	NonTarget	1	99661
498.385	0.8	NonTarget	1	99677
498.47	0.8	NonTarget	1	99694
498.555	0.8	NonTarget	1	99711
498.635	0.8	NonTarget	1	99727
498.72	0.8	NonTarget	1	99744
498.805	0.8	NonTarget	1	99761
498.885	0.8	NonTarget	1	99777
498.97	0.8	NonTarget	1	99794
499.055	0.8	NonTarget	1	99811
499.14	0.8	NonTarget	1	99828
499.22	0.8	NonTarget	1	99844
499.305	0.8	NonTarget	1	99861
499.39	0.8	NonTarget	1	99878
499.47	0.8	NonTarget	1	99894
499.555	0.8	NonTarget	1	99911
499.64	0.8	NonTarget	1	99928
499.72	0.8	NonTarget	1	99944
499.805	0.8	NonTarget	1	99961
499.89	0.8	NonTarget	1	99978
499.975	0.8	NonTarget	1	99995
500.055	0.8	NonTarget	1	100011
500.14	0.8	Target	2	100028
500.225	0.8	NonTarget	1	100045
500.305	0.8	NonTarget	1	100061
500.39	0.8	NonTarget	1	100078
500.475	0.8	NonTarget	1	100095
500.875	0.8	NonTarget	1	100175
500.955	0.8	NonTarget	1	100191
501.04	0.8	NonTarget	1	100208
501.125	0.8	NonTarget	1	100225
501.205	0.8	NonTarget	1	100241
501.29	0.8	NonTarget	1	100258
501.375	0.8	NonTarget	1	100275
501.46	0.8	NonTarget	1	100292
501.54	0.8	NonTarget	1	100308
501.625	0.8	NonTarget	1	100325
501.71	0.8	Target	2	100342
501.79	0.8	NonTarget	1	100358
501.875	0.8	NonTarget	1	100375
501.96	0.8	NonTarget	1	100392
502.045	0.8	NonTarget	1	100409
502.125	0.8	NonTarget	1	100425
502.21	0.8	NonTarget	1	100442
502.29	0.8	NonTarget	1	100458
502.375	0.8	NonTarget	1	100475
502.46	0.8	NonTarget	1	100492
502.54	0.8	NonTarget	1	100508
502.625	0.8	NonTarget	1	100525
502.71	0.8	NonTarget	1	100542
502.795	0.8	NonTarget	1	100559
502.875	0.8	NonTarget	1	100575
502.96	0.8	NonTarget	1	100592
503.045	0.8	NonTarget	1	100609
503.125	0.8	NonTarget	1	100625
503.21	0.8	NonTarget	1	100642
503.295	0.8	NonTarget	1	100659
503.695	0.8	NonTarget	1	100739
503.78	0.8	NonTarget	1	100756
503.86	0.8	NonTarget	1	100772
503.945	0.8	NonTarget	1	100789
504.03	0.8	NonTarget	1	100806
504.11	0.8	NonTarget	1	100822
504.195	0.8	NonTarget	1	100839
504.28	0.8	NonTarget	1	100856
504.36	0.8	NonTarget	1	100872
504.445	0.8	NonTarget	1	100889
504.53	0.8	NonTarget	1	100906
504.61	0.8	NonTarget	1	100922
504.695	0.8	NonTarget	1	100939
504.78	0.8	NonTarget	1	100956
504.865	0.8	NonTarget	1	100973
504.945	0.8	NonTarget	1	100989
505.03	0.8	NonTarget	1	101006
505.115	0.8	NonTarget	1	101023
505.195	0.8	NonTarget	1	101039
505.28	0.8	NonTarget	1	101056
505.365	0.8	NonTarget	1	101073
505.445	0.8	NonTarget	1	101089
505.53	0.8	NonTarget	1	101106
505.615	0.8	NonTarget	1	101123
505.695	0.8	NonTarget	1	101139
505.78	0.8	Target	2	101156
505.865	0.8	NonTarget	1	101173
505.95	0.8	NonTarget	1	101190
506.03	0.8	NonTarget	1	101206
506.115	0.8	NonTarget	1	101223
506.515	0.8	Target	2	101303
506.6	0.8	NonTarget	1	101320
506.68	0.8	NonTarget	1	101336
506.765	0.8	NonTarget	1	101353
506.85	0.8	NonTarget	1	101370
506.93	0.8	NonTarget	1	101386
507.015	0.8	NonTarget	1	101403
507.1	0.8	NonTarget	1	101420
507.185	0.8	NonTarget	1	101437
507.265	0.8	NonTarget	1	101453
507.35	0.8	NonTarget	1	101470
507.43	0.8	NonTarget	1	101486
507.515	0.8	NonTarget	1	101503
507.6	0.8	NonTarget	1	101520
507.685	0.8	NonTarget	1	101537
507.765	0.8	NonTarget	1	101553
507.85	0.8	NonTarget	1	101570
507.935	0.8	NonTarget	1	101587
508.015	0.8	NonTarget	1	101603
508.1	0.8	NonTarget	1	101620
508.185	0.8	NonTarget	1	101637
508.27	0.8	NonTarget	1	101654
508.35	0.8	NonTarget	1	101670
508.435	0.8	NonTarget	1	101687
508.515	0.8	NonTarget	1	101703
508.6	0.8	NonTarget	1	101720
508.685	0.8	NonTarget	1	101737
508.77	0.8	NonTarget	1	101754
508.855	0.8	NonTarget	1	101771
508.935	0.8	NonTarget	1	101787
509.335	0.8	NonTarget	1	101867
509.42	0.8	NonTarget	1	101884
509.505	0.8	NonTarget	1	101901
509.585	0.8	NonTarget	1	101917
509.67	0.8	NonTarget	1	101934
509.755	0.8	Target	2	101951
509.835	0.8	NonTarget	1	101967
509.92	0.8	NonTarget	1	101984
510.005	0.8	NonTarget	1	102001
510.09	0.8	NonTarget	1	102018
510.17	0.8	NonTarget	1	102034
510.255	0.8	NonTarget	1	102051
510.34	0.8	NonTarget	1	102068
510.42	0.8	NonTarget	1	102084
510.505	0.8	NonTarget	1	102101
510.585	0.8	NonTarget	1	102117
510.67	0.8	NonTarget	1	102134
510.755	0.8	NonTarget	1	102151
510.84	0.8	NonTarget	1	102168
510.92	0.8	NonTarget	1	102184
511.005	0.8	NonTarget	1	102201
511.09	0.8	NonTarget	1	102218
511.17	0.8	NonTarget	1	102234
511.255	0.8	NonTarget	1	102251
511.34	0.8	NonTarget	1	102268
511.425	0.8	NonTarget	1	102285
511.505	0.8	NonTarget	1	102301
511.59	0.8	NonTarget	1	102318
511.675	0.8	NonTarget	1	102335
511.755	0.8	NonTarget	1	102351
512.155	0.8	NonTarget	1	102431
512.24	0.8	NonTarget	1	102448
512.325	0.8	NonTarget	1	102465
512.405	0.8	NonTarget	1	102481
512.49	0.8	NonTarget	1	102498
512.575	0.8	NonTarget	1	102515
512.66	0.8	NonTarget	1	102532
512.74	0.8	NonTarget	1	102548
512.825	0.8	NonTarget	1	102565
512.91	0.8	NonTarget	1	102582
512.99	0.8	NonTarget	1	102598
513.075	0.8	NonTarget	1	102615
513.16	0.8	NonTarget	1	102632
513.24	0.8	NonTarget	1	102648
513.325	0.8	NonTarget	1	102665
513.41	0.8	Target	2	102682
513.49	0.8	NonTarget	1	102698
513.575	0.8	NonTarget	1	102715
513.66	0.8	NonTarget	1	102732
513.74	0.8	NonTarget	1	102748
513.825	0.8	NonTarget	1	102765
513.905	0.8	NonTarget	1	102781
513.995	0.8	NonTarget	1	102799
514.075	0.8	NonTarget	1	102815
514.16	0.8	NonTarget	1	102832
514.24	0.8	NonTarget	1	102848
514.325	0.8	NonTarget	1	102865
514.41	0.8	NonTarget	1	102882
514.495	0.8	NonTarget	1	102899
514.575	0.8	NonTarget	1	102915
523.125	0.8	NonTarget	1	104625
523.205	0.8	NonTarget	1	104641
523.29	0.8	NonTarget	1	104658
523.37	0.8	NonTarget	1	104674
523.455	0.8	NonTarget	1	104691
523.54	0.8	NonTarget	1	104708
523.625	0.8	NonTarget	1	104725
523.705	0.8	NonTarget	1	104741
523.79	0.8	NonTarget	1	104758
523.87	0.8	NonTarget	1	104774
523.955	0.8	NonTarget	1	104791
524.04	0.8	NonTarget	1	104808
524.125	0.8	NonTarget	1	104825
524.205	0.8	NonTarget	1	104841
524.29	0.8	NonTarget	1	104858
524.375	0.8	NonTarget	1	104875
524.46	0.8	NonTarget	1	104892
524.54	0.8	NonTarget	1	104908
524.625	0.8	NonTarget	1	104925
524.71	0.8	NonTarget	1	104942
524.79	0.8	NonTarget	1	104958
524.875	0.8	NonTarget	1	104975
524.955	0.8	Target	2	104991
525.04	0.8	NonTarget	1	105008
525.125	0.8	NonTarget	1	105025
525.205	0.8	NonTarget	1	105041
525.29	0.8	NonTarget	1	105058
525.375	0.8	NonTarget	1	105075
525.46	0.8	NonTarget	1	105092
525.54	0.8	NonTarget	1	105108
525.94	0.8	NonTarget	1	105188
526.025	0.8	NonTarget	1	105205
526.11	0.8	Target	2	105222
526.195	0.8	NonTarget	1	105239
526.275	0.8	NonTarget	1	105255
526.36	0.8	NonTarget	1	105272
526.445	0.8	NonTarget	1	105289
526.525	0.8	NonTarget	1	105305
526.61	0.8	NonTarget	1	105322
526.695	0.8	NonTarget	1	105339
526.775	0.8	NonTarget	1	105355
526.86	0.8	NonTarget	1	105372
526.945	0.8	NonTarget	1	105389
527.025	0.8	NonTarget	1	105405
527.11	0.8	NonTarget	1	105422
527.195	0.8	NonTarget	1	105439
527.28	0.8	NonTarget	1	105456
527.36	0.8	NonTarget	1	105472
527.445	0.8	NonTarget	1	105489
527.53	0.8	NonTarget	1	105506
527.61	0.8	NonTarget	1	105522
527.695	0.8	NonTarget	1	105539
527.78	0.8	NonTarget	1	105556
527.865	0.8	NonTarget	1	105573
527.945	0.8	NonTarget	1	105589
528.03	0.8	NonTarget	1	105606
528.11	0.8	NonTarget	1	105622
528.195	0.8	NonTarget	1	105639
528.28	0.8	NonTarget	1	105656
528.365	0.8	NonTarget	1	105673
528.765	0.8	NonTarget	1	105753
528.845	0.8	NonTarget	1	105769
528.93	0.8	NonTarget	1	105786
529.015	0.8	NonTarget	1	105803
529.1	0.8	NonTarget	1	105820
529.18	0.8	NonTarget	1	105836
529.265	0.8	NonTarget	1	105853
529.345	0.8	Target	2	105869
529.43	0.8	NonTarget	1	105886
529.515	0.8	NonTarget	1	105903
529.6	0.8	NonTarget	1	105920
529.68	0.8	NonTarget	1	105936
529.765	0.8	NonTarget	1	105953
529.85	0.8	NonTarget	1	105970
529.93	0.8	NonTarget	1	105986
530.015	0.8	NonTarget	1	106003
530.1	0.8	NonTarget	1	106020
530.18	0.8	NonTarget	1	106036
530.265	0.8	NonTarget	1	106053
530.35	0.8	NonTarget	1	106070
530.43	0.8	NonTarget	1	106086
530.515	0.8	NonTarget	1	106103
530.6	0.8	NonTarget	1	106120
530.68	0.8	NonTarget	1	106136
530.765	0.8	NonTarget	1	106153
530.85	0.8	NonTarget	1	106170
530.935	0.8	NonTarget	1	106187
531.015	0.8	NonTarget	1	106203
531.1	0.8	NonTarget	1	106220
531.185	0.8	NonTarget	1	106237
531.585	0.8	NonTarget	1	106317
531.67	0.8	NonTarget	1	106334
531.75	0.8	NonTarget	1	106350
531.835	0.8	NonTarget	1	106367
531.915	0.8	NonTarget	1	106383
532.0	0.8	NonTarget	1	106400
532.085	0.8	NonTarget	1	106417
532.165	0.8	NonTarget	1	106433
532.25	0.8	NonTarget	1	106450
532.335	0.8	NonTarget	1	106467
532.42	0.8	NonTarget	1	106484
532.5	0.8	NonTarget	1	106500
532.585	0.8	NonTarget	1	106517
532.67	0.8	NonTarget	1	106534
532.75	0.8	NonTarget	1	106550
532.835	0.8	NonTarget	1	106567
532.92	0.8	NonTarget	1	106584
533.0	0.8	Target	2	106600
533.085	0.8	NonTarget	1	106617
533.17	0.8	NonTarget	1	106634
533.255	0.8	NonTarget	1	106651
533.335	0.8	NonTarget	1	106667
533.42	0.8	NonTarget	1	106684
533.505	0.8	NonTarget	1	106701
533.585	0.8	NonTarget	1	106717
533.67	0.8	NonTarget	1	106734
533.755	0.8	NonTarget	1	106751
533.835	0.8	NonTarget	1	106767
533.92	0.8	NonTarget	1	106784
534.005	0.8	NonTarget	1	106801
534.405	0.8	NonTarget	1	106881
534.49	0.8	NonTarget	1	106898
534.57	0.8	Target	2	106914
534.655	0.8	NonTarget	1	106931
534.74	0.8	NonTarget	1	106948
534.82	0.8	NonTarget	1	106964
534.905	0.8	NonTarget	1	106981
534.99	0.8	NonTarget	1	106998
535.075	0.8	NonTarget	1	107015
535.155	0.8	NonTarget	1	107031
535.24	0.8	NonTarget	1	107048
535.32	0.8	NonTarget	1	107064
535.405	0.8	NonTarget	1	107081
535.49	0.8	NonTarget	1	107098
535.57	0.8	NonTarget	1	107114
535.655	0.8	NonTarget	1	107131
535.74	0.8	NonTarget	1	107148
535.825	0.8	NonTarget	1	107165
535.905	0.8	NonTarget	1	107181
535.99	0.8	NonTarget	1	107198
536.075	0.8	NonTarget	1	107215
536.155	0.8	NonTarget	1	107231
536.24	0.8	NonTarget	1	107248
536.325	0.8	NonTarget	1	107265
536.405	0.8	NonTarget	1	107281
536.49	0.8	NonTarget	1	107298
536.575	0.8	NonTarget	1	107315
536.66	0.8	NonTarget	1	107332
536.74	0.8	NonTarget	1	107348
536.825	0.8	NonTarget	1	107365
537.225	0.8	NonTarget	1	107445
537.31	0.8	NonTarget	1	107462
537.39	0.8	NonTarget	1	107478
537.475	0.8	NonTarget	1	107495
537.56	0.8	NonTarget	1	107512
537.645	0.8	NonTarget	1	107529
537.725	0.8	NonTarget	1	107545
537.81	0.8	NonTarget	1	107562
537.89	0.8	NonTarget	1	107578
537.975	0.8	NonTarget	1	107595
538.06	0.8	NonTarget	1	107612
538.145	0.8	NonTarget	1	107629
538.225	0.8	NonTarget	1	107645
538.31	0.8	NonTarget	1	107662
538.395	0.8	NonTarget	1	107679
538.475	0.8	NonTarget	1	107695
538.56	0.8	NonTarget	1	107712
538.645	0.8	NonTarget	1	107729
538.725	0.8	NonTarget	1	107745
538.81	0.8	NonTarget	1	107762
538.895	0.8	NonTarget	1	107779
538.98	0.8	NonTarget	1	107796
539.06	0.8	Target	2	107812
539.145	0.8	NonTarget	1	107829
539.23	0.8	NonTarget	1	107846
539.31	0.8	NonTarget	1	107862
539.395	0.8	NonTarget	1	107879
539.475	0.8	NonTarget	1	107895
539.56	0.8	NonTarget	1	107912
539.645	0.8	NonTarget	1	107929
540.045	0.8	NonTarget	1	108009
540.13	0.8	NonTarget	1	108026
540.215	0.8	NonTarget	1	108043
540.295	0.8	NonTarget	1	108059
540.38	0.8	NonTarget	1	108076
540.465	0.8	NonTarget	1	108093
540.545	0.8	NonTarget	1	108109
540.63	0.8	Target	2	108126
540.715	0.8	NonTarget	1	108143
540.795	0.8	NonTarget	1	108159
540.88	0.8	NonTarget	1	108176
540.965	0.8	NonTarget	1	108193
541.05	0.8	NonTarget	1	108210
541.13	0.8	NonTarget	1	108226
541.215	0.8	NonTarget	1	108243
541.295	0.8	NonTarget	1	108259
541.38	0.8	NonTarget	1	108276
541.465	0.8	NonTarget	1	108293
541.55	0.8	NonTarget	1	108310
541.63	0.8	NonTarget	1	108326
541.715	0.8	NonTarget	1	108343
541.8	0.8	NonTarget	1	108360
541.88	0.8	NonTarget	1	108376
541.965	0.8	NonTarget	1	108393
542.05	0.8	NonTarget	1	108410
542.13	0.8	NonTarget	1	108426
542.215	0.8	NonTarget	1	108443
542.3	0.8	NonTarget	1	108460
542.385	0.8	NonTarget	1	108477
542.465	0.8	NonTarget	1	108493
542.87	0.8	NonTarget	1	108574
542.95	0.8	NonTarget	1	108590
543.035	0.8	Target	2	108607
543.115	0.8	NonTarget	1	108623
543.2	0.8	NonTarget	1	108640
543.285	0.8	NonTarget	1	108657
543.365	0.8	NonTarget	1	108673
543.45	0.8	NonTarget	1	108690
543.535	0.8	NonTarget	1	108707
543.615	0.8	NonTarget	1	108723
543.7	0.8	NonTarget	1	108740
543.785	0.8	NonTarget	1	108757
543.87	0.8	NonTarget	1	108774
543.95	0.8	NonTarget	1	108790
544.035	0.8	NonTarget	1	108807
544.12	0.8	NonTarget	1	108824
544.2	0.8	NonTarget	1	108840
544.285	0.8	NonTarget	1	108857
544.37	0.8	NonTarget	1	108874
544.45	0.8	NonTarget	1	108890
544.535	0.8	NonTarget	1	108907
544.62	0.8	NonTarget	1	108924
544.705	0.8	NonTarget	1	108941
544.785	0.8	NonTarget	1	108957
544.87	0.8	NonTarget	1	108974
544.955	0.8	NonTarget	1	108991
545.035	0.8	NonTarget	1	109007
545.12	0.8	NonTarget	1	109024
545.205	0.8	NonTarget	1	109041
545.285	0.8	NonTarget	1	109057
545.69	0.8	NonTarget	1	109138
545.77	0.8	NonTarget	1	109154
545.855	0.8	NonTarget	1	109171
545.94	0.8	NonTarget	1	109188
546.02	0.8	NonTarget	1	109204
546.105	0.8	NonTarget	1	109221
546.19	0.8	NonTarget	1	109238
546.27	0.8	NonTarget	1	109254
546.355	0.8	NonTarget	1	109271
546.44	0.8	NonTarget	1	109288
546.52	0.8	NonTarget	1	109304
546.605	0.8	NonTarget	1	109321
546.69	0.8	NonTarget	1	109338
546.77	0.8	NonTarget	1	109354
546.855	0.8	NonTarget	1	109371
546.94	0.8	NonTarget	1	109388
547.025	0.8	NonTarget	1	109405
547.105	0.8	NonTarget	1	109421
547.19	0.8	NonTarget	1	109438
547.275	0.8	NonTarget	1	109455
547.355	0.8	NonTarget	1	109471
547.44	0.8	NonTarget	1	109488
547.525	0.8	NonTarget	1	109505
547.605	0.8	NonTarget	1	109521
547.69	0.8	NonTarget	1	109538
547.775	0.8	NonTarget	1	109555
547.855	0.8	NonTarget	1	109571
547.94	0.8	Target	2	109588
548.025	0.8	NonTarget	1	109605
548.105	0.8	NonTarget	1	109621
548.51	0.8	NonTarget	1	109702
548.59	0.8	NonTarget	1	109718
548.675	0.8	NonTarget	1	109735
548.76	0.8	NonTarget	1	109752
548.84	0.8	NonTarget	1	109768
548.925	0.8	NonTarget	1	109785
549.01	0.8	NonTarget	1	109802
549.09	0.8	NonTarget	1	109818
549.175	0.8	NonTarget	1	109835
549.26	0.8	NonTarget	1	109852
549.34	0.8	NonTarget	1	109868
549.425	0.8	NonTarget	1	109885
549.51	0.8	Target	2	109902
549.595	0.8	NonTarget	1	109919
549.675	0.8	NonTarget	1	109935
549.76	0.8	NonTarget	1	109952
549.84	0.8	NonTarget	1	109968
549.925	0.8	NonTarget	1	109985
550.01	0.8	NonTarget	1	110002
550.095	0.8	NonTarget	1	110019
550.175	0.8	NonTarget	1	110035
550.26	0.8	NonTarget	1	110052
550.345	0.8	NonTarget	1	110069
550.425	0.8	NonTarget	1	110085
550.51	0.8	NonTarget	1	110102
550.595	0.8	NonTarget	1	110119
550.68	0.8	NonTarget	1	110136
550.76	0.8	NonTarget	1	110152
550.845	0.8	NonTarget	1	110169
550.93	0.8	NonTarget	1	110186
559.495	0.8	NonTarget	1	111899
559.575	0.8	NonTarget	1	111915
559.655	0.8	NonTarget	1	111931
559.74	0.8	NonTarget	1	111948
559.825	0.8	NonTarget	1	111965
559.91	0.8	NonTarget	1	111982
559.99	0.8	NonTarget	1	111998
560.075	0.8	NonTarget	1	112015
560.155	0.8	NonTarget	1	112031
560.24	0.8	NonTarget	1	112048
560.325	0.8	NonTarget	1	112065
560.41	0.8	NonTarget	1	112082
560.49	0.8	Target	2	112098
560.575	0.8	NonTarget	1	112115
560.66	0.8	NonTarget	1	112132
560.74	0.8	NonTarget	1	112148
560.825	0.8	NonTarget	1	112165
560.91	0.8	NonTarget	1	112182
560.99	0.8	NonTarget	1	112198
561.075	0.8	NonTarget	1	112215
561.16	0.8	NonTarget	1	112232
561.245	0.8	NonTarget	1	112249
561.325	0.8	NonTarget	1	112265
561.41	0.8	NonTarget	1	112282
561.495	0.8	NonTarget	1	112299
561.575	0.8	NonTarget	1	112315
561.66	0.8	NonTarget	1	112332
561.745	0.8	NonTarget	1	112349
561.83	0.8	NonTarget	1	112366
561.91	0.8	NonTarget	1	112382
562.31	0.8	NonTarget	1	112462
562.395	0.8	NonTarget	1	112479
562.475	0.8	NonTarget	1	112495
562.56	0.8	NonTarget	1	112512
562.645	0.8	NonTarget	1	112529
562.73	0.8	NonTarget	1	112546
562.81	0.8	NonTarget	1	112562
562.895	0.8	NonTarget	1	112579
562.98	0.8	NonTarget	1	112596
563.06	0.8	NonTarget	1	112612
563.145	0.8	NonTarget	1	112629
563.23	0.8	NonTarget	1	112646
563.31	0.8	Target	2	112662
563.395	0.8	NonTarget	1	112679
563.48	0.8	NonTarget	1	112696
563.56	0.8	NonTarget	1	112712
563.645	0.8	NonTarget	1	112729
563.73	0.8	NonTarget	1	112746
563.815	0.8	NonTarget	1	112763
563.895	0.8	NonTarget	1	112779
563.98	0.8	NonTarget	1	112796
564.065	0.8	NonTarget	1	112813
564.15	0.8	NonTarget	1	112830
564.23	0.8	NonTarget	1	112846
564.315	0.8	NonTarget	1	112863
564.395	0.8	NonTarget	1	112879
564.48	0.8	NonTarget	1	112896
564.565	0.8	NonTarget	1	112913
564.645	0.8	NonTarget	1	112929
564.73	0.8	NonTarget	1	112946
565.13	0.8	NonTarget	1	113026
565.215	0.8	NonTarget	1	113043
565.3	0.8	NonTarget	1	113060
565.38	0.8	NonTarget	1	113076
565.465	0.8	NonTarget	1	113093
565.55	0.8	NonTarget	1	113110
565.63	0.8	NonTarget	1	113126
565.715	0.8	NonTarget	1	113143
565.8	0.8	NonTarget	1	113160
565.885	0.8	NonTarget	1	113177
565.965	0.8	NonTarget	1	113193
566.05	0.8	NonTarget	1	113210
566.13	0.8	Target	2	113226
566.215	0.8	NonTarget	1	113243
566.3	0.8	NonTarget	1	113260
566.385	0.8	NonTarget	1	113277
566.465	0.8	NonTarget	1	113293
566.55	0.8	NonTarget	1	113310
566.635	0.8	NonTarget	1	113327
566.715	0.8	NonTarget	1	113343
566.8	0.8	NonTarget	1	113360
566.885	0.8	NonTarget	1	113377
566.97	0.8	NonTarget	1	113394
567.05	0.8	NonTarget	1	113410
567.135	0.8	NonTarget	1	113427
567.215	0.8	NonTarget	1	113443
567.3	0.8	NonTarget	1	113460
567.385	0.8	NonTarget	1	113477
567.47	0.8	NonTarget	1	113494
567.55	0.8	NonTarget	1	113510
567.95	0.8	NonTarget	1	113590
568.035	0.8	NonTarget	1	113607
568.12	0.8	Target	2	113624
568.205	0.8	NonTarget	1	113641
568.285	0.8	NonTarget	1	113657
568.37	0.8	NonTarget	1	113674
568.455	0.8	NonTarget	1	113691
568.535	0.8	NonTarget	1	113707
568.62	0.8	NonTarget	1	113724
568.705	0.8	NonTarget	1	113741
568.79	0.8	NonTarget	1	113758
568.87	0.8	NonTarget	1	113774
568.955	0.8	NonTarget	1	113791
569.035	0.8	NonTarget	1	113807
569.12	0.8	NonTarget	1	113824
569.205	0.8	NonTarget	1	113841
569.285	0.8	NonTarget	1	113857
569.37	0.8	NonTarget	1	113874
569.455	0.8	NonTarget	1	113891
569.54	0.8	NonTarget	1	113908
569.62	0.8	NonTarget	1	113924
569.705	0.8	NonTarget	1	113941
569.79	0.8	NonTarget	1	113958
569.87	0.8	NonTarget	1	113974
569.955	0.8	NonTarget	1	113991
570.04	0.8	NonTarget	1	114008
570.12	0.8	NonTarget	1	114024
570.205	0.8	NonTarget	1	114041
570.29	0.8	NonTarget	1	114058
570.37	0.8	NonTarget	1	114074
570.77	0.8	NonTarget	1	114154
570.855	0.8	NonTarget	1	114171
570.94	0.8	NonTarget	1	114188
571.025	0.8	NonTarget	1	114205
571.105	0.8	NonTarget	1	114221
571.19	0.8	NonTarget	1	114238
571.275	0.8	NonTarget	1	114255
571.355	0.8	NonTarget	1	114271
571.44	0.8	NonTarget	1	114288
571.525	0.8	NonTarget	1	114305
571.605	0.8	NonTarget	1	114321
571.69	0.8	NonTarget	1	114338
571.775	0.8	NonTarget	1	114355
571.86	0.8	NonTarget	1	114372
571.94	0.8	NonTarget	1	114388
572.025	0.8	NonTarget	1	114405
572.11	0.8	NonTarget	1	114422
572.19	0.8	NonTarget	1	114438
572.275	0.8	NonTarget	1	114455
572.36	0.8	NonTarget	1	114472
572.44	0.8	NonTarget	1	114488
572.525	0.8	NonTarget	1	114505
572.61	0.8	NonTarget	1	114522
572.695	0.8	NonTarget	1	114539
572.775	0.8	NonTarget	1	114555
572.86	0.8	NonTarget	1	114572
572.945	0.8	NonTarget	1	114589
573.025	0.8	Target	2	114605
573.11	0.8	NonTarget	1	114622
573.195	0.8	NonTarget	1	114639
573.595	0.8	NonTarget	1	114719
573.675	0.8	NonTarget	1	114735
573.76	0.8	NonTarget	1	114752
573.845	0.8	NonTarget	1	114769
573.925	0.8	NonTarget	1	114785
574.01	0.8	NonTarget	1	114802
574.095	0.8	NonTarget	1	114819
574.18	0.8	NonTarget	1	114836
574.26	0.8	NonTarget	1	114852
574.345	0.8	NonTarget	1	114869
574.43	0.8	NonTarget	1	114886
574.51	0.8	NonTarget	1	114902
574.595	0.8	NonTarget	1	114919
574.68	0.8	NonTarget	1	114936
574.76	0.8	NonTarget	1	114952
574.845	0.8	NonTarget	1	114969
574.93	0.8	NonTarget	1	114986
575.01	0.8	NonTarget	1	115002
575.095	0.8	NonTarget	1	115019
575.18	0.8	NonTarget	1	115036
575.265	0.8	NonTarget	1	115053
575.345	0.8	NonTarget	1	115069
575.43	0.8	NonTarget	1	115086
575.51	0.8	NonTarget	1	115102
575.595	0.8	NonTarget	1	115119
575.68	0.8	NonTarget	1	115136
575.765	0.8	NonTarget	1	115153
575.845	0.8	Target	2	115169
575.93	0.8	NonTarget	1	115186
576.015	0.8	NonTarget	1	115203
576.415	0.8	NonTarget	1	115283
576.5	0.8	NonTarget	1	115300
576.58	0.8	NonTarget	1	115316
576.665	0.8	NonTarget	1	115333
576.745	0.8	NonTarget	1	115349
576.83	0.8	NonTarget	1	115366
576.915	0.8	NonTarget	1	115383
577.0	0.8	NonTarget	1	115400
577.08	0.8	NonTarget	1	115416
577.165	0.8	NonTarget	1	115433
577.245	0.8	NonTarget	1	115449
577.33	0.8	NonTarget	1	115466
577.415	0.8	NonTarget	1	115483
577.5	0.8	NonTarget	1	115500
577.58	0.8	NonTarget	1	115516
577.665	0.8	NonTarget	1	115533
577.75	0.8	NonTarget	1	115550
577.835	0.8	NonTarget	1	115567
577.915	0.8	NonTarget	1	115583
578.0	0.8	NonTarget	1	115600
578.085	0.8	NonTarget	1	115617
578.165	0.8	NonTarget	1	115633
578.25	0.8	Target	2	115650
578.335	0.8	NonTarget	1	115667
578.415	0.8	NonTarget	1	115683
578.5	0.8	NonTarget	1	115700
578.585	0.8	NonTarget	1	115717
578.67	0.8	NonTarget	1	115734
578.75	0.8	NonTarget	1	115750
578.835	0.8	NonTarget	1	115767
579.235	0.8	NonTarget	1	115847
579.32	0.8	NonTarget	1	115864
579.4	0.8	Target	2	115880
579.485	0.8	NonTarget	1	115897
579.57	0.8	NonTarget	1	115914
579.65	0.8	NonTarget	1	115930
579.735	0.8	NonTarget	1	115947
579.82	0.8	NonTarget	1	115964
579.905	0.8	NonTarget	1	115981
579.985	0.8	NonTarget	1	115997
580.07	0.8	NonTarget	1	116014
580.155	0.8	NonTarget	1	116031
580.235	0.8	NonTarget	1	116047
580.32	0.8	NonTarget	1	116064
580.4	0.8	NonTarget	1	116080
580.485	0.8	NonTarget	1	116097
580.57	0.8	NonTarget	1	116114
580.655	0.8	NonTarget	1	116131
580.735	0.8	NonTarget	1	116147
580.82	0.8	NonTarget	1	116164
580.905	0.8	NonTarget	1	116181
580.985	0.8	NonTarget	1	116197
581.07	0.8	NonTarget	1	116214
581.155	0.8	NonTarget	1	116231
581.235	0.8	NonTarget	1	116247
581.32	0.8	NonTarget	1	116264
581.405	0.8	NonTarget	1	116281
581.49	0.8	NonTarget	1	116298
581.57	0.8	NonTarget	1	116314
581.655	0.8	NonTarget	1	116331
582.055	0.8	NonTarget	1	116411
582.14	0.8	NonTarget	1	116428
582.225	0.8	NonTarget	1	116445
582.305	0.8	NonTarget	1	116461
582.39	0.8	NonTarget	1	116478
582.475	0.8	NonTarget	1	116495
582.555	0.8	NonTarget	1	116511
582.64	0.8	NonTarget	1	116528
582.725	0.8	NonTarget	1	116545
582.805	0.8	NonTarget	1	116561
582.89	0.8	NonTarget	1	116578
582.975	0.8	NonTarget	1	116595
583.06	0.8	NonTarget	1	116612
583.14	0.8	NonTarget	1	116628
583.225	0.8	NonTarget	1	116645
583.31	0.8	NonTarget	1	116662
583.39	0.8	NonTarget	1	116678
583.475	0.8	NonTarget	1	116695
583.555	0.8	NonTarget	1	116711
583.64	0.8	NonTarget	1	116728
583.725	0.8	NonTarget	1	116745
583.81	0.8	NonTarget	1	116762
583.89	0.8	Target	2	116778
583.975	0.8	NonTarget	1	116795
584.06	0.8	NonTarget	1	116812
584.14	0.8	NonTarget	1	116828
584.225	0.8	NonTarget	1	116845
584.31	0.8	NonTarget	1	116862
584.39	0.8	NonTarget	1	116878
584.475	0.8	NonTarget	1	116895
584.875	0.8	NonTarget	1	116975
584.96	0.8	NonTarget	1	116992
585.045	0.8	NonTarget	1	117009
585.125	0.8	NonTarget	1	117025
585.21	0.8	NonTarget	1	117042
585.295	0.8	NonTarget	1	117059
585.38	0.8	NonTarget	1	117076
585.46	0.8	NonTarget	1	117092
585.545	0.8	NonTarget	1	117109
585.625	0.8	NonTarget	1	117125
585.71	0.8	NonTarget	1	117142
585.795	0.8	NonTarget	1	117159
585.88	0.8	NonTarget	1	117176
585.96	0.8	NonTarget	1	117192
586.045	0.8	NonTarget	1	117209
586.125	0.8	NonTarget	1	117225
586.21	0.8	NonTarget	1	117242
586.295	0.8	NonTarget	1	117259
586.38	0.8	NonTarget	1	117276
586.465	0.8	NonTarget	1	117293
586.545	0.8	NonTarget	1	117309
586.63	0.8	NonTarget	1	117326
586.71	0.8	Target	2	117342
586.795	0.8	NonTarget	1	117359
586.88	0.8	NonTarget	1	117376
586.96	0.8	NonTarget	1	117392
587.045	0.8	NonTarget	1	117409
587.13	0.8	NonTarget	1	117426
587.21	0.8	NonTarget	1	117442
587.295	0.8	NonTarget	1	117459
595.845	0.8	NonTarget	1	119169
595.925	0.8	NonTarget	1	119185
596.01	0.8	Target	2	119202
596.095	0.8	NonTarget	1	119219
596.175	0.8	NonTarget	1	119235
596.26	0.8	NonTarget	1	119252
596.34	0.8	NonTarget	1	119268
596.425	0.8	NonTarget	1	119285
596.51	0.8	NonTarget	1	119302
596.595	0.8	NonTarget	1	119319
596.675	0.8	NonTarget	1	119335
596.76	0.8	NonTarget	1	119352
596.845	0.8	NonTarget	1	119369
596.925	0.8	NonTarget	1	119385
597.01	0.8	NonTarget	1	119402
597.095	0.8	NonTarget	1	119419
597.175	0.8	NonTarget	1	119435
597.26	0.8	NonTarget	1	119452
597.345	0.8	NonTarget	1	119469
597.425	0.8	NonTarget	1	119485
597.51	0.8	NonTarget	1	119502
597.595	0.8	NonTarget	1	119519
597.68	0.8	NonTarget	1	119536
597.76	0.8	NonTarget	1	119552
597.845	0.8	NonTarget	1	119569
597.93	0.8	NonTarget	1	119586
598.01	0.8	NonTarget	1	119602
598.095	0.8	NonTarget	1	119619
598.18	0.8	NonTarget	1	119636
598.26	0.8	NonTarget	1	119652
598.665	0.8	NonTarget	1	119733
598.745	0.8	NonTarget	1	119749
598.83	0.8	NonTarget	1	119766
598.915	0.8	NonTarget	1	119783
598.995	0.8	NonTarget	1	119799
599.08	0.8	NonTarget	1	119816
599.165	0.8	NonTarget	1	119833
599.245	0.8	Target	2	119849
599.33	0.8	NonTarget	1	119866
599.41	0.8	NonTarget	1	119882
599.5	0.8	NonTarget	1	119900
599.58	0.8	NonTarget	1	119916
599.665	0.8	NonTarget	1	119933
599.745	0.8	NonTarget	1	119949
599.83	0.8	NonTarget	1	119966
599.915	0.8	NonTarget	1	119983
599.995	0.8	NonTarget	1	119999
600.08	0.8	NonTarget	1	120016
600.165	0.8	NonTarget	1	120033
600.25	0.8	NonTarget	1	120050
600.33	0.8	NonTarget	1	120066
600.415	0.8	NonTarget	1	120083
600.5	0.8	NonTarget	1	120100
600.58	0.8	NonTarget	1	120116
600.665	0.8	NonTarget	1	120133
600.75	0.8	NonTarget	1	120150
600.83	0.8	NonTarget	1	120166
600.915	0.8	NonTarget	1	120183
601.0	0.8	NonTarget	1	120200
601.08	0.8	NonTarget	1	120216
601.485	0.8	NonTarget	1	120297
601.565	0.8	NonTarget	1	120313
601.65	0.8	NonTarget	1	120330
601.735	0.8	NonTarget	1	120347
601.815	0.8	NonTarget	1	120363
601.9	0.8	NonTarget	1	120380
601.985	0.8	NonTarget	1	120397
602.065	0.8	NonTarget	1	120413
602.15	0.8	NonTarget	1	120430
602.235	0.8	NonTarget	1	120447
602.32	0.8	NonTarget	1	120464
602.4	0.8	NonTarget	1	120480
602.485	0.8	Target	2	120497
602.57	0.8	NonTarget	1	120514
602.65	0.8	NonTarget	1	120530
602.735	0.8	NonTarget	1	120547
602.82	0.8	NonTarget	1	120564
602.9	0.8	NonTarget	1	120580
602.985	0.8	NonTarget	1	120597
603.07	0.8	NonTarget	1	120614
603.15	0.8	NonTarget	1	120630
603.235	0.8	NonTarget	1	120647
603.32	0.8	NonTarget	1	120664
603.4	0.8	NonTarget	1	120680
603.485	0.8	NonTarget	1	120697
603.57	0.8	NonTarget	1	120714
603.655	0.8	NonTarget	1	120731
603.735	0.8	NonTarget	1	120747
603.82	0.8	NonTarget	1	120764
603.905	0.8	NonTarget	1	120781
604.3	0.8	NonTarget	1	120860
604.385	0.8	NonTarget	1	120877
604.47	0.8	NonTarget	1	120894
604.555	0.8	NonTarget	1	120911
604.635	0.8	NonTarget	1	120927
604.72	0.8	NonTarget	1	120944
604.805	0.8	NonTarget	1	120961
604.885	0.8	Target	2	120977
604.97	0.8	NonTarget	1	120994
605.055	0.8	NonTarget	1	121011
605.14	0.8	NonTarget	1	121028
605.22	0.8	NonTarget	1	121044
605.305	0.8	NonTarget	1	121061
605.39	0.8	NonTarget	1	121078
605.47	0.8	NonTarget	1	121094
605.555	0.8	NonTarget	1	121111
605.64	0.8	NonTarget	1	121128
605.72	0.8	NonTarget	1	121144
605.805	0.8	NonTarget	1	121161
605.89	0.8	NonTarget	1	121178
605.97	0.8	NonTarget	1	121194
606.055	0.8	NonTarget	1	121211
606.14	0.8	NonTarget	1	121228
606.225	0.8	NonTarget	1	121245
606.305	0.8	NonTarget	1	121261
606.39	0.8	NonTarget	1	121278
606.475	0.8	NonTarget	1	121295
606.555	0.8	NonTarget	1	121311
606.64	0.8	NonTarget	1	121328
606.725	0.8	NonTarget	1	121345
607.125	0.8	NonTarget	1	121425
607.205	0.8	NonTarget	1	121441
607.29	0.8	NonTarget	1	121458
607.375	0.8	NonTarget	1	121475
607.455	0.8	NonTarget	1	121491
607.54	0.8	NonTarget	1	121508
607.625	0.8	NonTarget	1	121525
607.71	0.8	NonTarget	1	121542
607.79	0.8	NonTarget	1	121558
607.875	0.8	NonTarget	1	121575
607.96	0.8	NonTarget	1	121592
608.04	0.8	NonTarget	1	121608
608.125	0.8	Target	2	121625
608.21	0.8	NonTarget	1	121642
608.29	0.8	NonTarget	1	121658
608.375	0.8	NonTarget	1	121675
608.46	0.8	NonTarget	1	121692
608.545	0.8	NonTarget	1	121709
608.625	0.8	NonTarget	1	121725
608.71	0.8	NonTarget	1	121742
608.795	0.8	NonTarget	1	121759
608.875	0.8	NonTarget	1	121775
608.96	0.8	NonTarget	1	121792
609.045	0.8	NonTarget	1	121809
609.125	0.8	NonTarget	1	121825
609.21	0.8	NonTarget	1	121842
609.295	0.8	NonTarget	1	121859
609.375	0.8	NonTarget	1	121875
609.46	0.8	NonTarget	1	121892
609.545	0.8	NonTarget	1	121909
609.945	0.8	NonTarget	1	121989
610.03	0.8	NonTarget	1	122006
610.11	0.8	NonTarget	1	122022
610.195	0.8	NonTarget	1	122039
610.28	0.8	NonTarget	1	122056
610.365	0.8	NonTarget	1	122073
610.445	0.8	NonTarget	1	122089
610.53	0.8	NonTarget	1	122106
610.615	0.8	NonTarget	1	122123
610.695	0.8	NonTarget	1	122139
610.78	0.8	NonTarget	1	122156
610.865	0.8	NonTarget	1	122173
610.945	0.8	Target	2	122189
611.03	0.8	NonTarget	1	122206
611.115	0.8	NonTarget	1	122223
611.195	0.8	NonTarget	1	122239
611.28	0.8	NonTarget	1	122256
611.365	0.8	NonTarget	1	122273
611.445	0.8	NonTarget	1	122289
611.53	0.8	NonTarget	1	122306
611.615	0.8	NonTarget	1	122323
611.695	0.8	NonTarget	1	122339
611.78	0.8	NonTarget	1	122356
611.865	0.8	NonTarget	1	122373
611.945	0.8	NonTarget	1	122389
612.03	0.8	NonTarget	1	122406
612.115	0.8	NonTarget	1	122423
612.195	0.8	NonTarget	1	122439
612.28	0.8	NonTarget	1	122456
612.365	0.8	NonTarget	1	122473
612.765	0.8	NonTarget	1	122553
612.85	0.8	NonTarget	1	122570
612.93	0.8	Target	2	122586
613.015	0.8	NonTarget	1	122603
613.1	0.8	NonTarget	1	122620
613.185	0.8	NonTarget	1	122637
613.265	0.8	NonTarget	1	122653
613.35	0.8	NonTarget	1	122670
613.435	0.8	NonTarget	1	122687
613.515	0.8	NonTarget	1	122703
613.6	0.8	NonTarget	1	122720
613.685	0.8	NonTarget	1	122737
613.765	0.8	NonTarget	1	122753
613.85	0.8	NonTarget	1	122770
613.935	0.8	NonTarget	1	122787
614.02	0.8	NonTarget	1	122804
614.1	0.8	NonTarget	1	122820
614.185	0.8	NonTarget	1	122837
614.27	0.8	NonTarget	1	122854
614.35	0.8	NonTarget	1	122870
614.435	0.8	NonTarget	1	122887
614.52	0.8	NonTarget	1	122904
614.6	0.8	NonTarget	1	122920
614.685	0.8	NonTarget	1	122937
614.77	0.8	NonTarget	1	122954
614.85	0.8	NonTarget	1	122970
614.935	0.8	NonTarget	1	122987
615.02	0.8	NonTarget	1	123004
615.105	0.8	NonTarget	1	123021
615.185	0.8	NonTarget	1	123037
615.585	0.8	NonTarget	1	123117
615.67	0.8	NonTarget	1	123134
615.755	0.8	NonTarget	1	123151
615.835	0.8	NonTarget	1	123167
615.92	0.8	NonTarget	1	123184
616.005	0.8	NonTarget	1	123201
616.085	0.8	NonTarget	1	123217
616.17	0.8	NonTarget	1	123234
616.255	0.8	NonTarget	1	123251
616.335	0.8	NonTarget	1	123267
616.42	0.8	NonTarget	1	123284
616.505	0.8	NonTarget	1	123301
616.59	0.8	Target	2	123318
616.67	0.8	NonTarget	1	123334
616.755	0.8	NonTarget	1	123351
616.835	0.8	NonTarget	1	123367
616.92	0.8	NonTarget	1	123384
617.005	0.8	NonTarget	1	123401
617.09	0.8	NonTarget	1	123418
617.17	0.8	NonTarget	1	123434
617.255	0.8	NonTarget	1	123451
617.34	0.8	NonTarget	1	123468
617.42	0.8	NonTarget	1	123484
617.505	0.8	NonTarget	1	123501
617.59	0.8	NonTarget	1	123518
617.675	0.8	NonTarget	1	123535
617.755	0.8	NonTarget	1	123551
617.84	0.8	NonTarget	1	123568
617.92	0.8	NonTarget	1	123584
618.005	0.8	NonTarget	1	123601
618.405	0.8	NonTarget	1	123681
618.49	0.8	NonTarget	1	123698
618.575	0.8	Target	2	123715
618.655	0.8	NonTarget	1	123731
618.74	0.8	NonTarget	1	123748
618.825	0.8	NonTarget	1	123765
618.91	0.8	NonTarget	1	123782
618.99	0.8	NonTarget	1	123798
619.075	0.8	NonTarget	1	123815
619.16	0.8	NonTarget	1	123832
619.24	0.8	NonTarget	1	123848
619.325	0.8	NonTarget	1	123865
619.41	0.8	NonTarget	1	123882
619.49	0.8	NonTarget	1	123898
619.575	0.8	NonTarget	1	123915
619.66	0.8	NonTarget	1	123932
619.74	0.8	NonTarget	1	123948
619.825	0.8	NonTarget	1	123965
619.91	0.8	NonTarget	1	123982
619.995	0.8	NonTarget	1	123999
620.075	0.8	NonTarget	1	124015
620.16	0.8	NonTarget	1	124032
620.24	0.8	NonTarget	1	124048
620.325	0.8	NonTarget	1	124065
620.41	0.8	NonTarget	1	124082
620.495	0.8	NonTarget	1	124099
620.58	0.8	NonTarget	1	124116
620.66	0.8	NonTarget	1	124132
620.745	0.8	NonTarget	1	124149
620.825	0.8	NonTarget	1	124165
621.225	0.8	NonTarget	1	124245
621.31	0.8	NonTarget	1	124262
621.395	0.8	NonTarget	1	124279
621.48	0.8	NonTarget	1	124296
621.56	0.8	NonTarget	1	124312
621.645	0.8	NonTarget	1	124329
621.725	0.8	NonTarget	1	124345
621.81	0.8	NonTarget	1	124362
621.895	0.8	NonTarget	1	124379
621.98	0.8	NonTarget	1	124396
622.065	0.8	NonTarget	1	124413
622.145	0.8	NonTarget	1	124429
622.23	0.8	Target	2	124446
622.315	0.8	NonTarget	1	124463
622.395	0.8	NonTarget	1	124479
622.48	0.8	NonTarget	1	124496
622.565	0.8	NonTarget	1	124513
622.645	0.8	NonTarget	1	124529
622.73	0.8	NonTarget	1	124546
622.815	0.8	NonTarget	1	124563
622.895	0.8	NonTarget	1	124579
622.98	0.8	NonTarget	1	124596
623.065	0.8	NonTarget	1	124613
623.145	0.8	NonTarget	1	124629
623.23	0.8	NonTarget	1	124646
623.315	0.8	NonTarget	1	124663
623.395	0.8	NonTarget	1	124679
623.48	0.8	NonTarget	1	124696
623.565	0.8	NonTarget	1	124713
623.645	0.8	NonTarget	1	124729
632.195	0.8	NonTarget	1	126439
632.275	0.8	NonTarget	1	126455
632.36	0.8	NonTarget	1	126472
632.445	0.8	NonTarget	1	126489
632.525	0.8	NonTarget	1	126505
632.61	0.8	NonTarget	1	126522
632.695	0.8	NonTarget	1	126539
632.78	0.8	NonTarget	1	126556
632.86	0.8	NonTarget	1	126572
632.945	0.8	NonTarget	1	126589
633.025	0.8	NonTarget	1	126605
633.11	0.8	NonTarget	1	126622
633.195	0.8	NonTarget	1	126639
633.28	0.8	NonTarget	1	126656
633.36	0.8	NonTarget	1	126672
633.445	0.8	NonTarget	1	126689
633.53	0.8	NonTarget	1	126706
633.61	0.8	NonTarget	1	126722
633.695	0.8	Target	2	126739
633.78	0.8	NonTarget	1	126756
633.865	0.8	NonTarget	1	126773
633.945	0.8	NonTarget	1	126789
634.03	0.8	NonTarget	1	126806
634.115	0.8	NonTarget	1	126823
634.195	0.8	NonTarget	1	126839
634.28	0.8	NonTarget	1	126856
634.365	0.8	NonTarget	1	126873
634.445	0.8	NonTarget	1	126889
634.53	0.8	NonTarget	1	126906
634.615	0.8	NonTarget	1	126923
635.015	0.8	NonTarget	1	127003
635.095	0.8	NonTarget	1	127019
635.18	0.8	NonTarget	1	127036
635.265	0.8	NonTarget	1	127053
635.35	0.8	NonTarget	1	127070
635.43	0.8	NonTarget	1	127086
635.515	0.8	NonTarget	1	127103
635.595	0.8	NonTarget	1	127119
635.68	0.8	NonTarget	1	127136
635.765	0.8	NonTarget	1	127153
635.85	0.8	NonTarget	1	127170
635.93	0.8	NonTarget	1	127186
636.015	0.8	NonTarget	1	127203
636.1	0.8	Target	2	127220
636.18	0.8	NonTarget	1	127236
636.265	0.8	NonTarget	1	127253
636.35	0.8	NonTarget	1	127270
636.43	0.8	NonTarget	1	127286
636.515	0.8	NonTarget	1	127303
636.6	0.8	NonTarget	1	127320
636.685	0.8	NonTarget	1	127337
636.765	0.8	NonTarget	1	127353
636.85	0.8	NonTarget	1	127370
636.935	0.8	NonTarget	1	127387
637.015	0.8	NonTarget	1	127403
637.1	0.8	NonTarget	1	127420
637.185	0.8	NonTarget	1	127437
637.265	0.8	NonTarget	1	127453
637.35	0.8	NonTarget	1	127470
637.435	0.8	NonTarget	1	127487
637.835	0.8	NonTarget	1	127567
637.92	0.8	NonTarget	1	127584
638.0	0.8	NonTarget	1	127600
638.085	0.8	NonTarget	1	127617
638.165	0.8	NonTarget	1	127633
638.25	0.8	NonTarget	1	127650
638.335	0.8	NonTarget	1	127667
638.42	0.8	NonTarget	1	127684
638.5	0.8	NonTarget	1	127700
638.585	0.8	NonTarget	1	127717
638.67	0.8	NonTarget	1	127734
638.75	0.8	NonTarget	1	127750
638.835	0.8	NonTarget	1	127767
638.92	0.8	NonTarget	1	127784
639.0	0.8	NonTarget	1	127800
639.085	0.8	NonTarget	1	127817
639.17	0.8	NonTarget	1	127834
639.255	0.8	NonTarget	1	127851
639.335	0.8	NonTarget	1	127867
639.42	0.8	NonTarget	1	127884
639.505	0.8	NonTarget	1	127901
639.585	0.8	NonTarget	1	127917
639.67	0.8	NonTarget	1	127934
639.755	0.8	NonTarget	1	127951
639.84	0.8	NonTarget	1	127968
639.92	0.8	NonTarget	1	127984
640.005	0.8	NonTarget	1	128001
640.085	0.8	NonTarget	1	128017
640.17	0.8	Target	2	128034
640.255	0.8	NonTarget	1	128051
640.655	0.8	NonTarget	1	128131
640.74	0.8	NonTarget	1	128148
640.82	0.8	NonTarget	1	128164
640.905	0.8	NonTarget	1	128181
640.99	0.8	NonTarget	1	128198
641.07	0.8	NonTarget	1	128214
641.155	0.8	NonTarget	1	128231
641.24	0.8	NonTarget	1	128248
641.325	0.8	NonTarget	1	128265
641.405	0.8	NonTarget	1	128281
641.49	0.8	NonTarget	1	128298
641.575	0.8	NonTarget	1	128315
641.655	0.8	NonTarget	1	128331
641.74	0.8	NonTarget	1	128348
641.825	0.8	NonTarget	1	128365
641.905	0.8	NonTarget	1	128381
641.99	0.8	NonTarget	1	128398
642.075	0.8	NonTarget	1	128415
642.16	0.8	NonTarget	1	128432
642.24	0.8	NonTarget	1	128448
642.325	0.8	NonTarget	1	128465
642.405	0.8	NonTarget	1	128481
642.49	0.8	NonTarget	1	128498
642.575	0.8	NonTarget	1	128515
642.655	0.8	NonTarget	1	128531
642.74	0.8	NonTarget	1	128548
642.825	0.8	NonTarget	1	128565
642.91	0.8	NonTarget	1	128582
642.99	0.8	Target	2	128598
643.075	0.8	NonTarget	1	128615
643.475	0.8	NonTarget	1	128695
643.56	0.8	NonTarget	1	128712
643.64	0.8	NonTarget	1	128728
643.725	0.8	Target	2	128745
643.81	0.8	NonTarget	1	128762
643.895	0.8	NonTarget	1	128779
643.98	0.8	NonTarget	1	128796
644.06	0.8	NonTarget	1	128812
644.145	0.8	NonTarget	1	128829
644.225	0.8	NonTarget	1	128845
644.31	0.8	NonTarget	1	128862
644.395	0.8	NonTarget	1	128879
644.475	0.8	NonTarget	1	128895
644.56	0.8	NonTarget	1	128912
644.645	0.8	NonTarget	1	128929
644.725	0.8	NonTarget	1	128945
644.81	0.8	NonTarget	1	128962
644.895	0.8	NonTarget	1	128979
644.98	0.8	NonTarget	1	128996
645.06	0.8	NonTarget	1	129012
645.145	0.8	NonTarget	1	129029
645.225	0.8	NonTarget	1	129045
645.31	0.8	NonTarget	1	129062
645.395	0.8	NonTarget	1	129079
645.48	0.8	NonTarget	1	129096
645.56	0.8	NonTarget	1	129112
645.645	0.8	NonTarget	1	129129
645.73	0.8	NonTarget	1	129146
645.815	0.8	NonTarget	1	129163
645.895	0.8	NonTarget	1	129179
646.295	0.8	NonTarget	1	129259
646.38	0.8	NonTarget	1	129276
646.465	0.8	NonTarget	1	129293
646.545	0.8	NonTarget	1	129309
646.63	0.8	NonTarget	1	129326
646.71	0.8	NonTarget	1	129342
646.795	0.8	NonTarget	1	129359
646.88	0.8	NonTarget	1	129376
646.965	0.8	NonTarget	1	129393
647.045	0.8	NonTarget	1	129409
647.13	0.8	NonTarget	1	129426
647.215	0.8	NonTarget	1	129443
647.3	0.8	NonTarget	1	129460
647.38	0.8	NonTarget	1	129476
647.465	0.8	NonTarget	1	129493
647.55	0.8	NonTarget	1	129510
647.63	0.8	NonTarget	1	129526
647.715	0.8	NonTarget	1	129543
647.8	0.8	NonTarget	1	129560
647.885	0.8	NonTarget	1	129577
647.965	0.8	NonTarget	1	129593
648.05	0.8	NonTarget	1	129610
648.13	0.8	NonTarget	1	129626
648.215	0.8	NonTarget	1	129643
648.3	0.8	NonTarget	1	129660
648.385	0.8	NonTarget	1	129677
648.465	0.8	NonTarget	1	129693
648.55	0.8	NonTarget	1	129710
648.635	0.8	Target	2	129727
648.715	0.8	NonTarget	1	129743
649.115	0.8	NonTarget	1	129823
649.2	0.8	NonTarget	1	129840
649.285	0.8	NonTarget	1	129857
649.37	0.8	NonTarget	1	129874
649.45	0.8	NonTarget	1	129890
649.535	0.8	NonTarget	1	129907
649.62	0.8	NonTarget	1	129924
649.7	0.8	NonTarget	1	129940
649.785	0.8	NonTarget	1	129957
649.865	0.8	NonTarget	1	129973
649.95	0.8	NonTarget	1	129990
650.035	0.8	NonTarget	1	130007
650.115	0.8	NonTarget	1	130023
650.2	0.8	Target	2	130040
650.285	0.8	NonTarget	1	130057
650.37	0.8	NonTarget	1	130074
650.455	0.8	NonTarget	1	130091
650.535	0.8	NonTarget	1	130107
650.62	0.8	NonTarget	1	130124
650.705	0.8	NonTarget	1	130141
650.785	0.8	NonTarget	1	130157
650.87	0.8	NonTarget	1	130174
650.955	0.8	NonTarget	1	130191
651.035	0.8	NonTarget	1	130207
651.12	0.8	NonTarget	1	130224
651.205	0.8	NonTarget	1	130241
651.285	0.8	NonTarget	1	130257
651.37	0.8	NonTarget	1	130274
651.455	0.8	NonTarget	1	130291
651.535	0.8	NonTarget	1	130307
651.94	0.8	NonTarget	1	130388
652.02	0.8	NonTarget	1	130404
652.105	0.8	NonTarget	1	130421
652.19	0.8	NonTarget	1	130438
652.27	0.8	NonTarget	1	130454
652.355	0.8	NonTarget	1	130471
652.44	0.8	NonTarget	1	130488
652.52	0.8	NonTarget	1	130504
652.605	0.8	NonTarget	1	130521
652.69	0.8	NonTarget	1	130538
652.775	0.8	NonTarget	1	130555
652.855	0.8	NonTarget	1	130571
652.94	0.8	NonTarget	1	130588
653.025	0.8	NonTarget	1	130605
653.105	0.8	NonTarget	1	130621
653.19	0.8	NonTarget	1	130638
653.27	0.8	NonTarget	1	130654
653.355	0.8	NonTarget	1	130671
653.44	0.8	Target	2	130688
653.525	0.8	NonTarget	1	130705
653.605	0.8	NonTarget	1	130721
653.69	0.8	NonTarget	1	130738
653.775	0.8	NonTarget	1	130755
653.855	0.8	NonTarget	1	130771
653.94	0.8	NonTarget	1	130788
654.025	0.8	NonTarget	1	130805
654.11	0.8	NonTarget	1	130822
654.19	0.8	NonTarget	1	130838
654.275	0.8	NonTarget	1	130855
654.355	0.8	NonTarget	1	130871
654.76	0.8	NonTarget	1	130952
654.84	0.8	NonTarget	1	130968
654.925	0.8	NonTarget	1	130985
655.01	0.8	NonTarget	1	131002
655.09	0.8	NonTarget	1	131018
655.175	0.8	NonTarget	1	131035
655.26	0.8	NonTarget	1	131052
655.345	0.8	NonTarget	1	131069
655.425	0.8	NonTarget	1	131085
655.51	0.8	NonTarget	1	131102
655.59	0.8	NonTarget	1	131118
655.675	0.8	NonTarget	1	131135
655.76	0.8	NonTarget	1	131152
655.845	0.8	NonTarget	1	131169
655.925	0.8	NonTarget	1	131185
656.01	0.8	NonTarget	1	131202
656.095	0.8	NonTarget	1	131219
656.175	0.8	NonTarget	1	131235
656.26	0.8	NonTarget	1	131252
656.345	0.8	NonTarget	1	131269
656.43	0.8	NonTarget	1	131286
656.51	0.8	NonTarget	1	131302
656.595	0.8	NonTarget	1	131319
656.68	0.8	NonTarget	1	131336
656.76	0.8	NonTarget	1	131352
656.845	0.8	NonTarget	1	131369
656.93	0.8	NonTarget	1	131386
657.01	0.8	NonTarget	1	131402
657.095	0.8	Target	2	131419
657.18	0.8	NonTarget	1	131436
657.58	0.8	NonTarget	1	131516
657.665	0.8	NonTarget	1	131533
657.745	0.8	NonTarget	1	131549
657.83	0.8	NonTarget	1	131566
657.915	0.8	NonTarget	1	131583
657.995	0.8	NonTarget	1	131599
658.08	0.8	NonTarget	1	131616
658.16	0.8	NonTarget	1	131632
658.245	0.8	NonTarget	1	131649
658.33	0.8	NonTarget	1	131666
658.415	0.8	NonTarget	1	131683
658.5	0.8	NonTarget	1	131700
658.58	0.8	NonTarget	1	131716
658.665	0.8	Target	2	131733
658.75	0.8	NonTarget	1	131750
658.83	0.8	NonTarget	1	131766
658.915	0.8	NonTarget	1	131783
658.995	0.8	NonTarget	1	131799
659.08	0.8	NonTarget	1	131816
659.165	0.8	NonTarget	1	131833
659.25	0.8	NonTarget	1	131850
659.33	0.8	NonTarget	1	131866
659.415	0.8	NonTarget	1	131883
659.5	0.8	NonTarget	1	131900
659.58	0.8	NonTarget	1	131916
659.665	0.8	NonTarget	1	131933
659.75	0.8	NonTarget	1	131950
659.83	0.8	NonTarget	1	131966
659.915	0.8	NonTarget	1	131983
660.0	0.8	NonTarget	1	132000
668.565	0.8	NonTarget	1	133713
668.645	0.8	Target	2	133729
668.73	0.8	NonTarget	1	133746
668.81	0.8	NonTarget	1	133762
668.895	0.8	NonTarget	1	133779
668.98	0.8	NonTarget	1	133796
669.06	0.8	NonTarget	1	133812
669.145	0.8	NonTarget	1	133829
669.23	0.8	NonTarget	1	133846
669.31	0.8	NonTarget	1	133862
669.395	0.8	NonTarget	1	133879
669.48	0.8	NonTarget	1	133896
669.56	0.8	NonTarget	1	133912
669.645	0.8	NonTarget	1	133929
669.73	0.8	NonTarget	1	133946
669.81	0.8	NonTarget	1	133962
669.895	0.8	NonTarget	1	133979
669.98	0.8	NonTarget	1	133996
670.065	0.8	NonTarget	1	134013
670.145	0.8	NonTarget	1	134029
670.23	0.8	NonTarget	1	134046
670.315	0.8	NonTarget	1	134063
670.395	0.8	NonTarget	1	134079
670.48	0.8	NonTarget	1	134096
670.565	0.8	NonTarget	1	134113
670.645	0.8	NonTarget	1	134129
670.73	0.8	NonTarget	1	134146
670.815	0.8	NonTarget	1	134163
670.9	0.8	NonTarget	1	134180
670.98	0.8	NonTarget	1	134196
671.385	0.8	NonTarget	1	134277
671.465	0.8	NonTarget	1	134293
671.55	0.8	NonTarget	1	134310
671.63	0.8	NonTarget	1	134326
671.715	0.8	NonTarget	1	134343
671.8	0.8	NonTarget	1	134360
671.88	0.8	NonTarget	1	134376
671.965	0.8	NonTarget	1	134393
672.05	0.8	NonTarget	1	134410
672.135	0.8	NonTarget	1	134427
672.22	0.8	NonTarget	1	134444
672.3	0.8	Target	2	134460
672.385	0.8	NonTarget	1	134477
672.47	0.8	NonTarget	1	134494
672.55	0.8	NonTarget	1	134510
672.635	0.8	NonTarget	1	134527
672.715	0.8	NonTarget	1	134543
672.8	0.8	NonTarget	1	134560
672.885	0.8	NonTarget	1	134577
672.965	0.8	NonTarget	1	134593
673.05	0.8	NonTarget	1	134610
673.135	0.8	NonTarget	1	134627
673.22	0.8	NonTarget	1	134644
673.3	0.8	NonTarget	1	134660
673.385	0.8	NonTarget	1	134677
673.47	0.8	NonTarget	1	134694
673.55	0.8	NonTarget	1	134710
673.635	0.8	NonTarget	1	134727
673.72	0.8	NonTarget	1	134744
673.805	0.8	NonTarget	1	134761
674.2	0.8	NonTarget	1	134840
674.285	0.8	NonTarget	1	134857
674.37	0.8	NonTarget	1	134874
674.455	0.8	NonTarget	1	134891
674.535	0.8	NonTarget	1	134907
674.62	0.8	NonTarget	1	134924
674.705	0.8	NonTarget	1	134941
674.785	0.8	NonTarget	1	134957
674.87	0.8	NonTarget	1	134974
674.955	0.8	NonTarget	1	134991
675.035	0.8	NonTarget	1	135007
675.12	0.8	NonTarget	1	135024
675.205	0.8	NonTarget	1	135041
675.285	0.8	NonTarget	1	135057
675.37	0.8	NonTarget	1	135074
675.455	0.8	NonTarget	1	135091
675.54	0.8	NonTarget	1	135108
675.62	0.8	NonTarget	1	135124
675.705	0.8	NonTarget	1	135141
675.785	0.8	NonTarget	1	135157
675.87	0.8	NonTarget	1	135174
675.955	0.8	Target	2	135191
676.04	0.8	NonTarget	1	135208
676.12	0.8	NonTarget	1	135224
676.205	0.8	NonTarget	1	135241
676.29	0.8	NonTarget	1	135258
676.37	0.8	NonTarget	1	135274
676.455	0.8	NonTarget	1	135291
676.54	0.8	NonTarget	1	135308
676.62	0.8	NonTarget	1	135324
677.025	0.8	NonTarget	1	135405
677.105	0.8	NonTarget	1	135421
677.19	0.8	NonTarget	1	135438
677.275	0.8	NonTarget	1	135455
677.355	0.8	NonTarget	1	135471
677.44	0.8	NonTarget	1	135488
677.525	0.8	Target	2	135505
677.61	0.8	NonTarget	1	135522
677.69	0.8	NonTarget	1	135538
677.775	0.8	NonTarget	1	135555
677.855	0.8	NonTarget	1	135571
677.94	0.8	NonTarget	1	135588
678.025	0.8	NonTarget	1	135605
678.11	0.8	NonTarget	1	135622
678.19	0.8	NonTarget	1	135638
678.275	0.8	NonTarget	1	135655
678.36	0.8	NonTarget	1	135672
678.44	0.8	NonTarget	1	135688
678.525	0.8	NonTarget	1	135705
678.61	0.8	NonTarget	1	135722
678.69	0.8	NonTarget	1	135738
678.775	0.8	NonTarget	1	135755
678.86	0.8	NonTarget	1	135772
678.945	0.8	NonTarget	1	135789
679.025	0.8	NonTarget	1	135805
679.11	0.8	NonTarget	1	135822
679.19	0.8	NonTarget	1	135838
679.275	0.8	NonTarget	1	135855
679.36	0.8	NonTarget	1	135872
679.44	0.8	NonTarget	1	135888
679.845	0.8	NonTarget	1	135969
679.93	0.8	NonTarget	1	135986
680.01	0.8	NonTarget	1	136002
680.095	0.8	NonTarget	1	136019
680.18	0.8	NonTarget	1	136036
680.26	0.8	NonTarget	1	136052
680.345	0.8	Target	2	136069
680.43	0.8	NonTarget	1	136086
680.51	0.8	NonTarget	1	136102
680.595	0.8	NonTarget	1	136119
680.68	0.8	NonTarget	1	136136
680.76	0.8	NonTarget	1	136152
680.845	0.8	NonTarget	1	136169
680.93	0.8	NonTarget	1	136186
681.01	0.8	NonTarget	1	136202
681.095	0.8	NonTarget	1	136219
681.18	0.8	NonTarget	1	136236
681.26	0.8	NonTarget	1	136252
681.345	0.8	NonTarget	1	136269
681.43	0.8	NonTarget	1	136286
681.515	0.8	NonTarget	1	136303
681.595	0.8	NonTarget	1	136319
681.68	0.8	NonTarget	1	136336
681.765	0.8	NonTarget	1	136353
681.845	0.8	NonTarget	1	136369
681.93	0.8	NonTarget	1	136386
682.015	0.8	NonTarget	1	136403
682.1	0.8	NonTarget	1	136420
682.18	0.8	NonTarget	1	136436
682.265	0.8	NonTarget	1	136453
682.665	0.8	NonTarget	1	136533
682.75	0.8	NonTarget	1	136550
682.83	0.8	NonTarget	1	136566
682.915	0.8	NonTarget	1	136583
683.0	0.8	NonTarget	1	136600
683.08	0.8	NonTarget	1	136616
683.165	0.8	NonTarget	1	136633
683.25	0.8	NonTarget	1	136650
683.335	0.8	NonTarget	1	136667
683.415	0.8	NonTarget	1	136683
683.5	0.8	NonTarget	1	136700
683.585	0.8	NonTarget	1	136717
683.665	0.8	NonTarget	1	136733
683.75	0.8	NonTarget	1	136750
683.83	0.8	NonTarget	1	136766
683.915	0.8	NonTarget	1	136783
684.0	0.8	Target	2	136800
684.08	0.8	NonTarget	1	136816
684.165	0.8	NonTarget	1	136833
684.25	0.8	NonTarget	1	136850
684.335	0.8	NonTarget	1	136867
684.415	0.8	NonTarget	1	136883
684.5	0.8	NonTarget	1	136900
684.585	0.8	NonTarget	1	136917
684.67	0.8	NonTarget	1	136934
684.75	0.8	NonTarget	1	136950
684.835	0.8	NonTarget	1	136967
684.915	0.8	NonTarget	1	136983
685.0	0.8	NonTarget	1	137000
685.085	0.8	NonTarget	1	137017
685.485	0.8	NonTarget	1	137097
685.57	0.8	Target	2	137114
685.65	0.8	NonTarget	1	137130
685.735	0.8	NonTarget	1	137147
685.82	0.8	NonTarget	1	137164
685.905	0.8	NonTarget	1	137181
685.985	0.8	NonTarget	1	137197
686.07	0.8	NonTarget	1	137214
686.155	0.8	NonTarget	1	137231
686.235	0.8	NonTarget	1	137247
686.32	0.8	NonTarget	1	137264
686.405	0.8	NonTarget	1	137281
686.485	0.8	NonTarget	1	137297
686.57	0.8	NonTarget	1	137314
686.655	0.8	NonTarget	1	137331
686.735	0.8	NonTarget	1	137347
686.82	0.8	NonTarget	1	137364
686.905	0.8	NonTarget	1	137381
686.985	0.8	NonTarget	1	137397
687.07	0.8	NonTarget	1	137414
687.155	0.8	NonTarget	1	137431
687.235	0.8	NonTarget	1	137447
687.32	0.8	NonTarget	1	137464
687.405	0.8	NonTarget	1	137481
687.49	0.8	NonTarget	1	137498
687.57	0.8	NonTarget	1	137514
687.655	0.8	NonTarget	1	137531
687.74	0.8	NonTarget	1	137548
687.82	0.8	NonTarget	1	137564
687.905	0.8	NonTarget	1	137581
688.305	0.8	NonTarget	1	137661
688.39	0.8	NonTarget	1	137678
688.47	0.8	NonTarget	1	137694
688.555	0.8	NonTarget	1	137711
688.64	0.8	NonTarget	1	137728
688.725	0.8	NonTarget	1	137745
688.805	0.8	NonTarget	1	137761
688.89	0.8	NonTarget	1	137778
688.975	0.8	NonTarget	1	137795
689.06	0.8	NonTarget	1	137812
689.14	0.8	NonTarget	1	137828
689.225	0.8	NonTarget	1	137845
689.305	0.8	NonTarget	1	137861
689.39	0.8	NonTarget	1	137878
689.475	0.8	NonTarget	1	137895
689.555	0.8	NonTarget	1	137911
689.64	0.8	Target	2	137928
689.725	0.8	NonTarget	1	137945
689.81	0.8	NonTarget	1	137962
689.89	0.8	NonTarget	1	137978
689.975	0.8	NonTarget	1	137995
690.055	0.8	NonTarget	1	138011
690.14	0.8	NonTarget	1	138028
690.225	0.8	NonTarget	1	138045
690.31	0.8	NonTarget	1	138062
690.395	0.8	NonTarget	1	138079
690.475	0.8	NonTarget	1	138095
690.56	0.8	NonTarget	1	138112
690.64	0.8	NonTarget	1	138128
690.725	0.8	NonTarget	1	138145
691.125	0.8	NonTarget	1	138225
691.21	0.8	Target	2	138242
691.295	0.8	NonTarget	1	138259
691.375	0.8	NonTarget	1	138275
691.46	0.8	NonTarget	1	138292
691.545	0.8	NonTarget	1	138309
691.63	0.8	NonTarget	1	138326
691.71	0.8	NonTarget	1	138342
691.795	0.8	NonTarget	1	138359
691.88	0.8	NonTarget	1	138376
691.96	0.8	NonTarget	1	138392
692.045	0.8	NonTarget	1	138409
692.13	0.8	NonTarget	1	138426
692.21	0.8	NonTarget	1	138442
692.295	0.8	NonTarget	1	138459
692.38	0.8	NonTarget	1	138476
692.46	0.8	NonTarget	1	138492
692.545	0.8	NonTarget	1	138509
692.63	0.8	NonTarget	1	138526
692.71	0.8	NonTarget	1	138542
692.795	0.8	NonTarget	1	138559
692.88	0.8	NonTarget	1	138576
692.965	0.8	NonTarget	1	138593
693.045	0.8	NonTarget	1	138609
693.13	0.8	NonTarget	1	138626
693.21	0.8	NonTarget	1	138642
693.295	0.8	NonTarget	1	138659
693.38	0.8	NonTarget	1	138676
693.465	0.8	NonTarget	1	138693
693.545	0.8	NonTarget	1	138709
693.945	0.8	NonTarget	1	138789
694.03	0.8	NonTarget	1	138806
694.115	0.8	NonTarget	1	138823
694.195	0.8	NonTarget	1	138839
694.28	0.8	NonTarget	1	138856
694.365	0.8	NonTarget	1	138873
694.45	0.8	NonTarget	1	138890
694.53	0.8	NonTarget	1	138906
694.615	0.8	NonTarget	1	138923
694.7	0.8	NonTarget	1	138940
694.78	0.8	NonTarget	1	138956
694.865	0.8	NonTarget	1	138973
694.95	0.8	NonTarget	1	138990
695.03	0.8	NonTarget	1	139006
695.115	0.8	NonTarget	1	139023
695.2	0.8	NonTarget	1	139040
695.285	0.8	Target	2	139057
695.365	0.8	NonTarget	1	139073
695.45	0.8	NonTarget	1	139090
695.53	0.8	NonTarget	1	139106
695.615	0.8	NonTarget	1	139123
695.7	0.8	NonTarget	1	139140
695.785	0.8	NonTarget	1	139157
695.865	0.8	NonTarget	1	139173
695.95	0.8	NonTarget	1	139190
696.035	0.8	NonTarget	1	139207
696.115	0.8	NonTarget	1	139223
696.2	0.8	NonTarget	1	139240
696.285	0.8	NonTarget	1	139257
696.37	0.8	NonTarget	1	139274
704.915	0.8	NonTarget	1	140983
704.995	0.8	NonTarget	1	140999
705.08	0.8	NonTarget	1	141016
705.165	0.8	NonTarget	1	141033
705.245	0.8	NonTarget	1	141049
705.33	0.8	NonTarget	1	141066
705.415	0.8	NonTarget	1	141083
705.495	0.8	NonTarget	1	141099
705.58	0.8	NonTarget	1	141116
705.665	0.8	NonTarget	1	141133
705.745	0.8	NonTarget	1	141149
705.83	0.8	NonTarget	1	141166
705.915	0.8	NonTarget	1	141183
706.0	0.8	NonTarget	1	141200
706.08	0.8	NonTarget	1	141216
706.165	0.8	Target	2	141233
706.25	0.8	NonTarget	1	141250
706.33	0.8	NonTarget	1	141266
706.415	0.8	NonTarget	1	141283
706.5	0.8	NonTarget	1	141300
706.58	0.8	NonTarget	1	141316
706.665	0.8	NonTarget	1	141333
706.75	0.8	NonTarget	1	141350
706.83	0.8	NonTarget	1	141366
706.915	0.8	NonTarget	1	141383
707.0	0.8	NonTarget	1	141400
707.08	0.8	NonTarget	1	141416
707.165	0.8	NonTarget	1	141433
707.25	0.8	NonTarget	1	141450
707.335	0.8	NonTarget	1	141467
707.735	0.8	NonTarget	1	141547
707.815	0.8	NonTarget	1	141563
707.9	0.8	NonTarget	1	141580
707.985	0.8	NonTarget	1	141597
708.065	0.8	NonTarget	1	141613
708.15	0.8	NonTarget	1	141630
708.235	0.8	NonTarget	1	141647
708.32	0.8	NonTarget	1	141664
708.4	0.8	NonTarget	1	141680
708.485	0.8	NonTarget	1	141697
708.57	0.8	Target	2	141714
708.65	0.8	NonTarget	1	141730
708.735	0.8	NonTarget	1	141747
708.82	0.8	NonTarget	1	141764
708.9	0.8	NonTarget	1	141780
708.985	0.8	NonTarget	1	141797
709.07	0.8	NonTarget	1	141814
709.15	0.8	NonTarget	1	141830
709.235	0.8	NonTarget	1	141847
709.32	0.8	NonTarget	1	141864
709.4	0.8	NonTarget	1	141880
709.485	0.8	NonTarget	1	141897
709.57	0.8	NonTarget	1	141914
709.65	0.8	NonTarget	1	141930
709.735	0.8	NonTarget	1	141947
709.82	0.8	NonTarget	1	141964
709.905	0.8	NonTarget	1	141981
709.985	0.8	NonTarget	1	141997
710.07	0.8	NonTarget	1	142014
710.155	0.8	NonTarget	1	142031
710.555	0.8	NonTarget	1	142111
710.635	0.8	NonTarget	1	142127
710.72	0.8	NonTarget	1	142144
710.805	0.8	NonTarget	1	142161
710.885	0.8	NonTarget	1	142177
710.97	0.8	NonTarget	1	142194
711.055	0.8	NonTarget	1	142211
711.14	0.8	NonTarget	1	142228
711.22	0.8	NonTarget	1	142244
711.305	0.8	NonTarget	1	142261
711.39	0.8	NonTarget	1	142278
711.47	0.8	NonTarget	1	142294
711.555	0.8	NonTarget	1	142311
711.64	0.8	NonTarget	1	142328
711.72	0.8	NonTarget	1	142344
711.805	0.8	NonTarget	1	142361
711.89	0.8	NonTarget	1	142378
711.975	0.8	NonTarget	1	142395
712.055	0.8	NonTarget	1	142411
712.14	0.8	NonTarget	1	142428
712.225	0.8	NonTarget	1	142445
712.305	0.8	NonTarget	1	142461
712.39	0.8	NonTarget	1	142478
712.475	0.8	NonTarget	1	142495
712.555	0.8	NonTarget	1	142511
712.64	0.8	Target	2	142528
712.72	0.8	NonTarget	1	142544
712.81	0.8	NonTarget	1	142562
712.89	0.8	NonTarget	1	142578
712.975	0.8	NonTarget	1	142595
713.375	0.8	NonTarget	1	142675
713.46	0.8	NonTarget	1	142692
713.54	0.8	NonTarget	1	142708
713.625	0.8	NonTarget	1	142725
713.71	0.8	NonTarget	1	142742
713.79	0.8	NonTarget	1	142758
713.875	0.8	NonTarget	1	142775
713.96	0.8	NonTarget	1	142792
714.04	0.8	NonTarget	1	142808
714.125	0.8	NonTarget	1	142825
714.21	0.8	NonTarget	1	142842
714.295	0.8	NonTarget	1	142859
714.375	0.8	NonTarget	1	142875
714.46	0.8	NonTarget	1	142892
714.545	0.8	NonTarget	1	142909
714.625	0.8	NonTarget	1	142925
714.71	0.8	NonTarget	1	142942
714.795	0.8	NonTarget	1	142959
714.875	0.8	NonTarget	1	142975
714.96	0.8	NonTarget	1	142992
715.045	0.8	NonTarget	1	143009
715.125	0.8	NonTarget	1	143025
715.21	0.8	NonTarget	1	143042
715.295	0.8	NonTarget	1	143059
715.38	0.8	NonTarget	1	143076
715.46	0.8	Target	2	143092
715.545	0.8	NonTarget	1	143109
715.63	0.8	NonTarget	1	143126
715.71	0.8	NonTarget	1	143142
715.795	0.8	NonTarget	1	143159
716.195	0.8	NonTarget	1	143239
716.28	0.8	NonTarget	1	143256
716.36	0.8	NonTarget	1	143272
716.445	0.8	NonTarget	1	143289
716.53	0.8	NonTarget	1	143306
716.61	0.8	NonTarget	1	143322
716.695	0.8	NonTarget	1	143339
716.78	0.8	NonTarget	1	143356
716.865	0.8	NonTarget	1	143373
716.945	0.8	NonTarget	1	143389
717.03	0.8	NonTarget	1	143406
717.115	0.8	NonTarget	1	143423
717.195	0.8	NonTarget	1	143439
717.28	0.8	NonTarget	1	143456
717.365	0.8	NonTarget	1	143473
717.445	0.8	Target	2	143489
717.53	0.8	NonTarget	1	143506
717.615	0.8	NonTarget	1	143523
717.695	0.8	NonTarget	1	143539
717.78	0.8	NonTarget	1	143556
717.865	0.8	NonTarget	1	143573
717.945	0.8	NonTarget	1	143589
718.03	0.8	NonTarget	1	143606
718.115	0.8	NonTarget	1	143623
718.2	0.8	NonTarget	1	143640
718.28	0.8	NonTarget	1	143656
718.365	0.8	NonTarget	1	143673
718.45	0.8	NonTarget	1	143690
718.535	0.8	NonTarget	1	143707
718.615	0.8	NonTarget	1	143723
719.015	0.8	NonTarget	1	143803
719.1	0.8	NonTarget	1	143820
719.185	0.8	NonTarget	1	143837
719.265	0.8	NonTarget	1	143853
719.35	0.8	NonTarget	1	143870
719.435	0.8	NonTarget	1	143887
719.515	0.8	NonTarget	1	143903
719.6	0.8	NonTarget	1	143920
719.685	0.8	NonTarget	1	143937
719.765	0.8	NonTarget	1	143953
719.85	0.8	NonTarget	1	143970
719.935	0.8	NonTarget	1	143987
720.02	0.8	NonTarget	1	144004
720.1	0.8	NonTarget	1	144020
720.185	0.8	NonTarget	1	144037
720.27	0.8	NonTarget	1	144054
720.35	0.8	NonTarget	1	144070
720.435	0.8	NonTarget	1	144087
720.52	0.8	NonTarget	1	144104
720.6	0.8	NonTarget	1	144120
720.685	0.8	NonTarget	1	144137
720.77	0.8	NonTarget	1	144154
720.85	0.8	NonTarget	1	144170
720.935	0.8	NonTarget	1	144187
721.02	0.8	NonTarget	1	144204
721.105	0.8	Target	2	144221
721.185	0.8	NonTarget	1	144237
721.27	0.8	NonTarget	1	144254
721.355	0.8	NonTarget	1	144271
721.435	0.8	NonTarget	1	144287
721.835	0.8	NonTarget	1	144367
721.92	0.8	NonTarget	1	144384
722.005	0.8	NonTarget	1	144401
722.09	0.8	NonTarget	1	144418
722.17	0.8	NonTarget	1	144434
722.255	0.8	NonTarget	1	144451
722.34	0.8	NonTarget	1	144468
722.42	0.8	NonTarget	1	144484
722.505	0.8	NonTarget	1	144501
722.585	0.8	NonTarget	1	144517
722.67	0.8	NonTarget	1	144534
722.755	0.8	NonTarget	1	144551
722.84	0.8	NonTarget	1	144568
722.92	0.8	NonTarget	1	144584
723.005	0.8	NonTarget	1	144601
723.09	0.8	Target	2	144618
723.17	0.8	NonTarget	1	144634
723.255	0.8	NonTarget	1	144651
723.34	0.8	NonTarget	1	144668
723.425	0.8	NonTarget	1	144685
723.505	0.8	NonTarget	1	144701
723.59	0.8	NonTarget	1	144718
723.675	0.8	NonTarget	1	144735
723.755	0.8	NonTarget	1	144751
723.84	0.8	NonTarget	1	144768
723.925	0.8	NonTarget	1	144785
724.005	0.8	NonTarget	1	144801
724.09	0.8	NonTarget	1	144818
724.175	0.8	NonTarget	1	144835
724.26	0.8	NonTarget	1	144852
724.655	0.8	NonTarget	1	144931
724.74	0.8	NonTarget	1	144948
724.825	0.8	NonTarget	1	144965
724.91	0.8	NonTarget	1	144982
724.99	0.8	NonTarget	1	144998
725.075	0.8	NonTarget	1	145015
725.16	0.8	NonTarget	1	145032
725.24	0.8	NonTarget	1	145048
725.325	0.8	NonTarget	1	145065
725.41	0.8	NonTarget	1	145082
725.495	0.8	Target	2	145099
725.575	0.8	NonTarget	1	145115
725.66	0.8	NonTarget	1	145132
725.745	0.8	NonTarget	1	145149
725.825	0.8	NonTarget	1	145165
725.91	0.8	NonTarget	1	145182
725.995	0.8	NonTarget	1	145199
726.075	0.8	NonTarget	1	145215
726.16	0.8	NonTarget	1	145232
726.24	0.8	NonTarget	1	145248
726.325	0.8	NonTarget	1	145265
726.41	0.8	NonTarget	1	145282
726.495	0.8	NonTarget	1	145299
726.575	0.8	NonTarget	1	145315
726.66	0.8	NonTarget	1	145332
726.745	0.8	NonTarget	1	145349
726.825	0.8	NonTarget	1	145365
726.91	0.8	NonTarget	1	145382
726.995	0.8	NonTarget	1	145399
727.075	0.8	NonTarget	1	145415
727.48	0.8	NonTarget	1	145496
727.56	0.8	NonTarget	1	145512
727.645	0.8	NonTarget	1	145529
727.73	0.8	NonTarget	1	145546
727.81	0.8	NonTarget	1	145562
727.895	0.8	NonTarget	1	145579
727.98	0.8	NonTarget	1	145596
728.06	0.8	NonTarget	1	145612
728.145	0.8	NonTarget	1	145629
728.23	0.8	NonTarget	1	145646
728.31	0.8	NonTarget	1	145662
728.395	0.8	NonTarget	1	145679
728.48	0.8	NonTarget	1	145696
728.565	0.8	NonTarget	1	145713
728.645	0.8	NonTarget	1	145729
728.73	0.8	NonTarget	1	145746
728.815	0.8	NonTarget	1	145763
728.895	0.8	NonTarget	1	145779
728.98	0.8	NonTarget	1	145796
729.065	0.8	NonTarget	1	145813
729.145	0.8	Target	2	145829
729.23	0.8	NonTarget	1	145846
729.315	0.8	NonTarget	1	145863
729.4	0.8	NonTarget	1	145880
729.48	0.8	NonTarget	1	145896
729.565	0.8	NonTarget	1	145913
729.645	0.8	NonTarget	1	145929
729.73	0.8	NonTarget	1	145946
729.815	0.8	NonTarget	1	145963
729.9	0.8	NonTarget	1	145980
730.3	0.8	Target	2	146060
730.385	0.8	NonTarget	1	146077
730.465	0.8	NonTarget	1	146093
730.55	0.8	NonTarget	1	146110
730.635	0.8	NonTarget	1	146127
730.715	0.8	NonTarget	1	146143
730.8	0.8	NonTarget	1	146160
730.885	0.8	NonTarget	1	146177
730.965	0.8	NonTarget	1	146193
731.05	0.8	NonTarget	1	146210
731.135	0.8	NonTarget	1	146227
731.215	0.8	NonTarget	1	146243
731.3	0.8	NonTarget	1	146260
731.385	0.8	NonTarget	1	146277
731.465	0.8	NonTarget	1	146293
731.55	0.8	NonTarget	1	146310
731.635	0.8	NonTarget	1	146327
731.72	0.8	NonTarget	1	146344
731.8	0.8	NonTarget	1	146360
731.885	0.8	NonTarget	1	146377
731.97	0.8	NonTarget	1	146394
732.05	0.8	NonTarget	1	146410
732.135	0.8	NonTarget	1	146427
732.22	0.8	NonTarget	1	146444
732.3	0.8	NonTarget	1	146460
732.385	0.8	NonTarget	1	146477
732.47	0.8	NonTarget	1	146494
732.55	0.8	NonTarget	1	146510
732.635	0.8	NonTarget	1	146527
732.72	0.8	NonTarget	1	146544
741.27	0.8	NonTarget	1	148254
741.35	0.8	NonTarget	1	148270
741.43	0.8	NonTarget	1	148286
741.515	0.8	NonTarget	1	148303
741.6	0.8	NonTarget	1	148320
741.68	0.8	NonTarget	1	148336
741.765	0.8	NonTarget	1	148353
741.85	0.8	NonTarget	1	148370
741.93	0.8	NonTarget	1	148386
742.015	0.8	NonTarget	1	148403
742.1	0.8	NonTarget	1	148420
742.18	0.8	NonTarget	1	148436
742.265	0.8	NonTarget	1	148453
742.35	0.8	NonTarget	1	148470
742.43	0.8	NonTarget	1	148486
742.515	0.8	Target	2	148503
742.6	0.8	NonTarget	1	148520
742.685	0.8	NonTarget	1	148537
742.77	0.8	NonTarget	1	148554
742.85	0.8	NonTarget	1	148570
742.935	0.8	NonTarget	1	148587
743.015	0.8	NonTarget	1	148603
743.1	0.8	NonTarget	1	148620
743.185	0.8	NonTarget	1	148637
743.265	0.8	NonTarget	1	148653
743.35	0.8	NonTarget	1	148670
743.435	0.8	NonTarget	1	148687
743.52	0.8	NonTarget	1	148704
743.6	0.8	NonTarget	1	148720
743.685	0.8	NonTarget	1	148737
744.085	0.8	NonTarget	1	148817
744.17	0.8	NonTarget	1	148834
744.25	0.8	NonTarget	1	148850
744.335	0.8	NonTarget	1	148867
744.42	0.8	NonTarget	1	148884
744.5	0.8	Target	2	148900
744.585	0.8	NonTarget	1	148917
744.67	0.8	NonTarget	1	148934
744.755	0.8	NonTarget	1	148951
744.835	0.8	NonTarget	1	148967
744.92	0.8	NonTarget	1	148984
745.005	0.8	NonTarget	1	149001
745.085	0.8	NonTarget	1	149017
745.17	0.8	NonTarget	1	149034
745.255	0.8	NonTarget	1	149051
745.335	0.8	NonTarget	1	149067
745.42	0.8	NonTarget	1	149084
745.505	0.8	NonTarget	1	149101
745.585	0.8	NonTarget	1	149117
745.67	0.8	NonTarget	1	149134
745.755	0.8	NonTarget	1	149151
745.835	0.8	NonTarget	1	149167
745.92	0.8	NonTarget	1	149184
746.005	0.8	NonTarget	1	149201
746.09	0.8	NonTarget	1	149218
746.17	0.8	NonTarget	1	149234
746.255	0.8	NonTarget	1	149251
746.34	0.8	NonTarget	1	149268
746.42	0.8	NonTarget	1	149284
746.505	0.8	NonTarget	1	149301
746.905	0.8	NonTarget	1	149381
746.99	0.8	NonTarget	1	149398
747.075	0.8	NonTarget	1	149415
747.155	0.8	NonTarget	1	149431
747.24	0.8	NonTarget	1	149448
747.32	0.8	NonTarget	1	149464
747.405	0.8	NonTarget	1	149481
747.49	0.8	NonTarget	1	149498
747.575	0.8	NonTarget	1	149515
747.655	0.8	NonTarget	1	149531
747.74	0.8	NonTarget	1	149548
747.825	0.8	NonTarget	1	149565
747.905	0.8	NonTarget	1	149581
747.99	0.8	NonTarget	1	149598
748.075	0.8	NonTarget	1	149615
748.155	0.8	Target	2	149631
748.24	0.8	NonTarget	1	149648
748.325	0.8	NonTarget	1	149665
748.405	0.8	NonTarget	1	149681
748.49	0.8	NonTarget	1	149698
748.575	0.8	NonTarget	1	149715
748.655	0.8	NonTarget	1	149731
748.74	0.8	NonTarget	1	149748
748.825	0.8	NonTarget	1	149765
748.91	0.8	NonTarget	1	149782
748.99	0.8	NonTarget	1	149798
749.075	0.8	NonTarget	1	149815
749.16	0.8	NonTarget	1	149832
749.24	0.8	NonTarget	1	149848
749.325	0.8	NonTarget	1	149865
749.725	0.8	NonTarget	1	149945
749.81	0.8	NonTarget	1	149962
749.895	0.8	NonTarget	1	149979
749.975	0.8	NonTarget	1	149995
750.06	0.8	NonTarget	1	150012
750.145	0.8	NonTarget	1	150029
750.225	0.8	NonTarget	1	150045
750.31	0.8	NonTarget	1	150062
750.395	0.8	NonTarget	1	150079
750.48	0.8	NonTarget	1	150096
750.56	0.8	Target	2	150112
750.645	0.8	NonTarget	1	150129
750.73	0.8	NonTarget	1	150146
750.81	0.8	NonTarget	1	150162
750.895	0.8	NonTarget	1	150179
750.98	0.8	NonTarget	1	150196
751.06	0.8	NonTarget	1	150212
751.145	0.8	NonTarget	1	150229
751.23	0.8	NonTarget	1	150246
751.31	0.8	NonTarget	1	150262
751.395	0.8	NonTarget	1	150279
751.48	0.8	NonTarget	1	150296
751.56	0.8	NonTarget	1	150312
751.645	0.8	NonTarget	1	150329
751.73	0.8	NonTarget	1	150346
751.81	0.8	NonTarget	1	150362
751.895	0.8	NonTarget	1	150379
751.98	0.8	NonTarget	1	150396
752.065	0.8	NonTarget	1	150413
752.145	0.8	NonTarget	1	150429
752.545	0.8	NonTarget	1	150509
752.63	0.8	NonTarget	1	150526
752.715	0.8	NonTarget	1	150543
752.8	0.8	NonTarget	1	150560
752.88	0.8	NonTarget	1	150576
752.965	0.8	NonTarget	1	150593
753.05	0.8	NonTarget	1	150610
753.13	0.8	NonTarget	1	150626
753.215	0.8	NonTarget	1	150643
753.3	0.8	NonTarget	1	150660
753.38	0.8	NonTarget	1	150676
753.465	0.8	NonTarget	1	150693
753.55	0.8	NonTarget	1	150710
753.63	0.8	NonTarget	1	150726
753.715	0.8	NonTarget	1	150743
753.8	0.8	NonTarget	1	150760
753.88	0.8	NonTarget	1	150776
753.965	0.8	NonTarget	1	150793
754.05	0.8	NonTarget	1	150810
754.13	0.8	NonTarget	1	150826
754.215	0.8	NonTarget	1	150843
754.3	0.8	NonTarget	1	150860
754.385	0.8	NonTarget	1	150877
754.465	0.8	NonTarget	1	150893
754.55	0.8	NonTarget	1	150910
754.63	0.8	Target	2	150926
754.715	0.8	NonTarget	1	150943
754.8	0.8	NonTarget	1	150960
754.885	0.8	NonTarget	1	150977
754.965	0.8	NonTarget	1	150993
755.37	0.8	NonTarget	1	151074
755.45	0.8	NonTarget	1	151090
755.535	0.8	NonTarget	1	151107
755.62	0.8	NonTarget	1	151124
755.7	0.8	NonTarget	1	151140
755.785	0.8	NonTarget	1	151157
755.87	0.8	NonTarget	1	151174
755.95	0.8	NonTarget	1	151190
756.035	0.8	NonTarget	1	151207
756.12	0.8	NonTarget	1	151224
756.2	0.8	NonTarget	1	151240
756.285	0.8	NonTarget	1	151257
756.37	0.8	NonTarget	1	151274
756.455	0.8	NonTarget	1	151291
756.535	0.8	NonTarget	1	151307
756.62	0.8	Target	2	151324
756.705	0.8	NonTarget	1	151341
756.785	0.8	NonTarget	1	151357
756.87	0.8	NonTarget	1	151374
756.955	0.8	NonTarget	1	151391
757.035	0.8	NonTarget	1	151407
757.12	0.8	NonTarget	1	151424
757.205	0.8	NonTarget	1	151441
757.285	0.8	NonTarget	1	151457
757.37	0.8	NonTarget	1	151474
757.455	0.8	NonTarget	1	151491
757.535	0.8	NonTarget	1	151507
757.62	0.8	NonTarget	1	151524
757.705	0.8	NonTarget	1	151541
757.785	0.8	NonTarget	1	151557
758.185	0.8	NonTarget	1	151637
758.27	0.8	NonTarget	1	151654
758.355	0.8	NonTarget	1	151671
758.44	0.8	NonTarget	1	151688
758.52	0.8	NonTarget	1	151704
758.605	0.8	NonTarget	1	151721
758.69	0.8	NonTarget	1	151738
758.775	0.8	NonTarget	1	151755
758.855	0.8	NonTarget	1	151771
758.94	0.8	NonTarget	1	151788
759.025	0.8	NonTarget	1	151805
759.105	0.8	NonTarget	1	151821
759.19	0.8	NonTarget	1	151838
759.275	0.8	NonTarget	1	151855
759.355	0.8	NonTarget	1	151871
759.44	0.8	NonTarget	1	151888
759.525	0.8	NonTarget	1	151905
759.605	0.8	NonTarget	1	151921
759.69	0.8	NonTarget	1	151938
759.775	0.8	NonTarget	1	151955
759.855	0.8	Target	2	151971
759.94	0.8	NonTarget	1	151988
760.025	0.8	NonTarget	1	152005
760.11	0.8	NonTarget	1	152022
760.19	0.8	NonTarget	1	152038
760.275	0.8	NonTarget	1	152055
760.36	0.8	NonTarget	1	152072
760.44	0.8	NonTarget	1	152088
760.525	0.8	NonTarget	1	152105
760.61	0.8	NonTarget	1	152122
761.01	0.8	NonTarget	1	152202
761.09	0.8	NonTarget	1	152218
761.175	0.8	NonTarget	1	152235
761.26	0.8	NonTarget	1	152252
761.345	0.8	NonTarget	1	152269
761.425	0.8	Target	2	152285
761.51	0.8	NonTarget	1	152302
761.595	0.8	NonTarget	1	152319
761.675	0.8	NonTarget	1	152335
761.76	0.8	NonTarget	1	152352
761.845	0.8	NonTarget	1	152369
761.925	0.8	NonTarget	1	152385
762.01	0.8	NonTarget	1	152402
762.095	0.8	NonTarget	1	152419
762.175	0.8	NonTarget	1	152435
762.26	0.8	NonTarget	1	152452
762.345	0.8	NonTarget	1	152469
762.43	0.8	NonTarget	1	152486
762.51	0.8	NonTarget	1	152502
762.595	0.8	NonTarget	1	152519
762.68	0.8	NonTarget	1	152536
762.76	0.8	NonTarget	1	152552
762.845	0.8	NonTarget	1	152569
762.93	0.8	NonTarget	1	152586
763.01	0.8	NonTarget	1	152602
763.095	0.8	NonTarget	1	152619
763.18	0.8	NonTarget	1	152636
763.26	0.8	NonTarget	1	152652
763.345	0.8	NonTarget	1	152669
763.43	0.8	NonTarget	1	152686
763.83	0.8	NonTarget	1	152766
763.915	0.8	NonTarget	1	152783
763.995	0.8	NonTarget	1	152799
764.08	0.8	NonTarget	1	152816
764.16	0.8	NonTarget	1	152832
764.245	0.8	NonTarget	1	152849
764.33	0.8	NonTarget	1	152866
764.415	0.8	NonTarget	1	152883
764.5	0.8	NonTarget	1	152900
764.58	0.8	NonTarget	1	152916
764.665	0.8	NonTarget	1	152933
764.75	0.8	NonTarget	1	152950
764.83	0.8	NonTarget	1	152966
764.915	0.8	NonTarget	1	152983
765.0	0.8	NonTarget	1	153000
765.08	0.8	NonTarget	1	153016
765.165	0.8	NonTarget	1	153033
765.245	0.8	NonTarget	1	153049
765.33	0.8	NonTarget	1	153066
765.415	0.8	NonTarget	1	153083
765.5	0.8	Target	2	153100
765.58	0.8	NonTarget	1	153116
765.665	0.8	NonTarget	1	153133
765.75	0.8	NonTarget	1	153150
765.83	0.8	NonTarget	1	153166
765.915	0.8	NonTarget	1	153183
766.0	0.8	NonTarget	1	153200
766.085	0.8	NonTarget	1	153217
766.165	0.8	NonTarget	1	153233
766.25	0.8	NonTarget	1	153250
766.65	0.8	NonTarget	1	153330
766.735	0.8	NonTarget	1	153347
766.815	0.8	NonTarget	1	153363
766.9	0.8	NonTarget	1	153380
766.985	0.8	NonTarget	1	153397
767.065	0.8	NonTarget	1	153413
767.15	0.8	NonTarget	1	153430
767.235	0.8	NonTarget	1	153447
767.32	0.8	NonTarget	1	153464
767.4	0.8	NonTarget	1	153480
767.485	0.8	Target	2	153497
767.57	0.8	NonTarget	1	153514
767.65	0.8	NonTarget	1	153530
767.735	0.8	NonTarget	1	153547
767.82	0.8	NonTarget	1	153564
767.9	0.8	NonTarget	1	153580
767.985	0.8	NonTarget	1	153597
768.07	0.8	NonTarget	1	153614
768.155	0.8	NonTarget	1	153631
768.235	0.8	NonTarget	1	153647
768.32	0.8	NonTarget	1	153664
768.405	0.8	NonTarget	1	153681
768.485	0.8	NonTarget	1	153697
768.57	0.8	NonTarget	1	153714
768.655	0.8	NonTarget	1	153731
768.735	0.8	NonTarget	1	153747
768.82	0.8	NonTarget	1	153764
768.905	0.8	NonTarget	1	153781
768.99	0.8	NonTarget	1	153798
769.07	0.8	NonTarget	1	153814
777.64	0.8	NonTarget	1	155528
777.715	0.8	NonTarget	1	155543
777.8	0.8	NonTarget	1	155560
777.885	0.8	NonTarget	1	155577
777.965	0.8	NonTarget	1	155593
778.05	0.8	NonTarget	1	155610
778.135	0.8	NonTarget	1	155627
778.215	0.8	NonTarget	1	155643
778.3	0.8	Target	2	155660
778.385	0.8	NonTarget	1	155677
778.465	0.8	NonTarget	1	155693
778.55	0.8	NonTarget	1	155710
778.635	0.8	NonTarget	1	155727
778.72	0.8	NonTarget	1	155744
778.8	0.8	NonTarget	1	155760
778.885	0.8	NonTarget	1	155777
778.97	0.8	NonTarget	1	155794
779.05	0.8	NonTarget	1	155810
779.135	0.8	NonTarget	1	155827
779.22	0.8	NonTarget	1	155844
779.305	0.8	NonTarget	1	155861
779.385	0.8	NonTarget	1	155877
779.47	0.8	NonTarget	1	155894
779.55	0.8	NonTarget	1	155910
779.635	0.8	NonTarget	1	155927
779.72	0.8	NonTarget	1	155944
779.8	0.8	NonTarget	1	155960
779.885	0.8	NonTarget	1	155977
779.97	0.8	NonTarget	1	155994
780.055	0.8	NonTarget	1	156011
780.455	0.8	NonTarget	1	156091
780.535	0.8	NonTarget	1	156107
780.62	0.8	NonTarget	1	156124
780.705	0.8	Target	2	156141
780.785	0.8	NonTarget	1	156157
780.87	0.8	NonTarget	1	156174
780.955	0.8	NonTarget	1	156191
781.035	0.8	NonTarget	1	156207
781.12	0.8	NonTarget	1	156224
781.205	0.8	NonTarget	1	156241
781.285	0.8	NonTarget	1	156257
781.37	0.8	NonTarget	1	156274
781.455	0.8	NonTarget	1	156291
781.54	0.8	NonTarget	1	156308
781.62	0.8	NonTarget	1	156324
781.705	0.8	NonTarget	1	156341
781.79	0.8	NonTarget	1	156358
781.87	0.8	NonTarget	1	156374
781.955	0.8	NonTarget	1	156391
782.04	0.8	NonTarget	1	156408
782.12	0.8	NonTarget	1	156424
782.205	0.8	NonTarget	1	156441
782.29	0.8	NonTarget	1	156458
782.37	0.8	NonTarget	1	156474
782.455	0.8	NonTarget	1	156491
782.54	0.8	NonTarget	1	156508
782.62	0.8	NonTarget	1	156524
782.705	0.8	NonTarget	1	156541
782.79	0.8	NonTarget	1	156558
782.875	0.8	NonTarget	1	156575
783.275	0.8	NonTarget	1	156655
783.355	0.8	NonTarget	1	156671
783.44	0.8	NonTarget	1	156688
783.525	0.8	NonTarget	1	156705
783.605	0.8	NonTarget	1	156721
783.69	0.8	NonTarget	1	156738
783.775	0.8	NonTarget	1	156755
783.86	0.8	NonTarget	1	156772
783.94	0.8	NonTarget	1	156788
784.025	0.8	NonTarget	1	156805
784.11	0.8	NonTarget	1	156822
784.19	0.8	NonTarget	1	156838
784.275	0.8	NonTarget	1	156855
784.36	0.8	NonTarget	1	156872
784.445	0.8	NonTarget	1	156889
784.525	0.8	NonTarget	1	156905
784.61	0.8	NonTarget	1	156922
784.69	0.8	NonTarget	1	156938
784.775	0.8	NonTarget	1	156955
784.86	0.8	NonTarget	1	156972
784.94	0.8	NonTarget	1	156988
785.025	0.8	NonTarget	1	157005
785.11	0.8	NonTarget	1	157022
785.195	0.8	NonTarget	1	157039
785.275	0.8	NonTarget	1	157055
785.36	0.8	NonTarget	1	157072
785.445	0.8	NonTarget	1	157089
785.525	0.8	NonTarget	1	157105
785.61	0.8	Target	2	157122
785.695	0.8	NonTarget	1	157139
786.095	0.8	NonTarget	1	157219
786.175	0.8	NonTarget	1	157235
786.26	0.8	NonTarget	1	157252
786.345	0.8	NonTarget	1	157269
786.43	0.8	NonTarget	1	157286
786.515	0.8	NonTarget	1	157303
786.595	0.8	NonTarget	1	157319
786.68	0.8	NonTarget	1	157336
786.765	0.8	NonTarget	1	157353
786.845	0.8	NonTarget	1	157369
786.93	0.8	NonTarget	1	157386
787.01	0.8	NonTarget	1	157402
787.095	0.8	NonTarget	1	157419
787.18	0.8	NonTarget	1	157436
787.265	0.8	NonTarget	1	157453
787.345	0.8	NonTarget	1	157469
787.43	0.8	NonTarget	1	157486
787.51	0.8	NonTarget	1	157502
787.595	0.8	Target	2	157519
787.68	0.8	NonTarget	1	157536
787.765	0.8	NonTarget	1	157553
787.845	0.8	NonTarget	1	157569
787.93	0.8	NonTarget	1	157586
788.015	0.8	NonTarget	1	157603
788.1	0.8	NonTarget	1	157620
788.18	0.8	NonTarget	1	157636
788.265	0.8	NonTarget	1	157653
788.35	0.8	NonTarget	1	157670
788.43	0.8	NonTarget	1	157686
788.515	0.8	NonTarget	1	157703
788.915	0.8	NonTarget	1	157783
789.0	0.8	NonTarget	1	157800
789.08	0.8	NonTarget	1	157816
789.165	0.8	NonTarget	1	157833
789.25	0.8	NonTarget	1	157850
789.33	0.8	NonTarget	1	157866
789.415	0.8	NonTarget	1	157883
789.5	0.8	NonTarget	1	157900
789.585	0.8	NonTarget	1	157917
789.665	0.8	NonTarget	1	157933
789.75	0.8	NonTarget	1	157950
789.835	0.8	NonTarget	1	157967
789.915	0.8	NonTarget	1	157983
790.0	0.8	NonTarget	1	158000
790.085	0.8	NonTarget	1	158017
790.165	0.8	NonTarget	1	158033
790.25	0.8	NonTarget	1	158050
790.335	0.8	NonTarget	1	158067
790.415	0.8	NonTarget	1	158083
790.5	0.8	NonTarget	1	158100
790.585	0.8	NonTarget	1	158117
790.67	0.8	NonTarget	1	158134
790.75	0.8	NonTarget	1	158150
790.835	0.8	Target	2	158167
790.915	0.8	NonTarget	1	158183
791.0	0.8	NonTarget	1	158200
791.085	0.8	NonTarget	1	158217
791.17	0.8	NonTarget	1	158234
791.255	0.8	NonTarget	1	158251
791.335	0.8	NonTarget	1	158267
791.735	0.8	NonTarget	1	158347
791.82	0.8	NonTarget	1	158364
791.905	0.8	NonTarget	1	158381
791.985	0.8	Target	2	158397
792.07	0.8	NonTarget	1	158414
792.15	0.8	NonTarget	1	158430
792.235	0.8	NonTarget	1	158447
792.32	0.8	NonTarget	1	158464
792.405	0.8	NonTarget	1	158481
792.49	0.8	NonTarget	1	158498
792.57	0.8	NonTarget	1	158514
792.655	0.8	NonTarget	1	158531
792.74	0.8	NonTarget	1	158548
792.82	0.8	NonTarget	1	158564
792.905	0.8	NonTarget	1	158581
792.99	0.8	NonTarget	1	158598
793.07	0.8	NonTarget	1	158614
793.155	0.8	NonTarget	1	158631
793.24	0.8	NonTarget	1	158648
793.32	0.8	NonTarget	1	158664
793.405	0.8	NonTarget	1	158681
793.49	0.8	NonTarget	1	158698
793.57	0.8	NonTarget	1	158714
793.655	0.8	NonTarget	1	158731
793.74	0.8	NonTarget	1	158748
793.82	0.8	NonTarget	1	158764
793.905	0.8	NonTarget	1	158781
793.99	0.8	NonTarget	1	158798
794.075	0.8	NonTarget	1	158815
794.155	0.8	NonTarget	1	158831
794.555	0.8	NonTarget	1	158911
794.64	0.8	NonTarget	1	158928
794.725	0.8	NonTarget	1	158945
794.805	0.8	NonTarget	1	158961
794.89	0.8	NonTarget	1	158978
794.975	0.8	NonTarget	1	158995
795.06	0.8	NonTarget	1	159012
795.14	0.8	NonTarget	1	159028
795.225	0.8	NonTarget	1	159045
795.31	0.8	NonTarget	1	159062
795.39	0.8	NonTarget	1	159078
795.475	0.8	NonTarget	1	159095
795.56	0.8	NonTarget	1	159112
795.64	0.8	NonTarget	1	159128
795.725	0.8	NonTarget	1	159145
795.81	0.8	NonTarget	1	159162
795.89	0.8	NonTarget	1	159178
795.975	0.8	NonTarget	1	159195
796.06	0.8	Target	2	159212
796.14	0.8	NonTarget	1	159228
796.225	0.8	NonTarget	1	159245
796.31	0.8	NonTarget	1	159262
796.395	0.8	NonTarget	1	159279
796.475	0.8	NonTarget	1	159295
796.56	0.8	NonTarget	1	159312
796.645	0.8	NonTarget	1	159329
796.725	0.8	NonTarget	1	159345
796.81	0.8	NonTarget	1	159362
796.895	0.8	NonTarget	1	159379
796.975	0.8	NonTarget	1	159395
797.375	0.8	NonTarget	1	159475
797.46	0.8	NonTarget	1	159492
797.545	0.8	NonTarget	1	159509
797.63	0.8	NonTarget	1	159526
797.71	0.8	NonTarget	1	159542
797.795	0.8	NonTarget	1	159559
797.88	0.8	NonTarget	1	159576
797.96	0.8	NonTarget	1	159592
798.045	0.8	NonTarget	1	159609
798.13	0.8	NonTarget	1	159626
798.21	0.8	NonTarget	1	159642
798.295	0.8	NonTarget	1	159659
798.38	0.8	NonTarget	1	159676
798.465	0.8	NonTarget	1	159693
798.545	0.8	NonTarget	1	159709
798.63	0.8	NonTarget	1	159726
798.71	0.8	NonTarget	1	159742
798.795	0.8	NonTarget	1	159759
798.88	0.8	NonTarget	1	159776
798.96	0.8	NonTarget	1	159792
799.045	0.8	NonTarget	1	159809
799.13	0.8	NonTarget	1	159826
799.215	0.8	NonTarget	1	159843
799.295	0.8	Target	2	159859
799.38	0.8	NonTarget	1	159876
799.465	0.8	NonTarget	1	159893
799.545	0.8	NonTarget	1	159909
799.63	0.8	NonTarget	1	159926
799.715	0.8	NonTarget	1	159943
799.8	0.8	NonTarget	1	159960
800.2	0.8	NonTarget	1	160040
800.28	0.8	NonTarget	1	160056
800.365	0.8	NonTarget	1	160073
800.45	0.8	NonTarget	1	160090
800.53	0.8	NonTarget	1	160106
800.615	0.8	NonTarget	1	160123
800.7	0.8	NonTarget	1	160140
800.785	0.8	NonTarget	1	160157
800.865	0.8	Target	2	160173
800.95	0.8	NonTarget	1	160190
801.03	0.8	NonTarget	1	160206
801.115	0.8	NonTarget	1	160223
801.2	0.8	NonTarget	1	160240
801.28	0.8	NonTarget	1	160256
801.365	0.8	NonTarget	1	160273
801.45	0.8	NonTarget	1	160290
801.535	0.8	NonTarget	1	160307
801.62	0.8	NonTarget	1	160324
801.7	0.8	NonTarget	1	160340
801.785	0.8	NonTarget	1	160357
801.87	0.8	NonTarget	1	160374
801.95	0.8	NonTarget	1	160390
802.035	0.8	NonTarget	1	160407
802.115	0.8	NonTarget	1	160423
802.2	0.8	NonTarget	1	160440
802.285	0.8	NonTarget	1	160457
802.365	0.8	NonTarget	1	160473
802.45	0.8	NonTarget	1	160490
802.535	0.8	NonTarget	1	160507
802.615	0.8	NonTarget	1	160523
803.015	0.8	NonTarget	1	160603
803.105	0.8	NonTarget	1	160621
803.185	0.8	NonTarget	1	160637
803.27	0.8	NonTarget	1	160654
803.35	0.8	NonTarget	1	160670
803.435	0.8	NonTarget	1	160687
803.52	0.8	NonTarget	1	160704
803.605	0.8	NonTarget	1	160721
803.69	0.8	NonTarget	1	160738
803.77	0.8	NonTarget	1	160754
803.855	0.8	NonTarget	1	160771
803.935	0.8	NonTarget	1	160787
804.02	0.8	NonTarget	1	160804
804.105	0.8	NonTarget	1	160821
804.19	0.8	NonTarget	1	160838
804.27	0.8	NonTarget	1	160854
804.355	0.8	NonTarget	1	160871
804.44	0.8	NonTarget	1	160888
804.52	0.8	Target	2	160904
804.605	0.8	NonTarget	1	160921
804.69	0.8	NonTarget	1	160938
804.77	0.8	NonTarget	1	160954
804.855	0.8	NonTarget	1	160971
804.94	0.8	NonTarget	1	160988
805.02	0.8	NonTarget	1	161004
805.105	0.8	NonTarget	1	161021
805.19	0.8	NonTarget	1	161038
805.27	0.8	NonTarget	1	161054
805.355	0.8	NonTarget	1	161071
805.44	0.8	NonTarget	1	161088
814.005	0.8	NonTarget	1	162801
814.085	0.8	NonTarget	1	162817
814.165	0.8	NonTarget	1	162833
814.25	0.8	NonTarget	1	162850
814.335	0.8	NonTarget	1	162867
814.42	0.8	NonTarget	1	162884
814.5	0.8	NonTarget	1	162900
814.585	0.8	NonTarget	1	162917
814.67	0.8	NonTarget	1	162934
814.75	0.8	NonTarget	1	162950
814.835	0.8	NonTarget	1	162967
814.92	0.8	NonTarget	1	162984
815.0	0.8	NonTarget	1	163000
815.085	0.8	NonTarget	1	163017
815.17	0.8	NonTarget	1	163034
815.25	0.8	NonTarget	1	163050
815.335	0.8	NonTarget	1	163067
815.42	0.8	NonTarget	1	163084
815.505	0.8	NonTarget	1	163101
815.585	0.8	NonTarget	1	163117
815.67	0.8	NonTarget	1	163134
815.75	0.8	NonTarget	1	163150
815.835	0.8	NonTarget	1	163167
815.92	0.8	NonTarget	1	163184
816.005	0.8	NonTarget	1	163201
816.085	0.8	NonTarget	1	163217
816.17	0.8	NonTarget	1	163234
816.255	0.8	Target	2	163251
816.34	0.8	NonTarget	1	163268
816.42	0.8	NonTarget	1	163284
816.82	0.8	NonTarget	1	163364
816.905	0.8	NonTarget	1	163381
816.99	0.8	NonTarget	1	163398
817.07	0.8	NonTarget	1	163414
817.155	0.8	NonTarget	1	163431
817.24	0.8	NonTarget	1	163448
817.32	0.8	NonTarget	1	163464
817.405	0.8	NonTarget	1	163481
817.49	0.8	NonTarget	1	163498
817.57	0.8	NonTarget	1	163514
817.655	0.8	NonTarget	1	163531
817.74	0.8	NonTarget	1	163548
817.825	0.8	NonTarget	1	163565
817.905	0.8	NonTarget	1	163581
817.99	0.8	NonTarget	1	163598
818.07	0.8	NonTarget	1	163614
818.155	0.8	NonTarget	1	163631
818.24	0.8	NonTarget	1	163648
818.325	0.8	NonTarget	1	163665
818.405	0.8	NonTarget	1	163681
818.49	0.8	NonTarget	1	163698
818.575	0.8	NonTarget	1	163715
818.66	0.8	NonTarget	1	163732
818.74	0.8	NonTarget	1	163748
818.825	0.8	NonTarget	1	163765
818.91	0.8	NonTarget	1	163782
818.99	0.8	NonTarget	1	163798
819.075	0.8	Target	2	163815
819.16	0.8	NonTarget	1	163832
819.24	0.8	NonTarget	1	163848
819.645	0.8	NonTarget	1	163929
819.725	0.8	NonTarget	1	163945
819.81	0.8	NonTarget	1	163962
819.895	0.8	NonTarget	1	163979
819.98	0.8	NonTarget	1	163996
820.06	0.8	NonTarget	1	164012
820.145	0.8	NonTarget	1	164029
820.225	0.8	NonTarget	1	164045
820.31	0.8	NonTarget	1	164062
820.395	0.8	NonTarget	1	164079
820.475	0.8	NonTarget	1	164095
820.56	0.8	NonTarget	1	164112
820.645	0.8	NonTarget	1	164129
820.725	0.8	NonTarget	1	164145
820.81	0.8	NonTarget	1	164162
820.895	0.8	NonTarget	1	164179
820.98	0.8	NonTarget	1	164196
821.06	0.8	NonTarget	1	164212
821.145	0.8	NonTarget	1	164229
821.225	0.8	NonTarget	1	164245
821.31	0.8	NonTarget	1	164262
821.395	0.8	NonTarget	1	164279
821.48	0.8	Target	2	164296
821.56	0.8	NonTarget	1	164312
821.645	0.8	NonTarget	1	164329
821.73	0.8	NonTarget	1	164346
821.81	0.8	NonTarget	1	164362
821.895	0.8	NonTarget	1	164379
821.98	0.8	NonTarget	1	164396
822.065	0.8	NonTarget	1	164413
822.46	0.8	NonTarget	1	164492
822.545	0.8	NonTarget	1	164509
822.63	0.8	NonTarget	1	164526
822.715	0.8	NonTarget	1	164543
822.795	0.8	NonTarget	1	164559
822.88	0.8	NonTarget	1	164576
822.965	0.8	NonTarget	1	164593
823.045	0.8	Target	2	164609
823.13	0.8	NonTarget	1	164626
823.215	0.8	NonTarget	1	164643
823.295	0.8	NonTarget	1	164659
823.38	0.8	NonTarget	1	164676
823.465	0.8	NonTarget	1	164693
823.55	0.8	NonTarget	1	164710
823.63	0.8	NonTarget	1	164726
823.715	0.8	NonTarget	1	164743
823.8	0.8	NonTarget	1	164760
823.88	0.8	NonTarget	1	164776
823.965	0.8	NonTarget	1	164793
824.05	0.8	NonTarget	1	164810
824.13	0.8	NonTarget	1	164826
824.215	0.8	NonTarget	1	164843
824.3	0.8	NonTarget	1	164860
824.385	0.8	NonTarget	1	164877
824.465	0.8	NonTarget	1	164893
824.55	0.8	NonTarget	1	164910
824.63	0.8	NonTarget	1	164926
824.715	0.8	NonTarget	1	164943
824.8	0.8	NonTarget	1	164960
824.88	0.8	NonTarget	1	164976
825.28	0.8	NonTarget	1	165056
825.365	0.8	NonTarget	1	165073
825.45	0.8	NonTarget	1	165090
825.535	0.8	NonTarget	1	165107
825.62	0.8	NonTarget	1	165124
825.7	0.8	NonTarget	1	165140
825.785	0.8	NonTarget	1	165157
825.865	0.8	NonTarget	1	165173
825.95	0.8	NonTarget	1	165190
826.035	0.8	NonTarget	1	165207
826.12	0.8	NonTarget	1	165224
826.2	0.8	NonTarget	1	165240
826.285	0.8	NonTarget	1	165257
826.37	0.8	NonTarget	1	165274
826.45	0.8	NonTarget	1	165290
826.535	0.8	NonTarget	1	165307
826.62	0.8	NonTarget	1	165324
826.7	0.8	Target	2	165340
826.785	0.8	NonTarget	1	165357
826.87	0.8	NonTarget	1	165374
826.95	0.8	NonTarget	1	165390
827.035	0.8	NonTarget	1	165407
827.12	0.8	NonTarget	1	165424
827.205	0.8	NonTarget	1	165441
827.285	0.8	NonTarget	1	165457
827.37	0.8	NonTarget	1	165474
827.455	0.8	NonTarget	1	165491
827.535	0.8	NonTarget	1	165507
827.62	0.8	NonTarget	1	165524
827.7	0.8	NonTarget	1	165540
828.105	0.8	NonTarget	1	165621
828.185	0.8	NonTarget	1	165637
828.27	0.8	NonTarget	1	165654
828.355	0.8	NonTarget	1	165671
828.435	0.8	NonTarget	1	165687
828.52	0.8	NonTarget	1	165704
828.605	0.8	NonTarget	1	165721
828.69	0.8	NonTarget	1	165738
828.775	0.8	NonTarget	1	165755
828.855	0.8	NonTarget	1	165771
828.94	0.8	NonTarget	1	165788
829.02	0.8	NonTarget	1	165804
829.105	0.8	NonTarget	1	165821
829.19	0.8	NonTarget	1	165838
829.275	0.8	NonTarget	1	165855
829.355	0.8	NonTarget	1	165871
829.44	0.8	NonTarget	1	165888
829.52	0.8	Target	2	165904
829.605	0.8	NonTarget	1	165921
829.69	0.8	NonTarget	1	165938
829.775	0.8	NonTarget	1	165955
829.855	0.8	NonTarget	1	165971
829.94	0.8	NonTarget	1	165988
830.025	0.8	NonTarget	1	166005
830.105	0.8	NonTarget	1	166021
830.19	0.8	NonTarget	1	166038
830.275	0.8	NonTarget	1	166055
830.355	0.8	NonTarget	1	166071
830.44	0.8	NonTarget	1	166088
830.525	0.8	NonTarget	1	166105
830.925	0.8	NonTarget	1	166185
831.01	0.8	NonTarget	1	166202
831.09	0.8	NonTarget	1	166218
831.175	0.8	NonTarget	1	166235
831.26	0.8	NonTarget	1	166252
831.34	0.8	NonTarget	1	166268
831.425	0.8	NonTarget	1	166285
831.51	0.8	NonTarget	1	166302
831.59	0.8	NonTarget	1	166318
831.675	0.8	NonTarget	1	166335
831.76	0.8	NonTarget	1	166352
831.84	0.8	NonTarget	1	166368
831.925	0.8	Target	2	166385
832.01	0.8	NonTarget	1	166402
832.095	0.8	NonTarget	1	166419
832.175	0.8	NonTarget	1	166435
832.26	0.8	NonTarget	1	166452
832.345	0.8	NonTarget	1	166469
832.425	0.8	NonTarget	1	166485
832.51	0.8	NonTarget	1	166502
832.595	0.8	NonTarget	1	166519
832.675	0.8	NonTarget	1	166535
832.76	0.8	NonTarget	1	166552
832.845	0.8	NonTarget	1	166569
832.925	0.8	NonTarget	1	166585
833.01	0.8	NonTarget	1	166602
833.095	0.8	NonTarget	1	166619
833.18	0.8	NonTarget	1	166636
833.26	0.8	NonTarget	1	166652
833.345	0.8	NonTarget	1	166669
833.745	0.8	NonTarget	1	166749
833.83	0.8	NonTarget	1	166766
833.91	0.8	NonTarget	1	166782
833.995	0.8	NonTarget	1	166799
834.08	0.8	NonTarget	1	166816
834.165	0.8	NonTarget	1	166833
834.245	0.8	NonTarget	1	166849
834.33	0.8	NonTarget	1	166866
834.415	0.8	NonTarget	1	166883
834.495	0.8	NonTarget	1	166899
834.58	0.8	NonTarget	1	166916
834.665	0.8	NonTarget	1	166933
834.745	0.8	Target	2	166949
834.83	0.8	NonTarget	1	166966
834.915	0.8	NonTarget	1	166983
835.0	0.8	NonTarget	1	167000
835.08	0.8	NonTarget	1	167016
835.165	0.8	NonTarget	1	167033
835.25	0.8	NonTarget	1	167050
835.33	0.8	NonTarget	1	167066
835.415	0.8	NonTarget	1	167083
835.5	0.8	NonTarget	1	167100
835.58	0.8	NonTarget	1	167116
835.665	0.8	NonTarget	1	167133
835.75	0.8	NonTarget	1	167150
835.83	0.8	NonTarget	1	167166
835.915	0.8	NonTarget	1	167183
836.0	0.8	NonTarget	1	167200
836.08	0.8	NonTarget	1	167216
836.165	0.8	NonTarget	1	167233
836.565	0.8	NonTarget	1	167313
836.65	0.8	NonTarget	1	167330
836.735	0.8	NonTarget	1	167347
836.815	0.8	NonTarget	1	167363
836.9	0.8	NonTarget	1	167380
836.985	0.8	NonTarget	1	167397
837.065	0.8	NonTarget	1	167413
837.15	0.8	Target	2	167430
837.235	0.8	NonTarget	1	167447
837.315	0.8	NonTarget	1	167463
837.4	0.8	NonTarget	1	167480
837.485	0.8	NonTarget	1	167497
837.565	0.8	NonTarget	1	167513
837.65	0.8	NonTarget	1	167530
837.735	0.8	NonTarget	1	167547
837.82	0.8	NonTarget	1	167564
837.9	0.8	NonTarget	1	167580
837.985	0.8	NonTarget	1	167597
838.07	0.8	NonTarget	1	167614
838.15	0.8	NonTarget	1	167630
838.235	0.8	NonTarget	1	167647
838.32	0.8	NonTarget	1	167664
838.4	0.8	NonTarget	1	167680
838.485	0.8	NonTarget	1	167697
838.57	0.8	NonTarget	1	167714
838.65	0.8	NonTarget	1	167730
838.735	0.8	NonTarget	1	167747
838.82	0.8	NonTarget	1	167764
838.905	0.8	NonTarget	1	167781
838.985	0.8	NonTarget	1	167797
839.385	0.8	NonTarget	1	167877
839.47	0.8	NonTarget	1	167894
839.555	0.8	NonTarget	1	167911
839.635	0.8	NonTarget	1	167927
839.72	0.8	NonTarget	1	167944
839.805	0.8	NonTarget	1	167961
839.885	0.8	NonTarget	1	167977
839.97	0.8	Target	2	167994
840.055	0.8	NonTarget	1	168011
840.14	0.8	NonTarget	1	168028
840.22	0.8	NonTarget	1	168044
840.305	0.8	NonTarget	1	168061
840.39	0.8	NonTarget	1	168078
840.475	0.8	NonTarget	1	168095
840.555	0.8	NonTarget	1	168111
840.64	0.8	NonTarget	1	168128
840.72	0.8	NonTarget	1	168144
840.805	0.8	NonTarget	1	168161
840.89	0.8	NonTarget	1	168178
840.97	0.8	NonTarget	1	168194
841.055	0.8	NonTarget	1	168211
841.14	0.8	NonTarget	1	168228
841.225	0.8	NonTarget	1	168245
841.305	0.8	NonTarget	1	168261
841.39	0.8	NonTarget	1	168278
841.475	0.8	NonTarget	1	168295
841.555	0.8	NonTarget	1	168311
841.64	0.8	NonTarget	1	168328
841.725	0.8	NonTarget	1	168345
841.805	0.8	NonTarget	1	168361
850.375	0.8	NonTarget	1	170075
850.45	0.8	Target	2	170090
850.535	0.8	NonTarget	1	170107
850.62	0.8	NonTarget	1	170124
850.7	0.8	NonTarget	1	170140
850.785	0.8	NonTarget	1	170157
850.87	0.8	NonTarget	1	170174
850.955	0.8	NonTarget	1	170191
851.035	0.8	NonTarget	1	170207
851.12	0.8	NonTarget	1	170224
851.205	0.8	NonTarget	1	170241
851.285	0.8	NonTarget	1	170257
851.37	0.8	NonTarget	1	170274
851.455	0.8	NonTarget	1	170291
851.54	0.8	NonTarget	1	170308
851.62	0.8	NonTarget	1	170324
851.705	0.8	NonTarget	1	170341
851.785	0.8	NonTarget	1	170357
851.87	0.8	NonTarget	1	170374
851.955	0.8	NonTarget	1	170391
852.04	0.8	NonTarget	1	170408
852.12	0.8	NonTarget	1	170424
852.205	0.8	NonTarget	1	170441
852.29	0.8	NonTarget	1	170458
852.37	0.8	NonTarget	1	170474
852.455	0.8	NonTarget	1	170491
852.54	0.8	NonTarget	1	170508
852.62	0.8	NonTarget	1	170524
852.705	0.8	NonTarget	1	170541
852.79	0.8	NonTarget	1	170558
853.19	0.8	NonTarget	1	170638
853.275	0.8	NonTarget	1	170655
853.355	0.8	NonTarget	1	170671
853.44	0.8	NonTarget	1	170688
853.525	0.8	NonTarget	1	170705
853.605	0.8	NonTarget	1	170721
853.69	0.8	NonTarget	1	170738
853.775	0.8	NonTarget	1	170755
853.86	0.8	NonTarget	1	170772
853.94	0.8	NonTarget	1	170788
854.025	0.8	NonTarget	1	170805
854.11	0.8	Target	2	170822
854.19	0.8	NonTarget	1	170838
854.275	0.8	NonTarget	1	170855
854.36	0.8	NonTarget	1	170872
854.44	0.8	NonTarget	1	170888
854.525	0.8	NonTarget	1	170905
854.61	0.8	NonTarget	1	170922
854.69	0.8	NonTarget	1	170938
854.775	0.8	NonTarget	1	170955
854.86	0.8	NonTarget	1	170972
854.945	0.8	NonTarget	1	170989
855.025	0.8	NonTarget	1	171005
855.11	0.8	NonTarget	1	171022
855.19	0.8	NonTarget	1	171038
855.275	0.8	NonTarget	1	171055
855.36	0.8	NonTarget	1	171072
855.445	0.8	NonTarget	1	171089
855.525	0.8	NonTarget	1	171105
855.61	0.8	NonTarget	1	171122
856.01	0.8	NonTarget	1	171202
856.095	0.8	NonTarget	1	171219
856.175	0.8	NonTarget	1	171235
856.26	0.8	NonTarget	1	171252
856.345	0.8	NonTarget	1	171269
856.43	0.8	NonTarget	1	171286
856.51	0.8	NonTarget	1	171302
856.595	0.8	NonTarget	1	171319
856.68	0.8	NonTarget	1	171336
856.76	0.8	NonTarget	1	171352
856.845	0.8	NonTarget	1	171369
856.93	0.8	NonTarget	1	171386
857.01	0.8	NonTarget	1	171402
857.095	0.8	NonTarget	1	171419
857.18	0.8	NonTarget	1	171436
857.26	0.8	NonTarget	1	171452
857.345	0.8	NonTarget	1	171469
857.425	0.8	NonTarget	1	171485
857.51	0.8	NonTarget	1	171502
857.595	0.8	NonTarget	1	171519
857.68	0.8	NonTarget	1	171536
857.765	0.8	Target	2	171553
857.845	0.8	NonTarget	1	171569
857.93	0.8	NonTarget	1	171586
858.015	0.8	NonTarget	1	171603
858.095	0.8	NonTarget	1	171619
858.18	0.8	NonTarget	1	171636
858.265	0.8	NonTarget	1	171653
858.345	0.8	NonTarget	1	171669
858.43	0.8	NonTarget	1	171686
858.83	0.8	NonTarget	1	171766
858.915	0.8	NonTarget	1	171783
859.0	0.8	NonTarget	1	171800
859.08	0.8	NonTarget	1	171816
859.165	0.8	NonTarget	1	171833
859.25	0.8	NonTarget	1	171850
859.33	0.8	NonTarget	1	171866
859.415	0.8	NonTarget	1	171883
859.5	0.8	NonTarget	1	171900
859.58	0.8	NonTarget	1	171916
859.665	0.8	NonTarget	1	171933
859.75	0.8	NonTarget	1	171950
859.83	0.8	NonTarget	1	171966
859.915	0.8	NonTarget	1	171983
860.0	0.8	NonTarget	1	172000
860.085	0.8	NonTarget	1	172017
860.165	0.8	NonTarget	1	172033
860.25	0.8	NonTarget	1	172050
860.335	0.8	NonTarget	1	172067
860.415	0.8	NonTarget	1	172083
860.5	0.8	NonTarget	1	172100
860.585	0.8	NonTarget	1	172117
860.665	0.8	NonTarget	1	172133
860.75	0.8	NonTarget	1	172150
860.835	0.8	NonTarget	1	172167
860.915	0.8	NonTarget	1	172183
861.0	0.8	Target	2	172200
861.085	0.8	NonTarget	1	172217
861.165	0.8	NonTarget	1	172233
861.25	0.8	NonTarget	1	172250
861.65	0.8	NonTarget	1	172330
861.735	0.8	NonTarget	1	172347
861.82	0.8	NonTarget	1	172364
861.9	0.8	NonTarget	1	172380
861.985	0.8	NonTarget	1	172397
862.07	0.8	NonTarget	1	172414
862.15	0.8	NonTarget	1	172430
862.235	0.8	NonTarget	1	172447
862.32	0.8	NonTarget	1	172464
862.405	0.8	NonTarget	1	172481
862.49	0.8	NonTarget	1	172498
862.57	0.8	NonTarget	1	172514
862.655	0.8	NonTarget	1	172531
862.735	0.8	NonTarget	1	172547
862.82	0.8	NonTarget	1	172564
862.905	0.8	NonTarget	1	172581
862.985	0.8	NonTarget	1	172597
863.07	0.8	NonTarget	1	172614
863.155	0.8	NonTarget	1	172631
863.235	0.8	NonTarget	1	172647
863.32	0.8	NonTarget	1	172664
863.405	0.8	NonTarget	1	172681
863.49	0.8	NonTarget	1	172698
863.57	0.8	NonTarget	1	172714
863.655	0.8	NonTarget	1	172731
863.74	0.8	NonTarget	1	172748
863.82	0.8	Target	2	172764
863.905	0.8	NonTarget	1	172781
863.99	0.8	NonTarget	1	172798
864.07	0.8	NonTarget	1	172814
864.47	0.8	NonTarget	1	172894
864.555	0.8	NonTarget	1	172911
864.64	0.8	NonTarget	1	172928
864.725	0.8	NonTarget	1	172945
864.805	0.8	NonTarget	1	172961
864.89	0.8	NonTarget	1	172978
864.975	0.8	NonTarget	1	172995
865.055	0.8	NonTarget	1	173011
865.14	0.8	NonTarget	1	173028
865.225	0.8	NonTarget	1	173045
865.305	0.8	NonTarget	1	173061
865.39	0.8	NonTarget	1	173078
865.475	0.8	NonTarget	1	173095
865.555	0.8	NonTarget	1	173111
865.64	0.8	NonTarget	1	173128
865.725	0.8	NonTarget	1	173145
865.81	0.8	NonTarget	1	173162
865.89	0.8	NonTarget	1	173178
865.975	0.8	NonTarget	1	173195
866.06	0.8	NonTarget	1	173212
866.14	0.8	NonTarget	1	173228
866.225	0.8	Target	2	173245
866.31	0.8	NonTarget	1	173262
866.39	0.8	NonTarget	1	173278
866.475	0.8	NonTarget	1	173295
866.56	0.8	NonTarget	1	173312
866.64	0.8	NonTarget	1	173328
866.725	0.8	NonTarget	1	173345
866.81	0.8	NonTarget	1	173362
866.89	0.8	NonTarget	1	173378
867.295	0.8	NonTarget	1	173459
867.375	0.8	NonTarget	1	173475
867.46	0.8	NonTarget	1	173492
867.545	0.8	NonTarget	1	173509
867.625	0.8	NonTarget	1	173525
867.71	0.8	NonTarget	1	173542
867.795	0.8	NonTarget	1	173559
867.875	0.8	NonTarget	1	173575
867.96	0.8	NonTarget	1	173592
868.045	0.8	NonTarget	1	173609
868.125	0.8	NonTarget	1	173625
868.21	0.8	Target	2	173642
868.295	0.8	NonTarget	1	173659
868.38	0.8	NonTarget	1	173676
868.46	0.8	NonTarget	1	173692
868.545	0.8	NonTarget	1	173709
868.625	0.8	NonTarget	1	173725
868.71	0.8	NonTarget	1	173742
868.795	0.8	NonTarget	1	173759
868.88	0.8	NonTarget	1	173776
868.96	0.8	NonTarget	1	173792
869.045	0.8	NonTarget	1	173809
869.13	0.8	NonTarget	1	173826
869.215	0.8	NonTarget	1	173843
869.295	0.8	NonTarget	1	173859
869.38	0.8	NonTarget	1	173876
869.465	0.8	NonTarget	1	173893
869.545	0.8	NonTarget	1	173909
869.63	0.8	NonTarget	1	173926
869.715	0.8	NonTarget	1	173943
870.115	0.8	NonTarget	1	174023
870.195	0.8	NonTarget	1	174039
870.28	0.8	NonTarget	1	174056
870.365	0.8	NonTarget	1	174073
870.45	0.8	NonTarget	1	174090
870.53	0.8	NonTarget	1	174106
870.615	0.8	NonTarget	1	174123
870.7	0.8	NonTarget	1	174140
870.78	0.8	NonTarget	1	174156
870.865	0.8	NonTarget	1	174173
870.95	0.8	NonTarget	1	174190
871.03	0.8	NonTarget	1	174206
871.115	0.8	NonTarget	1	174223
871.2	0.8	NonTarget	1	174240
871.28	0.8	NonTarget	1	174256
871.365	0.8	NonTarget	1	174273
871.45	0.8	NonTarget	1	174290
871.535	0.8	NonTarget	1	174307
871.615	0.8	NonTarget	1	174323
871.7	0.8	NonTarget	1	174340
871.78	0.8	NonTarget	1	174356
871.865	0.8	NonTarget	1	174373
871.95	0.8	NonTarget	1	174390
872.035	0.8	NonTarget	1	174407
872.115	0.8	NonTarget	1	174423
872.2	0.8	NonTarget	1	174440
872.285	0.8	Target	2	174457
872.365	0.8	NonTarget	1	174473
872.45	0.8	NonTarget	1	174490
872.535	0.8	NonTarget	1	174507
872.935	0.8	NonTarget	1	174587
873.02	0.8	NonTarget	1	174604
873.1	0.8	NonTarget	1	174620
873.185	0.8	NonTarget	1	174637
873.265	0.8	NonTarget	1	174653
873.35	0.8	NonTarget	1	174670
873.435	0.8	NonTarget	1	174687
873.52	0.8	NonTarget	1	174704
873.605	0.8	NonTarget	1	174721
873.685	0.8	NonTarget	1	174737
873.77	0.8	NonTarget	1	174754
873.85	0.8	NonTarget	1	174770
873.935	0.8	NonTarget	1	174787
874.02	0.8	NonTarget	1	174804
874.105	0.8	NonTarget	1	174821
874.185	0.8	NonTarget	1	174837
874.27	0.8	NonTarget	1	174854
874.35	0.8	NonTarget	1	174870
874.435	0.8	NonTarget	1	174887
874.52	0.8	NonTarget	1	174904
874.6	0.8	NonTarget	1	174920
874.685	0.8	Target	2	174937
874.77	0.8	NonTarget	1	174954
874.855	0.8	NonTarget	1	174971
874.935	0.8	NonTarget	1	174987
875.02	0.8	NonTarget	1	175004
875.105	0.8	NonTarget	1	175021
875.19	0.8	NonTarget	1	175038
875.27	0.8	NonTarget	1	175054
875.355	0.8	NonTarget	1	175071
875.755	0.8	NonTarget	1	175151
875.84	0.8	Target	2	175168
875.92	0.8	NonTarget	1	175184
876.005	0.8	NonTarget	1	175201
876.09	0.8	NonTarget	1	175218
876.175	0.8	NonTarget	1	175235
876.255	0.8	NonTarget	1	175251
876.34	0.8	NonTarget	1	175268
876.42	0.8	NonTarget	1	175284
876.505	0.8	NonTarget	1	175301
876.59	0.8	NonTarget	1	175318
876.675	0.8	NonTarget	1	175335
876.755	0.8	NonTarget	1	175351
876.84	0.8	NonTarget	1	175368
876.925	0.8	NonTarget	1	175385
877.005	0.8	NonTarget	1	175401
877.09	0.8	NonTarget	1	175418
877.175	0.8	NonTarget	1	175435
877.255	0.8	NonTarget	1	175451
877.34	0.8	NonTarget	1	175468
877.425	0.8	NonTarget	1	175485
877.505	0.8	NonTarget	1	175501
877.59	0.8	NonTarget	1	175518
877.675	0.8	NonTarget	1	175535
877.755	0.8	NonTarget	1	175551
877.84	0.8	NonTarget	1	175568
877.925	0.8	NonTarget	1	175585
878.01	0.8	NonTarget	1	175602
878.09	0.8	NonTarget	1	175618
878.175	0.8	NonTarget	1	175635
