onset	duration	trial_type	value	sample
13.05	0.8	NonTarget	1	2610
13.13	0.8	NonTarget	1	2626
13.21	0.8	NonTarget	1	2642
13.3	0.8	NonTarget	1	2660
13.38	0.8	NonTarget	1	2676
13.465	0.8	NonTarget	1	2693
13.545	0.8	NonTarget	1	2709
13.63	0.8	NonTarget	1	2726
13.715	0.8	NonTarget	1	2743
13.8	0.8	NonTarget	1	2760
13.88	0.8	NonTarget	1	2776
13.965	0.8	NonTarget	1	2793
14.05	0.8	NonTarget	1	2810
14.13	0.8	NonTarget	1	2826
14.215	0.8	NonTarget	1	2843
14.295	0.8	NonTarget	1	2859
14.38	0.8	NonTarget	1	2876
14.465	0.8	NonTarget	1	2893
14.55	0.8	NonTarget	1	2910
14.635	0.8	NonTarget	1	2927
14.715	0.8	NonTarget	1	2943
14.8	0.8	NonTarget	1	2960
14.885	0.8	NonTarget	1	2977
14.965	0.8	Target	2	2993
15.05	0.8	NonTarget	1	3010
15.13	0.8	NonTarget	1	3026
15.215	0.8	NonTarget	1	3043
15.3	0.8	NonTarget	1	3060
15.385	0.8	NonTarget	1	3077
15.465	0.8	NonTarget	1	3093
15.865	0.8	NonTarget	1	3173
15.95	0.8	NonTarget	1	3190
16.03	0.8	NonTarget	1	3206
16.115	0.8	Target	2	3223
16.2	0.8	NonTarget	1	3240
16.285	0.8	NonTarget	1	3257
16.365	0.8	NonTarget	1	3273
16.45	0.8	NonTarget	1	3290
16.535	0.8	NonTarget	1	3307
16.615	0.8	NonTarget	1	3323
16.7	0.8	NonTarget	1	3340
16.785	0.8	NonTarget	1	3357
16.87	0.8	NonTarget	1	3374
16.95	0.8	NonTarget	1	3390
17.035	0.8	NonTarget	1	3407
17.115	0.8	NonTarget	1	3423
17.2	0.8	NonTarget	1	3440
17.285	0.8	NonTarget	1	3457
17.365	0.8	NonTarget	1	3473
17.45	0.8	NonTarget	1	3490
17.535	0.8	NonTarget	1	3507
17.62	0.8	NonTarget	1	3524
17.7	0.8	NonTarget	1	3540
17.785	0.8	NonTarget	1	3557
17.87	0.8	NonTarget	1	3574
17.95	0.8	NonTarget	1	3590
18.035	0.8	NonTarget	1	3607
18.12	0.8	NonTarget	1	3624
18.2	0.8	NonTarget	1	3640
18.285	0.8	NonTarget	1	3657
18.685	0.8	NonTarget	1	3737
18.77	0.8	NonTarget	1	3754
18.85	0.8	NonTarget	1	3770
18.935	0.8	NonTarget	1	3787
19.02	0.8	NonTarget	1	3804
19.1	0.8	NonTarget	1	3820
19.185	0.8	NonTarget	1	3837
19.27	0.8	NonTarget	1	3854
19.35	0.8	NonTarget	1	3870
19.435	0.8	NonTarget	1	3887
19.52	0.8	NonTarget	1	3904
19.6	0.8	NonTarget	1	3920
19.685	0.8	NonTarget	1	3937
19.77	0.8	NonTarget	1	3954
19.855	0.8	NonTarget	1	3971
19.94	0.8	NonTarget	1	3988
20.02	0.8	NonTarget	1	4004
20.1	0.8	NonTarget	1	4020
20.185	0.8	NonTarget	1	4037
20.27	0.8	NonTarget	1	4054
20.355	0.8	NonTarget	1	4071
20.435	0.8	NonTarget	1	4087
20.52	0.8	NonTarget	1	4104
20.605	0.8	NonTarget	1	4121
20.685	0.8	NonTarget	1	4137
20.77	0.8	NonTarget	1	4154
20.855	0.8	NonTarget	1	4171
20.935	0.8	NonTarget	1	4187
21.02	0.8	Target	2	4204
21.105	0.8	NonTarget	1	4221
21.5	0.8	NonTarget	1	4300
21.585	0.8	NonTarget	1	4317
21.67	0.8	NonTarget	1	4334
21.755	0.8	Target	2	4351
21.835	0.8	NonTarget	1	4367
21.92	0.8	NonTarget	1	4384
22.005	0.8	NonTarget	1	4401
22.085	0.8	NonTarget	1	4417
22.17	0.8	NonTarget	1	4434
22.255	0.8	NonTarget	1	4451
22.34	0.8	NonTarget	1	4468
22.42	0.8	NonTarget	1	4484
22.505	0.8	NonTarget	1	4501
22.585	0.8	NonTarget	1	4517
22.67	0.8	NonTarget	1	4534
22.755	0.8	NonTarget	1	4551
22.84	0.8	NonTarget	1	4568
22.92	0.8	NonTarget	1	4584
23.005	0.8	NonTarget	1	4601
23.09	0.8	NonTarget	1	4618
23.17	0.8	NonTarget	1	4634
23.255	0.8	NonTarget	1	4651
23.335	0.8	NonTarget	1	4667
23.425	0.8	NonTarget	1	4685
23.505	0.8	NonTarget	1	4701
23.59	0.8	NonTarget	1	4718
23.67	0.8	NonTarget	1	4734
23.755	0.8	NonTarget	1	4751
23.84	0.8	NonTarget	1	4768
23.925	0.8	NonTarget	1	4785
24.32	0.8	NonTarget	1	4864
24.405	0.8	NonTarget	1	4881
24.49	0.8	NonTarget	1	4898
24.575	0.8	NonTarget	1	4915
24.655	0.8	NonTarget	1	4931
24.74	0.8	NonTarget	1	4948
24.825	0.8	NonTarget	1	4965
24.91	0.8	NonTarget	1	4982
24.99	0.8	Target	2	4998
25.075	0.8	NonTarget	1	5015
25.155	0.8	NonTarget	1	5031
25.24	0.8	NonTarget	1	5048
25.325	0.8	NonTarget	1	5065
25.405	0.8	NonTarget	1	5081
25.49	0.8	NonTarget	1	5098
25.575	0.8	NonTarget	1	5115
25.655	0.8	NonTarget	1	5131
25.74	0.8	NonTarget	1	5148
25.825	0.8	NonTarget	1	5165
25.905	0.8	NonTarget	1	5181
25.99	0.8	NonTarget	1	5198
26.075	0.8	NonTarget	1	5215
26.16	0.8	NonTarget	1	5232
26.24	0.8	NonTarget	1	5248
26.325	0.8	NonTarget	1	5265
26.405	0.8	NonTarget	1	5281
26.49	0.8	NonTarget	1	5298
26.575	0.8	NonTarget	1	5315
26.66	0.8	NonTarget	1	5332
26.74	0.8	NonTarget	1	5348
27.14	0.8	NonTarget	1	5428
27.225	0.8	NonTarget	1	5445
27.31	0.8	NonTarget	1	5462
27.395	0.8	NonTarget	1	5479
27.475	0.8	NonTarget	1	5495
27.56	0.8	NonTarget	1	5512
27.64	0.8	NonTarget	1	5528
27.725	0.8	NonTarget	1	5545
27.81	0.8	Target	2	5562
27.89	0.8	NonTarget	1	5578
27.975	0.8	NonTarget	1	5595
28.06	0.8	NonTarget	1	5612
28.14	0.8	NonTarget	1	5628
28.225	0.8	NonTarget	1	5645
28.31	0.8	NonTarget	1	5662
28.395	0.8	NonTarget	1	5679
28.475	0.8	NonTarget	1	5695
28.56	0.8	NonTarget	1	5712
28.64	0.8	NonTarget	1	5728
28.725	0.8	NonTarget	1	5745
28.81	0.8	NonTarget	1	5762
28.89	0.8	NonTarget	1	5778
28.975	0.8	NonTarget	1	5795
29.06	0.8	NonTarget	1	5812
29.14	0.8	NonTarget	1	5828
29.225	0.8	NonTarget	1	5845
29.31	0.8	NonTarget	1	5862
29.395	0.8	NonTarget	1	5879
29.475	0.8	NonTarget	1	5895
29.56	0.8	NonTarget	1	5912
29.96	0.8	NonTarget	1	5992
30.04	0.8	NonTarget	1	6008
30.125	0.8	NonTarget	1	6025
30.21	0.8	NonTarget	1	6042
30.295	0.8	NonTarget	1	6059
30.375	0.8	NonTarget	1	6075
30.46	0.8	NonTarget	1	6092
30.545	0.8	NonTarget	1	6109
30.625	0.8	Target	2	6125
30.71	0.8	NonTarget	1	6142
30.795	0.8	NonTarget	1	6159
30.88	0.8	NonTarget	1	6176
30.96	0.8	NonTarget	1	6192
31.045	0.8	NonTarget	1	6209
31.125	0.8	NonTarget	1	6225
31.21	0.8	NonTarget	1	6242
31.295	0.8	NonTarget	1	6259
31.38	0.8	NonTarget	1	6276
31.46	0.8	NonTarget	1	6292
31.545	0.8	NonTarget	1	6309
31.63	0.8	NonTarget	1	6326
31.71	0.8	NonTarget	1	6342
31.795	0.8	NonTarget	1	6359
31.88	0.8	NonTarget	1	6376
31.96	0.8	NonTarget	1	6392
32.045	0.8	NonTarget	1	6409
32.13	0.8	NonTarget	1	6426
32.21	0.8	NonTarget	1	6442
32.295	0.8	NonTarget	1	6459
32.375	0.8	NonTarget	1	6475
32.78	0.8	NonTarget	1	6556
32.86	0.8	NonTarget	1	6572
32.945	0.8	NonTarget	1	6589
33.03	0.8	Target	2	6606
33.11	0.8	NonTarget	1	6622
33.195	0.8	NonTarget	1	6639
33.28	0.8	NonTarget	1	6656
33.36	0.8	NonTarget	1	6672
33.445	0.8	NonTarget	1	6689
33.53	0.8	NonTarget	1	6706
33.61	0.8	NonTarget	1	6722
33.695	0.8	NonTarget	1	6739
33.78	0.8	NonTarget	1	6756
33.865	0.8	NonTarget	1	6773
33.945	0.8	NonTarget	1	6789
34.03	0.8	NonTarget	1	6806
34.115	0.8	NonTarget	1	6823
34.195	0.8	NonTarget	1	6839
34.28	0.8	NonTarget	1	6856
34.36	0.8	NonTarget	1	6872
34.45	0.8	NonTarget	1	6890
34.53	0.8	NonTarget	1	6906
34.615	0.8	NonTarget	1	6923
34.695	0.8	NonTarget	1	6939
34.78	0.8	NonTarget	1	6956
34.865	0.8	NonTarget	1	6973
34.945	0.8	NonTarget	1	6989
35.03	0.8	NonTarget	1	7006
35.115	0.8	NonTarget	1	7023
35.195	0.8	NonTarget	1	7039
35.595	0.8	NonTarget	1	7119
35.68	0.8	NonTarget	1	7136
35.765	0.8	NonTarget	1	7153
35.845	0.8	NonTarget	1	7169
35.935	0.8	NonTarget	1	7187
36.015	0.8	NonTarget	1	7203
36.1	0.8	NonTarget	1	7220
36.18	0.8	NonTarget	1	7236
36.265	0.8	Target	2	7253
36.345	0.8	NonTarget	1	7269
36.435	0.8	NonTarget	1	7287
36.515	0.8	NonTarget	1	7303
36.6	0.8	NonTarget	1	7320
36.685	0.8	NonTarget	1	7337
36.765	0.8	NonTarget	1	7353
36.85	0.8	NonTarget	1	7370
36.93	0.8	NonTarget	1	7386
37.015	0.8	NonTarget	1	7403
37.1	0.8	NonTarget	1	7420
37.18	0.8	NonTarget	1	7436
37.265	0.8	NonTarget	1	7453
37.35	0.8	NonTarget	1	7470
37.43	0.8	NonTarget	1	7486
37.515	0.8	NonTarget	1	7503
37.6	0.8	NonTarget	1	7520
37.68	0.8	NonTarget	1	7536
37.765	0.8	NonTarget	1	7553
37.85	0.8	NonTarget	1	7570
37.93	0.8	NonTarget	1	7586
38.015	0.8	NonTarget	1	7603
38.415	0.8	NonTarget	1	7683
38.5	0.8	NonTarget	1	7700
38.585	0.8	NonTarget	1	7717
38.665	0.8	NonTarget	1	7733
38.75	0.8	NonTarget	1	7750
38.83	0.8	NonTarget	1	7766
38.915	0.8	NonTarget	1	7783
39.0	0.8	NonTarget	1	7800
39.085	0.8	NonTarget	1	7817
39.165	0.8	NonTarget	1	7833
39.25	0.8	NonTarget	1	7850
39.335	0.8	NonTarget	1	7867
39.42	0.8	NonTarget	1	7884
39.5	0.8	NonTarget	1	7900
39.585	0.8	NonTarget	1	7917
39.665	0.8	NonTarget	1	7933
39.75	0.8	NonTarget	1	7950
39.835	0.8	NonTarget	1	7967
39.915	0.8	NonTarget	1	7983
40.0	0.8	NonTarget	1	8000
40.085	0.8	NonTarget	1	8017
40.165	0.8	NonTarget	1	8033
40.25	0.8	NonTarget	1	8050
40.335	0.8	Target	2	8067
40.415	0.8	NonTarget	1	8083
40.5	0.8	NonTarget	1	8100
40.585	0.8	NonTarget	1	8117
40.665	0.8	NonTarget	1	8133
40.75	0.8	NonTarget	1	8150
40.835	0.8	NonTarget	1	8167
49.395	0.8	Target	2	9879
49.475	0.8	NonTarget	1	9895
49.555	0.8	NonTarget	1	9911
49.64	0.8	NonTarget	1	9928
49.725	0.8	NonTarget	1	9945
49.81	0.8	NonTarget	1	9962
49.89	0.8	NonTarget	1	9978
49.975	0.8	NonTarget	1	9995
50.06	0.8	NonTarget	1	10012
50.14	0.8	NonTarget	1	10028
50.225	0.8	NonTarget	1	10045
50.31	0.8	NonTarget	1	10062
50.39	0.8	NonTarget	1	10078
50.475	0.8	NonTarget	1	10095
50.56	0.8	NonTarget	1	10112
50.64	0.8	NonTarget	1	10128
50.725	0.8	NonTarget	1	10145
50.81	0.8	NonTarget	1	10162
50.895	0.8	NonTarget	1	10179
50.975	0.8	NonTarget	1	10195
51.06	0.8	NonTarget	1	10212
51.145	0.8	NonTarget	1	10229
51.23	0.8	NonTarget	1	10246
51.31	0.8	NonTarget	1	10262
51.395	0.8	NonTarget	1	10279
51.475	0.8	NonTarget	1	10295
51.56	0.8	NonTarget	1	10312
51.645	0.8	NonTarget	1	10329
51.725	0.8	NonTarget	1	10345
51.81	0.8	NonTarget	1	10362
52.21	0.8	NonTarget	1	10442
52.295	0.8	NonTarget	1	10459
52.38	0.8	NonTarget	1	10476
52.46	0.8	NonTarget	1	10492
52.545	0.8	NonTarget	1	10509
52.625	0.8	NonTarget	1	10525
52.71	0.8	NonTarget	1	10542
52.795	0.8	NonTarget	1	10559
52.875	0.8	NonTarget	1	10575
52.96	0.8	NonTarget	1	10592
53.045	0.8	NonTarget	1	10609
53.125	0.8	NonTarget	1	10625
53.21	0.8	NonTarget	1	10642
53.295	0.8	NonTarget	1	10659
53.38	0.8	NonTarget	1	10676
53.46	0.8	NonTarget	1	10692
53.545	0.8	NonTarget	1	10709
53.63	0.8	NonTarget	1	10726
53.71	0.8	NonTarget	1	10742
53.795	0.8	NonTarget	1	10759
53.88	0.8	NonTarget	1	10776
53.96	0.8	NonTarget	1	10792
54.045	0.8	NonTarget	1	10809
54.13	0.8	NonTarget	1	10826
54.21	0.8	NonTarget	1	10842
54.295	0.8	Target	2	10859
54.38	0.8	NonTarget	1	10876
54.46	0.8	NonTarget	1	10892
54.545	0.8	NonTarget	1	10909
54.625	0.8	NonTarget	1	10925
55.03	0.8	NonTarget	1	11006
55.115	0.8	NonTarget	1	11023
55.195	0.8	NonTarget	1	11039
55.28	0.8	NonTarget	1	11056
55.365	0.8	NonTarget	1	11073
55.445	0.8	Target	2	11089
55.53	0.8	NonTarget	1	11106
55.61	0.8	NonTarget	1	11122
55.695	0.8	NonTarget	1	11139
55.78	0.8	NonTarget	1	11156
55.865	0.8	NonTarget	1	11173
55.945	0.8	NonTarget	1	11189
56.03	0.8	NonTarget	1	11206
56.115	0.8	NonTarget	1	11223
56.195	0.8	NonTarget	1	11239
56.28	0.8	NonTarget	1	11256
56.365	0.8	NonTarget	1	11273
56.445	0.8	NonTarget	1	11289
56.53	0.8	NonTarget	1	11306
56.615	0.8	NonTarget	1	11323
56.695	0.8	NonTarget	1	11339
56.78	0.8	NonTarget	1	11356
56.865	0.8	NonTarget	1	11373
56.945	0.8	NonTarget	1	11389
57.03	0.8	NonTarget	1	11406
57.115	0.8	NonTarget	1	11423
57.195	0.8	NonTarget	1	11439
57.28	0.8	NonTarget	1	11456
57.365	0.8	NonTarget	1	11473
57.445	0.8	NonTarget	1	11489
57.85	0.8	Target	2	11570
57.93	0.8	NonTarget	1	11586
58.015	0.8	NonTarget	1	11603
58.1	0.8	NonTarget	1	11620
58.18	0.8	NonTarget	1	11636
58.265	0.8	NonTarget	1	11653
58.35	0.8	NonTarget	1	11670
58.43	0.8	NonTarget	1	11686
58.515	0.8	NonTarget	1	11703
58.6	0.8	NonTarget	1	11720
58.68	0.8	NonTarget	1	11736
58.765	0.8	NonTarget	1	11753
58.85	0.8	NonTarget	1	11770
58.93	0.8	NonTarget	1	11786
59.015	0.8	NonTarget	1	11803
59.1	0.8	NonTarget	1	11820
59.185	0.8	NonTarget	1	11837
59.265	0.8	NonTarget	1	11853
59.35	0.8	NonTarget	1	11870
59.43	0.8	NonTarget	1	11886
59.515	0.8	NonTarget	1	11903
59.6	0.8	NonTarget	1	11920
59.685	0.8	NonTarget	1	11937
59.765	0.8	NonTarget	1	11953
59.85	0.8	NonTarget	1	11970
59.93	0.8	NonTarget	1	11986
60.015	0.8	NonTarget	1	12003
60.1	0.8	NonTarget	1	12020
60.185	0.8	NonTarget	1	12037
60.265	0.8	NonTarget	1	12053
60.665	0.8	NonTarget	1	12133
60.75	0.8	NonTarget	1	12150
60.835	0.8	NonTarget	1	12167
60.915	0.8	NonTarget	1	12183
61.0	0.8	NonTarget	1	12200
61.085	0.8	NonTarget	1	12217
61.165	0.8	NonTarget	1	12233
61.25	0.8	NonTarget	1	12250
61.335	0.8	NonTarget	1	12267
61.415	0.8	NonTarget	1	12283
61.5	0.8	NonTarget	1	12300
61.585	0.8	NonTarget	1	12317
61.665	0.8	NonTarget	1	12333
61.755	0.8	NonTarget	1	12351
61.835	0.8	NonTarget	1	12367
61.92	0.8	NonTarget	1	12384
62.0	0.8	NonTarget	1	12400
62.085	0.8	NonTarget	1	12417
62.17	0.8	NonTarget	1	12434
62.25	0.8	NonTarget	1	12450
62.335	0.8	NonTarget	1	12467
62.42	0.8	NonTarget	1	12484
62.5	0.8	NonTarget	1	12500
62.585	0.8	NonTarget	1	12517
62.67	0.8	NonTarget	1	12534
62.75	0.8	Target	2	12550
62.835	0.8	NonTarget	1	12567
62.92	0.8	NonTarget	1	12584
63.0	0.8	NonTarget	1	12600
63.085	0.8	NonTarget	1	12617
63.485	0.8	NonTarget	1	12697
63.57	0.8	NonTarget	1	12714
63.65	0.8	NonTarget	1	12730
63.735	0.8	NonTarget	1	12747
63.82	0.8	NonTarget	1	12764
63.9	0.8	NonTarget	1	12780
63.985	0.8	NonTarget	1	12797
64.07	0.8	NonTarget	1	12814
64.155	0.8	NonTarget	1	12831
64.235	0.8	NonTarget	1	12847
64.32	0.8	NonTarget	1	12864
64.405	0.8	NonTarget	1	12881
64.49	0.8	NonTarget	1	12898
64.57	0.8	NonTarget	1	12914
64.655	0.8	NonTarget	1	12931
64.735	0.8	NonTarget	1	12947
64.82	0.8	NonTarget	1	12964
64.905	0.8	NonTarget	1	12981
64.985	0.8	NonTarget	1	12997
65.07	0.8	NonTarget	1	13014
65.155	0.8	NonTarget	1	13031
65.235	0.8	NonTarget	1	13047
65.32	0.8	NonTarget	1	13064
65.405	0.8	NonTarget	1	13081
65.485	0.8	NonTarget	1	13097
65.57	0.8	Target	2	13114
65.65	0.8	NonTarget	1	13130
65.735	0.8	NonTarget	1	13147
65.82	0.8	NonTarget	1	13164
65.905	0.8	NonTarget	1	13181
66.305	0.8	NonTarget	1	13261
66.39	0.8	NonTarget	1	13278
66.47	0.8	NonTarget	1	13294
66.555	0.8	NonTarget	1	13311
66.635	0.8	NonTarget	1	13327
66.72	0.8	Target	2	13344
66.805	0.8	NonTarget	1	13361
66.89	0.8	NonTarget	1	13378
66.97	0.8	NonTarget	1	13394
67.055	0.8	NonTarget	1	13411
67.14	0.8	NonTarget	1	13428
67.22	0.8	NonTarget	1	13444
67.305	0.8	NonTarget	1	13461
67.39	0.8	NonTarget	1	13478
67.47	0.8	NonTarget	1	13494
67.555	0.8	NonTarget	1	13511
67.64	0.8	NonTarget	1	13528
67.72	0.8	NonTarget	1	13544
67.805	0.8	NonTarget	1	13561
67.89	0.8	NonTarget	1	13578
67.97	0.8	NonTarget	1	13594
68.055	0.8	NonTarget	1	13611
68.14	0.8	NonTarget	1	13628
68.22	0.8	NonTarget	1	13644
68.305	0.8	NonTarget	1	13661
68.385	0.8	NonTarget	1	13677
68.475	0.8	NonTarget	1	13695
68.555	0.8	NonTarget	1	13711
68.64	0.8	NonTarget	1	13728
68.72	0.8	NonTarget	1	13744
69.12	0.8	NonTarget	1	13824
69.205	0.8	NonTarget	1	13841
69.29	0.8	NonTarget	1	13858
69.375	0.8	NonTarget	1	13875
69.455	0.8	NonTarget	1	13891
69.54	0.8	NonTarget	1	13908
69.62	0.8	NonTarget	1	13924
69.705	0.8	NonTarget	1	13941
69.79	0.8	NonTarget	1	13958
69.875	0.8	NonTarget	1	13975
69.96	0.8	Target	2	13992
70.04	0.8	NonTarget	1	14008
70.125	0.8	NonTarget	1	14025
70.205	0.8	NonTarget	1	14041
70.29	0.8	NonTarget	1	14058
70.375	0.8	NonTarget	1	14075
70.455	0.8	NonTarget	1	14091
70.54	0.8	NonTarget	1	14108
70.625	0.8	NonTarget	1	14125
70.71	0.8	NonTarget	1	14142
70.79	0.8	NonTarget	1	14158
70.875	0.8	NonTarget	1	14175
70.955	0.8	NonTarget	1	14191
71.045	0.8	NonTarget	1	14209
71.125	0.8	NonTarget	1	14225
71.21	0.8	NonTarget	1	14242
71.29	0.8	NonTarget	1	14258
71.375	0.8	NonTarget	1	14275
71.46	0.8	NonTarget	1	14292
71.54	0.8	NonTarget	1	14308
71.94	0.8	NonTarget	1	14388
72.025	0.8	NonTarget	1	14405
72.11	0.8	NonTarget	1	14422
72.195	0.8	NonTarget	1	14439
72.275	0.8	NonTarget	1	14455
72.36	0.8	NonTarget	1	14472
72.44	0.8	NonTarget	1	14488
72.525	0.8	NonTarget	1	14505
72.61	0.8	NonTarget	1	14522
72.695	0.8	NonTarget	1	14539
72.775	0.8	NonTarget	1	14555
72.86	0.8	NonTarget	1	14572
72.94	0.8	NonTarget	1	14588
73.025	0.8	NonTarget	1	14605
73.11	0.8	NonTarget	1	14622
73.19	0.8	Target	2	14638
73.275	0.8	NonTarget	1	14655
73.36	0.8	NonTarget	1	14672
73.445	0.8	NonTarget	1	14689
73.525	0.8	NonTarget	1	14705
73.61	0.8	NonTarget	1	14722
73.695	0.8	NonTarget	1	14739
73.775	0.8	NonTarget	1	14755
73.86	0.8	NonTarget	1	14772
73.945	0.8	NonTarget	1	14789
74.025	0.8	NonTarget	1	14805
74.11	0.8	NonTarget	1	14822
74.195	0.8	NonTarget	1	14839
74.275	0.8	NonTarget	1	14855
74.36	0.8	NonTarget	1	14872
74.76	0.8	NonTarget	1	14952
74.845	0.8	NonTarget	1	14969
74.925	0.8	NonTarget	1	14985
75.01	0.8	NonTarget	1	15002
75.095	0.8	NonTarget	1	15019
75.175	0.8	NonTarget	1	15035
75.26	0.8	NonTarget	1	15052
75.345	0.8	NonTarget	1	15069
75.43	0.8	NonTarget	1	15086
75.51	0.8	NonTarget	1	15102
75.595	0.8	Target	2	15119
75.68	0.8	NonTarget	1	15136
75.76	0.8	NonTarget	1	15152
75.845	0.8	NonTarget	1	15169
75.93	0.8	NonTarget	1	15186
76.01	0.8	NonTarget	1	15202
76.095	0.8	NonTarget	1	15219
76.18	0.8	NonTarget	1	15236
76.26	0.8	NonTarget	1	15252
76.345	0.8	NonTarget	1	15269
76.43	0.8	NonTarget	1	15286
76.51	0.8	NonTarget	1	15302
76.595	0.8	NonTarget	1	15319
76.68	0.8	NonTarget	1	15336
76.76	0.8	NonTarget	1	15352
76.845	0.8	NonTarget	1	15369
76.93	0.8	NonTarget	1	15386
77.01	0.8	NonTarget	1	15402
77.095	0.8	NonTarget	1	15419
77.18	0.8	NonTarget	1	15436
85.72	0.8	NonTarget	1	17144
85.8	0.8	NonTarget	1	17160
85.885	0.8	NonTarget	1	17177
85.97	0.8	NonTarget	1	17194
86.05	0.8	NonTarget	1	17210
86.135	0.8	NonTarget	1	17227
86.22	0.8	NonTarget	1	17244
86.305	0.8	NonTarget	1	17261
86.385	0.8	NonTarget	1	17277
86.465	0.8	NonTarget	1	17293
86.55	0.8	NonTarget	1	17310
86.635	0.8	NonTarget	1	17327
86.72	0.8	NonTarget	1	17344
86.8	0.8	NonTarget	1	17360
86.885	0.8	NonTarget	1	17377
86.97	0.8	NonTarget	1	17394
87.05	0.8	NonTarget	1	17410
87.135	0.8	NonTarget	1	17427
87.22	0.8	Target	2	17444
87.305	0.8	NonTarget	1	17461
87.385	0.8	NonTarget	1	17477
87.47	0.8	NonTarget	1	17494
87.55	0.8	NonTarget	1	17510
87.64	0.8	NonTarget	1	17528
87.72	0.8	NonTarget	1	17544
87.805	0.8	NonTarget	1	17561
87.885	0.8	NonTarget	1	17577
87.97	0.8	NonTarget	1	17594
88.055	0.8	NonTarget	1	17611
88.135	0.8	NonTarget	1	17627
88.535	0.8	NonTarget	1	17707
88.62	0.8	NonTarget	1	17724
88.705	0.8	NonTarget	1	17741
88.785	0.8	NonTarget	1	17757
88.87	0.8	NonTarget	1	17774
88.955	0.8	NonTarget	1	17791
89.035	0.8	NonTarget	1	17807
89.12	0.8	NonTarget	1	17824
89.205	0.8	Target	2	17841
89.29	0.8	NonTarget	1	17858
89.37	0.8	NonTarget	1	17874
89.455	0.8	NonTarget	1	17891
89.54	0.8	NonTarget	1	17908
89.62	0.8	NonTarget	1	17924
89.705	0.8	NonTarget	1	17941
89.79	0.8	NonTarget	1	17958
89.87	0.8	NonTarget	1	17974
89.955	0.8	NonTarget	1	17991
90.04	0.8	NonTarget	1	18008
90.12	0.8	NonTarget	1	18024
90.205	0.8	NonTarget	1	18041
90.29	0.8	NonTarget	1	18058
90.37	0.8	NonTarget	1	18074
90.455	0.8	NonTarget	1	18091
90.54	0.8	NonTarget	1	18108
90.625	0.8	NonTarget	1	18125
90.705	0.8	NonTarget	1	18141
90.79	0.8	NonTarget	1	18158
90.875	0.8	NonTarget	1	18175
90.955	0.8	NonTarget	1	18191
91.355	0.8	NonTarget	1	18271
91.44	0.8	NonTarget	1	18288
91.52	0.8	NonTarget	1	18304
91.605	0.8	NonTarget	1	18321
91.69	0.8	NonTarget	1	18338
91.775	0.8	NonTarget	1	18355
91.855	0.8	NonTarget	1	18371
91.94	0.8	NonTarget	1	18388
92.025	0.8	NonTarget	1	18405
92.105	0.8	NonTarget	1	18421
92.19	0.8	NonTarget	1	18438
92.27	0.8	NonTarget	1	18454
92.36	0.8	NonTarget	1	18472
92.445	0.8	NonTarget	1	18489
92.525	0.8	NonTarget	1	18505
92.605	0.8	NonTarget	1	18521
92.69	0.8	NonTarget	1	18538
92.775	0.8	NonTarget	1	18555
92.86	0.8	Target	2	18572
92.945	0.8	NonTarget	1	18589
93.025	0.8	NonTarget	1	18605
93.11	0.8	NonTarget	1	18622
93.19	0.8	NonTarget	1	18638
93.275	0.8	NonTarget	1	18655
93.355	0.8	NonTarget	1	18671
93.44	0.8	NonTarget	1	18688
93.525	0.8	NonTarget	1	18705
93.61	0.8	NonTarget	1	18722
93.69	0.8	NonTarget	1	18738
93.775	0.8	NonTarget	1	18755
94.175	0.8	NonTarget	1	18835
94.255	0.8	NonTarget	1	18851
94.345	0.8	NonTarget	1	18869
94.425	0.8	Target	2	18885
94.51	0.8	NonTarget	1	18902
94.595	0.8	NonTarget	1	18919
94.675	0.8	NonTarget	1	18935
94.76	0.8	NonTarget	1	18952
94.845	0.8	NonTarget	1	18969
94.925	0.8	NonTarget	1	18985
95.01	0.8	NonTarget	1	19002
95.095	0.8	NonTarget	1	19019
95.175	0.8	NonTarget	1	19035
95.26	0.8	NonTarget	1	19052
95.345	0.8	NonTarget	1	19069
95.425	0.8	NonTarget	1	19085
95.51	0.8	NonTarget	1	19102
95.59	0.8	NonTarget	1	19118
95.675	0.8	NonTarget	1	19135
95.76	0.8	NonTarget	1	19152
95.845	0.8	NonTarget	1	19169
95.925	0.8	NonTarget	1	19185
96.01	0.8	NonTarget	1	19202
96.095	0.8	NonTarget	1	19219
96.175	0.8	NonTarget	1	19235
96.26	0.8	NonTarget	1	19252
96.345	0.8	NonTarget	1	19269
96.425	0.8	NonTarget	1	19285
96.51	0.8	NonTarget	1	19302
96.595	0.8	NonTarget	1	19319
96.995	0.8	NonTarget	1	19399
97.08	0.8	NonTarget	1	19416
97.16	0.8	NonTarget	1	19432
97.245	0.8	Target	2	19449
97.325	0.8	NonTarget	1	19465
97.41	0.8	NonTarget	1	19482
97.495	0.8	NonTarget	1	19499
97.58	0.8	NonTarget	1	19516
97.66	0.8	NonTarget	1	19532
97.745	0.8	NonTarget	1	19549
97.83	0.8	NonTarget	1	19566
97.91	0.8	NonTarget	1	19582
97.995	0.8	NonTarget	1	19599
98.08	0.8	NonTarget	1	19616
98.16	0.8	NonTarget	1	19632
98.245	0.8	NonTarget	1	19649
98.33	0.8	NonTarget	1	19666
98.41	0.8	NonTarget	1	19682
98.495	0.8	NonTarget	1	19699
98.58	0.8	NonTarget	1	19716
98.665	0.8	NonTarget	1	19733
98.745	0.8	NonTarget	1	19749
98.83	0.8	NonTarget	1	19766
98.915	0.8	NonTarget	1	19783
98.995	0.8	NonTarget	1	19799
99.08	0.8	NonTarget	1	19816
99.16	0.8	NonTarget	1	19832
99.245	0.8	NonTarget	1	19849
99.33	0.8	NonTarget	1	19866
99.415	0.8	NonTarget	1	19883
99.81	0.8	NonTarget	1	19962
99.895	0.8	NonTarget	1	19979
99.98	0.8	NonTarget	1	19996
100.065	0.8	NonTarget	1	20013
100.15	0.8	NonTarget	1	20030
100.23	0.8	NonTarget	1	20046
100.31	0.8	NonTarget	1	20062
100.395	0.8	NonTarget	1	20079
100.48	0.8	Target	2	20096
100.565	0.8	NonTarget	1	20113
100.65	0.8	NonTarget	1	20130
100.73	0.8	NonTarget	1	20146
100.815	0.8	NonTarget	1	20163
100.895	0.8	NonTarget	1	20179
100.98	0.8	NonTarget	1	20196
101.065	0.8	NonTarget	1	20213
101.15	0.8	NonTarget	1	20230
101.23	0.8	NonTarget	1	20246
101.315	0.8	NonTarget	1	20263
101.395	0.8	NonTarget	1	20279
101.48	0.8	NonTarget	1	20296
101.565	0.8	NonTarget	1	20313
101.65	0.8	NonTarget	1	20330
101.735	0.8	NonTarget	1	20347
101.815	0.8	NonTarget	1	20363
101.895	0.8	NonTarget	1	20379
101.98	0.8	NonTarget	1	20396
102.065	0.8	NonTarget	1	20413
102.145	0.8	NonTarget	1	20429
102.23	0.8	NonTarget	1	20446
102.63	0.8	NonTarget	1	20526
102.715	0.8	NonTarget	1	20543
102.8	0.8	NonTarget	1	20560
102.88	0.8	NonTarget	1	20576
102.965	0.8	NonTarget	1	20593
103.05	0.8	NonTarget	1	20610
103.13	0.8	NonTarget	1	20626
103.215	0.8	NonTarget	1	20643
103.3	0.8	NonTarget	1	20660
103.38	0.8	NonTarget	1	20676
103.465	0.8	NonTarget	1	20693
103.55	0.8	NonTarget	1	20710
103.63	0.8	NonTarget	1	20726
103.715	0.8	Target	2	20743
103.8	0.8	NonTarget	1	20760
103.88	0.8	NonTarget	1	20776
103.965	0.8	NonTarget	1	20793
104.05	0.8	NonTarget	1	20810
104.13	0.8	NonTarget	1	20826
104.215	0.8	NonTarget	1	20843
104.3	0.8	NonTarget	1	20860
104.38	0.8	NonTarget	1	20876
104.465	0.8	NonTarget	1	20893
104.55	0.8	NonTarget	1	20910
104.63	0.8	NonTarget	1	20926
104.715	0.8	NonTarget	1	20943
104.8	0.8	NonTarget	1	20960
104.885	0.8	NonTarget	1	20977
104.965	0.8	NonTarget	1	20993
105.05	0.8	NonTarget	1	21010
105.45	0.8	NonTarget	1	21090
105.535	0.8	NonTarget	1	21107
105.62	0.8	NonTarget	1	21124
105.7	0.8	NonTarget	1	21140
105.78	0.8	NonTarget	1	21156
105.87	0.8	NonTarget	1	21174
105.95	0.8	NonTarget	1	21190
106.035	0.8	NonTarget	1	21207
106.115	0.8	NonTarget	1	21223
106.2	0.8	NonTarget	1	21240
106.285	0.8	NonTarget	1	21257
106.37	0.8	NonTarget	1	21274
106.45	0.8	NonTarget	1	21290
106.535	0.8	NonTarget	1	21307
106.62	0.8	NonTarget	1	21324
106.7	0.8	NonTarget	1	21340
106.785	0.8	NonTarget	1	21357
106.87	0.8	NonTarget	1	21374
106.95	0.8	NonTarget	1	21390
107.035	0.8	NonTarget	1	21407
107.12	0.8	NonTarget	1	21424
107.2	0.8	NonTarget	1	21440
107.285	0.8	NonTarget	1	21457
107.37	0.8	NonTarget	1	21474
107.45	0.8	NonTarget	1	21490
107.535	0.8	NonTarget	1	21507
107.62	0.8	NonTarget	1	21524
107.705	0.8	NonTarget	1	21541
107.785	0.8	Target	2	21557
107.87	0.8	NonTarget	1	21574
108.27	0.8	NonTarget	1	21654
108.355	0.8	NonTarget	1	21671
108.435	0.8	NonTarget	1	21687
108.52	0.8	NonTarget	1	21704
108.605	0.8	NonTarget	1	21721
108.685	0.8	NonTarget	1	21737
108.77	0.8	NonTarget	1	21754
108.855	0.8	NonTarget	1	21771
108.935	0.8	Target	2	21787
109.02	0.8	NonTarget	1	21804
109.105	0.8	NonTarget	1	21821
109.185	0.8	NonTarget	1	21837
109.27	0.8	NonTarget	1	21854
109.355	0.8	NonTarget	1	21871
109.435	0.8	NonTarget	1	21887
109.52	0.8	NonTarget	1	21904
109.605	0.8	NonTarget	1	21921
109.685	0.8	NonTarget	1	21937
109.77	0.8	NonTarget	1	21954
109.855	0.8	NonTarget	1	21971
109.94	0.8	NonTarget	1	21988
110.02	0.8	NonTarget	1	22004
110.105	0.8	NonTarget	1	22021
110.185	0.8	NonTarget	1	22037
110.27	0.8	NonTarget	1	22054
110.355	0.8	NonTarget	1	22071
110.435	0.8	NonTarget	1	22087
110.52	0.8	NonTarget	1	22104
110.605	0.8	NonTarget	1	22121
110.685	0.8	NonTarget	1	22137
111.085	0.8	NonTarget	1	22217
111.17	0.8	NonTarget	1	22234
111.255	0.8	NonTarget	1	22251
111.34	0.8	NonTarget	1	22268
111.425	0.8	NonTarget	1	22285
111.505	0.8	NonTarget	1	22301
111.59	0.8	NonTarget	1	22318
111.67	0.8	NonTarget	1	22334
111.755	0.8	NonTarget	1	22351
111.84	0.8	NonTarget	1	22368
111.92	0.8	NonTarget	1	22384
112.005	0.8	NonTarget	1	22401
112.09	0.8	NonTarget	1	22418
112.17	0.8	NonTarget	1	22434
112.255	0.8	NonTarget	1	22451
112.34	0.8	NonTarget	1	22468
112.42	0.8	NonTarget	1	22484
112.505	0.8	NonTarget	1	22501
112.59	0.8	Target	2	22518
112.67	0.8	NonTarget	1	22534
112.755	0.8	NonTarget	1	22551
112.84	0.8	NonTarget	1	22568
112.92	0.8	NonTarget	1	22584
113.005	0.8	NonTarget	1	22601
113.09	0.8	NonTarget	1	22618
113.175	0.8	NonTarget	1	22635
113.255	0.8	NonTarget	1	22651
113.34	0.8	NonTarget	1	22668
113.425	0.8	NonTarget	1	22685
113.505	0.8	NonTarget	1	22701
122.065	0.8	NonTarget	1	24413
122.145	0.8	NonTarget	1	24429
122.23	0.8	NonTarget	1	24446
122.315	0.8	NonTarget	1	24463
122.395	0.8	NonTarget	1	24479
122.48	0.8	NonTarget	1	24496
122.565	0.8	NonTarget	1	24513
122.65	0.8	NonTarget	1	24530
122.73	0.8	NonTarget	1	24546
122.815	0.8	NonTarget	1	24563
122.895	0.8	NonTarget	1	24579
122.98	0.8	NonTarget	1	24596
123.065	0.8	NonTarget	1	24613
123.145	0.8	NonTarget	1	24629
123.23	0.8	NonTarget	1	24646
123.315	0.8	NonTarget	1	24663
123.395	0.8	NonTarget	1	24679
123.48	0.8	NonTarget	1	24696
123.565	0.8	NonTarget	1	24713
123.645	0.8	NonTarget	1	24729
123.73	0.8	NonTarget	1	24746
123.815	0.8	NonTarget	1	24763
123.895	0.8	NonTarget	1	24779
123.98	0.8	NonTarget	1	24796
124.065	0.8	NonTarget	1	24813
124.15	0.8	NonTarget	1	24830
124.23	0.8	NonTarget	1	24846
124.315	0.8	Target	2	24863
124.4	0.8	NonTarget	1	24880
124.485	0.8	NonTarget	1	24897
124.88	0.8	NonTarget	1	24976
124.965	0.8	NonTarget	1	24993
125.05	0.8	NonTarget	1	25010
125.13	0.8	NonTarget	1	25026
125.215	0.8	NonTarget	1	25043
125.3	0.8	NonTarget	1	25060
125.38	0.8	NonTarget	1	25076
125.465	0.8	NonTarget	1	25093
125.55	0.8	NonTarget	1	25110
125.635	0.8	NonTarget	1	25127
125.715	0.8	NonTarget	1	25143
125.8	0.8	NonTarget	1	25160
125.885	0.8	NonTarget	1	25177
125.965	0.8	NonTarget	1	25193
126.05	0.8	NonTarget	1	25210
126.13	0.8	NonTarget	1	25226
126.215	0.8	NonTarget	1	25243
126.3	0.8	NonTarget	1	25260
126.385	0.8	NonTarget	1	25277
126.465	0.8	NonTarget	1	25293
126.55	0.8	NonTarget	1	25310
126.63	0.8	NonTarget	1	25326
126.715	0.8	NonTarget	1	25343
126.8	0.8	NonTarget	1	25360
126.88	0.8	NonTarget	1	25376
126.965	0.8	NonTarget	1	25393
127.05	0.8	NonTarget	1	25410
127.13	0.8	Target	2	25426
127.215	0.8	NonTarget	1	25443
127.3	0.8	NonTarget	1	25460
127.7	0.8	NonTarget	1	25540
127.785	0.8	NonTarget	1	25557
127.87	0.8	NonTarget	1	25574
127.95	0.8	NonTarget	1	25590
128.03	0.8	NonTarget	1	25606
128.12	0.8	NonTarget	1	25624
128.2	0.8	NonTarget	1	25640
128.285	0.8	NonTarget	1	25657
128.365	0.8	NonTarget	1	25673
128.45	0.8	NonTarget	1	25690
128.535	0.8	NonTarget	1	25707
128.62	0.8	NonTarget	1	25724
128.7	0.8	NonTarget	1	25740
128.785	0.8	NonTarget	1	25757
128.865	0.8	NonTarget	1	25773
128.95	0.8	NonTarget	1	25790
129.035	0.8	NonTarget	1	25807
129.12	0.8	NonTarget	1	25824
129.2	0.8	NonTarget	1	25840
129.285	0.8	NonTarget	1	25857
129.37	0.8	NonTarget	1	25874
129.45	0.8	NonTarget	1	25890
129.535	0.8	Target	2	25907
129.62	0.8	NonTarget	1	25924
129.7	0.8	NonTarget	1	25940
129.785	0.8	NonTarget	1	25957
129.87	0.8	NonTarget	1	25974
129.95	0.8	NonTarget	1	25990
130.035	0.8	NonTarget	1	26007
130.12	0.8	NonTarget	1	26024
130.52	0.8	NonTarget	1	26104
130.605	0.8	NonTarget	1	26121
130.685	0.8	NonTarget	1	26137
130.77	0.8	NonTarget	1	26154
130.855	0.8	NonTarget	1	26171
130.935	0.8	NonTarget	1	26187
131.02	0.8	NonTarget	1	26204
131.105	0.8	NonTarget	1	26221
131.19	0.8	NonTarget	1	26238
131.27	0.8	NonTarget	1	26254
131.355	0.8	NonTarget	1	26271
131.435	0.8	NonTarget	1	26287
131.52	0.8	NonTarget	1	26304
131.605	0.8	NonTarget	1	26321
131.685	0.8	NonTarget	1	26337
131.77	0.8	NonTarget	1	26354
131.855	0.8	NonTarget	1	26371
131.935	0.8	Target	2	26387
132.02	0.8	NonTarget	1	26404
132.105	0.8	NonTarget	1	26421
132.185	0.8	NonTarget	1	26437
132.27	0.8	NonTarget	1	26454
132.355	0.8	NonTarget	1	26471
132.435	0.8	NonTarget	1	26487
132.52	0.8	NonTarget	1	26504
132.605	0.8	NonTarget	1	26521
132.69	0.8	NonTarget	1	26538
132.77	0.8	NonTarget	1	26554
132.855	0.8	NonTarget	1	26571
132.935	0.8	NonTarget	1	26587
133.335	0.8	NonTarget	1	26667
133.42	0.8	NonTarget	1	26684
133.505	0.8	Target	2	26701
133.59	0.8	NonTarget	1	26718
133.67	0.8	NonTarget	1	26734
133.755	0.8	NonTarget	1	26751
133.84	0.8	NonTarget	1	26768
133.92	0.8	NonTarget	1	26784
134.005	0.8	NonTarget	1	26801
134.09	0.8	NonTarget	1	26818
134.17	0.8	NonTarget	1	26834
134.255	0.8	NonTarget	1	26851
134.34	0.8	NonTarget	1	26868
134.42	0.8	NonTarget	1	26884
134.505	0.8	NonTarget	1	26901
134.59	0.8	NonTarget	1	26918
134.675	0.8	NonTarget	1	26935
134.755	0.8	NonTarget	1	26951
134.84	0.8	NonTarget	1	26968
134.92	0.8	NonTarget	1	26984
135.005	0.8	NonTarget	1	27001
135.09	0.8	NonTarget	1	27018
135.175	0.8	NonTarget	1	27035
135.255	0.8	NonTarget	1	27051
135.34	0.8	NonTarget	1	27068
135.425	0.8	NonTarget	1	27085
135.505	0.8	NonTarget	1	27101
135.59	0.8	NonTarget	1	27118
135.675	0.8	NonTarget	1	27135
135.755	0.8	NonTarget	1	27151
136.155	0.8	NonTarget	1	27231
136.24	0.8	NonTarget	1	27248
136.325	0.8	NonTarget	1	27265
136.405	0.8	NonTarget	1	27281
136.49	0.8	NonTarget	1	27298
136.575	0.8	NonTarget	1	27315
136.655	0.8	NonTarget	1	27331
136.74	0.8	NonTarget	1	27348
136.825	0.8	NonTarget	1	27365
136.905	0.8	NonTarget	1	27381
136.99	0.8	NonTarget	1	27398
137.075	0.8	NonTarget	1	27415
137.155	0.8	NonTarget	1	27431
137.24	0.8	NonTarget	1	27448
137.325	0.8	NonTarget	1	27465
137.41	0.8	NonTarget	1	27482
137.49	0.8	NonTarget	1	27498
137.575	0.8	NonTarget	1	27515
137.66	0.8	NonTarget	1	27532
137.74	0.8	NonTarget	1	27548
137.825	0.8	NonTarget	1	27565
137.91	0.8	NonTarget	1	27582
137.99	0.8	Target	2	27598
138.075	0.8	NonTarget	1	27615
138.155	0.8	NonTarget	1	27631
138.24	0.8	NonTarget	1	27648
138.325	0.8	NonTarget	1	27665
138.41	0.8	NonTarget	1	27682
138.495	0.8	NonTarget	1	27699
138.575	0.8	NonTarget	1	27715
138.975	0.8	NonTarget	1	27795
139.06	0.8	NonTarget	1	27812
139.14	0.8	NonTarget	1	27828
139.225	0.8	NonTarget	1	27845
139.31	0.8	NonTarget	1	27862
139.395	0.8	NonTarget	1	27879
139.475	0.8	NonTarget	1	27895
139.56	0.8	NonTarget	1	27912
139.645	0.8	NonTarget	1	27929
139.725	0.8	NonTarget	1	27945
139.81	0.8	NonTarget	1	27962
139.89	0.8	NonTarget	1	27978
139.975	0.8	NonTarget	1	27995
140.06	0.8	NonTarget	1	28012
140.14	0.8	NonTarget	1	28028
140.225	0.8	NonTarget	1	28045
140.31	0.8	NonTarget	1	28062
140.395	0.8	NonTarget	1	28079
140.475	0.8	NonTarget	1	28095
140.56	0.8	NonTarget	1	28112
140.645	0.8	NonTarget	1	28129
140.725	0.8	NonTarget	1	28145
140.81	0.8	NonTarget	1	28162
140.895	0.8	NonTarget	1	28179
140.98	0.8	NonTarget	1	28196
141.06	0.8	NonTarget	1	28212
141.145	0.8	NonTarget	1	28229
141.225	0.8	Target	2	28245
141.31	0.8	NonTarget	1	28262
141.395	0.8	NonTarget	1	28279
141.795	0.8	NonTarget	1	28359
141.88	0.8	NonTarget	1	28376
141.96	0.8	NonTarget	1	28392
142.045	0.8	NonTarget	1	28409
142.125	0.8	NonTarget	1	28425
142.215	0.8	NonTarget	1	28443
142.295	0.8	NonTarget	1	28459
142.375	0.8	NonTarget	1	28475
142.46	0.8	NonTarget	1	28492
142.545	0.8	NonTarget	1	28509
142.625	0.8	NonTarget	1	28525
142.71	0.8	NonTarget	1	28542
142.795	0.8	NonTarget	1	28559
142.88	0.8	NonTarget	1	28576
142.96	0.8	NonTarget	1	28592
143.045	0.8	NonTarget	1	28609
143.13	0.8	NonTarget	1	28626
143.21	0.8	NonTarget	1	28642
143.295	0.8	NonTarget	1	28659
143.38	0.8	NonTarget	1	28676
143.46	0.8	NonTarget	1	28692
143.545	0.8	NonTarget	1	28709
143.63	0.8	NonTarget	1	28726
143.715	0.8	NonTarget	1	28743
143.795	0.8	NonTarget	1	28759
143.88	0.8	NonTarget	1	28776
143.96	0.8	NonTarget	1	28792
144.045	0.8	Target	2	28809
144.13	0.8	NonTarget	1	28826
144.215	0.8	NonTarget	1	28843
144.61	0.8	NonTarget	1	28922
144.695	0.8	NonTarget	1	28939
144.78	0.8	NonTarget	1	28956
144.865	0.8	NonTarget	1	28973
144.945	0.8	NonTarget	1	28989
145.03	0.8	NonTarget	1	29006
145.115	0.8	NonTarget	1	29023
145.2	0.8	NonTarget	1	29040
145.28	0.8	NonTarget	1	29056
145.36	0.8	NonTarget	1	29072
145.445	0.8	NonTarget	1	29089
145.53	0.8	NonTarget	1	29106
145.615	0.8	NonTarget	1	29123
145.695	0.8	NonTarget	1	29139
145.78	0.8	NonTarget	1	29156
145.865	0.8	NonTarget	1	29173
145.95	0.8	NonTarget	1	29190
146.03	0.8	NonTarget	1	29206
146.115	0.8	NonTarget	1	29223
146.2	0.8	NonTarget	1	29240
146.28	0.8	NonTarget	1	29256
146.365	0.8	NonTarget	1	29273
146.445	0.8	NonTarget	1	29289
146.53	0.8	NonTarget	1	29306
146.615	0.8	NonTarget	1	29323
146.7	0.8	NonTarget	1	29340
146.78	0.8	NonTarget	1	29356
146.865	0.8	Target	2	29373
146.95	0.8	NonTarget	1	29390
147.03	0.8	NonTarget	1	29406
147.43	0.8	NonTarget	1	29486
147.515	0.8	NonTarget	1	29503
147.6	0.8	NonTarget	1	29520
147.68	0.8	NonTarget	1	29536
147.765	0.8	NonTarget	1	29553
147.85	0.8	NonTarget	1	29570
147.935	0.8	NonTarget	1	29587
148.015	0.8	NonTarget	1	29603
148.1	0.8	NonTarget	1	29620
148.18	0.8	NonTarget	1	29636
148.265	0.8	NonTarget	1	29653
148.35	0.8	NonTarget	1	29670
148.435	0.8	NonTarget	1	29687
148.515	0.8	NonTarget	1	29703
148.6	0.8	NonTarget	1	29720
148.68	0.8	NonTarget	1	29736
148.765	0.8	NonTarget	1	29753
148.85	0.8	NonTarget	1	29770
148.935	0.8	NonTarget	1	29787
149.015	0.8	NonTarget	1	29803
149.1	0.8	NonTarget	1	29820
149.18	0.8	NonTarget	1	29836
149.265	0.8	Target	2	29853
149.35	0.8	NonTarget	1	29870
149.43	0.8	NonTarget	1	29886
149.515	0.8	NonTarget	1	29903
149.6	0.8	NonTarget	1	29920
149.685	0.8	NonTarget	1	29937
149.765	0.8	NonTarget	1	29953
149.85	0.8	NonTarget	1	29970
158.41	0.8	NonTarget	1	31682
158.49	0.8	NonTarget	1	31698
158.57	0.8	NonTarget	1	31714
158.655	0.8	NonTarget	1	31731
158.74	0.8	NonTarget	1	31748
158.825	0.8	NonTarget	1	31765
158.905	0.8	NonTarget	1	31781
158.99	0.8	Target	2	31798
159.075	0.8	NonTarget	1	31815
159.155	0.8	NonTarget	1	31831
159.24	0.8	NonTarget	1	31848
159.325	0.8	NonTarget	1	31865
159.405	0.8	NonTarget	1	31881
159.49	0.8	NonTarget	1	31898
159.575	0.8	NonTarget	1	31915
159.655	0.8	NonTarget	1	31931
159.74	0.8	NonTarget	1	31948
159.825	0.8	NonTarget	1	31965
159.91	0.8	NonTarget	1	31982
159.99	0.8	NonTarget	1	31998
160.075	0.8	NonTarget	1	32015
160.155	0.8	NonTarget	1	32031
160.245	0.8	NonTarget	1	32049
160.325	0.8	NonTarget	1	32065
160.41	0.8	NonTarget	1	32082
160.49	0.8	NonTarget	1	32098
160.575	0.8	NonTarget	1	32115
160.66	0.8	NonTarget	1	32132
160.74	0.8	NonTarget	1	32148
160.825	0.8	NonTarget	1	32165
161.225	0.8	NonTarget	1	32245
161.31	0.8	NonTarget	1	32262
161.395	0.8	NonTarget	1	32279
161.475	0.8	NonTarget	1	32295
161.56	0.8	NonTarget	1	32312
161.64	0.8	NonTarget	1	32328
161.725	0.8	NonTarget	1	32345
161.81	0.8	NonTarget	1	32362
161.895	0.8	NonTarget	1	32379
161.975	0.8	NonTarget	1	32395
162.06	0.8	NonTarget	1	32412
162.145	0.8	NonTarget	1	32429
162.225	0.8	NonTarget	1	32445
162.31	0.8	NonTarget	1	32462
162.395	0.8	NonTarget	1	32479
162.475	0.8	NonTarget	1	32495
162.56	0.8	NonTarget	1	32512
162.64	0.8	NonTarget	1	32528
162.725	0.8	NonTarget	1	32545
162.81	0.8	NonTarget	1	32562
162.895	0.8	NonTarget	1	32579
162.975	0.8	NonTarget	1	32595
163.06	0.8	Target	2	32612
163.145	0.8	NonTarget	1	32629
163.225	0.8	NonTarget	1	32645
163.31	0.8	NonTarget	1	32662
163.39	0.8	NonTarget	1	32678
163.475	0.8	NonTarget	1	32695
163.56	0.8	NonTarget	1	32712
163.645	0.8	NonTarget	1	32729
164.045	0.8	NonTarget	1	32809
164.13	0.8	NonTarget	1	32826
164.21	0.8	NonTarget	1	32842
164.295	0.8	NonTarget	1	32859
164.375	0.8	NonTarget	1	32875
164.46	0.8	NonTarget	1	32892
164.545	0.8	NonTarget	1	32909
164.63	0.8	NonTarget	1	32926
164.71	0.8	NonTarget	1	32942
164.795	0.8	NonTarget	1	32959
164.88	0.8	NonTarget	1	32976
164.96	0.8	NonTarget	1	32992
165.045	0.8	NonTarget	1	33009
165.13	0.8	NonTarget	1	33026
165.21	0.8	NonTarget	1	33042
165.295	0.8	NonTarget	1	33059
165.38	0.8	NonTarget	1	33076
165.46	0.8	Target	2	33092
165.545	0.8	NonTarget	1	33109
165.63	0.8	NonTarget	1	33126
165.71	0.8	NonTarget	1	33142
165.795	0.8	NonTarget	1	33159
165.88	0.8	NonTarget	1	33176
165.96	0.8	NonTarget	1	33192
166.045	0.8	NonTarget	1	33209
166.13	0.8	NonTarget	1	33226
166.21	0.8	NonTarget	1	33242
166.295	0.8	NonTarget	1	33259
166.38	0.8	NonTarget	1	33276
166.465	0.8	NonTarget	1	33293
166.86	0.8	NonTarget	1	33372
166.945	0.8	NonTarget	1	33389
167.03	0.8	NonTarget	1	33406
167.115	0.8	NonTarget	1	33423
167.195	0.8	NonTarget	1	33439
167.28	0.8	NonTarget	1	33456
167.365	0.8	NonTarget	1	33473
167.445	0.8	NonTarget	1	33489
167.53	0.8	NonTarget	1	33506
167.61	0.8	NonTarget	1	33522
167.695	0.8	NonTarget	1	33539
167.78	0.8	NonTarget	1	33556
167.86	0.8	NonTarget	1	33572
167.945	0.8	NonTarget	1	33589
168.03	0.8	NonTarget	1	33606
168.115	0.8	NonTarget	1	33623
168.195	0.8	NonTarget	1	33639
168.28	0.8	NonTarget	1	33656
168.365	0.8	NonTarget	1	33673
168.445	0.8	NonTarget	1	33689
168.53	0.8	NonTarget	1	33706
168.61	0.8	NonTarget	1	33722
168.7	0.8	Target	2	33740
168.78	0.8	NonTarget	1	33756
168.865	0.8	NonTarget	1	33773
168.95	0.8	NonTarget	1	33790
169.03	0.8	NonTarget	1	33806
169.115	0.8	NonTarget	1	33823
169.2	0.8	NonTarget	1	33840
169.285	0.8	NonTarget	1	33857
169.68	0.8	NonTarget	1	33936
169.765	0.8	NonTarget	1	33953
169.85	0.8	NonTarget	1	33970
169.93	0.8	NonTarget	1	33986
170.015	0.8	NonTarget	1	34003
170.1	0.8	NonTarget	1	34020
170.18	0.8	NonTarget	1	34036
170.265	0.8	NonTarget	1	34053
170.35	0.8	NonTarget	1	34070
170.435	0.8	NonTarget	1	34087
170.515	0.8	NonTarget	1	34103
170.6	0.8	NonTarget	1	34120
170.685	0.8	NonTarget	1	34137
170.765	0.8	NonTarget	1	34153
170.85	0.8	NonTarget	1	34170
170.93	0.8	NonTarget	1	34186
171.015	0.8	NonTarget	1	34203
171.1	0.8	NonTarget	1	34220
171.185	0.8	NonTarget	1	34237
171.265	0.8	NonTarget	1	34253
171.35	0.8	NonTarget	1	34270
171.43	0.8	NonTarget	1	34286
171.515	0.8	Target	2	34303
171.6	0.8	NonTarget	1	34320
171.68	0.8	NonTarget	1	34336
171.765	0.8	NonTarget	1	34353
171.85	0.8	NonTarget	1	34370
171.93	0.8	NonTarget	1	34386
172.015	0.8	NonTarget	1	34403
172.1	0.8	NonTarget	1	34420
172.5	0.8	NonTarget	1	34500
172.585	0.8	NonTarget	1	34517
172.67	0.8	Target	2	34534
172.75	0.8	NonTarget	1	34550
172.83	0.8	NonTarget	1	34566
172.915	0.8	NonTarget	1	34583
173.0	0.8	NonTarget	1	34600
173.085	0.8	NonTarget	1	34617
173.165	0.8	NonTarget	1	34633
173.25	0.8	NonTarget	1	34650
173.335	0.8	NonTarget	1	34667
173.415	0.8	NonTarget	1	34683
173.5	0.8	NonTarget	1	34700
173.585	0.8	NonTarget	1	34717
173.67	0.8	NonTarget	1	34734
173.75	0.8	NonTarget	1	34750
173.835	0.8	NonTarget	1	34767
173.915	0.8	NonTarget	1	34783
174.0	0.8	NonTarget	1	34800
174.085	0.8	NonTarget	1	34817
174.165	0.8	NonTarget	1	34833
174.25	0.8	NonTarget	1	34850
174.335	0.8	NonTarget	1	34867
174.42	0.8	NonTarget	1	34884
174.5	0.8	NonTarget	1	34900
174.585	0.8	NonTarget	1	34917
174.67	0.8	NonTarget	1	34934
174.75	0.8	NonTarget	1	34950
174.835	0.8	NonTarget	1	34967
174.92	0.8	NonTarget	1	34984
175.32	0.8	NonTarget	1	35064
175.405	0.8	NonTarget	1	35081
175.49	0.8	NonTarget	1	35098
175.57	0.8	NonTarget	1	35114
175.655	0.8	NonTarget	1	35131
175.735	0.8	NonTarget	1	35147
175.82	0.8	NonTarget	1	35164
175.905	0.8	NonTarget	1	35181
175.985	0.8	NonTarget	1	35197
176.07	0.8	NonTarget	1	35214
176.155	0.8	NonTarget	1	35231
176.235	0.8	NonTarget	1	35247
176.32	0.8	NonTarget	1	35264
176.405	0.8	NonTarget	1	35281
176.49	0.8	NonTarget	1	35298
176.57	0.8	NonTarget	1	35314
176.65	0.8	NonTarget	1	35330
176.735	0.8	NonTarget	1	35347
176.82	0.8	NonTarget	1	35364
176.9	0.8	NonTarget	1	35380
176.985	0.8	NonTarget	1	35397
177.09	0.8	NonTarget	1	35418
177.17	0.8	Target	2	35434
177.255	0.8	NonTarget	1	35451
177.335	0.8	NonTarget	1	35467
177.42	0.8	NonTarget	1	35484
177.505	0.8	NonTarget	1	35501
177.585	0.8	NonTarget	1	35517
177.675	0.8	NonTarget	1	35535
177.755	0.8	NonTarget	1	35551
178.155	0.8	NonTarget	1	35631
178.24	0.8	NonTarget	1	35648
178.32	0.8	NonTarget	1	35664
178.405	0.8	NonTarget	1	35681
178.49	0.8	NonTarget	1	35698
178.57	0.8	NonTarget	1	35714
178.655	0.8	NonTarget	1	35731
178.735	0.8	NonTarget	1	35747
178.82	0.8	NonTarget	1	35764
178.905	0.8	NonTarget	1	35781
178.985	0.8	NonTarget	1	35797
179.07	0.8	NonTarget	1	35814
179.155	0.8	Target	2	35831
179.24	0.8	NonTarget	1	35848
179.32	0.8	NonTarget	1	35864
179.405	0.8	NonTarget	1	35881
179.49	0.8	NonTarget	1	35898
179.575	0.8	NonTarget	1	35915
179.655	0.8	NonTarget	1	35931
179.74	0.8	NonTarget	1	35948
179.82	0.8	NonTarget	1	35964
179.905	0.8	NonTarget	1	35981
179.99	0.8	NonTarget	1	35998
180.075	0.8	NonTarget	1	36015
180.155	0.8	NonTarget	1	36031
180.24	0.8	NonTarget	1	36048
180.325	0.8	NonTarget	1	36065
180.41	0.8	NonTarget	1	36082
180.49	0.8	NonTarget	1	36098
180.575	0.8	NonTarget	1	36115
180.97	0.8	NonTarget	1	36194
181.055	0.8	NonTarget	1	36211
181.14	0.8	NonTarget	1	36228
181.225	0.8	NonTarget	1	36245
181.305	0.8	NonTarget	1	36261
181.39	0.8	NonTarget	1	36278
181.475	0.8	NonTarget	1	36295
181.555	0.8	NonTarget	1	36311
181.64	0.8	NonTarget	1	36328
181.725	0.8	NonTarget	1	36345
181.805	0.8	NonTarget	1	36361
181.89	0.8	NonTarget	1	36378
181.975	0.8	NonTarget	1	36395
182.055	0.8	NonTarget	1	36411
182.145	0.8	NonTarget	1	36429
182.225	0.8	NonTarget	1	36445
182.31	0.8	NonTarget	1	36462
182.39	0.8	NonTarget	1	36478
182.475	0.8	NonTarget	1	36495
182.555	0.8	NonTarget	1	36511
182.64	0.8	NonTarget	1	36528
182.725	0.8	NonTarget	1	36545
182.805	0.8	NonTarget	1	36561
182.89	0.8	NonTarget	1	36578
182.975	0.8	NonTarget	1	36595
183.055	0.8	NonTarget	1	36611
183.14	0.8	NonTarget	1	36628
183.225	0.8	Target	2	36645
183.31	0.8	NonTarget	1	36662
183.39	0.8	NonTarget	1	36678
183.79	0.8	NonTarget	1	36758
183.875	0.8	NonTarget	1	36775
183.96	0.8	NonTarget	1	36792
184.04	0.8	NonTarget	1	36808
184.125	0.8	NonTarget	1	36825
184.21	0.8	NonTarget	1	36842
184.295	0.8	NonTarget	1	36859
184.375	0.8	NonTarget	1	36875
184.46	0.8	NonTarget	1	36892
184.545	0.8	NonTarget	1	36909
184.625	0.8	NonTarget	1	36925
184.71	0.8	NonTarget	1	36942
184.795	0.8	NonTarget	1	36959
184.875	0.8	NonTarget	1	36975
184.96	0.8	NonTarget	1	36992
185.045	0.8	NonTarget	1	37009
185.125	0.8	NonTarget	1	37025
185.21	0.8	Target	2	37042
185.295	0.8	NonTarget	1	37059
185.375	0.8	NonTarget	1	37075
185.46	0.8	NonTarget	1	37092
185.545	0.8	NonTarget	1	37109
185.625	0.8	NonTarget	1	37125
185.71	0.8	NonTarget	1	37142
185.795	0.8	NonTarget	1	37159
185.875	0.8	NonTarget	1	37175
185.96	0.8	NonTarget	1	37192
186.045	0.8	NonTarget	1	37209
186.125	0.8	NonTarget	1	37225
186.21	0.8	NonTarget	1	37242
194.77	0.8	NonTarget	1	38954
194.85	0.8	NonTarget	1	38970
194.935	0.8	NonTarget	1	38987
195.015	0.8	NonTarget	1	39003
195.1	0.8	NonTarget	1	39020
195.185	0.8	NonTarget	1	39037
195.265	0.8	NonTarget	1	39053
195.35	0.8	NonTarget	1	39070
195.435	0.8	NonTarget	1	39087
195.52	0.8	NonTarget	1	39104
195.6	0.8	NonTarget	1	39120
195.685	0.8	NonTarget	1	39137
195.77	0.8	NonTarget	1	39154
195.85	0.8	NonTarget	1	39170
195.935	0.8	NonTarget	1	39187
196.015	0.8	NonTarget	1	39203
196.1	0.8	NonTarget	1	39220
196.185	0.8	NonTarget	1	39237
196.265	0.8	NonTarget	1	39253
196.35	0.8	NonTarget	1	39270
196.435	0.8	NonTarget	1	39287
196.52	0.8	NonTarget	1	39304
196.6	0.8	NonTarget	1	39320
196.685	0.8	NonTarget	1	39337
196.77	0.8	NonTarget	1	39354
196.85	0.8	NonTarget	1	39370
196.935	0.8	NonTarget	1	39387
197.02	0.8	Target	2	39404
197.1	0.8	NonTarget	1	39420
197.185	0.8	NonTarget	1	39437
197.585	0.8	NonTarget	1	39517
197.67	0.8	NonTarget	1	39534
197.75	0.8	NonTarget	1	39550
197.835	0.8	NonTarget	1	39567
197.92	0.8	NonTarget	1	39584
198.0	0.8	NonTarget	1	39600
198.085	0.8	NonTarget	1	39617
198.165	0.8	NonTarget	1	39633
198.255	0.8	NonTarget	1	39651
198.335	0.8	NonTarget	1	39667
198.42	0.8	NonTarget	1	39684
198.505	0.8	NonTarget	1	39701
198.585	0.8	NonTarget	1	39717
198.67	0.8	NonTarget	1	39734
198.755	0.8	NonTarget	1	39751
198.835	0.8	NonTarget	1	39767
198.92	0.8	NonTarget	1	39784
199.005	0.8	NonTarget	1	39801
199.085	0.8	NonTarget	1	39817
199.17	0.8	NonTarget	1	39834
199.255	0.8	NonTarget	1	39851
199.335	0.8	NonTarget	1	39867
199.42	0.8	Target	2	39884
199.505	0.8	NonTarget	1	39901
199.585	0.8	NonTarget	1	39917
199.67	0.8	NonTarget	1	39934
199.755	0.8	NonTarget	1	39951
199.835	0.8	NonTarget	1	39967
199.92	0.8	NonTarget	1	39984
200.005	0.8	NonTarget	1	40001
200.405	0.8	NonTarget	1	40081
200.49	0.8	NonTarget	1	40098
200.575	0.8	NonTarget	1	40115
200.655	0.8	NonTarget	1	40131
200.735	0.8	NonTarget	1	40147
200.82	0.8	NonTarget	1	40164
200.905	0.8	NonTarget	1	40181
200.99	0.8	NonTarget	1	40198
201.07	0.8	NonTarget	1	40214
201.155	0.8	NonTarget	1	40231
201.235	0.8	NonTarget	1	40247
201.32	0.8	NonTarget	1	40264
201.405	0.8	Target	2	40281
201.49	0.8	NonTarget	1	40298
201.57	0.8	NonTarget	1	40314
201.655	0.8	NonTarget	1	40331
201.74	0.8	NonTarget	1	40348
201.825	0.8	NonTarget	1	40365
201.905	0.8	NonTarget	1	40381
201.99	0.8	NonTarget	1	40398
202.07	0.8	NonTarget	1	40414
202.155	0.8	NonTarget	1	40431
202.24	0.8	NonTarget	1	40448
202.325	0.8	NonTarget	1	40465
202.41	0.8	NonTarget	1	40482
202.49	0.8	NonTarget	1	40498
202.575	0.8	NonTarget	1	40515
202.655	0.8	NonTarget	1	40531
202.74	0.8	NonTarget	1	40548
202.825	0.8	NonTarget	1	40565
203.225	0.8	NonTarget	1	40645
203.305	0.8	NonTarget	1	40661
203.39	0.8	NonTarget	1	40678
203.475	0.8	NonTarget	1	40695
203.555	0.8	NonTarget	1	40711
203.64	0.8	NonTarget	1	40728
203.72	0.8	NonTarget	1	40744
203.805	0.8	NonTarget	1	40761
203.89	0.8	NonTarget	1	40778
203.975	0.8	NonTarget	1	40795
204.055	0.8	NonTarget	1	40811
204.14	0.8	NonTarget	1	40828
204.225	0.8	Target	2	40845
204.305	0.8	NonTarget	1	40861
204.39	0.8	NonTarget	1	40878
204.475	0.8	NonTarget	1	40895
204.56	0.8	NonTarget	1	40912
204.64	0.8	NonTarget	1	40928
204.725	0.8	NonTarget	1	40945
204.81	0.8	NonTarget	1	40962
204.89	0.8	NonTarget	1	40978
204.975	0.8	NonTarget	1	40995
205.055	0.8	NonTarget	1	41011
205.14	0.8	NonTarget	1	41028
205.225	0.8	NonTarget	1	41045
205.31	0.8	NonTarget	1	41062
205.39	0.8	NonTarget	1	41078
205.475	0.8	NonTarget	1	41095
205.56	0.8	NonTarget	1	41112
205.64	0.8	NonTarget	1	41128
206.04	0.8	NonTarget	1	41208
206.125	0.8	NonTarget	1	41225
206.21	0.8	NonTarget	1	41242
206.29	0.8	NonTarget	1	41258
206.375	0.8	NonTarget	1	41275
206.46	0.8	NonTarget	1	41292
206.54	0.8	NonTarget	1	41308
206.625	0.8	Target	2	41325
206.71	0.8	NonTarget	1	41342
206.795	0.8	NonTarget	1	41359
206.875	0.8	NonTarget	1	41375
206.96	0.8	NonTarget	1	41392
207.045	0.8	NonTarget	1	41409
207.125	0.8	NonTarget	1	41425
207.21	0.8	NonTarget	1	41442
207.29	0.8	NonTarget	1	41458
207.375	0.8	NonTarget	1	41475
207.46	0.8	NonTarget	1	41492
207.545	0.8	NonTarget	1	41509
207.63	0.8	NonTarget	1	41526
207.71	0.8	NonTarget	1	41542
207.795	0.8	NonTarget	1	41559
207.875	0.8	NonTarget	1	41575
207.96	0.8	NonTarget	1	41592
208.04	0.8	NonTarget	1	41608
208.125	0.8	NonTarget	1	41625
208.21	0.8	NonTarget	1	41642
208.295	0.8	NonTarget	1	41659
208.375	0.8	NonTarget	1	41675
208.46	0.8	NonTarget	1	41692
208.86	0.8	NonTarget	1	41772
208.94	0.8	NonTarget	1	41788
209.025	0.8	NonTarget	1	41805
209.11	0.8	NonTarget	1	41822
209.195	0.8	NonTarget	1	41839
209.28	0.8	NonTarget	1	41856
209.36	0.8	NonTarget	1	41872
209.445	0.8	NonTarget	1	41889
209.53	0.8	NonTarget	1	41906
209.61	0.8	NonTarget	1	41922
209.695	0.8	NonTarget	1	41939
209.78	0.8	NonTarget	1	41956
209.86	0.8	NonTarget	1	41972
209.945	0.8	NonTarget	1	41989
210.025	0.8	NonTarget	1	42005
210.11	0.8	NonTarget	1	42022
210.195	0.8	NonTarget	1	42039
210.28	0.8	NonTarget	1	42056
210.36	0.8	NonTarget	1	42072
210.445	0.8	NonTarget	1	42089
210.53	0.8	NonTarget	1	42106
210.61	0.8	NonTarget	1	42122
210.695	0.8	Target	2	42139
210.78	0.8	NonTarget	1	42156
210.865	0.8	NonTarget	1	42173
210.945	0.8	NonTarget	1	42189
211.03	0.8	NonTarget	1	42206
211.115	0.8	NonTarget	1	42223
211.195	0.8	NonTarget	1	42239
211.28	0.8	NonTarget	1	42256
211.68	0.8	NonTarget	1	42336
211.765	0.8	NonTarget	1	42353
211.845	0.8	NonTarget	1	42369
211.93	0.8	NonTarget	1	42386
212.01	0.8	NonTarget	1	42402
212.095	0.8	NonTarget	1	42419
212.18	0.8	NonTarget	1	42436
212.26	0.8	NonTarget	1	42452
212.345	0.8	NonTarget	1	42469
212.43	0.8	NonTarget	1	42486
212.515	0.8	NonTarget	1	42503
212.595	0.8	NonTarget	1	42519
212.68	0.8	Target	2	42536
212.765	0.8	NonTarget	1	42553
212.845	0.8	NonTarget	1	42569
212.93	0.8	NonTarget	1	42586
213.015	0.8	NonTarget	1	42603
213.1	0.8	NonTarget	1	42620
213.18	0.8	NonTarget	1	42636
213.265	0.8	NonTarget	1	42653
213.345	0.8	NonTarget	1	42669
213.43	0.8	NonTarget	1	42686
213.515	0.8	NonTarget	1	42703
213.595	0.8	NonTarget	1	42719
213.68	0.8	NonTarget	1	42736
213.765	0.8	NonTarget	1	42753
213.845	0.8	NonTarget	1	42769
213.93	0.8	NonTarget	1	42786
214.015	0.8	NonTarget	1	42803
214.1	0.8	NonTarget	1	42820
214.5	0.8	NonTarget	1	42900
214.58	0.8	NonTarget	1	42916
214.665	0.8	NonTarget	1	42933
214.75	0.8	NonTarget	1	42950
214.83	0.8	NonTarget	1	42966
214.915	0.8	NonTarget	1	42983
215.0	0.8	NonTarget	1	43000
215.085	0.8	NonTarget	1	43017
215.165	0.8	NonTarget	1	43033
215.245	0.8	NonTarget	1	43049
215.335	0.8	NonTarget	1	43067
215.415	0.8	NonTarget	1	43083
215.5	0.8	Target	2	43100
215.58	0.8	NonTarget	1	43116
215.665	0.8	NonTarget	1	43133
215.75	0.8	NonTarget	1	43150
215.83	0.8	NonTarget	1	43166
215.915	0.8	NonTarget	1	43183
216.0	0.8	NonTarget	1	43200
216.085	0.8	NonTarget	1	43217
216.165	0.8	NonTarget	1	43233
216.25	0.8	NonTarget	1	43250
216.33	0.8	NonTarget	1	43266
216.415	0.8	NonTarget	1	43283
216.5	0.8	NonTarget	1	43300
216.585	0.8	NonTarget	1	43317
216.665	0.8	NonTarget	1	43333
216.75	0.8	NonTarget	1	43350
216.835	0.8	NonTarget	1	43367
216.915	0.8	NonTarget	1	43383
217.315	0.8	NonTarget	1	43463
217.4	0.8	NonTarget	1	43480
217.485	0.8	Target	2	43497
217.57	0.8	NonTarget	1	43514
217.65	0.8	NonTarget	1	43530
217.735	0.8	NonTarget	1	43547
217.815	0.8	NonTarget	1	43563
217.9	0.8	NonTarget	1	43580
217.985	0.8	NonTarget	1	43597
218.065	0.8	NonTarget	1	43613
218.15	0.8	NonTarget	1	43630
218.235	0.8	NonTarget	1	43647
218.32	0.8	NonTarget	1	43664
218.4	0.8	NonTarget	1	43680
218.485	0.8	NonTarget	1	43697
218.57	0.8	NonTarget	1	43714
218.65	0.8	NonTarget	1	43730
218.735	0.8	NonTarget	1	43747
218.82	0.8	NonTarget	1	43764
218.905	0.8	NonTarget	1	43781
218.985	0.8	NonTarget	1	43797
219.07	0.8	NonTarget	1	43814
219.15	0.8	NonTarget	1	43830
219.235	0.8	NonTarget	1	43847
219.32	0.8	NonTarget	1	43864
219.405	0.8	NonTarget	1	43881
219.485	0.8	NonTarget	1	43897
219.57	0.8	NonTarget	1	43914
219.65	0.8	NonTarget	1	43930
219.735	0.8	NonTarget	1	43947
220.135	0.8	NonTarget	1	44027
220.22	0.8	NonTarget	1	44044
220.305	0.8	NonTarget	1	44061
220.385	0.8	NonTarget	1	44077
220.47	0.8	NonTarget	1	44094
220.555	0.8	NonTarget	1	44111
220.635	0.8	NonTarget	1	44127
220.72	0.8	Target	2	44144
220.805	0.8	NonTarget	1	44161
220.885	0.8	NonTarget	1	44177
220.97	0.8	NonTarget	1	44194
221.055	0.8	NonTarget	1	44211
221.135	0.8	NonTarget	1	44227
221.22	0.8	NonTarget	1	44244
221.305	0.8	NonTarget	1	44261
221.385	0.8	NonTarget	1	44277
221.47	0.8	NonTarget	1	44294
221.555	0.8	NonTarget	1	44311
221.635	0.8	NonTarget	1	44327
221.72	0.8	NonTarget	1	44344
221.805	0.8	NonTarget	1	44361
221.885	0.8	NonTarget	1	44377
221.97	0.8	NonTarget	1	44394
222.055	0.8	NonTarget	1	44411
222.135	0.8	NonTarget	1	44427
222.22	0.8	NonTarget	1	44444
222.305	0.8	NonTarget	1	44461
222.39	0.8	NonTarget	1	44478
222.47	0.8	NonTarget	1	44494
222.555	0.8	NonTarget	1	44511
231.115	0.8	NonTarget	1	46223
231.195	0.8	NonTarget	1	46239
231.28	0.8	NonTarget	1	46256
231.365	0.8	NonTarget	1	46273
231.445	0.8	NonTarget	1	46289
231.53	0.8	NonTarget	1	46306
231.61	0.8	NonTarget	1	46322
231.695	0.8	Target	2	46339
231.78	0.8	NonTarget	1	46356
231.86	0.8	NonTarget	1	46372
231.945	0.8	NonTarget	1	46389
232.03	0.8	NonTarget	1	46406
232.11	0.8	NonTarget	1	46422
232.195	0.8	NonTarget	1	46439
232.28	0.8	NonTarget	1	46456
232.36	0.8	NonTarget	1	46472
232.445	0.8	NonTarget	1	46489
232.53	0.8	NonTarget	1	46506
232.61	0.8	NonTarget	1	46522
232.695	0.8	NonTarget	1	46539
232.78	0.8	NonTarget	1	46556
232.86	0.8	NonTarget	1	46572
232.945	0.8	NonTarget	1	46589
233.03	0.8	NonTarget	1	46606
233.11	0.8	NonTarget	1	46622
233.195	0.8	NonTarget	1	46639
233.28	0.8	NonTarget	1	46656
233.365	0.8	NonTarget	1	46673
233.445	0.8	NonTarget	1	46689
233.53	0.8	NonTarget	1	46706
233.93	0.8	NonTarget	1	46786
234.015	0.8	NonTarget	1	46803
234.095	0.8	NonTarget	1	46819
234.18	0.8	NonTarget	1	46836
234.265	0.8	NonTarget	1	46853
234.35	0.8	NonTarget	1	46870
234.43	0.8	NonTarget	1	46886
234.515	0.8	NonTarget	1	46903
234.595	0.8	NonTarget	1	46919
234.68	0.8	NonTarget	1	46936
234.765	0.8	NonTarget	1	46953
234.845	0.8	NonTarget	1	46969
234.93	0.8	NonTarget	1	46986
235.015	0.8	NonTarget	1	47003
235.1	0.8	NonTarget	1	47020
235.18	0.8	NonTarget	1	47036
235.265	0.8	NonTarget	1	47053
235.345	0.8	Target	2	47069
235.43	0.8	NonTarget	1	47086
235.515	0.8	NonTarget	1	47103
235.595	0.8	NonTarget	1	47119
235.68	0.8	NonTarget	1	47136
235.765	0.8	NonTarget	1	47153
235.845	0.8	NonTarget	1	47169
235.93	0.8	NonTarget	1	47186
236.015	0.8	NonTarget	1	47203
236.1	0.8	NonTarget	1	47220
236.18	0.8	NonTarget	1	47236
236.265	0.8	NonTarget	1	47253
236.345	0.8	NonTarget	1	47269
236.75	0.8	NonTarget	1	47350
236.83	0.8	NonTarget	1	47366
236.915	0.8	NonTarget	1	47383
237.0	0.8	NonTarget	1	47400
237.08	0.8	NonTarget	1	47416
237.165	0.8	NonTarget	1	47433
237.25	0.8	NonTarget	1	47450
237.33	0.8	NonTarget	1	47466
237.415	0.8	NonTarget	1	47483
237.5	0.8	NonTarget	1	47500
237.585	0.8	NonTarget	1	47517
237.665	0.8	NonTarget	1	47533
237.75	0.8	NonTarget	1	47550
237.83	0.8	NonTarget	1	47566
237.915	0.8	NonTarget	1	47583
238.0	0.8	NonTarget	1	47600
238.08	0.8	NonTarget	1	47616
238.165	0.8	NonTarget	1	47633
238.25	0.8	NonTarget	1	47650
238.335	0.8	NonTarget	1	47667
238.415	0.8	NonTarget	1	47683
238.5	0.8	NonTarget	1	47700
238.585	0.8	Target	2	47717
238.665	0.8	NonTarget	1	47733
238.75	0.8	NonTarget	1	47750
238.835	0.8	NonTarget	1	47767
238.915	0.8	NonTarget	1	47783
239.0	0.8	NonTarget	1	47800
239.085	0.8	NonTarget	1	47817
239.165	0.8	NonTarget	1	47833
239.565	0.8	NonTarget	1	47913
239.65	0.8	NonTarget	1	47930
239.735	0.8	Target	2	47947
239.82	0.8	NonTarget	1	47964
239.9	0.8	NonTarget	1	47980
239.985	0.8	NonTarget	1	47997
240.07	0.8	NonTarget	1	48014
240.15	0.8	NonTarget	1	48030
240.235	0.8	NonTarget	1	48047
240.32	0.8	NonTarget	1	48064
240.405	0.8	NonTarget	1	48081
240.485	0.8	NonTarget	1	48097
240.57	0.8	NonTarget	1	48114
240.65	0.8	NonTarget	1	48130
240.735	0.8	NonTarget	1	48147
240.82	0.8	NonTarget	1	48164
240.9	0.8	NonTarget	1	48180
240.985	0.8	NonTarget	1	48197
241.07	0.8	NonTarget	1	48214
241.15	0.8	NonTarget	1	48230
241.235	0.8	NonTarget	1	48247
241.32	0.8	NonTarget	1	48264
241.405	0.8	NonTarget	1	48281
241.485	0.8	NonTarget	1	48297
241.57	0.8	NonTarget	1	48314
241.65	0.8	NonTarget	1	48330
241.735	0.8	NonTarget	1	48347
241.82	0.8	NonTarget	1	48364
241.905	0.8	NonTarget	1	48381
241.985	0.8	NonTarget	1	48397
242.385	0.8	NonTarget	1	48477
242.47	0.8	NonTarget	1	48494
242.55	0.8	NonTarget	1	48510
242.635	0.8	NonTarget	1	48527
242.72	0.8	NonTarget	1	48544
242.805	0.8	NonTarget	1	48561
242.885	0.8	NonTarget	1	48577
242.97	0.8	Target	2	48594
243.055	0.8	NonTarget	1	48611
243.135	0.8	NonTarget	1	48627
243.22	0.8	NonTarget	1	48644
243.305	0.8	NonTarget	1	48661
243.385	0.8	NonTarget	1	48677
243.47	0.8	NonTarget	1	48694
243.555	0.8	NonTarget	1	48711
243.635	0.8	NonTarget	1	48727
243.72	0.8	NonTarget	1	48744
243.805	0.8	NonTarget	1	48761
243.885	0.8	NonTarget	1	48777
243.97	0.8	NonTarget	1	48794
244.055	0.8	NonTarget	1	48811
244.135	0.8	NonTarget	1	48827
244.22	0.8	NonTarget	1	48844
244.305	0.8	NonTarget	1	48861
244.385	0.8	NonTarget	1	48877
244.47	0.8	NonTarget	1	48894
244.555	0.8	NonTarget	1	48911
244.64	0.8	NonTarget	1	48928
244.72	0.8	NonTarget	1	48944
244.805	0.8	NonTarget	1	48961
245.205	0.8	NonTarget	1	49041
245.29	0.8	NonTarget	1	49058
245.37	0.8	Target	2	49074
245.455	0.8	NonTarget	1	49091
245.54	0.8	NonTarget	1	49108
245.62	0.8	NonTarget	1	49124
245.705	0.8	NonTarget	1	49141
245.79	0.8	NonTarget	1	49158
245.87	0.8	NonTarget	1	49174
245.955	0.8	NonTarget	1	49191
246.04	0.8	NonTarget	1	49208
246.12	0.8	NonTarget	1	49224
246.205	0.8	NonTarget	1	49241
246.29	0.8	NonTarget	1	49258
246.375	0.8	NonTarget	1	49275
246.455	0.8	NonTarget	1	49291
246.54	0.8	NonTarget	1	49308
246.625	0.8	NonTarget	1	49325
246.705	0.8	NonTarget	1	49341
246.79	0.8	NonTarget	1	49358
246.87	0.8	NonTarget	1	49374
246.955	0.8	NonTarget	1	49391
247.04	0.8	NonTarget	1	49408
247.125	0.8	NonTarget	1	49425
247.205	0.8	NonTarget	1	49441
247.29	0.8	NonTarget	1	49458
247.375	0.8	NonTarget	1	49475
247.455	0.8	NonTarget	1	49491
247.54	0.8	NonTarget	1	49508
247.625	0.8	NonTarget	1	49525
248.025	0.8	NonTarget	1	49605
248.105	0.8	NonTarget	1	49621
248.19	0.8	NonTarget	1	49638
248.275	0.8	NonTarget	1	49655
248.355	0.8	NonTarget	1	49671
248.44	0.8	NonTarget	1	49688
248.525	0.8	NonTarget	1	49705
248.605	0.8	NonTarget	1	49721
248.69	0.8	NonTarget	1	49738
248.775	0.8	NonTarget	1	49755
248.855	0.8	NonTarget	1	49771
248.94	0.8	NonTarget	1	49788
249.025	0.8	NonTarget	1	49805
249.105	0.8	NonTarget	1	49821
249.19	0.8	NonTarget	1	49838
249.275	0.8	NonTarget	1	49855
249.36	0.8	NonTarget	1	49872
249.44	0.8	NonTarget	1	49888
249.525	0.8	NonTarget	1	49905
249.61	0.8	NonTarget	1	49922
249.69	0.8	NonTarget	1	49938
249.775	0.8	NonTarget	1	49955
249.86	0.8	Target	2	49972
249.94	0.8	NonTarget	1	49988
250.025	0.8	NonTarget	1	50005
250.11	0.8	NonTarget	1	50022
250.19	0.8	NonTarget	1	50038
250.275	0.8	NonTarget	1	50055
250.36	0.8	NonTarget	1	50072
250.44	0.8	NonTarget	1	50088
250.84	0.8	NonTarget	1	50168
250.925	0.8	NonTarget	1	50185
251.01	0.8	NonTarget	1	50202
251.09	0.8	NonTarget	1	50218
251.175	0.8	NonTarget	1	50235
251.26	0.8	NonTarget	1	50252
251.345	0.8	NonTarget	1	50269
251.425	0.8	NonTarget	1	50285
251.51	0.8	NonTarget	1	50302
251.59	0.8	NonTarget	1	50318
251.675	0.8	NonTarget	1	50335
251.76	0.8	NonTarget	1	50352
251.845	0.8	NonTarget	1	50369
251.93	0.8	NonTarget	1	50386
252.01	0.8	NonTarget	1	50402
252.095	0.8	NonTarget	1	50419
252.175	0.8	NonTarget	1	50435
252.26	0.8	NonTarget	1	50452
252.345	0.8	NonTarget	1	50469
252.425	0.8	NonTarget	1	50485
252.51	0.8	NonTarget	1	50502
252.595	0.8	NonTarget	1	50519
252.68	0.8	NonTarget	1	50536
252.76	0.8	NonTarget	1	50552
252.845	0.8	NonTarget	1	50569
252.93	0.8	NonTarget	1	50586
253.01	0.8	NonTarget	1	50602
253.095	0.8	Target	2	50619
253.175	0.8	NonTarget	1	50635
253.26	0.8	NonTarget	1	50652
253.66	0.8	NonTarget	1	50732
253.745	0.8	NonTarget	1	50749
253.83	0.8	NonTarget	1	50766
253.91	0.8	NonTarget	1	50782
253.995	0.8	NonTarget	1	50799
254.08	0.8	NonTarget	1	50816
254.16	0.8	NonTarget	1	50832
254.245	0.8	NonTarget	1	50849
254.33	0.8	NonTarget	1	50866
254.41	0.8	NonTarget	1	50882
254.495	0.8	NonTarget	1	50899
254.575	0.8	NonTarget	1	50915
254.66	0.8	NonTarget	1	50932
254.745	0.8	NonTarget	1	50949
254.83	0.8	NonTarget	1	50966
254.91	0.8	NonTarget	1	50982
254.995	0.8	NonTarget	1	50999
255.075	0.8	NonTarget	1	51015
255.16	0.8	NonTarget	1	51032
255.245	0.8	NonTarget	1	51049
255.33	0.8	NonTarget	1	51066
255.41	0.8	NonTarget	1	51082
255.495	0.8	NonTarget	1	51099
255.58	0.8	NonTarget	1	51116
255.66	0.8	NonTarget	1	51132
255.745	0.8	NonTarget	1	51149
255.83	0.8	NonTarget	1	51166
255.915	0.8	Target	2	51183
255.995	0.8	NonTarget	1	51199
256.08	0.8	NonTarget	1	51216
256.48	0.8	NonTarget	1	51296
256.565	0.8	NonTarget	1	51313
256.645	0.8	Target	2	51329
256.73	0.8	NonTarget	1	51346
256.815	0.8	NonTarget	1	51363
256.895	0.8	NonTarget	1	51379
256.98	0.8	NonTarget	1	51396
257.065	0.8	NonTarget	1	51413
257.145	0.8	NonTarget	1	51429
257.23	0.8	NonTarget	1	51446
257.315	0.8	NonTarget	1	51463
257.395	0.8	NonTarget	1	51479
257.48	0.8	NonTarget	1	51496
257.565	0.8	NonTarget	1	51513
257.645	0.8	NonTarget	1	51529
257.73	0.8	NonTarget	1	51546
257.815	0.8	NonTarget	1	51563
257.895	0.8	NonTarget	1	51579
257.98	0.8	NonTarget	1	51596
258.065	0.8	NonTarget	1	51613
258.15	0.8	NonTarget	1	51630
258.23	0.8	NonTarget	1	51646
258.315	0.8	NonTarget	1	51663
258.4	0.8	NonTarget	1	51680
258.48	0.8	NonTarget	1	51696
258.565	0.8	NonTarget	1	51713
258.645	0.8	NonTarget	1	51729
258.73	0.8	NonTarget	1	51746
258.815	0.8	NonTarget	1	51763
258.895	0.8	NonTarget	1	51779
267.46	0.8	NonTarget	1	53492
267.54	0.8	NonTarget	1	53508
267.62	0.8	NonTarget	1	53524
267.705	0.8	NonTarget	1	53541
267.79	0.8	NonTarget	1	53558
267.87	0.8	NonTarget	1	53574
267.955	0.8	NonTarget	1	53591
268.035	0.8	NonTarget	1	53607
268.12	0.8	NonTarget	1	53624
268.205	0.8	NonTarget	1	53641
268.29	0.8	NonTarget	1	53658
268.37	0.8	NonTarget	1	53674
268.455	0.8	NonTarget	1	53691
268.54	0.8	NonTarget	1	53708
268.62	0.8	NonTarget	1	53724
268.705	0.8	NonTarget	1	53741
268.79	0.8	NonTarget	1	53758
268.87	0.8	NonTarget	1	53774
268.955	0.8	NonTarget	1	53791
269.04	0.8	NonTarget	1	53808
269.125	0.8	NonTarget	1	53825
269.205	0.8	NonTarget	1	53841
269.29	0.8	NonTarget	1	53858
269.375	0.8	NonTarget	1	53875
269.46	0.8	Target	2	53892
269.54	0.8	NonTarget	1	53908
269.62	0.8	NonTarget	1	53924
269.705	0.8	NonTarget	1	53941
269.79	0.8	NonTarget	1	53958
269.875	0.8	NonTarget	1	53975
270.275	0.8	NonTarget	1	54055
270.355	0.8	NonTarget	1	54071
270.44	0.8	NonTarget	1	54088
270.525	0.8	NonTarget	1	54105
270.61	0.8	Target	2	54122
270.69	0.8	NonTarget	1	54138
270.775	0.8	NonTarget	1	54155
270.86	0.8	NonTarget	1	54172
270.945	0.8	NonTarget	1	54189
271.02	0.8	NonTarget	1	54204
271.11	0.8	NonTarget	1	54222
271.19	0.8	NonTarget	1	54238
271.275	0.8	NonTarget	1	54255
271.36	0.8	NonTarget	1	54272
271.44	0.8	NonTarget	1	54288
271.525	0.8	NonTarget	1	54305
271.61	0.8	NonTarget	1	54322
271.69	0.8	NonTarget	1	54338
271.775	0.8	NonTarget	1	54355
271.86	0.8	NonTarget	1	54372
271.94	0.8	NonTarget	1	54388
272.025	0.8	NonTarget	1	54405
272.11	0.8	NonTarget	1	54422
272.19	0.8	NonTarget	1	54438
272.275	0.8	NonTarget	1	54455
272.36	0.8	NonTarget	1	54472
272.44	0.8	NonTarget	1	54488
272.525	0.8	NonTarget	1	54505
272.61	0.8	NonTarget	1	54522
272.69	0.8	NonTarget	1	54538
273.09	0.8	NonTarget	1	54618
273.175	0.8	NonTarget	1	54635
273.26	0.8	NonTarget	1	54652
273.345	0.8	NonTarget	1	54669
273.425	0.8	NonTarget	1	54685
273.51	0.8	NonTarget	1	54702
273.595	0.8	NonTarget	1	54719
273.675	0.8	NonTarget	1	54735
273.76	0.8	NonTarget	1	54752
273.845	0.8	Target	2	54769
273.93	0.8	NonTarget	1	54786
274.01	0.8	NonTarget	1	54802
274.095	0.8	NonTarget	1	54819
274.175	0.8	NonTarget	1	54835
274.26	0.8	NonTarget	1	54852
274.34	0.8	NonTarget	1	54868
274.425	0.8	NonTarget	1	54885
274.51	0.8	NonTarget	1	54902
274.595	0.8	NonTarget	1	54919
274.675	0.8	NonTarget	1	54935
274.76	0.8	NonTarget	1	54952
274.845	0.8	NonTarget	1	54969
274.925	0.8	NonTarget	1	54985
275.01	0.8	NonTarget	1	55002
275.095	0.8	NonTarget	1	55019
275.18	0.8	NonTarget	1	55036
275.26	0.8	NonTarget	1	55052
275.345	0.8	NonTarget	1	55069
275.43	0.8	NonTarget	1	55086
275.51	0.8	NonTarget	1	55102
275.91	0.8	NonTarget	1	55182
275.995	0.8	NonTarget	1	55199
276.08	0.8	NonTarget	1	55216
276.16	0.8	NonTarget	1	55232
276.245	0.8	NonTarget	1	55249
276.33	0.8	NonTarget	1	55266
276.41	0.8	NonTarget	1	55282
276.495	0.8	NonTarget	1	55299
276.58	0.8	NonTarget	1	55316
276.66	0.8	NonTarget	1	55332
276.745	0.8	NonTarget	1	55349
276.825	0.8	NonTarget	1	55365
276.91	0.8	NonTarget	1	55382
276.995	0.8	NonTarget	1	55399
277.08	0.8	NonTarget	1	55416
277.16	0.8	NonTarget	1	55432
277.245	0.8	NonTarget	1	55449
277.33	0.8	NonTarget	1	55466
277.415	0.8	NonTarget	1	55483
277.495	0.8	Target	2	55499
277.58	0.8	NonTarget	1	55516
277.665	0.8	NonTarget	1	55533
277.745	0.8	NonTarget	1	55549
277.83	0.8	NonTarget	1	55566
277.91	0.8	NonTarget	1	55582
277.995	0.8	NonTarget	1	55599
278.08	0.8	NonTarget	1	55616
278.16	0.8	NonTarget	1	55632
278.245	0.8	NonTarget	1	55649
278.33	0.8	NonTarget	1	55666
278.73	0.8	NonTarget	1	55746
278.81	0.8	NonTarget	1	55762
278.895	0.8	NonTarget	1	55779
278.98	0.8	NonTarget	1	55796
279.065	0.8	NonTarget	1	55813
279.145	0.8	NonTarget	1	55829
279.23	0.8	NonTarget	1	55846
279.31	0.8	NonTarget	1	55862
279.4	0.8	NonTarget	1	55880
279.48	0.8	NonTarget	1	55896
279.565	0.8	NonTarget	1	55913
279.645	0.8	NonTarget	1	55929
279.73	0.8	NonTarget	1	55946
279.815	0.8	NonTarget	1	55963
279.895	0.8	NonTarget	1	55979
279.98	0.8	NonTarget	1	55996
280.065	0.8	NonTarget	1	56013
280.15	0.8	NonTarget	1	56030
280.23	0.8	NonTarget	1	56046
280.315	0.8	Target	2	56063
280.395	0.8	NonTarget	1	56079
280.48	0.8	NonTarget	1	56096
280.565	0.8	NonTarget	1	56113
280.65	0.8	NonTarget	1	56130
280.73	0.8	NonTarget	1	56146
280.815	0.8	NonTarget	1	56163
280.9	0.8	NonTarget	1	56180
280.98	0.8	NonTarget	1	56196
281.065	0.8	NonTarget	1	56213
281.15	0.8	NonTarget	1	56230
281.55	0.8	NonTarget	1	56310
281.63	0.8	NonTarget	1	56326
281.715	0.8	NonTarget	1	56343
281.8	0.8	NonTarget	1	56360
281.885	0.8	NonTarget	1	56377
281.965	0.8	NonTarget	1	56393
282.05	0.8	NonTarget	1	56410
282.135	0.8	NonTarget	1	56427
282.215	0.8	NonTarget	1	56443
282.3	0.8	NonTarget	1	56460
282.385	0.8	NonTarget	1	56477
282.465	0.8	NonTarget	1	56493
282.55	0.8	NonTarget	1	56510
282.635	0.8	NonTarget	1	56527
282.715	0.8	NonTarget	1	56543
282.8	0.8	NonTarget	1	56560
282.885	0.8	NonTarget	1	56577
282.965	0.8	NonTarget	1	56593
283.05	0.8	NonTarget	1	56610
283.135	0.8	Target	2	56627
283.22	0.8	NonTarget	1	56644
283.3	0.8	NonTarget	1	56660
283.385	0.8	NonTarget	1	56677
283.465	0.8	NonTarget	1	56693
283.55	0.8	NonTarget	1	56710
283.635	0.8	NonTarget	1	56727
283.715	0.8	NonTarget	1	56743
283.8	0.8	NonTarget	1	56760
283.885	0.8	NonTarget	1	56777
283.965	0.8	NonTarget	1	56793
284.37	0.8	NonTarget	1	56874
284.45	0.8	NonTarget	1	56890
284.535	0.8	NonTarget	1	56907
284.62	0.8	NonTarget	1	56924
284.7	0.8	NonTarget	1	56940
284.785	0.8	NonTarget	1	56957
284.87	0.8	NonTarget	1	56974
284.95	0.8	NonTarget	1	56990
285.035	0.8	NonTarget	1	57007
285.115	0.8	NonTarget	1	57023
285.2	0.8	NonTarget	1	57040
285.285	0.8	NonTarget	1	57057
285.37	0.8	NonTarget	1	57074
285.45	0.8	NonTarget	1	57090
285.535	0.8	Target	2	57107
285.62	0.8	NonTarget	1	57124
285.7	0.8	NonTarget	1	57140
285.785	0.8	NonTarget	1	57157
285.87	0.8	NonTarget	1	57174
285.95	0.8	NonTarget	1	57190
286.035	0.8	NonTarget	1	57207
286.12	0.8	NonTarget	1	57224
286.205	0.8	NonTarget	1	57241
286.285	0.8	NonTarget	1	57257
286.37	0.8	NonTarget	1	57274
286.45	0.8	NonTarget	1	57290
286.535	0.8	NonTarget	1	57307
286.62	0.8	NonTarget	1	57324
286.705	0.8	NonTarget	1	57341
286.785	0.8	NonTarget	1	57357
287.185	0.8	NonTarget	1	57437
287.27	0.8	NonTarget	1	57454
287.35	0.8	NonTarget	1	57470
287.435	0.8	NonTarget	1	57487
287.52	0.8	NonTarget	1	57504
287.605	0.8	NonTarget	1	57521
287.685	0.8	NonTarget	1	57537
287.77	0.8	NonTarget	1	57554
287.855	0.8	NonTarget	1	57571
287.935	0.8	NonTarget	1	57587
288.02	0.8	NonTarget	1	57604
288.105	0.8	NonTarget	1	57621
288.185	0.8	NonTarget	1	57637
288.27	0.8	NonTarget	1	57654
288.355	0.8	Target	2	57671
288.44	0.8	NonTarget	1	57688
288.52	0.8	NonTarget	1	57704
288.605	0.8	NonTarget	1	57721
288.69	0.8	NonTarget	1	57738
288.77	0.8	NonTarget	1	57754
288.855	0.8	NonTarget	1	57771
288.935	0.8	NonTarget	1	57787
289.02	0.8	NonTarget	1	57804
289.105	0.8	NonTarget	1	57821
289.19	0.8	NonTarget	1	57838
289.27	0.8	NonTarget	1	57854
289.355	0.8	NonTarget	1	57871
289.44	0.8	NonTarget	1	57888
289.52	0.8	NonTarget	1	57904
289.605	0.8	NonTarget	1	57921
290.005	0.8	NonTarget	1	58001
290.09	0.8	NonTarget	1	58018
290.17	0.8	NonTarget	1	58034
290.255	0.8	NonTarget	1	58051
290.335	0.8	NonTarget	1	58067
290.42	0.8	NonTarget	1	58084
290.505	0.8	NonTarget	1	58101
290.59	0.8	NonTarget	1	58118
290.67	0.8	NonTarget	1	58134
290.755	0.8	NonTarget	1	58151
290.84	0.8	NonTarget	1	58168
290.925	0.8	NonTarget	1	58185
291.005	0.8	NonTarget	1	58201
291.09	0.8	NonTarget	1	58218
291.175	0.8	Target	2	58235
291.255	0.8	NonTarget	1	58251
291.34	0.8	NonTarget	1	58268
291.425	0.8	NonTarget	1	58285
291.505	0.8	NonTarget	1	58301
291.59	0.8	NonTarget	1	58318
291.675	0.8	NonTarget	1	58335
291.755	0.8	NonTarget	1	58351
291.84	0.8	NonTarget	1	58368
291.925	0.8	NonTarget	1	58385
292.005	0.8	NonTarget	1	58401
292.09	0.8	NonTarget	1	58418
292.17	0.8	NonTarget	1	58434
292.255	0.8	NonTarget	1	58451
292.34	0.8	NonTarget	1	58468
292.425	0.8	NonTarget	1	58485
292.825	0.8	NonTarget	1	58565
292.905	0.8	NonTarget	1	58581
292.99	0.8	NonTarget	1	58598
293.075	0.8	NonTarget	1	58615
293.155	0.8	NonTarget	1	58631
293.24	0.8	NonTarget	1	58648
293.325	0.8	NonTarget	1	58665
293.41	0.8	NonTarget	1	58682
293.49	0.8	NonTarget	1	58698
293.575	0.8	NonTarget	1	58715
293.66	0.8	NonTarget	1	58732
293.74	0.8	NonTarget	1	58748
293.825	0.8	NonTarget	1	58765
293.91	0.8	NonTarget	1	58782
293.99	0.8	NonTarget	1	58798
294.075	0.8	NonTarget	1	58815
294.16	0.8	NonTarget	1	58832
294.24	0.8	NonTarget	1	58848
294.325	0.8	NonTarget	1	58865
294.41	0.8	Target	2	58882
294.49	0.8	NonTarget	1	58898
294.575	0.8	NonTarget	1	58915
294.66	0.8	NonTarget	1	58932
294.745	0.8	NonTarget	1	58949
294.825	0.8	NonTarget	1	58965
294.91	0.8	NonTarget	1	58982
294.99	0.8	NonTarget	1	58998
295.075	0.8	NonTarget	1	59015
295.16	0.8	NonTarget	1	59032
295.245	0.8	NonTarget	1	59049
303.8	0.8	NonTarget	1	60760
303.88	0.8	NonTarget	1	60776
303.965	0.8	NonTarget	1	60793
304.05	0.8	NonTarget	1	60810
304.13	0.8	NonTarget	1	60826
304.215	0.8	NonTarget	1	60843
304.3	0.8	NonTarget	1	60860
304.385	0.8	NonTarget	1	60877
304.465	0.8	NonTarget	1	60893
304.55	0.8	NonTarget	1	60910
304.635	0.8	NonTarget	1	60927
304.715	0.8	NonTarget	1	60943
304.8	0.8	NonTarget	1	60960
304.885	0.8	Target	2	60977
304.965	0.8	NonTarget	1	60993
305.05	0.8	NonTarget	1	61010
305.135	0.8	NonTarget	1	61027
305.215	0.8	NonTarget	1	61043
305.3	0.8	NonTarget	1	61060
305.385	0.8	NonTarget	1	61077
305.465	0.8	NonTarget	1	61093
305.55	0.8	NonTarget	1	61110
305.635	0.8	NonTarget	1	61127
305.72	0.8	NonTarget	1	61144
305.8	0.8	NonTarget	1	61160
305.885	0.8	NonTarget	1	61177
305.965	0.8	NonTarget	1	61193
306.05	0.8	NonTarget	1	61210
306.135	0.8	NonTarget	1	61227
306.215	0.8	NonTarget	1	61243
306.62	0.8	NonTarget	1	61324
306.7	0.8	NonTarget	1	61340
306.785	0.8	NonTarget	1	61357
306.87	0.8	NonTarget	1	61374
306.95	0.8	NonTarget	1	61390
307.035	0.8	NonTarget	1	61407
307.12	0.8	NonTarget	1	61424
307.2	0.8	NonTarget	1	61440
307.285	0.8	NonTarget	1	61457
307.37	0.8	NonTarget	1	61474
307.45	0.8	NonTarget	1	61490
307.535	0.8	NonTarget	1	61507
307.62	0.8	NonTarget	1	61524
307.7	0.8	NonTarget	1	61540
307.785	0.8	NonTarget	1	61557
307.87	0.8	NonTarget	1	61574
307.95	0.8	NonTarget	1	61590
308.035	0.8	NonTarget	1	61607
308.12	0.8	NonTarget	1	61624
308.2	0.8	NonTarget	1	61640
308.285	0.8	NonTarget	1	61657
308.365	0.8	NonTarget	1	61673
308.45	0.8	NonTarget	1	61690
308.535	0.8	NonTarget	1	61707
308.62	0.8	NonTarget	1	61724
308.7	0.8	NonTarget	1	61740
308.785	0.8	NonTarget	1	61757
308.87	0.8	NonTarget	1	61774
308.955	0.8	Target	2	61791
309.04	0.8	NonTarget	1	61808
309.435	0.8	NonTarget	1	61887
309.52	0.8	NonTarget	1	61904
309.605	0.8	NonTarget	1	61921
309.69	0.8	Target	2	61938
309.77	0.8	NonTarget	1	61954
309.855	0.8	NonTarget	1	61971
309.935	0.8	NonTarget	1	61987
310.02	0.8	NonTarget	1	62004
310.105	0.8	NonTarget	1	62021
310.185	0.8	NonTarget	1	62037
310.27	0.8	NonTarget	1	62054
310.355	0.8	NonTarget	1	62071
310.435	0.8	NonTarget	1	62087
310.52	0.8	NonTarget	1	62104
310.605	0.8	NonTarget	1	62121
310.685	0.8	NonTarget	1	62137
310.77	0.8	NonTarget	1	62154
310.855	0.8	NonTarget	1	62171
310.935	0.8	NonTarget	1	62187
311.02	0.8	NonTarget	1	62204
311.105	0.8	NonTarget	1	62221
311.19	0.8	NonTarget	1	62238
311.27	0.8	NonTarget	1	62254
311.355	0.8	NonTarget	1	62271
311.44	0.8	NonTarget	1	62288
311.52	0.8	NonTarget	1	62304
311.605	0.8	NonTarget	1	62321
311.69	0.8	NonTarget	1	62338
311.77	0.8	NonTarget	1	62354
311.855	0.8	NonTarget	1	62371
312.255	0.8	NonTarget	1	62451
312.34	0.8	NonTarget	1	62468
312.42	0.8	NonTarget	1	62484
312.505	0.8	NonTarget	1	62501
312.585	0.8	NonTarget	1	62517
312.67	0.8	NonTarget	1	62534
312.755	0.8	NonTarget	1	62551
312.84	0.8	NonTarget	1	62568
312.925	0.8	NonTarget	1	62585
313.005	0.8	NonTarget	1	62601
313.09	0.8	NonTarget	1	62618
313.17	0.8	NonTarget	1	62634
313.255	0.8	NonTarget	1	62651
313.34	0.8	NonTarget	1	62668
313.42	0.8	NonTarget	1	62684
313.51	0.8	NonTarget	1	62702
313.59	0.8	NonTarget	1	62718
313.675	0.8	NonTarget	1	62735
313.755	0.8	NonTarget	1	62751
313.84	0.8	NonTarget	1	62768
313.925	0.8	NonTarget	1	62785
314.005	0.8	NonTarget	1	62801
314.09	0.8	NonTarget	1	62818
314.175	0.8	Target	2	62835
314.255	0.8	NonTarget	1	62851
314.34	0.8	NonTarget	1	62868
314.425	0.8	NonTarget	1	62885
314.505	0.8	NonTarget	1	62901
314.59	0.8	NonTarget	1	62918
314.675	0.8	NonTarget	1	62935
315.075	0.8	NonTarget	1	63015
315.155	0.8	NonTarget	1	63031
315.24	0.8	NonTarget	1	63048
315.325	0.8	NonTarget	1	63065
315.405	0.8	NonTarget	1	63081
315.49	0.8	NonTarget	1	63098
315.575	0.8	NonTarget	1	63115
315.66	0.8	NonTarget	1	63132
315.74	0.8	NonTarget	1	63148
315.825	0.8	NonTarget	1	63165
315.905	0.8	NonTarget	1	63181
315.99	0.8	NonTarget	1	63198
316.075	0.8	NonTarget	1	63215
316.16	0.8	NonTarget	1	63232
316.245	0.8	NonTarget	1	63249
316.325	0.8	NonTarget	1	63265
316.405	0.8	NonTarget	1	63281
316.49	0.8	NonTarget	1	63298
316.575	0.8	NonTarget	1	63315
316.66	0.8	NonTarget	1	63332
316.745	0.8	NonTarget	1	63349
316.825	0.8	NonTarget	1	63365
316.91	0.8	NonTarget	1	63382
316.99	0.8	NonTarget	1	63398
317.075	0.8	NonTarget	1	63415
317.16	0.8	NonTarget	1	63432
317.245	0.8	NonTarget	1	63449
317.325	0.8	NonTarget	1	63465
317.41	0.8	Target	2	63482
317.49	0.8	NonTarget	1	63498
317.89	0.8	NonTarget	1	63578
317.975	0.8	NonTarget	1	63595
318.06	0.8	NonTarget	1	63612
318.145	0.8	Target	2	63629
318.225	0.8	NonTarget	1	63645
318.31	0.8	NonTarget	1	63662
318.395	0.8	NonTarget	1	63679
318.475	0.8	NonTarget	1	63695
318.56	0.8	NonTarget	1	63712
318.64	0.8	NonTarget	1	63728
318.725	0.8	NonTarget	1	63745
318.81	0.8	NonTarget	1	63762
318.895	0.8	NonTarget	1	63779
318.975	0.8	NonTarget	1	63795
319.06	0.8	NonTarget	1	63812
319.145	0.8	NonTarget	1	63829
319.23	0.8	NonTarget	1	63846
319.31	0.8	NonTarget	1	63862
319.395	0.8	NonTarget	1	63879
319.48	0.8	NonTarget	1	63896
319.56	0.8	NonTarget	1	63912
319.645	0.8	NonTarget	1	63929
319.725	0.8	NonTarget	1	63945
319.81	0.8	NonTarget	1	63962
319.895	0.8	NonTarget	1	63979
319.98	0.8	NonTarget	1	63996
320.06	0.8	NonTarget	1	64012
320.145	0.8	NonTarget	1	64029
320.23	0.8	NonTarget	1	64046
320.31	0.8	NonTarget	1	64062
320.71	0.8	NonTarget	1	64142
320.795	0.8	NonTarget	1	64159
320.88	0.8	NonTarget	1	64176
320.96	0.8	NonTarget	1	64192
321.045	0.8	NonTarget	1	64209
321.13	0.8	NonTarget	1	64226
321.21	0.8	NonTarget	1	64242
321.295	0.8	NonTarget	1	64259
321.38	0.8	NonTarget	1	64276
321.46	0.8	NonTarget	1	64292
321.545	0.8	NonTarget	1	64309
321.63	0.8	NonTarget	1	64326
321.715	0.8	NonTarget	1	64343
321.8	0.8	Target	2	64360
321.88	0.8	NonTarget	1	64376
321.965	0.8	NonTarget	1	64393
322.045	0.8	NonTarget	1	64409
322.13	0.8	NonTarget	1	64426
322.215	0.8	NonTarget	1	64443
322.295	0.8	NonTarget	1	64459
322.38	0.8	NonTarget	1	64476
322.46	0.8	NonTarget	1	64492
322.545	0.8	NonTarget	1	64509
322.63	0.8	NonTarget	1	64526
322.71	0.8	NonTarget	1	64542
322.795	0.8	NonTarget	1	64559
322.88	0.8	NonTarget	1	64576
322.965	0.8	NonTarget	1	64593
323.045	0.8	NonTarget	1	64609
323.13	0.8	NonTarget	1	64626
323.53	0.8	NonTarget	1	64706
323.615	0.8	NonTarget	1	64723
323.695	0.8	NonTarget	1	64739
323.78	0.8	NonTarget	1	64756
323.865	0.8	NonTarget	1	64773
323.945	0.8	NonTarget	1	64789
324.03	0.8	NonTarget	1	64806
324.115	0.8	NonTarget	1	64823
324.2	0.8	NonTarget	1	64840
324.28	0.8	NonTarget	1	64856
324.365	0.8	NonTarget	1	64873
324.45	0.8	NonTarget	1	64890
324.53	0.8	NonTarget	1	64906
324.615	0.8	NonTarget	1	64923
324.695	0.8	NonTarget	1	64939
324.78	0.8	NonTarget	1	64956
324.865	0.8	NonTarget	1	64973
324.95	0.8	NonTarget	1	64990
325.03	0.8	NonTarget	1	65006
325.115	0.8	NonTarget	1	65023
325.2	0.8	NonTarget	1	65040
325.28	0.8	NonTarget	1	65056
325.365	0.8	NonTarget	1	65073
325.45	0.8	Target	2	65090
325.53	0.8	NonTarget	1	65106
325.615	0.8	NonTarget	1	65123
325.7	0.8	NonTarget	1	65140
325.78	0.8	NonTarget	1	65156
325.865	0.8	NonTarget	1	65173
325.95	0.8	NonTarget	1	65190
326.35	0.8	NonTarget	1	65270
326.435	0.8	NonTarget	1	65287
326.515	0.8	NonTarget	1	65303
326.6	0.8	NonTarget	1	65320
326.68	0.8	NonTarget	1	65336
326.765	0.8	NonTarget	1	65353
326.85	0.8	NonTarget	1	65370
326.935	0.8	NonTarget	1	65387
327.015	0.8	NonTarget	1	65403
327.1	0.8	NonTarget	1	65420
327.185	0.8	NonTarget	1	65437
327.265	0.8	NonTarget	1	65453
327.35	0.8	NonTarget	1	65470
327.435	0.8	NonTarget	1	65487
327.515	0.8	NonTarget	1	65503
327.6	0.8	NonTarget	1	65520
327.685	0.8	NonTarget	1	65537
327.765	0.8	NonTarget	1	65553
327.85	0.8	Target	2	65570
327.935	0.8	NonTarget	1	65587
328.015	0.8	NonTarget	1	65603
328.1	0.8	NonTarget	1	65620
328.185	0.8	NonTarget	1	65637
328.265	0.8	NonTarget	1	65653
328.35	0.8	NonTarget	1	65670
328.435	0.8	NonTarget	1	65687
328.515	0.8	NonTarget	1	65703
328.6	0.8	NonTarget	1	65720
328.685	0.8	NonTarget	1	65737
328.77	0.8	NonTarget	1	65754
329.165	0.8	NonTarget	1	65833
329.25	0.8	NonTarget	1	65850
329.335	0.8	NonTarget	1	65867
329.415	0.8	NonTarget	1	65883
329.5	0.8	NonTarget	1	65900
329.585	0.8	NonTarget	1	65917
329.67	0.8	NonTarget	1	65934
329.75	0.8	NonTarget	1	65950
329.835	0.8	NonTarget	1	65967
329.92	0.8	NonTarget	1	65984
330.0	0.8	NonTarget	1	66000
330.085	0.8	NonTarget	1	66017
330.17	0.8	NonTarget	1	66034
330.25	0.8	NonTarget	1	66050
330.335	0.8	NonTarget	1	66067
330.42	0.8	NonTarget	1	66084
330.5	0.8	NonTarget	1	66100
330.585	0.8	NonTarget	1	66117
330.67	0.8	Target	2	66134
330.755	0.8	NonTarget	1	66151
330.835	0.8	NonTarget	1	66167
330.92	0.8	NonTarget	1	66184
331.0	0.8	NonTarget	1	66200
331.085	0.8	NonTarget	1	66217
331.165	0.8	NonTarget	1	66233
331.255	0.8	NonTarget	1	66251
331.335	0.8	NonTarget	1	66267
331.42	0.8	NonTarget	1	66284
331.505	0.8	NonTarget	1	66301
331.585	0.8	NonTarget	1	66317
340.145	0.8	NonTarget	1	68029
340.225	0.8	NonTarget	1	68045
340.31	0.8	NonTarget	1	68062
340.395	0.8	NonTarget	1	68079
340.48	0.8	NonTarget	1	68096
340.56	0.8	NonTarget	1	68112
340.645	0.8	NonTarget	1	68129
340.725	0.8	NonTarget	1	68145
340.81	0.8	NonTarget	1	68162
340.895	0.8	NonTarget	1	68179
340.975	0.8	NonTarget	1	68195
341.06	0.8	NonTarget	1	68212
341.145	0.8	NonTarget	1	68229
341.225	0.8	NonTarget	1	68245
341.31	0.8	NonTarget	1	68262
341.39	0.8	NonTarget	1	68278
341.475	0.8	Target	2	68295
341.56	0.8	NonTarget	1	68312
341.645	0.8	NonTarget	1	68329
341.73	0.8	NonTarget	1	68346
341.81	0.8	NonTarget	1	68362
341.895	0.8	NonTarget	1	68379
341.98	0.8	NonTarget	1	68396
342.06	0.8	NonTarget	1	68412
342.145	0.8	NonTarget	1	68429
342.23	0.8	NonTarget	1	68446
342.31	0.8	NonTarget	1	68462
342.395	0.8	NonTarget	1	68479
342.48	0.8	NonTarget	1	68496
342.56	0.8	NonTarget	1	68512
342.96	0.8	NonTarget	1	68592
343.045	0.8	NonTarget	1	68609
343.13	0.8	NonTarget	1	68626
343.21	0.8	NonTarget	1	68642
343.295	0.8	NonTarget	1	68659
343.38	0.8	NonTarget	1	68676
343.46	0.8	NonTarget	1	68692
343.545	0.8	NonTarget	1	68709
343.63	0.8	NonTarget	1	68726
343.715	0.8	NonTarget	1	68743
343.795	0.8	NonTarget	1	68759
343.88	0.8	NonTarget	1	68776
343.96	0.8	NonTarget	1	68792
344.045	0.8	NonTarget	1	68809
344.13	0.8	NonTarget	1	68826
344.21	0.8	NonTarget	1	68842
344.295	0.8	Target	2	68859
344.38	0.8	NonTarget	1	68876
344.465	0.8	NonTarget	1	68893
344.545	0.8	NonTarget	1	68909
344.63	0.8	NonTarget	1	68926
344.715	0.8	NonTarget	1	68943
344.795	0.8	NonTarget	1	68959
344.88	0.8	NonTarget	1	68976
344.96	0.8	NonTarget	1	68992
345.045	0.8	NonTarget	1	69009
345.13	0.8	NonTarget	1	69026
345.215	0.8	NonTarget	1	69043
345.295	0.8	NonTarget	1	69059
345.38	0.8	NonTarget	1	69076
345.78	0.8	NonTarget	1	69156
345.865	0.8	NonTarget	1	69173
345.95	0.8	NonTarget	1	69190
346.03	0.8	NonTarget	1	69206
346.115	0.8	NonTarget	1	69223
346.195	0.8	NonTarget	1	69239
346.28	0.8	NonTarget	1	69256
346.365	0.8	NonTarget	1	69273
346.445	0.8	NonTarget	1	69289
346.53	0.8	NonTarget	1	69306
346.615	0.8	NonTarget	1	69323
346.7	0.8	NonTarget	1	69340
346.78	0.8	NonTarget	1	69356
346.865	0.8	NonTarget	1	69373
346.95	0.8	NonTarget	1	69390
347.035	0.8	NonTarget	1	69407
347.115	0.8	NonTarget	1	69423
347.2	0.8	NonTarget	1	69440
347.28	0.8	NonTarget	1	69456
347.365	0.8	NonTarget	1	69473
347.45	0.8	NonTarget	1	69490
347.53	0.8	Target	2	69506
347.615	0.8	NonTarget	1	69523
347.7	0.8	NonTarget	1	69540
347.78	0.8	NonTarget	1	69556
347.865	0.8	NonTarget	1	69573
347.945	0.8	NonTarget	1	69589
348.03	0.8	NonTarget	1	69606
348.115	0.8	NonTarget	1	69623
348.2	0.8	NonTarget	1	69640
348.6	0.8	NonTarget	1	69720
348.68	0.8	NonTarget	1	69736
348.765	0.8	NonTarget	1	69753
348.85	0.8	NonTarget	1	69770
348.935	0.8	NonTarget	1	69787
349.015	0.8	NonTarget	1	69803
349.1	0.8	NonTarget	1	69820
349.18	0.8	NonTarget	1	69836
349.265	0.8	NonTarget	1	69853
349.35	0.8	NonTarget	1	69870
349.435	0.8	NonTarget	1	69887
349.515	0.8	NonTarget	1	69903
349.6	0.8	NonTarget	1	69920
349.685	0.8	NonTarget	1	69937
349.765	0.8	NonTarget	1	69953
349.85	0.8	NonTarget	1	69970
349.935	0.8	NonTarget	1	69987
350.015	0.8	NonTarget	1	70003
350.1	0.8	NonTarget	1	70020
350.185	0.8	NonTarget	1	70037
350.265	0.8	NonTarget	1	70053
350.35	0.8	Target	2	70070
350.435	0.8	NonTarget	1	70087
350.515	0.8	NonTarget	1	70103
350.6	0.8	NonTarget	1	70120
350.685	0.8	NonTarget	1	70137
350.765	0.8	NonTarget	1	70153
350.85	0.8	NonTarget	1	70170
350.935	0.8	NonTarget	1	70187
351.02	0.8	NonTarget	1	70204
351.42	0.8	NonTarget	1	70284
351.5	0.8	NonTarget	1	70300
351.585	0.8	NonTarget	1	70317
351.67	0.8	NonTarget	1	70334
351.75	0.8	NonTarget	1	70350
351.835	0.8	NonTarget	1	70367
351.92	0.8	Target	2	70384
352.0	0.8	NonTarget	1	70400
352.085	0.8	NonTarget	1	70417
352.17	0.8	NonTarget	1	70434
352.25	0.8	NonTarget	1	70450
352.335	0.8	NonTarget	1	70467
352.42	0.8	NonTarget	1	70484
352.5	0.8	NonTarget	1	70500
352.585	0.8	NonTarget	1	70517
352.67	0.8	NonTarget	1	70534
352.75	0.8	NonTarget	1	70550
352.835	0.8	NonTarget	1	70567
352.92	0.8	NonTarget	1	70584
353.0	0.8	NonTarget	1	70600
353.085	0.8	NonTarget	1	70617
353.17	0.8	NonTarget	1	70634
353.25	0.8	NonTarget	1	70650
353.335	0.8	NonTarget	1	70667
353.42	0.8	NonTarget	1	70684
353.505	0.8	NonTarget	1	70701
353.585	0.8	NonTarget	1	70717
353.67	0.8	NonTarget	1	70734
353.755	0.8	NonTarget	1	70751
353.835	0.8	NonTarget	1	70767
354.235	0.8	NonTarget	1	70847
354.32	0.8	NonTarget	1	70864
354.4	0.8	NonTarget	1	70880
354.485	0.8	NonTarget	1	70897
354.57	0.8	NonTarget	1	70914
354.655	0.8	NonTarget	1	70931
354.735	0.8	Target	2	70947
354.82	0.8	NonTarget	1	70964
354.905	0.8	NonTarget	1	70981
354.985	0.8	NonTarget	1	70997
355.07	0.8	NonTarget	1	71014
355.155	0.8	NonTarget	1	71031
355.24	0.8	NonTarget	1	71048
355.32	0.8	NonTarget	1	71064
355.4	0.8	NonTarget	1	71080
355.485	0.8	NonTarget	1	71097
355.57	0.8	NonTarget	1	71114
355.655	0.8	NonTarget	1	71131
355.74	0.8	NonTarget	1	71148
355.82	0.8	NonTarget	1	71164
355.905	0.8	NonTarget	1	71181
355.985	0.8	NonTarget	1	71197
356.07	0.8	NonTarget	1	71214
356.155	0.8	NonTarget	1	71231
356.24	0.8	NonTarget	1	71248
356.32	0.8	NonTarget	1	71264
356.405	0.8	NonTarget	1	71281
356.49	0.8	NonTarget	1	71298
356.57	0.8	NonTarget	1	71314
356.655	0.8	NonTarget	1	71331
357.055	0.8	NonTarget	1	71411
357.14	0.8	NonTarget	1	71428
357.22	0.8	NonTarget	1	71444
357.305	0.8	NonTarget	1	71461
357.39	0.8	NonTarget	1	71478
357.475	0.8	NonTarget	1	71495
357.555	0.8	NonTarget	1	71511
357.64	0.8	NonTarget	1	71528
357.72	0.8	NonTarget	1	71544
357.805	0.8	NonTarget	1	71561
357.89	0.8	NonTarget	1	71578
357.97	0.8	NonTarget	1	71594
358.055	0.8	NonTarget	1	71611
358.14	0.8	NonTarget	1	71628
358.225	0.8	NonTarget	1	71645
358.31	0.8	NonTarget	1	71662
358.39	0.8	NonTarget	1	71678
358.475	0.8	NonTarget	1	71695
358.555	0.8	NonTarget	1	71711
358.64	0.8	NonTarget	1	71728
358.725	0.8	NonTarget	1	71745
358.805	0.8	Target	2	71761
358.89	0.8	NonTarget	1	71778
358.975	0.8	NonTarget	1	71795
359.055	0.8	NonTarget	1	71811
359.14	0.8	NonTarget	1	71828
359.225	0.8	NonTarget	1	71845
359.305	0.8	NonTarget	1	71861
359.39	0.8	NonTarget	1	71878
359.475	0.8	NonTarget	1	71895
359.875	0.8	NonTarget	1	71975
359.955	0.8	NonTarget	1	71991
360.04	0.8	NonTarget	1	72008
360.125	0.8	NonTarget	1	72025
360.21	0.8	NonTarget	1	72042
360.29	0.8	NonTarget	1	72058
360.375	0.8	Target	2	72075
360.46	0.8	NonTarget	1	72092
360.545	0.8	NonTarget	1	72109
360.625	0.8	NonTarget	1	72125
360.71	0.8	NonTarget	1	72142
360.79	0.8	NonTarget	1	72158
360.875	0.8	NonTarget	1	72175
360.96	0.8	NonTarget	1	72192
361.04	0.8	NonTarget	1	72208
361.125	0.8	NonTarget	1	72225
361.21	0.8	NonTarget	1	72242
361.29	0.8	NonTarget	1	72258
361.375	0.8	NonTarget	1	72275
361.46	0.8	NonTarget	1	72292
361.54	0.8	NonTarget	1	72308
361.625	0.8	NonTarget	1	72325
361.71	0.8	NonTarget	1	72342
361.79	0.8	NonTarget	1	72358
361.875	0.8	NonTarget	1	72375
361.96	0.8	NonTarget	1	72392
362.045	0.8	NonTarget	1	72409
362.125	0.8	NonTarget	1	72425
362.21	0.8	NonTarget	1	72442
362.29	0.8	NonTarget	1	72458
362.69	0.8	NonTarget	1	72538
362.775	0.8	NonTarget	1	72555
362.86	0.8	NonTarget	1	72572
362.945	0.8	NonTarget	1	72589
363.025	0.8	NonTarget	1	72605
363.11	0.8	NonTarget	1	72622
363.195	0.8	NonTarget	1	72639
363.28	0.8	NonTarget	1	72656
363.36	0.8	NonTarget	1	72672
363.445	0.8	NonTarget	1	72689
363.525	0.8	NonTarget	1	72705
363.61	0.8	NonTarget	1	72722
363.69	0.8	NonTarget	1	72738
363.775	0.8	NonTarget	1	72755
363.86	0.8	NonTarget	1	72772
363.945	0.8	NonTarget	1	72789
364.025	0.8	NonTarget	1	72805
364.11	0.8	NonTarget	1	72822
364.195	0.8	NonTarget	1	72839
364.275	0.8	NonTarget	1	72855
364.36	0.8	NonTarget	1	72872
364.445	0.8	NonTarget	1	72889
364.53	0.8	NonTarget	1	72906
364.61	0.8	NonTarget	1	72922
364.695	0.8	NonTarget	1	72939
364.775	0.8	NonTarget	1	72955
364.86	0.8	Target	2	72972
364.945	0.8	NonTarget	1	72989
365.03	0.8	NonTarget	1	73006
365.11	0.8	NonTarget	1	73022
365.51	0.8	NonTarget	1	73102
365.595	0.8	NonTarget	1	73119
365.68	0.8	NonTarget	1	73136
365.76	0.8	NonTarget	1	73152
365.845	0.8	NonTarget	1	73169
365.93	0.8	NonTarget	1	73186
366.01	0.8	Target	2	73202
366.095	0.8	NonTarget	1	73219
366.18	0.8	NonTarget	1	73236
366.265	0.8	NonTarget	1	73253
366.345	0.8	NonTarget	1	73269
366.43	0.8	NonTarget	1	73286
366.515	0.8	NonTarget	1	73303
366.595	0.8	NonTarget	1	73319
366.68	0.8	NonTarget	1	73336
366.76	0.8	NonTarget	1	73352
366.845	0.8	NonTarget	1	73369
366.93	0.8	NonTarget	1	73386
367.01	0.8	NonTarget	1	73402
367.095	0.8	NonTarget	1	73419
367.18	0.8	NonTarget	1	73436
367.26	0.8	NonTarget	1	73452
367.345	0.8	NonTarget	1	73469
367.43	0.8	NonTarget	1	73486
367.515	0.8	NonTarget	1	73503
367.6	0.8	NonTarget	1	73520
367.68	0.8	NonTarget	1	73536
367.765	0.8	NonTarget	1	73553
367.845	0.8	NonTarget	1	73569
367.93	0.8	NonTarget	1	73586
376.49	0.8	NonTarget	1	75298
376.57	0.8	NonTarget	1	75314
376.655	0.8	NonTarget	1	75331
376.735	0.8	NonTarget	1	75347
376.82	0.8	NonTarget	1	75364
376.905	0.8	NonTarget	1	75381
376.985	0.8	Target	2	75397
377.07	0.8	NonTarget	1	75414
377.155	0.8	NonTarget	1	75431
377.235	0.8	NonTarget	1	75447
377.32	0.8	NonTarget	1	75464
377.405	0.8	NonTarget	1	75481
377.485	0.8	NonTarget	1	75497
377.57	0.8	NonTarget	1	75514
377.655	0.8	NonTarget	1	75531
377.735	0.8	NonTarget	1	75547
377.82	0.8	NonTarget	1	75564
377.905	0.8	NonTarget	1	75581
377.985	0.8	NonTarget	1	75597
378.07	0.8	NonTarget	1	75614
378.155	0.8	NonTarget	1	75631
378.24	0.8	NonTarget	1	75648
378.32	0.8	NonTarget	1	75664
378.405	0.8	NonTarget	1	75681
378.485	0.8	NonTarget	1	75697
378.57	0.8	NonTarget	1	75714
378.655	0.8	NonTarget	1	75731
378.74	0.8	NonTarget	1	75748
378.825	0.8	NonTarget	1	75765
378.905	0.8	NonTarget	1	75781
379.305	0.8	NonTarget	1	75861
379.39	0.8	NonTarget	1	75878
379.47	0.8	NonTarget	1	75894
379.555	0.8	NonTarget	1	75911
379.635	0.8	NonTarget	1	75927
379.72	0.8	NonTarget	1	75944
379.805	0.8	NonTarget	1	75961
379.89	0.8	NonTarget	1	75978
379.975	0.8	NonTarget	1	75995
380.055	0.8	NonTarget	1	76011
380.14	0.8	NonTarget	1	76028
380.225	0.8	NonTarget	1	76045
380.31	0.8	NonTarget	1	76062
380.39	0.8	NonTarget	1	76078
380.475	0.8	NonTarget	1	76095
380.555	0.8	NonTarget	1	76111
380.64	0.8	NonTarget	1	76128
380.725	0.8	NonTarget	1	76145
380.805	0.8	NonTarget	1	76161
380.89	0.8	NonTarget	1	76178
380.975	0.8	NonTarget	1	76195
381.055	0.8	Target	2	76211
381.14	0.8	NonTarget	1	76228
381.225	0.8	NonTarget	1	76245
381.31	0.8	NonTarget	1	76262
381.39	0.8	NonTarget	1	76278
381.47	0.8	NonTarget	1	76294
381.555	0.8	NonTarget	1	76311
381.64	0.8	NonTarget	1	76328
381.725	0.8	NonTarget	1	76345
382.125	0.8	NonTarget	1	76425
382.21	0.8	Target	2	76442
382.29	0.8	NonTarget	1	76458
382.375	0.8	NonTarget	1	76475
382.46	0.8	NonTarget	1	76492
382.54	0.8	NonTarget	1	76508
382.625	0.8	NonTarget	1	76525
382.71	0.8	NonTarget	1	76542
382.79	0.8	NonTarget	1	76558
382.875	0.8	NonTarget	1	76575
382.96	0.8	NonTarget	1	76592
383.04	0.8	NonTarget	1	76608
383.125	0.8	NonTarget	1	76625
383.21	0.8	NonTarget	1	76642
383.29	0.8	NonTarget	1	76658
383.375	0.8	NonTarget	1	76675
383.46	0.8	NonTarget	1	76692
383.545	0.8	NonTarget	1	76709
383.625	0.8	NonTarget	1	76725
383.71	0.8	NonTarget	1	76742
383.79	0.8	NonTarget	1	76758
383.875	0.8	NonTarget	1	76775
383.96	0.8	NonTarget	1	76792
384.045	0.8	NonTarget	1	76809
384.125	0.8	NonTarget	1	76825
384.205	0.8	NonTarget	1	76841
384.29	0.8	NonTarget	1	76858
384.375	0.8	NonTarget	1	76875
384.46	0.8	NonTarget	1	76892
384.545	0.8	NonTarget	1	76909
384.945	0.8	NonTarget	1	76989
385.025	0.8	NonTarget	1	77005
385.11	0.8	NonTarget	1	77022
385.195	0.8	NonTarget	1	77039
385.275	0.8	NonTarget	1	77055
385.36	0.8	NonTarget	1	77072
385.445	0.8	Target	2	77089
385.525	0.8	NonTarget	1	77105
385.61	0.8	NonTarget	1	77122
385.69	0.8	NonTarget	1	77138
385.775	0.8	NonTarget	1	77155
385.86	0.8	NonTarget	1	77172
385.945	0.8	NonTarget	1	77189
386.025	0.8	NonTarget	1	77205
386.11	0.8	NonTarget	1	77222
386.195	0.8	NonTarget	1	77239
386.28	0.8	NonTarget	1	77256
386.36	0.8	NonTarget	1	77272
386.445	0.8	NonTarget	1	77289
386.53	0.8	NonTarget	1	77306
386.61	0.8	NonTarget	1	77322
386.695	0.8	NonTarget	1	77339
386.775	0.8	NonTarget	1	77355
386.86	0.8	NonTarget	1	77372
386.945	0.8	NonTarget	1	77389
387.03	0.8	NonTarget	1	77406
387.11	0.8	NonTarget	1	77422
387.195	0.8	NonTarget	1	77439
387.28	0.8	NonTarget	1	77456
387.36	0.8	NonTarget	1	77472
387.76	0.8	NonTarget	1	77552
387.845	0.8	Target	2	77569
387.93	0.8	NonTarget	1	77586
388.01	0.8	NonTarget	1	77602
388.095	0.8	NonTarget	1	77619
388.18	0.8	NonTarget	1	77636
388.26	0.8	NonTarget	1	77652
388.345	0.8	NonTarget	1	77669
388.43	0.8	NonTarget	1	77686
388.515	0.8	NonTarget	1	77703
388.595	0.8	NonTarget	1	77719
388.68	0.8	NonTarget	1	77736
388.765	0.8	NonTarget	1	77753
388.845	0.8	NonTarget	1	77769
388.93	0.8	NonTarget	1	77786
389.01	0.8	NonTarget	1	77802
389.095	0.8	NonTarget	1	77819
389.18	0.8	NonTarget	1	77836
389.265	0.8	NonTarget	1	77853
389.345	0.8	NonTarget	1	77869
389.43	0.8	NonTarget	1	77886
389.515	0.8	NonTarget	1	77903
389.595	0.8	NonTarget	1	77919
389.68	0.8	NonTarget	1	77936
389.765	0.8	NonTarget	1	77953
389.845	0.8	NonTarget	1	77969
389.93	0.8	NonTarget	1	77986
390.01	0.8	NonTarget	1	78002
390.1	0.8	NonTarget	1	78020
390.18	0.8	NonTarget	1	78036
390.58	0.8	NonTarget	1	78116
390.66	0.8	NonTarget	1	78132
390.745	0.8	NonTarget	1	78149
390.83	0.8	NonTarget	1	78166
390.915	0.8	NonTarget	1	78183
390.995	0.8	NonTarget	1	78199
391.08	0.8	NonTarget	1	78216
391.165	0.8	NonTarget	1	78233
391.245	0.8	NonTarget	1	78249
391.33	0.8	NonTarget	1	78266
391.41	0.8	NonTarget	1	78282
391.5	0.8	Target	2	78300
391.58	0.8	NonTarget	1	78316
391.665	0.8	NonTarget	1	78333
391.745	0.8	NonTarget	1	78349
391.83	0.8	NonTarget	1	78366
391.915	0.8	NonTarget	1	78383
392.0	0.8	NonTarget	1	78400
392.08	0.8	NonTarget	1	78416
392.165	0.8	NonTarget	1	78433
392.25	0.8	NonTarget	1	78450
392.33	0.8	NonTarget	1	78466
392.415	0.8	NonTarget	1	78483
392.5	0.8	NonTarget	1	78500
392.585	0.8	NonTarget	1	78517
392.665	0.8	NonTarget	1	78533
392.75	0.8	NonTarget	1	78550
392.83	0.8	NonTarget	1	78566
392.915	0.8	NonTarget	1	78583
393.0	0.8	NonTarget	1	78600
393.4	0.8	NonTarget	1	78680
393.485	0.8	NonTarget	1	78697
393.565	0.8	NonTarget	1	78713
393.65	0.8	NonTarget	1	78730
393.735	0.8	NonTarget	1	78747
393.815	0.8	NonTarget	1	78763
393.9	0.8	Target	2	78780
393.985	0.8	NonTarget	1	78797
394.07	0.8	NonTarget	1	78814
394.15	0.8	NonTarget	1	78830
394.235	0.8	NonTarget	1	78847
394.315	0.8	NonTarget	1	78863
394.4	0.8	NonTarget	1	78880
394.485	0.8	NonTarget	1	78897
394.565	0.8	NonTarget	1	78913
394.65	0.8	NonTarget	1	78930
394.735	0.8	NonTarget	1	78947
394.815	0.8	NonTarget	1	78963
394.9	0.8	NonTarget	1	78980
394.985	0.8	NonTarget	1	78997
395.07	0.8	NonTarget	1	79014
395.15	0.8	NonTarget	1	79030
395.235	0.8	NonTarget	1	79047
395.315	0.8	NonTarget	1	79063
395.4	0.8	NonTarget	1	79080
395.485	0.8	NonTarget	1	79097
395.57	0.8	NonTarget	1	79114
395.65	0.8	NonTarget	1	79130
395.735	0.8	NonTarget	1	79147
395.815	0.8	NonTarget	1	79163
396.22	0.8	NonTarget	1	79244
396.3	0.8	NonTarget	1	79260
396.385	0.8	NonTarget	1	79277
396.47	0.8	NonTarget	1	79294
396.55	0.8	NonTarget	1	79310
396.635	0.8	NonTarget	1	79327
396.715	0.8	NonTarget	1	79343
396.8	0.8	NonTarget	1	79360
396.885	0.8	NonTarget	1	79377
396.97	0.8	NonTarget	1	79394
397.05	0.8	NonTarget	1	79410
397.135	0.8	NonTarget	1	79427
397.22	0.8	NonTarget	1	79444
397.3	0.8	NonTarget	1	79460
397.385	0.8	NonTarget	1	79477
397.47	0.8	NonTarget	1	79494
397.555	0.8	NonTarget	1	79511
397.635	0.8	NonTarget	1	79527
397.72	0.8	NonTarget	1	79544
397.805	0.8	NonTarget	1	79561
397.885	0.8	NonTarget	1	79577
397.97	0.8	Target	2	79594
398.055	0.8	NonTarget	1	79611
398.135	0.8	NonTarget	1	79627
398.22	0.8	NonTarget	1	79644
398.305	0.8	NonTarget	1	79661
398.385	0.8	NonTarget	1	79677
398.47	0.8	NonTarget	1	79694
398.555	0.8	NonTarget	1	79711
398.635	0.8	NonTarget	1	79727
399.04	0.8	NonTarget	1	79808
399.12	0.8	NonTarget	1	79824
399.205	0.8	NonTarget	1	79841
399.29	0.8	NonTarget	1	79858
399.37	0.8	NonTarget	1	79874
399.455	0.8	NonTarget	1	79891
399.535	0.8	NonTarget	1	79907
399.62	0.8	NonTarget	1	79924
399.705	0.8	NonTarget	1	79941
399.785	0.8	NonTarget	1	79957
399.87	0.8	NonTarget	1	79974
399.955	0.8	NonTarget	1	79991
400.04	0.8	NonTarget	1	80008
400.12	0.8	NonTarget	1	80024
400.205	0.8	NonTarget	1	80041
400.285	0.8	NonTarget	1	80057
400.37	0.8	Target	2	80074
400.455	0.8	NonTarget	1	80091
400.54	0.8	NonTarget	1	80108
400.62	0.8	NonTarget	1	80124
400.705	0.8	NonTarget	1	80141
400.79	0.8	NonTarget	1	80158
400.87	0.8	NonTarget	1	80174
400.955	0.8	NonTarget	1	80191
401.04	0.8	NonTarget	1	80208
401.12	0.8	NonTarget	1	80224
401.205	0.8	NonTarget	1	80241
401.29	0.8	NonTarget	1	80258
401.37	0.8	NonTarget	1	80274
401.455	0.8	NonTarget	1	80291
401.855	0.8	NonTarget	1	80371
401.94	0.8	NonTarget	1	80388
402.025	0.8	NonTarget	1	80405
402.105	0.8	NonTarget	1	80421
402.19	0.8	NonTarget	1	80438
402.275	0.8	NonTarget	1	80455
402.355	0.8	NonTarget	1	80471
402.44	0.8	NonTarget	1	80488
402.525	0.8	NonTarget	1	80505
402.605	0.8	NonTarget	1	80521
402.69	0.8	NonTarget	1	80538
402.775	0.8	NonTarget	1	80555
402.855	0.8	NonTarget	1	80571
402.94	0.8	NonTarget	1	80588
403.025	0.8	NonTarget	1	80605
403.105	0.8	NonTarget	1	80621
403.19	0.8	NonTarget	1	80638
403.275	0.8	NonTarget	1	80655
403.355	0.8	NonTarget	1	80671
403.44	0.8	NonTarget	1	80688
403.525	0.8	NonTarget	1	80705
403.605	0.8	NonTarget	1	80721
403.69	0.8	NonTarget	1	80738
403.775	0.8	NonTarget	1	80755
403.855	0.8	NonTarget	1	80771
403.94	0.8	NonTarget	1	80788
404.025	0.8	Target	2	80805
404.105	0.8	NonTarget	1	80821
404.19	0.8	NonTarget	1	80838
404.275	0.8	NonTarget	1	80855
412.835	0.8	NonTarget	1	82567
412.915	0.8	NonTarget	1	82583
413.0	0.8	NonTarget	1	82600
413.08	0.8	NonTarget	1	82616
413.165	0.8	NonTarget	1	82633
413.245	0.8	NonTarget	1	82649
413.33	0.8	NonTarget	1	82666
413.415	0.8	NonTarget	1	82683
413.5	0.8	NonTarget	1	82700
413.58	0.8	NonTarget	1	82716
413.665	0.8	NonTarget	1	82733
413.75	0.8	NonTarget	1	82750
413.83	0.8	NonTarget	1	82766
413.915	0.8	NonTarget	1	82783
413.995	0.8	NonTarget	1	82799
414.085	0.8	NonTarget	1	82817
414.165	0.8	NonTarget	1	82833
414.245	0.8	NonTarget	1	82849
414.33	0.8	Target	2	82866
414.415	0.8	NonTarget	1	82883
414.495	0.8	NonTarget	1	82899
414.58	0.8	NonTarget	1	82916
414.665	0.8	NonTarget	1	82933
414.75	0.8	NonTarget	1	82950
414.83	0.8	NonTarget	1	82966
414.915	0.8	NonTarget	1	82983
414.995	0.8	NonTarget	1	82999
415.08	0.8	NonTarget	1	83016
415.165	0.8	NonTarget	1	83033
415.25	0.8	NonTarget	1	83050
415.65	0.8	NonTarget	1	83130
415.735	0.8	NonTarget	1	83147
415.815	0.8	NonTarget	1	83163
415.9	0.8	NonTarget	1	83180
415.985	0.8	NonTarget	1	83197
416.065	0.8	NonTarget	1	83213
416.15	0.8	NonTarget	1	83230
416.235	0.8	NonTarget	1	83247
416.315	0.8	Target	2	83263
416.4	0.8	NonTarget	1	83280
416.485	0.8	NonTarget	1	83297
416.565	0.8	NonTarget	1	83313
416.65	0.8	NonTarget	1	83330
416.735	0.8	NonTarget	1	83347
416.815	0.8	NonTarget	1	83363
416.9	0.8	NonTarget	1	83380
416.985	0.8	NonTarget	1	83397
417.065	0.8	NonTarget	1	83413
417.15	0.8	NonTarget	1	83430
417.235	0.8	NonTarget	1	83447
417.32	0.8	NonTarget	1	83464
417.4	0.8	NonTarget	1	83480
417.485	0.8	NonTarget	1	83497
417.565	0.8	NonTarget	1	83513
417.65	0.8	NonTarget	1	83530
417.735	0.8	NonTarget	1	83547
417.815	0.8	NonTarget	1	83563
417.9	0.8	NonTarget	1	83580
417.985	0.8	NonTarget	1	83597
418.07	0.8	NonTarget	1	83614
418.465	0.8	NonTarget	1	83693
418.55	0.8	NonTarget	1	83710
418.635	0.8	NonTarget	1	83727
418.72	0.8	NonTarget	1	83744
418.8	0.8	NonTarget	1	83760
418.885	0.8	NonTarget	1	83777
418.97	0.8	NonTarget	1	83794
419.05	0.8	NonTarget	1	83810
419.135	0.8	NonTarget	1	83827
419.215	0.8	NonTarget	1	83843
419.3	0.8	NonTarget	1	83860
419.385	0.8	NonTarget	1	83877
419.47	0.8	NonTarget	1	83894
419.555	0.8	NonTarget	1	83911
419.635	0.8	NonTarget	1	83927
419.72	0.8	NonTarget	1	83944
419.8	0.8	NonTarget	1	83960
419.885	0.8	NonTarget	1	83977
419.97	0.8	NonTarget	1	83994
420.055	0.8	NonTarget	1	84011
420.135	0.8	NonTarget	1	84027
420.22	0.8	NonTarget	1	84044
420.305	0.8	NonTarget	1	84061
420.385	0.8	Target	2	84077
420.47	0.8	NonTarget	1	84094
420.55	0.8	NonTarget	1	84110
420.635	0.8	NonTarget	1	84127
420.72	0.8	NonTarget	1	84144
420.805	0.8	NonTarget	1	84161
420.89	0.8	NonTarget	1	84178
421.285	0.8	NonTarget	1	84257
421.37	0.8	NonTarget	1	84274
421.455	0.8	NonTarget	1	84291
421.535	0.8	NonTarget	1	84307
421.62	0.8	NonTarget	1	84324
421.705	0.8	NonTarget	1	84341
421.785	0.8	NonTarget	1	84357
421.87	0.8	NonTarget	1	84374
421.955	0.8	NonTarget	1	84391
422.035	0.8	NonTarget	1	84407
422.12	0.8	NonTarget	1	84424
422.205	0.8	NonTarget	1	84441
422.29	0.8	NonTarget	1	84458
422.37	0.8	NonTarget	1	84474
422.455	0.8	NonTarget	1	84491
422.54	0.8	NonTarget	1	84508
422.62	0.8	NonTarget	1	84524
422.705	0.8	NonTarget	1	84541
422.79	0.8	Target	2	84558
422.87	0.8	NonTarget	1	84574
422.955	0.8	NonTarget	1	84591
423.04	0.8	NonTarget	1	84608
423.12	0.8	NonTarget	1	84624
423.205	0.8	NonTarget	1	84641
423.29	0.8	NonTarget	1	84658
423.37	0.8	NonTarget	1	84674
423.455	0.8	NonTarget	1	84691
423.54	0.8	NonTarget	1	84708
423.62	0.8	NonTarget	1	84724
423.705	0.8	NonTarget	1	84741
424.105	0.8	NonTarget	1	84821
424.185	0.8	NonTarget	1	84837
424.275	0.8	NonTarget	1	84855
424.355	0.8	NonTarget	1	84871
424.44	0.8	NonTarget	1	84888
424.525	0.8	NonTarget	1	84905
424.605	0.8	NonTarget	1	84921
424.69	0.8	NonTarget	1	84938
424.775	0.8	NonTarget	1	84955
424.855	0.8	NonTarget	1	84971
424.94	0.8	NonTarget	1	84988
425.025	0.8	NonTarget	1	85005
425.11	0.8	NonTarget	1	85022
425.19	0.8	Target	2	85038
425.275	0.8	NonTarget	1	85055
425.355	0.8	NonTarget	1	85071
425.44	0.8	NonTarget	1	85088
425.525	0.8	NonTarget	1	85105
425.61	0.8	NonTarget	1	85122
425.69	0.8	NonTarget	1	85138
425.775	0.8	NonTarget	1	85155
425.855	0.8	NonTarget	1	85171
425.94	0.8	NonTarget	1	85188
426.025	0.8	NonTarget	1	85205
426.105	0.8	NonTarget	1	85221
426.19	0.8	NonTarget	1	85238
426.275	0.8	NonTarget	1	85255
426.355	0.8	NonTarget	1	85271
426.44	0.8	NonTarget	1	85288
426.525	0.8	NonTarget	1	85305
426.925	0.8	NonTarget	1	85385
427.005	0.8	NonTarget	1	85401
427.09	0.8	NonTarget	1	85418
427.175	0.8	NonTarget	1	85435
427.26	0.8	NonTarget	1	85452
427.34	0.8	NonTarget	1	85468
427.425	0.8	NonTarget	1	85485
427.51	0.8	NonTarget	1	85502
427.59	0.8	NonTarget	1	85518
427.675	0.8	NonTarget	1	85535
427.76	0.8	NonTarget	1	85552
427.84	0.8	NonTarget	1	85568
427.925	0.8	NonTarget	1	85585
428.01	0.8	NonTarget	1	85602
428.09	0.8	NonTarget	1	85618
428.175	0.8	NonTarget	1	85635
428.26	0.8	NonTarget	1	85652
428.345	0.8	NonTarget	1	85669
428.425	0.8	Target	2	85685
428.505	0.8	NonTarget	1	85701
428.595	0.8	NonTarget	1	85719
428.675	0.8	NonTarget	1	85735
428.76	0.8	NonTarget	1	85752
428.845	0.8	NonTarget	1	85769
428.925	0.8	NonTarget	1	85785
429.01	0.8	NonTarget	1	85802
429.09	0.8	NonTarget	1	85818
429.175	0.8	NonTarget	1	85835
429.26	0.8	NonTarget	1	85852
429.345	0.8	NonTarget	1	85869
429.74	0.8	NonTarget	1	85948
429.825	0.8	NonTarget	1	85965
429.91	0.8	NonTarget	1	85982
429.995	0.8	NonTarget	1	85999
430.075	0.8	NonTarget	1	86015
430.16	0.8	NonTarget	1	86032
430.245	0.8	NonTarget	1	86049
430.325	0.8	NonTarget	1	86065
430.41	0.8	NonTarget	1	86082
430.49	0.8	NonTarget	1	86098
430.575	0.8	NonTarget	1	86115
430.66	0.8	NonTarget	1	86132
430.745	0.8	NonTarget	1	86149
430.83	0.8	NonTarget	1	86166
430.91	0.8	NonTarget	1	86182
430.995	0.8	NonTarget	1	86199
431.08	0.8	NonTarget	1	86216
431.16	0.8	NonTarget	1	86232
431.245	0.8	NonTarget	1	86249
431.325	0.8	NonTarget	1	86265
431.41	0.8	NonTarget	1	86282
431.495	0.8	NonTarget	1	86299
431.58	0.8	NonTarget	1	86316
431.66	0.8	NonTarget	1	86332
431.745	0.8	NonTarget	1	86349
431.83	0.8	NonTarget	1	86366
431.91	0.8	NonTarget	1	86382
431.995	0.8	NonTarget	1	86399
432.08	0.8	Target	2	86416
432.16	0.8	NonTarget	1	86432
432.56	0.8	NonTarget	1	86512
432.645	0.8	NonTarget	1	86529
432.73	0.8	NonTarget	1	86546
432.81	0.8	NonTarget	1	86562
432.895	0.8	NonTarget	1	86579
432.98	0.8	NonTarget	1	86596
433.06	0.8	NonTarget	1	86612
433.145	0.8	NonTarget	1	86629
433.23	0.8	NonTarget	1	86646
433.31	0.8	NonTarget	1	86662
433.395	0.8	NonTarget	1	86679
433.48	0.8	NonTarget	1	86696
433.565	0.8	NonTarget	1	86713
433.645	0.8	NonTarget	1	86729
433.73	0.8	NonTarget	1	86746
433.815	0.8	NonTarget	1	86763
433.895	0.8	NonTarget	1	86779
433.98	0.8	NonTarget	1	86796
434.065	0.8	NonTarget	1	86813
434.145	0.8	NonTarget	1	86829
434.23	0.8	NonTarget	1	86846
434.315	0.8	NonTarget	1	86863
434.395	0.8	NonTarget	1	86879
434.48	0.8	NonTarget	1	86896
434.565	0.8	NonTarget	1	86913
434.645	0.8	NonTarget	1	86929
434.73	0.8	NonTarget	1	86946
434.815	0.8	NonTarget	1	86963
434.895	0.8	Target	2	86979
434.98	0.8	NonTarget	1	86996
435.38	0.8	NonTarget	1	87076
435.465	0.8	NonTarget	1	87093
435.545	0.8	NonTarget	1	87109
435.63	0.8	NonTarget	1	87126
435.715	0.8	NonTarget	1	87143
435.8	0.8	NonTarget	1	87160
435.88	0.8	NonTarget	1	87176
435.965	0.8	NonTarget	1	87193
436.05	0.8	NonTarget	1	87210
436.13	0.8	NonTarget	1	87226
436.215	0.8	NonTarget	1	87243
436.3	0.8	NonTarget	1	87260
436.385	0.8	NonTarget	1	87277
436.465	0.8	NonTarget	1	87293
436.55	0.8	NonTarget	1	87310
436.63	0.8	NonTarget	1	87326
436.715	0.8	NonTarget	1	87343
436.8	0.8	NonTarget	1	87360
436.88	0.8	Target	2	87376
436.965	0.8	NonTarget	1	87393
437.05	0.8	NonTarget	1	87410
437.13	0.8	NonTarget	1	87426
437.215	0.8	NonTarget	1	87443
437.3	0.8	NonTarget	1	87460
437.38	0.8	NonTarget	1	87476
437.465	0.8	NonTarget	1	87493
437.55	0.8	NonTarget	1	87510
437.63	0.8	NonTarget	1	87526
437.715	0.8	NonTarget	1	87543
437.8	0.8	NonTarget	1	87560
438.2	0.8	NonTarget	1	87640
438.28	0.8	NonTarget	1	87656
438.365	0.8	NonTarget	1	87673
438.45	0.8	NonTarget	1	87690
438.535	0.8	NonTarget	1	87707
438.615	0.8	NonTarget	1	87723
438.7	0.8	NonTarget	1	87740
438.785	0.8	NonTarget	1	87757
438.865	0.8	Target	2	87773
438.95	0.8	NonTarget	1	87790
439.035	0.8	NonTarget	1	87807
439.115	0.8	NonTarget	1	87823
439.2	0.8	NonTarget	1	87840
439.285	0.8	NonTarget	1	87857
439.365	0.8	NonTarget	1	87873
439.45	0.8	NonTarget	1	87890
439.535	0.8	NonTarget	1	87907
439.62	0.8	NonTarget	1	87924
439.7	0.8	NonTarget	1	87940
439.785	0.8	NonTarget	1	87957
439.87	0.8	NonTarget	1	87974
439.95	0.8	NonTarget	1	87990
440.035	0.8	NonTarget	1	88007
440.12	0.8	NonTarget	1	88024
440.205	0.8	NonTarget	1	88041
440.285	0.8	NonTarget	1	88057
440.37	0.8	NonTarget	1	88074
440.45	0.8	NonTarget	1	88090
440.535	0.8	NonTarget	1	88107
440.62	0.8	NonTarget	1	88124
449.175	0.8	NonTarget	1	89835
449.26	0.8	NonTarget	1	89852
449.34	0.8	NonTarget	1	89868
449.425	0.8	NonTarget	1	89885
449.51	0.8	NonTarget	1	89902
449.595	0.8	NonTarget	1	89919
449.675	0.8	Target	2	89935
449.76	0.8	NonTarget	1	89952
449.84	0.8	NonTarget	1	89968
449.925	0.8	NonTarget	1	89985
450.01	0.8	NonTarget	1	90002
450.09	0.8	NonTarget	1	90018
450.175	0.8	NonTarget	1	90035
450.26	0.8	NonTarget	1	90052
450.34	0.8	NonTarget	1	90068
450.425	0.8	NonTarget	1	90085
450.505	0.8	NonTarget	1	90101
450.59	0.8	NonTarget	1	90118
450.675	0.8	NonTarget	1	90135
450.76	0.8	NonTarget	1	90152
450.84	0.8	NonTarget	1	90168
450.925	0.8	NonTarget	1	90185
451.01	0.8	NonTarget	1	90202
451.095	0.8	NonTarget	1	90219
451.175	0.8	NonTarget	1	90235
451.26	0.8	NonTarget	1	90252
451.345	0.8	NonTarget	1	90269
451.425	0.8	NonTarget	1	90285
451.51	0.8	NonTarget	1	90302
451.595	0.8	NonTarget	1	90319
451.995	0.8	NonTarget	1	90399
452.075	0.8	NonTarget	1	90415
452.16	0.8	NonTarget	1	90432
452.245	0.8	NonTarget	1	90449
452.325	0.8	NonTarget	1	90465
452.41	0.8	NonTarget	1	90482
452.495	0.8	Target	2	90499
452.575	0.8	NonTarget	1	90515
452.66	0.8	NonTarget	1	90532
452.745	0.8	NonTarget	1	90549
452.825	0.8	NonTarget	1	90565
452.91	0.8	NonTarget	1	90582
452.995	0.8	NonTarget	1	90599
453.08	0.8	NonTarget	1	90616
453.16	0.8	NonTarget	1	90632
453.245	0.8	NonTarget	1	90649
453.325	0.8	NonTarget	1	90665
453.41	0.8	NonTarget	1	90682
453.495	0.8	NonTarget	1	90699
453.575	0.8	NonTarget	1	90715
453.66	0.8	NonTarget	1	90732
453.745	0.8	NonTarget	1	90749
453.83	0.8	NonTarget	1	90766
453.91	0.8	NonTarget	1	90782
453.995	0.8	NonTarget	1	90799
454.075	0.8	NonTarget	1	90815
454.16	0.8	NonTarget	1	90832
454.245	0.8	NonTarget	1	90849
454.33	0.8	NonTarget	1	90866
454.415	0.8	NonTarget	1	90883
454.815	0.8	NonTarget	1	90963
454.895	0.8	NonTarget	1	90979
454.98	0.8	NonTarget	1	90996
455.06	0.8	NonTarget	1	91012
455.145	0.8	NonTarget	1	91029
455.23	0.8	NonTarget	1	91046
455.31	0.8	NonTarget	1	91062
455.395	0.8	NonTarget	1	91079
455.48	0.8	NonTarget	1	91096
455.565	0.8	NonTarget	1	91113
455.645	0.8	NonTarget	1	91129
455.73	0.8	Target	2	91146
455.815	0.8	NonTarget	1	91163
455.895	0.8	NonTarget	1	91179
455.98	0.8	NonTarget	1	91196
456.06	0.8	NonTarget	1	91212
456.145	0.8	NonTarget	1	91229
456.23	0.8	NonTarget	1	91246
456.315	0.8	NonTarget	1	91263
456.395	0.8	NonTarget	1	91279
456.48	0.8	NonTarget	1	91296
456.565	0.8	NonTarget	1	91313
456.645	0.8	NonTarget	1	91329
456.73	0.8	NonTarget	1	91346
456.815	0.8	NonTarget	1	91363
456.895	0.8	NonTarget	1	91379
456.98	0.8	NonTarget	1	91396
457.065	0.8	NonTarget	1	91413
457.145	0.8	NonTarget	1	91429
457.23	0.8	NonTarget	1	91446
457.63	0.8	NonTarget	1	91526
457.715	0.8	NonTarget	1	91543
457.8	0.8	NonTarget	1	91560
457.885	0.8	NonTarget	1	91577
457.965	0.8	NonTarget	1	91593
458.045	0.8	NonTarget	1	91609
458.13	0.8	NonTarget	1	91626
458.215	0.8	NonTarget	1	91643
458.3	0.8	NonTarget	1	91660
458.385	0.8	NonTarget	1	91677
458.465	0.8	NonTarget	1	91693
458.55	0.8	NonTarget	1	91710
458.63	0.8	NonTarget	1	91726
458.715	0.8	NonTarget	1	91743
458.8	0.8	NonTarget	1	91760
458.88	0.8	NonTarget	1	91776
458.965	0.8	NonTarget	1	91793
459.05	0.8	NonTarget	1	91810
459.13	0.8	NonTarget	1	91826
459.215	0.8	NonTarget	1	91843
459.3	0.8	NonTarget	1	91860
459.38	0.8	Target	2	91876
459.465	0.8	NonTarget	1	91893
459.55	0.8	NonTarget	1	91910
459.63	0.8	NonTarget	1	91926
459.72	0.8	NonTarget	1	91944
459.8	0.8	NonTarget	1	91960
459.885	0.8	NonTarget	1	91977
459.965	0.8	NonTarget	1	91993
460.05	0.8	NonTarget	1	92010
460.45	0.8	NonTarget	1	92090
460.53	0.8	NonTarget	1	92106
460.615	0.8	NonTarget	1	92123
460.7	0.8	NonTarget	1	92140
460.785	0.8	NonTarget	1	92157
460.865	0.8	NonTarget	1	92173
460.95	0.8	Target	2	92190
461.035	0.8	NonTarget	1	92207
461.115	0.8	NonTarget	1	92223
461.2	0.8	NonTarget	1	92240
461.285	0.8	NonTarget	1	92257
461.365	0.8	NonTarget	1	92273
461.45	0.8	NonTarget	1	92290
461.535	0.8	NonTarget	1	92307
461.615	0.8	NonTarget	1	92323
461.7	0.8	NonTarget	1	92340
461.785	0.8	NonTarget	1	92357
461.865	0.8	NonTarget	1	92373
461.95	0.8	NonTarget	1	92390
462.035	0.8	NonTarget	1	92407
462.115	0.8	NonTarget	1	92423
462.2	0.8	NonTarget	1	92440
462.285	0.8	NonTarget	1	92457
462.37	0.8	NonTarget	1	92474
462.45	0.8	NonTarget	1	92490
462.535	0.8	NonTarget	1	92507
462.62	0.8	NonTarget	1	92524
462.7	0.8	NonTarget	1	92540
462.785	0.8	NonTarget	1	92557
462.87	0.8	NonTarget	1	92574
463.265	0.8	NonTarget	1	92653
463.35	0.8	Target	2	92670
463.435	0.8	NonTarget	1	92687
463.52	0.8	NonTarget	1	92704
463.6	0.8	NonTarget	1	92720
463.685	0.8	NonTarget	1	92737
463.77	0.8	NonTarget	1	92754
463.855	0.8	NonTarget	1	92771
463.935	0.8	NonTarget	1	92787
464.02	0.8	NonTarget	1	92804
464.1	0.8	NonTarget	1	92820
464.185	0.8	NonTarget	1	92837
464.27	0.8	NonTarget	1	92854
464.35	0.8	NonTarget	1	92870
464.435	0.8	NonTarget	1	92887
464.52	0.8	NonTarget	1	92904
464.6	0.8	NonTarget	1	92920
464.685	0.8	NonTarget	1	92937
464.77	0.8	NonTarget	1	92954
464.855	0.8	NonTarget	1	92971
464.935	0.8	NonTarget	1	92987
465.02	0.8	NonTarget	1	93004
465.105	0.8	NonTarget	1	93021
465.185	0.8	NonTarget	1	93037
465.27	0.8	NonTarget	1	93054
465.355	0.8	NonTarget	1	93071
465.435	0.8	NonTarget	1	93087
465.52	0.8	NonTarget	1	93104
465.605	0.8	NonTarget	1	93121
465.685	0.8	NonTarget	1	93137
466.085	0.8	NonTarget	1	93217
466.17	0.8	NonTarget	1	93234
466.25	0.8	NonTarget	1	93250
466.34	0.8	NonTarget	1	93268
466.42	0.8	NonTarget	1	93284
466.505	0.8	NonTarget	1	93301
466.59	0.8	NonTarget	1	93318
466.67	0.8	NonTarget	1	93334
466.755	0.8	NonTarget	1	93351
466.84	0.8	NonTarget	1	93368
466.92	0.8	NonTarget	1	93384
467.005	0.8	Target	2	93401
467.09	0.8	NonTarget	1	93418
467.17	0.8	NonTarget	1	93434
467.255	0.8	NonTarget	1	93451
467.34	0.8	NonTarget	1	93468
467.42	0.8	NonTarget	1	93484
467.505	0.8	NonTarget	1	93501
467.59	0.8	NonTarget	1	93518
467.67	0.8	NonTarget	1	93534
467.755	0.8	NonTarget	1	93551
467.84	0.8	NonTarget	1	93568
467.925	0.8	NonTarget	1	93585
468.005	0.8	NonTarget	1	93601
468.09	0.8	NonTarget	1	93618
468.17	0.8	NonTarget	1	93634
468.255	0.8	NonTarget	1	93651
468.34	0.8	NonTarget	1	93668
468.42	0.8	NonTarget	1	93684
468.505	0.8	NonTarget	1	93701
468.905	0.8	NonTarget	1	93781
468.99	0.8	NonTarget	1	93798
469.07	0.8	NonTarget	1	93814
469.155	0.8	NonTarget	1	93831
469.24	0.8	NonTarget	1	93848
469.325	0.8	NonTarget	1	93865
469.405	0.8	NonTarget	1	93881
469.49	0.8	NonTarget	1	93898
469.575	0.8	NonTarget	1	93915
469.655	0.8	NonTarget	1	93931
469.74	0.8	NonTarget	1	93948
469.825	0.8	NonTarget	1	93965
469.905	0.8	NonTarget	1	93981
469.99	0.8	NonTarget	1	93998
470.075	0.8	NonTarget	1	94015
470.155	0.8	NonTarget	1	94031
470.24	0.8	NonTarget	1	94048
470.325	0.8	NonTarget	1	94065
470.405	0.8	NonTarget	1	94081
470.49	0.8	NonTarget	1	94098
470.575	0.8	NonTarget	1	94115
470.66	0.8	Target	2	94132
470.74	0.8	NonTarget	1	94148
470.825	0.8	NonTarget	1	94165
470.905	0.8	NonTarget	1	94181
470.99	0.8	NonTarget	1	94198
471.075	0.8	NonTarget	1	94215
471.16	0.8	NonTarget	1	94232
471.24	0.8	NonTarget	1	94248
471.325	0.8	NonTarget	1	94265
471.725	0.8	NonTarget	1	94345
471.81	0.8	NonTarget	1	94362
471.89	0.8	NonTarget	1	94378
471.975	0.8	NonTarget	1	94395
472.06	0.8	NonTarget	1	94412
472.14	0.8	NonTarget	1	94428
472.225	0.8	NonTarget	1	94445
472.31	0.8	NonTarget	1	94462
472.39	0.8	NonTarget	1	94478
472.475	0.8	NonTarget	1	94495
472.56	0.8	NonTarget	1	94512
472.64	0.8	NonTarget	1	94528
472.725	0.8	NonTarget	1	94545
472.81	0.8	NonTarget	1	94562
472.89	0.8	NonTarget	1	94578
472.975	0.8	NonTarget	1	94595
473.055	0.8	NonTarget	1	94611
473.145	0.8	NonTarget	1	94629
473.225	0.8	NonTarget	1	94645
473.31	0.8	NonTarget	1	94662
473.395	0.8	NonTarget	1	94679
473.475	0.8	Target	2	94695
473.56	0.8	NonTarget	1	94712
473.645	0.8	NonTarget	1	94729
473.725	0.8	NonTarget	1	94745
473.81	0.8	NonTarget	1	94762
473.895	0.8	NonTarget	1	94779
473.975	0.8	NonTarget	1	94795
474.06	0.8	NonTarget	1	94812
474.145	0.8	NonTarget	1	94829
474.545	0.8	NonTarget	1	94909
474.625	0.8	NonTarget	1	94925
474.71	0.8	NonTarget	1	94942
474.795	0.8	NonTarget	1	94959
474.875	0.8	NonTarget	1	94975
474.96	0.8	NonTarget	1	94992
475.045	0.8	NonTarget	1	95009
475.125	0.8	NonTarget	1	95025
475.21	0.8	NonTarget	1	95042
475.295	0.8	NonTarget	1	95059
475.375	0.8	NonTarget	1	95075
475.46	0.8	NonTarget	1	95092
475.545	0.8	NonTarget	1	95109
475.63	0.8	NonTarget	1	95126
475.71	0.8	NonTarget	1	95142
475.795	0.8	NonTarget	1	95159
475.88	0.8	NonTarget	1	95176
475.965	0.8	NonTarget	1	95193
476.045	0.8	NonTarget	1	95209
476.13	0.8	NonTarget	1	95226
476.21	0.8	NonTarget	1	95242
476.295	0.8	Target	2	95259
476.375	0.8	NonTarget	1	95275
476.46	0.8	NonTarget	1	95292
476.545	0.8	NonTarget	1	95309
476.63	0.8	NonTarget	1	95326
476.71	0.8	NonTarget	1	95342
476.795	0.8	NonTarget	1	95359
476.88	0.8	NonTarget	1	95376
476.96	0.8	NonTarget	1	95392
485.52	0.8	NonTarget	1	97104
485.6	0.8	NonTarget	1	97120
485.685	0.8	NonTarget	1	97137
485.77	0.8	NonTarget	1	97154
485.855	0.8	NonTarget	1	97171
485.935	0.8	NonTarget	1	97187
486.02	0.8	NonTarget	1	97204
486.1	0.8	NonTarget	1	97220
486.185	0.8	NonTarget	1	97237
486.27	0.8	NonTarget	1	97254
486.355	0.8	NonTarget	1	97271
486.435	0.8	NonTarget	1	97287
486.52	0.8	NonTarget	1	97304
486.6	0.8	NonTarget	1	97320
486.685	0.8	NonTarget	1	97337
486.77	0.8	Target	2	97354
486.85	0.8	NonTarget	1	97370
486.935	0.8	NonTarget	1	97387
487.02	0.8	NonTarget	1	97404
487.1	0.8	NonTarget	1	97420
487.185	0.8	NonTarget	1	97437
487.27	0.8	NonTarget	1	97454
487.355	0.8	NonTarget	1	97471
487.435	0.8	NonTarget	1	97487
487.52	0.8	NonTarget	1	97504
487.6	0.8	NonTarget	1	97520
487.685	0.8	NonTarget	1	97537
487.77	0.8	NonTarget	1	97554
487.855	0.8	NonTarget	1	97571
487.935	0.8	NonTarget	1	97587
488.335	0.8	NonTarget	1	97667
488.42	0.8	NonTarget	1	97684
488.505	0.8	NonTarget	1	97701
488.585	0.8	NonTarget	1	97717
488.67	0.8	NonTarget	1	97734
488.755	0.8	Target	2	97751
488.84	0.8	NonTarget	1	97768
488.92	0.8	NonTarget	1	97784
489.005	0.8	NonTarget	1	97801
489.085	0.8	NonTarget	1	97817
489.17	0.8	NonTarget	1	97834
489.255	0.8	NonTarget	1	97851
489.335	0.8	NonTarget	1	97867
489.42	0.8	NonTarget	1	97884
489.505	0.8	NonTarget	1	97901
489.585	0.8	NonTarget	1	97917
489.67	0.8	NonTarget	1	97934
489.755	0.8	NonTarget	1	97951
489.84	0.8	NonTarget	1	97968
489.92	0.8	NonTarget	1	97984
490.005	0.8	NonTarget	1	98001
490.09	0.8	NonTarget	1	98018
490.17	0.8	NonTarget	1	98034
490.255	0.8	NonTarget	1	98051
490.34	0.8	NonTarget	1	98068
490.42	0.8	NonTarget	1	98084
490.505	0.8	NonTarget	1	98101
490.59	0.8	NonTarget	1	98118
490.675	0.8	NonTarget	1	98135
490.755	0.8	NonTarget	1	98151
491.155	0.8	NonTarget	1	98231
491.24	0.8	NonTarget	1	98248
491.325	0.8	NonTarget	1	98265
491.405	0.8	NonTarget	1	98281
491.49	0.8	NonTarget	1	98298
491.575	0.8	NonTarget	1	98315
491.655	0.8	NonTarget	1	98331
491.74	0.8	NonTarget	1	98348
491.825	0.8	NonTarget	1	98365
491.905	0.8	NonTarget	1	98381
491.99	0.8	NonTarget	1	98398
492.075	0.8	NonTarget	1	98415
492.155	0.8	NonTarget	1	98431
492.24	0.8	NonTarget	1	98448
492.32	0.8	NonTarget	1	98464
492.405	0.8	NonTarget	1	98481
492.49	0.8	NonTarget	1	98498
492.57	0.8	NonTarget	1	98514
492.655	0.8	NonTarget	1	98531
492.74	0.8	NonTarget	1	98548
492.825	0.8	Target	2	98565
492.91	0.8	NonTarget	1	98582
492.99	0.8	NonTarget	1	98598
493.075	0.8	NonTarget	1	98615
493.155	0.8	NonTarget	1	98631
493.245	0.8	NonTarget	1	98649
493.325	0.8	NonTarget	1	98665
493.41	0.8	NonTarget	1	98682
493.49	0.8	NonTarget	1	98698
493.575	0.8	NonTarget	1	98715
493.975	0.8	NonTarget	1	98795
494.06	0.8	NonTarget	1	98812
494.14	0.8	NonTarget	1	98828
494.225	0.8	NonTarget	1	98845
494.305	0.8	NonTarget	1	98861
494.39	0.8	Target	2	98878
494.475	0.8	NonTarget	1	98895
494.555	0.8	NonTarget	1	98911
494.64	0.8	NonTarget	1	98928
494.725	0.8	NonTarget	1	98945
494.81	0.8	NonTarget	1	98962
494.89	0.8	NonTarget	1	98978
494.975	0.8	NonTarget	1	98995
495.06	0.8	NonTarget	1	99012
495.14	0.8	NonTarget	1	99028
495.225	0.8	NonTarget	1	99045
495.31	0.8	NonTarget	1	99062
495.395	0.8	NonTarget	1	99079
495.475	0.8	NonTarget	1	99095
495.56	0.8	NonTarget	1	99112
495.64	0.8	NonTarget	1	99128
495.725	0.8	NonTarget	1	99145
495.81	0.8	NonTarget	1	99162
495.895	0.8	NonTarget	1	99179
495.975	0.8	NonTarget	1	99195
496.06	0.8	NonTarget	1	99212
496.145	0.8	NonTarget	1	99229
496.225	0.8	NonTarget	1	99245
496.31	0.8	NonTarget	1	99262
496.395	0.8	NonTarget	1	99279
496.795	0.8	NonTarget	1	99359
496.875	0.8	NonTarget	1	99375
496.96	0.8	NonTarget	1	99392
497.045	0.8	NonTarget	1	99409
497.125	0.8	NonTarget	1	99425
497.21	0.8	NonTarget	1	99442
497.295	0.8	NonTarget	1	99459
497.375	0.8	NonTarget	1	99475
497.46	0.8	NonTarget	1	99492
497.545	0.8	NonTarget	1	99509
497.625	0.8	Target	2	99525
497.71	0.8	NonTarget	1	99542
497.795	0.8	NonTarget	1	99559
497.88	0.8	NonTarget	1	99576
497.96	0.8	NonTarget	1	99592
498.045	0.8	NonTarget	1	99609
498.13	0.8	NonTarget	1	99626
498.21	0.8	NonTarget	1	99642
498.295	0.8	NonTarget	1	99659
498.38	0.8	NonTarget	1	99676
498.46	0.8	NonTarget	1	99692
498.545	0.8	NonTarget	1	99709
498.63	0.8	NonTarget	1	99726
498.71	0.8	NonTarget	1	99742
498.795	0.8	NonTarget	1	99759
498.88	0.8	NonTarget	1	99776
498.96	0.8	NonTarget	1	99792
499.045	0.8	NonTarget	1	99809
499.13	0.8	NonTarget	1	99826
499.21	0.8	NonTarget	1	99842
499.61	0.8	Target	2	99922
499.695	0.8	NonTarget	1	99939
499.78	0.8	NonTarget	1	99956
499.865	0.8	NonTarget	1	99973
499.945	0.8	NonTarget	1	99989
500.03	0.8	NonTarget	1	100006
500.115	0.8	NonTarget	1	100023
500.195	0.8	NonTarget	1	100039
500.28	0.8	NonTarget	1	100056
500.365	0.8	NonTarget	1	100073
500.445	0.8	NonTarget	1	100089
500.53	0.8	NonTarget	1	100106
500.61	0.8	NonTarget	1	100122
500.695	0.8	NonTarget	1	100139
500.78	0.8	NonTarget	1	100156
500.865	0.8	NonTarget	1	100173
500.945	0.8	NonTarget	1	100189
501.03	0.8	NonTarget	1	100206
501.115	0.8	NonTarget	1	100223
501.195	0.8	NonTarget	1	100239
501.28	0.8	NonTarget	1	100256
501.36	0.8	NonTarget	1	100272
501.45	0.8	NonTarget	1	100290
501.53	0.8	NonTarget	1	100306
501.615	0.8	NonTarget	1	100323
501.695	0.8	NonTarget	1	100339
501.78	0.8	NonTarget	1	100356
501.865	0.8	NonTarget	1	100373
501.95	0.8	NonTarget	1	100390
502.03	0.8	NonTarget	1	100406
502.43	0.8	NonTarget	1	100486
502.515	0.8	NonTarget	1	100503
502.595	0.8	NonTarget	1	100519
502.685	0.8	NonTarget	1	100537
502.765	0.8	NonTarget	1	100553
502.85	0.8	Target	2	100570
502.93	0.8	NonTarget	1	100586
503.015	0.8	NonTarget	1	100603
503.1	0.8	NonTarget	1	100620
503.18	0.8	NonTarget	1	100636
503.265	0.8	NonTarget	1	100653
503.35	0.8	NonTarget	1	100670
503.43	0.8	NonTarget	1	100686
503.515	0.8	NonTarget	1	100703
503.6	0.8	NonTarget	1	100720
503.685	0.8	NonTarget	1	100737
503.765	0.8	NonTarget	1	100753
503.85	0.8	NonTarget	1	100770
503.93	0.8	NonTarget	1	100786
504.015	0.8	NonTarget	1	100803
504.1	0.8	NonTarget	1	100820
504.18	0.8	NonTarget	1	100836
504.265	0.8	NonTarget	1	100853
504.35	0.8	NonTarget	1	100870
504.435	0.8	NonTarget	1	100887
504.515	0.8	NonTarget	1	100903
504.6	0.8	NonTarget	1	100920
504.685	0.8	NonTarget	1	100937
504.765	0.8	NonTarget	1	100953
504.85	0.8	NonTarget	1	100970
505.25	0.8	NonTarget	1	101050
505.335	0.8	NonTarget	1	101067
505.42	0.8	NonTarget	1	101084
505.5	0.8	NonTarget	1	101100
505.585	0.8	NonTarget	1	101117
505.665	0.8	NonTarget	1	101133
505.75	0.8	NonTarget	1	101150
505.835	0.8	NonTarget	1	101167
505.915	0.8	NonTarget	1	101183
506.0	0.8	NonTarget	1	101200
506.085	0.8	NonTarget	1	101217
506.165	0.8	NonTarget	1	101233
506.25	0.8	NonTarget	1	101250
506.335	0.8	NonTarget	1	101267
506.415	0.8	NonTarget	1	101283
506.5	0.8	NonTarget	1	101300
506.585	0.8	NonTarget	1	101317
506.665	0.8	NonTarget	1	101333
506.75	0.8	NonTarget	1	101350
506.835	0.8	NonTarget	1	101367
506.92	0.8	Target	2	101384
507.0	0.8	NonTarget	1	101400
507.085	0.8	NonTarget	1	101417
507.17	0.8	NonTarget	1	101434
507.255	0.8	NonTarget	1	101451
507.335	0.8	NonTarget	1	101467
507.42	0.8	NonTarget	1	101484
507.5	0.8	NonTarget	1	101500
507.585	0.8	NonTarget	1	101517
507.67	0.8	NonTarget	1	101534
508.07	0.8	NonTarget	1	101614
508.15	0.8	NonTarget	1	101630
508.235	0.8	NonTarget	1	101647
508.32	0.8	NonTarget	1	101664
508.4	0.8	NonTarget	1	101680
508.485	0.8	NonTarget	1	101697
508.57	0.8	NonTarget	1	101714
508.655	0.8	NonTarget	1	101731
508.735	0.8	NonTarget	1	101747
508.82	0.8	NonTarget	1	101764
508.9	0.8	NonTarget	1	101780
508.985	0.8	NonTarget	1	101797
509.07	0.8	NonTarget	1	101814
509.155	0.8	NonTarget	1	101831
509.235	0.8	NonTarget	1	101847
509.32	0.8	Target	2	101864
509.405	0.8	NonTarget	1	101881
509.485	0.8	NonTarget	1	101897
509.57	0.8	NonTarget	1	101914
509.65	0.8	NonTarget	1	101930
509.735	0.8	NonTarget	1	101947
509.82	0.8	NonTarget	1	101964
509.9	0.8	NonTarget	1	101980
509.99	0.8	NonTarget	1	101998
510.07	0.8	NonTarget	1	102014
510.15	0.8	NonTarget	1	102030
510.235	0.8	NonTarget	1	102047
510.32	0.8	NonTarget	1	102064
510.405	0.8	NonTarget	1	102081
510.485	0.8	NonTarget	1	102097
510.89	0.8	NonTarget	1	102178
510.97	0.8	NonTarget	1	102194
511.055	0.8	NonTarget	1	102211
511.135	0.8	NonTarget	1	102227
511.22	0.8	NonTarget	1	102244
511.305	0.8	Target	2	102261
511.385	0.8	NonTarget	1	102277
511.47	0.8	NonTarget	1	102294
511.555	0.8	NonTarget	1	102311
511.64	0.8	NonTarget	1	102328
511.72	0.8	NonTarget	1	102344
511.805	0.8	NonTarget	1	102361
511.89	0.8	NonTarget	1	102378
511.97	0.8	NonTarget	1	102394
512.055	0.8	NonTarget	1	102411
512.135	0.8	NonTarget	1	102427
512.22	0.8	NonTarget	1	102444
512.305	0.8	NonTarget	1	102461
512.39	0.8	NonTarget	1	102478
512.47	0.8	NonTarget	1	102494
512.555	0.8	NonTarget	1	102511
512.64	0.8	NonTarget	1	102528
512.725	0.8	NonTarget	1	102545
512.805	0.8	NonTarget	1	102561
512.89	0.8	NonTarget	1	102578
512.97	0.8	NonTarget	1	102594
513.055	0.8	NonTarget	1	102611
513.14	0.8	NonTarget	1	102628
513.225	0.8	NonTarget	1	102645
513.305	0.8	NonTarget	1	102661
521.865	0.8	NonTarget	1	104373
521.945	0.8	NonTarget	1	104389
522.03	0.8	NonTarget	1	104406
522.11	0.8	NonTarget	1	104422
522.195	0.8	NonTarget	1	104439
522.28	0.8	NonTarget	1	104456
522.365	0.8	NonTarget	1	104473
522.445	0.8	NonTarget	1	104489
522.53	0.8	NonTarget	1	104506
522.615	0.8	NonTarget	1	104523
522.695	0.8	NonTarget	1	104539
522.78	0.8	NonTarget	1	104556
522.865	0.8	Target	2	104573
522.945	0.8	NonTarget	1	104589
523.03	0.8	NonTarget	1	104606
523.115	0.8	NonTarget	1	104623
523.195	0.8	NonTarget	1	104639
523.28	0.8	NonTarget	1	104656
523.365	0.8	NonTarget	1	104673
523.445	0.8	NonTarget	1	104689
523.53	0.8	NonTarget	1	104706
523.615	0.8	NonTarget	1	104723
523.695	0.8	NonTarget	1	104739
523.78	0.8	NonTarget	1	104756
523.86	0.8	NonTarget	1	104772
523.945	0.8	NonTarget	1	104789
524.03	0.8	NonTarget	1	104806
524.115	0.8	NonTarget	1	104823
524.2	0.8	NonTarget	1	104840
524.28	0.8	NonTarget	1	104856
524.68	0.8	NonTarget	1	104936
524.765	0.8	NonTarget	1	104953
524.85	0.8	NonTarget	1	104970
524.93	0.8	NonTarget	1	104986
525.015	0.8	NonTarget	1	105003
525.1	0.8	NonTarget	1	105020
525.18	0.8	NonTarget	1	105036
525.265	0.8	NonTarget	1	105053
525.35	0.8	NonTarget	1	105070
525.43	0.8	NonTarget	1	105086
525.515	0.8	NonTarget	1	105103
525.6	0.8	NonTarget	1	105120
525.68	0.8	Target	2	105136
525.765	0.8	NonTarget	1	105153
525.845	0.8	NonTarget	1	105169
525.93	0.8	NonTarget	1	105186
526.015	0.8	NonTarget	1	105203
526.1	0.8	NonTarget	1	105220
526.18	0.8	NonTarget	1	105236
526.265	0.8	NonTarget	1	105253
526.35	0.8	NonTarget	1	105270
526.43	0.8	NonTarget	1	105286
526.515	0.8	NonTarget	1	105303
526.6	0.8	NonTarget	1	105320
526.68	0.8	NonTarget	1	105336
526.765	0.8	NonTarget	1	105353
526.845	0.8	NonTarget	1	105369
526.935	0.8	NonTarget	1	105387
527.015	0.8	NonTarget	1	105403
527.1	0.8	NonTarget	1	105420
527.495	0.8	NonTarget	1	105499
527.58	0.8	NonTarget	1	105516
527.67	0.8	NonTarget	1	105534
527.75	0.8	NonTarget	1	105550
527.835	0.8	NonTarget	1	105567
527.915	0.8	NonTarget	1	105583
528.0	0.8	NonTarget	1	105600
528.085	0.8	Target	2	105617
528.165	0.8	NonTarget	1	105633
528.25	0.8	NonTarget	1	105650
528.335	0.8	NonTarget	1	105667
528.415	0.8	NonTarget	1	105683
528.5	0.8	NonTarget	1	105700
528.585	0.8	NonTarget	1	105717
528.67	0.8	NonTarget	1	105734
528.75	0.8	NonTarget	1	105750
528.835	0.8	NonTarget	1	105767
528.915	0.8	NonTarget	1	105783
529.0	0.8	NonTarget	1	105800
529.085	0.8	NonTarget	1	105817
529.17	0.8	NonTarget	1	105834
529.25	0.8	NonTarget	1	105850
529.335	0.8	NonTarget	1	105867
529.42	0.8	NonTarget	1	105884
529.5	0.8	NonTarget	1	105900
529.585	0.8	NonTarget	1	105917
529.67	0.8	NonTarget	1	105934
529.75	0.8	NonTarget	1	105950
529.835	0.8	NonTarget	1	105967
529.92	0.8	NonTarget	1	105984
530.32	0.8	NonTarget	1	106064
530.4	0.8	NonTarget	1	106080
530.485	0.8	NonTarget	1	106097
530.57	0.8	NonTarget	1	106114
530.65	0.8	NonTarget	1	106130
530.735	0.8	NonTarget	1	106147
530.82	0.8	NonTarget	1	106164
530.9	0.8	Target	2	106180
530.985	0.8	NonTarget	1	106197
531.07	0.8	NonTarget	1	106214
531.15	0.8	NonTarget	1	106230
531.235	0.8	NonTarget	1	106247
531.32	0.8	NonTarget	1	106264
531.4	0.8	NonTarget	1	106280
531.49	0.8	NonTarget	1	106298
531.57	0.8	NonTarget	1	106314
531.655	0.8	NonTarget	1	106331
531.74	0.8	NonTarget	1	106348
531.82	0.8	NonTarget	1	106364
531.9	0.8	NonTarget	1	106380
531.985	0.8	NonTarget	1	106397
532.07	0.8	NonTarget	1	106414
532.155	0.8	NonTarget	1	106431
532.235	0.8	NonTarget	1	106447
532.32	0.8	NonTarget	1	106464
532.405	0.8	NonTarget	1	106481
532.485	0.8	NonTarget	1	106497
532.57	0.8	NonTarget	1	106514
532.655	0.8	NonTarget	1	106531
532.735	0.8	NonTarget	1	106547
533.14	0.8	NonTarget	1	106628
533.22	0.8	NonTarget	1	106644
533.305	0.8	NonTarget	1	106661
533.39	0.8	NonTarget	1	106678
533.47	0.8	NonTarget	1	106694
533.555	0.8	NonTarget	1	106711
533.635	0.8	NonTarget	1	106727
533.72	0.8	NonTarget	1	106744
533.805	0.8	NonTarget	1	106761
533.885	0.8	NonTarget	1	106777
533.97	0.8	NonTarget	1	106794
534.055	0.8	NonTarget	1	106811
534.14	0.8	Target	2	106828
534.225	0.8	NonTarget	1	106845
534.305	0.8	NonTarget	1	106861
534.39	0.8	NonTarget	1	106878
534.47	0.8	NonTarget	1	106894
534.555	0.8	NonTarget	1	106911
534.64	0.8	NonTarget	1	106928
534.72	0.8	NonTarget	1	106944
534.805	0.8	NonTarget	1	106961
534.89	0.8	NonTarget	1	106978
534.97	0.8	NonTarget	1	106994
535.055	0.8	NonTarget	1	107011
535.14	0.8	NonTarget	1	107028
535.22	0.8	NonTarget	1	107044
535.305	0.8	NonTarget	1	107061
535.39	0.8	NonTarget	1	107078
535.475	0.8	NonTarget	1	107095
535.555	0.8	NonTarget	1	107111
535.955	0.8	NonTarget	1	107191
536.04	0.8	NonTarget	1	107208
536.125	0.8	NonTarget	1	107225
536.205	0.8	NonTarget	1	107241
536.29	0.8	NonTarget	1	107258
536.375	0.8	NonTarget	1	107275
536.455	0.8	NonTarget	1	107291
536.54	0.8	NonTarget	1	107308
536.625	0.8	NonTarget	1	107325
536.705	0.8	NonTarget	1	107341
536.79	0.8	NonTarget	1	107358
536.87	0.8	NonTarget	1	107374
536.955	0.8	Target	2	107391
537.04	0.8	NonTarget	1	107408
537.125	0.8	NonTarget	1	107425
537.205	0.8	NonTarget	1	107441
537.29	0.8	NonTarget	1	107458
537.375	0.8	NonTarget	1	107475
537.455	0.8	NonTarget	1	107491
537.54	0.8	NonTarget	1	107508
537.625	0.8	NonTarget	1	107525
537.71	0.8	NonTarget	1	107542
537.79	0.8	NonTarget	1	107558
537.875	0.8	NonTarget	1	107575
537.955	0.8	NonTarget	1	107591
538.04	0.8	NonTarget	1	107608
538.125	0.8	NonTarget	1	107625
538.21	0.8	NonTarget	1	107642
538.29	0.8	NonTarget	1	107658
538.375	0.8	NonTarget	1	107675
538.775	0.8	NonTarget	1	107755
538.855	0.8	NonTarget	1	107771
538.94	0.8	NonTarget	1	107788
539.025	0.8	NonTarget	1	107805
539.11	0.8	NonTarget	1	107822
539.19	0.8	NonTarget	1	107838
539.275	0.8	NonTarget	1	107855
539.36	0.8	Target	2	107872
539.44	0.8	NonTarget	1	107888
539.53	0.8	NonTarget	1	107906
539.61	0.8	NonTarget	1	107922
539.695	0.8	NonTarget	1	107939
539.775	0.8	NonTarget	1	107955
539.86	0.8	NonTarget	1	107972
539.94	0.8	NonTarget	1	107988
540.025	0.8	NonTarget	1	108005
540.11	0.8	NonTarget	1	108022
540.19	0.8	NonTarget	1	108038
540.275	0.8	NonTarget	1	108055
540.36	0.8	NonTarget	1	108072
540.445	0.8	NonTarget	1	108089
540.525	0.8	NonTarget	1	108105
540.61	0.8	NonTarget	1	108122
540.695	0.8	NonTarget	1	108139
540.775	0.8	NonTarget	1	108155
540.86	0.8	NonTarget	1	108172
540.945	0.8	NonTarget	1	108189
541.025	0.8	NonTarget	1	108205
541.11	0.8	NonTarget	1	108222
541.19	0.8	NonTarget	1	108238
541.595	0.8	NonTarget	1	108319
541.675	0.8	NonTarget	1	108335
541.76	0.8	Target	2	108352
541.845	0.8	NonTarget	1	108369
541.925	0.8	NonTarget	1	108385
542.01	0.8	NonTarget	1	108402
542.095	0.8	NonTarget	1	108419
542.18	0.8	NonTarget	1	108436
542.26	0.8	NonTarget	1	108452
542.345	0.8	NonTarget	1	108469
542.425	0.8	NonTarget	1	108485
542.51	0.8	NonTarget	1	108502
542.595	0.8	NonTarget	1	108519
542.68	0.8	NonTarget	1	108536
542.76	0.8	NonTarget	1	108552
542.845	0.8	NonTarget	1	108569
542.93	0.8	NonTarget	1	108586
543.01	0.8	NonTarget	1	108602
543.095	0.8	NonTarget	1	108619
543.175	0.8	NonTarget	1	108635
543.26	0.8	NonTarget	1	108652
543.345	0.8	NonTarget	1	108669
543.425	0.8	NonTarget	1	108685
543.51	0.8	NonTarget	1	108702
543.595	0.8	NonTarget	1	108719
543.68	0.8	NonTarget	1	108736
543.76	0.8	NonTarget	1	108752
543.845	0.8	NonTarget	1	108769
543.93	0.8	NonTarget	1	108786
544.01	0.8	NonTarget	1	108802
544.41	0.8	NonTarget	1	108882
544.495	0.8	NonTarget	1	108899
544.58	0.8	NonTarget	1	108916
544.665	0.8	NonTarget	1	108933
544.745	0.8	NonTarget	1	108949
544.83	0.8	NonTarget	1	108966
544.915	0.8	NonTarget	1	108983
544.995	0.8	NonTarget	1	108999
545.08	0.8	NonTarget	1	109016
545.165	0.8	NonTarget	1	109033
545.245	0.8	NonTarget	1	109049
545.33	0.8	NonTarget	1	109066
545.415	0.8	NonTarget	1	109083
545.495	0.8	NonTarget	1	109099
545.58	0.8	NonTarget	1	109116
545.66	0.8	NonTarget	1	109132
545.745	0.8	NonTarget	1	109149
545.83	0.8	NonTarget	1	109166
545.915	0.8	NonTarget	1	109183
545.995	0.8	NonTarget	1	109199
546.08	0.8	NonTarget	1	109216
546.16	0.8	NonTarget	1	109232
546.25	0.8	NonTarget	1	109250
546.33	0.8	NonTarget	1	109266
546.415	0.8	NonTarget	1	109283
546.495	0.8	NonTarget	1	109299
546.58	0.8	NonTarget	1	109316
546.665	0.8	Target	2	109333
546.745	0.8	NonTarget	1	109349
546.83	0.8	NonTarget	1	109366
547.23	0.8	NonTarget	1	109446
547.315	0.8	NonTarget	1	109463
547.4	0.8	NonTarget	1	109480
547.48	0.8	NonTarget	1	109496
547.565	0.8	NonTarget	1	109513
547.65	0.8	NonTarget	1	109530
547.73	0.8	NonTarget	1	109546
547.815	0.8	NonTarget	1	109563
547.9	0.8	NonTarget	1	109580
547.98	0.8	NonTarget	1	109596
548.065	0.8	NonTarget	1	109613
548.15	0.8	NonTarget	1	109630
548.23	0.8	NonTarget	1	109646
548.315	0.8	NonTarget	1	109663
548.4	0.8	NonTarget	1	109680
548.485	0.8	NonTarget	1	109697
548.565	0.8	NonTarget	1	109713
548.65	0.8	NonTarget	1	109730
548.73	0.8	NonTarget	1	109746
548.815	0.8	NonTarget	1	109763
548.9	0.8	NonTarget	1	109780
548.98	0.8	NonTarget	1	109796
549.065	0.8	Target	2	109813
549.15	0.8	NonTarget	1	109830
549.235	0.8	NonTarget	1	109847
549.315	0.8	NonTarget	1	109863
549.4	0.8	NonTarget	1	109880
549.485	0.8	NonTarget	1	109897
549.565	0.8	NonTarget	1	109913
549.65	0.8	NonTarget	1	109930
558.21	0.8	NonTarget	1	111642
558.29	0.8	NonTarget	1	111658
558.37	0.8	Target	2	111674
558.46	0.8	NonTarget	1	111692
558.54	0.8	NonTarget	1	111708
558.625	0.8	NonTarget	1	111725
558.705	0.8	NonTarget	1	111741
558.79	0.8	NonTarget	1	111758
558.875	0.8	NonTarget	1	111775
558.955	0.8	NonTarget	1	111791
559.04	0.8	NonTarget	1	111808
559.12	0.8	NonTarget	1	111824
559.205	0.8	NonTarget	1	111841
559.29	0.8	NonTarget	1	111858
559.375	0.8	NonTarget	1	111875
559.455	0.8	NonTarget	1	111891
559.54	0.8	NonTarget	1	111908
559.625	0.8	NonTarget	1	111925
559.705	0.8	NonTarget	1	111941
559.79	0.8	NonTarget	1	111958
559.875	0.8	NonTarget	1	111975
559.955	0.8	NonTarget	1	111991
560.04	0.8	NonTarget	1	112008
560.125	0.8	NonTarget	1	112025
560.21	0.8	NonTarget	1	112042
560.29	0.8	NonTarget	1	112058
560.375	0.8	NonTarget	1	112075
560.46	0.8	NonTarget	1	112092
560.54	0.8	NonTarget	1	112108
560.625	0.8	NonTarget	1	112125
561.025	0.8	NonTarget	1	112205
561.11	0.8	NonTarget	1	112222
561.19	0.8	NonTarget	1	112238
561.275	0.8	NonTarget	1	112255
561.36	0.8	NonTarget	1	112272
561.44	0.8	NonTarget	1	112288
561.525	0.8	NonTarget	1	112305
561.605	0.8	Target	2	112321
561.69	0.8	NonTarget	1	112338
561.775	0.8	NonTarget	1	112355
561.855	0.8	NonTarget	1	112371
561.945	0.8	NonTarget	1	112389
562.025	0.8	NonTarget	1	112405
562.11	0.8	NonTarget	1	112422
562.195	0.8	NonTarget	1	112439
562.275	0.8	NonTarget	1	112455
562.36	0.8	NonTarget	1	112472
562.445	0.8	NonTarget	1	112489
562.53	0.8	NonTarget	1	112506
562.61	0.8	NonTarget	1	112522
562.695	0.8	NonTarget	1	112539
562.775	0.8	NonTarget	1	112555
562.86	0.8	NonTarget	1	112572
562.945	0.8	NonTarget	1	112589
563.025	0.8	NonTarget	1	112605
563.11	0.8	NonTarget	1	112622
563.195	0.8	NonTarget	1	112639
563.275	0.8	NonTarget	1	112655
563.36	0.8	NonTarget	1	112672
563.445	0.8	NonTarget	1	112689
563.845	0.8	NonTarget	1	112769
563.925	0.8	NonTarget	1	112785
564.01	0.8	Target	2	112802
564.095	0.8	NonTarget	1	112819
564.18	0.8	NonTarget	1	112836
564.26	0.8	NonTarget	1	112852
564.345	0.8	NonTarget	1	112869
564.425	0.8	NonTarget	1	112885
564.51	0.8	NonTarget	1	112902
564.595	0.8	NonTarget	1	112919
564.675	0.8	NonTarget	1	112935
564.76	0.8	NonTarget	1	112952
564.845	0.8	NonTarget	1	112969
564.93	0.8	NonTarget	1	112986
565.01	0.8	NonTarget	1	113002
565.095	0.8	NonTarget	1	113019
565.18	0.8	NonTarget	1	113036
565.26	0.8	NonTarget	1	113052
565.345	0.8	NonTarget	1	113069
565.43	0.8	NonTarget	1	113086
565.51	0.8	NonTarget	1	113102
565.595	0.8	NonTarget	1	113119
565.68	0.8	NonTarget	1	113136
565.765	0.8	NonTarget	1	113153
565.845	0.8	NonTarget	1	113169
565.93	0.8	NonTarget	1	113186
566.01	0.8	NonTarget	1	113202
566.095	0.8	NonTarget	1	113219
566.18	0.8	NonTarget	1	113236
566.26	0.8	NonTarget	1	113252
566.66	0.8	NonTarget	1	113332
566.745	0.8	NonTarget	1	113349
566.83	0.8	NonTarget	1	113366
566.915	0.8	NonTarget	1	113383
566.995	0.8	NonTarget	1	113399
567.08	0.8	NonTarget	1	113416
567.165	0.8	NonTarget	1	113433
567.245	0.8	NonTarget	1	113449
567.33	0.8	NonTarget	1	113466
567.415	0.8	NonTarget	1	113483
567.495	0.8	NonTarget	1	113499
567.58	0.8	NonTarget	1	113516
567.66	0.8	Target	2	113532
567.745	0.8	NonTarget	1	113549
567.83	0.8	NonTarget	1	113566
567.915	0.8	NonTarget	1	113583
568.0	0.8	NonTarget	1	113600
568.08	0.8	NonTarget	1	113616
568.165	0.8	NonTarget	1	113633
568.245	0.8	NonTarget	1	113649
568.33	0.8	NonTarget	1	113666
568.415	0.8	NonTarget	1	113683
568.495	0.8	NonTarget	1	113699
568.58	0.8	NonTarget	1	113716
568.665	0.8	NonTarget	1	113733
568.75	0.8	NonTarget	1	113750
568.83	0.8	NonTarget	1	113766
568.915	0.8	NonTarget	1	113783
569.0	0.8	NonTarget	1	113800
569.08	0.8	NonTarget	1	113816
569.48	0.8	NonTarget	1	113896
569.565	0.8	NonTarget	1	113913
569.65	0.8	NonTarget	1	113930
569.735	0.8	NonTarget	1	113947
569.815	0.8	NonTarget	1	113963
569.9	0.8	NonTarget	1	113980
569.98	0.8	NonTarget	1	113996
570.065	0.8	NonTarget	1	114013
570.15	0.8	NonTarget	1	114030
570.23	0.8	NonTarget	1	114046
570.315	0.8	NonTarget	1	114063
570.4	0.8	NonTarget	1	114080
570.48	0.8	NonTarget	1	114096
570.565	0.8	NonTarget	1	114113
570.645	0.8	NonTarget	1	114129
570.735	0.8	NonTarget	1	114147
570.815	0.8	NonTarget	1	114163
570.9	0.8	Target	2	114180
570.98	0.8	NonTarget	1	114196
571.065	0.8	NonTarget	1	114213
571.15	0.8	NonTarget	1	114230
571.23	0.8	NonTarget	1	114246
571.315	0.8	NonTarget	1	114263
571.4	0.8	NonTarget	1	114280
571.485	0.8	NonTarget	1	114297
571.565	0.8	NonTarget	1	114313
571.65	0.8	NonTarget	1	114330
571.735	0.8	NonTarget	1	114347
571.815	0.8	NonTarget	1	114363
571.9	0.8	NonTarget	1	114380
572.3	0.8	NonTarget	1	114460
572.385	0.8	NonTarget	1	114477
572.465	0.8	NonTarget	1	114493
572.55	0.8	NonTarget	1	114510
572.63	0.8	NonTarget	1	114526
572.715	0.8	NonTarget	1	114543
572.8	0.8	NonTarget	1	114560
572.885	0.8	NonTarget	1	114577
572.97	0.8	NonTarget	1	114594
573.05	0.8	NonTarget	1	114610
573.135	0.8	NonTarget	1	114627
573.22	0.8	NonTarget	1	114644
573.3	0.8	Target	2	114660
573.385	0.8	NonTarget	1	114677
573.47	0.8	NonTarget	1	114694
573.55	0.8	NonTarget	1	114710
573.635	0.8	NonTarget	1	114727
573.72	0.8	NonTarget	1	114744
573.805	0.8	NonTarget	1	114761
573.885	0.8	NonTarget	1	114777
573.965	0.8	NonTarget	1	114793
574.05	0.8	NonTarget	1	114810
574.135	0.8	NonTarget	1	114827
574.22	0.8	NonTarget	1	114844
574.3	0.8	NonTarget	1	114860
574.385	0.8	NonTarget	1	114877
574.47	0.8	NonTarget	1	114894
574.55	0.8	NonTarget	1	114910
574.635	0.8	NonTarget	1	114927
574.72	0.8	NonTarget	1	114944
575.12	0.8	NonTarget	1	115024
575.205	0.8	NonTarget	1	115041
575.285	0.8	NonTarget	1	115057
575.37	0.8	NonTarget	1	115074
575.45	0.8	NonTarget	1	115090
575.535	0.8	NonTarget	1	115107
575.62	0.8	NonTarget	1	115124
575.7	0.8	Target	2	115140
575.785	0.8	NonTarget	1	115157
575.865	0.8	NonTarget	1	115173
575.955	0.8	NonTarget	1	115191
576.035	0.8	NonTarget	1	115207
576.12	0.8	NonTarget	1	115224
576.205	0.8	NonTarget	1	115241
576.285	0.8	NonTarget	1	115257
576.37	0.8	NonTarget	1	115274
576.45	0.8	NonTarget	1	115290
576.535	0.8	NonTarget	1	115307
576.62	0.8	NonTarget	1	115324
576.705	0.8	NonTarget	1	115341
576.785	0.8	NonTarget	1	115357
576.87	0.8	NonTarget	1	115374
576.955	0.8	NonTarget	1	115391
577.035	0.8	NonTarget	1	115407
577.12	0.8	NonTarget	1	115424
577.205	0.8	NonTarget	1	115441
577.285	0.8	NonTarget	1	115457
577.37	0.8	NonTarget	1	115474
577.455	0.8	NonTarget	1	115491
577.535	0.8	NonTarget	1	115507
577.935	0.8	NonTarget	1	115587
578.02	0.8	NonTarget	1	115604
578.105	0.8	NonTarget	1	115621
578.19	0.8	NonTarget	1	115638
578.27	0.8	NonTarget	1	115654
578.355	0.8	NonTarget	1	115671
578.44	0.8	NonTarget	1	115688
578.52	0.8	Target	2	115704
578.605	0.8	NonTarget	1	115721
578.69	0.8	NonTarget	1	115738
578.77	0.8	NonTarget	1	115754
578.855	0.8	NonTarget	1	115771
578.94	0.8	NonTarget	1	115788
579.02	0.8	NonTarget	1	115804
579.105	0.8	NonTarget	1	115821
579.19	0.8	NonTarget	1	115838
579.27	0.8	NonTarget	1	115854
579.355	0.8	NonTarget	1	115871
579.44	0.8	NonTarget	1	115888
579.525	0.8	NonTarget	1	115905
579.605	0.8	NonTarget	1	115921
579.69	0.8	NonTarget	1	115938
579.77	0.8	NonTarget	1	115954
579.855	0.8	NonTarget	1	115971
579.94	0.8	NonTarget	1	115988
580.025	0.8	NonTarget	1	116005
580.105	0.8	NonTarget	1	116021
580.19	0.8	NonTarget	1	116038
580.275	0.8	NonTarget	1	116055
580.355	0.8	NonTarget	1	116071
580.76	0.8	NonTarget	1	116152
580.84	0.8	NonTarget	1	116168
580.92	0.8	Target	2	116184
581.005	0.8	NonTarget	1	116201
581.09	0.8	NonTarget	1	116218
581.175	0.8	NonTarget	1	116235
581.26	0.8	NonTarget	1	116252
581.34	0.8	NonTarget	1	116268
581.425	0.8	NonTarget	1	116285
581.51	0.8	NonTarget	1	116302
581.59	0.8	NonTarget	1	116318
581.675	0.8	NonTarget	1	116335
581.755	0.8	NonTarget	1	116351
581.84	0.8	NonTarget	1	116368
581.92	0.8	NonTarget	1	116384
582.01	0.8	NonTarget	1	116402
582.09	0.8	NonTarget	1	116418
582.175	0.8	NonTarget	1	116435
582.26	0.8	NonTarget	1	116452
582.34	0.8	NonTarget	1	116468
582.425	0.8	NonTarget	1	116485
582.505	0.8	NonTarget	1	116501
582.59	0.8	NonTarget	1	116518
582.675	0.8	NonTarget	1	116535
582.755	0.8	NonTarget	1	116551
582.84	0.8	NonTarget	1	116568
582.925	0.8	NonTarget	1	116585
583.01	0.8	NonTarget	1	116602
583.09	0.8	NonTarget	1	116618
583.175	0.8	NonTarget	1	116635
583.575	0.8	NonTarget	1	116715
583.66	0.8	NonTarget	1	116732
583.74	0.8	NonTarget	1	116748
583.825	0.8	NonTarget	1	116765
583.91	0.8	NonTarget	1	116782
583.99	0.8	NonTarget	1	116798
584.075	0.8	NonTarget	1	116815
584.16	0.8	NonTarget	1	116832
584.245	0.8	NonTarget	1	116849
584.325	0.8	NonTarget	1	116865
584.41	0.8	NonTarget	1	116882
584.495	0.8	NonTarget	1	116899
584.575	0.8	NonTarget	1	116915
584.66	0.8	NonTarget	1	116932
584.745	0.8	NonTarget	1	116949
584.825	0.8	NonTarget	1	116965
584.91	0.8	NonTarget	1	116982
584.995	0.8	NonTarget	1	116999
585.08	0.8	NonTarget	1	117016
585.16	0.8	NonTarget	1	117032
585.245	0.8	NonTarget	1	117049
585.325	0.8	NonTarget	1	117065
585.41	0.8	NonTarget	1	117082
585.495	0.8	NonTarget	1	117099
585.575	0.8	NonTarget	1	117115
585.66	0.8	NonTarget	1	117132
585.745	0.8	NonTarget	1	117149
585.825	0.8	Target	2	117165
585.91	0.8	NonTarget	1	117182
585.995	0.8	NonTarget	1	117199
594.555	0.8	NonTarget	1	118911
594.65	0.8	NonTarget	1	118930
594.735	0.8	Target	2	118947
594.82	0.8	NonTarget	1	118964
594.9	0.8	NonTarget	1	118980
594.985	0.8	NonTarget	1	118997
595.065	0.8	NonTarget	1	119013
595.15	0.8	NonTarget	1	119030
595.235	0.8	NonTarget	1	119047
595.315	0.8	NonTarget	1	119063
595.4	0.8	NonTarget	1	119080
595.48	0.8	NonTarget	1	119096
595.565	0.8	NonTarget	1	119113
595.65	0.8	NonTarget	1	119130
595.735	0.8	NonTarget	1	119147
595.815	0.8	NonTarget	1	119163
595.9	0.8	NonTarget	1	119180
595.985	0.8	NonTarget	1	119197
596.07	0.8	NonTarget	1	119214
596.15	0.8	NonTarget	1	119230
596.235	0.8	NonTarget	1	119247
596.32	0.8	NonTarget	1	119264
596.4	0.8	NonTarget	1	119280
596.485	0.8	NonTarget	1	119297
596.57	0.8	NonTarget	1	119314
596.65	0.8	NonTarget	1	119330
596.735	0.8	NonTarget	1	119347
596.82	0.8	NonTarget	1	119364
596.9	0.8	NonTarget	1	119380
596.985	0.8	NonTarget	1	119397
597.385	0.8	NonTarget	1	119477
597.47	0.8	NonTarget	1	119494
597.55	0.8	NonTarget	1	119510
597.635	0.8	NonTarget	1	119527
597.72	0.8	NonTarget	1	119544
597.805	0.8	NonTarget	1	119561
597.885	0.8	NonTarget	1	119577
597.97	0.8	NonTarget	1	119594
598.05	0.8	NonTarget	1	119610
598.135	0.8	NonTarget	1	119627
598.22	0.8	NonTarget	1	119644
598.305	0.8	NonTarget	1	119661
598.385	0.8	NonTarget	1	119677
598.47	0.8	NonTarget	1	119694
598.555	0.8	NonTarget	1	119711
598.635	0.8	NonTarget	1	119727
598.72	0.8	NonTarget	1	119744
598.805	0.8	NonTarget	1	119761
598.89	0.8	NonTarget	1	119778
598.97	0.8	NonTarget	1	119794
599.055	0.8	NonTarget	1	119811
599.135	0.8	NonTarget	1	119827
599.22	0.8	NonTarget	1	119844
599.305	0.8	NonTarget	1	119861
599.385	0.8	NonTarget	1	119877
599.47	0.8	NonTarget	1	119894
599.555	0.8	NonTarget	1	119911
599.64	0.8	Target	2	119928
599.72	0.8	NonTarget	1	119944
599.805	0.8	NonTarget	1	119961
600.205	0.8	NonTarget	1	120041
600.285	0.8	NonTarget	1	120057
600.37	0.8	NonTarget	1	120074
600.455	0.8	NonTarget	1	120091
600.54	0.8	NonTarget	1	120108
600.62	0.8	NonTarget	1	120124
600.705	0.8	NonTarget	1	120141
600.79	0.8	NonTarget	1	120158
600.87	0.8	NonTarget	1	120174
600.955	0.8	NonTarget	1	120191
601.04	0.8	NonTarget	1	120208
601.12	0.8	NonTarget	1	120224
601.205	0.8	NonTarget	1	120241
601.29	0.8	NonTarget	1	120258
601.37	0.8	NonTarget	1	120274
601.455	0.8	NonTarget	1	120291
601.54	0.8	NonTarget	1	120308
601.625	0.8	Target	2	120325
601.705	0.8	NonTarget	1	120341
601.79	0.8	NonTarget	1	120358
601.87	0.8	NonTarget	1	120374
601.955	0.8	NonTarget	1	120391
602.04	0.8	NonTarget	1	120408
602.12	0.8	NonTarget	1	120424
602.205	0.8	NonTarget	1	120441
602.29	0.8	NonTarget	1	120458
602.375	0.8	NonTarget	1	120475
602.455	0.8	NonTarget	1	120491
602.54	0.8	NonTarget	1	120508
602.62	0.8	NonTarget	1	120524
603.025	0.8	NonTarget	1	120605
603.105	0.8	NonTarget	1	120621
603.19	0.8	NonTarget	1	120638
603.275	0.8	NonTarget	1	120655
603.36	0.8	NonTarget	1	120672
603.44	0.8	NonTarget	1	120688
603.525	0.8	NonTarget	1	120705
603.605	0.8	NonTarget	1	120721
603.69	0.8	NonTarget	1	120738
603.775	0.8	NonTarget	1	120755
603.855	0.8	NonTarget	1	120771
603.94	0.8	NonTarget	1	120788
604.025	0.8	Target	2	120805
604.11	0.8	NonTarget	1	120822
604.19	0.8	NonTarget	1	120838
604.275	0.8	NonTarget	1	120855
604.355	0.8	NonTarget	1	120871
604.44	0.8	NonTarget	1	120888
604.525	0.8	NonTarget	1	120905
604.605	0.8	NonTarget	1	120921
604.69	0.8	NonTarget	1	120938
604.775	0.8	NonTarget	1	120955
604.86	0.8	NonTarget	1	120972
604.94	0.8	NonTarget	1	120988
605.025	0.8	NonTarget	1	121005
605.105	0.8	NonTarget	1	121021
605.19	0.8	NonTarget	1	121038
605.275	0.8	NonTarget	1	121055
605.36	0.8	NonTarget	1	121072
605.44	0.8	NonTarget	1	121088
605.845	0.8	NonTarget	1	121169
605.925	0.8	NonTarget	1	121185
606.01	0.8	NonTarget	1	121202
606.095	0.8	NonTarget	1	121219
606.175	0.8	NonTarget	1	121235
606.26	0.8	NonTarget	1	121252
606.34	0.8	NonTarget	1	121268
606.425	0.8	Target	2	121285
606.51	0.8	NonTarget	1	121302
606.59	0.8	NonTarget	1	121318
606.675	0.8	NonTarget	1	121335
606.76	0.8	NonTarget	1	121352
606.845	0.8	NonTarget	1	121369
606.925	0.8	NonTarget	1	121385
607.01	0.8	NonTarget	1	121402
607.09	0.8	NonTarget	1	121418
607.175	0.8	NonTarget	1	121435
607.26	0.8	NonTarget	1	121452
607.345	0.8	NonTarget	1	121469
607.425	0.8	NonTarget	1	121485
607.51	0.8	NonTarget	1	121502
607.595	0.8	NonTarget	1	121519
607.675	0.8	NonTarget	1	121535
607.76	0.8	NonTarget	1	121552
607.845	0.8	NonTarget	1	121569
607.925	0.8	NonTarget	1	121585
608.01	0.8	NonTarget	1	121602
608.09	0.8	NonTarget	1	121618
608.18	0.8	NonTarget	1	121636
608.26	0.8	NonTarget	1	121652
608.66	0.8	NonTarget	1	121732
608.745	0.8	NonTarget	1	121749
608.83	0.8	NonTarget	1	121766
608.91	0.8	NonTarget	1	121782
608.995	0.8	NonTarget	1	121799
609.075	0.8	NonTarget	1	121815
609.16	0.8	NonTarget	1	121832
609.245	0.8	NonTarget	1	121849
609.33	0.8	NonTarget	1	121866
609.41	0.8	NonTarget	1	121882
609.495	0.8	NonTarget	1	121899
609.58	0.8	NonTarget	1	121916
609.66	0.8	NonTarget	1	121932
609.745	0.8	NonTarget	1	121949
609.83	0.8	NonTarget	1	121966
609.91	0.8	NonTarget	1	121982
609.995	0.8	NonTarget	1	121999
610.08	0.8	Target	2	122016
610.165	0.8	NonTarget	1	122033
610.245	0.8	NonTarget	1	122049
610.33	0.8	NonTarget	1	122066
610.41	0.8	NonTarget	1	122082
610.495	0.8	NonTarget	1	122099
610.58	0.8	NonTarget	1	122116
610.66	0.8	NonTarget	1	122132
610.745	0.8	NonTarget	1	122149
610.83	0.8	NonTarget	1	122166
610.91	0.8	NonTarget	1	122182
610.995	0.8	NonTarget	1	122199
611.08	0.8	NonTarget	1	122216
611.48	0.8	NonTarget	1	122296
611.565	0.8	NonTarget	1	122313
611.65	0.8	NonTarget	1	122330
611.73	0.8	NonTarget	1	122346
611.815	0.8	NonTarget	1	122363
611.895	0.8	NonTarget	1	122379
611.98	0.8	NonTarget	1	122396
612.065	0.8	NonTarget	1	122413
612.145	0.8	NonTarget	1	122429
612.23	0.8	NonTarget	1	122446
612.315	0.8	NonTarget	1	122463
612.395	0.8	NonTarget	1	122479
612.48	0.8	NonTarget	1	122496
612.565	0.8	NonTarget	1	122513
612.645	0.8	NonTarget	1	122529
612.73	0.8	NonTarget	1	122546
612.815	0.8	NonTarget	1	122563
612.895	0.8	Target	2	122579
612.98	0.8	NonTarget	1	122596
613.065	0.8	NonTarget	1	122613
613.15	0.8	NonTarget	1	122630
613.23	0.8	NonTarget	1	122646
613.315	0.8	NonTarget	1	122663
613.395	0.8	NonTarget	1	122679
613.48	0.8	NonTarget	1	122696
613.565	0.8	NonTarget	1	122713
613.65	0.8	NonTarget	1	122730
613.73	0.8	NonTarget	1	122746
613.815	0.8	NonTarget	1	122763
613.9	0.8	NonTarget	1	122780
614.3	0.8	NonTarget	1	122860
614.38	0.8	NonTarget	1	122876
614.465	0.8	NonTarget	1	122893
614.55	0.8	NonTarget	1	122910
614.635	0.8	NonTarget	1	122927
614.715	0.8	NonTarget	1	122943
614.8	0.8	NonTarget	1	122960
614.88	0.8	NonTarget	1	122976
614.965	0.8	NonTarget	1	122993
615.05	0.8	NonTarget	1	123010
615.13	0.8	NonTarget	1	123026
615.215	0.8	NonTarget	1	123043
615.3	0.8	NonTarget	1	123060
615.385	0.8	NonTarget	1	123077
615.465	0.8	NonTarget	1	123093
615.55	0.8	NonTarget	1	123110
615.635	0.8	NonTarget	1	123127
615.715	0.8	NonTarget	1	123143
615.8	0.8	NonTarget	1	123160
615.88	0.8	NonTarget	1	123176
615.965	0.8	NonTarget	1	123193
616.05	0.8	NonTarget	1	123210
616.135	0.8	NonTarget	1	123227
616.215	0.8	NonTarget	1	123243
616.3	0.8	NonTarget	1	123260
616.38	0.8	NonTarget	1	123276
616.465	0.8	NonTarget	1	123293
616.55	0.8	Target	2	123310
616.635	0.8	NonTarget	1	123327
616.715	0.8	NonTarget	1	123343
617.115	0.8	NonTarget	1	123423
617.2	0.8	NonTarget	1	123440
617.285	0.8	NonTarget	1	123457
617.365	0.8	NonTarget	1	123473
617.45	0.8	NonTarget	1	123490
617.535	0.8	NonTarget	1	123507
617.62	0.8	NonTarget	1	123524
617.7	0.8	NonTarget	1	123540
617.785	0.8	NonTarget	1	123557
617.865	0.8	NonTarget	1	123573
617.95	0.8	NonTarget	1	123590
618.035	0.8	NonTarget	1	123607
618.12	0.8	Target	2	123624
618.2	0.8	NonTarget	1	123640
618.285	0.8	NonTarget	1	123657
618.37	0.8	NonTarget	1	123674
618.45	0.8	NonTarget	1	123690
618.535	0.8	NonTarget	1	123707
618.62	0.8	NonTarget	1	123724
618.7	0.8	NonTarget	1	123740
618.785	0.8	NonTarget	1	123757
618.87	0.8	NonTarget	1	123774
618.95	0.8	NonTarget	1	123790
619.035	0.8	NonTarget	1	123807
619.12	0.8	NonTarget	1	123824
619.205	0.8	NonTarget	1	123841
619.285	0.8	NonTarget	1	123857
619.37	0.8	NonTarget	1	123874
619.455	0.8	NonTarget	1	123891
619.535	0.8	NonTarget	1	123907
619.935	0.8	NonTarget	1	123987
620.02	0.8	NonTarget	1	124004
620.1	0.8	NonTarget	1	124020
620.19	0.8	NonTarget	1	124038
620.27	0.8	NonTarget	1	124054
620.355	0.8	NonTarget	1	124071
620.435	0.8	NonTarget	1	124087
620.52	0.8	NonTarget	1	124104
620.605	0.8	NonTarget	1	124121
620.685	0.8	NonTarget	1	124137
620.77	0.8	NonTarget	1	124154
620.855	0.8	NonTarget	1	124171
620.935	0.8	NonTarget	1	124187
621.02	0.8	NonTarget	1	124204
621.105	0.8	NonTarget	1	124221
621.185	0.8	NonTarget	1	124237
621.27	0.8	NonTarget	1	124254
621.355	0.8	Target	2	124271
621.435	0.8	NonTarget	1	124287
621.52	0.8	NonTarget	1	124304
621.605	0.8	NonTarget	1	124321
621.685	0.8	NonTarget	1	124337
621.77	0.8	NonTarget	1	124354
621.855	0.8	NonTarget	1	124371
621.94	0.8	NonTarget	1	124388
622.02	0.8	NonTarget	1	124404
622.1	0.8	NonTarget	1	124420
622.19	0.8	NonTarget	1	124438
622.27	0.8	NonTarget	1	124454
622.355	0.8	NonTarget	1	124471
630.915	0.8	NonTarget	1	126183
630.995	0.8	NonTarget	1	126199
631.08	0.8	NonTarget	1	126216
631.16	0.8	NonTarget	1	126232
631.245	0.8	NonTarget	1	126249
631.33	0.8	NonTarget	1	126266
631.41	0.8	NonTarget	1	126282
631.495	0.8	NonTarget	1	126299
631.58	0.8	NonTarget	1	126316
631.66	0.8	NonTarget	1	126332
631.745	0.8	NonTarget	1	126349
631.825	0.8	NonTarget	1	126365
631.91	0.8	NonTarget	1	126382
631.995	0.8	Target	2	126399
632.075	0.8	NonTarget	1	126415
632.16	0.8	NonTarget	1	126432
632.245	0.8	NonTarget	1	126449
632.33	0.8	NonTarget	1	126466
632.41	0.8	NonTarget	1	126482
632.495	0.8	NonTarget	1	126499
632.575	0.8	NonTarget	1	126515
632.66	0.8	NonTarget	1	126532
632.745	0.8	NonTarget	1	126549
632.83	0.8	NonTarget	1	126566
632.91	0.8	NonTarget	1	126582
632.995	0.8	NonTarget	1	126599
633.08	0.8	NonTarget	1	126616
633.165	0.8	NonTarget	1	126633
633.245	0.8	NonTarget	1	126649
633.33	0.8	NonTarget	1	126666
633.73	0.8	NonTarget	1	126746
633.815	0.8	NonTarget	1	126763
633.895	0.8	NonTarget	1	126779
633.98	0.8	NonTarget	1	126796
634.065	0.8	NonTarget	1	126813
634.145	0.8	NonTarget	1	126829
634.23	0.8	NonTarget	1	126846
634.315	0.8	NonTarget	1	126863
634.4	0.8	NonTarget	1	126880
634.48	0.8	NonTarget	1	126896
634.565	0.8	NonTarget	1	126913
634.645	0.8	NonTarget	1	126929
634.73	0.8	NonTarget	1	126946
634.815	0.8	Target	2	126963
634.895	0.8	NonTarget	1	126979
634.98	0.8	NonTarget	1	126996
635.065	0.8	NonTarget	1	127013
635.145	0.8	NonTarget	1	127029
635.23	0.8	NonTarget	1	127046
635.315	0.8	NonTarget	1	127063
635.395	0.8	NonTarget	1	127079
635.48	0.8	NonTarget	1	127096
635.565	0.8	NonTarget	1	127113
635.65	0.8	NonTarget	1	127130
635.73	0.8	NonTarget	1	127146
635.815	0.8	NonTarget	1	127163
635.895	0.8	NonTarget	1	127179
635.98	0.8	NonTarget	1	127196
636.065	0.8	NonTarget	1	127213
636.145	0.8	NonTarget	1	127229
636.545	0.8	NonTarget	1	127309
636.63	0.8	NonTarget	1	127326
636.715	0.8	NonTarget	1	127343
636.8	0.8	NonTarget	1	127360
636.885	0.8	NonTarget	1	127377
636.965	0.8	NonTarget	1	127393
637.05	0.8	NonTarget	1	127410
637.13	0.8	NonTarget	1	127426
637.215	0.8	NonTarget	1	127443
637.3	0.8	NonTarget	1	127460
637.385	0.8	NonTarget	1	127477
637.465	0.8	NonTarget	1	127493
637.55	0.8	NonTarget	1	127510
637.63	0.8	NonTarget	1	127526
637.715	0.8	NonTarget	1	127543
637.8	0.8	NonTarget	1	127560
637.885	0.8	NonTarget	1	127577
637.965	0.8	NonTarget	1	127593
638.05	0.8	Target	2	127610
638.135	0.8	NonTarget	1	127627
638.215	0.8	NonTarget	1	127643
638.3	0.8	NonTarget	1	127660
638.385	0.8	NonTarget	1	127677
638.47	0.8	NonTarget	1	127694
638.55	0.8	NonTarget	1	127710
638.635	0.8	NonTarget	1	127727
638.715	0.8	NonTarget	1	127743
638.8	0.8	NonTarget	1	127760
638.885	0.8	NonTarget	1	127777
638.965	0.8	NonTarget	1	127793
639.365	0.8	NonTarget	1	127873
639.45	0.8	NonTarget	1	127890
639.535	0.8	NonTarget	1	127907
639.62	0.8	NonTarget	1	127924
639.705	0.8	NonTarget	1	127941
639.785	0.8	NonTarget	1	127957
639.865	0.8	NonTarget	1	127973
639.95	0.8	NonTarget	1	127990
640.035	0.8	Target	2	128007
640.115	0.8	NonTarget	1	128023
640.2	0.8	NonTarget	1	128040
640.285	0.8	NonTarget	1	128057
640.365	0.8	NonTarget	1	128073
640.45	0.8	NonTarget	1	128090
640.535	0.8	NonTarget	1	128107
640.615	0.8	NonTarget	1	128123
640.7	0.8	NonTarget	1	128140
640.785	0.8	NonTarget	1	128157
640.87	0.8	NonTarget	1	128174
640.95	0.8	NonTarget	1	128190
641.035	0.8	NonTarget	1	128207
641.12	0.8	NonTarget	1	128224
641.205	0.8	NonTarget	1	128241
641.285	0.8	NonTarget	1	128257
641.37	0.8	NonTarget	1	128274
641.45	0.8	NonTarget	1	128290
641.535	0.8	NonTarget	1	128307
641.62	0.8	NonTarget	1	128324
641.7	0.8	NonTarget	1	128340
641.785	0.8	NonTarget	1	128357
642.185	0.8	NonTarget	1	128437
642.27	0.8	NonTarget	1	128454
642.35	0.8	NonTarget	1	128470
642.435	0.8	NonTarget	1	128487
642.52	0.8	NonTarget	1	128504
642.6	0.8	NonTarget	1	128520
642.685	0.8	NonTarget	1	128537
642.77	0.8	NonTarget	1	128554
642.855	0.8	NonTarget	1	128571
642.935	0.8	NonTarget	1	128587
643.02	0.8	NonTarget	1	128604
643.105	0.8	NonTarget	1	128621
643.185	0.8	NonTarget	1	128637
643.27	0.8	NonTarget	1	128654
643.355	0.8	NonTarget	1	128671
643.435	0.8	NonTarget	1	128687
643.52	0.8	NonTarget	1	128704
643.605	0.8	NonTarget	1	128721
643.685	0.8	NonTarget	1	128737
643.77	0.8	NonTarget	1	128754
643.855	0.8	NonTarget	1	128771
643.935	0.8	NonTarget	1	128787
644.02	0.8	NonTarget	1	128804
644.105	0.8	Target	2	128821
644.185	0.8	NonTarget	1	128837
644.27	0.8	NonTarget	1	128854
644.355	0.8	NonTarget	1	128871
644.44	0.8	NonTarget	1	128888
644.52	0.8	NonTarget	1	128904
644.605	0.8	NonTarget	1	128921
645.005	0.8	NonTarget	1	129001
645.09	0.8	NonTarget	1	129018
645.17	0.8	NonTarget	1	129034
645.255	0.8	NonTarget	1	129051
645.335	0.8	NonTarget	1	129067
645.42	0.8	NonTarget	1	129084
645.505	0.8	NonTarget	1	129101
645.585	0.8	NonTarget	1	129117
645.67	0.8	NonTarget	1	129134
645.755	0.8	NonTarget	1	129151
645.835	0.8	NonTarget	1	129167
645.92	0.8	NonTarget	1	129184
646.005	0.8	NonTarget	1	129201
646.09	0.8	NonTarget	1	129218
646.17	0.8	NonTarget	1	129234
646.255	0.8	NonTarget	1	129251
646.34	0.8	NonTarget	1	129268
646.42	0.8	NonTarget	1	129284
646.505	0.8	Target	2	129301
646.59	0.8	NonTarget	1	129318
646.675	0.8	NonTarget	1	129335
646.755	0.8	NonTarget	1	129351
646.84	0.8	NonTarget	1	129368
646.92	0.8	NonTarget	1	129384
647.005	0.8	NonTarget	1	129401
647.09	0.8	NonTarget	1	129418
647.175	0.8	NonTarget	1	129435
647.255	0.8	NonTarget	1	129451
647.34	0.8	NonTarget	1	129468
647.425	0.8	NonTarget	1	129485
647.82	0.8	NonTarget	1	129564
647.905	0.8	NonTarget	1	129581
647.99	0.8	NonTarget	1	129598
648.075	0.8	NonTarget	1	129615
648.155	0.8	NonTarget	1	129631
648.24	0.8	NonTarget	1	129648
648.32	0.8	NonTarget	1	129664
648.405	0.8	NonTarget	1	129681
648.49	0.8	NonTarget	1	129698
648.575	0.8	NonTarget	1	129715
648.655	0.8	NonTarget	1	129731
648.74	0.8	NonTarget	1	129748
648.825	0.8	NonTarget	1	129765
648.905	0.8	NonTarget	1	129781
648.99	0.8	NonTarget	1	129798
649.075	0.8	NonTarget	1	129815
649.16	0.8	NonTarget	1	129832
649.24	0.8	NonTarget	1	129848
649.325	0.8	Target	2	129865
649.41	0.8	NonTarget	1	129882
649.49	0.8	NonTarget	1	129898
649.575	0.8	NonTarget	1	129915
649.66	0.8	NonTarget	1	129932
649.74	0.8	NonTarget	1	129948
649.825	0.8	NonTarget	1	129965
649.905	0.8	NonTarget	1	129981
649.99	0.8	NonTarget	1	129998
650.075	0.8	NonTarget	1	130015
650.16	0.8	NonTarget	1	130032
650.24	0.8	NonTarget	1	130048
650.64	0.8	NonTarget	1	130128
650.725	0.8	NonTarget	1	130145
650.805	0.8	NonTarget	1	130161
650.895	0.8	NonTarget	1	130179
650.975	0.8	NonTarget	1	130195
651.06	0.8	NonTarget	1	130212
651.14	0.8	NonTarget	1	130228
651.225	0.8	NonTarget	1	130245
651.31	0.8	NonTarget	1	130262
651.39	0.8	NonTarget	1	130278
651.475	0.8	NonTarget	1	130295
651.56	0.8	NonTarget	1	130312
651.645	0.8	NonTarget	1	130329
651.725	0.8	NonTarget	1	130345
651.81	0.8	NonTarget	1	130362
651.895	0.8	NonTarget	1	130379
651.975	0.8	NonTarget	1	130395
652.06	0.8	NonTarget	1	130412
652.145	0.8	NonTarget	1	130429
652.225	0.8	NonTarget	1	130445
652.31	0.8	NonTarget	1	130462
652.395	0.8	NonTarget	1	130479
652.48	0.8	NonTarget	1	130496
652.56	0.8	NonTarget	1	130512
652.645	0.8	NonTarget	1	130529
652.725	0.8	NonTarget	1	130545
652.81	0.8	NonTarget	1	130562
652.895	0.8	NonTarget	1	130579
652.975	0.8	Target	2	130595
653.06	0.8	NonTarget	1	130612
653.465	0.8	NonTarget	1	130693
653.545	0.8	NonTarget	1	130709
653.63	0.8	NonTarget	1	130726
653.71	0.8	NonTarget	1	130742
653.795	0.8	NonTarget	1	130759
653.88	0.8	NonTarget	1	130776
653.96	0.8	NonTarget	1	130792
654.045	0.8	NonTarget	1	130809
654.125	0.8	NonTarget	1	130825
654.21	0.8	NonTarget	1	130842
654.295	0.8	NonTarget	1	130859
654.38	0.8	NonTarget	1	130876
654.46	0.8	NonTarget	1	130892
654.545	0.8	NonTarget	1	130909
654.63	0.8	NonTarget	1	130926
654.71	0.8	NonTarget	1	130942
654.795	0.8	NonTarget	1	130959
654.88	0.8	NonTarget	1	130976
654.965	0.8	NonTarget	1	130993
655.045	0.8	NonTarget	1	131009
655.13	0.8	NonTarget	1	131026
655.21	0.8	NonTarget	1	131042
655.295	0.8	NonTarget	1	131059
655.38	0.8	NonTarget	1	131076
655.46	0.8	NonTarget	1	131092
655.545	0.8	NonTarget	1	131109
655.63	0.8	NonTarget	1	131126
655.71	0.8	NonTarget	1	131142
655.795	0.8	Target	2	131159
655.875	0.8	NonTarget	1	131175
656.28	0.8	NonTarget	1	131256
656.365	0.8	NonTarget	1	131273
656.445	0.8	NonTarget	1	131289
656.53	0.8	NonTarget	1	131306
656.615	0.8	NonTarget	1	131323
656.695	0.8	NonTarget	1	131339
656.78	0.8	NonTarget	1	131356
656.865	0.8	NonTarget	1	131373
656.945	0.8	NonTarget	1	131389
657.03	0.8	NonTarget	1	131406
657.11	0.8	NonTarget	1	131422
657.195	0.8	NonTarget	1	131439
657.28	0.8	NonTarget	1	131456
657.365	0.8	NonTarget	1	131473
657.445	0.8	NonTarget	1	131489
657.53	0.8	NonTarget	1	131506
657.615	0.8	NonTarget	1	131523
657.695	0.8	NonTarget	1	131539
657.78	0.8	NonTarget	1	131556
657.865	0.8	NonTarget	1	131573
657.945	0.8	NonTarget	1	131589
658.03	0.8	NonTarget	1	131606
658.115	0.8	NonTarget	1	131623
658.2	0.8	NonTarget	1	131640
658.28	0.8	NonTarget	1	131656
658.365	0.8	NonTarget	1	131673
658.45	0.8	NonTarget	1	131690
658.535	0.8	NonTarget	1	131707
658.615	0.8	Target	2	131723
658.7	0.8	NonTarget	1	131740
667.26	0.8	NonTarget	1	133452
667.335	0.8	NonTarget	1	133467
667.42	0.8	NonTarget	1	133484
667.505	0.8	NonTarget	1	133501
667.59	0.8	NonTarget	1	133518
667.67	0.8	NonTarget	1	133534
667.755	0.8	NonTarget	1	133551
667.835	0.8	NonTarget	1	133567
667.92	0.8	NonTarget	1	133584
668.005	0.8	NonTarget	1	133601
668.09	0.8	NonTarget	1	133618
668.17	0.8	NonTarget	1	133634
668.255	0.8	NonTarget	1	133651
668.34	0.8	NonTarget	1	133668
668.42	0.8	NonTarget	1	133684
668.505	0.8	NonTarget	1	133701
668.59	0.8	NonTarget	1	133718
668.675	0.8	NonTarget	1	133735
668.755	0.8	NonTarget	1	133751
668.84	0.8	NonTarget	1	133768
668.92	0.8	NonTarget	1	133784
669.005	0.8	NonTarget	1	133801
669.09	0.8	NonTarget	1	133818
669.175	0.8	NonTarget	1	133835
669.255	0.8	NonTarget	1	133851
669.34	0.8	NonTarget	1	133868
669.425	0.8	Target	2	133885
669.505	0.8	NonTarget	1	133901
669.59	0.8	NonTarget	1	133918
669.675	0.8	NonTarget	1	133935
670.075	0.8	NonTarget	1	134015
670.155	0.8	NonTarget	1	134031
670.24	0.8	NonTarget	1	134048
670.325	0.8	NonTarget	1	134065
670.405	0.8	NonTarget	1	134081
670.49	0.8	NonTarget	1	134098
670.575	0.8	Target	2	134115
670.66	0.8	NonTarget	1	134132
670.74	0.8	NonTarget	1	134148
670.82	0.8	NonTarget	1	134164
670.905	0.8	NonTarget	1	134181
670.99	0.8	NonTarget	1	134198
671.075	0.8	NonTarget	1	134215
671.16	0.8	NonTarget	1	134232
671.24	0.8	NonTarget	1	134248
671.325	0.8	NonTarget	1	134265
671.405	0.8	NonTarget	1	134281
671.49	0.8	NonTarget	1	134298
671.575	0.8	NonTarget	1	134315
671.66	0.8	NonTarget	1	134332
671.74	0.8	NonTarget	1	134348
671.825	0.8	NonTarget	1	134365
671.905	0.8	NonTarget	1	134381
671.99	0.8	NonTarget	1	134398
672.075	0.8	NonTarget	1	134415
672.155	0.8	NonTarget	1	134431
672.24	0.8	NonTarget	1	134448
672.325	0.8	NonTarget	1	134465
672.41	0.8	NonTarget	1	134482
672.49	0.8	NonTarget	1	134498
672.89	0.8	NonTarget	1	134578
672.975	0.8	NonTarget	1	134595
673.06	0.8	NonTarget	1	134612
673.14	0.8	NonTarget	1	134628
673.225	0.8	NonTarget	1	134645
673.31	0.8	NonTarget	1	134662
673.395	0.8	NonTarget	1	134679
673.475	0.8	NonTarget	1	134695
673.56	0.8	NonTarget	1	134712
673.64	0.8	NonTarget	1	134728
673.725	0.8	NonTarget	1	134745
673.81	0.8	Target	2	134762
673.895	0.8	NonTarget	1	134779
673.98	0.8	NonTarget	1	134796
674.06	0.8	NonTarget	1	134812
674.145	0.8	NonTarget	1	134829
674.225	0.8	NonTarget	1	134845
674.31	0.8	NonTarget	1	134862
674.395	0.8	NonTarget	1	134879
674.48	0.8	NonTarget	1	134896
674.56	0.8	NonTarget	1	134912
674.645	0.8	NonTarget	1	134929
674.725	0.8	NonTarget	1	134945
674.81	0.8	NonTarget	1	134962
674.89	0.8	NonTarget	1	134978
674.975	0.8	NonTarget	1	134995
675.06	0.8	NonTarget	1	135012
675.145	0.8	NonTarget	1	135029
675.225	0.8	NonTarget	1	135045
675.31	0.8	NonTarget	1	135062
675.71	0.8	NonTarget	1	135142
675.795	0.8	NonTarget	1	135159
675.875	0.8	NonTarget	1	135175
675.96	0.8	NonTarget	1	135192
676.045	0.8	NonTarget	1	135209
676.13	0.8	NonTarget	1	135226
676.21	0.8	NonTarget	1	135242
676.295	0.8	NonTarget	1	135259
676.38	0.8	NonTarget	1	135276
676.46	0.8	NonTarget	1	135292
676.545	0.8	NonTarget	1	135309
676.63	0.8	NonTarget	1	135326
676.71	0.8	NonTarget	1	135342
676.795	0.8	NonTarget	1	135359
676.88	0.8	NonTarget	1	135376
676.96	0.8	NonTarget	1	135392
677.045	0.8	NonTarget	1	135409
677.125	0.8	NonTarget	1	135425
677.215	0.8	NonTarget	1	135443
677.295	0.8	NonTarget	1	135459
677.38	0.8	NonTarget	1	135476
677.46	0.8	Target	2	135492
677.545	0.8	NonTarget	1	135509
677.63	0.8	NonTarget	1	135526
677.715	0.8	NonTarget	1	135543
677.795	0.8	NonTarget	1	135559
677.88	0.8	NonTarget	1	135576
677.96	0.8	NonTarget	1	135592
678.045	0.8	NonTarget	1	135609
678.125	0.8	NonTarget	1	135625
678.53	0.8	NonTarget	1	135706
678.61	0.8	NonTarget	1	135722
678.695	0.8	NonTarget	1	135739
678.78	0.8	NonTarget	1	135756
678.865	0.8	NonTarget	1	135773
678.945	0.8	NonTarget	1	135789
679.03	0.8	NonTarget	1	135806
679.115	0.8	NonTarget	1	135823
679.195	0.8	NonTarget	1	135839
679.28	0.8	NonTarget	1	135856
679.365	0.8	NonTarget	1	135873
679.445	0.8	NonTarget	1	135889
679.53	0.8	NonTarget	1	135906
679.615	0.8	NonTarget	1	135923
679.695	0.8	NonTarget	1	135939
679.78	0.8	NonTarget	1	135956
679.865	0.8	NonTarget	1	135973
679.945	0.8	NonTarget	1	135989
680.03	0.8	NonTarget	1	136006
680.115	0.8	NonTarget	1	136023
680.2	0.8	NonTarget	1	136040
680.28	0.8	NonTarget	1	136056
680.365	0.8	NonTarget	1	136073
680.45	0.8	NonTarget	1	136090
680.53	0.8	NonTarget	1	136106
680.615	0.8	NonTarget	1	136123
680.7	0.8	Target	2	136140
680.78	0.8	NonTarget	1	136156
680.865	0.8	NonTarget	1	136173
680.95	0.8	NonTarget	1	136190
681.35	0.8	NonTarget	1	136270
681.43	0.8	NonTarget	1	136286
681.515	0.8	NonTarget	1	136303
681.6	0.8	NonTarget	1	136320
681.68	0.8	NonTarget	1	136336
681.765	0.8	NonTarget	1	136353
681.85	0.8	NonTarget	1	136370
681.93	0.8	NonTarget	1	136386
682.015	0.8	NonTarget	1	136403
682.1	0.8	NonTarget	1	136420
682.18	0.8	NonTarget	1	136436
682.265	0.8	Target	2	136453
682.35	0.8	NonTarget	1	136470
682.43	0.8	NonTarget	1	136486
682.515	0.8	NonTarget	1	136503
682.6	0.8	NonTarget	1	136520
682.685	0.8	NonTarget	1	136537
682.765	0.8	NonTarget	1	136553
682.85	0.8	NonTarget	1	136570
682.93	0.8	NonTarget	1	136586
683.02	0.8	NonTarget	1	136604
683.1	0.8	NonTarget	1	136620
683.185	0.8	NonTarget	1	136637
683.265	0.8	NonTarget	1	136653
683.35	0.8	NonTarget	1	136670
683.435	0.8	NonTarget	1	136687
683.515	0.8	NonTarget	1	136703
683.6	0.8	NonTarget	1	136720
683.685	0.8	NonTarget	1	136737
683.765	0.8	NonTarget	1	136753
684.17	0.8	NonTarget	1	136834
684.25	0.8	NonTarget	1	136850
684.335	0.8	NonTarget	1	136867
684.415	0.8	NonTarget	1	136883
684.5	0.8	NonTarget	1	136900
684.585	0.8	NonTarget	1	136917
684.665	0.8	NonTarget	1	136933
684.75	0.8	NonTarget	1	136950
684.835	0.8	NonTarget	1	136967
684.92	0.8	NonTarget	1	136984
685.0	0.8	NonTarget	1	137000
685.085	0.8	Target	2	137017
685.165	0.8	NonTarget	1	137033
685.25	0.8	NonTarget	1	137050
685.335	0.8	NonTarget	1	137067
685.415	0.8	NonTarget	1	137083
685.5	0.8	NonTarget	1	137100
685.585	0.8	NonTarget	1	137117
685.67	0.8	NonTarget	1	137134
685.75	0.8	NonTarget	1	137150
685.835	0.8	NonTarget	1	137167
685.92	0.8	NonTarget	1	137184
686.0	0.8	NonTarget	1	137200
686.085	0.8	NonTarget	1	137217
686.17	0.8	NonTarget	1	137234
686.25	0.8	NonTarget	1	137250
686.335	0.8	NonTarget	1	137267
686.42	0.8	NonTarget	1	137284
686.5	0.8	NonTarget	1	137300
686.585	0.8	NonTarget	1	137317
686.985	0.8	NonTarget	1	137397
687.07	0.8	NonTarget	1	137414
687.155	0.8	NonTarget	1	137431
687.24	0.8	NonTarget	1	137448
687.32	0.8	NonTarget	1	137464
687.405	0.8	NonTarget	1	137481
687.485	0.8	NonTarget	1	137497
687.57	0.8	NonTarget	1	137514
687.655	0.8	NonTarget	1	137531
687.735	0.8	NonTarget	1	137547
687.82	0.8	NonTarget	1	137564
687.905	0.8	NonTarget	1	137581
687.985	0.8	NonTarget	1	137597
688.07	0.8	NonTarget	1	137614
688.155	0.8	NonTarget	1	137631
688.235	0.8	NonTarget	1	137647
688.32	0.8	Target	2	137664
688.4	0.8	NonTarget	1	137680
688.485	0.8	NonTarget	1	137697
688.57	0.8	NonTarget	1	137714
688.655	0.8	NonTarget	1	137731
688.735	0.8	NonTarget	1	137747
688.82	0.8	NonTarget	1	137764
688.905	0.8	NonTarget	1	137781
688.985	0.8	NonTarget	1	137797
689.07	0.8	NonTarget	1	137814
689.155	0.8	NonTarget	1	137831
689.24	0.8	NonTarget	1	137848
689.32	0.8	NonTarget	1	137864
689.405	0.8	NonTarget	1	137881
689.805	0.8	NonTarget	1	137961
689.89	0.8	NonTarget	1	137978
689.97	0.8	NonTarget	1	137994
690.055	0.8	NonTarget	1	138011
690.14	0.8	NonTarget	1	138028
690.225	0.8	NonTarget	1	138045
690.305	0.8	NonTarget	1	138061
690.39	0.8	NonTarget	1	138078
690.47	0.8	NonTarget	1	138094
690.555	0.8	NonTarget	1	138111
690.64	0.8	NonTarget	1	138128
690.72	0.8	Target	2	138144
690.805	0.8	NonTarget	1	138161
690.89	0.8	NonTarget	1	138178
690.97	0.8	NonTarget	1	138194
691.055	0.8	NonTarget	1	138211
691.14	0.8	NonTarget	1	138228
691.225	0.8	NonTarget	1	138245
691.305	0.8	NonTarget	1	138261
691.385	0.8	NonTarget	1	138277
691.47	0.8	NonTarget	1	138294
691.555	0.8	NonTarget	1	138311
691.64	0.8	NonTarget	1	138328
691.72	0.8	NonTarget	1	138344
691.805	0.8	NonTarget	1	138361
691.89	0.8	NonTarget	1	138378
691.975	0.8	NonTarget	1	138395
692.055	0.8	NonTarget	1	138411
692.14	0.8	NonTarget	1	138428
692.225	0.8	NonTarget	1	138445
692.625	0.8	NonTarget	1	138525
692.705	0.8	NonTarget	1	138541
692.79	0.8	NonTarget	1	138558
692.875	0.8	NonTarget	1	138575
692.955	0.8	NonTarget	1	138591
693.04	0.8	NonTarget	1	138608
693.125	0.8	NonTarget	1	138625
693.205	0.8	NonTarget	1	138641
693.29	0.8	NonTarget	1	138658
693.375	0.8	NonTarget	1	138675
693.46	0.8	NonTarget	1	138692
693.54	0.8	NonTarget	1	138708
693.625	0.8	NonTarget	1	138725
693.71	0.8	NonTarget	1	138742
693.79	0.8	NonTarget	1	138758
693.875	0.8	NonTarget	1	138775
693.96	0.8	NonTarget	1	138792
694.04	0.8	NonTarget	1	138808
694.125	0.8	NonTarget	1	138825
694.21	0.8	NonTarget	1	138842
694.295	0.8	NonTarget	1	138859
694.375	0.8	Target	2	138875
694.455	0.8	NonTarget	1	138891
694.54	0.8	NonTarget	1	138908
694.625	0.8	NonTarget	1	138925
694.705	0.8	NonTarget	1	138941
694.79	0.8	NonTarget	1	138958
694.875	0.8	NonTarget	1	138975
694.96	0.8	NonTarget	1	138992
695.045	0.8	NonTarget	1	139009
703.6	0.8	NonTarget	1	140720
703.68	0.8	NonTarget	1	140736
703.765	0.8	NonTarget	1	140753
703.85	0.8	NonTarget	1	140770
703.93	0.8	NonTarget	1	140786
704.015	0.8	NonTarget	1	140803
704.095	0.8	NonTarget	1	140819
704.185	0.8	NonTarget	1	140837
704.265	0.8	NonTarget	1	140853
704.35	0.8	NonTarget	1	140870
704.43	0.8	NonTarget	1	140886
704.515	0.8	NonTarget	1	140903
704.6	0.8	NonTarget	1	140920
704.685	0.8	NonTarget	1	140937
704.765	0.8	NonTarget	1	140953
704.85	0.8	NonTarget	1	140970
704.935	0.8	NonTarget	1	140987
705.015	0.8	NonTarget	1	141003
705.1	0.8	NonTarget	1	141020
705.185	0.8	NonTarget	1	141037
705.265	0.8	Target	2	141053
705.35	0.8	NonTarget	1	141070
705.43	0.8	NonTarget	1	141086
705.52	0.8	NonTarget	1	141104
705.6	0.8	NonTarget	1	141120
705.685	0.8	NonTarget	1	141137
705.765	0.8	NonTarget	1	141153
705.85	0.8	NonTarget	1	141170
705.935	0.8	NonTarget	1	141187
706.015	0.8	NonTarget	1	141203
706.42	0.8	Target	2	141284
706.5	0.8	NonTarget	1	141300
706.585	0.8	NonTarget	1	141317
706.665	0.8	NonTarget	1	141333
706.75	0.8	NonTarget	1	141350
706.835	0.8	NonTarget	1	141367
706.915	0.8	NonTarget	1	141383
707.0	0.8	NonTarget	1	141400
707.085	0.8	NonTarget	1	141417
707.165	0.8	NonTarget	1	141433
707.25	0.8	NonTarget	1	141450
707.335	0.8	NonTarget	1	141467
707.42	0.8	NonTarget	1	141484
707.5	0.8	NonTarget	1	141500
707.585	0.8	NonTarget	1	141517
707.67	0.8	NonTarget	1	141534
707.75	0.8	NonTarget	1	141550
707.835	0.8	NonTarget	1	141567
707.92	0.8	NonTarget	1	141584
708.0	0.8	NonTarget	1	141600
708.085	0.8	NonTarget	1	141617
708.165	0.8	NonTarget	1	141633
708.25	0.8	NonTarget	1	141650
708.335	0.8	NonTarget	1	141667
708.42	0.8	NonTarget	1	141684
708.5	0.8	NonTarget	1	141700
708.585	0.8	NonTarget	1	141717
708.665	0.8	NonTarget	1	141733
708.755	0.8	NonTarget	1	141751
708.835	0.8	NonTarget	1	141767
709.235	0.8	NonTarget	1	141847
709.32	0.8	NonTarget	1	141864
709.405	0.8	NonTarget	1	141881
709.485	0.8	NonTarget	1	141897
709.57	0.8	NonTarget	1	141914
709.655	0.8	Target	2	141931
709.735	0.8	NonTarget	1	141947
709.82	0.8	NonTarget	1	141964
709.905	0.8	NonTarget	1	141981
709.99	0.8	NonTarget	1	141998
710.07	0.8	NonTarget	1	142014
710.15	0.8	NonTarget	1	142030
710.235	0.8	NonTarget	1	142047
710.32	0.8	NonTarget	1	142064
710.405	0.8	NonTarget	1	142081
710.485	0.8	NonTarget	1	142097
710.57	0.8	NonTarget	1	142114
710.655	0.8	NonTarget	1	142131
710.735	0.8	NonTarget	1	142147
710.82	0.8	NonTarget	1	142164
710.905	0.8	NonTarget	1	142181
710.985	0.8	NonTarget	1	142197
711.07	0.8	NonTarget	1	142214
711.155	0.8	NonTarget	1	142231
711.235	0.8	NonTarget	1	142247
711.32	0.8	NonTarget	1	142264
711.405	0.8	NonTarget	1	142281
711.485	0.8	NonTarget	1	142297
711.57	0.8	NonTarget	1	142314
711.655	0.8	NonTarget	1	142331
712.055	0.8	NonTarget	1	142411
712.14	0.8	NonTarget	1	142428
712.22	0.8	NonTarget	1	142444
712.305	0.8	NonTarget	1	142461
712.39	0.8	NonTarget	1	142478
712.475	0.8	NonTarget	1	142495
712.555	0.8	NonTarget	1	142511
712.635	0.8	NonTarget	1	142527
712.72	0.8	NonTarget	1	142544
712.805	0.8	NonTarget	1	142561
712.89	0.8	NonTarget	1	142578
712.97	0.8	NonTarget	1	142594
713.055	0.8	NonTarget	1	142611
713.14	0.8	NonTarget	1	142628
713.22	0.8	NonTarget	1	142644
713.305	0.8	NonTarget	1	142661
713.39	0.8	NonTarget	1	142678
713.475	0.8	NonTarget	1	142695
713.555	0.8	NonTarget	1	142711
713.64	0.8	NonTarget	1	142728
713.725	0.8	Target	2	142745
713.805	0.8	NonTarget	1	142761
713.89	0.8	NonTarget	1	142778
713.975	0.8	NonTarget	1	142795
714.055	0.8	NonTarget	1	142811
714.14	0.8	NonTarget	1	142828
714.225	0.8	NonTarget	1	142845
714.305	0.8	NonTarget	1	142861
714.39	0.8	NonTarget	1	142878
714.475	0.8	NonTarget	1	142895
714.875	0.8	Target	2	142975
714.955	0.8	NonTarget	1	142991
715.04	0.8	NonTarget	1	143008
715.125	0.8	NonTarget	1	143025
715.21	0.8	NonTarget	1	143042
715.29	0.8	NonTarget	1	143058
715.375	0.8	NonTarget	1	143075
715.46	0.8	NonTarget	1	143092
715.54	0.8	NonTarget	1	143108
715.625	0.8	NonTarget	1	143125
715.705	0.8	NonTarget	1	143141
715.79	0.8	NonTarget	1	143158
715.875	0.8	NonTarget	1	143175
715.96	0.8	NonTarget	1	143192
716.04	0.8	NonTarget	1	143208
716.125	0.8	NonTarget	1	143225
716.21	0.8	NonTarget	1	143242
716.29	0.8	NonTarget	1	143258
716.375	0.8	NonTarget	1	143275
716.46	0.8	NonTarget	1	143292
716.545	0.8	NonTarget	1	143309
716.625	0.8	NonTarget	1	143325
716.71	0.8	NonTarget	1	143342
716.79	0.8	NonTarget	1	143358
716.875	0.8	NonTarget	1	143375
716.955	0.8	NonTarget	1	143391
717.04	0.8	NonTarget	1	143408
717.125	0.8	NonTarget	1	143425
717.21	0.8	NonTarget	1	143442
717.29	0.8	NonTarget	1	143458
717.695	0.8	NonTarget	1	143539
717.775	0.8	NonTarget	1	143555
717.86	0.8	NonTarget	1	143572
717.94	0.8	NonTarget	1	143588
718.025	0.8	NonTarget	1	143605
718.11	0.8	NonTarget	1	143622
718.195	0.8	NonTarget	1	143639
718.275	0.8	NonTarget	1	143655
718.36	0.8	NonTarget	1	143672
718.44	0.8	NonTarget	1	143688
718.525	0.8	NonTarget	1	143705
718.61	0.8	NonTarget	1	143722
718.695	0.8	NonTarget	1	143739
718.775	0.8	NonTarget	1	143755
718.86	0.8	NonTarget	1	143772
718.945	0.8	Target	2	143789
719.025	0.8	NonTarget	1	143805
719.11	0.8	NonTarget	1	143822
719.195	0.8	NonTarget	1	143839
719.275	0.8	NonTarget	1	143855
719.36	0.8	NonTarget	1	143872
719.44	0.8	NonTarget	1	143888
719.525	0.8	NonTarget	1	143905
719.61	0.8	NonTarget	1	143922
719.695	0.8	NonTarget	1	143939
719.775	0.8	NonTarget	1	143955
719.86	0.8	NonTarget	1	143972
719.945	0.8	NonTarget	1	143989
720.03	0.8	NonTarget	1	144006
720.11	0.8	NonTarget	1	144022
720.51	0.8	NonTarget	1	144102
720.595	0.8	NonTarget	1	144119
720.68	0.8	NonTarget	1	144136
720.76	0.8	NonTarget	1	144152
720.845	0.8	NonTarget	1	144169
720.93	0.8	Target	2	144186
721.01	0.8	NonTarget	1	144202
721.095	0.8	NonTarget	1	144219
721.18	0.8	NonTarget	1	144236
721.265	0.8	NonTarget	1	144253
721.345	0.8	NonTarget	1	144269
721.43	0.8	NonTarget	1	144286
721.515	0.8	NonTarget	1	144303
721.595	0.8	NonTarget	1	144319
721.68	0.8	NonTarget	1	144336
721.76	0.8	NonTarget	1	144352
721.845	0.8	NonTarget	1	144369
721.93	0.8	NonTarget	1	144386
722.015	0.8	NonTarget	1	144403
722.095	0.8	NonTarget	1	144419
722.175	0.8	NonTarget	1	144435
722.265	0.8	NonTarget	1	144453
722.345	0.8	NonTarget	1	144469
722.43	0.8	NonTarget	1	144486
722.515	0.8	NonTarget	1	144503
722.595	0.8	NonTarget	1	144519
722.68	0.8	NonTarget	1	144536
722.765	0.8	NonTarget	1	144553
722.845	0.8	NonTarget	1	144569
722.93	0.8	NonTarget	1	144586
723.33	0.8	NonTarget	1	144666
723.415	0.8	NonTarget	1	144683
723.495	0.8	NonTarget	1	144699
723.58	0.8	NonTarget	1	144716
723.66	0.8	NonTarget	1	144732
723.745	0.8	Target	2	144749
723.83	0.8	NonTarget	1	144766
723.915	0.8	NonTarget	1	144783
724.0	0.8	NonTarget	1	144800
724.08	0.8	NonTarget	1	144816
724.165	0.8	NonTarget	1	144833
724.25	0.8	NonTarget	1	144850
724.33	0.8	NonTarget	1	144866
724.415	0.8	NonTarget	1	144883
724.495	0.8	NonTarget	1	144899
724.58	0.8	NonTarget	1	144916
724.665	0.8	NonTarget	1	144933
724.745	0.8	NonTarget	1	144949
724.83	0.8	NonTarget	1	144966
724.915	0.8	NonTarget	1	144983
725.0	0.8	NonTarget	1	145000
725.08	0.8	NonTarget	1	145016
725.165	0.8	NonTarget	1	145033
725.25	0.8	NonTarget	1	145050
725.335	0.8	NonTarget	1	145067
725.415	0.8	NonTarget	1	145083
725.5	0.8	NonTarget	1	145100
725.58	0.8	NonTarget	1	145116
725.665	0.8	NonTarget	1	145133
725.75	0.8	NonTarget	1	145150
726.15	0.8	NonTarget	1	145230
726.23	0.8	NonTarget	1	145246
726.315	0.8	NonTarget	1	145263
726.4	0.8	NonTarget	1	145280
726.48	0.8	NonTarget	1	145296
726.565	0.8	NonTarget	1	145313
726.65	0.8	NonTarget	1	145330
726.73	0.8	NonTarget	1	145346
726.815	0.8	NonTarget	1	145363
726.9	0.8	NonTarget	1	145380
726.98	0.8	NonTarget	1	145396
727.065	0.8	NonTarget	1	145413
727.15	0.8	NonTarget	1	145430
727.235	0.8	NonTarget	1	145447
727.315	0.8	NonTarget	1	145463
727.4	0.8	NonTarget	1	145480
727.485	0.8	NonTarget	1	145497
727.565	0.8	NonTarget	1	145513
727.65	0.8	NonTarget	1	145530
727.735	0.8	NonTarget	1	145547
727.82	0.8	NonTarget	1	145564
727.9	0.8	NonTarget	1	145580
727.985	0.8	NonTarget	1	145597
728.065	0.8	NonTarget	1	145613
728.15	0.8	NonTarget	1	145630
728.235	0.8	Target	2	145647
728.315	0.8	NonTarget	1	145663
728.4	0.8	NonTarget	1	145680
728.485	0.8	NonTarget	1	145697
728.565	0.8	NonTarget	1	145713
728.965	0.8	NonTarget	1	145793
729.05	0.8	NonTarget	1	145810
729.135	0.8	NonTarget	1	145827
729.22	0.8	NonTarget	1	145844
729.3	0.8	NonTarget	1	145860
729.385	0.8	NonTarget	1	145877
729.47	0.8	NonTarget	1	145894
729.55	0.8	NonTarget	1	145910
729.635	0.8	NonTarget	1	145927
729.72	0.8	NonTarget	1	145944
729.8	0.8	NonTarget	1	145960
729.885	0.8	NonTarget	1	145977
729.97	0.8	NonTarget	1	145994
730.05	0.8	NonTarget	1	146010
730.135	0.8	NonTarget	1	146027
730.22	0.8	NonTarget	1	146044
730.3	0.8	NonTarget	1	146060
730.385	0.8	NonTarget	1	146077
730.47	0.8	NonTarget	1	146094
730.555	0.8	NonTarget	1	146111
730.635	0.8	Target	2	146127
730.72	0.8	NonTarget	1	146144
730.8	0.8	NonTarget	1	146160
730.885	0.8	NonTarget	1	146177
730.97	0.8	NonTarget	1	146194
731.055	0.8	NonTarget	1	146211
731.135	0.8	NonTarget	1	146227
731.22	0.8	NonTarget	1	146244
731.305	0.8	NonTarget	1	146261
731.385	0.8	NonTarget	1	146277
739.945	0.8	NonTarget	1	147989
740.025	0.8	NonTarget	1	148005
740.105	0.8	NonTarget	1	148021
740.195	0.8	NonTarget	1	148039
740.275	0.8	NonTarget	1	148055
740.36	0.8	NonTarget	1	148072
740.44	0.8	NonTarget	1	148088
740.525	0.8	NonTarget	1	148105
740.61	0.8	NonTarget	1	148122
740.69	0.8	NonTarget	1	148138
740.775	0.8	NonTarget	1	148155
740.86	0.8	NonTarget	1	148172
740.945	0.8	NonTarget	1	148189
741.025	0.8	NonTarget	1	148205
741.11	0.8	NonTarget	1	148222
741.19	0.8	Target	2	148238
741.275	0.8	NonTarget	1	148255
741.36	0.8	NonTarget	1	148272
741.445	0.8	NonTarget	1	148289
741.525	0.8	NonTarget	1	148305
741.61	0.8	NonTarget	1	148322
741.695	0.8	NonTarget	1	148339
741.78	0.8	NonTarget	1	148356
741.86	0.8	NonTarget	1	148372
741.945	0.8	NonTarget	1	148389
742.03	0.8	NonTarget	1	148406
742.11	0.8	NonTarget	1	148422
742.195	0.8	NonTarget	1	148439
742.275	0.8	NonTarget	1	148455
742.36	0.8	NonTarget	1	148472
742.76	0.8	Target	2	148552
742.845	0.8	NonTarget	1	148569
742.925	0.8	NonTarget	1	148585
743.01	0.8	NonTarget	1	148602
743.095	0.8	NonTarget	1	148619
743.18	0.8	NonTarget	1	148636
743.26	0.8	NonTarget	1	148652
743.345	0.8	NonTarget	1	148669
743.43	0.8	NonTarget	1	148686
743.51	0.8	NonTarget	1	148702
743.595	0.8	NonTarget	1	148719
743.68	0.8	NonTarget	1	148736
743.76	0.8	NonTarget	1	148752
743.845	0.8	NonTarget	1	148769
743.93	0.8	NonTarget	1	148786
744.01	0.8	NonTarget	1	148802
744.095	0.8	NonTarget	1	148819
744.18	0.8	NonTarget	1	148836
744.26	0.8	NonTarget	1	148852
744.345	0.8	NonTarget	1	148869
744.43	0.8	NonTarget	1	148886
744.515	0.8	NonTarget	1	148903
744.595	0.8	NonTarget	1	148919
744.68	0.8	NonTarget	1	148936
744.76	0.8	NonTarget	1	148952
744.845	0.8	NonTarget	1	148969
744.93	0.8	NonTarget	1	148986
745.015	0.8	NonTarget	1	149003
745.1	0.8	NonTarget	1	149020
745.18	0.8	NonTarget	1	149036
745.58	0.8	NonTarget	1	149116
745.66	0.8	NonTarget	1	149132
745.745	0.8	NonTarget	1	149149
745.83	0.8	NonTarget	1	149166
745.915	0.8	NonTarget	1	149183
745.995	0.8	NonTarget	1	149199
746.08	0.8	NonTarget	1	149216
746.16	0.8	NonTarget	1	149232
746.245	0.8	NonTarget	1	149249
746.33	0.8	NonTarget	1	149266
746.41	0.8	Target	2	149282
746.495	0.8	NonTarget	1	149299
746.58	0.8	NonTarget	1	149316
746.665	0.8	NonTarget	1	149333
746.745	0.8	NonTarget	1	149349
746.83	0.8	NonTarget	1	149366
746.915	0.8	NonTarget	1	149383
747.0	0.8	NonTarget	1	149400
747.08	0.8	NonTarget	1	149416
747.165	0.8	NonTarget	1	149433
747.25	0.8	NonTarget	1	149450
747.33	0.8	NonTarget	1	149466
747.415	0.8	NonTarget	1	149483
747.5	0.8	NonTarget	1	149500
747.58	0.8	NonTarget	1	149516
747.665	0.8	NonTarget	1	149533
747.75	0.8	NonTarget	1	149550
747.835	0.8	NonTarget	1	149567
747.915	0.8	NonTarget	1	149583
748.0	0.8	NonTarget	1	149600
748.4	0.8	NonTarget	1	149680
748.48	0.8	NonTarget	1	149696
748.565	0.8	NonTarget	1	149713
748.65	0.8	NonTarget	1	149730
748.735	0.8	NonTarget	1	149747
748.815	0.8	NonTarget	1	149763
748.9	0.8	NonTarget	1	149780
748.98	0.8	NonTarget	1	149796
749.065	0.8	NonTarget	1	149813
749.15	0.8	NonTarget	1	149830
749.23	0.8	Target	2	149846
749.315	0.8	NonTarget	1	149863
749.4	0.8	NonTarget	1	149880
749.485	0.8	NonTarget	1	149897
749.565	0.8	NonTarget	1	149913
749.65	0.8	NonTarget	1	149930
749.735	0.8	NonTarget	1	149947
749.82	0.8	NonTarget	1	149964
749.9	0.8	NonTarget	1	149980
749.985	0.8	NonTarget	1	149997
750.065	0.8	NonTarget	1	150013
750.15	0.8	NonTarget	1	150030
750.235	0.8	NonTarget	1	150047
750.315	0.8	NonTarget	1	150063
750.4	0.8	NonTarget	1	150080
750.485	0.8	NonTarget	1	150097
750.565	0.8	NonTarget	1	150113
750.65	0.8	NonTarget	1	150130
750.735	0.8	NonTarget	1	150147
750.815	0.8	NonTarget	1	150163
751.215	0.8	Target	2	150243
751.3	0.8	NonTarget	1	150260
751.385	0.8	NonTarget	1	150277
751.47	0.8	NonTarget	1	150294
751.55	0.8	NonTarget	1	150310
751.635	0.8	NonTarget	1	150327
751.72	0.8	NonTarget	1	150344
751.8	0.8	NonTarget	1	150360
751.885	0.8	NonTarget	1	150377
751.97	0.8	NonTarget	1	150394
752.05	0.8	NonTarget	1	150410
752.135	0.8	NonTarget	1	150427
752.22	0.8	NonTarget	1	150444
752.305	0.8	NonTarget	1	150461
752.385	0.8	NonTarget	1	150477
752.47	0.8	NonTarget	1	150494
752.55	0.8	NonTarget	1	150510
752.635	0.8	NonTarget	1	150527
752.72	0.8	NonTarget	1	150544
752.805	0.8	NonTarget	1	150561
752.885	0.8	NonTarget	1	150577
752.97	0.8	NonTarget	1	150594
753.055	0.8	NonTarget	1	150611
753.135	0.8	NonTarget	1	150627
753.22	0.8	NonTarget	1	150644
753.3	0.8	NonTarget	1	150660
753.385	0.8	NonTarget	1	150677
753.47	0.8	NonTarget	1	150694
753.55	0.8	NonTarget	1	150710
753.635	0.8	NonTarget	1	150727
754.035	0.8	NonTarget	1	150807
754.12	0.8	NonTarget	1	150824
754.205	0.8	NonTarget	1	150841
754.285	0.8	NonTarget	1	150857
754.37	0.8	NonTarget	1	150874
754.455	0.8	NonTarget	1	150891
754.535	0.8	NonTarget	1	150907
754.62	0.8	NonTarget	1	150924
754.705	0.8	NonTarget	1	150941
754.785	0.8	NonTarget	1	150957
754.87	0.8	NonTarget	1	150974
754.955	0.8	NonTarget	1	150991
755.035	0.8	NonTarget	1	151007
755.12	0.8	NonTarget	1	151024
755.205	0.8	NonTarget	1	151041
755.285	0.8	NonTarget	1	151057
755.37	0.8	NonTarget	1	151074
755.455	0.8	NonTarget	1	151091
755.54	0.8	NonTarget	1	151108
755.62	0.8	NonTarget	1	151124
755.705	0.8	NonTarget	1	151141
755.785	0.8	NonTarget	1	151157
755.87	0.8	NonTarget	1	151174
755.955	0.8	NonTarget	1	151191
756.04	0.8	NonTarget	1	151208
756.12	0.8	Target	2	151224
756.205	0.8	NonTarget	1	151241
756.29	0.8	NonTarget	1	151258
756.37	0.8	NonTarget	1	151274
756.455	0.8	NonTarget	1	151291
756.855	0.8	NonTarget	1	151371
756.94	0.8	NonTarget	1	151388
757.025	0.8	NonTarget	1	151405
757.105	0.8	NonTarget	1	151421
757.19	0.8	NonTarget	1	151438
757.275	0.8	NonTarget	1	151455
757.355	0.8	NonTarget	1	151471
757.435	0.8	NonTarget	1	151487
757.52	0.8	NonTarget	1	151504
757.605	0.8	NonTarget	1	151521
757.69	0.8	NonTarget	1	151538
757.77	0.8	NonTarget	1	151554
757.855	0.8	NonTarget	1	151571
757.94	0.8	NonTarget	1	151588
758.025	0.8	NonTarget	1	151605
758.105	0.8	NonTarget	1	151621
758.19	0.8	NonTarget	1	151638
758.275	0.8	NonTarget	1	151655
758.355	0.8	NonTarget	1	151671
758.44	0.8	NonTarget	1	151688
758.525	0.8	NonTarget	1	151705
758.605	0.8	NonTarget	1	151721
758.69	0.8	NonTarget	1	151738
758.775	0.8	NonTarget	1	151755
758.855	0.8	NonTarget	1	151771
758.94	0.8	Target	2	151788
759.025	0.8	NonTarget	1	151805
759.105	0.8	NonTarget	1	151821
759.19	0.8	NonTarget	1	151838
759.275	0.8	NonTarget	1	151855
759.675	0.8	NonTarget	1	151935
759.76	0.8	NonTarget	1	151952
759.84	0.8	NonTarget	1	151968
759.925	0.8	NonTarget	1	151985
760.005	0.8	NonTarget	1	152001
760.09	0.8	NonTarget	1	152018
760.175	0.8	NonTarget	1	152035
760.255	0.8	NonTarget	1	152051
760.34	0.8	NonTarget	1	152068
760.425	0.8	NonTarget	1	152085
760.505	0.8	Target	2	152101
760.59	0.8	NonTarget	1	152118
760.675	0.8	NonTarget	1	152135
760.76	0.8	NonTarget	1	152152
760.84	0.8	NonTarget	1	152168
760.925	0.8	NonTarget	1	152185
761.01	0.8	NonTarget	1	152202
761.095	0.8	NonTarget	1	152219
761.175	0.8	NonTarget	1	152235
761.26	0.8	NonTarget	1	152252
761.345	0.8	NonTarget	1	152269
761.425	0.8	NonTarget	1	152285
761.51	0.8	NonTarget	1	152302
761.59	0.8	NonTarget	1	152318
761.675	0.8	NonTarget	1	152335
761.76	0.8	NonTarget	1	152352
761.84	0.8	NonTarget	1	152368
761.925	0.8	NonTarget	1	152385
762.01	0.8	NonTarget	1	152402
762.09	0.8	NonTarget	1	152418
762.495	0.8	NonTarget	1	152499
762.575	0.8	NonTarget	1	152515
762.66	0.8	NonTarget	1	152532
762.745	0.8	NonTarget	1	152549
762.825	0.8	NonTarget	1	152565
762.91	0.8	NonTarget	1	152582
762.995	0.8	NonTarget	1	152599
763.075	0.8	NonTarget	1	152615
763.16	0.8	NonTarget	1	152632
763.245	0.8	NonTarget	1	152649
763.325	0.8	Target	2	152665
763.41	0.8	NonTarget	1	152682
763.495	0.8	NonTarget	1	152699
763.575	0.8	NonTarget	1	152715
763.66	0.8	NonTarget	1	152732
763.745	0.8	NonTarget	1	152749
763.825	0.8	NonTarget	1	152765
763.91	0.8	NonTarget	1	152782
763.995	0.8	NonTarget	1	152799
764.075	0.8	NonTarget	1	152815
764.16	0.8	NonTarget	1	152832
764.245	0.8	NonTarget	1	152849
764.325	0.8	NonTarget	1	152865
764.41	0.8	NonTarget	1	152882
764.495	0.8	NonTarget	1	152899
764.575	0.8	NonTarget	1	152915
764.66	0.8	NonTarget	1	152932
764.745	0.8	NonTarget	1	152949
764.83	0.8	NonTarget	1	152966
764.91	0.8	NonTarget	1	152982
765.31	0.8	NonTarget	1	153062
765.395	0.8	NonTarget	1	153079
765.48	0.8	NonTarget	1	153096
765.56	0.8	NonTarget	1	153112
765.645	0.8	NonTarget	1	153129
765.73	0.8	NonTarget	1	153146
765.81	0.8	NonTarget	1	153162
765.895	0.8	NonTarget	1	153179
765.98	0.8	NonTarget	1	153196
766.06	0.8	NonTarget	1	153212
766.145	0.8	NonTarget	1	153229
766.23	0.8	NonTarget	1	153246
766.315	0.8	NonTarget	1	153263
766.395	0.8	NonTarget	1	153279
766.48	0.8	NonTarget	1	153296
766.565	0.8	NonTarget	1	153313
766.645	0.8	NonTarget	1	153329
766.73	0.8	NonTarget	1	153346
766.81	0.8	NonTarget	1	153362
766.895	0.8	NonTarget	1	153379
766.975	0.8	Target	2	153395
767.065	0.8	NonTarget	1	153413
767.145	0.8	NonTarget	1	153429
767.23	0.8	NonTarget	1	153446
767.31	0.8	NonTarget	1	153462
767.395	0.8	NonTarget	1	153479
767.48	0.8	NonTarget	1	153496
767.565	0.8	NonTarget	1	153513
767.645	0.8	NonTarget	1	153529
767.73	0.8	NonTarget	1	153546
776.29	0.8	NonTarget	1	155258
776.37	0.8	NonTarget	1	155274
776.455	0.8	NonTarget	1	155291
776.535	0.8	NonTarget	1	155307
776.62	0.8	NonTarget	1	155324
776.7	0.8	NonTarget	1	155340
776.785	0.8	NonTarget	1	155357
776.87	0.8	NonTarget	1	155374
776.955	0.8	NonTarget	1	155391
777.035	0.8	NonTarget	1	155407
777.125	0.8	NonTarget	1	155425
777.205	0.8	NonTarget	1	155441
777.285	0.8	NonTarget	1	155457
777.37	0.8	NonTarget	1	155474
777.455	0.8	NonTarget	1	155491
777.535	0.8	NonTarget	1	155507
777.62	0.8	NonTarget	1	155524
777.7	0.8	NonTarget	1	155540
777.79	0.8	Target	2	155558
777.87	0.8	NonTarget	1	155574
777.955	0.8	NonTarget	1	155591
778.035	0.8	NonTarget	1	155607
778.12	0.8	NonTarget	1	155624
778.205	0.8	NonTarget	1	155641
778.285	0.8	NonTarget	1	155657
778.37	0.8	NonTarget	1	155674
778.455	0.8	NonTarget	1	155691
778.54	0.8	NonTarget	1	155708
778.62	0.8	NonTarget	1	155724
778.705	0.8	NonTarget	1	155741
779.105	0.8	NonTarget	1	155821
779.19	0.8	NonTarget	1	155838
779.27	0.8	NonTarget	1	155854
779.355	0.8	NonTarget	1	155871
779.44	0.8	NonTarget	1	155888
779.52	0.8	NonTarget	1	155904
779.605	0.8	NonTarget	1	155921
779.69	0.8	NonTarget	1	155938
779.775	0.8	Target	2	155955
779.855	0.8	NonTarget	1	155971
779.94	0.8	NonTarget	1	155988
780.025	0.8	NonTarget	1	156005
780.105	0.8	NonTarget	1	156021
780.19	0.8	NonTarget	1	156038
780.275	0.8	NonTarget	1	156055
780.355	0.8	NonTarget	1	156071
780.44	0.8	NonTarget	1	156088
780.52	0.8	NonTarget	1	156104
780.605	0.8	NonTarget	1	156121
780.69	0.8	NonTarget	1	156138
780.775	0.8	NonTarget	1	156155
780.855	0.8	NonTarget	1	156171
780.94	0.8	NonTarget	1	156188
781.025	0.8	NonTarget	1	156205
781.105	0.8	NonTarget	1	156221
781.19	0.8	NonTarget	1	156238
781.275	0.8	NonTarget	1	156255
781.355	0.8	NonTarget	1	156271
781.44	0.8	NonTarget	1	156288
781.525	0.8	NonTarget	1	156305
781.925	0.8	NonTarget	1	156385
782.01	0.8	NonTarget	1	156402
782.09	0.8	NonTarget	1	156418
782.175	0.8	NonTarget	1	156435
782.255	0.8	NonTarget	1	156451
782.34	0.8	NonTarget	1	156468
782.425	0.8	NonTarget	1	156485
782.51	0.8	NonTarget	1	156502
782.59	0.8	NonTarget	1	156518
782.675	0.8	NonTarget	1	156535
782.755	0.8	NonTarget	1	156551
782.84	0.8	NonTarget	1	156568
782.925	0.8	NonTarget	1	156585
783.01	0.8	NonTarget	1	156602
783.09	0.8	NonTarget	1	156618
783.175	0.8	NonTarget	1	156635
783.26	0.8	NonTarget	1	156652
783.34	0.8	NonTarget	1	156668
783.425	0.8	Target	2	156685
783.505	0.8	NonTarget	1	156701
783.595	0.8	NonTarget	1	156719
783.675	0.8	NonTarget	1	156735
783.76	0.8	NonTarget	1	156752
783.845	0.8	NonTarget	1	156769
783.925	0.8	NonTarget	1	156785
784.01	0.8	NonTarget	1	156802
784.095	0.8	NonTarget	1	156819
784.175	0.8	NonTarget	1	156835
784.26	0.8	NonTarget	1	156852
784.34	0.8	NonTarget	1	156868
784.745	0.8	NonTarget	1	156949
784.825	0.8	NonTarget	1	156965
784.91	0.8	NonTarget	1	156982
784.995	0.8	NonTarget	1	156999
785.075	0.8	NonTarget	1	157015
785.16	0.8	NonTarget	1	157032
785.245	0.8	NonTarget	1	157049
785.325	0.8	NonTarget	1	157065
785.41	0.8	NonTarget	1	157082
785.495	0.8	NonTarget	1	157099
785.575	0.8	NonTarget	1	157115
785.66	0.8	NonTarget	1	157132
785.745	0.8	NonTarget	1	157149
785.825	0.8	Target	2	157165
785.91	0.8	NonTarget	1	157182
785.995	0.8	NonTarget	1	157199
786.075	0.8	NonTarget	1	157215
786.16	0.8	NonTarget	1	157232
786.245	0.8	NonTarget	1	157249
786.325	0.8	NonTarget	1	157265
786.41	0.8	NonTarget	1	157282
786.495	0.8	NonTarget	1	157299
786.58	0.8	NonTarget	1	157316
786.66	0.8	NonTarget	1	157332
786.745	0.8	NonTarget	1	157349
786.825	0.8	NonTarget	1	157365
786.91	0.8	NonTarget	1	157382
786.995	0.8	NonTarget	1	157399
787.08	0.8	NonTarget	1	157416
787.16	0.8	NonTarget	1	157432
787.56	0.8	NonTarget	1	157512
787.645	0.8	NonTarget	1	157529
787.73	0.8	NonTarget	1	157546
787.81	0.8	Target	2	157562
787.895	0.8	NonTarget	1	157579
787.975	0.8	NonTarget	1	157595
788.06	0.8	NonTarget	1	157612
788.145	0.8	NonTarget	1	157629
788.23	0.8	NonTarget	1	157646
788.31	0.8	NonTarget	1	157662
788.395	0.8	NonTarget	1	157679
788.48	0.8	NonTarget	1	157696
788.565	0.8	NonTarget	1	157713
788.645	0.8	NonTarget	1	157729
788.73	0.8	NonTarget	1	157746
788.81	0.8	NonTarget	1	157762
788.895	0.8	NonTarget	1	157779
788.98	0.8	NonTarget	1	157796
789.065	0.8	NonTarget	1	157813
789.145	0.8	NonTarget	1	157829
789.23	0.8	NonTarget	1	157846
789.31	0.8	NonTarget	1	157862
789.395	0.8	NonTarget	1	157879
789.48	0.8	NonTarget	1	157896
789.56	0.8	NonTarget	1	157912
789.65	0.8	NonTarget	1	157930
789.73	0.8	NonTarget	1	157946
789.81	0.8	NonTarget	1	157962
789.895	0.8	NonTarget	1	157979
789.98	0.8	NonTarget	1	157996
790.38	0.8	NonTarget	1	158076
790.465	0.8	NonTarget	1	158093
790.545	0.8	NonTarget	1	158109
790.63	0.8	NonTarget	1	158126
790.71	0.8	NonTarget	1	158142
790.8	0.8	NonTarget	1	158160
790.88	0.8	NonTarget	1	158176
790.965	0.8	NonTarget	1	158193
791.045	0.8	NonTarget	1	158209
791.13	0.8	NonTarget	1	158226
791.215	0.8	NonTarget	1	158243
791.295	0.8	NonTarget	1	158259
791.38	0.8	NonTarget	1	158276
791.465	0.8	NonTarget	1	158293
791.55	0.8	NonTarget	1	158310
791.63	0.8	NonTarget	1	158326
791.715	0.8	NonTarget	1	158343
791.795	0.8	NonTarget	1	158359
791.88	0.8	NonTarget	1	158376
791.965	0.8	NonTarget	1	158393
792.05	0.8	NonTarget	1	158410
792.13	0.8	NonTarget	1	158426
792.215	0.8	NonTarget	1	158443
792.3	0.8	NonTarget	1	158460
792.385	0.8	NonTarget	1	158477
792.465	0.8	NonTarget	1	158493
792.55	0.8	NonTarget	1	158510
792.63	0.8	NonTarget	1	158526
792.715	0.8	Target	2	158543
792.8	0.8	NonTarget	1	158560
793.195	0.8	NonTarget	1	158639
793.285	0.8	NonTarget	1	158657
793.365	0.8	NonTarget	1	158673
793.45	0.8	Target	2	158690
793.53	0.8	NonTarget	1	158706
793.615	0.8	NonTarget	1	158723
793.7	0.8	NonTarget	1	158740
793.785	0.8	NonTarget	1	158757
793.87	0.8	NonTarget	1	158774
793.95	0.8	NonTarget	1	158790
794.035	0.8	NonTarget	1	158807
794.115	0.8	NonTarget	1	158823
794.2	0.8	NonTarget	1	158840
794.285	0.8	NonTarget	1	158857
794.365	0.8	NonTarget	1	158873
794.45	0.8	NonTarget	1	158890
794.53	0.8	NonTarget	1	158906
794.615	0.8	NonTarget	1	158923
794.7	0.8	NonTarget	1	158940
794.785	0.8	NonTarget	1	158957
794.87	0.8	NonTarget	1	158974
794.95	0.8	NonTarget	1	158990
795.035	0.8	NonTarget	1	159007
795.115	0.8	NonTarget	1	159023
795.2	0.8	NonTarget	1	159040
795.285	0.8	NonTarget	1	159057
795.365	0.8	NonTarget	1	159073
795.45	0.8	NonTarget	1	159090
795.535	0.8	NonTarget	1	159107
795.615	0.8	NonTarget	1	159123
796.015	0.8	NonTarget	1	159203
796.1	0.8	NonTarget	1	159220
796.185	0.8	NonTarget	1	159237
796.27	0.8	NonTarget	1	159254
796.355	0.8	NonTarget	1	159271
796.435	0.8	NonTarget	1	159287
796.52	0.8	NonTarget	1	159304
796.6	0.8	NonTarget	1	159320
796.685	0.8	Target	2	159337
796.765	0.8	NonTarget	1	159353
796.85	0.8	NonTarget	1	159370
796.935	0.8	NonTarget	1	159387
797.02	0.8	NonTarget	1	159404
797.1	0.8	NonTarget	1	159420
797.185	0.8	NonTarget	1	159437
797.27	0.8	NonTarget	1	159454
797.35	0.8	NonTarget	1	159470
797.435	0.8	NonTarget	1	159487
797.52	0.8	NonTarget	1	159504
797.6	0.8	NonTarget	1	159520
797.685	0.8	NonTarget	1	159537
797.765	0.8	NonTarget	1	159553
797.855	0.8	NonTarget	1	159571
797.935	0.8	NonTarget	1	159587
798.02	0.8	NonTarget	1	159604
798.1	0.8	NonTarget	1	159620
798.185	0.8	NonTarget	1	159637
798.27	0.8	NonTarget	1	159654
798.355	0.8	NonTarget	1	159671
798.435	0.8	NonTarget	1	159687
798.835	0.8	NonTarget	1	159767
798.92	0.8	NonTarget	1	159784
799.005	0.8	NonTarget	1	159801
799.085	0.8	NonTarget	1	159817
799.17	0.8	NonTarget	1	159834
799.255	0.8	NonTarget	1	159851
799.335	0.8	NonTarget	1	159867
799.42	0.8	NonTarget	1	159884
799.505	0.8	NonTarget	1	159901
799.585	0.8	NonTarget	1	159917
799.67	0.8	NonTarget	1	159934
799.755	0.8	NonTarget	1	159951
799.835	0.8	NonTarget	1	159967
799.92	0.8	NonTarget	1	159984
800.005	0.8	NonTarget	1	160001
800.09	0.8	NonTarget	1	160018
800.17	0.8	NonTarget	1	160034
800.255	0.8	NonTarget	1	160051
800.335	0.8	NonTarget	1	160067
800.42	0.8	NonTarget	1	160084
800.505	0.8	NonTarget	1	160101
800.59	0.8	NonTarget	1	160118
800.67	0.8	NonTarget	1	160134
800.755	0.8	Target	2	160151
800.84	0.8	NonTarget	1	160168
800.92	0.8	NonTarget	1	160184
801.005	0.8	NonTarget	1	160201
801.09	0.8	NonTarget	1	160218
801.17	0.8	NonTarget	1	160234
801.255	0.8	NonTarget	1	160251
801.655	0.8	NonTarget	1	160331
801.74	0.8	NonTarget	1	160348
801.825	0.8	NonTarget	1	160365
801.905	0.8	NonTarget	1	160381
801.99	0.8	NonTarget	1	160398
802.07	0.8	NonTarget	1	160414
802.155	0.8	NonTarget	1	160431
802.24	0.8	NonTarget	1	160448
802.32	0.8	NonTarget	1	160464
802.405	0.8	NonTarget	1	160481
802.49	0.8	NonTarget	1	160498
802.575	0.8	NonTarget	1	160515
802.655	0.8	NonTarget	1	160531
802.74	0.8	NonTarget	1	160548
802.82	0.8	NonTarget	1	160564
802.905	0.8	NonTarget	1	160581
802.99	0.8	NonTarget	1	160598
803.075	0.8	NonTarget	1	160615
803.16	0.8	NonTarget	1	160632
803.24	0.8	NonTarget	1	160648
803.325	0.8	NonTarget	1	160665
803.405	0.8	NonTarget	1	160681
803.49	0.8	NonTarget	1	160698
803.575	0.8	Target	2	160715
803.655	0.8	NonTarget	1	160731
803.74	0.8	NonTarget	1	160748
803.825	0.8	NonTarget	1	160765
803.905	0.8	NonTarget	1	160781
803.99	0.8	NonTarget	1	160798
804.075	0.8	NonTarget	1	160815
812.635	0.8	NonTarget	1	162527
812.715	0.8	NonTarget	1	162543
812.795	0.8	NonTarget	1	162559
812.88	0.8	NonTarget	1	162576
812.965	0.8	NonTarget	1	162593
813.05	0.8	NonTarget	1	162610
813.13	0.8	NonTarget	1	162626
813.215	0.8	NonTarget	1	162643
813.295	0.8	NonTarget	1	162659
813.38	0.8	NonTarget	1	162676
813.465	0.8	NonTarget	1	162693
813.545	0.8	NonTarget	1	162709
813.63	0.8	NonTarget	1	162726
813.715	0.8	NonTarget	1	162743
813.8	0.8	NonTarget	1	162760
813.88	0.8	NonTarget	1	162776
813.965	0.8	NonTarget	1	162793
814.05	0.8	NonTarget	1	162810
814.13	0.8	NonTarget	1	162826
814.215	0.8	NonTarget	1	162843
814.295	0.8	NonTarget	1	162859
814.38	0.8	NonTarget	1	162876
814.465	0.8	NonTarget	1	162893
814.55	0.8	NonTarget	1	162910
814.63	0.8	NonTarget	1	162926
814.715	0.8	NonTarget	1	162943
814.795	0.8	NonTarget	1	162959
814.88	0.8	Target	2	162976
814.965	0.8	NonTarget	1	162993
815.05	0.8	NonTarget	1	163010
815.45	0.8	NonTarget	1	163090
815.53	0.8	NonTarget	1	163106
815.615	0.8	NonTarget	1	163123
815.7	0.8	NonTarget	1	163140
815.78	0.8	NonTarget	1	163156
815.87	0.8	NonTarget	1	163174
815.95	0.8	NonTarget	1	163190
816.035	0.8	NonTarget	1	163207
816.115	0.8	NonTarget	1	163223
816.2	0.8	NonTarget	1	163240
816.285	0.8	NonTarget	1	163257
816.365	0.8	NonTarget	1	163273
816.45	0.8	NonTarget	1	163290
816.535	0.8	NonTarget	1	163307
816.615	0.8	NonTarget	1	163323
816.7	0.8	NonTarget	1	163340
816.785	0.8	NonTarget	1	163357
816.865	0.8	NonTarget	1	163373
816.95	0.8	NonTarget	1	163390
817.035	0.8	NonTarget	1	163407
817.115	0.8	NonTarget	1	163423
817.2	0.8	NonTarget	1	163440
817.285	0.8	Target	2	163457
817.365	0.8	NonTarget	1	163473
817.45	0.8	NonTarget	1	163490
817.535	0.8	NonTarget	1	163507
817.615	0.8	NonTarget	1	163523
817.7	0.8	NonTarget	1	163540
817.785	0.8	NonTarget	1	163557
817.87	0.8	NonTarget	1	163574
818.265	0.8	NonTarget	1	163653
818.35	0.8	NonTarget	1	163670
818.435	0.8	NonTarget	1	163687
818.52	0.8	NonTarget	1	163704
818.6	0.8	NonTarget	1	163720
818.685	0.8	NonTarget	1	163737
818.765	0.8	NonTarget	1	163753
818.85	0.8	NonTarget	1	163770
818.935	0.8	NonTarget	1	163787
819.02	0.8	NonTarget	1	163804
819.1	0.8	NonTarget	1	163820
819.185	0.8	NonTarget	1	163837
819.27	0.8	Target	2	163854
819.355	0.8	NonTarget	1	163871
819.435	0.8	NonTarget	1	163887
819.52	0.8	NonTarget	1	163904
819.6	0.8	NonTarget	1	163920
819.685	0.8	NonTarget	1	163937
819.77	0.8	NonTarget	1	163954
819.85	0.8	NonTarget	1	163970
819.935	0.8	NonTarget	1	163987
820.02	0.8	NonTarget	1	164004
820.105	0.8	NonTarget	1	164021
820.185	0.8	NonTarget	1	164037
820.27	0.8	NonTarget	1	164054
820.355	0.8	NonTarget	1	164071
820.435	0.8	NonTarget	1	164087
820.52	0.8	NonTarget	1	164104
820.605	0.8	NonTarget	1	164121
820.685	0.8	NonTarget	1	164137
821.085	0.8	NonTarget	1	164217
821.17	0.8	NonTarget	1	164234
821.255	0.8	NonTarget	1	164251
821.335	0.8	NonTarget	1	164267
821.42	0.8	NonTarget	1	164284
821.5	0.8	NonTarget	1	164300
821.585	0.8	NonTarget	1	164317
821.67	0.8	NonTarget	1	164334
821.755	0.8	NonTarget	1	164351
821.835	0.8	NonTarget	1	164367
821.92	0.8	NonTarget	1	164384
822.005	0.8	NonTarget	1	164401
822.085	0.8	NonTarget	1	164417
822.17	0.8	NonTarget	1	164434
822.255	0.8	NonTarget	1	164451
822.335	0.8	NonTarget	1	164467
822.42	0.8	NonTarget	1	164484
822.505	0.8	Target	2	164501
822.59	0.8	NonTarget	1	164518
822.67	0.8	NonTarget	1	164534
822.755	0.8	NonTarget	1	164551
822.84	0.8	NonTarget	1	164568
822.92	0.8	NonTarget	1	164584
823.005	0.8	NonTarget	1	164601
823.09	0.8	NonTarget	1	164618
823.17	0.8	NonTarget	1	164634
823.255	0.8	NonTarget	1	164651
823.34	0.8	NonTarget	1	164668
823.42	0.8	NonTarget	1	164684
823.505	0.8	NonTarget	1	164701
823.905	0.8	NonTarget	1	164781
823.99	0.8	NonTarget	1	164798
824.07	0.8	NonTarget	1	164814
824.155	0.8	NonTarget	1	164831
824.24	0.8	NonTarget	1	164848
824.32	0.8	NonTarget	1	164864
824.405	0.8	NonTarget	1	164881
824.49	0.8	NonTarget	1	164898
824.575	0.8	NonTarget	1	164915
824.655	0.8	NonTarget	1	164931
824.74	0.8	NonTarget	1	164948
824.825	0.8	NonTarget	1	164965
824.905	0.8	Target	2	164981
824.99	0.8	NonTarget	1	164998
825.07	0.8	NonTarget	1	165014
825.155	0.8	NonTarget	1	165031
825.24	0.8	NonTarget	1	165048
825.325	0.8	NonTarget	1	165065
825.405	0.8	NonTarget	1	165081
825.49	0.8	NonTarget	1	165098
825.575	0.8	NonTarget	1	165115
825.655	0.8	NonTarget	1	165131
825.74	0.8	NonTarget	1	165148
825.825	0.8	NonTarget	1	165165
825.91	0.8	NonTarget	1	165182
825.99	0.8	NonTarget	1	165198
826.075	0.8	NonTarget	1	165215
826.155	0.8	NonTarget	1	165231
826.24	0.8	NonTarget	1	165248
826.32	0.8	NonTarget	1	165264
826.725	0.8	NonTarget	1	165345
826.81	0.8	NonTarget	1	165362
826.89	0.8	NonTarget	1	165378
826.975	0.8	NonTarget	1	165395
827.06	0.8	NonTarget	1	165412
827.14	0.8	NonTarget	1	165428
827.225	0.8	NonTarget	1	165445
827.31	0.8	NonTarget	1	165462
827.39	0.8	NonTarget	1	165478
827.475	0.8	NonTarget	1	165495
827.555	0.8	NonTarget	1	165511
827.64	0.8	NonTarget	1	165528
827.725	0.8	NonTarget	1	165545
827.81	0.8	NonTarget	1	165562
827.89	0.8	NonTarget	1	165578
827.975	0.8	NonTarget	1	165595
828.06	0.8	NonTarget	1	165612
828.14	0.8	NonTarget	1	165628
828.225	0.8	NonTarget	1	165645
828.305	0.8	NonTarget	1	165661
828.39	0.8	NonTarget	1	165678
828.475	0.8	NonTarget	1	165695
828.56	0.8	Target	2	165712
828.64	0.8	NonTarget	1	165728
828.725	0.8	NonTarget	1	165745
828.81	0.8	NonTarget	1	165762
828.89	0.8	NonTarget	1	165778
828.975	0.8	NonTarget	1	165795
829.06	0.8	NonTarget	1	165812
829.14	0.8	NonTarget	1	165828
829.54	0.8	NonTarget	1	165908
829.625	0.8	NonTarget	1	165925
829.71	0.8	NonTarget	1	165942
829.795	0.8	NonTarget	1	165959
829.875	0.8	NonTarget	1	165975
829.96	0.8	NonTarget	1	165992
830.045	0.8	NonTarget	1	166009
830.125	0.8	NonTarget	1	166025
830.21	0.8	NonTarget	1	166042
830.295	0.8	NonTarget	1	166059
830.375	0.8	NonTarget	1	166075
830.46	0.8	NonTarget	1	166092
830.545	0.8	NonTarget	1	166109
830.625	0.8	NonTarget	1	166125
830.71	0.8	NonTarget	1	166142
830.795	0.8	NonTarget	1	166159
830.875	0.8	NonTarget	1	166175
830.96	0.8	Target	2	166192
831.045	0.8	NonTarget	1	166209
831.125	0.8	NonTarget	1	166225
831.21	0.8	NonTarget	1	166242
831.295	0.8	NonTarget	1	166259
831.375	0.8	NonTarget	1	166275
831.46	0.8	NonTarget	1	166292
831.545	0.8	NonTarget	1	166309
831.63	0.8	NonTarget	1	166326
831.71	0.8	NonTarget	1	166342
831.795	0.8	NonTarget	1	166359
831.88	0.8	NonTarget	1	166376
831.96	0.8	NonTarget	1	166392
832.36	0.8	NonTarget	1	166472
832.445	0.8	NonTarget	1	166489
832.53	0.8	NonTarget	1	166506
832.61	0.8	NonTarget	1	166522
832.695	0.8	NonTarget	1	166539
832.78	0.8	NonTarget	1	166556
832.86	0.8	NonTarget	1	166572
832.945	0.8	NonTarget	1	166589
833.03	0.8	NonTarget	1	166606
833.11	0.8	NonTarget	1	166622
833.195	0.8	NonTarget	1	166639
833.28	0.8	NonTarget	1	166656
833.365	0.8	NonTarget	1	166673
833.445	0.8	NonTarget	1	166689
833.53	0.8	NonTarget	1	166706
833.61	0.8	NonTarget	1	166722
833.695	0.8	NonTarget	1	166739
833.78	0.8	NonTarget	1	166756
833.865	0.8	NonTarget	1	166773
833.945	0.8	NonTarget	1	166789
834.03	0.8	NonTarget	1	166806
834.11	0.8	NonTarget	1	166822
834.195	0.8	NonTarget	1	166839
834.28	0.8	NonTarget	1	166856
834.365	0.8	NonTarget	1	166873
834.445	0.8	NonTarget	1	166889
834.53	0.8	NonTarget	1	166906
834.615	0.8	Target	2	166923
834.695	0.8	NonTarget	1	166939
834.78	0.8	NonTarget	1	166956
835.18	0.8	NonTarget	1	167036
835.26	0.8	NonTarget	1	167052
835.345	0.8	NonTarget	1	167069
835.43	0.8	NonTarget	1	167086
835.515	0.8	NonTarget	1	167103
835.595	0.8	NonTarget	1	167119
835.68	0.8	NonTarget	1	167136
835.765	0.8	NonTarget	1	167153
835.85	0.8	NonTarget	1	167170
835.93	0.8	NonTarget	1	167186
836.015	0.8	NonTarget	1	167203
836.1	0.8	NonTarget	1	167220
836.18	0.8	NonTarget	1	167236
836.265	0.8	NonTarget	1	167253
836.35	0.8	NonTarget	1	167270
836.43	0.8	NonTarget	1	167286
836.515	0.8	NonTarget	1	167303
836.6	0.8	NonTarget	1	167320
836.68	0.8	NonTarget	1	167336
836.765	0.8	NonTarget	1	167353
836.85	0.8	NonTarget	1	167370
836.93	0.8	NonTarget	1	167386
837.015	0.8	NonTarget	1	167403
837.1	0.8	NonTarget	1	167420
837.185	0.8	NonTarget	1	167437
837.265	0.8	NonTarget	1	167453
837.35	0.8	NonTarget	1	167470
837.43	0.8	Target	2	167486
837.515	0.8	NonTarget	1	167503
837.595	0.8	NonTarget	1	167519
838.0	0.8	NonTarget	1	167600
838.085	0.8	NonTarget	1	167617
838.165	0.8	NonTarget	1	167633
838.25	0.8	NonTarget	1	167650
838.33	0.8	NonTarget	1	167666
838.415	0.8	NonTarget	1	167683
838.5	0.8	NonTarget	1	167700
838.585	0.8	NonTarget	1	167717
838.665	0.8	NonTarget	1	167733
838.75	0.8	NonTarget	1	167750
838.835	0.8	NonTarget	1	167767
838.915	0.8	NonTarget	1	167783
839.0	0.8	NonTarget	1	167800
839.085	0.8	NonTarget	1	167817
839.165	0.8	NonTarget	1	167833
839.25	0.8	NonTarget	1	167850
839.335	0.8	NonTarget	1	167867
839.415	0.8	NonTarget	1	167883
839.5	0.8	NonTarget	1	167900
839.585	0.8	NonTarget	1	167917
839.665	0.8	NonTarget	1	167933
839.75	0.8	NonTarget	1	167950
839.835	0.8	NonTarget	1	167967
839.92	0.8	NonTarget	1	167984
840.0	0.8	NonTarget	1	168000
840.085	0.8	NonTarget	1	168017
840.165	0.8	NonTarget	1	168033
840.25	0.8	Target	2	168050
840.335	0.8	NonTarget	1	168067
840.42	0.8	NonTarget	1	168084
848.975	0.8	NonTarget	1	169795
849.06	0.8	Target	2	169812
849.14	0.8	NonTarget	1	169828
849.225	0.8	NonTarget	1	169845
849.305	0.8	NonTarget	1	169861
849.39	0.8	NonTarget	1	169878
849.475	0.8	NonTarget	1	169895
849.56	0.8	NonTarget	1	169912
849.64	0.8	NonTarget	1	169928
849.725	0.8	NonTarget	1	169945
849.81	0.8	NonTarget	1	169962
849.89	0.8	NonTarget	1	169978
849.975	0.8	NonTarget	1	169995
850.06	0.8	NonTarget	1	170012
850.145	0.8	NonTarget	1	170029
850.225	0.8	NonTarget	1	170045
850.31	0.8	NonTarget	1	170062
850.395	0.8	NonTarget	1	170079
850.475	0.8	NonTarget	1	170095
850.56	0.8	NonTarget	1	170112
850.64	0.8	NonTarget	1	170128
850.725	0.8	NonTarget	1	170145
850.81	0.8	NonTarget	1	170162
850.89	0.8	NonTarget	1	170178
850.975	0.8	NonTarget	1	170195
851.06	0.8	NonTarget	1	170212
851.14	0.8	NonTarget	1	170228
851.225	0.8	NonTarget	1	170245
851.31	0.8	NonTarget	1	170262
851.39	0.8	NonTarget	1	170278
851.79	0.8	NonTarget	1	170358
851.875	0.8	NonTarget	1	170375
851.96	0.8	NonTarget	1	170392
852.045	0.8	NonTarget	1	170409
852.125	0.8	NonTarget	1	170425
852.21	0.8	NonTarget	1	170442
852.29	0.8	NonTarget	1	170458
852.38	0.8	NonTarget	1	170476
852.46	0.8	NonTarget	1	170492
852.545	0.8	NonTarget	1	170509
852.625	0.8	NonTarget	1	170525
852.71	0.8	Target	2	170542
852.795	0.8	NonTarget	1	170559
852.88	0.8	NonTarget	1	170576
852.96	0.8	NonTarget	1	170592
853.045	0.8	NonTarget	1	170609
853.13	0.8	NonTarget	1	170626
853.21	0.8	NonTarget	1	170642
853.295	0.8	NonTarget	1	170659
853.375	0.8	NonTarget	1	170675
853.46	0.8	NonTarget	1	170692
853.545	0.8	NonTarget	1	170709
853.625	0.8	NonTarget	1	170725
853.71	0.8	NonTarget	1	170742
853.795	0.8	NonTarget	1	170759
853.88	0.8	NonTarget	1	170776
853.96	0.8	NonTarget	1	170792
854.04	0.8	NonTarget	1	170808
854.13	0.8	NonTarget	1	170826
854.21	0.8	NonTarget	1	170842
854.61	0.8	NonTarget	1	170922
854.695	0.8	NonTarget	1	170939
854.78	0.8	NonTarget	1	170956
854.86	0.8	NonTarget	1	170972
854.945	0.8	NonTarget	1	170989
855.03	0.8	NonTarget	1	171006
855.11	0.8	NonTarget	1	171022
855.195	0.8	NonTarget	1	171039
855.28	0.8	NonTarget	1	171056
855.36	0.8	NonTarget	1	171072
855.445	0.8	NonTarget	1	171089
855.53	0.8	NonTarget	1	171106
855.61	0.8	NonTarget	1	171122
855.695	0.8	NonTarget	1	171139
855.78	0.8	NonTarget	1	171156
855.865	0.8	NonTarget	1	171173
855.945	0.8	NonTarget	1	171189
856.03	0.8	NonTarget	1	171206
856.115	0.8	NonTarget	1	171223
856.195	0.8	NonTarget	1	171239
856.28	0.8	NonTarget	1	171256
856.365	0.8	Target	2	171273
856.445	0.8	NonTarget	1	171289
856.53	0.8	NonTarget	1	171306
856.61	0.8	NonTarget	1	171322
856.695	0.8	NonTarget	1	171339
856.78	0.8	NonTarget	1	171356
856.86	0.8	NonTarget	1	171372
856.945	0.8	NonTarget	1	171389
857.03	0.8	NonTarget	1	171406
857.43	0.8	NonTarget	1	171486
857.515	0.8	Target	2	171503
857.595	0.8	NonTarget	1	171519
857.68	0.8	NonTarget	1	171536
857.765	0.8	NonTarget	1	171553
857.845	0.8	NonTarget	1	171569
857.93	0.8	NonTarget	1	171586
858.015	0.8	NonTarget	1	171603
858.095	0.8	NonTarget	1	171619
858.18	0.8	NonTarget	1	171636
858.265	0.8	NonTarget	1	171653
858.345	0.8	NonTarget	1	171669
858.43	0.8	NonTarget	1	171686
858.515	0.8	NonTarget	1	171703
858.6	0.8	NonTarget	1	171720
858.68	0.8	NonTarget	1	171736
858.765	0.8	NonTarget	1	171753
858.85	0.8	NonTarget	1	171770
858.935	0.8	NonTarget	1	171787
859.015	0.8	NonTarget	1	171803
859.1	0.8	NonTarget	1	171820
859.18	0.8	NonTarget	1	171836
859.265	0.8	NonTarget	1	171853
859.35	0.8	NonTarget	1	171870
859.43	0.8	NonTarget	1	171886
859.515	0.8	NonTarget	1	171903
859.6	0.8	NonTarget	1	171920
859.685	0.8	NonTarget	1	171937
859.765	0.8	NonTarget	1	171953
859.85	0.8	NonTarget	1	171970
860.25	0.8	NonTarget	1	172050
860.33	0.8	NonTarget	1	172066
860.415	0.8	NonTarget	1	172083
860.5	0.8	NonTarget	1	172100
860.585	0.8	NonTarget	1	172117
860.665	0.8	NonTarget	1	172133
860.75	0.8	NonTarget	1	172150
860.835	0.8	NonTarget	1	172167
860.915	0.8	NonTarget	1	172183
861.0	0.8	NonTarget	1	172200
861.085	0.8	NonTarget	1	172217
861.165	0.8	Target	2	172233
861.25	0.8	NonTarget	1	172250
861.335	0.8	NonTarget	1	172267
861.415	0.8	NonTarget	1	172283
861.5	0.8	NonTarget	1	172300
861.585	0.8	NonTarget	1	172317
861.67	0.8	NonTarget	1	172334
861.75	0.8	NonTarget	1	172350
861.835	0.8	NonTarget	1	172367
861.92	0.8	NonTarget	1	172384
862.0	0.8	NonTarget	1	172400
862.08	0.8	NonTarget	1	172416
862.17	0.8	NonTarget	1	172434
862.25	0.8	NonTarget	1	172450
862.335	0.8	NonTarget	1	172467
862.415	0.8	NonTarget	1	172483
862.5	0.8	NonTarget	1	172500
862.585	0.8	NonTarget	1	172517
862.67	0.8	NonTarget	1	172534
863.07	0.8	NonTarget	1	172614
863.15	0.8	NonTarget	1	172630
863.235	0.8	NonTarget	1	172647
863.32	0.8	NonTarget	1	172664
863.4	0.8	NonTarget	1	172680
863.485	0.8	NonTarget	1	172697
863.57	0.8	NonTarget	1	172714
863.65	0.8	NonTarget	1	172730
863.735	0.8	NonTarget	1	172747
863.82	0.8	NonTarget	1	172764
863.9	0.8	NonTarget	1	172780
863.985	0.8	NonTarget	1	172797
864.07	0.8	NonTarget	1	172814
864.155	0.8	NonTarget	1	172831
864.235	0.8	NonTarget	1	172847
864.32	0.8	NonTarget	1	172864
864.4	0.8	Target	2	172880
864.485	0.8	NonTarget	1	172897
864.57	0.8	NonTarget	1	172914
864.65	0.8	NonTarget	1	172930
864.735	0.8	NonTarget	1	172947
864.82	0.8	NonTarget	1	172964
864.9	0.8	NonTarget	1	172980
864.985	0.8	NonTarget	1	172997
865.07	0.8	NonTarget	1	173014
865.155	0.8	NonTarget	1	173031
865.235	0.8	NonTarget	1	173047
865.32	0.8	NonTarget	1	173064
865.405	0.8	NonTarget	1	173081
865.485	0.8	NonTarget	1	173097
865.885	0.8	NonTarget	1	173177
865.97	0.8	NonTarget	1	173194
866.055	0.8	NonTarget	1	173211
866.135	0.8	NonTarget	1	173227
866.22	0.8	NonTarget	1	173244
866.305	0.8	NonTarget	1	173261
866.385	0.8	NonTarget	1	173277
866.47	0.8	NonTarget	1	173294
866.555	0.8	NonTarget	1	173311
866.635	0.8	NonTarget	1	173327
866.72	0.8	NonTarget	1	173344
866.805	0.8	NonTarget	1	173361
866.885	0.8	NonTarget	1	173377
866.97	0.8	NonTarget	1	173394
867.055	0.8	NonTarget	1	173411
867.135	0.8	NonTarget	1	173427
867.22	0.8	NonTarget	1	173444
867.305	0.8	NonTarget	1	173461
867.39	0.8	NonTarget	1	173478
867.47	0.8	NonTarget	1	173494
867.555	0.8	NonTarget	1	173511
867.64	0.8	NonTarget	1	173528
867.72	0.8	NonTarget	1	173544
867.805	0.8	NonTarget	1	173561
867.89	0.8	NonTarget	1	173578
867.975	0.8	NonTarget	1	173595
868.055	0.8	Target	2	173611
868.14	0.8	NonTarget	1	173628
868.22	0.8	NonTarget	1	173644
868.305	0.8	NonTarget	1	173661
868.705	0.8	NonTarget	1	173741
868.785	0.8	NonTarget	1	173757
868.87	0.8	NonTarget	1	173774
868.955	0.8	NonTarget	1	173791
869.04	0.8	NonTarget	1	173808
869.12	0.8	NonTarget	1	173824
869.205	0.8	NonTarget	1	173841
869.29	0.8	NonTarget	1	173858
869.375	0.8	NonTarget	1	173875
869.455	0.8	NonTarget	1	173891
869.54	0.8	NonTarget	1	173908
869.625	0.8	NonTarget	1	173925
869.705	0.8	NonTarget	1	173941
869.79	0.8	NonTarget	1	173958
869.87	0.8	NonTarget	1	173974
869.955	0.8	NonTarget	1	173991
870.04	0.8	NonTarget	1	174008
870.12	0.8	NonTarget	1	174024
870.205	0.8	NonTarget	1	174041
870.29	0.8	NonTarget	1	174058
870.37	0.8	NonTarget	1	174074
870.455	0.8	Target	2	174091
870.54	0.8	NonTarget	1	174108
870.625	0.8	NonTarget	1	174125
870.705	0.8	NonTarget	1	174141
870.79	0.8	NonTarget	1	174158
870.875	0.8	NonTarget	1	174175
870.955	0.8	NonTarget	1	174191
871.04	0.8	NonTarget	1	174208
871.125	0.8	NonTarget	1	174225
871.525	0.8	NonTarget	1	174305
871.61	0.8	NonTarget	1	174322
871.69	0.8	NonTarget	1	174338
871.775	0.8	NonTarget	1	174355
871.86	0.8	NonTarget	1	174372
871.94	0.8	NonTarget	1	174388
872.025	0.8	NonTarget	1	174405
872.11	0.8	NonTarget	1	174422
872.19	0.8	NonTarget	1	174438
872.275	0.8	NonTarget	1	174455
872.36	0.8	NonTarget	1	174472
872.44	0.8	NonTarget	1	174488
872.525	0.8	NonTarget	1	174505
872.61	0.8	NonTarget	1	174522
872.69	0.8	NonTarget	1	174538
872.775	0.8	NonTarget	1	174555
872.86	0.8	NonTarget	1	174572
872.94	0.8	NonTarget	1	174588
873.025	0.8	NonTarget	1	174605
873.11	0.8	NonTarget	1	174622
873.19	0.8	NonTarget	1	174638
873.275	0.8	Target	2	174655
873.36	0.8	NonTarget	1	174672
873.445	0.8	NonTarget	1	174689
873.525	0.8	NonTarget	1	174705
873.61	0.8	NonTarget	1	174722
873.69	0.8	NonTarget	1	174738
873.775	0.8	NonTarget	1	174755
873.86	0.8	NonTarget	1	174772
873.94	0.8	NonTarget	1	174788
874.34	0.8	NonTarget	1	174868
874.425	0.8	NonTarget	1	174885
874.51	0.8	NonTarget	1	174902
874.595	0.8	NonTarget	1	174919
874.675	0.8	NonTarget	1	174935
874.76	0.8	NonTarget	1	174952
874.845	0.8	NonTarget	1	174969
874.925	0.8	NonTarget	1	174985
875.01	0.8	NonTarget	1	175002
875.095	0.8	NonTarget	1	175019
875.175	0.8	NonTarget	1	175035
875.26	0.8	Target	2	175052
875.345	0.8	NonTarget	1	175069
875.43	0.8	NonTarget	1	175086
875.51	0.8	NonTarget	1	175102
875.595	0.8	NonTarget	1	175119
875.68	0.8	NonTarget	1	175136
875.76	0.8	NonTarget	1	175152
875.845	0.8	NonTarget	1	175169
875.93	0.8	NonTarget	1	175186
876.01	0.8	NonTarget	1	175202
876.095	0.8	NonTarget	1	175219
876.18	0.8	NonTarget	1	175236
876.26	0.8	NonTarget	1	175252
876.345	0.8	NonTarget	1	175269
876.43	0.8	NonTarget	1	175286
876.51	0.8	NonTarget	1	175302
876.595	0.8	NonTarget	1	175319
876.68	0.8	NonTarget	1	175336
876.76	0.8	NonTarget	1	175352
