onset	duration	trial_type	value	sample
13.93	0.8	NonTarget	1	2786
14.01	0.8	NonTarget	1	2802
14.095	0.8	NonTarget	1	2819
14.18	0.8	NonTarget	1	2836
14.26	0.8	NonTarget	1	2852
14.345	0.8	NonTarget	1	2869
14.43	0.8	NonTarget	1	2886
14.515	0.8	NonTarget	1	2903
14.595	0.8	NonTarget	1	2919
14.68	0.8	NonTarget	1	2936
14.76	0.8	NonTarget	1	2952
14.845	0.8	NonTarget	1	2969
14.93	0.8	NonTarget	1	2986
15.015	0.8	NonTarget	1	3003
15.095	0.8	NonTarget	1	3019
15.18	0.8	NonTarget	1	3036
15.265	0.8	NonTarget	1	3053
15.345	0.8	NonTarget	1	3069
15.43	0.8	NonTarget	1	3086
15.515	0.8	NonTarget	1	3103
15.595	0.8	NonTarget	1	3119
15.68	0.8	NonTarget	1	3136
15.765	0.8	NonTarget	1	3153
15.85	0.8	NonTarget	1	3170
15.93	0.8	NonTarget	1	3186
16.015	0.8	NonTarget	1	3203
16.1	0.8	NonTarget	1	3220
16.18	0.8	NonTarget	1	3236
16.265	0.8	Target	2	3253
16.35	0.8	NonTarget	1	3270
16.75	0.8	NonTarget	1	3350
16.83	0.8	NonTarget	1	3366
16.915	0.8	NonTarget	1	3383
17.0	0.8	Target	2	3400
17.085	0.8	NonTarget	1	3417
17.165	0.8	NonTarget	1	3433
17.25	0.8	NonTarget	1	3450
17.335	0.8	NonTarget	1	3467
17.415	0.8	NonTarget	1	3483
17.5	0.8	NonTarget	1	3500
17.585	0.8	NonTarget	1	3517
17.67	0.8	NonTarget	1	3534
17.75	0.8	NonTarget	1	3550
17.835	0.8	NonTarget	1	3567
17.92	0.8	NonTarget	1	3584
18.0	0.8	NonTarget	1	3600
18.085	0.8	NonTarget	1	3617
18.165	0.8	NonTarget	1	3633
18.25	0.8	NonTarget	1	3650
18.335	0.8	NonTarget	1	3667
18.42	0.8	NonTarget	1	3684
18.5	0.8	NonTarget	1	3700
18.585	0.8	NonTarget	1	3717
18.67	0.8	NonTarget	1	3734
18.75	0.8	NonTarget	1	3750
18.835	0.8	NonTarget	1	3767
18.92	0.8	NonTarget	1	3784
19.005	0.8	NonTarget	1	3801
19.085	0.8	NonTarget	1	3817
19.17	0.8	NonTarget	1	3834
19.57	0.8	NonTarget	1	3914
19.65	0.8	NonTarget	1	3930
19.735	0.8	NonTarget	1	3947
19.82	0.8	NonTarget	1	3964
19.905	0.8	NonTarget	1	3981
19.99	0.8	NonTarget	1	3998
20.07	0.8	NonTarget	1	4014
20.155	0.8	NonTarget	1	4031
20.235	0.8	NonTarget	1	4047
20.32	0.8	NonTarget	1	4064
20.405	0.8	NonTarget	1	4081
20.485	0.8	NonTarget	1	4097
20.57	0.8	NonTarget	1	4114
20.655	0.8	NonTarget	1	4131
20.735	0.8	NonTarget	1	4147
20.82	0.8	NonTarget	1	4164
20.905	0.8	NonTarget	1	4181
20.99	0.8	NonTarget	1	4198
21.07	0.8	Target	2	4214
21.155	0.8	NonTarget	1	4231
21.24	0.8	NonTarget	1	4248
21.32	0.8	NonTarget	1	4264
21.405	0.8	NonTarget	1	4281
21.49	0.8	NonTarget	1	4298
21.57	0.8	NonTarget	1	4314
21.655	0.8	NonTarget	1	4331
21.74	0.8	NonTarget	1	4348
21.825	0.8	NonTarget	1	4365
21.905	0.8	NonTarget	1	4381
21.99	0.8	NonTarget	1	4398
22.39	0.8	NonTarget	1	4478
22.475	0.8	NonTarget	1	4495
22.555	0.8	NonTarget	1	4511
22.64	0.8	Target	2	4528
22.725	0.8	NonTarget	1	4545
22.805	0.8	NonTarget	1	4561
22.89	0.8	NonTarget	1	4578
22.975	0.8	NonTarget	1	4595
23.06	0.8	NonTarget	1	4612
23.14	0.8	NonTarget	1	4628
23.225	0.8	NonTarget	1	4645
23.31	0.8	NonTarget	1	4662
23.39	0.8	NonTarget	1	4678
23.475	0.8	NonTarget	1	4695
23.56	0.8	NonTarget	1	4712
23.64	0.8	NonTarget	1	4728
23.725	0.8	NonTarget	1	4745
23.81	0.8	NonTarget	1	4762
23.895	0.8	NonTarget	1	4779
23.975	0.8	NonTarget	1	4795
24.06	0.8	NonTarget	1	4812
24.14	0.8	NonTarget	1	4828
24.225	0.8	NonTarget	1	4845
24.31	0.8	NonTarget	1	4862
24.395	0.8	NonTarget	1	4879
24.475	0.8	NonTarget	1	4895
24.56	0.8	NonTarget	1	4912
24.645	0.8	NonTarget	1	4929
24.725	0.8	NonTarget	1	4945
24.81	0.8	NonTarget	1	4962
25.21	0.8	NonTarget	1	5042
25.295	0.8	NonTarget	1	5059
25.38	0.8	NonTarget	1	5076
25.46	0.8	NonTarget	1	5092
25.545	0.8	NonTarget	1	5109
25.63	0.8	NonTarget	1	5126
25.71	0.8	NonTarget	1	5142
25.795	0.8	NonTarget	1	5159
25.88	0.8	NonTarget	1	5176
25.96	0.8	NonTarget	1	5192
26.045	0.8	NonTarget	1	5209
26.13	0.8	NonTarget	1	5226
26.21	0.8	NonTarget	1	5242
26.295	0.8	NonTarget	1	5259
26.38	0.8	NonTarget	1	5276
26.465	0.8	NonTarget	1	5293
26.545	0.8	NonTarget	1	5309
26.63	0.8	NonTarget	1	5326
26.715	0.8	Target	2	5343
26.795	0.8	NonTarget	1	5359
26.88	0.8	NonTarget	1	5376
26.965	0.8	NonTarget	1	5393
27.045	0.8	NonTarget	1	5409
27.13	0.8	NonTarget	1	5426
27.215	0.8	NonTarget	1	5443
27.295	0.8	NonTarget	1	5459
27.38	0.8	NonTarget	1	5476
27.465	0.8	NonTarget	1	5493
27.55	0.8	NonTarget	1	5510
27.63	0.8	NonTarget	1	5526
28.03	0.8	NonTarget	1	5606
28.115	0.8	NonTarget	1	5623
28.2	0.8	NonTarget	1	5640
28.28	0.8	NonTarget	1	5656
28.365	0.8	NonTarget	1	5673
28.45	0.8	NonTarget	1	5690
28.53	0.8	NonTarget	1	5706
28.615	0.8	NonTarget	1	5723
28.7	0.8	Target	2	5740
28.785	0.8	NonTarget	1	5757
28.87	0.8	NonTarget	1	5774
28.95	0.8	NonTarget	1	5790
29.035	0.8	NonTarget	1	5807
29.115	0.8	NonTarget	1	5823
29.2	0.8	NonTarget	1	5840
29.285	0.8	NonTarget	1	5857
29.365	0.8	NonTarget	1	5873
29.45	0.8	NonTarget	1	5890
29.535	0.8	NonTarget	1	5907
29.615	0.8	NonTarget	1	5923
29.7	0.8	NonTarget	1	5940
29.785	0.8	NonTarget	1	5957
29.87	0.8	NonTarget	1	5974
29.95	0.8	NonTarget	1	5990
30.035	0.8	NonTarget	1	6007
30.12	0.8	NonTarget	1	6024
30.2	0.8	NonTarget	1	6040
30.285	0.8	NonTarget	1	6057
30.37	0.8	NonTarget	1	6074
30.45	0.8	NonTarget	1	6090
30.85	0.8	NonTarget	1	6170
30.935	0.8	NonTarget	1	6187
31.02	0.8	NonTarget	1	6204
31.105	0.8	NonTarget	1	6221
31.185	0.8	NonTarget	1	6237
31.27	0.8	NonTarget	1	6254
31.355	0.8	NonTarget	1	6271
31.435	0.8	NonTarget	1	6287
31.52	0.8	NonTarget	1	6304
31.605	0.8	NonTarget	1	6321
31.685	0.8	NonTarget	1	6337
31.77	0.8	NonTarget	1	6354
31.855	0.8	NonTarget	1	6371
31.935	0.8	NonTarget	1	6387
32.02	0.8	NonTarget	1	6404
32.105	0.8	NonTarget	1	6421
32.19	0.8	NonTarget	1	6438
32.27	0.8	NonTarget	1	6454
32.355	0.8	NonTarget	1	6471
32.435	0.8	NonTarget	1	6487
32.52	0.8	NonTarget	1	6504
32.605	0.8	NonTarget	1	6521
32.69	0.8	NonTarget	1	6538
32.77	0.8	Target	2	6554
32.855	0.8	NonTarget	1	6571
32.94	0.8	NonTarget	1	6588
33.025	0.8	NonTarget	1	6605
33.105	0.8	NonTarget	1	6621
33.19	0.8	NonTarget	1	6638
33.27	0.8	NonTarget	1	6654
33.675	0.8	NonTarget	1	6735
33.755	0.8	NonTarget	1	6751
33.84	0.8	NonTarget	1	6768
33.925	0.8	NonTarget	1	6785
34.005	0.8	NonTarget	1	6801
34.09	0.8	NonTarget	1	6818
34.175	0.8	NonTarget	1	6835
34.255	0.8	NonTarget	1	6851
34.34	0.8	NonTarget	1	6868
34.425	0.8	NonTarget	1	6885
34.51	0.8	NonTarget	1	6902
34.59	0.8	NonTarget	1	6918
34.675	0.8	NonTarget	1	6935
34.76	0.8	NonTarget	1	6952
34.84	0.8	NonTarget	1	6968
34.925	0.8	NonTarget	1	6985
35.01	0.8	NonTarget	1	7002
35.095	0.8	NonTarget	1	7019
35.175	0.8	NonTarget	1	7035
35.26	0.8	NonTarget	1	7052
35.345	0.8	NonTarget	1	7069
35.425	0.8	NonTarget	1	7085
35.51	0.8	NonTarget	1	7102
35.59	0.8	NonTarget	1	7118
35.675	0.8	NonTarget	1	7135
35.76	0.8	NonTarget	1	7152
35.84	0.8	NonTarget	1	7168
35.925	0.8	NonTarget	1	7185
36.01	0.8	Target	2	7202
36.095	0.8	NonTarget	1	7219
36.495	0.8	NonTarget	1	7299
36.575	0.8	NonTarget	1	7315
36.66	0.8	NonTarget	1	7332
36.745	0.8	NonTarget	1	7349
36.825	0.8	NonTarget	1	7365
36.91	0.8	NonTarget	1	7382
36.995	0.8	NonTarget	1	7399
37.08	0.8	NonTarget	1	7416
37.16	0.8	NonTarget	1	7432
37.245	0.8	NonTarget	1	7449
37.33	0.8	NonTarget	1	7466
37.41	0.8	NonTarget	1	7482
37.495	0.8	NonTarget	1	7499
37.58	0.8	NonTarget	1	7516
37.66	0.8	NonTarget	1	7532
37.745	0.8	NonTarget	1	7549
37.83	0.8	NonTarget	1	7566
37.91	0.8	NonTarget	1	7582
37.995	0.8	Target	2	7599
38.08	0.8	NonTarget	1	7616
38.165	0.8	NonTarget	1	7633
38.245	0.8	NonTarget	1	7649
38.33	0.8	NonTarget	1	7666
38.415	0.8	NonTarget	1	7683
38.495	0.8	NonTarget	1	7699
38.58	0.8	NonTarget	1	7716
38.665	0.8	NonTarget	1	7733
38.745	0.8	NonTarget	1	7749
38.83	0.8	NonTarget	1	7766
38.915	0.8	NonTarget	1	7783
39.315	0.8	NonTarget	1	7863
39.4	0.8	NonTarget	1	7880
39.48	0.8	NonTarget	1	7896
39.565	0.8	Target	2	7913
39.65	0.8	NonTarget	1	7930
39.73	0.8	NonTarget	1	7946
39.815	0.8	NonTarget	1	7963
39.9	0.8	NonTarget	1	7980
39.98	0.8	NonTarget	1	7996
40.065	0.8	NonTarget	1	8013
40.15	0.8	NonTarget	1	8030
40.235	0.8	NonTarget	1	8047
40.315	0.8	NonTarget	1	8063
40.4	0.8	NonTarget	1	8080
40.48	0.8	NonTarget	1	8096
40.565	0.8	NonTarget	1	8113
40.65	0.8	NonTarget	1	8130
40.73	0.8	NonTarget	1	8146
40.815	0.8	NonTarget	1	8163
40.9	0.8	NonTarget	1	8180
40.985	0.8	NonTarget	1	8197
41.065	0.8	NonTarget	1	8213
41.15	0.8	NonTarget	1	8230
41.235	0.8	NonTarget	1	8247
41.315	0.8	NonTarget	1	8263
41.4	0.8	NonTarget	1	8280
41.485	0.8	NonTarget	1	8297
41.565	0.8	NonTarget	1	8313
41.65	0.8	NonTarget	1	8330
41.735	0.8	NonTarget	1	8347
50.285	0.8	NonTarget	1	10057
50.365	0.8	NonTarget	1	10073
50.445	0.8	NonTarget	1	10089
50.53	0.8	NonTarget	1	10106
50.615	0.8	NonTarget	1	10123
50.7	0.8	NonTarget	1	10140
50.78	0.8	NonTarget	1	10156
50.865	0.8	NonTarget	1	10173
50.95	0.8	NonTarget	1	10190
51.03	0.8	NonTarget	1	10206
51.115	0.8	Target	2	10223
51.195	0.8	NonTarget	1	10239
51.28	0.8	NonTarget	1	10256
51.365	0.8	NonTarget	1	10273
51.445	0.8	NonTarget	1	10289
51.53	0.8	NonTarget	1	10306
51.615	0.8	NonTarget	1	10323
51.7	0.8	NonTarget	1	10340
51.78	0.8	NonTarget	1	10356
51.865	0.8	NonTarget	1	10373
51.95	0.8	NonTarget	1	10390
52.03	0.8	NonTarget	1	10406
52.115	0.8	NonTarget	1	10423
52.2	0.8	NonTarget	1	10440
52.28	0.8	NonTarget	1	10456
52.365	0.8	NonTarget	1	10473
52.45	0.8	NonTarget	1	10490
52.535	0.8	NonTarget	1	10507
52.615	0.8	NonTarget	1	10523
52.7	0.8	NonTarget	1	10540
53.1	0.8	NonTarget	1	10620
53.185	0.8	NonTarget	1	10637
53.265	0.8	NonTarget	1	10653
53.35	0.8	NonTarget	1	10670
53.435	0.8	NonTarget	1	10687
53.52	0.8	NonTarget	1	10704
53.6	0.8	NonTarget	1	10720
53.685	0.8	NonTarget	1	10737
53.77	0.8	NonTarget	1	10754
53.85	0.8	NonTarget	1	10770
53.935	0.8	NonTarget	1	10787
54.02	0.8	NonTarget	1	10804
54.1	0.8	NonTarget	1	10820
54.185	0.8	NonTarget	1	10837
54.27	0.8	NonTarget	1	10854
54.35	0.8	NonTarget	1	10870
54.435	0.8	NonTarget	1	10887
54.52	0.8	NonTarget	1	10904
54.6	0.8	NonTarget	1	10920
54.685	0.8	NonTarget	1	10937
54.77	0.8	Target	2	10954
54.855	0.8	NonTarget	1	10971
54.935	0.8	NonTarget	1	10987
55.02	0.8	NonTarget	1	11004
55.105	0.8	NonTarget	1	11021
55.185	0.8	NonTarget	1	11037
55.27	0.8	NonTarget	1	11054
55.35	0.8	NonTarget	1	11070
55.435	0.8	NonTarget	1	11087
55.52	0.8	NonTarget	1	11104
55.92	0.8	NonTarget	1	11184
56.005	0.8	NonTarget	1	11201
56.09	0.8	NonTarget	1	11218
56.17	0.8	NonTarget	1	11234
56.255	0.8	NonTarget	1	11251
56.34	0.8	NonTarget	1	11268
56.42	0.8	NonTarget	1	11284
56.505	0.8	NonTarget	1	11301
56.59	0.8	NonTarget	1	11318
56.67	0.8	NonTarget	1	11334
56.755	0.8	NonTarget	1	11351
56.84	0.8	NonTarget	1	11368
56.925	0.8	NonTarget	1	11385
57.005	0.8	NonTarget	1	11401
57.09	0.8	NonTarget	1	11418
57.17	0.8	NonTarget	1	11434
57.255	0.8	NonTarget	1	11451
57.34	0.8	NonTarget	1	11468
57.425	0.8	NonTarget	1	11485
57.505	0.8	NonTarget	1	11501
57.59	0.8	NonTarget	1	11518
57.675	0.8	NonTarget	1	11535
57.755	0.8	NonTarget	1	11551
57.84	0.8	NonTarget	1	11568
57.925	0.8	NonTarget	1	11585
58.005	0.8	Target	2	11601
58.09	0.8	NonTarget	1	11618
58.175	0.8	NonTarget	1	11635
58.26	0.8	NonTarget	1	11652
58.34	0.8	NonTarget	1	11668
58.74	0.8	NonTarget	1	11748
58.825	0.8	NonTarget	1	11765
58.91	0.8	NonTarget	1	11782
58.99	0.8	NonTarget	1	11798
59.075	0.8	NonTarget	1	11815
59.16	0.8	NonTarget	1	11832
59.24	0.8	NonTarget	1	11848
59.325	0.8	NonTarget	1	11865
59.41	0.8	NonTarget	1	11882
59.495	0.8	NonTarget	1	11899
59.575	0.8	NonTarget	1	11915
59.66	0.8	NonTarget	1	11932
59.745	0.8	NonTarget	1	11949
59.83	0.8	NonTarget	1	11966
59.91	0.8	NonTarget	1	11982
59.995	0.8	NonTarget	1	11999
60.075	0.8	NonTarget	1	12015
60.16	0.8	NonTarget	1	12032
60.245	0.8	NonTarget	1	12049
60.325	0.8	NonTarget	1	12065
60.41	0.8	NonTarget	1	12082
60.495	0.8	NonTarget	1	12099
60.58	0.8	NonTarget	1	12116
60.66	0.8	NonTarget	1	12132
60.745	0.8	NonTarget	1	12149
60.83	0.8	Target	2	12166
60.91	0.8	NonTarget	1	12182
60.995	0.8	NonTarget	1	12199
61.08	0.8	NonTarget	1	12216
61.16	0.8	NonTarget	1	12232
61.565	0.8	NonTarget	1	12313
61.645	0.8	NonTarget	1	12329
61.73	0.8	NonTarget	1	12346
61.815	0.8	NonTarget	1	12363
61.895	0.8	NonTarget	1	12379
61.98	0.8	Target	2	12396
62.065	0.8	NonTarget	1	12413
62.145	0.8	NonTarget	1	12429
62.23	0.8	NonTarget	1	12446
62.315	0.8	NonTarget	1	12463
62.395	0.8	NonTarget	1	12479
62.48	0.8	NonTarget	1	12496
62.565	0.8	NonTarget	1	12513
62.645	0.8	NonTarget	1	12529
62.73	0.8	NonTarget	1	12546
62.815	0.8	NonTarget	1	12563
62.895	0.8	NonTarget	1	12579
62.98	0.8	NonTarget	1	12596
63.065	0.8	NonTarget	1	12613
63.15	0.8	NonTarget	1	12630
63.23	0.8	NonTarget	1	12646
63.315	0.8	NonTarget	1	12663
63.395	0.8	NonTarget	1	12679
63.48	0.8	NonTarget	1	12696
63.565	0.8	NonTarget	1	12713
63.65	0.8	NonTarget	1	12730
63.73	0.8	NonTarget	1	12746
63.815	0.8	NonTarget	1	12763
63.9	0.8	NonTarget	1	12780
63.98	0.8	NonTarget	1	12796
64.38	0.8	NonTarget	1	12876
64.465	0.8	NonTarget	1	12893
64.55	0.8	NonTarget	1	12910
64.635	0.8	NonTarget	1	12927
64.715	0.8	NonTarget	1	12943
64.8	0.8	NonTarget	1	12960
64.885	0.8	NonTarget	1	12977
64.965	0.8	NonTarget	1	12993
65.05	0.8	NonTarget	1	13010
65.135	0.8	NonTarget	1	13027
65.22	0.8	NonTarget	1	13044
65.3	0.8	NonTarget	1	13060
65.385	0.8	NonTarget	1	13077
65.47	0.8	NonTarget	1	13094
65.55	0.8	NonTarget	1	13110
65.635	0.8	Target	2	13127
65.72	0.8	NonTarget	1	13144
65.8	0.8	NonTarget	1	13160
65.885	0.8	NonTarget	1	13177
65.97	0.8	NonTarget	1	13194
66.05	0.8	NonTarget	1	13210
66.135	0.8	NonTarget	1	13227
66.22	0.8	NonTarget	1	13244
66.305	0.8	NonTarget	1	13261
66.385	0.8	NonTarget	1	13277
66.47	0.8	NonTarget	1	13294
66.555	0.8	NonTarget	1	13311
66.635	0.8	NonTarget	1	13327
66.72	0.8	NonTarget	1	13344
66.805	0.8	NonTarget	1	13361
67.205	0.8	NonTarget	1	13441
67.285	0.8	NonTarget	1	13457
67.37	0.8	NonTarget	1	13474
67.455	0.8	NonTarget	1	13491
67.535	0.8	NonTarget	1	13507
67.62	0.8	Target	2	13524
67.705	0.8	NonTarget	1	13541
67.79	0.8	NonTarget	1	13558
67.87	0.8	NonTarget	1	13574
67.955	0.8	NonTarget	1	13591
68.04	0.8	NonTarget	1	13608
68.12	0.8	NonTarget	1	13624
68.205	0.8	NonTarget	1	13641
68.29	0.8	NonTarget	1	13658
68.37	0.8	NonTarget	1	13674
68.455	0.8	NonTarget	1	13691
68.54	0.8	NonTarget	1	13708
68.62	0.8	NonTarget	1	13724
68.705	0.8	NonTarget	1	13741
68.79	0.8	NonTarget	1	13758
68.875	0.8	NonTarget	1	13775
68.955	0.8	NonTarget	1	13791
69.04	0.8	NonTarget	1	13808
69.125	0.8	NonTarget	1	13825
69.205	0.8	NonTarget	1	13841
69.29	0.8	NonTarget	1	13858
69.375	0.8	NonTarget	1	13875
69.46	0.8	NonTarget	1	13892
69.54	0.8	NonTarget	1	13908
69.625	0.8	NonTarget	1	13925
70.025	0.8	Target	2	14005
70.11	0.8	NonTarget	1	14022
70.19	0.8	NonTarget	1	14038
70.275	0.8	NonTarget	1	14055
70.36	0.8	NonTarget	1	14072
70.44	0.8	NonTarget	1	14088
70.525	0.8	NonTarget	1	14105
70.61	0.8	NonTarget	1	14122
70.69	0.8	NonTarget	1	14138
70.775	0.8	NonTarget	1	14155
70.86	0.8	NonTarget	1	14172
70.94	0.8	NonTarget	1	14188
71.025	0.8	NonTarget	1	14205
71.11	0.8	NonTarget	1	14222
71.19	0.8	NonTarget	1	14238
71.275	0.8	NonTarget	1	14255
71.36	0.8	NonTarget	1	14272
71.445	0.8	NonTarget	1	14289
71.525	0.8	NonTarget	1	14305
71.61	0.8	NonTarget	1	14322
71.69	0.8	NonTarget	1	14338
71.775	0.8	NonTarget	1	14355
71.86	0.8	NonTarget	1	14372
71.945	0.8	NonTarget	1	14389
72.025	0.8	NonTarget	1	14405
72.11	0.8	NonTarget	1	14422
72.195	0.8	NonTarget	1	14439
72.275	0.8	NonTarget	1	14455
72.36	0.8	NonTarget	1	14472
72.445	0.8	NonTarget	1	14489
72.845	0.8	NonTarget	1	14569
72.93	0.8	NonTarget	1	14586
73.01	0.8	NonTarget	1	14602
73.095	0.8	NonTarget	1	14619
73.18	0.8	NonTarget	1	14636
73.265	0.8	Target	2	14653
73.345	0.8	NonTarget	1	14669
73.43	0.8	NonTarget	1	14686
73.515	0.8	NonTarget	1	14703
73.595	0.8	NonTarget	1	14719
73.68	0.8	NonTarget	1	14736
73.765	0.8	NonTarget	1	14753
73.845	0.8	NonTarget	1	14769
73.93	0.8	NonTarget	1	14786
74.015	0.8	NonTarget	1	14803
74.1	0.8	NonTarget	1	14820
74.18	0.8	NonTarget	1	14836
74.265	0.8	NonTarget	1	14853
74.345	0.8	NonTarget	1	14869
74.43	0.8	NonTarget	1	14886
74.515	0.8	NonTarget	1	14903
74.595	0.8	NonTarget	1	14919
74.68	0.8	NonTarget	1	14936
74.765	0.8	NonTarget	1	14953
74.85	0.8	NonTarget	1	14970
74.93	0.8	NonTarget	1	14986
75.015	0.8	NonTarget	1	15003
75.1	0.8	NonTarget	1	15020
75.185	0.8	NonTarget	1	15037
75.265	0.8	NonTarget	1	15053
75.665	0.8	Target	2	15133
75.75	0.8	NonTarget	1	15150
75.835	0.8	NonTarget	1	15167
75.915	0.8	NonTarget	1	15183
76.0	0.8	NonTarget	1	15200
76.085	0.8	NonTarget	1	15217
76.165	0.8	NonTarget	1	15233
76.25	0.8	NonTarget	1	15250
76.335	0.8	NonTarget	1	15267
76.415	0.8	NonTarget	1	15283
76.5	0.8	NonTarget	1	15300
76.585	0.8	NonTarget	1	15317
76.67	0.8	NonTarget	1	15334
76.75	0.8	NonTarget	1	15350
76.835	0.8	NonTarget	1	15367
76.915	0.8	NonTarget	1	15383
77.0	0.8	NonTarget	1	15400
77.085	0.8	NonTarget	1	15417
77.17	0.8	NonTarget	1	15434
77.25	0.8	NonTarget	1	15450
77.335	0.8	NonTarget	1	15467
77.42	0.8	NonTarget	1	15484
77.5	0.8	NonTarget	1	15500
77.585	0.8	NonTarget	1	15517
77.67	0.8	NonTarget	1	15534
77.75	0.8	NonTarget	1	15550
77.835	0.8	NonTarget	1	15567
77.92	0.8	NonTarget	1	15584
78.005	0.8	NonTarget	1	15601
78.085	0.8	NonTarget	1	15617
86.635	0.8	NonTarget	1	17327
86.715	0.8	NonTarget	1	17343
86.8	0.8	NonTarget	1	17360
86.88	0.8	NonTarget	1	17376
86.965	0.8	NonTarget	1	17393
87.05	0.8	NonTarget	1	17410
87.13	0.8	NonTarget	1	17426
87.215	0.8	NonTarget	1	17443
87.3	0.8	NonTarget	1	17460
87.38	0.8	NonTarget	1	17476
87.465	0.8	NonTarget	1	17493
87.55	0.8	NonTarget	1	17510
87.635	0.8	NonTarget	1	17527
87.715	0.8	NonTarget	1	17543
87.8	0.8	NonTarget	1	17560
87.885	0.8	NonTarget	1	17577
87.965	0.8	NonTarget	1	17593
88.05	0.8	NonTarget	1	17610
88.135	0.8	NonTarget	1	17627
88.215	0.8	NonTarget	1	17643
88.3	0.8	NonTarget	1	17660
88.385	0.8	NonTarget	1	17677
88.465	0.8	NonTarget	1	17693
88.55	0.8	NonTarget	1	17710
88.635	0.8	NonTarget	1	17727
88.715	0.8	NonTarget	1	17743
88.8	0.8	NonTarget	1	17760
88.885	0.8	NonTarget	1	17777
88.97	0.8	Target	2	17794
89.05	0.8	NonTarget	1	17810
89.45	0.8	NonTarget	1	17890
89.535	0.8	NonTarget	1	17907
89.62	0.8	NonTarget	1	17924
89.7	0.8	NonTarget	1	17940
89.785	0.8	NonTarget	1	17957
89.87	0.8	NonTarget	1	17974
89.95	0.8	NonTarget	1	17990
90.035	0.8	NonTarget	1	18007
90.12	0.8	NonTarget	1	18024
90.205	0.8	NonTarget	1	18041
90.285	0.8	NonTarget	1	18057
90.37	0.8	NonTarget	1	18074
90.455	0.8	NonTarget	1	18091
90.535	0.8	NonTarget	1	18107
90.62	0.8	NonTarget	1	18124
90.705	0.8	NonTarget	1	18141
90.785	0.8	NonTarget	1	18157
90.87	0.8	NonTarget	1	18174
90.955	0.8	NonTarget	1	18191
91.04	0.8	NonTarget	1	18208
91.12	0.8	NonTarget	1	18224
91.205	0.8	NonTarget	1	18241
91.29	0.8	NonTarget	1	18258
91.37	0.8	Target	2	18274
91.455	0.8	NonTarget	1	18291
91.54	0.8	NonTarget	1	18308
91.62	0.8	NonTarget	1	18324
91.705	0.8	NonTarget	1	18341
91.79	0.8	NonTarget	1	18358
91.87	0.8	NonTarget	1	18374
92.27	0.8	NonTarget	1	18454
92.355	0.8	NonTarget	1	18471
92.44	0.8	NonTarget	1	18488
92.525	0.8	NonTarget	1	18505
92.605	0.8	NonTarget	1	18521
92.69	0.8	NonTarget	1	18538
92.775	0.8	NonTarget	1	18555
92.855	0.8	NonTarget	1	18571
92.94	0.8	NonTarget	1	18588
93.025	0.8	NonTarget	1	18605
93.105	0.8	NonTarget	1	18621
93.19	0.8	NonTarget	1	18638
93.275	0.8	NonTarget	1	18655
93.355	0.8	NonTarget	1	18671
93.44	0.8	NonTarget	1	18688
93.525	0.8	NonTarget	1	18705
93.605	0.8	NonTarget	1	18721
93.69	0.8	NonTarget	1	18738
93.775	0.8	NonTarget	1	18755
93.86	0.8	NonTarget	1	18772
93.945	0.8	NonTarget	1	18789
94.025	0.8	NonTarget	1	18805
94.11	0.8	NonTarget	1	18822
94.19	0.8	Target	2	18838
94.275	0.8	NonTarget	1	18855
94.36	0.8	NonTarget	1	18872
94.44	0.8	NonTarget	1	18888
94.525	0.8	NonTarget	1	18905
94.61	0.8	NonTarget	1	18922
94.695	0.8	NonTarget	1	18939
95.09	0.8	NonTarget	1	19018
95.175	0.8	NonTarget	1	19035
95.26	0.8	NonTarget	1	19052
95.345	0.8	NonTarget	1	19069
95.425	0.8	NonTarget	1	19085
95.51	0.8	NonTarget	1	19102
95.595	0.8	NonTarget	1	19119
95.675	0.8	NonTarget	1	19135
95.76	0.8	NonTarget	1	19152
95.845	0.8	NonTarget	1	19169
95.925	0.8	NonTarget	1	19185
96.01	0.8	NonTarget	1	19202
96.095	0.8	NonTarget	1	19219
96.18	0.8	NonTarget	1	19236
96.26	0.8	NonTarget	1	19252
96.345	0.8	NonTarget	1	19269
96.43	0.8	NonTarget	1	19286
96.515	0.8	NonTarget	1	19303
96.595	0.8	NonTarget	1	19319
96.68	0.8	NonTarget	1	19336
96.76	0.8	NonTarget	1	19352
96.845	0.8	NonTarget	1	19369
96.93	0.8	NonTarget	1	19386
97.01	0.8	Target	2	19402
97.095	0.8	NonTarget	1	19419
97.18	0.8	NonTarget	1	19436
97.265	0.8	NonTarget	1	19453
97.345	0.8	NonTarget	1	19469
97.43	0.8	NonTarget	1	19486
97.51	0.8	NonTarget	1	19502
97.915	0.8	NonTarget	1	19583
97.995	0.8	NonTarget	1	19599
98.08	0.8	NonTarget	1	19616
98.165	0.8	NonTarget	1	19633
98.25	0.8	NonTarget	1	19650
98.33	0.8	NonTarget	1	19666
98.415	0.8	NonTarget	1	19683
98.5	0.8	NonTarget	1	19700
98.58	0.8	NonTarget	1	19716
98.665	0.8	NonTarget	1	19733
98.75	0.8	NonTarget	1	19750
98.83	0.8	NonTarget	1	19766
98.915	0.8	NonTarget	1	19783
99.0	0.8	NonTarget	1	19800
99.08	0.8	NonTarget	1	19816
99.165	0.8	NonTarget	1	19833
99.25	0.8	NonTarget	1	19850
99.335	0.8	NonTarget	1	19867
99.415	0.8	Target	2	19883
99.5	0.8	NonTarget	1	19900
99.585	0.8	NonTarget	1	19917
99.665	0.8	NonTarget	1	19933
99.75	0.8	NonTarget	1	19950
99.835	0.8	NonTarget	1	19967
99.915	0.8	NonTarget	1	19983
100.0	0.8	NonTarget	1	20000
100.085	0.8	NonTarget	1	20017
100.165	0.8	NonTarget	1	20033
100.25	0.8	NonTarget	1	20050
100.335	0.8	NonTarget	1	20067
100.735	0.8	NonTarget	1	20147
100.82	0.8	NonTarget	1	20164
100.9	0.8	NonTarget	1	20180
100.985	0.8	NonTarget	1	20197
101.07	0.8	NonTarget	1	20214
101.15	0.8	NonTarget	1	20230
101.235	0.8	NonTarget	1	20247
101.32	0.8	NonTarget	1	20264
101.4	0.8	NonTarget	1	20280
101.485	0.8	NonTarget	1	20297
101.57	0.8	NonTarget	1	20314
101.655	0.8	NonTarget	1	20331
101.735	0.8	NonTarget	1	20347
101.82	0.8	NonTarget	1	20364
101.905	0.8	NonTarget	1	20381
101.985	0.8	NonTarget	1	20397
102.07	0.8	NonTarget	1	20414
102.15	0.8	NonTarget	1	20430
102.235	0.8	NonTarget	1	20447
102.32	0.8	NonTarget	1	20464
102.405	0.8	NonTarget	1	20481
102.485	0.8	NonTarget	1	20497
102.57	0.8	NonTarget	1	20514
102.655	0.8	Target	2	20531
102.735	0.8	NonTarget	1	20547
102.82	0.8	NonTarget	1	20564
102.905	0.8	NonTarget	1	20581
102.99	0.8	NonTarget	1	20598
103.07	0.8	NonTarget	1	20614
103.155	0.8	NonTarget	1	20631
103.555	0.8	NonTarget	1	20711
103.64	0.8	NonTarget	1	20728
103.72	0.8	NonTarget	1	20744
103.805	0.8	Target	2	20761
103.89	0.8	NonTarget	1	20778
103.975	0.8	NonTarget	1	20795
104.055	0.8	NonTarget	1	20811
104.14	0.8	NonTarget	1	20828
104.225	0.8	NonTarget	1	20845
104.305	0.8	NonTarget	1	20861
104.39	0.8	NonTarget	1	20878
104.475	0.8	NonTarget	1	20895
104.555	0.8	NonTarget	1	20911
104.64	0.8	NonTarget	1	20928
104.725	0.8	NonTarget	1	20945
104.805	0.8	NonTarget	1	20961
104.89	0.8	NonTarget	1	20978
104.975	0.8	NonTarget	1	20995
105.055	0.8	NonTarget	1	21011
105.14	0.8	NonTarget	1	21028
105.225	0.8	NonTarget	1	21045
105.305	0.8	NonTarget	1	21061
105.39	0.8	NonTarget	1	21078
105.475	0.8	NonTarget	1	21095
105.56	0.8	NonTarget	1	21112
105.64	0.8	NonTarget	1	21128
105.725	0.8	NonTarget	1	21145
105.81	0.8	NonTarget	1	21162
105.895	0.8	NonTarget	1	21179
105.975	0.8	NonTarget	1	21195
106.375	0.8	NonTarget	1	21275
106.46	0.8	NonTarget	1	21292
106.545	0.8	NonTarget	1	21309
106.625	0.8	Target	2	21325
106.71	0.8	NonTarget	1	21342
106.795	0.8	NonTarget	1	21359
106.875	0.8	NonTarget	1	21375
106.96	0.8	NonTarget	1	21392
107.045	0.8	NonTarget	1	21409
107.125	0.8	NonTarget	1	21425
107.21	0.8	NonTarget	1	21442
107.295	0.8	NonTarget	1	21459
107.38	0.8	NonTarget	1	21476
107.46	0.8	NonTarget	1	21492
107.545	0.8	NonTarget	1	21509
107.63	0.8	NonTarget	1	21526
107.71	0.8	NonTarget	1	21542
107.795	0.8	NonTarget	1	21559
107.88	0.8	NonTarget	1	21576
107.96	0.8	NonTarget	1	21592
108.045	0.8	NonTarget	1	21609
108.13	0.8	NonTarget	1	21626
108.21	0.8	NonTarget	1	21642
108.295	0.8	NonTarget	1	21659
108.38	0.8	NonTarget	1	21676
108.46	0.8	NonTarget	1	21692
108.545	0.8	NonTarget	1	21709
108.63	0.8	NonTarget	1	21726
108.71	0.8	NonTarget	1	21742
108.795	0.8	NonTarget	1	21759
109.195	0.8	NonTarget	1	21839
109.28	0.8	NonTarget	1	21856
109.36	0.8	NonTarget	1	21872
109.445	0.8	NonTarget	1	21889
109.53	0.8	NonTarget	1	21906
109.615	0.8	NonTarget	1	21923
109.695	0.8	NonTarget	1	21939
109.78	0.8	NonTarget	1	21956
109.865	0.8	NonTarget	1	21973
109.945	0.8	NonTarget	1	21989
110.03	0.8	NonTarget	1	22006
110.115	0.8	NonTarget	1	22023
110.2	0.8	NonTarget	1	22040
110.28	0.8	NonTarget	1	22056
110.365	0.8	NonTarget	1	22073
110.45	0.8	NonTarget	1	22090
110.53	0.8	NonTarget	1	22106
110.615	0.8	NonTarget	1	22123
110.7	0.8	NonTarget	1	22140
110.785	0.8	NonTarget	1	22157
110.865	0.8	NonTarget	1	22173
110.95	0.8	NonTarget	1	22190
111.03	0.8	NonTarget	1	22206
111.115	0.8	Target	2	22223
111.2	0.8	NonTarget	1	22240
111.28	0.8	NonTarget	1	22256
111.365	0.8	NonTarget	1	22273
111.45	0.8	NonTarget	1	22290
111.535	0.8	NonTarget	1	22307
111.615	0.8	NonTarget	1	22323
112.015	0.8	NonTarget	1	22403
112.1	0.8	NonTarget	1	22420
112.185	0.8	NonTarget	1	22437
112.265	0.8	NonTarget	1	22453
112.35	0.8	NonTarget	1	22470
112.435	0.8	NonTarget	1	22487
112.52	0.8	NonTarget	1	22504
112.6	0.8	NonTarget	1	22520
112.685	0.8	NonTarget	1	22537
112.765	0.8	NonTarget	1	22553
112.85	0.8	NonTarget	1	22570
112.935	0.8	NonTarget	1	22587
113.02	0.8	NonTarget	1	22604
113.105	0.8	NonTarget	1	22621
113.185	0.8	NonTarget	1	22637
113.27	0.8	NonTarget	1	22654
113.35	0.8	NonTarget	1	22670
113.435	0.8	NonTarget	1	22687
113.52	0.8	NonTarget	1	22704
113.605	0.8	NonTarget	1	22721
113.685	0.8	NonTarget	1	22737
113.77	0.8	NonTarget	1	22754
113.855	0.8	NonTarget	1	22771
113.935	0.8	Target	2	22787
114.02	0.8	NonTarget	1	22804
114.105	0.8	NonTarget	1	22821
114.19	0.8	NonTarget	1	22838
114.27	0.8	NonTarget	1	22854
114.355	0.8	NonTarget	1	22871
114.435	0.8	NonTarget	1	22887
122.985	0.8	NonTarget	1	24597
123.065	0.8	NonTarget	1	24613
123.15	0.8	Target	2	24630
123.235	0.8	NonTarget	1	24647
123.315	0.8	NonTarget	1	24663
123.4	0.8	NonTarget	1	24680
123.48	0.8	NonTarget	1	24696
123.565	0.8	NonTarget	1	24713
123.65	0.8	NonTarget	1	24730
123.735	0.8	NonTarget	1	24747
123.815	0.8	NonTarget	1	24763
123.9	0.8	NonTarget	1	24780
123.985	0.8	NonTarget	1	24797
124.07	0.8	NonTarget	1	24814
124.15	0.8	NonTarget	1	24830
124.235	0.8	NonTarget	1	24847
124.32	0.8	NonTarget	1	24864
124.4	0.8	NonTarget	1	24880
124.485	0.8	NonTarget	1	24897
124.565	0.8	NonTarget	1	24913
124.65	0.8	NonTarget	1	24930
124.735	0.8	NonTarget	1	24947
124.82	0.8	NonTarget	1	24964
124.9	0.8	NonTarget	1	24980
124.985	0.8	NonTarget	1	24997
125.07	0.8	NonTarget	1	25014
125.155	0.8	NonTarget	1	25031
125.235	0.8	NonTarget	1	25047
125.32	0.8	NonTarget	1	25064
125.4	0.8	NonTarget	1	25080
125.805	0.8	NonTarget	1	25161
125.885	0.8	NonTarget	1	25177
125.97	0.8	NonTarget	1	25194
126.055	0.8	NonTarget	1	25211
126.14	0.8	NonTarget	1	25228
126.22	0.8	NonTarget	1	25244
126.305	0.8	NonTarget	1	25261
126.39	0.8	NonTarget	1	25278
126.47	0.8	NonTarget	1	25294
126.555	0.8	NonTarget	1	25311
126.64	0.8	NonTarget	1	25328
126.72	0.8	NonTarget	1	25344
126.805	0.8	Target	2	25361
126.89	0.8	NonTarget	1	25378
126.97	0.8	NonTarget	1	25394
127.055	0.8	NonTarget	1	25411
127.14	0.8	NonTarget	1	25428
127.22	0.8	NonTarget	1	25444
127.305	0.8	NonTarget	1	25461
127.39	0.8	NonTarget	1	25478
127.475	0.8	NonTarget	1	25495
127.555	0.8	NonTarget	1	25511
127.64	0.8	NonTarget	1	25528
127.72	0.8	NonTarget	1	25544
127.805	0.8	NonTarget	1	25561
127.89	0.8	NonTarget	1	25578
127.975	0.8	NonTarget	1	25595
128.055	0.8	NonTarget	1	25611
128.14	0.8	NonTarget	1	25628
128.225	0.8	NonTarget	1	25645
128.625	0.8	NonTarget	1	25725
128.71	0.8	NonTarget	1	25742
128.79	0.8	Target	2	25758
128.875	0.8	NonTarget	1	25775
128.955	0.8	NonTarget	1	25791
129.04	0.8	NonTarget	1	25808
129.125	0.8	NonTarget	1	25825
129.21	0.8	NonTarget	1	25842
129.29	0.8	NonTarget	1	25858
129.375	0.8	NonTarget	1	25875
129.46	0.8	NonTarget	1	25892
129.54	0.8	NonTarget	1	25908
129.625	0.8	NonTarget	1	25925
129.71	0.8	NonTarget	1	25942
129.79	0.8	NonTarget	1	25958
129.875	0.8	NonTarget	1	25975
129.96	0.8	NonTarget	1	25992
130.045	0.8	NonTarget	1	26009
130.125	0.8	NonTarget	1	26025
130.21	0.8	NonTarget	1	26042
130.295	0.8	NonTarget	1	26059
130.375	0.8	NonTarget	1	26075
130.46	0.8	NonTarget	1	26092
130.545	0.8	NonTarget	1	26109
130.63	0.8	NonTarget	1	26126
130.71	0.8	NonTarget	1	26142
130.795	0.8	NonTarget	1	26159
130.88	0.8	NonTarget	1	26176
130.96	0.8	NonTarget	1	26192
131.045	0.8	NonTarget	1	26209
131.445	0.8	NonTarget	1	26289
131.53	0.8	NonTarget	1	26306
131.61	0.8	Target	2	26322
131.695	0.8	NonTarget	1	26339
131.78	0.8	NonTarget	1	26356
131.86	0.8	NonTarget	1	26372
131.945	0.8	NonTarget	1	26389
132.03	0.8	NonTarget	1	26406
132.115	0.8	NonTarget	1	26423
132.195	0.8	NonTarget	1	26439
132.28	0.8	NonTarget	1	26456
132.36	0.8	NonTarget	1	26472
132.445	0.8	NonTarget	1	26489
132.53	0.8	NonTarget	1	26506
132.615	0.8	NonTarget	1	26523
132.7	0.8	NonTarget	1	26540
132.78	0.8	NonTarget	1	26556
132.865	0.8	NonTarget	1	26573
132.945	0.8	NonTarget	1	26589
133.03	0.8	NonTarget	1	26606
133.115	0.8	NonTarget	1	26623
133.195	0.8	NonTarget	1	26639
133.28	0.8	NonTarget	1	26656
133.365	0.8	NonTarget	1	26673
133.45	0.8	NonTarget	1	26690
133.53	0.8	NonTarget	1	26706
133.615	0.8	NonTarget	1	26723
133.7	0.8	NonTarget	1	26740
133.78	0.8	NonTarget	1	26756
133.865	0.8	NonTarget	1	26773
134.265	0.8	NonTarget	1	26853
134.35	0.8	NonTarget	1	26870
134.43	0.8	NonTarget	1	26886
134.515	0.8	NonTarget	1	26903
134.6	0.8	NonTarget	1	26920
134.685	0.8	NonTarget	1	26937
134.765	0.8	NonTarget	1	26953
134.85	0.8	Target	2	26970
134.935	0.8	NonTarget	1	26987
135.015	0.8	NonTarget	1	27003
135.1	0.8	NonTarget	1	27020
135.185	0.8	NonTarget	1	27037
135.265	0.8	NonTarget	1	27053
135.35	0.8	NonTarget	1	27070
135.435	0.8	NonTarget	1	27087
135.515	0.8	NonTarget	1	27103
135.6	0.8	NonTarget	1	27120
135.685	0.8	NonTarget	1	27137
135.765	0.8	NonTarget	1	27153
135.85	0.8	NonTarget	1	27170
135.935	0.8	NonTarget	1	27187
136.02	0.8	NonTarget	1	27204
136.1	0.8	NonTarget	1	27220
136.185	0.8	NonTarget	1	27237
136.27	0.8	NonTarget	1	27254
136.35	0.8	NonTarget	1	27270
136.435	0.8	NonTarget	1	27287
136.52	0.8	NonTarget	1	27304
136.6	0.8	NonTarget	1	27320
136.685	0.8	NonTarget	1	27337
137.085	0.8	NonTarget	1	27417
137.17	0.8	NonTarget	1	27434
137.255	0.8	NonTarget	1	27451
137.34	0.8	NonTarget	1	27468
137.42	0.8	NonTarget	1	27484
137.505	0.8	NonTarget	1	27501
137.585	0.8	NonTarget	1	27517
137.67	0.8	Target	2	27534
137.755	0.8	NonTarget	1	27551
137.835	0.8	NonTarget	1	27567
137.92	0.8	NonTarget	1	27584
138.005	0.8	NonTarget	1	27601
138.09	0.8	NonTarget	1	27618
138.17	0.8	NonTarget	1	27634
138.255	0.8	NonTarget	1	27651
138.34	0.8	NonTarget	1	27668
138.42	0.8	NonTarget	1	27684
138.505	0.8	NonTarget	1	27701
138.59	0.8	NonTarget	1	27718
138.675	0.8	NonTarget	1	27735
138.755	0.8	NonTarget	1	27751
138.835	0.8	NonTarget	1	27767
138.92	0.8	NonTarget	1	27784
139.005	0.8	NonTarget	1	27801
139.09	0.8	NonTarget	1	27818
139.17	0.8	NonTarget	1	27834
139.255	0.8	NonTarget	1	27851
139.34	0.8	NonTarget	1	27868
139.425	0.8	NonTarget	1	27885
139.505	0.8	NonTarget	1	27901
139.905	0.8	NonTarget	1	27981
139.99	0.8	NonTarget	1	27998
140.07	0.8	Target	2	28014
140.155	0.8	NonTarget	1	28031
140.24	0.8	NonTarget	1	28048
140.325	0.8	NonTarget	1	28065
140.405	0.8	NonTarget	1	28081
140.49	0.8	NonTarget	1	28098
140.575	0.8	NonTarget	1	28115
140.66	0.8	NonTarget	1	28132
140.74	0.8	NonTarget	1	28148
140.825	0.8	NonTarget	1	28165
140.91	0.8	NonTarget	1	28182
140.99	0.8	NonTarget	1	28198
141.075	0.8	NonTarget	1	28215
141.16	0.8	NonTarget	1	28232
141.24	0.8	NonTarget	1	28248
141.325	0.8	NonTarget	1	28265
141.41	0.8	NonTarget	1	28282
141.49	0.8	NonTarget	1	28298
141.575	0.8	NonTarget	1	28315
141.66	0.8	NonTarget	1	28332
141.745	0.8	NonTarget	1	28349
141.825	0.8	NonTarget	1	28365
141.91	0.8	NonTarget	1	28382
141.995	0.8	NonTarget	1	28399
142.075	0.8	NonTarget	1	28415
142.16	0.8	NonTarget	1	28432
142.245	0.8	NonTarget	1	28449
142.325	0.8	NonTarget	1	28465
142.73	0.8	NonTarget	1	28546
142.81	0.8	NonTarget	1	28562
142.895	0.8	NonTarget	1	28579
142.98	0.8	NonTarget	1	28596
143.06	0.8	NonTarget	1	28612
143.145	0.8	NonTarget	1	28629
143.225	0.8	NonTarget	1	28645
143.31	0.8	NonTarget	1	28662
143.395	0.8	NonTarget	1	28679
143.48	0.8	NonTarget	1	28696
143.56	0.8	NonTarget	1	28712
143.645	0.8	NonTarget	1	28729
143.73	0.8	NonTarget	1	28746
143.81	0.8	NonTarget	1	28762
143.895	0.8	NonTarget	1	28779
143.98	0.8	NonTarget	1	28796
144.065	0.8	NonTarget	1	28813
144.145	0.8	NonTarget	1	28829
144.23	0.8	NonTarget	1	28846
144.315	0.8	NonTarget	1	28863
144.395	0.8	NonTarget	1	28879
144.48	0.8	NonTarget	1	28896
144.565	0.8	NonTarget	1	28913
144.645	0.8	NonTarget	1	28929
144.73	0.8	NonTarget	1	28946
144.815	0.8	NonTarget	1	28963
144.895	0.8	NonTarget	1	28979
144.98	0.8	Target	2	28996
145.065	0.8	NonTarget	1	29013
145.145	0.8	NonTarget	1	29029
145.545	0.8	NonTarget	1	29109
145.63	0.8	NonTarget	1	29126
145.715	0.8	NonTarget	1	29143
145.8	0.8	NonTarget	1	29160
145.88	0.8	NonTarget	1	29176
145.965	0.8	NonTarget	1	29193
146.05	0.8	NonTarget	1	29210
146.135	0.8	NonTarget	1	29227
146.215	0.8	NonTarget	1	29243
146.3	0.8	NonTarget	1	29260
146.385	0.8	NonTarget	1	29277
146.465	0.8	NonTarget	1	29293
146.55	0.8	NonTarget	1	29310
146.635	0.8	NonTarget	1	29327
146.715	0.8	NonTarget	1	29343
146.8	0.8	NonTarget	1	29360
146.885	0.8	NonTarget	1	29377
146.965	0.8	NonTarget	1	29393
147.05	0.8	NonTarget	1	29410
147.135	0.8	NonTarget	1	29427
147.22	0.8	NonTarget	1	29444
147.3	0.8	NonTarget	1	29460
147.385	0.8	NonTarget	1	29477
147.47	0.8	NonTarget	1	29494
147.55	0.8	NonTarget	1	29510
147.635	0.8	NonTarget	1	29527
147.715	0.8	NonTarget	1	29543
147.8	0.8	Target	2	29560
147.885	0.8	NonTarget	1	29577
147.97	0.8	NonTarget	1	29594
148.37	0.8	NonTarget	1	29674
148.45	0.8	NonTarget	1	29690
148.535	0.8	NonTarget	1	29707
148.62	0.8	NonTarget	1	29724
148.7	0.8	NonTarget	1	29740
148.785	0.8	NonTarget	1	29757
148.87	0.8	NonTarget	1	29774
148.955	0.8	NonTarget	1	29791
149.035	0.8	NonTarget	1	29807
149.12	0.8	NonTarget	1	29824
149.205	0.8	NonTarget	1	29841
149.285	0.8	NonTarget	1	29857
149.37	0.8	Target	2	29874
149.455	0.8	NonTarget	1	29891
149.54	0.8	NonTarget	1	29908
149.62	0.8	NonTarget	1	29924
149.705	0.8	NonTarget	1	29941
149.785	0.8	NonTarget	1	29957
149.87	0.8	NonTarget	1	29974
149.955	0.8	NonTarget	1	29991
150.04	0.8	NonTarget	1	30008
150.12	0.8	NonTarget	1	30024
150.205	0.8	NonTarget	1	30041
150.29	0.8	NonTarget	1	30058
150.37	0.8	NonTarget	1	30074
150.455	0.8	NonTarget	1	30091
150.54	0.8	NonTarget	1	30108
150.625	0.8	NonTarget	1	30125
150.705	0.8	NonTarget	1	30141
150.79	0.8	NonTarget	1	30158
159.34	0.8	NonTarget	1	31868
159.42	0.8	NonTarget	1	31884
159.5	0.8	NonTarget	1	31900
159.585	0.8	NonTarget	1	31917
159.67	0.8	NonTarget	1	31934
159.75	0.8	NonTarget	1	31950
159.835	0.8	NonTarget	1	31967
159.92	0.8	NonTarget	1	31984
160.0	0.8	NonTarget	1	32000
160.085	0.8	NonTarget	1	32017
160.165	0.8	NonTarget	1	32033
160.25	0.8	NonTarget	1	32050
160.335	0.8	NonTarget	1	32067
160.42	0.8	NonTarget	1	32084
160.505	0.8	NonTarget	1	32101
160.585	0.8	NonTarget	1	32117
160.67	0.8	NonTarget	1	32134
160.75	0.8	NonTarget	1	32150
160.835	0.8	NonTarget	1	32167
160.92	0.8	NonTarget	1	32184
161.005	0.8	NonTarget	1	32201
161.085	0.8	NonTarget	1	32217
161.17	0.8	Target	2	32234
161.255	0.8	NonTarget	1	32251
161.335	0.8	NonTarget	1	32267
161.42	0.8	NonTarget	1	32284
161.505	0.8	NonTarget	1	32301
161.585	0.8	NonTarget	1	32317
161.67	0.8	NonTarget	1	32334
161.755	0.8	NonTarget	1	32351
162.155	0.8	NonTarget	1	32431
162.24	0.8	NonTarget	1	32448
162.32	0.8	NonTarget	1	32464
162.405	0.8	NonTarget	1	32481
162.49	0.8	NonTarget	1	32498
162.57	0.8	NonTarget	1	32514
162.655	0.8	NonTarget	1	32531
162.74	0.8	NonTarget	1	32548
162.825	0.8	NonTarget	1	32565
162.905	0.8	NonTarget	1	32581
162.99	0.8	NonTarget	1	32598
163.07	0.8	NonTarget	1	32614
163.155	0.8	Target	2	32631
163.24	0.8	NonTarget	1	32648
163.325	0.8	NonTarget	1	32665
163.405	0.8	NonTarget	1	32681
163.49	0.8	NonTarget	1	32698
163.575	0.8	NonTarget	1	32715
163.66	0.8	NonTarget	1	32732
163.74	0.8	NonTarget	1	32748
163.825	0.8	NonTarget	1	32765
163.905	0.8	NonTarget	1	32781
163.99	0.8	NonTarget	1	32798
164.075	0.8	NonTarget	1	32815
164.155	0.8	NonTarget	1	32831
164.24	0.8	NonTarget	1	32848
164.325	0.8	NonTarget	1	32865
164.41	0.8	NonTarget	1	32882
164.49	0.8	NonTarget	1	32898
164.575	0.8	NonTarget	1	32915
164.975	0.8	NonTarget	1	32995
165.06	0.8	NonTarget	1	33012
165.145	0.8	Target	2	33029
165.225	0.8	NonTarget	1	33045
165.31	0.8	NonTarget	1	33062
165.395	0.8	NonTarget	1	33079
165.475	0.8	NonTarget	1	33095
165.56	0.8	NonTarget	1	33112
165.645	0.8	NonTarget	1	33129
165.725	0.8	NonTarget	1	33145
165.81	0.8	NonTarget	1	33162
165.895	0.8	NonTarget	1	33179
165.975	0.8	NonTarget	1	33195
166.06	0.8	NonTarget	1	33212
166.145	0.8	NonTarget	1	33229
166.225	0.8	NonTarget	1	33245
166.31	0.8	NonTarget	1	33262
166.395	0.8	NonTarget	1	33279
166.475	0.8	NonTarget	1	33295
166.56	0.8	NonTarget	1	33312
166.645	0.8	NonTarget	1	33329
166.73	0.8	NonTarget	1	33346
166.81	0.8	NonTarget	1	33362
166.895	0.8	NonTarget	1	33379
166.98	0.8	NonTarget	1	33396
167.065	0.8	NonTarget	1	33413
167.145	0.8	NonTarget	1	33429
167.23	0.8	NonTarget	1	33446
167.31	0.8	NonTarget	1	33462
167.395	0.8	NonTarget	1	33479
167.795	0.8	NonTarget	1	33559
167.88	0.8	NonTarget	1	33576
167.965	0.8	NonTarget	1	33593
168.045	0.8	NonTarget	1	33609
168.13	0.8	NonTarget	1	33626
168.215	0.8	NonTarget	1	33643
168.295	0.8	NonTarget	1	33659
168.38	0.8	NonTarget	1	33676
168.465	0.8	NonTarget	1	33693
168.545	0.8	NonTarget	1	33709
168.63	0.8	NonTarget	1	33726
168.715	0.8	NonTarget	1	33743
168.8	0.8	NonTarget	1	33760
168.88	0.8	NonTarget	1	33776
168.965	0.8	NonTarget	1	33793
169.05	0.8	NonTarget	1	33810
169.13	0.8	NonTarget	1	33826
169.215	0.8	Target	2	33843
169.3	0.8	NonTarget	1	33860
169.38	0.8	NonTarget	1	33876
169.465	0.8	NonTarget	1	33893
169.55	0.8	NonTarget	1	33910
169.63	0.8	NonTarget	1	33926
169.715	0.8	NonTarget	1	33943
169.8	0.8	NonTarget	1	33960
169.88	0.8	NonTarget	1	33976
169.965	0.8	NonTarget	1	33993
170.05	0.8	NonTarget	1	34010
170.13	0.8	NonTarget	1	34026
170.215	0.8	NonTarget	1	34043
170.615	0.8	NonTarget	1	34123
170.7	0.8	NonTarget	1	34140
170.785	0.8	NonTarget	1	34157
170.87	0.8	NonTarget	1	34174
170.95	0.8	NonTarget	1	34190
171.035	0.8	NonTarget	1	34207
171.115	0.8	NonTarget	1	34223
171.2	0.8	NonTarget	1	34240
171.285	0.8	NonTarget	1	34257
171.365	0.8	NonTarget	1	34273
171.45	0.8	NonTarget	1	34290
171.535	0.8	NonTarget	1	34307
171.62	0.8	Target	2	34324
171.7	0.8	NonTarget	1	34340
171.785	0.8	NonTarget	1	34357
171.87	0.8	NonTarget	1	34374
171.95	0.8	NonTarget	1	34390
172.035	0.8	NonTarget	1	34407
172.12	0.8	NonTarget	1	34424
172.2	0.8	NonTarget	1	34440
172.285	0.8	NonTarget	1	34457
172.37	0.8	NonTarget	1	34474
172.45	0.8	NonTarget	1	34490
172.535	0.8	NonTarget	1	34507
172.62	0.8	NonTarget	1	34524
172.705	0.8	NonTarget	1	34541
172.785	0.8	NonTarget	1	34557
172.87	0.8	NonTarget	1	34574
172.955	0.8	NonTarget	1	34591
173.035	0.8	NonTarget	1	34607
173.435	0.8	NonTarget	1	34687
173.52	0.8	NonTarget	1	34704
173.605	0.8	NonTarget	1	34721
173.69	0.8	NonTarget	1	34738
173.77	0.8	NonTarget	1	34754
173.855	0.8	NonTarget	1	34771
173.94	0.8	NonTarget	1	34788
174.02	0.8	NonTarget	1	34804
174.105	0.8	NonTarget	1	34821
174.19	0.8	NonTarget	1	34838
174.27	0.8	NonTarget	1	34854
174.355	0.8	NonTarget	1	34871
174.44	0.8	NonTarget	1	34888
174.525	0.8	NonTarget	1	34905
174.605	0.8	NonTarget	1	34921
174.69	0.8	NonTarget	1	34938
174.775	0.8	NonTarget	1	34955
174.855	0.8	NonTarget	1	34971
174.94	0.8	NonTarget	1	34988
175.025	0.8	NonTarget	1	35005
175.105	0.8	NonTarget	1	35021
175.19	0.8	NonTarget	1	35038
175.275	0.8	NonTarget	1	35055
175.355	0.8	NonTarget	1	35071
175.44	0.8	NonTarget	1	35088
175.525	0.8	NonTarget	1	35105
175.605	0.8	NonTarget	1	35121
175.69	0.8	Target	2	35138
175.775	0.8	NonTarget	1	35155
175.855	0.8	NonTarget	1	35171
176.26	0.8	NonTarget	1	35252
176.345	0.8	NonTarget	1	35269
176.425	0.8	NonTarget	1	35285
176.51	0.8	NonTarget	1	35302
176.59	0.8	NonTarget	1	35318
176.675	0.8	NonTarget	1	35335
176.76	0.8	NonTarget	1	35352
176.84	0.8	NonTarget	1	35368
176.925	0.8	NonTarget	1	35385
177.01	0.8	NonTarget	1	35402
177.09	0.8	NonTarget	1	35418
177.175	0.8	NonTarget	1	35435
177.26	0.8	NonTarget	1	35452
177.345	0.8	NonTarget	1	35469
177.425	0.8	NonTarget	1	35485
177.51	0.8	NonTarget	1	35502
177.595	0.8	NonTarget	1	35519
177.675	0.8	Target	2	35535
177.76	0.8	NonTarget	1	35552
177.845	0.8	NonTarget	1	35569
177.925	0.8	NonTarget	1	35585
178.01	0.8	NonTarget	1	35602
178.095	0.8	NonTarget	1	35619
178.18	0.8	NonTarget	1	35636
178.26	0.8	NonTarget	1	35652
178.345	0.8	NonTarget	1	35669
178.43	0.8	NonTarget	1	35686
178.51	0.8	NonTarget	1	35702
178.595	0.8	NonTarget	1	35719
178.68	0.8	NonTarget	1	35736
179.075	0.8	NonTarget	1	35815
179.16	0.8	NonTarget	1	35832
179.245	0.8	NonTarget	1	35849
179.33	0.8	NonTarget	1	35866
179.41	0.8	NonTarget	1	35882
179.5	0.8	NonTarget	1	35900
179.58	0.8	NonTarget	1	35916
179.665	0.8	Target	2	35933
179.745	0.8	NonTarget	1	35949
179.83	0.8	NonTarget	1	35966
179.915	0.8	NonTarget	1	35983
179.995	0.8	NonTarget	1	35999
180.08	0.8	NonTarget	1	36016
180.165	0.8	NonTarget	1	36033
180.245	0.8	NonTarget	1	36049
180.33	0.8	NonTarget	1	36066
180.415	0.8	NonTarget	1	36083
180.5	0.8	NonTarget	1	36100
180.58	0.8	NonTarget	1	36116
180.665	0.8	NonTarget	1	36133
180.75	0.8	NonTarget	1	36150
180.83	0.8	NonTarget	1	36166
180.915	0.8	NonTarget	1	36183
181.0	0.8	NonTarget	1	36200
181.08	0.8	NonTarget	1	36216
181.165	0.8	NonTarget	1	36233
181.25	0.8	NonTarget	1	36250
181.33	0.8	NonTarget	1	36266
181.415	0.8	NonTarget	1	36283
181.5	0.8	NonTarget	1	36300
181.9	0.8	NonTarget	1	36380
181.985	0.8	NonTarget	1	36397
182.065	0.8	NonTarget	1	36413
182.15	0.8	NonTarget	1	36430
182.235	0.8	NonTarget	1	36447
182.315	0.8	NonTarget	1	36463
182.4	0.8	NonTarget	1	36480
182.485	0.8	NonTarget	1	36497
182.565	0.8	NonTarget	1	36513
182.65	0.8	NonTarget	1	36530
182.735	0.8	NonTarget	1	36547
182.82	0.8	NonTarget	1	36564
182.9	0.8	NonTarget	1	36580
182.985	0.8	NonTarget	1	36597
183.065	0.8	NonTarget	1	36613
183.15	0.8	NonTarget	1	36630
183.235	0.8	NonTarget	1	36647
183.315	0.8	NonTarget	1	36663
183.4	0.8	NonTarget	1	36680
183.485	0.8	NonTarget	1	36697
183.57	0.8	NonTarget	1	36714
183.65	0.8	NonTarget	1	36730
183.735	0.8	NonTarget	1	36747
183.82	0.8	NonTarget	1	36764
183.905	0.8	NonTarget	1	36781
183.985	0.8	NonTarget	1	36797
184.07	0.8	NonTarget	1	36814
184.155	0.8	Target	2	36831
184.235	0.8	NonTarget	1	36847
184.32	0.8	NonTarget	1	36864
184.72	0.8	NonTarget	1	36944
184.805	0.8	NonTarget	1	36961
184.885	0.8	NonTarget	1	36977
184.97	0.8	NonTarget	1	36994
185.055	0.8	NonTarget	1	37011
185.14	0.8	NonTarget	1	37028
185.22	0.8	NonTarget	1	37044
185.305	0.8	NonTarget	1	37061
185.39	0.8	NonTarget	1	37078
185.47	0.8	NonTarget	1	37094
185.555	0.8	NonTarget	1	37111
185.64	0.8	NonTarget	1	37128
185.72	0.8	Target	2	37144
185.805	0.8	NonTarget	1	37161
185.89	0.8	NonTarget	1	37178
185.97	0.8	NonTarget	1	37194
186.055	0.8	NonTarget	1	37211
186.14	0.8	NonTarget	1	37228
186.225	0.8	NonTarget	1	37245
186.305	0.8	NonTarget	1	37261
186.39	0.8	NonTarget	1	37278
186.475	0.8	NonTarget	1	37295
186.555	0.8	NonTarget	1	37311
186.64	0.8	NonTarget	1	37328
186.725	0.8	NonTarget	1	37345
186.805	0.8	NonTarget	1	37361
186.89	0.8	NonTarget	1	37378
186.975	0.8	NonTarget	1	37395
187.06	0.8	NonTarget	1	37412
187.14	0.8	NonTarget	1	37428
195.69	0.8	NonTarget	1	39138
195.77	0.8	NonTarget	1	39154
195.85	0.8	NonTarget	1	39170
195.935	0.8	NonTarget	1	39187
196.02	0.8	NonTarget	1	39204
196.1	0.8	NonTarget	1	39220
196.185	0.8	NonTarget	1	39237
196.27	0.8	NonTarget	1	39254
196.355	0.8	NonTarget	1	39271
196.435	0.8	NonTarget	1	39287
196.52	0.8	NonTarget	1	39304
196.605	0.8	NonTarget	1	39321
196.685	0.8	NonTarget	1	39337
196.77	0.8	NonTarget	1	39354
196.855	0.8	NonTarget	1	39371
196.935	0.8	NonTarget	1	39387
197.02	0.8	NonTarget	1	39404
197.105	0.8	NonTarget	1	39421
197.19	0.8	NonTarget	1	39438
197.27	0.8	NonTarget	1	39454
197.355	0.8	NonTarget	1	39471
197.44	0.8	NonTarget	1	39488
197.52	0.8	NonTarget	1	39504
197.605	0.8	NonTarget	1	39521
197.69	0.8	NonTarget	1	39538
197.77	0.8	NonTarget	1	39554
197.855	0.8	NonTarget	1	39571
197.94	0.8	Target	2	39588
198.02	0.8	NonTarget	1	39604
198.105	0.8	NonTarget	1	39621
198.505	0.8	NonTarget	1	39701
198.59	0.8	NonTarget	1	39718
198.675	0.8	Target	2	39735
198.755	0.8	NonTarget	1	39751
198.84	0.8	NonTarget	1	39768
198.925	0.8	NonTarget	1	39785
199.005	0.8	NonTarget	1	39801
199.09	0.8	NonTarget	1	39818
199.175	0.8	NonTarget	1	39835
199.255	0.8	NonTarget	1	39851
199.34	0.8	NonTarget	1	39868
199.425	0.8	NonTarget	1	39885
199.51	0.8	NonTarget	1	39902
199.59	0.8	NonTarget	1	39918
199.675	0.8	NonTarget	1	39935
199.76	0.8	NonTarget	1	39952
199.84	0.8	NonTarget	1	39968
199.925	0.8	NonTarget	1	39985
200.01	0.8	NonTarget	1	40002
200.09	0.8	NonTarget	1	40018
200.175	0.8	NonTarget	1	40035
200.26	0.8	NonTarget	1	40052
200.345	0.8	NonTarget	1	40069
200.425	0.8	NonTarget	1	40085
200.51	0.8	NonTarget	1	40102
200.59	0.8	NonTarget	1	40118
200.675	0.8	NonTarget	1	40135
200.76	0.8	NonTarget	1	40152
200.84	0.8	NonTarget	1	40168
200.925	0.8	NonTarget	1	40185
201.33	0.8	NonTarget	1	40266
201.41	0.8	NonTarget	1	40282
201.495	0.8	NonTarget	1	40299
201.58	0.8	NonTarget	1	40316
201.66	0.8	NonTarget	1	40332
201.745	0.8	NonTarget	1	40349
201.83	0.8	NonTarget	1	40366
201.91	0.8	NonTarget	1	40382
201.995	0.8	NonTarget	1	40399
202.08	0.8	NonTarget	1	40416
202.16	0.8	NonTarget	1	40432
202.245	0.8	NonTarget	1	40449
202.33	0.8	Target	2	40466
202.41	0.8	NonTarget	1	40482
202.495	0.8	NonTarget	1	40499
202.58	0.8	NonTarget	1	40516
202.66	0.8	NonTarget	1	40532
202.745	0.8	NonTarget	1	40549
202.83	0.8	NonTarget	1	40566
202.91	0.8	NonTarget	1	40582
202.995	0.8	NonTarget	1	40599
203.08	0.8	NonTarget	1	40616
203.165	0.8	NonTarget	1	40633
203.245	0.8	NonTarget	1	40649
203.33	0.8	NonTarget	1	40666
203.41	0.8	NonTarget	1	40682
203.495	0.8	NonTarget	1	40699
203.58	0.8	NonTarget	1	40716
203.665	0.8	NonTarget	1	40733
203.75	0.8	NonTarget	1	40750
204.145	0.8	NonTarget	1	40829
204.23	0.8	NonTarget	1	40846
204.315	0.8	Target	2	40863
204.4	0.8	NonTarget	1	40880
204.48	0.8	NonTarget	1	40896
204.565	0.8	NonTarget	1	40913
204.65	0.8	NonTarget	1	40930
204.73	0.8	NonTarget	1	40946
204.815	0.8	NonTarget	1	40963
204.9	0.8	NonTarget	1	40980
204.98	0.8	NonTarget	1	40996
205.065	0.8	NonTarget	1	41013
205.15	0.8	NonTarget	1	41030
205.235	0.8	NonTarget	1	41047
205.315	0.8	NonTarget	1	41063
205.4	0.8	NonTarget	1	41080
205.485	0.8	NonTarget	1	41097
205.565	0.8	NonTarget	1	41113
205.65	0.8	NonTarget	1	41130
205.735	0.8	NonTarget	1	41147
205.815	0.8	NonTarget	1	41163
205.9	0.8	NonTarget	1	41180
205.985	0.8	NonTarget	1	41197
206.07	0.8	NonTarget	1	41214
206.15	0.8	NonTarget	1	41230
206.235	0.8	NonTarget	1	41247
206.315	0.8	NonTarget	1	41263
206.4	0.8	NonTarget	1	41280
206.485	0.8	NonTarget	1	41297
206.565	0.8	NonTarget	1	41313
206.97	0.8	NonTarget	1	41394
207.05	0.8	NonTarget	1	41410
207.135	0.8	Target	2	41427
207.22	0.8	NonTarget	1	41444
207.305	0.8	NonTarget	1	41461
207.385	0.8	NonTarget	1	41477
207.47	0.8	NonTarget	1	41494
207.55	0.8	NonTarget	1	41510
207.635	0.8	NonTarget	1	41527
207.72	0.8	NonTarget	1	41544
207.8	0.8	NonTarget	1	41560
207.885	0.8	NonTarget	1	41577
207.97	0.8	NonTarget	1	41594
208.055	0.8	NonTarget	1	41611
208.135	0.8	NonTarget	1	41627
208.22	0.8	NonTarget	1	41644
208.305	0.8	NonTarget	1	41661
208.385	0.8	NonTarget	1	41677
208.47	0.8	NonTarget	1	41694
208.555	0.8	NonTarget	1	41711
208.64	0.8	NonTarget	1	41728
208.72	0.8	NonTarget	1	41744
208.805	0.8	NonTarget	1	41761
208.885	0.8	NonTarget	1	41777
208.97	0.8	NonTarget	1	41794
209.055	0.8	NonTarget	1	41811
209.14	0.8	NonTarget	1	41828
209.22	0.8	NonTarget	1	41844
209.305	0.8	NonTarget	1	41861
209.39	0.8	NonTarget	1	41878
209.79	0.8	NonTarget	1	41958
209.87	0.8	NonTarget	1	41974
209.955	0.8	Target	2	41991
210.04	0.8	NonTarget	1	42008
210.12	0.8	NonTarget	1	42024
210.205	0.8	NonTarget	1	42041
210.29	0.8	NonTarget	1	42058
210.375	0.8	NonTarget	1	42075
210.455	0.8	NonTarget	1	42091
210.54	0.8	NonTarget	1	42108
210.625	0.8	NonTarget	1	42125
210.705	0.8	NonTarget	1	42141
210.79	0.8	NonTarget	1	42158
210.875	0.8	NonTarget	1	42175
210.955	0.8	NonTarget	1	42191
211.04	0.8	NonTarget	1	42208
211.125	0.8	NonTarget	1	42225
211.205	0.8	NonTarget	1	42241
211.29	0.8	NonTarget	1	42258
211.375	0.8	NonTarget	1	42275
211.455	0.8	NonTarget	1	42291
211.54	0.8	NonTarget	1	42308
211.625	0.8	NonTarget	1	42325
211.71	0.8	NonTarget	1	42342
211.79	0.8	NonTarget	1	42358
211.875	0.8	NonTarget	1	42375
211.96	0.8	NonTarget	1	42392
212.04	0.8	NonTarget	1	42408
212.125	0.8	NonTarget	1	42425
212.21	0.8	NonTarget	1	42442
212.61	0.8	NonTarget	1	42522
212.695	0.8	NonTarget	1	42539
212.775	0.8	Target	2	42555
212.86	0.8	NonTarget	1	42572
212.945	0.8	NonTarget	1	42589
213.03	0.8	NonTarget	1	42606
213.11	0.8	NonTarget	1	42622
213.195	0.8	NonTarget	1	42639
213.275	0.8	NonTarget	1	42655
213.36	0.8	NonTarget	1	42672
213.445	0.8	NonTarget	1	42689
213.53	0.8	NonTarget	1	42706
213.61	0.8	NonTarget	1	42722
213.695	0.8	NonTarget	1	42739
213.78	0.8	NonTarget	1	42756
213.86	0.8	NonTarget	1	42772
213.945	0.8	NonTarget	1	42789
214.03	0.8	NonTarget	1	42806
214.11	0.8	NonTarget	1	42822
214.195	0.8	NonTarget	1	42839
214.28	0.8	NonTarget	1	42856
214.36	0.8	NonTarget	1	42872
214.445	0.8	NonTarget	1	42889
214.53	0.8	NonTarget	1	42906
214.61	0.8	NonTarget	1	42922
214.695	0.8	NonTarget	1	42939
214.78	0.8	NonTarget	1	42956
214.865	0.8	NonTarget	1	42973
214.945	0.8	NonTarget	1	42989
215.03	0.8	NonTarget	1	43006
215.43	0.8	NonTarget	1	43086
215.515	0.8	NonTarget	1	43103
215.595	0.8	NonTarget	1	43119
215.68	0.8	NonTarget	1	43136
215.765	0.8	NonTarget	1	43153
215.845	0.8	NonTarget	1	43169
215.93	0.8	NonTarget	1	43186
216.015	0.8	Target	2	43203
216.1	0.8	NonTarget	1	43220
216.18	0.8	NonTarget	1	43236
216.265	0.8	NonTarget	1	43253
216.35	0.8	NonTarget	1	43270
216.43	0.8	NonTarget	1	43286
216.515	0.8	NonTarget	1	43303
216.6	0.8	NonTarget	1	43320
216.68	0.8	NonTarget	1	43336
216.765	0.8	NonTarget	1	43353
216.85	0.8	NonTarget	1	43370
216.935	0.8	NonTarget	1	43387
217.015	0.8	NonTarget	1	43403
217.1	0.8	NonTarget	1	43420
217.185	0.8	NonTarget	1	43437
217.265	0.8	NonTarget	1	43453
217.35	0.8	NonTarget	1	43470
217.43	0.8	NonTarget	1	43486
217.515	0.8	NonTarget	1	43503
217.6	0.8	NonTarget	1	43520
217.685	0.8	NonTarget	1	43537
217.77	0.8	NonTarget	1	43554
217.85	0.8	NonTarget	1	43570
218.25	0.8	NonTarget	1	43650
218.335	0.8	NonTarget	1	43667
218.42	0.8	Target	2	43684
218.5	0.8	NonTarget	1	43700
218.585	0.8	NonTarget	1	43717
218.665	0.8	NonTarget	1	43733
218.755	0.8	NonTarget	1	43751
218.835	0.8	NonTarget	1	43767
218.92	0.8	NonTarget	1	43784
219.0	0.8	NonTarget	1	43800
219.085	0.8	NonTarget	1	43817
219.17	0.8	NonTarget	1	43834
219.255	0.8	NonTarget	1	43851
219.335	0.8	NonTarget	1	43867
219.42	0.8	NonTarget	1	43884
219.505	0.8	NonTarget	1	43901
219.585	0.8	NonTarget	1	43917
219.67	0.8	NonTarget	1	43934
219.755	0.8	NonTarget	1	43951
219.835	0.8	NonTarget	1	43967
219.92	0.8	NonTarget	1	43984
220.005	0.8	NonTarget	1	44001
220.085	0.8	NonTarget	1	44017
220.17	0.8	NonTarget	1	44034
220.255	0.8	NonTarget	1	44051
220.335	0.8	NonTarget	1	44067
220.42	0.8	NonTarget	1	44084
220.505	0.8	NonTarget	1	44101
220.59	0.8	NonTarget	1	44118
220.675	0.8	NonTarget	1	44135
221.07	0.8	NonTarget	1	44214
221.155	0.8	NonTarget	1	44231
221.24	0.8	NonTarget	1	44248
221.32	0.8	NonTarget	1	44264
221.405	0.8	NonTarget	1	44281
221.49	0.8	NonTarget	1	44298
221.57	0.8	NonTarget	1	44314
221.66	0.8	NonTarget	1	44332
221.74	0.8	NonTarget	1	44348
221.825	0.8	NonTarget	1	44365
221.905	0.8	NonTarget	1	44381
221.99	0.8	NonTarget	1	44398
222.075	0.8	NonTarget	1	44415
222.155	0.8	NonTarget	1	44431
222.24	0.8	NonTarget	1	44448
222.325	0.8	NonTarget	1	44465
222.405	0.8	NonTarget	1	44481
222.49	0.8	NonTarget	1	44498
222.575	0.8	NonTarget	1	44515
222.66	0.8	NonTarget	1	44532
222.74	0.8	NonTarget	1	44548
222.825	0.8	NonTarget	1	44565
222.905	0.8	Target	2	44581
222.99	0.8	NonTarget	1	44598
223.075	0.8	NonTarget	1	44615
223.155	0.8	NonTarget	1	44631
223.24	0.8	NonTarget	1	44648
223.325	0.8	NonTarget	1	44665
223.41	0.8	NonTarget	1	44682
223.49	0.8	NonTarget	1	44698
232.06	0.8	NonTarget	1	46412
232.14	0.8	NonTarget	1	46428
232.22	0.8	NonTarget	1	46444
232.305	0.8	NonTarget	1	46461
232.39	0.8	NonTarget	1	46478
232.47	0.8	NonTarget	1	46494
232.555	0.8	NonTarget	1	46511
232.64	0.8	NonTarget	1	46528
232.72	0.8	NonTarget	1	46544
232.805	0.8	NonTarget	1	46561
232.89	0.8	NonTarget	1	46578
232.97	0.8	NonTarget	1	46594
233.055	0.8	NonTarget	1	46611
233.14	0.8	NonTarget	1	46628
233.22	0.8	NonTarget	1	46644
233.305	0.8	NonTarget	1	46661
233.39	0.8	NonTarget	1	46678
233.475	0.8	NonTarget	1	46695
233.555	0.8	NonTarget	1	46711
233.64	0.8	NonTarget	1	46728
233.725	0.8	NonTarget	1	46745
233.805	0.8	NonTarget	1	46761
233.89	0.8	NonTarget	1	46778
233.975	0.8	NonTarget	1	46795
234.06	0.8	NonTarget	1	46812
234.14	0.8	NonTarget	1	46828
234.225	0.8	NonTarget	1	46845
234.305	0.8	Target	2	46861
234.39	0.8	NonTarget	1	46878
234.475	0.8	NonTarget	1	46895
234.875	0.8	NonTarget	1	46975
234.96	0.8	NonTarget	1	46992
235.04	0.8	NonTarget	1	47008
235.125	0.8	NonTarget	1	47025
235.21	0.8	NonTarget	1	47042
235.29	0.8	NonTarget	1	47058
235.375	0.8	NonTarget	1	47075
235.46	0.8	NonTarget	1	47092
235.54	0.8	NonTarget	1	47108
235.625	0.8	NonTarget	1	47125
235.71	0.8	NonTarget	1	47142
235.79	0.8	NonTarget	1	47158
235.875	0.8	NonTarget	1	47175
235.96	0.8	NonTarget	1	47192
236.045	0.8	NonTarget	1	47209
236.125	0.8	NonTarget	1	47225
236.21	0.8	NonTarget	1	47242
236.29	0.8	NonTarget	1	47258
236.375	0.8	NonTarget	1	47275
236.46	0.8	NonTarget	1	47292
236.545	0.8	NonTarget	1	47309
236.625	0.8	NonTarget	1	47325
236.71	0.8	Target	2	47342
236.795	0.8	NonTarget	1	47359
236.875	0.8	NonTarget	1	47375
236.96	0.8	NonTarget	1	47392
237.045	0.8	NonTarget	1	47409
237.13	0.8	NonTarget	1	47426
237.215	0.8	NonTarget	1	47443
237.295	0.8	NonTarget	1	47459
237.695	0.8	NonTarget	1	47539
237.78	0.8	NonTarget	1	47556
237.86	0.8	NonTarget	1	47572
237.95	0.8	NonTarget	1	47590
238.03	0.8	NonTarget	1	47606
238.115	0.8	NonTarget	1	47623
238.195	0.8	NonTarget	1	47639
238.28	0.8	NonTarget	1	47656
238.365	0.8	NonTarget	1	47673
238.445	0.8	NonTarget	1	47689
238.53	0.8	NonTarget	1	47706
238.615	0.8	NonTarget	1	47723
238.695	0.8	Target	2	47739
238.78	0.8	NonTarget	1	47756
238.865	0.8	NonTarget	1	47773
238.95	0.8	NonTarget	1	47790
239.03	0.8	NonTarget	1	47806
239.115	0.8	NonTarget	1	47823
239.195	0.8	NonTarget	1	47839
239.28	0.8	NonTarget	1	47856
239.365	0.8	NonTarget	1	47873
239.445	0.8	NonTarget	1	47889
239.53	0.8	NonTarget	1	47906
239.615	0.8	NonTarget	1	47923
239.7	0.8	NonTarget	1	47940
239.78	0.8	NonTarget	1	47956
239.865	0.8	NonTarget	1	47973
239.95	0.8	NonTarget	1	47990
240.03	0.8	NonTarget	1	48006
240.115	0.8	NonTarget	1	48023
240.515	0.8	NonTarget	1	48103
240.6	0.8	NonTarget	1	48120
240.68	0.8	NonTarget	1	48136
240.765	0.8	NonTarget	1	48153
240.85	0.8	NonTarget	1	48170
240.935	0.8	NonTarget	1	48187
241.02	0.8	NonTarget	1	48204
241.1	0.8	NonTarget	1	48220
241.185	0.8	NonTarget	1	48237
241.265	0.8	NonTarget	1	48253
241.35	0.8	NonTarget	1	48270
241.435	0.8	NonTarget	1	48287
241.515	0.8	Target	2	48303
241.6	0.8	NonTarget	1	48320
241.685	0.8	NonTarget	1	48337
241.765	0.8	NonTarget	1	48353
241.85	0.8	NonTarget	1	48370
241.935	0.8	NonTarget	1	48387
242.02	0.8	NonTarget	1	48404
242.1	0.8	NonTarget	1	48420
242.185	0.8	NonTarget	1	48437
242.27	0.8	NonTarget	1	48454
242.355	0.8	NonTarget	1	48471
242.435	0.8	NonTarget	1	48487
242.52	0.8	NonTarget	1	48504
242.6	0.8	NonTarget	1	48520
242.685	0.8	NonTarget	1	48537
242.77	0.8	NonTarget	1	48554
242.855	0.8	NonTarget	1	48571
242.935	0.8	NonTarget	1	48587
243.335	0.8	NonTarget	1	48667
243.42	0.8	NonTarget	1	48684
243.505	0.8	NonTarget	1	48701
243.585	0.8	NonTarget	1	48717
243.67	0.8	NonTarget	1	48734
243.755	0.8	NonTarget	1	48751
243.84	0.8	NonTarget	1	48768
243.92	0.8	NonTarget	1	48784
244.005	0.8	NonTarget	1	48801
244.085	0.8	NonTarget	1	48817
244.17	0.8	NonTarget	1	48834
244.255	0.8	NonTarget	1	48851
244.34	0.8	NonTarget	1	48868
244.42	0.8	NonTarget	1	48884
244.505	0.8	NonTarget	1	48901
244.59	0.8	NonTarget	1	48918
244.67	0.8	NonTarget	1	48934
244.755	0.8	NonTarget	1	48951
244.84	0.8	NonTarget	1	48968
244.92	0.8	NonTarget	1	48984
245.005	0.8	NonTarget	1	49001
245.09	0.8	NonTarget	1	49018
245.175	0.8	Target	2	49035
245.255	0.8	NonTarget	1	49051
245.34	0.8	NonTarget	1	49068
245.425	0.8	NonTarget	1	49085
245.505	0.8	NonTarget	1	49101
245.59	0.8	NonTarget	1	49118
245.675	0.8	NonTarget	1	49135
245.755	0.8	NonTarget	1	49151
246.155	0.8	NonTarget	1	49231
246.24	0.8	NonTarget	1	49248
246.325	0.8	NonTarget	1	49265
246.41	0.8	NonTarget	1	49282
246.49	0.8	NonTarget	1	49298
246.575	0.8	NonTarget	1	49315
246.66	0.8	NonTarget	1	49332
246.745	0.8	NonTarget	1	49349
246.825	0.8	NonTarget	1	49365
246.91	0.8	NonTarget	1	49382
246.99	0.8	NonTarget	1	49398
247.075	0.8	NonTarget	1	49415
247.16	0.8	NonTarget	1	49432
247.24	0.8	NonTarget	1	49448
247.325	0.8	NonTarget	1	49465
247.41	0.8	NonTarget	1	49482
247.49	0.8	NonTarget	1	49498
247.575	0.8	Target	2	49515
247.66	0.8	NonTarget	1	49532
247.745	0.8	NonTarget	1	49549
247.825	0.8	NonTarget	1	49565
247.91	0.8	NonTarget	1	49582
247.995	0.8	NonTarget	1	49599
248.075	0.8	NonTarget	1	49615
248.16	0.8	NonTarget	1	49632
248.245	0.8	NonTarget	1	49649
248.325	0.8	NonTarget	1	49665
248.41	0.8	NonTarget	1	49682
248.495	0.8	NonTarget	1	49699
248.575	0.8	NonTarget	1	49715
248.975	0.8	NonTarget	1	49795
249.06	0.8	NonTarget	1	49812
249.145	0.8	NonTarget	1	49829
249.23	0.8	NonTarget	1	49846
249.315	0.8	NonTarget	1	49863
249.395	0.8	NonTarget	1	49879
249.48	0.8	NonTarget	1	49896
249.565	0.8	NonTarget	1	49913
249.645	0.8	NonTarget	1	49929
249.73	0.8	NonTarget	1	49946
249.815	0.8	NonTarget	1	49963
249.895	0.8	NonTarget	1	49979
249.98	0.8	NonTarget	1	49996
250.065	0.8	NonTarget	1	50013
250.145	0.8	NonTarget	1	50029
250.23	0.8	NonTarget	1	50046
250.315	0.8	NonTarget	1	50063
250.395	0.8	Target	2	50079
250.48	0.8	NonTarget	1	50096
250.565	0.8	NonTarget	1	50113
250.645	0.8	NonTarget	1	50129
250.73	0.8	NonTarget	1	50146
250.815	0.8	NonTarget	1	50163
250.9	0.8	NonTarget	1	50180
250.98	0.8	NonTarget	1	50196
251.065	0.8	NonTarget	1	50213
251.15	0.8	NonTarget	1	50230
251.23	0.8	NonTarget	1	50246
251.315	0.8	NonTarget	1	50263
251.395	0.8	NonTarget	1	50279
251.8	0.8	NonTarget	1	50360
251.88	0.8	NonTarget	1	50376
251.965	0.8	NonTarget	1	50393
252.05	0.8	NonTarget	1	50410
252.135	0.8	NonTarget	1	50427
252.215	0.8	NonTarget	1	50443
252.3	0.8	NonTarget	1	50460
252.385	0.8	NonTarget	1	50477
252.465	0.8	NonTarget	1	50493
252.55	0.8	NonTarget	1	50510
252.635	0.8	NonTarget	1	50527
252.715	0.8	NonTarget	1	50543
252.8	0.8	Target	2	50560
252.885	0.8	NonTarget	1	50577
252.965	0.8	NonTarget	1	50593
253.05	0.8	NonTarget	1	50610
253.135	0.8	NonTarget	1	50627
253.215	0.8	NonTarget	1	50643
253.3	0.8	NonTarget	1	50660
253.385	0.8	NonTarget	1	50677
253.465	0.8	NonTarget	1	50693
253.55	0.8	NonTarget	1	50710
253.635	0.8	NonTarget	1	50727
253.72	0.8	NonTarget	1	50744
253.8	0.8	NonTarget	1	50760
253.885	0.8	NonTarget	1	50777
253.97	0.8	NonTarget	1	50794
254.05	0.8	NonTarget	1	50810
254.135	0.8	NonTarget	1	50827
254.22	0.8	NonTarget	1	50844
254.62	0.8	NonTarget	1	50924
254.705	0.8	NonTarget	1	50941
254.785	0.8	NonTarget	1	50957
254.87	0.8	NonTarget	1	50974
254.955	0.8	NonTarget	1	50991
255.04	0.8	NonTarget	1	51008
255.12	0.8	NonTarget	1	51024
255.205	0.8	NonTarget	1	51041
255.285	0.8	NonTarget	1	51057
255.37	0.8	NonTarget	1	51074
255.455	0.8	NonTarget	1	51091
255.54	0.8	NonTarget	1	51108
255.62	0.8	NonTarget	1	51124
255.705	0.8	NonTarget	1	51141
255.79	0.8	NonTarget	1	51158
255.87	0.8	NonTarget	1	51174
255.955	0.8	NonTarget	1	51191
256.04	0.8	NonTarget	1	51208
256.12	0.8	NonTarget	1	51224
256.205	0.8	NonTarget	1	51241
256.285	0.8	NonTarget	1	51257
256.37	0.8	NonTarget	1	51274
256.455	0.8	Target	2	51291
256.54	0.8	NonTarget	1	51308
256.62	0.8	NonTarget	1	51324
256.705	0.8	NonTarget	1	51341
256.79	0.8	NonTarget	1	51358
256.875	0.8	NonTarget	1	51375
256.955	0.8	NonTarget	1	51391
257.04	0.8	NonTarget	1	51408
257.44	0.8	NonTarget	1	51488
257.52	0.8	NonTarget	1	51504
257.605	0.8	NonTarget	1	51521
257.69	0.8	NonTarget	1	51538
257.775	0.8	NonTarget	1	51555
257.855	0.8	NonTarget	1	51571
257.94	0.8	NonTarget	1	51588
258.025	0.8	NonTarget	1	51605
258.105	0.8	NonTarget	1	51621
258.19	0.8	NonTarget	1	51638
258.275	0.8	NonTarget	1	51655
258.355	0.8	NonTarget	1	51671
258.44	0.8	NonTarget	1	51688
258.525	0.8	NonTarget	1	51705
258.605	0.8	NonTarget	1	51721
258.69	0.8	NonTarget	1	51738
258.775	0.8	NonTarget	1	51755
258.86	0.8	NonTarget	1	51772
258.945	0.8	NonTarget	1	51789
259.025	0.8	NonTarget	1	51805
259.11	0.8	NonTarget	1	51822
259.19	0.8	NonTarget	1	51838
259.275	0.8	NonTarget	1	51855
259.36	0.8	NonTarget	1	51872
259.44	0.8	NonTarget	1	51888
259.525	0.8	NonTarget	1	51905
259.61	0.8	NonTarget	1	51922
259.695	0.8	Target	2	51939
259.775	0.8	NonTarget	1	51955
259.86	0.8	NonTarget	1	51972
268.41	0.8	NonTarget	1	53682
268.49	0.8	NonTarget	1	53698
268.575	0.8	NonTarget	1	53715
268.655	0.8	NonTarget	1	53731
268.74	0.8	NonTarget	1	53748
268.825	0.8	NonTarget	1	53765
268.905	0.8	NonTarget	1	53781
268.99	0.8	NonTarget	1	53798
269.075	0.8	NonTarget	1	53815
269.155	0.8	NonTarget	1	53831
269.24	0.8	NonTarget	1	53848
269.325	0.8	NonTarget	1	53865
269.405	0.8	NonTarget	1	53881
269.49	0.8	NonTarget	1	53898
269.575	0.8	NonTarget	1	53915
269.66	0.8	NonTarget	1	53932
269.74	0.8	NonTarget	1	53948
269.825	0.8	NonTarget	1	53965
269.91	0.8	NonTarget	1	53982
269.99	0.8	NonTarget	1	53998
270.075	0.8	NonTarget	1	54015
270.16	0.8	NonTarget	1	54032
270.245	0.8	NonTarget	1	54049
270.325	0.8	NonTarget	1	54065
270.41	0.8	Target	2	54082
270.49	0.8	NonTarget	1	54098
270.575	0.8	NonTarget	1	54115
270.66	0.8	NonTarget	1	54132
270.745	0.8	NonTarget	1	54149
270.825	0.8	NonTarget	1	54165
271.225	0.8	NonTarget	1	54245
271.31	0.8	NonTarget	1	54262
271.395	0.8	NonTarget	1	54279
271.475	0.8	NonTarget	1	54295
271.56	0.8	NonTarget	1	54312
271.645	0.8	NonTarget	1	54329
271.725	0.8	NonTarget	1	54345
271.81	0.8	NonTarget	1	54362
271.895	0.8	NonTarget	1	54379
271.98	0.8	NonTarget	1	54396
272.06	0.8	NonTarget	1	54412
272.145	0.8	NonTarget	1	54429
272.23	0.8	NonTarget	1	54446
272.31	0.8	NonTarget	1	54462
272.395	0.8	NonTarget	1	54479
272.475	0.8	NonTarget	1	54495
272.56	0.8	NonTarget	1	54512
272.645	0.8	NonTarget	1	54529
272.73	0.8	NonTarget	1	54546
272.81	0.8	NonTarget	1	54562
272.895	0.8	NonTarget	1	54579
272.98	0.8	NonTarget	1	54596
273.06	0.8	NonTarget	1	54612
273.145	0.8	NonTarget	1	54629
273.23	0.8	NonTarget	1	54646
273.315	0.8	NonTarget	1	54663
273.395	0.8	NonTarget	1	54679
273.48	0.8	NonTarget	1	54696
273.565	0.8	NonTarget	1	54713
273.645	0.8	Target	2	54729
274.05	0.8	NonTarget	1	54810
274.13	0.8	NonTarget	1	54826
274.215	0.8	NonTarget	1	54843
274.3	0.8	NonTarget	1	54860
274.38	0.8	NonTarget	1	54876
274.465	0.8	NonTarget	1	54893
274.55	0.8	NonTarget	1	54910
274.63	0.8	NonTarget	1	54926
274.715	0.8	NonTarget	1	54943
274.8	0.8	Target	2	54960
274.88	0.8	NonTarget	1	54976
274.965	0.8	NonTarget	1	54993
275.05	0.8	NonTarget	1	55010
275.13	0.8	NonTarget	1	55026
275.215	0.8	NonTarget	1	55043
275.3	0.8	NonTarget	1	55060
275.38	0.8	NonTarget	1	55076
275.465	0.8	NonTarget	1	55093
275.55	0.8	NonTarget	1	55110
275.63	0.8	NonTarget	1	55126
275.715	0.8	NonTarget	1	55143
275.8	0.8	NonTarget	1	55160
275.885	0.8	NonTarget	1	55177
275.965	0.8	NonTarget	1	55193
276.05	0.8	NonTarget	1	55210
276.135	0.8	NonTarget	1	55227
276.215	0.8	NonTarget	1	55243
276.3	0.8	NonTarget	1	55260
276.385	0.8	NonTarget	1	55277
276.47	0.8	NonTarget	1	55294
276.865	0.8	NonTarget	1	55373
276.95	0.8	NonTarget	1	55390
277.035	0.8	NonTarget	1	55407
277.12	0.8	NonTarget	1	55424
277.2	0.8	NonTarget	1	55440
277.285	0.8	NonTarget	1	55457
277.37	0.8	NonTarget	1	55474
277.45	0.8	NonTarget	1	55490
277.535	0.8	NonTarget	1	55507
277.62	0.8	NonTarget	1	55524
277.705	0.8	NonTarget	1	55541
277.785	0.8	NonTarget	1	55557
277.87	0.8	NonTarget	1	55574
277.955	0.8	NonTarget	1	55591
278.035	0.8	NonTarget	1	55607
278.12	0.8	NonTarget	1	55624
278.2	0.8	NonTarget	1	55640
278.285	0.8	NonTarget	1	55657
278.37	0.8	NonTarget	1	55674
278.455	0.8	NonTarget	1	55691
278.535	0.8	NonTarget	1	55707
278.62	0.8	NonTarget	1	55724
278.705	0.8	NonTarget	1	55741
278.79	0.8	NonTarget	1	55758
278.87	0.8	NonTarget	1	55774
278.955	0.8	NonTarget	1	55791
279.04	0.8	NonTarget	1	55808
279.12	0.8	NonTarget	1	55824
279.205	0.8	NonTarget	1	55841
279.29	0.8	Target	2	55858
279.69	0.8	NonTarget	1	55938
279.77	0.8	NonTarget	1	55954
279.855	0.8	NonTarget	1	55971
279.94	0.8	NonTarget	1	55988
280.025	0.8	Target	2	56005
280.105	0.8	NonTarget	1	56021
280.19	0.8	NonTarget	1	56038
280.275	0.8	NonTarget	1	56055
280.355	0.8	NonTarget	1	56071
280.44	0.8	NonTarget	1	56088
280.52	0.8	NonTarget	1	56104
280.605	0.8	NonTarget	1	56121
280.69	0.8	NonTarget	1	56138
280.775	0.8	NonTarget	1	56155
280.855	0.8	NonTarget	1	56171
280.94	0.8	NonTarget	1	56188
281.025	0.8	NonTarget	1	56205
281.11	0.8	NonTarget	1	56222
281.19	0.8	NonTarget	1	56238
281.275	0.8	NonTarget	1	56255
281.355	0.8	NonTarget	1	56271
281.44	0.8	NonTarget	1	56288
281.525	0.8	NonTarget	1	56305
281.61	0.8	NonTarget	1	56322
281.69	0.8	NonTarget	1	56338
281.775	0.8	NonTarget	1	56355
281.86	0.8	NonTarget	1	56372
281.94	0.8	NonTarget	1	56388
282.025	0.8	NonTarget	1	56405
282.11	0.8	NonTarget	1	56422
282.51	0.8	NonTarget	1	56502
282.595	0.8	NonTarget	1	56519
282.675	0.8	NonTarget	1	56535
282.76	0.8	NonTarget	1	56552
282.845	0.8	NonTarget	1	56569
282.925	0.8	NonTarget	1	56585
283.01	0.8	NonTarget	1	56602
283.095	0.8	NonTarget	1	56619
283.175	0.8	NonTarget	1	56635
283.26	0.8	NonTarget	1	56652
283.345	0.8	NonTarget	1	56669
283.425	0.8	NonTarget	1	56685
283.51	0.8	NonTarget	1	56702
283.595	0.8	NonTarget	1	56719
283.68	0.8	Target	2	56736
283.76	0.8	NonTarget	1	56752
283.845	0.8	NonTarget	1	56769
283.93	0.8	NonTarget	1	56786
284.01	0.8	NonTarget	1	56802
284.095	0.8	NonTarget	1	56819
284.18	0.8	NonTarget	1	56836
284.26	0.8	NonTarget	1	56852
284.345	0.8	NonTarget	1	56869
284.43	0.8	NonTarget	1	56886
284.51	0.8	NonTarget	1	56902
284.595	0.8	NonTarget	1	56919
284.68	0.8	NonTarget	1	56936
284.76	0.8	NonTarget	1	56952
284.845	0.8	NonTarget	1	56969
284.93	0.8	NonTarget	1	56986
285.33	0.8	NonTarget	1	57066
285.415	0.8	NonTarget	1	57083
285.495	0.8	NonTarget	1	57099
285.58	0.8	NonTarget	1	57116
285.665	0.8	NonTarget	1	57133
285.745	0.8	NonTarget	1	57149
285.83	0.8	NonTarget	1	57166
285.915	0.8	NonTarget	1	57183
285.995	0.8	NonTarget	1	57199
286.08	0.8	NonTarget	1	57216
286.165	0.8	NonTarget	1	57233
286.25	0.8	NonTarget	1	57250
286.33	0.8	NonTarget	1	57266
286.415	0.8	NonTarget	1	57283
286.5	0.8	NonTarget	1	57300
286.58	0.8	NonTarget	1	57316
286.665	0.8	NonTarget	1	57333
286.75	0.8	NonTarget	1	57350
286.83	0.8	NonTarget	1	57366
286.915	0.8	NonTarget	1	57383
287.0	0.8	NonTarget	1	57400
287.08	0.8	NonTarget	1	57416
287.165	0.8	NonTarget	1	57433
287.25	0.8	NonTarget	1	57450
287.335	0.8	NonTarget	1	57467
287.415	0.8	NonTarget	1	57483
287.5	0.8	NonTarget	1	57500
287.585	0.8	NonTarget	1	57517
287.665	0.8	NonTarget	1	57533
287.75	0.8	Target	2	57550
288.15	0.8	NonTarget	1	57630
288.235	0.8	NonTarget	1	57647
288.315	0.8	NonTarget	1	57663
288.4	0.8	NonTarget	1	57680
288.485	0.8	Target	2	57697
288.565	0.8	NonTarget	1	57713
288.65	0.8	NonTarget	1	57730
288.735	0.8	NonTarget	1	57747
288.82	0.8	NonTarget	1	57764
288.9	0.8	NonTarget	1	57780
288.985	0.8	NonTarget	1	57797
289.07	0.8	NonTarget	1	57814
289.15	0.8	NonTarget	1	57830
289.235	0.8	NonTarget	1	57847
289.32	0.8	NonTarget	1	57864
289.405	0.8	NonTarget	1	57881
289.485	0.8	NonTarget	1	57897
289.57	0.8	NonTarget	1	57914
289.655	0.8	NonTarget	1	57931
289.735	0.8	NonTarget	1	57947
289.82	0.8	NonTarget	1	57964
289.905	0.8	NonTarget	1	57981
289.99	0.8	NonTarget	1	57998
290.07	0.8	NonTarget	1	58014
290.155	0.8	NonTarget	1	58031
290.235	0.8	NonTarget	1	58047
290.32	0.8	NonTarget	1	58064
290.405	0.8	NonTarget	1	58081
290.49	0.8	NonTarget	1	58098
290.57	0.8	NonTarget	1	58114
290.97	0.8	NonTarget	1	58194
291.055	0.8	NonTarget	1	58211
291.14	0.8	NonTarget	1	58228
291.225	0.8	NonTarget	1	58245
291.305	0.8	NonTarget	1	58261
291.39	0.8	NonTarget	1	58278
291.475	0.8	NonTarget	1	58295
291.555	0.8	NonTarget	1	58311
291.64	0.8	NonTarget	1	58328
291.72	0.8	NonTarget	1	58344
291.805	0.8	NonTarget	1	58361
291.89	0.8	NonTarget	1	58378
291.975	0.8	NonTarget	1	58395
292.06	0.8	NonTarget	1	58412
292.14	0.8	NonTarget	1	58428
292.225	0.8	NonTarget	1	58445
292.305	0.8	NonTarget	1	58461
292.39	0.8	NonTarget	1	58478
292.475	0.8	NonTarget	1	58495
292.555	0.8	NonTarget	1	58511
292.64	0.8	NonTarget	1	58528
292.725	0.8	NonTarget	1	58545
292.81	0.8	NonTarget	1	58562
292.89	0.8	NonTarget	1	58578
292.975	0.8	Target	2	58595
293.06	0.8	NonTarget	1	58612
293.14	0.8	NonTarget	1	58628
293.225	0.8	NonTarget	1	58645
293.31	0.8	NonTarget	1	58662
293.39	0.8	NonTarget	1	58678
293.79	0.8	NonTarget	1	58758
293.875	0.8	NonTarget	1	58775
293.96	0.8	NonTarget	1	58792
294.045	0.8	NonTarget	1	58809
294.125	0.8	NonTarget	1	58825
294.21	0.8	NonTarget	1	58842
294.295	0.8	NonTarget	1	58859
294.375	0.8	NonTarget	1	58875
294.46	0.8	NonTarget	1	58892
294.545	0.8	NonTarget	1	58909
294.625	0.8	NonTarget	1	58925
294.71	0.8	NonTarget	1	58942
294.79	0.8	NonTarget	1	58958
294.875	0.8	NonTarget	1	58975
294.96	0.8	NonTarget	1	58992
295.045	0.8	NonTarget	1	59009
295.125	0.8	NonTarget	1	59025
295.21	0.8	NonTarget	1	59042
295.295	0.8	NonTarget	1	59059
295.38	0.8	Target	2	59076
295.46	0.8	NonTarget	1	59092
295.545	0.8	NonTarget	1	59109
295.63	0.8	NonTarget	1	59126
295.71	0.8	NonTarget	1	59142
295.795	0.8	NonTarget	1	59159
295.88	0.8	NonTarget	1	59176
295.96	0.8	NonTarget	1	59192
296.045	0.8	NonTarget	1	59209
296.13	0.8	NonTarget	1	59226
296.21	0.8	NonTarget	1	59242
304.78	0.8	NonTarget	1	60956
304.86	0.8	NonTarget	1	60972
304.94	0.8	NonTarget	1	60988
305.025	0.8	NonTarget	1	61005
305.11	0.8	NonTarget	1	61022
305.19	0.8	NonTarget	1	61038
305.275	0.8	NonTarget	1	61055
305.36	0.8	NonTarget	1	61072
305.44	0.8	NonTarget	1	61088
305.525	0.8	NonTarget	1	61105
305.61	0.8	NonTarget	1	61122
305.69	0.8	NonTarget	1	61138
305.775	0.8	NonTarget	1	61155
305.86	0.8	NonTarget	1	61172
305.945	0.8	NonTarget	1	61189
306.025	0.8	NonTarget	1	61205
306.11	0.8	NonTarget	1	61222
306.195	0.8	NonTarget	1	61239
306.275	0.8	Target	2	61255
306.36	0.8	NonTarget	1	61272
306.44	0.8	NonTarget	1	61288
306.525	0.8	NonTarget	1	61305
306.61	0.8	NonTarget	1	61322
306.695	0.8	NonTarget	1	61339
306.775	0.8	NonTarget	1	61355
306.86	0.8	NonTarget	1	61372
306.945	0.8	NonTarget	1	61389
307.03	0.8	NonTarget	1	61406
307.11	0.8	NonTarget	1	61422
307.195	0.8	NonTarget	1	61439
307.595	0.8	NonTarget	1	61519
307.68	0.8	NonTarget	1	61536
307.765	0.8	NonTarget	1	61553
307.845	0.8	NonTarget	1	61569
307.93	0.8	NonTarget	1	61586
308.015	0.8	NonTarget	1	61603
308.095	0.8	NonTarget	1	61619
308.18	0.8	NonTarget	1	61636
308.265	0.8	Target	2	61653
308.345	0.8	NonTarget	1	61669
308.43	0.8	NonTarget	1	61686
308.515	0.8	NonTarget	1	61703
308.595	0.8	NonTarget	1	61719
308.68	0.8	NonTarget	1	61736
308.76	0.8	NonTarget	1	61752
308.845	0.8	NonTarget	1	61769
308.93	0.8	NonTarget	1	61786
309.015	0.8	NonTarget	1	61803
309.095	0.8	NonTarget	1	61819
309.18	0.8	NonTarget	1	61836
309.265	0.8	NonTarget	1	61853
309.35	0.8	NonTarget	1	61870
309.43	0.8	NonTarget	1	61886
309.515	0.8	NonTarget	1	61903
309.595	0.8	NonTarget	1	61919
309.68	0.8	NonTarget	1	61936
309.765	0.8	NonTarget	1	61953
309.85	0.8	NonTarget	1	61970
309.93	0.8	NonTarget	1	61986
310.015	0.8	NonTarget	1	62003
310.415	0.8	NonTarget	1	62083
310.5	0.8	NonTarget	1	62100
310.585	0.8	NonTarget	1	62117
310.665	0.8	NonTarget	1	62133
310.75	0.8	NonTarget	1	62150
310.835	0.8	NonTarget	1	62167
310.915	0.8	NonTarget	1	62183
311.0	0.8	NonTarget	1	62200
311.085	0.8	NonTarget	1	62217
311.165	0.8	NonTarget	1	62233
311.25	0.8	NonTarget	1	62250
311.335	0.8	NonTarget	1	62267
311.42	0.8	NonTarget	1	62284
311.5	0.8	NonTarget	1	62300
311.585	0.8	NonTarget	1	62317
311.665	0.8	NonTarget	1	62333
311.75	0.8	NonTarget	1	62350
311.835	0.8	NonTarget	1	62367
311.92	0.8	NonTarget	1	62384
312.0	0.8	NonTarget	1	62400
312.085	0.8	NonTarget	1	62417
312.165	0.8	NonTarget	1	62433
312.25	0.8	NonTarget	1	62450
312.335	0.8	Target	2	62467
312.42	0.8	NonTarget	1	62484
312.5	0.8	NonTarget	1	62500
312.585	0.8	NonTarget	1	62517
312.67	0.8	NonTarget	1	62534
312.75	0.8	NonTarget	1	62550
312.835	0.8	NonTarget	1	62567
313.235	0.8	NonTarget	1	62647
313.32	0.8	NonTarget	1	62664
313.405	0.8	NonTarget	1	62681
313.485	0.8	NonTarget	1	62697
313.57	0.8	NonTarget	1	62714
313.655	0.8	NonTarget	1	62731
313.735	0.8	NonTarget	1	62747
313.82	0.8	NonTarget	1	62764
313.905	0.8	Target	2	62781
313.99	0.8	NonTarget	1	62798
314.07	0.8	NonTarget	1	62814
314.155	0.8	NonTarget	1	62831
314.235	0.8	NonTarget	1	62847
314.32	0.8	NonTarget	1	62864
314.405	0.8	NonTarget	1	62881
314.49	0.8	NonTarget	1	62898
314.57	0.8	NonTarget	1	62914
314.655	0.8	NonTarget	1	62931
314.74	0.8	NonTarget	1	62948
314.82	0.8	NonTarget	1	62964
314.905	0.8	NonTarget	1	62981
314.99	0.8	NonTarget	1	62998
315.07	0.8	NonTarget	1	63014
315.155	0.8	NonTarget	1	63031
315.24	0.8	NonTarget	1	63048
315.325	0.8	NonTarget	1	63065
315.405	0.8	NonTarget	1	63081
315.49	0.8	NonTarget	1	63098
315.575	0.8	NonTarget	1	63115
315.655	0.8	NonTarget	1	63131
316.055	0.8	NonTarget	1	63211
316.14	0.8	NonTarget	1	63228
316.225	0.8	NonTarget	1	63245
316.31	0.8	NonTarget	1	63262
316.39	0.8	NonTarget	1	63278
316.475	0.8	NonTarget	1	63295
316.56	0.8	NonTarget	1	63312
316.64	0.8	NonTarget	1	63328
316.725	0.8	NonTarget	1	63345
316.81	0.8	NonTarget	1	63362
316.89	0.8	NonTarget	1	63378
316.975	0.8	NonTarget	1	63395
317.06	0.8	NonTarget	1	63412
317.14	0.8	NonTarget	1	63428
317.225	0.8	NonTarget	1	63445
317.31	0.8	NonTarget	1	63462
317.39	0.8	NonTarget	1	63478
317.475	0.8	NonTarget	1	63495
317.56	0.8	NonTarget	1	63512
317.645	0.8	NonTarget	1	63529
317.725	0.8	NonTarget	1	63545
317.81	0.8	NonTarget	1	63562
317.895	0.8	NonTarget	1	63579
317.975	0.8	NonTarget	1	63595
318.06	0.8	NonTarget	1	63612
318.145	0.8	NonTarget	1	63629
318.225	0.8	NonTarget	1	63645
318.31	0.8	NonTarget	1	63662
318.395	0.8	Target	2	63679
318.475	0.8	NonTarget	1	63695
318.875	0.8	NonTarget	1	63775
318.96	0.8	NonTarget	1	63792
319.045	0.8	NonTarget	1	63809
319.13	0.8	NonTarget	1	63826
319.21	0.8	NonTarget	1	63842
319.295	0.8	NonTarget	1	63859
319.38	0.8	NonTarget	1	63876
319.46	0.8	NonTarget	1	63892
319.545	0.8	Target	2	63909
319.63	0.8	NonTarget	1	63926
319.71	0.8	NonTarget	1	63942
319.795	0.8	NonTarget	1	63959
319.88	0.8	NonTarget	1	63976
319.96	0.8	NonTarget	1	63992
320.045	0.8	NonTarget	1	64009
320.13	0.8	NonTarget	1	64026
320.21	0.8	NonTarget	1	64042
320.295	0.8	NonTarget	1	64059
320.38	0.8	NonTarget	1	64076
320.465	0.8	NonTarget	1	64093
320.545	0.8	NonTarget	1	64109
320.63	0.8	NonTarget	1	64126
320.715	0.8	NonTarget	1	64143
320.795	0.8	NonTarget	1	64159
320.88	0.8	NonTarget	1	64176
320.965	0.8	NonTarget	1	64193
321.045	0.8	NonTarget	1	64209
321.13	0.8	NonTarget	1	64226
321.215	0.8	NonTarget	1	64243
321.3	0.8	NonTarget	1	64260
321.7	0.8	NonTarget	1	64340
321.78	0.8	NonTarget	1	64356
321.865	0.8	NonTarget	1	64373
321.95	0.8	NonTarget	1	64390
322.03	0.8	NonTarget	1	64406
322.115	0.8	NonTarget	1	64423
322.2	0.8	NonTarget	1	64440
322.28	0.8	NonTarget	1	64456
322.365	0.8	NonTarget	1	64473
322.45	0.8	NonTarget	1	64490
322.535	0.8	NonTarget	1	64507
322.615	0.8	NonTarget	1	64523
322.7	0.8	NonTarget	1	64540
322.785	0.8	NonTarget	1	64557
322.865	0.8	NonTarget	1	64573
322.95	0.8	NonTarget	1	64590
323.035	0.8	NonTarget	1	64607
323.115	0.8	NonTarget	1	64623
323.2	0.8	Target	2	64640
323.285	0.8	NonTarget	1	64657
323.365	0.8	NonTarget	1	64673
323.45	0.8	NonTarget	1	64690
323.535	0.8	NonTarget	1	64707
323.62	0.8	NonTarget	1	64724
323.7	0.8	NonTarget	1	64740
323.785	0.8	NonTarget	1	64757
323.87	0.8	NonTarget	1	64774
323.95	0.8	NonTarget	1	64790
324.035	0.8	NonTarget	1	64807
324.12	0.8	NonTarget	1	64824
324.52	0.8	NonTarget	1	64904
324.6	0.8	NonTarget	1	64920
324.685	0.8	NonTarget	1	64937
324.77	0.8	NonTarget	1	64954
324.85	0.8	NonTarget	1	64970
324.935	0.8	NonTarget	1	64987
325.02	0.8	NonTarget	1	65004
325.105	0.8	NonTarget	1	65021
325.19	0.8	Target	2	65038
325.27	0.8	NonTarget	1	65054
325.355	0.8	NonTarget	1	65071
325.435	0.8	NonTarget	1	65087
325.52	0.8	NonTarget	1	65104
325.605	0.8	NonTarget	1	65121
325.69	0.8	NonTarget	1	65138
325.77	0.8	NonTarget	1	65154
325.855	0.8	NonTarget	1	65171
325.94	0.8	NonTarget	1	65188
326.02	0.8	NonTarget	1	65204
326.105	0.8	NonTarget	1	65221
326.19	0.8	NonTarget	1	65238
326.27	0.8	NonTarget	1	65254
326.355	0.8	NonTarget	1	65271
326.44	0.8	NonTarget	1	65288
326.52	0.8	NonTarget	1	65304
326.605	0.8	NonTarget	1	65321
326.685	0.8	NonTarget	1	65337
326.77	0.8	NonTarget	1	65354
326.855	0.8	NonTarget	1	65371
326.94	0.8	NonTarget	1	65388
327.34	0.8	NonTarget	1	65468
327.425	0.8	NonTarget	1	65485
327.505	0.8	NonTarget	1	65501
327.59	0.8	NonTarget	1	65518
327.675	0.8	NonTarget	1	65535
327.755	0.8	NonTarget	1	65551
327.84	0.8	NonTarget	1	65568
327.925	0.8	NonTarget	1	65585
328.005	0.8	NonTarget	1	65601
328.09	0.8	NonTarget	1	65618
328.175	0.8	NonTarget	1	65635
328.26	0.8	NonTarget	1	65652
328.34	0.8	NonTarget	1	65668
328.425	0.8	Target	2	65685
328.51	0.8	NonTarget	1	65702
328.59	0.8	NonTarget	1	65718
328.675	0.8	NonTarget	1	65735
328.76	0.8	NonTarget	1	65752
328.84	0.8	NonTarget	1	65768
328.925	0.8	NonTarget	1	65785
329.01	0.8	NonTarget	1	65802
329.09	0.8	NonTarget	1	65818
329.175	0.8	NonTarget	1	65835
329.26	0.8	NonTarget	1	65852
329.34	0.8	NonTarget	1	65868
329.425	0.8	NonTarget	1	65885
329.51	0.8	NonTarget	1	65902
329.595	0.8	NonTarget	1	65919
329.675	0.8	NonTarget	1	65935
329.76	0.8	NonTarget	1	65952
330.16	0.8	NonTarget	1	66032
330.245	0.8	NonTarget	1	66049
330.33	0.8	NonTarget	1	66066
330.41	0.8	NonTarget	1	66082
330.495	0.8	NonTarget	1	66099
330.58	0.8	NonTarget	1	66116
330.66	0.8	NonTarget	1	66132
330.745	0.8	NonTarget	1	66149
330.83	0.8	NonTarget	1	66166
330.91	0.8	NonTarget	1	66182
330.995	0.8	NonTarget	1	66199
331.08	0.8	NonTarget	1	66216
331.16	0.8	NonTarget	1	66232
331.245	0.8	NonTarget	1	66249
331.33	0.8	NonTarget	1	66266
331.41	0.8	NonTarget	1	66282
331.495	0.8	NonTarget	1	66299
331.58	0.8	NonTarget	1	66316
331.665	0.8	NonTarget	1	66333
331.745	0.8	NonTarget	1	66349
331.83	0.8	NonTarget	1	66366
331.915	0.8	NonTarget	1	66383
331.995	0.8	NonTarget	1	66399
332.08	0.8	NonTarget	1	66416
332.16	0.8	NonTarget	1	66432
332.245	0.8	NonTarget	1	66449
332.33	0.8	NonTarget	1	66466
332.41	0.8	NonTarget	1	66482
332.5	0.8	Target	2	66500
332.58	0.8	NonTarget	1	66516
341.13	0.8	NonTarget	1	68226
341.21	0.8	NonTarget	1	68242
341.295	0.8	NonTarget	1	68259
341.375	0.8	NonTarget	1	68275
341.46	0.8	NonTarget	1	68292
341.545	0.8	NonTarget	1	68309
341.625	0.8	NonTarget	1	68325
341.71	0.8	NonTarget	1	68342
341.795	0.8	NonTarget	1	68359
341.875	0.8	NonTarget	1	68375
341.96	0.8	NonTarget	1	68392
342.045	0.8	Target	2	68409
342.13	0.8	NonTarget	1	68426
342.21	0.8	NonTarget	1	68442
342.295	0.8	NonTarget	1	68459
342.38	0.8	NonTarget	1	68476
342.46	0.8	NonTarget	1	68492
342.545	0.8	NonTarget	1	68509
342.63	0.8	NonTarget	1	68526
342.71	0.8	NonTarget	1	68542
342.795	0.8	NonTarget	1	68559
342.88	0.8	NonTarget	1	68576
342.96	0.8	NonTarget	1	68592
343.045	0.8	NonTarget	1	68609
343.13	0.8	NonTarget	1	68626
343.21	0.8	NonTarget	1	68642
343.295	0.8	NonTarget	1	68659
343.38	0.8	NonTarget	1	68676
343.465	0.8	NonTarget	1	68693
343.545	0.8	NonTarget	1	68709
343.965	0.8	NonTarget	1	68793
344.045	0.8	NonTarget	1	68809
344.13	0.8	NonTarget	1	68826
344.215	0.8	NonTarget	1	68843
344.295	0.8	NonTarget	1	68859
344.38	0.8	NonTarget	1	68876
344.465	0.8	NonTarget	1	68893
344.55	0.8	NonTarget	1	68910
344.63	0.8	NonTarget	1	68926
344.715	0.8	NonTarget	1	68943
344.8	0.8	NonTarget	1	68960
344.88	0.8	NonTarget	1	68976
344.965	0.8	NonTarget	1	68993
345.05	0.8	NonTarget	1	69010
345.13	0.8	NonTarget	1	69026
345.215	0.8	NonTarget	1	69043
345.3	0.8	Target	2	69060
345.38	0.8	NonTarget	1	69076
345.465	0.8	NonTarget	1	69093
345.55	0.8	NonTarget	1	69110
345.635	0.8	NonTarget	1	69127
345.715	0.8	NonTarget	1	69143
345.8	0.8	NonTarget	1	69160
345.88	0.8	NonTarget	1	69176
345.965	0.8	NonTarget	1	69193
346.05	0.8	NonTarget	1	69210
346.135	0.8	NonTarget	1	69227
346.215	0.8	NonTarget	1	69243
346.3	0.8	NonTarget	1	69260
346.385	0.8	NonTarget	1	69277
346.78	0.8	NonTarget	1	69356
346.87	0.8	NonTarget	1	69374
346.95	0.8	NonTarget	1	69390
347.035	0.8	NonTarget	1	69407
347.115	0.8	NonTarget	1	69423
347.2	0.8	NonTarget	1	69440
347.285	0.8	NonTarget	1	69457
347.365	0.8	NonTarget	1	69473
347.45	0.8	NonTarget	1	69490
347.535	0.8	NonTarget	1	69507
347.62	0.8	NonTarget	1	69524
347.7	0.8	NonTarget	1	69540
347.785	0.8	NonTarget	1	69557
347.87	0.8	NonTarget	1	69574
347.95	0.8	NonTarget	1	69590
348.035	0.8	NonTarget	1	69607
348.12	0.8	NonTarget	1	69624
348.2	0.8	NonTarget	1	69640
348.285	0.8	NonTarget	1	69657
348.37	0.8	NonTarget	1	69674
348.455	0.8	NonTarget	1	69691
348.535	0.8	NonTarget	1	69707
348.62	0.8	NonTarget	1	69724
348.705	0.8	NonTarget	1	69741
348.785	0.8	NonTarget	1	69757
348.87	0.8	NonTarget	1	69774
348.955	0.8	Target	2	69791
349.04	0.8	NonTarget	1	69808
349.12	0.8	NonTarget	1	69824
349.205	0.8	NonTarget	1	69841
349.605	0.8	NonTarget	1	69921
349.69	0.8	NonTarget	1	69938
349.77	0.8	NonTarget	1	69954
349.855	0.8	NonTarget	1	69971
349.94	0.8	NonTarget	1	69988
350.025	0.8	NonTarget	1	70005
350.105	0.8	NonTarget	1	70021
350.19	0.8	NonTarget	1	70038
350.27	0.8	NonTarget	1	70054
350.355	0.8	NonTarget	1	70071
350.44	0.8	NonTarget	1	70088
350.52	0.8	Target	2	70104
350.605	0.8	NonTarget	1	70121
350.69	0.8	NonTarget	1	70138
350.77	0.8	NonTarget	1	70154
350.855	0.8	NonTarget	1	70171
350.94	0.8	NonTarget	1	70188
351.025	0.8	NonTarget	1	70205
351.11	0.8	NonTarget	1	70222
351.19	0.8	NonTarget	1	70238
351.275	0.8	NonTarget	1	70255
351.355	0.8	NonTarget	1	70271
351.44	0.8	NonTarget	1	70288
351.525	0.8	NonTarget	1	70305
351.605	0.8	NonTarget	1	70321
351.69	0.8	NonTarget	1	70338
351.775	0.8	NonTarget	1	70355
351.86	0.8	NonTarget	1	70372
351.94	0.8	NonTarget	1	70388
352.025	0.8	NonTarget	1	70405
352.425	0.8	NonTarget	1	70485
352.51	0.8	Target	2	70502
352.59	0.8	NonTarget	1	70518
352.675	0.8	NonTarget	1	70535
352.76	0.8	NonTarget	1	70552
352.84	0.8	NonTarget	1	70568
352.925	0.8	NonTarget	1	70585
353.01	0.8	NonTarget	1	70602
353.095	0.8	NonTarget	1	70619
353.175	0.8	NonTarget	1	70635
353.26	0.8	NonTarget	1	70652
353.345	0.8	NonTarget	1	70669
353.425	0.8	NonTarget	1	70685
353.51	0.8	NonTarget	1	70702
353.595	0.8	NonTarget	1	70719
353.675	0.8	NonTarget	1	70735
353.76	0.8	NonTarget	1	70752
353.84	0.8	NonTarget	1	70768
353.925	0.8	NonTarget	1	70785
354.01	0.8	NonTarget	1	70802
354.095	0.8	NonTarget	1	70819
354.18	0.8	NonTarget	1	70836
354.26	0.8	NonTarget	1	70852
354.345	0.8	NonTarget	1	70869
354.43	0.8	NonTarget	1	70886
354.51	0.8	NonTarget	1	70902
354.595	0.8	NonTarget	1	70919
354.68	0.8	NonTarget	1	70936
354.76	0.8	NonTarget	1	70952
354.845	0.8	NonTarget	1	70969
355.245	0.8	NonTarget	1	71049
355.33	0.8	NonTarget	1	71066
355.415	0.8	NonTarget	1	71083
355.495	0.8	NonTarget	1	71099
355.58	0.8	NonTarget	1	71116
355.665	0.8	NonTarget	1	71133
355.745	0.8	NonTarget	1	71149
355.83	0.8	NonTarget	1	71166
355.915	0.8	NonTarget	1	71183
355.995	0.8	NonTarget	1	71199
356.08	0.8	NonTarget	1	71216
356.165	0.8	NonTarget	1	71233
356.245	0.8	NonTarget	1	71249
356.33	0.8	NonTarget	1	71266
356.415	0.8	NonTarget	1	71283
356.495	0.8	NonTarget	1	71299
356.58	0.8	NonTarget	1	71316
356.665	0.8	NonTarget	1	71333
356.75	0.8	NonTarget	1	71350
356.83	0.8	NonTarget	1	71366
356.915	0.8	NonTarget	1	71383
357.0	0.8	Target	2	71400
357.08	0.8	NonTarget	1	71416
357.165	0.8	NonTarget	1	71433
357.25	0.8	NonTarget	1	71450
357.33	0.8	NonTarget	1	71466
357.415	0.8	NonTarget	1	71483
357.5	0.8	NonTarget	1	71500
357.585	0.8	NonTarget	1	71517
357.665	0.8	NonTarget	1	71533
358.065	0.8	NonTarget	1	71613
358.15	0.8	NonTarget	1	71630
358.235	0.8	NonTarget	1	71647
358.315	0.8	NonTarget	1	71663
358.4	0.8	NonTarget	1	71680
358.485	0.8	NonTarget	1	71697
358.565	0.8	NonTarget	1	71713
358.65	0.8	NonTarget	1	71730
358.735	0.8	NonTarget	1	71747
358.82	0.8	NonTarget	1	71764
358.9	0.8	NonTarget	1	71780
358.985	0.8	NonTarget	1	71797
359.07	0.8	NonTarget	1	71814
359.15	0.8	NonTarget	1	71830
359.235	0.8	NonTarget	1	71847
359.32	0.8	NonTarget	1	71864
359.4	0.8	NonTarget	1	71880
359.485	0.8	NonTarget	1	71897
359.57	0.8	NonTarget	1	71914
359.655	0.8	NonTarget	1	71931
359.735	0.8	NonTarget	1	71947
359.82	0.8	Target	2	71964
359.9	0.8	NonTarget	1	71980
359.985	0.8	NonTarget	1	71997
360.07	0.8	NonTarget	1	72014
360.15	0.8	NonTarget	1	72030
360.235	0.8	NonTarget	1	72047
360.32	0.8	NonTarget	1	72064
360.405	0.8	NonTarget	1	72081
360.485	0.8	NonTarget	1	72097
360.885	0.8	NonTarget	1	72177
360.97	0.8	NonTarget	1	72194
361.055	0.8	NonTarget	1	72211
361.14	0.8	NonTarget	1	72228
361.22	0.8	NonTarget	1	72244
361.305	0.8	NonTarget	1	72261
361.385	0.8	NonTarget	1	72277
361.47	0.8	NonTarget	1	72294
361.555	0.8	NonTarget	1	72311
361.64	0.8	NonTarget	1	72328
361.72	0.8	NonTarget	1	72344
361.805	0.8	Target	2	72361
361.89	0.8	NonTarget	1	72378
361.97	0.8	NonTarget	1	72394
362.055	0.8	NonTarget	1	72411
362.14	0.8	NonTarget	1	72428
362.225	0.8	NonTarget	1	72445
362.305	0.8	NonTarget	1	72461
362.39	0.8	NonTarget	1	72478
362.47	0.8	NonTarget	1	72494
362.555	0.8	NonTarget	1	72511
362.64	0.8	NonTarget	1	72528
362.72	0.8	NonTarget	1	72544
362.805	0.8	NonTarget	1	72561
362.89	0.8	NonTarget	1	72578
362.975	0.8	NonTarget	1	72595
363.055	0.8	NonTarget	1	72611
363.14	0.8	NonTarget	1	72628
363.225	0.8	NonTarget	1	72645
363.31	0.8	NonTarget	1	72662
363.71	0.8	NonTarget	1	72742
363.79	0.8	NonTarget	1	72758
363.875	0.8	NonTarget	1	72775
363.96	0.8	NonTarget	1	72792
364.04	0.8	NonTarget	1	72808
364.125	0.8	NonTarget	1	72825
364.21	0.8	NonTarget	1	72842
364.295	0.8	NonTarget	1	72859
364.375	0.8	NonTarget	1	72875
364.46	0.8	NonTarget	1	72892
364.545	0.8	NonTarget	1	72909
364.625	0.8	NonTarget	1	72925
364.71	0.8	NonTarget	1	72942
364.79	0.8	NonTarget	1	72958
364.875	0.8	NonTarget	1	72975
364.96	0.8	NonTarget	1	72992
365.045	0.8	Target	2	73009
365.125	0.8	NonTarget	1	73025
365.21	0.8	NonTarget	1	73042
365.295	0.8	NonTarget	1	73059
365.375	0.8	NonTarget	1	73075
365.46	0.8	NonTarget	1	73092
365.545	0.8	NonTarget	1	73109
365.63	0.8	NonTarget	1	73126
365.71	0.8	NonTarget	1	73142
365.795	0.8	NonTarget	1	73159
365.875	0.8	NonTarget	1	73175
365.96	0.8	NonTarget	1	73192
366.045	0.8	NonTarget	1	73209
366.13	0.8	NonTarget	1	73226
366.525	0.8	NonTarget	1	73305
366.61	0.8	Target	2	73322
366.695	0.8	NonTarget	1	73339
366.78	0.8	NonTarget	1	73356
366.865	0.8	NonTarget	1	73373
366.945	0.8	NonTarget	1	73389
367.03	0.8	NonTarget	1	73406
367.11	0.8	NonTarget	1	73422
367.195	0.8	NonTarget	1	73439
367.28	0.8	NonTarget	1	73456
367.365	0.8	NonTarget	1	73473
367.445	0.8	NonTarget	1	73489
367.53	0.8	NonTarget	1	73506
367.615	0.8	NonTarget	1	73523
367.695	0.8	NonTarget	1	73539
367.78	0.8	NonTarget	1	73556
367.865	0.8	NonTarget	1	73573
367.945	0.8	NonTarget	1	73589
368.03	0.8	NonTarget	1	73606
368.115	0.8	NonTarget	1	73623
368.195	0.8	NonTarget	1	73639
368.28	0.8	NonTarget	1	73656
368.365	0.8	NonTarget	1	73673
368.45	0.8	NonTarget	1	73690
368.53	0.8	NonTarget	1	73706
368.615	0.8	NonTarget	1	73723
368.7	0.8	NonTarget	1	73740
368.78	0.8	NonTarget	1	73756
368.865	0.8	NonTarget	1	73773
368.95	0.8	NonTarget	1	73790
377.5	0.8	NonTarget	1	75500
377.58	0.8	NonTarget	1	75516
377.66	0.8	NonTarget	1	75532
377.745	0.8	NonTarget	1	75549
377.83	0.8	NonTarget	1	75566
377.91	0.8	NonTarget	1	75582
377.995	0.8	NonTarget	1	75599
378.075	0.8	NonTarget	1	75615
378.16	0.8	NonTarget	1	75632
378.245	0.8	NonTarget	1	75649
378.33	0.8	NonTarget	1	75666
378.415	0.8	NonTarget	1	75683
378.495	0.8	NonTarget	1	75699
378.58	0.8	NonTarget	1	75716
378.66	0.8	NonTarget	1	75732
378.745	0.8	NonTarget	1	75749
378.83	0.8	NonTarget	1	75766
378.915	0.8	NonTarget	1	75783
378.995	0.8	NonTarget	1	75799
379.08	0.8	NonTarget	1	75816
379.165	0.8	NonTarget	1	75833
379.245	0.8	NonTarget	1	75849
379.33	0.8	NonTarget	1	75866
379.415	0.8	NonTarget	1	75883
379.495	0.8	NonTarget	1	75899
379.58	0.8	NonTarget	1	75916
379.665	0.8	Target	2	75933
379.75	0.8	NonTarget	1	75950
379.83	0.8	NonTarget	1	75966
379.915	0.8	NonTarget	1	75983
380.315	0.8	NonTarget	1	76063
380.4	0.8	NonTarget	1	76080
380.48	0.8	NonTarget	1	76096
380.565	0.8	NonTarget	1	76113
380.65	0.8	NonTarget	1	76130
380.73	0.8	NonTarget	1	76146
380.815	0.8	NonTarget	1	76163
380.9	0.8	NonTarget	1	76180
380.985	0.8	NonTarget	1	76197
381.065	0.8	NonTarget	1	76213
381.15	0.8	NonTarget	1	76230
381.235	0.8	Target	2	76247
381.315	0.8	NonTarget	1	76263
381.4	0.8	NonTarget	1	76280
381.48	0.8	NonTarget	1	76296
381.565	0.8	NonTarget	1	76313
381.65	0.8	NonTarget	1	76330
381.73	0.8	NonTarget	1	76346
381.82	0.8	NonTarget	1	76364
381.9	0.8	NonTarget	1	76380
381.985	0.8	NonTarget	1	76397
382.065	0.8	NonTarget	1	76413
382.15	0.8	NonTarget	1	76430
382.235	0.8	NonTarget	1	76447
382.315	0.8	NonTarget	1	76463
382.4	0.8	NonTarget	1	76480
382.485	0.8	NonTarget	1	76497
382.57	0.8	NonTarget	1	76514
382.655	0.8	NonTarget	1	76531
382.735	0.8	NonTarget	1	76547
383.135	0.8	NonTarget	1	76627
383.22	0.8	NonTarget	1	76644
383.305	0.8	NonTarget	1	76661
383.385	0.8	NonTarget	1	76677
383.47	0.8	NonTarget	1	76694
383.555	0.8	NonTarget	1	76711
383.635	0.8	Target	2	76727
383.72	0.8	NonTarget	1	76744
383.805	0.8	NonTarget	1	76761
383.885	0.8	NonTarget	1	76777
383.97	0.8	NonTarget	1	76794
384.055	0.8	NonTarget	1	76811
384.135	0.8	NonTarget	1	76827
384.22	0.8	NonTarget	1	76844
384.305	0.8	NonTarget	1	76861
384.385	0.8	NonTarget	1	76877
384.47	0.8	NonTarget	1	76894
384.555	0.8	NonTarget	1	76911
384.64	0.8	NonTarget	1	76928
384.72	0.8	NonTarget	1	76944
384.805	0.8	NonTarget	1	76961
384.89	0.8	NonTarget	1	76978
384.975	0.8	NonTarget	1	76995
385.055	0.8	NonTarget	1	77011
385.14	0.8	NonTarget	1	77028
385.22	0.8	NonTarget	1	77044
385.305	0.8	NonTarget	1	77061
385.39	0.8	NonTarget	1	77078
385.47	0.8	NonTarget	1	77094
385.555	0.8	NonTarget	1	77111
385.955	0.8	NonTarget	1	77191
386.04	0.8	NonTarget	1	77208
386.125	0.8	NonTarget	1	77225
386.205	0.8	NonTarget	1	77241
386.29	0.8	NonTarget	1	77258
386.375	0.8	NonTarget	1	77275
386.455	0.8	NonTarget	1	77291
386.54	0.8	NonTarget	1	77308
386.625	0.8	NonTarget	1	77325
386.705	0.8	NonTarget	1	77341
386.79	0.8	NonTarget	1	77358
386.875	0.8	NonTarget	1	77375
386.955	0.8	NonTarget	1	77391
387.04	0.8	NonTarget	1	77408
387.125	0.8	NonTarget	1	77425
387.205	0.8	NonTarget	1	77441
387.29	0.8	NonTarget	1	77458
387.375	0.8	NonTarget	1	77475
387.46	0.8	NonTarget	1	77492
387.54	0.8	NonTarget	1	77508
387.625	0.8	NonTarget	1	77525
387.71	0.8	NonTarget	1	77542
387.79	0.8	NonTarget	1	77558
387.875	0.8	NonTarget	1	77575
387.96	0.8	NonTarget	1	77592
388.04	0.8	NonTarget	1	77608
388.125	0.8	Target	2	77625
388.21	0.8	NonTarget	1	77642
388.295	0.8	NonTarget	1	77659
388.375	0.8	NonTarget	1	77675
388.775	0.8	NonTarget	1	77755
388.86	0.8	NonTarget	1	77772
388.945	0.8	NonTarget	1	77789
389.025	0.8	NonTarget	1	77805
389.11	0.8	NonTarget	1	77822
389.195	0.8	NonTarget	1	77839
389.275	0.8	NonTarget	1	77855
389.36	0.8	NonTarget	1	77872
389.445	0.8	NonTarget	1	77889
389.53	0.8	NonTarget	1	77906
389.61	0.8	NonTarget	1	77922
389.695	0.8	Target	2	77939
389.78	0.8	NonTarget	1	77956
389.86	0.8	NonTarget	1	77972
389.945	0.8	NonTarget	1	77989
390.025	0.8	NonTarget	1	78005
390.11	0.8	NonTarget	1	78022
390.195	0.8	NonTarget	1	78039
390.28	0.8	NonTarget	1	78056
390.36	0.8	NonTarget	1	78072
390.445	0.8	NonTarget	1	78089
390.53	0.8	NonTarget	1	78106
390.615	0.8	NonTarget	1	78123
390.695	0.8	NonTarget	1	78139
390.78	0.8	NonTarget	1	78156
390.865	0.8	NonTarget	1	78173
390.945	0.8	NonTarget	1	78189
391.03	0.8	NonTarget	1	78206
391.115	0.8	NonTarget	1	78223
391.195	0.8	NonTarget	1	78239
391.6	0.8	NonTarget	1	78320
391.68	0.8	NonTarget	1	78336
391.765	0.8	NonTarget	1	78353
391.85	0.8	NonTarget	1	78370
391.93	0.8	NonTarget	1	78386
392.015	0.8	NonTarget	1	78403
392.1	0.8	NonTarget	1	78420
392.18	0.8	NonTarget	1	78436
392.265	0.8	NonTarget	1	78453
392.35	0.8	NonTarget	1	78470
392.43	0.8	NonTarget	1	78486
392.515	0.8	NonTarget	1	78503
392.6	0.8	NonTarget	1	78520
392.68	0.8	NonTarget	1	78536
392.765	0.8	NonTarget	1	78553
392.85	0.8	NonTarget	1	78570
392.93	0.8	NonTarget	1	78586
393.015	0.8	NonTarget	1	78603
393.1	0.8	NonTarget	1	78620
393.18	0.8	NonTarget	1	78636
393.265	0.8	NonTarget	1	78653
393.35	0.8	Target	2	78670
393.43	0.8	NonTarget	1	78686
393.515	0.8	NonTarget	1	78703
393.6	0.8	NonTarget	1	78720
393.685	0.8	NonTarget	1	78737
393.765	0.8	NonTarget	1	78753
393.85	0.8	NonTarget	1	78770
393.935	0.8	NonTarget	1	78787
394.02	0.8	NonTarget	1	78804
394.415	0.8	NonTarget	1	78883
394.5	0.8	NonTarget	1	78900
394.585	0.8	NonTarget	1	78917
394.67	0.8	NonTarget	1	78934
394.75	0.8	NonTarget	1	78950
394.835	0.8	NonTarget	1	78967
394.915	0.8	NonTarget	1	78983
395.0	0.8	NonTarget	1	79000
395.085	0.8	NonTarget	1	79017
395.17	0.8	NonTarget	1	79034
395.255	0.8	NonTarget	1	79051
395.335	0.8	NonTarget	1	79067
395.42	0.8	NonTarget	1	79084
395.505	0.8	NonTarget	1	79101
395.585	0.8	NonTarget	1	79117
395.67	0.8	NonTarget	1	79134
395.755	0.8	Target	2	79151
395.835	0.8	NonTarget	1	79167
395.92	0.8	NonTarget	1	79184
396.005	0.8	NonTarget	1	79201
396.09	0.8	NonTarget	1	79218
396.17	0.8	NonTarget	1	79234
396.255	0.8	NonTarget	1	79251
396.335	0.8	NonTarget	1	79267
396.42	0.8	NonTarget	1	79284
396.505	0.8	NonTarget	1	79301
396.59	0.8	NonTarget	1	79318
396.67	0.8	NonTarget	1	79334
396.755	0.8	NonTarget	1	79351
396.84	0.8	NonTarget	1	79368
397.24	0.8	NonTarget	1	79448
397.32	0.8	Target	2	79464
397.405	0.8	NonTarget	1	79481
397.49	0.8	NonTarget	1	79498
397.575	0.8	NonTarget	1	79515
397.655	0.8	NonTarget	1	79531
397.74	0.8	NonTarget	1	79548
397.825	0.8	NonTarget	1	79565
397.905	0.8	NonTarget	1	79581
397.99	0.8	NonTarget	1	79598
398.075	0.8	NonTarget	1	79615
398.155	0.8	NonTarget	1	79631
398.24	0.8	NonTarget	1	79648
398.325	0.8	NonTarget	1	79665
398.405	0.8	NonTarget	1	79681
398.49	0.8	NonTarget	1	79698
398.575	0.8	NonTarget	1	79715
398.655	0.8	NonTarget	1	79731
398.74	0.8	NonTarget	1	79748
398.825	0.8	NonTarget	1	79765
398.91	0.8	NonTarget	1	79782
398.99	0.8	NonTarget	1	79798
399.075	0.8	NonTarget	1	79815
399.16	0.8	NonTarget	1	79832
399.24	0.8	NonTarget	1	79848
399.325	0.8	NonTarget	1	79865
399.41	0.8	NonTarget	1	79882
399.49	0.8	NonTarget	1	79898
399.575	0.8	NonTarget	1	79915
399.66	0.8	NonTarget	1	79932
400.06	0.8	NonTarget	1	80012
400.145	0.8	NonTarget	1	80029
400.225	0.8	NonTarget	1	80045
400.31	0.8	NonTarget	1	80062
400.39	0.8	NonTarget	1	80078
400.475	0.8	NonTarget	1	80095
400.56	0.8	NonTarget	1	80112
400.64	0.8	NonTarget	1	80128
400.73	0.8	NonTarget	1	80146
400.81	0.8	NonTarget	1	80162
400.895	0.8	NonTarget	1	80179
400.98	0.8	NonTarget	1	80196
401.06	0.8	NonTarget	1	80212
401.145	0.8	NonTarget	1	80229
401.23	0.8	NonTarget	1	80246
401.31	0.8	NonTarget	1	80262
401.395	0.8	Target	2	80279
401.48	0.8	NonTarget	1	80296
401.56	0.8	NonTarget	1	80312
401.645	0.8	NonTarget	1	80329
401.73	0.8	NonTarget	1	80346
401.81	0.8	NonTarget	1	80362
401.895	0.8	NonTarget	1	80379
401.98	0.8	NonTarget	1	80396
402.065	0.8	NonTarget	1	80413
402.145	0.8	NonTarget	1	80429
402.23	0.8	NonTarget	1	80446
402.31	0.8	NonTarget	1	80462
402.395	0.8	NonTarget	1	80479
402.48	0.8	NonTarget	1	80496
402.88	0.8	NonTarget	1	80576
402.965	0.8	NonTarget	1	80593
403.045	0.8	NonTarget	1	80609
403.13	0.8	NonTarget	1	80626
403.215	0.8	NonTarget	1	80643
403.3	0.8	NonTarget	1	80660
403.38	0.8	NonTarget	1	80676
403.465	0.8	NonTarget	1	80693
403.55	0.8	NonTarget	1	80710
403.63	0.8	NonTarget	1	80726
403.715	0.8	NonTarget	1	80743
403.8	0.8	NonTarget	1	80760
403.88	0.8	NonTarget	1	80776
403.965	0.8	NonTarget	1	80793
404.05	0.8	NonTarget	1	80810
404.13	0.8	NonTarget	1	80826
404.215	0.8	NonTarget	1	80843
404.3	0.8	NonTarget	1	80860
404.38	0.8	NonTarget	1	80876
404.465	0.8	NonTarget	1	80893
404.55	0.8	NonTarget	1	80910
404.63	0.8	NonTarget	1	80926
404.715	0.8	NonTarget	1	80943
404.8	0.8	NonTarget	1	80960
404.885	0.8	NonTarget	1	80977
404.965	0.8	NonTarget	1	80993
405.05	0.8	Target	2	81010
405.135	0.8	NonTarget	1	81027
405.215	0.8	NonTarget	1	81043
405.3	0.8	NonTarget	1	81060
413.85	0.8	NonTarget	1	82770
413.93	0.8	NonTarget	1	82786
414.01	0.8	NonTarget	1	82802
414.095	0.8	NonTarget	1	82819
414.18	0.8	NonTarget	1	82836
414.265	0.8	NonTarget	1	82853
414.345	0.8	NonTarget	1	82869
414.43	0.8	NonTarget	1	82886
414.515	0.8	NonTarget	1	82903
414.595	0.8	NonTarget	1	82919
414.68	0.8	NonTarget	1	82936
414.765	0.8	NonTarget	1	82953
414.845	0.8	NonTarget	1	82969
414.93	0.8	NonTarget	1	82986
415.015	0.8	NonTarget	1	83003
415.095	0.8	NonTarget	1	83019
415.18	0.8	NonTarget	1	83036
415.265	0.8	NonTarget	1	83053
415.35	0.8	NonTarget	1	83070
415.43	0.8	NonTarget	1	83086
415.515	0.8	NonTarget	1	83103
415.6	0.8	NonTarget	1	83120
415.68	0.8	NonTarget	1	83136
415.765	0.8	NonTarget	1	83153
415.85	0.8	NonTarget	1	83170
415.93	0.8	NonTarget	1	83186
416.015	0.8	NonTarget	1	83203
416.1	0.8	NonTarget	1	83220
416.185	0.8	Target	2	83237
416.265	0.8	NonTarget	1	83253
416.665	0.8	NonTarget	1	83333
416.75	0.8	NonTarget	1	83350
416.835	0.8	NonTarget	1	83367
416.915	0.8	NonTarget	1	83383
417.0	0.8	NonTarget	1	83400
417.08	0.8	NonTarget	1	83416
417.165	0.8	NonTarget	1	83433
417.25	0.8	NonTarget	1	83450
417.335	0.8	NonTarget	1	83467
417.415	0.8	NonTarget	1	83483
417.5	0.8	NonTarget	1	83500
417.585	0.8	NonTarget	1	83517
417.665	0.8	NonTarget	1	83533
417.75	0.8	NonTarget	1	83550
417.835	0.8	NonTarget	1	83567
417.915	0.8	NonTarget	1	83583
418.0	0.8	NonTarget	1	83600
418.085	0.8	NonTarget	1	83617
418.17	0.8	NonTarget	1	83634
418.25	0.8	NonTarget	1	83650
418.335	0.8	NonTarget	1	83667
418.42	0.8	NonTarget	1	83684
418.505	0.8	NonTarget	1	83701
418.585	0.8	NonTarget	1	83717
418.67	0.8	NonTarget	1	83734
418.75	0.8	NonTarget	1	83750
418.835	0.8	NonTarget	1	83767
418.92	0.8	NonTarget	1	83784
419.0	0.8	Target	2	83800
419.085	0.8	NonTarget	1	83817
419.485	0.8	NonTarget	1	83897
419.57	0.8	NonTarget	1	83914
419.655	0.8	NonTarget	1	83931
419.74	0.8	NonTarget	1	83948
419.82	0.8	NonTarget	1	83964
419.905	0.8	NonTarget	1	83981
419.99	0.8	NonTarget	1	83998
420.07	0.8	NonTarget	1	84014
420.155	0.8	Target	2	84031
420.235	0.8	NonTarget	1	84047
420.32	0.8	NonTarget	1	84064
420.405	0.8	NonTarget	1	84081
420.49	0.8	NonTarget	1	84098
420.57	0.8	NonTarget	1	84114
420.655	0.8	NonTarget	1	84131
420.74	0.8	NonTarget	1	84148
420.82	0.8	NonTarget	1	84164
420.905	0.8	NonTarget	1	84181
420.99	0.8	NonTarget	1	84198
421.07	0.8	NonTarget	1	84214
421.155	0.8	NonTarget	1	84231
421.24	0.8	NonTarget	1	84248
421.325	0.8	NonTarget	1	84265
421.405	0.8	NonTarget	1	84281
421.49	0.8	NonTarget	1	84298
421.57	0.8	NonTarget	1	84314
421.655	0.8	NonTarget	1	84331
421.74	0.8	NonTarget	1	84348
421.825	0.8	NonTarget	1	84365
421.91	0.8	NonTarget	1	84382
422.305	0.8	NonTarget	1	84461
422.39	0.8	NonTarget	1	84478
422.475	0.8	NonTarget	1	84495
422.56	0.8	Target	2	84512
422.64	0.8	NonTarget	1	84528
422.725	0.8	NonTarget	1	84545
422.81	0.8	NonTarget	1	84562
422.89	0.8	NonTarget	1	84578
422.975	0.8	NonTarget	1	84595
423.06	0.8	NonTarget	1	84612
423.14	0.8	NonTarget	1	84628
423.225	0.8	NonTarget	1	84645
423.31	0.8	NonTarget	1	84662
423.395	0.8	NonTarget	1	84679
423.475	0.8	NonTarget	1	84695
423.56	0.8	NonTarget	1	84712
423.64	0.8	NonTarget	1	84728
423.725	0.8	NonTarget	1	84745
423.81	0.8	NonTarget	1	84762
423.895	0.8	NonTarget	1	84779
423.98	0.8	NonTarget	1	84796
424.06	0.8	NonTarget	1	84812
424.145	0.8	NonTarget	1	84829
424.225	0.8	NonTarget	1	84845
424.31	0.8	NonTarget	1	84862
424.395	0.8	NonTarget	1	84879
424.475	0.8	NonTarget	1	84895
424.56	0.8	NonTarget	1	84912
424.645	0.8	NonTarget	1	84929
424.725	0.8	NonTarget	1	84945
425.13	0.8	NonTarget	1	85026
425.21	0.8	NonTarget	1	85042
425.295	0.8	NonTarget	1	85059
425.38	0.8	NonTarget	1	85076
425.46	0.8	NonTarget	1	85092
425.545	0.8	NonTarget	1	85109
425.63	0.8	NonTarget	1	85126
425.71	0.8	NonTarget	1	85142
425.795	0.8	NonTarget	1	85159
425.88	0.8	NonTarget	1	85176
425.96	0.8	NonTarget	1	85192
426.045	0.8	NonTarget	1	85209
426.13	0.8	NonTarget	1	85226
426.215	0.8	Target	2	85243
426.295	0.8	NonTarget	1	85259
426.38	0.8	NonTarget	1	85276
426.465	0.8	NonTarget	1	85293
426.55	0.8	NonTarget	1	85310
426.63	0.8	NonTarget	1	85326
426.71	0.8	NonTarget	1	85342
426.795	0.8	NonTarget	1	85359
426.88	0.8	NonTarget	1	85376
426.965	0.8	NonTarget	1	85393
427.05	0.8	NonTarget	1	85410
427.13	0.8	NonTarget	1	85426
427.215	0.8	NonTarget	1	85443
427.3	0.8	NonTarget	1	85460
427.38	0.8	NonTarget	1	85476
427.465	0.8	NonTarget	1	85493
427.55	0.8	NonTarget	1	85510
427.95	0.8	NonTarget	1	85590
428.03	0.8	NonTarget	1	85606
428.115	0.8	NonTarget	1	85623
428.2	0.8	NonTarget	1	85640
428.28	0.8	NonTarget	1	85656
428.365	0.8	NonTarget	1	85673
428.45	0.8	NonTarget	1	85690
428.535	0.8	NonTarget	1	85707
428.615	0.8	Target	2	85723
428.7	0.8	NonTarget	1	85740
428.78	0.8	NonTarget	1	85756
428.865	0.8	NonTarget	1	85773
428.95	0.8	NonTarget	1	85790
429.035	0.8	NonTarget	1	85807
429.115	0.8	NonTarget	1	85823
429.2	0.8	NonTarget	1	85840
429.285	0.8	NonTarget	1	85857
429.365	0.8	NonTarget	1	85873
429.45	0.8	NonTarget	1	85890
429.535	0.8	NonTarget	1	85907
429.62	0.8	NonTarget	1	85924
429.7	0.8	NonTarget	1	85940
429.785	0.8	NonTarget	1	85957
429.87	0.8	NonTarget	1	85974
429.95	0.8	NonTarget	1	85990
430.035	0.8	NonTarget	1	86007
430.12	0.8	NonTarget	1	86024
430.2	0.8	NonTarget	1	86040
430.285	0.8	NonTarget	1	86057
430.37	0.8	NonTarget	1	86074
430.77	0.8	NonTarget	1	86154
430.855	0.8	NonTarget	1	86171
430.94	0.8	NonTarget	1	86188
431.02	0.8	NonTarget	1	86204
431.105	0.8	NonTarget	1	86221
431.185	0.8	NonTarget	1	86237
431.27	0.8	NonTarget	1	86254
431.355	0.8	NonTarget	1	86271
431.435	0.8	NonTarget	1	86287
431.52	0.8	NonTarget	1	86304
431.605	0.8	NonTarget	1	86321
431.685	0.8	NonTarget	1	86337
431.77	0.8	NonTarget	1	86354
431.855	0.8	NonTarget	1	86371
431.94	0.8	NonTarget	1	86388
432.02	0.8	NonTarget	1	86404
432.105	0.8	NonTarget	1	86421
432.19	0.8	NonTarget	1	86438
432.275	0.8	NonTarget	1	86455
432.355	0.8	NonTarget	1	86471
432.44	0.8	NonTarget	1	86488
432.52	0.8	NonTarget	1	86504
432.605	0.8	NonTarget	1	86521
432.69	0.8	NonTarget	1	86538
432.77	0.8	NonTarget	1	86554
432.855	0.8	NonTarget	1	86571
432.94	0.8	NonTarget	1	86588
433.025	0.8	NonTarget	1	86605
433.105	0.8	Target	2	86621
433.19	0.8	NonTarget	1	86638
433.59	0.8	NonTarget	1	86718
433.675	0.8	NonTarget	1	86735
433.755	0.8	NonTarget	1	86751
433.84	0.8	NonTarget	1	86768
433.925	0.8	NonTarget	1	86785
434.005	0.8	NonTarget	1	86801
434.09	0.8	NonTarget	1	86818
434.175	0.8	NonTarget	1	86835
434.26	0.8	Target	2	86852
434.34	0.8	NonTarget	1	86868
434.425	0.8	NonTarget	1	86885
434.51	0.8	NonTarget	1	86902
434.59	0.8	NonTarget	1	86918
434.675	0.8	NonTarget	1	86935
434.755	0.8	NonTarget	1	86951
434.84	0.8	NonTarget	1	86968
434.925	0.8	NonTarget	1	86985
435.01	0.8	NonTarget	1	87002
435.09	0.8	NonTarget	1	87018
435.175	0.8	NonTarget	1	87035
435.26	0.8	NonTarget	1	87052
435.345	0.8	NonTarget	1	87069
435.425	0.8	NonTarget	1	87085
435.51	0.8	NonTarget	1	87102
435.595	0.8	NonTarget	1	87119
435.675	0.8	NonTarget	1	87135
435.76	0.8	NonTarget	1	87152
435.845	0.8	NonTarget	1	87169
435.925	0.8	NonTarget	1	87185
436.01	0.8	NonTarget	1	87202
436.41	0.8	NonTarget	1	87282
436.495	0.8	NonTarget	1	87299
436.575	0.8	NonTarget	1	87315
436.66	0.8	NonTarget	1	87332
436.745	0.8	NonTarget	1	87349
436.83	0.8	NonTarget	1	87366
436.91	0.8	NonTarget	1	87382
436.995	0.8	NonTarget	1	87399
437.08	0.8	NonTarget	1	87416
437.16	0.8	NonTarget	1	87432
437.245	0.8	NonTarget	1	87449
437.325	0.8	NonTarget	1	87465
437.41	0.8	NonTarget	1	87482
437.495	0.8	NonTarget	1	87499
437.58	0.8	NonTarget	1	87516
437.665	0.8	NonTarget	1	87533
437.745	0.8	NonTarget	1	87549
437.83	0.8	NonTarget	1	87566
437.915	0.8	Target	2	87583
437.995	0.8	NonTarget	1	87599
438.08	0.8	NonTarget	1	87616
438.165	0.8	NonTarget	1	87633
438.245	0.8	NonTarget	1	87649
438.33	0.8	NonTarget	1	87666
438.41	0.8	NonTarget	1	87682
438.5	0.8	NonTarget	1	87700
438.58	0.8	NonTarget	1	87716
438.665	0.8	NonTarget	1	87733
438.745	0.8	NonTarget	1	87749
438.83	0.8	NonTarget	1	87766
439.23	0.8	NonTarget	1	87846
439.315	0.8	NonTarget	1	87863
439.4	0.8	NonTarget	1	87880
439.485	0.8	NonTarget	1	87897
439.565	0.8	NonTarget	1	87913
439.65	0.8	NonTarget	1	87930
439.73	0.8	NonTarget	1	87946
439.815	0.8	NonTarget	1	87963
439.9	0.8	NonTarget	1	87980
439.985	0.8	NonTarget	1	87997
440.065	0.8	NonTarget	1	88013
440.15	0.8	NonTarget	1	88030
440.23	0.8	NonTarget	1	88046
440.315	0.8	NonTarget	1	88063
440.4	0.8	NonTarget	1	88080
440.485	0.8	NonTarget	1	88097
440.565	0.8	NonTarget	1	88113
440.65	0.8	NonTarget	1	88130
440.735	0.8	NonTarget	1	88147
440.815	0.8	NonTarget	1	88163
440.9	0.8	NonTarget	1	88180
440.985	0.8	NonTarget	1	88197
441.07	0.8	NonTarget	1	88214
441.15	0.8	NonTarget	1	88230
441.235	0.8	NonTarget	1	88247
441.32	0.8	NonTarget	1	88264
441.4	0.8	NonTarget	1	88280
441.485	0.8	NonTarget	1	88297
441.57	0.8	Target	2	88314
441.655	0.8	NonTarget	1	88331
450.2	0.8	NonTarget	1	90040
450.28	0.8	Target	2	90056
450.365	0.8	NonTarget	1	90073
450.445	0.8	NonTarget	1	90089
450.53	0.8	NonTarget	1	90106
450.615	0.8	NonTarget	1	90123
450.7	0.8	NonTarget	1	90140
450.78	0.8	NonTarget	1	90156
450.865	0.8	NonTarget	1	90173
450.945	0.8	NonTarget	1	90189
451.03	0.8	NonTarget	1	90206
451.115	0.8	NonTarget	1	90223
451.2	0.8	NonTarget	1	90240
451.28	0.8	NonTarget	1	90256
451.365	0.8	NonTarget	1	90273
451.45	0.8	NonTarget	1	90290
451.53	0.8	NonTarget	1	90306
451.615	0.8	NonTarget	1	90323
451.7	0.8	NonTarget	1	90340
451.785	0.8	NonTarget	1	90357
451.865	0.8	NonTarget	1	90373
451.95	0.8	NonTarget	1	90390
452.035	0.8	NonTarget	1	90407
452.12	0.8	NonTarget	1	90424
452.2	0.8	NonTarget	1	90440
452.285	0.8	NonTarget	1	90457
452.365	0.8	NonTarget	1	90473
452.45	0.8	NonTarget	1	90490
452.535	0.8	NonTarget	1	90507
452.615	0.8	NonTarget	1	90523
453.02	0.8	NonTarget	1	90604
453.1	0.8	NonTarget	1	90620
453.185	0.8	NonTarget	1	90637
453.27	0.8	NonTarget	1	90654
453.35	0.8	NonTarget	1	90670
453.435	0.8	NonTarget	1	90687
453.52	0.8	NonTarget	1	90704
453.6	0.8	NonTarget	1	90720
453.685	0.8	NonTarget	1	90737
453.77	0.8	NonTarget	1	90754
453.85	0.8	NonTarget	1	90770
453.935	0.8	NonTarget	1	90787
454.02	0.8	NonTarget	1	90804
454.105	0.8	NonTarget	1	90821
454.185	0.8	NonTarget	1	90837
454.27	0.8	NonTarget	1	90854
454.355	0.8	NonTarget	1	90871
454.435	0.8	NonTarget	1	90887
454.52	0.8	NonTarget	1	90904
454.605	0.8	NonTarget	1	90921
454.685	0.8	NonTarget	1	90937
454.77	0.8	Target	2	90954
454.855	0.8	NonTarget	1	90971
454.935	0.8	NonTarget	1	90987
455.02	0.8	NonTarget	1	91004
455.105	0.8	NonTarget	1	91021
455.185	0.8	NonTarget	1	91037
455.27	0.8	NonTarget	1	91054
455.355	0.8	NonTarget	1	91071
455.435	0.8	NonTarget	1	91087
455.84	0.8	NonTarget	1	91168
455.92	0.8	NonTarget	1	91184
456.005	0.8	NonTarget	1	91201
456.09	0.8	NonTarget	1	91218
456.17	0.8	NonTarget	1	91234
456.255	0.8	NonTarget	1	91251
456.34	0.8	Target	2	91268
456.42	0.8	NonTarget	1	91284
456.505	0.8	NonTarget	1	91301
456.59	0.8	NonTarget	1	91318
456.675	0.8	NonTarget	1	91335
456.755	0.8	NonTarget	1	91351
456.84	0.8	NonTarget	1	91368
456.925	0.8	NonTarget	1	91385
457.005	0.8	NonTarget	1	91401
457.09	0.8	NonTarget	1	91418
457.175	0.8	NonTarget	1	91435
457.255	0.8	NonTarget	1	91451
457.34	0.8	NonTarget	1	91468
457.425	0.8	NonTarget	1	91485
457.505	0.8	NonTarget	1	91501
457.59	0.8	NonTarget	1	91518
457.675	0.8	NonTarget	1	91535
457.76	0.8	NonTarget	1	91552
457.84	0.8	NonTarget	1	91568
457.925	0.8	NonTarget	1	91585
458.005	0.8	NonTarget	1	91601
458.095	0.8	NonTarget	1	91619
458.175	0.8	NonTarget	1	91635
458.26	0.8	NonTarget	1	91652
458.66	0.8	NonTarget	1	91732
458.745	0.8	NonTarget	1	91749
458.825	0.8	NonTarget	1	91765
458.91	0.8	NonTarget	1	91782
458.99	0.8	NonTarget	1	91798
459.075	0.8	NonTarget	1	91815
459.16	0.8	NonTarget	1	91832
459.245	0.8	NonTarget	1	91849
459.325	0.8	NonTarget	1	91865
459.41	0.8	NonTarget	1	91882
459.495	0.8	NonTarget	1	91899
459.575	0.8	NonTarget	1	91915
459.66	0.8	NonTarget	1	91932
459.745	0.8	NonTarget	1	91949
459.83	0.8	NonTarget	1	91966
459.91	0.8	NonTarget	1	91982
459.995	0.8	Target	2	91999
460.075	0.8	NonTarget	1	92015
460.16	0.8	NonTarget	1	92032
460.245	0.8	NonTarget	1	92049
460.33	0.8	NonTarget	1	92066
460.41	0.8	NonTarget	1	92082
460.495	0.8	NonTarget	1	92099
460.58	0.8	NonTarget	1	92116
460.66	0.8	NonTarget	1	92132
460.745	0.8	NonTarget	1	92149
460.83	0.8	NonTarget	1	92166
460.915	0.8	NonTarget	1	92183
460.995	0.8	NonTarget	1	92199
461.08	0.8	NonTarget	1	92216
461.48	0.8	NonTarget	1	92296
461.565	0.8	NonTarget	1	92313
461.645	0.8	NonTarget	1	92329
461.73	0.8	NonTarget	1	92346
461.815	0.8	NonTarget	1	92363
461.895	0.8	NonTarget	1	92379
461.98	0.8	NonTarget	1	92396
462.065	0.8	NonTarget	1	92413
462.145	0.8	NonTarget	1	92429
462.23	0.8	NonTarget	1	92446
462.315	0.8	NonTarget	1	92463
462.395	0.8	NonTarget	1	92479
462.48	0.8	NonTarget	1	92496
462.565	0.8	NonTarget	1	92513
462.645	0.8	NonTarget	1	92529
462.73	0.8	NonTarget	1	92546
462.815	0.8	Target	2	92563
462.9	0.8	NonTarget	1	92580
462.98	0.8	NonTarget	1	92596
463.065	0.8	NonTarget	1	92613
463.15	0.8	NonTarget	1	92630
463.23	0.8	NonTarget	1	92646
463.315	0.8	NonTarget	1	92663
463.4	0.8	NonTarget	1	92680
463.48	0.8	NonTarget	1	92696
463.565	0.8	NonTarget	1	92713
463.65	0.8	NonTarget	1	92730
463.73	0.8	NonTarget	1	92746
463.815	0.8	NonTarget	1	92763
463.9	0.8	NonTarget	1	92780
464.3	0.8	NonTarget	1	92860
464.385	0.8	Target	2	92877
464.47	0.8	NonTarget	1	92894
464.55	0.8	NonTarget	1	92910
464.635	0.8	NonTarget	1	92927
464.72	0.8	NonTarget	1	92944
464.8	0.8	NonTarget	1	92960
464.885	0.8	NonTarget	1	92977
464.965	0.8	NonTarget	1	92993
465.05	0.8	NonTarget	1	93010
465.135	0.8	NonTarget	1	93027
465.22	0.8	NonTarget	1	93044
465.3	0.8	NonTarget	1	93060
465.385	0.8	NonTarget	1	93077
465.47	0.8	NonTarget	1	93094
465.55	0.8	NonTarget	1	93110
465.635	0.8	NonTarget	1	93127
465.72	0.8	NonTarget	1	93144
465.805	0.8	NonTarget	1	93161
465.885	0.8	NonTarget	1	93177
465.97	0.8	NonTarget	1	93194
466.055	0.8	NonTarget	1	93211
466.135	0.8	NonTarget	1	93227
466.22	0.8	NonTarget	1	93244
466.3	0.8	NonTarget	1	93260
466.385	0.8	NonTarget	1	93277
466.47	0.8	NonTarget	1	93294
466.55	0.8	NonTarget	1	93310
466.635	0.8	NonTarget	1	93327
466.72	0.8	NonTarget	1	93344
467.12	0.8	NonTarget	1	93424
467.205	0.8	NonTarget	1	93441
467.29	0.8	NonTarget	1	93458
467.37	0.8	NonTarget	1	93474
467.455	0.8	NonTarget	1	93491
467.54	0.8	NonTarget	1	93508
467.625	0.8	NonTarget	1	93525
467.705	0.8	NonTarget	1	93541
467.79	0.8	NonTarget	1	93558
467.87	0.8	NonTarget	1	93574
467.955	0.8	NonTarget	1	93591
468.04	0.8	NonTarget	1	93608
468.12	0.8	NonTarget	1	93624
468.205	0.8	NonTarget	1	93641
468.29	0.8	NonTarget	1	93658
468.375	0.8	NonTarget	1	93675
468.455	0.8	NonTarget	1	93691
468.54	0.8	NonTarget	1	93708
468.625	0.8	NonTarget	1	93725
468.71	0.8	NonTarget	1	93742
468.79	0.8	NonTarget	1	93758
468.875	0.8	NonTarget	1	93775
468.955	0.8	NonTarget	1	93791
469.04	0.8	NonTarget	1	93808
469.125	0.8	NonTarget	1	93825
469.205	0.8	NonTarget	1	93841
469.29	0.8	Target	2	93858
469.375	0.8	NonTarget	1	93875
469.46	0.8	NonTarget	1	93892
469.54	0.8	NonTarget	1	93908
469.94	0.8	NonTarget	1	93988
470.025	0.8	NonTarget	1	94005
470.11	0.8	NonTarget	1	94022
470.19	0.8	NonTarget	1	94038
470.275	0.8	NonTarget	1	94055
470.36	0.8	NonTarget	1	94072
470.44	0.8	Target	2	94088
470.525	0.8	NonTarget	1	94105
470.61	0.8	NonTarget	1	94122
470.69	0.8	NonTarget	1	94138
470.775	0.8	NonTarget	1	94155
470.86	0.8	NonTarget	1	94172
470.945	0.8	NonTarget	1	94189
471.03	0.8	NonTarget	1	94206
471.11	0.8	NonTarget	1	94222
471.195	0.8	NonTarget	1	94239
471.275	0.8	NonTarget	1	94255
471.36	0.8	NonTarget	1	94272
471.445	0.8	NonTarget	1	94289
471.53	0.8	NonTarget	1	94306
471.61	0.8	NonTarget	1	94322
471.695	0.8	NonTarget	1	94339
471.775	0.8	NonTarget	1	94355
471.86	0.8	NonTarget	1	94372
471.945	0.8	NonTarget	1	94389
472.03	0.8	NonTarget	1	94406
472.11	0.8	NonTarget	1	94422
472.195	0.8	NonTarget	1	94439
472.28	0.8	NonTarget	1	94456
472.36	0.8	NonTarget	1	94472
472.76	0.8	NonTarget	1	94552
472.845	0.8	NonTarget	1	94569
472.93	0.8	NonTarget	1	94586
473.01	0.8	NonTarget	1	94602
473.095	0.8	NonTarget	1	94619
473.18	0.8	NonTarget	1	94636
473.265	0.8	Target	2	94653
473.345	0.8	NonTarget	1	94669
473.43	0.8	NonTarget	1	94686
473.515	0.8	NonTarget	1	94703
473.595	0.8	NonTarget	1	94719
473.68	0.8	NonTarget	1	94736
473.765	0.8	NonTarget	1	94753
473.845	0.8	NonTarget	1	94769
473.93	0.8	NonTarget	1	94786
474.015	0.8	NonTarget	1	94803
474.095	0.8	NonTarget	1	94819
474.18	0.8	NonTarget	1	94836
474.265	0.8	NonTarget	1	94853
474.345	0.8	NonTarget	1	94869
474.43	0.8	NonTarget	1	94886
474.515	0.8	NonTarget	1	94903
474.6	0.8	NonTarget	1	94920
474.68	0.8	NonTarget	1	94936
474.765	0.8	NonTarget	1	94953
474.85	0.8	NonTarget	1	94970
474.93	0.8	NonTarget	1	94986
475.015	0.8	NonTarget	1	95003
475.1	0.8	NonTarget	1	95020
475.185	0.8	NonTarget	1	95037
475.58	0.8	NonTarget	1	95116
475.665	0.8	NonTarget	1	95133
475.75	0.8	NonTarget	1	95150
475.835	0.8	NonTarget	1	95167
475.915	0.8	NonTarget	1	95183
476.0	0.8	NonTarget	1	95200
476.085	0.8	Target	2	95217
476.17	0.8	NonTarget	1	95234
476.25	0.8	NonTarget	1	95250
476.335	0.8	NonTarget	1	95267
476.42	0.8	NonTarget	1	95284
476.5	0.8	NonTarget	1	95300
476.585	0.8	NonTarget	1	95317
476.67	0.8	NonTarget	1	95334
476.75	0.8	NonTarget	1	95350
476.835	0.8	NonTarget	1	95367
476.915	0.8	NonTarget	1	95383
477.0	0.8	NonTarget	1	95400
477.085	0.8	NonTarget	1	95417
477.17	0.8	NonTarget	1	95434
477.25	0.8	NonTarget	1	95450
477.335	0.8	NonTarget	1	95467
477.42	0.8	NonTarget	1	95484
477.505	0.8	NonTarget	1	95501
477.585	0.8	NonTarget	1	95517
477.67	0.8	NonTarget	1	95534
477.75	0.8	NonTarget	1	95550
477.835	0.8	NonTarget	1	95567
477.92	0.8	NonTarget	1	95584
478.005	0.8	NonTarget	1	95601
486.555	0.8	NonTarget	1	97311
486.63	0.8	NonTarget	1	97326
486.715	0.8	NonTarget	1	97343
486.8	0.8	NonTarget	1	97360
486.88	0.8	NonTarget	1	97376
486.965	0.8	NonTarget	1	97393
487.05	0.8	NonTarget	1	97410
487.135	0.8	NonTarget	1	97427
487.215	0.8	NonTarget	1	97443
487.3	0.8	NonTarget	1	97460
487.385	0.8	NonTarget	1	97477
487.465	0.8	NonTarget	1	97493
487.55	0.8	NonTarget	1	97510
487.635	0.8	NonTarget	1	97527
487.715	0.8	NonTarget	1	97543
487.8	0.8	NonTarget	1	97560
487.885	0.8	NonTarget	1	97577
487.965	0.8	NonTarget	1	97593
488.05	0.8	NonTarget	1	97610
488.135	0.8	NonTarget	1	97627
488.22	0.8	NonTarget	1	97644
488.3	0.8	NonTarget	1	97660
488.385	0.8	NonTarget	1	97677
488.47	0.8	NonTarget	1	97694
488.555	0.8	NonTarget	1	97711
488.635	0.8	Target	2	97727
488.715	0.8	NonTarget	1	97743
488.8	0.8	NonTarget	1	97760
488.885	0.8	NonTarget	1	97777
488.97	0.8	NonTarget	1	97794
489.37	0.8	Target	2	97874
489.45	0.8	NonTarget	1	97890
489.535	0.8	NonTarget	1	97907
489.62	0.8	NonTarget	1	97924
489.705	0.8	NonTarget	1	97941
489.785	0.8	NonTarget	1	97957
489.87	0.8	NonTarget	1	97974
489.955	0.8	NonTarget	1	97991
490.035	0.8	NonTarget	1	98007
490.12	0.8	NonTarget	1	98024
490.205	0.8	NonTarget	1	98041
490.285	0.8	NonTarget	1	98057
490.37	0.8	NonTarget	1	98074
490.455	0.8	NonTarget	1	98091
490.535	0.8	NonTarget	1	98107
490.62	0.8	NonTarget	1	98124
490.705	0.8	NonTarget	1	98141
490.785	0.8	NonTarget	1	98157
490.875	0.8	NonTarget	1	98175
490.955	0.8	NonTarget	1	98191
491.04	0.8	NonTarget	1	98208
491.12	0.8	NonTarget	1	98224
491.205	0.8	NonTarget	1	98241
491.29	0.8	NonTarget	1	98258
491.37	0.8	NonTarget	1	98274
491.455	0.8	NonTarget	1	98291
491.54	0.8	NonTarget	1	98308
491.625	0.8	NonTarget	1	98325
491.705	0.8	NonTarget	1	98341
491.79	0.8	NonTarget	1	98358
492.19	0.8	Target	2	98438
492.275	0.8	NonTarget	1	98455
492.355	0.8	NonTarget	1	98471
492.44	0.8	NonTarget	1	98488
492.525	0.8	NonTarget	1	98505
492.605	0.8	NonTarget	1	98521
492.69	0.8	NonTarget	1	98538
492.77	0.8	NonTarget	1	98554
492.855	0.8	NonTarget	1	98571
492.94	0.8	NonTarget	1	98588
493.025	0.8	NonTarget	1	98605
493.11	0.8	NonTarget	1	98622
493.19	0.8	NonTarget	1	98638
493.275	0.8	NonTarget	1	98655
493.355	0.8	NonTarget	1	98671
493.44	0.8	NonTarget	1	98688
493.525	0.8	NonTarget	1	98705
493.61	0.8	NonTarget	1	98722
493.69	0.8	NonTarget	1	98738
493.775	0.8	NonTarget	1	98755
493.86	0.8	NonTarget	1	98772
493.94	0.8	NonTarget	1	98788
494.025	0.8	NonTarget	1	98805
494.11	0.8	NonTarget	1	98822
494.195	0.8	NonTarget	1	98839
494.28	0.8	NonTarget	1	98856
494.36	0.8	NonTarget	1	98872
494.445	0.8	NonTarget	1	98889
494.525	0.8	NonTarget	1	98905
494.61	0.8	NonTarget	1	98922
495.01	0.8	NonTarget	1	99002
495.095	0.8	NonTarget	1	99019
495.18	0.8	NonTarget	1	99036
495.26	0.8	NonTarget	1	99052
495.345	0.8	NonTarget	1	99069
495.43	0.8	NonTarget	1	99086
495.51	0.8	NonTarget	1	99102
495.595	0.8	NonTarget	1	99119
495.68	0.8	NonTarget	1	99136
495.76	0.8	NonTarget	1	99152
495.845	0.8	Target	2	99169
495.93	0.8	NonTarget	1	99186
496.01	0.8	NonTarget	1	99202
496.095	0.8	NonTarget	1	99219
496.18	0.8	NonTarget	1	99236
496.26	0.8	NonTarget	1	99252
496.345	0.8	NonTarget	1	99269
496.43	0.8	NonTarget	1	99286
496.51	0.8	NonTarget	1	99302
496.595	0.8	NonTarget	1	99319
496.68	0.8	NonTarget	1	99336
496.765	0.8	NonTarget	1	99353
496.845	0.8	NonTarget	1	99369
496.93	0.8	NonTarget	1	99386
497.015	0.8	NonTarget	1	99403
497.1	0.8	NonTarget	1	99420
497.18	0.8	NonTarget	1	99436
497.265	0.8	NonTarget	1	99453
497.345	0.8	NonTarget	1	99469
497.43	0.8	NonTarget	1	99486
497.83	0.8	NonTarget	1	99566
497.915	0.8	NonTarget	1	99583
497.995	0.8	NonTarget	1	99599
498.08	0.8	NonTarget	1	99616
498.165	0.8	NonTarget	1	99633
498.25	0.8	NonTarget	1	99650
498.33	0.8	NonTarget	1	99666
498.415	0.8	NonTarget	1	99683
498.5	0.8	NonTarget	1	99700
498.58	0.8	NonTarget	1	99716
498.665	0.8	NonTarget	1	99733
498.75	0.8	NonTarget	1	99750
498.835	0.8	NonTarget	1	99767
498.915	0.8	NonTarget	1	99783
499.0	0.8	NonTarget	1	99800
499.08	0.8	NonTarget	1	99816
499.165	0.8	NonTarget	1	99833
499.25	0.8	NonTarget	1	99850
499.335	0.8	NonTarget	1	99867
499.415	0.8	NonTarget	1	99883
499.5	0.8	Target	2	99900
499.585	0.8	NonTarget	1	99917
499.665	0.8	NonTarget	1	99933
499.75	0.8	NonTarget	1	99950
499.835	0.8	NonTarget	1	99967
499.915	0.8	NonTarget	1	99983
500.0	0.8	NonTarget	1	100000
500.085	0.8	NonTarget	1	100017
500.17	0.8	NonTarget	1	100034
500.25	0.8	NonTarget	1	100050
500.65	0.8	NonTarget	1	100130
500.735	0.8	NonTarget	1	100147
500.82	0.8	NonTarget	1	100164
500.9	0.8	NonTarget	1	100180
500.985	0.8	NonTarget	1	100197
501.07	0.8	NonTarget	1	100214
501.155	0.8	NonTarget	1	100231
501.235	0.8	NonTarget	1	100247
501.32	0.8	NonTarget	1	100264
501.405	0.8	NonTarget	1	100281
501.485	0.8	Target	2	100297
501.57	0.8	NonTarget	1	100314
501.655	0.8	NonTarget	1	100331
501.735	0.8	NonTarget	1	100347
501.82	0.8	NonTarget	1	100364
501.905	0.8	NonTarget	1	100381
501.99	0.8	NonTarget	1	100398
502.07	0.8	NonTarget	1	100414
502.155	0.8	NonTarget	1	100431
502.235	0.8	NonTarget	1	100447
502.32	0.8	NonTarget	1	100464
502.405	0.8	NonTarget	1	100481
502.49	0.8	NonTarget	1	100498
502.57	0.8	NonTarget	1	100514
502.655	0.8	NonTarget	1	100531
502.74	0.8	NonTarget	1	100548
502.82	0.8	NonTarget	1	100564
502.905	0.8	NonTarget	1	100581
502.99	0.8	NonTarget	1	100598
503.07	0.8	NonTarget	1	100614
503.475	0.8	NonTarget	1	100695
503.555	0.8	NonTarget	1	100711
503.64	0.8	NonTarget	1	100728
503.725	0.8	NonTarget	1	100745
503.805	0.8	NonTarget	1	100761
503.89	0.8	NonTarget	1	100778
503.975	0.8	NonTarget	1	100795
504.06	0.8	NonTarget	1	100812
504.14	0.8	NonTarget	1	100828
504.225	0.8	NonTarget	1	100845
504.305	0.8	NonTarget	1	100861
504.39	0.8	NonTarget	1	100878
504.475	0.8	NonTarget	1	100895
504.56	0.8	NonTarget	1	100912
504.64	0.8	NonTarget	1	100928
504.725	0.8	Target	2	100945
504.81	0.8	NonTarget	1	100962
504.89	0.8	NonTarget	1	100978
504.975	0.8	NonTarget	1	100995
505.06	0.8	NonTarget	1	101012
505.14	0.8	NonTarget	1	101028
505.225	0.8	NonTarget	1	101045
505.31	0.8	NonTarget	1	101062
505.39	0.8	NonTarget	1	101078
505.475	0.8	NonTarget	1	101095
505.56	0.8	NonTarget	1	101112
505.645	0.8	NonTarget	1	101129
505.725	0.8	NonTarget	1	101145
505.81	0.8	NonTarget	1	101162
505.895	0.8	NonTarget	1	101179
506.295	0.8	NonTarget	1	101259
506.375	0.8	NonTarget	1	101275
506.46	0.8	NonTarget	1	101292
506.545	0.8	NonTarget	1	101309
506.625	0.8	NonTarget	1	101325
506.71	0.8	Target	2	101342
506.795	0.8	NonTarget	1	101359
506.88	0.8	NonTarget	1	101376
506.96	0.8	NonTarget	1	101392
507.045	0.8	NonTarget	1	101409
507.125	0.8	NonTarget	1	101425
507.21	0.8	NonTarget	1	101442
507.295	0.8	NonTarget	1	101459
507.38	0.8	NonTarget	1	101476
507.46	0.8	NonTarget	1	101492
507.545	0.8	NonTarget	1	101509
507.63	0.8	NonTarget	1	101526
507.71	0.8	NonTarget	1	101542
507.795	0.8	NonTarget	1	101559
507.88	0.8	NonTarget	1	101576
507.96	0.8	NonTarget	1	101592
508.045	0.8	NonTarget	1	101609
508.13	0.8	NonTarget	1	101626
508.21	0.8	NonTarget	1	101642
508.295	0.8	NonTarget	1	101659
508.38	0.8	NonTarget	1	101676
508.46	0.8	NonTarget	1	101692
508.545	0.8	NonTarget	1	101709
508.63	0.8	NonTarget	1	101726
508.715	0.8	NonTarget	1	101743
509.115	0.8	NonTarget	1	101823
509.195	0.8	NonTarget	1	101839
509.28	0.8	NonTarget	1	101856
509.365	0.8	NonTarget	1	101873
509.445	0.8	NonTarget	1	101889
509.53	0.8	Target	2	101906
509.615	0.8	NonTarget	1	101923
509.695	0.8	NonTarget	1	101939
509.78	0.8	NonTarget	1	101956
509.865	0.8	NonTarget	1	101973
509.95	0.8	NonTarget	1	101990
510.035	0.8	NonTarget	1	102007
510.115	0.8	NonTarget	1	102023
510.2	0.8	NonTarget	1	102040
510.28	0.8	NonTarget	1	102056
510.365	0.8	NonTarget	1	102073
510.45	0.8	NonTarget	1	102090
510.535	0.8	NonTarget	1	102107
510.615	0.8	NonTarget	1	102123
510.7	0.8	NonTarget	1	102140
510.785	0.8	NonTarget	1	102157
510.865	0.8	NonTarget	1	102173
510.95	0.8	NonTarget	1	102190
511.035	0.8	NonTarget	1	102207
511.115	0.8	NonTarget	1	102223
511.2	0.8	NonTarget	1	102240
511.28	0.8	NonTarget	1	102256
511.365	0.8	NonTarget	1	102273
511.45	0.8	NonTarget	1	102290
511.535	0.8	NonTarget	1	102307
511.935	0.8	NonTarget	1	102387
512.02	0.8	NonTarget	1	102404
512.1	0.8	NonTarget	1	102420
512.185	0.8	NonTarget	1	102437
512.265	0.8	NonTarget	1	102453
512.35	0.8	Target	2	102470
512.435	0.8	NonTarget	1	102487
512.52	0.8	NonTarget	1	102504
512.6	0.8	NonTarget	1	102520
512.685	0.8	NonTarget	1	102537
512.77	0.8	NonTarget	1	102554
512.85	0.8	NonTarget	1	102570
512.935	0.8	NonTarget	1	102587
513.02	0.8	NonTarget	1	102604
513.105	0.8	NonTarget	1	102621
513.185	0.8	NonTarget	1	102637
513.27	0.8	NonTarget	1	102654
513.35	0.8	NonTarget	1	102670
513.435	0.8	NonTarget	1	102687
513.52	0.8	NonTarget	1	102704
513.605	0.8	NonTarget	1	102721
513.685	0.8	NonTarget	1	102737
513.77	0.8	NonTarget	1	102754
513.855	0.8	NonTarget	1	102771
513.935	0.8	NonTarget	1	102787
514.02	0.8	NonTarget	1	102804
514.105	0.8	NonTarget	1	102821
514.19	0.8	NonTarget	1	102838
514.27	0.8	NonTarget	1	102854
514.355	0.8	NonTarget	1	102871
522.905	0.8	NonTarget	1	104581
522.985	0.8	NonTarget	1	104597
523.065	0.8	NonTarget	1	104613
523.15	0.8	NonTarget	1	104630
523.235	0.8	NonTarget	1	104647
523.315	0.8	NonTarget	1	104663
523.4	0.8	NonTarget	1	104680
523.485	0.8	NonTarget	1	104697
523.565	0.8	NonTarget	1	104713
523.65	0.8	NonTarget	1	104730
523.735	0.8	NonTarget	1	104747
523.82	0.8	NonTarget	1	104764
523.905	0.8	NonTarget	1	104781
523.985	0.8	NonTarget	1	104797
524.07	0.8	NonTarget	1	104814
524.155	0.8	NonTarget	1	104831
524.235	0.8	NonTarget	1	104847
524.32	0.8	Target	2	104864
524.4	0.8	NonTarget	1	104880
524.485	0.8	NonTarget	1	104897
524.57	0.8	NonTarget	1	104914
524.65	0.8	NonTarget	1	104930
524.735	0.8	NonTarget	1	104947
524.82	0.8	NonTarget	1	104964
524.905	0.8	NonTarget	1	104981
524.985	0.8	NonTarget	1	104997
525.07	0.8	NonTarget	1	105014
525.155	0.8	NonTarget	1	105031
525.235	0.8	NonTarget	1	105047
525.32	0.8	NonTarget	1	105064
525.72	0.8	NonTarget	1	105144
525.805	0.8	NonTarget	1	105161
525.89	0.8	NonTarget	1	105178
525.97	0.8	NonTarget	1	105194
526.055	0.8	NonTarget	1	105211
526.135	0.8	NonTarget	1	105227
526.22	0.8	NonTarget	1	105244
526.305	0.8	NonTarget	1	105261
526.39	0.8	NonTarget	1	105278
526.47	0.8	NonTarget	1	105294
526.555	0.8	NonTarget	1	105311
526.64	0.8	NonTarget	1	105328
526.72	0.8	NonTarget	1	105344
526.805	0.8	NonTarget	1	105361
526.885	0.8	NonTarget	1	105377
526.975	0.8	NonTarget	1	105395
527.055	0.8	NonTarget	1	105411
527.14	0.8	NonTarget	1	105428
527.225	0.8	NonTarget	1	105445
527.305	0.8	NonTarget	1	105461
527.39	0.8	NonTarget	1	105478
527.475	0.8	NonTarget	1	105495
527.555	0.8	Target	2	105511
527.64	0.8	NonTarget	1	105528
527.725	0.8	NonTarget	1	105545
527.805	0.8	NonTarget	1	105561
527.89	0.8	NonTarget	1	105578
527.975	0.8	NonTarget	1	105595
528.055	0.8	NonTarget	1	105611
528.14	0.8	NonTarget	1	105628
528.54	0.8	NonTarget	1	105708
528.625	0.8	NonTarget	1	105725
528.71	0.8	Target	2	105742
528.79	0.8	NonTarget	1	105758
528.875	0.8	NonTarget	1	105775
528.96	0.8	NonTarget	1	105792
529.04	0.8	NonTarget	1	105808
529.125	0.8	NonTarget	1	105825
529.21	0.8	NonTarget	1	105842
529.295	0.8	NonTarget	1	105859
529.375	0.8	NonTarget	1	105875
529.46	0.8	NonTarget	1	105892
529.545	0.8	NonTarget	1	105909
529.625	0.8	NonTarget	1	105925
529.71	0.8	NonTarget	1	105942
529.79	0.8	NonTarget	1	105958
529.875	0.8	NonTarget	1	105975
529.96	0.8	NonTarget	1	105992
530.045	0.8	NonTarget	1	106009
530.125	0.8	NonTarget	1	106025
530.21	0.8	NonTarget	1	106042
530.295	0.8	NonTarget	1	106059
530.375	0.8	NonTarget	1	106075
530.46	0.8	NonTarget	1	106092
530.545	0.8	NonTarget	1	106109
530.63	0.8	NonTarget	1	106126
530.71	0.8	NonTarget	1	106142
530.795	0.8	NonTarget	1	106159
530.88	0.8	NonTarget	1	106176
530.96	0.8	NonTarget	1	106192
531.365	0.8	NonTarget	1	106273
531.445	0.8	NonTarget	1	106289
531.53	0.8	NonTarget	1	106306
531.61	0.8	NonTarget	1	106322
531.695	0.8	NonTarget	1	106339
531.78	0.8	NonTarget	1	106356
531.865	0.8	NonTarget	1	106373
531.945	0.8	NonTarget	1	106389
532.03	0.8	NonTarget	1	106406
532.115	0.8	NonTarget	1	106423
532.195	0.8	NonTarget	1	106439
532.28	0.8	NonTarget	1	106456
532.36	0.8	NonTarget	1	106472
532.445	0.8	NonTarget	1	106489
532.53	0.8	NonTarget	1	106506
532.615	0.8	NonTarget	1	106523
532.695	0.8	NonTarget	1	106539
532.78	0.8	NonTarget	1	106556
532.865	0.8	NonTarget	1	106573
532.95	0.8	NonTarget	1	106590
533.03	0.8	NonTarget	1	106606
533.115	0.8	NonTarget	1	106623
533.2	0.8	Target	2	106640
533.28	0.8	NonTarget	1	106656
533.365	0.8	NonTarget	1	106673
533.45	0.8	NonTarget	1	106690
533.53	0.8	NonTarget	1	106706
533.615	0.8	NonTarget	1	106723
533.7	0.8	NonTarget	1	106740
533.78	0.8	NonTarget	1	106756
534.18	0.8	NonTarget	1	106836
534.265	0.8	NonTarget	1	106853
534.35	0.8	NonTarget	1	106870
534.435	0.8	NonTarget	1	106887
534.515	0.8	NonTarget	1	106903
534.6	0.8	NonTarget	1	106920
534.685	0.8	NonTarget	1	106937
534.765	0.8	Target	2	106953
534.85	0.8	NonTarget	1	106970
534.93	0.8	NonTarget	1	106986
535.015	0.8	NonTarget	1	107003
535.1	0.8	NonTarget	1	107020
535.185	0.8	NonTarget	1	107037
535.27	0.8	NonTarget	1	107054
535.35	0.8	NonTarget	1	107070
535.435	0.8	NonTarget	1	107087
535.52	0.8	NonTarget	1	107104
535.6	0.8	NonTarget	1	107120
535.685	0.8	NonTarget	1	107137
535.77	0.8	NonTarget	1	107154
535.85	0.8	NonTarget	1	107170
535.935	0.8	NonTarget	1	107187
536.02	0.8	NonTarget	1	107204
536.105	0.8	NonTarget	1	107221
536.185	0.8	NonTarget	1	107237
536.27	0.8	NonTarget	1	107254
536.35	0.8	NonTarget	1	107270
536.435	0.8	NonTarget	1	107287
536.52	0.8	NonTarget	1	107304
536.605	0.8	NonTarget	1	107321
537.005	0.8	NonTarget	1	107401
537.085	0.8	NonTarget	1	107417
537.17	0.8	NonTarget	1	107434
537.255	0.8	NonTarget	1	107451
537.335	0.8	NonTarget	1	107467
537.42	0.8	NonTarget	1	107484
537.505	0.8	NonTarget	1	107501
537.59	0.8	NonTarget	1	107518
537.67	0.8	NonTarget	1	107534
537.755	0.8	NonTarget	1	107551
537.835	0.8	NonTarget	1	107567
537.92	0.8	NonTarget	1	107584
538.005	0.8	Target	2	107601
538.09	0.8	NonTarget	1	107618
538.17	0.8	NonTarget	1	107634
538.255	0.8	NonTarget	1	107651
538.34	0.8	NonTarget	1	107668
538.425	0.8	NonTarget	1	107685
538.505	0.8	NonTarget	1	107701
538.59	0.8	NonTarget	1	107718
538.675	0.8	NonTarget	1	107735
538.755	0.8	NonTarget	1	107751
538.84	0.8	NonTarget	1	107768
538.92	0.8	NonTarget	1	107784
539.005	0.8	NonTarget	1	107801
539.09	0.8	NonTarget	1	107818
539.175	0.8	NonTarget	1	107835
539.255	0.8	NonTarget	1	107851
539.34	0.8	NonTarget	1	107868
539.425	0.8	NonTarget	1	107885
539.825	0.8	NonTarget	1	107965
539.91	0.8	NonTarget	1	107982
539.99	0.8	NonTarget	1	107998
540.075	0.8	NonTarget	1	108015
540.155	0.8	NonTarget	1	108031
540.24	0.8	NonTarget	1	108048
540.325	0.8	NonTarget	1	108065
540.41	0.8	NonTarget	1	108082
540.49	0.8	NonTarget	1	108098
540.575	0.8	NonTarget	1	108115
540.66	0.8	NonTarget	1	108132
540.745	0.8	NonTarget	1	108149
540.825	0.8	NonTarget	1	108165
540.91	0.8	NonTarget	1	108182
540.99	0.8	NonTarget	1	108198
541.075	0.8	NonTarget	1	108215
541.16	0.8	NonTarget	1	108232
541.245	0.8	NonTarget	1	108249
541.325	0.8	NonTarget	1	108265
541.41	0.8	NonTarget	1	108282
541.495	0.8	NonTarget	1	108299
541.575	0.8	NonTarget	1	108315
541.66	0.8	Target	2	108332
541.745	0.8	NonTarget	1	108349
541.83	0.8	NonTarget	1	108366
541.91	0.8	NonTarget	1	108382
541.995	0.8	NonTarget	1	108399
542.08	0.8	NonTarget	1	108416
542.16	0.8	NonTarget	1	108432
542.245	0.8	NonTarget	1	108449
542.645	0.8	NonTarget	1	108529
542.73	0.8	NonTarget	1	108546
542.81	0.8	Target	2	108562
542.895	0.8	NonTarget	1	108579
542.98	0.8	NonTarget	1	108596
543.06	0.8	NonTarget	1	108612
543.145	0.8	NonTarget	1	108629
543.23	0.8	NonTarget	1	108646
543.31	0.8	NonTarget	1	108662
543.395	0.8	NonTarget	1	108679
543.48	0.8	NonTarget	1	108696
543.56	0.8	NonTarget	1	108712
543.645	0.8	NonTarget	1	108729
543.73	0.8	NonTarget	1	108746
543.815	0.8	NonTarget	1	108763
543.895	0.8	NonTarget	1	108779
543.98	0.8	NonTarget	1	108796
544.06	0.8	NonTarget	1	108812
544.145	0.8	NonTarget	1	108829
544.23	0.8	NonTarget	1	108846
544.315	0.8	NonTarget	1	108863
544.395	0.8	NonTarget	1	108879
544.48	0.8	NonTarget	1	108896
544.565	0.8	NonTarget	1	108913
544.65	0.8	NonTarget	1	108930
544.73	0.8	NonTarget	1	108946
544.815	0.8	NonTarget	1	108963
544.9	0.8	NonTarget	1	108980
544.98	0.8	NonTarget	1	108996
545.065	0.8	NonTarget	1	109013
545.465	0.8	NonTarget	1	109093
545.55	0.8	NonTarget	1	109110
545.635	0.8	NonTarget	1	109127
545.715	0.8	NonTarget	1	109143
545.8	0.8	NonTarget	1	109160
545.885	0.8	NonTarget	1	109177
545.965	0.8	NonTarget	1	109193
546.05	0.8	NonTarget	1	109210
546.135	0.8	NonTarget	1	109227
546.215	0.8	NonTarget	1	109243
546.3	0.8	NonTarget	1	109260
546.385	0.8	NonTarget	1	109277
546.465	0.8	NonTarget	1	109293
546.55	0.8	NonTarget	1	109310
546.635	0.8	NonTarget	1	109327
546.715	0.8	NonTarget	1	109343
546.8	0.8	NonTarget	1	109360
546.885	0.8	Target	2	109377
546.97	0.8	NonTarget	1	109394
547.05	0.8	NonTarget	1	109410
547.135	0.8	NonTarget	1	109427
547.22	0.8	NonTarget	1	109444
547.3	0.8	NonTarget	1	109460
547.385	0.8	NonTarget	1	109477
547.47	0.8	NonTarget	1	109494
547.55	0.8	NonTarget	1	109510
547.635	0.8	NonTarget	1	109527
547.72	0.8	NonTarget	1	109544
547.8	0.8	NonTarget	1	109560
547.885	0.8	NonTarget	1	109577
548.285	0.8	NonTarget	1	109657
548.37	0.8	NonTarget	1	109674
548.455	0.8	NonTarget	1	109691
548.535	0.8	NonTarget	1	109707
548.62	0.8	NonTarget	1	109724
548.705	0.8	NonTarget	1	109741
548.79	0.8	NonTarget	1	109758
548.87	0.8	NonTarget	1	109774
548.955	0.8	NonTarget	1	109791
549.035	0.8	NonTarget	1	109807
549.12	0.8	NonTarget	1	109824
549.205	0.8	NonTarget	1	109841
549.285	0.8	NonTarget	1	109857
549.37	0.8	NonTarget	1	109874
549.455	0.8	NonTarget	1	109891
549.535	0.8	NonTarget	1	109907
549.62	0.8	NonTarget	1	109924
549.705	0.8	NonTarget	1	109941
549.79	0.8	NonTarget	1	109958
549.87	0.8	NonTarget	1	109974
549.955	0.8	NonTarget	1	109991
550.04	0.8	NonTarget	1	110008
550.12	0.8	Target	2	110024
550.205	0.8	NonTarget	1	110041
550.29	0.8	NonTarget	1	110058
550.375	0.8	NonTarget	1	110075
550.455	0.8	NonTarget	1	110091
550.54	0.8	NonTarget	1	110108
550.625	0.8	NonTarget	1	110125
550.705	0.8	NonTarget	1	110141
559.27	0.8	NonTarget	1	111854
559.355	0.8	NonTarget	1	111871
559.435	0.8	NonTarget	1	111887
559.52	0.8	NonTarget	1	111904
559.6	0.8	NonTarget	1	111920
559.685	0.8	NonTarget	1	111937
559.77	0.8	NonTarget	1	111954
559.855	0.8	NonTarget	1	111971
559.935	0.8	NonTarget	1	111987
560.02	0.8	NonTarget	1	112004
560.105	0.8	NonTarget	1	112021
560.185	0.8	NonTarget	1	112037
560.27	0.8	Target	2	112054
560.355	0.8	NonTarget	1	112071
560.435	0.8	NonTarget	1	112087
560.52	0.8	NonTarget	1	112104
560.6	0.8	NonTarget	1	112120
560.685	0.8	NonTarget	1	112137
560.77	0.8	NonTarget	1	112154
560.855	0.8	NonTarget	1	112171
560.935	0.8	NonTarget	1	112187
561.02	0.8	NonTarget	1	112204
561.105	0.8	NonTarget	1	112221
561.19	0.8	NonTarget	1	112238
561.27	0.8	NonTarget	1	112254
561.355	0.8	NonTarget	1	112271
561.44	0.8	NonTarget	1	112288
561.52	0.8	NonTarget	1	112304
561.605	0.8	NonTarget	1	112321
561.69	0.8	NonTarget	1	112338
562.09	0.8	NonTarget	1	112418
562.175	0.8	NonTarget	1	112435
562.255	0.8	NonTarget	1	112451
562.34	0.8	NonTarget	1	112468
562.425	0.8	NonTarget	1	112485
562.505	0.8	NonTarget	1	112501
562.59	0.8	NonTarget	1	112518
562.67	0.8	Target	2	112534
562.755	0.8	NonTarget	1	112551
562.84	0.8	NonTarget	1	112568
562.925	0.8	NonTarget	1	112585
563.005	0.8	NonTarget	1	112601
563.09	0.8	NonTarget	1	112618
563.175	0.8	NonTarget	1	112635
563.255	0.8	NonTarget	1	112651
563.34	0.8	NonTarget	1	112668
563.425	0.8	NonTarget	1	112685
563.51	0.8	NonTarget	1	112702
563.59	0.8	NonTarget	1	112718
563.675	0.8	NonTarget	1	112735
563.755	0.8	NonTarget	1	112751
563.84	0.8	NonTarget	1	112768
563.925	0.8	NonTarget	1	112785
564.01	0.8	NonTarget	1	112802
564.09	0.8	NonTarget	1	112818
564.175	0.8	NonTarget	1	112835
564.26	0.8	NonTarget	1	112852
564.34	0.8	NonTarget	1	112868
564.425	0.8	NonTarget	1	112885
564.51	0.8	NonTarget	1	112902
564.91	0.8	NonTarget	1	112982
564.995	0.8	NonTarget	1	112999
565.08	0.8	NonTarget	1	113016
565.16	0.8	NonTarget	1	113032
565.245	0.8	NonTarget	1	113049
565.325	0.8	NonTarget	1	113065
565.41	0.8	NonTarget	1	113082
565.495	0.8	Target	2	113099
565.575	0.8	NonTarget	1	113115
565.66	0.8	NonTarget	1	113132
565.745	0.8	NonTarget	1	113149
565.825	0.8	NonTarget	1	113165
565.91	0.8	NonTarget	1	113182
565.995	0.8	NonTarget	1	113199
566.075	0.8	NonTarget	1	113215
566.16	0.8	NonTarget	1	113232
566.245	0.8	NonTarget	1	113249
566.33	0.8	NonTarget	1	113266
566.41	0.8	NonTarget	1	113282
566.495	0.8	NonTarget	1	113299
566.575	0.8	NonTarget	1	113315
566.66	0.8	NonTarget	1	113332
566.745	0.8	NonTarget	1	113349
566.83	0.8	NonTarget	1	113366
566.91	0.8	NonTarget	1	113382
566.995	0.8	NonTarget	1	113399
567.08	0.8	NonTarget	1	113416
567.165	0.8	NonTarget	1	113433
567.245	0.8	NonTarget	1	113449
567.33	0.8	NonTarget	1	113466
567.73	0.8	NonTarget	1	113546
567.815	0.8	NonTarget	1	113563
567.895	0.8	NonTarget	1	113579
567.98	0.8	NonTarget	1	113596
568.065	0.8	NonTarget	1	113613
568.15	0.8	NonTarget	1	113630
568.23	0.8	NonTarget	1	113646
568.315	0.8	NonTarget	1	113663
568.4	0.8	NonTarget	1	113680
568.48	0.8	NonTarget	1	113696
568.565	0.8	NonTarget	1	113713
568.65	0.8	NonTarget	1	113730
568.73	0.8	NonTarget	1	113746
568.815	0.8	NonTarget	1	113763
568.9	0.8	NonTarget	1	113780
568.98	0.8	NonTarget	1	113796
569.065	0.8	NonTarget	1	113813
569.15	0.8	NonTarget	1	113830
569.23	0.8	NonTarget	1	113846
569.315	0.8	NonTarget	1	113863
569.4	0.8	NonTarget	1	113880
569.485	0.8	NonTarget	1	113897
569.565	0.8	Target	2	113913
569.65	0.8	NonTarget	1	113930
569.735	0.8	NonTarget	1	113947
569.815	0.8	NonTarget	1	113963
569.9	0.8	NonTarget	1	113980
569.985	0.8	NonTarget	1	113997
570.07	0.8	NonTarget	1	114014
570.15	0.8	NonTarget	1	114030
570.55	0.8	NonTarget	1	114110
570.635	0.8	NonTarget	1	114127
570.72	0.8	NonTarget	1	114144
570.8	0.8	NonTarget	1	114160
570.885	0.8	NonTarget	1	114177
570.97	0.8	NonTarget	1	114194
571.05	0.8	NonTarget	1	114210
571.135	0.8	NonTarget	1	114227
571.22	0.8	NonTarget	1	114244
571.3	0.8	NonTarget	1	114260
571.385	0.8	NonTarget	1	114277
571.47	0.8	NonTarget	1	114294
571.55	0.8	NonTarget	1	114310
571.635	0.8	NonTarget	1	114327
571.72	0.8	NonTarget	1	114344
571.8	0.8	NonTarget	1	114360
571.885	0.8	NonTarget	1	114377
571.97	0.8	Target	2	114394
572.055	0.8	NonTarget	1	114411
572.135	0.8	NonTarget	1	114427
572.22	0.8	NonTarget	1	114444
572.305	0.8	NonTarget	1	114461
572.385	0.8	NonTarget	1	114477
572.47	0.8	NonTarget	1	114494
572.555	0.8	NonTarget	1	114511
572.64	0.8	NonTarget	1	114528
572.72	0.8	NonTarget	1	114544
572.805	0.8	NonTarget	1	114561
572.885	0.8	NonTarget	1	114577
572.97	0.8	NonTarget	1	114594
573.37	0.8	NonTarget	1	114674
573.455	0.8	NonTarget	1	114691
573.54	0.8	NonTarget	1	114708
573.62	0.8	NonTarget	1	114724
573.705	0.8	NonTarget	1	114741
573.79	0.8	NonTarget	1	114758
573.875	0.8	NonTarget	1	114775
573.955	0.8	NonTarget	1	114791
574.04	0.8	NonTarget	1	114808
574.12	0.8	NonTarget	1	114824
574.205	0.8	NonTarget	1	114841
574.29	0.8	NonTarget	1	114858
574.375	0.8	NonTarget	1	114875
574.455	0.8	NonTarget	1	114891
574.54	0.8	NonTarget	1	114908
574.625	0.8	NonTarget	1	114925
574.705	0.8	NonTarget	1	114941
574.79	0.8	NonTarget	1	114958
574.875	0.8	NonTarget	1	114975
574.955	0.8	NonTarget	1	114991
575.04	0.8	NonTarget	1	115008
575.125	0.8	NonTarget	1	115025
575.205	0.8	Target	2	115041
575.29	0.8	NonTarget	1	115058
575.375	0.8	NonTarget	1	115075
575.46	0.8	NonTarget	1	115092
575.54	0.8	NonTarget	1	115108
575.625	0.8	NonTarget	1	115125
575.71	0.8	NonTarget	1	115142
575.79	0.8	NonTarget	1	115158
576.19	0.8	NonTarget	1	115238
576.275	0.8	NonTarget	1	115255
576.36	0.8	Target	2	115272
576.44	0.8	NonTarget	1	115288
576.525	0.8	NonTarget	1	115305
576.61	0.8	NonTarget	1	115322
576.695	0.8	NonTarget	1	115339
576.775	0.8	NonTarget	1	115355
576.86	0.8	NonTarget	1	115372
576.945	0.8	NonTarget	1	115389
577.025	0.8	NonTarget	1	115405
577.11	0.8	NonTarget	1	115422
577.195	0.8	NonTarget	1	115439
577.28	0.8	NonTarget	1	115456
577.36	0.8	NonTarget	1	115472
577.44	0.8	NonTarget	1	115488
577.53	0.8	NonTarget	1	115506
577.61	0.8	NonTarget	1	115522
577.695	0.8	NonTarget	1	115539
577.775	0.8	NonTarget	1	115555
577.86	0.8	NonTarget	1	115572
577.945	0.8	NonTarget	1	115589
578.03	0.8	NonTarget	1	115606
578.11	0.8	NonTarget	1	115622
578.195	0.8	NonTarget	1	115639
578.28	0.8	NonTarget	1	115656
578.36	0.8	NonTarget	1	115672
578.445	0.8	NonTarget	1	115689
578.53	0.8	NonTarget	1	115706
578.61	0.8	NonTarget	1	115722
579.01	0.8	NonTarget	1	115802
579.095	0.8	NonTarget	1	115819
579.18	0.8	NonTarget	1	115836
579.265	0.8	NonTarget	1	115853
579.345	0.8	NonTarget	1	115869
579.43	0.8	NonTarget	1	115886
579.515	0.8	NonTarget	1	115903
579.595	0.8	NonTarget	1	115919
579.68	0.8	NonTarget	1	115936
579.765	0.8	NonTarget	1	115953
579.845	0.8	NonTarget	1	115969
579.93	0.8	NonTarget	1	115986
580.015	0.8	Target	2	116003
580.1	0.8	NonTarget	1	116020
580.18	0.8	NonTarget	1	116036
580.265	0.8	NonTarget	1	116053
580.35	0.8	NonTarget	1	116070
580.43	0.8	NonTarget	1	116086
580.515	0.8	NonTarget	1	116103
580.6	0.8	NonTarget	1	116120
580.68	0.8	NonTarget	1	116136
580.765	0.8	NonTarget	1	116153
580.85	0.8	NonTarget	1	116170
580.935	0.8	NonTarget	1	116187
581.015	0.8	NonTarget	1	116203
581.1	0.8	NonTarget	1	116220
581.18	0.8	NonTarget	1	116236
581.265	0.8	NonTarget	1	116253
581.35	0.8	NonTarget	1	116270
581.435	0.8	NonTarget	1	116287
581.835	0.8	NonTarget	1	116367
581.915	0.8	NonTarget	1	116383
582.0	0.8	NonTarget	1	116400
582.085	0.8	NonTarget	1	116417
582.165	0.8	NonTarget	1	116433
582.25	0.8	NonTarget	1	116450
582.335	0.8	NonTarget	1	116467
582.42	0.8	NonTarget	1	116484
582.5	0.8	NonTarget	1	116500
582.585	0.8	NonTarget	1	116517
582.67	0.8	NonTarget	1	116534
582.75	0.8	NonTarget	1	116550
582.835	0.8	NonTarget	1	116567
582.92	0.8	NonTarget	1	116584
583.0	0.8	NonTarget	1	116600
583.085	0.8	NonTarget	1	116617
583.17	0.8	NonTarget	1	116634
583.25	0.8	NonTarget	1	116650
583.335	0.8	NonTarget	1	116667
583.42	0.8	NonTarget	1	116684
583.5	0.8	NonTarget	1	116700
583.585	0.8	NonTarget	1	116717
583.67	0.8	Target	2	116734
583.755	0.8	NonTarget	1	116751
583.835	0.8	NonTarget	1	116767
583.92	0.8	NonTarget	1	116784
584.005	0.8	NonTarget	1	116801
584.085	0.8	NonTarget	1	116817
584.17	0.8	NonTarget	1	116834
584.255	0.8	NonTarget	1	116851
584.655	0.8	NonTarget	1	116931
584.74	0.8	NonTarget	1	116948
584.82	0.8	NonTarget	1	116964
584.905	0.8	NonTarget	1	116981
584.99	0.8	NonTarget	1	116998
585.07	0.8	NonTarget	1	117014
585.155	0.8	NonTarget	1	117031
585.24	0.8	NonTarget	1	117048
585.32	0.8	NonTarget	1	117064
585.405	0.8	NonTarget	1	117081
585.49	0.8	NonTarget	1	117098
585.57	0.8	NonTarget	1	117114
585.655	0.8	NonTarget	1	117131
585.74	0.8	NonTarget	1	117148
585.82	0.8	NonTarget	1	117164
585.905	0.8	NonTarget	1	117181
585.99	0.8	NonTarget	1	117198
586.07	0.8	Target	2	117214
586.155	0.8	NonTarget	1	117231
586.24	0.8	NonTarget	1	117248
586.325	0.8	NonTarget	1	117265
586.405	0.8	NonTarget	1	117281
586.49	0.8	NonTarget	1	117298
586.575	0.8	NonTarget	1	117315
586.655	0.8	NonTarget	1	117331
586.74	0.8	NonTarget	1	117348
586.825	0.8	NonTarget	1	117365
586.905	0.8	NonTarget	1	117381
586.99	0.8	NonTarget	1	117398
587.075	0.8	NonTarget	1	117415
595.625	0.8	NonTarget	1	119125
595.705	0.8	NonTarget	1	119141
595.785	0.8	NonTarget	1	119157
595.87	0.8	NonTarget	1	119174
595.955	0.8	NonTarget	1	119191
596.04	0.8	NonTarget	1	119208
596.12	0.8	NonTarget	1	119224
596.205	0.8	NonTarget	1	119241
596.29	0.8	NonTarget	1	119258
596.37	0.8	NonTarget	1	119274
596.455	0.8	NonTarget	1	119291
596.54	0.8	NonTarget	1	119308
596.62	0.8	Target	2	119324
596.705	0.8	NonTarget	1	119341
596.79	0.8	NonTarget	1	119358
596.87	0.8	NonTarget	1	119374
596.955	0.8	NonTarget	1	119391
597.04	0.8	NonTarget	1	119408
597.12	0.8	NonTarget	1	119424
597.205	0.8	NonTarget	1	119441
597.29	0.8	NonTarget	1	119458
597.37	0.8	NonTarget	1	119474
597.455	0.8	NonTarget	1	119491
597.54	0.8	NonTarget	1	119508
597.625	0.8	NonTarget	1	119525
597.705	0.8	NonTarget	1	119541
597.79	0.8	NonTarget	1	119558
597.875	0.8	NonTarget	1	119575
597.955	0.8	NonTarget	1	119591
598.04	0.8	NonTarget	1	119608
598.44	0.8	NonTarget	1	119688
598.525	0.8	NonTarget	1	119705
598.605	0.8	NonTarget	1	119721
598.69	0.8	NonTarget	1	119738
598.775	0.8	NonTarget	1	119755
598.855	0.8	NonTarget	1	119771
598.94	0.8	NonTarget	1	119788
599.025	0.8	NonTarget	1	119805
599.11	0.8	NonTarget	1	119822
599.19	0.8	NonTarget	1	119838
599.275	0.8	NonTarget	1	119855
599.36	0.8	NonTarget	1	119872
599.44	0.8	NonTarget	1	119888
599.525	0.8	NonTarget	1	119905
599.61	0.8	NonTarget	1	119922
599.69	0.8	NonTarget	1	119938
599.775	0.8	NonTarget	1	119955
599.86	0.8	NonTarget	1	119972
599.945	0.8	NonTarget	1	119989
600.025	0.8	NonTarget	1	120005
600.11	0.8	NonTarget	1	120022
600.19	0.8	NonTarget	1	120038
600.275	0.8	NonTarget	1	120055
600.36	0.8	NonTarget	1	120072
600.445	0.8	NonTarget	1	120089
600.525	0.8	NonTarget	1	120105
600.61	0.8	NonTarget	1	120122
600.695	0.8	Target	2	120139
600.775	0.8	NonTarget	1	120155
600.86	0.8	NonTarget	1	120172
601.26	0.8	NonTarget	1	120252
601.345	0.8	NonTarget	1	120269
601.43	0.8	Target	2	120286
601.51	0.8	NonTarget	1	120302
601.595	0.8	NonTarget	1	120319
601.68	0.8	NonTarget	1	120336
601.76	0.8	NonTarget	1	120352
601.845	0.8	NonTarget	1	120369
601.93	0.8	NonTarget	1	120386
602.01	0.8	NonTarget	1	120402
602.095	0.8	NonTarget	1	120419
602.18	0.8	NonTarget	1	120436
602.265	0.8	NonTarget	1	120453
602.345	0.8	NonTarget	1	120469
602.43	0.8	NonTarget	1	120486
602.51	0.8	NonTarget	1	120502
602.595	0.8	NonTarget	1	120519
602.68	0.8	NonTarget	1	120536
602.765	0.8	NonTarget	1	120553
602.845	0.8	NonTarget	1	120569
602.93	0.8	NonTarget	1	120586
603.015	0.8	NonTarget	1	120603
603.095	0.8	NonTarget	1	120619
603.18	0.8	NonTarget	1	120636
603.265	0.8	NonTarget	1	120653
603.35	0.8	NonTarget	1	120670
603.43	0.8	NonTarget	1	120686
603.515	0.8	NonTarget	1	120703
603.595	0.8	NonTarget	1	120719
603.68	0.8	NonTarget	1	120736
604.08	0.8	NonTarget	1	120816
604.165	0.8	NonTarget	1	120833
604.25	0.8	Target	2	120850
604.33	0.8	NonTarget	1	120866
604.415	0.8	NonTarget	1	120883
604.5	0.8	NonTarget	1	120900
604.58	0.8	NonTarget	1	120916
604.665	0.8	NonTarget	1	120933
604.75	0.8	NonTarget	1	120950
604.835	0.8	NonTarget	1	120967
604.915	0.8	NonTarget	1	120983
605.0	0.8	NonTarget	1	121000
605.08	0.8	NonTarget	1	121016
605.165	0.8	NonTarget	1	121033
605.25	0.8	NonTarget	1	121050
605.335	0.8	NonTarget	1	121067
605.415	0.8	NonTarget	1	121083
605.5	0.8	NonTarget	1	121100
605.585	0.8	NonTarget	1	121117
605.665	0.8	NonTarget	1	121133
605.75	0.8	NonTarget	1	121150
605.835	0.8	NonTarget	1	121167
605.92	0.8	NonTarget	1	121184
606.0	0.8	NonTarget	1	121200
606.085	0.8	NonTarget	1	121217
606.17	0.8	NonTarget	1	121234
606.25	0.8	NonTarget	1	121250
606.335	0.8	NonTarget	1	121267
606.42	0.8	NonTarget	1	121284
606.5	0.8	NonTarget	1	121300
606.9	0.8	NonTarget	1	121380
606.985	0.8	NonTarget	1	121397
607.07	0.8	Target	2	121414
607.15	0.8	NonTarget	1	121430
607.235	0.8	NonTarget	1	121447
607.32	0.8	NonTarget	1	121464
607.405	0.8	NonTarget	1	121481
607.485	0.8	NonTarget	1	121497
607.57	0.8	NonTarget	1	121514
607.655	0.8	NonTarget	1	121531
607.735	0.8	NonTarget	1	121547
607.82	0.8	NonTarget	1	121564
607.905	0.8	NonTarget	1	121581
607.985	0.8	NonTarget	1	121597
608.07	0.8	NonTarget	1	121614
608.155	0.8	NonTarget	1	121631
608.235	0.8	NonTarget	1	121647
608.32	0.8	NonTarget	1	121664
608.405	0.8	NonTarget	1	121681
608.49	0.8	NonTarget	1	121698
608.57	0.8	NonTarget	1	121714
608.655	0.8	NonTarget	1	121731
608.74	0.8	NonTarget	1	121748
608.82	0.8	NonTarget	1	121764
608.905	0.8	NonTarget	1	121781
608.99	0.8	NonTarget	1	121798
609.07	0.8	NonTarget	1	121814
609.155	0.8	NonTarget	1	121831
609.24	0.8	NonTarget	1	121848
609.32	0.8	NonTarget	1	121864
609.72	0.8	NonTarget	1	121944
609.805	0.8	NonTarget	1	121961
609.89	0.8	NonTarget	1	121978
609.975	0.8	NonTarget	1	121995
610.055	0.8	NonTarget	1	122011
610.14	0.8	NonTarget	1	122028
610.225	0.8	NonTarget	1	122045
610.31	0.8	NonTarget	1	122062
610.39	0.8	NonTarget	1	122078
610.475	0.8	NonTarget	1	122095
610.555	0.8	NonTarget	1	122111
610.64	0.8	NonTarget	1	122128
610.725	0.8	NonTarget	1	122145
610.81	0.8	NonTarget	1	122162
610.89	0.8	NonTarget	1	122178
610.975	0.8	NonTarget	1	122195
611.06	0.8	NonTarget	1	122212
611.14	0.8	NonTarget	1	122228
611.225	0.8	NonTarget	1	122245
611.31	0.8	NonTarget	1	122262
611.395	0.8	NonTarget	1	122279
611.475	0.8	NonTarget	1	122295
611.56	0.8	Target	2	122312
611.64	0.8	NonTarget	1	122328
611.725	0.8	NonTarget	1	122345
611.81	0.8	NonTarget	1	122362
611.89	0.8	NonTarget	1	122378
611.975	0.8	NonTarget	1	122395
612.06	0.8	NonTarget	1	122412
612.145	0.8	NonTarget	1	122429
612.545	0.8	NonTarget	1	122509
612.625	0.8	NonTarget	1	122525
612.71	0.8	NonTarget	1	122542
612.795	0.8	NonTarget	1	122559
612.875	0.8	NonTarget	1	122575
612.96	0.8	NonTarget	1	122592
613.045	0.8	NonTarget	1	122609
613.13	0.8	NonTarget	1	122626
613.21	0.8	NonTarget	1	122642
613.295	0.8	NonTarget	1	122659
613.38	0.8	NonTarget	1	122676
613.46	0.8	NonTarget	1	122692
613.545	0.8	NonTarget	1	122709
613.63	0.8	NonTarget	1	122726
613.71	0.8	NonTarget	1	122742
613.795	0.8	NonTarget	1	122759
613.88	0.8	NonTarget	1	122776
613.96	0.8	Target	2	122792
614.045	0.8	NonTarget	1	122809
614.13	0.8	NonTarget	1	122826
614.21	0.8	NonTarget	1	122842
614.295	0.8	NonTarget	1	122859
614.38	0.8	NonTarget	1	122876
614.465	0.8	NonTarget	1	122893
614.545	0.8	NonTarget	1	122909
614.63	0.8	NonTarget	1	122926
614.71	0.8	NonTarget	1	122942
614.795	0.8	NonTarget	1	122959
614.88	0.8	NonTarget	1	122976
614.965	0.8	NonTarget	1	122993
615.365	0.8	NonTarget	1	123073
615.45	0.8	NonTarget	1	123090
615.53	0.8	NonTarget	1	123106
615.615	0.8	NonTarget	1	123123
615.695	0.8	NonTarget	1	123139
615.78	0.8	NonTarget	1	123156
615.865	0.8	NonTarget	1	123173
615.95	0.8	NonTarget	1	123190
616.03	0.8	NonTarget	1	123206
616.115	0.8	NonTarget	1	123223
616.2	0.8	NonTarget	1	123240
616.28	0.8	NonTarget	1	123256
616.365	0.8	NonTarget	1	123273
616.45	0.8	NonTarget	1	123290
616.53	0.8	NonTarget	1	123306
616.615	0.8	NonTarget	1	123323
616.7	0.8	NonTarget	1	123340
616.785	0.8	Target	2	123357
616.865	0.8	NonTarget	1	123373
616.95	0.8	NonTarget	1	123390
617.035	0.8	NonTarget	1	123407
617.115	0.8	NonTarget	1	123423
617.2	0.8	NonTarget	1	123440
617.285	0.8	NonTarget	1	123457
617.37	0.8	NonTarget	1	123474
617.45	0.8	NonTarget	1	123490
617.535	0.8	NonTarget	1	123507
617.62	0.8	NonTarget	1	123524
617.7	0.8	NonTarget	1	123540
617.785	0.8	NonTarget	1	123557
618.185	0.8	NonTarget	1	123637
618.27	0.8	NonTarget	1	123654
618.35	0.8	NonTarget	1	123670
618.435	0.8	NonTarget	1	123687
618.52	0.8	NonTarget	1	123704
618.605	0.8	NonTarget	1	123721
618.685	0.8	NonTarget	1	123737
618.765	0.8	NonTarget	1	123753
618.855	0.8	NonTarget	1	123771
618.935	0.8	NonTarget	1	123787
619.02	0.8	NonTarget	1	123804
619.105	0.8	NonTarget	1	123821
619.185	0.8	NonTarget	1	123837
619.27	0.8	NonTarget	1	123854
619.355	0.8	NonTarget	1	123871
619.435	0.8	NonTarget	1	123887
619.52	0.8	NonTarget	1	123904
619.605	0.8	NonTarget	1	123921
619.685	0.8	NonTarget	1	123937
619.77	0.8	NonTarget	1	123954
619.855	0.8	NonTarget	1	123971
619.94	0.8	NonTarget	1	123988
620.02	0.8	Target	2	124004
620.105	0.8	NonTarget	1	124021
620.19	0.8	NonTarget	1	124038
620.27	0.8	NonTarget	1	124054
620.355	0.8	NonTarget	1	124071
620.44	0.8	NonTarget	1	124088
620.52	0.8	NonTarget	1	124104
620.605	0.8	NonTarget	1	124121
621.005	0.8	NonTarget	1	124201
621.09	0.8	NonTarget	1	124218
621.175	0.8	NonTarget	1	124235
621.255	0.8	NonTarget	1	124251
621.34	0.8	NonTarget	1	124268
621.425	0.8	NonTarget	1	124285
621.505	0.8	NonTarget	1	124301
621.59	0.8	NonTarget	1	124318
621.675	0.8	NonTarget	1	124335
621.755	0.8	NonTarget	1	124351
621.84	0.8	NonTarget	1	124368
621.925	0.8	NonTarget	1	124385
622.005	0.8	NonTarget	1	124401
622.09	0.8	NonTarget	1	124418
622.175	0.8	NonTarget	1	124435
622.255	0.8	NonTarget	1	124451
622.34	0.8	NonTarget	1	124468
622.425	0.8	NonTarget	1	124485
622.51	0.8	NonTarget	1	124502
622.59	0.8	NonTarget	1	124518
622.675	0.8	NonTarget	1	124535
622.76	0.8	NonTarget	1	124552
622.84	0.8	Target	2	124568
622.925	0.8	NonTarget	1	124585
623.01	0.8	NonTarget	1	124602
623.09	0.8	NonTarget	1	124618
623.175	0.8	NonTarget	1	124635
623.26	0.8	NonTarget	1	124652
623.345	0.8	NonTarget	1	124669
623.425	0.8	NonTarget	1	124685
631.995	0.8	NonTarget	1	126399
632.07	0.8	NonTarget	1	126414
632.155	0.8	NonTarget	1	126431
632.24	0.8	NonTarget	1	126448
632.32	0.8	NonTarget	1	126464
632.405	0.8	NonTarget	1	126481
632.49	0.8	NonTarget	1	126498
632.57	0.8	NonTarget	1	126514
632.655	0.8	Target	2	126531
632.74	0.8	NonTarget	1	126548
632.82	0.8	NonTarget	1	126564
632.905	0.8	NonTarget	1	126581
632.99	0.8	NonTarget	1	126598
633.07	0.8	NonTarget	1	126614
633.155	0.8	NonTarget	1	126631
633.24	0.8	NonTarget	1	126648
633.325	0.8	NonTarget	1	126665
633.405	0.8	NonTarget	1	126681
633.49	0.8	NonTarget	1	126698
633.575	0.8	NonTarget	1	126715
633.655	0.8	NonTarget	1	126731
633.74	0.8	NonTarget	1	126748
633.825	0.8	NonTarget	1	126765
633.905	0.8	NonTarget	1	126781
633.99	0.8	NonTarget	1	126798
634.075	0.8	NonTarget	1	126815
634.155	0.8	NonTarget	1	126831
634.24	0.8	NonTarget	1	126848
634.325	0.8	NonTarget	1	126865
634.41	0.8	NonTarget	1	126882
634.81	0.8	NonTarget	1	126962
634.89	0.8	NonTarget	1	126978
634.975	0.8	NonTarget	1	126995
635.06	0.8	Target	2	127012
635.14	0.8	NonTarget	1	127028
635.225	0.8	NonTarget	1	127045
635.31	0.8	NonTarget	1	127062
635.39	0.8	NonTarget	1	127078
635.475	0.8	NonTarget	1	127095
635.56	0.8	NonTarget	1	127112
635.645	0.8	NonTarget	1	127129
635.725	0.8	NonTarget	1	127145
635.81	0.8	NonTarget	1	127162
635.895	0.8	NonTarget	1	127179
635.975	0.8	NonTarget	1	127195
636.06	0.8	NonTarget	1	127212
636.145	0.8	NonTarget	1	127229
636.225	0.8	NonTarget	1	127245
636.31	0.8	NonTarget	1	127262
636.395	0.8	NonTarget	1	127279
636.48	0.8	NonTarget	1	127296
636.56	0.8	NonTarget	1	127312
636.645	0.8	NonTarget	1	127329
636.73	0.8	NonTarget	1	127346
636.81	0.8	NonTarget	1	127362
636.895	0.8	NonTarget	1	127379
636.98	0.8	NonTarget	1	127396
637.06	0.8	NonTarget	1	127412
637.145	0.8	NonTarget	1	127429
637.23	0.8	NonTarget	1	127446
637.63	0.8	NonTarget	1	127526
637.715	0.8	NonTarget	1	127543
637.795	0.8	NonTarget	1	127559
637.88	0.8	NonTarget	1	127576
637.965	0.8	NonTarget	1	127593
638.045	0.8	NonTarget	1	127609
638.13	0.8	NonTarget	1	127626
638.215	0.8	NonTarget	1	127643
638.3	0.8	NonTarget	1	127660
638.38	0.8	NonTarget	1	127676
638.465	0.8	NonTarget	1	127693
638.545	0.8	NonTarget	1	127709
638.63	0.8	NonTarget	1	127726
638.715	0.8	NonTarget	1	127743
638.795	0.8	NonTarget	1	127759
638.88	0.8	NonTarget	1	127776
638.965	0.8	NonTarget	1	127793
639.045	0.8	NonTarget	1	127809
639.13	0.8	NonTarget	1	127826
639.215	0.8	NonTarget	1	127843
639.3	0.8	NonTarget	1	127860
639.38	0.8	NonTarget	1	127876
639.465	0.8	NonTarget	1	127893
639.55	0.8	NonTarget	1	127910
639.63	0.8	NonTarget	1	127926
639.715	0.8	NonTarget	1	127943
639.8	0.8	NonTarget	1	127960
639.88	0.8	NonTarget	1	127976
639.965	0.8	Target	2	127993
640.05	0.8	NonTarget	1	128010
640.45	0.8	NonTarget	1	128090
640.53	0.8	NonTarget	1	128106
640.615	0.8	NonTarget	1	128123
640.7	0.8	NonTarget	1	128140
640.785	0.8	NonTarget	1	128157
640.865	0.8	NonTarget	1	128173
640.95	0.8	NonTarget	1	128190
641.035	0.8	NonTarget	1	128207
641.12	0.8	NonTarget	1	128224
641.2	0.8	NonTarget	1	128240
641.285	0.8	NonTarget	1	128257
641.37	0.8	NonTarget	1	128274
641.45	0.8	NonTarget	1	128290
641.535	0.8	NonTarget	1	128307
641.62	0.8	NonTarget	1	128324
641.7	0.8	NonTarget	1	128340
641.785	0.8	NonTarget	1	128357
641.87	0.8	NonTarget	1	128374
641.95	0.8	NonTarget	1	128390
642.035	0.8	NonTarget	1	128407
642.12	0.8	NonTarget	1	128424
642.2	0.8	NonTarget	1	128440
642.285	0.8	NonTarget	1	128457
642.37	0.8	NonTarget	1	128474
642.45	0.8	NonTarget	1	128490
642.535	0.8	NonTarget	1	128507
642.62	0.8	NonTarget	1	128524
642.705	0.8	NonTarget	1	128541
642.785	0.8	Target	2	128557
642.87	0.8	NonTarget	1	128574
643.27	0.8	NonTarget	1	128654
643.355	0.8	NonTarget	1	128671
643.435	0.8	NonTarget	1	128687
643.52	0.8	Target	2	128704
643.605	0.8	NonTarget	1	128721
643.685	0.8	NonTarget	1	128737
643.77	0.8	NonTarget	1	128754
643.855	0.8	NonTarget	1	128771
643.94	0.8	NonTarget	1	128788
644.02	0.8	NonTarget	1	128804
644.105	0.8	NonTarget	1	128821
644.19	0.8	NonTarget	1	128838
644.27	0.8	NonTarget	1	128854
644.355	0.8	NonTarget	1	128871
644.44	0.8	NonTarget	1	128888
644.52	0.8	NonTarget	1	128904
644.605	0.8	NonTarget	1	128921
644.69	0.8	NonTarget	1	128938
644.775	0.8	NonTarget	1	128955
644.855	0.8	NonTarget	1	128971
644.94	0.8	NonTarget	1	128988
645.025	0.8	NonTarget	1	129005
645.105	0.8	NonTarget	1	129021
645.19	0.8	NonTarget	1	129038
645.27	0.8	NonTarget	1	129054
645.355	0.8	NonTarget	1	129071
645.44	0.8	NonTarget	1	129088
645.525	0.8	NonTarget	1	129105
645.61	0.8	NonTarget	1	129122
645.69	0.8	NonTarget	1	129138
646.09	0.8	NonTarget	1	129218
646.175	0.8	NonTarget	1	129235
646.26	0.8	NonTarget	1	129252
646.34	0.8	NonTarget	1	129268
646.425	0.8	NonTarget	1	129285
646.51	0.8	NonTarget	1	129302
646.59	0.8	NonTarget	1	129318
646.675	0.8	NonTarget	1	129335
646.76	0.8	Target	2	129352
646.845	0.8	NonTarget	1	129369
646.925	0.8	NonTarget	1	129385
647.01	0.8	NonTarget	1	129402
647.095	0.8	NonTarget	1	129419
647.175	0.8	NonTarget	1	129435
647.26	0.8	NonTarget	1	129452
647.345	0.8	NonTarget	1	129469
647.425	0.8	NonTarget	1	129485
647.51	0.8	NonTarget	1	129502
647.595	0.8	NonTarget	1	129519
647.675	0.8	NonTarget	1	129535
647.76	0.8	NonTarget	1	129552
647.84	0.8	NonTarget	1	129568
647.925	0.8	NonTarget	1	129585
648.01	0.8	NonTarget	1	129602
648.095	0.8	NonTarget	1	129619
648.175	0.8	NonTarget	1	129635
648.26	0.8	NonTarget	1	129652
648.345	0.8	NonTarget	1	129669
648.43	0.8	NonTarget	1	129686
648.51	0.8	NonTarget	1	129702
648.91	0.8	NonTarget	1	129782
648.995	0.8	NonTarget	1	129799
649.08	0.8	NonTarget	1	129816
649.165	0.8	NonTarget	1	129833
649.245	0.8	NonTarget	1	129849
649.33	0.8	NonTarget	1	129866
649.41	0.8	NonTarget	1	129882
649.495	0.8	NonTarget	1	129899
649.58	0.8	NonTarget	1	129916
649.665	0.8	NonTarget	1	129933
649.745	0.8	NonTarget	1	129949
649.83	0.8	NonTarget	1	129966
649.915	0.8	NonTarget	1	129983
649.995	0.8	NonTarget	1	129999
650.08	0.8	NonTarget	1	130016
650.165	0.8	NonTarget	1	130033
650.25	0.8	NonTarget	1	130050
650.33	0.8	NonTarget	1	130066
650.415	0.8	NonTarget	1	130083
650.5	0.8	NonTarget	1	130100
650.58	0.8	NonTarget	1	130116
650.665	0.8	NonTarget	1	130133
650.745	0.8	NonTarget	1	130149
650.83	0.8	NonTarget	1	130166
650.915	0.8	NonTarget	1	130183
651.0	0.8	NonTarget	1	130200
651.08	0.8	NonTarget	1	130216
651.165	0.8	NonTarget	1	130233
651.25	0.8	Target	2	130250
651.33	0.8	NonTarget	1	130266
651.73	0.8	NonTarget	1	130346
651.815	0.8	NonTarget	1	130363
651.9	0.8	NonTarget	1	130380
651.985	0.8	NonTarget	1	130397
652.065	0.8	NonTarget	1	130413
652.15	0.8	NonTarget	1	130430
652.235	0.8	NonTarget	1	130447
652.315	0.8	NonTarget	1	130463
652.4	0.8	NonTarget	1	130480
652.485	0.8	NonTarget	1	130497
652.565	0.8	NonTarget	1	130513
652.65	0.8	NonTarget	1	130530
652.735	0.8	NonTarget	1	130547
652.82	0.8	NonTarget	1	130564
652.9	0.8	NonTarget	1	130580
652.985	0.8	NonTarget	1	130597
653.065	0.8	NonTarget	1	130613
653.15	0.8	NonTarget	1	130630
653.235	0.8	Target	2	130647
653.315	0.8	NonTarget	1	130663
653.4	0.8	NonTarget	1	130680
653.485	0.8	NonTarget	1	130697
653.57	0.8	NonTarget	1	130714
653.65	0.8	NonTarget	1	130730
653.735	0.8	NonTarget	1	130747
653.82	0.8	NonTarget	1	130764
653.905	0.8	NonTarget	1	130781
653.985	0.8	NonTarget	1	130797
654.07	0.8	NonTarget	1	130814
654.15	0.8	NonTarget	1	130830
654.555	0.8	NonTarget	1	130911
654.635	0.8	NonTarget	1	130927
654.72	0.8	NonTarget	1	130944
654.805	0.8	NonTarget	1	130961
654.885	0.8	NonTarget	1	130977
654.97	0.8	NonTarget	1	130994
655.055	0.8	NonTarget	1	131011
655.14	0.8	NonTarget	1	131028
655.22	0.8	NonTarget	1	131044
655.305	0.8	NonTarget	1	131061
655.385	0.8	NonTarget	1	131077
655.47	0.8	NonTarget	1	131094
655.555	0.8	NonTarget	1	131111
655.64	0.8	Target	2	131128
655.72	0.8	NonTarget	1	131144
655.805	0.8	NonTarget	1	131161
655.89	0.8	NonTarget	1	131178
655.97	0.8	NonTarget	1	131194
656.055	0.8	NonTarget	1	131211
656.14	0.8	NonTarget	1	131228
656.22	0.8	NonTarget	1	131244
656.305	0.8	NonTarget	1	131261
656.39	0.8	NonTarget	1	131278
656.475	0.8	NonTarget	1	131295
656.555	0.8	NonTarget	1	131311
656.64	0.8	NonTarget	1	131328
656.725	0.8	NonTarget	1	131345
656.805	0.8	NonTarget	1	131361
656.89	0.8	NonTarget	1	131378
656.97	0.8	NonTarget	1	131394
657.375	0.8	NonTarget	1	131475
657.455	0.8	NonTarget	1	131491
657.54	0.8	NonTarget	1	131508
657.625	0.8	NonTarget	1	131525
657.71	0.8	NonTarget	1	131542
657.79	0.8	NonTarget	1	131558
657.875	0.8	NonTarget	1	131575
657.96	0.8	NonTarget	1	131592
658.04	0.8	NonTarget	1	131608
658.125	0.8	NonTarget	1	131625
658.21	0.8	NonTarget	1	131642
658.29	0.8	NonTarget	1	131658
658.375	0.8	NonTarget	1	131675
658.46	0.8	NonTarget	1	131692
658.545	0.8	NonTarget	1	131709
658.625	0.8	NonTarget	1	131725
658.71	0.8	NonTarget	1	131742
658.79	0.8	NonTarget	1	131758
658.875	0.8	Target	2	131775
658.96	0.8	NonTarget	1	131792
659.045	0.8	NonTarget	1	131809
659.125	0.8	NonTarget	1	131825
659.21	0.8	NonTarget	1	131842
659.295	0.8	NonTarget	1	131859
659.375	0.8	NonTarget	1	131875
659.46	0.8	NonTarget	1	131892
659.545	0.8	NonTarget	1	131909
659.63	0.8	NonTarget	1	131926
659.71	0.8	NonTarget	1	131942
659.795	0.8	NonTarget	1	131959
668.345	0.8	NonTarget	1	133669
668.425	0.8	NonTarget	1	133685
668.505	0.8	NonTarget	1	133701
668.59	0.8	NonTarget	1	133718
668.675	0.8	NonTarget	1	133735
668.76	0.8	NonTarget	1	133752
668.84	0.8	NonTarget	1	133768
668.925	0.8	NonTarget	1	133785
669.005	0.8	NonTarget	1	133801
669.09	0.8	NonTarget	1	133818
669.175	0.8	NonTarget	1	133835
669.255	0.8	Target	2	133851
669.34	0.8	NonTarget	1	133868
669.425	0.8	NonTarget	1	133885
669.51	0.8	NonTarget	1	133902
669.59	0.8	NonTarget	1	133918
669.675	0.8	NonTarget	1	133935
669.76	0.8	NonTarget	1	133952
669.84	0.8	NonTarget	1	133968
669.925	0.8	NonTarget	1	133985
670.01	0.8	NonTarget	1	134002
670.09	0.8	NonTarget	1	134018
670.175	0.8	NonTarget	1	134035
670.26	0.8	NonTarget	1	134052
670.34	0.8	NonTarget	1	134068
670.425	0.8	NonTarget	1	134085
670.51	0.8	NonTarget	1	134102
670.59	0.8	NonTarget	1	134118
670.675	0.8	NonTarget	1	134135
670.76	0.8	NonTarget	1	134152
671.16	0.8	NonTarget	1	134232
671.245	0.8	NonTarget	1	134249
671.325	0.8	NonTarget	1	134265
671.41	0.8	NonTarget	1	134282
671.495	0.8	NonTarget	1	134299
671.575	0.8	NonTarget	1	134315
671.66	0.8	NonTarget	1	134332
671.745	0.8	NonTarget	1	134349
671.83	0.8	NonTarget	1	134366
671.91	0.8	NonTarget	1	134382
671.995	0.8	NonTarget	1	134399
672.08	0.8	NonTarget	1	134416
672.16	0.8	NonTarget	1	134432
672.245	0.8	NonTarget	1	134449
672.33	0.8	NonTarget	1	134466
672.41	0.8	NonTarget	1	134482
672.495	0.8	NonTarget	1	134499
672.58	0.8	NonTarget	1	134516
672.66	0.8	NonTarget	1	134532
672.745	0.8	NonTarget	1	134549
672.83	0.8	NonTarget	1	134566
672.915	0.8	NonTarget	1	134583
672.995	0.8	NonTarget	1	134599
673.08	0.8	NonTarget	1	134616
673.16	0.8	NonTarget	1	134632
673.245	0.8	NonTarget	1	134649
673.33	0.8	Target	2	134666
673.415	0.8	NonTarget	1	134683
673.495	0.8	NonTarget	1	134699
673.58	0.8	NonTarget	1	134716
673.98	0.8	NonTarget	1	134796
674.065	0.8	NonTarget	1	134813
674.145	0.8	NonTarget	1	134829
674.23	0.8	NonTarget	1	134846
674.315	0.8	NonTarget	1	134863
674.4	0.8	NonTarget	1	134880
674.48	0.8	NonTarget	1	134896
674.565	0.8	NonTarget	1	134913
674.65	0.8	NonTarget	1	134930
674.73	0.8	NonTarget	1	134946
674.815	0.8	NonTarget	1	134963
674.9	0.8	NonTarget	1	134980
674.98	0.8	NonTarget	1	134996
675.065	0.8	NonTarget	1	135013
675.15	0.8	NonTarget	1	135030
675.23	0.8	NonTarget	1	135046
675.315	0.8	NonTarget	1	135063
675.4	0.8	NonTarget	1	135080
675.48	0.8	NonTarget	1	135096
675.565	0.8	NonTarget	1	135113
675.65	0.8	NonTarget	1	135130
675.735	0.8	Target	2	135147
675.815	0.8	NonTarget	1	135163
675.9	0.8	NonTarget	1	135180
675.98	0.8	NonTarget	1	135196
676.07	0.8	NonTarget	1	135214
676.15	0.8	NonTarget	1	135230
676.235	0.8	NonTarget	1	135247
676.315	0.8	NonTarget	1	135263
676.4	0.8	NonTarget	1	135280
676.8	0.8	NonTarget	1	135360
676.885	0.8	NonTarget	1	135377
676.97	0.8	NonTarget	1	135394
677.05	0.8	NonTarget	1	135410
677.135	0.8	NonTarget	1	135427
677.22	0.8	NonTarget	1	135444
677.305	0.8	NonTarget	1	135461
677.385	0.8	NonTarget	1	135477
677.47	0.8	NonTarget	1	135494
677.55	0.8	NonTarget	1	135510
677.635	0.8	NonTarget	1	135527
677.72	0.8	NonTarget	1	135544
677.8	0.8	NonTarget	1	135560
677.885	0.8	NonTarget	1	135577
677.97	0.8	NonTarget	1	135594
678.05	0.8	NonTarget	1	135610
678.135	0.8	Target	2	135627
678.22	0.8	NonTarget	1	135644
678.305	0.8	NonTarget	1	135661
678.385	0.8	NonTarget	1	135677
678.47	0.8	NonTarget	1	135694
678.555	0.8	NonTarget	1	135711
678.635	0.8	NonTarget	1	135727
678.72	0.8	NonTarget	1	135744
678.805	0.8	NonTarget	1	135761
678.89	0.8	NonTarget	1	135778
678.97	0.8	NonTarget	1	135794
679.055	0.8	NonTarget	1	135811
679.14	0.8	NonTarget	1	135828
679.225	0.8	NonTarget	1	135845
679.62	0.8	NonTarget	1	135924
679.705	0.8	NonTarget	1	135941
679.79	0.8	NonTarget	1	135958
679.875	0.8	NonTarget	1	135975
679.955	0.8	NonTarget	1	135991
680.04	0.8	NonTarget	1	136008
680.125	0.8	NonTarget	1	136025
680.205	0.8	NonTarget	1	136041
680.29	0.8	NonTarget	1	136058
680.375	0.8	NonTarget	1	136075
680.455	0.8	NonTarget	1	136091
680.54	0.8	NonTarget	1	136108
680.62	0.8	NonTarget	1	136124
680.705	0.8	NonTarget	1	136141
680.79	0.8	NonTarget	1	136158
680.875	0.8	NonTarget	1	136175
680.955	0.8	NonTarget	1	136191
681.04	0.8	NonTarget	1	136208
681.125	0.8	NonTarget	1	136225
681.21	0.8	NonTarget	1	136242
681.29	0.8	NonTarget	1	136258
681.375	0.8	NonTarget	1	136275
681.46	0.8	NonTarget	1	136292
681.54	0.8	NonTarget	1	136308
681.625	0.8	NonTarget	1	136325
681.71	0.8	NonTarget	1	136342
681.79	0.8	Target	2	136358
681.875	0.8	NonTarget	1	136375
681.96	0.8	NonTarget	1	136392
682.04	0.8	NonTarget	1	136408
682.445	0.8	NonTarget	1	136489
682.525	0.8	NonTarget	1	136505
682.61	0.8	NonTarget	1	136522
682.695	0.8	NonTarget	1	136539
682.775	0.8	NonTarget	1	136555
682.86	0.8	NonTarget	1	136572
682.945	0.8	NonTarget	1	136589
683.025	0.8	NonTarget	1	136605
683.11	0.8	NonTarget	1	136622
683.19	0.8	NonTarget	1	136638
683.275	0.8	NonTarget	1	136655
683.36	0.8	NonTarget	1	136672
683.445	0.8	NonTarget	1	136689
683.525	0.8	NonTarget	1	136705
683.61	0.8	NonTarget	1	136722
683.695	0.8	NonTarget	1	136739
683.775	0.8	NonTarget	1	136755
683.86	0.8	NonTarget	1	136772
683.945	0.8	NonTarget	1	136789
684.03	0.8	NonTarget	1	136806
684.11	0.8	NonTarget	1	136822
684.195	0.8	NonTarget	1	136839
684.28	0.8	NonTarget	1	136856
684.36	0.8	NonTarget	1	136872
684.445	0.8	NonTarget	1	136889
684.53	0.8	NonTarget	1	136906
684.61	0.8	Target	2	136922
684.695	0.8	NonTarget	1	136939
684.78	0.8	NonTarget	1	136956
684.865	0.8	NonTarget	1	136973
685.265	0.8	NonTarget	1	137053
685.345	0.8	Target	2	137069
685.43	0.8	NonTarget	1	137086
685.515	0.8	NonTarget	1	137103
685.6	0.8	NonTarget	1	137120
685.68	0.8	NonTarget	1	137136
685.765	0.8	NonTarget	1	137153
685.845	0.8	NonTarget	1	137169
685.93	0.8	NonTarget	1	137186
686.015	0.8	NonTarget	1	137203
686.1	0.8	NonTarget	1	137220
686.18	0.8	NonTarget	1	137236
686.265	0.8	NonTarget	1	137253
686.35	0.8	NonTarget	1	137270
686.43	0.8	NonTarget	1	137286
686.515	0.8	NonTarget	1	137303
686.6	0.8	NonTarget	1	137320
686.68	0.8	NonTarget	1	137336
686.765	0.8	NonTarget	1	137353
686.85	0.8	NonTarget	1	137370
686.93	0.8	NonTarget	1	137386
687.015	0.8	NonTarget	1	137403
687.1	0.8	NonTarget	1	137420
687.185	0.8	NonTarget	1	137437
687.265	0.8	NonTarget	1	137453
687.35	0.8	NonTarget	1	137470
687.43	0.8	NonTarget	1	137486
687.515	0.8	NonTarget	1	137503
687.6	0.8	NonTarget	1	137520
687.685	0.8	NonTarget	1	137537
688.085	0.8	NonTarget	1	137617
688.165	0.8	NonTarget	1	137633
688.25	0.8	NonTarget	1	137650
688.335	0.8	NonTarget	1	137667
688.42	0.8	NonTarget	1	137684
688.5	0.8	NonTarget	1	137700
688.585	0.8	NonTarget	1	137717
688.67	0.8	NonTarget	1	137734
688.75	0.8	NonTarget	1	137750
688.835	0.8	NonTarget	1	137767
688.915	0.8	NonTarget	1	137783
689.0	0.8	NonTarget	1	137800
689.085	0.8	NonTarget	1	137817
689.17	0.8	NonTarget	1	137834
689.25	0.8	NonTarget	1	137850
689.335	0.8	NonTarget	1	137867
689.42	0.8	NonTarget	1	137884
689.505	0.8	NonTarget	1	137901
689.585	0.8	NonTarget	1	137917
689.67	0.8	NonTarget	1	137934
689.755	0.8	NonTarget	1	137951
689.835	0.8	Target	2	137967
689.92	0.8	NonTarget	1	137984
690.005	0.8	NonTarget	1	138001
690.085	0.8	NonTarget	1	138017
690.17	0.8	NonTarget	1	138034
690.255	0.8	NonTarget	1	138051
690.335	0.8	NonTarget	1	138067
690.42	0.8	NonTarget	1	138084
690.505	0.8	NonTarget	1	138101
690.905	0.8	NonTarget	1	138181
690.99	0.8	NonTarget	1	138198
691.07	0.8	NonTarget	1	138214
691.155	0.8	NonTarget	1	138231
691.24	0.8	NonTarget	1	138248
691.32	0.8	NonTarget	1	138264
691.405	0.8	Target	2	138281
691.49	0.8	NonTarget	1	138298
691.575	0.8	NonTarget	1	138315
691.655	0.8	NonTarget	1	138331
691.74	0.8	NonTarget	1	138348
691.825	0.8	NonTarget	1	138365
691.905	0.8	NonTarget	1	138381
691.99	0.8	NonTarget	1	138398
692.075	0.8	NonTarget	1	138415
692.155	0.8	NonTarget	1	138431
692.24	0.8	NonTarget	1	138448
692.325	0.8	NonTarget	1	138465
692.405	0.8	NonTarget	1	138481
692.49	0.8	NonTarget	1	138498
692.575	0.8	NonTarget	1	138515
692.66	0.8	NonTarget	1	138532
692.74	0.8	NonTarget	1	138548
692.825	0.8	NonTarget	1	138565
692.91	0.8	NonTarget	1	138582
692.99	0.8	NonTarget	1	138598
693.075	0.8	NonTarget	1	138615
693.16	0.8	NonTarget	1	138632
693.24	0.8	NonTarget	1	138648
693.325	0.8	NonTarget	1	138665
693.725	0.8	NonTarget	1	138745
693.81	0.8	Target	2	138762
693.89	0.8	NonTarget	1	138778
693.975	0.8	NonTarget	1	138795
694.06	0.8	NonTarget	1	138812
694.145	0.8	NonTarget	1	138829
694.225	0.8	NonTarget	1	138845
694.31	0.8	NonTarget	1	138862
694.395	0.8	NonTarget	1	138879
694.475	0.8	NonTarget	1	138895
694.56	0.8	NonTarget	1	138912
694.64	0.8	NonTarget	1	138928
694.725	0.8	NonTarget	1	138945
694.81	0.8	NonTarget	1	138962
694.895	0.8	NonTarget	1	138979
694.975	0.8	NonTarget	1	138995
695.06	0.8	NonTarget	1	139012
695.145	0.8	NonTarget	1	139029
695.23	0.8	NonTarget	1	139046
695.31	0.8	NonTarget	1	139062
695.395	0.8	NonTarget	1	139079
695.48	0.8	NonTarget	1	139096
695.56	0.8	NonTarget	1	139112
695.645	0.8	NonTarget	1	139129
695.73	0.8	NonTarget	1	139146
695.81	0.8	NonTarget	1	139162
695.895	0.8	NonTarget	1	139179
695.98	0.8	NonTarget	1	139196
696.06	0.8	NonTarget	1	139212
696.145	0.8	NonTarget	1	139229
704.695	0.8	NonTarget	1	140939
704.775	0.8	NonTarget	1	140955
704.86	0.8	NonTarget	1	140972
704.94	0.8	NonTarget	1	140988
705.025	0.8	NonTarget	1	141005
705.11	0.8	NonTarget	1	141022
705.19	0.8	NonTarget	1	141038
705.275	0.8	NonTarget	1	141055
705.36	0.8	NonTarget	1	141072
705.44	0.8	NonTarget	1	141088
705.525	0.8	Target	2	141105
705.61	0.8	NonTarget	1	141122
705.69	0.8	NonTarget	1	141138
705.775	0.8	NonTarget	1	141155
705.86	0.8	NonTarget	1	141172
705.945	0.8	NonTarget	1	141189
706.025	0.8	NonTarget	1	141205
706.11	0.8	NonTarget	1	141222
706.195	0.8	NonTarget	1	141239
706.275	0.8	NonTarget	1	141255
706.36	0.8	NonTarget	1	141272
706.445	0.8	NonTarget	1	141289
706.53	0.8	NonTarget	1	141306
706.61	0.8	NonTarget	1	141322
706.695	0.8	NonTarget	1	141339
706.775	0.8	NonTarget	1	141355
706.86	0.8	NonTarget	1	141372
706.945	0.8	NonTarget	1	141389
707.03	0.8	NonTarget	1	141406
707.11	0.8	NonTarget	1	141422
707.51	0.8	NonTarget	1	141502
707.595	0.8	NonTarget	1	141519
707.68	0.8	NonTarget	1	141536
707.76	0.8	NonTarget	1	141552
707.845	0.8	NonTarget	1	141569
707.93	0.8	NonTarget	1	141586
708.01	0.8	NonTarget	1	141602
708.095	0.8	NonTarget	1	141619
708.18	0.8	NonTarget	1	141636
708.265	0.8	NonTarget	1	141653
708.345	0.8	NonTarget	1	141669
708.43	0.8	NonTarget	1	141686
708.515	0.8	NonTarget	1	141703
708.595	0.8	NonTarget	1	141719
708.68	0.8	NonTarget	1	141736
708.765	0.8	NonTarget	1	141753
708.845	0.8	NonTarget	1	141769
708.93	0.8	NonTarget	1	141786
709.015	0.8	NonTarget	1	141803
709.095	0.8	NonTarget	1	141819
709.18	0.8	Target	2	141836
709.265	0.8	NonTarget	1	141853
709.35	0.8	NonTarget	1	141870
709.43	0.8	NonTarget	1	141886
709.515	0.8	NonTarget	1	141903
709.595	0.8	NonTarget	1	141919
709.68	0.8	NonTarget	1	141936
709.765	0.8	NonTarget	1	141953
709.85	0.8	NonTarget	1	141970
709.93	0.8	NonTarget	1	141986
710.33	0.8	NonTarget	1	142066
710.415	0.8	NonTarget	1	142083
710.5	0.8	NonTarget	1	142100
710.585	0.8	NonTarget	1	142117
710.665	0.8	NonTarget	1	142133
710.75	0.8	NonTarget	1	142150
710.835	0.8	NonTarget	1	142167
710.915	0.8	NonTarget	1	142183
711.0	0.8	NonTarget	1	142200
711.085	0.8	NonTarget	1	142217
711.165	0.8	NonTarget	1	142233
711.25	0.8	NonTarget	1	142250
711.335	0.8	NonTarget	1	142267
711.415	0.8	NonTarget	1	142283
711.5	0.8	NonTarget	1	142300
711.585	0.8	NonTarget	1	142317
711.665	0.8	NonTarget	1	142333
711.75	0.8	NonTarget	1	142350
711.835	0.8	NonTarget	1	142367
711.92	0.8	NonTarget	1	142384
712.0	0.8	NonTarget	1	142400
712.085	0.8	NonTarget	1	142417
712.17	0.8	NonTarget	1	142434
712.25	0.8	NonTarget	1	142450
712.335	0.8	NonTarget	1	142467
712.42	0.8	Target	2	142484
712.5	0.8	NonTarget	1	142500
712.585	0.8	NonTarget	1	142517
712.67	0.8	NonTarget	1	142534
712.75	0.8	NonTarget	1	142550
713.15	0.8	NonTarget	1	142630
713.235	0.8	NonTarget	1	142647
713.32	0.8	NonTarget	1	142664
713.405	0.8	NonTarget	1	142681
713.49	0.8	NonTarget	1	142698
713.57	0.8	NonTarget	1	142714
713.655	0.8	NonTarget	1	142731
713.735	0.8	NonTarget	1	142747
713.82	0.8	NonTarget	1	142764
713.905	0.8	NonTarget	1	142781
713.985	0.8	NonTarget	1	142797
714.07	0.8	NonTarget	1	142814
714.155	0.8	NonTarget	1	142831
714.24	0.8	NonTarget	1	142848
714.32	0.8	NonTarget	1	142864
714.405	0.8	Target	2	142881
714.485	0.8	NonTarget	1	142897
714.57	0.8	NonTarget	1	142914
714.655	0.8	NonTarget	1	142931
714.74	0.8	NonTarget	1	142948
714.82	0.8	NonTarget	1	142964
714.905	0.8	NonTarget	1	142981
714.99	0.8	NonTarget	1	142998
715.07	0.8	NonTarget	1	143014
715.155	0.8	NonTarget	1	143031
715.24	0.8	NonTarget	1	143048
715.32	0.8	NonTarget	1	143064
715.405	0.8	NonTarget	1	143081
715.49	0.8	NonTarget	1	143098
715.575	0.8	NonTarget	1	143115
715.975	0.8	NonTarget	1	143195
716.055	0.8	NonTarget	1	143211
716.14	0.8	NonTarget	1	143228
716.225	0.8	NonTarget	1	143245
716.31	0.8	NonTarget	1	143262
716.39	0.8	Target	2	143278
716.475	0.8	NonTarget	1	143295
716.555	0.8	NonTarget	1	143311
716.64	0.8	NonTarget	1	143328
716.725	0.8	NonTarget	1	143345
716.81	0.8	NonTarget	1	143362
716.89	0.8	NonTarget	1	143378
716.975	0.8	NonTarget	1	143395
717.06	0.8	NonTarget	1	143412
717.14	0.8	NonTarget	1	143428
717.225	0.8	NonTarget	1	143445
717.31	0.8	NonTarget	1	143462
717.39	0.8	NonTarget	1	143478
717.475	0.8	NonTarget	1	143495
717.56	0.8	NonTarget	1	143512
717.645	0.8	NonTarget	1	143529
717.725	0.8	NonTarget	1	143545
717.81	0.8	NonTarget	1	143562
717.895	0.8	NonTarget	1	143579
717.975	0.8	NonTarget	1	143595
718.06	0.8	NonTarget	1	143612
718.145	0.8	NonTarget	1	143629
718.225	0.8	NonTarget	1	143645
718.31	0.8	NonTarget	1	143662
718.39	0.8	NonTarget	1	143678
718.795	0.8	NonTarget	1	143759
718.875	0.8	NonTarget	1	143775
718.96	0.8	NonTarget	1	143792
719.045	0.8	NonTarget	1	143809
719.13	0.8	NonTarget	1	143826
719.21	0.8	NonTarget	1	143842
719.295	0.8	NonTarget	1	143859
719.38	0.8	NonTarget	1	143876
719.46	0.8	NonTarget	1	143892
719.545	0.8	NonTarget	1	143909
719.63	0.8	Target	2	143926
719.71	0.8	NonTarget	1	143942
719.795	0.8	NonTarget	1	143959
719.88	0.8	NonTarget	1	143976
719.96	0.8	NonTarget	1	143992
720.045	0.8	NonTarget	1	144009
720.13	0.8	NonTarget	1	144026
720.21	0.8	NonTarget	1	144042
720.3	0.8	NonTarget	1	144060
720.38	0.8	NonTarget	1	144076
720.465	0.8	NonTarget	1	144093
720.545	0.8	NonTarget	1	144109
720.63	0.8	NonTarget	1	144126
720.715	0.8	NonTarget	1	144143
720.795	0.8	NonTarget	1	144159
720.88	0.8	NonTarget	1	144176
720.965	0.8	NonTarget	1	144193
721.045	0.8	NonTarget	1	144209
721.13	0.8	NonTarget	1	144226
721.215	0.8	NonTarget	1	144243
721.615	0.8	NonTarget	1	144323
721.695	0.8	NonTarget	1	144339
721.785	0.8	NonTarget	1	144357
721.865	0.8	NonTarget	1	144373
721.95	0.8	NonTarget	1	144390
722.03	0.8	NonTarget	1	144406
722.115	0.8	NonTarget	1	144423
722.2	0.8	NonTarget	1	144440
722.285	0.8	NonTarget	1	144457
722.365	0.8	NonTarget	1	144473
722.45	0.8	NonTarget	1	144490
722.535	0.8	NonTarget	1	144507
722.615	0.8	NonTarget	1	144523
722.7	0.8	NonTarget	1	144540
722.78	0.8	NonTarget	1	144556
722.865	0.8	NonTarget	1	144573
722.95	0.8	NonTarget	1	144590
723.035	0.8	NonTarget	1	144607
723.12	0.8	NonTarget	1	144624
723.2	0.8	NonTarget	1	144640
723.285	0.8	Target	2	144657
723.365	0.8	NonTarget	1	144673
723.45	0.8	NonTarget	1	144690
723.535	0.8	NonTarget	1	144707
723.62	0.8	NonTarget	1	144724
723.7	0.8	NonTarget	1	144740
723.785	0.8	NonTarget	1	144757
723.87	0.8	NonTarget	1	144774
723.95	0.8	NonTarget	1	144790
724.035	0.8	NonTarget	1	144807
724.435	0.8	NonTarget	1	144887
724.52	0.8	NonTarget	1	144904
724.6	0.8	NonTarget	1	144920
724.685	0.8	NonTarget	1	144937
724.77	0.8	NonTarget	1	144954
724.85	0.8	NonTarget	1	144970
724.935	0.8	NonTarget	1	144987
725.02	0.8	NonTarget	1	145004
725.105	0.8	NonTarget	1	145021
725.185	0.8	NonTarget	1	145037
725.27	0.8	NonTarget	1	145054
725.355	0.8	NonTarget	1	145071
725.435	0.8	NonTarget	1	145087
725.52	0.8	NonTarget	1	145104
725.605	0.8	NonTarget	1	145121
725.69	0.8	NonTarget	1	145138
725.77	0.8	NonTarget	1	145154
725.855	0.8	NonTarget	1	145171
725.94	0.8	NonTarget	1	145188
726.02	0.8	NonTarget	1	145204
726.105	0.8	Target	2	145221
726.19	0.8	NonTarget	1	145238
726.27	0.8	NonTarget	1	145254
726.355	0.8	NonTarget	1	145271
726.44	0.8	NonTarget	1	145288
726.52	0.8	NonTarget	1	145304
726.605	0.8	NonTarget	1	145321
726.69	0.8	NonTarget	1	145338
726.775	0.8	NonTarget	1	145355
726.855	0.8	NonTarget	1	145371
727.255	0.8	NonTarget	1	145451
727.34	0.8	NonTarget	1	145468
727.42	0.8	NonTarget	1	145484
727.505	0.8	NonTarget	1	145501
727.59	0.8	NonTarget	1	145518
727.675	0.8	NonTarget	1	145535
727.755	0.8	NonTarget	1	145551
727.84	0.8	NonTarget	1	145568
727.925	0.8	NonTarget	1	145585
728.005	0.8	NonTarget	1	145601
728.09	0.8	Target	2	145618
728.175	0.8	NonTarget	1	145635
728.26	0.8	NonTarget	1	145652
728.34	0.8	NonTarget	1	145668
728.425	0.8	NonTarget	1	145685
728.51	0.8	NonTarget	1	145702
728.59	0.8	NonTarget	1	145718
728.675	0.8	NonTarget	1	145735
728.76	0.8	NonTarget	1	145752
728.84	0.8	NonTarget	1	145768
728.925	0.8	NonTarget	1	145785
729.01	0.8	NonTarget	1	145802
729.095	0.8	NonTarget	1	145819
729.175	0.8	NonTarget	1	145835
729.26	0.8	NonTarget	1	145852
729.345	0.8	NonTarget	1	145869
729.425	0.8	NonTarget	1	145885
729.51	0.8	NonTarget	1	145902
729.595	0.8	NonTarget	1	145919
729.675	0.8	NonTarget	1	145935
730.075	0.8	Target	2	146015
730.16	0.8	NonTarget	1	146032
730.245	0.8	NonTarget	1	146049
730.325	0.8	NonTarget	1	146065
730.41	0.8	NonTarget	1	146082
730.495	0.8	NonTarget	1	146099
730.575	0.8	NonTarget	1	146115
730.66	0.8	NonTarget	1	146132
730.745	0.8	NonTarget	1	146149
730.83	0.8	NonTarget	1	146166
730.91	0.8	NonTarget	1	146182
730.995	0.8	NonTarget	1	146199
731.08	0.8	NonTarget	1	146216
731.16	0.8	NonTarget	1	146232
731.245	0.8	NonTarget	1	146249
731.33	0.8	NonTarget	1	146266
731.41	0.8	NonTarget	1	146282
731.495	0.8	NonTarget	1	146299
731.58	0.8	NonTarget	1	146316
731.665	0.8	NonTarget	1	146333
731.745	0.8	NonTarget	1	146349
731.83	0.8	NonTarget	1	146366
731.91	0.8	NonTarget	1	146382
731.995	0.8	NonTarget	1	146399
732.08	0.8	NonTarget	1	146416
732.165	0.8	NonTarget	1	146433
732.245	0.8	NonTarget	1	146449
732.33	0.8	NonTarget	1	146466
732.415	0.8	NonTarget	1	146483
732.495	0.8	NonTarget	1	146499
741.065	0.8	NonTarget	1	148213
741.145	0.8	NonTarget	1	148229
741.225	0.8	NonTarget	1	148245
741.31	0.8	NonTarget	1	148262
741.39	0.8	NonTarget	1	148278
741.475	0.8	NonTarget	1	148295
741.56	0.8	NonTarget	1	148312
741.645	0.8	NonTarget	1	148329
741.725	0.8	NonTarget	1	148345
741.81	0.8	NonTarget	1	148362
741.895	0.8	NonTarget	1	148379
741.98	0.8	NonTarget	1	148396
742.06	0.8	NonTarget	1	148412
742.145	0.8	NonTarget	1	148429
742.23	0.8	NonTarget	1	148446
742.31	0.8	Target	2	148462
742.395	0.8	NonTarget	1	148479
742.475	0.8	NonTarget	1	148495
742.56	0.8	NonTarget	1	148512
742.645	0.8	NonTarget	1	148529
742.73	0.8	NonTarget	1	148546
742.81	0.8	NonTarget	1	148562
742.895	0.8	NonTarget	1	148579
742.98	0.8	NonTarget	1	148596
743.06	0.8	NonTarget	1	148612
743.145	0.8	NonTarget	1	148629
743.23	0.8	NonTarget	1	148646
743.31	0.8	NonTarget	1	148662
743.395	0.8	NonTarget	1	148679
743.48	0.8	NonTarget	1	148696
743.88	0.8	NonTarget	1	148776
743.965	0.8	NonTarget	1	148793
744.045	0.8	NonTarget	1	148809
744.13	0.8	NonTarget	1	148826
744.215	0.8	NonTarget	1	148843
744.3	0.8	NonTarget	1	148860
744.38	0.8	NonTarget	1	148876
744.465	0.8	NonTarget	1	148893
744.545	0.8	NonTarget	1	148909
744.63	0.8	NonTarget	1	148926
744.715	0.8	NonTarget	1	148943
744.8	0.8	NonTarget	1	148960
744.88	0.8	NonTarget	1	148976
744.965	0.8	NonTarget	1	148993
745.05	0.8	NonTarget	1	149010
745.13	0.8	Target	2	149026
745.215	0.8	NonTarget	1	149043
745.3	0.8	NonTarget	1	149060
745.385	0.8	NonTarget	1	149077
745.465	0.8	NonTarget	1	149093
745.55	0.8	NonTarget	1	149110
745.635	0.8	NonTarget	1	149127
745.715	0.8	NonTarget	1	149143
745.8	0.8	NonTarget	1	149160
745.88	0.8	NonTarget	1	149176
745.965	0.8	NonTarget	1	149193
746.05	0.8	NonTarget	1	149210
746.135	0.8	NonTarget	1	149227
746.215	0.8	NonTarget	1	149243
746.3	0.8	NonTarget	1	149260
746.7	0.8	NonTarget	1	149340
746.785	0.8	NonTarget	1	149357
746.87	0.8	NonTarget	1	149374
746.95	0.8	NonTarget	1	149390
747.035	0.8	NonTarget	1	149407
747.115	0.8	NonTarget	1	149423
747.2	0.8	NonTarget	1	149440
747.285	0.8	NonTarget	1	149457
747.37	0.8	NonTarget	1	149474
747.45	0.8	NonTarget	1	149490
747.535	0.8	NonTarget	1	149507
747.62	0.8	NonTarget	1	149524
747.7	0.8	NonTarget	1	149540
747.785	0.8	NonTarget	1	149557
747.87	0.8	NonTarget	1	149574
747.955	0.8	NonTarget	1	149591
748.035	0.8	NonTarget	1	149607
748.12	0.8	NonTarget	1	149624
748.205	0.8	NonTarget	1	149641
748.285	0.8	NonTarget	1	149657
748.37	0.8	Target	2	149674
748.455	0.8	NonTarget	1	149691
748.535	0.8	NonTarget	1	149707
748.62	0.8	NonTarget	1	149724
748.705	0.8	NonTarget	1	149741
748.785	0.8	NonTarget	1	149757
748.87	0.8	NonTarget	1	149774
748.955	0.8	NonTarget	1	149791
749.04	0.8	NonTarget	1	149808
749.12	0.8	NonTarget	1	149824
749.52	0.8	NonTarget	1	149904
749.605	0.8	NonTarget	1	149921
749.69	0.8	NonTarget	1	149938
749.775	0.8	NonTarget	1	149955
749.855	0.8	NonTarget	1	149971
749.94	0.8	NonTarget	1	149988
750.02	0.8	NonTarget	1	150004
750.105	0.8	NonTarget	1	150021
750.19	0.8	NonTarget	1	150038
750.27	0.8	NonTarget	1	150054
750.355	0.8	NonTarget	1	150071
750.44	0.8	NonTarget	1	150088
750.525	0.8	NonTarget	1	150105
750.605	0.8	NonTarget	1	150121
750.69	0.8	NonTarget	1	150138
750.775	0.8	NonTarget	1	150155
750.855	0.8	NonTarget	1	150171
750.94	0.8	NonTarget	1	150188
751.025	0.8	NonTarget	1	150205
751.11	0.8	NonTarget	1	150222
751.19	0.8	NonTarget	1	150238
751.275	0.8	NonTarget	1	150255
751.355	0.8	NonTarget	1	150271
751.44	0.8	NonTarget	1	150288
751.525	0.8	NonTarget	1	150305
751.605	0.8	Target	2	150321
751.69	0.8	NonTarget	1	150338
751.775	0.8	NonTarget	1	150355
751.86	0.8	NonTarget	1	150372
751.94	0.8	NonTarget	1	150388
752.34	0.8	NonTarget	1	150468
752.425	0.8	NonTarget	1	150485
752.51	0.8	NonTarget	1	150502
752.59	0.8	NonTarget	1	150518
752.675	0.8	NonTarget	1	150535
752.76	0.8	Target	2	150552
752.84	0.8	NonTarget	1	150568
752.925	0.8	NonTarget	1	150585
753.01	0.8	NonTarget	1	150602
753.09	0.8	NonTarget	1	150618
753.175	0.8	NonTarget	1	150635
753.26	0.8	NonTarget	1	150652
753.345	0.8	NonTarget	1	150669
753.425	0.8	NonTarget	1	150685
753.51	0.8	NonTarget	1	150702
753.595	0.8	NonTarget	1	150719
753.675	0.8	NonTarget	1	150735
753.76	0.8	NonTarget	1	150752
753.845	0.8	NonTarget	1	150769
753.925	0.8	NonTarget	1	150785
754.01	0.8	NonTarget	1	150802
754.095	0.8	NonTarget	1	150819
754.18	0.8	NonTarget	1	150836
754.26	0.8	NonTarget	1	150852
754.345	0.8	NonTarget	1	150869
754.43	0.8	NonTarget	1	150886
754.51	0.8	NonTarget	1	150902
754.595	0.8	NonTarget	1	150919
754.68	0.8	NonTarget	1	150936
754.76	0.8	NonTarget	1	150952
755.165	0.8	NonTarget	1	151033
755.245	0.8	NonTarget	1	151049
755.33	0.8	NonTarget	1	151066
755.415	0.8	NonTarget	1	151083
755.495	0.8	NonTarget	1	151099
755.58	0.8	NonTarget	1	151116
755.665	0.8	NonTarget	1	151133
755.745	0.8	NonTarget	1	151149
755.83	0.8	NonTarget	1	151166
755.915	0.8	NonTarget	1	151183
755.995	0.8	NonTarget	1	151199
756.08	0.8	NonTarget	1	151216
756.165	0.8	NonTarget	1	151233
756.245	0.8	NonTarget	1	151249
756.33	0.8	NonTarget	1	151266
756.415	0.8	NonTarget	1	151283
756.5	0.8	NonTarget	1	151300
756.58	0.8	NonTarget	1	151316
756.665	0.8	NonTarget	1	151333
756.75	0.8	NonTarget	1	151350
756.835	0.8	NonTarget	1	151367
756.915	0.8	NonTarget	1	151383
757.0	0.8	NonTarget	1	151400
757.08	0.8	NonTarget	1	151416
757.165	0.8	NonTarget	1	151433
757.245	0.8	Target	2	151449
757.33	0.8	NonTarget	1	151466
757.415	0.8	NonTarget	1	151483
757.5	0.8	NonTarget	1	151500
757.58	0.8	NonTarget	1	151516
757.985	0.8	NonTarget	1	151597
758.065	0.8	NonTarget	1	151613
758.15	0.8	NonTarget	1	151630
758.235	0.8	NonTarget	1	151647
758.315	0.8	NonTarget	1	151663
758.4	0.8	NonTarget	1	151680
758.485	0.8	NonTarget	1	151697
758.565	0.8	NonTarget	1	151713
758.65	0.8	NonTarget	1	151730
758.735	0.8	NonTarget	1	151747
758.82	0.8	NonTarget	1	151764
758.9	0.8	NonTarget	1	151780
758.985	0.8	NonTarget	1	151797
759.07	0.8	NonTarget	1	151814
759.15	0.8	NonTarget	1	151830
759.235	0.8	Target	2	151847
759.32	0.8	NonTarget	1	151864
759.4	0.8	NonTarget	1	151880
759.485	0.8	NonTarget	1	151897
759.57	0.8	NonTarget	1	151914
759.65	0.8	NonTarget	1	151930
759.735	0.8	NonTarget	1	151947
759.82	0.8	NonTarget	1	151964
759.905	0.8	NonTarget	1	151981
759.985	0.8	NonTarget	1	151997
760.07	0.8	NonTarget	1	152014
760.15	0.8	NonTarget	1	152030
760.235	0.8	NonTarget	1	152047
760.32	0.8	NonTarget	1	152064
760.405	0.8	NonTarget	1	152081
760.805	0.8	Target	2	152161
760.885	0.8	NonTarget	1	152177
760.97	0.8	NonTarget	1	152194
761.055	0.8	NonTarget	1	152211
761.135	0.8	NonTarget	1	152227
761.22	0.8	NonTarget	1	152244
761.305	0.8	NonTarget	1	152261
761.385	0.8	NonTarget	1	152277
761.47	0.8	NonTarget	1	152294
761.555	0.8	NonTarget	1	152311
761.64	0.8	NonTarget	1	152328
761.72	0.8	NonTarget	1	152344
761.805	0.8	NonTarget	1	152361
761.89	0.8	NonTarget	1	152378
761.975	0.8	NonTarget	1	152395
762.055	0.8	NonTarget	1	152411
762.14	0.8	NonTarget	1	152428
762.225	0.8	NonTarget	1	152445
762.305	0.8	NonTarget	1	152461
762.39	0.8	NonTarget	1	152478
762.475	0.8	NonTarget	1	152495
762.555	0.8	NonTarget	1	152511
762.64	0.8	NonTarget	1	152528
762.725	0.8	NonTarget	1	152545
762.805	0.8	NonTarget	1	152561
762.89	0.8	NonTarget	1	152578
762.975	0.8	NonTarget	1	152595
763.055	0.8	NonTarget	1	152611
763.14	0.8	NonTarget	1	152628
763.225	0.8	NonTarget	1	152645
763.625	0.8	NonTarget	1	152725
763.71	0.8	NonTarget	1	152742
763.79	0.8	NonTarget	1	152758
763.875	0.8	NonTarget	1	152775
763.96	0.8	NonTarget	1	152792
764.04	0.8	NonTarget	1	152808
764.125	0.8	NonTarget	1	152825
764.21	0.8	NonTarget	1	152842
764.29	0.8	NonTarget	1	152858
764.375	0.8	NonTarget	1	152875
764.46	0.8	NonTarget	1	152892
764.54	0.8	NonTarget	1	152908
764.625	0.8	NonTarget	1	152925
764.71	0.8	NonTarget	1	152942
764.79	0.8	NonTarget	1	152958
764.875	0.8	NonTarget	1	152975
764.96	0.8	NonTarget	1	152992
765.04	0.8	NonTarget	1	153008
765.125	0.8	NonTarget	1	153025
765.21	0.8	NonTarget	1	153042
765.295	0.8	NonTarget	1	153059
765.375	0.8	NonTarget	1	153075
765.46	0.8	NonTarget	1	153092
765.545	0.8	NonTarget	1	153109
765.625	0.8	NonTarget	1	153125
765.71	0.8	Target	2	153142
765.795	0.8	NonTarget	1	153159
765.875	0.8	NonTarget	1	153175
765.96	0.8	NonTarget	1	153192
766.045	0.8	NonTarget	1	153209
766.445	0.8	NonTarget	1	153289
766.53	0.8	NonTarget	1	153306
766.61	0.8	NonTarget	1	153322
766.695	0.8	NonTarget	1	153339
766.78	0.8	NonTarget	1	153356
766.865	0.8	NonTarget	1	153373
766.945	0.8	NonTarget	1	153389
767.03	0.8	NonTarget	1	153406
767.11	0.8	NonTarget	1	153422
767.195	0.8	NonTarget	1	153439
767.28	0.8	Target	2	153456
767.365	0.8	NonTarget	1	153473
767.445	0.8	NonTarget	1	153489
767.53	0.8	NonTarget	1	153506
767.615	0.8	NonTarget	1	153523
767.695	0.8	NonTarget	1	153539
767.78	0.8	NonTarget	1	153556
767.865	0.8	NonTarget	1	153573
767.95	0.8	NonTarget	1	153590
768.03	0.8	NonTarget	1	153606
768.115	0.8	NonTarget	1	153623
768.195	0.8	NonTarget	1	153639
768.28	0.8	NonTarget	1	153656
768.365	0.8	NonTarget	1	153673
768.445	0.8	NonTarget	1	153689
768.53	0.8	NonTarget	1	153706
768.615	0.8	NonTarget	1	153723
768.7	0.8	NonTarget	1	153740
768.78	0.8	NonTarget	1	153756
768.865	0.8	NonTarget	1	153773
777.43	0.8	NonTarget	1	155486
777.51	0.8	NonTarget	1	155502
777.595	0.8	NonTarget	1	155519
777.68	0.8	NonTarget	1	155536
777.76	0.8	NonTarget	1	155552
777.845	0.8	NonTarget	1	155569
777.93	0.8	NonTarget	1	155586
778.01	0.8	NonTarget	1	155602
778.095	0.8	NonTarget	1	155619
778.18	0.8	NonTarget	1	155636
778.26	0.8	NonTarget	1	155652
778.345	0.8	NonTarget	1	155669
778.43	0.8	NonTarget	1	155686
778.51	0.8	NonTarget	1	155702
778.595	0.8	NonTarget	1	155719
778.68	0.8	NonTarget	1	155736
778.76	0.8	NonTarget	1	155752
778.845	0.8	NonTarget	1	155769
778.93	0.8	Target	2	155786
779.01	0.8	NonTarget	1	155802
779.095	0.8	NonTarget	1	155819
779.18	0.8	NonTarget	1	155836
779.265	0.8	NonTarget	1	155853
779.345	0.8	NonTarget	1	155869
779.43	0.8	NonTarget	1	155886
779.515	0.8	NonTarget	1	155903
779.595	0.8	NonTarget	1	155919
779.68	0.8	NonTarget	1	155936
779.765	0.8	NonTarget	1	155953
779.845	0.8	NonTarget	1	155969
780.25	0.8	NonTarget	1	156050
780.33	0.8	NonTarget	1	156066
780.415	0.8	NonTarget	1	156083
780.5	0.8	NonTarget	1	156100
780.58	0.8	NonTarget	1	156116
780.665	0.8	NonTarget	1	156133
780.75	0.8	NonTarget	1	156150
780.83	0.8	NonTarget	1	156166
780.915	0.8	NonTarget	1	156183
781.0	0.8	NonTarget	1	156200
781.085	0.8	NonTarget	1	156217
781.165	0.8	NonTarget	1	156233
781.25	0.8	NonTarget	1	156250
781.335	0.8	Target	2	156267
781.415	0.8	NonTarget	1	156283
781.5	0.8	NonTarget	1	156300
781.585	0.8	NonTarget	1	156317
781.67	0.8	NonTarget	1	156334
781.75	0.8	NonTarget	1	156350
781.83	0.8	NonTarget	1	156366
781.915	0.8	NonTarget	1	156383
782.0	0.8	NonTarget	1	156400
782.085	0.8	NonTarget	1	156417
782.165	0.8	NonTarget	1	156433
782.25	0.8	NonTarget	1	156450
782.335	0.8	NonTarget	1	156467
782.415	0.8	NonTarget	1	156483
782.5	0.8	NonTarget	1	156500
782.585	0.8	NonTarget	1	156517
782.67	0.8	NonTarget	1	156534
783.07	0.8	NonTarget	1	156614
783.15	0.8	NonTarget	1	156630
783.235	0.8	NonTarget	1	156647
783.32	0.8	Target	2	156664
783.4	0.8	NonTarget	1	156680
783.485	0.8	NonTarget	1	156697
783.57	0.8	NonTarget	1	156714
783.655	0.8	NonTarget	1	156731
783.735	0.8	NonTarget	1	156747
783.82	0.8	NonTarget	1	156764
783.905	0.8	NonTarget	1	156781
783.985	0.8	NonTarget	1	156797
784.07	0.8	NonTarget	1	156814
784.155	0.8	NonTarget	1	156831
784.235	0.8	NonTarget	1	156847
784.32	0.8	NonTarget	1	156864
784.405	0.8	NonTarget	1	156881
784.49	0.8	NonTarget	1	156898
784.57	0.8	NonTarget	1	156914
784.655	0.8	NonTarget	1	156931
784.735	0.8	NonTarget	1	156947
784.82	0.8	NonTarget	1	156964
784.905	0.8	NonTarget	1	156981
784.99	0.8	NonTarget	1	156998
785.07	0.8	NonTarget	1	157014
785.155	0.8	NonTarget	1	157031
785.24	0.8	NonTarget	1	157048
785.32	0.8	NonTarget	1	157064
785.405	0.8	NonTarget	1	157081
785.49	0.8	NonTarget	1	157098
785.89	0.8	NonTarget	1	157178
785.975	0.8	NonTarget	1	157195
786.055	0.8	NonTarget	1	157211
786.14	0.8	NonTarget	1	157228
786.225	0.8	NonTarget	1	157245
786.305	0.8	NonTarget	1	157261
786.39	0.8	NonTarget	1	157278
786.475	0.8	NonTarget	1	157295
786.555	0.8	NonTarget	1	157311
786.64	0.8	NonTarget	1	157328
786.725	0.8	NonTarget	1	157345
786.805	0.8	NonTarget	1	157361
786.89	0.8	NonTarget	1	157378
786.975	0.8	Target	2	157395
787.055	0.8	NonTarget	1	157411
787.14	0.8	NonTarget	1	157428
787.225	0.8	NonTarget	1	157445
787.31	0.8	NonTarget	1	157462
787.39	0.8	NonTarget	1	157478
787.475	0.8	NonTarget	1	157495
787.56	0.8	NonTarget	1	157512
787.64	0.8	NonTarget	1	157528
787.725	0.8	NonTarget	1	157545
787.81	0.8	NonTarget	1	157562
787.89	0.8	NonTarget	1	157578
787.975	0.8	NonTarget	1	157595
788.06	0.8	NonTarget	1	157612
788.145	0.8	NonTarget	1	157629
788.225	0.8	NonTarget	1	157645
788.31	0.8	NonTarget	1	157662
788.71	0.8	NonTarget	1	157742
788.795	0.8	NonTarget	1	157759
788.875	0.8	NonTarget	1	157775
788.96	0.8	NonTarget	1	157792
789.045	0.8	NonTarget	1	157809
789.125	0.8	NonTarget	1	157825
789.21	0.8	NonTarget	1	157842
789.295	0.8	NonTarget	1	157859
789.38	0.8	NonTarget	1	157876
789.46	0.8	NonTarget	1	157892
789.545	0.8	NonTarget	1	157909
789.63	0.8	NonTarget	1	157926
789.71	0.8	NonTarget	1	157942
789.795	0.8	Target	2	157959
789.88	0.8	NonTarget	1	157976
789.96	0.8	NonTarget	1	157992
790.045	0.8	NonTarget	1	158009
790.13	0.8	NonTarget	1	158026
790.215	0.8	NonTarget	1	158043
790.295	0.8	NonTarget	1	158059
790.38	0.8	NonTarget	1	158076
790.465	0.8	NonTarget	1	158093
790.545	0.8	NonTarget	1	158109
790.63	0.8	NonTarget	1	158126
790.715	0.8	NonTarget	1	158143
790.795	0.8	NonTarget	1	158159
790.88	0.8	NonTarget	1	158176
790.965	0.8	NonTarget	1	158193
791.045	0.8	NonTarget	1	158209
791.13	0.8	NonTarget	1	158226
791.53	0.8	NonTarget	1	158306
791.615	0.8	NonTarget	1	158323
791.7	0.8	NonTarget	1	158340
791.78	0.8	NonTarget	1	158356
791.865	0.8	NonTarget	1	158373
791.95	0.8	NonTarget	1	158390
792.03	0.8	NonTarget	1	158406
792.115	0.8	NonTarget	1	158423
792.2	0.8	NonTarget	1	158440
792.285	0.8	NonTarget	1	158457
792.365	0.8	NonTarget	1	158473
792.45	0.8	NonTarget	1	158490
792.53	0.8	NonTarget	1	158506
792.615	0.8	NonTarget	1	158523
792.7	0.8	NonTarget	1	158540
792.785	0.8	NonTarget	1	158557
792.865	0.8	NonTarget	1	158573
792.95	0.8	NonTarget	1	158590
793.03	0.8	NonTarget	1	158606
793.115	0.8	NonTarget	1	158623
793.2	0.8	NonTarget	1	158640
793.285	0.8	NonTarget	1	158657
793.365	0.8	NonTarget	1	158673
793.45	0.8	NonTarget	1	158690
793.535	0.8	NonTarget	1	158707
793.615	0.8	NonTarget	1	158723
793.7	0.8	NonTarget	1	158740
793.785	0.8	NonTarget	1	158757
793.865	0.8	Target	2	158773
793.95	0.8	NonTarget	1	158790
794.35	0.8	NonTarget	1	158870
794.435	0.8	NonTarget	1	158887
794.515	0.8	NonTarget	1	158903
794.6	0.8	Target	2	158920
794.685	0.8	NonTarget	1	158937
794.77	0.8	NonTarget	1	158954
794.85	0.8	NonTarget	1	158970
794.935	0.8	NonTarget	1	158987
795.02	0.8	NonTarget	1	159004
795.105	0.8	NonTarget	1	159021
795.185	0.8	NonTarget	1	159037
795.27	0.8	NonTarget	1	159054
795.35	0.8	NonTarget	1	159070
795.435	0.8	NonTarget	1	159087
795.52	0.8	NonTarget	1	159104
795.605	0.8	NonTarget	1	159121
795.685	0.8	NonTarget	1	159137
795.77	0.8	NonTarget	1	159154
795.855	0.8	NonTarget	1	159171
795.935	0.8	NonTarget	1	159187
796.02	0.8	NonTarget	1	159204
796.105	0.8	NonTarget	1	159221
796.185	0.8	NonTarget	1	159237
796.27	0.8	NonTarget	1	159254
796.355	0.8	NonTarget	1	159271
796.435	0.8	NonTarget	1	159287
796.52	0.8	NonTarget	1	159304
796.605	0.8	NonTarget	1	159321
796.69	0.8	NonTarget	1	159338
796.77	0.8	NonTarget	1	159354
797.17	0.8	NonTarget	1	159434
797.255	0.8	NonTarget	1	159451
797.34	0.8	NonTarget	1	159468
797.425	0.8	NonTarget	1	159485
797.505	0.8	NonTarget	1	159501
797.59	0.8	NonTarget	1	159518
797.67	0.8	NonTarget	1	159534
797.755	0.8	NonTarget	1	159551
797.84	0.8	NonTarget	1	159568
797.925	0.8	NonTarget	1	159585
798.005	0.8	NonTarget	1	159601
798.09	0.8	NonTarget	1	159618
798.175	0.8	NonTarget	1	159635
798.255	0.8	NonTarget	1	159651
798.34	0.8	NonTarget	1	159668
798.425	0.8	NonTarget	1	159685
798.505	0.8	NonTarget	1	159701
798.59	0.8	NonTarget	1	159718
798.675	0.8	Target	2	159735
798.755	0.8	NonTarget	1	159751
798.84	0.8	NonTarget	1	159768
798.925	0.8	NonTarget	1	159785
799.01	0.8	NonTarget	1	159802
799.09	0.8	NonTarget	1	159818
799.175	0.8	NonTarget	1	159835
799.26	0.8	NonTarget	1	159852
799.345	0.8	NonTarget	1	159869
799.425	0.8	NonTarget	1	159885
799.51	0.8	NonTarget	1	159902
799.59	0.8	NonTarget	1	159918
799.99	0.8	NonTarget	1	159998
800.075	0.8	NonTarget	1	160015
800.16	0.8	NonTarget	1	160032
800.245	0.8	NonTarget	1	160049
800.325	0.8	NonTarget	1	160065
800.41	0.8	NonTarget	1	160082
800.495	0.8	NonTarget	1	160099
800.575	0.8	NonTarget	1	160115
800.66	0.8	NonTarget	1	160132
800.745	0.8	NonTarget	1	160149
800.83	0.8	NonTarget	1	160166
800.91	0.8	NonTarget	1	160182
800.995	0.8	NonTarget	1	160199
801.075	0.8	NonTarget	1	160215
801.16	0.8	NonTarget	1	160232
801.245	0.8	NonTarget	1	160249
801.33	0.8	NonTarget	1	160266
801.41	0.8	NonTarget	1	160282
801.495	0.8	NonTarget	1	160299
801.58	0.8	NonTarget	1	160316
801.665	0.8	NonTarget	1	160333
801.745	0.8	NonTarget	1	160349
801.83	0.8	NonTarget	1	160366
801.915	0.8	Target	2	160383
801.995	0.8	NonTarget	1	160399
802.08	0.8	NonTarget	1	160416
802.16	0.8	NonTarget	1	160432
802.245	0.8	NonTarget	1	160449
802.33	0.8	NonTarget	1	160466
802.415	0.8	NonTarget	1	160483
802.815	0.8	NonTarget	1	160563
802.895	0.8	NonTarget	1	160579
802.98	0.8	NonTarget	1	160596
803.065	0.8	NonTarget	1	160613
803.15	0.8	NonTarget	1	160630
803.23	0.8	NonTarget	1	160646
803.315	0.8	NonTarget	1	160663
803.395	0.8	NonTarget	1	160679
803.48	0.8	NonTarget	1	160696
803.565	0.8	NonTarget	1	160713
803.645	0.8	NonTarget	1	160729
803.73	0.8	NonTarget	1	160746
803.815	0.8	NonTarget	1	160763
803.9	0.8	NonTarget	1	160780
803.98	0.8	NonTarget	1	160796
804.065	0.8	NonTarget	1	160813
804.145	0.8	NonTarget	1	160829
804.235	0.8	NonTarget	1	160847
804.315	0.8	NonTarget	1	160863
804.4	0.8	NonTarget	1	160880
804.48	0.8	NonTarget	1	160896
804.565	0.8	NonTarget	1	160913
804.65	0.8	NonTarget	1	160930
804.73	0.8	NonTarget	1	160946
804.815	0.8	NonTarget	1	160963
804.9	0.8	NonTarget	1	160980
804.985	0.8	NonTarget	1	160997
805.065	0.8	NonTarget	1	161013
805.15	0.8	Target	2	161030
805.235	0.8	NonTarget	1	161047
813.8	0.8	NonTarget	1	162760
813.88	0.8	NonTarget	1	162776
813.96	0.8	NonTarget	1	162792
814.045	0.8	NonTarget	1	162809
814.13	0.8	NonTarget	1	162826
814.21	0.8	NonTarget	1	162842
814.295	0.8	NonTarget	1	162859
814.38	0.8	NonTarget	1	162876
814.465	0.8	NonTarget	1	162893
814.545	0.8	NonTarget	1	162909
814.63	0.8	NonTarget	1	162926
814.715	0.8	NonTarget	1	162943
814.8	0.8	NonTarget	1	162960
814.88	0.8	NonTarget	1	162976
814.965	0.8	NonTarget	1	162993
815.045	0.8	NonTarget	1	163009
815.13	0.8	NonTarget	1	163026
815.215	0.8	NonTarget	1	163043
815.3	0.8	NonTarget	1	163060
815.38	0.8	NonTarget	1	163076
815.465	0.8	NonTarget	1	163093
815.55	0.8	NonTarget	1	163110
815.63	0.8	NonTarget	1	163126
815.715	0.8	NonTarget	1	163143
815.795	0.8	NonTarget	1	163159
815.88	0.8	NonTarget	1	163176
815.965	0.8	NonTarget	1	163193
816.05	0.8	Target	2	163210
816.13	0.8	NonTarget	1	163226
816.215	0.8	NonTarget	1	163243
816.615	0.8	NonTarget	1	163323
816.7	0.8	NonTarget	1	163340
816.785	0.8	Target	2	163357
816.865	0.8	NonTarget	1	163373
816.95	0.8	NonTarget	1	163390
817.035	0.8	NonTarget	1	163407
817.115	0.8	NonTarget	1	163423
817.2	0.8	NonTarget	1	163440
817.285	0.8	NonTarget	1	163457
817.365	0.8	NonTarget	1	163473
817.45	0.8	NonTarget	1	163490
817.535	0.8	NonTarget	1	163507
817.62	0.8	NonTarget	1	163524
817.7	0.8	NonTarget	1	163540
817.785	0.8	NonTarget	1	163557
817.87	0.8	NonTarget	1	163574
817.95	0.8	NonTarget	1	163590
818.035	0.8	NonTarget	1	163607
818.12	0.8	NonTarget	1	163624
818.2	0.8	NonTarget	1	163640
818.285	0.8	NonTarget	1	163657
818.37	0.8	NonTarget	1	163674
818.455	0.8	NonTarget	1	163691
818.535	0.8	NonTarget	1	163707
818.62	0.8	NonTarget	1	163724
818.7	0.8	NonTarget	1	163740
818.785	0.8	NonTarget	1	163757
818.87	0.8	NonTarget	1	163774
818.95	0.8	NonTarget	1	163790
819.035	0.8	NonTarget	1	163807
819.435	0.8	NonTarget	1	163887
819.52	0.8	NonTarget	1	163904
819.605	0.8	NonTarget	1	163921
819.685	0.8	NonTarget	1	163937
819.77	0.8	NonTarget	1	163954
819.855	0.8	NonTarget	1	163971
819.94	0.8	NonTarget	1	163988
820.02	0.8	NonTarget	1	164004
820.105	0.8	NonTarget	1	164021
820.185	0.8	NonTarget	1	164037
820.275	0.8	NonTarget	1	164055
820.355	0.8	NonTarget	1	164071
820.44	0.8	NonTarget	1	164088
820.525	0.8	NonTarget	1	164105
820.605	0.8	NonTarget	1	164121
820.685	0.8	NonTarget	1	164137
820.775	0.8	NonTarget	1	164155
820.855	0.8	NonTarget	1	164171
820.94	0.8	NonTarget	1	164188
821.025	0.8	NonTarget	1	164205
821.105	0.8	NonTarget	1	164221
821.19	0.8	NonTarget	1	164238
821.275	0.8	Target	2	164255
821.355	0.8	NonTarget	1	164271
821.44	0.8	NonTarget	1	164288
821.525	0.8	NonTarget	1	164305
821.605	0.8	NonTarget	1	164321
821.69	0.8	NonTarget	1	164338
821.775	0.8	NonTarget	1	164355
821.86	0.8	NonTarget	1	164372
822.26	0.8	NonTarget	1	164452
822.34	0.8	NonTarget	1	164468
822.425	0.8	NonTarget	1	164485
822.51	0.8	NonTarget	1	164502
822.59	0.8	NonTarget	1	164518
822.675	0.8	NonTarget	1	164535
822.755	0.8	NonTarget	1	164551
822.84	0.8	NonTarget	1	164568
822.925	0.8	NonTarget	1	164585
823.01	0.8	NonTarget	1	164602
823.09	0.8	NonTarget	1	164618
823.175	0.8	NonTarget	1	164635
823.26	0.8	NonTarget	1	164652
823.345	0.8	NonTarget	1	164669
823.425	0.8	NonTarget	1	164685
823.51	0.8	NonTarget	1	164702
823.595	0.8	NonTarget	1	164719
823.675	0.8	NonTarget	1	164735
823.76	0.8	NonTarget	1	164752
823.845	0.8	NonTarget	1	164769
823.925	0.8	NonTarget	1	164785
824.01	0.8	NonTarget	1	164802
824.095	0.8	Target	2	164819
824.175	0.8	NonTarget	1	164835
824.26	0.8	NonTarget	1	164852
824.345	0.8	NonTarget	1	164869
824.43	0.8	NonTarget	1	164886
824.51	0.8	NonTarget	1	164902
824.595	0.8	NonTarget	1	164919
824.675	0.8	NonTarget	1	164935
825.075	0.8	NonTarget	1	165015
825.16	0.8	NonTarget	1	165032
825.245	0.8	NonTarget	1	165049
825.33	0.8	NonTarget	1	165066
825.41	0.8	NonTarget	1	165082
825.495	0.8	NonTarget	1	165099
825.58	0.8	NonTarget	1	165116
825.66	0.8	NonTarget	1	165132
825.745	0.8	NonTarget	1	165149
825.83	0.8	NonTarget	1	165166
825.915	0.8	NonTarget	1	165183
825.995	0.8	NonTarget	1	165199
826.08	0.8	Target	2	165216
826.165	0.8	NonTarget	1	165233
826.245	0.8	NonTarget	1	165249
826.33	0.8	NonTarget	1	165266
826.415	0.8	NonTarget	1	165283
826.495	0.8	NonTarget	1	165299
826.58	0.8	NonTarget	1	165316
826.665	0.8	NonTarget	1	165333
826.745	0.8	NonTarget	1	165349
826.83	0.8	NonTarget	1	165366
826.915	0.8	NonTarget	1	165383
827.0	0.8	NonTarget	1	165400
827.08	0.8	NonTarget	1	165416
827.165	0.8	NonTarget	1	165433
827.25	0.8	NonTarget	1	165450
827.33	0.8	NonTarget	1	165466
827.415	0.8	NonTarget	1	165483
827.5	0.8	NonTarget	1	165500
827.9	0.8	NonTarget	1	165580
827.985	0.8	NonTarget	1	165597
828.065	0.8	Target	2	165613
828.15	0.8	NonTarget	1	165630
828.23	0.8	NonTarget	1	165646
828.315	0.8	NonTarget	1	165663
828.4	0.8	NonTarget	1	165680
828.48	0.8	NonTarget	1	165696
828.565	0.8	NonTarget	1	165713
828.65	0.8	NonTarget	1	165730
828.735	0.8	NonTarget	1	165747
828.815	0.8	NonTarget	1	165763
828.9	0.8	NonTarget	1	165780
828.985	0.8	NonTarget	1	165797
829.065	0.8	NonTarget	1	165813
829.15	0.8	NonTarget	1	165830
829.235	0.8	NonTarget	1	165847
829.315	0.8	NonTarget	1	165863
829.4	0.8	NonTarget	1	165880
829.485	0.8	NonTarget	1	165897
829.57	0.8	NonTarget	1	165914
829.65	0.8	NonTarget	1	165930
829.735	0.8	NonTarget	1	165947
829.82	0.8	NonTarget	1	165964
829.905	0.8	NonTarget	1	165981
829.985	0.8	NonTarget	1	165997
830.07	0.8	NonTarget	1	166014
830.15	0.8	NonTarget	1	166030
830.235	0.8	NonTarget	1	166047
830.32	0.8	NonTarget	1	166064
830.72	0.8	NonTarget	1	166144
830.805	0.8	NonTarget	1	166161
830.885	0.8	NonTarget	1	166177
830.97	0.8	NonTarget	1	166194
831.055	0.8	NonTarget	1	166211
831.135	0.8	NonTarget	1	166227
831.22	0.8	NonTarget	1	166244
831.305	0.8	NonTarget	1	166261
831.39	0.8	NonTarget	1	166278
831.47	0.8	NonTarget	1	166294
831.555	0.8	NonTarget	1	166311
831.635	0.8	NonTarget	1	166327
831.72	0.8	NonTarget	1	166344
831.805	0.8	NonTarget	1	166361
831.885	0.8	NonTarget	1	166377
831.97	0.8	NonTarget	1	166394
832.055	0.8	NonTarget	1	166411
832.14	0.8	NonTarget	1	166428
832.22	0.8	NonTarget	1	166444
832.305	0.8	NonTarget	1	166461
832.39	0.8	NonTarget	1	166478
832.47	0.8	NonTarget	1	166494
832.555	0.8	NonTarget	1	166511
832.64	0.8	NonTarget	1	166528
832.72	0.8	NonTarget	1	166544
832.805	0.8	NonTarget	1	166561
832.89	0.8	NonTarget	1	166578
832.975	0.8	Target	2	166595
833.055	0.8	NonTarget	1	166611
833.14	0.8	NonTarget	1	166628
833.54	0.8	NonTarget	1	166708
833.625	0.8	NonTarget	1	166725
833.705	0.8	Target	2	166741
833.79	0.8	NonTarget	1	166758
833.875	0.8	NonTarget	1	166775
833.955	0.8	NonTarget	1	166791
834.04	0.8	NonTarget	1	166808
834.125	0.8	NonTarget	1	166825
834.21	0.8	NonTarget	1	166842
834.29	0.8	NonTarget	1	166858
834.375	0.8	NonTarget	1	166875
834.455	0.8	NonTarget	1	166891
834.54	0.8	NonTarget	1	166908
834.625	0.8	NonTarget	1	166925
834.71	0.8	NonTarget	1	166942
834.79	0.8	NonTarget	1	166958
834.875	0.8	NonTarget	1	166975
834.96	0.8	NonTarget	1	166992
835.04	0.8	NonTarget	1	167008
835.125	0.8	NonTarget	1	167025
835.21	0.8	NonTarget	1	167042
835.29	0.8	NonTarget	1	167058
835.375	0.8	NonTarget	1	167075
835.46	0.8	NonTarget	1	167092
835.545	0.8	NonTarget	1	167109
835.63	0.8	NonTarget	1	167126
835.71	0.8	NonTarget	1	167142
835.795	0.8	NonTarget	1	167159
835.875	0.8	NonTarget	1	167175
835.96	0.8	NonTarget	1	167192
836.36	0.8	NonTarget	1	167272
836.445	0.8	NonTarget	1	167289
836.525	0.8	NonTarget	1	167305
836.615	0.8	NonTarget	1	167323
836.695	0.8	NonTarget	1	167339
836.78	0.8	NonTarget	1	167356
836.86	0.8	NonTarget	1	167372
836.945	0.8	Target	2	167389
837.03	0.8	NonTarget	1	167406
837.11	0.8	NonTarget	1	167422
837.195	0.8	NonTarget	1	167439
837.28	0.8	NonTarget	1	167456
837.365	0.8	NonTarget	1	167473
837.445	0.8	NonTarget	1	167489
837.53	0.8	NonTarget	1	167506
837.615	0.8	NonTarget	1	167523
837.695	0.8	NonTarget	1	167539
837.78	0.8	NonTarget	1	167556
837.865	0.8	NonTarget	1	167573
837.945	0.8	NonTarget	1	167589
838.03	0.8	NonTarget	1	167606
838.115	0.8	NonTarget	1	167623
838.195	0.8	NonTarget	1	167639
838.28	0.8	NonTarget	1	167656
838.365	0.8	NonTarget	1	167673
838.445	0.8	NonTarget	1	167689
838.53	0.8	NonTarget	1	167706
838.615	0.8	NonTarget	1	167723
838.7	0.8	NonTarget	1	167740
838.78	0.8	NonTarget	1	167756
839.18	0.8	NonTarget	1	167836
839.265	0.8	NonTarget	1	167853
839.35	0.8	NonTarget	1	167870
839.43	0.8	NonTarget	1	167886
839.515	0.8	NonTarget	1	167903
839.595	0.8	NonTarget	1	167919
839.68	0.8	NonTarget	1	167936
839.765	0.8	NonTarget	1	167953
839.85	0.8	NonTarget	1	167970
839.935	0.8	NonTarget	1	167987
840.015	0.8	NonTarget	1	168003
840.1	0.8	NonTarget	1	168020
840.185	0.8	NonTarget	1	168037
840.265	0.8	NonTarget	1	168053
840.35	0.8	NonTarget	1	168070
840.435	0.8	NonTarget	1	168087
840.515	0.8	NonTarget	1	168103
840.6	0.8	Target	2	168120
840.685	0.8	NonTarget	1	168137
840.77	0.8	NonTarget	1	168154
840.85	0.8	NonTarget	1	168170
840.935	0.8	NonTarget	1	168187
841.02	0.8	NonTarget	1	168204
841.1	0.8	NonTarget	1	168220
841.185	0.8	NonTarget	1	168237
841.27	0.8	NonTarget	1	168254
841.35	0.8	NonTarget	1	168270
841.435	0.8	NonTarget	1	168287
841.52	0.8	NonTarget	1	168304
841.6	0.8	NonTarget	1	168320
850.17	0.8	NonTarget	1	170034
850.245	0.8	NonTarget	1	170049
850.33	0.8	NonTarget	1	170066
850.415	0.8	NonTarget	1	170083
850.495	0.8	NonTarget	1	170099
850.58	0.8	NonTarget	1	170116
850.665	0.8	NonTarget	1	170133
850.75	0.8	NonTarget	1	170150
850.83	0.8	NonTarget	1	170166
850.915	0.8	NonTarget	1	170183
851.0	0.8	NonTarget	1	170200
851.08	0.8	NonTarget	1	170216
851.165	0.8	NonTarget	1	170233
851.25	0.8	NonTarget	1	170250
851.33	0.8	NonTarget	1	170266
851.415	0.8	NonTarget	1	170283
851.5	0.8	Target	2	170300
851.585	0.8	NonTarget	1	170317
851.665	0.8	NonTarget	1	170333
851.75	0.8	NonTarget	1	170350
851.83	0.8	NonTarget	1	170366
851.915	0.8	NonTarget	1	170383
852.0	0.8	NonTarget	1	170400
852.085	0.8	NonTarget	1	170417
852.165	0.8	NonTarget	1	170433
852.25	0.8	NonTarget	1	170450
852.335	0.8	NonTarget	1	170467
852.415	0.8	NonTarget	1	170483
852.5	0.8	NonTarget	1	170500
852.585	0.8	NonTarget	1	170517
852.985	0.8	NonTarget	1	170597
853.07	0.8	NonTarget	1	170614
853.15	0.8	NonTarget	1	170630
853.235	0.8	NonTarget	1	170647
853.32	0.8	NonTarget	1	170664
853.4	0.8	NonTarget	1	170680
853.485	0.8	NonTarget	1	170697
853.57	0.8	NonTarget	1	170714
853.65	0.8	NonTarget	1	170730
853.735	0.8	NonTarget	1	170747
853.82	0.8	NonTarget	1	170764
853.905	0.8	NonTarget	1	170781
853.985	0.8	NonTarget	1	170797
854.07	0.8	NonTarget	1	170814
854.155	0.8	NonTarget	1	170831
854.235	0.8	NonTarget	1	170847
854.32	0.8	NonTarget	1	170864
854.405	0.8	NonTarget	1	170881
854.485	0.8	NonTarget	1	170897
854.57	0.8	NonTarget	1	170914
854.655	0.8	NonTarget	1	170931
854.735	0.8	NonTarget	1	170947
854.82	0.8	NonTarget	1	170964
854.905	0.8	NonTarget	1	170981
854.99	0.8	NonTarget	1	170998
855.07	0.8	NonTarget	1	171014
855.155	0.8	Target	2	171031
855.24	0.8	NonTarget	1	171048
855.32	0.8	NonTarget	1	171064
855.405	0.8	NonTarget	1	171081
855.805	0.8	NonTarget	1	171161
855.89	0.8	NonTarget	1	171178
855.97	0.8	NonTarget	1	171194
856.055	0.8	NonTarget	1	171211
856.14	0.8	NonTarget	1	171228
856.22	0.8	NonTarget	1	171244
856.305	0.8	NonTarget	1	171261
856.39	0.8	NonTarget	1	171278
856.47	0.8	NonTarget	1	171294
856.555	0.8	NonTarget	1	171311
856.64	0.8	NonTarget	1	171328
856.725	0.8	NonTarget	1	171345
856.805	0.8	NonTarget	1	171361
856.89	0.8	NonTarget	1	171378
856.975	0.8	NonTarget	1	171395
857.055	0.8	NonTarget	1	171411
857.14	0.8	NonTarget	1	171428
857.225	0.8	NonTarget	1	171445
857.31	0.8	NonTarget	1	171462
857.39	0.8	NonTarget	1	171478
857.475	0.8	NonTarget	1	171495
857.555	0.8	NonTarget	1	171511
857.64	0.8	NonTarget	1	171528
857.725	0.8	NonTarget	1	171545
857.81	0.8	NonTarget	1	171562
857.895	0.8	NonTarget	1	171579
857.975	0.8	Target	2	171595
858.06	0.8	NonTarget	1	171612
858.145	0.8	NonTarget	1	171629
858.225	0.8	NonTarget	1	171645
858.625	0.8	NonTarget	1	171725
858.71	0.8	NonTarget	1	171742
858.79	0.8	NonTarget	1	171758
858.875	0.8	NonTarget	1	171775
858.96	0.8	NonTarget	1	171792
859.045	0.8	NonTarget	1	171809
859.125	0.8	NonTarget	1	171825
859.21	0.8	NonTarget	1	171842
859.295	0.8	NonTarget	1	171859
859.38	0.8	NonTarget	1	171876
859.46	0.8	NonTarget	1	171892
859.545	0.8	Target	2	171909
859.625	0.8	NonTarget	1	171925
859.71	0.8	NonTarget	1	171942
859.795	0.8	NonTarget	1	171959
859.88	0.8	NonTarget	1	171976
859.96	0.8	NonTarget	1	171992
860.045	0.8	NonTarget	1	172009
860.13	0.8	NonTarget	1	172026
860.21	0.8	NonTarget	1	172042
860.295	0.8	NonTarget	1	172059
860.38	0.8	NonTarget	1	172076
860.46	0.8	NonTarget	1	172092
860.545	0.8	NonTarget	1	172109
860.63	0.8	NonTarget	1	172126
860.71	0.8	NonTarget	1	172142
860.795	0.8	NonTarget	1	172159
860.88	0.8	NonTarget	1	172176
860.96	0.8	NonTarget	1	172192
861.045	0.8	NonTarget	1	172209
861.445	0.8	NonTarget	1	172289
861.53	0.8	NonTarget	1	172306
861.615	0.8	NonTarget	1	172323
861.7	0.8	NonTarget	1	172340
861.78	0.8	NonTarget	1	172356
861.865	0.8	NonTarget	1	172373
861.945	0.8	NonTarget	1	172389
862.03	0.8	NonTarget	1	172406
862.115	0.8	NonTarget	1	172423
862.195	0.8	NonTarget	1	172439
862.28	0.8	NonTarget	1	172456
862.365	0.8	NonTarget	1	172473
862.45	0.8	NonTarget	1	172490
862.53	0.8	NonTarget	1	172506
862.615	0.8	NonTarget	1	172523
862.7	0.8	NonTarget	1	172540
862.78	0.8	Target	2	172556
862.865	0.8	NonTarget	1	172573
862.95	0.8	NonTarget	1	172590
863.03	0.8	NonTarget	1	172606
863.115	0.8	NonTarget	1	172623
863.2	0.8	NonTarget	1	172640
863.28	0.8	NonTarget	1	172656
863.365	0.8	NonTarget	1	172673
863.45	0.8	NonTarget	1	172690
863.53	0.8	NonTarget	1	172706
863.615	0.8	NonTarget	1	172723
863.7	0.8	NonTarget	1	172740
863.785	0.8	NonTarget	1	172757
863.865	0.8	NonTarget	1	172773
864.265	0.8	NonTarget	1	172853
864.35	0.8	NonTarget	1	172870
864.43	0.8	NonTarget	1	172886
864.515	0.8	NonTarget	1	172903
864.6	0.8	NonTarget	1	172920
864.685	0.8	NonTarget	1	172937
864.765	0.8	NonTarget	1	172953
864.85	0.8	NonTarget	1	172970
864.935	0.8	NonTarget	1	172987
865.015	0.8	NonTarget	1	173003
865.1	0.8	NonTarget	1	173020
865.185	0.8	Target	2	173037
865.27	0.8	NonTarget	1	173054
865.35	0.8	NonTarget	1	173070
865.435	0.8	NonTarget	1	173087
865.52	0.8	NonTarget	1	173104
865.6	0.8	NonTarget	1	173120
865.685	0.8	NonTarget	1	173137
865.77	0.8	NonTarget	1	173154
865.855	0.8	NonTarget	1	173171
865.935	0.8	NonTarget	1	173187
866.02	0.8	NonTarget	1	173204
866.105	0.8	NonTarget	1	173221
866.19	0.8	NonTarget	1	173238
866.27	0.8	NonTarget	1	173254
866.355	0.8	NonTarget	1	173271
866.435	0.8	NonTarget	1	173287
866.52	0.8	NonTarget	1	173304
866.605	0.8	NonTarget	1	173321
866.685	0.8	NonTarget	1	173337
867.09	0.8	NonTarget	1	173418
867.17	0.8	NonTarget	1	173434
867.255	0.8	NonTarget	1	173451
867.34	0.8	NonTarget	1	173468
867.42	0.8	NonTarget	1	173484
867.505	0.8	NonTarget	1	173501
867.59	0.8	NonTarget	1	173518
867.675	0.8	NonTarget	1	173535
867.755	0.8	NonTarget	1	173551
867.835	0.8	NonTarget	1	173567
867.92	0.8	NonTarget	1	173584
868.005	0.8	Target	2	173601
868.09	0.8	NonTarget	1	173618
868.175	0.8	NonTarget	1	173635
868.255	0.8	NonTarget	1	173651
868.34	0.8	NonTarget	1	173668
868.425	0.8	NonTarget	1	173685
868.505	0.8	NonTarget	1	173701
868.59	0.8	NonTarget	1	173718
868.675	0.8	NonTarget	1	173735
868.76	0.8	NonTarget	1	173752
868.84	0.8	NonTarget	1	173768
868.925	0.8	NonTarget	1	173785
869.005	0.8	NonTarget	1	173801
869.09	0.8	NonTarget	1	173818
869.175	0.8	NonTarget	1	173835
869.26	0.8	NonTarget	1	173852
869.34	0.8	NonTarget	1	173868
869.425	0.8	NonTarget	1	173885
869.51	0.8	NonTarget	1	173902
869.91	0.8	NonTarget	1	173982
869.99	0.8	NonTarget	1	173998
870.075	0.8	NonTarget	1	174015
870.16	0.8	NonTarget	1	174032
870.24	0.8	NonTarget	1	174048
870.325	0.8	NonTarget	1	174065
870.41	0.8	NonTarget	1	174082
870.49	0.8	NonTarget	1	174098
870.575	0.8	NonTarget	1	174115
870.66	0.8	NonTarget	1	174132
870.74	0.8	NonTarget	1	174148
870.825	0.8	NonTarget	1	174165
870.91	0.8	NonTarget	1	174182
870.995	0.8	NonTarget	1	174199
871.075	0.8	NonTarget	1	174215
871.16	0.8	NonTarget	1	174232
871.245	0.8	NonTarget	1	174249
871.325	0.8	NonTarget	1	174265
871.41	0.8	NonTarget	1	174282
871.495	0.8	NonTarget	1	174299
871.58	0.8	NonTarget	1	174316
871.66	0.8	Target	2	174332
871.745	0.8	NonTarget	1	174349
871.83	0.8	NonTarget	1	174366
871.91	0.8	NonTarget	1	174382
871.995	0.8	NonTarget	1	174399
872.08	0.8	NonTarget	1	174416
872.16	0.8	NonTarget	1	174432
872.245	0.8	NonTarget	1	174449
872.33	0.8	NonTarget	1	174466
872.73	0.8	NonTarget	1	174546
872.81	0.8	Target	2	174562
872.895	0.8	NonTarget	1	174579
872.98	0.8	NonTarget	1	174596
873.065	0.8	NonTarget	1	174613
873.145	0.8	NonTarget	1	174629
873.23	0.8	NonTarget	1	174646
873.31	0.8	NonTarget	1	174662
873.395	0.8	NonTarget	1	174679
873.48	0.8	NonTarget	1	174696
873.565	0.8	NonTarget	1	174713
873.645	0.8	NonTarget	1	174729
873.73	0.8	NonTarget	1	174746
873.815	0.8	NonTarget	1	174763
873.895	0.8	NonTarget	1	174779
873.98	0.8	NonTarget	1	174796
874.065	0.8	NonTarget	1	174813
874.15	0.8	NonTarget	1	174830
874.23	0.8	NonTarget	1	174846
874.315	0.8	NonTarget	1	174863
874.4	0.8	NonTarget	1	174880
874.48	0.8	NonTarget	1	174896
874.565	0.8	NonTarget	1	174913
874.65	0.8	NonTarget	1	174930
874.73	0.8	NonTarget	1	174946
874.815	0.8	NonTarget	1	174963
874.9	0.8	NonTarget	1	174980
874.98	0.8	NonTarget	1	174996
875.065	0.8	NonTarget	1	175013
875.15	0.8	NonTarget	1	175030
875.55	0.8	NonTarget	1	175110
875.635	0.8	NonTarget	1	175127
875.715	0.8	NonTarget	1	175143
875.8	0.8	NonTarget	1	175160
875.885	0.8	NonTarget	1	175177
875.965	0.8	NonTarget	1	175193
876.05	0.8	Target	2	175210
876.135	0.8	NonTarget	1	175227
876.215	0.8	NonTarget	1	175243
876.3	0.8	NonTarget	1	175260
876.385	0.8	NonTarget	1	175277
876.47	0.8	NonTarget	1	175294
876.55	0.8	NonTarget	1	175310
876.635	0.8	NonTarget	1	175327
876.715	0.8	NonTarget	1	175343
876.8	0.8	NonTarget	1	175360
876.885	0.8	NonTarget	1	175377
876.97	0.8	NonTarget	1	175394
877.055	0.8	NonTarget	1	175411
877.135	0.8	NonTarget	1	175427
877.22	0.8	NonTarget	1	175444
877.305	0.8	NonTarget	1	175461
877.385	0.8	NonTarget	1	175477
877.47	0.8	NonTarget	1	175494
877.555	0.8	NonTarget	1	175511
877.64	0.8	NonTarget	1	175528
877.72	0.8	NonTarget	1	175544
877.805	0.8	NonTarget	1	175561
877.885	0.8	NonTarget	1	175577
877.97	0.8	NonTarget	1	175594
