onset	duration	trial_type	value	sample
891.655	0.8	NonTarget	1	178331
891.74	0.8	NonTarget	1	178348
891.82	0.8	NonTarget	1	178364
891.905	0.8	NonTarget	1	178381
891.99	0.8	NonTarget	1	178398
892.07	0.8	NonTarget	1	178414
892.155	0.8	NonTarget	1	178431
892.24	0.8	NonTarget	1	178448
892.32	0.8	NonTarget	1	178464
892.405	0.8	NonTarget	1	178481
892.49	0.8	NonTarget	1	178498
892.575	0.8	NonTarget	1	178515
892.655	0.8	NonTarget	1	178531
892.74	0.8	NonTarget	1	178548
892.82	0.8	NonTarget	1	178564
892.905	0.8	NonTarget	1	178581
892.99	0.8	NonTarget	1	178598
893.07	0.8	NonTarget	1	178614
893.155	0.8	NonTarget	1	178631
893.24	0.8	NonTarget	1	178648
893.325	0.8	NonTarget	1	178665
893.405	0.8	NonTarget	1	178681
893.49	0.8	NonTarget	1	178698
893.575	0.8	NonTarget	1	178715
893.655	0.8	NonTarget	1	178731
893.74	0.8	NonTarget	1	178748
893.825	0.8	NonTarget	1	178765
893.905	0.8	NonTarget	1	178781
893.99	0.8	NonTarget	1	178798
894.075	0.8	Target	2	178815
894.475	0.8	NonTarget	1	178895
894.555	0.8	NonTarget	1	178911
894.64	0.8	NonTarget	1	178928
894.725	0.8	NonTarget	1	178945
894.81	0.8	NonTarget	1	178962
894.89	0.8	NonTarget	1	178978
894.975	0.8	NonTarget	1	178995
895.06	0.8	NonTarget	1	179012
895.14	0.8	NonTarget	1	179028
895.225	0.8	Target	2	179045
895.31	0.8	NonTarget	1	179062
895.39	0.8	NonTarget	1	179078
895.475	0.8	NonTarget	1	179095
895.56	0.8	NonTarget	1	179112
895.64	0.8	NonTarget	1	179128
895.725	0.8	NonTarget	1	179145
895.81	0.8	NonTarget	1	179162
895.895	0.8	NonTarget	1	179179
895.975	0.8	NonTarget	1	179195
896.06	0.8	NonTarget	1	179212
896.145	0.8	NonTarget	1	179229
896.225	0.8	NonTarget	1	179245
896.31	0.8	NonTarget	1	179262
896.395	0.8	NonTarget	1	179279
896.475	0.8	NonTarget	1	179295
896.56	0.8	NonTarget	1	179312
896.645	0.8	NonTarget	1	179329
896.73	0.8	NonTarget	1	179346
896.81	0.8	NonTarget	1	179362
896.895	0.8	NonTarget	1	179379
897.295	0.8	NonTarget	1	179459
897.38	0.8	NonTarget	1	179476
897.46	0.8	NonTarget	1	179492
897.545	0.8	NonTarget	1	179509
897.63	0.8	NonTarget	1	179526
897.715	0.8	NonTarget	1	179543
897.795	0.8	NonTarget	1	179559
897.88	0.8	NonTarget	1	179576
897.96	0.8	NonTarget	1	179592
898.045	0.8	NonTarget	1	179609
898.13	0.8	NonTarget	1	179626
898.215	0.8	NonTarget	1	179643
898.295	0.8	NonTarget	1	179659
898.38	0.8	NonTarget	1	179676
898.465	0.8	NonTarget	1	179693
898.55	0.8	NonTarget	1	179710
898.63	0.8	NonTarget	1	179726
898.715	0.8	NonTarget	1	179743
898.795	0.8	NonTarget	1	179759
898.88	0.8	Target	2	179776
898.965	0.8	NonTarget	1	179793
899.045	0.8	NonTarget	1	179809
899.13	0.8	NonTarget	1	179826
899.215	0.8	NonTarget	1	179843
899.3	0.8	NonTarget	1	179860
899.38	0.8	NonTarget	1	179876
899.465	0.8	NonTarget	1	179893
899.55	0.8	NonTarget	1	179910
899.63	0.8	NonTarget	1	179926
899.715	0.8	NonTarget	1	179943
900.115	0.8	NonTarget	1	180023
900.2	0.8	NonTarget	1	180040
900.28	0.8	NonTarget	1	180056
900.365	0.8	NonTarget	1	180073
900.45	0.8	NonTarget	1	180090
900.535	0.8	NonTarget	1	180107
900.615	0.8	NonTarget	1	180123
900.7	0.8	NonTarget	1	180140
900.785	0.8	NonTarget	1	180157
900.865	0.8	NonTarget	1	180173
900.95	0.8	NonTarget	1	180190
901.035	0.8	NonTarget	1	180207
901.115	0.8	NonTarget	1	180223
901.2	0.8	NonTarget	1	180240
901.285	0.8	NonTarget	1	180257
901.37	0.8	NonTarget	1	180274
901.45	0.8	NonTarget	1	180290
901.535	0.8	NonTarget	1	180307
901.62	0.8	NonTarget	1	180324
901.7	0.8	NonTarget	1	180340
901.785	0.8	NonTarget	1	180357
901.87	0.8	NonTarget	1	180374
901.95	0.8	NonTarget	1	180390
902.035	0.8	NonTarget	1	180407
902.12	0.8	Target	2	180424
902.2	0.8	NonTarget	1	180440
902.285	0.8	NonTarget	1	180457
902.37	0.8	NonTarget	1	180474
902.45	0.8	NonTarget	1	180490
902.535	0.8	NonTarget	1	180507
902.935	0.8	NonTarget	1	180587
903.02	0.8	NonTarget	1	180604
903.105	0.8	NonTarget	1	180621
903.185	0.8	NonTarget	1	180637
903.27	0.8	NonTarget	1	180654
903.355	0.8	NonTarget	1	180671
903.435	0.8	NonTarget	1	180687
903.52	0.8	NonTarget	1	180704
903.605	0.8	NonTarget	1	180721
903.685	0.8	NonTarget	1	180737
903.77	0.8	NonTarget	1	180754
903.855	0.8	NonTarget	1	180771
903.94	0.8	NonTarget	1	180788
904.02	0.8	NonTarget	1	180804
904.105	0.8	NonTarget	1	180821
904.19	0.8	NonTarget	1	180838
904.27	0.8	NonTarget	1	180854
904.355	0.8	NonTarget	1	180871
904.44	0.8	NonTarget	1	180888
904.52	0.8	NonTarget	1	180904
904.605	0.8	NonTarget	1	180921
904.69	0.8	NonTarget	1	180938
904.77	0.8	NonTarget	1	180954
904.855	0.8	NonTarget	1	180971
904.94	0.8	Target	2	180988
905.02	0.8	NonTarget	1	181004
905.105	0.8	NonTarget	1	181021
905.19	0.8	NonTarget	1	181038
905.275	0.8	NonTarget	1	181055
905.355	0.8	NonTarget	1	181071
905.755	0.8	NonTarget	1	181151
905.84	0.8	NonTarget	1	181168
905.925	0.8	NonTarget	1	181185
906.01	0.8	NonTarget	1	181202
906.09	0.8	Target	2	181218
906.175	0.8	NonTarget	1	181235
906.26	0.8	NonTarget	1	181252
906.34	0.8	NonTarget	1	181268
906.425	0.8	NonTarget	1	181285
906.51	0.8	NonTarget	1	181302
906.59	0.8	NonTarget	1	181318
906.675	0.8	NonTarget	1	181335
906.76	0.8	NonTarget	1	181352
906.84	0.8	NonTarget	1	181368
906.925	0.8	NonTarget	1	181385
907.01	0.8	NonTarget	1	181402
907.095	0.8	NonTarget	1	181419
907.175	0.8	NonTarget	1	181435
907.26	0.8	NonTarget	1	181452
907.34	0.8	NonTarget	1	181468
907.425	0.8	NonTarget	1	181485
907.51	0.8	NonTarget	1	181502
907.59	0.8	NonTarget	1	181518
907.675	0.8	NonTarget	1	181535
907.76	0.8	NonTarget	1	181552
907.845	0.8	NonTarget	1	181569
907.925	0.8	NonTarget	1	181585
908.01	0.8	NonTarget	1	181602
908.095	0.8	NonTarget	1	181619
908.175	0.8	NonTarget	1	181635
908.575	0.8	NonTarget	1	181715
908.66	0.8	NonTarget	1	181732
908.745	0.8	NonTarget	1	181749
908.83	0.8	NonTarget	1	181766
908.915	0.8	NonTarget	1	181783
908.995	0.8	NonTarget	1	181799
909.075	0.8	NonTarget	1	181815
909.16	0.8	NonTarget	1	181832
909.245	0.8	NonTarget	1	181849
909.33	0.8	NonTarget	1	181866
909.41	0.8	NonTarget	1	181882
909.495	0.8	NonTarget	1	181899
909.58	0.8	NonTarget	1	181916
909.665	0.8	NonTarget	1	181933
909.745	0.8	NonTarget	1	181949
909.83	0.8	NonTarget	1	181966
909.91	0.8	NonTarget	1	181982
909.995	0.8	NonTarget	1	181999
910.08	0.8	NonTarget	1	182016
910.16	0.8	NonTarget	1	182032
910.245	0.8	NonTarget	1	182049
910.33	0.8	NonTarget	1	182066
910.415	0.8	NonTarget	1	182083
910.495	0.8	NonTarget	1	182099
910.58	0.8	Target	2	182116
910.665	0.8	NonTarget	1	182133
910.75	0.8	NonTarget	1	182150
910.83	0.8	NonTarget	1	182166
910.915	0.8	NonTarget	1	182183
910.995	0.8	NonTarget	1	182199
911.4	0.8	NonTarget	1	182280
911.48	0.8	NonTarget	1	182296
911.565	0.8	NonTarget	1	182313
911.65	0.8	NonTarget	1	182330
911.73	0.8	NonTarget	1	182346
911.815	0.8	NonTarget	1	182363
911.9	0.8	NonTarget	1	182380
911.98	0.8	NonTarget	1	182396
912.065	0.8	NonTarget	1	182413
912.15	0.8	Target	2	182430
912.235	0.8	NonTarget	1	182447
912.315	0.8	NonTarget	1	182463
912.4	0.8	NonTarget	1	182480
912.48	0.8	NonTarget	1	182496
912.565	0.8	NonTarget	1	182513
912.65	0.8	NonTarget	1	182530
912.735	0.8	NonTarget	1	182547
912.82	0.8	NonTarget	1	182564
912.9	0.8	NonTarget	1	182580
912.985	0.8	NonTarget	1	182597
913.065	0.8	NonTarget	1	182613
913.15	0.8	NonTarget	1	182630
913.235	0.8	NonTarget	1	182647
913.315	0.8	NonTarget	1	182663
913.4	0.8	NonTarget	1	182680
913.485	0.8	NonTarget	1	182697
913.565	0.8	NonTarget	1	182713
913.65	0.8	NonTarget	1	182730
913.735	0.8	NonTarget	1	182747
913.82	0.8	NonTarget	1	182764
914.22	0.8	NonTarget	1	182844
914.3	0.8	NonTarget	1	182860
914.385	0.8	NonTarget	1	182877
914.47	0.8	NonTarget	1	182894
914.555	0.8	NonTarget	1	182911
914.635	0.8	NonTarget	1	182927
914.72	0.8	NonTarget	1	182944
914.805	0.8	NonTarget	1	182961
914.885	0.8	NonTarget	1	182977
914.97	0.8	Target	2	182994
915.055	0.8	NonTarget	1	183011
915.135	0.8	NonTarget	1	183027
915.22	0.8	NonTarget	1	183044
915.305	0.8	NonTarget	1	183061
915.385	0.8	NonTarget	1	183077
915.47	0.8	NonTarget	1	183094
915.555	0.8	NonTarget	1	183111
915.635	0.8	NonTarget	1	183127
915.72	0.8	NonTarget	1	183144
915.805	0.8	NonTarget	1	183161
915.885	0.8	NonTarget	1	183177
915.97	0.8	NonTarget	1	183194
916.055	0.8	NonTarget	1	183211
916.14	0.8	NonTarget	1	183228
916.22	0.8	NonTarget	1	183244
916.305	0.8	NonTarget	1	183261
916.39	0.8	NonTarget	1	183278
916.47	0.8	NonTarget	1	183294
916.555	0.8	NonTarget	1	183311
916.64	0.8	NonTarget	1	183328
917.04	0.8	NonTarget	1	183408
917.12	0.8	NonTarget	1	183424
917.205	0.8	NonTarget	1	183441
917.29	0.8	NonTarget	1	183458
917.375	0.8	NonTarget	1	183475
917.455	0.8	NonTarget	1	183491
917.54	0.8	NonTarget	1	183508
917.625	0.8	NonTarget	1	183525
917.71	0.8	NonTarget	1	183542
917.79	0.8	Target	2	183558
917.875	0.8	NonTarget	1	183575
917.955	0.8	NonTarget	1	183591
918.04	0.8	NonTarget	1	183608
918.125	0.8	NonTarget	1	183625
918.205	0.8	NonTarget	1	183641
918.29	0.8	NonTarget	1	183658
918.375	0.8	NonTarget	1	183675
918.46	0.8	NonTarget	1	183692
918.54	0.8	NonTarget	1	183708
918.625	0.8	NonTarget	1	183725
918.71	0.8	NonTarget	1	183742
918.79	0.8	NonTarget	1	183758
918.875	0.8	NonTarget	1	183775
918.96	0.8	NonTarget	1	183792
919.04	0.8	NonTarget	1	183808
919.125	0.8	NonTarget	1	183825
919.21	0.8	NonTarget	1	183842
919.295	0.8	NonTarget	1	183859
919.375	0.8	NonTarget	1	183875
919.46	0.8	NonTarget	1	183892
929.425	0.8	NonTarget	1	185885
929.505	0.8	NonTarget	1	185901
929.59	0.8	NonTarget	1	185918
929.675	0.8	NonTarget	1	185935
929.755	0.8	NonTarget	1	185951
929.84	0.8	NonTarget	1	185968
929.925	0.8	NonTarget	1	185985
930.01	0.8	NonTarget	1	186002
930.09	0.8	NonTarget	1	186018
930.175	0.8	NonTarget	1	186035
930.26	0.8	NonTarget	1	186052
930.345	0.8	NonTarget	1	186069
930.425	0.8	NonTarget	1	186085
930.51	0.8	NonTarget	1	186102
930.595	0.8	NonTarget	1	186119
930.675	0.8	NonTarget	1	186135
930.76	0.8	NonTarget	1	186152
930.845	0.8	NonTarget	1	186169
930.925	0.8	NonTarget	1	186185
931.01	0.8	Target	2	186202
931.09	0.8	NonTarget	1	186218
931.18	0.8	NonTarget	1	186236
931.26	0.8	NonTarget	1	186252
931.345	0.8	NonTarget	1	186269
931.43	0.8	NonTarget	1	186286
931.51	0.8	NonTarget	1	186302
931.595	0.8	NonTarget	1	186319
931.68	0.8	NonTarget	1	186336
931.76	0.8	NonTarget	1	186352
931.845	0.8	NonTarget	1	186369
932.245	0.8	NonTarget	1	186449
932.33	0.8	NonTarget	1	186466
932.41	0.8	NonTarget	1	186482
932.495	0.8	NonTarget	1	186499
932.58	0.8	NonTarget	1	186516
932.665	0.8	NonTarget	1	186533
932.745	0.8	NonTarget	1	186549
932.83	0.8	NonTarget	1	186566
932.915	0.8	NonTarget	1	186583
932.995	0.8	Target	2	186599
933.08	0.8	NonTarget	1	186616
933.165	0.8	NonTarget	1	186633
933.245	0.8	NonTarget	1	186649
933.33	0.8	NonTarget	1	186666
933.415	0.8	NonTarget	1	186683
933.495	0.8	NonTarget	1	186699
933.58	0.8	NonTarget	1	186716
933.665	0.8	NonTarget	1	186733
933.745	0.8	NonTarget	1	186749
933.83	0.8	NonTarget	1	186766
933.915	0.8	NonTarget	1	186783
933.995	0.8	NonTarget	1	186799
934.08	0.8	NonTarget	1	186816
934.165	0.8	NonTarget	1	186833
934.245	0.8	NonTarget	1	186849
934.33	0.8	NonTarget	1	186866
934.415	0.8	NonTarget	1	186883
934.5	0.8	NonTarget	1	186900
934.58	0.8	NonTarget	1	186916
934.665	0.8	NonTarget	1	186933
935.065	0.8	NonTarget	1	187013
935.15	0.8	NonTarget	1	187030
935.235	0.8	NonTarget	1	187047
935.315	0.8	NonTarget	1	187063
935.4	0.8	NonTarget	1	187080
935.48	0.8	NonTarget	1	187096
935.565	0.8	NonTarget	1	187113
935.65	0.8	NonTarget	1	187130
935.735	0.8	NonTarget	1	187147
935.815	0.8	NonTarget	1	187163
935.9	0.8	NonTarget	1	187180
935.985	0.8	NonTarget	1	187197
936.07	0.8	NonTarget	1	187214
936.15	0.8	NonTarget	1	187230
936.235	0.8	NonTarget	1	187247
936.32	0.8	NonTarget	1	187264
936.4	0.8	NonTarget	1	187280
936.485	0.8	NonTarget	1	187297
936.57	0.8	NonTarget	1	187314
936.655	0.8	Target	2	187331
936.735	0.8	NonTarget	1	187347
936.82	0.8	NonTarget	1	187364
936.9	0.8	NonTarget	1	187380
936.985	0.8	NonTarget	1	187397
937.065	0.8	NonTarget	1	187413
937.15	0.8	NonTarget	1	187430
937.235	0.8	NonTarget	1	187447
937.32	0.8	NonTarget	1	187464
937.405	0.8	NonTarget	1	187481
937.485	0.8	NonTarget	1	187497
937.885	0.8	NonTarget	1	187577
937.97	0.8	NonTarget	1	187594
938.055	0.8	NonTarget	1	187611
938.135	0.8	NonTarget	1	187627
938.22	0.8	NonTarget	1	187644
938.305	0.8	NonTarget	1	187661
938.385	0.8	NonTarget	1	187677
938.47	0.8	NonTarget	1	187694
938.555	0.8	NonTarget	1	187711
938.64	0.8	Target	2	187728
938.72	0.8	NonTarget	1	187744
938.805	0.8	NonTarget	1	187761
938.89	0.8	NonTarget	1	187778
938.97	0.8	NonTarget	1	187794
939.055	0.8	NonTarget	1	187811
939.14	0.8	NonTarget	1	187828
939.22	0.8	NonTarget	1	187844
939.305	0.8	NonTarget	1	187861
939.39	0.8	NonTarget	1	187878
939.47	0.8	NonTarget	1	187894
939.555	0.8	NonTarget	1	187911
939.64	0.8	NonTarget	1	187928
939.725	0.8	NonTarget	1	187945
939.805	0.8	NonTarget	1	187961
939.89	0.8	NonTarget	1	187978
939.975	0.8	NonTarget	1	187995
940.055	0.8	NonTarget	1	188011
940.14	0.8	NonTarget	1	188028
940.225	0.8	NonTarget	1	188045
940.305	0.8	NonTarget	1	188061
940.705	0.8	NonTarget	1	188141
940.79	0.8	NonTarget	1	188158
940.875	0.8	NonTarget	1	188175
940.96	0.8	NonTarget	1	188192
941.04	0.8	NonTarget	1	188208
941.125	0.8	NonTarget	1	188225
941.21	0.8	NonTarget	1	188242
941.29	0.8	NonTarget	1	188258
941.375	0.8	NonTarget	1	188275
941.455	0.8	NonTarget	1	188291
941.54	0.8	NonTarget	1	188308
941.625	0.8	NonTarget	1	188325
941.71	0.8	NonTarget	1	188342
941.795	0.8	NonTarget	1	188359
941.875	0.8	NonTarget	1	188375
941.96	0.8	NonTarget	1	188392
942.045	0.8	NonTarget	1	188409
942.125	0.8	NonTarget	1	188425
942.21	0.8	NonTarget	1	188442
942.295	0.8	NonTarget	1	188459
942.375	0.8	NonTarget	1	188475
942.46	0.8	NonTarget	1	188492
942.545	0.8	NonTarget	1	188509
942.625	0.8	NonTarget	1	188525
942.71	0.8	Target	2	188542
942.79	0.8	NonTarget	1	188558
942.875	0.8	NonTarget	1	188575
942.96	0.8	NonTarget	1	188592
943.045	0.8	NonTarget	1	188609
943.125	0.8	NonTarget	1	188625
943.53	0.8	NonTarget	1	188706
943.61	0.8	NonTarget	1	188722
943.695	0.8	NonTarget	1	188739
943.78	0.8	NonTarget	1	188756
943.86	0.8	NonTarget	1	188772
943.945	0.8	NonTarget	1	188789
944.03	0.8	NonTarget	1	188806
944.11	0.8	NonTarget	1	188822
944.195	0.8	NonTarget	1	188839
944.28	0.8	NonTarget	1	188856
944.36	0.8	NonTarget	1	188872
944.445	0.8	NonTarget	1	188889
944.53	0.8	NonTarget	1	188906
944.61	0.8	NonTarget	1	188922
944.695	0.8	NonTarget	1	188939
944.78	0.8	NonTarget	1	188956
944.865	0.8	NonTarget	1	188973
944.95	0.8	NonTarget	1	188990
945.03	0.8	NonTarget	1	189006
945.115	0.8	NonTarget	1	189023
945.195	0.8	NonTarget	1	189039
945.28	0.8	NonTarget	1	189056
945.365	0.8	NonTarget	1	189073
945.445	0.8	NonTarget	1	189089
945.53	0.8	Target	2	189106
945.615	0.8	NonTarget	1	189123
945.7	0.8	NonTarget	1	189140
945.78	0.8	NonTarget	1	189156
945.865	0.8	NonTarget	1	189173
945.95	0.8	NonTarget	1	189190
946.35	0.8	NonTarget	1	189270
946.43	0.8	NonTarget	1	189286
946.515	0.8	NonTarget	1	189303
946.6	0.8	NonTarget	1	189320
946.685	0.8	Target	2	189337
946.765	0.8	NonTarget	1	189353
946.85	0.8	NonTarget	1	189370
946.93	0.8	NonTarget	1	189386
947.015	0.8	NonTarget	1	189403
947.1	0.8	NonTarget	1	189420
947.185	0.8	NonTarget	1	189437
947.265	0.8	NonTarget	1	189453
947.35	0.8	NonTarget	1	189470
947.435	0.8	NonTarget	1	189487
947.515	0.8	NonTarget	1	189503
947.6	0.8	NonTarget	1	189520
947.685	0.8	NonTarget	1	189537
947.765	0.8	NonTarget	1	189553
947.85	0.8	NonTarget	1	189570
947.935	0.8	NonTarget	1	189587
948.02	0.8	NonTarget	1	189604
948.1	0.8	NonTarget	1	189620
948.185	0.8	NonTarget	1	189637
948.27	0.8	NonTarget	1	189654
948.35	0.8	NonTarget	1	189670
948.435	0.8	NonTarget	1	189687
948.52	0.8	NonTarget	1	189704
948.6	0.8	NonTarget	1	189720
948.685	0.8	NonTarget	1	189737
948.77	0.8	NonTarget	1	189754
949.17	0.8	NonTarget	1	189834
949.255	0.8	NonTarget	1	189851
949.335	0.8	NonTarget	1	189867
949.42	0.8	NonTarget	1	189884
949.505	0.8	Target	2	189901
949.585	0.8	NonTarget	1	189917
949.67	0.8	NonTarget	1	189934
949.755	0.8	NonTarget	1	189951
949.835	0.8	NonTarget	1	189967
949.92	0.8	NonTarget	1	189984
950.005	0.8	NonTarget	1	190001
950.085	0.8	NonTarget	1	190017
950.17	0.8	NonTarget	1	190034
950.255	0.8	NonTarget	1	190051
950.335	0.8	NonTarget	1	190067
950.42	0.8	NonTarget	1	190084
950.505	0.8	NonTarget	1	190101
950.59	0.8	NonTarget	1	190118
950.67	0.8	NonTarget	1	190134
950.755	0.8	NonTarget	1	190151
950.84	0.8	NonTarget	1	190168
950.92	0.8	NonTarget	1	190184
951.005	0.8	NonTarget	1	190201
951.09	0.8	NonTarget	1	190218
951.175	0.8	NonTarget	1	190235
951.255	0.8	NonTarget	1	190251
951.34	0.8	NonTarget	1	190268
951.425	0.8	NonTarget	1	190285
951.505	0.8	NonTarget	1	190301
951.59	0.8	NonTarget	1	190318
951.99	0.8	NonTarget	1	190398
952.075	0.8	NonTarget	1	190415
952.16	0.8	NonTarget	1	190432
952.24	0.8	NonTarget	1	190448
952.325	0.8	NonTarget	1	190465
952.405	0.8	NonTarget	1	190481
952.49	0.8	NonTarget	1	190498
952.575	0.8	NonTarget	1	190515
952.66	0.8	NonTarget	1	190532
952.74	0.8	NonTarget	1	190548
952.825	0.8	NonTarget	1	190565
952.91	0.8	NonTarget	1	190582
952.99	0.8	NonTarget	1	190598
953.075	0.8	NonTarget	1	190615
953.16	0.8	NonTarget	1	190632
953.24	0.8	NonTarget	1	190648
953.325	0.8	NonTarget	1	190665
953.41	0.8	NonTarget	1	190682
953.49	0.8	NonTarget	1	190698
953.575	0.8	NonTarget	1	190715
953.66	0.8	NonTarget	1	190732
953.74	0.8	NonTarget	1	190748
953.825	0.8	NonTarget	1	190765
953.91	0.8	NonTarget	1	190782
953.99	0.8	NonTarget	1	190798
954.075	0.8	NonTarget	1	190815
954.16	0.8	NonTarget	1	190832
954.24	0.8	NonTarget	1	190848
954.325	0.8	NonTarget	1	190865
954.41	0.8	Target	2	190882
954.81	0.8	NonTarget	1	190962
954.895	0.8	NonTarget	1	190979
954.98	0.8	NonTarget	1	190996
955.06	0.8	NonTarget	1	191012
955.145	0.8	NonTarget	1	191029
955.225	0.8	NonTarget	1	191045
955.31	0.8	NonTarget	1	191062
955.395	0.8	NonTarget	1	191079
955.48	0.8	NonTarget	1	191096
955.56	0.8	Target	2	191112
955.645	0.8	NonTarget	1	191129
955.73	0.8	NonTarget	1	191146
955.81	0.8	NonTarget	1	191162
955.895	0.8	NonTarget	1	191179
955.98	0.8	NonTarget	1	191196
956.06	0.8	NonTarget	1	191212
956.145	0.8	NonTarget	1	191229
956.23	0.8	NonTarget	1	191246
956.31	0.8	NonTarget	1	191262
956.395	0.8	NonTarget	1	191279
956.48	0.8	NonTarget	1	191296
956.565	0.8	NonTarget	1	191313
956.645	0.8	NonTarget	1	191329
956.73	0.8	NonTarget	1	191346
956.815	0.8	NonTarget	1	191363
956.895	0.8	NonTarget	1	191379
956.98	0.8	NonTarget	1	191396
957.065	0.8	NonTarget	1	191413
957.145	0.8	NonTarget	1	191429
957.23	0.8	NonTarget	1	191446
967.2	0.8	NonTarget	1	193440
967.275	0.8	NonTarget	1	193455
967.36	0.8	NonTarget	1	193472
967.445	0.8	NonTarget	1	193489
967.53	0.8	NonTarget	1	193506
967.615	0.8	NonTarget	1	193523
967.695	0.8	NonTarget	1	193539
967.78	0.8	NonTarget	1	193556
967.86	0.8	NonTarget	1	193572
967.945	0.8	NonTarget	1	193589
968.03	0.8	NonTarget	1	193606
968.11	0.8	NonTarget	1	193622
968.195	0.8	NonTarget	1	193639
968.28	0.8	NonTarget	1	193656
968.36	0.8	NonTarget	1	193672
968.445	0.8	NonTarget	1	193689
968.53	0.8	NonTarget	1	193706
968.615	0.8	NonTarget	1	193723
968.695	0.8	NonTarget	1	193739
968.78	0.8	NonTarget	1	193756
968.865	0.8	NonTarget	1	193773
968.945	0.8	NonTarget	1	193789
969.03	0.8	Target	2	193806
969.115	0.8	NonTarget	1	193823
969.195	0.8	NonTarget	1	193839
969.28	0.8	NonTarget	1	193856
969.365	0.8	NonTarget	1	193873
969.445	0.8	NonTarget	1	193889
969.53	0.8	NonTarget	1	193906
969.615	0.8	NonTarget	1	193923
970.015	0.8	NonTarget	1	194003
970.1	0.8	NonTarget	1	194020
970.18	0.8	NonTarget	1	194036
970.265	0.8	NonTarget	1	194053
970.35	0.8	NonTarget	1	194070
970.43	0.8	NonTarget	1	194086
970.515	0.8	NonTarget	1	194103
970.6	0.8	NonTarget	1	194120
970.68	0.8	NonTarget	1	194136
970.765	0.8	NonTarget	1	194153
970.85	0.8	NonTarget	1	194170
970.93	0.8	NonTarget	1	194186
971.015	0.8	NonTarget	1	194203
971.1	0.8	NonTarget	1	194220
971.185	0.8	NonTarget	1	194237
971.265	0.8	NonTarget	1	194253
971.35	0.8	NonTarget	1	194270
971.435	0.8	NonTarget	1	194287
971.515	0.8	NonTarget	1	194303
971.6	0.8	NonTarget	1	194320
971.685	0.8	NonTarget	1	194337
971.765	0.8	NonTarget	1	194353
971.85	0.8	Target	2	194370
971.935	0.8	NonTarget	1	194387
972.015	0.8	NonTarget	1	194403
972.1	0.8	NonTarget	1	194420
972.185	0.8	NonTarget	1	194437
972.27	0.8	NonTarget	1	194454
972.35	0.8	NonTarget	1	194470
972.435	0.8	NonTarget	1	194487
972.835	0.8	NonTarget	1	194567
972.92	0.8	NonTarget	1	194584
973.005	0.8	NonTarget	1	194601
973.085	0.8	NonTarget	1	194617
973.17	0.8	NonTarget	1	194634
973.255	0.8	NonTarget	1	194651
973.335	0.8	NonTarget	1	194667
973.42	0.8	NonTarget	1	194684
973.505	0.8	NonTarget	1	194701
973.585	0.8	NonTarget	1	194717
973.67	0.8	NonTarget	1	194734
973.755	0.8	NonTarget	1	194751
973.835	0.8	NonTarget	1	194767
973.92	0.8	NonTarget	1	194784
974.005	0.8	NonTarget	1	194801
974.085	0.8	NonTarget	1	194817
974.17	0.8	NonTarget	1	194834
974.255	0.8	Target	2	194851
974.34	0.8	NonTarget	1	194868
974.42	0.8	NonTarget	1	194884
974.505	0.8	NonTarget	1	194901
974.585	0.8	NonTarget	1	194917
974.67	0.8	NonTarget	1	194934
974.755	0.8	NonTarget	1	194951
974.835	0.8	NonTarget	1	194967
974.92	0.8	NonTarget	1	194984
975.005	0.8	NonTarget	1	195001
975.085	0.8	NonTarget	1	195017
975.17	0.8	NonTarget	1	195034
975.255	0.8	NonTarget	1	195051
975.655	0.8	NonTarget	1	195131
975.74	0.8	NonTarget	1	195148
975.825	0.8	NonTarget	1	195165
975.905	0.8	NonTarget	1	195181
975.99	0.8	NonTarget	1	195198
976.07	0.8	NonTarget	1	195214
976.155	0.8	NonTarget	1	195231
976.24	0.8	Target	2	195248
976.325	0.8	NonTarget	1	195265
976.405	0.8	NonTarget	1	195281
976.49	0.8	NonTarget	1	195298
976.575	0.8	NonTarget	1	195315
976.655	0.8	NonTarget	1	195331
976.74	0.8	NonTarget	1	195348
976.825	0.8	NonTarget	1	195365
976.91	0.8	NonTarget	1	195382
976.99	0.8	NonTarget	1	195398
977.075	0.8	NonTarget	1	195415
977.16	0.8	NonTarget	1	195432
977.24	0.8	NonTarget	1	195448
977.325	0.8	NonTarget	1	195465
977.41	0.8	NonTarget	1	195482
977.49	0.8	NonTarget	1	195498
977.575	0.8	NonTarget	1	195515
977.66	0.8	NonTarget	1	195532
977.74	0.8	NonTarget	1	195548
977.825	0.8	NonTarget	1	195565
977.91	0.8	NonTarget	1	195582
977.995	0.8	NonTarget	1	195599
978.075	0.8	NonTarget	1	195615
978.475	0.8	NonTarget	1	195695
978.56	0.8	NonTarget	1	195712
978.64	0.8	NonTarget	1	195728
978.725	0.8	NonTarget	1	195745
978.81	0.8	NonTarget	1	195762
978.895	0.8	NonTarget	1	195779
978.975	0.8	NonTarget	1	195795
979.06	0.8	NonTarget	1	195812
979.145	0.8	NonTarget	1	195829
979.23	0.8	NonTarget	1	195846
979.31	0.8	NonTarget	1	195862
979.395	0.8	NonTarget	1	195879
979.48	0.8	NonTarget	1	195896
979.56	0.8	NonTarget	1	195912
979.645	0.8	NonTarget	1	195929
979.73	0.8	NonTarget	1	195946
979.81	0.8	NonTarget	1	195962
979.895	0.8	NonTarget	1	195979
979.98	0.8	NonTarget	1	195996
980.06	0.8	NonTarget	1	196012
980.145	0.8	NonTarget	1	196029
980.23	0.8	NonTarget	1	196046
980.31	0.8	NonTarget	1	196062
980.395	0.8	NonTarget	1	196079
980.48	0.8	NonTarget	1	196096
980.565	0.8	NonTarget	1	196113
980.645	0.8	NonTarget	1	196129
980.73	0.8	Target	2	196146
980.815	0.8	NonTarget	1	196163
980.895	0.8	NonTarget	1	196179
981.3	0.8	NonTarget	1	196260
981.38	0.8	NonTarget	1	196276
981.465	0.8	NonTarget	1	196293
981.55	0.8	NonTarget	1	196310
981.63	0.8	NonTarget	1	196326
981.715	0.8	NonTarget	1	196343
981.8	0.8	NonTarget	1	196360
981.88	0.8	NonTarget	1	196376
981.965	0.8	NonTarget	1	196393
982.05	0.8	NonTarget	1	196410
982.13	0.8	NonTarget	1	196426
982.215	0.8	NonTarget	1	196443
982.3	0.8	NonTarget	1	196460
982.385	0.8	NonTarget	1	196477
982.465	0.8	NonTarget	1	196493
982.55	0.8	NonTarget	1	196510
982.63	0.8	NonTarget	1	196526
982.715	0.8	NonTarget	1	196543
982.8	0.8	NonTarget	1	196560
982.88	0.8	NonTarget	1	196576
982.965	0.8	NonTarget	1	196593
983.05	0.8	NonTarget	1	196610
983.135	0.8	Target	2	196627
983.215	0.8	NonTarget	1	196643
983.3	0.8	NonTarget	1	196660
983.385	0.8	NonTarget	1	196677
983.47	0.8	NonTarget	1	196694
983.55	0.8	NonTarget	1	196710
983.635	0.8	NonTarget	1	196727
983.715	0.8	NonTarget	1	196743
984.12	0.8	NonTarget	1	196824
984.2	0.8	NonTarget	1	196840
984.285	0.8	NonTarget	1	196857
984.37	0.8	NonTarget	1	196874
984.45	0.8	NonTarget	1	196890
984.535	0.8	NonTarget	1	196907
984.62	0.8	NonTarget	1	196924
984.7	0.8	NonTarget	1	196940
984.785	0.8	NonTarget	1	196957
984.87	0.8	NonTarget	1	196974
984.955	0.8	NonTarget	1	196991
985.035	0.8	NonTarget	1	197007
985.12	0.8	Target	2	197024
985.205	0.8	NonTarget	1	197041
985.285	0.8	NonTarget	1	197057
985.37	0.8	NonTarget	1	197074
985.455	0.8	NonTarget	1	197091
985.535	0.8	NonTarget	1	197107
985.62	0.8	NonTarget	1	197124
985.705	0.8	NonTarget	1	197141
985.785	0.8	NonTarget	1	197157
985.87	0.8	NonTarget	1	197174
985.955	0.8	NonTarget	1	197191
986.035	0.8	NonTarget	1	197207
986.12	0.8	NonTarget	1	197224
986.205	0.8	NonTarget	1	197241
986.285	0.8	NonTarget	1	197257
986.37	0.8	NonTarget	1	197274
986.455	0.8	NonTarget	1	197291
986.54	0.8	NonTarget	1	197308
986.94	0.8	NonTarget	1	197388
987.02	0.8	NonTarget	1	197404
987.105	0.8	NonTarget	1	197421
987.19	0.8	NonTarget	1	197438
987.275	0.8	NonTarget	1	197455
987.355	0.8	NonTarget	1	197471
987.44	0.8	NonTarget	1	197488
987.525	0.8	NonTarget	1	197505
987.605	0.8	NonTarget	1	197521
987.69	0.8	NonTarget	1	197538
987.775	0.8	NonTarget	1	197555
987.855	0.8	NonTarget	1	197571
987.94	0.8	NonTarget	1	197588
988.025	0.8	NonTarget	1	197605
988.105	0.8	NonTarget	1	197621
988.19	0.8	NonTarget	1	197638
988.275	0.8	NonTarget	1	197655
988.355	0.8	NonTarget	1	197671
988.44	0.8	NonTarget	1	197688
988.525	0.8	NonTarget	1	197705
988.605	0.8	NonTarget	1	197721
988.69	0.8	NonTarget	1	197738
988.775	0.8	NonTarget	1	197755
988.86	0.8	NonTarget	1	197772
988.94	0.8	NonTarget	1	197788
989.025	0.8	NonTarget	1	197805
989.11	0.8	NonTarget	1	197822
989.19	0.8	Target	2	197838
989.275	0.8	NonTarget	1	197855
989.36	0.8	NonTarget	1	197872
989.76	0.8	NonTarget	1	197952
989.845	0.8	NonTarget	1	197969
989.925	0.8	NonTarget	1	197985
990.01	0.8	NonTarget	1	198002
990.09	0.8	NonTarget	1	198018
990.175	0.8	NonTarget	1	198035
990.26	0.8	NonTarget	1	198052
990.345	0.8	Target	2	198069
990.43	0.8	NonTarget	1	198086
990.51	0.8	NonTarget	1	198102
990.595	0.8	NonTarget	1	198119
990.675	0.8	NonTarget	1	198135
990.76	0.8	NonTarget	1	198152
990.845	0.8	NonTarget	1	198169
990.925	0.8	NonTarget	1	198185
991.01	0.8	NonTarget	1	198202
991.095	0.8	NonTarget	1	198219
991.18	0.8	NonTarget	1	198236
991.26	0.8	NonTarget	1	198252
991.345	0.8	NonTarget	1	198269
991.43	0.8	NonTarget	1	198286
991.51	0.8	NonTarget	1	198302
991.595	0.8	NonTarget	1	198319
991.68	0.8	NonTarget	1	198336
991.76	0.8	NonTarget	1	198352
991.845	0.8	NonTarget	1	198369
991.93	0.8	NonTarget	1	198386
992.01	0.8	NonTarget	1	198402
992.095	0.8	NonTarget	1	198419
992.18	0.8	NonTarget	1	198436
992.58	0.8	NonTarget	1	198516
992.665	0.8	NonTarget	1	198533
992.745	0.8	NonTarget	1	198549
992.83	0.8	NonTarget	1	198566
992.915	0.8	NonTarget	1	198583
992.995	0.8	NonTarget	1	198599
993.08	0.8	NonTarget	1	198616
993.16	0.8	NonTarget	1	198632
993.245	0.8	NonTarget	1	198649
993.33	0.8	NonTarget	1	198666
993.415	0.8	NonTarget	1	198683
993.5	0.8	NonTarget	1	198700
993.58	0.8	Target	2	198716
993.665	0.8	NonTarget	1	198733
993.75	0.8	NonTarget	1	198750
993.83	0.8	NonTarget	1	198766
993.915	0.8	NonTarget	1	198783
994.0	0.8	NonTarget	1	198800
994.08	0.8	NonTarget	1	198816
994.165	0.8	NonTarget	1	198833
994.25	0.8	NonTarget	1	198850
994.33	0.8	NonTarget	1	198866
994.415	0.8	NonTarget	1	198883
994.5	0.8	NonTarget	1	198900
994.585	0.8	NonTarget	1	198917
994.665	0.8	NonTarget	1	198933
994.75	0.8	NonTarget	1	198950
994.835	0.8	NonTarget	1	198967
994.915	0.8	NonTarget	1	198983
995.0	0.8	NonTarget	1	199000
1004.97	0.8	NonTarget	1	200994
1005.05	0.8	NonTarget	1	201010
1005.13	0.8	NonTarget	1	201026
1005.215	0.8	NonTarget	1	201043
1005.3	0.8	NonTarget	1	201060
1005.38	0.8	NonTarget	1	201076
1005.465	0.8	NonTarget	1	201093
1005.545	0.8	NonTarget	1	201109
1005.63	0.8	NonTarget	1	201126
1005.715	0.8	NonTarget	1	201143
1005.8	0.8	NonTarget	1	201160
1005.88	0.8	NonTarget	1	201176
1005.965	0.8	NonTarget	1	201193
1006.05	0.8	NonTarget	1	201210
1006.135	0.8	NonTarget	1	201227
1006.215	0.8	NonTarget	1	201243
1006.3	0.8	NonTarget	1	201260
1006.385	0.8	NonTarget	1	201277
1006.465	0.8	Target	2	201293
1006.55	0.8	NonTarget	1	201310
1006.635	0.8	NonTarget	1	201327
1006.715	0.8	NonTarget	1	201343
1006.8	0.8	NonTarget	1	201360
1006.885	0.8	NonTarget	1	201377
1006.97	0.8	NonTarget	1	201394
1007.05	0.8	NonTarget	1	201410
1007.135	0.8	NonTarget	1	201427
1007.22	0.8	NonTarget	1	201444
1007.305	0.8	NonTarget	1	201461
1007.385	0.8	NonTarget	1	201477
1007.785	0.8	NonTarget	1	201557
1007.87	0.8	NonTarget	1	201574
1007.95	0.8	NonTarget	1	201590
1008.035	0.8	NonTarget	1	201607
1008.12	0.8	NonTarget	1	201624
1008.205	0.8	NonTarget	1	201641
1008.285	0.8	NonTarget	1	201657
1008.37	0.8	NonTarget	1	201674
1008.455	0.8	Target	2	201691
1008.535	0.8	NonTarget	1	201707
1008.62	0.8	NonTarget	1	201724
1008.7	0.8	NonTarget	1	201740
1008.785	0.8	NonTarget	1	201757
1008.87	0.8	NonTarget	1	201774
1008.955	0.8	NonTarget	1	201791
1009.035	0.8	NonTarget	1	201807
1009.12	0.8	NonTarget	1	201824
1009.205	0.8	NonTarget	1	201841
1009.29	0.8	NonTarget	1	201858
1009.37	0.8	NonTarget	1	201874
1009.455	0.8	NonTarget	1	201891
1009.54	0.8	NonTarget	1	201908
1009.62	0.8	NonTarget	1	201924
1009.705	0.8	NonTarget	1	201941
1009.785	0.8	NonTarget	1	201957
1009.87	0.8	NonTarget	1	201974
1009.955	0.8	NonTarget	1	201991
1010.04	0.8	NonTarget	1	202008
1010.12	0.8	NonTarget	1	202024
1010.205	0.8	NonTarget	1	202041
1010.605	0.8	NonTarget	1	202121
1010.69	0.8	NonTarget	1	202138
1010.775	0.8	NonTarget	1	202155
1010.855	0.8	NonTarget	1	202171
1010.94	0.8	NonTarget	1	202188
1011.02	0.8	NonTarget	1	202204
1011.105	0.8	NonTarget	1	202221
1011.19	0.8	NonTarget	1	202238
1011.275	0.8	Target	2	202255
1011.355	0.8	NonTarget	1	202271
1011.44	0.8	NonTarget	1	202288
1011.525	0.8	NonTarget	1	202305
1011.61	0.8	NonTarget	1	202322
1011.69	0.8	NonTarget	1	202338
1011.775	0.8	NonTarget	1	202355
1011.86	0.8	NonTarget	1	202372
1011.94	0.8	NonTarget	1	202388
1012.025	0.8	NonTarget	1	202405
1012.11	0.8	NonTarget	1	202422
1012.19	0.8	NonTarget	1	202438
1012.275	0.8	NonTarget	1	202455
1012.36	0.8	NonTarget	1	202472
1012.44	0.8	NonTarget	1	202488
1012.525	0.8	NonTarget	1	202505
1012.61	0.8	NonTarget	1	202522
1012.69	0.8	NonTarget	1	202538
1012.775	0.8	NonTarget	1	202555
1012.86	0.8	NonTarget	1	202572
1012.945	0.8	NonTarget	1	202589
1013.025	0.8	NonTarget	1	202605
1013.425	0.8	NonTarget	1	202685
1013.51	0.8	NonTarget	1	202702
1013.595	0.8	NonTarget	1	202719
1013.68	0.8	NonTarget	1	202736
1013.76	0.8	NonTarget	1	202752
1013.845	0.8	NonTarget	1	202769
1013.93	0.8	NonTarget	1	202786
1014.01	0.8	NonTarget	1	202802
1014.095	0.8	Target	2	202819
1014.18	0.8	NonTarget	1	202836
1014.26	0.8	NonTarget	1	202852
1014.345	0.8	NonTarget	1	202869
1014.43	0.8	NonTarget	1	202886
1014.51	0.8	NonTarget	1	202902
1014.595	0.8	NonTarget	1	202919
1014.68	0.8	NonTarget	1	202936
1014.76	0.8	NonTarget	1	202952
1014.845	0.8	NonTarget	1	202969
1014.93	0.8	NonTarget	1	202986
1015.015	0.8	NonTarget	1	203003
1015.095	0.8	NonTarget	1	203019
1015.18	0.8	NonTarget	1	203036
1015.265	0.8	NonTarget	1	203053
1015.345	0.8	NonTarget	1	203069
1015.43	0.8	NonTarget	1	203086
1015.51	0.8	NonTarget	1	203102
1015.595	0.8	NonTarget	1	203119
1015.68	0.8	NonTarget	1	203136
1015.765	0.8	NonTarget	1	203153
1015.845	0.8	NonTarget	1	203169
1016.245	0.8	NonTarget	1	203249
1016.33	0.8	NonTarget	1	203266
1016.415	0.8	NonTarget	1	203283
1016.495	0.8	Target	2	203299
1016.58	0.8	NonTarget	1	203316
1016.665	0.8	NonTarget	1	203333
1016.75	0.8	NonTarget	1	203350
1016.83	0.8	NonTarget	1	203366
1016.915	0.8	NonTarget	1	203383
1017.0	0.8	NonTarget	1	203400
1017.085	0.8	NonTarget	1	203417
1017.165	0.8	NonTarget	1	203433
1017.25	0.8	NonTarget	1	203450
1017.33	0.8	NonTarget	1	203466
1017.415	0.8	NonTarget	1	203483
1017.5	0.8	NonTarget	1	203500
1017.585	0.8	NonTarget	1	203517
1017.665	0.8	NonTarget	1	203533
1017.75	0.8	NonTarget	1	203550
1017.835	0.8	NonTarget	1	203567
1017.915	0.8	NonTarget	1	203583
1018.0	0.8	NonTarget	1	203600
1018.085	0.8	NonTarget	1	203617
1018.165	0.8	NonTarget	1	203633
1018.25	0.8	NonTarget	1	203650
1018.335	0.8	NonTarget	1	203667
1018.415	0.8	NonTarget	1	203683
1018.5	0.8	NonTarget	1	203700
1018.585	0.8	NonTarget	1	203717
1018.67	0.8	NonTarget	1	203734
1019.07	0.8	NonTarget	1	203814
1019.15	0.8	NonTarget	1	203830
1019.235	0.8	NonTarget	1	203847
1019.32	0.8	NonTarget	1	203864
1019.4	0.8	NonTarget	1	203880
1019.485	0.8	NonTarget	1	203897
1019.57	0.8	NonTarget	1	203914
1019.65	0.8	NonTarget	1	203930
1019.735	0.8	NonTarget	1	203947
1019.82	0.8	NonTarget	1	203964
1019.905	0.8	NonTarget	1	203981
1019.985	0.8	NonTarget	1	203997
1020.07	0.8	NonTarget	1	204014
1020.155	0.8	NonTarget	1	204031
1020.235	0.8	NonTarget	1	204047
1020.32	0.8	NonTarget	1	204064
1020.405	0.8	NonTarget	1	204081
1020.485	0.8	NonTarget	1	204097
1020.57	0.8	Target	2	204114
1020.655	0.8	NonTarget	1	204131
1020.74	0.8	NonTarget	1	204148
1020.82	0.8	NonTarget	1	204164
1020.905	0.8	NonTarget	1	204181
1020.99	0.8	NonTarget	1	204198
1021.07	0.8	NonTarget	1	204214
1021.155	0.8	NonTarget	1	204231
1021.235	0.8	NonTarget	1	204247
1021.32	0.8	NonTarget	1	204264
1021.405	0.8	NonTarget	1	204281
1021.485	0.8	NonTarget	1	204297
1021.89	0.8	NonTarget	1	204378
1021.975	0.8	NonTarget	1	204395
1022.055	0.8	NonTarget	1	204411
1022.14	0.8	NonTarget	1	204428
1022.225	0.8	NonTarget	1	204445
1022.305	0.8	NonTarget	1	204461
1022.39	0.8	NonTarget	1	204478
1022.47	0.8	NonTarget	1	204494
1022.555	0.8	NonTarget	1	204511
1022.64	0.8	NonTarget	1	204528
1022.725	0.8	NonTarget	1	204545
1022.805	0.8	NonTarget	1	204561
1022.89	0.8	NonTarget	1	204578
1022.975	0.8	NonTarget	1	204595
1023.055	0.8	NonTarget	1	204611
1023.14	0.8	NonTarget	1	204628
1023.225	0.8	NonTarget	1	204645
1023.31	0.8	NonTarget	1	204662
1023.39	0.8	Target	2	204678
1023.475	0.8	NonTarget	1	204695
1023.555	0.8	NonTarget	1	204711
1023.64	0.8	NonTarget	1	204728
1023.725	0.8	NonTarget	1	204745
1023.81	0.8	NonTarget	1	204762
1023.89	0.8	NonTarget	1	204778
1023.975	0.8	NonTarget	1	204795
1024.06	0.8	NonTarget	1	204812
1024.14	0.8	NonTarget	1	204828
1024.225	0.8	NonTarget	1	204845
1024.31	0.8	NonTarget	1	204862
1024.71	0.8	NonTarget	1	204942
1024.795	0.8	NonTarget	1	204959
1024.875	0.8	NonTarget	1	204975
1024.96	0.8	NonTarget	1	204992
1025.045	0.8	NonTarget	1	205009
1025.125	0.8	NonTarget	1	205025
1025.21	0.8	NonTarget	1	205042
1025.295	0.8	NonTarget	1	205059
1025.375	0.8	NonTarget	1	205075
1025.46	0.8	NonTarget	1	205092
1025.545	0.8	NonTarget	1	205109
1025.63	0.8	NonTarget	1	205126
1025.71	0.8	NonTarget	1	205142
1025.795	0.8	NonTarget	1	205159
1025.875	0.8	NonTarget	1	205175
1025.96	0.8	NonTarget	1	205192
1026.045	0.8	NonTarget	1	205209
1026.125	0.8	NonTarget	1	205225
1026.21	0.8	NonTarget	1	205242
1026.295	0.8	NonTarget	1	205259
1026.38	0.8	NonTarget	1	205276
1026.465	0.8	NonTarget	1	205293
1026.545	0.8	NonTarget	1	205309
1026.63	0.8	NonTarget	1	205326
1026.715	0.8	NonTarget	1	205343
1026.795	0.8	NonTarget	1	205359
1026.88	0.8	NonTarget	1	205376
1026.96	0.8	NonTarget	1	205392
1027.045	0.8	Target	2	205409
1027.13	0.8	NonTarget	1	205426
1027.53	0.8	NonTarget	1	205506
1027.615	0.8	NonTarget	1	205523
1027.695	0.8	NonTarget	1	205539
1027.78	0.8	NonTarget	1	205556
1027.865	0.8	NonTarget	1	205573
1027.95	0.8	NonTarget	1	205590
1028.03	0.8	NonTarget	1	205606
1028.11	0.8	NonTarget	1	205622
1028.195	0.8	Target	2	205639
1028.28	0.8	NonTarget	1	205656
1028.365	0.8	NonTarget	1	205673
1028.45	0.8	NonTarget	1	205690
1028.53	0.8	NonTarget	1	205706
1028.615	0.8	NonTarget	1	205723
1028.7	0.8	NonTarget	1	205740
1028.78	0.8	NonTarget	1	205756
1028.865	0.8	NonTarget	1	205773
1028.95	0.8	NonTarget	1	205790
1029.035	0.8	NonTarget	1	205807
1029.115	0.8	NonTarget	1	205823
1029.2	0.8	NonTarget	1	205840
1029.28	0.8	NonTarget	1	205856
1029.365	0.8	NonTarget	1	205873
1029.45	0.8	NonTarget	1	205890
1029.535	0.8	NonTarget	1	205907
1029.615	0.8	NonTarget	1	205923
1029.7	0.8	NonTarget	1	205940
1029.785	0.8	NonTarget	1	205957
1029.865	0.8	NonTarget	1	205973
1029.95	0.8	NonTarget	1	205990
1030.35	0.8	NonTarget	1	206070
1030.435	0.8	NonTarget	1	206087
1030.52	0.8	NonTarget	1	206104
1030.6	0.8	NonTarget	1	206120
1030.685	0.8	NonTarget	1	206137
1030.77	0.8	NonTarget	1	206154
1030.85	0.8	NonTarget	1	206170
1030.935	0.8	NonTarget	1	206187
1031.02	0.8	Target	2	206204
1031.1	0.8	NonTarget	1	206220
1031.185	0.8	NonTarget	1	206237
1031.27	0.8	NonTarget	1	206254
1031.355	0.8	NonTarget	1	206271
1031.435	0.8	NonTarget	1	206287
1031.52	0.8	NonTarget	1	206304
1031.605	0.8	NonTarget	1	206321
1031.685	0.8	NonTarget	1	206337
1031.77	0.8	NonTarget	1	206354
1031.855	0.8	NonTarget	1	206371
1031.935	0.8	NonTarget	1	206387
1032.02	0.8	NonTarget	1	206404
1032.105	0.8	NonTarget	1	206421
1032.185	0.8	NonTarget	1	206437
1032.27	0.8	NonTarget	1	206454
1032.355	0.8	NonTarget	1	206471
1032.435	0.8	NonTarget	1	206487
1032.52	0.8	NonTarget	1	206504
1032.605	0.8	NonTarget	1	206521
1032.685	0.8	NonTarget	1	206537
1032.77	0.8	NonTarget	1	206554
1042.705	0.8	NonTarget	1	208541
1042.785	0.8	NonTarget	1	208557
1042.87	0.8	NonTarget	1	208574
1042.955	0.8	NonTarget	1	208591
1043.035	0.8	NonTarget	1	208607
1043.12	0.8	NonTarget	1	208624
1043.2	0.8	NonTarget	1	208640
1043.285	0.8	NonTarget	1	208657
1043.37	0.8	NonTarget	1	208674
1043.455	0.8	NonTarget	1	208691
1043.535	0.8	NonTarget	1	208707
1043.62	0.8	NonTarget	1	208724
1043.705	0.8	NonTarget	1	208741
1043.785	0.8	NonTarget	1	208757
1043.87	0.8	NonTarget	1	208774
1043.955	0.8	NonTarget	1	208791
1044.035	0.8	NonTarget	1	208807
1044.12	0.8	NonTarget	1	208824
1044.205	0.8	NonTarget	1	208841
1044.285	0.8	NonTarget	1	208857
1044.37	0.8	NonTarget	1	208874
1044.455	0.8	NonTarget	1	208891
1044.54	0.8	Target	2	208908
1044.62	0.8	NonTarget	1	208924
1044.705	0.8	NonTarget	1	208941
1044.785	0.8	NonTarget	1	208957
1044.87	0.8	NonTarget	1	208974
1044.955	0.8	NonTarget	1	208991
1045.04	0.8	NonTarget	1	209008
1045.12	0.8	NonTarget	1	209024
1045.52	0.8	NonTarget	1	209104
1045.605	0.8	NonTarget	1	209121
1045.69	0.8	NonTarget	1	209138
1045.775	0.8	NonTarget	1	209155
1045.855	0.8	NonTarget	1	209171
1045.94	0.8	NonTarget	1	209188
1046.025	0.8	NonTarget	1	209205
1046.105	0.8	NonTarget	1	209221
1046.19	0.8	NonTarget	1	209238
1046.275	0.8	NonTarget	1	209255
1046.355	0.8	NonTarget	1	209271
1046.44	0.8	NonTarget	1	209288
1046.525	0.8	NonTarget	1	209305
1046.605	0.8	NonTarget	1	209321
1046.69	0.8	NonTarget	1	209338
1046.775	0.8	NonTarget	1	209355
1046.855	0.8	NonTarget	1	209371
1046.94	0.8	Target	2	209388
1047.025	0.8	NonTarget	1	209405
1047.105	0.8	NonTarget	1	209421
1047.19	0.8	NonTarget	1	209438
1047.275	0.8	NonTarget	1	209455
1047.355	0.8	NonTarget	1	209471
1047.44	0.8	NonTarget	1	209488
1047.525	0.8	NonTarget	1	209505
1047.61	0.8	NonTarget	1	209522
1047.695	0.8	NonTarget	1	209539
1047.775	0.8	NonTarget	1	209555
1047.86	0.8	NonTarget	1	209572
1047.945	0.8	NonTarget	1	209589
1048.34	0.8	NonTarget	1	209668
1048.425	0.8	NonTarget	1	209685
1048.51	0.8	NonTarget	1	209702
1048.595	0.8	NonTarget	1	209719
1048.675	0.8	NonTarget	1	209735
1048.76	0.8	NonTarget	1	209752
1048.845	0.8	NonTarget	1	209769
1048.925	0.8	NonTarget	1	209785
1049.01	0.8	NonTarget	1	209802
1049.095	0.8	NonTarget	1	209819
1049.18	0.8	NonTarget	1	209836
1049.26	0.8	NonTarget	1	209852
1049.345	0.8	NonTarget	1	209869
1049.43	0.8	NonTarget	1	209886
1049.51	0.8	NonTarget	1	209902
1049.595	0.8	NonTarget	1	209919
1049.675	0.8	NonTarget	1	209935
1049.76	0.8	Target	2	209952
1049.845	0.8	NonTarget	1	209969
1049.93	0.8	NonTarget	1	209986
1050.01	0.8	NonTarget	1	210002
1050.095	0.8	NonTarget	1	210019
1050.18	0.8	NonTarget	1	210036
1050.265	0.8	NonTarget	1	210053
1050.345	0.8	NonTarget	1	210069
1050.43	0.8	NonTarget	1	210086
1050.515	0.8	NonTarget	1	210103
1050.595	0.8	NonTarget	1	210119
1050.68	0.8	NonTarget	1	210136
1050.765	0.8	NonTarget	1	210153
1051.165	0.8	NonTarget	1	210233
1051.245	0.8	NonTarget	1	210249
1051.33	0.8	NonTarget	1	210266
1051.415	0.8	NonTarget	1	210283
1051.5	0.8	NonTarget	1	210300
1051.58	0.8	NonTarget	1	210316
1051.665	0.8	NonTarget	1	210333
1051.745	0.8	Target	2	210349
1051.83	0.8	NonTarget	1	210366
1051.915	0.8	NonTarget	1	210383
1052.0	0.8	NonTarget	1	210400
1052.08	0.8	NonTarget	1	210416
1052.165	0.8	NonTarget	1	210433
1052.25	0.8	NonTarget	1	210450
1052.33	0.8	NonTarget	1	210466
1052.415	0.8	NonTarget	1	210483
1052.5	0.8	NonTarget	1	210500
1052.585	0.8	NonTarget	1	210517
1052.665	0.8	NonTarget	1	210533
1052.75	0.8	NonTarget	1	210550
1052.83	0.8	NonTarget	1	210566
1052.915	0.8	NonTarget	1	210583
1053.0	0.8	NonTarget	1	210600
1053.085	0.8	NonTarget	1	210617
1053.165	0.8	NonTarget	1	210633
1053.25	0.8	NonTarget	1	210650
1053.335	0.8	NonTarget	1	210667
1053.42	0.8	NonTarget	1	210684
1053.5	0.8	NonTarget	1	210700
1053.585	0.8	NonTarget	1	210717
1053.985	0.8	NonTarget	1	210797
1054.07	0.8	NonTarget	1	210814
1054.15	0.8	NonTarget	1	210830
1054.235	0.8	NonTarget	1	210847
1054.32	0.8	NonTarget	1	210864
1054.4	0.8	NonTarget	1	210880
1054.485	0.8	NonTarget	1	210897
1054.57	0.8	NonTarget	1	210914
1054.65	0.8	NonTarget	1	210930
1054.735	0.8	NonTarget	1	210947
1054.82	0.8	NonTarget	1	210964
1054.905	0.8	NonTarget	1	210981
1054.985	0.8	NonTarget	1	210997
1055.07	0.8	NonTarget	1	211014
1055.15	0.8	NonTarget	1	211030
1055.24	0.8	NonTarget	1	211048
1055.32	0.8	NonTarget	1	211064
1055.405	0.8	NonTarget	1	211081
1055.485	0.8	NonTarget	1	211097
1055.57	0.8	NonTarget	1	211114
1055.655	0.8	NonTarget	1	211131
1055.735	0.8	NonTarget	1	211147
1055.82	0.8	NonTarget	1	211164
1055.905	0.8	NonTarget	1	211181
1055.985	0.8	NonTarget	1	211197
1056.07	0.8	NonTarget	1	211214
1056.155	0.8	NonTarget	1	211231
1056.235	0.8	Target	2	211247
1056.32	0.8	NonTarget	1	211264
1056.405	0.8	NonTarget	1	211281
1056.805	0.8	NonTarget	1	211361
1056.89	0.8	NonTarget	1	211378
1056.97	0.8	Target	2	211394
1057.055	0.8	NonTarget	1	211411
1057.14	0.8	NonTarget	1	211428
1057.22	0.8	NonTarget	1	211444
1057.305	0.8	NonTarget	1	211461
1057.39	0.8	NonTarget	1	211478
1057.475	0.8	NonTarget	1	211495
1057.555	0.8	NonTarget	1	211511
1057.64	0.8	NonTarget	1	211528
1057.72	0.8	NonTarget	1	211544
1057.805	0.8	NonTarget	1	211561
1057.89	0.8	NonTarget	1	211578
1057.975	0.8	NonTarget	1	211595
1058.055	0.8	NonTarget	1	211611
1058.14	0.8	NonTarget	1	211628
1058.225	0.8	NonTarget	1	211645
1058.31	0.8	NonTarget	1	211662
1058.39	0.8	NonTarget	1	211678
1058.475	0.8	NonTarget	1	211695
1058.555	0.8	NonTarget	1	211711
1058.64	0.8	NonTarget	1	211728
1058.725	0.8	NonTarget	1	211745
1058.805	0.8	NonTarget	1	211761
1058.89	0.8	NonTarget	1	211778
1058.975	0.8	NonTarget	1	211795
1059.06	0.8	NonTarget	1	211812
1059.14	0.8	NonTarget	1	211828
1059.225	0.8	NonTarget	1	211845
1059.625	0.8	NonTarget	1	211925
1059.71	0.8	NonTarget	1	211942
1059.795	0.8	Target	2	211959
1059.875	0.8	NonTarget	1	211975
1059.96	0.8	NonTarget	1	211992
1060.045	0.8	NonTarget	1	212009
1060.125	0.8	NonTarget	1	212025
1060.21	0.8	NonTarget	1	212042
1060.295	0.8	NonTarget	1	212059
1060.375	0.8	NonTarget	1	212075
1060.46	0.8	NonTarget	1	212092
1060.545	0.8	NonTarget	1	212109
1060.625	0.8	NonTarget	1	212125
1060.71	0.8	NonTarget	1	212142
1060.795	0.8	NonTarget	1	212159
1060.875	0.8	NonTarget	1	212175
1060.96	0.8	NonTarget	1	212192
1061.045	0.8	NonTarget	1	212209
1061.13	0.8	NonTarget	1	212226
1061.21	0.8	NonTarget	1	212242
1061.295	0.8	NonTarget	1	212259
1061.38	0.8	NonTarget	1	212276
1061.46	0.8	NonTarget	1	212292
1061.545	0.8	NonTarget	1	212309
1061.63	0.8	NonTarget	1	212326
1061.71	0.8	NonTarget	1	212342
1061.795	0.8	NonTarget	1	212359
1061.88	0.8	NonTarget	1	212376
1061.96	0.8	NonTarget	1	212392
1062.045	0.8	NonTarget	1	212409
1062.45	0.8	NonTarget	1	212490
1062.53	0.8	NonTarget	1	212506
1062.615	0.8	Target	2	212523
1062.695	0.8	NonTarget	1	212539
1062.78	0.8	NonTarget	1	212556
1062.865	0.8	NonTarget	1	212573
1062.945	0.8	NonTarget	1	212589
1063.03	0.8	NonTarget	1	212606
1063.115	0.8	NonTarget	1	212623
1063.195	0.8	NonTarget	1	212639
1063.28	0.8	NonTarget	1	212656
1063.365	0.8	NonTarget	1	212673
1063.445	0.8	NonTarget	1	212689
1063.53	0.8	NonTarget	1	212706
1063.615	0.8	NonTarget	1	212723
1063.7	0.8	NonTarget	1	212740
1063.78	0.8	NonTarget	1	212756
1063.865	0.8	NonTarget	1	212773
1063.95	0.8	NonTarget	1	212790
1064.035	0.8	NonTarget	1	212807
1064.115	0.8	NonTarget	1	212823
1064.2	0.8	NonTarget	1	212840
1064.285	0.8	NonTarget	1	212857
1064.365	0.8	NonTarget	1	212873
1064.45	0.8	NonTarget	1	212890
1064.535	0.8	NonTarget	1	212907
1064.615	0.8	NonTarget	1	212923
1064.7	0.8	NonTarget	1	212940
1064.785	0.8	NonTarget	1	212957
1064.865	0.8	NonTarget	1	212973
1065.265	0.8	NonTarget	1	213053
1065.35	0.8	NonTarget	1	213070
1065.435	0.8	NonTarget	1	213087
1065.52	0.8	NonTarget	1	213104
1065.6	0.8	NonTarget	1	213120
1065.685	0.8	NonTarget	1	213137
1065.765	0.8	NonTarget	1	213153
1065.85	0.8	Target	2	213170
1065.935	0.8	NonTarget	1	213187
1066.02	0.8	NonTarget	1	213204
1066.1	0.8	NonTarget	1	213220
1066.185	0.8	NonTarget	1	213237
1066.27	0.8	NonTarget	1	213254
1066.35	0.8	NonTarget	1	213270
1066.435	0.8	NonTarget	1	213287
1066.52	0.8	NonTarget	1	213304
1066.6	0.8	NonTarget	1	213320
1066.685	0.8	NonTarget	1	213337
1066.77	0.8	NonTarget	1	213354
1066.855	0.8	NonTarget	1	213371
1066.935	0.8	NonTarget	1	213387
1067.02	0.8	NonTarget	1	213404
1067.105	0.8	NonTarget	1	213421
1067.185	0.8	NonTarget	1	213437
1067.27	0.8	NonTarget	1	213454
1067.355	0.8	NonTarget	1	213471
1067.435	0.8	NonTarget	1	213487
1067.52	0.8	NonTarget	1	213504
1067.605	0.8	NonTarget	1	213521
1067.685	0.8	NonTarget	1	213537
1068.085	0.8	NonTarget	1	213617
1068.17	0.8	NonTarget	1	213634
1068.255	0.8	NonTarget	1	213651
1068.34	0.8	NonTarget	1	213668
1068.42	0.8	NonTarget	1	213684
1068.505	0.8	NonTarget	1	213701
1068.59	0.8	NonTarget	1	213718
1068.67	0.8	NonTarget	1	213734
1068.755	0.8	NonTarget	1	213751
1068.84	0.8	NonTarget	1	213768
1068.92	0.8	NonTarget	1	213784
1069.005	0.8	NonTarget	1	213801
1069.09	0.8	NonTarget	1	213818
1069.175	0.8	NonTarget	1	213835
1069.255	0.8	NonTarget	1	213851
1069.34	0.8	NonTarget	1	213868
1069.425	0.8	NonTarget	1	213885
1069.505	0.8	NonTarget	1	213901
1069.59	0.8	NonTarget	1	213918
1069.675	0.8	NonTarget	1	213935
1069.755	0.8	NonTarget	1	213951
1069.84	0.8	NonTarget	1	213968
1069.925	0.8	Target	2	213985
1070.005	0.8	NonTarget	1	214001
1070.09	0.8	NonTarget	1	214018
1070.175	0.8	NonTarget	1	214035
1070.255	0.8	NonTarget	1	214051
1070.34	0.8	NonTarget	1	214068
1070.425	0.8	NonTarget	1	214085
1070.51	0.8	NonTarget	1	214102
1080.475	0.8	NonTarget	1	216095
1080.555	0.8	NonTarget	1	216111
1080.64	0.8	NonTarget	1	216128
1080.725	0.8	NonTarget	1	216145
1080.805	0.8	NonTarget	1	216161
1080.89	0.8	NonTarget	1	216178
1080.97	0.8	NonTarget	1	216194
1081.055	0.8	NonTarget	1	216211
1081.14	0.8	NonTarget	1	216228
1081.22	0.8	NonTarget	1	216244
1081.305	0.8	NonTarget	1	216261
1081.39	0.8	NonTarget	1	216278
1081.475	0.8	Target	2	216295
1081.555	0.8	NonTarget	1	216311
1081.64	0.8	NonTarget	1	216328
1081.725	0.8	NonTarget	1	216345
1081.805	0.8	NonTarget	1	216361
1081.89	0.8	NonTarget	1	216378
1081.975	0.8	NonTarget	1	216395
1082.06	0.8	NonTarget	1	216412
1082.14	0.8	NonTarget	1	216428
1082.225	0.8	NonTarget	1	216445
1082.305	0.8	NonTarget	1	216461
1082.39	0.8	NonTarget	1	216478
1082.475	0.8	NonTarget	1	216495
1082.555	0.8	NonTarget	1	216511
1082.64	0.8	NonTarget	1	216528
1082.725	0.8	NonTarget	1	216545
1082.81	0.8	NonTarget	1	216562
1082.89	0.8	NonTarget	1	216578
1083.29	0.8	NonTarget	1	216658
1083.375	0.8	NonTarget	1	216675
1083.46	0.8	NonTarget	1	216692
1083.54	0.8	NonTarget	1	216708
1083.625	0.8	NonTarget	1	216725
1083.71	0.8	NonTarget	1	216742
1083.795	0.8	NonTarget	1	216759
1083.875	0.8	Target	2	216775
1083.96	0.8	NonTarget	1	216792
1084.045	0.8	NonTarget	1	216809
1084.125	0.8	NonTarget	1	216825
1084.21	0.8	NonTarget	1	216842
1084.295	0.8	NonTarget	1	216859
1084.375	0.8	NonTarget	1	216875
1084.46	0.8	NonTarget	1	216892
1084.545	0.8	NonTarget	1	216909
1084.625	0.8	NonTarget	1	216925
1084.71	0.8	NonTarget	1	216942
1084.795	0.8	NonTarget	1	216959
1084.88	0.8	NonTarget	1	216976
1084.96	0.8	NonTarget	1	216992
1085.045	0.8	NonTarget	1	217009
1085.125	0.8	NonTarget	1	217025
1085.21	0.8	NonTarget	1	217042
1085.295	0.8	NonTarget	1	217059
1085.38	0.8	NonTarget	1	217076
1085.46	0.8	NonTarget	1	217092
1085.545	0.8	NonTarget	1	217109
1085.63	0.8	NonTarget	1	217126
1085.71	0.8	NonTarget	1	217142
1086.11	0.8	NonTarget	1	217222
1086.195	0.8	NonTarget	1	217239
1086.28	0.8	NonTarget	1	217256
1086.365	0.8	NonTarget	1	217273
1086.45	0.8	NonTarget	1	217290
1086.53	0.8	NonTarget	1	217306
1086.615	0.8	NonTarget	1	217323
1086.695	0.8	NonTarget	1	217339
1086.78	0.8	NonTarget	1	217356
1086.865	0.8	NonTarget	1	217373
1086.945	0.8	NonTarget	1	217389
1087.03	0.8	NonTarget	1	217406
1087.115	0.8	NonTarget	1	217423
1087.2	0.8	NonTarget	1	217440
1087.28	0.8	NonTarget	1	217456
1087.365	0.8	NonTarget	1	217473
1087.45	0.8	NonTarget	1	217490
1087.53	0.8	NonTarget	1	217506
1087.615	0.8	NonTarget	1	217523
1087.7	0.8	NonTarget	1	217540
1087.78	0.8	NonTarget	1	217556
1087.865	0.8	NonTarget	1	217573
1087.95	0.8	Target	2	217590
1088.03	0.8	NonTarget	1	217606
1088.115	0.8	NonTarget	1	217623
1088.2	0.8	NonTarget	1	217640
1088.285	0.8	NonTarget	1	217657
1088.365	0.8	NonTarget	1	217673
1088.45	0.8	NonTarget	1	217690
1088.535	0.8	NonTarget	1	217707
1088.935	0.8	NonTarget	1	217787
1089.015	0.8	NonTarget	1	217803
1089.1	0.8	NonTarget	1	217820
1089.185	0.8	NonTarget	1	217837
1089.265	0.8	NonTarget	1	217853
1089.35	0.8	NonTarget	1	217870
1089.435	0.8	NonTarget	1	217887
1089.515	0.8	NonTarget	1	217903
1089.6	0.8	NonTarget	1	217920
1089.685	0.8	NonTarget	1	217937
1089.77	0.8	NonTarget	1	217954
1089.85	0.8	NonTarget	1	217970
1089.935	0.8	NonTarget	1	217987
1090.02	0.8	NonTarget	1	218004
1090.105	0.8	NonTarget	1	218021
1090.185	0.8	NonTarget	1	218037
1090.27	0.8	NonTarget	1	218054
1090.35	0.8	NonTarget	1	218070
1090.435	0.8	NonTarget	1	218087
1090.52	0.8	NonTarget	1	218104
1090.6	0.8	NonTarget	1	218120
1090.685	0.8	NonTarget	1	218137
1090.77	0.8	NonTarget	1	218154
1090.85	0.8	NonTarget	1	218170
1090.935	0.8	NonTarget	1	218187
1091.02	0.8	NonTarget	1	218204
1091.105	0.8	NonTarget	1	218221
1091.19	0.8	Target	2	218238
1091.27	0.8	NonTarget	1	218254
1091.355	0.8	NonTarget	1	218271
1091.755	0.8	NonTarget	1	218351
1091.84	0.8	NonTarget	1	218368
1091.92	0.8	NonTarget	1	218384
1092.005	0.8	NonTarget	1	218401
1092.085	0.8	NonTarget	1	218417
1092.17	0.8	NonTarget	1	218434
1092.255	0.8	NonTarget	1	218451
1092.34	0.8	NonTarget	1	218468
1092.42	0.8	NonTarget	1	218484
1092.505	0.8	NonTarget	1	218501
1092.59	0.8	NonTarget	1	218518
1092.67	0.8	NonTarget	1	218534
1092.755	0.8	NonTarget	1	218551
1092.84	0.8	NonTarget	1	218568
1092.92	0.8	NonTarget	1	218584
1093.005	0.8	NonTarget	1	218601
1093.09	0.8	NonTarget	1	218618
1093.17	0.8	NonTarget	1	218634
1093.255	0.8	NonTarget	1	218651
1093.34	0.8	NonTarget	1	218668
1093.42	0.8	NonTarget	1	218684
1093.505	0.8	NonTarget	1	218701
1093.59	0.8	NonTarget	1	218718
1093.675	0.8	NonTarget	1	218735
1093.76	0.8	NonTarget	1	218752
1093.84	0.8	NonTarget	1	218768
1093.925	0.8	NonTarget	1	218785
1094.01	0.8	Target	2	218802
1094.09	0.8	NonTarget	1	218818
1094.175	0.8	NonTarget	1	218835
1094.575	0.8	NonTarget	1	218915
1094.66	0.8	NonTarget	1	218932
1094.74	0.8	NonTarget	1	218948
1094.825	0.8	NonTarget	1	218965
1094.91	0.8	NonTarget	1	218982
1094.99	0.8	NonTarget	1	218998
1095.075	0.8	NonTarget	1	219015
1095.16	0.8	NonTarget	1	219032
1095.24	0.8	NonTarget	1	219048
1095.325	0.8	NonTarget	1	219065
1095.41	0.8	NonTarget	1	219082
1095.495	0.8	NonTarget	1	219099
1095.575	0.8	NonTarget	1	219115
1095.66	0.8	NonTarget	1	219132
1095.745	0.8	NonTarget	1	219149
1095.825	0.8	NonTarget	1	219165
1095.91	0.8	NonTarget	1	219182
1095.995	0.8	NonTarget	1	219199
1096.075	0.8	NonTarget	1	219215
1096.16	0.8	NonTarget	1	219232
1096.245	0.8	NonTarget	1	219249
1096.325	0.8	NonTarget	1	219265
1096.41	0.8	Target	2	219282
1096.495	0.8	NonTarget	1	219299
1096.575	0.8	NonTarget	1	219315
1096.66	0.8	NonTarget	1	219332
1096.745	0.8	NonTarget	1	219349
1096.83	0.8	NonTarget	1	219366
1096.91	0.8	NonTarget	1	219382
1096.995	0.8	NonTarget	1	219399
1097.395	0.8	NonTarget	1	219479
1097.48	0.8	NonTarget	1	219496
1097.565	0.8	Target	2	219513
1097.645	0.8	NonTarget	1	219529
1097.73	0.8	NonTarget	1	219546
1097.815	0.8	NonTarget	1	219563
1097.895	0.8	NonTarget	1	219579
1097.98	0.8	NonTarget	1	219596
1098.065	0.8	NonTarget	1	219613
1098.145	0.8	NonTarget	1	219629
1098.23	0.8	NonTarget	1	219646
1098.315	0.8	NonTarget	1	219663
1098.395	0.8	NonTarget	1	219679
1098.48	0.8	NonTarget	1	219696
1098.565	0.8	NonTarget	1	219713
1098.645	0.8	NonTarget	1	219729
1098.73	0.8	NonTarget	1	219746
1098.815	0.8	NonTarget	1	219763
1098.9	0.8	NonTarget	1	219780
1098.985	0.8	NonTarget	1	219797
1099.065	0.8	NonTarget	1	219813
1099.15	0.8	NonTarget	1	219830
1099.23	0.8	NonTarget	1	219846
1099.315	0.8	NonTarget	1	219863
1099.4	0.8	NonTarget	1	219880
1099.48	0.8	NonTarget	1	219896
1099.565	0.8	NonTarget	1	219913
1099.65	0.8	NonTarget	1	219930
1099.73	0.8	NonTarget	1	219946
1099.815	0.8	NonTarget	1	219963
1100.215	0.8	NonTarget	1	220043
1100.3	0.8	NonTarget	1	220060
1100.385	0.8	Target	2	220077
1100.465	0.8	NonTarget	1	220093
1100.55	0.8	NonTarget	1	220110
1100.635	0.8	NonTarget	1	220127
1100.715	0.8	NonTarget	1	220143
1100.8	0.8	NonTarget	1	220160
1100.885	0.8	NonTarget	1	220177
1100.965	0.8	NonTarget	1	220193
1101.05	0.8	NonTarget	1	220210
1101.135	0.8	NonTarget	1	220227
1101.215	0.8	NonTarget	1	220243
1101.3	0.8	NonTarget	1	220260
1101.385	0.8	NonTarget	1	220277
1101.47	0.8	NonTarget	1	220294
1101.55	0.8	NonTarget	1	220310
1101.635	0.8	NonTarget	1	220327
1101.72	0.8	NonTarget	1	220344
1101.8	0.8	NonTarget	1	220360
1101.885	0.8	NonTarget	1	220377
1101.97	0.8	NonTarget	1	220394
1102.055	0.8	NonTarget	1	220411
1102.135	0.8	NonTarget	1	220427
1102.22	0.8	NonTarget	1	220444
1102.305	0.8	NonTarget	1	220461
1102.385	0.8	NonTarget	1	220477
1102.47	0.8	NonTarget	1	220494
1102.555	0.8	NonTarget	1	220511
1102.635	0.8	NonTarget	1	220527
1103.035	0.8	NonTarget	1	220607
1103.12	0.8	NonTarget	1	220624
1103.205	0.8	NonTarget	1	220641
1103.29	0.8	NonTarget	1	220658
1103.37	0.8	NonTarget	1	220674
1103.455	0.8	NonTarget	1	220691
1103.54	0.8	NonTarget	1	220708
1103.62	0.8	NonTarget	1	220724
1103.705	0.8	NonTarget	1	220741
1103.785	0.8	NonTarget	1	220757
1103.87	0.8	NonTarget	1	220774
1103.955	0.8	NonTarget	1	220791
1104.04	0.8	NonTarget	1	220808
1104.12	0.8	NonTarget	1	220824
1104.205	0.8	NonTarget	1	220841
1104.29	0.8	NonTarget	1	220858
1104.37	0.8	NonTarget	1	220874
1104.455	0.8	NonTarget	1	220891
1104.54	0.8	NonTarget	1	220908
1104.62	0.8	NonTarget	1	220924
1104.705	0.8	NonTarget	1	220941
1104.79	0.8	NonTarget	1	220958
1104.875	0.8	Target	2	220975
1104.955	0.8	NonTarget	1	220991
1105.04	0.8	NonTarget	1	221008
1105.125	0.8	NonTarget	1	221025
1105.205	0.8	NonTarget	1	221041
1105.29	0.8	NonTarget	1	221058
1105.375	0.8	NonTarget	1	221075
1105.455	0.8	NonTarget	1	221091
1105.855	0.8	NonTarget	1	221171
1105.94	0.8	NonTarget	1	221188
1106.025	0.8	NonTarget	1	221205
1106.11	0.8	NonTarget	1	221222
1106.19	0.8	NonTarget	1	221238
1106.275	0.8	NonTarget	1	221255
1106.36	0.8	NonTarget	1	221272
1106.445	0.8	Target	2	221289
1106.525	0.8	NonTarget	1	221305
1106.61	0.8	NonTarget	1	221322
1106.69	0.8	NonTarget	1	221338
1106.775	0.8	NonTarget	1	221355
1106.86	0.8	NonTarget	1	221372
1106.945	0.8	NonTarget	1	221389
1107.025	0.8	NonTarget	1	221405
1107.11	0.8	NonTarget	1	221422
1107.195	0.8	NonTarget	1	221439
1107.275	0.8	NonTarget	1	221455
1107.36	0.8	NonTarget	1	221472
1107.44	0.8	NonTarget	1	221488
1107.525	0.8	NonTarget	1	221505
1107.61	0.8	NonTarget	1	221522
1107.695	0.8	NonTarget	1	221539
1107.775	0.8	NonTarget	1	221555
1107.86	0.8	NonTarget	1	221572
1107.945	0.8	NonTarget	1	221589
1108.025	0.8	NonTarget	1	221605
1108.11	0.8	NonTarget	1	221622
1108.195	0.8	NonTarget	1	221639
1108.275	0.8	NonTarget	1	221655
1118.165	0.8	NonTarget	1	223633
1118.24	0.8	NonTarget	1	223648
1118.325	0.8	NonTarget	1	223665
1118.41	0.8	NonTarget	1	223682
1118.49	0.8	NonTarget	1	223698
1118.575	0.8	NonTarget	1	223715
1118.66	0.8	NonTarget	1	223732
1118.74	0.8	NonTarget	1	223748
1118.825	0.8	NonTarget	1	223765
1118.91	0.8	NonTarget	1	223782
1118.99	0.8	NonTarget	1	223798
1119.075	0.8	NonTarget	1	223815
1119.16	0.8	NonTarget	1	223832
1119.24	0.8	NonTarget	1	223848
1119.325	0.8	NonTarget	1	223865
1119.41	0.8	NonTarget	1	223882
1119.495	0.8	NonTarget	1	223899
1119.58	0.8	NonTarget	1	223916
1119.66	0.8	NonTarget	1	223932
1119.745	0.8	Target	2	223949
1119.825	0.8	NonTarget	1	223965
1119.91	0.8	NonTarget	1	223982
1119.995	0.8	NonTarget	1	223999
1120.075	0.8	NonTarget	1	224015
1120.16	0.8	NonTarget	1	224032
1120.245	0.8	NonTarget	1	224049
1120.33	0.8	NonTarget	1	224066
1120.41	0.8	NonTarget	1	224082
1120.495	0.8	NonTarget	1	224099
1120.58	0.8	NonTarget	1	224116
1120.98	0.8	NonTarget	1	224196
1121.065	0.8	NonTarget	1	224213
1121.145	0.8	NonTarget	1	224229
1121.23	0.8	NonTarget	1	224246
1121.315	0.8	NonTarget	1	224263
1121.395	0.8	NonTarget	1	224279
1121.48	0.8	NonTarget	1	224296
1121.56	0.8	NonTarget	1	224312
1121.645	0.8	NonTarget	1	224329
1121.73	0.8	NonTarget	1	224346
1121.815	0.8	NonTarget	1	224363
1121.895	0.8	NonTarget	1	224379
1121.98	0.8	NonTarget	1	224396
1122.065	0.8	NonTarget	1	224413
1122.145	0.8	NonTarget	1	224429
1122.23	0.8	NonTarget	1	224446
1122.315	0.8	NonTarget	1	224463
1122.4	0.8	NonTarget	1	224480
1122.48	0.8	NonTarget	1	224496
1122.565	0.8	NonTarget	1	224513
1122.645	0.8	NonTarget	1	224529
1122.73	0.8	NonTarget	1	224546
1122.815	0.8	NonTarget	1	224563
1122.9	0.8	NonTarget	1	224580
1122.98	0.8	NonTarget	1	224596
1123.065	0.8	NonTarget	1	224613
1123.15	0.8	NonTarget	1	224630
1123.23	0.8	NonTarget	1	224646
1123.315	0.8	NonTarget	1	224663
1123.4	0.8	Target	2	224680
1123.8	0.8	NonTarget	1	224760
1123.885	0.8	NonTarget	1	224777
1123.965	0.8	NonTarget	1	224793
1124.05	0.8	NonTarget	1	224810
1124.135	0.8	NonTarget	1	224827
1124.215	0.8	NonTarget	1	224843
1124.3	0.8	NonTarget	1	224860
1124.385	0.8	NonTarget	1	224877
1124.465	0.8	NonTarget	1	224893
1124.55	0.8	NonTarget	1	224910
1124.635	0.8	NonTarget	1	224927
1124.715	0.8	NonTarget	1	224943
1124.8	0.8	NonTarget	1	224960
1124.885	0.8	NonTarget	1	224977
1124.965	0.8	NonTarget	1	224993
1125.05	0.8	NonTarget	1	225010
1125.135	0.8	NonTarget	1	225027
1125.215	0.8	NonTarget	1	225043
1125.305	0.8	NonTarget	1	225061
1125.385	0.8	NonTarget	1	225077
1125.47	0.8	NonTarget	1	225094
1125.55	0.8	NonTarget	1	225110
1125.635	0.8	NonTarget	1	225127
1125.72	0.8	NonTarget	1	225144
1125.805	0.8	Target	2	225161
1125.885	0.8	NonTarget	1	225177
1125.97	0.8	NonTarget	1	225194
1126.055	0.8	NonTarget	1	225211
1126.135	0.8	NonTarget	1	225227
1126.22	0.8	NonTarget	1	225244
1126.62	0.8	NonTarget	1	225324
1126.705	0.8	NonTarget	1	225341
1126.785	0.8	NonTarget	1	225357
1126.87	0.8	NonTarget	1	225374
1126.955	0.8	NonTarget	1	225391
1127.035	0.8	NonTarget	1	225407
1127.12	0.8	NonTarget	1	225424
1127.205	0.8	NonTarget	1	225441
1127.29	0.8	NonTarget	1	225458
1127.37	0.8	NonTarget	1	225474
1127.455	0.8	NonTarget	1	225491
1127.54	0.8	NonTarget	1	225508
1127.62	0.8	NonTarget	1	225524
1127.705	0.8	NonTarget	1	225541
1127.785	0.8	NonTarget	1	225557
1127.87	0.8	NonTarget	1	225574
1127.955	0.8	NonTarget	1	225591
1128.04	0.8	NonTarget	1	225608
1128.125	0.8	NonTarget	1	225625
1128.205	0.8	NonTarget	1	225641
1128.29	0.8	NonTarget	1	225658
1128.37	0.8	NonTarget	1	225674
1128.455	0.8	NonTarget	1	225691
1128.54	0.8	NonTarget	1	225708
1128.625	0.8	Target	2	225725
1128.705	0.8	NonTarget	1	225741
1128.79	0.8	NonTarget	1	225758
1128.87	0.8	NonTarget	1	225774
1128.955	0.8	NonTarget	1	225791
1129.04	0.8	NonTarget	1	225808
1129.44	0.8	NonTarget	1	225888
1129.525	0.8	NonTarget	1	225905
1129.605	0.8	NonTarget	1	225921
1129.69	0.8	NonTarget	1	225938
1129.775	0.8	NonTarget	1	225955
1129.86	0.8	NonTarget	1	225972
1129.94	0.8	NonTarget	1	225988
1130.025	0.8	NonTarget	1	226005
1130.11	0.8	NonTarget	1	226022
1130.19	0.8	NonTarget	1	226038
1130.275	0.8	NonTarget	1	226055
1130.36	0.8	NonTarget	1	226072
1130.445	0.8	NonTarget	1	226089
1130.525	0.8	NonTarget	1	226105
1130.61	0.8	NonTarget	1	226122
1130.695	0.8	NonTarget	1	226139
1130.775	0.8	NonTarget	1	226155
1130.86	0.8	NonTarget	1	226172
1130.945	0.8	NonTarget	1	226189
1131.025	0.8	NonTarget	1	226205
1131.11	0.8	NonTarget	1	226222
1131.195	0.8	NonTarget	1	226239
1131.275	0.8	NonTarget	1	226255
1131.36	0.8	NonTarget	1	226272
1131.445	0.8	Target	2	226289
1131.53	0.8	NonTarget	1	226306
1131.61	0.8	NonTarget	1	226322
1131.695	0.8	NonTarget	1	226339
1131.78	0.8	NonTarget	1	226356
1131.86	0.8	NonTarget	1	226372
1132.26	0.8	NonTarget	1	226452
1132.345	0.8	NonTarget	1	226469
1132.43	0.8	NonTarget	1	226486
1132.515	0.8	NonTarget	1	226503
1132.595	0.8	NonTarget	1	226519
1132.675	0.8	NonTarget	1	226535
1132.76	0.8	NonTarget	1	226552
1132.845	0.8	NonTarget	1	226569
1132.93	0.8	NonTarget	1	226586
1133.015	0.8	NonTarget	1	226603
1133.095	0.8	NonTarget	1	226619
1133.18	0.8	NonTarget	1	226636
1133.265	0.8	NonTarget	1	226653
1133.345	0.8	NonTarget	1	226669
1133.43	0.8	Target	2	226686
1133.51	0.8	NonTarget	1	226702
1133.595	0.8	NonTarget	1	226719
1133.68	0.8	NonTarget	1	226736
1133.765	0.8	NonTarget	1	226753
1133.845	0.8	NonTarget	1	226769
1133.93	0.8	NonTarget	1	226786
1134.015	0.8	NonTarget	1	226803
1134.095	0.8	NonTarget	1	226819
1134.18	0.8	NonTarget	1	226836
1134.265	0.8	NonTarget	1	226853
1134.35	0.8	NonTarget	1	226870
1134.43	0.8	NonTarget	1	226886
1134.515	0.8	NonTarget	1	226903
1134.6	0.8	NonTarget	1	226920
1134.68	0.8	NonTarget	1	226936
1135.08	0.8	NonTarget	1	227016
1135.165	0.8	NonTarget	1	227033
1135.25	0.8	NonTarget	1	227050
1135.335	0.8	NonTarget	1	227067
1135.415	0.8	NonTarget	1	227083
1135.5	0.8	NonTarget	1	227100
1135.585	0.8	NonTarget	1	227117
1135.665	0.8	NonTarget	1	227133
1135.75	0.8	NonTarget	1	227150
1135.83	0.8	NonTarget	1	227166
1135.915	0.8	NonTarget	1	227183
1136.0	0.8	NonTarget	1	227200
1136.085	0.8	NonTarget	1	227217
1136.165	0.8	NonTarget	1	227233
1136.25	0.8	Target	2	227250
1136.335	0.8	NonTarget	1	227267
1136.415	0.8	NonTarget	1	227283
1136.5	0.8	NonTarget	1	227300
1136.585	0.8	NonTarget	1	227317
1136.67	0.8	NonTarget	1	227334
1136.75	0.8	NonTarget	1	227350
1136.835	0.8	NonTarget	1	227367
1136.92	0.8	NonTarget	1	227384
1137.0	0.8	NonTarget	1	227400
1137.085	0.8	NonTarget	1	227417
1137.17	0.8	NonTarget	1	227434
1137.25	0.8	NonTarget	1	227450
1137.335	0.8	NonTarget	1	227467
1137.42	0.8	NonTarget	1	227484
1137.5	0.8	NonTarget	1	227500
1137.9	0.8	NonTarget	1	227580
1137.985	0.8	NonTarget	1	227597
1138.07	0.8	NonTarget	1	227614
1138.155	0.8	NonTarget	1	227631
1138.235	0.8	Target	2	227647
1138.32	0.8	NonTarget	1	227664
1138.405	0.8	NonTarget	1	227681
1138.485	0.8	NonTarget	1	227697
1138.57	0.8	NonTarget	1	227714
1138.655	0.8	NonTarget	1	227731
1138.74	0.8	NonTarget	1	227748
1138.82	0.8	NonTarget	1	227764
1138.905	0.8	NonTarget	1	227781
1138.985	0.8	NonTarget	1	227797
1139.07	0.8	NonTarget	1	227814
1139.155	0.8	NonTarget	1	227831
1139.24	0.8	NonTarget	1	227848
1139.325	0.8	NonTarget	1	227865
1139.405	0.8	NonTarget	1	227881
1139.49	0.8	NonTarget	1	227898
1139.57	0.8	NonTarget	1	227914
1139.655	0.8	NonTarget	1	227931
1139.74	0.8	NonTarget	1	227948
1139.82	0.8	NonTarget	1	227964
1139.905	0.8	NonTarget	1	227981
1139.99	0.8	NonTarget	1	227998
1140.07	0.8	NonTarget	1	228014
1140.155	0.8	NonTarget	1	228031
1140.24	0.8	NonTarget	1	228048
1140.325	0.8	NonTarget	1	228065
1140.725	0.8	NonTarget	1	228145
1140.805	0.8	NonTarget	1	228161
1140.89	0.8	NonTarget	1	228178
1140.975	0.8	NonTarget	1	228195
1141.055	0.8	NonTarget	1	228211
1141.14	0.8	NonTarget	1	228228
1141.225	0.8	NonTarget	1	228245
1141.31	0.8	NonTarget	1	228262
1141.39	0.8	NonTarget	1	228278
1141.475	0.8	NonTarget	1	228295
1141.56	0.8	NonTarget	1	228312
1141.64	0.8	NonTarget	1	228328
1141.725	0.8	NonTarget	1	228345
1141.81	0.8	NonTarget	1	228362
1141.89	0.8	Target	2	228378
1141.975	0.8	NonTarget	1	228395
1142.06	0.8	NonTarget	1	228412
1142.14	0.8	NonTarget	1	228428
1142.225	0.8	NonTarget	1	228445
1142.31	0.8	NonTarget	1	228462
1142.395	0.8	NonTarget	1	228479
1142.475	0.8	NonTarget	1	228495
1142.56	0.8	NonTarget	1	228512
1142.64	0.8	NonTarget	1	228528
1142.725	0.8	NonTarget	1	228545
1142.81	0.8	NonTarget	1	228562
1142.895	0.8	NonTarget	1	228579
1142.98	0.8	NonTarget	1	228596
1143.06	0.8	NonTarget	1	228612
1143.14	0.8	NonTarget	1	228628
1143.545	0.8	NonTarget	1	228709
1143.63	0.8	NonTarget	1	228726
1143.71	0.8	NonTarget	1	228742
1143.795	0.8	NonTarget	1	228759
1143.875	0.8	NonTarget	1	228775
1143.96	0.8	NonTarget	1	228792
1144.045	0.8	NonTarget	1	228809
1144.13	0.8	NonTarget	1	228826
1144.21	0.8	NonTarget	1	228842
1144.295	0.8	NonTarget	1	228859
1144.38	0.8	NonTarget	1	228876
1144.465	0.8	NonTarget	1	228893
1144.545	0.8	NonTarget	1	228909
1144.63	0.8	NonTarget	1	228926
1144.71	0.8	NonTarget	1	228942
1144.795	0.8	NonTarget	1	228959
1144.88	0.8	NonTarget	1	228976
1144.965	0.8	NonTarget	1	228993
1145.045	0.8	NonTarget	1	229009
1145.13	0.8	NonTarget	1	229026
1145.21	0.8	NonTarget	1	229042
1145.295	0.8	NonTarget	1	229059
1145.38	0.8	NonTarget	1	229076
1145.465	0.8	NonTarget	1	229093
1145.55	0.8	Target	2	229110
1145.63	0.8	NonTarget	1	229126
1145.715	0.8	NonTarget	1	229143
1145.795	0.8	NonTarget	1	229159
1145.88	0.8	NonTarget	1	229176
1145.965	0.8	NonTarget	1	229193
1155.83	0.8	NonTarget	1	231166
1155.91	0.8	NonTarget	1	231182
1155.995	0.8	NonTarget	1	231199
1156.08	0.8	NonTarget	1	231216
1156.165	0.8	NonTarget	1	231233
1156.245	0.8	Target	2	231249
1156.33	0.8	NonTarget	1	231266
1156.41	0.8	NonTarget	1	231282
1156.495	0.8	NonTarget	1	231299
1156.58	0.8	NonTarget	1	231316
1156.66	0.8	NonTarget	1	231332
1156.745	0.8	NonTarget	1	231349
1156.83	0.8	NonTarget	1	231366
1156.915	0.8	NonTarget	1	231383
1156.995	0.8	NonTarget	1	231399
1157.08	0.8	NonTarget	1	231416
1157.165	0.8	NonTarget	1	231433
1157.25	0.8	NonTarget	1	231450
1157.33	0.8	NonTarget	1	231466
1157.415	0.8	NonTarget	1	231483
1157.495	0.8	NonTarget	1	231499
1157.58	0.8	NonTarget	1	231516
1157.665	0.8	NonTarget	1	231533
1157.75	0.8	NonTarget	1	231550
1157.83	0.8	NonTarget	1	231566
1157.915	0.8	NonTarget	1	231583
1158.0	0.8	NonTarget	1	231600
1158.08	0.8	NonTarget	1	231616
1158.165	0.8	NonTarget	1	231633
1158.25	0.8	NonTarget	1	231650
1158.65	0.8	NonTarget	1	231730
1158.73	0.8	NonTarget	1	231746
1158.815	0.8	NonTarget	1	231763
1158.9	0.8	NonTarget	1	231780
1158.985	0.8	NonTarget	1	231797
1159.065	0.8	NonTarget	1	231813
1159.15	0.8	NonTarget	1	231830
1159.23	0.8	NonTarget	1	231846
1159.315	0.8	NonTarget	1	231863
1159.4	0.8	NonTarget	1	231880
1159.485	0.8	NonTarget	1	231897
1159.565	0.8	NonTarget	1	231913
1159.65	0.8	NonTarget	1	231930
1159.735	0.8	NonTarget	1	231947
1159.82	0.8	NonTarget	1	231964
1159.9	0.8	NonTarget	1	231980
1159.985	0.8	NonTarget	1	231997
1160.065	0.8	NonTarget	1	232013
1160.15	0.8	NonTarget	1	232030
1160.235	0.8	NonTarget	1	232047
1160.32	0.8	Target	2	232064
1160.4	0.8	NonTarget	1	232080
1160.485	0.8	NonTarget	1	232097
1160.57	0.8	NonTarget	1	232114
1160.65	0.8	NonTarget	1	232130
1160.735	0.8	NonTarget	1	232147
1160.82	0.8	NonTarget	1	232164
1160.9	0.8	NonTarget	1	232180
1160.985	0.8	NonTarget	1	232197
1161.07	0.8	NonTarget	1	232214
1161.47	0.8	NonTarget	1	232294
1161.555	0.8	NonTarget	1	232311
1161.635	0.8	NonTarget	1	232327
1161.72	0.8	NonTarget	1	232344
1161.805	0.8	NonTarget	1	232361
1161.885	0.8	NonTarget	1	232377
1161.97	0.8	NonTarget	1	232394
1162.055	0.8	NonTarget	1	232411
1162.135	0.8	NonTarget	1	232427
1162.22	0.8	NonTarget	1	232444
1162.305	0.8	NonTarget	1	232461
1162.385	0.8	NonTarget	1	232477
1162.47	0.8	NonTarget	1	232494
1162.555	0.8	NonTarget	1	232511
1162.64	0.8	NonTarget	1	232528
1162.72	0.8	Target	2	232544
1162.805	0.8	NonTarget	1	232561
1162.885	0.8	NonTarget	1	232577
1162.97	0.8	NonTarget	1	232594
1163.055	0.8	NonTarget	1	232611
1163.14	0.8	NonTarget	1	232628
1163.225	0.8	NonTarget	1	232645
1163.305	0.8	NonTarget	1	232661
1163.39	0.8	NonTarget	1	232678
1163.47	0.8	NonTarget	1	232694
1163.555	0.8	NonTarget	1	232711
1163.64	0.8	NonTarget	1	232728
1163.72	0.8	NonTarget	1	232744
1163.805	0.8	NonTarget	1	232761
1163.89	0.8	NonTarget	1	232778
1164.29	0.8	Target	2	232858
1164.375	0.8	NonTarget	1	232875
1164.46	0.8	NonTarget	1	232892
1164.54	0.8	NonTarget	1	232908
1164.625	0.8	NonTarget	1	232925
1164.705	0.8	NonTarget	1	232941
1164.79	0.8	NonTarget	1	232958
1164.875	0.8	NonTarget	1	232975
1164.96	0.8	NonTarget	1	232992
1165.04	0.8	NonTarget	1	233008
1165.125	0.8	NonTarget	1	233025
1165.21	0.8	NonTarget	1	233042
1165.29	0.8	NonTarget	1	233058
1165.375	0.8	NonTarget	1	233075
1165.46	0.8	NonTarget	1	233092
1165.54	0.8	NonTarget	1	233108
1165.625	0.8	NonTarget	1	233125
1165.71	0.8	NonTarget	1	233142
1165.795	0.8	NonTarget	1	233159
1165.875	0.8	NonTarget	1	233175
1165.96	0.8	NonTarget	1	233192
1166.045	0.8	NonTarget	1	233209
1166.125	0.8	NonTarget	1	233225
1166.21	0.8	NonTarget	1	233242
1166.29	0.8	NonTarget	1	233258
1166.375	0.8	NonTarget	1	233275
1166.46	0.8	NonTarget	1	233292
1166.545	0.8	NonTarget	1	233309
1166.625	0.8	NonTarget	1	233325
1166.71	0.8	NonTarget	1	233342
1167.11	0.8	NonTarget	1	233422
1167.195	0.8	NonTarget	1	233439
1167.28	0.8	NonTarget	1	233456
1167.36	0.8	NonTarget	1	233472
1167.445	0.8	NonTarget	1	233489
1167.53	0.8	NonTarget	1	233506
1167.61	0.8	NonTarget	1	233522
1167.695	0.8	NonTarget	1	233539
1167.78	0.8	NonTarget	1	233556
1167.86	0.8	NonTarget	1	233572
1167.945	0.8	NonTarget	1	233589
1168.03	0.8	NonTarget	1	233606
1168.11	0.8	NonTarget	1	233622
1168.195	0.8	NonTarget	1	233639
1168.28	0.8	NonTarget	1	233656
1168.36	0.8	NonTarget	1	233672
1168.445	0.8	NonTarget	1	233689
1168.53	0.8	NonTarget	1	233706
1168.615	0.8	NonTarget	1	233723
1168.695	0.8	NonTarget	1	233739
1168.78	0.8	Target	2	233756
1168.865	0.8	NonTarget	1	233773
1168.945	0.8	NonTarget	1	233789
1169.03	0.8	NonTarget	1	233806
1169.115	0.8	NonTarget	1	233823
1169.195	0.8	NonTarget	1	233839
1169.28	0.8	NonTarget	1	233856
1169.365	0.8	NonTarget	1	233873
1169.445	0.8	NonTarget	1	233889
1169.53	0.8	NonTarget	1	233906
1169.93	0.8	NonTarget	1	233986
1170.015	0.8	NonTarget	1	234003
1170.1	0.8	NonTarget	1	234020
1170.185	0.8	NonTarget	1	234037
1170.265	0.8	NonTarget	1	234053
1170.35	0.8	Target	2	234070
1170.43	0.8	NonTarget	1	234086
1170.515	0.8	NonTarget	1	234103
1170.6	0.8	NonTarget	1	234120
1170.68	0.8	NonTarget	1	234136
1170.765	0.8	NonTarget	1	234153
1170.85	0.8	NonTarget	1	234170
1170.935	0.8	NonTarget	1	234187
1171.015	0.8	NonTarget	1	234203
1171.1	0.8	NonTarget	1	234220
1171.185	0.8	NonTarget	1	234237
1171.265	0.8	NonTarget	1	234253
1171.35	0.8	NonTarget	1	234270
1171.435	0.8	NonTarget	1	234287
1171.515	0.8	NonTarget	1	234303
1171.6	0.8	NonTarget	1	234320
1171.685	0.8	NonTarget	1	234337
1171.765	0.8	NonTarget	1	234353
1171.85	0.8	NonTarget	1	234370
1171.935	0.8	NonTarget	1	234387
1172.02	0.8	NonTarget	1	234404
1172.1	0.8	NonTarget	1	234420
1172.185	0.8	NonTarget	1	234437
1172.27	0.8	NonTarget	1	234454
1172.35	0.8	NonTarget	1	234470
1172.755	0.8	NonTarget	1	234551
1172.835	0.8	NonTarget	1	234567
1172.92	0.8	NonTarget	1	234584
1173.0	0.8	NonTarget	1	234600
1173.085	0.8	NonTarget	1	234617
1173.17	0.8	NonTarget	1	234634
1173.255	0.8	NonTarget	1	234651
1173.335	0.8	NonTarget	1	234667
1173.42	0.8	NonTarget	1	234684
1173.505	0.8	NonTarget	1	234701
1173.585	0.8	NonTarget	1	234717
1173.67	0.8	NonTarget	1	234734
1173.755	0.8	NonTarget	1	234751
1173.835	0.8	NonTarget	1	234767
1173.92	0.8	NonTarget	1	234784
1174.005	0.8	NonTarget	1	234801
1174.09	0.8	NonTarget	1	234818
1174.17	0.8	NonTarget	1	234834
1174.255	0.8	NonTarget	1	234851
1174.335	0.8	NonTarget	1	234867
1174.42	0.8	Target	2	234884
1174.505	0.8	NonTarget	1	234901
1174.59	0.8	NonTarget	1	234918
1174.67	0.8	NonTarget	1	234934
1174.755	0.8	NonTarget	1	234951
1174.84	0.8	NonTarget	1	234968
1174.92	0.8	NonTarget	1	234984
1175.005	0.8	NonTarget	1	235001
1175.09	0.8	NonTarget	1	235018
1175.17	0.8	NonTarget	1	235034
1175.57	0.8	NonTarget	1	235114
1175.655	0.8	NonTarget	1	235131
1175.74	0.8	NonTarget	1	235148
1175.825	0.8	NonTarget	1	235165
1175.905	0.8	NonTarget	1	235181
1175.99	0.8	NonTarget	1	235198
1176.075	0.8	NonTarget	1	235215
1176.155	0.8	NonTarget	1	235231
1176.24	0.8	NonTarget	1	235248
1176.325	0.8	NonTarget	1	235265
1176.405	0.8	NonTarget	1	235281
1176.49	0.8	NonTarget	1	235298
1176.575	0.8	NonTarget	1	235315
1176.66	0.8	NonTarget	1	235332
1176.74	0.8	NonTarget	1	235348
1176.825	0.8	NonTarget	1	235365
1176.91	0.8	NonTarget	1	235382
1176.99	0.8	NonTarget	1	235398
1177.075	0.8	NonTarget	1	235415
1177.16	0.8	NonTarget	1	235432
1177.24	0.8	Target	2	235448
1177.325	0.8	NonTarget	1	235465
1177.41	0.8	NonTarget	1	235482
1177.49	0.8	NonTarget	1	235498
1177.575	0.8	NonTarget	1	235515
1177.66	0.8	NonTarget	1	235532
1177.74	0.8	NonTarget	1	235548
1177.825	0.8	NonTarget	1	235565
1177.91	0.8	NonTarget	1	235582
1177.995	0.8	NonTarget	1	235599
1178.39	0.8	NonTarget	1	235678
1178.475	0.8	NonTarget	1	235695
1178.56	0.8	NonTarget	1	235712
1178.645	0.8	NonTarget	1	235729
1178.725	0.8	NonTarget	1	235745
1178.81	0.8	NonTarget	1	235762
1178.895	0.8	NonTarget	1	235779
1178.98	0.8	NonTarget	1	235796
1179.06	0.8	NonTarget	1	235812
1179.145	0.8	NonTarget	1	235829
1179.225	0.8	NonTarget	1	235845
1179.31	0.8	NonTarget	1	235862
1179.395	0.8	NonTarget	1	235879
1179.48	0.8	NonTarget	1	235896
1179.56	0.8	NonTarget	1	235912
1179.645	0.8	NonTarget	1	235929
1179.73	0.8	NonTarget	1	235946
1179.81	0.8	NonTarget	1	235962
1179.895	0.8	NonTarget	1	235979
1179.98	0.8	NonTarget	1	235996
1180.065	0.8	Target	2	236013
1180.145	0.8	NonTarget	1	236029
1180.23	0.8	NonTarget	1	236046
1180.315	0.8	NonTarget	1	236063
1180.395	0.8	NonTarget	1	236079
1180.48	0.8	NonTarget	1	236096
1180.565	0.8	NonTarget	1	236113
1180.645	0.8	NonTarget	1	236129
1180.73	0.8	NonTarget	1	236146
1180.81	0.8	NonTarget	1	236162
1181.215	0.8	NonTarget	1	236243
1181.295	0.8	NonTarget	1	236259
1181.38	0.8	NonTarget	1	236276
1181.465	0.8	NonTarget	1	236293
1181.55	0.8	NonTarget	1	236310
1181.63	0.8	NonTarget	1	236326
1181.715	0.8	NonTarget	1	236343
1181.8	0.8	NonTarget	1	236360
1181.88	0.8	NonTarget	1	236376
1181.965	0.8	NonTarget	1	236393
1182.05	0.8	NonTarget	1	236410
1182.13	0.8	NonTarget	1	236426
1182.215	0.8	NonTarget	1	236443
1182.3	0.8	NonTarget	1	236460
1182.385	0.8	NonTarget	1	236477
1182.465	0.8	NonTarget	1	236493
1182.55	0.8	NonTarget	1	236510
1182.635	0.8	NonTarget	1	236527
1182.715	0.8	NonTarget	1	236543
1182.8	0.8	NonTarget	1	236560
1182.885	0.8	Target	2	236577
1182.965	0.8	NonTarget	1	236593
1183.05	0.8	NonTarget	1	236610
1183.135	0.8	NonTarget	1	236627
1183.215	0.8	NonTarget	1	236643
1183.3	0.8	NonTarget	1	236660
1183.385	0.8	NonTarget	1	236677
1183.465	0.8	NonTarget	1	236693
1183.55	0.8	NonTarget	1	236710
1183.635	0.8	NonTarget	1	236727
1193.505	0.8	NonTarget	1	238701
1193.58	0.8	NonTarget	1	238716
1193.665	0.8	NonTarget	1	238733
1193.75	0.8	NonTarget	1	238750
1193.83	0.8	NonTarget	1	238766
1193.915	0.8	NonTarget	1	238783
1194.0	0.8	NonTarget	1	238800
1194.085	0.8	NonTarget	1	238817
1194.165	0.8	NonTarget	1	238833
1194.25	0.8	NonTarget	1	238850
1194.335	0.8	NonTarget	1	238867
1194.415	0.8	NonTarget	1	238883
1194.5	0.8	NonTarget	1	238900
1194.585	0.8	NonTarget	1	238917
1194.665	0.8	NonTarget	1	238933
1194.75	0.8	NonTarget	1	238950
1194.835	0.8	NonTarget	1	238967
1194.915	0.8	NonTarget	1	238983
1195.0	0.8	NonTarget	1	239000
1195.085	0.8	NonTarget	1	239017
1195.165	0.8	NonTarget	1	239033
1195.25	0.8	NonTarget	1	239050
1195.335	0.8	NonTarget	1	239067
1195.42	0.8	NonTarget	1	239084
1195.5	0.8	NonTarget	1	239100
1195.585	0.8	Target	2	239117
1195.665	0.8	NonTarget	1	239133
1195.75	0.8	NonTarget	1	239150
1195.835	0.8	NonTarget	1	239167
1195.92	0.8	NonTarget	1	239184
1196.32	0.8	NonTarget	1	239264
1196.4	0.8	NonTarget	1	239280
1196.485	0.8	NonTarget	1	239297
1196.57	0.8	NonTarget	1	239314
1196.655	0.8	NonTarget	1	239331
1196.735	0.8	Target	2	239347
1196.82	0.8	NonTarget	1	239364
1196.905	0.8	NonTarget	1	239381
1196.99	0.8	NonTarget	1	239398
1197.07	0.8	NonTarget	1	239414
1197.155	0.8	NonTarget	1	239431
1197.235	0.8	NonTarget	1	239447
1197.32	0.8	NonTarget	1	239464
1197.405	0.8	NonTarget	1	239481
1197.49	0.8	NonTarget	1	239498
1197.57	0.8	NonTarget	1	239514
1197.655	0.8	NonTarget	1	239531
1197.735	0.8	NonTarget	1	239547
1197.82	0.8	NonTarget	1	239564
1197.905	0.8	NonTarget	1	239581
1197.99	0.8	NonTarget	1	239598
1198.07	0.8	NonTarget	1	239614
1198.155	0.8	NonTarget	1	239631
1198.24	0.8	NonTarget	1	239648
1198.32	0.8	NonTarget	1	239664
1198.405	0.8	NonTarget	1	239681
1198.49	0.8	NonTarget	1	239698
1198.575	0.8	NonTarget	1	239715
1198.655	0.8	NonTarget	1	239731
1198.74	0.8	NonTarget	1	239748
1199.14	0.8	NonTarget	1	239828
1199.225	0.8	NonTarget	1	239845
1199.305	0.8	NonTarget	1	239861
1199.39	0.8	NonTarget	1	239878
1199.475	0.8	NonTarget	1	239895
1199.555	0.8	NonTarget	1	239911
1199.64	0.8	NonTarget	1	239928
1199.725	0.8	NonTarget	1	239945
1199.805	0.8	NonTarget	1	239961
1199.89	0.8	NonTarget	1	239978
1199.975	0.8	NonTarget	1	239995
1200.06	0.8	NonTarget	1	240012
1200.14	0.8	NonTarget	1	240028
1200.225	0.8	NonTarget	1	240045
1200.31	0.8	NonTarget	1	240062
1200.39	0.8	NonTarget	1	240078
1200.475	0.8	NonTarget	1	240095
1200.56	0.8	NonTarget	1	240112
1200.64	0.8	NonTarget	1	240128
1200.725	0.8	NonTarget	1	240145
1200.81	0.8	Target	2	240162
1200.895	0.8	NonTarget	1	240179
1200.975	0.8	NonTarget	1	240195
1201.06	0.8	NonTarget	1	240212
1201.145	0.8	NonTarget	1	240229
1201.225	0.8	NonTarget	1	240245
1201.31	0.8	NonTarget	1	240262
1201.395	0.8	NonTarget	1	240279
1201.475	0.8	NonTarget	1	240295
1201.56	0.8	NonTarget	1	240312
1201.96	0.8	Target	2	240392
1202.045	0.8	NonTarget	1	240409
1202.13	0.8	NonTarget	1	240426
1202.21	0.8	NonTarget	1	240442
1202.295	0.8	NonTarget	1	240459
1202.38	0.8	NonTarget	1	240476
1202.46	0.8	NonTarget	1	240492
1202.545	0.8	NonTarget	1	240509
1202.63	0.8	NonTarget	1	240526
1202.71	0.8	NonTarget	1	240542
1202.795	0.8	NonTarget	1	240559
1202.88	0.8	NonTarget	1	240576
1202.96	0.8	NonTarget	1	240592
1203.045	0.8	NonTarget	1	240609
1203.13	0.8	NonTarget	1	240626
1203.21	0.8	NonTarget	1	240642
1203.295	0.8	NonTarget	1	240659
1203.38	0.8	NonTarget	1	240676
1203.465	0.8	NonTarget	1	240693
1203.545	0.8	NonTarget	1	240709
1203.63	0.8	NonTarget	1	240726
1203.71	0.8	NonTarget	1	240742
1203.795	0.8	NonTarget	1	240759
1203.88	0.8	NonTarget	1	240776
1203.965	0.8	NonTarget	1	240793
1204.045	0.8	NonTarget	1	240809
1204.13	0.8	NonTarget	1	240826
1204.215	0.8	NonTarget	1	240843
1204.295	0.8	NonTarget	1	240859
1204.38	0.8	NonTarget	1	240876
1204.78	0.8	NonTarget	1	240956
1204.865	0.8	NonTarget	1	240973
1204.95	0.8	NonTarget	1	240990
1205.03	0.8	NonTarget	1	241006
1205.115	0.8	NonTarget	1	241023
1205.2	0.8	Target	2	241040
1205.28	0.8	NonTarget	1	241056
1205.365	0.8	NonTarget	1	241073
1205.45	0.8	NonTarget	1	241090
1205.53	0.8	NonTarget	1	241106
1205.615	0.8	NonTarget	1	241123
1205.7	0.8	NonTarget	1	241140
1205.78	0.8	NonTarget	1	241156
1205.865	0.8	NonTarget	1	241173
1205.95	0.8	NonTarget	1	241190
1206.035	0.8	NonTarget	1	241207
1206.115	0.8	NonTarget	1	241223
1206.2	0.8	NonTarget	1	241240
1206.285	0.8	NonTarget	1	241257
1206.365	0.8	NonTarget	1	241273
1206.45	0.8	NonTarget	1	241290
1206.535	0.8	NonTarget	1	241307
1206.615	0.8	NonTarget	1	241323
1206.7	0.8	NonTarget	1	241340
1206.785	0.8	NonTarget	1	241357
1206.87	0.8	NonTarget	1	241374
1206.95	0.8	NonTarget	1	241390
1207.035	0.8	NonTarget	1	241407
1207.115	0.8	NonTarget	1	241423
1207.2	0.8	NonTarget	1	241440
1207.605	0.8	NonTarget	1	241521
1207.685	0.8	NonTarget	1	241537
1207.77	0.8	NonTarget	1	241554
1207.855	0.8	NonTarget	1	241571
1207.935	0.8	NonTarget	1	241587
1208.02	0.8	NonTarget	1	241604
1208.105	0.8	NonTarget	1	241621
1208.185	0.8	NonTarget	1	241637
1208.27	0.8	NonTarget	1	241654
1208.355	0.8	NonTarget	1	241671
1208.435	0.8	NonTarget	1	241687
1208.52	0.8	NonTarget	1	241704
1208.605	0.8	NonTarget	1	241721
1208.685	0.8	NonTarget	1	241737
1208.77	0.8	NonTarget	1	241754
1208.855	0.8	Target	2	241771
1208.935	0.8	NonTarget	1	241787
1209.02	0.8	NonTarget	1	241804
1209.105	0.8	NonTarget	1	241821
1209.19	0.8	NonTarget	1	241838
1209.27	0.8	NonTarget	1	241854
1209.355	0.8	NonTarget	1	241871
1209.435	0.8	NonTarget	1	241887
1209.52	0.8	NonTarget	1	241904
1209.605	0.8	NonTarget	1	241921
1209.685	0.8	NonTarget	1	241937
1209.77	0.8	NonTarget	1	241954
1209.855	0.8	NonTarget	1	241971
1209.94	0.8	NonTarget	1	241988
1210.02	0.8	NonTarget	1	242004
1210.425	0.8	NonTarget	1	242085
1210.505	0.8	NonTarget	1	242101
1210.59	0.8	NonTarget	1	242118
1210.675	0.8	NonTarget	1	242135
1210.755	0.8	NonTarget	1	242151
1210.84	0.8	NonTarget	1	242168
1210.925	0.8	NonTarget	1	242185
1211.005	0.8	NonTarget	1	242201
1211.09	0.8	NonTarget	1	242218
1211.175	0.8	NonTarget	1	242235
1211.255	0.8	NonTarget	1	242251
1211.34	0.8	NonTarget	1	242268
1211.425	0.8	NonTarget	1	242285
1211.51	0.8	NonTarget	1	242302
1211.59	0.8	NonTarget	1	242318
1211.675	0.8	Target	2	242335
1211.76	0.8	NonTarget	1	242352
1211.84	0.8	NonTarget	1	242368
1211.925	0.8	NonTarget	1	242385
1212.005	0.8	NonTarget	1	242401
1212.09	0.8	NonTarget	1	242418
1212.175	0.8	NonTarget	1	242435
1212.26	0.8	NonTarget	1	242452
1212.345	0.8	NonTarget	1	242469
1212.425	0.8	NonTarget	1	242485
1212.51	0.8	NonTarget	1	242502
1212.595	0.8	NonTarget	1	242519
1212.675	0.8	NonTarget	1	242535
1212.76	0.8	NonTarget	1	242552
1212.84	0.8	NonTarget	1	242568
1213.245	0.8	NonTarget	1	242649
1213.325	0.8	NonTarget	1	242665
1213.41	0.8	NonTarget	1	242682
1213.495	0.8	NonTarget	1	242699
1213.58	0.8	NonTarget	1	242716
1213.66	0.8	NonTarget	1	242732
1213.745	0.8	NonTarget	1	242749
1213.83	0.8	NonTarget	1	242766
1213.91	0.8	NonTarget	1	242782
1213.995	0.8	NonTarget	1	242799
1214.075	0.8	NonTarget	1	242815
1214.16	0.8	NonTarget	1	242832
1214.245	0.8	NonTarget	1	242849
1214.33	0.8	NonTarget	1	242866
1214.41	0.8	NonTarget	1	242882
1214.495	0.8	NonTarget	1	242899
1214.58	0.8	NonTarget	1	242916
1214.66	0.8	NonTarget	1	242932
1214.745	0.8	NonTarget	1	242949
1214.83	0.8	NonTarget	1	242966
1214.915	0.8	Target	2	242983
1214.995	0.8	NonTarget	1	242999
1215.08	0.8	NonTarget	1	243016
1215.165	0.8	NonTarget	1	243033
1215.245	0.8	NonTarget	1	243049
1215.33	0.8	NonTarget	1	243066
1215.415	0.8	NonTarget	1	243083
1215.495	0.8	NonTarget	1	243099
1215.58	0.8	NonTarget	1	243116
1215.665	0.8	NonTarget	1	243133
1216.065	0.8	Target	2	243213
1216.145	0.8	NonTarget	1	243229
1216.23	0.8	NonTarget	1	243246
1216.315	0.8	NonTarget	1	243263
1216.4	0.8	NonTarget	1	243280
1216.48	0.8	NonTarget	1	243296
1216.565	0.8	NonTarget	1	243313
1216.65	0.8	NonTarget	1	243330
1216.73	0.8	NonTarget	1	243346
1216.815	0.8	NonTarget	1	243363
1216.9	0.8	NonTarget	1	243380
1216.98	0.8	NonTarget	1	243396
1217.065	0.8	NonTarget	1	243413
1217.15	0.8	NonTarget	1	243430
1217.235	0.8	NonTarget	1	243447
1217.315	0.8	NonTarget	1	243463
1217.4	0.8	NonTarget	1	243480
1217.48	0.8	NonTarget	1	243496
1217.565	0.8	NonTarget	1	243513
1217.65	0.8	NonTarget	1	243530
1217.73	0.8	NonTarget	1	243546
1217.815	0.8	NonTarget	1	243563
1217.9	0.8	NonTarget	1	243580
1217.985	0.8	NonTarget	1	243597
1218.065	0.8	NonTarget	1	243613
1218.15	0.8	NonTarget	1	243630
1218.235	0.8	NonTarget	1	243647
1218.315	0.8	NonTarget	1	243663
1218.4	0.8	NonTarget	1	243680
1218.485	0.8	NonTarget	1	243697
1218.885	0.8	NonTarget	1	243777
1218.97	0.8	NonTarget	1	243794
1219.05	0.8	NonTarget	1	243810
1219.135	0.8	NonTarget	1	243827
1219.22	0.8	NonTarget	1	243844
1219.305	0.8	Target	2	243861
1219.385	0.8	NonTarget	1	243877
1219.47	0.8	NonTarget	1	243894
1219.555	0.8	NonTarget	1	243911
1219.635	0.8	NonTarget	1	243927
1219.72	0.8	NonTarget	1	243944
1219.8	0.8	NonTarget	1	243960
1219.885	0.8	NonTarget	1	243977
1219.97	0.8	NonTarget	1	243994
1220.05	0.8	NonTarget	1	244010
1220.135	0.8	NonTarget	1	244027
1220.22	0.8	NonTarget	1	244044
1220.305	0.8	NonTarget	1	244061
1220.385	0.8	NonTarget	1	244077
1220.47	0.8	NonTarget	1	244094
1220.555	0.8	NonTarget	1	244111
1220.635	0.8	NonTarget	1	244127
1220.72	0.8	NonTarget	1	244144
1220.805	0.8	NonTarget	1	244161
1220.885	0.8	NonTarget	1	244177
1220.97	0.8	NonTarget	1	244194
1221.055	0.8	NonTarget	1	244211
1221.14	0.8	NonTarget	1	244228
1221.22	0.8	NonTarget	1	244244
1221.305	0.8	NonTarget	1	244261
1231.19	0.8	NonTarget	1	246238
1231.27	0.8	NonTarget	1	246254
1231.35	0.8	NonTarget	1	246270
1231.435	0.8	NonTarget	1	246287
1231.52	0.8	NonTarget	1	246304
1231.6	0.8	NonTarget	1	246320
1231.685	0.8	NonTarget	1	246337
1231.77	0.8	NonTarget	1	246354
1231.855	0.8	NonTarget	1	246371
1231.935	0.8	NonTarget	1	246387
1232.02	0.8	Target	2	246404
1232.105	0.8	NonTarget	1	246421
1232.185	0.8	NonTarget	1	246437
1232.27	0.8	NonTarget	1	246454
1232.355	0.8	NonTarget	1	246471
1232.435	0.8	NonTarget	1	246487
1232.52	0.8	NonTarget	1	246504
1232.605	0.8	NonTarget	1	246521
1232.685	0.8	NonTarget	1	246537
1232.77	0.8	NonTarget	1	246554
1232.855	0.8	NonTarget	1	246571
1232.94	0.8	NonTarget	1	246588
1233.02	0.8	NonTarget	1	246604
1233.105	0.8	NonTarget	1	246621
1233.19	0.8	NonTarget	1	246638
1233.27	0.8	NonTarget	1	246654
1233.355	0.8	NonTarget	1	246671
1233.44	0.8	NonTarget	1	246688
1233.52	0.8	NonTarget	1	246704
1233.605	0.8	NonTarget	1	246721
1234.005	0.8	NonTarget	1	246801
1234.09	0.8	NonTarget	1	246818
1234.17	0.8	NonTarget	1	246834
1234.275	0.8	NonTarget	1	246855
1234.36	0.8	NonTarget	1	246872
1234.44	0.8	NonTarget	1	246888
1234.525	0.8	NonTarget	1	246905
1234.605	0.8	NonTarget	1	246921
1234.69	0.8	NonTarget	1	246938
1234.775	0.8	NonTarget	1	246955
1234.86	0.8	NonTarget	1	246972
1234.94	0.8	NonTarget	1	246988
1235.025	0.8	NonTarget	1	247005
1235.11	0.8	NonTarget	1	247022
1235.19	0.8	NonTarget	1	247038
1235.275	0.8	NonTarget	1	247055
1235.36	0.8	NonTarget	1	247072
1235.44	0.8	NonTarget	1	247088
1235.525	0.8	NonTarget	1	247105
1235.61	0.8	NonTarget	1	247122
1235.695	0.8	Target	2	247139
1235.775	0.8	NonTarget	1	247155
1235.86	0.8	NonTarget	1	247172
1235.945	0.8	NonTarget	1	247189
1236.025	0.8	NonTarget	1	247205
1236.11	0.8	NonTarget	1	247222
1236.19	0.8	NonTarget	1	247238
1236.275	0.8	NonTarget	1	247255
1236.36	0.8	NonTarget	1	247272
1236.44	0.8	NonTarget	1	247288
1236.845	0.8	Target	2	247369
1236.925	0.8	NonTarget	1	247385
1237.01	0.8	NonTarget	1	247402
1237.095	0.8	NonTarget	1	247419
1237.18	0.8	NonTarget	1	247436
1237.26	0.8	NonTarget	1	247452
1237.345	0.8	NonTarget	1	247469
1237.43	0.8	NonTarget	1	247486
1237.51	0.8	NonTarget	1	247502
1237.595	0.8	NonTarget	1	247519
1237.675	0.8	NonTarget	1	247535
1237.76	0.8	NonTarget	1	247552
1237.845	0.8	NonTarget	1	247569
1237.93	0.8	NonTarget	1	247586
1238.01	0.8	NonTarget	1	247602
1238.095	0.8	NonTarget	1	247619
1238.18	0.8	NonTarget	1	247636
1238.265	0.8	NonTarget	1	247653
1238.345	0.8	NonTarget	1	247669
1238.43	0.8	NonTarget	1	247686
1238.51	0.8	NonTarget	1	247702
1238.595	0.8	NonTarget	1	247719
1238.68	0.8	NonTarget	1	247736
1238.765	0.8	NonTarget	1	247753
1238.845	0.8	NonTarget	1	247769
1238.93	0.8	NonTarget	1	247786
1239.015	0.8	NonTarget	1	247803
1239.095	0.8	NonTarget	1	247819
1239.18	0.8	NonTarget	1	247836
1239.265	0.8	NonTarget	1	247853
1239.665	0.8	Target	2	247933
1239.745	0.8	NonTarget	1	247949
1239.83	0.8	NonTarget	1	247966
1239.915	0.8	NonTarget	1	247983
1239.995	0.8	NonTarget	1	247999
1240.08	0.8	NonTarget	1	248016
1240.165	0.8	NonTarget	1	248033
1240.245	0.8	NonTarget	1	248049
1240.33	0.8	NonTarget	1	248066
1240.415	0.8	NonTarget	1	248083
1240.5	0.8	NonTarget	1	248100
1240.58	0.8	NonTarget	1	248116
1240.665	0.8	NonTarget	1	248133
1240.75	0.8	NonTarget	1	248150
1240.835	0.8	NonTarget	1	248167
1240.915	0.8	NonTarget	1	248183
1241.0	0.8	NonTarget	1	248200
1241.08	0.8	NonTarget	1	248216
1241.165	0.8	NonTarget	1	248233
1241.25	0.8	NonTarget	1	248250
1241.33	0.8	NonTarget	1	248266
1241.415	0.8	NonTarget	1	248283
1241.5	0.8	NonTarget	1	248300
1241.585	0.8	NonTarget	1	248317
1241.665	0.8	NonTarget	1	248333
1241.75	0.8	NonTarget	1	248350
1241.835	0.8	NonTarget	1	248367
1241.915	0.8	NonTarget	1	248383
1242.0	0.8	NonTarget	1	248400
1242.085	0.8	NonTarget	1	248417
1242.485	0.8	NonTarget	1	248497
1242.57	0.8	NonTarget	1	248514
1242.65	0.8	NonTarget	1	248530
1242.735	0.8	NonTarget	1	248547
1242.82	0.8	NonTarget	1	248564
1242.905	0.8	NonTarget	1	248581
1242.985	0.8	NonTarget	1	248597
1243.07	0.8	NonTarget	1	248614
1243.15	0.8	NonTarget	1	248630
1243.235	0.8	NonTarget	1	248647
1243.32	0.8	NonTarget	1	248664
1243.405	0.8	NonTarget	1	248681
1243.485	0.8	NonTarget	1	248697
1243.57	0.8	NonTarget	1	248714
1243.65	0.8	NonTarget	1	248730
1243.735	0.8	NonTarget	1	248747
1243.82	0.8	NonTarget	1	248764
1243.905	0.8	NonTarget	1	248781
1243.985	0.8	NonTarget	1	248797
1244.07	0.8	NonTarget	1	248814
1244.155	0.8	NonTarget	1	248831
1244.235	0.8	NonTarget	1	248847
1244.32	0.8	NonTarget	1	248864
1244.405	0.8	NonTarget	1	248881
1244.485	0.8	NonTarget	1	248897
1244.57	0.8	Target	2	248914
1244.655	0.8	NonTarget	1	248931
1244.735	0.8	NonTarget	1	248947
1244.825	0.8	NonTarget	1	248965
1244.905	0.8	NonTarget	1	248981
1245.305	0.8	NonTarget	1	249061
1245.39	0.8	NonTarget	1	249078
1245.47	0.8	NonTarget	1	249094
1245.555	0.8	NonTarget	1	249111
1245.64	0.8	NonTarget	1	249128
1245.72	0.8	NonTarget	1	249144
1245.805	0.8	NonTarget	1	249161
1245.89	0.8	NonTarget	1	249178
1245.975	0.8	NonTarget	1	249195
1246.055	0.8	NonTarget	1	249211
1246.14	0.8	Target	2	249228
1246.225	0.8	NonTarget	1	249245
1246.305	0.8	NonTarget	1	249261
1246.39	0.8	NonTarget	1	249278
1246.475	0.8	NonTarget	1	249295
1246.56	0.8	NonTarget	1	249312
1246.64	0.8	NonTarget	1	249328
1246.725	0.8	NonTarget	1	249345
1246.805	0.8	NonTarget	1	249361
1246.89	0.8	NonTarget	1	249378
1246.975	0.8	NonTarget	1	249395
1247.06	0.8	NonTarget	1	249412
1247.14	0.8	NonTarget	1	249428
1247.225	0.8	NonTarget	1	249445
1247.31	0.8	NonTarget	1	249462
1247.39	0.8	NonTarget	1	249478
1247.475	0.8	NonTarget	1	249495
1247.56	0.8	NonTarget	1	249512
1247.64	0.8	NonTarget	1	249528
1247.725	0.8	NonTarget	1	249545
1248.125	0.8	NonTarget	1	249625
1248.21	0.8	NonTarget	1	249642
1248.295	0.8	NonTarget	1	249659
1248.375	0.8	NonTarget	1	249675
1248.46	0.8	NonTarget	1	249692
1248.545	0.8	NonTarget	1	249709
1248.625	0.8	NonTarget	1	249725
1248.71	0.8	NonTarget	1	249742
1248.795	0.8	NonTarget	1	249759
1248.875	0.8	NonTarget	1	249775
1248.96	0.8	NonTarget	1	249792
1249.045	0.8	NonTarget	1	249809
1249.125	0.8	NonTarget	1	249825
1249.21	0.8	NonTarget	1	249842
1249.295	0.8	NonTarget	1	249859
1249.38	0.8	NonTarget	1	249876
1249.46	0.8	NonTarget	1	249892
1249.545	0.8	NonTarget	1	249909
1249.63	0.8	NonTarget	1	249926
1249.71	0.8	NonTarget	1	249942
1249.795	0.8	NonTarget	1	249959
1249.88	0.8	NonTarget	1	249976
1249.96	0.8	NonTarget	1	249992
1250.045	0.8	NonTarget	1	250009
1250.13	0.8	NonTarget	1	250026
1250.21	0.8	Target	2	250042
1250.295	0.8	NonTarget	1	250059
1250.38	0.8	NonTarget	1	250076
1250.465	0.8	NonTarget	1	250093
1250.545	0.8	NonTarget	1	250109
1250.945	0.8	NonTarget	1	250189
1251.03	0.8	NonTarget	1	250206
1251.115	0.8	NonTarget	1	250223
1251.195	0.8	NonTarget	1	250239
1251.28	0.8	NonTarget	1	250256
1251.365	0.8	NonTarget	1	250273
1251.445	0.8	NonTarget	1	250289
1251.53	0.8	NonTarget	1	250306
1251.615	0.8	NonTarget	1	250323
1251.7	0.8	NonTarget	1	250340
1251.78	0.8	NonTarget	1	250356
1251.865	0.8	NonTarget	1	250373
1251.945	0.8	NonTarget	1	250389
1252.03	0.8	NonTarget	1	250406
1252.115	0.8	NonTarget	1	250423
1252.2	0.8	Target	2	250440
1252.28	0.8	NonTarget	1	250456
1252.365	0.8	NonTarget	1	250473
1252.45	0.8	NonTarget	1	250490
1252.53	0.8	NonTarget	1	250506
1252.615	0.8	NonTarget	1	250523
1252.7	0.8	NonTarget	1	250540
1252.785	0.8	NonTarget	1	250557
1252.865	0.8	NonTarget	1	250573
1252.95	0.8	NonTarget	1	250590
1253.035	0.8	NonTarget	1	250607
1253.115	0.8	NonTarget	1	250623
1253.2	0.8	NonTarget	1	250640
1253.285	0.8	NonTarget	1	250657
1253.365	0.8	NonTarget	1	250673
1253.77	0.8	NonTarget	1	250754
1253.85	0.8	NonTarget	1	250770
1253.935	0.8	NonTarget	1	250787
1254.02	0.8	NonTarget	1	250804
1254.1	0.8	NonTarget	1	250820
1254.185	0.8	NonTarget	1	250837
1254.265	0.8	NonTarget	1	250853
1254.35	0.8	NonTarget	1	250870
1254.435	0.8	NonTarget	1	250887
1254.52	0.8	NonTarget	1	250904
1254.6	0.8	NonTarget	1	250920
1254.685	0.8	NonTarget	1	250937
1254.77	0.8	NonTarget	1	250954
1254.85	0.8	NonTarget	1	250970
1254.935	0.8	NonTarget	1	250987
1255.02	0.8	Target	2	251004
1255.105	0.8	NonTarget	1	251021
1255.185	0.8	NonTarget	1	251037
1255.27	0.8	NonTarget	1	251054
1255.35	0.8	NonTarget	1	251070
1255.435	0.8	NonTarget	1	251087
1255.52	0.8	NonTarget	1	251104
1255.605	0.8	NonTarget	1	251121
1255.685	0.8	NonTarget	1	251137
1255.77	0.8	NonTarget	1	251154
1255.855	0.8	NonTarget	1	251171
1255.935	0.8	NonTarget	1	251187
1256.02	0.8	NonTarget	1	251204
1256.105	0.8	NonTarget	1	251221
1256.185	0.8	NonTarget	1	251237
1256.585	0.8	NonTarget	1	251317
1256.67	0.8	NonTarget	1	251334
1256.755	0.8	NonTarget	1	251351
1256.84	0.8	NonTarget	1	251368
1256.92	0.8	NonTarget	1	251384
1257.005	0.8	NonTarget	1	251401
1257.09	0.8	NonTarget	1	251418
1257.17	0.8	NonTarget	1	251434
1257.255	0.8	NonTarget	1	251451
1257.34	0.8	NonTarget	1	251468
1257.425	0.8	NonTarget	1	251485
1257.505	0.8	NonTarget	1	251501
1257.59	0.8	NonTarget	1	251518
1257.67	0.8	NonTarget	1	251534
1257.755	0.8	NonTarget	1	251551
1257.84	0.8	Target	2	251568
1257.925	0.8	NonTarget	1	251585
1258.005	0.8	NonTarget	1	251601
1258.09	0.8	NonTarget	1	251618
1258.175	0.8	NonTarget	1	251635
1258.255	0.8	NonTarget	1	251651
1258.34	0.8	NonTarget	1	251668
1258.425	0.8	NonTarget	1	251685
1258.505	0.8	NonTarget	1	251701
1258.59	0.8	NonTarget	1	251718
1258.675	0.8	NonTarget	1	251735
1258.76	0.8	NonTarget	1	251752
1258.84	0.8	NonTarget	1	251768
1258.925	0.8	NonTarget	1	251785
1259.01	0.8	NonTarget	1	251802
1268.89	0.8	NonTarget	1	253778
1268.97	0.8	NonTarget	1	253794
1269.055	0.8	NonTarget	1	253811
1269.14	0.8	NonTarget	1	253828
1269.22	0.8	NonTarget	1	253844
1269.31	0.8	NonTarget	1	253862
1269.39	0.8	NonTarget	1	253878
1269.475	0.8	Target	2	253895
1269.555	0.8	NonTarget	1	253911
1269.64	0.8	NonTarget	1	253928
1269.725	0.8	NonTarget	1	253945
1269.805	0.8	NonTarget	1	253961
1269.89	0.8	NonTarget	1	253978
1269.975	0.8	NonTarget	1	253995
1270.06	0.8	NonTarget	1	254012
1270.14	0.8	NonTarget	1	254028
1270.22	0.8	NonTarget	1	254044
1270.305	0.8	NonTarget	1	254061
1270.39	0.8	NonTarget	1	254078
1270.475	0.8	NonTarget	1	254095
1270.56	0.8	NonTarget	1	254112
1270.64	0.8	NonTarget	1	254128
1270.725	0.8	NonTarget	1	254145
1270.81	0.8	NonTarget	1	254162
1270.89	0.8	NonTarget	1	254178
1270.975	0.8	NonTarget	1	254195
1271.06	0.8	NonTarget	1	254212
1271.14	0.8	NonTarget	1	254228
1271.225	0.8	NonTarget	1	254245
1271.31	0.8	NonTarget	1	254262
1271.71	0.8	NonTarget	1	254342
1271.795	0.8	NonTarget	1	254359
1271.875	0.8	NonTarget	1	254375
1271.96	0.8	NonTarget	1	254392
1272.045	0.8	NonTarget	1	254409
1272.125	0.8	NonTarget	1	254425
1272.21	0.8	NonTarget	1	254442
1272.295	0.8	Target	2	254459
1272.38	0.8	NonTarget	1	254476
1272.46	0.8	NonTarget	1	254492
1272.545	0.8	NonTarget	1	254509
1272.625	0.8	NonTarget	1	254525
1272.71	0.8	NonTarget	1	254542
1272.795	0.8	NonTarget	1	254559
1272.88	0.8	NonTarget	1	254576
1272.96	0.8	NonTarget	1	254592
1273.045	0.8	NonTarget	1	254609
1273.125	0.8	NonTarget	1	254625
1273.21	0.8	NonTarget	1	254642
1273.295	0.8	NonTarget	1	254659
1273.38	0.8	NonTarget	1	254676
1273.46	0.8	NonTarget	1	254692
1273.545	0.8	NonTarget	1	254709
1273.63	0.8	NonTarget	1	254726
1273.71	0.8	NonTarget	1	254742
1273.795	0.8	NonTarget	1	254759
1273.875	0.8	NonTarget	1	254775
1273.965	0.8	NonTarget	1	254793
1274.045	0.8	NonTarget	1	254809
1274.13	0.8	NonTarget	1	254826
1274.53	0.8	NonTarget	1	254906
1274.615	0.8	NonTarget	1	254923
1274.7	0.8	NonTarget	1	254940
1274.78	0.8	NonTarget	1	254956
1274.865	0.8	NonTarget	1	254973
1274.945	0.8	NonTarget	1	254989
1275.03	0.8	NonTarget	1	255006
1275.115	0.8	NonTarget	1	255023
1275.2	0.8	NonTarget	1	255040
1275.28	0.8	NonTarget	1	255056
1275.365	0.8	NonTarget	1	255073
1275.45	0.8	NonTarget	1	255090
1275.53	0.8	NonTarget	1	255106
1275.615	0.8	NonTarget	1	255123
1275.7	0.8	NonTarget	1	255140
1275.78	0.8	NonTarget	1	255156
1275.865	0.8	NonTarget	1	255173
1275.95	0.8	NonTarget	1	255190
1276.03	0.8	NonTarget	1	255206
1276.115	0.8	NonTarget	1	255223
1276.2	0.8	NonTarget	1	255240
1276.285	0.8	NonTarget	1	255257
1276.365	0.8	NonTarget	1	255273
1276.45	0.8	NonTarget	1	255290
1276.53	0.8	NonTarget	1	255306
1276.615	0.8	NonTarget	1	255323
1276.7	0.8	NonTarget	1	255340
1276.785	0.8	Target	2	255357
1276.865	0.8	NonTarget	1	255373
1276.95	0.8	NonTarget	1	255390
1277.35	0.8	NonTarget	1	255470
1277.435	0.8	NonTarget	1	255487
1277.52	0.8	NonTarget	1	255504
1277.6	0.8	NonTarget	1	255520
1277.685	0.8	NonTarget	1	255537
1277.77	0.8	NonTarget	1	255554
1277.85	0.8	NonTarget	1	255570
1277.935	0.8	NonTarget	1	255587
1278.02	0.8	NonTarget	1	255604
1278.105	0.8	NonTarget	1	255621
1278.185	0.8	NonTarget	1	255637
1278.27	0.8	NonTarget	1	255654
1278.35	0.8	NonTarget	1	255670
1278.435	0.8	NonTarget	1	255687
1278.52	0.8	NonTarget	1	255704
1278.605	0.8	NonTarget	1	255721
1278.685	0.8	NonTarget	1	255737
1278.77	0.8	Target	2	255754
1278.855	0.8	NonTarget	1	255771
1278.935	0.8	NonTarget	1	255787
1279.02	0.8	NonTarget	1	255804
1279.105	0.8	NonTarget	1	255821
1279.185	0.8	NonTarget	1	255837
1279.27	0.8	NonTarget	1	255854
1279.355	0.8	NonTarget	1	255871
1279.435	0.8	NonTarget	1	255887
1279.52	0.8	NonTarget	1	255904
1279.605	0.8	NonTarget	1	255921
1279.685	0.8	NonTarget	1	255937
1279.77	0.8	NonTarget	1	255954
1280.17	0.8	NonTarget	1	256034
1280.255	0.8	NonTarget	1	256051
1280.34	0.8	NonTarget	1	256068
1280.425	0.8	NonTarget	1	256085
1280.505	0.8	NonTarget	1	256101
1280.59	0.8	NonTarget	1	256118
1280.67	0.8	NonTarget	1	256134
1280.755	0.8	NonTarget	1	256151
1280.84	0.8	NonTarget	1	256168
1280.92	0.8	NonTarget	1	256184
1281.005	0.8	NonTarget	1	256201
1281.09	0.8	NonTarget	1	256218
1281.175	0.8	NonTarget	1	256235
1281.255	0.8	NonTarget	1	256251
1281.34	0.8	NonTarget	1	256268
1281.425	0.8	NonTarget	1	256285
1281.505	0.8	NonTarget	1	256301
1281.59	0.8	NonTarget	1	256318
1281.675	0.8	NonTarget	1	256335
1281.755	0.8	NonTarget	1	256351
1281.84	0.8	NonTarget	1	256368
1281.925	0.8	NonTarget	1	256385
1282.005	0.8	Target	2	256401
1282.09	0.8	NonTarget	1	256418
1282.175	0.8	NonTarget	1	256435
1282.255	0.8	NonTarget	1	256451
1282.34	0.8	NonTarget	1	256468
1282.425	0.8	NonTarget	1	256485
1282.51	0.8	NonTarget	1	256502
1282.59	0.8	NonTarget	1	256518
1282.99	0.8	NonTarget	1	256598
1283.075	0.8	NonTarget	1	256615
1283.16	0.8	NonTarget	1	256632
1283.24	0.8	NonTarget	1	256648
1283.325	0.8	NonTarget	1	256665
1283.41	0.8	NonTarget	1	256682
1283.49	0.8	NonTarget	1	256698
1283.575	0.8	Target	2	256715
1283.66	0.8	NonTarget	1	256732
1283.745	0.8	NonTarget	1	256749
1283.825	0.8	NonTarget	1	256765
1283.91	0.8	NonTarget	1	256782
1283.995	0.8	NonTarget	1	256799
1284.08	0.8	NonTarget	1	256816
1284.16	0.8	NonTarget	1	256832
1284.24	0.8	NonTarget	1	256848
1284.325	0.8	NonTarget	1	256865
1284.41	0.8	NonTarget	1	256882
1284.495	0.8	NonTarget	1	256899
1284.575	0.8	NonTarget	1	256915
1284.66	0.8	NonTarget	1	256932
1284.745	0.8	NonTarget	1	256949
1284.83	0.8	NonTarget	1	256966
1284.91	0.8	NonTarget	1	256982
1284.995	0.8	NonTarget	1	256999
1285.08	0.8	NonTarget	1	257016
1285.16	0.8	NonTarget	1	257032
1285.245	0.8	NonTarget	1	257049
1285.33	0.8	NonTarget	1	257066
1285.415	0.8	NonTarget	1	257083
1285.81	0.8	NonTarget	1	257162
1285.895	0.8	NonTarget	1	257179
1285.98	0.8	NonTarget	1	257196
1286.065	0.8	NonTarget	1	257213
1286.15	0.8	NonTarget	1	257230
1286.23	0.8	NonTarget	1	257246
1286.315	0.8	NonTarget	1	257263
1286.395	0.8	NonTarget	1	257279
1286.48	0.8	NonTarget	1	257296
1286.56	0.8	NonTarget	1	257312
1286.645	0.8	NonTarget	1	257329
1286.73	0.8	NonTarget	1	257346
1286.815	0.8	NonTarget	1	257363
1286.9	0.8	NonTarget	1	257380
1286.98	0.8	NonTarget	1	257396
1287.065	0.8	NonTarget	1	257413
1287.15	0.8	NonTarget	1	257430
1287.23	0.8	NonTarget	1	257446
1287.315	0.8	NonTarget	1	257463
1287.4	0.8	NonTarget	1	257480
1287.48	0.8	NonTarget	1	257496
1287.565	0.8	NonTarget	1	257513
1287.65	0.8	Target	2	257530
1287.73	0.8	NonTarget	1	257546
1287.815	0.8	NonTarget	1	257563
1287.9	0.8	NonTarget	1	257580
1287.985	0.8	NonTarget	1	257597
1288.065	0.8	NonTarget	1	257613
1288.15	0.8	NonTarget	1	257630
1288.23	0.8	NonTarget	1	257646
1288.635	0.8	NonTarget	1	257727
1288.715	0.8	NonTarget	1	257743
1288.8	0.8	NonTarget	1	257760
1288.885	0.8	NonTarget	1	257777
1288.965	0.8	NonTarget	1	257793
1289.05	0.8	NonTarget	1	257810
1289.135	0.8	NonTarget	1	257827
1289.22	0.8	NonTarget	1	257844
1289.3	0.8	NonTarget	1	257860
1289.385	0.8	NonTarget	1	257877
1289.47	0.8	NonTarget	1	257894
1289.55	0.8	NonTarget	1	257910
1289.635	0.8	NonTarget	1	257927
1289.72	0.8	NonTarget	1	257944
1289.8	0.8	NonTarget	1	257960
1289.885	0.8	NonTarget	1	257977
1289.97	0.8	NonTarget	1	257994
1290.055	0.8	NonTarget	1	258011
1290.135	0.8	NonTarget	1	258027
1290.22	0.8	NonTarget	1	258044
1290.305	0.8	NonTarget	1	258061
1290.385	0.8	NonTarget	1	258077
1290.47	0.8	NonTarget	1	258094
1290.555	0.8	NonTarget	1	258111
1290.635	0.8	NonTarget	1	258127
1290.72	0.8	NonTarget	1	258144
1290.805	0.8	NonTarget	1	258161
1290.885	0.8	Target	2	258177
1290.97	0.8	NonTarget	1	258194
1291.055	0.8	NonTarget	1	258211
1291.455	0.8	NonTarget	1	258291
1291.54	0.8	NonTarget	1	258308
1291.62	0.8	NonTarget	1	258324
1291.705	0.8	NonTarget	1	258341
1291.79	0.8	NonTarget	1	258358
1291.87	0.8	NonTarget	1	258374
1291.955	0.8	NonTarget	1	258391
1292.04	0.8	NonTarget	1	258408
1292.12	0.8	NonTarget	1	258424
1292.205	0.8	NonTarget	1	258441
1292.285	0.8	NonTarget	1	258457
1292.375	0.8	NonTarget	1	258475
1292.455	0.8	NonTarget	1	258491
1292.54	0.8	NonTarget	1	258508
1292.62	0.8	NonTarget	1	258524
1292.705	0.8	NonTarget	1	258541
1292.79	0.8	NonTarget	1	258558
1292.875	0.8	NonTarget	1	258575
1292.955	0.8	NonTarget	1	258591
1293.04	0.8	NonTarget	1	258608
1293.125	0.8	NonTarget	1	258625
1293.205	0.8	NonTarget	1	258641
1293.29	0.8	Target	2	258658
1293.375	0.8	NonTarget	1	258675
1293.455	0.8	NonTarget	1	258691
1293.54	0.8	NonTarget	1	258708
1293.625	0.8	NonTarget	1	258725
1293.71	0.8	NonTarget	1	258742
1293.79	0.8	NonTarget	1	258758
1293.875	0.8	NonTarget	1	258775
1294.275	0.8	NonTarget	1	258855
1294.355	0.8	NonTarget	1	258871
1294.445	0.8	NonTarget	1	258889
1294.525	0.8	NonTarget	1	258905
1294.61	0.8	NonTarget	1	258922
1294.69	0.8	NonTarget	1	258938
1294.775	0.8	NonTarget	1	258955
1294.86	0.8	NonTarget	1	258972
1294.945	0.8	NonTarget	1	258989
1295.025	0.8	NonTarget	1	259005
1295.11	0.8	NonTarget	1	259022
1295.19	0.8	NonTarget	1	259038
1295.275	0.8	NonTarget	1	259055
1295.36	0.8	NonTarget	1	259072
1295.445	0.8	NonTarget	1	259089
1295.525	0.8	NonTarget	1	259105
1295.61	0.8	NonTarget	1	259122
1295.695	0.8	Target	2	259139
1295.78	0.8	NonTarget	1	259156
1295.86	0.8	NonTarget	1	259172
1295.945	0.8	NonTarget	1	259189
1296.025	0.8	NonTarget	1	259205
1296.11	0.8	NonTarget	1	259222
1296.195	0.8	NonTarget	1	259239
1296.275	0.8	NonTarget	1	259255
1296.36	0.8	NonTarget	1	259272
1296.445	0.8	NonTarget	1	259289
1296.53	0.8	NonTarget	1	259306
1296.61	0.8	NonTarget	1	259322
1296.695	0.8	NonTarget	1	259339
1306.565	0.8	NonTarget	1	261313
1306.64	0.8	NonTarget	1	261328
1306.725	0.8	NonTarget	1	261345
1306.81	0.8	NonTarget	1	261362
1306.89	0.8	NonTarget	1	261378
1306.975	0.8	NonTarget	1	261395
1307.06	0.8	NonTarget	1	261412
1307.14	0.8	NonTarget	1	261428
1307.225	0.8	NonTarget	1	261445
1307.31	0.8	NonTarget	1	261462
1307.395	0.8	NonTarget	1	261479
1307.475	0.8	NonTarget	1	261495
1307.56	0.8	NonTarget	1	261512
1307.645	0.8	NonTarget	1	261529
1307.725	0.8	NonTarget	1	261545
1307.81	0.8	NonTarget	1	261562
1307.895	0.8	NonTarget	1	261579
1307.98	0.8	NonTarget	1	261596
1308.06	0.8	NonTarget	1	261612
1308.145	0.8	NonTarget	1	261629
1308.23	0.8	NonTarget	1	261646
1308.31	0.8	NonTarget	1	261662
1308.395	0.8	NonTarget	1	261679
1308.48	0.8	Target	2	261696
1308.56	0.8	NonTarget	1	261712
1308.645	0.8	NonTarget	1	261729
1308.73	0.8	NonTarget	1	261746
1308.81	0.8	NonTarget	1	261762
1308.895	0.8	NonTarget	1	261779
1308.98	0.8	NonTarget	1	261796
1309.38	0.8	NonTarget	1	261876
1309.465	0.8	NonTarget	1	261893
1309.545	0.8	NonTarget	1	261909
1309.63	0.8	NonTarget	1	261926
1309.715	0.8	NonTarget	1	261943
1309.8	0.8	NonTarget	1	261960
1309.88	0.8	NonTarget	1	261976
1309.965	0.8	NonTarget	1	261993
1310.045	0.8	Target	2	262009
1310.13	0.8	NonTarget	1	262026
1310.215	0.8	NonTarget	1	262043
1310.3	0.8	NonTarget	1	262060
1310.38	0.8	NonTarget	1	262076
1310.465	0.8	NonTarget	1	262093
1310.545	0.8	NonTarget	1	262109
1310.63	0.8	NonTarget	1	262126
1310.715	0.8	NonTarget	1	262143
1310.795	0.8	NonTarget	1	262159
1310.88	0.8	NonTarget	1	262176
1310.965	0.8	NonTarget	1	262193
1311.05	0.8	NonTarget	1	262210
1311.13	0.8	NonTarget	1	262226
1311.215	0.8	NonTarget	1	262243
1311.3	0.8	NonTarget	1	262260
1311.38	0.8	NonTarget	1	262276
1311.465	0.8	NonTarget	1	262293
1311.55	0.8	NonTarget	1	262310
1311.635	0.8	NonTarget	1	262327
1311.715	0.8	NonTarget	1	262343
1311.8	0.8	NonTarget	1	262360
1312.2	0.8	NonTarget	1	262440
1312.285	0.8	NonTarget	1	262457
1312.365	0.8	NonTarget	1	262473
1312.45	0.8	NonTarget	1	262490
1312.535	0.8	NonTarget	1	262507
1312.615	0.8	NonTarget	1	262523
1312.7	0.8	NonTarget	1	262540
1312.785	0.8	NonTarget	1	262557
1312.87	0.8	NonTarget	1	262574
1312.95	0.8	NonTarget	1	262590
1313.035	0.8	NonTarget	1	262607
1313.12	0.8	NonTarget	1	262624
1313.2	0.8	NonTarget	1	262640
1313.285	0.8	NonTarget	1	262657
1313.365	0.8	NonTarget	1	262673
1313.45	0.8	NonTarget	1	262690
1313.535	0.8	NonTarget	1	262707
1313.62	0.8	NonTarget	1	262724
1313.7	0.8	Target	2	262740
1313.785	0.8	NonTarget	1	262757
1313.87	0.8	NonTarget	1	262774
1313.95	0.8	NonTarget	1	262790
1314.035	0.8	NonTarget	1	262807
1314.12	0.8	NonTarget	1	262824
1314.2	0.8	NonTarget	1	262840
1314.285	0.8	NonTarget	1	262857
1314.37	0.8	NonTarget	1	262874
1314.455	0.8	NonTarget	1	262891
1314.535	0.8	NonTarget	1	262907
1314.62	0.8	NonTarget	1	262924
1315.02	0.8	NonTarget	1	263004
1315.105	0.8	NonTarget	1	263021
1315.19	0.8	NonTarget	1	263038
1315.27	0.8	NonTarget	1	263054
1315.355	0.8	NonTarget	1	263071
1315.435	0.8	NonTarget	1	263087
1315.52	0.8	NonTarget	1	263104
1315.605	0.8	NonTarget	1	263121
1315.69	0.8	NonTarget	1	263138
1315.77	0.8	NonTarget	1	263154
1315.855	0.8	NonTarget	1	263171
1315.94	0.8	NonTarget	1	263188
1316.025	0.8	NonTarget	1	263205
1316.105	0.8	NonTarget	1	263221
1316.19	0.8	NonTarget	1	263238
1316.27	0.8	NonTarget	1	263254
1316.355	0.8	NonTarget	1	263271
1316.44	0.8	NonTarget	1	263288
1316.525	0.8	NonTarget	1	263305
1316.605	0.8	NonTarget	1	263321
1316.69	0.8	NonTarget	1	263338
1316.775	0.8	NonTarget	1	263355
1316.855	0.8	NonTarget	1	263371
1316.94	0.8	Target	2	263388
1317.025	0.8	NonTarget	1	263405
1317.105	0.8	NonTarget	1	263421
1317.19	0.8	NonTarget	1	263438
1317.275	0.8	NonTarget	1	263455
1317.355	0.8	NonTarget	1	263471
1317.44	0.8	NonTarget	1	263488
1317.84	0.8	NonTarget	1	263568
1317.925	0.8	NonTarget	1	263585
1318.01	0.8	NonTarget	1	263602
1318.095	0.8	NonTarget	1	263619
1318.175	0.8	NonTarget	1	263635
1318.26	0.8	NonTarget	1	263652
1318.34	0.8	NonTarget	1	263668
1318.425	0.8	NonTarget	1	263685
1318.51	0.8	Target	2	263702
1318.59	0.8	NonTarget	1	263718
1318.675	0.8	NonTarget	1	263735
1318.76	0.8	NonTarget	1	263752
1318.84	0.8	NonTarget	1	263768
1318.925	0.8	NonTarget	1	263785
1319.01	0.8	NonTarget	1	263802
1319.095	0.8	NonTarget	1	263819
1319.175	0.8	NonTarget	1	263835
1319.26	0.8	NonTarget	1	263852
1319.345	0.8	NonTarget	1	263869
1319.43	0.8	NonTarget	1	263886
1319.51	0.8	NonTarget	1	263902
1319.59	0.8	NonTarget	1	263918
1319.675	0.8	NonTarget	1	263935
1319.76	0.8	NonTarget	1	263952
1319.845	0.8	NonTarget	1	263969
1319.925	0.8	NonTarget	1	263985
1320.01	0.8	NonTarget	1	264002
1320.095	0.8	NonTarget	1	264019
1320.18	0.8	NonTarget	1	264036
1320.26	0.8	NonTarget	1	264052
1320.66	0.8	NonTarget	1	264132
1320.745	0.8	NonTarget	1	264149
1320.83	0.8	NonTarget	1	264166
1320.915	0.8	NonTarget	1	264183
1320.995	0.8	NonTarget	1	264199
1321.08	0.8	NonTarget	1	264216
1321.16	0.8	NonTarget	1	264232
1321.245	0.8	NonTarget	1	264249
1321.33	0.8	NonTarget	1	264266
1321.415	0.8	NonTarget	1	264283
1321.495	0.8	NonTarget	1	264299
1321.58	0.8	NonTarget	1	264316
1321.665	0.8	NonTarget	1	264333
1321.745	0.8	NonTarget	1	264349
1321.83	0.8	NonTarget	1	264366
1321.915	0.8	NonTarget	1	264383
1321.995	0.8	NonTarget	1	264399
1322.08	0.8	NonTarget	1	264416
1322.165	0.8	NonTarget	1	264433
1322.245	0.8	NonTarget	1	264449
1322.33	0.8	NonTarget	1	264466
1322.415	0.8	NonTarget	1	264483
1322.5	0.8	NonTarget	1	264500
1322.58	0.8	Target	2	264516
1322.665	0.8	NonTarget	1	264533
1322.75	0.8	NonTarget	1	264550
1322.83	0.8	NonTarget	1	264566
1322.915	0.8	NonTarget	1	264583
1323.0	0.8	NonTarget	1	264600
1323.085	0.8	NonTarget	1	264617
1323.48	0.8	NonTarget	1	264696
1323.565	0.8	NonTarget	1	264713
1323.65	0.8	NonTarget	1	264730
1323.735	0.8	NonTarget	1	264747
1323.815	0.8	NonTarget	1	264763
1323.9	0.8	NonTarget	1	264780
1323.985	0.8	NonTarget	1	264797
1324.07	0.8	NonTarget	1	264814
1324.15	0.8	NonTarget	1	264830
1324.235	0.8	NonTarget	1	264847
1324.315	0.8	NonTarget	1	264863
1324.4	0.8	NonTarget	1	264880
1324.485	0.8	NonTarget	1	264897
1324.565	0.8	NonTarget	1	264913
1324.65	0.8	NonTarget	1	264930
1324.735	0.8	NonTarget	1	264947
1324.82	0.8	NonTarget	1	264964
1324.9	0.8	NonTarget	1	264980
1324.985	0.8	NonTarget	1	264997
1325.07	0.8	NonTarget	1	265014
1325.15	0.8	NonTarget	1	265030
1325.235	0.8	NonTarget	1	265047
1325.32	0.8	NonTarget	1	265064
1325.4	0.8	Target	2	265080
1325.485	0.8	NonTarget	1	265097
1325.57	0.8	NonTarget	1	265114
1325.65	0.8	NonTarget	1	265130
1325.735	0.8	NonTarget	1	265147
1325.82	0.8	NonTarget	1	265164
1325.9	0.8	NonTarget	1	265180
1326.305	0.8	NonTarget	1	265261
1326.39	0.8	NonTarget	1	265278
1326.47	0.8	NonTarget	1	265294
1326.555	0.8	NonTarget	1	265311
1326.64	0.8	NonTarget	1	265328
1326.72	0.8	NonTarget	1	265344
1326.805	0.8	NonTarget	1	265361
1326.885	0.8	NonTarget	1	265377
1326.97	0.8	NonTarget	1	265394
1327.055	0.8	NonTarget	1	265411
1327.14	0.8	NonTarget	1	265428
1327.22	0.8	NonTarget	1	265444
1327.305	0.8	NonTarget	1	265461
1327.39	0.8	NonTarget	1	265478
1327.47	0.8	NonTarget	1	265494
1327.555	0.8	NonTarget	1	265511
1327.635	0.8	NonTarget	1	265527
1327.72	0.8	NonTarget	1	265544
1327.805	0.8	NonTarget	1	265561
1327.89	0.8	NonTarget	1	265578
1327.97	0.8	NonTarget	1	265594
1328.055	0.8	NonTarget	1	265611
1328.14	0.8	NonTarget	1	265628
1328.225	0.8	Target	2	265645
1328.305	0.8	NonTarget	1	265661
1328.39	0.8	NonTarget	1	265678
1328.475	0.8	NonTarget	1	265695
1328.555	0.8	NonTarget	1	265711
1328.64	0.8	NonTarget	1	265728
1328.725	0.8	NonTarget	1	265745
1329.125	0.8	NonTarget	1	265825
1329.21	0.8	NonTarget	1	265842
1329.29	0.8	NonTarget	1	265858
1329.375	0.8	NonTarget	1	265875
1329.46	0.8	NonTarget	1	265892
1329.54	0.8	NonTarget	1	265908
1329.625	0.8	NonTarget	1	265925
1329.71	0.8	NonTarget	1	265942
1329.79	0.8	Target	2	265958
1329.875	0.8	NonTarget	1	265975
1329.96	0.8	NonTarget	1	265992
1330.04	0.8	NonTarget	1	266008
1330.125	0.8	NonTarget	1	266025
1330.21	0.8	NonTarget	1	266042
1330.29	0.8	NonTarget	1	266058
1330.375	0.8	NonTarget	1	266075
1330.46	0.8	NonTarget	1	266092
1330.545	0.8	NonTarget	1	266109
1330.625	0.8	NonTarget	1	266125
1330.71	0.8	NonTarget	1	266142
1330.79	0.8	NonTarget	1	266158
1330.875	0.8	NonTarget	1	266175
1330.96	0.8	NonTarget	1	266192
1331.045	0.8	NonTarget	1	266209
1331.125	0.8	NonTarget	1	266225
1331.21	0.8	NonTarget	1	266242
1331.295	0.8	NonTarget	1	266259
1331.375	0.8	NonTarget	1	266275
1331.46	0.8	NonTarget	1	266292
1331.545	0.8	NonTarget	1	266309
1331.945	0.8	NonTarget	1	266389
1332.025	0.8	NonTarget	1	266405
1332.11	0.8	NonTarget	1	266422
1332.195	0.8	NonTarget	1	266439
1332.28	0.8	NonTarget	1	266456
1332.36	0.8	NonTarget	1	266472
1332.445	0.8	NonTarget	1	266489
1332.53	0.8	NonTarget	1	266506
1332.61	0.8	NonTarget	1	266522
1332.695	0.8	NonTarget	1	266539
1332.78	0.8	NonTarget	1	266556
1332.865	0.8	NonTarget	1	266573
1332.945	0.8	NonTarget	1	266589
1333.03	0.8	NonTarget	1	266606
1333.115	0.8	NonTarget	1	266623
1333.195	0.8	NonTarget	1	266639
1333.28	0.8	NonTarget	1	266656
1333.36	0.8	NonTarget	1	266672
1333.445	0.8	Target	2	266689
1333.53	0.8	NonTarget	1	266706
1333.61	0.8	NonTarget	1	266722
1333.7	0.8	NonTarget	1	266740
1333.78	0.8	NonTarget	1	266756
1333.865	0.8	NonTarget	1	266773
1333.95	0.8	NonTarget	1	266790
1334.03	0.8	NonTarget	1	266806
1334.115	0.8	NonTarget	1	266823
1334.195	0.8	NonTarget	1	266839
1334.28	0.8	NonTarget	1	266856
1334.365	0.8	NonTarget	1	266873
1344.15	0.8	NonTarget	1	268830
1344.23	0.8	NonTarget	1	268846
1344.315	0.8	NonTarget	1	268863
1344.395	0.8	NonTarget	1	268879
1344.48	0.8	NonTarget	1	268896
1344.56	0.8	NonTarget	1	268912
1344.645	0.8	NonTarget	1	268929
1344.73	0.8	NonTarget	1	268946
1344.815	0.8	NonTarget	1	268963
1344.895	0.8	NonTarget	1	268979
1344.98	0.8	NonTarget	1	268996
1345.065	0.8	NonTarget	1	269013
1345.145	0.8	NonTarget	1	269029
1345.23	0.8	NonTarget	1	269046
1345.315	0.8	NonTarget	1	269063
1345.395	0.8	NonTarget	1	269079
1345.48	0.8	Target	2	269096
1345.565	0.8	NonTarget	1	269113
1345.65	0.8	NonTarget	1	269130
1345.73	0.8	NonTarget	1	269146
1345.815	0.8	NonTarget	1	269163
1345.895	0.8	NonTarget	1	269179
1345.985	0.8	NonTarget	1	269197
1346.065	0.8	NonTarget	1	269213
1346.15	0.8	NonTarget	1	269230
1346.23	0.8	NonTarget	1	269246
1346.315	0.8	NonTarget	1	269263
1346.4	0.8	NonTarget	1	269280
1346.48	0.8	NonTarget	1	269296
1346.565	0.8	NonTarget	1	269313
1346.965	0.8	NonTarget	1	269393
1347.05	0.8	Target	2	269410
1347.13	0.8	NonTarget	1	269426
1347.22	0.8	NonTarget	1	269444
1347.3	0.8	NonTarget	1	269460
1347.385	0.8	NonTarget	1	269477
1347.47	0.8	NonTarget	1	269494
1347.55	0.8	NonTarget	1	269510
1347.635	0.8	NonTarget	1	269527
1347.715	0.8	NonTarget	1	269543
1347.8	0.8	NonTarget	1	269560
1347.885	0.8	NonTarget	1	269577
1347.97	0.8	NonTarget	1	269594
1348.05	0.8	NonTarget	1	269610
1348.135	0.8	NonTarget	1	269627
1348.22	0.8	NonTarget	1	269644
1348.3	0.8	NonTarget	1	269660
1348.385	0.8	NonTarget	1	269677
1348.47	0.8	NonTarget	1	269694
1348.55	0.8	NonTarget	1	269710
1348.635	0.8	NonTarget	1	269727
1348.72	0.8	NonTarget	1	269744
1348.8	0.8	NonTarget	1	269760
1348.885	0.8	NonTarget	1	269777
1348.97	0.8	NonTarget	1	269794
1349.05	0.8	NonTarget	1	269810
1349.135	0.8	NonTarget	1	269827
1349.22	0.8	NonTarget	1	269844
1349.305	0.8	NonTarget	1	269861
1349.385	0.8	NonTarget	1	269877
1349.785	0.8	NonTarget	1	269957
1349.87	0.8	NonTarget	1	269974
1349.955	0.8	NonTarget	1	269991
1350.04	0.8	NonTarget	1	270008
1350.12	0.8	NonTarget	1	270024
1350.205	0.8	NonTarget	1	270041
1350.29	0.8	Target	2	270058
1350.37	0.8	NonTarget	1	270074
1350.455	0.8	NonTarget	1	270091
1350.54	0.8	NonTarget	1	270108
1350.62	0.8	NonTarget	1	270124
1350.705	0.8	NonTarget	1	270141
1350.785	0.8	NonTarget	1	270157
1350.87	0.8	NonTarget	1	270174
1350.955	0.8	NonTarget	1	270191
1351.035	0.8	NonTarget	1	270207
1351.12	0.8	NonTarget	1	270224
1351.205	0.8	NonTarget	1	270241
1351.29	0.8	NonTarget	1	270258
1351.37	0.8	NonTarget	1	270274
1351.455	0.8	NonTarget	1	270291
1351.54	0.8	NonTarget	1	270308
1351.625	0.8	NonTarget	1	270325
1351.705	0.8	NonTarget	1	270341
1351.79	0.8	NonTarget	1	270358
1351.875	0.8	NonTarget	1	270375
1351.955	0.8	NonTarget	1	270391
1352.04	0.8	NonTarget	1	270408
1352.125	0.8	NonTarget	1	270425
1352.205	0.8	NonTarget	1	270441
1352.61	0.8	NonTarget	1	270522
1352.69	0.8	NonTarget	1	270538
1352.775	0.8	NonTarget	1	270555
1352.86	0.8	NonTarget	1	270572
1352.94	0.8	NonTarget	1	270588
1353.025	0.8	NonTarget	1	270605
1353.11	0.8	NonTarget	1	270622
1353.19	0.8	NonTarget	1	270638
1353.275	0.8	NonTarget	1	270655
1353.36	0.8	NonTarget	1	270672
1353.44	0.8	NonTarget	1	270688
1353.525	0.8	NonTarget	1	270705
1353.61	0.8	NonTarget	1	270722
1353.69	0.8	NonTarget	1	270738
1353.775	0.8	NonTarget	1	270755
1353.86	0.8	NonTarget	1	270772
1353.945	0.8	NonTarget	1	270789
1354.025	0.8	NonTarget	1	270805
1354.11	0.8	NonTarget	1	270822
1354.19	0.8	NonTarget	1	270838
1354.275	0.8	NonTarget	1	270855
1354.36	0.8	Target	2	270872
1354.445	0.8	NonTarget	1	270889
1354.525	0.8	NonTarget	1	270905
1354.61	0.8	NonTarget	1	270922
1354.695	0.8	NonTarget	1	270939
1354.775	0.8	NonTarget	1	270955
1354.86	0.8	NonTarget	1	270972
1354.945	0.8	NonTarget	1	270989
1355.03	0.8	NonTarget	1	271006
1355.425	0.8	NonTarget	1	271085
1355.51	0.8	NonTarget	1	271102
1355.595	0.8	NonTarget	1	271119
1355.68	0.8	NonTarget	1	271136
1355.76	0.8	NonTarget	1	271152
1355.845	0.8	NonTarget	1	271169
1355.93	0.8	NonTarget	1	271186
1356.015	0.8	NonTarget	1	271203
1356.095	0.8	NonTarget	1	271219
1356.18	0.8	NonTarget	1	271236
1356.265	0.8	NonTarget	1	271253
1356.345	0.8	NonTarget	1	271269
1356.43	0.8	NonTarget	1	271286
1356.515	0.8	NonTarget	1	271303
1356.595	0.8	NonTarget	1	271319
1356.68	0.8	NonTarget	1	271336
1356.765	0.8	NonTarget	1	271353
1356.845	0.8	NonTarget	1	271369
1356.93	0.8	NonTarget	1	271386
1357.015	0.8	NonTarget	1	271403
1357.1	0.8	NonTarget	1	271420
1357.18	0.8	Target	2	271436
1357.265	0.8	NonTarget	1	271453
1357.345	0.8	NonTarget	1	271469
1357.435	0.8	NonTarget	1	271487
1357.515	0.8	NonTarget	1	271503
1357.6	0.8	NonTarget	1	271520
1357.68	0.8	NonTarget	1	271536
1357.765	0.8	NonTarget	1	271553
1357.85	0.8	NonTarget	1	271570
1358.25	0.8	NonTarget	1	271650
1358.33	0.8	NonTarget	1	271666
1358.415	0.8	NonTarget	1	271683
1358.5	0.8	NonTarget	1	271700
1358.585	0.8	NonTarget	1	271717
1358.665	0.8	NonTarget	1	271733
1358.75	0.8	NonTarget	1	271750
1358.83	0.8	NonTarget	1	271766
1358.915	0.8	NonTarget	1	271783
1359.0	0.8	NonTarget	1	271800
1359.085	0.8	NonTarget	1	271817
1359.165	0.8	NonTarget	1	271833
1359.25	0.8	NonTarget	1	271850
1359.335	0.8	NonTarget	1	271867
1359.415	0.8	NonTarget	1	271883
1359.5	0.8	NonTarget	1	271900
1359.585	0.8	NonTarget	1	271917
1359.67	0.8	NonTarget	1	271934
1359.75	0.8	NonTarget	1	271950
1359.835	0.8	NonTarget	1	271967
1359.915	0.8	NonTarget	1	271983
1360.0	0.8	Target	2	272000
1360.085	0.8	NonTarget	1	272017
1360.17	0.8	NonTarget	1	272034
1360.25	0.8	NonTarget	1	272050
1360.335	0.8	NonTarget	1	272067
1360.42	0.8	NonTarget	1	272084
1360.505	0.8	NonTarget	1	272101
1360.585	0.8	NonTarget	1	272117
1360.67	0.8	NonTarget	1	272134
1361.07	0.8	NonTarget	1	272214
1361.155	0.8	NonTarget	1	272231
1361.235	0.8	NonTarget	1	272247
1361.32	0.8	NonTarget	1	272264
1361.405	0.8	NonTarget	1	272281
1361.485	0.8	NonTarget	1	272297
1361.57	0.8	NonTarget	1	272314
1361.655	0.8	NonTarget	1	272331
1361.74	0.8	NonTarget	1	272348
1361.82	0.8	NonTarget	1	272364
1361.905	0.8	NonTarget	1	272381
1361.985	0.8	NonTarget	1	272397
1362.07	0.8	NonTarget	1	272414
1362.155	0.8	NonTarget	1	272431
1362.24	0.8	NonTarget	1	272448
1362.32	0.8	NonTarget	1	272464
1362.405	0.8	Target	2	272481
1362.49	0.8	NonTarget	1	272498
1362.57	0.8	NonTarget	1	272514
1362.655	0.8	NonTarget	1	272531
1362.74	0.8	NonTarget	1	272548
1362.82	0.8	NonTarget	1	272564
1362.905	0.8	NonTarget	1	272581
1362.99	0.8	NonTarget	1	272598
1363.075	0.8	NonTarget	1	272615
1363.155	0.8	NonTarget	1	272631
1363.24	0.8	NonTarget	1	272648
1363.32	0.8	NonTarget	1	272664
1363.405	0.8	NonTarget	1	272681
1363.49	0.8	NonTarget	1	272698
1363.89	0.8	NonTarget	1	272778
1363.975	0.8	NonTarget	1	272795
1364.055	0.8	NonTarget	1	272811
1364.14	0.8	NonTarget	1	272828
1364.225	0.8	NonTarget	1	272845
1364.31	0.8	NonTarget	1	272862
1364.39	0.8	Target	2	272878
1364.47	0.8	NonTarget	1	272894
1364.555	0.8	NonTarget	1	272911
1364.64	0.8	NonTarget	1	272928
1364.725	0.8	NonTarget	1	272945
1364.805	0.8	NonTarget	1	272961
1364.89	0.8	NonTarget	1	272978
1364.975	0.8	NonTarget	1	272995
1365.06	0.8	NonTarget	1	273012
1365.145	0.8	NonTarget	1	273029
1365.225	0.8	NonTarget	1	273045
1365.31	0.8	NonTarget	1	273062
1365.39	0.8	NonTarget	1	273078
1365.475	0.8	NonTarget	1	273095
1365.56	0.8	NonTarget	1	273112
1365.645	0.8	NonTarget	1	273129
1365.725	0.8	NonTarget	1	273145
1365.81	0.8	NonTarget	1	273162
1365.895	0.8	NonTarget	1	273179
1365.975	0.8	NonTarget	1	273195
1366.06	0.8	NonTarget	1	273212
1366.145	0.8	NonTarget	1	273229
1366.23	0.8	NonTarget	1	273246
1366.31	0.8	NonTarget	1	273262
1366.71	0.8	NonTarget	1	273342
1366.795	0.8	NonTarget	1	273359
1366.88	0.8	NonTarget	1	273376
1366.96	0.8	NonTarget	1	273392
1367.045	0.8	NonTarget	1	273409
1367.125	0.8	NonTarget	1	273425
1367.21	0.8	NonTarget	1	273442
1367.295	0.8	NonTarget	1	273459
1367.38	0.8	NonTarget	1	273476
1367.46	0.8	NonTarget	1	273492
1367.545	0.8	NonTarget	1	273509
1367.63	0.8	Target	2	273526
1367.71	0.8	NonTarget	1	273542
1367.795	0.8	NonTarget	1	273559
1367.88	0.8	NonTarget	1	273576
1367.96	0.8	NonTarget	1	273592
1368.045	0.8	NonTarget	1	273609
1368.13	0.8	NonTarget	1	273626
1368.215	0.8	NonTarget	1	273643
1368.295	0.8	NonTarget	1	273659
1368.38	0.8	NonTarget	1	273676
1368.465	0.8	NonTarget	1	273693
1368.545	0.8	NonTarget	1	273709
1368.63	0.8	NonTarget	1	273726
1368.71	0.8	NonTarget	1	273742
1368.795	0.8	NonTarget	1	273759
1368.88	0.8	NonTarget	1	273776
1368.965	0.8	NonTarget	1	273793
1369.05	0.8	NonTarget	1	273810
1369.13	0.8	NonTarget	1	273826
1369.53	0.8	NonTarget	1	273906
1369.615	0.8	NonTarget	1	273923
1369.7	0.8	NonTarget	1	273940
1369.785	0.8	NonTarget	1	273957
1369.865	0.8	NonTarget	1	273973
1369.95	0.8	NonTarget	1	273990
1370.03	0.8	NonTarget	1	274006
1370.115	0.8	NonTarget	1	274023
1370.2	0.8	NonTarget	1	274040
1370.28	0.8	NonTarget	1	274056
1370.37	0.8	NonTarget	1	274074
1370.45	0.8	NonTarget	1	274090
1370.535	0.8	NonTarget	1	274107
1370.615	0.8	NonTarget	1	274123
1370.7	0.8	NonTarget	1	274140
1370.785	0.8	NonTarget	1	274157
1370.865	0.8	NonTarget	1	274173
1370.95	0.8	NonTarget	1	274190
1371.035	0.8	NonTarget	1	274207
1371.115	0.8	NonTarget	1	274223
1371.2	0.8	NonTarget	1	274240
1371.285	0.8	NonTarget	1	274257
1371.365	0.8	NonTarget	1	274273
1371.45	0.8	NonTarget	1	274290
1371.535	0.8	NonTarget	1	274307
1371.62	0.8	NonTarget	1	274324
1371.7	0.8	Target	2	274340
1371.785	0.8	NonTarget	1	274357
1371.87	0.8	NonTarget	1	274374
1371.95	0.8	NonTarget	1	274390
1381.75	0.8	NonTarget	1	276350
1381.83	0.8	NonTarget	1	276366
1381.915	0.8	NonTarget	1	276383
1382.0	0.8	NonTarget	1	276400
1382.08	0.8	NonTarget	1	276416
1382.165	0.8	NonTarget	1	276433
1382.25	0.8	NonTarget	1	276450
1382.335	0.8	NonTarget	1	276467
1382.415	0.8	NonTarget	1	276483
1382.5	0.8	NonTarget	1	276500
1382.585	0.8	NonTarget	1	276517
1382.665	0.8	NonTarget	1	276533
1382.75	0.8	NonTarget	1	276550
1382.835	0.8	NonTarget	1	276567
1382.915	0.8	NonTarget	1	276583
1383.0	0.8	NonTarget	1	276600
1383.085	0.8	NonTarget	1	276617
1383.165	0.8	NonTarget	1	276633
1383.25	0.8	NonTarget	1	276650
1383.335	0.8	NonTarget	1	276667
1383.42	0.8	NonTarget	1	276684
1383.5	0.8	NonTarget	1	276700
1383.585	0.8	NonTarget	1	276717
1383.67	0.8	NonTarget	1	276734
1383.75	0.8	NonTarget	1	276750
1383.835	0.8	NonTarget	1	276767
1383.92	0.8	NonTarget	1	276784
1384.0	0.8	Target	2	276800
1384.085	0.8	NonTarget	1	276817
1384.17	0.8	NonTarget	1	276834
1384.57	0.8	NonTarget	1	276914
1384.655	0.8	NonTarget	1	276931
1384.735	0.8	Target	2	276947
1384.82	0.8	NonTarget	1	276964
1384.905	0.8	NonTarget	1	276981
1384.985	0.8	NonTarget	1	276997
1385.07	0.8	NonTarget	1	277014
1385.15	0.8	NonTarget	1	277030
1385.24	0.8	NonTarget	1	277048
1385.32	0.8	NonTarget	1	277064
1385.405	0.8	NonTarget	1	277081
1385.49	0.8	NonTarget	1	277098
1385.57	0.8	NonTarget	1	277114
1385.655	0.8	NonTarget	1	277131
1385.74	0.8	NonTarget	1	277148
1385.82	0.8	NonTarget	1	277164
1385.905	0.8	NonTarget	1	277181
1385.99	0.8	NonTarget	1	277198
1386.07	0.8	NonTarget	1	277214
1386.155	0.8	NonTarget	1	277231
1386.24	0.8	NonTarget	1	277248
1386.32	0.8	NonTarget	1	277264
1386.405	0.8	NonTarget	1	277281
1386.49	0.8	NonTarget	1	277298
1386.57	0.8	NonTarget	1	277314
1386.655	0.8	NonTarget	1	277331
1386.74	0.8	NonTarget	1	277348
1386.825	0.8	NonTarget	1	277365
1386.905	0.8	NonTarget	1	277381
1386.99	0.8	NonTarget	1	277398
1387.39	0.8	NonTarget	1	277478
1387.47	0.8	NonTarget	1	277494
1387.555	0.8	Target	2	277511
1387.64	0.8	NonTarget	1	277528
1387.725	0.8	NonTarget	1	277545
1387.81	0.8	NonTarget	1	277562
1387.89	0.8	NonTarget	1	277578
1387.975	0.8	NonTarget	1	277595
1388.06	0.8	NonTarget	1	277612
1388.14	0.8	NonTarget	1	277628
1388.225	0.8	NonTarget	1	277645
1388.31	0.8	NonTarget	1	277662
1388.39	0.8	NonTarget	1	277678
1388.475	0.8	NonTarget	1	277695
1388.555	0.8	NonTarget	1	277711
1388.645	0.8	NonTarget	1	277729
1388.725	0.8	NonTarget	1	277745
1388.81	0.8	NonTarget	1	277762
1388.89	0.8	NonTarget	1	277778
1388.975	0.8	NonTarget	1	277795
1389.06	0.8	NonTarget	1	277812
1389.145	0.8	NonTarget	1	277829
1389.225	0.8	NonTarget	1	277845
1389.31	0.8	NonTarget	1	277862
1389.39	0.8	NonTarget	1	277878
1389.475	0.8	NonTarget	1	277895
1389.56	0.8	NonTarget	1	277912
1389.645	0.8	NonTarget	1	277929
1389.725	0.8	NonTarget	1	277945
1389.81	0.8	NonTarget	1	277962
1390.21	0.8	NonTarget	1	278042
1390.295	0.8	NonTarget	1	278059
1390.375	0.8	NonTarget	1	278075
1390.46	0.8	NonTarget	1	278092
1390.545	0.8	NonTarget	1	278109
1390.63	0.8	NonTarget	1	278126
1390.71	0.8	NonTarget	1	278142
1390.795	0.8	NonTarget	1	278159
1390.88	0.8	NonTarget	1	278176
1390.96	0.8	NonTarget	1	278192
1391.045	0.8	NonTarget	1	278209
1391.13	0.8	NonTarget	1	278226
1391.21	0.8	NonTarget	1	278242
1391.295	0.8	NonTarget	1	278259
1391.38	0.8	NonTarget	1	278276
1391.465	0.8	NonTarget	1	278293
1391.545	0.8	NonTarget	1	278309
1391.63	0.8	Target	2	278326
1391.715	0.8	NonTarget	1	278343
1391.795	0.8	NonTarget	1	278359
1391.88	0.8	NonTarget	1	278376
1391.965	0.8	NonTarget	1	278393
1392.045	0.8	NonTarget	1	278409
1392.13	0.8	NonTarget	1	278426
1392.21	0.8	NonTarget	1	278442
1392.3	0.8	NonTarget	1	278460
1392.38	0.8	NonTarget	1	278476
1392.465	0.8	NonTarget	1	278493
1392.55	0.8	NonTarget	1	278510
1392.63	0.8	NonTarget	1	278526
1393.03	0.8	NonTarget	1	278606
1393.115	0.8	NonTarget	1	278623
1393.195	0.8	NonTarget	1	278639
1393.285	0.8	NonTarget	1	278657
1393.365	0.8	NonTarget	1	278673
1393.445	0.8	NonTarget	1	278689
1393.53	0.8	NonTarget	1	278706
1393.615	0.8	NonTarget	1	278723
1393.7	0.8	NonTarget	1	278740
1393.78	0.8	NonTarget	1	278756
1393.865	0.8	NonTarget	1	278773
1393.95	0.8	NonTarget	1	278790
1394.035	0.8	NonTarget	1	278807
1394.115	0.8	NonTarget	1	278823
1394.2	0.8	NonTarget	1	278840
1394.285	0.8	NonTarget	1	278857
1394.365	0.8	NonTarget	1	278873
1394.45	0.8	Target	2	278890
1394.535	0.8	NonTarget	1	278907
1394.62	0.8	NonTarget	1	278924
1394.7	0.8	NonTarget	1	278940
1394.785	0.8	NonTarget	1	278957
1394.865	0.8	NonTarget	1	278973
1394.95	0.8	NonTarget	1	278990
1395.035	0.8	NonTarget	1	279007
1395.115	0.8	NonTarget	1	279023
1395.2	0.8	NonTarget	1	279040
1395.285	0.8	NonTarget	1	279057
1395.37	0.8	NonTarget	1	279074
1395.45	0.8	NonTarget	1	279090
1395.85	0.8	NonTarget	1	279170
1395.935	0.8	NonTarget	1	279187
1396.02	0.8	Target	2	279204
1396.105	0.8	NonTarget	1	279221
1396.185	0.8	NonTarget	1	279237
1396.27	0.8	NonTarget	1	279254
1396.35	0.8	NonTarget	1	279270
1396.435	0.8	NonTarget	1	279287
1396.52	0.8	NonTarget	1	279304
1396.605	0.8	NonTarget	1	279321
1396.685	0.8	NonTarget	1	279337
1396.77	0.8	NonTarget	1	279354
1396.85	0.8	NonTarget	1	279370
1396.935	0.8	NonTarget	1	279387
1397.02	0.8	NonTarget	1	279404
1397.105	0.8	NonTarget	1	279421
1397.185	0.8	NonTarget	1	279437
1397.27	0.8	NonTarget	1	279454
1397.355	0.8	NonTarget	1	279471
1397.435	0.8	NonTarget	1	279487
1397.52	0.8	NonTarget	1	279504
1397.605	0.8	NonTarget	1	279521
1397.69	0.8	NonTarget	1	279538
1397.77	0.8	NonTarget	1	279554
1397.855	0.8	NonTarget	1	279571
1397.94	0.8	NonTarget	1	279588
1398.02	0.8	NonTarget	1	279604
1398.105	0.8	NonTarget	1	279621
1398.19	0.8	NonTarget	1	279638
1398.27	0.8	NonTarget	1	279654
1398.675	0.8	NonTarget	1	279735
1398.755	0.8	NonTarget	1	279751
1398.84	0.8	NonTarget	1	279768
1398.925	0.8	NonTarget	1	279785
1399.005	0.8	NonTarget	1	279801
1399.09	0.8	NonTarget	1	279818
1399.175	0.8	NonTarget	1	279835
1399.26	0.8	NonTarget	1	279852
1399.34	0.8	NonTarget	1	279868
1399.425	0.8	NonTarget	1	279885
1399.505	0.8	NonTarget	1	279901
1399.59	0.8	NonTarget	1	279918
1399.675	0.8	NonTarget	1	279935
1399.755	0.8	NonTarget	1	279951
1399.84	0.8	NonTarget	1	279968
1399.925	0.8	NonTarget	1	279985
1400.01	0.8	NonTarget	1	280002
1400.09	0.8	NonTarget	1	280018
1400.175	0.8	NonTarget	1	280035
1400.26	0.8	NonTarget	1	280052
1400.34	0.8	NonTarget	1	280068
1400.425	0.8	NonTarget	1	280085
1400.51	0.8	NonTarget	1	280102
1400.59	0.8	NonTarget	1	280118
1400.675	0.8	NonTarget	1	280135
1400.76	0.8	NonTarget	1	280152
1400.84	0.8	NonTarget	1	280168
1400.925	0.8	Target	2	280185
1401.01	0.8	NonTarget	1	280202
1401.095	0.8	NonTarget	1	280219
1401.49	0.8	NonTarget	1	280298
1401.575	0.8	NonTarget	1	280315
1401.66	0.8	Target	2	280332
1401.745	0.8	NonTarget	1	280349
1401.825	0.8	NonTarget	1	280365
1401.91	0.8	NonTarget	1	280382
1401.99	0.8	NonTarget	1	280398
1402.075	0.8	NonTarget	1	280415
1402.16	0.8	NonTarget	1	280432
1402.245	0.8	NonTarget	1	280449
1402.325	0.8	NonTarget	1	280465
1402.41	0.8	NonTarget	1	280482
1402.495	0.8	NonTarget	1	280499
1402.58	0.8	NonTarget	1	280516
1402.66	0.8	NonTarget	1	280532
1402.745	0.8	NonTarget	1	280549
1402.83	0.8	NonTarget	1	280566
1402.91	0.8	NonTarget	1	280582
1402.995	0.8	NonTarget	1	280599
1403.08	0.8	NonTarget	1	280616
1403.16	0.8	NonTarget	1	280632
1403.245	0.8	NonTarget	1	280649
1403.33	0.8	NonTarget	1	280666
1403.415	0.8	NonTarget	1	280683
1403.495	0.8	NonTarget	1	280699
1403.58	0.8	NonTarget	1	280716
1403.665	0.8	NonTarget	1	280733
1403.745	0.8	NonTarget	1	280749
1403.83	0.8	NonTarget	1	280766
1403.915	0.8	NonTarget	1	280783
1404.315	0.8	NonTarget	1	280863
1404.4	0.8	NonTarget	1	280880
1404.48	0.8	NonTarget	1	280896
1404.565	0.8	NonTarget	1	280913
1404.645	0.8	NonTarget	1	280929
1404.73	0.8	NonTarget	1	280946
1404.815	0.8	NonTarget	1	280963
1404.9	0.8	NonTarget	1	280980
1404.98	0.8	NonTarget	1	280996
1405.065	0.8	NonTarget	1	281013
1405.15	0.8	NonTarget	1	281030
1405.23	0.8	NonTarget	1	281046
1405.315	0.8	NonTarget	1	281063
1405.4	0.8	NonTarget	1	281080
1405.485	0.8	NonTarget	1	281097
1405.565	0.8	NonTarget	1	281113
1405.65	0.8	NonTarget	1	281130
1405.73	0.8	NonTarget	1	281146
1405.815	0.8	NonTarget	1	281163
1405.9	0.8	NonTarget	1	281180
1405.985	0.8	NonTarget	1	281197
1406.065	0.8	NonTarget	1	281213
1406.15	0.8	NonTarget	1	281230
1406.235	0.8	NonTarget	1	281247
1406.315	0.8	NonTarget	1	281263
1406.4	0.8	NonTarget	1	281280
1406.485	0.8	NonTarget	1	281297
1406.565	0.8	Target	2	281313
1406.65	0.8	NonTarget	1	281330
1406.735	0.8	NonTarget	1	281347
1407.135	0.8	NonTarget	1	281427
1407.215	0.8	NonTarget	1	281443
1407.3	0.8	NonTarget	1	281460
1407.385	0.8	NonTarget	1	281477
1407.47	0.8	NonTarget	1	281494
1407.55	0.8	NonTarget	1	281510
1407.635	0.8	NonTarget	1	281527
1407.72	0.8	Target	2	281544
1407.8	0.8	NonTarget	1	281560
1407.885	0.8	NonTarget	1	281577
1407.97	0.8	NonTarget	1	281594
1408.05	0.8	NonTarget	1	281610
1408.135	0.8	NonTarget	1	281627
1408.22	0.8	NonTarget	1	281644
1408.3	0.8	NonTarget	1	281660
1408.385	0.8	NonTarget	1	281677
1408.47	0.8	NonTarget	1	281694
1408.555	0.8	NonTarget	1	281711
1408.635	0.8	NonTarget	1	281727
1408.72	0.8	NonTarget	1	281744
1408.805	0.8	NonTarget	1	281761
1408.885	0.8	NonTarget	1	281777
1408.97	0.8	NonTarget	1	281794
1409.055	0.8	NonTarget	1	281811
1409.135	0.8	NonTarget	1	281827
1409.22	0.8	NonTarget	1	281844
1409.305	0.8	NonTarget	1	281861
1409.39	0.8	NonTarget	1	281878
1409.47	0.8	NonTarget	1	281894
1409.555	0.8	NonTarget	1	281911
1419.255	0.8	NonTarget	1	283851
1419.335	0.8	NonTarget	1	283867
1419.42	0.8	NonTarget	1	283884
1419.5	0.8	NonTarget	1	283900
1419.585	0.8	NonTarget	1	283917
1419.67	0.8	NonTarget	1	283934
1419.75	0.8	NonTarget	1	283950
1419.835	0.8	NonTarget	1	283967
1419.92	0.8	NonTarget	1	283984
1420.0	0.8	NonTarget	1	284000
1420.085	0.8	NonTarget	1	284017
1420.17	0.8	NonTarget	1	284034
1420.255	0.8	NonTarget	1	284051
1420.335	0.8	Target	2	284067
1420.42	0.8	NonTarget	1	284084
1420.505	0.8	NonTarget	1	284101
1420.585	0.8	NonTarget	1	284117
1420.67	0.8	NonTarget	1	284134
1420.755	0.8	NonTarget	1	284151
1420.835	0.8	NonTarget	1	284167
1420.92	0.8	NonTarget	1	284184
1421.005	0.8	NonTarget	1	284201
1421.09	0.8	NonTarget	1	284218
1421.17	0.8	NonTarget	1	284234
1421.255	0.8	NonTarget	1	284251
1421.34	0.8	NonTarget	1	284268
1421.42	0.8	NonTarget	1	284284
1421.505	0.8	NonTarget	1	284301
1421.59	0.8	NonTarget	1	284318
1421.67	0.8	NonTarget	1	284334
1422.07	0.8	NonTarget	1	284414
1422.155	0.8	NonTarget	1	284431
1422.24	0.8	NonTarget	1	284448
1422.325	0.8	NonTarget	1	284465
1422.405	0.8	NonTarget	1	284481
1422.49	0.8	NonTarget	1	284498
1422.575	0.8	NonTarget	1	284515
1422.655	0.8	NonTarget	1	284531
1422.74	0.8	NonTarget	1	284548
1422.825	0.8	NonTarget	1	284565
1422.905	0.8	NonTarget	1	284581
1422.99	0.8	NonTarget	1	284598
1423.075	0.8	NonTarget	1	284615
1423.16	0.8	NonTarget	1	284632
1423.24	0.8	NonTarget	1	284648
1423.325	0.8	NonTarget	1	284665
1423.405	0.8	NonTarget	1	284681
1423.49	0.8	NonTarget	1	284698
1423.575	0.8	NonTarget	1	284715
1423.655	0.8	NonTarget	1	284731
1423.745	0.8	NonTarget	1	284749
1423.825	0.8	NonTarget	1	284765
1423.91	0.8	NonTarget	1	284782
1423.99	0.8	NonTarget	1	284798
1424.075	0.8	NonTarget	1	284815
1424.16	0.8	NonTarget	1	284832
1424.24	0.8	NonTarget	1	284848
1424.325	0.8	NonTarget	1	284865
1424.41	0.8	Target	2	284882
1424.49	0.8	NonTarget	1	284898
1424.895	0.8	NonTarget	1	284979
1424.975	0.8	NonTarget	1	284995
1425.06	0.8	NonTarget	1	285012
1425.145	0.8	Target	2	285029
1425.225	0.8	NonTarget	1	285045
1425.31	0.8	NonTarget	1	285062
1425.395	0.8	NonTarget	1	285079
1425.475	0.8	NonTarget	1	285095
1425.56	0.8	NonTarget	1	285112
1425.645	0.8	NonTarget	1	285129
1425.725	0.8	NonTarget	1	285145
1425.81	0.8	NonTarget	1	285162
1425.895	0.8	NonTarget	1	285179
1425.98	0.8	NonTarget	1	285196
1426.065	0.8	NonTarget	1	285213
1426.145	0.8	NonTarget	1	285229
1426.225	0.8	NonTarget	1	285245
1426.31	0.8	NonTarget	1	285262
1426.395	0.8	NonTarget	1	285279
1426.48	0.8	NonTarget	1	285296
1426.56	0.8	NonTarget	1	285312
1426.645	0.8	NonTarget	1	285329
1426.73	0.8	NonTarget	1	285346
1426.815	0.8	NonTarget	1	285363
1426.895	0.8	NonTarget	1	285379
1426.98	0.8	NonTarget	1	285396
1427.06	0.8	NonTarget	1	285412
1427.145	0.8	NonTarget	1	285429
1427.23	0.8	NonTarget	1	285446
1427.315	0.8	NonTarget	1	285463
1427.715	0.8	NonTarget	1	285543
1427.8	0.8	NonTarget	1	285560
1427.88	0.8	NonTarget	1	285576
1427.965	0.8	NonTarget	1	285593
1428.05	0.8	NonTarget	1	285610
1428.13	0.8	NonTarget	1	285626
1428.215	0.8	NonTarget	1	285643
1428.3	0.8	NonTarget	1	285660
1428.38	0.8	NonTarget	1	285676
1428.465	0.8	NonTarget	1	285693
1428.55	0.8	NonTarget	1	285710
1428.63	0.8	NonTarget	1	285726
1428.715	0.8	NonTarget	1	285743
1428.8	0.8	NonTarget	1	285760
1428.88	0.8	NonTarget	1	285776
1428.965	0.8	NonTarget	1	285793
1429.05	0.8	NonTarget	1	285810
1429.13	0.8	NonTarget	1	285826
1429.215	0.8	NonTarget	1	285843
1429.3	0.8	NonTarget	1	285860
1429.38	0.8	NonTarget	1	285876
1429.465	0.8	NonTarget	1	285893
1429.55	0.8	NonTarget	1	285910
1429.635	0.8	NonTarget	1	285927
1429.715	0.8	NonTarget	1	285943
1429.8	0.8	NonTarget	1	285960
1429.88	0.8	NonTarget	1	285976
1429.965	0.8	NonTarget	1	285993
1430.05	0.8	Target	2	286010
1430.135	0.8	NonTarget	1	286027
1430.535	0.8	NonTarget	1	286107
1430.62	0.8	NonTarget	1	286124
1430.7	0.8	NonTarget	1	286140
1430.785	0.8	NonTarget	1	286157
1430.865	0.8	NonTarget	1	286173
1430.95	0.8	NonTarget	1	286190
1431.035	0.8	NonTarget	1	286207
1431.115	0.8	NonTarget	1	286223
1431.2	0.8	NonTarget	1	286240
1431.285	0.8	NonTarget	1	286257
1431.37	0.8	NonTarget	1	286274
1431.45	0.8	NonTarget	1	286290
1431.535	0.8	NonTarget	1	286307
1431.62	0.8	Target	2	286324
1431.705	0.8	NonTarget	1	286341
1431.785	0.8	NonTarget	1	286357
1431.87	0.8	NonTarget	1	286374
1431.955	0.8	NonTarget	1	286391
1432.035	0.8	NonTarget	1	286407
1432.12	0.8	NonTarget	1	286424
1432.205	0.8	NonTarget	1	286441
1432.285	0.8	NonTarget	1	286457
1432.37	0.8	NonTarget	1	286474
1432.455	0.8	NonTarget	1	286491
1432.535	0.8	NonTarget	1	286507
1432.62	0.8	NonTarget	1	286524
1432.705	0.8	NonTarget	1	286541
1432.79	0.8	NonTarget	1	286558
1432.87	0.8	NonTarget	1	286574
1432.955	0.8	NonTarget	1	286591
1433.355	0.8	NonTarget	1	286671
1433.44	0.8	NonTarget	1	286688
1433.52	0.8	NonTarget	1	286704
1433.605	0.8	NonTarget	1	286721
1433.69	0.8	NonTarget	1	286738
1433.77	0.8	NonTarget	1	286754
1433.855	0.8	NonTarget	1	286771
1433.94	0.8	NonTarget	1	286788
1434.025	0.8	Target	2	286805
1434.105	0.8	NonTarget	1	286821
1434.19	0.8	NonTarget	1	286838
1434.275	0.8	NonTarget	1	286855
1434.355	0.8	NonTarget	1	286871
1434.44	0.8	NonTarget	1	286888
1434.525	0.8	NonTarget	1	286905
1434.605	0.8	NonTarget	1	286921
1434.69	0.8	NonTarget	1	286938
1434.775	0.8	NonTarget	1	286955
1434.855	0.8	NonTarget	1	286971
1434.94	0.8	NonTarget	1	286988
1435.025	0.8	NonTarget	1	287005
1435.105	0.8	NonTarget	1	287021
1435.19	0.8	NonTarget	1	287038
1435.275	0.8	NonTarget	1	287055
1435.355	0.8	NonTarget	1	287071
1435.44	0.8	NonTarget	1	287088
1435.525	0.8	NonTarget	1	287105
1435.61	0.8	NonTarget	1	287122
1435.69	0.8	NonTarget	1	287138
1435.775	0.8	NonTarget	1	287155
1436.175	0.8	NonTarget	1	287235
1436.26	0.8	NonTarget	1	287252
1436.345	0.8	NonTarget	1	287269
1436.425	0.8	NonTarget	1	287285
1436.51	0.8	NonTarget	1	287302
1436.595	0.8	NonTarget	1	287319
1436.675	0.8	NonTarget	1	287335
1436.76	0.8	NonTarget	1	287352
1436.845	0.8	Target	2	287369
1436.925	0.8	NonTarget	1	287385
1437.01	0.8	NonTarget	1	287402
1437.095	0.8	NonTarget	1	287419
1437.18	0.8	NonTarget	1	287436
1437.26	0.8	NonTarget	1	287452
1437.345	0.8	NonTarget	1	287469
1437.43	0.8	NonTarget	1	287486
1437.51	0.8	NonTarget	1	287502
1437.595	0.8	NonTarget	1	287519
1437.68	0.8	NonTarget	1	287536
1437.76	0.8	NonTarget	1	287552
1437.845	0.8	NonTarget	1	287569
1437.93	0.8	NonTarget	1	287586
1438.01	0.8	NonTarget	1	287602
1438.095	0.8	NonTarget	1	287619
1438.18	0.8	NonTarget	1	287636
1438.26	0.8	NonTarget	1	287652
1438.345	0.8	NonTarget	1	287669
1438.43	0.8	NonTarget	1	287686
1438.515	0.8	NonTarget	1	287703
1438.595	0.8	NonTarget	1	287719
1438.995	0.8	NonTarget	1	287799
1439.08	0.8	NonTarget	1	287816
1439.16	0.8	NonTarget	1	287832
1439.245	0.8	NonTarget	1	287849
1439.33	0.8	NonTarget	1	287866
1439.415	0.8	NonTarget	1	287883
1439.495	0.8	NonTarget	1	287899
1439.58	0.8	NonTarget	1	287916
1439.665	0.8	Target	2	287933
1439.745	0.8	NonTarget	1	287949
1439.83	0.8	NonTarget	1	287966
1439.915	0.8	NonTarget	1	287983
1439.995	0.8	NonTarget	1	287999
1440.08	0.8	NonTarget	1	288016
1440.165	0.8	NonTarget	1	288033
1440.25	0.8	NonTarget	1	288050
1440.33	0.8	NonTarget	1	288066
1440.415	0.8	NonTarget	1	288083
1440.5	0.8	NonTarget	1	288100
1440.58	0.8	NonTarget	1	288116
1440.665	0.8	NonTarget	1	288133
1440.75	0.8	NonTarget	1	288150
1440.835	0.8	NonTarget	1	288167
1440.915	0.8	NonTarget	1	288183
1441.0	0.8	NonTarget	1	288200
1441.085	0.8	NonTarget	1	288217
1441.165	0.8	NonTarget	1	288233
1441.25	0.8	NonTarget	1	288250
1441.335	0.8	NonTarget	1	288267
1441.415	0.8	NonTarget	1	288283
1441.815	0.8	NonTarget	1	288363
1441.9	0.8	NonTarget	1	288380
1441.985	0.8	NonTarget	1	288397
1442.07	0.8	NonTarget	1	288414
1442.15	0.8	NonTarget	1	288430
1442.235	0.8	NonTarget	1	288447
1442.315	0.8	NonTarget	1	288463
1442.4	0.8	NonTarget	1	288480
1442.485	0.8	NonTarget	1	288497
1442.57	0.8	NonTarget	1	288514
1442.655	0.8	NonTarget	1	288531
1442.735	0.8	NonTarget	1	288547
1442.82	0.8	NonTarget	1	288564
1442.9	0.8	Target	2	288580
1442.985	0.8	NonTarget	1	288597
1443.07	0.8	NonTarget	1	288614
1443.155	0.8	NonTarget	1	288631
1443.235	0.8	NonTarget	1	288647
1443.32	0.8	NonTarget	1	288664
1443.405	0.8	NonTarget	1	288681
1443.485	0.8	NonTarget	1	288697
1443.57	0.8	NonTarget	1	288714
1443.65	0.8	NonTarget	1	288730
1443.735	0.8	NonTarget	1	288747
1443.82	0.8	NonTarget	1	288764
1443.905	0.8	NonTarget	1	288781
1443.985	0.8	NonTarget	1	288797
1444.07	0.8	NonTarget	1	288814
1444.155	0.8	NonTarget	1	288831
1444.235	0.8	NonTarget	1	288847
1444.64	0.8	NonTarget	1	288928
1444.72	0.8	NonTarget	1	288944
1444.805	0.8	NonTarget	1	288961
1444.89	0.8	NonTarget	1	288978
1444.97	0.8	NonTarget	1	288994
1445.055	0.8	NonTarget	1	289011
1445.14	0.8	NonTarget	1	289028
1445.22	0.8	NonTarget	1	289044
1445.305	0.8	NonTarget	1	289061
1445.39	0.8	NonTarget	1	289078
1445.47	0.8	NonTarget	1	289094
1445.555	0.8	NonTarget	1	289111
1445.64	0.8	NonTarget	1	289128
1445.72	0.8	NonTarget	1	289144
1445.805	0.8	NonTarget	1	289161
1445.89	0.8	NonTarget	1	289178
1445.975	0.8	NonTarget	1	289195
1446.055	0.8	NonTarget	1	289211
1446.14	0.8	NonTarget	1	289228
1446.225	0.8	NonTarget	1	289245
1446.305	0.8	NonTarget	1	289261
1446.39	0.8	NonTarget	1	289278
1446.475	0.8	NonTarget	1	289295
1446.555	0.8	NonTarget	1	289311
1446.64	0.8	NonTarget	1	289328
1446.725	0.8	NonTarget	1	289345
1446.805	0.8	NonTarget	1	289361
1446.89	0.8	NonTarget	1	289378
1446.975	0.8	Target	2	289395
1447.055	0.8	NonTarget	1	289411
1456.69	0.8	NonTarget	1	291338
1456.77	0.8	NonTarget	1	291354
1456.855	0.8	NonTarget	1	291371
1456.94	0.8	NonTarget	1	291388
1457.02	0.8	NonTarget	1	291404
1457.105	0.8	NonTarget	1	291421
1457.19	0.8	NonTarget	1	291438
1457.275	0.8	NonTarget	1	291455
1457.355	0.8	NonTarget	1	291471
1457.44	0.8	NonTarget	1	291488
1457.52	0.8	NonTarget	1	291504
1457.605	0.8	NonTarget	1	291521
1457.69	0.8	NonTarget	1	291538
1457.775	0.8	NonTarget	1	291555
1457.855	0.8	NonTarget	1	291571
1457.94	0.8	NonTarget	1	291588
1458.025	0.8	NonTarget	1	291605
1458.105	0.8	NonTarget	1	291621
1458.19	0.8	Target	2	291638
1458.275	0.8	NonTarget	1	291655
1458.355	0.8	NonTarget	1	291671
1458.44	0.8	NonTarget	1	291688
1458.525	0.8	NonTarget	1	291705
1458.605	0.8	NonTarget	1	291721
1458.69	0.8	NonTarget	1	291738
1458.775	0.8	NonTarget	1	291755
1458.86	0.8	NonTarget	1	291772
1458.94	0.8	NonTarget	1	291788
1459.025	0.8	NonTarget	1	291805
1459.11	0.8	NonTarget	1	291822
1459.505	0.8	NonTarget	1	291901
1459.595	0.8	NonTarget	1	291919
1459.675	0.8	NonTarget	1	291935
1459.76	0.8	Target	2	291952
1459.84	0.8	NonTarget	1	291968
1459.925	0.8	NonTarget	1	291985
1460.01	0.8	NonTarget	1	292002
1460.09	0.8	NonTarget	1	292018
1460.175	0.8	NonTarget	1	292035
1460.26	0.8	NonTarget	1	292052
1460.345	0.8	NonTarget	1	292069
1460.425	0.8	NonTarget	1	292085
1460.51	0.8	NonTarget	1	292102
1460.595	0.8	NonTarget	1	292119
1460.675	0.8	NonTarget	1	292135
1460.76	0.8	NonTarget	1	292152
1460.84	0.8	NonTarget	1	292168
1460.925	0.8	NonTarget	1	292185
1461.01	0.8	NonTarget	1	292202
1461.095	0.8	NonTarget	1	292219
1461.18	0.8	NonTarget	1	292236
1461.26	0.8	NonTarget	1	292252
1461.345	0.8	NonTarget	1	292269
1461.43	0.8	NonTarget	1	292286
1461.515	0.8	NonTarget	1	292303
1461.595	0.8	NonTarget	1	292319
1461.68	0.8	NonTarget	1	292336
1461.76	0.8	NonTarget	1	292352
1461.845	0.8	NonTarget	1	292369
1461.93	0.8	NonTarget	1	292386
1462.33	0.8	NonTarget	1	292466
1462.415	0.8	NonTarget	1	292483
1462.495	0.8	NonTarget	1	292499
1462.58	0.8	NonTarget	1	292516
1462.665	0.8	NonTarget	1	292533
1462.745	0.8	NonTarget	1	292549
1462.83	0.8	NonTarget	1	292566
1462.915	0.8	NonTarget	1	292583
1462.995	0.8	Target	2	292599
1463.08	0.8	NonTarget	1	292616
1463.165	0.8	NonTarget	1	292633
1463.245	0.8	NonTarget	1	292649
1463.33	0.8	NonTarget	1	292666
1463.415	0.8	NonTarget	1	292683
1463.5	0.8	NonTarget	1	292700
1463.58	0.8	NonTarget	1	292716
1463.665	0.8	NonTarget	1	292733
1463.75	0.8	NonTarget	1	292750
1463.83	0.8	NonTarget	1	292766
1463.915	0.8	NonTarget	1	292783
1464.0	0.8	NonTarget	1	292800
1464.08	0.8	NonTarget	1	292816
1464.165	0.8	NonTarget	1	292833
1464.25	0.8	NonTarget	1	292850
1464.33	0.8	NonTarget	1	292866
1464.415	0.8	NonTarget	1	292883
1464.5	0.8	NonTarget	1	292900
1464.58	0.8	NonTarget	1	292916
1464.665	0.8	NonTarget	1	292933
1464.745	0.8	NonTarget	1	292949
1465.15	0.8	NonTarget	1	293030
1465.235	0.8	NonTarget	1	293047
1465.315	0.8	NonTarget	1	293063
1465.4	0.8	Target	2	293080
1465.485	0.8	NonTarget	1	293097
1465.565	0.8	NonTarget	1	293113
1465.65	0.8	NonTarget	1	293130
1465.735	0.8	NonTarget	1	293147
1465.82	0.8	NonTarget	1	293164
1465.9	0.8	NonTarget	1	293180
1465.985	0.8	NonTarget	1	293197
1466.07	0.8	NonTarget	1	293214
1466.15	0.8	NonTarget	1	293230
1466.235	0.8	NonTarget	1	293247
1466.32	0.8	NonTarget	1	293264
1466.4	0.8	NonTarget	1	293280
1466.485	0.8	NonTarget	1	293297
1466.57	0.8	NonTarget	1	293314
1466.655	0.8	NonTarget	1	293331
1466.735	0.8	NonTarget	1	293347
1466.82	0.8	NonTarget	1	293364
1466.905	0.8	NonTarget	1	293381
1466.985	0.8	NonTarget	1	293397
1467.07	0.8	NonTarget	1	293414
1467.15	0.8	NonTarget	1	293430
1467.235	0.8	NonTarget	1	293447
1467.32	0.8	NonTarget	1	293464
1467.405	0.8	NonTarget	1	293481
1467.485	0.8	NonTarget	1	293497
1467.57	0.8	NonTarget	1	293514
1467.97	0.8	NonTarget	1	293594
1468.055	0.8	NonTarget	1	293611
1468.135	0.8	NonTarget	1	293627
1468.22	0.8	NonTarget	1	293644
1468.305	0.8	NonTarget	1	293661
1468.39	0.8	NonTarget	1	293678
1468.47	0.8	NonTarget	1	293694
1468.555	0.8	NonTarget	1	293711
1468.64	0.8	NonTarget	1	293728
1468.72	0.8	NonTarget	1	293744
1468.805	0.8	NonTarget	1	293761
1468.89	0.8	NonTarget	1	293778
1468.975	0.8	NonTarget	1	293795
1469.055	0.8	NonTarget	1	293811
1469.14	0.8	NonTarget	1	293828
1469.225	0.8	NonTarget	1	293845
1469.305	0.8	NonTarget	1	293861
1469.39	0.8	NonTarget	1	293878
1469.475	0.8	NonTarget	1	293895
1469.555	0.8	NonTarget	1	293911
1469.64	0.8	NonTarget	1	293928
1469.72	0.8	NonTarget	1	293944
1469.805	0.8	NonTarget	1	293961
1469.89	0.8	NonTarget	1	293978
1469.975	0.8	NonTarget	1	293995
1470.055	0.8	NonTarget	1	294011
1470.14	0.8	NonTarget	1	294028
1470.225	0.8	NonTarget	1	294045
1470.31	0.8	Target	2	294062
1470.39	0.8	NonTarget	1	294078
1470.79	0.8	NonTarget	1	294158
1470.875	0.8	NonTarget	1	294175
1470.96	0.8	NonTarget	1	294192
1471.045	0.8	NonTarget	1	294209
1471.125	0.8	NonTarget	1	294225
1471.205	0.8	NonTarget	1	294241
1471.29	0.8	NonTarget	1	294258
1471.375	0.8	NonTarget	1	294275
1471.46	0.8	NonTarget	1	294292
1471.54	0.8	NonTarget	1	294308
1471.625	0.8	NonTarget	1	294325
1471.71	0.8	NonTarget	1	294342
1471.795	0.8	NonTarget	1	294359
1471.875	0.8	NonTarget	1	294375
1471.96	0.8	NonTarget	1	294392
1472.045	0.8	NonTarget	1	294409
1472.125	0.8	NonTarget	1	294425
1472.21	0.8	NonTarget	1	294442
1472.295	0.8	Target	2	294459
1472.375	0.8	NonTarget	1	294475
1472.46	0.8	NonTarget	1	294492
1472.545	0.8	NonTarget	1	294509
1472.625	0.8	NonTarget	1	294525
1472.71	0.8	NonTarget	1	294542
1472.79	0.8	NonTarget	1	294558
1472.875	0.8	NonTarget	1	294575
1472.96	0.8	NonTarget	1	294592
1473.045	0.8	NonTarget	1	294609
1473.125	0.8	NonTarget	1	294625
1473.21	0.8	NonTarget	1	294642
1473.61	0.8	NonTarget	1	294722
1473.695	0.8	NonTarget	1	294739
1473.78	0.8	NonTarget	1	294756
1473.86	0.8	NonTarget	1	294772
1473.945	0.8	NonTarget	1	294789
1474.03	0.8	NonTarget	1	294806
1474.115	0.8	NonTarget	1	294823
1474.195	0.8	NonTarget	1	294839
1474.28	0.8	NonTarget	1	294856
1474.36	0.8	NonTarget	1	294872
1474.445	0.8	NonTarget	1	294889
1474.53	0.8	NonTarget	1	294906
1474.61	0.8	NonTarget	1	294922
1474.695	0.8	Target	2	294939
1474.78	0.8	NonTarget	1	294956
1474.865	0.8	NonTarget	1	294973
1474.945	0.8	NonTarget	1	294989
1475.03	0.8	NonTarget	1	295006
1475.115	0.8	NonTarget	1	295023
1475.195	0.8	NonTarget	1	295039
1475.28	0.8	NonTarget	1	295056
1475.365	0.8	NonTarget	1	295073
1475.45	0.8	NonTarget	1	295090
1475.53	0.8	NonTarget	1	295106
1475.615	0.8	NonTarget	1	295123
1475.7	0.8	NonTarget	1	295140
1475.78	0.8	NonTarget	1	295156
1475.865	0.8	NonTarget	1	295173
1475.95	0.8	NonTarget	1	295190
1476.035	0.8	NonTarget	1	295207
1476.43	0.8	NonTarget	1	295286
1476.515	0.8	NonTarget	1	295303
1476.6	0.8	NonTarget	1	295320
1476.685	0.8	NonTarget	1	295337
1476.765	0.8	NonTarget	1	295353
1476.85	0.8	NonTarget	1	295370
1476.93	0.8	NonTarget	1	295386
1477.015	0.8	NonTarget	1	295403
1477.1	0.8	NonTarget	1	295420
1477.185	0.8	NonTarget	1	295437
1477.265	0.8	NonTarget	1	295453
1477.35	0.8	NonTarget	1	295470
1477.435	0.8	NonTarget	1	295487
1477.515	0.8	NonTarget	1	295503
1477.6	0.8	NonTarget	1	295520
1477.685	0.8	NonTarget	1	295537
1477.765	0.8	NonTarget	1	295553
1477.85	0.8	NonTarget	1	295570
1477.935	0.8	Target	2	295587
1478.02	0.8	NonTarget	1	295604
1478.105	0.8	NonTarget	1	295621
1478.185	0.8	NonTarget	1	295637
1478.27	0.8	NonTarget	1	295654
1478.35	0.8	NonTarget	1	295670
1478.435	0.8	NonTarget	1	295687
1478.52	0.8	NonTarget	1	295704
1478.6	0.8	NonTarget	1	295720
1478.685	0.8	NonTarget	1	295737
1478.77	0.8	NonTarget	1	295754
1478.85	0.8	NonTarget	1	295770
1479.255	0.8	NonTarget	1	295851
1479.335	0.8	NonTarget	1	295867
1479.42	0.8	NonTarget	1	295884
1479.505	0.8	Target	2	295901
1479.585	0.8	NonTarget	1	295917
1479.67	0.8	NonTarget	1	295934
1479.755	0.8	NonTarget	1	295951
1479.835	0.8	NonTarget	1	295967
1479.92	0.8	NonTarget	1	295984
1480.005	0.8	NonTarget	1	296001
1480.09	0.8	NonTarget	1	296018
1480.17	0.8	NonTarget	1	296034
1480.255	0.8	NonTarget	1	296051
1480.34	0.8	NonTarget	1	296068
1480.42	0.8	NonTarget	1	296084
1480.505	0.8	NonTarget	1	296101
1480.59	0.8	NonTarget	1	296118
1480.67	0.8	NonTarget	1	296134
1480.755	0.8	NonTarget	1	296151
1480.84	0.8	NonTarget	1	296168
1480.92	0.8	NonTarget	1	296184
1481.005	0.8	NonTarget	1	296201
1481.09	0.8	NonTarget	1	296218
1481.175	0.8	NonTarget	1	296235
1481.255	0.8	NonTarget	1	296251
1481.34	0.8	NonTarget	1	296268
1481.425	0.8	NonTarget	1	296285
1481.505	0.8	NonTarget	1	296301
1481.59	0.8	NonTarget	1	296318
1481.675	0.8	NonTarget	1	296335
1482.07	0.8	NonTarget	1	296414
1482.155	0.8	NonTarget	1	296431
1482.24	0.8	NonTarget	1	296448
1482.325	0.8	NonTarget	1	296465
1482.41	0.8	NonTarget	1	296482
1482.49	0.8	NonTarget	1	296498
1482.575	0.8	NonTarget	1	296515
1482.655	0.8	NonTarget	1	296531
1482.74	0.8	NonTarget	1	296548
1482.825	0.8	NonTarget	1	296565
1482.91	0.8	NonTarget	1	296582
1482.99	0.8	NonTarget	1	296598
1483.075	0.8	NonTarget	1	296615
1483.16	0.8	Target	2	296632
1483.24	0.8	NonTarget	1	296648
1483.325	0.8	NonTarget	1	296665
1483.41	0.8	NonTarget	1	296682
1483.495	0.8	NonTarget	1	296699
1483.575	0.8	NonTarget	1	296715
1483.66	0.8	NonTarget	1	296732
1483.745	0.8	NonTarget	1	296749
1483.825	0.8	NonTarget	1	296765
1483.91	0.8	NonTarget	1	296782
1483.995	0.8	NonTarget	1	296799
1484.075	0.8	NonTarget	1	296815
1484.16	0.8	NonTarget	1	296832
1484.245	0.8	NonTarget	1	296849
1484.325	0.8	NonTarget	1	296865
1484.41	0.8	NonTarget	1	296882
1484.495	0.8	NonTarget	1	296899
1494.13	0.8	NonTarget	1	298826
1494.205	0.8	NonTarget	1	298841
1494.29	0.8	NonTarget	1	298858
1494.375	0.8	NonTarget	1	298875
1494.455	0.8	NonTarget	1	298891
1494.54	0.8	NonTarget	1	298908
1494.625	0.8	NonTarget	1	298925
1494.71	0.8	NonTarget	1	298942
1494.79	0.8	NonTarget	1	298958
1494.875	0.8	NonTarget	1	298975
1494.96	0.8	NonTarget	1	298992
1495.04	0.8	NonTarget	1	299008
1495.125	0.8	NonTarget	1	299025
1495.21	0.8	NonTarget	1	299042
1495.29	0.8	NonTarget	1	299058
1495.375	0.8	NonTarget	1	299075
1495.46	0.8	Target	2	299092
1495.545	0.8	NonTarget	1	299109
1495.625	0.8	NonTarget	1	299125
1495.71	0.8	NonTarget	1	299142
1495.795	0.8	NonTarget	1	299159
1495.875	0.8	NonTarget	1	299175
1495.96	0.8	NonTarget	1	299192
1496.045	0.8	NonTarget	1	299209
1496.125	0.8	NonTarget	1	299225
1496.21	0.8	NonTarget	1	299242
1496.295	0.8	NonTarget	1	299259
1496.38	0.8	NonTarget	1	299276
1496.46	0.8	NonTarget	1	299292
1496.545	0.8	NonTarget	1	299309
1496.945	0.8	NonTarget	1	299389
1497.03	0.8	NonTarget	1	299406
1497.115	0.8	NonTarget	1	299423
1497.195	0.8	NonTarget	1	299439
1497.28	0.8	NonTarget	1	299456
1497.36	0.8	NonTarget	1	299472
1497.445	0.8	NonTarget	1	299489
1497.53	0.8	NonTarget	1	299506
1497.615	0.8	NonTarget	1	299523
1497.695	0.8	NonTarget	1	299539
1497.78	0.8	NonTarget	1	299556
1497.865	0.8	NonTarget	1	299573
1497.95	0.8	NonTarget	1	299590
1498.03	0.8	NonTarget	1	299606
1498.115	0.8	NonTarget	1	299623
1498.195	0.8	NonTarget	1	299639
1498.28	0.8	NonTarget	1	299656
1498.365	0.8	NonTarget	1	299673
1498.45	0.8	NonTarget	1	299690
1498.53	0.8	NonTarget	1	299706
1498.615	0.8	NonTarget	1	299723
1498.695	0.8	Target	2	299739
1498.78	0.8	NonTarget	1	299756
1498.865	0.8	NonTarget	1	299773
1498.95	0.8	NonTarget	1	299790
1499.03	0.8	NonTarget	1	299806
1499.115	0.8	NonTarget	1	299823
1499.2	0.8	NonTarget	1	299840
1499.28	0.8	NonTarget	1	299856
1499.365	0.8	NonTarget	1	299873
1499.765	0.8	NonTarget	1	299953
1499.85	0.8	NonTarget	1	299970
1499.93	0.8	NonTarget	1	299986
1500.015	0.8	NonTarget	1	300003
1500.1	0.8	NonTarget	1	300020
1500.185	0.8	NonTarget	1	300037
1500.265	0.8	NonTarget	1	300053
1500.35	0.8	NonTarget	1	300070
1500.435	0.8	NonTarget	1	300087
1500.515	0.8	NonTarget	1	300103
1500.6	0.8	NonTarget	1	300120
1500.685	0.8	Target	2	300137
1500.765	0.8	NonTarget	1	300153
1500.85	0.8	NonTarget	1	300170
1500.935	0.8	NonTarget	1	300187
1501.015	0.8	NonTarget	1	300203
1501.1	0.8	NonTarget	1	300220
1501.185	0.8	NonTarget	1	300237
1501.27	0.8	NonTarget	1	300254
1501.35	0.8	NonTarget	1	300270
1501.435	0.8	NonTarget	1	300287
1501.52	0.8	NonTarget	1	300304
1501.6	0.8	NonTarget	1	300320
1501.685	0.8	NonTarget	1	300337
1501.77	0.8	NonTarget	1	300354
1501.85	0.8	NonTarget	1	300370
1501.935	0.8	NonTarget	1	300387
1502.02	0.8	NonTarget	1	300404
1502.105	0.8	NonTarget	1	300421
1502.185	0.8	NonTarget	1	300437
1502.585	0.8	NonTarget	1	300517
1502.67	0.8	NonTarget	1	300534
1502.755	0.8	NonTarget	1	300551
1502.835	0.8	NonTarget	1	300567
1502.92	0.8	NonTarget	1	300584
1503.005	0.8	NonTarget	1	300601
1503.085	0.8	Target	2	300617
1503.17	0.8	NonTarget	1	300634
1503.255	0.8	NonTarget	1	300651
1503.34	0.8	NonTarget	1	300668
1503.42	0.8	NonTarget	1	300684
1503.505	0.8	NonTarget	1	300701
1503.59	0.8	NonTarget	1	300718
1503.67	0.8	NonTarget	1	300734
1503.755	0.8	NonTarget	1	300751
1503.835	0.8	NonTarget	1	300767
1503.92	0.8	NonTarget	1	300784
1504.005	0.8	NonTarget	1	300801
1504.09	0.8	NonTarget	1	300818
1504.17	0.8	NonTarget	1	300834
1504.255	0.8	NonTarget	1	300851
1504.34	0.8	NonTarget	1	300868
1504.42	0.8	NonTarget	1	300884
1504.505	0.8	NonTarget	1	300901
1504.59	0.8	NonTarget	1	300918
1504.675	0.8	NonTarget	1	300935
1504.755	0.8	NonTarget	1	300951
1504.84	0.8	NonTarget	1	300968
1504.925	0.8	NonTarget	1	300985
1505.005	0.8	NonTarget	1	301001
1505.405	0.8	NonTarget	1	301081
1505.49	0.8	NonTarget	1	301098
1505.575	0.8	NonTarget	1	301115
1505.66	0.8	NonTarget	1	301132
1505.74	0.8	NonTarget	1	301148
1505.825	0.8	NonTarget	1	301165
1505.905	0.8	NonTarget	1	301181
1505.99	0.8	NonTarget	1	301198
1506.075	0.8	NonTarget	1	301215
1506.16	0.8	NonTarget	1	301232
1506.24	0.8	NonTarget	1	301248
1506.325	0.8	NonTarget	1	301265
1506.41	0.8	NonTarget	1	301282
1506.49	0.8	NonTarget	1	301298
1506.575	0.8	NonTarget	1	301315
1506.66	0.8	NonTarget	1	301332
1506.745	0.8	NonTarget	1	301349
1506.825	0.8	NonTarget	1	301365
1506.91	0.8	NonTarget	1	301382
1506.995	0.8	NonTarget	1	301399
1507.075	0.8	NonTarget	1	301415
1507.16	0.8	Target	2	301432
1507.245	0.8	NonTarget	1	301449
1507.325	0.8	NonTarget	1	301465
1507.41	0.8	NonTarget	1	301482
1507.495	0.8	NonTarget	1	301499
1507.575	0.8	NonTarget	1	301515
1507.66	0.8	NonTarget	1	301532
1507.745	0.8	NonTarget	1	301549
1507.83	0.8	NonTarget	1	301566
1508.23	0.8	NonTarget	1	301646
1508.31	0.8	NonTarget	1	301662
1508.395	0.8	NonTarget	1	301679
1508.48	0.8	NonTarget	1	301696
1508.56	0.8	NonTarget	1	301712
1508.645	0.8	NonTarget	1	301729
1508.725	0.8	NonTarget	1	301745
1508.815	0.8	NonTarget	1	301763
1508.895	0.8	NonTarget	1	301779
1508.975	0.8	NonTarget	1	301795
1509.06	0.8	NonTarget	1	301812
1509.145	0.8	Target	2	301829
1509.23	0.8	NonTarget	1	301846
1509.315	0.8	NonTarget	1	301863
1509.395	0.8	NonTarget	1	301879
1509.48	0.8	NonTarget	1	301896
1509.565	0.8	NonTarget	1	301913
1509.65	0.8	NonTarget	1	301930
1509.73	0.8	NonTarget	1	301946
1509.815	0.8	NonTarget	1	301963
1509.9	0.8	NonTarget	1	301980
1509.98	0.8	NonTarget	1	301996
1510.065	0.8	NonTarget	1	302013
1510.15	0.8	NonTarget	1	302030
1510.23	0.8	NonTarget	1	302046
1510.315	0.8	NonTarget	1	302063
1510.4	0.8	NonTarget	1	302080
1510.48	0.8	NonTarget	1	302096
1510.565	0.8	NonTarget	1	302113
1510.65	0.8	NonTarget	1	302130
1511.05	0.8	NonTarget	1	302210
1511.13	0.8	NonTarget	1	302226
1511.215	0.8	NonTarget	1	302243
1511.3	0.8	NonTarget	1	302260
1511.385	0.8	NonTarget	1	302277
1511.465	0.8	NonTarget	1	302293
1511.55	0.8	NonTarget	1	302310
1511.63	0.8	NonTarget	1	302326
1511.715	0.8	NonTarget	1	302343
1511.8	0.8	NonTarget	1	302360
1511.885	0.8	NonTarget	1	302377
1511.965	0.8	NonTarget	1	302393
1512.05	0.8	NonTarget	1	302410
1512.135	0.8	NonTarget	1	302427
1512.215	0.8	NonTarget	1	302443
1512.3	0.8	NonTarget	1	302460
1512.385	0.8	Target	2	302477
1512.47	0.8	NonTarget	1	302494
1512.55	0.8	NonTarget	1	302510
1512.635	0.8	NonTarget	1	302527
1512.72	0.8	NonTarget	1	302544
1512.8	0.8	NonTarget	1	302560
1512.885	0.8	NonTarget	1	302577
1512.97	0.8	NonTarget	1	302594
1513.05	0.8	NonTarget	1	302610
1513.135	0.8	NonTarget	1	302627
1513.22	0.8	NonTarget	1	302644
1513.3	0.8	NonTarget	1	302660
1513.385	0.8	NonTarget	1	302677
1513.47	0.8	NonTarget	1	302694
1513.87	0.8	NonTarget	1	302774
1513.95	0.8	NonTarget	1	302790
1514.035	0.8	NonTarget	1	302807
1514.12	0.8	NonTarget	1	302824
1514.205	0.8	NonTarget	1	302841
1514.285	0.8	NonTarget	1	302857
1514.37	0.8	Target	2	302874
1514.455	0.8	NonTarget	1	302891
1514.535	0.8	NonTarget	1	302907
1514.62	0.8	NonTarget	1	302924
1514.705	0.8	NonTarget	1	302941
1514.785	0.8	NonTarget	1	302957
1514.87	0.8	NonTarget	1	302974
1514.955	0.8	NonTarget	1	302991
1515.04	0.8	NonTarget	1	303008
1515.12	0.8	NonTarget	1	303024
1515.205	0.8	NonTarget	1	303041
1515.285	0.8	NonTarget	1	303057
1515.37	0.8	NonTarget	1	303074
1515.455	0.8	NonTarget	1	303091
1515.54	0.8	NonTarget	1	303108
1515.62	0.8	NonTarget	1	303124
1515.705	0.8	NonTarget	1	303141
1515.79	0.8	NonTarget	1	303158
1515.87	0.8	NonTarget	1	303174
1515.955	0.8	NonTarget	1	303191
1516.04	0.8	NonTarget	1	303208
1516.12	0.8	NonTarget	1	303224
1516.205	0.8	NonTarget	1	303241
1516.29	0.8	NonTarget	1	303258
1516.69	0.8	NonTarget	1	303338
1516.775	0.8	NonTarget	1	303355
1516.855	0.8	NonTarget	1	303371
1516.94	0.8	NonTarget	1	303388
1517.025	0.8	NonTarget	1	303405
1517.11	0.8	NonTarget	1	303422
1517.19	0.8	NonTarget	1	303438
1517.275	0.8	NonTarget	1	303455
1517.355	0.8	NonTarget	1	303471
1517.44	0.8	NonTarget	1	303488
1517.525	0.8	NonTarget	1	303505
1517.605	0.8	Target	2	303521
1517.69	0.8	NonTarget	1	303538
1517.775	0.8	NonTarget	1	303555
1517.855	0.8	NonTarget	1	303571
1517.94	0.8	NonTarget	1	303588
1518.025	0.8	NonTarget	1	303605
1518.11	0.8	NonTarget	1	303622
1518.195	0.8	NonTarget	1	303639
1518.275	0.8	NonTarget	1	303655
1518.355	0.8	NonTarget	1	303671
1518.44	0.8	NonTarget	1	303688
1518.525	0.8	NonTarget	1	303705
1518.61	0.8	NonTarget	1	303722
1518.695	0.8	NonTarget	1	303739
1518.775	0.8	NonTarget	1	303755
1518.86	0.8	NonTarget	1	303772
1518.945	0.8	NonTarget	1	303789
1519.025	0.8	NonTarget	1	303805
1519.11	0.8	NonTarget	1	303822
1519.51	0.8	NonTarget	1	303902
1519.595	0.8	NonTarget	1	303919
1519.675	0.8	NonTarget	1	303935
1519.76	0.8	NonTarget	1	303952
1519.845	0.8	NonTarget	1	303969
1519.93	0.8	NonTarget	1	303986
1520.01	0.8	NonTarget	1	304002
1520.095	0.8	NonTarget	1	304019
1520.18	0.8	NonTarget	1	304036
1520.265	0.8	NonTarget	1	304053
1520.345	0.8	NonTarget	1	304069
1520.43	0.8	NonTarget	1	304086
1520.51	0.8	NonTarget	1	304102
1520.595	0.8	NonTarget	1	304119
1520.68	0.8	NonTarget	1	304136
1520.76	0.8	NonTarget	1	304152
1520.845	0.8	Target	2	304169
1520.93	0.8	NonTarget	1	304186
1521.01	0.8	NonTarget	1	304202
1521.095	0.8	NonTarget	1	304219
1521.18	0.8	NonTarget	1	304236
1521.265	0.8	NonTarget	1	304253
1521.345	0.8	NonTarget	1	304269
1521.43	0.8	NonTarget	1	304286
1521.515	0.8	NonTarget	1	304303
1521.595	0.8	NonTarget	1	304319
1521.68	0.8	NonTarget	1	304336
1521.765	0.8	NonTarget	1	304353
1521.845	0.8	NonTarget	1	304369
1521.93	0.8	NonTarget	1	304386
1531.565	0.8	NonTarget	1	306313
1531.645	0.8	NonTarget	1	306329
1531.73	0.8	NonTarget	1	306346
1531.81	0.8	NonTarget	1	306362
1531.895	0.8	NonTarget	1	306379
1531.98	0.8	NonTarget	1	306396
1532.06	0.8	Target	2	306412
1532.145	0.8	NonTarget	1	306429
1532.23	0.8	NonTarget	1	306446
1532.31	0.8	NonTarget	1	306462
1532.395	0.8	NonTarget	1	306479
1532.48	0.8	NonTarget	1	306496
1532.56	0.8	NonTarget	1	306512
1532.645	0.8	NonTarget	1	306529
1532.73	0.8	NonTarget	1	306546
1532.81	0.8	NonTarget	1	306562
1532.895	0.8	NonTarget	1	306579
1532.98	0.8	NonTarget	1	306596
1533.065	0.8	NonTarget	1	306613
1533.145	0.8	NonTarget	1	306629
1533.23	0.8	NonTarget	1	306646
1533.315	0.8	NonTarget	1	306663
1533.395	0.8	NonTarget	1	306679
1533.48	0.8	NonTarget	1	306696
1533.565	0.8	NonTarget	1	306713
1533.65	0.8	NonTarget	1	306730
1533.73	0.8	NonTarget	1	306746
1533.815	0.8	NonTarget	1	306763
1533.9	0.8	NonTarget	1	306780
1533.98	0.8	NonTarget	1	306796
1534.38	0.8	NonTarget	1	306876
1534.465	0.8	NonTarget	1	306893
1534.55	0.8	NonTarget	1	306910
1534.63	0.8	NonTarget	1	306926
1534.715	0.8	NonTarget	1	306943
1534.795	0.8	NonTarget	1	306959
1534.88	0.8	Target	2	306976
1534.965	0.8	NonTarget	1	306993
1535.05	0.8	NonTarget	1	307010
1535.13	0.8	NonTarget	1	307026
1535.215	0.8	NonTarget	1	307043
1535.3	0.8	NonTarget	1	307060
1535.385	0.8	NonTarget	1	307077
1535.465	0.8	NonTarget	1	307093
1535.55	0.8	NonTarget	1	307110
1535.635	0.8	NonTarget	1	307127
1535.715	0.8	NonTarget	1	307143
1535.8	0.8	NonTarget	1	307160
1535.885	0.8	NonTarget	1	307177
1535.97	0.8	NonTarget	1	307194
1536.05	0.8	NonTarget	1	307210
1536.135	0.8	NonTarget	1	307227
1536.22	0.8	NonTarget	1	307244
1536.3	0.8	NonTarget	1	307260
1536.385	0.8	NonTarget	1	307277
1536.47	0.8	NonTarget	1	307294
1536.55	0.8	NonTarget	1	307310
1536.635	0.8	NonTarget	1	307327
1536.72	0.8	NonTarget	1	307344
1536.8	0.8	NonTarget	1	307360
1537.2	0.8	NonTarget	1	307440
1537.285	0.8	NonTarget	1	307457
1537.37	0.8	NonTarget	1	307474
1537.455	0.8	NonTarget	1	307491
1537.535	0.8	NonTarget	1	307507
1537.62	0.8	NonTarget	1	307524
1537.705	0.8	NonTarget	1	307541
1537.785	0.8	NonTarget	1	307557
1537.87	0.8	NonTarget	1	307574
1537.955	0.8	NonTarget	1	307591
1538.035	0.8	NonTarget	1	307607
1538.12	0.8	NonTarget	1	307624
1538.205	0.8	NonTarget	1	307641
1538.285	0.8	NonTarget	1	307657
1538.37	0.8	NonTarget	1	307674
1538.455	0.8	NonTarget	1	307691
1538.54	0.8	NonTarget	1	307708
1538.62	0.8	NonTarget	1	307724
1538.705	0.8	NonTarget	1	307741
1538.79	0.8	NonTarget	1	307758
1538.87	0.8	NonTarget	1	307774
1538.955	0.8	Target	2	307791
1539.04	0.8	NonTarget	1	307808
1539.12	0.8	NonTarget	1	307824
1539.205	0.8	NonTarget	1	307841
1539.29	0.8	NonTarget	1	307858
1539.37	0.8	NonTarget	1	307874
1539.455	0.8	NonTarget	1	307891
1539.54	0.8	NonTarget	1	307908
1539.62	0.8	NonTarget	1	307924
1540.025	0.8	NonTarget	1	308005
1540.105	0.8	NonTarget	1	308021
1540.19	0.8	NonTarget	1	308038
1540.275	0.8	NonTarget	1	308055
1540.36	0.8	NonTarget	1	308072
1540.44	0.8	NonTarget	1	308088
1540.525	0.8	Target	2	308105
1540.605	0.8	NonTarget	1	308121
1540.69	0.8	NonTarget	1	308138
1540.775	0.8	NonTarget	1	308155
1540.855	0.8	NonTarget	1	308171
1540.94	0.8	NonTarget	1	308188
1541.025	0.8	NonTarget	1	308205
1541.11	0.8	NonTarget	1	308222
1541.19	0.8	NonTarget	1	308238
1541.275	0.8	NonTarget	1	308255
1541.36	0.8	NonTarget	1	308272
1541.44	0.8	NonTarget	1	308288
1541.525	0.8	NonTarget	1	308305
1541.61	0.8	NonTarget	1	308322
1541.695	0.8	NonTarget	1	308339
1541.775	0.8	NonTarget	1	308355
1541.86	0.8	NonTarget	1	308372
1541.945	0.8	NonTarget	1	308389
1542.025	0.8	NonTarget	1	308405
1542.11	0.8	NonTarget	1	308422
1542.19	0.8	NonTarget	1	308438
1542.275	0.8	NonTarget	1	308455
1542.36	0.8	NonTarget	1	308472
1542.44	0.8	NonTarget	1	308488
1542.845	0.8	NonTarget	1	308569
1542.925	0.8	NonTarget	1	308585
1543.01	0.8	NonTarget	1	308602
1543.095	0.8	NonTarget	1	308619
1543.175	0.8	NonTarget	1	308635
1543.26	0.8	NonTarget	1	308652
1543.345	0.8	NonTarget	1	308669
1543.43	0.8	NonTarget	1	308686
1543.51	0.8	NonTarget	1	308702
1543.595	0.8	NonTarget	1	308719
1543.68	0.8	NonTarget	1	308736
1543.76	0.8	NonTarget	1	308752
1543.845	0.8	NonTarget	1	308769
1543.93	0.8	NonTarget	1	308786
1544.01	0.8	NonTarget	1	308802
1544.095	0.8	NonTarget	1	308819
1544.18	0.8	NonTarget	1	308836
1544.26	0.8	NonTarget	1	308852
1544.345	0.8	NonTarget	1	308869
1544.43	0.8	NonTarget	1	308886
1544.51	0.8	NonTarget	1	308902
1544.595	0.8	NonTarget	1	308919
1544.68	0.8	NonTarget	1	308936
1544.76	0.8	NonTarget	1	308952
1544.845	0.8	NonTarget	1	308969
1544.93	0.8	NonTarget	1	308986
1545.015	0.8	Target	2	309003
1545.095	0.8	NonTarget	1	309019
1545.18	0.8	NonTarget	1	309036
1545.265	0.8	NonTarget	1	309053
1545.66	0.8	NonTarget	1	309132
1545.745	0.8	NonTarget	1	309149
1545.83	0.8	NonTarget	1	309166
1545.915	0.8	NonTarget	1	309183
1545.995	0.8	NonTarget	1	309199
1546.08	0.8	NonTarget	1	309216
1546.165	0.8	NonTarget	1	309233
1546.25	0.8	NonTarget	1	309250
1546.33	0.8	NonTarget	1	309266
1546.415	0.8	NonTarget	1	309283
1546.5	0.8	NonTarget	1	309300
1546.585	0.8	Target	2	309317
1546.665	0.8	NonTarget	1	309333
1546.75	0.8	NonTarget	1	309350
1546.835	0.8	NonTarget	1	309367
1546.915	0.8	NonTarget	1	309383
1547.0	0.8	NonTarget	1	309400
1547.085	0.8	NonTarget	1	309417
1547.165	0.8	NonTarget	1	309433
1547.25	0.8	NonTarget	1	309450
1547.335	0.8	NonTarget	1	309467
1547.415	0.8	NonTarget	1	309483
1547.5	0.8	NonTarget	1	309500
1547.585	0.8	NonTarget	1	309517
1547.665	0.8	NonTarget	1	309533
1547.75	0.8	NonTarget	1	309550
1547.835	0.8	NonTarget	1	309567
1547.915	0.8	NonTarget	1	309583
1548.0	0.8	NonTarget	1	309600
1548.085	0.8	NonTarget	1	309617
1548.485	0.8	NonTarget	1	309697
1548.57	0.8	Target	2	309714
1548.65	0.8	NonTarget	1	309730
1548.735	0.8	NonTarget	1	309747
1548.82	0.8	NonTarget	1	309764
1548.9	0.8	NonTarget	1	309780
1548.985	0.8	NonTarget	1	309797
1549.065	0.8	NonTarget	1	309813
1549.15	0.8	NonTarget	1	309830
1549.235	0.8	NonTarget	1	309847
1549.32	0.8	NonTarget	1	309864
1549.405	0.8	NonTarget	1	309881
1549.485	0.8	NonTarget	1	309897
1549.57	0.8	NonTarget	1	309914
1549.65	0.8	NonTarget	1	309930
1549.74	0.8	NonTarget	1	309948
1549.82	0.8	NonTarget	1	309964
1549.905	0.8	NonTarget	1	309981
1549.985	0.8	NonTarget	1	309997
1550.07	0.8	NonTarget	1	310014
1550.155	0.8	NonTarget	1	310031
1550.235	0.8	NonTarget	1	310047
1550.32	0.8	NonTarget	1	310064
1550.405	0.8	NonTarget	1	310081
1550.485	0.8	NonTarget	1	310097
1550.57	0.8	NonTarget	1	310114
1550.655	0.8	NonTarget	1	310131
1550.74	0.8	NonTarget	1	310148
1550.82	0.8	NonTarget	1	310164
1550.905	0.8	NonTarget	1	310181
1551.305	0.8	NonTarget	1	310261
1551.39	0.8	NonTarget	1	310278
1551.475	0.8	NonTarget	1	310295
1551.555	0.8	NonTarget	1	310311
1551.64	0.8	NonTarget	1	310328
1551.72	0.8	NonTarget	1	310344
1551.805	0.8	Target	2	310361
1551.89	0.8	NonTarget	1	310378
1551.975	0.8	NonTarget	1	310395
1552.055	0.8	NonTarget	1	310411
1552.14	0.8	NonTarget	1	310428
1552.225	0.8	NonTarget	1	310445
1552.31	0.8	NonTarget	1	310462
1552.39	0.8	NonTarget	1	310478
1552.475	0.8	NonTarget	1	310495
1552.56	0.8	NonTarget	1	310512
1552.64	0.8	NonTarget	1	310528
1552.725	0.8	NonTarget	1	310545
1552.81	0.8	NonTarget	1	310562
1552.89	0.8	NonTarget	1	310578
1552.975	0.8	NonTarget	1	310595
1553.06	0.8	NonTarget	1	310612
1553.14	0.8	NonTarget	1	310628
1553.225	0.8	NonTarget	1	310645
1553.31	0.8	NonTarget	1	310662
1553.39	0.8	NonTarget	1	310678
1553.475	0.8	NonTarget	1	310695
1553.56	0.8	NonTarget	1	310712
1553.645	0.8	NonTarget	1	310729
1553.725	0.8	NonTarget	1	310745
1554.125	0.8	NonTarget	1	310825
1554.21	0.8	NonTarget	1	310842
1554.295	0.8	NonTarget	1	310859
1554.38	0.8	NonTarget	1	310876
1554.46	0.8	NonTarget	1	310892
1554.545	0.8	NonTarget	1	310909
1554.625	0.8	NonTarget	1	310925
1554.71	0.8	NonTarget	1	310942
1554.795	0.8	NonTarget	1	310959
1554.875	0.8	NonTarget	1	310975
1554.96	0.8	NonTarget	1	310992
1555.045	0.8	Target	2	311009
1555.13	0.8	NonTarget	1	311026
1555.21	0.8	NonTarget	1	311042
1555.295	0.8	NonTarget	1	311059
1555.38	0.8	NonTarget	1	311076
1555.46	0.8	NonTarget	1	311092
1555.545	0.8	NonTarget	1	311109
1555.63	0.8	NonTarget	1	311126
1555.71	0.8	NonTarget	1	311142
1555.795	0.8	NonTarget	1	311159
1555.88	0.8	NonTarget	1	311176
1555.965	0.8	NonTarget	1	311193
1556.045	0.8	NonTarget	1	311209
1556.13	0.8	NonTarget	1	311226
1556.21	0.8	NonTarget	1	311242
1556.295	0.8	NonTarget	1	311259
1556.38	0.8	NonTarget	1	311276
1556.465	0.8	NonTarget	1	311293
1556.545	0.8	NonTarget	1	311309
1556.945	0.8	NonTarget	1	311389
1557.03	0.8	NonTarget	1	311406
1557.115	0.8	NonTarget	1	311423
1557.195	0.8	NonTarget	1	311439
1557.28	0.8	NonTarget	1	311456
1557.365	0.8	NonTarget	1	311473
1557.45	0.8	NonTarget	1	311490
1557.53	0.8	NonTarget	1	311506
1557.615	0.8	NonTarget	1	311523
1557.7	0.8	NonTarget	1	311540
1557.78	0.8	NonTarget	1	311556
1557.865	0.8	NonTarget	1	311573
1557.95	0.8	NonTarget	1	311590
1558.03	0.8	NonTarget	1	311606
1558.115	0.8	NonTarget	1	311623
1558.2	0.8	NonTarget	1	311640
1558.28	0.8	NonTarget	1	311656
1558.365	0.8	NonTarget	1	311673
1558.45	0.8	NonTarget	1	311690
1558.53	0.8	NonTarget	1	311706
1558.615	0.8	NonTarget	1	311723
1558.7	0.8	Target	2	311740
1558.785	0.8	NonTarget	1	311757
1558.865	0.8	NonTarget	1	311773
1558.95	0.8	NonTarget	1	311790
1559.03	0.8	NonTarget	1	311806
1559.115	0.8	NonTarget	1	311823
1559.2	0.8	NonTarget	1	311840
1559.285	0.8	NonTarget	1	311857
1559.365	0.8	NonTarget	1	311873
1569.0	0.8	Target	2	313800
1569.08	0.8	NonTarget	1	313816
1569.165	0.8	NonTarget	1	313833
1569.245	0.8	NonTarget	1	313849
1569.33	0.8	NonTarget	1	313866
1569.415	0.8	NonTarget	1	313883
1569.5	0.8	NonTarget	1	313900
1569.58	0.8	NonTarget	1	313916
1569.665	0.8	NonTarget	1	313933
1569.75	0.8	NonTarget	1	313950
1569.83	0.8	NonTarget	1	313966
1569.915	0.8	NonTarget	1	313983
1570.0	0.8	NonTarget	1	314000
1570.08	0.8	NonTarget	1	314016
1570.165	0.8	NonTarget	1	314033
1570.25	0.8	NonTarget	1	314050
1570.33	0.8	NonTarget	1	314066
1570.415	0.8	NonTarget	1	314083
1570.5	0.8	NonTarget	1	314100
1570.585	0.8	NonTarget	1	314117
1570.67	0.8	NonTarget	1	314134
1570.75	0.8	NonTarget	1	314150
1570.835	0.8	NonTarget	1	314167
1570.915	0.8	NonTarget	1	314183
1571.0	0.8	NonTarget	1	314200
1571.085	0.8	NonTarget	1	314217
1571.165	0.8	NonTarget	1	314233
1571.25	0.8	NonTarget	1	314250
1571.335	0.8	NonTarget	1	314267
1571.42	0.8	NonTarget	1	314284
1571.815	0.8	Target	2	314363
1571.9	0.8	NonTarget	1	314380
1571.985	0.8	NonTarget	1	314397
1572.07	0.8	NonTarget	1	314414
1572.15	0.8	NonTarget	1	314430
1572.235	0.8	NonTarget	1	314447
1572.32	0.8	NonTarget	1	314464
1572.405	0.8	NonTarget	1	314481
1572.485	0.8	NonTarget	1	314497
1572.57	0.8	NonTarget	1	314514
1572.655	0.8	NonTarget	1	314531
1572.735	0.8	NonTarget	1	314547
1572.82	0.8	NonTarget	1	314564
1572.905	0.8	NonTarget	1	314581
1572.99	0.8	NonTarget	1	314598
1573.07	0.8	NonTarget	1	314614
1573.155	0.8	NonTarget	1	314631
1573.235	0.8	NonTarget	1	314647
1573.32	0.8	NonTarget	1	314664
1573.405	0.8	NonTarget	1	314681
1573.49	0.8	NonTarget	1	314698
1573.57	0.8	NonTarget	1	314714
1573.655	0.8	NonTarget	1	314731
1573.735	0.8	NonTarget	1	314747
1573.82	0.8	NonTarget	1	314764
1573.905	0.8	NonTarget	1	314781
1573.99	0.8	NonTarget	1	314798
1574.07	0.8	NonTarget	1	314814
1574.155	0.8	NonTarget	1	314831
1574.24	0.8	NonTarget	1	314848
1574.635	0.8	NonTarget	1	314927
1574.72	0.8	NonTarget	1	314944
1574.805	0.8	NonTarget	1	314961
1574.89	0.8	NonTarget	1	314978
1574.97	0.8	NonTarget	1	314994
1575.055	0.8	NonTarget	1	315011
1575.14	0.8	NonTarget	1	315028
1575.225	0.8	NonTarget	1	315045
1575.305	0.8	NonTarget	1	315061
1575.39	0.8	NonTarget	1	315078
1575.475	0.8	NonTarget	1	315095
1575.555	0.8	NonTarget	1	315111
1575.64	0.8	NonTarget	1	315128
1575.725	0.8	NonTarget	1	315145
1575.81	0.8	NonTarget	1	315162
1575.89	0.8	Target	2	315178
1575.975	0.8	NonTarget	1	315195
1576.055	0.8	NonTarget	1	315211
1576.14	0.8	NonTarget	1	315228
1576.225	0.8	NonTarget	1	315245
1576.31	0.8	NonTarget	1	315262
1576.39	0.8	NonTarget	1	315278
1576.475	0.8	NonTarget	1	315295
1576.555	0.8	NonTarget	1	315311
1576.64	0.8	NonTarget	1	315328
1576.725	0.8	NonTarget	1	315345
1576.81	0.8	NonTarget	1	315362
1576.89	0.8	NonTarget	1	315378
1576.975	0.8	NonTarget	1	315395
1577.06	0.8	NonTarget	1	315412
1577.46	0.8	NonTarget	1	315492
1577.545	0.8	NonTarget	1	315509
1577.625	0.8	NonTarget	1	315525
1577.71	0.8	NonTarget	1	315542
1577.795	0.8	NonTarget	1	315559
1577.875	0.8	Target	2	315575
1577.96	0.8	NonTarget	1	315592
1578.045	0.8	NonTarget	1	315609
1578.125	0.8	NonTarget	1	315625
1578.21	0.8	NonTarget	1	315642
1578.295	0.8	NonTarget	1	315659
1578.375	0.8	NonTarget	1	315675
1578.46	0.8	NonTarget	1	315692
1578.545	0.8	NonTarget	1	315709
1578.63	0.8	NonTarget	1	315726
1578.71	0.8	NonTarget	1	315742
1578.795	0.8	NonTarget	1	315759
1578.88	0.8	NonTarget	1	315776
1578.96	0.8	NonTarget	1	315792
1579.045	0.8	NonTarget	1	315809
1579.13	0.8	NonTarget	1	315826
1579.21	0.8	NonTarget	1	315842
1579.295	0.8	NonTarget	1	315859
1579.38	0.8	NonTarget	1	315876
1579.46	0.8	NonTarget	1	315892
1579.545	0.8	NonTarget	1	315909
1579.63	0.8	NonTarget	1	315926
1579.715	0.8	NonTarget	1	315943
1579.795	0.8	NonTarget	1	315959
1579.88	0.8	NonTarget	1	315976
1580.28	0.8	NonTarget	1	316056
1580.365	0.8	NonTarget	1	316073
1580.445	0.8	NonTarget	1	316089
1580.53	0.8	NonTarget	1	316106
1580.615	0.8	NonTarget	1	316123
1580.7	0.8	NonTarget	1	316140
1580.78	0.8	NonTarget	1	316156
1580.865	0.8	NonTarget	1	316173
1580.95	0.8	NonTarget	1	316190
1581.03	0.8	NonTarget	1	316206
1581.115	0.8	NonTarget	1	316223
1581.195	0.8	NonTarget	1	316239
1581.28	0.8	NonTarget	1	316256
1581.365	0.8	NonTarget	1	316273
1581.45	0.8	NonTarget	1	316290
1581.53	0.8	Target	2	316306
1581.615	0.8	NonTarget	1	316323
1581.7	0.8	NonTarget	1	316340
1581.785	0.8	NonTarget	1	316357
1581.865	0.8	NonTarget	1	316373
1581.95	0.8	NonTarget	1	316390
1582.03	0.8	NonTarget	1	316406
1582.115	0.8	NonTarget	1	316423
1582.2	0.8	NonTarget	1	316440
1582.285	0.8	NonTarget	1	316457
1582.365	0.8	NonTarget	1	316473
1582.45	0.8	NonTarget	1	316490
1582.535	0.8	NonTarget	1	316507
1582.62	0.8	NonTarget	1	316524
1582.7	0.8	NonTarget	1	316540
1583.1	0.8	NonTarget	1	316620
1583.185	0.8	NonTarget	1	316637
1583.27	0.8	NonTarget	1	316654
1583.35	0.8	NonTarget	1	316670
1583.435	0.8	NonTarget	1	316687
1583.52	0.8	NonTarget	1	316704
1583.6	0.8	NonTarget	1	316720
1583.685	0.8	NonTarget	1	316737
1583.77	0.8	NonTarget	1	316754
1583.85	0.8	NonTarget	1	316770
1583.935	0.8	Target	2	316787
1584.02	0.8	NonTarget	1	316804
1584.1	0.8	NonTarget	1	316820
1584.185	0.8	NonTarget	1	316837
1584.27	0.8	NonTarget	1	316854
1584.35	0.8	NonTarget	1	316870
1584.435	0.8	NonTarget	1	316887
1584.52	0.8	NonTarget	1	316904
1584.605	0.8	NonTarget	1	316921
1584.685	0.8	NonTarget	1	316937
1584.77	0.8	NonTarget	1	316954
1584.855	0.8	NonTarget	1	316971
1584.94	0.8	NonTarget	1	316988
1585.02	0.8	NonTarget	1	317004
1585.105	0.8	NonTarget	1	317021
1585.185	0.8	NonTarget	1	317037
1585.27	0.8	NonTarget	1	317054
1585.355	0.8	NonTarget	1	317071
1585.435	0.8	NonTarget	1	317087
1585.52	0.8	NonTarget	1	317104
1585.92	0.8	NonTarget	1	317184
1586.005	0.8	NonTarget	1	317201
1586.09	0.8	NonTarget	1	317218
1586.175	0.8	NonTarget	1	317235
1586.255	0.8	NonTarget	1	317251
1586.34	0.8	Target	2	317268
1586.42	0.8	NonTarget	1	317284
1586.505	0.8	NonTarget	1	317301
1586.59	0.8	NonTarget	1	317318
1586.675	0.8	NonTarget	1	317335
1586.755	0.8	NonTarget	1	317351
1586.84	0.8	NonTarget	1	317368
1586.925	0.8	NonTarget	1	317385
1587.005	0.8	NonTarget	1	317401
1587.09	0.8	NonTarget	1	317418
1587.175	0.8	NonTarget	1	317435
1587.255	0.8	NonTarget	1	317451
1587.34	0.8	NonTarget	1	317468
1587.425	0.8	NonTarget	1	317485
1587.51	0.8	NonTarget	1	317502
1587.59	0.8	NonTarget	1	317518
1587.675	0.8	NonTarget	1	317535
1587.755	0.8	NonTarget	1	317551
1587.84	0.8	NonTarget	1	317568
1587.92	0.8	NonTarget	1	317584
1588.005	0.8	NonTarget	1	317601
1588.09	0.8	NonTarget	1	317618
1588.175	0.8	NonTarget	1	317635
1588.26	0.8	NonTarget	1	317652
1588.34	0.8	NonTarget	1	317668
1588.74	0.8	NonTarget	1	317748
1588.825	0.8	NonTarget	1	317765
1588.91	0.8	NonTarget	1	317782
1588.995	0.8	NonTarget	1	317799
1589.075	0.8	NonTarget	1	317815
1589.16	0.8	Target	2	317832
1589.24	0.8	NonTarget	1	317848
1589.325	0.8	NonTarget	1	317865
1589.41	0.8	NonTarget	1	317882
1589.495	0.8	NonTarget	1	317899
1589.575	0.8	NonTarget	1	317915
1589.66	0.8	NonTarget	1	317932
1589.745	0.8	NonTarget	1	317949
1589.825	0.8	NonTarget	1	317965
1589.91	0.8	NonTarget	1	317982
1589.995	0.8	NonTarget	1	317999
1590.075	0.8	NonTarget	1	318015
1590.16	0.8	NonTarget	1	318032
1590.245	0.8	NonTarget	1	318049
1590.325	0.8	NonTarget	1	318065
1590.41	0.8	NonTarget	1	318082
1590.495	0.8	NonTarget	1	318099
1590.58	0.8	NonTarget	1	318116
1590.66	0.8	NonTarget	1	318132
1590.745	0.8	NonTarget	1	318149
1590.83	0.8	NonTarget	1	318166
1590.91	0.8	NonTarget	1	318182
1590.995	0.8	NonTarget	1	318199
1591.08	0.8	NonTarget	1	318216
1591.16	0.8	NonTarget	1	318232
1591.565	0.8	NonTarget	1	318313
1591.645	0.8	NonTarget	1	318329
1591.73	0.8	NonTarget	1	318346
1591.815	0.8	NonTarget	1	318363
1591.895	0.8	NonTarget	1	318379
1591.98	0.8	Target	2	318396
1592.065	0.8	NonTarget	1	318413
1592.145	0.8	NonTarget	1	318429
1592.23	0.8	NonTarget	1	318446
1592.315	0.8	NonTarget	1	318463
1592.4	0.8	NonTarget	1	318480
1592.48	0.8	NonTarget	1	318496
1592.565	0.8	NonTarget	1	318513
1592.645	0.8	NonTarget	1	318529
1592.73	0.8	NonTarget	1	318546
1592.815	0.8	NonTarget	1	318563
1592.9	0.8	NonTarget	1	318580
1592.98	0.8	NonTarget	1	318596
1593.065	0.8	NonTarget	1	318613
1593.15	0.8	NonTarget	1	318630
1593.23	0.8	NonTarget	1	318646
1593.315	0.8	NonTarget	1	318663
1593.395	0.8	NonTarget	1	318679
1593.48	0.8	NonTarget	1	318696
1593.565	0.8	NonTarget	1	318713
1593.65	0.8	NonTarget	1	318730
1593.73	0.8	NonTarget	1	318746
1593.815	0.8	NonTarget	1	318763
1593.9	0.8	NonTarget	1	318780
1593.985	0.8	NonTarget	1	318797
1594.385	0.8	NonTarget	1	318877
1594.465	0.8	NonTarget	1	318893
1594.55	0.8	NonTarget	1	318910
1594.635	0.8	NonTarget	1	318927
1594.715	0.8	NonTarget	1	318943
1594.8	0.8	Target	2	318960
1594.885	0.8	NonTarget	1	318977
1594.965	0.8	NonTarget	1	318993
1595.05	0.8	NonTarget	1	319010
1595.135	0.8	NonTarget	1	319027
1595.22	0.8	NonTarget	1	319044
1595.3	0.8	NonTarget	1	319060
1595.385	0.8	NonTarget	1	319077
1595.47	0.8	NonTarget	1	319094
1595.55	0.8	NonTarget	1	319110
1595.635	0.8	NonTarget	1	319127
1595.72	0.8	NonTarget	1	319144
1595.8	0.8	NonTarget	1	319160
1595.885	0.8	NonTarget	1	319177
1595.97	0.8	NonTarget	1	319194
1596.055	0.8	NonTarget	1	319211
1596.135	0.8	NonTarget	1	319227
1596.22	0.8	NonTarget	1	319244
1596.305	0.8	NonTarget	1	319261
1596.385	0.8	NonTarget	1	319277
1596.47	0.8	NonTarget	1	319294
1596.555	0.8	NonTarget	1	319311
1596.635	0.8	NonTarget	1	319327
1596.72	0.8	NonTarget	1	319344
1596.8	0.8	NonTarget	1	319360
1606.44	0.8	NonTarget	1	321288
1606.515	0.8	NonTarget	1	321303
1606.6	0.8	NonTarget	1	321320
1606.685	0.8	NonTarget	1	321337
1606.765	0.8	NonTarget	1	321353
1606.85	0.8	NonTarget	1	321370
1606.935	0.8	NonTarget	1	321387
1607.015	0.8	NonTarget	1	321403
1607.1	0.8	NonTarget	1	321420
1607.185	0.8	NonTarget	1	321437
1607.27	0.8	NonTarget	1	321454
1607.35	0.8	NonTarget	1	321470
1607.435	0.8	NonTarget	1	321487
1607.52	0.8	NonTarget	1	321504
1607.6	0.8	NonTarget	1	321520
1607.685	0.8	NonTarget	1	321537
1607.77	0.8	NonTarget	1	321554
1607.85	0.8	NonTarget	1	321570
1607.935	0.8	NonTarget	1	321587
1608.02	0.8	NonTarget	1	321604
1608.105	0.8	NonTarget	1	321621
1608.185	0.8	Target	2	321637
1608.27	0.8	NonTarget	1	321654
1608.355	0.8	NonTarget	1	321671
1608.435	0.8	NonTarget	1	321687
1608.52	0.8	NonTarget	1	321704
1608.605	0.8	NonTarget	1	321721
1608.69	0.8	NonTarget	1	321738
1608.77	0.8	NonTarget	1	321754
1608.855	0.8	NonTarget	1	321771
1609.255	0.8	NonTarget	1	321851
1609.335	0.8	NonTarget	1	321867
1609.42	0.8	NonTarget	1	321884
1609.505	0.8	NonTarget	1	321901
1609.59	0.8	NonTarget	1	321918
1609.67	0.8	NonTarget	1	321934
1609.755	0.8	Target	2	321951
1609.84	0.8	NonTarget	1	321968
1609.92	0.8	NonTarget	1	321984
1610.005	0.8	NonTarget	1	322001
1610.09	0.8	NonTarget	1	322018
1610.17	0.8	NonTarget	1	322034
1610.255	0.8	NonTarget	1	322051
1610.34	0.8	NonTarget	1	322068
1610.425	0.8	NonTarget	1	322085
1610.51	0.8	NonTarget	1	322102
1610.59	0.8	NonTarget	1	322118
1610.675	0.8	NonTarget	1	322135
1610.755	0.8	NonTarget	1	322151
1610.84	0.8	NonTarget	1	322168
1610.925	0.8	NonTarget	1	322185
1611.005	0.8	NonTarget	1	322201
1611.09	0.8	NonTarget	1	322218
1611.175	0.8	NonTarget	1	322235
1611.255	0.8	NonTarget	1	322251
1611.34	0.8	NonTarget	1	322268
1611.425	0.8	NonTarget	1	322285
1611.505	0.8	NonTarget	1	322301
1611.59	0.8	NonTarget	1	322318
1611.675	0.8	NonTarget	1	322335
1612.075	0.8	NonTarget	1	322415
1612.16	0.8	NonTarget	1	322432
1612.245	0.8	NonTarget	1	322449
1612.325	0.8	NonTarget	1	322465
1612.41	0.8	NonTarget	1	322482
1612.495	0.8	NonTarget	1	322499
1612.575	0.8	NonTarget	1	322515
1612.66	0.8	NonTarget	1	322532
1612.745	0.8	NonTarget	1	322549
1612.825	0.8	NonTarget	1	322565
1612.91	0.8	NonTarget	1	322582
1612.99	0.8	Target	2	322598
1613.075	0.8	NonTarget	1	322615
1613.16	0.8	NonTarget	1	322632
1613.24	0.8	NonTarget	1	322648
1613.33	0.8	NonTarget	1	322666
1613.41	0.8	NonTarget	1	322682
1613.495	0.8	NonTarget	1	322699
1613.575	0.8	NonTarget	1	322715
1613.66	0.8	NonTarget	1	322732
1613.745	0.8	NonTarget	1	322749
1613.83	0.8	NonTarget	1	322766
1613.91	0.8	NonTarget	1	322782
1613.995	0.8	NonTarget	1	322799
1614.075	0.8	NonTarget	1	322815
1614.16	0.8	NonTarget	1	322832
1614.245	0.8	NonTarget	1	322849
1614.33	0.8	NonTarget	1	322866
1614.415	0.8	NonTarget	1	322883
1614.495	0.8	NonTarget	1	322899
1614.895	0.8	NonTarget	1	322979
1614.98	0.8	Target	2	322996
1615.06	0.8	NonTarget	1	323012
1615.145	0.8	NonTarget	1	323029
1615.23	0.8	NonTarget	1	323046
1615.315	0.8	NonTarget	1	323063
1615.395	0.8	NonTarget	1	323079
1615.48	0.8	NonTarget	1	323096
1615.565	0.8	NonTarget	1	323113
1615.645	0.8	NonTarget	1	323129
1615.735	0.8	NonTarget	1	323147
1615.815	0.8	NonTarget	1	323163
1615.9	0.8	NonTarget	1	323180
1615.98	0.8	NonTarget	1	323196
1616.065	0.8	NonTarget	1	323213
1616.15	0.8	NonTarget	1	323230
1616.23	0.8	NonTarget	1	323246
1616.315	0.8	NonTarget	1	323263
1616.4	0.8	NonTarget	1	323280
1616.48	0.8	NonTarget	1	323296
1616.565	0.8	NonTarget	1	323313
1616.65	0.8	NonTarget	1	323330
1616.73	0.8	NonTarget	1	323346
1616.815	0.8	NonTarget	1	323363
1616.9	0.8	NonTarget	1	323380
1616.98	0.8	NonTarget	1	323396
1617.065	0.8	NonTarget	1	323413
1617.15	0.8	NonTarget	1	323430
1617.23	0.8	NonTarget	1	323446
1617.315	0.8	NonTarget	1	323463
1617.715	0.8	NonTarget	1	323543
1617.8	0.8	NonTarget	1	323560
1617.88	0.8	NonTarget	1	323576
1617.965	0.8	NonTarget	1	323593
1618.05	0.8	NonTarget	1	323610
1618.135	0.8	NonTarget	1	323627
1618.215	0.8	Target	2	323643
1618.3	0.8	NonTarget	1	323660
1618.385	0.8	NonTarget	1	323677
1618.47	0.8	NonTarget	1	323694
1618.55	0.8	NonTarget	1	323710
1618.635	0.8	NonTarget	1	323727
1618.72	0.8	NonTarget	1	323744
1618.8	0.8	NonTarget	1	323760
1618.885	0.8	NonTarget	1	323777
1618.965	0.8	NonTarget	1	323793
1619.05	0.8	NonTarget	1	323810
1619.135	0.8	NonTarget	1	323827
1619.22	0.8	NonTarget	1	323844
1619.3	0.8	NonTarget	1	323860
1619.385	0.8	NonTarget	1	323877
1619.47	0.8	NonTarget	1	323894
1619.555	0.8	NonTarget	1	323911
1619.635	0.8	NonTarget	1	323927
1619.72	0.8	NonTarget	1	323944
1619.805	0.8	NonTarget	1	323961
1619.885	0.8	NonTarget	1	323977
1619.97	0.8	NonTarget	1	323994
1620.055	0.8	NonTarget	1	324011
1620.135	0.8	NonTarget	1	324027
1620.535	0.8	NonTarget	1	324107
1620.62	0.8	NonTarget	1	324124
1620.705	0.8	NonTarget	1	324141
1620.785	0.8	NonTarget	1	324157
1620.87	0.8	NonTarget	1	324174
1620.955	0.8	NonTarget	1	324191
1621.035	0.8	NonTarget	1	324207
1621.12	0.8	NonTarget	1	324224
1621.205	0.8	NonTarget	1	324241
1621.29	0.8	NonTarget	1	324258
1621.375	0.8	NonTarget	1	324275
1621.455	0.8	NonTarget	1	324291
1621.54	0.8	NonTarget	1	324308
1621.62	0.8	NonTarget	1	324324
1621.705	0.8	NonTarget	1	324341
1621.79	0.8	NonTarget	1	324358
1621.87	0.8	Target	2	324374
1621.955	0.8	NonTarget	1	324391
1622.04	0.8	NonTarget	1	324408
1622.12	0.8	NonTarget	1	324424
1622.205	0.8	NonTarget	1	324441
1622.29	0.8	NonTarget	1	324458
1622.37	0.8	NonTarget	1	324474
1622.455	0.8	NonTarget	1	324491
1622.54	0.8	NonTarget	1	324508
1622.625	0.8	NonTarget	1	324525
1622.705	0.8	NonTarget	1	324541
1622.79	0.8	NonTarget	1	324558
1622.875	0.8	NonTarget	1	324575
1622.955	0.8	NonTarget	1	324591
1623.355	0.8	NonTarget	1	324671
1623.44	0.8	NonTarget	1	324688
1623.525	0.8	NonTarget	1	324705
1623.61	0.8	NonTarget	1	324722
1623.69	0.8	NonTarget	1	324738
1623.775	0.8	NonTarget	1	324755
1623.86	0.8	NonTarget	1	324772
1623.94	0.8	NonTarget	1	324788
1624.025	0.8	NonTarget	1	324805
1624.11	0.8	NonTarget	1	324822
1624.19	0.8	NonTarget	1	324838
1624.275	0.8	Target	2	324855
1624.36	0.8	NonTarget	1	324872
1624.445	0.8	NonTarget	1	324889
1624.525	0.8	NonTarget	1	324905
1624.61	0.8	NonTarget	1	324922
1624.69	0.8	NonTarget	1	324938
1624.775	0.8	NonTarget	1	324955
1624.86	0.8	NonTarget	1	324972
1624.945	0.8	NonTarget	1	324989
1625.025	0.8	NonTarget	1	325005
1625.11	0.8	NonTarget	1	325022
1625.195	0.8	NonTarget	1	325039
1625.275	0.8	NonTarget	1	325055
1625.36	0.8	NonTarget	1	325072
1625.445	0.8	NonTarget	1	325089
1625.525	0.8	NonTarget	1	325105
1625.61	0.8	NonTarget	1	325122
1625.695	0.8	NonTarget	1	325139
1625.775	0.8	NonTarget	1	325155
1626.18	0.8	NonTarget	1	325236
1626.26	0.8	NonTarget	1	325252
1626.345	0.8	NonTarget	1	325269
1626.43	0.8	NonTarget	1	325286
1626.51	0.8	NonTarget	1	325302
1626.595	0.8	NonTarget	1	325319
1626.68	0.8	NonTarget	1	325336
1626.76	0.8	NonTarget	1	325352
1626.845	0.8	NonTarget	1	325369
1626.93	0.8	NonTarget	1	325386
1627.015	0.8	NonTarget	1	325403
1627.095	0.8	NonTarget	1	325419
1627.18	0.8	NonTarget	1	325436
1627.265	0.8	NonTarget	1	325453
1627.345	0.8	NonTarget	1	325469
1627.43	0.8	NonTarget	1	325486
1627.515	0.8	NonTarget	1	325503
1627.595	0.8	NonTarget	1	325519
1627.68	0.8	NonTarget	1	325536
1627.765	0.8	NonTarget	1	325553
1627.845	0.8	NonTarget	1	325569
1627.93	0.8	NonTarget	1	325586
1628.015	0.8	NonTarget	1	325603
1628.095	0.8	NonTarget	1	325619
1628.18	0.8	NonTarget	1	325636
1628.265	0.8	NonTarget	1	325653
1628.35	0.8	Target	2	325670
1628.43	0.8	NonTarget	1	325686
1628.515	0.8	NonTarget	1	325703
1628.6	0.8	NonTarget	1	325720
1629.0	0.8	NonTarget	1	325800
1629.085	0.8	NonTarget	1	325817
1629.165	0.8	NonTarget	1	325833
1629.25	0.8	NonTarget	1	325850
1629.335	0.8	NonTarget	1	325867
1629.415	0.8	NonTarget	1	325883
1629.5	0.8	NonTarget	1	325900
1629.585	0.8	NonTarget	1	325917
1629.665	0.8	NonTarget	1	325933
1629.75	0.8	NonTarget	1	325950
1629.835	0.8	NonTarget	1	325967
1629.915	0.8	NonTarget	1	325983
1630.0	0.8	NonTarget	1	326000
1630.085	0.8	NonTarget	1	326017
1630.165	0.8	NonTarget	1	326033
1630.25	0.8	NonTarget	1	326050
1630.335	0.8	NonTarget	1	326067
1630.42	0.8	NonTarget	1	326084
1630.505	0.8	NonTarget	1	326101
1630.585	0.8	NonTarget	1	326117
1630.67	0.8	NonTarget	1	326134
1630.75	0.8	NonTarget	1	326150
1630.835	0.8	NonTarget	1	326167
1630.92	0.8	NonTarget	1	326184
1631.0	0.8	NonTarget	1	326200
1631.085	0.8	NonTarget	1	326217
1631.17	0.8	Target	2	326234
1631.255	0.8	NonTarget	1	326251
1631.335	0.8	NonTarget	1	326267
1631.42	0.8	NonTarget	1	326284
1631.82	0.8	NonTarget	1	326364
1631.9	0.8	Target	2	326380
1631.985	0.8	NonTarget	1	326397
1632.07	0.8	NonTarget	1	326414
1632.155	0.8	NonTarget	1	326431
1632.235	0.8	NonTarget	1	326447
1632.32	0.8	NonTarget	1	326464
1632.405	0.8	NonTarget	1	326481
1632.485	0.8	NonTarget	1	326497
1632.57	0.8	NonTarget	1	326514
1632.655	0.8	NonTarget	1	326531
1632.74	0.8	NonTarget	1	326548
1632.82	0.8	NonTarget	1	326564
1632.905	0.8	NonTarget	1	326581
1632.985	0.8	NonTarget	1	326597
1633.07	0.8	NonTarget	1	326614
1633.155	0.8	NonTarget	1	326631
1633.24	0.8	NonTarget	1	326648
1633.32	0.8	NonTarget	1	326664
1633.405	0.8	NonTarget	1	326681
1633.49	0.8	NonTarget	1	326698
1633.57	0.8	NonTarget	1	326714
1633.655	0.8	NonTarget	1	326731
1633.74	0.8	NonTarget	1	326748
1633.82	0.8	NonTarget	1	326764
1633.905	0.8	NonTarget	1	326781
1633.99	0.8	NonTarget	1	326798
1634.07	0.8	NonTarget	1	326814
1634.155	0.8	NonTarget	1	326831
1634.24	0.8	NonTarget	1	326848
1649.705	0.8	NonTarget	1	329941
1649.785	0.8	NonTarget	1	329957
1649.87	0.8	NonTarget	1	329974
1649.95	0.8	NonTarget	1	329990
1650.035	0.8	NonTarget	1	330007
1650.12	0.8	NonTarget	1	330024
1650.205	0.8	NonTarget	1	330041
1650.285	0.8	NonTarget	1	330057
1650.37	0.8	NonTarget	1	330074
1650.455	0.8	NonTarget	1	330091
1650.535	0.8	NonTarget	1	330107
1650.62	0.8	NonTarget	1	330124
1650.705	0.8	NonTarget	1	330141
1650.79	0.8	NonTarget	1	330158
1650.87	0.8	NonTarget	1	330174
1650.955	0.8	NonTarget	1	330191
1651.035	0.8	NonTarget	1	330207
1651.12	0.8	NonTarget	1	330224
1651.205	0.8	Target	2	330241
1651.29	0.8	NonTarget	1	330258
1651.375	0.8	NonTarget	1	330275
1651.455	0.8	NonTarget	1	330291
1651.54	0.8	NonTarget	1	330308
1651.625	0.8	NonTarget	1	330325
1651.705	0.8	NonTarget	1	330341
1651.79	0.8	NonTarget	1	330358
1651.875	0.8	NonTarget	1	330375
1651.955	0.8	NonTarget	1	330391
1652.04	0.8	NonTarget	1	330408
1652.12	0.8	NonTarget	1	330424
1652.525	0.8	NonTarget	1	330505
1652.605	0.8	NonTarget	1	330521
1652.69	0.8	NonTarget	1	330538
1652.775	0.8	NonTarget	1	330555
1652.855	0.8	NonTarget	1	330571
1652.94	0.8	NonTarget	1	330588
1653.025	0.8	NonTarget	1	330605
1653.11	0.8	NonTarget	1	330622
1653.19	0.8	NonTarget	1	330638
1653.275	0.8	NonTarget	1	330655
1653.36	0.8	NonTarget	1	330672
1653.44	0.8	NonTarget	1	330688
1653.525	0.8	NonTarget	1	330705
1653.61	0.8	NonTarget	1	330722
1653.69	0.8	NonTarget	1	330738
1653.775	0.8	NonTarget	1	330755
1653.86	0.8	NonTarget	1	330772
1653.945	0.8	NonTarget	1	330789
1654.025	0.8	Target	2	330805
1654.11	0.8	NonTarget	1	330822
1654.195	0.8	NonTarget	1	330839
1654.275	0.8	NonTarget	1	330855
1654.36	0.8	NonTarget	1	330872
1654.445	0.8	NonTarget	1	330889
1654.525	0.8	NonTarget	1	330905
1654.61	0.8	NonTarget	1	330922
1654.69	0.8	NonTarget	1	330938
1654.775	0.8	NonTarget	1	330955
1654.86	0.8	NonTarget	1	330972
1654.945	0.8	NonTarget	1	330989
1655.345	0.8	NonTarget	1	331069
1655.425	0.8	NonTarget	1	331085
1655.51	0.8	NonTarget	1	331102
1655.595	0.8	NonTarget	1	331119
1655.675	0.8	NonTarget	1	331135
1655.76	0.8	NonTarget	1	331152
1655.845	0.8	NonTarget	1	331169
1655.93	0.8	NonTarget	1	331186
1656.01	0.8	NonTarget	1	331202
1656.095	0.8	NonTarget	1	331219
1656.18	0.8	NonTarget	1	331236
1656.265	0.8	NonTarget	1	331253
1656.345	0.8	NonTarget	1	331269
1656.43	0.8	NonTarget	1	331286
1656.51	0.8	NonTarget	1	331302
1656.595	0.8	NonTarget	1	331319
1656.68	0.8	NonTarget	1	331336
1656.76	0.8	NonTarget	1	331352
1656.845	0.8	Target	2	331369
1656.93	0.8	NonTarget	1	331386
1657.015	0.8	NonTarget	1	331403
1657.095	0.8	NonTarget	1	331419
1657.18	0.8	NonTarget	1	331436
1657.265	0.8	NonTarget	1	331453
1657.345	0.8	NonTarget	1	331469
1657.43	0.8	NonTarget	1	331486
1657.515	0.8	NonTarget	1	331503
1657.6	0.8	NonTarget	1	331520
1657.68	0.8	NonTarget	1	331536
1657.765	0.8	NonTarget	1	331553
1658.165	0.8	NonTarget	1	331633
1658.25	0.8	NonTarget	1	331650
1658.33	0.8	NonTarget	1	331666
1658.415	0.8	Target	2	331683
1658.5	0.8	NonTarget	1	331700
1658.58	0.8	NonTarget	1	331716
1658.665	0.8	NonTarget	1	331733
1658.75	0.8	NonTarget	1	331750
1658.83	0.8	NonTarget	1	331766
1658.915	0.8	NonTarget	1	331783
1659.0	0.8	NonTarget	1	331800
1659.08	0.8	NonTarget	1	331816
1659.165	0.8	NonTarget	1	331833
1659.25	0.8	NonTarget	1	331850
1659.335	0.8	NonTarget	1	331867
1659.42	0.8	NonTarget	1	331884
1659.5	0.8	NonTarget	1	331900
1659.585	0.8	NonTarget	1	331917
1659.665	0.8	NonTarget	1	331933
1659.75	0.8	NonTarget	1	331950
1659.835	0.8	NonTarget	1	331967
1659.915	0.8	NonTarget	1	331983
1660.0	0.8	NonTarget	1	332000
1660.085	0.8	NonTarget	1	332017
1660.165	0.8	NonTarget	1	332033
1660.25	0.8	NonTarget	1	332050
1660.335	0.8	NonTarget	1	332067
1660.42	0.8	NonTarget	1	332084
1660.5	0.8	NonTarget	1	332100
1660.585	0.8	NonTarget	1	332117
1660.985	0.8	NonTarget	1	332197
1661.07	0.8	NonTarget	1	332214
1661.15	0.8	NonTarget	1	332230
1661.235	0.8	NonTarget	1	332247
1661.32	0.8	NonTarget	1	332264
1661.4	0.8	NonTarget	1	332280
1661.485	0.8	NonTarget	1	332297
1661.57	0.8	NonTarget	1	332314
1661.655	0.8	Target	2	332331
1661.735	0.8	NonTarget	1	332347
1661.82	0.8	NonTarget	1	332364
1661.905	0.8	NonTarget	1	332381
1661.99	0.8	NonTarget	1	332398
1662.07	0.8	NonTarget	1	332414
1662.155	0.8	NonTarget	1	332431
1662.24	0.8	NonTarget	1	332448
1662.32	0.8	NonTarget	1	332464
1662.405	0.8	NonTarget	1	332481
1662.485	0.8	NonTarget	1	332497
1662.57	0.8	NonTarget	1	332514
1662.655	0.8	NonTarget	1	332531
1662.74	0.8	NonTarget	1	332548
1662.82	0.8	NonTarget	1	332564
1662.905	0.8	NonTarget	1	332581
1662.99	0.8	NonTarget	1	332598
1663.07	0.8	NonTarget	1	332614
1663.155	0.8	NonTarget	1	332631
1663.235	0.8	NonTarget	1	332647
1663.32	0.8	NonTarget	1	332664
1663.405	0.8	NonTarget	1	332681
1663.805	0.8	NonTarget	1	332761
1663.89	0.8	NonTarget	1	332778
1663.975	0.8	NonTarget	1	332795
1664.06	0.8	NonTarget	1	332812
1664.14	0.8	NonTarget	1	332828
1664.225	0.8	NonTarget	1	332845
1664.305	0.8	NonTarget	1	332861
1664.39	0.8	NonTarget	1	332878
1664.475	0.8	NonTarget	1	332895
1664.555	0.8	NonTarget	1	332911
1664.64	0.8	NonTarget	1	332928
1664.725	0.8	NonTarget	1	332945
1664.805	0.8	NonTarget	1	332961
1664.89	0.8	Target	2	332978
1664.975	0.8	NonTarget	1	332995
1665.06	0.8	NonTarget	1	333012
1665.14	0.8	NonTarget	1	333028
1665.225	0.8	NonTarget	1	333045
1665.31	0.8	NonTarget	1	333062
1665.39	0.8	NonTarget	1	333078
1665.475	0.8	NonTarget	1	333095
1665.56	0.8	NonTarget	1	333112
1665.64	0.8	NonTarget	1	333128
1665.725	0.8	NonTarget	1	333145
1665.81	0.8	NonTarget	1	333162
1665.895	0.8	NonTarget	1	333179
1665.975	0.8	NonTarget	1	333195
1666.06	0.8	NonTarget	1	333212
1666.145	0.8	NonTarget	1	333229
1666.225	0.8	NonTarget	1	333245
1666.625	0.8	NonTarget	1	333325
1666.71	0.8	NonTarget	1	333342
1666.795	0.8	NonTarget	1	333359
1666.88	0.8	NonTarget	1	333376
1666.96	0.8	NonTarget	1	333392
1667.045	0.8	NonTarget	1	333409
1667.13	0.8	NonTarget	1	333426
1667.21	0.8	NonTarget	1	333442
1667.295	0.8	NonTarget	1	333459
1667.375	0.8	NonTarget	1	333475
1667.46	0.8	NonTarget	1	333492
1667.545	0.8	NonTarget	1	333509
1667.63	0.8	NonTarget	1	333526
1667.71	0.8	NonTarget	1	333542
1667.795	0.8	NonTarget	1	333559
1667.88	0.8	NonTarget	1	333576
1667.96	0.8	NonTarget	1	333592
1668.045	0.8	NonTarget	1	333609
1668.13	0.8	NonTarget	1	333626
1668.21	0.8	NonTarget	1	333642
1668.295	0.8	NonTarget	1	333659
1668.38	0.8	NonTarget	1	333676
1668.465	0.8	NonTarget	1	333693
1668.545	0.8	Target	2	333709
1668.63	0.8	NonTarget	1	333726
1668.715	0.8	NonTarget	1	333743
1668.795	0.8	NonTarget	1	333759
1668.88	0.8	NonTarget	1	333776
1668.965	0.8	NonTarget	1	333793
1669.05	0.8	NonTarget	1	333810
1669.45	0.8	NonTarget	1	333890
1669.53	0.8	NonTarget	1	333906
1669.615	0.8	NonTarget	1	333923
1669.7	0.8	NonTarget	1	333940
1669.78	0.8	NonTarget	1	333956
1669.865	0.8	NonTarget	1	333973
1669.95	0.8	NonTarget	1	333990
1670.03	0.8	NonTarget	1	334006
1670.115	0.8	NonTarget	1	334023
1670.2	0.8	NonTarget	1	334040
1670.28	0.8	NonTarget	1	334056
1670.365	0.8	NonTarget	1	334073
1670.45	0.8	NonTarget	1	334090
1670.535	0.8	Target	2	334107
1670.615	0.8	NonTarget	1	334123
1670.7	0.8	NonTarget	1	334140
1670.785	0.8	NonTarget	1	334157
1670.865	0.8	NonTarget	1	334173
1670.95	0.8	NonTarget	1	334190
1671.035	0.8	NonTarget	1	334207
1671.115	0.8	NonTarget	1	334223
1671.2	0.8	NonTarget	1	334240
1671.28	0.8	NonTarget	1	334256
1671.37	0.8	NonTarget	1	334274
1671.45	0.8	NonTarget	1	334290
1671.535	0.8	NonTarget	1	334307
1671.615	0.8	NonTarget	1	334323
1671.7	0.8	NonTarget	1	334340
1671.785	0.8	NonTarget	1	334357
1671.87	0.8	NonTarget	1	334374
1672.27	0.8	NonTarget	1	334454
1672.35	0.8	NonTarget	1	334470
1672.435	0.8	NonTarget	1	334487
1672.52	0.8	NonTarget	1	334504
1672.6	0.8	NonTarget	1	334520
1672.685	0.8	NonTarget	1	334537
1672.77	0.8	NonTarget	1	334554
1672.85	0.8	NonTarget	1	334570
1672.935	0.8	NonTarget	1	334587
1673.02	0.8	NonTarget	1	334604
1673.105	0.8	NonTarget	1	334621
1673.185	0.8	NonTarget	1	334637
1673.27	0.8	NonTarget	1	334654
1673.35	0.8	NonTarget	1	334670
1673.435	0.8	NonTarget	1	334687
1673.52	0.8	NonTarget	1	334704
1673.605	0.8	NonTarget	1	334721
1673.685	0.8	NonTarget	1	334737
1673.77	0.8	Target	2	334754
1673.855	0.8	NonTarget	1	334771
1673.935	0.8	NonTarget	1	334787
1674.02	0.8	NonTarget	1	334804
1674.105	0.8	NonTarget	1	334821
1674.19	0.8	NonTarget	1	334838
1674.27	0.8	NonTarget	1	334854
1674.355	0.8	NonTarget	1	334871
1674.435	0.8	NonTarget	1	334887
1674.52	0.8	NonTarget	1	334904
1674.605	0.8	NonTarget	1	334921
1674.69	0.8	NonTarget	1	334938
1675.09	0.8	NonTarget	1	335018
1675.175	0.8	NonTarget	1	335035
1675.255	0.8	NonTarget	1	335051
1675.34	0.8	NonTarget	1	335068
1675.425	0.8	NonTarget	1	335085
1675.505	0.8	NonTarget	1	335101
1675.59	0.8	NonTarget	1	335118
1675.67	0.8	NonTarget	1	335134
1675.755	0.8	NonTarget	1	335151
1675.84	0.8	NonTarget	1	335168
1675.925	0.8	NonTarget	1	335185
1676.005	0.8	NonTarget	1	335201
1676.09	0.8	NonTarget	1	335218
1676.175	0.8	NonTarget	1	335235
1676.255	0.8	NonTarget	1	335251
1676.34	0.8	NonTarget	1	335268
1676.425	0.8	NonTarget	1	335285
1676.51	0.8	NonTarget	1	335302
1676.59	0.8	NonTarget	1	335318
1676.675	0.8	NonTarget	1	335335
1676.76	0.8	NonTarget	1	335352
1676.84	0.8	NonTarget	1	335368
1676.925	0.8	NonTarget	1	335385
1677.01	0.8	Target	2	335402
1677.09	0.8	NonTarget	1	335418
1677.175	0.8	NonTarget	1	335435
1677.26	0.8	NonTarget	1	335452
1677.345	0.8	NonTarget	1	335469
1677.425	0.8	NonTarget	1	335485
1677.51	0.8	NonTarget	1	335502
1686.21	0.8	NonTarget	1	337242
1686.29	0.8	NonTarget	1	337258
1686.37	0.8	NonTarget	1	337274
1686.455	0.8	NonTarget	1	337291
1686.54	0.8	NonTarget	1	337308
1686.62	0.8	NonTarget	1	337324
1686.705	0.8	NonTarget	1	337341
1686.79	0.8	NonTarget	1	337358
1686.87	0.8	NonTarget	1	337374
1686.955	0.8	NonTarget	1	337391
1687.04	0.8	NonTarget	1	337408
1687.125	0.8	NonTarget	1	337425
1687.205	0.8	NonTarget	1	337441
1687.29	0.8	NonTarget	1	337458
1687.375	0.8	NonTarget	1	337475
1687.455	0.8	NonTarget	1	337491
1687.54	0.8	NonTarget	1	337508
1687.62	0.8	Target	2	337524
1687.71	0.8	NonTarget	1	337542
1687.79	0.8	NonTarget	1	337558
1687.875	0.8	NonTarget	1	337575
1687.955	0.8	NonTarget	1	337591
1688.04	0.8	NonTarget	1	337608
1688.125	0.8	NonTarget	1	337625
1688.205	0.8	NonTarget	1	337641
1688.29	0.8	NonTarget	1	337658
1688.375	0.8	NonTarget	1	337675
1688.46	0.8	NonTarget	1	337692
1688.54	0.8	NonTarget	1	337708
1688.625	0.8	NonTarget	1	337725
1689.025	0.8	NonTarget	1	337805
1689.11	0.8	NonTarget	1	337822
1689.195	0.8	NonTarget	1	337839
1689.275	0.8	NonTarget	1	337855
1689.36	0.8	NonTarget	1	337872
1689.44	0.8	NonTarget	1	337888
1689.525	0.8	NonTarget	1	337905
1689.61	0.8	NonTarget	1	337922
1689.695	0.8	NonTarget	1	337939
1689.775	0.8	NonTarget	1	337955
1689.86	0.8	NonTarget	1	337972
1689.945	0.8	NonTarget	1	337989
1690.025	0.8	Target	2	338005
1690.11	0.8	NonTarget	1	338022
1690.19	0.8	NonTarget	1	338038
1690.28	0.8	NonTarget	1	338056
1690.36	0.8	NonTarget	1	338072
1690.445	0.8	NonTarget	1	338089
1690.525	0.8	NonTarget	1	338105
1690.61	0.8	NonTarget	1	338122
1690.695	0.8	NonTarget	1	338139
1690.78	0.8	NonTarget	1	338156
1690.865	0.8	NonTarget	1	338173
1690.945	0.8	NonTarget	1	338189
1691.03	0.8	NonTarget	1	338206
1691.11	0.8	NonTarget	1	338222
1691.195	0.8	NonTarget	1	338239
1691.28	0.8	NonTarget	1	338256
1691.36	0.8	NonTarget	1	338272
1691.445	0.8	NonTarget	1	338289
1691.845	0.8	NonTarget	1	338369
1691.93	0.8	NonTarget	1	338386
1692.015	0.8	NonTarget	1	338403
1692.095	0.8	NonTarget	1	338419
1692.18	0.8	NonTarget	1	338436
1692.265	0.8	NonTarget	1	338453
1692.345	0.8	NonTarget	1	338469
1692.43	0.8	NonTarget	1	338486
1692.515	0.8	NonTarget	1	338503
1692.595	0.8	NonTarget	1	338519
1692.68	0.8	NonTarget	1	338536
1692.765	0.8	NonTarget	1	338553
1692.845	0.8	NonTarget	1	338569
1692.93	0.8	NonTarget	1	338586
1693.015	0.8	NonTarget	1	338603
1693.1	0.8	NonTarget	1	338620
1693.18	0.8	NonTarget	1	338636
1693.265	0.8	Target	2	338653
1693.35	0.8	NonTarget	1	338670
1693.43	0.8	NonTarget	1	338686
1693.515	0.8	NonTarget	1	338703
1693.6	0.8	NonTarget	1	338720
1693.68	0.8	NonTarget	1	338736
1693.765	0.8	NonTarget	1	338753
1693.85	0.8	NonTarget	1	338770
1693.93	0.8	NonTarget	1	338786
1694.015	0.8	NonTarget	1	338803
1694.1	0.8	NonTarget	1	338820
1694.185	0.8	NonTarget	1	338837
1694.265	0.8	NonTarget	1	338853
1694.665	0.8	NonTarget	1	338933
1694.75	0.8	NonTarget	1	338950
1694.83	0.8	Target	2	338966
1694.92	0.8	NonTarget	1	338984
1695.0	0.8	NonTarget	1	339000
1695.085	0.8	NonTarget	1	339017
1695.165	0.8	NonTarget	1	339033
1695.25	0.8	NonTarget	1	339050
1695.335	0.8	NonTarget	1	339067
1695.42	0.8	NonTarget	1	339084
1695.5	0.8	NonTarget	1	339100
1695.585	0.8	NonTarget	1	339117
1695.67	0.8	NonTarget	1	339134
1695.75	0.8	NonTarget	1	339150
1695.835	0.8	NonTarget	1	339167
1695.92	0.8	NonTarget	1	339184
1696.0	0.8	NonTarget	1	339200
1696.085	0.8	NonTarget	1	339217
1696.17	0.8	NonTarget	1	339234
1696.25	0.8	NonTarget	1	339250
1696.335	0.8	NonTarget	1	339267
1696.42	0.8	NonTarget	1	339284
1696.505	0.8	NonTarget	1	339301
1696.585	0.8	NonTarget	1	339317
1696.67	0.8	NonTarget	1	339334
1696.755	0.8	NonTarget	1	339351
1696.835	0.8	NonTarget	1	339367
1696.92	0.8	NonTarget	1	339384
1697.005	0.8	NonTarget	1	339401
1697.085	0.8	NonTarget	1	339417
1697.485	0.8	NonTarget	1	339497
1697.57	0.8	NonTarget	1	339514
1697.655	0.8	Target	2	339531
1697.74	0.8	NonTarget	1	339548
1697.82	0.8	NonTarget	1	339564
1697.905	0.8	NonTarget	1	339581
1697.99	0.8	NonTarget	1	339598
1698.07	0.8	NonTarget	1	339614
1698.155	0.8	NonTarget	1	339631
1698.24	0.8	NonTarget	1	339648
1698.325	0.8	NonTarget	1	339665
1698.405	0.8	NonTarget	1	339681
1698.49	0.8	NonTarget	1	339698
1698.575	0.8	NonTarget	1	339715
1698.655	0.8	NonTarget	1	339731
1698.74	0.8	NonTarget	1	339748
1698.825	0.8	NonTarget	1	339765
1698.905	0.8	NonTarget	1	339781
1698.99	0.8	NonTarget	1	339798
1699.075	0.8	NonTarget	1	339815
1699.155	0.8	NonTarget	1	339831
1699.24	0.8	NonTarget	1	339848
1699.325	0.8	NonTarget	1	339865
1699.41	0.8	NonTarget	1	339882
1699.49	0.8	NonTarget	1	339898
1699.575	0.8	NonTarget	1	339915
1699.66	0.8	NonTarget	1	339932
1699.74	0.8	NonTarget	1	339948
1699.825	0.8	NonTarget	1	339965
1699.905	0.8	NonTarget	1	339981
1700.31	0.8	NonTarget	1	340062
1700.39	0.8	NonTarget	1	340078
1700.475	0.8	NonTarget	1	340095
1700.56	0.8	NonTarget	1	340112
1700.64	0.8	NonTarget	1	340128
1700.725	0.8	NonTarget	1	340145
1700.81	0.8	NonTarget	1	340162
1700.895	0.8	NonTarget	1	340179
1700.975	0.8	NonTarget	1	340195
1701.06	0.8	NonTarget	1	340212
1701.145	0.8	NonTarget	1	340229
1701.225	0.8	NonTarget	1	340245
1701.31	0.8	NonTarget	1	340262
1701.395	0.8	NonTarget	1	340279
1701.475	0.8	NonTarget	1	340295
1701.56	0.8	NonTarget	1	340312
1701.645	0.8	NonTarget	1	340329
1701.725	0.8	Target	2	340345
1701.81	0.8	NonTarget	1	340362
1701.895	0.8	NonTarget	1	340379
1701.975	0.8	NonTarget	1	340395
1702.06	0.8	NonTarget	1	340412
1702.145	0.8	NonTarget	1	340429
1702.23	0.8	NonTarget	1	340446
1702.31	0.8	NonTarget	1	340462
1702.395	0.8	NonTarget	1	340479
1702.475	0.8	NonTarget	1	340495
1702.56	0.8	NonTarget	1	340512
1702.645	0.8	NonTarget	1	340529
1702.73	0.8	NonTarget	1	340546
1703.13	0.8	NonTarget	1	340626
1703.215	0.8	NonTarget	1	340643
1703.295	0.8	Target	2	340659
1703.38	0.8	NonTarget	1	340676
1703.465	0.8	NonTarget	1	340693
1703.545	0.8	NonTarget	1	340709
1703.63	0.8	NonTarget	1	340726
1703.715	0.8	NonTarget	1	340743
1703.795	0.8	NonTarget	1	340759
1703.88	0.8	NonTarget	1	340776
1703.96	0.8	NonTarget	1	340792
1704.045	0.8	NonTarget	1	340809
1704.13	0.8	NonTarget	1	340826
1704.215	0.8	NonTarget	1	340843
1704.295	0.8	NonTarget	1	340859
1704.38	0.8	NonTarget	1	340876
1704.465	0.8	NonTarget	1	340893
1704.545	0.8	NonTarget	1	340909
1704.63	0.8	NonTarget	1	340926
1704.715	0.8	NonTarget	1	340943
1704.8	0.8	NonTarget	1	340960
1704.88	0.8	NonTarget	1	340976
1704.965	0.8	NonTarget	1	340993
1705.05	0.8	NonTarget	1	341010
1705.135	0.8	NonTarget	1	341027
1705.215	0.8	NonTarget	1	341043
1705.295	0.8	NonTarget	1	341059
1705.385	0.8	NonTarget	1	341077
1705.465	0.8	NonTarget	1	341093
1705.55	0.8	NonTarget	1	341110
1705.95	0.8	NonTarget	1	341190
1706.035	0.8	NonTarget	1	341207
1706.115	0.8	NonTarget	1	341223
1706.2	0.8	NonTarget	1	341240
1706.285	0.8	NonTarget	1	341257
1706.365	0.8	NonTarget	1	341273
1706.45	0.8	NonTarget	1	341290
1706.535	0.8	NonTarget	1	341307
1706.62	0.8	NonTarget	1	341324
1706.7	0.8	NonTarget	1	341340
1706.785	0.8	NonTarget	1	341357
1706.865	0.8	NonTarget	1	341373
1706.95	0.8	NonTarget	1	341390
1707.035	0.8	NonTarget	1	341407
1707.115	0.8	NonTarget	1	341423
1707.2	0.8	NonTarget	1	341440
1707.285	0.8	NonTarget	1	341457
1707.37	0.8	NonTarget	1	341474
1707.45	0.8	NonTarget	1	341490
1707.535	0.8	NonTarget	1	341507
1707.62	0.8	NonTarget	1	341524
1707.705	0.8	NonTarget	1	341541
1707.785	0.8	NonTarget	1	341557
1707.87	0.8	NonTarget	1	341574
1707.955	0.8	NonTarget	1	341591
1708.035	0.8	NonTarget	1	341607
1708.12	0.8	NonTarget	1	341624
1708.2	0.8	Target	2	341640
1708.285	0.8	NonTarget	1	341657
1708.37	0.8	NonTarget	1	341674
1708.77	0.8	NonTarget	1	341754
1708.855	0.8	NonTarget	1	341771
1708.935	0.8	Target	2	341787
1709.02	0.8	NonTarget	1	341804
1709.105	0.8	NonTarget	1	341821
1709.19	0.8	NonTarget	1	341838
1709.27	0.8	NonTarget	1	341854
1709.355	0.8	NonTarget	1	341871
1709.435	0.8	NonTarget	1	341887
1709.52	0.8	NonTarget	1	341904
1709.605	0.8	NonTarget	1	341921
1709.69	0.8	NonTarget	1	341938
1709.77	0.8	NonTarget	1	341954
1709.855	0.8	NonTarget	1	341971
1709.94	0.8	NonTarget	1	341988
1710.02	0.8	NonTarget	1	342004
1710.105	0.8	NonTarget	1	342021
1710.19	0.8	NonTarget	1	342038
1710.27	0.8	NonTarget	1	342054
1710.355	0.8	NonTarget	1	342071
1710.44	0.8	NonTarget	1	342088
1710.52	0.8	NonTarget	1	342104
1710.605	0.8	NonTarget	1	342121
1710.69	0.8	NonTarget	1	342138
1710.775	0.8	NonTarget	1	342155
1710.855	0.8	NonTarget	1	342171
1710.94	0.8	NonTarget	1	342188
1711.025	0.8	NonTarget	1	342205
1711.105	0.8	NonTarget	1	342221
1711.19	0.8	NonTarget	1	342238
1711.59	0.8	NonTarget	1	342318
1711.675	0.8	NonTarget	1	342335
1711.76	0.8	NonTarget	1	342352
1711.84	0.8	NonTarget	1	342368
1711.925	0.8	NonTarget	1	342385
1712.005	0.8	NonTarget	1	342401
1712.09	0.8	NonTarget	1	342418
1712.175	0.8	NonTarget	1	342435
1712.26	0.8	NonTarget	1	342452
1712.34	0.8	NonTarget	1	342468
1712.425	0.8	NonTarget	1	342485
1712.51	0.8	NonTarget	1	342502
1712.59	0.8	NonTarget	1	342518
1712.675	0.8	NonTarget	1	342535
1712.76	0.8	NonTarget	1	342552
1712.845	0.8	NonTarget	1	342569
1712.925	0.8	NonTarget	1	342585
1713.01	0.8	Target	2	342602
1713.095	0.8	NonTarget	1	342619
1713.175	0.8	NonTarget	1	342635
1713.26	0.8	NonTarget	1	342652
1713.345	0.8	NonTarget	1	342669
1713.425	0.8	NonTarget	1	342685
1713.51	0.8	NonTarget	1	342702
1713.595	0.8	NonTarget	1	342719
1713.675	0.8	NonTarget	1	342735
1713.76	0.8	NonTarget	1	342752
1713.845	0.8	NonTarget	1	342769
1713.93	0.8	NonTarget	1	342786
1714.01	0.8	NonTarget	1	342802
1722.71	0.8	NonTarget	1	344542
1722.79	0.8	NonTarget	1	344558
1722.875	0.8	NonTarget	1	344575
1722.955	0.8	NonTarget	1	344591
1723.04	0.8	NonTarget	1	344608
1723.125	0.8	Target	2	344625
1723.205	0.8	NonTarget	1	344641
1723.29	0.8	NonTarget	1	344658
1723.375	0.8	NonTarget	1	344675
1723.46	0.8	NonTarget	1	344692
1723.54	0.8	NonTarget	1	344708
1723.625	0.8	NonTarget	1	344725
1723.71	0.8	NonTarget	1	344742
1723.79	0.8	NonTarget	1	344758
1723.875	0.8	NonTarget	1	344775
1723.96	0.8	NonTarget	1	344792
1724.04	0.8	NonTarget	1	344808
1724.125	0.8	NonTarget	1	344825
1724.21	0.8	NonTarget	1	344842
1724.29	0.8	NonTarget	1	344858
1724.375	0.8	NonTarget	1	344875
1724.46	0.8	NonTarget	1	344892
1724.54	0.8	NonTarget	1	344908
1724.625	0.8	NonTarget	1	344925
1724.71	0.8	NonTarget	1	344942
1724.79	0.8	NonTarget	1	344958
1724.875	0.8	NonTarget	1	344975
1724.96	0.8	NonTarget	1	344992
1725.045	0.8	NonTarget	1	345009
1725.125	0.8	NonTarget	1	345025
1725.53	0.8	NonTarget	1	345106
1725.61	0.8	NonTarget	1	345122
1725.695	0.8	NonTarget	1	345139
1725.78	0.8	NonTarget	1	345156
1725.86	0.8	NonTarget	1	345172
1725.945	0.8	NonTarget	1	345189
1726.03	0.8	NonTarget	1	345206
1726.11	0.8	NonTarget	1	345222
1726.195	0.8	NonTarget	1	345239
1726.28	0.8	NonTarget	1	345256
1726.36	0.8	NonTarget	1	345272
1726.445	0.8	NonTarget	1	345289
1726.53	0.8	NonTarget	1	345306
1726.61	0.8	NonTarget	1	345322
1726.695	0.8	NonTarget	1	345339
1726.78	0.8	NonTarget	1	345356
1726.86	0.8	NonTarget	1	345372
1726.945	0.8	NonTarget	1	345389
1727.03	0.8	NonTarget	1	345406
1727.115	0.8	NonTarget	1	345423
1727.195	0.8	NonTarget	1	345439
1727.28	0.8	NonTarget	1	345456
1727.365	0.8	NonTarget	1	345473
1727.445	0.8	NonTarget	1	345489
1727.53	0.8	NonTarget	1	345506
1727.615	0.8	Target	2	345523
1727.695	0.8	NonTarget	1	345539
1727.78	0.8	NonTarget	1	345556
1727.865	0.8	NonTarget	1	345573
1727.945	0.8	NonTarget	1	345589
1728.35	0.8	NonTarget	1	345670
1728.43	0.8	NonTarget	1	345686
1728.515	0.8	NonTarget	1	345703
1728.6	0.8	NonTarget	1	345720
1728.68	0.8	NonTarget	1	345736
1728.765	0.8	Target	2	345753
1728.85	0.8	NonTarget	1	345770
1728.93	0.8	NonTarget	1	345786
1729.015	0.8	NonTarget	1	345803
1729.1	0.8	NonTarget	1	345820
1729.18	0.8	NonTarget	1	345836
1729.265	0.8	NonTarget	1	345853
1729.35	0.8	NonTarget	1	345870
1729.435	0.8	NonTarget	1	345887
1729.515	0.8	NonTarget	1	345903
1729.6	0.8	NonTarget	1	345920
1729.68	0.8	NonTarget	1	345936
1729.765	0.8	NonTarget	1	345953
1729.85	0.8	NonTarget	1	345970
1729.935	0.8	NonTarget	1	345987
1730.015	0.8	NonTarget	1	346003
1730.1	0.8	NonTarget	1	346020
1730.185	0.8	NonTarget	1	346037
1730.265	0.8	NonTarget	1	346053
1730.35	0.8	NonTarget	1	346070
1730.435	0.8	NonTarget	1	346087
1730.52	0.8	NonTarget	1	346104
1730.6	0.8	NonTarget	1	346120
1730.685	0.8	NonTarget	1	346137
1730.765	0.8	NonTarget	1	346153
1731.17	0.8	NonTarget	1	346234
1731.25	0.8	NonTarget	1	346250
1731.335	0.8	NonTarget	1	346267
1731.42	0.8	NonTarget	1	346284
1731.505	0.8	NonTarget	1	346301
1731.585	0.8	NonTarget	1	346317
1731.67	0.8	NonTarget	1	346334
1731.755	0.8	NonTarget	1	346351
1731.835	0.8	NonTarget	1	346367
1731.92	0.8	NonTarget	1	346384
1732.005	0.8	NonTarget	1	346401
1732.085	0.8	NonTarget	1	346417
1732.17	0.8	NonTarget	1	346434
1732.255	0.8	NonTarget	1	346451
1732.335	0.8	NonTarget	1	346467
1732.42	0.8	NonTarget	1	346484
1732.505	0.8	NonTarget	1	346501
1732.585	0.8	NonTarget	1	346517
1732.67	0.8	NonTarget	1	346534
1732.755	0.8	NonTarget	1	346551
1732.835	0.8	NonTarget	1	346567
1732.92	0.8	NonTarget	1	346584
1733.005	0.8	NonTarget	1	346601
1733.09	0.8	NonTarget	1	346618
1733.17	0.8	NonTarget	1	346634
1733.255	0.8	Target	2	346651
1733.335	0.8	NonTarget	1	346667
1733.425	0.8	NonTarget	1	346685
1733.505	0.8	NonTarget	1	346701
1733.59	0.8	NonTarget	1	346718
1733.99	0.8	NonTarget	1	346798
1734.07	0.8	NonTarget	1	346814
1734.155	0.8	NonTarget	1	346831
1734.24	0.8	NonTarget	1	346848
1734.325	0.8	NonTarget	1	346865
1734.405	0.8	NonTarget	1	346881
1734.49	0.8	NonTarget	1	346898
1734.575	0.8	NonTarget	1	346915
1734.655	0.8	NonTarget	1	346931
1734.74	0.8	NonTarget	1	346948
1734.825	0.8	NonTarget	1	346965
1734.905	0.8	NonTarget	1	346981
1734.99	0.8	NonTarget	1	346998
1735.075	0.8	NonTarget	1	347015
1735.155	0.8	NonTarget	1	347031
1735.24	0.8	NonTarget	1	347048
1735.325	0.8	NonTarget	1	347065
1735.41	0.8	NonTarget	1	347082
1735.495	0.8	NonTarget	1	347099
1735.575	0.8	NonTarget	1	347115
1735.66	0.8	Target	2	347132
1735.74	0.8	NonTarget	1	347148
1735.825	0.8	NonTarget	1	347165
1735.91	0.8	NonTarget	1	347182
1735.99	0.8	NonTarget	1	347198
1736.075	0.8	NonTarget	1	347215
1736.16	0.8	NonTarget	1	347232
1736.245	0.8	NonTarget	1	347249
1736.325	0.8	NonTarget	1	347265
1736.41	0.8	NonTarget	1	347282
1736.81	0.8	NonTarget	1	347362
1736.895	0.8	NonTarget	1	347379
1736.975	0.8	NonTarget	1	347395
1737.06	0.8	NonTarget	1	347412
1737.145	0.8	NonTarget	1	347429
1737.225	0.8	NonTarget	1	347445
1737.31	0.8	NonTarget	1	347462
1737.395	0.8	NonTarget	1	347479
1737.48	0.8	NonTarget	1	347496
1737.56	0.8	NonTarget	1	347512
1737.645	0.8	NonTarget	1	347529
1737.725	0.8	NonTarget	1	347545
1737.81	0.8	NonTarget	1	347562
1737.895	0.8	NonTarget	1	347579
1737.98	0.8	NonTarget	1	347596
1738.06	0.8	NonTarget	1	347612
1738.145	0.8	NonTarget	1	347629
1738.23	0.8	NonTarget	1	347646
1738.31	0.8	NonTarget	1	347662
1738.395	0.8	NonTarget	1	347679
1738.48	0.8	Target	2	347696
1738.56	0.8	NonTarget	1	347712
1738.645	0.8	NonTarget	1	347729
1738.73	0.8	NonTarget	1	347746
1738.815	0.8	NonTarget	1	347763
1738.895	0.8	NonTarget	1	347779
1738.98	0.8	NonTarget	1	347796
1739.065	0.8	NonTarget	1	347813
1739.145	0.8	NonTarget	1	347829
1739.23	0.8	NonTarget	1	347846
1739.63	0.8	NonTarget	1	347926
1739.715	0.8	NonTarget	1	347943
1739.795	0.8	NonTarget	1	347959
1739.88	0.8	NonTarget	1	347976
1739.965	0.8	NonTarget	1	347993
1740.045	0.8	NonTarget	1	348009
1740.13	0.8	NonTarget	1	348026
1740.215	0.8	NonTarget	1	348043
1740.3	0.8	NonTarget	1	348060
1740.38	0.8	NonTarget	1	348076
1740.465	0.8	NonTarget	1	348093
1740.55	0.8	NonTarget	1	348110
1740.63	0.8	NonTarget	1	348126
1740.715	0.8	NonTarget	1	348143
1740.8	0.8	NonTarget	1	348160
1740.88	0.8	NonTarget	1	348176
1740.965	0.8	NonTarget	1	348193
1741.05	0.8	NonTarget	1	348210
1741.135	0.8	NonTarget	1	348227
1741.215	0.8	NonTarget	1	348243
1741.3	0.8	NonTarget	1	348260
1741.385	0.8	NonTarget	1	348277
1741.465	0.8	NonTarget	1	348293
1741.55	0.8	NonTarget	1	348310
1741.635	0.8	NonTarget	1	348327
1741.715	0.8	Target	2	348343
1741.8	0.8	NonTarget	1	348360
1741.885	0.8	NonTarget	1	348377
1741.965	0.8	NonTarget	1	348393
1742.05	0.8	NonTarget	1	348410
1742.45	0.8	NonTarget	1	348490
1742.535	0.8	NonTarget	1	348507
1742.62	0.8	NonTarget	1	348524
1742.7	0.8	NonTarget	1	348540
1742.785	0.8	NonTarget	1	348557
1742.87	0.8	NonTarget	1	348574
1742.95	0.8	NonTarget	1	348590
1743.035	0.8	NonTarget	1	348607
1743.12	0.8	NonTarget	1	348624
1743.2	0.8	NonTarget	1	348640
1743.285	0.8	NonTarget	1	348657
1743.37	0.8	NonTarget	1	348674
1743.455	0.8	NonTarget	1	348691
1743.535	0.8	NonTarget	1	348707
1743.62	0.8	NonTarget	1	348724
1743.705	0.8	Target	2	348741
1743.785	0.8	NonTarget	1	348757
1743.87	0.8	NonTarget	1	348774
1743.955	0.8	NonTarget	1	348791
1744.035	0.8	NonTarget	1	348807
1744.12	0.8	NonTarget	1	348824
1744.205	0.8	NonTarget	1	348841
1744.285	0.8	NonTarget	1	348857
1744.37	0.8	NonTarget	1	348874
1744.455	0.8	NonTarget	1	348891
1744.54	0.8	NonTarget	1	348908
1744.62	0.8	NonTarget	1	348924
1744.705	0.8	NonTarget	1	348941
1744.79	0.8	NonTarget	1	348958
1744.87	0.8	NonTarget	1	348974
1745.27	0.8	NonTarget	1	349054
1745.355	0.8	NonTarget	1	349071
1745.44	0.8	NonTarget	1	349088
1745.525	0.8	NonTarget	1	349105
1745.605	0.8	NonTarget	1	349121
1745.69	0.8	NonTarget	1	349138
1745.77	0.8	NonTarget	1	349154
1745.855	0.8	NonTarget	1	349171
1745.94	0.8	NonTarget	1	349188
1746.025	0.8	NonTarget	1	349205
1746.105	0.8	NonTarget	1	349221
1746.19	0.8	NonTarget	1	349238
1746.275	0.8	NonTarget	1	349255
1746.355	0.8	NonTarget	1	349271
1746.44	0.8	NonTarget	1	349288
1746.525	0.8	NonTarget	1	349305
1746.605	0.8	NonTarget	1	349321
1746.69	0.8	NonTarget	1	349338
1746.775	0.8	NonTarget	1	349355
1746.855	0.8	NonTarget	1	349371
1746.94	0.8	NonTarget	1	349388
1747.025	0.8	NonTarget	1	349405
1747.11	0.8	NonTarget	1	349422
1747.19	0.8	NonTarget	1	349438
1747.275	0.8	NonTarget	1	349455
1747.36	0.8	Target	2	349472
1747.44	0.8	NonTarget	1	349488
1747.525	0.8	NonTarget	1	349505
1747.61	0.8	NonTarget	1	349522
1747.69	0.8	NonTarget	1	349538
1748.09	0.8	NonTarget	1	349618
1748.175	0.8	NonTarget	1	349635
1748.26	0.8	NonTarget	1	349652
1748.345	0.8	NonTarget	1	349669
1748.425	0.8	NonTarget	1	349685
1748.51	0.8	NonTarget	1	349702
1748.59	0.8	NonTarget	1	349718
1748.675	0.8	NonTarget	1	349735
1748.76	0.8	NonTarget	1	349752
1748.84	0.8	NonTarget	1	349768
1748.925	0.8	NonTarget	1	349785
1749.01	0.8	NonTarget	1	349802
1749.095	0.8	NonTarget	1	349819
1749.18	0.8	NonTarget	1	349836
1749.26	0.8	NonTarget	1	349852
1749.345	0.8	Target	2	349869
1749.43	0.8	NonTarget	1	349886
1749.51	0.8	NonTarget	1	349902
1749.595	0.8	NonTarget	1	349919
1749.68	0.8	NonTarget	1	349936
1749.76	0.8	NonTarget	1	349952
1749.845	0.8	NonTarget	1	349969
1749.925	0.8	NonTarget	1	349985
1750.01	0.8	NonTarget	1	350002
1750.095	0.8	NonTarget	1	350019
1750.18	0.8	NonTarget	1	350036
1750.26	0.8	NonTarget	1	350052
1750.345	0.8	NonTarget	1	350069
1750.43	0.8	NonTarget	1	350086
1750.515	0.8	NonTarget	1	350103
1759.215	0.8	NonTarget	1	351843
1759.29	0.8	NonTarget	1	351858
1759.375	0.8	NonTarget	1	351875
1759.46	0.8	NonTarget	1	351892
1759.545	0.8	NonTarget	1	351909
1759.625	0.8	NonTarget	1	351925
1759.71	0.8	NonTarget	1	351942
1759.79	0.8	NonTarget	1	351958
1759.875	0.8	NonTarget	1	351975
1759.96	0.8	NonTarget	1	351992
1760.045	0.8	NonTarget	1	352009
1760.125	0.8	NonTarget	1	352025
1760.21	0.8	NonTarget	1	352042
1760.295	0.8	NonTarget	1	352059
1760.375	0.8	NonTarget	1	352075
1760.46	0.8	NonTarget	1	352092
1760.545	0.8	NonTarget	1	352109
1760.625	0.8	NonTarget	1	352125
1760.71	0.8	NonTarget	1	352142
1760.795	0.8	Target	2	352159
1760.875	0.8	NonTarget	1	352175
1760.96	0.8	NonTarget	1	352192
1761.045	0.8	NonTarget	1	352209
1761.125	0.8	NonTarget	1	352225
1761.215	0.8	NonTarget	1	352243
1761.295	0.8	NonTarget	1	352259
1761.375	0.8	NonTarget	1	352275
1761.46	0.8	NonTarget	1	352292
1761.545	0.8	NonTarget	1	352309
1761.625	0.8	NonTarget	1	352325
1762.03	0.8	NonTarget	1	352406
1762.11	0.8	NonTarget	1	352422
1762.195	0.8	NonTarget	1	352439
1762.28	0.8	NonTarget	1	352456
1762.365	0.8	NonTarget	1	352473
1762.445	0.8	NonTarget	1	352489
1762.53	0.8	NonTarget	1	352506
1762.615	0.8	NonTarget	1	352523
1762.695	0.8	NonTarget	1	352539
1762.78	0.8	NonTarget	1	352556
1762.865	0.8	NonTarget	1	352573
1762.95	0.8	NonTarget	1	352590
1763.03	0.8	NonTarget	1	352606
1763.115	0.8	NonTarget	1	352623
1763.195	0.8	Target	2	352639
1763.28	0.8	NonTarget	1	352656
1763.365	0.8	NonTarget	1	352673
1763.445	0.8	NonTarget	1	352689
1763.53	0.8	NonTarget	1	352706
1763.615	0.8	NonTarget	1	352723
1763.7	0.8	NonTarget	1	352740
1763.78	0.8	NonTarget	1	352756
1763.865	0.8	NonTarget	1	352773
1763.95	0.8	NonTarget	1	352790
1764.03	0.8	NonTarget	1	352806
1764.115	0.8	NonTarget	1	352823
1764.2	0.8	NonTarget	1	352840
1764.28	0.8	NonTarget	1	352856
1764.365	0.8	NonTarget	1	352873
1764.45	0.8	NonTarget	1	352890
1764.85	0.8	NonTarget	1	352970
1764.93	0.8	NonTarget	1	352986
1765.02	0.8	NonTarget	1	353004
1765.1	0.8	NonTarget	1	353020
1765.185	0.8	NonTarget	1	353037
1765.265	0.8	NonTarget	1	353053
1765.35	0.8	NonTarget	1	353070
1765.435	0.8	NonTarget	1	353087
1765.515	0.8	NonTarget	1	353103
1765.6	0.8	NonTarget	1	353120
1765.685	0.8	NonTarget	1	353137
1765.77	0.8	NonTarget	1	353154
1765.85	0.8	NonTarget	1	353170
1765.935	0.8	NonTarget	1	353187
1766.02	0.8	NonTarget	1	353204
1766.1	0.8	NonTarget	1	353220
1766.185	0.8	NonTarget	1	353237
1766.27	0.8	NonTarget	1	353254
1766.355	0.8	NonTarget	1	353271
1766.435	0.8	Target	2	353287
1766.52	0.8	NonTarget	1	353304
1766.6	0.8	NonTarget	1	353320
1766.685	0.8	NonTarget	1	353337
1766.77	0.8	NonTarget	1	353354
1766.85	0.8	NonTarget	1	353370
1766.935	0.8	NonTarget	1	353387
1767.02	0.8	NonTarget	1	353404
1767.105	0.8	NonTarget	1	353421
1767.185	0.8	NonTarget	1	353437
1767.27	0.8	NonTarget	1	353454
1767.67	0.8	NonTarget	1	353534
1767.755	0.8	NonTarget	1	353551
1767.835	0.8	NonTarget	1	353567
1767.92	0.8	NonTarget	1	353584
1768.005	0.8	Target	2	353601
1768.085	0.8	NonTarget	1	353617
1768.17	0.8	NonTarget	1	353634
1768.255	0.8	NonTarget	1	353651
1768.34	0.8	NonTarget	1	353668
1768.42	0.8	NonTarget	1	353684
1768.505	0.8	NonTarget	1	353701
1768.59	0.8	NonTarget	1	353718
1768.67	0.8	NonTarget	1	353734
1768.755	0.8	NonTarget	1	353751
1768.84	0.8	NonTarget	1	353768
1768.92	0.8	NonTarget	1	353784
1769.005	0.8	NonTarget	1	353801
1769.09	0.8	NonTarget	1	353818
1769.17	0.8	NonTarget	1	353834
1769.26	0.8	NonTarget	1	353852
1769.34	0.8	NonTarget	1	353868
1769.425	0.8	NonTarget	1	353885
1769.505	0.8	NonTarget	1	353901
1769.59	0.8	NonTarget	1	353918
1769.67	0.8	NonTarget	1	353934
1769.755	0.8	NonTarget	1	353951
1769.84	0.8	NonTarget	1	353968
1769.925	0.8	NonTarget	1	353985
1770.01	0.8	NonTarget	1	354002
1770.09	0.8	NonTarget	1	354018
1770.49	0.8	NonTarget	1	354098
1770.575	0.8	NonTarget	1	354115
1770.66	0.8	NonTarget	1	354132
1770.74	0.8	NonTarget	1	354148
1770.825	0.8	NonTarget	1	354165
1770.91	0.8	NonTarget	1	354182
1770.99	0.8	NonTarget	1	354198
1771.075	0.8	NonTarget	1	354215
1771.16	0.8	NonTarget	1	354232
1771.24	0.8	NonTarget	1	354248
1771.325	0.8	NonTarget	1	354265
1771.41	0.8	NonTarget	1	354282
1771.49	0.8	NonTarget	1	354298
1771.575	0.8	NonTarget	1	354315
1771.66	0.8	Target	2	354332
1771.74	0.8	NonTarget	1	354348
1771.825	0.8	NonTarget	1	354365
1771.91	0.8	NonTarget	1	354382
1771.995	0.8	NonTarget	1	354399
1772.075	0.8	NonTarget	1	354415
1772.16	0.8	NonTarget	1	354432
1772.245	0.8	NonTarget	1	354449
1772.325	0.8	NonTarget	1	354465
1772.41	0.8	NonTarget	1	354482
1772.49	0.8	NonTarget	1	354498
1772.575	0.8	NonTarget	1	354515
1772.66	0.8	NonTarget	1	354532
1772.745	0.8	NonTarget	1	354549
1772.825	0.8	NonTarget	1	354565
1772.91	0.8	NonTarget	1	354582
1773.31	0.8	NonTarget	1	354662
1773.395	0.8	NonTarget	1	354679
1773.48	0.8	NonTarget	1	354696
1773.56	0.8	NonTarget	1	354712
1773.645	0.8	Target	2	354729
1773.73	0.8	NonTarget	1	354746
1773.81	0.8	NonTarget	1	354762
1773.895	0.8	NonTarget	1	354779
1773.98	0.8	NonTarget	1	354796
1774.065	0.8	NonTarget	1	354813
1774.145	0.8	NonTarget	1	354829
1774.23	0.8	NonTarget	1	354846
1774.31	0.8	NonTarget	1	354862
1774.395	0.8	NonTarget	1	354879
1774.48	0.8	NonTarget	1	354896
1774.565	0.8	NonTarget	1	354913
1774.645	0.8	NonTarget	1	354929
1774.73	0.8	NonTarget	1	354946
1774.815	0.8	NonTarget	1	354963
1774.895	0.8	NonTarget	1	354979
1774.98	0.8	NonTarget	1	354996
1775.065	0.8	NonTarget	1	355013
1775.145	0.8	NonTarget	1	355029
1775.23	0.8	NonTarget	1	355046
1775.315	0.8	NonTarget	1	355063
1775.395	0.8	NonTarget	1	355079
1775.48	0.8	NonTarget	1	355096
1775.565	0.8	NonTarget	1	355113
1775.65	0.8	NonTarget	1	355130
1775.73	0.8	NonTarget	1	355146
1776.13	0.8	NonTarget	1	355226
1776.215	0.8	NonTarget	1	355243
1776.3	0.8	NonTarget	1	355260
1776.385	0.8	NonTarget	1	355277
1776.465	0.8	NonTarget	1	355293
1776.55	0.8	NonTarget	1	355310
1776.635	0.8	NonTarget	1	355327
1776.715	0.8	NonTarget	1	355343
1776.8	0.8	NonTarget	1	355360
1776.885	0.8	NonTarget	1	355377
1776.965	0.8	NonTarget	1	355393
1777.05	0.8	NonTarget	1	355410
1777.135	0.8	NonTarget	1	355427
1777.22	0.8	NonTarget	1	355444
1777.3	0.8	Target	2	355460
1777.385	0.8	NonTarget	1	355477
1777.465	0.8	NonTarget	1	355493
1777.55	0.8	NonTarget	1	355510
1777.635	0.8	NonTarget	1	355527
1777.715	0.8	NonTarget	1	355543
1777.8	0.8	NonTarget	1	355560
1777.885	0.8	NonTarget	1	355577
1777.965	0.8	NonTarget	1	355593
1778.05	0.8	NonTarget	1	355610
1778.135	0.8	NonTarget	1	355627
1778.22	0.8	NonTarget	1	355644
1778.3	0.8	NonTarget	1	355660
1778.385	0.8	NonTarget	1	355677
1778.47	0.8	NonTarget	1	355694
1778.55	0.8	NonTarget	1	355710
1778.955	0.8	NonTarget	1	355791
1779.035	0.8	NonTarget	1	355807
1779.12	0.8	NonTarget	1	355824
1779.205	0.8	NonTarget	1	355841
1779.285	0.8	NonTarget	1	355857
1779.37	0.8	NonTarget	1	355874
1779.455	0.8	NonTarget	1	355891
1779.535	0.8	NonTarget	1	355907
1779.62	0.8	NonTarget	1	355924
1779.705	0.8	NonTarget	1	355941
1779.785	0.8	NonTarget	1	355957
1779.87	0.8	NonTarget	1	355974
1779.955	0.8	NonTarget	1	355991
1780.04	0.8	NonTarget	1	356008
1780.12	0.8	Target	2	356024
1780.205	0.8	NonTarget	1	356041
1780.285	0.8	NonTarget	1	356057
1780.37	0.8	NonTarget	1	356074
1780.455	0.8	NonTarget	1	356091
1780.54	0.8	NonTarget	1	356108
1780.62	0.8	NonTarget	1	356124
1780.705	0.8	NonTarget	1	356141
1780.79	0.8	NonTarget	1	356158
1780.87	0.8	NonTarget	1	356174
1780.955	0.8	NonTarget	1	356191
1781.04	0.8	NonTarget	1	356208
1781.12	0.8	NonTarget	1	356224
1781.205	0.8	NonTarget	1	356241
1781.29	0.8	NonTarget	1	356258
1781.375	0.8	NonTarget	1	356275
1781.775	0.8	NonTarget	1	356355
1781.855	0.8	NonTarget	1	356371
1781.94	0.8	NonTarget	1	356388
1782.025	0.8	NonTarget	1	356405
1782.11	0.8	NonTarget	1	356422
1782.19	0.8	NonTarget	1	356438
1782.275	0.8	NonTarget	1	356455
1782.36	0.8	NonTarget	1	356472
1782.44	0.8	NonTarget	1	356488
1782.525	0.8	NonTarget	1	356505
1782.61	0.8	NonTarget	1	356522
1782.69	0.8	NonTarget	1	356538
1782.775	0.8	NonTarget	1	356555
1782.86	0.8	NonTarget	1	356572
1782.94	0.8	NonTarget	1	356588
1783.025	0.8	NonTarget	1	356605
1783.11	0.8	NonTarget	1	356622
1783.19	0.8	NonTarget	1	356638
1783.275	0.8	NonTarget	1	356655
1783.36	0.8	NonTarget	1	356672
1783.44	0.8	NonTarget	1	356688
1783.525	0.8	NonTarget	1	356705
1783.61	0.8	NonTarget	1	356722
1783.695	0.8	NonTarget	1	356739
1783.775	0.8	NonTarget	1	356755
1783.86	0.8	NonTarget	1	356772
1783.945	0.8	NonTarget	1	356789
1784.025	0.8	NonTarget	1	356805
1784.11	0.8	NonTarget	1	356822
1784.195	0.8	Target	2	356839
1784.595	0.8	NonTarget	1	356919
1784.675	0.8	NonTarget	1	356935
1784.76	0.8	NonTarget	1	356952
1784.845	0.8	NonTarget	1	356969
1784.93	0.8	NonTarget	1	356986
1785.01	0.8	NonTarget	1	357002
1785.095	0.8	NonTarget	1	357019
1785.18	0.8	NonTarget	1	357036
1785.26	0.8	NonTarget	1	357052
1785.345	0.8	Target	2	357069
1785.43	0.8	NonTarget	1	357086
1785.515	0.8	NonTarget	1	357103
1785.595	0.8	NonTarget	1	357119
1785.68	0.8	NonTarget	1	357136
1785.76	0.8	NonTarget	1	357152
1785.845	0.8	NonTarget	1	357169
1785.93	0.8	NonTarget	1	357186
1786.015	0.8	NonTarget	1	357203
1786.095	0.8	NonTarget	1	357219
1786.18	0.8	NonTarget	1	357236
1786.265	0.8	NonTarget	1	357253
1786.345	0.8	NonTarget	1	357269
1786.43	0.8	NonTarget	1	357286
1786.515	0.8	NonTarget	1	357303
1786.595	0.8	NonTarget	1	357319
1786.68	0.8	NonTarget	1	357336
1786.765	0.8	NonTarget	1	357353
1786.845	0.8	NonTarget	1	357369
1786.93	0.8	NonTarget	1	357386
1787.015	0.8	NonTarget	1	357403
1795.715	0.8	NonTarget	1	359143
1795.795	0.8	NonTarget	1	359159
1795.875	0.8	NonTarget	1	359175
1795.96	0.8	NonTarget	1	359192
1796.045	0.8	NonTarget	1	359209
1796.13	0.8	NonTarget	1	359226
1796.21	0.8	NonTarget	1	359242
1796.295	0.8	NonTarget	1	359259
1796.38	0.8	NonTarget	1	359276
1796.46	0.8	NonTarget	1	359292
1796.545	0.8	NonTarget	1	359309
1796.63	0.8	NonTarget	1	359326
1796.71	0.8	Target	2	359342
1796.795	0.8	NonTarget	1	359359
1796.88	0.8	NonTarget	1	359376
1796.96	0.8	NonTarget	1	359392
1797.045	0.8	NonTarget	1	359409
1797.13	0.8	NonTarget	1	359426
1797.215	0.8	NonTarget	1	359443
1797.295	0.8	NonTarget	1	359459
1797.38	0.8	NonTarget	1	359476
1797.465	0.8	NonTarget	1	359493
1797.545	0.8	NonTarget	1	359509
1797.63	0.8	NonTarget	1	359526
1797.715	0.8	NonTarget	1	359543
1797.795	0.8	NonTarget	1	359559
1797.88	0.8	NonTarget	1	359576
1797.965	0.8	NonTarget	1	359593
1798.05	0.8	NonTarget	1	359610
1798.13	0.8	NonTarget	1	359626
1798.53	0.8	NonTarget	1	359706
1798.615	0.8	NonTarget	1	359723
1798.7	0.8	NonTarget	1	359740
1798.78	0.8	NonTarget	1	359756
1798.865	0.8	NonTarget	1	359773
1798.95	0.8	NonTarget	1	359790
1799.03	0.8	NonTarget	1	359806
1799.115	0.8	Target	2	359823
1799.2	0.8	NonTarget	1	359840
1799.28	0.8	NonTarget	1	359856
1799.365	0.8	NonTarget	1	359873
1799.45	0.8	NonTarget	1	359890
1799.53	0.8	NonTarget	1	359906
1799.615	0.8	NonTarget	1	359923
1799.7	0.8	NonTarget	1	359940
1799.785	0.8	NonTarget	1	359957
1799.865	0.8	NonTarget	1	359973
1799.95	0.8	NonTarget	1	359990
1800.035	0.8	NonTarget	1	360007
1800.115	0.8	NonTarget	1	360023
1800.2	0.8	NonTarget	1	360040
1800.28	0.8	NonTarget	1	360056
1800.365	0.8	NonTarget	1	360073
1800.45	0.8	NonTarget	1	360090
1800.535	0.8	NonTarget	1	360107
1800.62	0.8	NonTarget	1	360124
1800.7	0.8	NonTarget	1	360140
1800.785	0.8	NonTarget	1	360157
1800.865	0.8	NonTarget	1	360173
1800.95	0.8	NonTarget	1	360190
1801.35	0.8	NonTarget	1	360270
1801.435	0.8	NonTarget	1	360287
1801.52	0.8	Target	2	360304
1801.605	0.8	NonTarget	1	360321
1801.685	0.8	NonTarget	1	360337
1801.77	0.8	NonTarget	1	360354
1801.85	0.8	NonTarget	1	360370
1801.935	0.8	NonTarget	1	360387
1802.02	0.8	NonTarget	1	360404
1802.1	0.8	NonTarget	1	360420
1802.185	0.8	NonTarget	1	360437
1802.27	0.8	NonTarget	1	360454
1802.35	0.8	NonTarget	1	360470
1802.435	0.8	NonTarget	1	360487
1802.52	0.8	NonTarget	1	360504
1802.605	0.8	NonTarget	1	360521
1802.685	0.8	NonTarget	1	360537
1802.77	0.8	NonTarget	1	360554
1802.855	0.8	NonTarget	1	360571
1802.935	0.8	NonTarget	1	360587
1803.02	0.8	NonTarget	1	360604
1803.105	0.8	NonTarget	1	360621
1803.19	0.8	NonTarget	1	360638
1803.27	0.8	NonTarget	1	360654
1803.355	0.8	NonTarget	1	360671
1803.435	0.8	NonTarget	1	360687
1803.52	0.8	NonTarget	1	360704
1803.605	0.8	NonTarget	1	360721
1803.69	0.8	NonTarget	1	360738
1803.775	0.8	NonTarget	1	360755
1804.17	0.8	NonTarget	1	360834
1804.255	0.8	NonTarget	1	360851
1804.34	0.8	NonTarget	1	360868
1804.425	0.8	NonTarget	1	360885
1804.505	0.8	NonTarget	1	360901
1804.59	0.8	NonTarget	1	360918
1804.67	0.8	NonTarget	1	360934
1804.755	0.8	Target	2	360951
1804.84	0.8	NonTarget	1	360968
1804.92	0.8	NonTarget	1	360984
1805.005	0.8	NonTarget	1	361001
1805.09	0.8	NonTarget	1	361018
1805.175	0.8	NonTarget	1	361035
1805.26	0.8	NonTarget	1	361052
1805.34	0.8	NonTarget	1	361068
1805.425	0.8	NonTarget	1	361085
1805.51	0.8	NonTarget	1	361102
1805.59	0.8	NonTarget	1	361118
1805.675	0.8	NonTarget	1	361135
1805.755	0.8	NonTarget	1	361151
1805.84	0.8	NonTarget	1	361168
1805.925	0.8	NonTarget	1	361185
1806.01	0.8	NonTarget	1	361202
1806.09	0.8	NonTarget	1	361218
1806.175	0.8	NonTarget	1	361235
1806.26	0.8	NonTarget	1	361252
1806.34	0.8	NonTarget	1	361268
1806.425	0.8	NonTarget	1	361285
1806.51	0.8	NonTarget	1	361302
1806.59	0.8	NonTarget	1	361318
1806.99	0.8	NonTarget	1	361398
1807.075	0.8	NonTarget	1	361415
1807.16	0.8	Target	2	361432
1807.245	0.8	NonTarget	1	361449
1807.325	0.8	NonTarget	1	361465
1807.41	0.8	NonTarget	1	361482
1807.495	0.8	NonTarget	1	361499
1807.575	0.8	NonTarget	1	361515
1807.66	0.8	NonTarget	1	361532
1807.745	0.8	NonTarget	1	361549
1807.83	0.8	NonTarget	1	361566
1807.91	0.8	NonTarget	1	361582
1807.995	0.8	NonTarget	1	361599
1808.08	0.8	NonTarget	1	361616
1808.16	0.8	NonTarget	1	361632
1808.245	0.8	NonTarget	1	361649
1808.33	0.8	NonTarget	1	361666
1808.41	0.8	NonTarget	1	361682
1808.495	0.8	NonTarget	1	361699
1808.58	0.8	NonTarget	1	361716
1808.66	0.8	NonTarget	1	361732
1808.745	0.8	NonTarget	1	361749
1808.83	0.8	NonTarget	1	361766
1808.91	0.8	NonTarget	1	361782
1808.995	0.8	NonTarget	1	361799
1809.08	0.8	NonTarget	1	361816
1809.16	0.8	NonTarget	1	361832
1809.245	0.8	NonTarget	1	361849
1809.33	0.8	NonTarget	1	361866
1809.41	0.8	NonTarget	1	361882
1809.81	0.8	NonTarget	1	361962
1809.895	0.8	NonTarget	1	361979
1809.98	0.8	NonTarget	1	361996
1810.065	0.8	NonTarget	1	362013
1810.15	0.8	NonTarget	1	362030
1810.23	0.8	NonTarget	1	362046
1810.315	0.8	NonTarget	1	362063
1810.4	0.8	NonTarget	1	362080
1810.48	0.8	NonTarget	1	362096
1810.565	0.8	NonTarget	1	362113
1810.65	0.8	NonTarget	1	362130
1810.73	0.8	NonTarget	1	362146
1810.815	0.8	NonTarget	1	362163
1810.9	0.8	NonTarget	1	362180
1810.98	0.8	NonTarget	1	362196
1811.065	0.8	NonTarget	1	362213
1811.145	0.8	NonTarget	1	362229
1811.23	0.8	NonTarget	1	362246
1811.315	0.8	NonTarget	1	362263
1811.395	0.8	NonTarget	1	362279
1811.48	0.8	NonTarget	1	362296
1811.565	0.8	NonTarget	1	362313
1811.65	0.8	Target	2	362330
1811.735	0.8	NonTarget	1	362347
1811.815	0.8	NonTarget	1	362363
1811.9	0.8	NonTarget	1	362380
1811.985	0.8	NonTarget	1	362397
1812.065	0.8	NonTarget	1	362413
1812.15	0.8	NonTarget	1	362430
1812.235	0.8	NonTarget	1	362447
1812.63	0.8	NonTarget	1	362526
1812.72	0.8	NonTarget	1	362544
1812.8	0.8	NonTarget	1	362560
1812.885	0.8	NonTarget	1	362577
1812.965	0.8	NonTarget	1	362593
1813.05	0.8	NonTarget	1	362610
1813.135	0.8	NonTarget	1	362627
1813.22	0.8	NonTarget	1	362644
1813.3	0.8	NonTarget	1	362660
1813.385	0.8	NonTarget	1	362677
1813.47	0.8	NonTarget	1	362694
1813.55	0.8	NonTarget	1	362710
1813.635	0.8	NonTarget	1	362727
1813.72	0.8	NonTarget	1	362744
1813.8	0.8	NonTarget	1	362760
1813.885	0.8	NonTarget	1	362777
1813.97	0.8	NonTarget	1	362794
1814.05	0.8	NonTarget	1	362810
1814.135	0.8	NonTarget	1	362827
1814.22	0.8	NonTarget	1	362844
1814.305	0.8	NonTarget	1	362861
1814.385	0.8	NonTarget	1	362877
1814.47	0.8	NonTarget	1	362894
1814.555	0.8	NonTarget	1	362911
1814.635	0.8	NonTarget	1	362927
1814.72	0.8	NonTarget	1	362944
1814.805	0.8	NonTarget	1	362961
1814.885	0.8	Target	2	362977
1814.97	0.8	NonTarget	1	362994
1815.055	0.8	NonTarget	1	363011
1815.455	0.8	NonTarget	1	363091
1815.54	0.8	NonTarget	1	363108
1815.62	0.8	NonTarget	1	363124
1815.705	0.8	NonTarget	1	363141
1815.79	0.8	NonTarget	1	363158
1815.875	0.8	NonTarget	1	363175
1815.955	0.8	NonTarget	1	363191
1816.04	0.8	NonTarget	1	363208
1816.12	0.8	NonTarget	1	363224
1816.205	0.8	NonTarget	1	363241
1816.29	0.8	NonTarget	1	363258
1816.375	0.8	NonTarget	1	363275
1816.455	0.8	Target	2	363291
1816.54	0.8	NonTarget	1	363308
1816.62	0.8	NonTarget	1	363324
1816.705	0.8	NonTarget	1	363341
1816.79	0.8	NonTarget	1	363358
1816.875	0.8	NonTarget	1	363375
1816.955	0.8	NonTarget	1	363391
1817.04	0.8	NonTarget	1	363408
1817.125	0.8	NonTarget	1	363425
1817.205	0.8	NonTarget	1	363441
1817.29	0.8	NonTarget	1	363458
1817.375	0.8	NonTarget	1	363475
1817.46	0.8	NonTarget	1	363492
1817.54	0.8	NonTarget	1	363508
1817.625	0.8	NonTarget	1	363525
1817.71	0.8	NonTarget	1	363542
1817.795	0.8	NonTarget	1	363559
1817.875	0.8	NonTarget	1	363575
1818.275	0.8	NonTarget	1	363655
1818.36	0.8	NonTarget	1	363672
1818.44	0.8	NonTarget	1	363688
1818.525	0.8	NonTarget	1	363705
1818.61	0.8	NonTarget	1	363722
1818.69	0.8	NonTarget	1	363738
1818.775	0.8	NonTarget	1	363755
1818.86	0.8	NonTarget	1	363772
1818.945	0.8	NonTarget	1	363789
1819.025	0.8	NonTarget	1	363805
1819.11	0.8	NonTarget	1	363822
1819.195	0.8	NonTarget	1	363839
1819.275	0.8	Target	2	363855
1819.36	0.8	NonTarget	1	363872
1819.445	0.8	NonTarget	1	363889
1819.525	0.8	NonTarget	1	363905
1819.61	0.8	NonTarget	1	363922
1819.695	0.8	NonTarget	1	363939
1819.775	0.8	NonTarget	1	363955
1819.86	0.8	NonTarget	1	363972
1819.945	0.8	NonTarget	1	363989
1820.03	0.8	NonTarget	1	364006
1820.11	0.8	NonTarget	1	364022
1820.195	0.8	NonTarget	1	364039
1820.28	0.8	NonTarget	1	364056
1820.36	0.8	NonTarget	1	364072
1820.445	0.8	NonTarget	1	364089
1820.53	0.8	NonTarget	1	364106
1820.61	0.8	NonTarget	1	364122
1820.695	0.8	NonTarget	1	364139
1821.095	0.8	NonTarget	1	364219
1821.18	0.8	NonTarget	1	364236
1821.265	0.8	NonTarget	1	364253
1821.345	0.8	NonTarget	1	364269
1821.43	0.8	NonTarget	1	364286
1821.515	0.8	NonTarget	1	364303
1821.595	0.8	NonTarget	1	364319
1821.68	0.8	NonTarget	1	364336
1821.765	0.8	NonTarget	1	364353
1821.845	0.8	NonTarget	1	364369
1821.93	0.8	NonTarget	1	364386
1822.015	0.8	NonTarget	1	364403
1822.095	0.8	NonTarget	1	364419
1822.18	0.8	NonTarget	1	364436
1822.265	0.8	NonTarget	1	364453
1822.35	0.8	NonTarget	1	364470
1822.43	0.8	NonTarget	1	364486
1822.515	0.8	NonTarget	1	364503
1822.6	0.8	NonTarget	1	364520
1822.68	0.8	NonTarget	1	364536
1822.765	0.8	NonTarget	1	364553
1822.85	0.8	NonTarget	1	364570
1822.93	0.8	Target	2	364586
1823.015	0.8	NonTarget	1	364603
1823.1	0.8	NonTarget	1	364620
1823.185	0.8	NonTarget	1	364637
1823.265	0.8	NonTarget	1	364653
1823.35	0.8	NonTarget	1	364670
1823.435	0.8	NonTarget	1	364687
1823.515	0.8	NonTarget	1	364703
1832.215	0.8	NonTarget	1	366443
1832.295	0.8	NonTarget	1	366459
1832.38	0.8	Target	2	366476
1832.46	0.8	NonTarget	1	366492
1832.545	0.8	NonTarget	1	366509
1832.63	0.8	NonTarget	1	366526
1832.71	0.8	NonTarget	1	366542
1832.795	0.8	NonTarget	1	366559
1832.88	0.8	NonTarget	1	366576
1832.96	0.8	NonTarget	1	366592
1833.05	0.8	NonTarget	1	366610
1833.13	0.8	NonTarget	1	366626
1833.215	0.8	NonTarget	1	366643
1833.295	0.8	NonTarget	1	366659
1833.38	0.8	NonTarget	1	366676
1833.465	0.8	NonTarget	1	366693
1833.55	0.8	NonTarget	1	366710
1833.63	0.8	NonTarget	1	366726
1833.715	0.8	NonTarget	1	366743
1833.795	0.8	NonTarget	1	366759
1833.88	0.8	NonTarget	1	366776
1833.965	0.8	NonTarget	1	366793
1834.045	0.8	NonTarget	1	366809
1834.13	0.8	NonTarget	1	366826
1834.215	0.8	NonTarget	1	366843
1834.295	0.8	NonTarget	1	366859
1834.385	0.8	NonTarget	1	366877
1834.465	0.8	NonTarget	1	366893
1834.55	0.8	NonTarget	1	366910
1834.63	0.8	NonTarget	1	366926
1835.035	0.8	NonTarget	1	367007
1835.115	0.8	NonTarget	1	367023
1835.2	0.8	NonTarget	1	367040
1835.28	0.8	NonTarget	1	367056
1835.365	0.8	NonTarget	1	367073
1835.45	0.8	NonTarget	1	367090
1835.535	0.8	NonTarget	1	367107
1835.615	0.8	NonTarget	1	367123
1835.7	0.8	NonTarget	1	367140
1835.785	0.8	NonTarget	1	367157
1835.865	0.8	NonTarget	1	367173
1835.95	0.8	NonTarget	1	367190
1836.035	0.8	NonTarget	1	367207
1836.115	0.8	NonTarget	1	367223
1836.2	0.8	NonTarget	1	367240
1836.285	0.8	NonTarget	1	367257
1836.37	0.8	NonTarget	1	367274
1836.45	0.8	NonTarget	1	367290
1836.535	0.8	NonTarget	1	367307
1836.62	0.8	NonTarget	1	367324
1836.7	0.8	NonTarget	1	367340
1836.785	0.8	NonTarget	1	367357
1836.87	0.8	Target	2	367374
1836.95	0.8	NonTarget	1	367390
1837.035	0.8	NonTarget	1	367407
1837.12	0.8	NonTarget	1	367424
1837.2	0.8	NonTarget	1	367440
1837.285	0.8	NonTarget	1	367457
1837.37	0.8	NonTarget	1	367474
1837.45	0.8	NonTarget	1	367490
1837.85	0.8	NonTarget	1	367570
1837.935	0.8	NonTarget	1	367587
1838.02	0.8	NonTarget	1	367604
1838.105	0.8	NonTarget	1	367621
1838.185	0.8	NonTarget	1	367637
1838.27	0.8	NonTarget	1	367654
1838.355	0.8	NonTarget	1	367671
1838.435	0.8	NonTarget	1	367687
1838.52	0.8	NonTarget	1	367704
1838.605	0.8	NonTarget	1	367721
1838.685	0.8	NonTarget	1	367737
1838.77	0.8	NonTarget	1	367754
1838.855	0.8	Target	2	367771
1838.94	0.8	NonTarget	1	367788
1839.02	0.8	NonTarget	1	367804
1839.105	0.8	NonTarget	1	367821
1839.19	0.8	NonTarget	1	367838
1839.27	0.8	NonTarget	1	367854
1839.355	0.8	NonTarget	1	367871
1839.44	0.8	NonTarget	1	367888
1839.52	0.8	NonTarget	1	367904
1839.605	0.8	NonTarget	1	367921
1839.69	0.8	NonTarget	1	367938
1839.77	0.8	NonTarget	1	367954
1839.855	0.8	NonTarget	1	367971
1839.94	0.8	NonTarget	1	367988
1840.025	0.8	NonTarget	1	368005
1840.105	0.8	NonTarget	1	368021
1840.19	0.8	NonTarget	1	368038
1840.27	0.8	NonTarget	1	368054
1840.675	0.8	NonTarget	1	368135
1840.755	0.8	NonTarget	1	368151
1840.84	0.8	NonTarget	1	368168
1840.925	0.8	NonTarget	1	368185
1841.01	0.8	NonTarget	1	368202
1841.09	0.8	NonTarget	1	368218
1841.175	0.8	NonTarget	1	368235
1841.26	0.8	Target	2	368252
1841.34	0.8	NonTarget	1	368268
1841.425	0.8	NonTarget	1	368285
1841.51	0.8	NonTarget	1	368302
1841.59	0.8	NonTarget	1	368318
1841.675	0.8	NonTarget	1	368335
1841.76	0.8	NonTarget	1	368352
1841.84	0.8	NonTarget	1	368368
1841.925	0.8	NonTarget	1	368385
1842.01	0.8	NonTarget	1	368402
1842.095	0.8	NonTarget	1	368419
1842.175	0.8	NonTarget	1	368435
1842.26	0.8	NonTarget	1	368452
1842.34	0.8	NonTarget	1	368468
1842.425	0.8	NonTarget	1	368485
1842.51	0.8	NonTarget	1	368502
1842.595	0.8	NonTarget	1	368519
1842.675	0.8	NonTarget	1	368535
1842.76	0.8	NonTarget	1	368552
1842.84	0.8	NonTarget	1	368568
1842.925	0.8	NonTarget	1	368585
1843.01	0.8	NonTarget	1	368602
1843.095	0.8	NonTarget	1	368619
1843.49	0.8	NonTarget	1	368698
1843.58	0.8	NonTarget	1	368716
1843.66	0.8	NonTarget	1	368732
1843.745	0.8	NonTarget	1	368749
1843.83	0.8	NonTarget	1	368766
1843.91	0.8	NonTarget	1	368782
1843.995	0.8	NonTarget	1	368799
1844.08	0.8	NonTarget	1	368816
1844.16	0.8	NonTarget	1	368832
1844.245	0.8	NonTarget	1	368849
1844.33	0.8	NonTarget	1	368866
1844.41	0.8	NonTarget	1	368882
1844.495	0.8	NonTarget	1	368899
1844.58	0.8	NonTarget	1	368916
1844.66	0.8	NonTarget	1	368932
1844.745	0.8	NonTarget	1	368949
1844.83	0.8	NonTarget	1	368966
1844.915	0.8	Target	2	368983
1844.995	0.8	NonTarget	1	368999
1845.08	0.8	NonTarget	1	369016
1845.165	0.8	NonTarget	1	369033
1845.245	0.8	NonTarget	1	369049
1845.33	0.8	NonTarget	1	369066
1845.415	0.8	NonTarget	1	369083
1845.5	0.8	NonTarget	1	369100
1845.58	0.8	NonTarget	1	369116
1845.665	0.8	NonTarget	1	369133
1845.75	0.8	NonTarget	1	369150
1845.83	0.8	NonTarget	1	369166
1845.915	0.8	NonTarget	1	369183
1846.315	0.8	NonTarget	1	369263
1846.4	0.8	NonTarget	1	369280
1846.48	0.8	NonTarget	1	369296
1846.565	0.8	NonTarget	1	369313
1846.65	0.8	NonTarget	1	369330
1846.735	0.8	NonTarget	1	369347
1846.815	0.8	NonTarget	1	369363
1846.9	0.8	NonTarget	1	369380
1846.985	0.8	NonTarget	1	369397
1847.065	0.8	NonTarget	1	369413
1847.15	0.8	NonTarget	1	369430
1847.235	0.8	NonTarget	1	369447
1847.315	0.8	Target	2	369463
1847.4	0.8	NonTarget	1	369480
1847.48	0.8	NonTarget	1	369496
1847.565	0.8	NonTarget	1	369513
1847.65	0.8	NonTarget	1	369530
1847.735	0.8	NonTarget	1	369547
1847.815	0.8	NonTarget	1	369563
1847.9	0.8	NonTarget	1	369580
1847.985	0.8	NonTarget	1	369597
1848.065	0.8	NonTarget	1	369613
1848.15	0.8	NonTarget	1	369630
1848.235	0.8	NonTarget	1	369647
1848.32	0.8	NonTarget	1	369664
1848.4	0.8	NonTarget	1	369680
1848.485	0.8	NonTarget	1	369697
1848.57	0.8	NonTarget	1	369714
1848.655	0.8	NonTarget	1	369731
1848.735	0.8	NonTarget	1	369747
1849.135	0.8	NonTarget	1	369827
1849.22	0.8	NonTarget	1	369844
1849.305	0.8	NonTarget	1	369861
1849.39	0.8	NonTarget	1	369878
1849.47	0.8	NonTarget	1	369894
1849.555	0.8	NonTarget	1	369911
1849.635	0.8	NonTarget	1	369927
1849.72	0.8	Target	2	369944
1849.805	0.8	NonTarget	1	369961
1849.885	0.8	NonTarget	1	369977
1849.97	0.8	NonTarget	1	369994
1850.055	0.8	NonTarget	1	370011
1850.135	0.8	NonTarget	1	370027
1850.22	0.8	NonTarget	1	370044
1850.305	0.8	NonTarget	1	370061
1850.385	0.8	NonTarget	1	370077
1850.47	0.8	NonTarget	1	370094
1850.555	0.8	NonTarget	1	370111
1850.64	0.8	NonTarget	1	370128
1850.72	0.8	NonTarget	1	370144
1850.805	0.8	NonTarget	1	370161
1850.89	0.8	NonTarget	1	370178
1850.97	0.8	NonTarget	1	370194
1851.055	0.8	NonTarget	1	370211
1851.14	0.8	NonTarget	1	370228
1851.225	0.8	NonTarget	1	370245
1851.305	0.8	NonTarget	1	370261
1851.39	0.8	NonTarget	1	370278
1851.47	0.8	NonTarget	1	370294
1851.555	0.8	NonTarget	1	370311
1851.955	0.8	NonTarget	1	370391
1852.04	0.8	NonTarget	1	370408
1852.125	0.8	Target	2	370425
1852.205	0.8	NonTarget	1	370441
1852.29	0.8	NonTarget	1	370458
1852.375	0.8	NonTarget	1	370475
1852.455	0.8	NonTarget	1	370491
1852.54	0.8	NonTarget	1	370508
1852.625	0.8	NonTarget	1	370525
1852.705	0.8	NonTarget	1	370541
1852.79	0.8	NonTarget	1	370558
1852.875	0.8	NonTarget	1	370575
1852.955	0.8	NonTarget	1	370591
1853.04	0.8	NonTarget	1	370608
1853.125	0.8	NonTarget	1	370625
1853.21	0.8	NonTarget	1	370642
1853.29	0.8	NonTarget	1	370658
1853.375	0.8	NonTarget	1	370675
1853.46	0.8	NonTarget	1	370692
1853.54	0.8	NonTarget	1	370708
1853.625	0.8	NonTarget	1	370725
1853.71	0.8	NonTarget	1	370742
1853.79	0.8	NonTarget	1	370758
1853.875	0.8	NonTarget	1	370775
1853.96	0.8	NonTarget	1	370792
1854.045	0.8	NonTarget	1	370809
1854.125	0.8	NonTarget	1	370825
1854.21	0.8	NonTarget	1	370842
1854.29	0.8	NonTarget	1	370858
1854.375	0.8	NonTarget	1	370875
1854.775	0.8	NonTarget	1	370955
1854.86	0.8	NonTarget	1	370972
1854.945	0.8	NonTarget	1	370989
1855.03	0.8	NonTarget	1	371006
1855.11	0.8	NonTarget	1	371022
1855.195	0.8	NonTarget	1	371039
1855.275	0.8	NonTarget	1	371055
1855.36	0.8	NonTarget	1	371072
1855.445	0.8	NonTarget	1	371089
1855.525	0.8	NonTarget	1	371105
1855.61	0.8	NonTarget	1	371122
1855.695	0.8	NonTarget	1	371139
1855.78	0.8	Target	2	371156
1855.86	0.8	NonTarget	1	371172
1855.945	0.8	NonTarget	1	371189
1856.03	0.8	NonTarget	1	371206
1856.11	0.8	NonTarget	1	371222
1856.195	0.8	NonTarget	1	371239
1856.28	0.8	NonTarget	1	371256
1856.36	0.8	NonTarget	1	371272
1856.445	0.8	NonTarget	1	371289
1856.53	0.8	NonTarget	1	371306
1856.615	0.8	NonTarget	1	371323
1856.695	0.8	NonTarget	1	371339
1856.78	0.8	NonTarget	1	371356
1856.865	0.8	NonTarget	1	371373
1856.945	0.8	NonTarget	1	371389
1857.03	0.8	NonTarget	1	371406
1857.115	0.8	NonTarget	1	371423
1857.2	0.8	NonTarget	1	371440
1857.595	0.8	NonTarget	1	371519
1857.68	0.8	NonTarget	1	371536
1857.765	0.8	NonTarget	1	371553
1857.85	0.8	NonTarget	1	371570
1857.93	0.8	NonTarget	1	371586
1858.015	0.8	NonTarget	1	371603
1858.1	0.8	NonTarget	1	371620
1858.18	0.8	NonTarget	1	371636
1858.265	0.8	NonTarget	1	371653
1858.35	0.8	NonTarget	1	371670
1858.435	0.8	NonTarget	1	371687
1858.515	0.8	NonTarget	1	371703
1858.6	0.8	Target	2	371720
1858.685	0.8	NonTarget	1	371737
1858.765	0.8	NonTarget	1	371753
1858.85	0.8	NonTarget	1	371770
1858.935	0.8	NonTarget	1	371787
1859.015	0.8	NonTarget	1	371803
1859.1	0.8	NonTarget	1	371820
1859.185	0.8	NonTarget	1	371837
1859.265	0.8	NonTarget	1	371853
1859.35	0.8	NonTarget	1	371870
1859.435	0.8	NonTarget	1	371887
1859.515	0.8	NonTarget	1	371903
1859.6	0.8	NonTarget	1	371920
1859.685	0.8	NonTarget	1	371937
1859.77	0.8	NonTarget	1	371954
1859.85	0.8	NonTarget	1	371970
1859.935	0.8	NonTarget	1	371987
1860.02	0.8	NonTarget	1	372004
1868.715	0.8	NonTarget	1	373743
1868.795	0.8	NonTarget	1	373759
1868.88	0.8	NonTarget	1	373776
1868.965	0.8	NonTarget	1	373793
1869.05	0.8	NonTarget	1	373810
1869.13	0.8	Target	2	373826
1869.215	0.8	NonTarget	1	373843
1869.295	0.8	NonTarget	1	373859
1869.38	0.8	NonTarget	1	373876
1869.465	0.8	NonTarget	1	373893
1869.55	0.8	NonTarget	1	373910
1869.63	0.8	NonTarget	1	373926
1869.715	0.8	NonTarget	1	373943
1869.8	0.8	NonTarget	1	373960
1869.88	0.8	NonTarget	1	373976
1869.965	0.8	NonTarget	1	373993
1870.05	0.8	NonTarget	1	374010
1870.13	0.8	NonTarget	1	374026
1870.215	0.8	NonTarget	1	374043
1870.3	0.8	NonTarget	1	374060
1870.38	0.8	NonTarget	1	374076
1870.465	0.8	NonTarget	1	374093
1870.55	0.8	NonTarget	1	374110
1870.635	0.8	NonTarget	1	374127
1870.715	0.8	NonTarget	1	374143
1870.8	0.8	NonTarget	1	374160
1870.885	0.8	NonTarget	1	374177
1870.965	0.8	NonTarget	1	374193
1871.05	0.8	NonTarget	1	374210
1871.13	0.8	NonTarget	1	374226
1871.535	0.8	NonTarget	1	374307
1871.62	0.8	NonTarget	1	374324
1871.7	0.8	NonTarget	1	374340
1871.785	0.8	NonTarget	1	374357
1871.87	0.8	NonTarget	1	374374
1871.95	0.8	NonTarget	1	374390
1872.035	0.8	NonTarget	1	374407
1872.12	0.8	NonTarget	1	374424
1872.2	0.8	NonTarget	1	374440
1872.285	0.8	NonTarget	1	374457
1872.37	0.8	NonTarget	1	374474
1872.45	0.8	NonTarget	1	374490
1872.535	0.8	NonTarget	1	374507
1872.62	0.8	NonTarget	1	374524
1872.705	0.8	NonTarget	1	374541
1872.785	0.8	Target	2	374557
1872.87	0.8	NonTarget	1	374574
1872.955	0.8	NonTarget	1	374591
1873.035	0.8	NonTarget	1	374607
1873.12	0.8	NonTarget	1	374624
1873.205	0.8	NonTarget	1	374641
1873.285	0.8	NonTarget	1	374657
1873.37	0.8	NonTarget	1	374674
1873.455	0.8	NonTarget	1	374691
1873.535	0.8	NonTarget	1	374707
1873.62	0.8	NonTarget	1	374724
1873.705	0.8	NonTarget	1	374741
1873.785	0.8	NonTarget	1	374757
1873.87	0.8	NonTarget	1	374774
1873.955	0.8	NonTarget	1	374791
1874.355	0.8	Target	2	374871
1874.44	0.8	NonTarget	1	374888
1874.52	0.8	NonTarget	1	374904
1874.605	0.8	NonTarget	1	374921
1874.69	0.8	NonTarget	1	374938
1874.775	0.8	NonTarget	1	374955
1874.855	0.8	NonTarget	1	374971
1874.94	0.8	NonTarget	1	374988
1875.025	0.8	NonTarget	1	375005
1875.105	0.8	NonTarget	1	375021
1875.19	0.8	NonTarget	1	375038
1875.275	0.8	NonTarget	1	375055
1875.355	0.8	NonTarget	1	375071
1875.44	0.8	NonTarget	1	375088
1875.525	0.8	NonTarget	1	375105
1875.605	0.8	NonTarget	1	375121
1875.69	0.8	NonTarget	1	375138
1875.775	0.8	NonTarget	1	375155
1875.855	0.8	NonTarget	1	375171
1875.94	0.8	NonTarget	1	375188
1876.025	0.8	NonTarget	1	375205
1876.105	0.8	NonTarget	1	375221
1876.19	0.8	NonTarget	1	375238
1876.275	0.8	NonTarget	1	375255
1876.355	0.8	NonTarget	1	375271
1876.44	0.8	NonTarget	1	375288
1876.525	0.8	NonTarget	1	375305
1876.605	0.8	NonTarget	1	375321
1876.69	0.8	NonTarget	1	375338
1876.775	0.8	NonTarget	1	375355
1877.175	0.8	NonTarget	1	375435
1877.26	0.8	NonTarget	1	375452
1877.345	0.8	NonTarget	1	375469
1877.425	0.8	NonTarget	1	375485
1877.51	0.8	NonTarget	1	375502
1877.595	0.8	NonTarget	1	375519
1877.675	0.8	NonTarget	1	375535
1877.76	0.8	NonTarget	1	375552
1877.84	0.8	NonTarget	1	375568
1877.925	0.8	NonTarget	1	375585
1878.01	0.8	NonTarget	1	375602
1878.09	0.8	NonTarget	1	375618
1878.175	0.8	NonTarget	1	375635
1878.26	0.8	NonTarget	1	375652
1878.345	0.8	NonTarget	1	375669
1878.425	0.8	NonTarget	1	375685
1878.51	0.8	NonTarget	1	375702
1878.595	0.8	NonTarget	1	375719
1878.68	0.8	NonTarget	1	375736
1878.76	0.8	NonTarget	1	375752
1878.845	0.8	Target	2	375769
1878.93	0.8	NonTarget	1	375786
1879.01	0.8	NonTarget	1	375802
1879.095	0.8	NonTarget	1	375819
1879.18	0.8	NonTarget	1	375836
1879.26	0.8	NonTarget	1	375852
1879.345	0.8	NonTarget	1	375869
1879.43	0.8	NonTarget	1	375886
1879.51	0.8	NonTarget	1	375902
1879.595	0.8	NonTarget	1	375919
1879.995	0.8	NonTarget	1	375999
1880.08	0.8	NonTarget	1	376016
1880.165	0.8	NonTarget	1	376033
1880.245	0.8	NonTarget	1	376049
1880.33	0.8	NonTarget	1	376066
1880.415	0.8	NonTarget	1	376083
1880.495	0.8	NonTarget	1	376099
1880.58	0.8	NonTarget	1	376116
1880.665	0.8	NonTarget	1	376133
1880.745	0.8	NonTarget	1	376149
1880.83	0.8	Target	2	376166
1880.915	0.8	NonTarget	1	376183
1880.995	0.8	NonTarget	1	376199
1881.08	0.8	NonTarget	1	376216
1881.165	0.8	NonTarget	1	376233
1881.25	0.8	NonTarget	1	376250
1881.33	0.8	NonTarget	1	376266
1881.415	0.8	NonTarget	1	376283
1881.5	0.8	NonTarget	1	376300
1881.58	0.8	NonTarget	1	376316
1881.665	0.8	NonTarget	1	376333
1881.75	0.8	NonTarget	1	376350
1881.83	0.8	NonTarget	1	376366
1881.915	0.8	NonTarget	1	376383
1882.0	0.8	NonTarget	1	376400
1882.08	0.8	NonTarget	1	376416
1882.165	0.8	NonTarget	1	376433
1882.25	0.8	NonTarget	1	376450
1882.33	0.8	NonTarget	1	376466
1882.415	0.8	NonTarget	1	376483
1882.815	0.8	NonTarget	1	376563
1882.9	0.8	NonTarget	1	376580
1882.985	0.8	NonTarget	1	376597
1883.07	0.8	NonTarget	1	376614
1883.15	0.8	NonTarget	1	376630
1883.235	0.8	NonTarget	1	376647
1883.315	0.8	NonTarget	1	376663
1883.4	0.8	NonTarget	1	376680
1883.485	0.8	NonTarget	1	376697
1883.57	0.8	NonTarget	1	376714
1883.65	0.8	NonTarget	1	376730
1883.735	0.8	NonTarget	1	376747
1883.82	0.8	NonTarget	1	376764
1883.905	0.8	NonTarget	1	376781
1883.985	0.8	NonTarget	1	376797
1884.07	0.8	Target	2	376814
1884.15	0.8	NonTarget	1	376830
1884.235	0.8	NonTarget	1	376847
1884.32	0.8	NonTarget	1	376864
1884.4	0.8	NonTarget	1	376880
1884.485	0.8	NonTarget	1	376897
1884.57	0.8	NonTarget	1	376914
1884.655	0.8	NonTarget	1	376931
1884.735	0.8	NonTarget	1	376947
1884.82	0.8	NonTarget	1	376964
1884.905	0.8	NonTarget	1	376981
1884.985	0.8	NonTarget	1	376997
1885.07	0.8	NonTarget	1	377014
1885.155	0.8	NonTarget	1	377031
1885.24	0.8	NonTarget	1	377048
1885.635	0.8	NonTarget	1	377127
1885.72	0.8	NonTarget	1	377144
1885.805	0.8	NonTarget	1	377161
1885.89	0.8	NonTarget	1	377178
1885.97	0.8	NonTarget	1	377194
1886.055	0.8	NonTarget	1	377211
1886.14	0.8	NonTarget	1	377228
1886.22	0.8	NonTarget	1	377244
1886.305	0.8	NonTarget	1	377261
1886.39	0.8	NonTarget	1	377278
1886.475	0.8	NonTarget	1	377295
1886.555	0.8	NonTarget	1	377311
1886.64	0.8	NonTarget	1	377328
1886.725	0.8	NonTarget	1	377345
1886.805	0.8	NonTarget	1	377361
1886.89	0.8	Target	2	377378
1886.97	0.8	NonTarget	1	377394
1887.055	0.8	NonTarget	1	377411
1887.14	0.8	NonTarget	1	377428
1887.225	0.8	NonTarget	1	377445
1887.305	0.8	NonTarget	1	377461
1887.39	0.8	NonTarget	1	377478
1887.475	0.8	NonTarget	1	377495
1887.555	0.8	NonTarget	1	377511
1887.64	0.8	NonTarget	1	377528
1887.725	0.8	NonTarget	1	377545
1887.805	0.8	NonTarget	1	377561
1887.89	0.8	NonTarget	1	377578
1887.975	0.8	NonTarget	1	377595
1888.055	0.8	NonTarget	1	377611
1888.455	0.8	NonTarget	1	377691
1888.54	0.8	NonTarget	1	377708
1888.625	0.8	NonTarget	1	377725
1888.71	0.8	NonTarget	1	377742
1888.79	0.8	NonTarget	1	377758
1888.875	0.8	NonTarget	1	377775
1888.96	0.8	NonTarget	1	377792
1889.045	0.8	NonTarget	1	377809
1889.125	0.8	NonTarget	1	377825
1889.21	0.8	NonTarget	1	377842
1889.295	0.8	NonTarget	1	377859
1889.375	0.8	NonTarget	1	377875
1889.46	0.8	NonTarget	1	377892
1889.545	0.8	NonTarget	1	377909
1889.625	0.8	NonTarget	1	377925
1889.71	0.8	NonTarget	1	377942
1889.795	0.8	NonTarget	1	377959
1889.875	0.8	NonTarget	1	377975
1889.96	0.8	NonTarget	1	377992
1890.045	0.8	NonTarget	1	378009
1890.125	0.8	Target	2	378025
1890.21	0.8	NonTarget	1	378042
1890.295	0.8	NonTarget	1	378059
1890.38	0.8	NonTarget	1	378076
1890.46	0.8	NonTarget	1	378092
1890.545	0.8	NonTarget	1	378109
1890.63	0.8	NonTarget	1	378126
1890.71	0.8	NonTarget	1	378142
1890.795	0.8	NonTarget	1	378159
1890.88	0.8	NonTarget	1	378176
1891.28	0.8	NonTarget	1	378256
1891.36	0.8	NonTarget	1	378272
1891.445	0.8	NonTarget	1	378289
1891.53	0.8	NonTarget	1	378306
1891.61	0.8	NonTarget	1	378322
1891.695	0.8	Target	2	378339
1891.78	0.8	NonTarget	1	378356
1891.865	0.8	NonTarget	1	378373
1891.945	0.8	NonTarget	1	378389
1892.03	0.8	NonTarget	1	378406
1892.115	0.8	NonTarget	1	378423
1892.195	0.8	NonTarget	1	378439
1892.28	0.8	NonTarget	1	378456
1892.365	0.8	NonTarget	1	378473
1892.45	0.8	NonTarget	1	378490
1892.53	0.8	NonTarget	1	378506
1892.615	0.8	NonTarget	1	378523
1892.7	0.8	NonTarget	1	378540
1892.78	0.8	NonTarget	1	378556
1892.865	0.8	NonTarget	1	378573
1892.945	0.8	NonTarget	1	378589
1893.03	0.8	NonTarget	1	378606
1893.115	0.8	NonTarget	1	378623
1893.2	0.8	NonTarget	1	378640
1893.28	0.8	NonTarget	1	378656
1893.365	0.8	NonTarget	1	378673
1893.45	0.8	NonTarget	1	378690
1893.535	0.8	NonTarget	1	378707
1893.615	0.8	NonTarget	1	378723
1893.7	0.8	NonTarget	1	378740
1894.1	0.8	Target	2	378820
1894.185	0.8	NonTarget	1	378837
1894.265	0.8	NonTarget	1	378853
1894.35	0.8	NonTarget	1	378870
1894.435	0.8	NonTarget	1	378887
1894.515	0.8	NonTarget	1	378903
1894.6	0.8	NonTarget	1	378920
1894.685	0.8	NonTarget	1	378937
1894.765	0.8	NonTarget	1	378953
1894.85	0.8	NonTarget	1	378970
1894.93	0.8	NonTarget	1	378986
1895.015	0.8	NonTarget	1	379003
1895.1	0.8	NonTarget	1	379020
1895.185	0.8	NonTarget	1	379037
1895.27	0.8	NonTarget	1	379054
1895.35	0.8	NonTarget	1	379070
1895.435	0.8	NonTarget	1	379087
1895.52	0.8	NonTarget	1	379104
1895.6	0.8	NonTarget	1	379120
1895.685	0.8	NonTarget	1	379137
1895.77	0.8	NonTarget	1	379154
1895.855	0.8	NonTarget	1	379171
1895.935	0.8	NonTarget	1	379187
1896.02	0.8	NonTarget	1	379204
1896.105	0.8	NonTarget	1	379221
1896.185	0.8	NonTarget	1	379237
1896.27	0.8	NonTarget	1	379254
1896.35	0.8	NonTarget	1	379270
1896.435	0.8	NonTarget	1	379287
1896.52	0.8	NonTarget	1	379304
1905.22	0.8	NonTarget	1	381044
1905.3	0.8	NonTarget	1	381060
1905.38	0.8	NonTarget	1	381076
1905.465	0.8	NonTarget	1	381093
1905.55	0.8	NonTarget	1	381110
1905.63	0.8	NonTarget	1	381126
1905.715	0.8	NonTarget	1	381143
1905.8	0.8	NonTarget	1	381160
1905.885	0.8	NonTarget	1	381177
1905.965	0.8	NonTarget	1	381193
1906.05	0.8	NonTarget	1	381210
1906.135	0.8	NonTarget	1	381227
1906.215	0.8	Target	2	381243
1906.3	0.8	NonTarget	1	381260
1906.385	0.8	NonTarget	1	381277
1906.465	0.8	NonTarget	1	381293
1906.55	0.8	NonTarget	1	381310
1906.635	0.8	NonTarget	1	381327
1906.715	0.8	NonTarget	1	381343
1906.8	0.8	NonTarget	1	381360
1906.885	0.8	NonTarget	1	381377
1906.97	0.8	NonTarget	1	381394
1907.05	0.8	NonTarget	1	381410
1907.135	0.8	NonTarget	1	381427
1907.22	0.8	NonTarget	1	381444
1907.3	0.8	NonTarget	1	381460
1907.385	0.8	NonTarget	1	381477
1907.47	0.8	NonTarget	1	381494
1907.55	0.8	NonTarget	1	381510
1907.635	0.8	NonTarget	1	381527
1908.035	0.8	NonTarget	1	381607
1908.12	0.8	NonTarget	1	381624
1908.2	0.8	Target	2	381640
1908.29	0.8	NonTarget	1	381658
1908.37	0.8	NonTarget	1	381674
1908.455	0.8	NonTarget	1	381691
1908.535	0.8	NonTarget	1	381707
1908.62	0.8	NonTarget	1	381724
1908.705	0.8	NonTarget	1	381741
1908.785	0.8	NonTarget	1	381757
1908.87	0.8	NonTarget	1	381774
1908.955	0.8	NonTarget	1	381791
1909.035	0.8	NonTarget	1	381807
1909.12	0.8	NonTarget	1	381824
1909.205	0.8	NonTarget	1	381841
1909.285	0.8	NonTarget	1	381857
1909.37	0.8	NonTarget	1	381874
1909.455	0.8	NonTarget	1	381891
1909.54	0.8	NonTarget	1	381908
1909.62	0.8	NonTarget	1	381924
1909.705	0.8	NonTarget	1	381941
1909.79	0.8	NonTarget	1	381958
1909.875	0.8	NonTarget	1	381975
1909.955	0.8	NonTarget	1	381991
1910.04	0.8	NonTarget	1	382008
1910.12	0.8	NonTarget	1	382024
1910.205	0.8	NonTarget	1	382041
1910.29	0.8	NonTarget	1	382058
1910.375	0.8	NonTarget	1	382075
1910.455	0.8	NonTarget	1	382091
1910.855	0.8	NonTarget	1	382171
1910.94	0.8	NonTarget	1	382188
1911.025	0.8	NonTarget	1	382205
1911.105	0.8	NonTarget	1	382221
1911.19	0.8	NonTarget	1	382238
1911.275	0.8	NonTarget	1	382255
1911.355	0.8	NonTarget	1	382271
1911.44	0.8	NonTarget	1	382288
1911.525	0.8	NonTarget	1	382305
1911.605	0.8	NonTarget	1	382321
1911.69	0.8	NonTarget	1	382338
1911.775	0.8	NonTarget	1	382355
1911.86	0.8	Target	2	382372
1911.94	0.8	NonTarget	1	382388
1912.025	0.8	NonTarget	1	382405
1912.11	0.8	NonTarget	1	382422
1912.19	0.8	NonTarget	1	382438
1912.275	0.8	NonTarget	1	382455
1912.36	0.8	NonTarget	1	382472
1912.44	0.8	NonTarget	1	382488
1912.525	0.8	NonTarget	1	382505
1912.61	0.8	NonTarget	1	382522
1912.69	0.8	NonTarget	1	382538
1912.775	0.8	NonTarget	1	382555
1912.86	0.8	NonTarget	1	382572
1912.945	0.8	NonTarget	1	382589
1913.025	0.8	NonTarget	1	382605
1913.11	0.8	NonTarget	1	382622
1913.195	0.8	NonTarget	1	382639
1913.275	0.8	NonTarget	1	382655
1913.675	0.8	NonTarget	1	382735
1913.76	0.8	NonTarget	1	382752
1913.845	0.8	NonTarget	1	382769
1913.925	0.8	NonTarget	1	382785
1914.01	0.8	NonTarget	1	382802
1914.095	0.8	NonTarget	1	382819
1914.175	0.8	NonTarget	1	382835
1914.26	0.8	NonTarget	1	382852
1914.345	0.8	NonTarget	1	382869
1914.43	0.8	NonTarget	1	382886
1914.515	0.8	NonTarget	1	382903
1914.595	0.8	NonTarget	1	382919
1914.68	0.8	NonTarget	1	382936
1914.76	0.8	NonTarget	1	382952
1914.845	0.8	NonTarget	1	382969
1914.93	0.8	NonTarget	1	382986
1915.01	0.8	NonTarget	1	383002
1915.095	0.8	NonTarget	1	383019
1915.18	0.8	NonTarget	1	383036
1915.265	0.8	NonTarget	1	383053
1915.345	0.8	NonTarget	1	383069
1915.43	0.8	NonTarget	1	383086
1915.515	0.8	Target	2	383103
1915.595	0.8	NonTarget	1	383119
1915.68	0.8	NonTarget	1	383136
1915.765	0.8	NonTarget	1	383153
1915.845	0.8	NonTarget	1	383169
1915.93	0.8	NonTarget	1	383186
1916.015	0.8	NonTarget	1	383203
1916.095	0.8	NonTarget	1	383219
1916.5	0.8	NonTarget	1	383300
1916.58	0.8	NonTarget	1	383316
1916.665	0.8	NonTarget	1	383333
1916.75	0.8	NonTarget	1	383350
1916.83	0.8	NonTarget	1	383366
1916.915	0.8	NonTarget	1	383383
1917.0	0.8	NonTarget	1	383400
1917.08	0.8	Target	2	383416
1917.165	0.8	NonTarget	1	383433
1917.25	0.8	NonTarget	1	383450
1917.33	0.8	NonTarget	1	383466
1917.415	0.8	NonTarget	1	383483
1917.5	0.8	NonTarget	1	383500
1917.585	0.8	NonTarget	1	383517
1917.665	0.8	NonTarget	1	383533
1917.75	0.8	NonTarget	1	383550
1917.83	0.8	NonTarget	1	383566
1917.915	0.8	NonTarget	1	383583
1918.0	0.8	NonTarget	1	383600
1918.08	0.8	NonTarget	1	383616
1918.165	0.8	NonTarget	1	383633
1918.25	0.8	NonTarget	1	383650
1918.335	0.8	NonTarget	1	383667
1918.42	0.8	NonTarget	1	383684
1918.5	0.8	NonTarget	1	383700
1918.585	0.8	NonTarget	1	383717
1918.67	0.8	NonTarget	1	383734
1918.75	0.8	NonTarget	1	383750
1918.835	0.8	NonTarget	1	383767
1918.92	0.8	NonTarget	1	383784
1919.32	0.8	NonTarget	1	383864
1919.4	0.8	NonTarget	1	383880
1919.485	0.8	Target	2	383897
1919.57	0.8	NonTarget	1	383914
1919.65	0.8	NonTarget	1	383930
1919.735	0.8	NonTarget	1	383947
1919.815	0.8	NonTarget	1	383963
1919.9	0.8	NonTarget	1	383980
1919.985	0.8	NonTarget	1	383997
1920.07	0.8	NonTarget	1	384014
1920.15	0.8	NonTarget	1	384030
1920.235	0.8	NonTarget	1	384047
1920.32	0.8	NonTarget	1	384064
1920.405	0.8	NonTarget	1	384081
1920.485	0.8	NonTarget	1	384097
1920.57	0.8	NonTarget	1	384114
1920.655	0.8	NonTarget	1	384131
1920.735	0.8	NonTarget	1	384147
1920.82	0.8	NonTarget	1	384164
1920.905	0.8	NonTarget	1	384181
1920.99	0.8	NonTarget	1	384198
1921.07	0.8	NonTarget	1	384214
1921.155	0.8	NonTarget	1	384231
1921.24	0.8	NonTarget	1	384248
1921.32	0.8	NonTarget	1	384264
1921.405	0.8	NonTarget	1	384281
1921.49	0.8	NonTarget	1	384298
1921.575	0.8	NonTarget	1	384315
1921.655	0.8	NonTarget	1	384331
1921.735	0.8	NonTarget	1	384347
1922.135	0.8	NonTarget	1	384427
1922.225	0.8	NonTarget	1	384445
1922.305	0.8	NonTarget	1	384461
1922.39	0.8	NonTarget	1	384478
1922.475	0.8	NonTarget	1	384495
1922.555	0.8	NonTarget	1	384511
1922.64	0.8	NonTarget	1	384528
1922.725	0.8	Target	2	384545
1922.805	0.8	NonTarget	1	384561
1922.89	0.8	NonTarget	1	384578
1922.975	0.8	NonTarget	1	384595
1923.055	0.8	NonTarget	1	384611
1923.14	0.8	NonTarget	1	384628
1923.225	0.8	NonTarget	1	384645
1923.305	0.8	NonTarget	1	384661
1923.39	0.8	NonTarget	1	384678
1923.475	0.8	NonTarget	1	384695
1923.555	0.8	NonTarget	1	384711
1923.64	0.8	NonTarget	1	384728
1923.725	0.8	NonTarget	1	384745
1923.81	0.8	NonTarget	1	384762
1923.89	0.8	NonTarget	1	384778
1923.975	0.8	NonTarget	1	384795
1924.06	0.8	NonTarget	1	384812
1924.14	0.8	NonTarget	1	384828
1924.225	0.8	NonTarget	1	384845
1924.31	0.8	NonTarget	1	384862
1924.395	0.8	NonTarget	1	384879
1924.475	0.8	NonTarget	1	384895
1924.56	0.8	NonTarget	1	384912
1924.96	0.8	NonTarget	1	384992
1925.045	0.8	NonTarget	1	385009
1925.125	0.8	NonTarget	1	385025
1925.21	0.8	NonTarget	1	385042
1925.295	0.8	NonTarget	1	385059
1925.375	0.8	NonTarget	1	385075
1925.46	0.8	NonTarget	1	385092
1925.545	0.8	NonTarget	1	385109
1925.625	0.8	NonTarget	1	385125
1925.71	0.8	NonTarget	1	385142
1925.795	0.8	NonTarget	1	385159
1925.88	0.8	NonTarget	1	385176
1925.96	0.8	NonTarget	1	385192
1926.045	0.8	NonTarget	1	385209
1926.125	0.8	NonTarget	1	385225
1926.21	0.8	NonTarget	1	385242
1926.295	0.8	NonTarget	1	385259
1926.38	0.8	NonTarget	1	385276
1926.46	0.8	NonTarget	1	385292
1926.545	0.8	NonTarget	1	385309
1926.63	0.8	NonTarget	1	385326
1926.715	0.8	NonTarget	1	385343
1926.795	0.8	Target	2	385359
1926.88	0.8	NonTarget	1	385376
1926.96	0.8	NonTarget	1	385392
1927.045	0.8	NonTarget	1	385409
1927.13	0.8	NonTarget	1	385426
1927.215	0.8	NonTarget	1	385443
1927.295	0.8	NonTarget	1	385459
1927.38	0.8	NonTarget	1	385476
1927.78	0.8	NonTarget	1	385556
1927.865	0.8	NonTarget	1	385573
1927.95	0.8	NonTarget	1	385590
1928.03	0.8	NonTarget	1	385606
1928.115	0.8	NonTarget	1	385623
1928.195	0.8	NonTarget	1	385639
1928.28	0.8	NonTarget	1	385656
1928.365	0.8	NonTarget	1	385673
1928.45	0.8	NonTarget	1	385690
1928.53	0.8	NonTarget	1	385706
1928.615	0.8	NonTarget	1	385723
1928.7	0.8	NonTarget	1	385740
1928.785	0.8	NonTarget	1	385757
1928.865	0.8	NonTarget	1	385773
1928.95	0.8	NonTarget	1	385790
1929.03	0.8	NonTarget	1	385806
1929.115	0.8	NonTarget	1	385823
1929.2	0.8	NonTarget	1	385840
1929.285	0.8	NonTarget	1	385857
1929.365	0.8	NonTarget	1	385873
1929.45	0.8	NonTarget	1	385890
1929.535	0.8	NonTarget	1	385907
1929.615	0.8	Target	2	385923
1929.7	0.8	NonTarget	1	385940
1929.78	0.8	NonTarget	1	385956
1929.865	0.8	NonTarget	1	385973
1929.95	0.8	NonTarget	1	385990
1930.035	0.8	NonTarget	1	386007
1930.115	0.8	NonTarget	1	386023
1930.2	0.8	NonTarget	1	386040
1930.6	0.8	NonTarget	1	386120
1930.685	0.8	NonTarget	1	386137
1930.77	0.8	NonTarget	1	386154
1930.85	0.8	NonTarget	1	386170
1930.935	0.8	NonTarget	1	386187
1931.02	0.8	NonTarget	1	386204
1931.1	0.8	NonTarget	1	386220
1931.185	0.8	Target	2	386237
1931.27	0.8	NonTarget	1	386254
1931.35	0.8	NonTarget	1	386270
1931.435	0.8	NonTarget	1	386287
1931.52	0.8	NonTarget	1	386304
1931.6	0.8	NonTarget	1	386320
1931.685	0.8	NonTarget	1	386337
1931.77	0.8	NonTarget	1	386354
1931.855	0.8	NonTarget	1	386371
1931.935	0.8	NonTarget	1	386387
1932.02	0.8	NonTarget	1	386404
1932.105	0.8	NonTarget	1	386421
1932.185	0.8	NonTarget	1	386437
1932.27	0.8	NonTarget	1	386454
1932.35	0.8	NonTarget	1	386470
1932.435	0.8	NonTarget	1	386487
1932.52	0.8	NonTarget	1	386504
1932.605	0.8	NonTarget	1	386521
1932.69	0.8	NonTarget	1	386538
1932.77	0.8	NonTarget	1	386554
1932.855	0.8	NonTarget	1	386571
1932.94	0.8	NonTarget	1	386588
1933.02	0.8	NonTarget	1	386604
1941.72	0.8	NonTarget	1	388344
1941.8	0.8	NonTarget	1	388360
1941.885	0.8	NonTarget	1	388377
1941.97	0.8	NonTarget	1	388394
1942.05	0.8	NonTarget	1	388410
1942.135	0.8	NonTarget	1	388427
1942.215	0.8	NonTarget	1	388443
1942.3	0.8	NonTarget	1	388460
1942.385	0.8	NonTarget	1	388477
1942.47	0.8	NonTarget	1	388494
1942.55	0.8	NonTarget	1	388510
1942.635	0.8	NonTarget	1	388527
1942.72	0.8	NonTarget	1	388544
1942.8	0.8	NonTarget	1	388560
1942.885	0.8	NonTarget	1	388577
1942.97	0.8	NonTarget	1	388594
1943.05	0.8	Target	2	388610
1943.135	0.8	NonTarget	1	388627
1943.22	0.8	NonTarget	1	388644
1943.305	0.8	NonTarget	1	388661
1943.385	0.8	NonTarget	1	388677
1943.47	0.8	NonTarget	1	388694
1943.55	0.8	NonTarget	1	388710
1943.635	0.8	NonTarget	1	388727
1943.72	0.8	NonTarget	1	388744
1943.8	0.8	NonTarget	1	388760
1943.885	0.8	NonTarget	1	388777
1943.97	0.8	NonTarget	1	388794
1944.055	0.8	NonTarget	1	388811
1944.135	0.8	NonTarget	1	388827
1944.535	0.8	NonTarget	1	388907
1944.62	0.8	NonTarget	1	388924
1944.705	0.8	NonTarget	1	388941
1944.79	0.8	NonTarget	1	388958
1944.87	0.8	NonTarget	1	388974
1944.955	0.8	NonTarget	1	388991
1945.035	0.8	NonTarget	1	389007
1945.12	0.8	NonTarget	1	389024
1945.205	0.8	NonTarget	1	389041
1945.29	0.8	NonTarget	1	389058
1945.37	0.8	NonTarget	1	389074
1945.455	0.8	Target	2	389091
1945.54	0.8	NonTarget	1	389108
1945.62	0.8	NonTarget	1	389124
1945.705	0.8	NonTarget	1	389141
1945.79	0.8	NonTarget	1	389158
1945.87	0.8	NonTarget	1	389174
1945.955	0.8	NonTarget	1	389191
1946.04	0.8	NonTarget	1	389208
1946.125	0.8	NonTarget	1	389225
1946.205	0.8	NonTarget	1	389241
1946.29	0.8	NonTarget	1	389258
1946.375	0.8	NonTarget	1	389275
1946.455	0.8	NonTarget	1	389291
1946.54	0.8	NonTarget	1	389308
1946.645	0.8	NonTarget	1	389329
1946.725	0.8	NonTarget	1	389345
1946.805	0.8	NonTarget	1	389361
1946.89	0.8	NonTarget	1	389378
1946.975	0.8	NonTarget	1	389395
1947.375	0.8	NonTarget	1	389475
1947.46	0.8	NonTarget	1	389492
1947.54	0.8	NonTarget	1	389508
1947.625	0.8	NonTarget	1	389525
1947.71	0.8	NonTarget	1	389542
1947.79	0.8	NonTarget	1	389558
1947.875	0.8	NonTarget	1	389575
1947.96	0.8	NonTarget	1	389592
1948.04	0.8	NonTarget	1	389608
1948.125	0.8	NonTarget	1	389625
1948.21	0.8	NonTarget	1	389642
1948.295	0.8	NonTarget	1	389659
1948.375	0.8	NonTarget	1	389675
1948.46	0.8	NonTarget	1	389692
1948.545	0.8	NonTarget	1	389709
1948.625	0.8	NonTarget	1	389725
1948.71	0.8	NonTarget	1	389742
1948.79	0.8	NonTarget	1	389758
1948.875	0.8	NonTarget	1	389775
1948.96	0.8	NonTarget	1	389792
1949.045	0.8	NonTarget	1	389809
1949.125	0.8	NonTarget	1	389825
1949.21	0.8	NonTarget	1	389842
1949.295	0.8	NonTarget	1	389859
1949.375	0.8	NonTarget	1	389875
1949.46	0.8	NonTarget	1	389892
1949.545	0.8	Target	2	389909
1949.63	0.8	NonTarget	1	389926
1949.71	0.8	NonTarget	1	389942
1949.795	0.8	NonTarget	1	389959
1950.195	0.8	NonTarget	1	390039
1950.28	0.8	NonTarget	1	390056
1950.365	0.8	NonTarget	1	390073
1950.445	0.8	NonTarget	1	390089
1950.53	0.8	NonTarget	1	390106
1950.615	0.8	NonTarget	1	390123
1950.695	0.8	NonTarget	1	390139
1950.78	0.8	NonTarget	1	390156
1950.865	0.8	NonTarget	1	390173
1950.95	0.8	NonTarget	1	390190
1951.03	0.8	NonTarget	1	390206
1951.115	0.8	Target	2	390223
1951.2	0.8	NonTarget	1	390240
1951.28	0.8	NonTarget	1	390256
1951.365	0.8	NonTarget	1	390273
1951.445	0.8	NonTarget	1	390289
1951.53	0.8	NonTarget	1	390306
1951.615	0.8	NonTarget	1	390323
1951.695	0.8	NonTarget	1	390339
1951.78	0.8	NonTarget	1	390356
1951.865	0.8	NonTarget	1	390373
1951.95	0.8	NonTarget	1	390390
1952.03	0.8	NonTarget	1	390406
1952.115	0.8	NonTarget	1	390423
1952.195	0.8	NonTarget	1	390439
1952.28	0.8	NonTarget	1	390456
1952.365	0.8	NonTarget	1	390473
1952.445	0.8	NonTarget	1	390489
1952.535	0.8	NonTarget	1	390507
1952.615	0.8	NonTarget	1	390523
1953.015	0.8	NonTarget	1	390603
1953.1	0.8	NonTarget	1	390620
1953.185	0.8	NonTarget	1	390637
1953.265	0.8	NonTarget	1	390653
1953.35	0.8	NonTarget	1	390670
1953.435	0.8	NonTarget	1	390687
1953.515	0.8	NonTarget	1	390703
1953.6	0.8	NonTarget	1	390720
1953.685	0.8	NonTarget	1	390737
1953.77	0.8	NonTarget	1	390754
1953.85	0.8	NonTarget	1	390770
1953.935	0.8	NonTarget	1	390787
1954.02	0.8	NonTarget	1	390804
1954.1	0.8	NonTarget	1	390820
1954.185	0.8	NonTarget	1	390837
1954.27	0.8	NonTarget	1	390854
1954.35	0.8	Target	2	390870
1954.435	0.8	NonTarget	1	390887
1954.52	0.8	NonTarget	1	390904
1954.6	0.8	NonTarget	1	390920
1954.685	0.8	NonTarget	1	390937
1954.77	0.8	NonTarget	1	390954
1954.85	0.8	NonTarget	1	390970
1954.935	0.8	NonTarget	1	390987
1955.02	0.8	NonTarget	1	391004
1955.1	0.8	NonTarget	1	391020
1955.185	0.8	NonTarget	1	391037
1955.27	0.8	NonTarget	1	391054
1955.355	0.8	NonTarget	1	391071
1955.435	0.8	NonTarget	1	391087
1955.835	0.8	NonTarget	1	391167
1955.92	0.8	Target	2	391184
1956.005	0.8	NonTarget	1	391201
1956.085	0.8	NonTarget	1	391217
1956.17	0.8	NonTarget	1	391234
1956.25	0.8	NonTarget	1	391250
1956.335	0.8	NonTarget	1	391267
1956.42	0.8	NonTarget	1	391284
1956.505	0.8	NonTarget	1	391301
1956.59	0.8	NonTarget	1	391318
1956.67	0.8	NonTarget	1	391334
1956.755	0.8	NonTarget	1	391351
1956.835	0.8	NonTarget	1	391367
1956.92	0.8	NonTarget	1	391384
1957.005	0.8	NonTarget	1	391401
1957.09	0.8	NonTarget	1	391418
1957.17	0.8	NonTarget	1	391434
1957.255	0.8	NonTarget	1	391451
1957.34	0.8	NonTarget	1	391468
1957.42	0.8	NonTarget	1	391484
1957.505	0.8	NonTarget	1	391501
1957.59	0.8	NonTarget	1	391518
1957.675	0.8	NonTarget	1	391535
1957.755	0.8	NonTarget	1	391551
1957.84	0.8	NonTarget	1	391568
1957.925	0.8	NonTarget	1	391585
1958.005	0.8	NonTarget	1	391601
1958.09	0.8	NonTarget	1	391618
1958.175	0.8	NonTarget	1	391635
1958.255	0.8	NonTarget	1	391651
1958.66	0.8	NonTarget	1	391732
1958.74	0.8	NonTarget	1	391748
1958.825	0.8	NonTarget	1	391765
1958.91	0.8	NonTarget	1	391782
1958.99	0.8	NonTarget	1	391798
1959.075	0.8	NonTarget	1	391815
1959.16	0.8	NonTarget	1	391832
1959.24	0.8	NonTarget	1	391848
1959.325	0.8	NonTarget	1	391865
1959.41	0.8	NonTarget	1	391882
1959.495	0.8	NonTarget	1	391899
1959.575	0.8	NonTarget	1	391915
1959.66	0.8	NonTarget	1	391932
1959.74	0.8	NonTarget	1	391948
1959.825	0.8	NonTarget	1	391965
1959.91	0.8	NonTarget	1	391982
1959.99	0.8	NonTarget	1	391998
1960.075	0.8	NonTarget	1	392015
1960.16	0.8	NonTarget	1	392032
1960.24	0.8	NonTarget	1	392048
1960.325	0.8	NonTarget	1	392065
1960.41	0.8	Target	2	392082
1960.495	0.8	NonTarget	1	392099
1960.575	0.8	NonTarget	1	392115
1960.66	0.8	NonTarget	1	392132
1960.745	0.8	NonTarget	1	392149
1960.825	0.8	NonTarget	1	392165
1960.91	0.8	NonTarget	1	392182
1960.995	0.8	NonTarget	1	392199
1961.075	0.8	NonTarget	1	392215
1961.475	0.8	NonTarget	1	392295
1961.56	0.8	NonTarget	1	392312
1961.645	0.8	NonTarget	1	392329
1961.73	0.8	NonTarget	1	392346
1961.81	0.8	NonTarget	1	392362
1961.895	0.8	NonTarget	1	392379
1961.98	0.8	Target	2	392396
1962.06	0.8	NonTarget	1	392412
1962.145	0.8	NonTarget	1	392429
1962.23	0.8	NonTarget	1	392446
1962.315	0.8	NonTarget	1	392463
1962.395	0.8	NonTarget	1	392479
1962.48	0.8	NonTarget	1	392496
1962.565	0.8	NonTarget	1	392513
1962.645	0.8	NonTarget	1	392529
1962.73	0.8	NonTarget	1	392546
1962.815	0.8	NonTarget	1	392563
1962.9	0.8	NonTarget	1	392580
1962.98	0.8	NonTarget	1	392596
1963.065	0.8	NonTarget	1	392613
1963.145	0.8	NonTarget	1	392629
1963.23	0.8	NonTarget	1	392646
1963.315	0.8	NonTarget	1	392663
1963.395	0.8	NonTarget	1	392679
1963.48	0.8	NonTarget	1	392696
1963.565	0.8	NonTarget	1	392713
1963.645	0.8	NonTarget	1	392729
1963.73	0.8	NonTarget	1	392746
1963.815	0.8	NonTarget	1	392763
1963.9	0.8	NonTarget	1	392780
1964.295	0.8	NonTarget	1	392859
1964.385	0.8	Target	2	392877
1964.465	0.8	NonTarget	1	392893
1964.55	0.8	NonTarget	1	392910
1964.63	0.8	NonTarget	1	392926
1964.715	0.8	NonTarget	1	392943
1964.8	0.8	NonTarget	1	392960
1964.885	0.8	NonTarget	1	392977
1964.965	0.8	NonTarget	1	392993
1965.05	0.8	NonTarget	1	393010
1965.13	0.8	NonTarget	1	393026
1965.215	0.8	NonTarget	1	393043
1965.3	0.8	NonTarget	1	393060
1965.385	0.8	NonTarget	1	393077
1965.47	0.8	NonTarget	1	393094
1965.55	0.8	NonTarget	1	393110
1965.635	0.8	NonTarget	1	393127
1965.715	0.8	NonTarget	1	393143
1965.8	0.8	NonTarget	1	393160
1965.885	0.8	NonTarget	1	393177
1965.965	0.8	NonTarget	1	393193
1966.05	0.8	NonTarget	1	393210
1966.135	0.8	NonTarget	1	393227
1966.22	0.8	NonTarget	1	393244
1966.3	0.8	NonTarget	1	393260
1966.385	0.8	NonTarget	1	393277
1966.47	0.8	NonTarget	1	393294
1966.55	0.8	NonTarget	1	393310
1966.635	0.8	NonTarget	1	393327
1966.72	0.8	NonTarget	1	393344
1967.12	0.8	NonTarget	1	393424
1967.205	0.8	Target	2	393441
1967.285	0.8	NonTarget	1	393457
1967.37	0.8	NonTarget	1	393474
1967.45	0.8	NonTarget	1	393490
1967.535	0.8	NonTarget	1	393507
1967.62	0.8	NonTarget	1	393524
1967.705	0.8	NonTarget	1	393541
1967.785	0.8	NonTarget	1	393557
1967.87	0.8	NonTarget	1	393574
1967.955	0.8	NonTarget	1	393591
1968.035	0.8	NonTarget	1	393607
1968.12	0.8	NonTarget	1	393624
1968.205	0.8	NonTarget	1	393641
1968.285	0.8	NonTarget	1	393657
1968.37	0.8	NonTarget	1	393674
1968.455	0.8	NonTarget	1	393691
1968.54	0.8	NonTarget	1	393708
1968.62	0.8	NonTarget	1	393724
1968.705	0.8	NonTarget	1	393741
1968.785	0.8	NonTarget	1	393757
1968.87	0.8	NonTarget	1	393774
1968.955	0.8	NonTarget	1	393791
1969.04	0.8	NonTarget	1	393808
1969.12	0.8	NonTarget	1	393824
1969.205	0.8	NonTarget	1	393841
1969.29	0.8	NonTarget	1	393858
1969.37	0.8	NonTarget	1	393874
1969.46	0.8	NonTarget	1	393892
1969.54	0.8	NonTarget	1	393908
1978.24	0.8	NonTarget	1	395648
1978.32	0.8	NonTarget	1	395664
1978.4	0.8	NonTarget	1	395680
1978.485	0.8	NonTarget	1	395697
1978.57	0.8	NonTarget	1	395714
1978.655	0.8	NonTarget	1	395731
1978.735	0.8	NonTarget	1	395747
1978.82	0.8	NonTarget	1	395764
1978.905	0.8	Target	2	395781
1978.99	0.8	NonTarget	1	395798
1979.07	0.8	NonTarget	1	395814
1979.15	0.8	NonTarget	1	395830
1979.235	0.8	NonTarget	1	395847
1979.32	0.8	NonTarget	1	395864
1979.405	0.8	NonTarget	1	395881
1979.485	0.8	NonTarget	1	395897
1979.57	0.8	NonTarget	1	395914
1979.65	0.8	NonTarget	1	395930
1979.74	0.8	NonTarget	1	395948
1979.82	0.8	NonTarget	1	395964
1979.905	0.8	NonTarget	1	395981
1979.99	0.8	NonTarget	1	395998
1980.07	0.8	NonTarget	1	396014
1980.155	0.8	NonTarget	1	396031
1980.235	0.8	NonTarget	1	396047
1980.32	0.8	NonTarget	1	396064
1980.405	0.8	NonTarget	1	396081
1980.49	0.8	NonTarget	1	396098
1980.57	0.8	NonTarget	1	396114
1980.655	0.8	NonTarget	1	396131
1981.055	0.8	NonTarget	1	396211
1981.14	0.8	NonTarget	1	396228
1981.225	0.8	NonTarget	1	396245
1981.305	0.8	NonTarget	1	396261
1981.39	0.8	NonTarget	1	396278
1981.475	0.8	NonTarget	1	396295
1981.555	0.8	NonTarget	1	396311
1981.64	0.8	NonTarget	1	396328
1981.725	0.8	NonTarget	1	396345
1981.805	0.8	NonTarget	1	396361
1981.89	0.8	NonTarget	1	396378
1981.975	0.8	NonTarget	1	396395
1982.06	0.8	NonTarget	1	396412
1982.14	0.8	NonTarget	1	396428
1982.225	0.8	NonTarget	1	396445
1982.31	0.8	NonTarget	1	396462
1982.39	0.8	NonTarget	1	396478
1982.475	0.8	NonTarget	1	396495
1982.56	0.8	NonTarget	1	396512
1982.64	0.8	NonTarget	1	396528
1982.725	0.8	NonTarget	1	396545
1982.81	0.8	NonTarget	1	396562
1982.89	0.8	NonTarget	1	396578
1982.975	0.8	NonTarget	1	396595
1983.06	0.8	NonTarget	1	396612
1983.14	0.8	NonTarget	1	396628
1983.225	0.8	NonTarget	1	396645
1983.31	0.8	NonTarget	1	396662
1983.395	0.8	Target	2	396679
1983.475	0.8	NonTarget	1	396695
1983.875	0.8	NonTarget	1	396775
1983.96	0.8	NonTarget	1	396792
1984.045	0.8	NonTarget	1	396809
1984.13	0.8	NonTarget	1	396826
1984.21	0.8	NonTarget	1	396842
1984.295	0.8	NonTarget	1	396859
1984.375	0.8	NonTarget	1	396875
1984.46	0.8	NonTarget	1	396892
1984.545	0.8	NonTarget	1	396909
1984.63	0.8	NonTarget	1	396926
1984.71	0.8	NonTarget	1	396942
1984.795	0.8	NonTarget	1	396959
1984.88	0.8	NonTarget	1	396976
1984.96	0.8	NonTarget	1	396992
1985.045	0.8	NonTarget	1	397009
1985.13	0.8	NonTarget	1	397026
1985.21	0.8	NonTarget	1	397042
1985.295	0.8	NonTarget	1	397059
1985.38	0.8	NonTarget	1	397076
1985.46	0.8	NonTarget	1	397092
1985.545	0.8	NonTarget	1	397109
1985.63	0.8	NonTarget	1	397126
1985.715	0.8	NonTarget	1	397143
1985.795	0.8	Target	2	397159
1985.88	0.8	NonTarget	1	397176
1985.96	0.8	NonTarget	1	397192
1986.045	0.8	NonTarget	1	397209
1986.13	0.8	NonTarget	1	397226
1986.215	0.8	NonTarget	1	397243
1986.295	0.8	NonTarget	1	397259
1986.695	0.8	NonTarget	1	397339
1986.78	0.8	NonTarget	1	397356
1986.865	0.8	NonTarget	1	397373
1986.95	0.8	Target	2	397390
1987.03	0.8	NonTarget	1	397406
1987.115	0.8	NonTarget	1	397423
1987.195	0.8	NonTarget	1	397439
1987.28	0.8	NonTarget	1	397456
1987.365	0.8	NonTarget	1	397473
1987.45	0.8	NonTarget	1	397490
1987.53	0.8	NonTarget	1	397506
1987.615	0.8	NonTarget	1	397523
1987.7	0.8	NonTarget	1	397540
1987.785	0.8	NonTarget	1	397557
1987.865	0.8	NonTarget	1	397573
1987.95	0.8	NonTarget	1	397590
1988.03	0.8	NonTarget	1	397606
1988.115	0.8	NonTarget	1	397623
1988.2	0.8	NonTarget	1	397640
1988.28	0.8	NonTarget	1	397656
1988.365	0.8	NonTarget	1	397673
1988.45	0.8	NonTarget	1	397690
1988.535	0.8	NonTarget	1	397707
1988.62	0.8	NonTarget	1	397724
1988.7	0.8	NonTarget	1	397740
1988.785	0.8	NonTarget	1	397757
1988.865	0.8	NonTarget	1	397773
1988.95	0.8	NonTarget	1	397790
1989.035	0.8	NonTarget	1	397807
1989.12	0.8	NonTarget	1	397824
1989.515	0.8	NonTarget	1	397903
1989.6	0.8	NonTarget	1	397920
1989.685	0.8	NonTarget	1	397937
1989.77	0.8	NonTarget	1	397954
1989.85	0.8	NonTarget	1	397970
1989.935	0.8	NonTarget	1	397987
1990.02	0.8	NonTarget	1	398004
1990.1	0.8	NonTarget	1	398020
1990.185	0.8	NonTarget	1	398037
1990.27	0.8	NonTarget	1	398054
1990.35	0.8	NonTarget	1	398070
1990.435	0.8	NonTarget	1	398087
1990.52	0.8	NonTarget	1	398104
1990.6	0.8	NonTarget	1	398120
1990.685	0.8	NonTarget	1	398137
1990.77	0.8	NonTarget	1	398154
1990.855	0.8	NonTarget	1	398171
1990.935	0.8	NonTarget	1	398187
1991.02	0.8	Target	2	398204
1991.105	0.8	NonTarget	1	398221
1991.185	0.8	NonTarget	1	398237
1991.27	0.8	NonTarget	1	398254
1991.355	0.8	NonTarget	1	398271
1991.435	0.8	NonTarget	1	398287
1991.52	0.8	NonTarget	1	398304
1991.605	0.8	NonTarget	1	398321
1991.685	0.8	NonTarget	1	398337
1991.77	0.8	NonTarget	1	398354
1991.855	0.8	NonTarget	1	398371
1991.94	0.8	NonTarget	1	398388
1992.34	0.8	NonTarget	1	398468
1992.425	0.8	NonTarget	1	398485
1992.505	0.8	NonTarget	1	398501
1992.59	0.8	NonTarget	1	398518
1992.67	0.8	NonTarget	1	398534
1992.755	0.8	NonTarget	1	398551
1992.84	0.8	NonTarget	1	398568
1992.92	0.8	NonTarget	1	398584
1993.005	0.8	NonTarget	1	398601
1993.09	0.8	NonTarget	1	398618
1993.175	0.8	NonTarget	1	398635
1993.255	0.8	NonTarget	1	398651
1993.34	0.8	NonTarget	1	398668
1993.425	0.8	NonTarget	1	398685
1993.505	0.8	NonTarget	1	398701
1993.59	0.8	NonTarget	1	398718
1993.675	0.8	NonTarget	1	398735
1993.755	0.8	NonTarget	1	398751
1993.84	0.8	NonTarget	1	398768
1993.925	0.8	NonTarget	1	398785
1994.005	0.8	NonTarget	1	398801
1994.09	0.8	NonTarget	1	398818
1994.175	0.8	NonTarget	1	398835
1994.26	0.8	NonTarget	1	398852
1994.34	0.8	NonTarget	1	398868
1994.425	0.8	NonTarget	1	398885
1994.51	0.8	NonTarget	1	398902
1994.59	0.8	NonTarget	1	398918
1994.675	0.8	Target	2	398935
1994.76	0.8	NonTarget	1	398952
1995.16	0.8	NonTarget	1	399032
1995.245	0.8	NonTarget	1	399049
1995.325	0.8	NonTarget	1	399065
1995.41	0.8	NonTarget	1	399082
1995.495	0.8	NonTarget	1	399099
1995.575	0.8	NonTarget	1	399115
1995.66	0.8	NonTarget	1	399132
1995.745	0.8	NonTarget	1	399149
1995.825	0.8	NonTarget	1	399165
1995.91	0.8	NonTarget	1	399182
1995.995	0.8	NonTarget	1	399199
1996.075	0.8	NonTarget	1	399215
1996.16	0.8	NonTarget	1	399232
1996.245	0.8	NonTarget	1	399249
1996.33	0.8	NonTarget	1	399266
1996.41	0.8	NonTarget	1	399282
1996.495	0.8	NonTarget	1	399299
1996.58	0.8	NonTarget	1	399316
1996.66	0.8	NonTarget	1	399332
1996.745	0.8	NonTarget	1	399349
1996.83	0.8	NonTarget	1	399366
1996.91	0.8	NonTarget	1	399382
1996.995	0.8	NonTarget	1	399399
1997.08	0.8	Target	2	399416
1997.16	0.8	NonTarget	1	399432
1997.245	0.8	NonTarget	1	399449
1997.33	0.8	NonTarget	1	399466
1997.41	0.8	NonTarget	1	399482
1997.495	0.8	NonTarget	1	399499
1997.58	0.8	NonTarget	1	399516
1997.98	0.8	NonTarget	1	399596
1998.065	0.8	NonTarget	1	399613
1998.145	0.8	NonTarget	1	399629
1998.23	0.8	NonTarget	1	399646
1998.315	0.8	NonTarget	1	399663
1998.395	0.8	NonTarget	1	399679
1998.48	0.8	NonTarget	1	399696
1998.565	0.8	NonTarget	1	399713
1998.65	0.8	NonTarget	1	399730
1998.73	0.8	NonTarget	1	399746
1998.815	0.8	NonTarget	1	399763
1998.895	0.8	NonTarget	1	399779
1998.98	0.8	NonTarget	1	399796
1999.065	0.8	NonTarget	1	399813
1999.15	0.8	NonTarget	1	399830
1999.23	0.8	NonTarget	1	399846
1999.315	0.8	NonTarget	1	399863
1999.395	0.8	NonTarget	1	399879
1999.48	0.8	Target	2	399896
1999.565	0.8	NonTarget	1	399913
1999.65	0.8	NonTarget	1	399930
1999.735	0.8	NonTarget	1	399947
1999.815	0.8	NonTarget	1	399963
1999.9	0.8	NonTarget	1	399980
1999.98	0.8	NonTarget	1	399996
2000.065	0.8	NonTarget	1	400013
2000.15	0.8	NonTarget	1	400030
2000.235	0.8	NonTarget	1	400047
2000.315	0.8	NonTarget	1	400063
2000.4	0.8	NonTarget	1	400080
2000.8	0.8	NonTarget	1	400160
2000.885	0.8	NonTarget	1	400177
2000.97	0.8	NonTarget	1	400194
2001.05	0.8	NonTarget	1	400210
2001.135	0.8	NonTarget	1	400227
2001.215	0.8	NonTarget	1	400243
2001.3	0.8	NonTarget	1	400260
2001.385	0.8	NonTarget	1	400277
2001.47	0.8	NonTarget	1	400294
2001.555	0.8	NonTarget	1	400311
2001.635	0.8	NonTarget	1	400327
2001.715	0.8	NonTarget	1	400343
2001.8	0.8	NonTarget	1	400360
2001.885	0.8	NonTarget	1	400377
2001.97	0.8	NonTarget	1	400394
2002.05	0.8	NonTarget	1	400410
2002.135	0.8	NonTarget	1	400427
2002.22	0.8	NonTarget	1	400444
2002.305	0.8	NonTarget	1	400461
2002.385	0.8	NonTarget	1	400477
2002.47	0.8	NonTarget	1	400494
2002.555	0.8	NonTarget	1	400511
2002.635	0.8	NonTarget	1	400527
2002.72	0.8	NonTarget	1	400544
2002.8	0.8	NonTarget	1	400560
2002.885	0.8	NonTarget	1	400577
2002.97	0.8	NonTarget	1	400594
2003.055	0.8	NonTarget	1	400611
2003.135	0.8	Target	2	400627
2003.22	0.8	NonTarget	1	400644
2003.62	0.8	NonTarget	1	400724
2003.705	0.8	NonTarget	1	400741
2003.79	0.8	NonTarget	1	400758
2003.87	0.8	NonTarget	1	400774
2003.955	0.8	NonTarget	1	400791
2004.035	0.8	NonTarget	1	400807
2004.12	0.8	NonTarget	1	400824
2004.205	0.8	NonTarget	1	400841
2004.29	0.8	NonTarget	1	400858
2004.37	0.8	NonTarget	1	400874
2004.455	0.8	NonTarget	1	400891
2004.54	0.8	NonTarget	1	400908
2004.625	0.8	NonTarget	1	400925
2004.705	0.8	NonTarget	1	400941
2004.79	0.8	NonTarget	1	400958
2004.875	0.8	NonTarget	1	400975
2004.955	0.8	NonTarget	1	400991
2005.04	0.8	NonTarget	1	401008
2005.125	0.8	NonTarget	1	401025
2005.205	0.8	NonTarget	1	401041
2005.29	0.8	NonTarget	1	401058
2005.375	0.8	NonTarget	1	401075
2005.46	0.8	NonTarget	1	401092
2005.54	0.8	Target	2	401108
2005.625	0.8	NonTarget	1	401125
2005.71	0.8	NonTarget	1	401142
2005.79	0.8	NonTarget	1	401158
2005.875	0.8	NonTarget	1	401175
2005.96	0.8	NonTarget	1	401192
2006.04	0.8	NonTarget	1	401208
2014.755	0.8	NonTarget	1	402951
2014.835	0.8	NonTarget	1	402967
2014.92	0.8	NonTarget	1	402984
2015.005	0.8	NonTarget	1	403001
2015.09	0.8	NonTarget	1	403018
2015.17	0.8	NonTarget	1	403034
2015.255	0.8	NonTarget	1	403051
2015.335	0.8	NonTarget	1	403067
2015.42	0.8	NonTarget	1	403084
2015.505	0.8	NonTarget	1	403101
2015.59	0.8	NonTarget	1	403118
2015.67	0.8	NonTarget	1	403134
2015.755	0.8	NonTarget	1	403151
2015.84	0.8	NonTarget	1	403168
2015.92	0.8	NonTarget	1	403184
2016.005	0.8	NonTarget	1	403201
2016.09	0.8	NonTarget	1	403218
2016.17	0.8	NonTarget	1	403234
2016.255	0.8	NonTarget	1	403251
2016.34	0.8	NonTarget	1	403268
2016.425	0.8	NonTarget	1	403285
2016.505	0.8	NonTarget	1	403301
2016.59	0.8	NonTarget	1	403318
2016.675	0.8	Target	2	403335
2016.755	0.8	NonTarget	1	403351
2016.84	0.8	NonTarget	1	403368
2016.925	0.8	NonTarget	1	403385
2017.005	0.8	NonTarget	1	403401
2017.09	0.8	NonTarget	1	403418
2017.175	0.8	NonTarget	1	403435
2017.575	0.8	NonTarget	1	403515
2017.66	0.8	NonTarget	1	403532
2017.74	0.8	NonTarget	1	403548
2017.825	0.8	NonTarget	1	403565
2017.91	0.8	NonTarget	1	403582
2017.99	0.8	NonTarget	1	403598
2018.075	0.8	NonTarget	1	403615
2018.16	0.8	NonTarget	1	403632
2018.245	0.8	NonTarget	1	403649
2018.325	0.8	NonTarget	1	403665
2018.405	0.8	NonTarget	1	403681
2018.49	0.8	NonTarget	1	403698
2018.575	0.8	NonTarget	1	403715
2018.66	0.8	NonTarget	1	403732
2018.745	0.8	NonTarget	1	403749
2018.825	0.8	NonTarget	1	403765
2018.91	0.8	NonTarget	1	403782
2018.995	0.8	NonTarget	1	403799
2019.075	0.8	NonTarget	1	403815
2019.16	0.8	NonTarget	1	403832
2019.245	0.8	NonTarget	1	403849
2019.325	0.8	NonTarget	1	403865
2019.41	0.8	NonTarget	1	403882
2019.495	0.8	Target	2	403899
2019.58	0.8	NonTarget	1	403916
2019.66	0.8	NonTarget	1	403932
2019.745	0.8	NonTarget	1	403949
2019.83	0.8	NonTarget	1	403966
2019.91	0.8	NonTarget	1	403982
2019.995	0.8	NonTarget	1	403999
2020.395	0.8	NonTarget	1	404079
2020.48	0.8	NonTarget	1	404096
2020.56	0.8	NonTarget	1	404112
2020.645	0.8	NonTarget	1	404129
2020.725	0.8	NonTarget	1	404145
2020.81	0.8	NonTarget	1	404162
2020.895	0.8	NonTarget	1	404179
2020.98	0.8	NonTarget	1	404196
2021.065	0.8	NonTarget	1	404213
2021.145	0.8	NonTarget	1	404229
2021.23	0.8	NonTarget	1	404246
2021.315	0.8	NonTarget	1	404263
2021.395	0.8	NonTarget	1	404279
2021.48	0.8	NonTarget	1	404296
2021.565	0.8	NonTarget	1	404313
2021.645	0.8	NonTarget	1	404329
2021.73	0.8	NonTarget	1	404346
2021.815	0.8	NonTarget	1	404363
2021.895	0.8	NonTarget	1	404379
2021.98	0.8	NonTarget	1	404396
2022.065	0.8	NonTarget	1	404413
2022.145	0.8	NonTarget	1	404429
2022.23	0.8	NonTarget	1	404446
2022.315	0.8	NonTarget	1	404463
2022.395	0.8	NonTarget	1	404479
2022.48	0.8	NonTarget	1	404496
2022.565	0.8	NonTarget	1	404513
2022.65	0.8	NonTarget	1	404530
2022.73	0.8	Target	2	404546
2022.815	0.8	NonTarget	1	404563
2023.215	0.8	NonTarget	1	404643
2023.3	0.8	NonTarget	1	404660
2023.385	0.8	NonTarget	1	404677
2023.465	0.8	NonTarget	1	404693
2023.55	0.8	NonTarget	1	404710
2023.635	0.8	NonTarget	1	404727
2023.715	0.8	NonTarget	1	404743
2023.8	0.8	NonTarget	1	404760
2023.885	0.8	NonTarget	1	404777
2023.965	0.8	NonTarget	1	404793
2024.05	0.8	NonTarget	1	404810
2024.135	0.8	NonTarget	1	404827
2024.215	0.8	NonTarget	1	404843
2024.3	0.8	NonTarget	1	404860
2024.385	0.8	NonTarget	1	404877
2024.47	0.8	NonTarget	1	404894
2024.55	0.8	NonTarget	1	404910
2024.635	0.8	NonTarget	1	404927
2024.72	0.8	NonTarget	1	404944
2024.8	0.8	NonTarget	1	404960
2024.885	0.8	NonTarget	1	404977
2024.97	0.8	NonTarget	1	404994
2025.05	0.8	NonTarget	1	405010
2025.135	0.8	Target	2	405027
2025.22	0.8	NonTarget	1	405044
2025.3	0.8	NonTarget	1	405060
2025.385	0.8	NonTarget	1	405077
2025.47	0.8	NonTarget	1	405094
2025.55	0.8	NonTarget	1	405110
2025.635	0.8	NonTarget	1	405127
2026.035	0.8	NonTarget	1	405207
2026.12	0.8	NonTarget	1	405224
2026.205	0.8	NonTarget	1	405241
2026.285	0.8	NonTarget	1	405257
2026.37	0.8	NonTarget	1	405274
2026.455	0.8	NonTarget	1	405291
2026.535	0.8	NonTarget	1	405307
2026.62	0.8	NonTarget	1	405324
2026.705	0.8	NonTarget	1	405341
2026.79	0.8	NonTarget	1	405358
2026.87	0.8	NonTarget	1	405374
2026.955	0.8	NonTarget	1	405391
2027.04	0.8	NonTarget	1	405408
2027.12	0.8	Target	2	405424
2027.205	0.8	NonTarget	1	405441
2027.29	0.8	NonTarget	1	405458
2027.37	0.8	NonTarget	1	405474
2027.455	0.8	NonTarget	1	405491
2027.54	0.8	NonTarget	1	405508
2027.625	0.8	NonTarget	1	405525
2027.705	0.8	NonTarget	1	405541
2027.79	0.8	NonTarget	1	405558
2027.87	0.8	NonTarget	1	405574
2027.955	0.8	NonTarget	1	405591
2028.04	0.8	NonTarget	1	405608
2028.12	0.8	NonTarget	1	405624
2028.205	0.8	NonTarget	1	405641
2028.29	0.8	NonTarget	1	405658
2028.375	0.8	NonTarget	1	405675
2028.455	0.8	NonTarget	1	405691
2028.855	0.8	NonTarget	1	405771
2028.94	0.8	NonTarget	1	405788
2029.025	0.8	NonTarget	1	405805
2029.11	0.8	NonTarget	1	405822
2029.19	0.8	NonTarget	1	405838
2029.275	0.8	NonTarget	1	405855
2029.355	0.8	NonTarget	1	405871
2029.44	0.8	NonTarget	1	405888
2029.525	0.8	Target	2	405905
2029.61	0.8	NonTarget	1	405922
2029.69	0.8	NonTarget	1	405938
2029.775	0.8	NonTarget	1	405955
2029.86	0.8	NonTarget	1	405972
2029.94	0.8	NonTarget	1	405988
2030.025	0.8	NonTarget	1	406005
2030.11	0.8	NonTarget	1	406022
2030.19	0.8	NonTarget	1	406038
2030.275	0.8	NonTarget	1	406055
2030.36	0.8	NonTarget	1	406072
2030.44	0.8	NonTarget	1	406088
2030.525	0.8	NonTarget	1	406105
2030.61	0.8	NonTarget	1	406122
2030.695	0.8	NonTarget	1	406139
2030.775	0.8	NonTarget	1	406155
2030.86	0.8	NonTarget	1	406172
2030.945	0.8	NonTarget	1	406189
2031.025	0.8	NonTarget	1	406205
2031.11	0.8	NonTarget	1	406222
2031.195	0.8	NonTarget	1	406239
2031.275	0.8	NonTarget	1	406255
2031.675	0.8	NonTarget	1	406335
2031.76	0.8	NonTarget	1	406352
2031.845	0.8	NonTarget	1	406369
2031.925	0.8	NonTarget	1	406385
2032.01	0.8	NonTarget	1	406402
2032.095	0.8	NonTarget	1	406419
2032.18	0.8	NonTarget	1	406436
2032.265	0.8	NonTarget	1	406453
2032.345	0.8	NonTarget	1	406469
2032.43	0.8	NonTarget	1	406486
2032.51	0.8	NonTarget	1	406502
2032.595	0.8	NonTarget	1	406519
2032.68	0.8	NonTarget	1	406536
2032.765	0.8	NonTarget	1	406553
2032.845	0.8	NonTarget	1	406569
2032.93	0.8	NonTarget	1	406586
2033.015	0.8	NonTarget	1	406603
2033.095	0.8	NonTarget	1	406619
2033.18	0.8	NonTarget	1	406636
2033.265	0.8	NonTarget	1	406653
2033.345	0.8	NonTarget	1	406669
2033.43	0.8	NonTarget	1	406686
2033.515	0.8	NonTarget	1	406703
2033.595	0.8	NonTarget	1	406719
2033.68	0.8	NonTarget	1	406736
2033.765	0.8	NonTarget	1	406753
2033.845	0.8	NonTarget	1	406769
2033.93	0.8	NonTarget	1	406786
2034.015	0.8	Target	2	406803
2034.1	0.8	NonTarget	1	406820
2034.5	0.8	NonTarget	1	406900
2034.58	0.8	NonTarget	1	406916
2034.665	0.8	NonTarget	1	406933
2034.75	0.8	NonTarget	1	406950
2034.83	0.8	NonTarget	1	406966
2034.915	0.8	NonTarget	1	406983
2035.0	0.8	NonTarget	1	407000
2035.08	0.8	NonTarget	1	407016
2035.165	0.8	Target	2	407033
2035.25	0.8	NonTarget	1	407050
2035.33	0.8	NonTarget	1	407066
2035.415	0.8	NonTarget	1	407083
2035.5	0.8	NonTarget	1	407100
2035.585	0.8	NonTarget	1	407117
2035.665	0.8	NonTarget	1	407133
2035.75	0.8	NonTarget	1	407150
2035.835	0.8	NonTarget	1	407167
2035.915	0.8	NonTarget	1	407183
2036.0	0.8	NonTarget	1	407200
2036.085	0.8	NonTarget	1	407217
2036.165	0.8	NonTarget	1	407233
2036.25	0.8	NonTarget	1	407250
2036.335	0.8	NonTarget	1	407267
2036.42	0.8	NonTarget	1	407284
2036.5	0.8	NonTarget	1	407300
2036.585	0.8	NonTarget	1	407317
2036.67	0.8	NonTarget	1	407334
2036.75	0.8	NonTarget	1	407350
2036.835	0.8	NonTarget	1	407367
2036.92	0.8	NonTarget	1	407384
2037.32	0.8	NonTarget	1	407464
2037.405	0.8	NonTarget	1	407481
2037.485	0.8	NonTarget	1	407497
2037.57	0.8	NonTarget	1	407514
2037.655	0.8	NonTarget	1	407531
2037.735	0.8	NonTarget	1	407547
2037.82	0.8	NonTarget	1	407564
2037.905	0.8	NonTarget	1	407581
2037.99	0.8	NonTarget	1	407598
2038.07	0.8	NonTarget	1	407614
2038.155	0.8	NonTarget	1	407631
2038.235	0.8	NonTarget	1	407647
2038.32	0.8	NonTarget	1	407664
2038.405	0.8	Target	2	407681
2038.485	0.8	NonTarget	1	407697
2038.57	0.8	NonTarget	1	407714
2038.655	0.8	NonTarget	1	407731
2038.735	0.8	NonTarget	1	407747
2038.82	0.8	NonTarget	1	407764
2038.905	0.8	NonTarget	1	407781
2038.99	0.8	NonTarget	1	407798
2039.07	0.8	NonTarget	1	407814
2039.155	0.8	NonTarget	1	407831
2039.24	0.8	NonTarget	1	407848
2039.32	0.8	NonTarget	1	407864
2039.405	0.8	NonTarget	1	407881
2039.49	0.8	NonTarget	1	407898
2039.57	0.8	NonTarget	1	407914
2039.655	0.8	NonTarget	1	407931
2039.74	0.8	NonTarget	1	407948
2040.14	0.8	NonTarget	1	408028
2040.225	0.8	NonTarget	1	408045
2040.305	0.8	NonTarget	1	408061
2040.39	0.8	NonTarget	1	408078
2040.475	0.8	NonTarget	1	408095
2040.555	0.8	NonTarget	1	408111
2040.64	0.8	NonTarget	1	408128
2040.725	0.8	NonTarget	1	408145
2040.805	0.8	NonTarget	1	408161
2040.89	0.8	NonTarget	1	408178
2040.975	0.8	NonTarget	1	408195
2041.055	0.8	NonTarget	1	408211
2041.14	0.8	NonTarget	1	408228
2041.225	0.8	NonTarget	1	408245
2041.31	0.8	NonTarget	1	408262
2041.39	0.8	NonTarget	1	408278
2041.475	0.8	NonTarget	1	408295
2041.56	0.8	NonTarget	1	408312
2041.64	0.8	NonTarget	1	408328
2041.725	0.8	NonTarget	1	408345
2041.81	0.8	NonTarget	1	408362
2041.89	0.8	NonTarget	1	408378
2041.975	0.8	NonTarget	1	408395
2042.06	0.8	Target	2	408412
2042.14	0.8	NonTarget	1	408428
2042.225	0.8	NonTarget	1	408445
2042.31	0.8	NonTarget	1	408462
2042.395	0.8	NonTarget	1	408479
2042.475	0.8	NonTarget	1	408495
2042.56	0.8	NonTarget	1	408512
2051.275	0.8	NonTarget	1	410255
2051.355	0.8	NonTarget	1	410271
2051.44	0.8	Target	2	410288
2051.52	0.8	NonTarget	1	410304
2051.605	0.8	NonTarget	1	410321
2051.69	0.8	NonTarget	1	410338
2051.77	0.8	NonTarget	1	410354
2051.855	0.8	NonTarget	1	410371
2051.94	0.8	NonTarget	1	410388
2052.025	0.8	NonTarget	1	410405
2052.105	0.8	NonTarget	1	410421
2052.19	0.8	NonTarget	1	410438
2052.275	0.8	NonTarget	1	410455
2052.355	0.8	NonTarget	1	410471
2052.44	0.8	NonTarget	1	410488
2052.52	0.8	NonTarget	1	410504
2052.605	0.8	NonTarget	1	410521
2052.69	0.8	NonTarget	1	410538
2052.775	0.8	NonTarget	1	410555
2052.86	0.8	NonTarget	1	410572
2052.94	0.8	NonTarget	1	410588
2053.025	0.8	NonTarget	1	410605
2053.11	0.8	NonTarget	1	410622
2053.19	0.8	NonTarget	1	410638
2053.275	0.8	NonTarget	1	410655
2053.36	0.8	NonTarget	1	410672
2053.44	0.8	NonTarget	1	410688
2053.525	0.8	NonTarget	1	410705
2053.61	0.8	NonTarget	1	410722
2053.695	0.8	NonTarget	1	410739
2054.09	0.8	NonTarget	1	410818
2054.175	0.8	NonTarget	1	410835
2054.26	0.8	Target	2	410852
2054.345	0.8	NonTarget	1	410869
2054.425	0.8	NonTarget	1	410885
2054.51	0.8	NonTarget	1	410902
2054.595	0.8	NonTarget	1	410919
2054.675	0.8	NonTarget	1	410935
2054.76	0.8	NonTarget	1	410952
2054.845	0.8	NonTarget	1	410969
2054.93	0.8	NonTarget	1	410986
2055.01	0.8	NonTarget	1	411002
2055.09	0.8	NonTarget	1	411018
2055.175	0.8	NonTarget	1	411035
2055.26	0.8	NonTarget	1	411052
2055.345	0.8	NonTarget	1	411069
2055.43	0.8	NonTarget	1	411086
2055.515	0.8	NonTarget	1	411103
2055.595	0.8	NonTarget	1	411119
2055.68	0.8	NonTarget	1	411136
2055.76	0.8	NonTarget	1	411152
2055.845	0.8	NonTarget	1	411169
2055.93	0.8	NonTarget	1	411186
2056.015	0.8	NonTarget	1	411203
2056.095	0.8	NonTarget	1	411219
2056.18	0.8	NonTarget	1	411236
2056.26	0.8	NonTarget	1	411252
2056.345	0.8	NonTarget	1	411269
2056.43	0.8	NonTarget	1	411286
2056.515	0.8	NonTarget	1	411303
2056.915	0.8	NonTarget	1	411383
2056.995	0.8	NonTarget	1	411399
2057.08	0.8	NonTarget	1	411416
2057.165	0.8	NonTarget	1	411433
2057.245	0.8	NonTarget	1	411449
2057.33	0.8	NonTarget	1	411466
2057.415	0.8	NonTarget	1	411483
2057.5	0.8	NonTarget	1	411500
2057.58	0.8	NonTarget	1	411516
2057.665	0.8	NonTarget	1	411533
2057.75	0.8	NonTarget	1	411550
2057.83	0.8	NonTarget	1	411566
2057.915	0.8	NonTarget	1	411583
2058.0	0.8	NonTarget	1	411600
2058.08	0.8	NonTarget	1	411616
2058.165	0.8	NonTarget	1	411633
2058.25	0.8	NonTarget	1	411650
2058.335	0.8	NonTarget	1	411667
2058.415	0.8	NonTarget	1	411683
2058.5	0.8	NonTarget	1	411700
2058.585	0.8	NonTarget	1	411717
2058.665	0.8	NonTarget	1	411733
2058.75	0.8	Target	2	411750
2058.835	0.8	NonTarget	1	411767
2058.915	0.8	NonTarget	1	411783
2059.0	0.8	NonTarget	1	411800
2059.085	0.8	NonTarget	1	411817
2059.165	0.8	NonTarget	1	411833
2059.25	0.8	NonTarget	1	411850
2059.335	0.8	NonTarget	1	411867
2059.735	0.8	NonTarget	1	411947
2059.82	0.8	NonTarget	1	411964
2059.9	0.8	NonTarget	1	411980
2059.985	0.8	NonTarget	1	411997
2060.07	0.8	NonTarget	1	412014
2060.15	0.8	NonTarget	1	412030
2060.235	0.8	NonTarget	1	412047
2060.32	0.8	NonTarget	1	412064
2060.4	0.8	NonTarget	1	412080
2060.485	0.8	NonTarget	1	412097
2060.57	0.8	NonTarget	1	412114
2060.65	0.8	NonTarget	1	412130
2060.735	0.8	NonTarget	1	412147
2060.82	0.8	NonTarget	1	412164
2060.905	0.8	NonTarget	1	412181
2060.985	0.8	NonTarget	1	412197
2061.07	0.8	NonTarget	1	412214
2061.155	0.8	NonTarget	1	412231
2061.235	0.8	NonTarget	1	412247
2061.32	0.8	NonTarget	1	412264
2061.405	0.8	NonTarget	1	412281
2061.485	0.8	NonTarget	1	412297
2061.57	0.8	NonTarget	1	412314
2061.655	0.8	NonTarget	1	412331
2061.735	0.8	NonTarget	1	412347
2061.82	0.8	NonTarget	1	412364
2061.9	0.8	NonTarget	1	412380
2061.99	0.8	Target	2	412398
2062.07	0.8	NonTarget	1	412414
2062.155	0.8	NonTarget	1	412431
2062.555	0.8	NonTarget	1	412511
2062.64	0.8	NonTarget	1	412528
2062.72	0.8	NonTarget	1	412544
2062.805	0.8	NonTarget	1	412561
2062.89	0.8	NonTarget	1	412578
2062.97	0.8	NonTarget	1	412594
2063.055	0.8	NonTarget	1	412611
2063.14	0.8	NonTarget	1	412628
2063.225	0.8	NonTarget	1	412645
2063.305	0.8	NonTarget	1	412661
2063.385	0.8	NonTarget	1	412677
2063.47	0.8	NonTarget	1	412694
2063.555	0.8	Target	2	412711
2063.64	0.8	NonTarget	1	412728
2063.725	0.8	NonTarget	1	412745
2063.805	0.8	NonTarget	1	412761
2063.89	0.8	NonTarget	1	412778
2063.975	0.8	NonTarget	1	412795
2064.06	0.8	NonTarget	1	412812
2064.14	0.8	NonTarget	1	412828
2064.225	0.8	NonTarget	1	412845
2064.305	0.8	NonTarget	1	412861
2064.39	0.8	NonTarget	1	412878
2064.475	0.8	NonTarget	1	412895
2064.555	0.8	NonTarget	1	412911
2064.64	0.8	NonTarget	1	412928
2064.725	0.8	NonTarget	1	412945
2064.81	0.8	NonTarget	1	412962
2064.89	0.8	NonTarget	1	412978
2064.975	0.8	NonTarget	1	412995
2065.375	0.8	NonTarget	1	413075
2065.46	0.8	NonTarget	1	413092
2065.54	0.8	NonTarget	1	413108
2065.625	0.8	NonTarget	1	413125
2065.71	0.8	NonTarget	1	413142
2065.79	0.8	NonTarget	1	413158
2065.875	0.8	NonTarget	1	413175
2065.96	0.8	Target	2	413192
2066.045	0.8	NonTarget	1	413209
2066.125	0.8	NonTarget	1	413225
2066.21	0.8	NonTarget	1	413242
2066.295	0.8	NonTarget	1	413259
2066.38	0.8	NonTarget	1	413276
2066.46	0.8	NonTarget	1	413292
2066.545	0.8	NonTarget	1	413309
2066.625	0.8	NonTarget	1	413325
2066.71	0.8	NonTarget	1	413342
2066.795	0.8	NonTarget	1	413359
2066.875	0.8	NonTarget	1	413375
2066.96	0.8	NonTarget	1	413392
2067.045	0.8	NonTarget	1	413409
2067.125	0.8	NonTarget	1	413425
2067.21	0.8	NonTarget	1	413442
2067.295	0.8	NonTarget	1	413459
2067.38	0.8	NonTarget	1	413476
2067.46	0.8	NonTarget	1	413492
2067.545	0.8	NonTarget	1	413509
2067.63	0.8	NonTarget	1	413526
2067.71	0.8	NonTarget	1	413542
2067.795	0.8	NonTarget	1	413559
2068.195	0.8	NonTarget	1	413639
2068.28	0.8	NonTarget	1	413656
2068.36	0.8	NonTarget	1	413672
2068.445	0.8	NonTarget	1	413689
2068.53	0.8	NonTarget	1	413706
2068.615	0.8	NonTarget	1	413723
2068.695	0.8	NonTarget	1	413739
2068.78	0.8	NonTarget	1	413756
2068.865	0.8	NonTarget	1	413773
2068.945	0.8	NonTarget	1	413789
2069.03	0.8	NonTarget	1	413806
2069.115	0.8	NonTarget	1	413823
2069.2	0.8	NonTarget	1	413840
2069.28	0.8	NonTarget	1	413856
2069.365	0.8	NonTarget	1	413873
2069.45	0.8	NonTarget	1	413890
2069.53	0.8	NonTarget	1	413906
2069.615	0.8	NonTarget	1	413923
2069.7	0.8	NonTarget	1	413940
2069.78	0.8	NonTarget	1	413956
2069.865	0.8	NonTarget	1	413973
2069.945	0.8	NonTarget	1	413989
2070.03	0.8	Target	2	414006
2070.115	0.8	NonTarget	1	414023
2070.2	0.8	NonTarget	1	414040
2070.28	0.8	NonTarget	1	414056
2070.365	0.8	NonTarget	1	414073
2070.45	0.8	NonTarget	1	414090
2070.535	0.8	NonTarget	1	414107
2070.615	0.8	NonTarget	1	414123
2071.02	0.8	NonTarget	1	414204
2071.1	0.8	NonTarget	1	414220
2071.185	0.8	NonTarget	1	414237
2071.265	0.8	NonTarget	1	414253
2071.35	0.8	NonTarget	1	414270
2071.435	0.8	NonTarget	1	414287
2071.515	0.8	NonTarget	1	414303
2071.6	0.8	NonTarget	1	414320
2071.685	0.8	NonTarget	1	414337
2071.77	0.8	NonTarget	1	414354
2071.85	0.8	NonTarget	1	414370
2071.935	0.8	NonTarget	1	414387
2072.02	0.8	NonTarget	1	414404
2072.1	0.8	NonTarget	1	414420
2072.185	0.8	NonTarget	1	414437
2072.27	0.8	NonTarget	1	414454
2072.35	0.8	NonTarget	1	414470
2072.435	0.8	NonTarget	1	414487
2072.52	0.8	NonTarget	1	414504
2072.6	0.8	NonTarget	1	414520
2072.685	0.8	NonTarget	1	414537
2072.77	0.8	NonTarget	1	414554
2072.85	0.8	Target	2	414570
2072.935	0.8	NonTarget	1	414587
2073.02	0.8	NonTarget	1	414604
2073.105	0.8	NonTarget	1	414621
2073.185	0.8	NonTarget	1	414637
2073.27	0.8	NonTarget	1	414654
2073.355	0.8	NonTarget	1	414671
2073.435	0.8	NonTarget	1	414687
2073.84	0.8	NonTarget	1	414768
2073.92	0.8	NonTarget	1	414784
2074.005	0.8	NonTarget	1	414801
2074.09	0.8	NonTarget	1	414818
2074.17	0.8	NonTarget	1	414834
2074.255	0.8	NonTarget	1	414851
2074.335	0.8	NonTarget	1	414867
2074.42	0.8	NonTarget	1	414884
2074.505	0.8	NonTarget	1	414901
2074.59	0.8	NonTarget	1	414918
2074.67	0.8	NonTarget	1	414934
2074.755	0.8	NonTarget	1	414951
2074.84	0.8	NonTarget	1	414968
2074.925	0.8	NonTarget	1	414985
2075.005	0.8	NonTarget	1	415001
2075.09	0.8	NonTarget	1	415018
2075.17	0.8	NonTarget	1	415034
2075.255	0.8	Target	2	415051
2075.34	0.8	NonTarget	1	415068
2075.42	0.8	NonTarget	1	415084
2075.505	0.8	NonTarget	1	415101
2075.59	0.8	NonTarget	1	415118
2075.675	0.8	NonTarget	1	415135
2075.755	0.8	NonTarget	1	415151
2075.84	0.8	NonTarget	1	415168
2075.92	0.8	NonTarget	1	415184
2076.005	0.8	NonTarget	1	415201
2076.09	0.8	NonTarget	1	415218
2076.175	0.8	NonTarget	1	415235
2076.255	0.8	NonTarget	1	415251
2076.655	0.8	NonTarget	1	415331
2076.74	0.8	NonTarget	1	415348
2076.825	0.8	NonTarget	1	415365
2076.91	0.8	NonTarget	1	415382
2076.99	0.8	NonTarget	1	415398
2077.075	0.8	NonTarget	1	415415
2077.155	0.8	NonTarget	1	415431
2077.245	0.8	NonTarget	1	415449
2077.325	0.8	NonTarget	1	415465
2077.41	0.8	NonTarget	1	415482
2077.49	0.8	NonTarget	1	415498
2077.575	0.8	NonTarget	1	415515
2077.66	0.8	NonTarget	1	415532
2077.745	0.8	NonTarget	1	415549
2077.825	0.8	NonTarget	1	415565
2077.91	0.8	NonTarget	1	415582
2077.995	0.8	NonTarget	1	415599
2078.075	0.8	NonTarget	1	415615
2078.16	0.8	NonTarget	1	415632
2078.245	0.8	NonTarget	1	415649
2078.325	0.8	NonTarget	1	415665
2078.41	0.8	NonTarget	1	415682
2078.49	0.8	NonTarget	1	415698
2078.58	0.8	NonTarget	1	415716
2078.66	0.8	NonTarget	1	415732
2078.745	0.8	NonTarget	1	415749
2078.83	0.8	NonTarget	1	415766
2078.91	0.8	Target	2	415782
2078.995	0.8	NonTarget	1	415799
2079.075	0.8	NonTarget	1	415815
2087.795	0.8	NonTarget	1	417559
2087.875	0.8	NonTarget	1	417575
2087.955	0.8	NonTarget	1	417591
2088.04	0.8	NonTarget	1	417608
2088.125	0.8	NonTarget	1	417625
2088.205	0.8	Target	2	417641
2088.29	0.8	NonTarget	1	417658
2088.375	0.8	NonTarget	1	417675
2088.46	0.8	NonTarget	1	417692
2088.54	0.8	NonTarget	1	417708
2088.625	0.8	NonTarget	1	417725
2088.71	0.8	NonTarget	1	417742
2088.79	0.8	NonTarget	1	417758
2088.875	0.8	NonTarget	1	417775
2088.96	0.8	NonTarget	1	417792
2089.045	0.8	NonTarget	1	417809
2089.125	0.8	NonTarget	1	417825
2089.21	0.8	NonTarget	1	417842
2089.295	0.8	NonTarget	1	417859
2089.375	0.8	NonTarget	1	417875
2089.46	0.8	NonTarget	1	417892
2089.545	0.8	NonTarget	1	417909
2089.625	0.8	NonTarget	1	417925
2089.71	0.8	NonTarget	1	417942
2089.79	0.8	NonTarget	1	417958
2089.875	0.8	NonTarget	1	417975
2089.96	0.8	NonTarget	1	417992
2090.045	0.8	NonTarget	1	418009
2090.125	0.8	NonTarget	1	418025
2090.21	0.8	NonTarget	1	418042
2090.61	0.8	Target	2	418122
2090.695	0.8	NonTarget	1	418139
2090.775	0.8	NonTarget	1	418155
2090.86	0.8	NonTarget	1	418172
2090.945	0.8	NonTarget	1	418189
2091.03	0.8	NonTarget	1	418206
2091.11	0.8	NonTarget	1	418222
2091.195	0.8	NonTarget	1	418239
2091.28	0.8	NonTarget	1	418256
2091.365	0.8	NonTarget	1	418273
2091.445	0.8	NonTarget	1	418289
2091.53	0.8	NonTarget	1	418306
2091.615	0.8	NonTarget	1	418323
2091.695	0.8	NonTarget	1	418339
2091.78	0.8	NonTarget	1	418356
2091.865	0.8	NonTarget	1	418373
2091.945	0.8	NonTarget	1	418389
2092.03	0.8	NonTarget	1	418406
2092.115	0.8	NonTarget	1	418423
2092.195	0.8	NonTarget	1	418439
2092.28	0.8	NonTarget	1	418456
2092.365	0.8	NonTarget	1	418473
2092.445	0.8	NonTarget	1	418489
2092.53	0.8	NonTarget	1	418506
2092.615	0.8	NonTarget	1	418523
2092.695	0.8	NonTarget	1	418539
2092.78	0.8	NonTarget	1	418556
2092.865	0.8	NonTarget	1	418573
2092.945	0.8	NonTarget	1	418589
2093.03	0.8	NonTarget	1	418606
2093.43	0.8	NonTarget	1	418686
2093.515	0.8	NonTarget	1	418703
2093.6	0.8	NonTarget	1	418720
2093.685	0.8	NonTarget	1	418737
2093.765	0.8	NonTarget	1	418753
2093.85	0.8	NonTarget	1	418770
2093.93	0.8	NonTarget	1	418786
2094.015	0.8	NonTarget	1	418803
2094.1	0.8	NonTarget	1	418820
2094.185	0.8	NonTarget	1	418837
2094.265	0.8	NonTarget	1	418853
2094.35	0.8	NonTarget	1	418870
2094.435	0.8	NonTarget	1	418887
2094.515	0.8	NonTarget	1	418903
2094.6	0.8	NonTarget	1	418920
2094.685	0.8	NonTarget	1	418937
2094.765	0.8	NonTarget	1	418953
2094.85	0.8	NonTarget	1	418970
2094.935	0.8	NonTarget	1	418987
2095.02	0.8	NonTarget	1	419004
2095.1	0.8	NonTarget	1	419020
2095.185	0.8	NonTarget	1	419037
2095.27	0.8	NonTarget	1	419054
2095.35	0.8	NonTarget	1	419070
2095.435	0.8	NonTarget	1	419087
2095.515	0.8	Target	2	419103
2095.6	0.8	NonTarget	1	419120
2095.685	0.8	NonTarget	1	419137
2095.77	0.8	NonTarget	1	419154
2095.85	0.8	NonTarget	1	419170
2096.25	0.8	NonTarget	1	419250
2096.335	0.8	NonTarget	1	419267
2096.42	0.8	NonTarget	1	419284
2096.505	0.8	NonTarget	1	419301
2096.59	0.8	NonTarget	1	419318
2096.67	0.8	NonTarget	1	419334
2096.75	0.8	NonTarget	1	419350
2096.835	0.8	NonTarget	1	419367
2096.92	0.8	NonTarget	1	419384
2097.005	0.8	NonTarget	1	419401
2097.085	0.8	Target	2	419417
2097.17	0.8	NonTarget	1	419434
2097.255	0.8	NonTarget	1	419451
2097.335	0.8	NonTarget	1	419467
2097.42	0.8	NonTarget	1	419484
2097.505	0.8	NonTarget	1	419501
2097.59	0.8	NonTarget	1	419518
2097.67	0.8	NonTarget	1	419534
2097.755	0.8	NonTarget	1	419551
2097.835	0.8	NonTarget	1	419567
2097.92	0.8	NonTarget	1	419584
2098.005	0.8	NonTarget	1	419601
2098.09	0.8	NonTarget	1	419618
2098.17	0.8	NonTarget	1	419634
2098.255	0.8	NonTarget	1	419651
2098.34	0.8	NonTarget	1	419668
2098.42	0.8	NonTarget	1	419684
2098.505	0.8	NonTarget	1	419701
2098.59	0.8	NonTarget	1	419718
2098.67	0.8	NonTarget	1	419734
2099.075	0.8	NonTarget	1	419815
2099.155	0.8	NonTarget	1	419831
2099.24	0.8	NonTarget	1	419848
2099.325	0.8	NonTarget	1	419865
2099.405	0.8	NonTarget	1	419881
2099.49	0.8	NonTarget	1	419898
2099.575	0.8	NonTarget	1	419915
2099.655	0.8	NonTarget	1	419931
2099.74	0.8	NonTarget	1	419948
2099.825	0.8	NonTarget	1	419965
2099.91	0.8	NonTarget	1	419982
2099.99	0.8	NonTarget	1	419998
2100.075	0.8	NonTarget	1	420015
2100.16	0.8	NonTarget	1	420032
2100.24	0.8	NonTarget	1	420048
2100.325	0.8	Target	2	420065
2100.41	0.8	NonTarget	1	420082
2100.49	0.8	NonTarget	1	420098
2100.575	0.8	NonTarget	1	420115
2100.66	0.8	NonTarget	1	420132
2100.745	0.8	NonTarget	1	420149
2100.825	0.8	NonTarget	1	420165
2100.91	0.8	NonTarget	1	420182
2100.99	0.8	NonTarget	1	420198
2101.075	0.8	NonTarget	1	420215
2101.16	0.8	NonTarget	1	420232
2101.24	0.8	NonTarget	1	420248
2101.325	0.8	NonTarget	1	420265
2101.41	0.8	NonTarget	1	420282
2101.495	0.8	NonTarget	1	420299
2101.895	0.8	NonTarget	1	420379
2101.975	0.8	NonTarget	1	420395
2102.06	0.8	NonTarget	1	420412
2102.145	0.8	NonTarget	1	420429
2102.225	0.8	NonTarget	1	420445
2102.31	0.8	Target	2	420462
2102.395	0.8	NonTarget	1	420479
2102.48	0.8	NonTarget	1	420496
2102.56	0.8	NonTarget	1	420512
2102.645	0.8	NonTarget	1	420529
2102.73	0.8	NonTarget	1	420546
2102.81	0.8	NonTarget	1	420562
2102.895	0.8	NonTarget	1	420579
2102.98	0.8	NonTarget	1	420596
2103.065	0.8	NonTarget	1	420613
2103.145	0.8	NonTarget	1	420629
2103.23	0.8	NonTarget	1	420646
2103.315	0.8	NonTarget	1	420663
2103.395	0.8	NonTarget	1	420679
2103.48	0.8	NonTarget	1	420696
2103.565	0.8	NonTarget	1	420713
2103.645	0.8	NonTarget	1	420729
2103.73	0.8	NonTarget	1	420746
2103.815	0.8	NonTarget	1	420763
2103.895	0.8	NonTarget	1	420779
2103.98	0.8	NonTarget	1	420796
2104.065	0.8	NonTarget	1	420813
2104.145	0.8	NonTarget	1	420829
2104.23	0.8	NonTarget	1	420846
2104.31	0.8	NonTarget	1	420862
2104.715	0.8	NonTarget	1	420943
2104.8	0.8	NonTarget	1	420960
2104.88	0.8	NonTarget	1	420976
2104.965	0.8	NonTarget	1	420993
2105.05	0.8	NonTarget	1	421010
2105.13	0.8	NonTarget	1	421026
2105.215	0.8	NonTarget	1	421043
2105.3	0.8	NonTarget	1	421060
2105.385	0.8	NonTarget	1	421077
2105.465	0.8	NonTarget	1	421093
2105.55	0.8	NonTarget	1	421110
2105.63	0.8	NonTarget	1	421126
2105.72	0.8	NonTarget	1	421144
2105.8	0.8	NonTarget	1	421160
2105.885	0.8	NonTarget	1	421177
2105.965	0.8	NonTarget	1	421193
2106.05	0.8	NonTarget	1	421210
2106.13	0.8	NonTarget	1	421226
2106.215	0.8	NonTarget	1	421243
2106.3	0.8	NonTarget	1	421260
2106.385	0.8	NonTarget	1	421277
2106.47	0.8	NonTarget	1	421294
2106.55	0.8	NonTarget	1	421310
2106.635	0.8	NonTarget	1	421327
2106.715	0.8	NonTarget	1	421343
2106.8	0.8	Target	2	421360
2106.885	0.8	NonTarget	1	421377
2106.965	0.8	NonTarget	1	421393
2107.05	0.8	NonTarget	1	421410
2107.135	0.8	NonTarget	1	421427
2107.535	0.8	NonTarget	1	421507
2107.62	0.8	NonTarget	1	421524
2107.7	0.8	NonTarget	1	421540
2107.785	0.8	NonTarget	1	421557
2107.87	0.8	NonTarget	1	421574
2107.95	0.8	NonTarget	1	421590
2108.035	0.8	NonTarget	1	421607
2108.12	0.8	NonTarget	1	421624
2108.205	0.8	NonTarget	1	421641
2108.285	0.8	NonTarget	1	421657
2108.37	0.8	NonTarget	1	421674
2108.455	0.8	NonTarget	1	421691
2108.535	0.8	NonTarget	1	421707
2108.62	0.8	NonTarget	1	421724
2108.705	0.8	NonTarget	1	421741
2108.785	0.8	Target	2	421757
2108.87	0.8	NonTarget	1	421774
2108.95	0.8	NonTarget	1	421790
2109.035	0.8	NonTarget	1	421807
2109.12	0.8	NonTarget	1	421824
2109.205	0.8	NonTarget	1	421841
2109.285	0.8	NonTarget	1	421857
2109.37	0.8	NonTarget	1	421874
2109.455	0.8	NonTarget	1	421891
2109.54	0.8	NonTarget	1	421908
2109.62	0.8	NonTarget	1	421924
2109.705	0.8	NonTarget	1	421941
2109.79	0.8	NonTarget	1	421958
2109.87	0.8	NonTarget	1	421974
2109.955	0.8	NonTarget	1	421991
2110.355	0.8	Target	2	422071
2110.44	0.8	NonTarget	1	422088
2110.52	0.8	NonTarget	1	422104
2110.605	0.8	NonTarget	1	422121
2110.69	0.8	NonTarget	1	422138
2110.77	0.8	NonTarget	1	422154
2110.855	0.8	NonTarget	1	422171
2110.94	0.8	NonTarget	1	422188
2111.025	0.8	NonTarget	1	422205
2111.105	0.8	NonTarget	1	422221
2111.19	0.8	NonTarget	1	422238
2111.275	0.8	NonTarget	1	422255
2111.355	0.8	NonTarget	1	422271
2111.44	0.8	NonTarget	1	422288
2111.525	0.8	NonTarget	1	422305
2111.61	0.8	NonTarget	1	422322
2111.69	0.8	NonTarget	1	422338
2111.775	0.8	NonTarget	1	422355
2111.86	0.8	NonTarget	1	422372
2111.94	0.8	NonTarget	1	422388
2112.025	0.8	NonTarget	1	422405
2112.11	0.8	NonTarget	1	422422
2112.19	0.8	NonTarget	1	422438
2112.275	0.8	NonTarget	1	422455
2112.36	0.8	NonTarget	1	422472
2112.44	0.8	NonTarget	1	422488
2112.525	0.8	NonTarget	1	422505
2112.61	0.8	NonTarget	1	422522
2112.695	0.8	NonTarget	1	422539
2112.775	0.8	NonTarget	1	422555
2113.175	0.8	Target	2	422635
2113.26	0.8	NonTarget	1	422652
2113.345	0.8	NonTarget	1	422669
2113.425	0.8	NonTarget	1	422685
2113.51	0.8	NonTarget	1	422702
2113.595	0.8	NonTarget	1	422719
2113.675	0.8	NonTarget	1	422735
2113.76	0.8	NonTarget	1	422752
2113.845	0.8	NonTarget	1	422769
2113.93	0.8	NonTarget	1	422786
2114.01	0.8	NonTarget	1	422802
2114.095	0.8	NonTarget	1	422819
2114.18	0.8	NonTarget	1	422836
2114.26	0.8	NonTarget	1	422852
2114.345	0.8	NonTarget	1	422869
2114.43	0.8	NonTarget	1	422886
2114.51	0.8	NonTarget	1	422902
2114.595	0.8	NonTarget	1	422919
2114.68	0.8	NonTarget	1	422936
2114.76	0.8	NonTarget	1	422952
2114.845	0.8	NonTarget	1	422969
2114.93	0.8	NonTarget	1	422986
2115.01	0.8	NonTarget	1	423002
2115.095	0.8	NonTarget	1	423019
2115.18	0.8	NonTarget	1	423036
2115.265	0.8	NonTarget	1	423053
2115.345	0.8	NonTarget	1	423069
2115.43	0.8	NonTarget	1	423086
2115.515	0.8	NonTarget	1	423103
2115.595	0.8	NonTarget	1	423119
2124.31	0.8	NonTarget	1	424862
2124.395	0.8	NonTarget	1	424879
2124.475	0.8	NonTarget	1	424895
2124.56	0.8	Target	2	424912
2124.64	0.8	NonTarget	1	424928
2124.725	0.8	NonTarget	1	424945
2124.81	0.8	NonTarget	1	424962
2124.895	0.8	NonTarget	1	424979
2124.975	0.8	NonTarget	1	424995
2125.06	0.8	NonTarget	1	425012
2125.145	0.8	NonTarget	1	425029
2125.225	0.8	NonTarget	1	425045
2125.31	0.8	NonTarget	1	425062
2125.395	0.8	NonTarget	1	425079
2125.475	0.8	NonTarget	1	425095
2125.56	0.8	NonTarget	1	425112
2125.645	0.8	NonTarget	1	425129
2125.73	0.8	NonTarget	1	425146
2125.81	0.8	NonTarget	1	425162
2125.895	0.8	NonTarget	1	425179
2125.98	0.8	NonTarget	1	425196
2126.06	0.8	NonTarget	1	425212
2126.145	0.8	NonTarget	1	425229
2126.23	0.8	NonTarget	1	425246
2126.31	0.8	NonTarget	1	425262
2126.395	0.8	NonTarget	1	425279
2126.48	0.8	NonTarget	1	425296
2126.56	0.8	NonTarget	1	425312
2126.645	0.8	NonTarget	1	425329
2126.73	0.8	NonTarget	1	425346
2127.13	0.8	NonTarget	1	425426
2127.215	0.8	NonTarget	1	425443
2127.295	0.8	NonTarget	1	425459
2127.38	0.8	NonTarget	1	425476
2127.465	0.8	NonTarget	1	425493
2127.545	0.8	NonTarget	1	425509
2127.63	0.8	NonTarget	1	425526
2127.715	0.8	NonTarget	1	425543
2127.795	0.8	NonTarget	1	425559
2127.88	0.8	NonTarget	1	425576
2127.965	0.8	NonTarget	1	425593
2128.05	0.8	NonTarget	1	425610
2128.13	0.8	NonTarget	1	425626
2128.215	0.8	NonTarget	1	425643
2128.3	0.8	NonTarget	1	425660
2128.38	0.8	NonTarget	1	425676
2128.465	0.8	NonTarget	1	425693
2128.545	0.8	NonTarget	1	425709
2128.63	0.8	NonTarget	1	425726
2128.715	0.8	NonTarget	1	425743
2128.8	0.8	NonTarget	1	425760
2128.88	0.8	NonTarget	1	425776
2128.965	0.8	NonTarget	1	425793
2129.05	0.8	NonTarget	1	425810
2129.135	0.8	NonTarget	1	425827
2129.215	0.8	NonTarget	1	425843
2129.3	0.8	NonTarget	1	425860
2129.385	0.8	NonTarget	1	425877
2129.465	0.8	Target	2	425893
2129.55	0.8	NonTarget	1	425910
2129.95	0.8	NonTarget	1	425990
2130.035	0.8	NonTarget	1	426007
2130.115	0.8	NonTarget	1	426023
2130.2	0.8	NonTarget	1	426040
2130.28	0.8	NonTarget	1	426056
2130.37	0.8	NonTarget	1	426074
2130.45	0.8	NonTarget	1	426090
2130.535	0.8	NonTarget	1	426107
2130.62	0.8	NonTarget	1	426124
2130.7	0.8	NonTarget	1	426140
2130.785	0.8	NonTarget	1	426157
2130.87	0.8	NonTarget	1	426174
2130.95	0.8	NonTarget	1	426190
2131.035	0.8	Target	2	426207
2131.12	0.8	NonTarget	1	426224
2131.2	0.8	NonTarget	1	426240
2131.285	0.8	NonTarget	1	426257
2131.37	0.8	NonTarget	1	426274
2131.45	0.8	NonTarget	1	426290
2131.535	0.8	NonTarget	1	426307
2131.62	0.8	NonTarget	1	426324
2131.705	0.8	NonTarget	1	426341
2131.785	0.8	NonTarget	1	426357
2131.87	0.8	NonTarget	1	426374
2131.955	0.8	NonTarget	1	426391
2132.035	0.8	NonTarget	1	426407
2132.12	0.8	NonTarget	1	426424
2132.2	0.8	NonTarget	1	426440
2132.29	0.8	NonTarget	1	426458
2132.37	0.8	NonTarget	1	426474
2132.77	0.8	NonTarget	1	426554
2132.855	0.8	NonTarget	1	426571
2132.935	0.8	NonTarget	1	426587
2133.02	0.8	NonTarget	1	426604
2133.105	0.8	NonTarget	1	426621
2133.19	0.8	NonTarget	1	426638
2133.27	0.8	NonTarget	1	426654
2133.355	0.8	NonTarget	1	426671
2133.44	0.8	NonTarget	1	426688
2133.52	0.8	NonTarget	1	426704
2133.605	0.8	NonTarget	1	426721
2133.69	0.8	NonTarget	1	426738
2133.77	0.8	NonTarget	1	426754
2133.855	0.8	NonTarget	1	426771
2133.94	0.8	NonTarget	1	426788
2134.02	0.8	NonTarget	1	426804
2134.105	0.8	NonTarget	1	426821
2134.19	0.8	NonTarget	1	426838
2134.275	0.8	Target	2	426855
2134.355	0.8	NonTarget	1	426871
2134.44	0.8	NonTarget	1	426888
2134.525	0.8	NonTarget	1	426905
2134.605	0.8	NonTarget	1	426921
2134.69	0.8	NonTarget	1	426938
2134.775	0.8	NonTarget	1	426955
2134.86	0.8	NonTarget	1	426972
2134.94	0.8	NonTarget	1	426988
2135.025	0.8	NonTarget	1	427005
2135.11	0.8	NonTarget	1	427022
2135.195	0.8	NonTarget	1	427039
2135.59	0.8	NonTarget	1	427118
2135.675	0.8	NonTarget	1	427135
2135.76	0.8	NonTarget	1	427152
2135.84	0.8	NonTarget	1	427168
2135.925	0.8	NonTarget	1	427185
2136.01	0.8	NonTarget	1	427202
2136.09	0.8	NonTarget	1	427218
2136.175	0.8	NonTarget	1	427235
2136.26	0.8	NonTarget	1	427252
2136.345	0.8	NonTarget	1	427269
2136.425	0.8	NonTarget	1	427285
2136.51	0.8	NonTarget	1	427302
2136.595	0.8	NonTarget	1	427319
2136.675	0.8	Target	2	427335
2136.76	0.8	NonTarget	1	427352
2136.845	0.8	NonTarget	1	427369
2136.925	0.8	NonTarget	1	427385
2137.01	0.8	NonTarget	1	427402
2137.095	0.8	NonTarget	1	427419
2137.18	0.8	NonTarget	1	427436
2137.26	0.8	NonTarget	1	427452
2137.345	0.8	NonTarget	1	427469
2137.425	0.8	NonTarget	1	427485
2137.51	0.8	NonTarget	1	427502
2137.595	0.8	NonTarget	1	427519
2137.675	0.8	NonTarget	1	427535
2137.76	0.8	NonTarget	1	427552
2137.845	0.8	NonTarget	1	427569
2137.93	0.8	NonTarget	1	427586
2138.01	0.8	NonTarget	1	427602
2138.41	0.8	NonTarget	1	427682
2138.495	0.8	NonTarget	1	427699
2138.58	0.8	NonTarget	1	427716
2138.665	0.8	NonTarget	1	427733
2138.745	0.8	NonTarget	1	427749
2138.83	0.8	NonTarget	1	427766
2138.915	0.8	NonTarget	1	427783
2138.995	0.8	NonTarget	1	427799
2139.08	0.8	NonTarget	1	427816
2139.16	0.8	NonTarget	1	427832
2139.245	0.8	NonTarget	1	427849
2139.33	0.8	NonTarget	1	427866
2139.415	0.8	NonTarget	1	427883
2139.495	0.8	NonTarget	1	427899
2139.58	0.8	NonTarget	1	427916
2139.665	0.8	NonTarget	1	427933
2139.75	0.8	NonTarget	1	427950
2139.83	0.8	NonTarget	1	427966
2139.915	0.8	NonTarget	1	427983
2140.0	0.8	NonTarget	1	428000
2140.08	0.8	NonTarget	1	428016
2140.165	0.8	NonTarget	1	428033
2140.25	0.8	NonTarget	1	428050
2140.33	0.8	Target	2	428066
2140.415	0.8	NonTarget	1	428083
2140.5	0.8	NonTarget	1	428100
2140.58	0.8	NonTarget	1	428116
2140.665	0.8	NonTarget	1	428133
2140.75	0.8	NonTarget	1	428150
2140.83	0.8	NonTarget	1	428166
2141.23	0.8	NonTarget	1	428246
2141.315	0.8	NonTarget	1	428263
2141.4	0.8	NonTarget	1	428280
2141.485	0.8	NonTarget	1	428297
2141.565	0.8	NonTarget	1	428313
2141.65	0.8	NonTarget	1	428330
2141.735	0.8	NonTarget	1	428347
2141.815	0.8	NonTarget	1	428363
2141.9	0.8	NonTarget	1	428380
2141.985	0.8	NonTarget	1	428397
2142.065	0.8	NonTarget	1	428413
2142.15	0.8	NonTarget	1	428430
2142.235	0.8	NonTarget	1	428447
2142.32	0.8	NonTarget	1	428464
2142.4	0.8	NonTarget	1	428480
2142.485	0.8	NonTarget	1	428497
2142.57	0.8	NonTarget	1	428514
2142.655	0.8	NonTarget	1	428531
2142.735	0.8	Target	2	428547
2142.82	0.8	NonTarget	1	428564
2142.9	0.8	NonTarget	1	428580
2142.985	0.8	NonTarget	1	428597
2143.07	0.8	NonTarget	1	428614
2143.155	0.8	NonTarget	1	428631
2143.235	0.8	NonTarget	1	428647
2143.32	0.8	NonTarget	1	428664
2143.4	0.8	NonTarget	1	428680
2143.485	0.8	NonTarget	1	428697
2143.57	0.8	NonTarget	1	428714
2143.655	0.8	NonTarget	1	428731
2144.055	0.8	NonTarget	1	428811
2144.135	0.8	NonTarget	1	428827
2144.22	0.8	NonTarget	1	428844
2144.305	0.8	NonTarget	1	428861
2144.39	0.8	NonTarget	1	428878
2144.47	0.8	NonTarget	1	428894
2144.555	0.8	NonTarget	1	428911
2144.635	0.8	NonTarget	1	428927
2144.72	0.8	NonTarget	1	428944
2144.805	0.8	NonTarget	1	428961
2144.89	0.8	NonTarget	1	428978
2144.97	0.8	NonTarget	1	428994
2145.055	0.8	NonTarget	1	429011
2145.14	0.8	Target	2	429028
2145.22	0.8	NonTarget	1	429044
2145.305	0.8	NonTarget	1	429061
2145.39	0.8	NonTarget	1	429078
2145.47	0.8	NonTarget	1	429094
2145.555	0.8	NonTarget	1	429111
2145.64	0.8	NonTarget	1	429128
2145.72	0.8	NonTarget	1	429144
2145.805	0.8	NonTarget	1	429161
2145.89	0.8	NonTarget	1	429178
2145.975	0.8	NonTarget	1	429195
2146.055	0.8	NonTarget	1	429211
2146.14	0.8	NonTarget	1	429228
2146.225	0.8	NonTarget	1	429245
2146.31	0.8	NonTarget	1	429262
2146.39	0.8	NonTarget	1	429278
2146.475	0.8	NonTarget	1	429295
2146.875	0.8	NonTarget	1	429375
2146.96	0.8	NonTarget	1	429392
2147.045	0.8	NonTarget	1	429409
2147.125	0.8	Target	2	429425
2147.21	0.8	NonTarget	1	429442
2147.29	0.8	NonTarget	1	429458
2147.375	0.8	NonTarget	1	429475
2147.46	0.8	NonTarget	1	429492
2147.54	0.8	NonTarget	1	429508
2147.625	0.8	NonTarget	1	429525
2147.71	0.8	NonTarget	1	429542
2147.79	0.8	NonTarget	1	429558
2147.875	0.8	NonTarget	1	429575
2147.96	0.8	NonTarget	1	429592
2148.04	0.8	NonTarget	1	429608
2148.125	0.8	NonTarget	1	429625
2148.21	0.8	NonTarget	1	429642
2148.295	0.8	NonTarget	1	429659
2148.375	0.8	NonTarget	1	429675
2148.46	0.8	NonTarget	1	429692
2148.545	0.8	NonTarget	1	429709
2148.625	0.8	NonTarget	1	429725
2148.71	0.8	NonTarget	1	429742
2148.795	0.8	NonTarget	1	429759
2148.875	0.8	NonTarget	1	429775
2148.96	0.8	NonTarget	1	429792
2149.045	0.8	NonTarget	1	429809
2149.125	0.8	NonTarget	1	429825
2149.21	0.8	NonTarget	1	429842
2149.295	0.8	NonTarget	1	429859
2149.695	0.8	NonTarget	1	429939
2149.775	0.8	NonTarget	1	429955
2149.86	0.8	NonTarget	1	429972
2149.945	0.8	Target	2	429989
2150.03	0.8	NonTarget	1	430006
2150.11	0.8	NonTarget	1	430022
2150.195	0.8	NonTarget	1	430039
2150.28	0.8	NonTarget	1	430056
2150.36	0.8	NonTarget	1	430072
2150.445	0.8	NonTarget	1	430089
2150.53	0.8	NonTarget	1	430106
2150.615	0.8	NonTarget	1	430123
2150.695	0.8	NonTarget	1	430139
2150.78	0.8	NonTarget	1	430156
2150.865	0.8	NonTarget	1	430173
2150.95	0.8	NonTarget	1	430190
2151.03	0.8	NonTarget	1	430206
2151.11	0.8	NonTarget	1	430222
2151.195	0.8	NonTarget	1	430239
2151.28	0.8	NonTarget	1	430256
2151.365	0.8	NonTarget	1	430273
2151.45	0.8	NonTarget	1	430290
2151.53	0.8	NonTarget	1	430306
2151.615	0.8	NonTarget	1	430323
2151.695	0.8	NonTarget	1	430339
2151.78	0.8	NonTarget	1	430356
2151.865	0.8	NonTarget	1	430373
2151.95	0.8	NonTarget	1	430390
2152.03	0.8	NonTarget	1	430406
2152.115	0.8	NonTarget	1	430423
2160.83	0.8	NonTarget	1	432166
2160.91	0.8	NonTarget	1	432182
2160.995	0.8	NonTarget	1	432199
2161.08	0.8	NonTarget	1	432216
2161.16	0.8	NonTarget	1	432232
2161.245	0.8	NonTarget	1	432249
2161.33	0.8	NonTarget	1	432266
2161.41	0.8	NonTarget	1	432282
2161.495	0.8	NonTarget	1	432299
2161.58	0.8	NonTarget	1	432316
2161.66	0.8	NonTarget	1	432332
2161.745	0.8	NonTarget	1	432349
2161.83	0.8	NonTarget	1	432366
2161.915	0.8	NonTarget	1	432383
2161.995	0.8	NonTarget	1	432399
2162.08	0.8	NonTarget	1	432416
2162.165	0.8	NonTarget	1	432433
2162.245	0.8	NonTarget	1	432449
2162.33	0.8	NonTarget	1	432466
2162.41	0.8	NonTarget	1	432482
2162.495	0.8	NonTarget	1	432499
2162.58	0.8	NonTarget	1	432516
2162.665	0.8	NonTarget	1	432533
2162.745	0.8	NonTarget	1	432549
2162.83	0.8	NonTarget	1	432566
2162.915	0.8	NonTarget	1	432583
2162.995	0.8	NonTarget	1	432599
2163.08	0.8	Target	2	432616
2163.165	0.8	NonTarget	1	432633
2163.245	0.8	NonTarget	1	432649
2163.65	0.8	NonTarget	1	432730
2163.73	0.8	NonTarget	1	432746
2163.815	0.8	NonTarget	1	432763
2163.9	0.8	NonTarget	1	432780
2163.98	0.8	NonTarget	1	432796
2164.065	0.8	NonTarget	1	432813
2164.15	0.8	NonTarget	1	432830
2164.23	0.8	NonTarget	1	432846
2164.315	0.8	NonTarget	1	432863
2164.4	0.8	NonTarget	1	432880
2164.48	0.8	NonTarget	1	432896
2164.565	0.8	NonTarget	1	432913
2164.65	0.8	NonTarget	1	432930
2164.735	0.8	NonTarget	1	432947
2164.815	0.8	NonTarget	1	432963
2164.9	0.8	NonTarget	1	432980
2164.985	0.8	NonTarget	1	432997
2165.065	0.8	NonTarget	1	433013
2165.15	0.8	NonTarget	1	433030
2165.235	0.8	NonTarget	1	433047
2165.315	0.8	NonTarget	1	433063
2165.4	0.8	NonTarget	1	433080
2165.485	0.8	Target	2	433097
2165.565	0.8	NonTarget	1	433113
2165.65	0.8	NonTarget	1	433130
2165.735	0.8	NonTarget	1	433147
2165.82	0.8	NonTarget	1	433164
2165.9	0.8	NonTarget	1	433180
2165.985	0.8	NonTarget	1	433197
2166.065	0.8	NonTarget	1	433213
2166.47	0.8	NonTarget	1	433294
2166.55	0.8	NonTarget	1	433310
2166.635	0.8	NonTarget	1	433327
2166.72	0.8	NonTarget	1	433344
2166.8	0.8	NonTarget	1	433360
2166.885	0.8	NonTarget	1	433377
2166.97	0.8	NonTarget	1	433394
2167.055	0.8	NonTarget	1	433411
2167.135	0.8	NonTarget	1	433427
2167.22	0.8	NonTarget	1	433444
2167.305	0.8	NonTarget	1	433461
2167.385	0.8	NonTarget	1	433477
2167.47	0.8	NonTarget	1	433494
2167.555	0.8	NonTarget	1	433511
2167.635	0.8	NonTarget	1	433527
2167.72	0.8	NonTarget	1	433544
2167.805	0.8	NonTarget	1	433561
2167.885	0.8	Target	2	433577
2167.97	0.8	NonTarget	1	433594
2168.055	0.8	NonTarget	1	433611
2168.14	0.8	NonTarget	1	433628
2168.22	0.8	NonTarget	1	433644
2168.305	0.8	NonTarget	1	433661
2168.39	0.8	NonTarget	1	433678
2168.47	0.8	NonTarget	1	433694
2168.555	0.8	NonTarget	1	433711
2168.635	0.8	NonTarget	1	433727
2168.72	0.8	NonTarget	1	433744
2168.805	0.8	NonTarget	1	433761
2168.89	0.8	NonTarget	1	433778
2169.29	0.8	NonTarget	1	433858
2169.375	0.8	NonTarget	1	433875
2169.455	0.8	NonTarget	1	433891
2169.54	0.8	NonTarget	1	433908
2169.625	0.8	NonTarget	1	433925
2169.705	0.8	NonTarget	1	433941
2169.79	0.8	NonTarget	1	433958
2169.875	0.8	NonTarget	1	433975
2169.955	0.8	NonTarget	1	433991
2170.04	0.8	NonTarget	1	434008
2170.125	0.8	NonTarget	1	434025
2170.205	0.8	NonTarget	1	434041
2170.29	0.8	NonTarget	1	434058
2170.375	0.8	NonTarget	1	434075
2170.455	0.8	NonTarget	1	434091
2170.54	0.8	NonTarget	1	434108
2170.625	0.8	NonTarget	1	434125
2170.71	0.8	Target	2	434142
2170.79	0.8	NonTarget	1	434158
2170.875	0.8	NonTarget	1	434175
2170.96	0.8	NonTarget	1	434192
2171.04	0.8	NonTarget	1	434208
2171.125	0.8	NonTarget	1	434225
2171.21	0.8	NonTarget	1	434242
2171.29	0.8	NonTarget	1	434258
2171.375	0.8	NonTarget	1	434275
2171.46	0.8	NonTarget	1	434292
2171.54	0.8	NonTarget	1	434308
2171.625	0.8	NonTarget	1	434325
2171.71	0.8	NonTarget	1	434342
2172.11	0.8	NonTarget	1	434422
2172.195	0.8	NonTarget	1	434439
2172.275	0.8	NonTarget	1	434455
2172.36	0.8	NonTarget	1	434472
2172.445	0.8	NonTarget	1	434489
2172.525	0.8	NonTarget	1	434505
2172.61	0.8	NonTarget	1	434522
2172.695	0.8	Target	2	434539
2172.78	0.8	NonTarget	1	434556
2172.86	0.8	NonTarget	1	434572
2172.945	0.8	NonTarget	1	434589
2173.03	0.8	NonTarget	1	434606
2173.11	0.8	NonTarget	1	434622
2173.195	0.8	NonTarget	1	434639
2173.28	0.8	NonTarget	1	434656
2173.36	0.8	NonTarget	1	434672
2173.445	0.8	NonTarget	1	434689
2173.53	0.8	NonTarget	1	434706
2173.61	0.8	NonTarget	1	434722
2173.695	0.8	NonTarget	1	434739
2173.78	0.8	NonTarget	1	434756
2173.865	0.8	NonTarget	1	434773
2173.945	0.8	NonTarget	1	434789
2174.03	0.8	NonTarget	1	434806
2174.11	0.8	NonTarget	1	434822
2174.195	0.8	NonTarget	1	434839
2174.28	0.8	NonTarget	1	434856
2174.365	0.8	NonTarget	1	434873
2174.445	0.8	NonTarget	1	434889
2174.53	0.8	NonTarget	1	434906
2174.93	0.8	NonTarget	1	434986
2175.015	0.8	NonTarget	1	435003
2175.1	0.8	NonTarget	1	435020
2175.18	0.8	NonTarget	1	435036
2175.265	0.8	NonTarget	1	435053
2175.35	0.8	NonTarget	1	435070
2175.43	0.8	NonTarget	1	435086
2175.515	0.8	NonTarget	1	435103
2175.6	0.8	NonTarget	1	435120
2175.68	0.8	NonTarget	1	435136
2175.765	0.8	NonTarget	1	435153
2175.85	0.8	NonTarget	1	435170
2175.93	0.8	NonTarget	1	435186
2176.015	0.8	NonTarget	1	435203
2176.1	0.8	NonTarget	1	435220
2176.185	0.8	NonTarget	1	435237
2176.265	0.8	NonTarget	1	435253
2176.35	0.8	NonTarget	1	435270
2176.43	0.8	NonTarget	1	435286
2176.515	0.8	NonTarget	1	435303
2176.6	0.8	NonTarget	1	435320
2176.68	0.8	NonTarget	1	435336
2176.765	0.8	Target	2	435353
2176.85	0.8	NonTarget	1	435370
2176.93	0.8	NonTarget	1	435386
2177.02	0.8	NonTarget	1	435404
2177.1	0.8	NonTarget	1	435420
2177.185	0.8	NonTarget	1	435437
2177.265	0.8	NonTarget	1	435453
2177.35	0.8	NonTarget	1	435470
2177.75	0.8	NonTarget	1	435550
2177.835	0.8	NonTarget	1	435567
2177.92	0.8	Target	2	435584
2178.0	0.8	NonTarget	1	435600
2178.085	0.8	NonTarget	1	435617
2178.17	0.8	NonTarget	1	435634
2178.255	0.8	NonTarget	1	435651
2178.335	0.8	NonTarget	1	435667
2178.42	0.8	NonTarget	1	435684
2178.505	0.8	NonTarget	1	435701
2178.585	0.8	NonTarget	1	435717
2178.67	0.8	NonTarget	1	435734
2178.75	0.8	NonTarget	1	435750
2178.835	0.8	NonTarget	1	435767
2178.92	0.8	NonTarget	1	435784
2179.0	0.8	NonTarget	1	435800
2179.085	0.8	NonTarget	1	435817
2179.17	0.8	NonTarget	1	435834
2179.255	0.8	NonTarget	1	435851
2179.335	0.8	NonTarget	1	435867
2179.42	0.8	NonTarget	1	435884
2179.505	0.8	NonTarget	1	435901
2179.59	0.8	NonTarget	1	435918
2179.67	0.8	NonTarget	1	435934
2179.755	0.8	NonTarget	1	435951
2179.84	0.8	NonTarget	1	435968
2179.92	0.8	NonTarget	1	435984
2180.005	0.8	NonTarget	1	436001
2180.09	0.8	NonTarget	1	436018
2180.17	0.8	NonTarget	1	436034
2180.575	0.8	NonTarget	1	436115
2180.655	0.8	NonTarget	1	436131
2180.74	0.8	NonTarget	1	436148
2180.825	0.8	NonTarget	1	436165
2180.905	0.8	NonTarget	1	436181
2180.99	0.8	NonTarget	1	436198
2181.075	0.8	NonTarget	1	436215
2181.155	0.8	NonTarget	1	436231
2181.24	0.8	NonTarget	1	436248
2181.325	0.8	NonTarget	1	436265
2181.405	0.8	NonTarget	1	436281
2181.49	0.8	NonTarget	1	436298
2181.575	0.8	Target	2	436315
2181.655	0.8	NonTarget	1	436331
2181.74	0.8	NonTarget	1	436348
2181.825	0.8	NonTarget	1	436365
2181.905	0.8	NonTarget	1	436381
2181.99	0.8	NonTarget	1	436398
2182.075	0.8	NonTarget	1	436415
2182.16	0.8	NonTarget	1	436432
2182.24	0.8	NonTarget	1	436448
2182.325	0.8	NonTarget	1	436465
2182.41	0.8	NonTarget	1	436482
2182.49	0.8	NonTarget	1	436498
2182.575	0.8	NonTarget	1	436515
2182.66	0.8	NonTarget	1	436532
2182.74	0.8	NonTarget	1	436548
2182.825	0.8	NonTarget	1	436565
2182.91	0.8	NonTarget	1	436582
2182.99	0.8	NonTarget	1	436598
2183.395	0.8	NonTarget	1	436679
2183.475	0.8	NonTarget	1	436695
2183.56	0.8	NonTarget	1	436712
2183.645	0.8	NonTarget	1	436729
2183.725	0.8	NonTarget	1	436745
2183.81	0.8	NonTarget	1	436762
2183.895	0.8	NonTarget	1	436779
2183.98	0.8	NonTarget	1	436796
2184.06	0.8	NonTarget	1	436812
2184.145	0.8	NonTarget	1	436829
2184.23	0.8	NonTarget	1	436846
2184.31	0.8	NonTarget	1	436862
2184.395	0.8	NonTarget	1	436879
2184.475	0.8	NonTarget	1	436895
2184.56	0.8	NonTarget	1	436912
2184.645	0.8	NonTarget	1	436929
2184.725	0.8	NonTarget	1	436945
2184.81	0.8	NonTarget	1	436962
2184.895	0.8	NonTarget	1	436979
2184.98	0.8	NonTarget	1	436996
2185.065	0.8	NonTarget	1	437013
2185.145	0.8	NonTarget	1	437029
2185.23	0.8	Target	2	437046
2185.315	0.8	NonTarget	1	437063
2185.395	0.8	NonTarget	1	437079
2185.48	0.8	NonTarget	1	437096
2185.56	0.8	NonTarget	1	437112
2185.645	0.8	NonTarget	1	437129
2185.73	0.8	NonTarget	1	437146
2185.81	0.8	NonTarget	1	437162
2186.215	0.8	NonTarget	1	437243
2186.295	0.8	NonTarget	1	437259
2186.38	0.8	NonTarget	1	437276
2186.465	0.8	NonTarget	1	437293
2186.545	0.8	NonTarget	1	437309
2186.63	0.8	NonTarget	1	437326
2186.715	0.8	NonTarget	1	437343
2186.8	0.8	NonTarget	1	437360
2186.88	0.8	NonTarget	1	437376
2186.965	0.8	NonTarget	1	437393
2187.045	0.8	NonTarget	1	437409
2187.13	0.8	NonTarget	1	437426
2187.215	0.8	Target	2	437443
2187.3	0.8	NonTarget	1	437460
2187.38	0.8	NonTarget	1	437476
2187.465	0.8	NonTarget	1	437493
2187.55	0.8	NonTarget	1	437510
2187.63	0.8	NonTarget	1	437526
2187.715	0.8	NonTarget	1	437543
2187.8	0.8	NonTarget	1	437560
2187.88	0.8	NonTarget	1	437576
2187.965	0.8	NonTarget	1	437593
2188.05	0.8	NonTarget	1	437610
2188.135	0.8	NonTarget	1	437627
2188.215	0.8	NonTarget	1	437643
2188.3	0.8	NonTarget	1	437660
2188.385	0.8	NonTarget	1	437677
2188.465	0.8	NonTarget	1	437693
2188.55	0.8	NonTarget	1	437710
2188.635	0.8	NonTarget	1	437727
2197.35	0.8	NonTarget	1	439470
2197.43	0.8	NonTarget	1	439486
2197.51	0.8	NonTarget	1	439502
2197.595	0.8	NonTarget	1	439519
2197.68	0.8	NonTarget	1	439536
2197.76	0.8	NonTarget	1	439552
2197.845	0.8	NonTarget	1	439569
2197.93	0.8	NonTarget	1	439586
2198.015	0.8	NonTarget	1	439603
2198.095	0.8	NonTarget	1	439619
2198.18	0.8	NonTarget	1	439636
2198.265	0.8	NonTarget	1	439653
2198.345	0.8	NonTarget	1	439669
2198.43	0.8	NonTarget	1	439686
2198.515	0.8	NonTarget	1	439703
2198.595	0.8	NonTarget	1	439719
2198.68	0.8	NonTarget	1	439736
2198.765	0.8	NonTarget	1	439753
2198.85	0.8	NonTarget	1	439770
2198.93	0.8	NonTarget	1	439786
2199.015	0.8	NonTarget	1	439803
2199.1	0.8	NonTarget	1	439820
2199.18	0.8	NonTarget	1	439836
2199.265	0.8	NonTarget	1	439853
2199.35	0.8	NonTarget	1	439870
2199.43	0.8	NonTarget	1	439886
2199.515	0.8	NonTarget	1	439903
2199.6	0.8	NonTarget	1	439920
2199.68	0.8	Target	2	439936
2199.765	0.8	NonTarget	1	439953
2200.165	0.8	NonTarget	1	440033
2200.25	0.8	NonTarget	1	440050
2200.33	0.8	NonTarget	1	440066
2200.415	0.8	NonTarget	1	440083
2200.5	0.8	NonTarget	1	440100
2200.585	0.8	NonTarget	1	440117
2200.665	0.8	NonTarget	1	440133
2200.75	0.8	NonTarget	1	440150
2200.835	0.8	NonTarget	1	440167
2200.915	0.8	NonTarget	1	440183
2201.0	0.8	NonTarget	1	440200
2201.085	0.8	NonTarget	1	440217
2201.17	0.8	NonTarget	1	440234
2201.25	0.8	NonTarget	1	440250
2201.335	0.8	NonTarget	1	440267
2201.42	0.8	NonTarget	1	440284
2201.5	0.8	NonTarget	1	440300
2201.585	0.8	NonTarget	1	440317
2201.67	0.8	NonTarget	1	440334
2201.75	0.8	NonTarget	1	440350
2201.835	0.8	NonTarget	1	440367
2201.92	0.8	NonTarget	1	440384
2202.0	0.8	NonTarget	1	440400
2202.085	0.8	Target	2	440417
2202.17	0.8	NonTarget	1	440434
2202.25	0.8	NonTarget	1	440450
2202.335	0.8	NonTarget	1	440467
2202.42	0.8	NonTarget	1	440484
2202.505	0.8	NonTarget	1	440501
2202.585	0.8	NonTarget	1	440517
2202.985	0.8	NonTarget	1	440597
2203.07	0.8	NonTarget	1	440614
2203.155	0.8	NonTarget	1	440631
2203.24	0.8	NonTarget	1	440648
2203.32	0.8	NonTarget	1	440664
2203.405	0.8	NonTarget	1	440681
2203.485	0.8	NonTarget	1	440697
2203.57	0.8	NonTarget	1	440714
2203.655	0.8	NonTarget	1	440731
2203.74	0.8	NonTarget	1	440748
2203.82	0.8	NonTarget	1	440764
2203.905	0.8	NonTarget	1	440781
2203.985	0.8	NonTarget	1	440797
2204.07	0.8	NonTarget	1	440814
2204.155	0.8	NonTarget	1	440831
2204.235	0.8	NonTarget	1	440847
2204.32	0.8	NonTarget	1	440864
2204.405	0.8	NonTarget	1	440881
2204.49	0.8	Target	2	440898
2204.57	0.8	NonTarget	1	440914
2204.655	0.8	NonTarget	1	440931
2204.74	0.8	NonTarget	1	440948
2204.825	0.8	NonTarget	1	440965
2204.905	0.8	NonTarget	1	440981
2204.99	0.8	NonTarget	1	440998
2205.075	0.8	NonTarget	1	441015
2205.155	0.8	NonTarget	1	441031
2205.24	0.8	NonTarget	1	441048
2205.325	0.8	NonTarget	1	441065
2205.405	0.8	NonTarget	1	441081
2205.81	0.8	NonTarget	1	441162
2205.89	0.8	NonTarget	1	441178
2205.975	0.8	NonTarget	1	441195
2206.06	0.8	NonTarget	1	441212
2206.14	0.8	NonTarget	1	441228
2206.225	0.8	NonTarget	1	441245
2206.31	0.8	NonTarget	1	441262
2206.39	0.8	NonTarget	1	441278
2206.475	0.8	NonTarget	1	441295
2206.555	0.8	NonTarget	1	441311
2206.64	0.8	NonTarget	1	441328
2206.725	0.8	NonTarget	1	441345
2206.81	0.8	NonTarget	1	441362
2206.895	0.8	Target	2	441379
2206.975	0.8	NonTarget	1	441395
2207.06	0.8	NonTarget	1	441412
2207.145	0.8	NonTarget	1	441429
2207.225	0.8	NonTarget	1	441445
2207.31	0.8	NonTarget	1	441462
2207.395	0.8	NonTarget	1	441479
2207.475	0.8	NonTarget	1	441495
2207.56	0.8	NonTarget	1	441512
2207.645	0.8	NonTarget	1	441529
2207.725	0.8	NonTarget	1	441545
2207.81	0.8	NonTarget	1	441562
2207.895	0.8	NonTarget	1	441579
2207.98	0.8	NonTarget	1	441596
2208.06	0.8	NonTarget	1	441612
2208.145	0.8	NonTarget	1	441629
2208.225	0.8	NonTarget	1	441645
2208.625	0.8	NonTarget	1	441725
2208.71	0.8	NonTarget	1	441742
2208.795	0.8	NonTarget	1	441759
2208.88	0.8	NonTarget	1	441776
2208.96	0.8	NonTarget	1	441792
2209.045	0.8	NonTarget	1	441809
2209.13	0.8	NonTarget	1	441826
2209.215	0.8	NonTarget	1	441843
2209.295	0.8	NonTarget	1	441859
2209.38	0.8	NonTarget	1	441876
2209.465	0.8	NonTarget	1	441893
2209.545	0.8	NonTarget	1	441909
2209.63	0.8	NonTarget	1	441926
2209.715	0.8	NonTarget	1	441943
2209.795	0.8	NonTarget	1	441959
2209.88	0.8	NonTarget	1	441976
2209.965	0.8	NonTarget	1	441993
2210.045	0.8	NonTarget	1	442009
2210.13	0.8	NonTarget	1	442026
2210.215	0.8	NonTarget	1	442043
2210.295	0.8	NonTarget	1	442059
2210.38	0.8	NonTarget	1	442076
2210.465	0.8	NonTarget	1	442093
2210.55	0.8	Target	2	442110
2210.63	0.8	NonTarget	1	442126
2210.715	0.8	NonTarget	1	442143
2210.795	0.8	NonTarget	1	442159
2210.88	0.8	NonTarget	1	442176
2210.965	0.8	NonTarget	1	442193
2211.05	0.8	NonTarget	1	442210
2211.45	0.8	NonTarget	1	442290
2211.53	0.8	NonTarget	1	442306
2211.615	0.8	NonTarget	1	442323
2211.7	0.8	NonTarget	1	442340
2211.78	0.8	NonTarget	1	442356
2211.865	0.8	NonTarget	1	442373
2211.95	0.8	NonTarget	1	442390
2212.03	0.8	NonTarget	1	442406
2212.115	0.8	NonTarget	1	442423
2212.2	0.8	NonTarget	1	442440
2212.285	0.8	NonTarget	1	442457
2212.365	0.8	NonTarget	1	442473
2212.45	0.8	NonTarget	1	442490
2212.535	0.8	NonTarget	1	442507
2212.615	0.8	NonTarget	1	442523
2212.7	0.8	NonTarget	1	442540
2212.785	0.8	NonTarget	1	442557
2212.87	0.8	NonTarget	1	442574
2212.95	0.8	NonTarget	1	442590
2213.035	0.8	NonTarget	1	442607
2213.115	0.8	NonTarget	1	442623
2213.2	0.8	NonTarget	1	442640
2213.285	0.8	NonTarget	1	442657
2213.37	0.8	Target	2	442674
2213.45	0.8	NonTarget	1	442690
2213.535	0.8	NonTarget	1	442707
2213.62	0.8	NonTarget	1	442724
2213.7	0.8	NonTarget	1	442740
2213.785	0.8	NonTarget	1	442757
2213.87	0.8	NonTarget	1	442774
2214.27	0.8	NonTarget	1	442854
2214.355	0.8	NonTarget	1	442871
2214.435	0.8	NonTarget	1	442887
2214.52	0.8	NonTarget	1	442904
2214.605	0.8	NonTarget	1	442921
2214.685	0.8	NonTarget	1	442937
2214.77	0.8	NonTarget	1	442954
2214.855	0.8	NonTarget	1	442971
2214.94	0.8	NonTarget	1	442988
2215.02	0.8	NonTarget	1	443004
2215.105	0.8	NonTarget	1	443021
2215.185	0.8	NonTarget	1	443037
2215.27	0.8	NonTarget	1	443054
2215.355	0.8	Target	2	443071
2215.435	0.8	NonTarget	1	443087
2215.52	0.8	NonTarget	1	443104
2215.605	0.8	NonTarget	1	443121
2215.685	0.8	NonTarget	1	443137
2215.77	0.8	NonTarget	1	443154
2215.855	0.8	NonTarget	1	443171
2215.94	0.8	NonTarget	1	443188
2216.02	0.8	NonTarget	1	443204
2216.105	0.8	NonTarget	1	443221
2216.19	0.8	NonTarget	1	443238
2216.27	0.8	NonTarget	1	443254
2216.355	0.8	NonTarget	1	443271
2216.44	0.8	NonTarget	1	443288
2216.525	0.8	NonTarget	1	443305
2216.605	0.8	NonTarget	1	443321
2216.69	0.8	NonTarget	1	443338
2217.09	0.8	NonTarget	1	443418
2217.175	0.8	NonTarget	1	443435
2217.255	0.8	NonTarget	1	443451
2217.34	0.8	NonTarget	1	443468
2217.425	0.8	NonTarget	1	443485
2217.505	0.8	NonTarget	1	443501
2217.59	0.8	NonTarget	1	443518
2217.675	0.8	NonTarget	1	443535
2217.76	0.8	NonTarget	1	443552
2217.84	0.8	NonTarget	1	443568
2217.925	0.8	NonTarget	1	443585
2218.01	0.8	NonTarget	1	443602
2218.09	0.8	NonTarget	1	443618
2218.175	0.8	NonTarget	1	443635
2218.255	0.8	NonTarget	1	443651
2218.34	0.8	NonTarget	1	443668
2218.425	0.8	NonTarget	1	443685
2218.51	0.8	NonTarget	1	443702
2218.595	0.8	NonTarget	1	443719
2218.675	0.8	NonTarget	1	443735
2218.76	0.8	NonTarget	1	443752
2218.845	0.8	NonTarget	1	443769
2218.925	0.8	NonTarget	1	443785
2219.01	0.8	NonTarget	1	443802
2219.095	0.8	NonTarget	1	443819
2219.175	0.8	NonTarget	1	443835
2219.26	0.8	NonTarget	1	443852
2219.345	0.8	NonTarget	1	443869
2219.425	0.8	Target	2	443885
2219.51	0.8	NonTarget	1	443902
2219.91	0.8	NonTarget	1	443982
2219.995	0.8	NonTarget	1	443999
2220.08	0.8	NonTarget	1	444016
2220.16	0.8	NonTarget	1	444032
2220.245	0.8	NonTarget	1	444049
2220.33	0.8	NonTarget	1	444066
2220.41	0.8	NonTarget	1	444082
2220.495	0.8	NonTarget	1	444099
2220.58	0.8	NonTarget	1	444116
2220.66	0.8	NonTarget	1	444132
2220.745	0.8	NonTarget	1	444149
2220.83	0.8	NonTarget	1	444166
2220.91	0.8	NonTarget	1	444182
2220.995	0.8	NonTarget	1	444199
2221.08	0.8	NonTarget	1	444216
2221.16	0.8	NonTarget	1	444232
2221.245	0.8	NonTarget	1	444249
2221.33	0.8	NonTarget	1	444266
2221.415	0.8	Target	2	444283
2221.495	0.8	NonTarget	1	444299
2221.58	0.8	NonTarget	1	444316
2221.665	0.8	NonTarget	1	444333
2221.745	0.8	NonTarget	1	444349
2221.83	0.8	NonTarget	1	444366
2221.915	0.8	NonTarget	1	444383
2221.995	0.8	NonTarget	1	444399
2222.08	0.8	NonTarget	1	444416
2222.165	0.8	NonTarget	1	444433
2222.25	0.8	NonTarget	1	444450
2222.33	0.8	NonTarget	1	444466
2222.73	0.8	NonTarget	1	444546
2222.815	0.8	NonTarget	1	444563
2222.9	0.8	NonTarget	1	444580
2222.98	0.8	NonTarget	1	444596
2223.065	0.8	NonTarget	1	444613
2223.15	0.8	NonTarget	1	444630
2223.235	0.8	NonTarget	1	444647
2223.315	0.8	NonTarget	1	444663
2223.4	0.8	NonTarget	1	444680
2223.485	0.8	NonTarget	1	444697
2223.565	0.8	NonTarget	1	444713
2223.65	0.8	NonTarget	1	444730
2223.735	0.8	NonTarget	1	444747
2223.815	0.8	NonTarget	1	444763
2223.9	0.8	NonTarget	1	444780
2223.985	0.8	NonTarget	1	444797
2224.065	0.8	NonTarget	1	444813
2224.15	0.8	NonTarget	1	444830
2224.235	0.8	NonTarget	1	444847
2224.315	0.8	NonTarget	1	444863
2224.4	0.8	NonTarget	1	444880
2224.485	0.8	NonTarget	1	444897
2224.57	0.8	NonTarget	1	444914
2224.65	0.8	Target	2	444930
2224.735	0.8	NonTarget	1	444947
2224.82	0.8	NonTarget	1	444964
2224.9	0.8	NonTarget	1	444980
2224.985	0.8	NonTarget	1	444997
2225.07	0.8	NonTarget	1	445014
2225.15	0.8	NonTarget	1	445030
2233.87	0.8	NonTarget	1	446774
2233.95	0.8	NonTarget	1	446790
2234.03	0.8	NonTarget	1	446806
2234.115	0.8	NonTarget	1	446823
2234.2	0.8	NonTarget	1	446840
2234.28	0.8	NonTarget	1	446856
2234.365	0.8	NonTarget	1	446873
2234.45	0.8	NonTarget	1	446890
2234.53	0.8	NonTarget	1	446906
2234.615	0.8	Target	2	446923
2234.7	0.8	NonTarget	1	446940
2234.78	0.8	NonTarget	1	446956
2234.865	0.8	NonTarget	1	446973
2234.95	0.8	NonTarget	1	446990
2235.03	0.8	NonTarget	1	447006
2235.115	0.8	NonTarget	1	447023
2235.2	0.8	NonTarget	1	447040
2235.285	0.8	NonTarget	1	447057
2235.365	0.8	NonTarget	1	447073
2235.45	0.8	NonTarget	1	447090
2235.535	0.8	NonTarget	1	447107
2235.615	0.8	NonTarget	1	447123
2235.7	0.8	NonTarget	1	447140
2235.785	0.8	NonTarget	1	447157
2235.865	0.8	NonTarget	1	447173
2235.95	0.8	NonTarget	1	447190
2236.035	0.8	NonTarget	1	447207
2236.12	0.8	NonTarget	1	447224
2236.2	0.8	NonTarget	1	447240
2236.285	0.8	NonTarget	1	447257
2236.685	0.8	NonTarget	1	447337
2236.77	0.8	NonTarget	1	447354
2236.85	0.8	NonTarget	1	447370
2236.935	0.8	NonTarget	1	447387
2237.02	0.8	NonTarget	1	447404
2237.1	0.8	NonTarget	1	447420
2237.185	0.8	NonTarget	1	447437
2237.27	0.8	NonTarget	1	447454
2237.355	0.8	NonTarget	1	447471
2237.435	0.8	NonTarget	1	447487
2237.52	0.8	NonTarget	1	447504
2237.605	0.8	NonTarget	1	447521
2237.685	0.8	NonTarget	1	447537
2237.77	0.8	NonTarget	1	447554
2237.855	0.8	NonTarget	1	447571
2237.935	0.8	NonTarget	1	447587
2238.02	0.8	NonTarget	1	447604
2238.105	0.8	NonTarget	1	447621
2238.19	0.8	NonTarget	1	447638
2238.27	0.8	NonTarget	1	447654
2238.355	0.8	NonTarget	1	447671
2238.435	0.8	NonTarget	1	447687
2238.52	0.8	NonTarget	1	447704
2238.605	0.8	NonTarget	1	447721
2238.685	0.8	Target	2	447737
2238.77	0.8	NonTarget	1	447754
2238.855	0.8	NonTarget	1	447771
2238.94	0.8	NonTarget	1	447788
2239.02	0.8	NonTarget	1	447804
2239.105	0.8	NonTarget	1	447821
2239.505	0.8	NonTarget	1	447901
2239.59	0.8	NonTarget	1	447918
2239.675	0.8	NonTarget	1	447935
2239.755	0.8	NonTarget	1	447951
2239.84	0.8	NonTarget	1	447968
2239.92	0.8	NonTarget	1	447984
2240.005	0.8	NonTarget	1	448001
2240.09	0.8	NonTarget	1	448018
2240.175	0.8	NonTarget	1	448035
2240.255	0.8	NonTarget	1	448051
2240.34	0.8	NonTarget	1	448068
2240.425	0.8	NonTarget	1	448085
2240.505	0.8	NonTarget	1	448101
2240.59	0.8	NonTarget	1	448118
2240.675	0.8	NonTarget	1	448135
2240.755	0.8	NonTarget	1	448151
2240.84	0.8	NonTarget	1	448168
2240.925	0.8	NonTarget	1	448185
2241.01	0.8	NonTarget	1	448202
2241.09	0.8	Target	2	448218
2241.175	0.8	NonTarget	1	448235
2241.26	0.8	NonTarget	1	448252
2241.34	0.8	NonTarget	1	448268
2241.425	0.8	NonTarget	1	448285
2241.51	0.8	NonTarget	1	448302
2241.59	0.8	NonTarget	1	448318
2241.675	0.8	NonTarget	1	448335
2241.76	0.8	NonTarget	1	448352
2241.84	0.8	NonTarget	1	448368
2241.925	0.8	NonTarget	1	448385
2242.325	0.8	NonTarget	1	448465
2242.41	0.8	NonTarget	1	448482
2242.495	0.8	NonTarget	1	448499
2242.575	0.8	NonTarget	1	448515
2242.66	0.8	Target	2	448532
2242.74	0.8	NonTarget	1	448548
2242.825	0.8	NonTarget	1	448565
2242.91	0.8	NonTarget	1	448582
2242.995	0.8	NonTarget	1	448599
2243.075	0.8	NonTarget	1	448615
2243.16	0.8	NonTarget	1	448632
2243.245	0.8	NonTarget	1	448649
2243.325	0.8	NonTarget	1	448665
2243.41	0.8	NonTarget	1	448682
2243.495	0.8	NonTarget	1	448699
2243.58	0.8	NonTarget	1	448716
2243.66	0.8	NonTarget	1	448732
2243.745	0.8	NonTarget	1	448749
2243.83	0.8	NonTarget	1	448766
2243.91	0.8	NonTarget	1	448782
2243.995	0.8	NonTarget	1	448799
2244.075	0.8	NonTarget	1	448815
2244.16	0.8	NonTarget	1	448832
2244.245	0.8	NonTarget	1	448849
2244.33	0.8	NonTarget	1	448866
2244.41	0.8	NonTarget	1	448882
2244.495	0.8	NonTarget	1	448899
2244.58	0.8	NonTarget	1	448916
2244.665	0.8	NonTarget	1	448933
2244.745	0.8	NonTarget	1	448949
2245.145	0.8	NonTarget	1	449029
2245.23	0.8	NonTarget	1	449046
2245.315	0.8	NonTarget	1	449063
2245.4	0.8	NonTarget	1	449080
2245.48	0.8	NonTarget	1	449096
2245.565	0.8	NonTarget	1	449113
2245.65	0.8	NonTarget	1	449130
2245.73	0.8	NonTarget	1	449146
2245.815	0.8	NonTarget	1	449163
2245.9	0.8	NonTarget	1	449180
2245.98	0.8	NonTarget	1	449196
2246.065	0.8	NonTarget	1	449213
2246.15	0.8	NonTarget	1	449230
2246.23	0.8	NonTarget	1	449246
2246.315	0.8	NonTarget	1	449263
2246.4	0.8	NonTarget	1	449280
2246.48	0.8	NonTarget	1	449296
2246.565	0.8	NonTarget	1	449313
2246.65	0.8	NonTarget	1	449330
2246.73	0.8	Target	2	449346
2246.82	0.8	NonTarget	1	449364
2246.9	0.8	NonTarget	1	449380
2246.985	0.8	NonTarget	1	449397
2247.065	0.8	NonTarget	1	449413
2247.15	0.8	NonTarget	1	449430
2247.235	0.8	NonTarget	1	449447
2247.315	0.8	NonTarget	1	449463
2247.4	0.8	NonTarget	1	449480
2247.485	0.8	NonTarget	1	449497
2247.565	0.8	NonTarget	1	449513
2247.965	0.8	NonTarget	1	449593
2248.05	0.8	NonTarget	1	449610
2248.135	0.8	NonTarget	1	449627
2248.22	0.8	NonTarget	1	449644
2248.3	0.8	NonTarget	1	449660
2248.385	0.8	NonTarget	1	449677
2248.47	0.8	NonTarget	1	449694
2248.55	0.8	NonTarget	1	449710
2248.635	0.8	NonTarget	1	449727
2248.72	0.8	NonTarget	1	449744
2248.8	0.8	NonTarget	1	449760
2248.885	0.8	NonTarget	1	449777
2248.97	0.8	NonTarget	1	449794
2249.05	0.8	NonTarget	1	449810
2249.135	0.8	NonTarget	1	449827
2249.22	0.8	NonTarget	1	449844
2249.305	0.8	NonTarget	1	449861
2249.385	0.8	NonTarget	1	449877
2249.47	0.8	NonTarget	1	449894
2249.55	0.8	Target	2	449910
2249.635	0.8	NonTarget	1	449927
2249.72	0.8	NonTarget	1	449944
2249.8	0.8	NonTarget	1	449960
2249.885	0.8	NonTarget	1	449977
2249.97	0.8	NonTarget	1	449994
2250.055	0.8	NonTarget	1	450011
2250.135	0.8	NonTarget	1	450027
2250.22	0.8	NonTarget	1	450044
2250.305	0.8	NonTarget	1	450061
2250.39	0.8	NonTarget	1	450078
2250.785	0.8	NonTarget	1	450157
2250.875	0.8	NonTarget	1	450175
2250.955	0.8	NonTarget	1	450191
2251.04	0.8	NonTarget	1	450208
2251.12	0.8	Target	2	450224
2251.205	0.8	NonTarget	1	450241
2251.29	0.8	NonTarget	1	450258
2251.37	0.8	NonTarget	1	450274
2251.455	0.8	NonTarget	1	450291
2251.54	0.8	NonTarget	1	450308
2251.625	0.8	NonTarget	1	450325
2251.705	0.8	NonTarget	1	450341
2251.79	0.8	NonTarget	1	450358
2251.875	0.8	NonTarget	1	450375
2251.955	0.8	NonTarget	1	450391
2252.04	0.8	NonTarget	1	450408
2252.125	0.8	NonTarget	1	450425
2252.205	0.8	NonTarget	1	450441
2252.29	0.8	NonTarget	1	450458
2252.375	0.8	NonTarget	1	450475
2252.455	0.8	NonTarget	1	450491
2252.54	0.8	NonTarget	1	450508
2252.625	0.8	NonTarget	1	450525
2252.71	0.8	NonTarget	1	450542
2252.79	0.8	NonTarget	1	450558
2252.875	0.8	NonTarget	1	450575
2252.96	0.8	NonTarget	1	450592
2253.04	0.8	NonTarget	1	450608
2253.125	0.8	NonTarget	1	450625
2253.205	0.8	NonTarget	1	450641
2253.61	0.8	NonTarget	1	450722
2253.695	0.8	NonTarget	1	450739
2253.775	0.8	NonTarget	1	450755
2253.86	0.8	NonTarget	1	450772
2253.94	0.8	Target	2	450788
2254.025	0.8	NonTarget	1	450805
2254.11	0.8	NonTarget	1	450822
2254.195	0.8	NonTarget	1	450839
2254.275	0.8	NonTarget	1	450855
2254.36	0.8	NonTarget	1	450872
2254.44	0.8	NonTarget	1	450888
2254.525	0.8	NonTarget	1	450905
2254.61	0.8	NonTarget	1	450922
2254.695	0.8	NonTarget	1	450939
2254.775	0.8	NonTarget	1	450955
2254.86	0.8	NonTarget	1	450972
2254.945	0.8	NonTarget	1	450989
2255.025	0.8	NonTarget	1	451005
2255.115	0.8	NonTarget	1	451023
2255.195	0.8	NonTarget	1	451039
2255.28	0.8	NonTarget	1	451056
2255.36	0.8	NonTarget	1	451072
2255.445	0.8	NonTarget	1	451089
2255.53	0.8	NonTarget	1	451106
2255.61	0.8	NonTarget	1	451122
2255.695	0.8	NonTarget	1	451139
2255.78	0.8	NonTarget	1	451156
2255.86	0.8	NonTarget	1	451172
2255.945	0.8	NonTarget	1	451189
2256.03	0.8	NonTarget	1	451206
2256.43	0.8	NonTarget	1	451286
2256.515	0.8	NonTarget	1	451303
2256.595	0.8	NonTarget	1	451319
2256.68	0.8	NonTarget	1	451336
2256.765	0.8	NonTarget	1	451353
2256.845	0.8	NonTarget	1	451369
2256.93	0.8	NonTarget	1	451386
2257.01	0.8	NonTarget	1	451402
2257.1	0.8	NonTarget	1	451420
2257.18	0.8	Target	2	451436
2257.265	0.8	NonTarget	1	451453
2257.35	0.8	NonTarget	1	451470
2257.43	0.8	NonTarget	1	451486
2257.515	0.8	NonTarget	1	451503
2257.595	0.8	NonTarget	1	451519
2257.68	0.8	NonTarget	1	451536
2257.765	0.8	NonTarget	1	451553
2257.845	0.8	NonTarget	1	451569
2257.93	0.8	NonTarget	1	451586
2258.015	0.8	NonTarget	1	451603
2258.1	0.8	NonTarget	1	451620
2258.18	0.8	NonTarget	1	451636
2258.265	0.8	NonTarget	1	451653
2258.35	0.8	NonTarget	1	451670
2258.435	0.8	NonTarget	1	451687
2258.515	0.8	NonTarget	1	451703
2258.6	0.8	NonTarget	1	451720
2258.685	0.8	NonTarget	1	451737
2258.765	0.8	NonTarget	1	451753
2258.85	0.8	NonTarget	1	451770
2259.25	0.8	NonTarget	1	451850
2259.335	0.8	NonTarget	1	451867
2259.415	0.8	NonTarget	1	451883
2259.5	0.8	NonTarget	1	451900
2259.585	0.8	NonTarget	1	451917
2259.665	0.8	NonTarget	1	451933
2259.75	0.8	NonTarget	1	451950
2259.835	0.8	NonTarget	1	451967
2259.915	0.8	NonTarget	1	451983
2260.0	0.8	NonTarget	1	452000
2260.085	0.8	NonTarget	1	452017
2260.17	0.8	NonTarget	1	452034
2260.255	0.8	NonTarget	1	452051
2260.335	0.8	NonTarget	1	452067
2260.42	0.8	NonTarget	1	452084
2260.505	0.8	NonTarget	1	452101
2260.585	0.8	NonTarget	1	452117
2260.67	0.8	NonTarget	1	452134
2260.755	0.8	NonTarget	1	452151
2260.835	0.8	NonTarget	1	452167
2260.92	0.8	NonTarget	1	452184
2261.005	0.8	NonTarget	1	452201
2261.085	0.8	NonTarget	1	452217
2261.17	0.8	NonTarget	1	452234
2261.25	0.8	Target	2	452250
2261.335	0.8	NonTarget	1	452267
2261.42	0.8	NonTarget	1	452284
2261.505	0.8	NonTarget	1	452301
2261.585	0.8	NonTarget	1	452317
2261.67	0.8	NonTarget	1	452334
