onset	duration	trial_type	value	sample
913.65	0.8	NonTarget	1	182730
913.73	0.8	NonTarget	1	182746
913.815	0.8	NonTarget	1	182763
913.9	0.8	NonTarget	1	182780
913.98	0.8	NonTarget	1	182796
914.065	0.8	NonTarget	1	182813
914.15	0.8	NonTarget	1	182830
914.23	0.8	NonTarget	1	182846
914.315	0.8	NonTarget	1	182863
914.4	0.8	NonTarget	1	182880
914.48	0.8	NonTarget	1	182896
914.565	0.8	NonTarget	1	182913
914.65	0.8	NonTarget	1	182930
914.735	0.8	NonTarget	1	182947
914.815	0.8	Target	2	182963
914.9	0.8	NonTarget	1	182980
914.985	0.8	NonTarget	1	182997
915.065	0.8	NonTarget	1	183013
915.15	0.8	NonTarget	1	183030
915.23	0.8	NonTarget	1	183046
915.315	0.8	NonTarget	1	183063
915.4	0.8	NonTarget	1	183080
915.485	0.8	NonTarget	1	183097
915.565	0.8	NonTarget	1	183113
915.65	0.8	NonTarget	1	183130
915.735	0.8	NonTarget	1	183147
915.82	0.8	NonTarget	1	183164
915.9	0.8	NonTarget	1	183180
915.985	0.8	NonTarget	1	183197
916.07	0.8	NonTarget	1	183214
916.47	0.8	NonTarget	1	183294
916.555	0.8	NonTarget	1	183311
916.635	0.8	NonTarget	1	183327
916.72	0.8	NonTarget	1	183344
916.8	0.8	NonTarget	1	183360
916.885	0.8	NonTarget	1	183377
916.97	0.8	NonTarget	1	183394
917.055	0.8	NonTarget	1	183411
917.135	0.8	NonTarget	1	183427
917.22	0.8	NonTarget	1	183444
917.305	0.8	NonTarget	1	183461
917.385	0.8	NonTarget	1	183477
917.47	0.8	NonTarget	1	183494
917.555	0.8	NonTarget	1	183511
917.635	0.8	NonTarget	1	183527
917.72	0.8	NonTarget	1	183544
917.805	0.8	NonTarget	1	183561
917.885	0.8	NonTarget	1	183577
917.97	0.8	NonTarget	1	183594
918.055	0.8	NonTarget	1	183611
918.135	0.8	NonTarget	1	183627
918.22	0.8	NonTarget	1	183644
918.305	0.8	NonTarget	1	183661
918.385	0.8	NonTarget	1	183677
918.47	0.8	NonTarget	1	183694
918.555	0.8	NonTarget	1	183711
918.64	0.8	NonTarget	1	183728
918.72	0.8	NonTarget	1	183744
918.805	0.8	NonTarget	1	183761
918.89	0.8	Target	2	183778
919.29	0.8	NonTarget	1	183858
919.37	0.8	NonTarget	1	183874
919.455	0.8	NonTarget	1	183891
919.54	0.8	NonTarget	1	183908
919.62	0.8	NonTarget	1	183924
919.71	0.8	NonTarget	1	183942
919.79	0.8	NonTarget	1	183958
919.875	0.8	NonTarget	1	183975
919.955	0.8	NonTarget	1	183991
920.04	0.8	NonTarget	1	184008
920.125	0.8	NonTarget	1	184025
920.205	0.8	NonTarget	1	184041
920.29	0.8	NonTarget	1	184058
920.375	0.8	NonTarget	1	184075
920.455	0.8	NonTarget	1	184091
920.54	0.8	NonTarget	1	184108
920.625	0.8	NonTarget	1	184125
920.71	0.8	NonTarget	1	184142
920.79	0.8	NonTarget	1	184158
920.875	0.8	NonTarget	1	184175
920.96	0.8	NonTarget	1	184192
921.04	0.8	NonTarget	1	184208
921.125	0.8	NonTarget	1	184225
921.21	0.8	NonTarget	1	184242
921.295	0.8	Target	2	184259
921.375	0.8	NonTarget	1	184275
921.46	0.8	NonTarget	1	184292
921.545	0.8	NonTarget	1	184309
921.625	0.8	NonTarget	1	184325
921.71	0.8	NonTarget	1	184342
922.11	0.8	NonTarget	1	184422
922.195	0.8	NonTarget	1	184439
922.275	0.8	NonTarget	1	184455
922.36	0.8	NonTarget	1	184472
922.445	0.8	NonTarget	1	184489
922.525	0.8	NonTarget	1	184505
922.61	0.8	NonTarget	1	184522
922.695	0.8	NonTarget	1	184539
922.78	0.8	NonTarget	1	184556
922.86	0.8	NonTarget	1	184572
922.945	0.8	NonTarget	1	184589
923.025	0.8	NonTarget	1	184605
923.11	0.8	NonTarget	1	184622
923.195	0.8	NonTarget	1	184639
923.28	0.8	NonTarget	1	184656
923.36	0.8	NonTarget	1	184672
923.445	0.8	NonTarget	1	184689
923.53	0.8	NonTarget	1	184706
923.61	0.8	NonTarget	1	184722
923.695	0.8	Target	2	184739
923.78	0.8	NonTarget	1	184756
923.865	0.8	NonTarget	1	184773
923.945	0.8	NonTarget	1	184789
924.03	0.8	NonTarget	1	184806
924.11	0.8	NonTarget	1	184822
924.195	0.8	NonTarget	1	184839
924.28	0.8	NonTarget	1	184856
924.365	0.8	NonTarget	1	184873
924.445	0.8	NonTarget	1	184889
924.53	0.8	NonTarget	1	184906
924.93	0.8	NonTarget	1	184986
925.015	0.8	NonTarget	1	185003
925.095	0.8	NonTarget	1	185019
925.18	0.8	NonTarget	1	185036
925.265	0.8	NonTarget	1	185053
925.345	0.8	NonTarget	1	185069
925.43	0.8	NonTarget	1	185086
925.515	0.8	NonTarget	1	185103
925.6	0.8	NonTarget	1	185120
925.68	0.8	NonTarget	1	185136
925.765	0.8	NonTarget	1	185153
925.85	0.8	NonTarget	1	185170
925.93	0.8	NonTarget	1	185186
926.015	0.8	NonTarget	1	185203
926.1	0.8	NonTarget	1	185220
926.185	0.8	NonTarget	1	185237
926.265	0.8	NonTarget	1	185253
926.35	0.8	NonTarget	1	185270
926.435	0.8	NonTarget	1	185287
926.515	0.8	NonTarget	1	185303
926.6	0.8	NonTarget	1	185320
926.685	0.8	NonTarget	1	185337
926.765	0.8	NonTarget	1	185353
926.85	0.8	NonTarget	1	185370
926.935	0.8	Target	2	185387
927.015	0.8	NonTarget	1	185403
927.1	0.8	NonTarget	1	185420
927.185	0.8	NonTarget	1	185437
927.27	0.8	NonTarget	1	185454
927.35	0.8	NonTarget	1	185470
927.75	0.8	NonTarget	1	185550
927.835	0.8	NonTarget	1	185567
927.92	0.8	NonTarget	1	185584
928.0	0.8	NonTarget	1	185600
928.085	0.8	NonTarget	1	185617
928.17	0.8	NonTarget	1	185634
928.25	0.8	NonTarget	1	185650
928.335	0.8	NonTarget	1	185667
928.42	0.8	NonTarget	1	185684
928.5	0.8	NonTarget	1	185700
928.585	0.8	NonTarget	1	185717
928.67	0.8	NonTarget	1	185734
928.75	0.8	NonTarget	1	185750
928.835	0.8	NonTarget	1	185767
928.92	0.8	NonTarget	1	185784
929.0	0.8	NonTarget	1	185800
929.085	0.8	NonTarget	1	185817
929.17	0.8	NonTarget	1	185834
929.255	0.8	NonTarget	1	185851
929.335	0.8	Target	2	185867
929.42	0.8	NonTarget	1	185884
929.505	0.8	NonTarget	1	185901
929.585	0.8	NonTarget	1	185917
929.67	0.8	NonTarget	1	185934
929.755	0.8	NonTarget	1	185951
929.835	0.8	NonTarget	1	185967
929.92	0.8	NonTarget	1	185984
930.005	0.8	NonTarget	1	186001
930.085	0.8	NonTarget	1	186017
930.17	0.8	NonTarget	1	186034
930.57	0.8	NonTarget	1	186114
930.655	0.8	NonTarget	1	186131
930.74	0.8	NonTarget	1	186148
930.82	0.8	NonTarget	1	186164
930.905	0.8	Target	2	186181
930.99	0.8	NonTarget	1	186198
931.07	0.8	NonTarget	1	186214
931.155	0.8	NonTarget	1	186231
931.24	0.8	NonTarget	1	186248
931.325	0.8	NonTarget	1	186265
931.405	0.8	NonTarget	1	186281
931.49	0.8	NonTarget	1	186298
931.575	0.8	NonTarget	1	186315
931.655	0.8	NonTarget	1	186331
931.74	0.8	NonTarget	1	186348
931.825	0.8	NonTarget	1	186365
931.905	0.8	NonTarget	1	186381
931.99	0.8	NonTarget	1	186398
932.075	0.8	NonTarget	1	186415
932.16	0.8	NonTarget	1	186432
932.24	0.8	NonTarget	1	186448
932.325	0.8	NonTarget	1	186465
932.41	0.8	NonTarget	1	186482
932.49	0.8	NonTarget	1	186498
932.575	0.8	NonTarget	1	186515
932.655	0.8	NonTarget	1	186531
932.74	0.8	NonTarget	1	186548
932.825	0.8	NonTarget	1	186565
932.91	0.8	NonTarget	1	186582
932.99	0.8	NonTarget	1	186598
933.39	0.8	NonTarget	1	186678
933.475	0.8	NonTarget	1	186695
933.56	0.8	NonTarget	1	186712
933.645	0.8	NonTarget	1	186729
933.725	0.8	Target	2	186745
933.81	0.8	NonTarget	1	186762
933.895	0.8	NonTarget	1	186779
933.975	0.8	NonTarget	1	186795
934.06	0.8	NonTarget	1	186812
934.145	0.8	NonTarget	1	186829
934.23	0.8	NonTarget	1	186846
934.31	0.8	NonTarget	1	186862
934.395	0.8	NonTarget	1	186879
934.475	0.8	NonTarget	1	186895
934.56	0.8	NonTarget	1	186912
934.645	0.8	NonTarget	1	186929
934.73	0.8	NonTarget	1	186946
934.81	0.8	NonTarget	1	186962
934.895	0.8	NonTarget	1	186979
934.975	0.8	NonTarget	1	186995
935.06	0.8	NonTarget	1	187012
935.145	0.8	NonTarget	1	187029
935.23	0.8	NonTarget	1	187046
935.31	0.8	NonTarget	1	187062
935.395	0.8	NonTarget	1	187079
935.475	0.8	NonTarget	1	187095
935.56	0.8	NonTarget	1	187112
935.645	0.8	NonTarget	1	187129
935.73	0.8	NonTarget	1	187146
935.815	0.8	NonTarget	1	187163
936.21	0.8	NonTarget	1	187242
936.295	0.8	NonTarget	1	187259
936.38	0.8	NonTarget	1	187276
936.465	0.8	NonTarget	1	187293
936.545	0.8	Target	2	187309
936.63	0.8	NonTarget	1	187326
936.715	0.8	NonTarget	1	187343
936.795	0.8	NonTarget	1	187359
936.88	0.8	NonTarget	1	187376
936.965	0.8	NonTarget	1	187393
937.045	0.8	NonTarget	1	187409
937.13	0.8	NonTarget	1	187426
937.215	0.8	NonTarget	1	187443
937.3	0.8	NonTarget	1	187460
937.38	0.8	NonTarget	1	187476
937.465	0.8	NonTarget	1	187493
937.55	0.8	NonTarget	1	187510
937.63	0.8	NonTarget	1	187526
937.715	0.8	NonTarget	1	187543
937.8	0.8	NonTarget	1	187560
937.88	0.8	NonTarget	1	187576
937.965	0.8	NonTarget	1	187593
938.05	0.8	NonTarget	1	187610
938.135	0.8	NonTarget	1	187627
938.215	0.8	NonTarget	1	187643
938.3	0.8	NonTarget	1	187660
938.385	0.8	NonTarget	1	187677
938.465	0.8	NonTarget	1	187693
938.55	0.8	NonTarget	1	187710
938.63	0.8	NonTarget	1	187726
939.035	0.8	NonTarget	1	187807
939.115	0.8	NonTarget	1	187823
939.2	0.8	NonTarget	1	187840
939.285	0.8	NonTarget	1	187857
939.365	0.8	NonTarget	1	187873
939.45	0.8	NonTarget	1	187890
939.535	0.8	NonTarget	1	187907
939.62	0.8	NonTarget	1	187924
939.7	0.8	NonTarget	1	187940
939.785	0.8	NonTarget	1	187957
939.87	0.8	NonTarget	1	187974
939.95	0.8	NonTarget	1	187990
940.035	0.8	NonTarget	1	188007
940.12	0.8	NonTarget	1	188024
940.2	0.8	NonTarget	1	188040
940.285	0.8	NonTarget	1	188057
940.37	0.8	NonTarget	1	188074
940.455	0.8	NonTarget	1	188091
940.535	0.8	NonTarget	1	188107
940.62	0.8	NonTarget	1	188124
940.705	0.8	NonTarget	1	188141
940.785	0.8	NonTarget	1	188157
940.87	0.8	NonTarget	1	188174
940.955	0.8	NonTarget	1	188191
941.035	0.8	NonTarget	1	188207
941.12	0.8	NonTarget	1	188224
941.205	0.8	NonTarget	1	188241
941.285	0.8	NonTarget	1	188257
941.37	0.8	NonTarget	1	188274
941.455	0.8	Target	2	188291
951.405	0.8	NonTarget	1	190281
951.485	0.8	NonTarget	1	190297
951.57	0.8	NonTarget	1	190314
951.65	0.8	NonTarget	1	190330
951.735	0.8	NonTarget	1	190347
951.82	0.8	NonTarget	1	190364
951.9	0.8	NonTarget	1	190380
951.985	0.8	NonTarget	1	190397
952.07	0.8	NonTarget	1	190414
952.15	0.8	NonTarget	1	190430
952.235	0.8	NonTarget	1	190447
952.32	0.8	NonTarget	1	190464
952.405	0.8	NonTarget	1	190481
952.485	0.8	NonTarget	1	190497
952.57	0.8	Target	2	190514
952.655	0.8	NonTarget	1	190531
952.735	0.8	NonTarget	1	190547
952.82	0.8	NonTarget	1	190564
952.905	0.8	NonTarget	1	190581
952.985	0.8	NonTarget	1	190597
953.07	0.8	NonTarget	1	190614
953.155	0.8	NonTarget	1	190631
953.235	0.8	NonTarget	1	190647
953.32	0.8	NonTarget	1	190664
953.405	0.8	NonTarget	1	190681
953.485	0.8	NonTarget	1	190697
953.57	0.8	NonTarget	1	190714
953.655	0.8	NonTarget	1	190731
953.74	0.8	NonTarget	1	190748
953.82	0.8	NonTarget	1	190764
954.22	0.8	NonTarget	1	190844
954.305	0.8	NonTarget	1	190861
954.39	0.8	NonTarget	1	190878
954.47	0.8	NonTarget	1	190894
954.555	0.8	NonTarget	1	190911
954.64	0.8	NonTarget	1	190928
954.725	0.8	NonTarget	1	190945
954.805	0.8	NonTarget	1	190961
954.89	0.8	NonTarget	1	190978
954.975	0.8	Target	2	190995
955.055	0.8	NonTarget	1	191011
955.14	0.8	NonTarget	1	191028
955.225	0.8	NonTarget	1	191045
955.305	0.8	NonTarget	1	191061
955.39	0.8	NonTarget	1	191078
955.475	0.8	NonTarget	1	191095
955.555	0.8	NonTarget	1	191111
955.64	0.8	NonTarget	1	191128
955.725	0.8	NonTarget	1	191145
955.805	0.8	NonTarget	1	191161
955.89	0.8	NonTarget	1	191178
955.975	0.8	NonTarget	1	191195
956.06	0.8	NonTarget	1	191212
956.14	0.8	NonTarget	1	191228
956.225	0.8	NonTarget	1	191245
956.31	0.8	NonTarget	1	191262
956.39	0.8	NonTarget	1	191278
956.475	0.8	NonTarget	1	191295
956.56	0.8	NonTarget	1	191312
956.64	0.8	NonTarget	1	191328
957.045	0.8	NonTarget	1	191409
957.125	0.8	NonTarget	1	191425
957.21	0.8	NonTarget	1	191442
957.295	0.8	NonTarget	1	191459
957.375	0.8	NonTarget	1	191475
957.46	0.8	NonTarget	1	191492
957.54	0.8	NonTarget	1	191508
957.625	0.8	NonTarget	1	191525
957.71	0.8	NonTarget	1	191542
957.795	0.8	Target	2	191559
957.875	0.8	NonTarget	1	191575
957.96	0.8	NonTarget	1	191592
958.045	0.8	NonTarget	1	191609
958.125	0.8	NonTarget	1	191625
958.21	0.8	NonTarget	1	191642
958.295	0.8	NonTarget	1	191659
958.38	0.8	NonTarget	1	191676
958.46	0.8	NonTarget	1	191692
958.545	0.8	NonTarget	1	191709
958.63	0.8	NonTarget	1	191726
958.71	0.8	NonTarget	1	191742
958.795	0.8	NonTarget	1	191759
958.875	0.8	NonTarget	1	191775
958.965	0.8	NonTarget	1	191793
959.045	0.8	NonTarget	1	191809
959.13	0.8	NonTarget	1	191826
959.21	0.8	NonTarget	1	191842
959.295	0.8	NonTarget	1	191859
959.38	0.8	NonTarget	1	191876
959.46	0.8	NonTarget	1	191892
959.865	0.8	NonTarget	1	191973
959.945	0.8	NonTarget	1	191989
960.03	0.8	NonTarget	1	192006
960.115	0.8	NonTarget	1	192023
960.2	0.8	Target	2	192040
960.28	0.8	NonTarget	1	192056
960.365	0.8	NonTarget	1	192073
960.45	0.8	NonTarget	1	192090
960.53	0.8	NonTarget	1	192106
960.615	0.8	NonTarget	1	192123
960.695	0.8	NonTarget	1	192139
960.78	0.8	NonTarget	1	192156
960.865	0.8	NonTarget	1	192173
960.95	0.8	NonTarget	1	192190
961.03	0.8	NonTarget	1	192206
961.115	0.8	NonTarget	1	192223
961.2	0.8	NonTarget	1	192240
961.285	0.8	NonTarget	1	192257
961.365	0.8	NonTarget	1	192273
961.45	0.8	NonTarget	1	192290
961.53	0.8	NonTarget	1	192306
961.615	0.8	NonTarget	1	192323
961.7	0.8	NonTarget	1	192340
961.785	0.8	NonTarget	1	192357
961.865	0.8	NonTarget	1	192373
961.95	0.8	NonTarget	1	192390
962.035	0.8	NonTarget	1	192407
962.115	0.8	NonTarget	1	192423
962.2	0.8	NonTarget	1	192440
962.285	0.8	NonTarget	1	192457
962.685	0.8	NonTarget	1	192537
962.765	0.8	NonTarget	1	192553
962.85	0.8	NonTarget	1	192570
962.935	0.8	NonTarget	1	192587
963.02	0.8	Target	2	192604
963.1	0.8	NonTarget	1	192620
963.185	0.8	NonTarget	1	192637
963.27	0.8	NonTarget	1	192654
963.35	0.8	NonTarget	1	192670
963.435	0.8	NonTarget	1	192687
963.52	0.8	NonTarget	1	192704
963.6	0.8	NonTarget	1	192720
963.685	0.8	NonTarget	1	192737
963.77	0.8	NonTarget	1	192754
963.85	0.8	NonTarget	1	192770
963.935	0.8	NonTarget	1	192787
964.02	0.8	NonTarget	1	192804
964.1	0.8	NonTarget	1	192820
964.185	0.8	NonTarget	1	192837
964.27	0.8	NonTarget	1	192854
964.355	0.8	NonTarget	1	192871
964.435	0.8	NonTarget	1	192887
964.52	0.8	NonTarget	1	192904
964.605	0.8	NonTarget	1	192921
964.685	0.8	NonTarget	1	192937
964.77	0.8	NonTarget	1	192954
964.855	0.8	NonTarget	1	192971
964.935	0.8	NonTarget	1	192987
965.02	0.8	NonTarget	1	193004
965.105	0.8	NonTarget	1	193021
965.505	0.8	NonTarget	1	193101
965.585	0.8	NonTarget	1	193117
965.67	0.8	NonTarget	1	193134
965.755	0.8	NonTarget	1	193151
965.84	0.8	NonTarget	1	193168
965.92	0.8	NonTarget	1	193184
966.005	0.8	NonTarget	1	193201
966.09	0.8	NonTarget	1	193218
966.17	0.8	NonTarget	1	193234
966.255	0.8	NonTarget	1	193251
966.34	0.8	NonTarget	1	193268
966.425	0.8	NonTarget	1	193285
966.505	0.8	NonTarget	1	193301
966.59	0.8	NonTarget	1	193318
966.67	0.8	NonTarget	1	193334
966.755	0.8	NonTarget	1	193351
966.84	0.8	NonTarget	1	193368
966.925	0.8	NonTarget	1	193385
967.005	0.8	NonTarget	1	193401
967.09	0.8	NonTarget	1	193418
967.175	0.8	NonTarget	1	193435
967.255	0.8	NonTarget	1	193451
967.34	0.8	NonTarget	1	193468
967.425	0.8	NonTarget	1	193485
967.505	0.8	NonTarget	1	193501
967.59	0.8	NonTarget	1	193518
967.675	0.8	NonTarget	1	193535
967.755	0.8	NonTarget	1	193551
967.84	0.8	NonTarget	1	193568
967.925	0.8	Target	2	193585
968.325	0.8	NonTarget	1	193665
968.41	0.8	NonTarget	1	193682
968.49	0.8	NonTarget	1	193698
968.575	0.8	NonTarget	1	193715
968.66	0.8	Target	2	193732
968.745	0.8	NonTarget	1	193749
968.825	0.8	NonTarget	1	193765
968.91	0.8	NonTarget	1	193782
968.99	0.8	NonTarget	1	193798
969.075	0.8	NonTarget	1	193815
969.16	0.8	NonTarget	1	193832
969.245	0.8	NonTarget	1	193849
969.325	0.8	NonTarget	1	193865
969.41	0.8	NonTarget	1	193882
969.495	0.8	NonTarget	1	193899
969.575	0.8	NonTarget	1	193915
969.66	0.8	NonTarget	1	193932
969.745	0.8	NonTarget	1	193949
969.83	0.8	NonTarget	1	193966
969.91	0.8	NonTarget	1	193982
969.995	0.8	NonTarget	1	193999
970.075	0.8	NonTarget	1	194015
970.16	0.8	NonTarget	1	194032
970.245	0.8	NonTarget	1	194049
970.325	0.8	NonTarget	1	194065
970.41	0.8	NonTarget	1	194082
970.495	0.8	NonTarget	1	194099
970.58	0.8	NonTarget	1	194116
970.66	0.8	NonTarget	1	194132
970.745	0.8	NonTarget	1	194149
971.145	0.8	NonTarget	1	194229
971.23	0.8	NonTarget	1	194246
971.315	0.8	NonTarget	1	194263
971.395	0.8	NonTarget	1	194279
971.48	0.8	NonTarget	1	194296
971.56	0.8	NonTarget	1	194312
971.645	0.8	NonTarget	1	194329
971.73	0.8	NonTarget	1	194346
971.815	0.8	NonTarget	1	194363
971.895	0.8	NonTarget	1	194379
971.98	0.8	NonTarget	1	194396
972.065	0.8	NonTarget	1	194413
972.145	0.8	NonTarget	1	194429
972.23	0.8	NonTarget	1	194446
972.315	0.8	NonTarget	1	194463
972.395	0.8	NonTarget	1	194479
972.48	0.8	NonTarget	1	194496
972.565	0.8	NonTarget	1	194513
972.65	0.8	NonTarget	1	194530
972.73	0.8	Target	2	194546
972.815	0.8	NonTarget	1	194563
972.9	0.8	NonTarget	1	194580
972.98	0.8	NonTarget	1	194596
973.065	0.8	NonTarget	1	194613
973.15	0.8	NonTarget	1	194630
973.23	0.8	NonTarget	1	194646
973.315	0.8	NonTarget	1	194663
973.4	0.8	NonTarget	1	194680
973.48	0.8	NonTarget	1	194696
973.565	0.8	NonTarget	1	194713
973.965	0.8	NonTarget	1	194793
974.05	0.8	NonTarget	1	194810
974.135	0.8	NonTarget	1	194827
974.22	0.8	NonTarget	1	194844
974.3	0.8	NonTarget	1	194860
974.385	0.8	NonTarget	1	194877
974.465	0.8	NonTarget	1	194893
974.55	0.8	NonTarget	1	194910
974.635	0.8	NonTarget	1	194927
974.715	0.8	NonTarget	1	194943
974.8	0.8	NonTarget	1	194960
974.885	0.8	NonTarget	1	194977
974.965	0.8	NonTarget	1	194993
975.05	0.8	NonTarget	1	195010
975.135	0.8	NonTarget	1	195027
975.22	0.8	NonTarget	1	195044
975.3	0.8	NonTarget	1	195060
975.385	0.8	NonTarget	1	195077
975.47	0.8	NonTarget	1	195094
975.555	0.8	Target	2	195111
975.635	0.8	NonTarget	1	195127
975.72	0.8	NonTarget	1	195144
975.805	0.8	NonTarget	1	195161
975.885	0.8	NonTarget	1	195177
975.97	0.8	NonTarget	1	195194
976.055	0.8	NonTarget	1	195211
976.135	0.8	NonTarget	1	195227
976.22	0.8	NonTarget	1	195244
976.305	0.8	NonTarget	1	195261
976.385	0.8	NonTarget	1	195277
976.785	0.8	NonTarget	1	195357
976.87	0.8	NonTarget	1	195374
976.955	0.8	NonTarget	1	195391
977.035	0.8	NonTarget	1	195407
977.12	0.8	NonTarget	1	195424
977.205	0.8	NonTarget	1	195441
977.29	0.8	NonTarget	1	195458
977.37	0.8	NonTarget	1	195474
977.455	0.8	NonTarget	1	195491
977.54	0.8	NonTarget	1	195508
977.625	0.8	NonTarget	1	195525
977.705	0.8	NonTarget	1	195541
977.79	0.8	NonTarget	1	195558
977.87	0.8	NonTarget	1	195574
977.955	0.8	NonTarget	1	195591
978.04	0.8	NonTarget	1	195608
978.125	0.8	NonTarget	1	195625
978.205	0.8	NonTarget	1	195641
978.29	0.8	NonTarget	1	195658
978.375	0.8	Target	2	195675
978.455	0.8	NonTarget	1	195691
978.54	0.8	NonTarget	1	195708
978.625	0.8	NonTarget	1	195725
978.705	0.8	NonTarget	1	195741
978.79	0.8	NonTarget	1	195758
978.875	0.8	NonTarget	1	195775
978.955	0.8	NonTarget	1	195791
979.04	0.8	NonTarget	1	195808
979.125	0.8	NonTarget	1	195825
979.205	0.8	NonTarget	1	195841
989.14	0.8	NonTarget	1	197828
989.22	0.8	NonTarget	1	197844
989.305	0.8	Target	2	197861
989.39	0.8	NonTarget	1	197878
989.47	0.8	NonTarget	1	197894
989.555	0.8	NonTarget	1	197911
989.64	0.8	NonTarget	1	197928
989.725	0.8	NonTarget	1	197945
989.805	0.8	NonTarget	1	197961
989.89	0.8	NonTarget	1	197978
989.97	0.8	NonTarget	1	197994
990.055	0.8	NonTarget	1	198011
990.14	0.8	NonTarget	1	198028
990.225	0.8	NonTarget	1	198045
990.305	0.8	NonTarget	1	198061
990.39	0.8	NonTarget	1	198078
990.475	0.8	NonTarget	1	198095
990.555	0.8	NonTarget	1	198111
990.64	0.8	NonTarget	1	198128
990.725	0.8	NonTarget	1	198145
990.805	0.8	NonTarget	1	198161
990.89	0.8	NonTarget	1	198178
990.975	0.8	NonTarget	1	198195
991.06	0.8	NonTarget	1	198212
991.14	0.8	NonTarget	1	198228
991.225	0.8	NonTarget	1	198245
991.31	0.8	NonTarget	1	198262
991.39	0.8	NonTarget	1	198278
991.475	0.8	NonTarget	1	198295
991.56	0.8	NonTarget	1	198312
991.96	0.8	NonTarget	1	198392
992.04	0.8	NonTarget	1	198408
992.125	0.8	NonTarget	1	198425
992.21	0.8	NonTarget	1	198442
992.29	0.8	NonTarget	1	198458
992.375	0.8	NonTarget	1	198475
992.46	0.8	NonTarget	1	198492
992.54	0.8	NonTarget	1	198508
992.625	0.8	NonTarget	1	198525
992.71	0.8	NonTarget	1	198542
992.795	0.8	NonTarget	1	198559
992.875	0.8	NonTarget	1	198575
992.96	0.8	Target	2	198592
993.045	0.8	NonTarget	1	198609
993.125	0.8	NonTarget	1	198625
993.21	0.8	NonTarget	1	198642
993.295	0.8	NonTarget	1	198659
993.375	0.8	NonTarget	1	198675
993.46	0.8	NonTarget	1	198692
993.545	0.8	NonTarget	1	198709
993.625	0.8	NonTarget	1	198725
993.71	0.8	NonTarget	1	198742
993.795	0.8	NonTarget	1	198759
993.88	0.8	NonTarget	1	198776
993.96	0.8	NonTarget	1	198792
994.045	0.8	NonTarget	1	198809
994.125	0.8	NonTarget	1	198825
994.215	0.8	NonTarget	1	198843
994.295	0.8	NonTarget	1	198859
994.38	0.8	NonTarget	1	198876
994.78	0.8	NonTarget	1	198956
994.865	0.8	NonTarget	1	198973
994.945	0.8	NonTarget	1	198989
995.03	0.8	NonTarget	1	199006
995.11	0.8	NonTarget	1	199022
995.195	0.8	NonTarget	1	199039
995.28	0.8	NonTarget	1	199056
995.365	0.8	NonTarget	1	199073
995.445	0.8	NonTarget	1	199089
995.53	0.8	NonTarget	1	199106
995.615	0.8	NonTarget	1	199123
995.695	0.8	NonTarget	1	199139
995.78	0.8	NonTarget	1	199156
995.865	0.8	NonTarget	1	199173
995.95	0.8	NonTarget	1	199190
996.03	0.8	NonTarget	1	199206
996.115	0.8	NonTarget	1	199223
996.195	0.8	NonTarget	1	199239
996.28	0.8	NonTarget	1	199256
996.365	0.8	NonTarget	1	199273
996.45	0.8	NonTarget	1	199290
996.53	0.8	NonTarget	1	199306
996.615	0.8	Target	2	199323
996.7	0.8	NonTarget	1	199340
996.785	0.8	NonTarget	1	199357
996.865	0.8	NonTarget	1	199373
996.95	0.8	NonTarget	1	199390
997.035	0.8	NonTarget	1	199407
997.115	0.8	NonTarget	1	199423
997.2	0.8	NonTarget	1	199440
997.6	0.8	NonTarget	1	199520
997.685	0.8	NonTarget	1	199537
997.765	0.8	Target	2	199553
997.85	0.8	NonTarget	1	199570
997.935	0.8	NonTarget	1	199587
998.02	0.8	NonTarget	1	199604
998.1	0.8	NonTarget	1	199620
998.185	0.8	NonTarget	1	199637
998.27	0.8	NonTarget	1	199654
998.35	0.8	NonTarget	1	199670
998.435	0.8	NonTarget	1	199687
998.52	0.8	NonTarget	1	199704
998.6	0.8	NonTarget	1	199720
998.685	0.8	NonTarget	1	199737
998.77	0.8	NonTarget	1	199754
998.85	0.8	NonTarget	1	199770
998.935	0.8	NonTarget	1	199787
999.02	0.8	NonTarget	1	199804
999.105	0.8	NonTarget	1	199821
999.185	0.8	NonTarget	1	199837
999.27	0.8	NonTarget	1	199854
999.355	0.8	NonTarget	1	199871
999.435	0.8	NonTarget	1	199887
999.52	0.8	NonTarget	1	199904
999.6	0.8	NonTarget	1	199920
999.685	0.8	NonTarget	1	199937
999.77	0.8	NonTarget	1	199954
999.855	0.8	NonTarget	1	199971
999.935	0.8	NonTarget	1	199987
1000.02	0.8	NonTarget	1	200004
1000.42	0.8	NonTarget	1	200084
1000.505	0.8	NonTarget	1	200101
1000.59	0.8	NonTarget	1	200118
1000.67	0.8	NonTarget	1	200134
1000.755	0.8	NonTarget	1	200151
1000.84	0.8	NonTarget	1	200168
1000.92	0.8	NonTarget	1	200184
1001.005	0.8	NonTarget	1	200201
1001.09	0.8	NonTarget	1	200218
1001.175	0.8	NonTarget	1	200235
1001.255	0.8	NonTarget	1	200251
1001.34	0.8	NonTarget	1	200268
1001.425	0.8	Target	2	200285
1001.505	0.8	NonTarget	1	200301
1001.59	0.8	NonTarget	1	200318
1001.67	0.8	NonTarget	1	200334
1001.755	0.8	NonTarget	1	200351
1001.84	0.8	NonTarget	1	200368
1001.925	0.8	NonTarget	1	200385
1002.005	0.8	NonTarget	1	200401
1002.09	0.8	NonTarget	1	200418
1002.175	0.8	NonTarget	1	200435
1002.255	0.8	NonTarget	1	200451
1002.34	0.8	NonTarget	1	200468
1002.425	0.8	NonTarget	1	200485
1002.505	0.8	NonTarget	1	200501
1002.59	0.8	NonTarget	1	200518
1002.675	0.8	NonTarget	1	200535
1002.755	0.8	NonTarget	1	200551
1002.84	0.8	NonTarget	1	200568
1003.24	0.8	NonTarget	1	200648
1003.325	0.8	NonTarget	1	200665
1003.41	0.8	NonTarget	1	200682
1003.49	0.8	NonTarget	1	200698
1003.575	0.8	NonTarget	1	200715
1003.66	0.8	NonTarget	1	200732
1003.74	0.8	NonTarget	1	200748
1003.825	0.8	NonTarget	1	200765
1003.91	0.8	NonTarget	1	200782
1003.99	0.8	NonTarget	1	200798
1004.075	0.8	NonTarget	1	200815
1004.16	0.8	NonTarget	1	200832
1004.24	0.8	NonTarget	1	200848
1004.325	0.8	NonTarget	1	200865
1004.41	0.8	NonTarget	1	200882
1004.495	0.8	NonTarget	1	200899
1004.575	0.8	NonTarget	1	200915
1004.66	0.8	NonTarget	1	200932
1004.745	0.8	NonTarget	1	200949
1004.825	0.8	NonTarget	1	200965
1004.91	0.8	NonTarget	1	200982
1004.995	0.8	NonTarget	1	200999
1005.08	0.8	Target	2	201016
1005.16	0.8	NonTarget	1	201032
1005.245	0.8	NonTarget	1	201049
1005.325	0.8	NonTarget	1	201065
1005.41	0.8	NonTarget	1	201082
1005.495	0.8	NonTarget	1	201099
1005.58	0.8	NonTarget	1	201116
1005.66	0.8	NonTarget	1	201132
1006.06	0.8	NonTarget	1	201212
1006.145	0.8	NonTarget	1	201229
1006.23	0.8	Target	2	201246
1006.31	0.8	NonTarget	1	201262
1006.395	0.8	NonTarget	1	201279
1006.48	0.8	NonTarget	1	201296
1006.56	0.8	NonTarget	1	201312
1006.645	0.8	NonTarget	1	201329
1006.73	0.8	NonTarget	1	201346
1006.81	0.8	NonTarget	1	201362
1006.9	0.8	NonTarget	1	201380
1006.98	0.8	NonTarget	1	201396
1007.065	0.8	NonTarget	1	201413
1007.145	0.8	NonTarget	1	201429
1007.23	0.8	NonTarget	1	201446
1007.315	0.8	NonTarget	1	201463
1007.395	0.8	NonTarget	1	201479
1007.48	0.8	NonTarget	1	201496
1007.565	0.8	NonTarget	1	201513
1007.645	0.8	NonTarget	1	201529
1007.73	0.8	NonTarget	1	201546
1007.815	0.8	NonTarget	1	201563
1007.9	0.8	NonTarget	1	201580
1007.98	0.8	NonTarget	1	201596
1008.065	0.8	NonTarget	1	201613
1008.145	0.8	NonTarget	1	201629
1008.23	0.8	NonTarget	1	201646
1008.315	0.8	NonTarget	1	201663
1008.4	0.8	NonTarget	1	201680
1008.48	0.8	NonTarget	1	201696
1008.885	0.8	NonTarget	1	201777
1008.965	0.8	NonTarget	1	201793
1009.05	0.8	NonTarget	1	201810
1009.135	0.8	NonTarget	1	201827
1009.215	0.8	NonTarget	1	201843
1009.3	0.8	NonTarget	1	201860
1009.385	0.8	NonTarget	1	201877
1009.465	0.8	NonTarget	1	201893
1009.55	0.8	NonTarget	1	201910
1009.635	0.8	NonTarget	1	201927
1009.715	0.8	NonTarget	1	201943
1009.8	0.8	NonTarget	1	201960
1009.885	0.8	Target	2	201977
1009.965	0.8	NonTarget	1	201993
1010.05	0.8	NonTarget	1	202010
1010.135	0.8	NonTarget	1	202027
1010.22	0.8	NonTarget	1	202044
1010.3	0.8	NonTarget	1	202060
1010.385	0.8	NonTarget	1	202077
1010.47	0.8	NonTarget	1	202094
1010.55	0.8	NonTarget	1	202110
1010.635	0.8	NonTarget	1	202127
1010.72	0.8	NonTarget	1	202144
1010.8	0.8	NonTarget	1	202160
1010.885	0.8	NonTarget	1	202177
1010.97	0.8	NonTarget	1	202194
1011.055	0.8	NonTarget	1	202211
1011.135	0.8	NonTarget	1	202227
1011.22	0.8	NonTarget	1	202244
1011.305	0.8	NonTarget	1	202261
1011.705	0.8	NonTarget	1	202341
1011.79	0.8	NonTarget	1	202358
1011.87	0.8	NonTarget	1	202374
1011.955	0.8	NonTarget	1	202391
1012.035	0.8	NonTarget	1	202407
1012.12	0.8	NonTarget	1	202424
1012.205	0.8	NonTarget	1	202441
1012.285	0.8	Target	2	202457
1012.37	0.8	NonTarget	1	202474
1012.455	0.8	NonTarget	1	202491
1012.54	0.8	NonTarget	1	202508
1012.62	0.8	NonTarget	1	202524
1012.705	0.8	NonTarget	1	202541
1012.79	0.8	NonTarget	1	202558
1012.87	0.8	NonTarget	1	202574
1012.955	0.8	NonTarget	1	202591
1013.04	0.8	NonTarget	1	202608
1013.12	0.8	NonTarget	1	202624
1013.205	0.8	NonTarget	1	202641
1013.29	0.8	NonTarget	1	202658
1013.37	0.8	NonTarget	1	202674
1013.455	0.8	NonTarget	1	202691
1013.54	0.8	NonTarget	1	202708
1013.625	0.8	NonTarget	1	202725
1013.705	0.8	NonTarget	1	202741
1013.79	0.8	NonTarget	1	202758
1013.875	0.8	NonTarget	1	202775
1013.955	0.8	NonTarget	1	202791
1014.04	0.8	NonTarget	1	202808
1014.125	0.8	NonTarget	1	202825
1014.525	0.8	NonTarget	1	202905
1014.61	0.8	NonTarget	1	202922
1014.69	0.8	NonTarget	1	202938
1014.775	0.8	NonTarget	1	202955
1014.86	0.8	NonTarget	1	202972
1014.94	0.8	NonTarget	1	202988
1015.025	0.8	NonTarget	1	203005
1015.11	0.8	NonTarget	1	203022
1015.19	0.8	NonTarget	1	203038
1015.275	0.8	NonTarget	1	203055
1015.36	0.8	NonTarget	1	203072
1015.44	0.8	NonTarget	1	203088
1015.525	0.8	Target	2	203105
1015.61	0.8	NonTarget	1	203122
1015.69	0.8	NonTarget	1	203138
1015.775	0.8	NonTarget	1	203155
1015.86	0.8	NonTarget	1	203172
1015.945	0.8	NonTarget	1	203189
1016.025	0.8	NonTarget	1	203205
1016.11	0.8	NonTarget	1	203222
1016.195	0.8	NonTarget	1	203239
1016.275	0.8	NonTarget	1	203255
1016.36	0.8	NonTarget	1	203272
1016.445	0.8	NonTarget	1	203289
1016.53	0.8	NonTarget	1	203306
1016.61	0.8	NonTarget	1	203322
1016.695	0.8	NonTarget	1	203339
1016.775	0.8	NonTarget	1	203355
1016.86	0.8	NonTarget	1	203372
1016.945	0.8	NonTarget	1	203389
1026.93	0.8	NonTarget	1	205386
1027.01	0.8	NonTarget	1	205402
1027.09	0.8	NonTarget	1	205418
1027.175	0.8	NonTarget	1	205435
1027.26	0.8	NonTarget	1	205452
1027.34	0.8	NonTarget	1	205468
1027.425	0.8	NonTarget	1	205485
1027.51	0.8	NonTarget	1	205502
1027.595	0.8	NonTarget	1	205519
1027.675	0.8	NonTarget	1	205535
1027.76	0.8	NonTarget	1	205552
1027.84	0.8	NonTarget	1	205568
1027.925	0.8	NonTarget	1	205585
1028.01	0.8	NonTarget	1	205602
1028.095	0.8	NonTarget	1	205619
1028.175	0.8	NonTarget	1	205635
1028.26	0.8	NonTarget	1	205652
1028.345	0.8	NonTarget	1	205669
1028.425	0.8	Target	2	205685
1028.51	0.8	NonTarget	1	205702
1028.595	0.8	NonTarget	1	205719
1028.675	0.8	NonTarget	1	205735
1028.76	0.8	NonTarget	1	205752
1028.845	0.8	NonTarget	1	205769
1028.925	0.8	NonTarget	1	205785
1029.01	0.8	NonTarget	1	205802
1029.095	0.8	NonTarget	1	205819
1029.18	0.8	NonTarget	1	205836
1029.265	0.8	NonTarget	1	205853
1029.345	0.8	NonTarget	1	205869
1029.745	0.8	NonTarget	1	205949
1029.83	0.8	NonTarget	1	205966
1029.915	0.8	NonTarget	1	205983
1029.995	0.8	NonTarget	1	205999
1030.08	0.8	NonTarget	1	206016
1030.16	0.8	NonTarget	1	206032
1030.245	0.8	NonTarget	1	206049
1030.33	0.8	NonTarget	1	206066
1030.41	0.8	NonTarget	1	206082
1030.495	0.8	NonTarget	1	206099
1030.58	0.8	NonTarget	1	206116
1030.665	0.8	NonTarget	1	206133
1030.745	0.8	NonTarget	1	206149
1030.83	0.8	NonTarget	1	206166
1030.915	0.8	NonTarget	1	206183
1030.995	0.8	NonTarget	1	206199
1031.08	0.8	NonTarget	1	206216
1031.165	0.8	NonTarget	1	206233
1031.25	0.8	NonTarget	1	206250
1031.33	0.8	NonTarget	1	206266
1031.415	0.8	NonTarget	1	206283
1031.5	0.8	NonTarget	1	206300
1031.58	0.8	NonTarget	1	206316
1031.665	0.8	Target	2	206333
1031.75	0.8	NonTarget	1	206350
1031.83	0.8	NonTarget	1	206366
1031.915	0.8	NonTarget	1	206383
1032.0	0.8	NonTarget	1	206400
1032.08	0.8	NonTarget	1	206416
1032.165	0.8	NonTarget	1	206433
1032.565	0.8	NonTarget	1	206513
1032.65	0.8	NonTarget	1	206530
1032.735	0.8	NonTarget	1	206547
1032.82	0.8	NonTarget	1	206564
1032.9	0.8	NonTarget	1	206580
1032.985	0.8	NonTarget	1	206597
1033.065	0.8	NonTarget	1	206613
1033.15	0.8	NonTarget	1	206630
1033.235	0.8	NonTarget	1	206647
1033.315	0.8	NonTarget	1	206663
1033.4	0.8	NonTarget	1	206680
1033.485	0.8	NonTarget	1	206697
1033.565	0.8	NonTarget	1	206713
1033.65	0.8	NonTarget	1	206730
1033.735	0.8	NonTarget	1	206747
1033.82	0.8	NonTarget	1	206764
1033.9	0.8	NonTarget	1	206780
1033.985	0.8	NonTarget	1	206797
1034.07	0.8	NonTarget	1	206814
1034.15	0.8	NonTarget	1	206830
1034.235	0.8	NonTarget	1	206847
1034.32	0.8	NonTarget	1	206864
1034.4	0.8	NonTarget	1	206880
1034.485	0.8	NonTarget	1	206897
1034.57	0.8	NonTarget	1	206914
1034.65	0.8	NonTarget	1	206930
1034.735	0.8	NonTarget	1	206947
1034.82	0.8	NonTarget	1	206964
1034.905	0.8	Target	2	206981
1034.99	0.8	NonTarget	1	206998
1035.39	0.8	NonTarget	1	207078
1035.47	0.8	NonTarget	1	207094
1035.555	0.8	NonTarget	1	207111
1035.635	0.8	NonTarget	1	207127
1035.72	0.8	NonTarget	1	207144
1035.805	0.8	NonTarget	1	207161
1035.89	0.8	NonTarget	1	207178
1035.97	0.8	NonTarget	1	207194
1036.055	0.8	NonTarget	1	207211
1036.14	0.8	NonTarget	1	207228
1036.22	0.8	NonTarget	1	207244
1036.305	0.8	NonTarget	1	207261
1036.385	0.8	NonTarget	1	207277
1036.47	0.8	Target	2	207294
1036.555	0.8	NonTarget	1	207311
1036.64	0.8	NonTarget	1	207328
1036.72	0.8	NonTarget	1	207344
1036.805	0.8	NonTarget	1	207361
1036.89	0.8	NonTarget	1	207378
1036.97	0.8	NonTarget	1	207394
1037.055	0.8	NonTarget	1	207411
1037.14	0.8	NonTarget	1	207428
1037.225	0.8	NonTarget	1	207445
1037.305	0.8	NonTarget	1	207461
1037.39	0.8	NonTarget	1	207478
1037.475	0.8	NonTarget	1	207495
1037.555	0.8	NonTarget	1	207511
1037.64	0.8	NonTarget	1	207528
1037.725	0.8	NonTarget	1	207545
1037.81	0.8	NonTarget	1	207562
1038.21	0.8	NonTarget	1	207642
1038.29	0.8	NonTarget	1	207658
1038.375	0.8	NonTarget	1	207675
1038.46	0.8	NonTarget	1	207692
1038.54	0.8	NonTarget	1	207708
1038.625	0.8	NonTarget	1	207725
1038.71	0.8	NonTarget	1	207742
1038.79	0.8	NonTarget	1	207758
1038.875	0.8	NonTarget	1	207775
1038.96	0.8	NonTarget	1	207792
1039.04	0.8	NonTarget	1	207808
1039.125	0.8	NonTarget	1	207825
1039.21	0.8	NonTarget	1	207842
1039.295	0.8	NonTarget	1	207859
1039.375	0.8	NonTarget	1	207875
1039.46	0.8	NonTarget	1	207892
1039.545	0.8	NonTarget	1	207909
1039.625	0.8	NonTarget	1	207925
1039.71	0.8	NonTarget	1	207942
1039.795	0.8	NonTarget	1	207959
1039.875	0.8	NonTarget	1	207975
1039.96	0.8	NonTarget	1	207992
1040.045	0.8	NonTarget	1	208009
1040.125	0.8	Target	2	208025
1040.21	0.8	NonTarget	1	208042
1040.295	0.8	NonTarget	1	208059
1040.375	0.8	NonTarget	1	208075
1040.46	0.8	NonTarget	1	208092
1040.545	0.8	NonTarget	1	208109
1040.625	0.8	NonTarget	1	208125
1041.03	0.8	NonTarget	1	208206
1041.11	0.8	NonTarget	1	208222
1041.195	0.8	NonTarget	1	208239
1041.28	0.8	NonTarget	1	208256
1041.36	0.8	NonTarget	1	208272
1041.445	0.8	NonTarget	1	208289
1041.53	0.8	NonTarget	1	208306
1041.61	0.8	NonTarget	1	208322
1041.695	0.8	Target	2	208339
1041.78	0.8	NonTarget	1	208356
1041.865	0.8	NonTarget	1	208373
1041.945	0.8	NonTarget	1	208389
1042.03	0.8	NonTarget	1	208406
1042.115	0.8	NonTarget	1	208423
1042.195	0.8	NonTarget	1	208439
1042.28	0.8	NonTarget	1	208456
1042.365	0.8	NonTarget	1	208473
1042.45	0.8	NonTarget	1	208490
1042.53	0.8	NonTarget	1	208506
1042.615	0.8	NonTarget	1	208523
1042.7	0.8	NonTarget	1	208540
1042.78	0.8	NonTarget	1	208556
1042.865	0.8	NonTarget	1	208573
1042.95	0.8	NonTarget	1	208590
1043.03	0.8	NonTarget	1	208606
1043.115	0.8	NonTarget	1	208623
1043.2	0.8	NonTarget	1	208640
1043.28	0.8	NonTarget	1	208656
1043.365	0.8	NonTarget	1	208673
1043.45	0.8	NonTarget	1	208690
1043.85	0.8	NonTarget	1	208770
1043.93	0.8	NonTarget	1	208786
1044.015	0.8	NonTarget	1	208803
1044.1	0.8	Target	2	208820
1044.185	0.8	NonTarget	1	208837
1044.265	0.8	NonTarget	1	208853
1044.35	0.8	NonTarget	1	208870
1044.435	0.8	NonTarget	1	208887
1044.515	0.8	NonTarget	1	208903
1044.6	0.8	NonTarget	1	208920
1044.68	0.8	NonTarget	1	208936
1044.765	0.8	NonTarget	1	208953
1044.85	0.8	NonTarget	1	208970
1044.935	0.8	NonTarget	1	208987
1045.015	0.8	NonTarget	1	209003
1045.1	0.8	NonTarget	1	209020
1045.185	0.8	NonTarget	1	209037
1045.265	0.8	NonTarget	1	209053
1045.35	0.8	NonTarget	1	209070
1045.435	0.8	NonTarget	1	209087
1045.515	0.8	NonTarget	1	209103
1045.6	0.8	NonTarget	1	209120
1045.685	0.8	NonTarget	1	209137
1045.77	0.8	NonTarget	1	209154
1045.85	0.8	NonTarget	1	209170
1045.935	0.8	NonTarget	1	209187
1046.02	0.8	NonTarget	1	209204
1046.1	0.8	NonTarget	1	209220
1046.185	0.8	NonTarget	1	209237
1046.27	0.8	NonTarget	1	209254
1046.67	0.8	NonTarget	1	209334
1046.755	0.8	NonTarget	1	209351
1046.84	0.8	NonTarget	1	209368
1046.92	0.8	Target	2	209384
1047.005	0.8	NonTarget	1	209401
1047.085	0.8	NonTarget	1	209417
1047.17	0.8	NonTarget	1	209434
1047.255	0.8	NonTarget	1	209451
1047.34	0.8	NonTarget	1	209468
1047.42	0.8	NonTarget	1	209484
1047.505	0.8	NonTarget	1	209501
1047.585	0.8	NonTarget	1	209517
1047.67	0.8	NonTarget	1	209534
1047.755	0.8	NonTarget	1	209551
1047.835	0.8	NonTarget	1	209567
1047.92	0.8	NonTarget	1	209584
1048.005	0.8	NonTarget	1	209601
1048.09	0.8	NonTarget	1	209618
1048.17	0.8	NonTarget	1	209634
1048.255	0.8	NonTarget	1	209651
1048.34	0.8	NonTarget	1	209668
1048.42	0.8	NonTarget	1	209684
1048.505	0.8	NonTarget	1	209701
1048.59	0.8	NonTarget	1	209718
1048.67	0.8	NonTarget	1	209734
1048.755	0.8	NonTarget	1	209751
1048.84	0.8	NonTarget	1	209768
1048.925	0.8	NonTarget	1	209785
1049.005	0.8	NonTarget	1	209801
1049.09	0.8	NonTarget	1	209818
1049.49	0.8	NonTarget	1	209898
1049.575	0.8	NonTarget	1	209915
1049.655	0.8	NonTarget	1	209931
1049.74	0.8	NonTarget	1	209948
1049.825	0.8	NonTarget	1	209965
1049.905	0.8	NonTarget	1	209981
1049.99	0.8	NonTarget	1	209998
1050.075	0.8	NonTarget	1	210015
1050.155	0.8	NonTarget	1	210031
1050.24	0.8	NonTarget	1	210048
1050.325	0.8	NonTarget	1	210065
1050.41	0.8	NonTarget	1	210082
1050.495	0.8	NonTarget	1	210099
1050.575	0.8	NonTarget	1	210115
1050.66	0.8	NonTarget	1	210132
1050.745	0.8	NonTarget	1	210149
1050.825	0.8	NonTarget	1	210165
1050.91	0.8	NonTarget	1	210182
1050.99	0.8	Target	2	210198
1051.075	0.8	NonTarget	1	210215
1051.16	0.8	NonTarget	1	210232
1051.24	0.8	NonTarget	1	210248
1051.325	0.8	NonTarget	1	210265
1051.41	0.8	NonTarget	1	210282
1051.49	0.8	NonTarget	1	210298
1051.575	0.8	NonTarget	1	210315
1051.66	0.8	NonTarget	1	210332
1051.745	0.8	NonTarget	1	210349
1051.825	0.8	NonTarget	1	210365
1051.91	0.8	NonTarget	1	210382
1052.31	0.8	NonTarget	1	210462
1052.395	0.8	NonTarget	1	210479
1052.48	0.8	NonTarget	1	210496
1052.56	0.8	Target	2	210512
1052.645	0.8	NonTarget	1	210529
1052.725	0.8	NonTarget	1	210545
1052.81	0.8	NonTarget	1	210562
1052.895	0.8	NonTarget	1	210579
1052.98	0.8	NonTarget	1	210596
1053.065	0.8	NonTarget	1	210613
1053.145	0.8	NonTarget	1	210629
1053.23	0.8	NonTarget	1	210646
1053.31	0.8	NonTarget	1	210662
1053.395	0.8	NonTarget	1	210679
1053.48	0.8	NonTarget	1	210696
1053.56	0.8	NonTarget	1	210712
1053.645	0.8	NonTarget	1	210729
1053.73	0.8	NonTarget	1	210746
1053.815	0.8	NonTarget	1	210763
1053.895	0.8	NonTarget	1	210779
1053.98	0.8	NonTarget	1	210796
1054.065	0.8	NonTarget	1	210813
1054.145	0.8	NonTarget	1	210829
1054.23	0.8	NonTarget	1	210846
1054.31	0.8	NonTarget	1	210862
1054.395	0.8	NonTarget	1	210879
1054.48	0.8	NonTarget	1	210896
1054.565	0.8	NonTarget	1	210913
1054.65	0.8	NonTarget	1	210930
1054.73	0.8	NonTarget	1	210946
1064.685	0.8	NonTarget	1	212937
1064.76	0.8	NonTarget	1	212952
1064.845	0.8	Target	2	212969
1064.93	0.8	NonTarget	1	212986
1065.01	0.8	NonTarget	1	213002
1065.095	0.8	NonTarget	1	213019
1065.18	0.8	NonTarget	1	213036
1065.265	0.8	NonTarget	1	213053
1065.345	0.8	NonTarget	1	213069
1065.43	0.8	NonTarget	1	213086
1065.515	0.8	NonTarget	1	213103
1065.595	0.8	NonTarget	1	213119
1065.68	0.8	NonTarget	1	213136
1065.765	0.8	NonTarget	1	213153
1065.845	0.8	NonTarget	1	213169
1065.93	0.8	NonTarget	1	213186
1066.015	0.8	NonTarget	1	213203
1066.095	0.8	NonTarget	1	213219
1066.18	0.8	NonTarget	1	213236
1066.265	0.8	NonTarget	1	213253
1066.345	0.8	NonTarget	1	213269
1066.43	0.8	NonTarget	1	213286
1066.515	0.8	NonTarget	1	213303
1066.6	0.8	NonTarget	1	213320
1066.68	0.8	NonTarget	1	213336
1066.765	0.8	NonTarget	1	213353
1066.845	0.8	NonTarget	1	213369
1066.93	0.8	NonTarget	1	213386
1067.015	0.8	NonTarget	1	213403
1067.1	0.8	NonTarget	1	213420
1067.5	0.8	NonTarget	1	213500
1067.585	0.8	NonTarget	1	213517
1067.665	0.8	Target	2	213533
1067.75	0.8	NonTarget	1	213550
1067.835	0.8	NonTarget	1	213567
1067.915	0.8	NonTarget	1	213583
1068.0	0.8	NonTarget	1	213600
1068.085	0.8	NonTarget	1	213617
1068.165	0.8	NonTarget	1	213633
1068.25	0.8	NonTarget	1	213650
1068.335	0.8	NonTarget	1	213667
1068.415	0.8	NonTarget	1	213683
1068.5	0.8	NonTarget	1	213700
1068.585	0.8	NonTarget	1	213717
1068.665	0.8	NonTarget	1	213733
1068.75	0.8	NonTarget	1	213750
1068.835	0.8	NonTarget	1	213767
1068.915	0.8	NonTarget	1	213783
1069.0	0.8	NonTarget	1	213800
1069.085	0.8	NonTarget	1	213817
1069.17	0.8	NonTarget	1	213834
1069.25	0.8	NonTarget	1	213850
1069.335	0.8	NonTarget	1	213867
1069.42	0.8	NonTarget	1	213884
1069.5	0.8	NonTarget	1	213900
1069.585	0.8	NonTarget	1	213917
1069.67	0.8	NonTarget	1	213934
1069.755	0.8	NonTarget	1	213951
1069.835	0.8	NonTarget	1	213967
1069.92	0.8	NonTarget	1	213984
1070.32	0.8	NonTarget	1	214064
1070.405	0.8	NonTarget	1	214081
1070.485	0.8	Target	2	214097
1070.57	0.8	NonTarget	1	214114
1070.655	0.8	NonTarget	1	214131
1070.735	0.8	NonTarget	1	214147
1070.82	0.8	NonTarget	1	214164
1070.905	0.8	NonTarget	1	214181
1070.985	0.8	NonTarget	1	214197
1071.07	0.8	NonTarget	1	214214
1071.155	0.8	NonTarget	1	214231
1071.235	0.8	NonTarget	1	214247
1071.32	0.8	NonTarget	1	214264
1071.405	0.8	NonTarget	1	214281
1071.49	0.8	NonTarget	1	214298
1071.57	0.8	NonTarget	1	214314
1071.655	0.8	NonTarget	1	214331
1071.74	0.8	NonTarget	1	214348
1071.825	0.8	NonTarget	1	214365
1071.905	0.8	NonTarget	1	214381
1071.99	0.8	NonTarget	1	214398
1072.07	0.8	NonTarget	1	214414
1072.155	0.8	NonTarget	1	214431
1072.24	0.8	NonTarget	1	214448
1072.32	0.8	NonTarget	1	214464
1072.405	0.8	NonTarget	1	214481
1072.49	0.8	NonTarget	1	214498
1072.575	0.8	NonTarget	1	214515
1072.66	0.8	NonTarget	1	214532
1072.74	0.8	NonTarget	1	214548
1073.14	0.8	NonTarget	1	214628
1073.225	0.8	NonTarget	1	214645
1073.305	0.8	NonTarget	1	214661
1073.39	0.8	NonTarget	1	214678
1073.475	0.8	NonTarget	1	214695
1073.555	0.8	NonTarget	1	214711
1073.64	0.8	NonTarget	1	214728
1073.725	0.8	Target	2	214745
1073.81	0.8	NonTarget	1	214762
1073.89	0.8	NonTarget	1	214778
1073.975	0.8	NonTarget	1	214795
1074.06	0.8	NonTarget	1	214812
1074.14	0.8	NonTarget	1	214828
1074.225	0.8	NonTarget	1	214845
1074.31	0.8	NonTarget	1	214862
1074.39	0.8	NonTarget	1	214878
1074.475	0.8	NonTarget	1	214895
1074.56	0.8	NonTarget	1	214912
1074.64	0.8	NonTarget	1	214928
1074.725	0.8	NonTarget	1	214945
1074.81	0.8	NonTarget	1	214962
1074.895	0.8	NonTarget	1	214979
1074.975	0.8	NonTarget	1	214995
1075.06	0.8	NonTarget	1	215012
1075.145	0.8	NonTarget	1	215029
1075.225	0.8	NonTarget	1	215045
1075.31	0.8	NonTarget	1	215062
1075.395	0.8	NonTarget	1	215079
1075.475	0.8	NonTarget	1	215095
1075.56	0.8	NonTarget	1	215112
1075.96	0.8	NonTarget	1	215192
1076.045	0.8	NonTarget	1	215209
1076.13	0.8	NonTarget	1	215226
1076.21	0.8	NonTarget	1	215242
1076.295	0.8	NonTarget	1	215259
1076.38	0.8	NonTarget	1	215276
1076.46	0.8	NonTarget	1	215292
1076.545	0.8	Target	2	215309
1076.63	0.8	NonTarget	1	215326
1076.71	0.8	NonTarget	1	215342
1076.795	0.8	NonTarget	1	215359
1076.88	0.8	NonTarget	1	215376
1076.96	0.8	NonTarget	1	215392
1077.045	0.8	NonTarget	1	215409
1077.13	0.8	NonTarget	1	215426
1077.21	0.8	NonTarget	1	215442
1077.295	0.8	NonTarget	1	215459
1077.38	0.8	NonTarget	1	215476
1077.465	0.8	NonTarget	1	215493
1077.545	0.8	NonTarget	1	215509
1077.63	0.8	NonTarget	1	215526
1077.715	0.8	NonTarget	1	215543
1077.795	0.8	NonTarget	1	215559
1077.88	0.8	NonTarget	1	215576
1077.965	0.8	NonTarget	1	215593
1078.045	0.8	NonTarget	1	215609
1078.13	0.8	NonTarget	1	215626
1078.215	0.8	NonTarget	1	215643
1078.3	0.8	NonTarget	1	215660
1078.38	0.8	NonTarget	1	215676
1078.78	0.8	NonTarget	1	215756
1078.865	0.8	NonTarget	1	215773
1078.95	0.8	Target	2	215790
1079.03	0.8	NonTarget	1	215806
1079.115	0.8	NonTarget	1	215823
1079.2	0.8	NonTarget	1	215840
1079.28	0.8	NonTarget	1	215856
1079.365	0.8	NonTarget	1	215873
1079.45	0.8	NonTarget	1	215890
1079.535	0.8	NonTarget	1	215907
1079.615	0.8	NonTarget	1	215923
1079.7	0.8	NonTarget	1	215940
1079.785	0.8	NonTarget	1	215957
1079.865	0.8	NonTarget	1	215973
1079.95	0.8	NonTarget	1	215990
1080.03	0.8	NonTarget	1	216006
1080.115	0.8	NonTarget	1	216023
1080.2	0.8	NonTarget	1	216040
1080.285	0.8	NonTarget	1	216057
1080.365	0.8	NonTarget	1	216073
1080.45	0.8	NonTarget	1	216090
1080.535	0.8	NonTarget	1	216107
1080.62	0.8	NonTarget	1	216124
1080.7	0.8	NonTarget	1	216140
1080.785	0.8	NonTarget	1	216157
1080.87	0.8	NonTarget	1	216174
1080.95	0.8	NonTarget	1	216190
1081.035	0.8	NonTarget	1	216207
1081.12	0.8	NonTarget	1	216224
1081.2	0.8	NonTarget	1	216240
1081.6	0.8	NonTarget	1	216320
1081.685	0.8	NonTarget	1	216337
1081.77	0.8	NonTarget	1	216354
1081.855	0.8	NonTarget	1	216371
1081.935	0.8	NonTarget	1	216387
1082.02	0.8	NonTarget	1	216404
1082.1	0.8	NonTarget	1	216420
1082.185	0.8	NonTarget	1	216437
1082.27	0.8	NonTarget	1	216454
1082.355	0.8	NonTarget	1	216471
1082.435	0.8	NonTarget	1	216487
1082.52	0.8	NonTarget	1	216504
1082.605	0.8	NonTarget	1	216521
1082.685	0.8	NonTarget	1	216537
1082.77	0.8	NonTarget	1	216554
1082.855	0.8	NonTarget	1	216571
1082.94	0.8	NonTarget	1	216588
1083.02	0.8	NonTarget	1	216604
1083.105	0.8	NonTarget	1	216621
1083.19	0.8	NonTarget	1	216638
1083.27	0.8	NonTarget	1	216654
1083.355	0.8	NonTarget	1	216671
1083.44	0.8	Target	2	216688
1083.52	0.8	NonTarget	1	216704
1083.605	0.8	NonTarget	1	216721
1083.69	0.8	NonTarget	1	216738
1083.77	0.8	NonTarget	1	216754
1083.855	0.8	NonTarget	1	216771
1083.94	0.8	NonTarget	1	216788
1084.025	0.8	NonTarget	1	216805
1084.42	0.8	NonTarget	1	216884
1084.505	0.8	NonTarget	1	216901
1084.59	0.8	NonTarget	1	216918
1084.675	0.8	NonTarget	1	216935
1084.755	0.8	NonTarget	1	216951
1084.84	0.8	NonTarget	1	216968
1084.925	0.8	NonTarget	1	216985
1085.01	0.8	NonTarget	1	217002
1085.09	0.8	NonTarget	1	217018
1085.175	0.8	NonTarget	1	217035
1085.26	0.8	NonTarget	1	217052
1085.34	0.8	NonTarget	1	217068
1085.425	0.8	NonTarget	1	217085
1085.51	0.8	NonTarget	1	217102
1085.59	0.8	NonTarget	1	217118
1085.675	0.8	NonTarget	1	217135
1085.76	0.8	NonTarget	1	217152
1085.84	0.8	NonTarget	1	217168
1085.925	0.8	NonTarget	1	217185
1086.01	0.8	NonTarget	1	217202
1086.09	0.8	NonTarget	1	217218
1086.175	0.8	NonTarget	1	217235
1086.26	0.8	Target	2	217252
1086.345	0.8	NonTarget	1	217269
1086.425	0.8	NonTarget	1	217285
1086.51	0.8	NonTarget	1	217302
1086.595	0.8	NonTarget	1	217319
1086.675	0.8	NonTarget	1	217335
1086.76	0.8	NonTarget	1	217352
1086.845	0.8	NonTarget	1	217369
1087.245	0.8	NonTarget	1	217449
1087.33	0.8	NonTarget	1	217466
1087.41	0.8	NonTarget	1	217482
1087.495	0.8	NonTarget	1	217499
1087.575	0.8	NonTarget	1	217515
1087.66	0.8	NonTarget	1	217532
1087.745	0.8	NonTarget	1	217549
1087.83	0.8	NonTarget	1	217566
1087.91	0.8	NonTarget	1	217582
1087.995	0.8	NonTarget	1	217599
1088.08	0.8	NonTarget	1	217616
1088.16	0.8	NonTarget	1	217632
1088.245	0.8	NonTarget	1	217649
1088.33	0.8	NonTarget	1	217666
1088.415	0.8	NonTarget	1	217683
1088.495	0.8	NonTarget	1	217699
1088.58	0.8	NonTarget	1	217716
1088.66	0.8	NonTarget	1	217732
1088.745	0.8	NonTarget	1	217749
1088.83	0.8	NonTarget	1	217766
1088.91	0.8	NonTarget	1	217782
1088.995	0.8	NonTarget	1	217799
1089.08	0.8	NonTarget	1	217816
1089.165	0.8	NonTarget	1	217833
1089.245	0.8	NonTarget	1	217849
1089.33	0.8	NonTarget	1	217866
1089.415	0.8	NonTarget	1	217883
1089.495	0.8	Target	2	217899
1089.58	0.8	NonTarget	1	217916
1089.665	0.8	NonTarget	1	217933
1090.065	0.8	NonTarget	1	218013
1090.15	0.8	NonTarget	1	218030
1090.23	0.8	NonTarget	1	218046
1090.315	0.8	NonTarget	1	218063
1090.4	0.8	NonTarget	1	218080
1090.48	0.8	NonTarget	1	218096
1090.565	0.8	NonTarget	1	218113
1090.65	0.8	Target	2	218130
1090.73	0.8	NonTarget	1	218146
1090.815	0.8	NonTarget	1	218163
1090.9	0.8	NonTarget	1	218180
1090.98	0.8	NonTarget	1	218196
1091.065	0.8	NonTarget	1	218213
1091.15	0.8	NonTarget	1	218230
1091.235	0.8	NonTarget	1	218247
1091.315	0.8	NonTarget	1	218263
1091.4	0.8	NonTarget	1	218280
1091.485	0.8	NonTarget	1	218297
1091.565	0.8	NonTarget	1	218313
1091.65	0.8	NonTarget	1	218330
1091.735	0.8	NonTarget	1	218347
1091.815	0.8	NonTarget	1	218363
1091.9	0.8	NonTarget	1	218380
1091.985	0.8	NonTarget	1	218397
1092.07	0.8	NonTarget	1	218414
1092.15	0.8	NonTarget	1	218430
1092.235	0.8	NonTarget	1	218447
1092.315	0.8	NonTarget	1	218463
1092.4	0.8	NonTarget	1	218480
1092.485	0.8	NonTarget	1	218497
1102.435	0.8	NonTarget	1	220487
1102.515	0.8	NonTarget	1	220503
1102.6	0.8	NonTarget	1	220520
1102.68	0.8	NonTarget	1	220536
1102.765	0.8	NonTarget	1	220553
1102.85	0.8	NonTarget	1	220570
1102.935	0.8	NonTarget	1	220587
1103.015	0.8	NonTarget	1	220603
1103.1	0.8	NonTarget	1	220620
1103.185	0.8	NonTarget	1	220637
1103.265	0.8	NonTarget	1	220653
1103.35	0.8	NonTarget	1	220670
1103.435	0.8	NonTarget	1	220687
1103.515	0.8	NonTarget	1	220703
1103.6	0.8	NonTarget	1	220720
1103.685	0.8	NonTarget	1	220737
1103.765	0.8	NonTarget	1	220753
1103.85	0.8	NonTarget	1	220770
1103.935	0.8	NonTarget	1	220787
1104.015	0.8	NonTarget	1	220803
1104.1	0.8	NonTarget	1	220820
1104.185	0.8	NonTarget	1	220837
1104.265	0.8	NonTarget	1	220853
1104.35	0.8	NonTarget	1	220870
1104.435	0.8	NonTarget	1	220887
1104.515	0.8	NonTarget	1	220903
1104.6	0.8	NonTarget	1	220920
1104.685	0.8	Target	2	220937
1104.77	0.8	NonTarget	1	220954
1104.85	0.8	NonTarget	1	220970
1105.25	0.8	NonTarget	1	221050
1105.335	0.8	NonTarget	1	221067
1105.42	0.8	NonTarget	1	221084
1105.505	0.8	NonTarget	1	221101
1105.585	0.8	NonTarget	1	221117
1105.67	0.8	NonTarget	1	221134
1105.755	0.8	NonTarget	1	221151
1105.835	0.8	NonTarget	1	221167
1105.92	0.8	NonTarget	1	221184
1106.005	0.8	NonTarget	1	221201
1106.085	0.8	NonTarget	1	221217
1106.17	0.8	NonTarget	1	221234
1106.255	0.8	NonTarget	1	221251
1106.335	0.8	NonTarget	1	221267
1106.42	0.8	NonTarget	1	221284
1106.505	0.8	NonTarget	1	221301
1106.585	0.8	NonTarget	1	221317
1106.67	0.8	Target	2	221334
1106.755	0.8	NonTarget	1	221351
1106.84	0.8	NonTarget	1	221368
1106.92	0.8	NonTarget	1	221384
1107.005	0.8	NonTarget	1	221401
1107.09	0.8	NonTarget	1	221418
1107.175	0.8	NonTarget	1	221435
1107.255	0.8	NonTarget	1	221451
1107.34	0.8	NonTarget	1	221468
1107.42	0.8	NonTarget	1	221484
1107.505	0.8	NonTarget	1	221501
1107.59	0.8	NonTarget	1	221518
1107.67	0.8	NonTarget	1	221534
1108.075	0.8	NonTarget	1	221615
1108.155	0.8	NonTarget	1	221631
1108.24	0.8	NonTarget	1	221648
1108.325	0.8	NonTarget	1	221665
1108.405	0.8	NonTarget	1	221681
1108.49	0.8	NonTarget	1	221698
1108.575	0.8	NonTarget	1	221715
1108.655	0.8	NonTarget	1	221731
1108.74	0.8	NonTarget	1	221748
1108.825	0.8	NonTarget	1	221765
1108.905	0.8	NonTarget	1	221781
1108.99	0.8	NonTarget	1	221798
1109.075	0.8	NonTarget	1	221815
1109.16	0.8	NonTarget	1	221832
1109.24	0.8	NonTarget	1	221848
1109.325	0.8	NonTarget	1	221865
1109.41	0.8	NonTarget	1	221882
1109.49	0.8	NonTarget	1	221898
1109.575	0.8	NonTarget	1	221915
1109.66	0.8	NonTarget	1	221932
1109.74	0.8	NonTarget	1	221948
1109.825	0.8	NonTarget	1	221965
1109.91	0.8	Target	2	221982
1109.99	0.8	NonTarget	1	221998
1110.075	0.8	NonTarget	1	222015
1110.16	0.8	NonTarget	1	222032
1110.245	0.8	NonTarget	1	222049
1110.325	0.8	NonTarget	1	222065
1110.41	0.8	NonTarget	1	222082
1110.495	0.8	NonTarget	1	222099
1110.89	0.8	NonTarget	1	222178
1110.975	0.8	NonTarget	1	222195
1111.06	0.8	NonTarget	1	222212
1111.145	0.8	NonTarget	1	222229
1111.23	0.8	NonTarget	1	222246
1111.31	0.8	NonTarget	1	222262
1111.395	0.8	NonTarget	1	222279
1111.475	0.8	NonTarget	1	222295
1111.56	0.8	NonTarget	1	222312
1111.645	0.8	NonTarget	1	222329
1111.73	0.8	NonTarget	1	222346
1111.81	0.8	NonTarget	1	222362
1111.895	0.8	Target	2	222379
1111.98	0.8	NonTarget	1	222396
1112.06	0.8	NonTarget	1	222412
1112.145	0.8	NonTarget	1	222429
1112.23	0.8	NonTarget	1	222446
1112.31	0.8	NonTarget	1	222462
1112.395	0.8	NonTarget	1	222479
1112.48	0.8	NonTarget	1	222496
1112.565	0.8	NonTarget	1	222513
1112.645	0.8	NonTarget	1	222529
1112.73	0.8	NonTarget	1	222546
1112.815	0.8	NonTarget	1	222563
1112.895	0.8	NonTarget	1	222579
1112.98	0.8	NonTarget	1	222596
1113.06	0.8	NonTarget	1	222612
1113.15	0.8	NonTarget	1	222630
1113.23	0.8	NonTarget	1	222646
1113.315	0.8	NonTarget	1	222663
1113.715	0.8	NonTarget	1	222743
1113.795	0.8	NonTarget	1	222759
1113.88	0.8	NonTarget	1	222776
1113.965	0.8	NonTarget	1	222793
1114.05	0.8	NonTarget	1	222810
1114.13	0.8	NonTarget	1	222826
1114.215	0.8	NonTarget	1	222843
1114.3	0.8	NonTarget	1	222860
1114.385	0.8	NonTarget	1	222877
1114.465	0.8	NonTarget	1	222893
1114.55	0.8	NonTarget	1	222910
1114.63	0.8	NonTarget	1	222926
1114.715	0.8	NonTarget	1	222943
1114.8	0.8	NonTarget	1	222960
1114.885	0.8	NonTarget	1	222977
1114.965	0.8	NonTarget	1	222993
1115.05	0.8	NonTarget	1	223010
1115.135	0.8	NonTarget	1	223027
1115.22	0.8	NonTarget	1	223044
1115.3	0.8	NonTarget	1	223060
1115.385	0.8	NonTarget	1	223077
1115.465	0.8	NonTarget	1	223093
1115.55	0.8	NonTarget	1	223110
1115.635	0.8	NonTarget	1	223127
1115.72	0.8	NonTarget	1	223144
1115.8	0.8	NonTarget	1	223160
1115.885	0.8	NonTarget	1	223177
1115.97	0.8	Target	2	223194
1116.05	0.8	NonTarget	1	223210
1116.135	0.8	NonTarget	1	223227
1116.535	0.8	NonTarget	1	223307
1116.62	0.8	NonTarget	1	223324
1116.705	0.8	NonTarget	1	223341
1116.785	0.8	NonTarget	1	223357
1116.87	0.8	NonTarget	1	223374
1116.95	0.8	NonTarget	1	223390
1117.035	0.8	NonTarget	1	223407
1117.12	0.8	NonTarget	1	223424
1117.205	0.8	NonTarget	1	223441
1117.285	0.8	NonTarget	1	223457
1117.37	0.8	NonTarget	1	223474
1117.455	0.8	NonTarget	1	223491
1117.535	0.8	NonTarget	1	223507
1117.62	0.8	NonTarget	1	223524
1117.705	0.8	NonTarget	1	223541
1117.79	0.8	NonTarget	1	223558
1117.87	0.8	NonTarget	1	223574
1117.955	0.8	NonTarget	1	223591
1118.035	0.8	NonTarget	1	223607
1118.12	0.8	NonTarget	1	223624
1118.205	0.8	NonTarget	1	223641
1118.285	0.8	NonTarget	1	223657
1118.37	0.8	Target	2	223674
1118.455	0.8	NonTarget	1	223691
1118.535	0.8	NonTarget	1	223707
1118.62	0.8	NonTarget	1	223724
1118.705	0.8	NonTarget	1	223741
1118.79	0.8	NonTarget	1	223758
1118.87	0.8	NonTarget	1	223774
1118.955	0.8	NonTarget	1	223791
1119.355	0.8	NonTarget	1	223871
1119.44	0.8	NonTarget	1	223888
1119.52	0.8	NonTarget	1	223904
1119.605	0.8	NonTarget	1	223921
1119.69	0.8	NonTarget	1	223938
1119.77	0.8	NonTarget	1	223954
1119.855	0.8	NonTarget	1	223971
1119.94	0.8	NonTarget	1	223988
1120.025	0.8	NonTarget	1	224005
1120.105	0.8	NonTarget	1	224021
1120.19	0.8	NonTarget	1	224038
1120.275	0.8	NonTarget	1	224055
1120.355	0.8	NonTarget	1	224071
1120.44	0.8	NonTarget	1	224088
1120.525	0.8	NonTarget	1	224105
1120.605	0.8	NonTarget	1	224121
1120.69	0.8	NonTarget	1	224138
1120.775	0.8	NonTarget	1	224155
1120.86	0.8	NonTarget	1	224172
1120.94	0.8	NonTarget	1	224188
1121.025	0.8	NonTarget	1	224205
1121.11	0.8	NonTarget	1	224222
1121.19	0.8	NonTarget	1	224238
1121.275	0.8	NonTarget	1	224255
1121.36	0.8	NonTarget	1	224272
1121.445	0.8	NonTarget	1	224289
1121.525	0.8	NonTarget	1	224305
1121.61	0.8	Target	2	224322
1121.695	0.8	NonTarget	1	224339
1121.775	0.8	NonTarget	1	224355
1122.175	0.8	NonTarget	1	224435
1122.26	0.8	NonTarget	1	224452
1122.345	0.8	NonTarget	1	224469
1122.43	0.8	NonTarget	1	224486
1122.51	0.8	NonTarget	1	224502
1122.595	0.8	NonTarget	1	224519
1122.675	0.8	NonTarget	1	224535
1122.76	0.8	NonTarget	1	224552
1122.845	0.8	NonTarget	1	224569
1122.93	0.8	NonTarget	1	224586
1123.01	0.8	NonTarget	1	224602
1123.095	0.8	NonTarget	1	224619
1123.175	0.8	NonTarget	1	224635
1123.26	0.8	NonTarget	1	224652
1123.345	0.8	NonTarget	1	224669
1123.43	0.8	NonTarget	1	224686
1123.51	0.8	NonTarget	1	224702
1123.595	0.8	NonTarget	1	224719
1123.68	0.8	NonTarget	1	224736
1123.76	0.8	NonTarget	1	224752
1123.845	0.8	NonTarget	1	224769
1123.93	0.8	NonTarget	1	224786
1124.015	0.8	Target	2	224803
1124.095	0.8	NonTarget	1	224819
1124.18	0.8	NonTarget	1	224836
1124.265	0.8	NonTarget	1	224853
1124.345	0.8	NonTarget	1	224869
1124.43	0.8	NonTarget	1	224886
1124.515	0.8	NonTarget	1	224903
1124.595	0.8	NonTarget	1	224919
1124.995	0.8	NonTarget	1	224999
1125.08	0.8	NonTarget	1	225016
1125.165	0.8	NonTarget	1	225033
1125.25	0.8	NonTarget	1	225050
1125.33	0.8	NonTarget	1	225066
1125.415	0.8	NonTarget	1	225083
1125.5	0.8	NonTarget	1	225100
1125.58	0.8	Target	2	225116
1125.665	0.8	NonTarget	1	225133
1125.75	0.8	NonTarget	1	225150
1125.83	0.8	NonTarget	1	225166
1125.915	0.8	NonTarget	1	225183
1126.0	0.8	NonTarget	1	225200
1126.08	0.8	NonTarget	1	225216
1126.165	0.8	NonTarget	1	225233
1126.25	0.8	NonTarget	1	225250
1126.33	0.8	NonTarget	1	225266
1126.415	0.8	NonTarget	1	225283
1126.5	0.8	NonTarget	1	225300
1126.585	0.8	NonTarget	1	225317
1126.665	0.8	NonTarget	1	225333
1126.75	0.8	NonTarget	1	225350
1126.835	0.8	NonTarget	1	225367
1126.915	0.8	NonTarget	1	225383
1127.0	0.8	NonTarget	1	225400
1127.085	0.8	NonTarget	1	225417
1127.17	0.8	NonTarget	1	225434
1127.25	0.8	NonTarget	1	225450
1127.335	0.8	NonTarget	1	225467
1127.415	0.8	NonTarget	1	225483
1127.815	0.8	NonTarget	1	225563
1127.9	0.8	NonTarget	1	225580
1127.985	0.8	NonTarget	1	225597
1128.07	0.8	NonTarget	1	225614
1128.15	0.8	NonTarget	1	225630
1128.235	0.8	NonTarget	1	225647
1128.32	0.8	NonTarget	1	225664
1128.405	0.8	Target	2	225681
1128.485	0.8	NonTarget	1	225697
1128.57	0.8	NonTarget	1	225714
1128.65	0.8	NonTarget	1	225730
1128.735	0.8	NonTarget	1	225747
1128.82	0.8	NonTarget	1	225764
1128.905	0.8	NonTarget	1	225781
1128.985	0.8	NonTarget	1	225797
1129.07	0.8	NonTarget	1	225814
1129.155	0.8	NonTarget	1	225831
1129.235	0.8	NonTarget	1	225847
1129.32	0.8	NonTarget	1	225864
1129.405	0.8	NonTarget	1	225881
1129.485	0.8	NonTarget	1	225897
1129.57	0.8	NonTarget	1	225914
1129.655	0.8	NonTarget	1	225931
1129.74	0.8	NonTarget	1	225948
1129.82	0.8	NonTarget	1	225964
1129.905	0.8	NonTarget	1	225981
1129.99	0.8	NonTarget	1	225998
1130.07	0.8	NonTarget	1	226014
1130.155	0.8	NonTarget	1	226031
1130.235	0.8	NonTarget	1	226047
1140.205	0.8	NonTarget	1	228041
1140.285	0.8	NonTarget	1	228057
1140.37	0.8	NonTarget	1	228074
1140.45	0.8	NonTarget	1	228090
1140.535	0.8	NonTarget	1	228107
1140.62	0.8	NonTarget	1	228124
1140.705	0.8	NonTarget	1	228141
1140.785	0.8	NonTarget	1	228157
1140.87	0.8	NonTarget	1	228174
1140.955	0.8	NonTarget	1	228191
1141.035	0.8	NonTarget	1	228207
1141.12	0.8	NonTarget	1	228224
1141.205	0.8	NonTarget	1	228241
1141.285	0.8	NonTarget	1	228257
1141.37	0.8	NonTarget	1	228274
1141.455	0.8	NonTarget	1	228291
1141.54	0.8	NonTarget	1	228308
1141.62	0.8	NonTarget	1	228324
1141.705	0.8	NonTarget	1	228341
1141.79	0.8	Target	2	228358
1141.87	0.8	NonTarget	1	228374
1141.955	0.8	NonTarget	1	228391
1142.04	0.8	NonTarget	1	228408
1142.12	0.8	NonTarget	1	228424
1142.205	0.8	NonTarget	1	228441
1142.29	0.8	NonTarget	1	228458
1142.37	0.8	NonTarget	1	228474
1142.455	0.8	NonTarget	1	228491
1142.54	0.8	NonTarget	1	228508
1142.62	0.8	NonTarget	1	228524
1143.02	0.8	NonTarget	1	228604
1143.105	0.8	NonTarget	1	228621
1143.19	0.8	NonTarget	1	228638
1143.275	0.8	NonTarget	1	228655
1143.355	0.8	NonTarget	1	228671
1143.44	0.8	NonTarget	1	228688
1143.525	0.8	NonTarget	1	228705
1143.605	0.8	NonTarget	1	228721
1143.69	0.8	NonTarget	1	228738
1143.775	0.8	Target	2	228755
1143.855	0.8	NonTarget	1	228771
1143.94	0.8	NonTarget	1	228788
1144.025	0.8	NonTarget	1	228805
1144.11	0.8	NonTarget	1	228822
1144.19	0.8	NonTarget	1	228838
1144.275	0.8	NonTarget	1	228855
1144.36	0.8	NonTarget	1	228872
1144.44	0.8	NonTarget	1	228888
1144.525	0.8	NonTarget	1	228905
1144.605	0.8	NonTarget	1	228921
1144.69	0.8	NonTarget	1	228938
1144.775	0.8	NonTarget	1	228955
1144.86	0.8	NonTarget	1	228972
1144.94	0.8	NonTarget	1	228988
1145.025	0.8	NonTarget	1	229005
1145.11	0.8	NonTarget	1	229022
1145.195	0.8	NonTarget	1	229039
1145.275	0.8	NonTarget	1	229055
1145.36	0.8	NonTarget	1	229072
1145.44	0.8	NonTarget	1	229088
1145.845	0.8	NonTarget	1	229169
1145.925	0.8	NonTarget	1	229185
1146.01	0.8	NonTarget	1	229202
1146.095	0.8	NonTarget	1	229219
1146.175	0.8	NonTarget	1	229235
1146.26	0.8	NonTarget	1	229252
1146.345	0.8	NonTarget	1	229269
1146.43	0.8	NonTarget	1	229286
1146.51	0.8	NonTarget	1	229302
1146.595	0.8	NonTarget	1	229319
1146.68	0.8	NonTarget	1	229336
1146.76	0.8	NonTarget	1	229352
1146.845	0.8	NonTarget	1	229369
1146.93	0.8	NonTarget	1	229386
1147.01	0.8	NonTarget	1	229402
1147.095	0.8	NonTarget	1	229419
1147.18	0.8	NonTarget	1	229436
1147.265	0.8	NonTarget	1	229453
1147.345	0.8	NonTarget	1	229469
1147.43	0.8	Target	2	229486
1147.515	0.8	NonTarget	1	229503
1147.595	0.8	NonTarget	1	229519
1147.68	0.8	NonTarget	1	229536
1147.765	0.8	NonTarget	1	229553
1147.845	0.8	NonTarget	1	229569
1147.93	0.8	NonTarget	1	229586
1148.015	0.8	NonTarget	1	229603
1148.095	0.8	NonTarget	1	229619
1148.18	0.8	NonTarget	1	229636
1148.265	0.8	NonTarget	1	229653
1148.665	0.8	NonTarget	1	229733
1148.745	0.8	NonTarget	1	229749
1148.83	0.8	NonTarget	1	229766
1148.915	0.8	NonTarget	1	229783
1149.0	0.8	NonTarget	1	229800
1149.08	0.8	NonTarget	1	229816
1149.165	0.8	NonTarget	1	229833
1149.25	0.8	NonTarget	1	229850
1149.33	0.8	NonTarget	1	229866
1149.415	0.8	NonTarget	1	229883
1149.5	0.8	NonTarget	1	229900
1149.58	0.8	NonTarget	1	229916
1149.665	0.8	NonTarget	1	229933
1149.75	0.8	NonTarget	1	229950
1149.83	0.8	NonTarget	1	229966
1149.915	0.8	NonTarget	1	229983
1150.0	0.8	NonTarget	1	230000
1150.085	0.8	NonTarget	1	230017
1150.165	0.8	NonTarget	1	230033
1150.25	0.8	NonTarget	1	230050
1150.33	0.8	NonTarget	1	230066
1150.415	0.8	NonTarget	1	230083
1150.5	0.8	NonTarget	1	230100
1150.585	0.8	NonTarget	1	230117
1150.665	0.8	Target	2	230133
1150.75	0.8	NonTarget	1	230150
1150.835	0.8	NonTarget	1	230167
1150.92	0.8	NonTarget	1	230184
1151.0	0.8	NonTarget	1	230200
1151.085	0.8	NonTarget	1	230217
1151.485	0.8	NonTarget	1	230297
1151.57	0.8	NonTarget	1	230314
1151.65	0.8	NonTarget	1	230330
1151.735	0.8	NonTarget	1	230347
1151.82	0.8	NonTarget	1	230364
1151.9	0.8	NonTarget	1	230380
1151.985	0.8	NonTarget	1	230397
1152.07	0.8	NonTarget	1	230414
1152.15	0.8	NonTarget	1	230430
1152.235	0.8	NonTarget	1	230447
1152.32	0.8	NonTarget	1	230464
1152.4	0.8	NonTarget	1	230480
1152.485	0.8	NonTarget	1	230497
1152.57	0.8	NonTarget	1	230514
1152.65	0.8	NonTarget	1	230530
1152.735	0.8	NonTarget	1	230547
1152.82	0.8	NonTarget	1	230564
1152.905	0.8	NonTarget	1	230581
1152.985	0.8	NonTarget	1	230597
1153.07	0.8	NonTarget	1	230614
1153.155	0.8	NonTarget	1	230631
1153.235	0.8	NonTarget	1	230647
1153.32	0.8	NonTarget	1	230664
1153.405	0.8	NonTarget	1	230681
1153.49	0.8	NonTarget	1	230698
1153.57	0.8	NonTarget	1	230714
1153.655	0.8	NonTarget	1	230731
1153.74	0.8	NonTarget	1	230748
1153.82	0.8	NonTarget	1	230764
1153.905	0.8	Target	2	230781
1154.305	0.8	NonTarget	1	230861
1154.39	0.8	NonTarget	1	230878
1154.47	0.8	NonTarget	1	230894
1154.555	0.8	NonTarget	1	230911
1154.64	0.8	NonTarget	1	230928
1154.72	0.8	NonTarget	1	230944
1154.805	0.8	NonTarget	1	230961
1154.89	0.8	NonTarget	1	230978
1154.97	0.8	NonTarget	1	230994
1155.055	0.8	Target	2	231011
1155.14	0.8	NonTarget	1	231028
1155.225	0.8	NonTarget	1	231045
1155.305	0.8	NonTarget	1	231061
1155.39	0.8	NonTarget	1	231078
1155.475	0.8	NonTarget	1	231095
1155.555	0.8	NonTarget	1	231111
1155.64	0.8	NonTarget	1	231128
1155.725	0.8	NonTarget	1	231145
1155.805	0.8	NonTarget	1	231161
1155.89	0.8	NonTarget	1	231178
1155.975	0.8	NonTarget	1	231195
1156.055	0.8	NonTarget	1	231211
1156.14	0.8	NonTarget	1	231228
1156.225	0.8	NonTarget	1	231245
1156.31	0.8	NonTarget	1	231262
1156.39	0.8	NonTarget	1	231278
1156.475	0.8	NonTarget	1	231295
1156.56	0.8	NonTarget	1	231312
1156.645	0.8	NonTarget	1	231329
1156.725	0.8	NonTarget	1	231345
1157.125	0.8	NonTarget	1	231425
1157.21	0.8	NonTarget	1	231442
1157.295	0.8	NonTarget	1	231459
1157.375	0.8	NonTarget	1	231475
1157.46	0.8	NonTarget	1	231492
1157.545	0.8	NonTarget	1	231509
1157.625	0.8	NonTarget	1	231525
1157.71	0.8	NonTarget	1	231542
1157.795	0.8	NonTarget	1	231559
1157.875	0.8	NonTarget	1	231575
1157.96	0.8	NonTarget	1	231592
1158.045	0.8	NonTarget	1	231609
1158.125	0.8	NonTarget	1	231625
1158.21	0.8	NonTarget	1	231642
1158.295	0.8	Target	2	231659
1158.38	0.8	NonTarget	1	231676
1158.46	0.8	NonTarget	1	231692
1158.545	0.8	NonTarget	1	231709
1158.63	0.8	NonTarget	1	231726
1158.71	0.8	NonTarget	1	231742
1158.795	0.8	NonTarget	1	231759
1158.88	0.8	NonTarget	1	231776
1158.96	0.8	NonTarget	1	231792
1159.045	0.8	NonTarget	1	231809
1159.13	0.8	NonTarget	1	231826
1159.21	0.8	NonTarget	1	231842
1159.295	0.8	NonTarget	1	231859
1159.38	0.8	NonTarget	1	231876
1159.465	0.8	NonTarget	1	231893
1159.545	0.8	NonTarget	1	231909
1159.945	0.8	NonTarget	1	231989
1160.03	0.8	NonTarget	1	232006
1160.115	0.8	NonTarget	1	232023
1160.195	0.8	NonTarget	1	232039
1160.28	0.8	NonTarget	1	232056
1160.365	0.8	NonTarget	1	232073
1160.445	0.8	NonTarget	1	232089
1160.53	0.8	NonTarget	1	232106
1160.615	0.8	NonTarget	1	232123
1160.695	0.8	NonTarget	1	232139
1160.78	0.8	NonTarget	1	232156
1160.865	0.8	NonTarget	1	232173
1160.945	0.8	NonTarget	1	232189
1161.03	0.8	NonTarget	1	232206
1161.115	0.8	Target	2	232223
1161.2	0.8	NonTarget	1	232240
1161.28	0.8	NonTarget	1	232256
1161.365	0.8	NonTarget	1	232273
1161.45	0.8	NonTarget	1	232290
1161.535	0.8	NonTarget	1	232307
1161.615	0.8	NonTarget	1	232323
1161.7	0.8	NonTarget	1	232340
1161.785	0.8	NonTarget	1	232357
1161.865	0.8	NonTarget	1	232373
1161.95	0.8	NonTarget	1	232390
1162.035	0.8	NonTarget	1	232407
1162.115	0.8	NonTarget	1	232423
1162.2	0.8	NonTarget	1	232440
1162.285	0.8	NonTarget	1	232457
1162.365	0.8	NonTarget	1	232473
1162.765	0.8	NonTarget	1	232553
1162.85	0.8	NonTarget	1	232570
1162.935	0.8	NonTarget	1	232587
1163.02	0.8	NonTarget	1	232604
1163.105	0.8	Target	2	232621
1163.185	0.8	NonTarget	1	232637
1163.27	0.8	NonTarget	1	232654
1163.35	0.8	NonTarget	1	232670
1163.435	0.8	NonTarget	1	232687
1163.52	0.8	NonTarget	1	232704
1163.6	0.8	NonTarget	1	232720
1163.685	0.8	NonTarget	1	232737
1163.765	0.8	NonTarget	1	232753
1163.855	0.8	NonTarget	1	232771
1163.935	0.8	NonTarget	1	232787
1164.02	0.8	NonTarget	1	232804
1164.1	0.8	NonTarget	1	232820
1164.185	0.8	NonTarget	1	232837
1164.27	0.8	NonTarget	1	232854
1164.355	0.8	NonTarget	1	232871
1164.435	0.8	NonTarget	1	232887
1164.52	0.8	NonTarget	1	232904
1164.605	0.8	NonTarget	1	232921
1164.685	0.8	NonTarget	1	232937
1164.77	0.8	NonTarget	1	232954
1164.855	0.8	NonTarget	1	232971
1164.94	0.8	NonTarget	1	232988
1165.02	0.8	NonTarget	1	233004
1165.105	0.8	NonTarget	1	233021
1165.19	0.8	NonTarget	1	233038
1165.59	0.8	NonTarget	1	233118
1165.67	0.8	NonTarget	1	233134
1165.755	0.8	NonTarget	1	233151
1165.84	0.8	NonTarget	1	233168
1165.925	0.8	Target	2	233185
1166.005	0.8	NonTarget	1	233201
1166.09	0.8	NonTarget	1	233218
1166.17	0.8	NonTarget	1	233234
1166.255	0.8	NonTarget	1	233251
1166.34	0.8	NonTarget	1	233268
1166.425	0.8	NonTarget	1	233285
1166.505	0.8	NonTarget	1	233301
1166.59	0.8	NonTarget	1	233318
1166.675	0.8	NonTarget	1	233335
1166.755	0.8	NonTarget	1	233351
1166.84	0.8	NonTarget	1	233368
1166.925	0.8	NonTarget	1	233385
1167.005	0.8	NonTarget	1	233401
1167.09	0.8	NonTarget	1	233418
1167.175	0.8	NonTarget	1	233435
1167.255	0.8	NonTarget	1	233451
1167.34	0.8	NonTarget	1	233468
1167.425	0.8	NonTarget	1	233485
1167.51	0.8	NonTarget	1	233502
1167.59	0.8	NonTarget	1	233518
1167.675	0.8	NonTarget	1	233535
1167.76	0.8	NonTarget	1	233552
1167.84	0.8	NonTarget	1	233568
1167.925	0.8	NonTarget	1	233585
1168.01	0.8	NonTarget	1	233602
1177.945	0.8	NonTarget	1	235589
1178.02	0.8	NonTarget	1	235604
1178.105	0.8	NonTarget	1	235621
1178.19	0.8	NonTarget	1	235638
1178.275	0.8	NonTarget	1	235655
1178.355	0.8	NonTarget	1	235671
1178.44	0.8	NonTarget	1	235688
1178.525	0.8	NonTarget	1	235705
1178.605	0.8	NonTarget	1	235721
1178.69	0.8	NonTarget	1	235738
1178.775	0.8	NonTarget	1	235755
1178.855	0.8	NonTarget	1	235771
1178.94	0.8	NonTarget	1	235788
1179.025	0.8	NonTarget	1	235805
1179.11	0.8	NonTarget	1	235822
1179.19	0.8	NonTarget	1	235838
1179.275	0.8	NonTarget	1	235855
1179.36	0.8	NonTarget	1	235872
1179.44	0.8	NonTarget	1	235888
1179.525	0.8	NonTarget	1	235905
1179.61	0.8	Target	2	235922
1179.69	0.8	NonTarget	1	235938
1179.775	0.8	NonTarget	1	235955
1179.86	0.8	NonTarget	1	235972
1179.945	0.8	NonTarget	1	235989
1180.025	0.8	NonTarget	1	236005
1180.105	0.8	NonTarget	1	236021
1180.19	0.8	NonTarget	1	236038
1180.275	0.8	NonTarget	1	236055
1180.36	0.8	NonTarget	1	236072
1180.76	0.8	NonTarget	1	236152
1180.84	0.8	NonTarget	1	236168
1180.925	0.8	NonTarget	1	236185
1181.01	0.8	NonTarget	1	236202
1181.095	0.8	NonTarget	1	236219
1181.175	0.8	NonTarget	1	236235
1181.26	0.8	NonTarget	1	236252
1181.345	0.8	NonTarget	1	236269
1181.43	0.8	NonTarget	1	236286
1181.51	0.8	NonTarget	1	236302
1181.595	0.8	NonTarget	1	236319
1181.675	0.8	NonTarget	1	236335
1181.76	0.8	NonTarget	1	236352
1181.845	0.8	NonTarget	1	236369
1181.925	0.8	NonTarget	1	236385
1182.015	0.8	NonTarget	1	236403
1182.095	0.8	NonTarget	1	236419
1182.18	0.8	NonTarget	1	236436
1182.26	0.8	NonTarget	1	236452
1182.345	0.8	NonTarget	1	236469
1182.43	0.8	NonTarget	1	236486
1182.51	0.8	NonTarget	1	236502
1182.595	0.8	NonTarget	1	236519
1182.68	0.8	NonTarget	1	236536
1182.765	0.8	NonTarget	1	236553
1182.845	0.8	Target	2	236569
1182.93	0.8	NonTarget	1	236586
1183.015	0.8	NonTarget	1	236603
1183.095	0.8	NonTarget	1	236619
1183.18	0.8	NonTarget	1	236636
1183.58	0.8	Target	2	236716
1183.665	0.8	NonTarget	1	236733
1183.745	0.8	NonTarget	1	236749
1183.83	0.8	NonTarget	1	236766
1183.915	0.8	NonTarget	1	236783
1183.995	0.8	NonTarget	1	236799
1184.08	0.8	NonTarget	1	236816
1184.165	0.8	NonTarget	1	236833
1184.25	0.8	NonTarget	1	236850
1184.33	0.8	NonTarget	1	236866
1184.415	0.8	NonTarget	1	236883
1184.5	0.8	NonTarget	1	236900
1184.585	0.8	NonTarget	1	236917
1184.665	0.8	NonTarget	1	236933
1184.75	0.8	NonTarget	1	236950
1184.83	0.8	NonTarget	1	236966
1184.915	0.8	NonTarget	1	236983
1185.0	0.8	NonTarget	1	237000
1185.08	0.8	NonTarget	1	237016
1185.165	0.8	NonTarget	1	237033
1185.25	0.8	NonTarget	1	237050
1185.33	0.8	NonTarget	1	237066
1185.415	0.8	NonTarget	1	237083
1185.5	0.8	NonTarget	1	237100
1185.58	0.8	NonTarget	1	237116
1185.665	0.8	NonTarget	1	237133
1185.75	0.8	NonTarget	1	237150
1185.83	0.8	NonTarget	1	237166
1185.915	0.8	NonTarget	1	237183
1186.0	0.8	NonTarget	1	237200
1186.4	0.8	Target	2	237280
1186.485	0.8	NonTarget	1	237297
1186.57	0.8	NonTarget	1	237314
1186.65	0.8	NonTarget	1	237330
1186.735	0.8	NonTarget	1	237347
1186.82	0.8	NonTarget	1	237364
1186.9	0.8	NonTarget	1	237380
1186.985	0.8	NonTarget	1	237397
1187.07	0.8	NonTarget	1	237414
1187.15	0.8	NonTarget	1	237430
1187.235	0.8	NonTarget	1	237447
1187.32	0.8	NonTarget	1	237464
1187.4	0.8	NonTarget	1	237480
1187.485	0.8	NonTarget	1	237497
1187.57	0.8	NonTarget	1	237514
1187.655	0.8	NonTarget	1	237531
1187.735	0.8	NonTarget	1	237547
1187.82	0.8	NonTarget	1	237564
1187.905	0.8	NonTarget	1	237581
1187.985	0.8	NonTarget	1	237597
1188.07	0.8	NonTarget	1	237614
1188.155	0.8	NonTarget	1	237631
1188.235	0.8	NonTarget	1	237647
1188.32	0.8	NonTarget	1	237664
1188.405	0.8	NonTarget	1	237681
1188.485	0.8	NonTarget	1	237697
1188.57	0.8	NonTarget	1	237714
1188.655	0.8	NonTarget	1	237731
1188.74	0.8	NonTarget	1	237748
1188.82	0.8	NonTarget	1	237764
1189.225	0.8	NonTarget	1	237845
1189.305	0.8	NonTarget	1	237861
1189.385	0.8	NonTarget	1	237877
1189.47	0.8	NonTarget	1	237894
1189.555	0.8	NonTarget	1	237911
1189.64	0.8	NonTarget	1	237928
1189.72	0.8	NonTarget	1	237944
1189.805	0.8	NonTarget	1	237961
1189.89	0.8	NonTarget	1	237978
1189.97	0.8	NonTarget	1	237994
1190.055	0.8	NonTarget	1	238011
1190.14	0.8	NonTarget	1	238028
1190.225	0.8	NonTarget	1	238045
1190.305	0.8	NonTarget	1	238061
1190.39	0.8	NonTarget	1	238078
1190.475	0.8	NonTarget	1	238095
1190.555	0.8	NonTarget	1	238111
1190.64	0.8	NonTarget	1	238128
1190.725	0.8	NonTarget	1	238145
1190.805	0.8	NonTarget	1	238161
1190.89	0.8	NonTarget	1	238178
1190.975	0.8	NonTarget	1	238195
1191.06	0.8	NonTarget	1	238212
1191.14	0.8	NonTarget	1	238228
1191.225	0.8	NonTarget	1	238245
1191.31	0.8	Target	2	238262
1191.39	0.8	NonTarget	1	238278
1191.475	0.8	NonTarget	1	238295
1191.56	0.8	NonTarget	1	238312
1191.64	0.8	NonTarget	1	238328
1192.04	0.8	NonTarget	1	238408
1192.125	0.8	NonTarget	1	238425
1192.21	0.8	NonTarget	1	238442
1192.295	0.8	NonTarget	1	238459
1192.375	0.8	NonTarget	1	238475
1192.46	0.8	NonTarget	1	238492
1192.545	0.8	NonTarget	1	238509
1192.625	0.8	NonTarget	1	238525
1192.71	0.8	NonTarget	1	238542
1192.795	0.8	NonTarget	1	238559
1192.875	0.8	NonTarget	1	238575
1192.96	0.8	NonTarget	1	238592
1193.045	0.8	NonTarget	1	238609
1193.125	0.8	NonTarget	1	238625
1193.21	0.8	NonTarget	1	238642
1193.295	0.8	NonTarget	1	238659
1193.38	0.8	NonTarget	1	238676
1193.46	0.8	NonTarget	1	238692
1193.545	0.8	NonTarget	1	238709
1193.63	0.8	NonTarget	1	238726
1193.71	0.8	NonTarget	1	238742
1193.795	0.8	NonTarget	1	238759
1193.88	0.8	NonTarget	1	238776
1193.96	0.8	NonTarget	1	238792
1194.045	0.8	NonTarget	1	238809
1194.13	0.8	Target	2	238826
1194.21	0.8	NonTarget	1	238842
1194.295	0.8	NonTarget	1	238859
1194.38	0.8	NonTarget	1	238876
1194.465	0.8	NonTarget	1	238893
1194.865	0.8	NonTarget	1	238973
1194.945	0.8	NonTarget	1	238989
1195.03	0.8	NonTarget	1	239006
1195.115	0.8	NonTarget	1	239023
1195.195	0.8	NonTarget	1	239039
1195.28	0.8	Target	2	239056
1195.365	0.8	NonTarget	1	239073
1195.445	0.8	NonTarget	1	239089
1195.53	0.8	NonTarget	1	239106
1195.615	0.8	NonTarget	1	239123
1195.7	0.8	NonTarget	1	239140
1195.78	0.8	NonTarget	1	239156
1195.865	0.8	NonTarget	1	239173
1195.95	0.8	NonTarget	1	239190
1196.03	0.8	NonTarget	1	239206
1196.115	0.8	NonTarget	1	239223
1196.195	0.8	NonTarget	1	239239
1196.28	0.8	NonTarget	1	239256
1196.365	0.8	NonTarget	1	239273
1196.45	0.8	NonTarget	1	239290
1196.535	0.8	NonTarget	1	239307
1196.615	0.8	NonTarget	1	239323
1196.7	0.8	NonTarget	1	239340
1196.78	0.8	NonTarget	1	239356
1196.865	0.8	NonTarget	1	239373
1196.95	0.8	NonTarget	1	239390
1197.035	0.8	NonTarget	1	239407
1197.115	0.8	NonTarget	1	239423
1197.2	0.8	NonTarget	1	239440
1197.285	0.8	NonTarget	1	239457
1197.68	0.8	NonTarget	1	239536
1197.765	0.8	NonTarget	1	239553
1197.85	0.8	NonTarget	1	239570
1197.935	0.8	NonTarget	1	239587
1198.015	0.8	NonTarget	1	239603
1198.1	0.8	Target	2	239620
1198.185	0.8	NonTarget	1	239637
1198.27	0.8	NonTarget	1	239654
1198.35	0.8	NonTarget	1	239670
1198.435	0.8	NonTarget	1	239687
1198.52	0.8	NonTarget	1	239704
1198.6	0.8	NonTarget	1	239720
1198.685	0.8	NonTarget	1	239737
1198.77	0.8	NonTarget	1	239754
1198.85	0.8	NonTarget	1	239770
1198.935	0.8	NonTarget	1	239787
1199.02	0.8	NonTarget	1	239804
1199.105	0.8	NonTarget	1	239821
1199.185	0.8	NonTarget	1	239837
1199.27	0.8	NonTarget	1	239854
1199.35	0.8	NonTarget	1	239870
1199.435	0.8	NonTarget	1	239887
1199.52	0.8	NonTarget	1	239904
1199.605	0.8	NonTarget	1	239921
1199.685	0.8	NonTarget	1	239937
1199.77	0.8	NonTarget	1	239954
1199.855	0.8	NonTarget	1	239971
1199.935	0.8	NonTarget	1	239987
1200.02	0.8	NonTarget	1	240004
1200.105	0.8	NonTarget	1	240021
1200.505	0.8	NonTarget	1	240101
1200.585	0.8	NonTarget	1	240117
1200.67	0.8	NonTarget	1	240134
1200.755	0.8	NonTarget	1	240151
1200.84	0.8	NonTarget	1	240168
1200.92	0.8	Target	2	240184
1201.005	0.8	NonTarget	1	240201
1201.09	0.8	NonTarget	1	240218
1201.17	0.8	NonTarget	1	240234
1201.255	0.8	NonTarget	1	240251
1201.34	0.8	NonTarget	1	240268
1201.425	0.8	NonTarget	1	240285
1201.505	0.8	NonTarget	1	240301
1201.59	0.8	NonTarget	1	240318
1201.67	0.8	NonTarget	1	240334
1201.755	0.8	NonTarget	1	240351
1201.84	0.8	NonTarget	1	240368
1201.925	0.8	NonTarget	1	240385
1202.005	0.8	NonTarget	1	240401
1202.09	0.8	NonTarget	1	240418
1202.175	0.8	NonTarget	1	240435
1202.255	0.8	NonTarget	1	240451
1202.34	0.8	NonTarget	1	240468
1202.425	0.8	NonTarget	1	240485
1202.505	0.8	NonTarget	1	240501
1202.59	0.8	NonTarget	1	240518
1202.675	0.8	NonTarget	1	240535
1202.755	0.8	NonTarget	1	240551
1202.84	0.8	NonTarget	1	240568
1202.925	0.8	NonTarget	1	240585
1203.325	0.8	Target	2	240665
1203.41	0.8	NonTarget	1	240682
1203.49	0.8	NonTarget	1	240698
1203.575	0.8	NonTarget	1	240715
1203.66	0.8	NonTarget	1	240732
1203.745	0.8	NonTarget	1	240749
1203.825	0.8	NonTarget	1	240765
1203.91	0.8	NonTarget	1	240782
1203.99	0.8	NonTarget	1	240798
1204.075	0.8	NonTarget	1	240815
1204.16	0.8	NonTarget	1	240832
1204.245	0.8	NonTarget	1	240849
1204.325	0.8	NonTarget	1	240865
1204.41	0.8	NonTarget	1	240882
1204.495	0.8	NonTarget	1	240899
1204.575	0.8	NonTarget	1	240915
1204.66	0.8	NonTarget	1	240932
1204.745	0.8	NonTarget	1	240949
1204.825	0.8	NonTarget	1	240965
1204.91	0.8	NonTarget	1	240982
1204.995	0.8	NonTarget	1	240999
1205.075	0.8	NonTarget	1	241015
1205.16	0.8	NonTarget	1	241032
1205.245	0.8	NonTarget	1	241049
1205.33	0.8	NonTarget	1	241066
1205.41	0.8	NonTarget	1	241082
1205.495	0.8	NonTarget	1	241099
1205.58	0.8	NonTarget	1	241116
1205.66	0.8	NonTarget	1	241132
1205.745	0.8	NonTarget	1	241149
1215.715	0.8	Target	2	243143
1215.79	0.8	NonTarget	1	243158
1215.875	0.8	NonTarget	1	243175
1215.96	0.8	NonTarget	1	243192
1216.045	0.8	NonTarget	1	243209
1216.125	0.8	NonTarget	1	243225
1216.21	0.8	NonTarget	1	243242
1216.29	0.8	NonTarget	1	243258
1216.375	0.8	NonTarget	1	243275
1216.46	0.8	NonTarget	1	243292
1216.545	0.8	NonTarget	1	243309
1216.63	0.8	NonTarget	1	243326
1216.71	0.8	NonTarget	1	243342
1216.795	0.8	NonTarget	1	243359
1216.875	0.8	NonTarget	1	243375
1216.96	0.8	NonTarget	1	243392
1217.045	0.8	NonTarget	1	243409
1217.125	0.8	NonTarget	1	243425
1217.21	0.8	NonTarget	1	243442
1217.295	0.8	NonTarget	1	243459
1217.38	0.8	NonTarget	1	243476
1217.46	0.8	NonTarget	1	243492
1217.545	0.8	NonTarget	1	243509
1217.63	0.8	NonTarget	1	243526
1217.71	0.8	NonTarget	1	243542
1217.795	0.8	NonTarget	1	243559
1217.88	0.8	NonTarget	1	243576
1217.965	0.8	NonTarget	1	243593
1218.045	0.8	NonTarget	1	243609
1218.13	0.8	NonTarget	1	243626
1218.53	0.8	Target	2	243706
1218.615	0.8	NonTarget	1	243723
1218.7	0.8	NonTarget	1	243740
1218.78	0.8	NonTarget	1	243756
1218.865	0.8	NonTarget	1	243773
1218.945	0.8	NonTarget	1	243789
1219.03	0.8	NonTarget	1	243806
1219.115	0.8	NonTarget	1	243823
1219.195	0.8	NonTarget	1	243839
1219.28	0.8	NonTarget	1	243856
1219.365	0.8	NonTarget	1	243873
1219.445	0.8	NonTarget	1	243889
1219.53	0.8	NonTarget	1	243906
1219.615	0.8	NonTarget	1	243923
1219.7	0.8	NonTarget	1	243940
1219.78	0.8	NonTarget	1	243956
1219.865	0.8	NonTarget	1	243973
1219.95	0.8	NonTarget	1	243990
1220.035	0.8	NonTarget	1	244007
1220.115	0.8	NonTarget	1	244023
1220.2	0.8	NonTarget	1	244040
1220.28	0.8	NonTarget	1	244056
1220.365	0.8	NonTarget	1	244073
1220.45	0.8	NonTarget	1	244090
1220.53	0.8	NonTarget	1	244106
1220.615	0.8	NonTarget	1	244123
1220.7	0.8	NonTarget	1	244140
1220.785	0.8	NonTarget	1	244157
1220.865	0.8	NonTarget	1	244173
1220.95	0.8	NonTarget	1	244190
1221.35	0.8	NonTarget	1	244270
1221.435	0.8	NonTarget	1	244287
1221.52	0.8	NonTarget	1	244304
1221.6	0.8	NonTarget	1	244320
1221.685	0.8	NonTarget	1	244337
1221.765	0.8	NonTarget	1	244353
1221.85	0.8	NonTarget	1	244370
1221.935	0.8	NonTarget	1	244387
1222.02	0.8	NonTarget	1	244404
1222.1	0.8	NonTarget	1	244420
1222.185	0.8	NonTarget	1	244437
1222.27	0.8	NonTarget	1	244454
1222.35	0.8	NonTarget	1	244470
1222.435	0.8	NonTarget	1	244487
1222.52	0.8	NonTarget	1	244504
1222.6	0.8	NonTarget	1	244520
1222.685	0.8	NonTarget	1	244537
1222.77	0.8	NonTarget	1	244554
1222.85	0.8	NonTarget	1	244570
1222.935	0.8	NonTarget	1	244587
1223.02	0.8	Target	2	244604
1223.105	0.8	NonTarget	1	244621
1223.185	0.8	NonTarget	1	244637
1223.27	0.8	NonTarget	1	244654
1223.355	0.8	NonTarget	1	244671
1223.435	0.8	NonTarget	1	244687
1223.52	0.8	NonTarget	1	244704
1223.605	0.8	NonTarget	1	244721
1223.685	0.8	NonTarget	1	244737
1223.77	0.8	NonTarget	1	244754
1224.17	0.8	NonTarget	1	244834
1224.255	0.8	NonTarget	1	244851
1224.34	0.8	NonTarget	1	244868
1224.42	0.8	NonTarget	1	244884
1224.505	0.8	NonTarget	1	244901
1224.59	0.8	Target	2	244918
1224.67	0.8	NonTarget	1	244934
1224.755	0.8	NonTarget	1	244951
1224.84	0.8	NonTarget	1	244968
1224.92	0.8	NonTarget	1	244984
1225.005	0.8	NonTarget	1	245001
1225.09	0.8	NonTarget	1	245018
1225.17	0.8	NonTarget	1	245034
1225.255	0.8	NonTarget	1	245051
1225.34	0.8	NonTarget	1	245068
1225.425	0.8	NonTarget	1	245085
1225.505	0.8	NonTarget	1	245101
1225.59	0.8	NonTarget	1	245118
1225.675	0.8	NonTarget	1	245135
1225.755	0.8	NonTarget	1	245151
1225.84	0.8	NonTarget	1	245168
1225.925	0.8	NonTarget	1	245185
1226.005	0.8	NonTarget	1	245201
1226.09	0.8	NonTarget	1	245218
1226.175	0.8	NonTarget	1	245235
1226.255	0.8	NonTarget	1	245251
1226.34	0.8	NonTarget	1	245268
1226.425	0.8	NonTarget	1	245285
1226.51	0.8	NonTarget	1	245302
1226.59	0.8	NonTarget	1	245318
1226.99	0.8	Target	2	245398
1227.075	0.8	NonTarget	1	245415
1227.16	0.8	NonTarget	1	245432
1227.24	0.8	NonTarget	1	245448
1227.325	0.8	NonTarget	1	245465
1227.41	0.8	NonTarget	1	245482
1227.49	0.8	NonTarget	1	245498
1227.575	0.8	NonTarget	1	245515
1227.66	0.8	NonTarget	1	245532
1227.74	0.8	NonTarget	1	245548
1227.825	0.8	NonTarget	1	245565
1227.91	0.8	NonTarget	1	245582
1227.995	0.8	NonTarget	1	245599
1228.075	0.8	NonTarget	1	245615
1228.16	0.8	NonTarget	1	245632
1228.245	0.8	NonTarget	1	245649
1228.325	0.8	NonTarget	1	245665
1228.41	0.8	NonTarget	1	245682
1228.495	0.8	NonTarget	1	245699
1228.575	0.8	NonTarget	1	245715
1228.66	0.8	NonTarget	1	245732
1228.745	0.8	NonTarget	1	245749
1228.825	0.8	NonTarget	1	245765
1228.91	0.8	NonTarget	1	245782
1228.995	0.8	NonTarget	1	245799
1229.08	0.8	NonTarget	1	245816
1229.16	0.8	NonTarget	1	245832
1229.245	0.8	NonTarget	1	245849
1229.33	0.8	NonTarget	1	245866
1229.41	0.8	NonTarget	1	245882
1229.81	0.8	NonTarget	1	245962
1229.895	0.8	NonTarget	1	245979
1229.98	0.8	NonTarget	1	245996
1230.065	0.8	NonTarget	1	246013
1230.145	0.8	NonTarget	1	246029
1230.23	0.8	NonTarget	1	246046
1230.315	0.8	NonTarget	1	246063
1230.395	0.8	NonTarget	1	246079
1230.48	0.8	NonTarget	1	246096
1230.565	0.8	NonTarget	1	246113
1230.645	0.8	NonTarget	1	246129
1230.73	0.8	NonTarget	1	246146
1230.815	0.8	NonTarget	1	246163
1230.9	0.8	NonTarget	1	246180
1230.98	0.8	NonTarget	1	246196
1231.065	0.8	Target	2	246213
1231.145	0.8	NonTarget	1	246229
1231.23	0.8	NonTarget	1	246246
1231.315	0.8	NonTarget	1	246263
1231.4	0.8	NonTarget	1	246280
1231.48	0.8	NonTarget	1	246296
1231.565	0.8	NonTarget	1	246313
1231.65	0.8	NonTarget	1	246330
1231.735	0.8	NonTarget	1	246347
1231.815	0.8	NonTarget	1	246363
1231.9	0.8	NonTarget	1	246380
1231.98	0.8	NonTarget	1	246396
1232.065	0.8	NonTarget	1	246413
1232.15	0.8	NonTarget	1	246430
1232.23	0.8	NonTarget	1	246446
1232.63	0.8	NonTarget	1	246526
1232.715	0.8	NonTarget	1	246543
1232.8	0.8	NonTarget	1	246560
1232.885	0.8	NonTarget	1	246577
1232.97	0.8	NonTarget	1	246594
1233.05	0.8	NonTarget	1	246610
1233.135	0.8	NonTarget	1	246627
1233.215	0.8	NonTarget	1	246643
1233.3	0.8	NonTarget	1	246660
1233.385	0.8	NonTarget	1	246677
1233.47	0.8	NonTarget	1	246694
1233.55	0.8	NonTarget	1	246710
1233.635	0.8	NonTarget	1	246727
1233.72	0.8	NonTarget	1	246744
1233.8	0.8	NonTarget	1	246760
1233.885	0.8	NonTarget	1	246777
1233.97	0.8	NonTarget	1	246794
1234.05	0.8	NonTarget	1	246810
1234.135	0.8	NonTarget	1	246827
1234.22	0.8	NonTarget	1	246844
1234.305	0.8	Target	2	246861
1234.385	0.8	NonTarget	1	246877
1234.47	0.8	NonTarget	1	246894
1234.55	0.8	NonTarget	1	246910
1234.635	0.8	NonTarget	1	246927
1234.72	0.8	NonTarget	1	246944
1234.8	0.8	NonTarget	1	246960
1234.885	0.8	NonTarget	1	246977
1234.97	0.8	NonTarget	1	246994
1235.05	0.8	NonTarget	1	247010
1235.455	0.8	NonTarget	1	247091
1235.54	0.8	NonTarget	1	247108
1235.62	0.8	NonTarget	1	247124
1235.705	0.8	NonTarget	1	247141
1235.785	0.8	NonTarget	1	247157
1235.87	0.8	NonTarget	1	247174
1235.955	0.8	NonTarget	1	247191
1236.035	0.8	NonTarget	1	247207
1236.12	0.8	NonTarget	1	247224
1236.205	0.8	NonTarget	1	247241
1236.29	0.8	Target	2	247258
1236.37	0.8	NonTarget	1	247274
1236.455	0.8	NonTarget	1	247291
1236.54	0.8	NonTarget	1	247308
1236.62	0.8	NonTarget	1	247324
1236.705	0.8	NonTarget	1	247341
1236.79	0.8	NonTarget	1	247358
1236.87	0.8	NonTarget	1	247374
1236.955	0.8	NonTarget	1	247391
1237.04	0.8	NonTarget	1	247408
1237.12	0.8	NonTarget	1	247424
1237.205	0.8	NonTarget	1	247441
1237.29	0.8	NonTarget	1	247458
1237.375	0.8	NonTarget	1	247475
1237.455	0.8	NonTarget	1	247491
1237.54	0.8	NonTarget	1	247508
1237.625	0.8	NonTarget	1	247525
1237.705	0.8	NonTarget	1	247541
1237.79	0.8	NonTarget	1	247558
1237.875	0.8	NonTarget	1	247575
1238.275	0.8	NonTarget	1	247655
1238.36	0.8	NonTarget	1	247672
1238.44	0.8	NonTarget	1	247688
1238.525	0.8	NonTarget	1	247705
1238.61	0.8	NonTarget	1	247722
1238.69	0.8	NonTarget	1	247738
1238.775	0.8	NonTarget	1	247755
1238.86	0.8	NonTarget	1	247772
1238.94	0.8	NonTarget	1	247788
1239.025	0.8	NonTarget	1	247805
1239.11	0.8	Target	2	247822
1239.19	0.8	NonTarget	1	247838
1239.275	0.8	NonTarget	1	247855
1239.36	0.8	NonTarget	1	247872
1239.44	0.8	NonTarget	1	247888
1239.525	0.8	NonTarget	1	247905
1239.61	0.8	NonTarget	1	247922
1239.695	0.8	NonTarget	1	247939
1239.775	0.8	NonTarget	1	247955
1239.86	0.8	NonTarget	1	247972
1239.945	0.8	NonTarget	1	247989
1240.025	0.8	NonTarget	1	248005
1240.11	0.8	NonTarget	1	248022
1240.195	0.8	NonTarget	1	248039
1240.28	0.8	NonTarget	1	248056
1240.36	0.8	NonTarget	1	248072
1240.445	0.8	NonTarget	1	248089
1240.53	0.8	NonTarget	1	248106
1240.61	0.8	NonTarget	1	248122
1240.695	0.8	NonTarget	1	248139
1241.095	0.8	NonTarget	1	248219
1241.18	0.8	NonTarget	1	248236
1241.26	0.8	NonTarget	1	248252
1241.345	0.8	NonTarget	1	248269
1241.43	0.8	NonTarget	1	248286
1241.51	0.8	NonTarget	1	248302
1241.595	0.8	NonTarget	1	248319
1241.68	0.8	NonTarget	1	248336
1241.765	0.8	NonTarget	1	248353
1241.845	0.8	NonTarget	1	248369
1241.93	0.8	NonTarget	1	248386
1242.015	0.8	NonTarget	1	248403
1242.095	0.8	NonTarget	1	248419
1242.18	0.8	NonTarget	1	248436
1242.265	0.8	NonTarget	1	248453
1242.345	0.8	NonTarget	1	248469
1242.43	0.8	NonTarget	1	248486
1242.515	0.8	NonTarget	1	248503
1242.595	0.8	NonTarget	1	248519
1242.68	0.8	NonTarget	1	248536
1242.765	0.8	NonTarget	1	248553
1242.845	0.8	NonTarget	1	248569
1242.93	0.8	NonTarget	1	248586
1243.015	0.8	NonTarget	1	248603
1243.1	0.8	NonTarget	1	248620
1243.18	0.8	Target	2	248636
1243.265	0.8	NonTarget	1	248653
1243.35	0.8	NonTarget	1	248670
1243.43	0.8	NonTarget	1	248686
1243.515	0.8	NonTarget	1	248703
1253.465	0.8	NonTarget	1	250693
1253.545	0.8	NonTarget	1	250709
1253.63	0.8	NonTarget	1	250726
1253.715	0.8	NonTarget	1	250743
1253.795	0.8	NonTarget	1	250759
1253.88	0.8	NonTarget	1	250776
1253.965	0.8	NonTarget	1	250793
1254.045	0.8	NonTarget	1	250809
1254.13	0.8	NonTarget	1	250826
1254.215	0.8	NonTarget	1	250843
1254.295	0.8	Target	2	250859
1254.38	0.8	NonTarget	1	250876
1254.465	0.8	NonTarget	1	250893
1254.55	0.8	NonTarget	1	250910
1254.63	0.8	NonTarget	1	250926
1254.715	0.8	NonTarget	1	250943
1254.795	0.8	NonTarget	1	250959
1254.88	0.8	NonTarget	1	250976
1254.965	0.8	NonTarget	1	250993
1255.045	0.8	NonTarget	1	251009
1255.13	0.8	NonTarget	1	251026
1255.215	0.8	NonTarget	1	251043
1255.3	0.8	NonTarget	1	251060
1255.38	0.8	NonTarget	1	251076
1255.465	0.8	NonTarget	1	251093
1255.55	0.8	NonTarget	1	251110
1255.63	0.8	NonTarget	1	251126
1255.715	0.8	NonTarget	1	251143
1255.8	0.8	NonTarget	1	251160
1255.88	0.8	NonTarget	1	251176
1256.285	0.8	NonTarget	1	251257
1256.365	0.8	NonTarget	1	251273
1256.45	0.8	NonTarget	1	251290
1256.555	0.8	NonTarget	1	251311
1256.635	0.8	NonTarget	1	251327
1256.715	0.8	NonTarget	1	251343
1256.8	0.8	NonTarget	1	251360
1256.885	0.8	NonTarget	1	251377
1256.97	0.8	NonTarget	1	251394
1257.05	0.8	NonTarget	1	251410
1257.135	0.8	NonTarget	1	251427
1257.215	0.8	NonTarget	1	251443
1257.3	0.8	NonTarget	1	251460
1257.385	0.8	NonTarget	1	251477
1257.47	0.8	NonTarget	1	251494
1257.55	0.8	NonTarget	1	251510
1257.635	0.8	NonTarget	1	251527
1257.72	0.8	NonTarget	1	251544
1257.8	0.8	NonTarget	1	251560
1257.885	0.8	NonTarget	1	251577
1257.97	0.8	NonTarget	1	251594
1258.055	0.8	NonTarget	1	251611
1258.135	0.8	NonTarget	1	251627
1258.22	0.8	NonTarget	1	251644
1258.3	0.8	NonTarget	1	251660
1258.385	0.8	Target	2	251677
1258.47	0.8	NonTarget	1	251694
1258.55	0.8	NonTarget	1	251710
1258.635	0.8	NonTarget	1	251727
1258.72	0.8	NonTarget	1	251744
1259.12	0.8	NonTarget	1	251824
1259.205	0.8	NonTarget	1	251841
1259.285	0.8	NonTarget	1	251857
1259.37	0.8	NonTarget	1	251874
1259.455	0.8	NonTarget	1	251891
1259.54	0.8	Target	2	251908
1259.62	0.8	NonTarget	1	251924
1259.705	0.8	NonTarget	1	251941
1259.79	0.8	NonTarget	1	251958
1259.87	0.8	NonTarget	1	251974
1259.955	0.8	NonTarget	1	251991
1260.04	0.8	NonTarget	1	252008
1260.125	0.8	NonTarget	1	252025
1260.205	0.8	NonTarget	1	252041
1260.29	0.8	NonTarget	1	252058
1260.375	0.8	NonTarget	1	252075
1260.455	0.8	NonTarget	1	252091
1260.54	0.8	NonTarget	1	252108
1260.625	0.8	NonTarget	1	252125
1260.705	0.8	NonTarget	1	252141
1260.79	0.8	NonTarget	1	252158
1260.87	0.8	NonTarget	1	252174
1260.955	0.8	NonTarget	1	252191
1261.04	0.8	NonTarget	1	252208
1261.125	0.8	NonTarget	1	252225
1261.205	0.8	NonTarget	1	252241
1261.29	0.8	NonTarget	1	252258
1261.375	0.8	NonTarget	1	252275
1261.46	0.8	NonTarget	1	252292
1261.54	0.8	NonTarget	1	252308
1261.94	0.8	NonTarget	1	252388
1262.025	0.8	NonTarget	1	252405
1262.11	0.8	NonTarget	1	252422
1262.19	0.8	NonTarget	1	252438
1262.275	0.8	NonTarget	1	252455
1262.36	0.8	NonTarget	1	252472
1262.44	0.8	NonTarget	1	252488
1262.525	0.8	NonTarget	1	252505
1262.61	0.8	NonTarget	1	252522
1262.69	0.8	NonTarget	1	252538
1262.775	0.8	Target	2	252555
1262.86	0.8	NonTarget	1	252572
1262.945	0.8	NonTarget	1	252589
1263.025	0.8	NonTarget	1	252605
1263.11	0.8	NonTarget	1	252622
1263.195	0.8	NonTarget	1	252639
1263.275	0.8	NonTarget	1	252655
1263.36	0.8	NonTarget	1	252672
1263.445	0.8	NonTarget	1	252689
1263.525	0.8	NonTarget	1	252705
1263.61	0.8	NonTarget	1	252722
1263.695	0.8	NonTarget	1	252739
1263.775	0.8	NonTarget	1	252755
1263.86	0.8	NonTarget	1	252772
1263.945	0.8	NonTarget	1	252789
1264.025	0.8	NonTarget	1	252805
1264.11	0.8	NonTarget	1	252822
1264.195	0.8	NonTarget	1	252839
1264.28	0.8	NonTarget	1	252856
1264.36	0.8	NonTarget	1	252872
1264.76	0.8	Target	2	252952
1264.845	0.8	NonTarget	1	252969
1264.93	0.8	NonTarget	1	252986
1265.015	0.8	NonTarget	1	253003
1265.095	0.8	NonTarget	1	253019
1265.18	0.8	NonTarget	1	253036
1265.265	0.8	NonTarget	1	253053
1265.345	0.8	NonTarget	1	253069
1265.43	0.8	NonTarget	1	253086
1265.51	0.8	NonTarget	1	253102
1265.595	0.8	NonTarget	1	253119
1265.68	0.8	NonTarget	1	253136
1265.765	0.8	NonTarget	1	253153
1265.845	0.8	NonTarget	1	253169
1265.93	0.8	NonTarget	1	253186
1266.01	0.8	NonTarget	1	253202
1266.095	0.8	NonTarget	1	253219
1266.18	0.8	NonTarget	1	253236
1266.265	0.8	NonTarget	1	253253
1266.35	0.8	NonTarget	1	253270
1266.43	0.8	NonTarget	1	253286
1266.515	0.8	NonTarget	1	253303
1266.6	0.8	NonTarget	1	253320
1266.68	0.8	NonTarget	1	253336
1266.765	0.8	NonTarget	1	253353
1266.85	0.8	NonTarget	1	253370
1266.93	0.8	NonTarget	1	253386
1267.015	0.8	NonTarget	1	253403
1267.1	0.8	NonTarget	1	253420
1267.18	0.8	NonTarget	1	253436
1267.58	0.8	NonTarget	1	253516
1267.665	0.8	NonTarget	1	253533
1267.75	0.8	NonTarget	1	253550
1267.835	0.8	NonTarget	1	253567
1267.915	0.8	NonTarget	1	253583
1268.0	0.8	NonTarget	1	253600
1268.085	0.8	NonTarget	1	253617
1268.165	0.8	NonTarget	1	253633
1268.25	0.8	NonTarget	1	253650
1268.335	0.8	NonTarget	1	253667
1268.415	0.8	NonTarget	1	253683
1268.5	0.8	NonTarget	1	253700
1268.585	0.8	NonTarget	1	253717
1268.67	0.8	NonTarget	1	253734
1268.75	0.8	NonTarget	1	253750
1268.835	0.8	NonTarget	1	253767
1268.92	0.8	NonTarget	1	253784
1269.0	0.8	NonTarget	1	253800
1269.085	0.8	NonTarget	1	253817
1269.17	0.8	NonTarget	1	253834
1269.25	0.8	Target	2	253850
1269.335	0.8	NonTarget	1	253867
1269.42	0.8	NonTarget	1	253884
1269.5	0.8	NonTarget	1	253900
1269.585	0.8	NonTarget	1	253917
1269.67	0.8	NonTarget	1	253934
1269.75	0.8	NonTarget	1	253950
1269.835	0.8	NonTarget	1	253967
1269.92	0.8	NonTarget	1	253984
1270.0	0.8	NonTarget	1	254000
1270.405	0.8	NonTarget	1	254081
1270.485	0.8	NonTarget	1	254097
1270.57	0.8	NonTarget	1	254114
1270.655	0.8	NonTarget	1	254131
1270.735	0.8	NonTarget	1	254147
1270.82	0.8	NonTarget	1	254164
1270.905	0.8	NonTarget	1	254181
1270.985	0.8	NonTarget	1	254197
1271.07	0.8	NonTarget	1	254214
1271.155	0.8	NonTarget	1	254231
1271.235	0.8	NonTarget	1	254247
1271.32	0.8	NonTarget	1	254264
1271.405	0.8	NonTarget	1	254281
1271.49	0.8	NonTarget	1	254298
1271.57	0.8	NonTarget	1	254314
1271.655	0.8	Target	2	254331
1271.74	0.8	NonTarget	1	254348
1271.825	0.8	NonTarget	1	254365
1271.905	0.8	NonTarget	1	254381
1271.99	0.8	NonTarget	1	254398
1272.07	0.8	NonTarget	1	254414
1272.155	0.8	NonTarget	1	254431
1272.24	0.8	NonTarget	1	254448
1272.32	0.8	NonTarget	1	254464
1272.405	0.8	NonTarget	1	254481
1272.49	0.8	NonTarget	1	254498
1272.575	0.8	NonTarget	1	254515
1272.655	0.8	NonTarget	1	254531
1272.74	0.8	NonTarget	1	254548
1272.825	0.8	NonTarget	1	254565
1273.225	0.8	NonTarget	1	254645
1273.305	0.8	NonTarget	1	254661
1273.39	0.8	NonTarget	1	254678
1273.475	0.8	NonTarget	1	254695
1273.56	0.8	NonTarget	1	254712
1273.64	0.8	NonTarget	1	254728
1273.725	0.8	NonTarget	1	254745
1273.81	0.8	NonTarget	1	254762
1273.89	0.8	NonTarget	1	254778
1273.975	0.8	NonTarget	1	254795
1274.06	0.8	NonTarget	1	254812
1274.14	0.8	NonTarget	1	254828
1274.225	0.8	NonTarget	1	254845
1274.31	0.8	NonTarget	1	254862
1274.39	0.8	NonTarget	1	254878
1274.475	0.8	NonTarget	1	254895
1274.56	0.8	NonTarget	1	254912
1274.64	0.8	NonTarget	1	254928
1274.725	0.8	NonTarget	1	254945
1274.81	0.8	NonTarget	1	254962
1274.89	0.8	Target	2	254978
1274.975	0.8	NonTarget	1	254995
1275.06	0.8	NonTarget	1	255012
1275.145	0.8	NonTarget	1	255029
1275.225	0.8	NonTarget	1	255045
1275.31	0.8	NonTarget	1	255062
1275.395	0.8	NonTarget	1	255079
1275.475	0.8	NonTarget	1	255095
1275.56	0.8	NonTarget	1	255112
1275.645	0.8	NonTarget	1	255129
1276.045	0.8	NonTarget	1	255209
1276.125	0.8	NonTarget	1	255225
1276.21	0.8	NonTarget	1	255242
1276.295	0.8	NonTarget	1	255259
1276.38	0.8	NonTarget	1	255276
1276.46	0.8	NonTarget	1	255292
1276.545	0.8	NonTarget	1	255309
1276.63	0.8	NonTarget	1	255326
1276.71	0.8	NonTarget	1	255342
1276.795	0.8	NonTarget	1	255359
1276.88	0.8	NonTarget	1	255376
1276.96	0.8	NonTarget	1	255392
1277.045	0.8	NonTarget	1	255409
1277.13	0.8	NonTarget	1	255426
1277.21	0.8	NonTarget	1	255442
1277.295	0.8	NonTarget	1	255459
1277.38	0.8	NonTarget	1	255476
1277.465	0.8	NonTarget	1	255493
1277.545	0.8	NonTarget	1	255509
1277.63	0.8	NonTarget	1	255526
1277.715	0.8	Target	2	255543
1277.795	0.8	NonTarget	1	255559
1277.88	0.8	NonTarget	1	255576
1277.965	0.8	NonTarget	1	255593
1278.045	0.8	NonTarget	1	255609
1278.13	0.8	NonTarget	1	255626
1278.215	0.8	NonTarget	1	255643
1278.3	0.8	NonTarget	1	255660
1278.38	0.8	NonTarget	1	255676
1278.465	0.8	NonTarget	1	255693
1278.865	0.8	NonTarget	1	255773
1278.95	0.8	NonTarget	1	255790
1279.03	0.8	NonTarget	1	255806
1279.115	0.8	NonTarget	1	255823
1279.2	0.8	NonTarget	1	255840
1279.28	0.8	NonTarget	1	255856
1279.365	0.8	NonTarget	1	255873
1279.45	0.8	NonTarget	1	255890
1279.535	0.8	NonTarget	1	255907
1279.615	0.8	NonTarget	1	255923
1279.7	0.8	Target	2	255940
1279.785	0.8	NonTarget	1	255957
1279.865	0.8	NonTarget	1	255973
1279.95	0.8	NonTarget	1	255990
1280.035	0.8	NonTarget	1	256007
1280.115	0.8	NonTarget	1	256023
1280.2	0.8	NonTarget	1	256040
1280.285	0.8	NonTarget	1	256057
1280.37	0.8	NonTarget	1	256074
1280.45	0.8	NonTarget	1	256090
1280.535	0.8	NonTarget	1	256107
1280.615	0.8	NonTarget	1	256123
1280.7	0.8	NonTarget	1	256140
1280.785	0.8	NonTarget	1	256157
1280.87	0.8	NonTarget	1	256174
1280.95	0.8	NonTarget	1	256190
1281.035	0.8	NonTarget	1	256207
1281.115	0.8	NonTarget	1	256223
1281.2	0.8	NonTarget	1	256240
1281.285	0.8	NonTarget	1	256257
1291.24	0.8	NonTarget	1	258248
1291.315	0.8	NonTarget	1	258263
1291.4	0.8	Target	2	258280
1291.485	0.8	NonTarget	1	258297
1291.565	0.8	NonTarget	1	258313
1291.65	0.8	NonTarget	1	258330
1291.735	0.8	NonTarget	1	258347
1291.815	0.8	NonTarget	1	258363
1291.9	0.8	NonTarget	1	258380
1291.985	0.8	NonTarget	1	258397
1292.065	0.8	NonTarget	1	258413
1292.15	0.8	NonTarget	1	258430
1292.235	0.8	NonTarget	1	258447
1292.32	0.8	NonTarget	1	258464
1292.4	0.8	NonTarget	1	258480
1292.485	0.8	NonTarget	1	258497
1292.57	0.8	NonTarget	1	258514
1292.65	0.8	NonTarget	1	258530
1292.735	0.8	NonTarget	1	258547
1292.82	0.8	NonTarget	1	258564
1292.9	0.8	NonTarget	1	258580
1292.985	0.8	NonTarget	1	258597
1293.07	0.8	NonTarget	1	258614
1293.15	0.8	NonTarget	1	258630
1293.235	0.8	NonTarget	1	258647
1293.32	0.8	NonTarget	1	258664
1293.4	0.8	NonTarget	1	258680
1293.485	0.8	NonTarget	1	258697
1293.57	0.8	NonTarget	1	258714
1293.655	0.8	NonTarget	1	258731
1294.055	0.8	NonTarget	1	258811
1294.135	0.8	NonTarget	1	258827
1294.22	0.8	Target	2	258844
1294.305	0.8	NonTarget	1	258861
1294.385	0.8	NonTarget	1	258877
1294.47	0.8	NonTarget	1	258894
1294.555	0.8	NonTarget	1	258911
1294.635	0.8	NonTarget	1	258927
1294.72	0.8	NonTarget	1	258944
1294.805	0.8	NonTarget	1	258961
1294.885	0.8	NonTarget	1	258977
1294.975	0.8	NonTarget	1	258995
1295.055	0.8	NonTarget	1	259011
1295.14	0.8	NonTarget	1	259028
1295.22	0.8	NonTarget	1	259044
1295.305	0.8	NonTarget	1	259061
1295.39	0.8	NonTarget	1	259078
1295.47	0.8	NonTarget	1	259094
1295.555	0.8	NonTarget	1	259111
1295.64	0.8	NonTarget	1	259128
1295.725	0.8	NonTarget	1	259145
1295.805	0.8	NonTarget	1	259161
1295.89	0.8	NonTarget	1	259178
1295.975	0.8	NonTarget	1	259195
1296.055	0.8	NonTarget	1	259211
1296.14	0.8	NonTarget	1	259228
1296.225	0.8	NonTarget	1	259245
1296.305	0.8	NonTarget	1	259261
1296.39	0.8	NonTarget	1	259278
1296.475	0.8	NonTarget	1	259295
1296.875	0.8	NonTarget	1	259375
1296.96	0.8	NonTarget	1	259392
1297.04	0.8	NonTarget	1	259408
1297.125	0.8	NonTarget	1	259425
1297.21	0.8	NonTarget	1	259442
1297.29	0.8	NonTarget	1	259458
1297.375	0.8	NonTarget	1	259475
1297.46	0.8	NonTarget	1	259492
1297.545	0.8	NonTarget	1	259509
1297.625	0.8	NonTarget	1	259525
1297.71	0.8	NonTarget	1	259542
1297.79	0.8	NonTarget	1	259558
1297.875	0.8	NonTarget	1	259575
1297.96	0.8	NonTarget	1	259592
1298.04	0.8	NonTarget	1	259608
1298.125	0.8	NonTarget	1	259625
1298.21	0.8	NonTarget	1	259642
1298.295	0.8	NonTarget	1	259659
1298.375	0.8	NonTarget	1	259675
1298.46	0.8	NonTarget	1	259692
1298.545	0.8	NonTarget	1	259709
1298.625	0.8	NonTarget	1	259725
1298.71	0.8	NonTarget	1	259742
1298.795	0.8	NonTarget	1	259759
1298.875	0.8	NonTarget	1	259775
1298.96	0.8	NonTarget	1	259792
1299.045	0.8	NonTarget	1	259809
1299.125	0.8	Target	2	259825
1299.21	0.8	NonTarget	1	259842
1299.295	0.8	NonTarget	1	259859
1299.695	0.8	NonTarget	1	259939
1299.78	0.8	NonTarget	1	259956
1299.86	0.8	NonTarget	1	259972
1299.945	0.8	NonTarget	1	259989
1300.03	0.8	NonTarget	1	260006
1300.11	0.8	NonTarget	1	260022
1300.195	0.8	NonTarget	1	260039
1300.28	0.8	Target	2	260056
1300.36	0.8	NonTarget	1	260072
1300.445	0.8	NonTarget	1	260089
1300.53	0.8	NonTarget	1	260106
1300.615	0.8	NonTarget	1	260123
1300.695	0.8	NonTarget	1	260139
1300.78	0.8	NonTarget	1	260156
1300.865	0.8	NonTarget	1	260173
1300.945	0.8	NonTarget	1	260189
1301.03	0.8	NonTarget	1	260206
1301.115	0.8	NonTarget	1	260223
1301.195	0.8	NonTarget	1	260239
1301.28	0.8	NonTarget	1	260256
1301.365	0.8	NonTarget	1	260273
1301.445	0.8	NonTarget	1	260289
1301.53	0.8	NonTarget	1	260306
1301.615	0.8	NonTarget	1	260323
1301.695	0.8	NonTarget	1	260339
1301.78	0.8	NonTarget	1	260356
1301.865	0.8	NonTarget	1	260373
1301.95	0.8	NonTarget	1	260390
1302.03	0.8	NonTarget	1	260406
1302.115	0.8	NonTarget	1	260423
1302.515	0.8	NonTarget	1	260503
1302.6	0.8	NonTarget	1	260520
1302.68	0.8	NonTarget	1	260536
1302.765	0.8	NonTarget	1	260553
1302.85	0.8	NonTarget	1	260570
1302.93	0.8	NonTarget	1	260586
1303.015	0.8	NonTarget	1	260603
1303.1	0.8	NonTarget	1	260620
1303.185	0.8	NonTarget	1	260637
1303.265	0.8	NonTarget	1	260653
1303.35	0.8	NonTarget	1	260670
1303.435	0.8	NonTarget	1	260687
1303.515	0.8	NonTarget	1	260703
1303.6	0.8	NonTarget	1	260720
1303.685	0.8	NonTarget	1	260737
1303.765	0.8	NonTarget	1	260753
1303.85	0.8	NonTarget	1	260770
1303.935	0.8	Target	2	260787
1304.015	0.8	NonTarget	1	260803
1304.1	0.8	NonTarget	1	260820
1304.185	0.8	NonTarget	1	260837
1304.27	0.8	NonTarget	1	260854
1304.35	0.8	NonTarget	1	260870
1304.435	0.8	NonTarget	1	260887
1304.52	0.8	NonTarget	1	260904
1304.6	0.8	NonTarget	1	260920
1304.685	0.8	NonTarget	1	260937
1304.77	0.8	NonTarget	1	260954
1304.855	0.8	NonTarget	1	260971
1304.935	0.8	NonTarget	1	260987
1305.335	0.8	NonTarget	1	261067
1305.42	0.8	NonTarget	1	261084
1305.505	0.8	NonTarget	1	261101
1305.585	0.8	NonTarget	1	261117
1305.67	0.8	NonTarget	1	261134
1305.755	0.8	NonTarget	1	261151
1305.835	0.8	NonTarget	1	261167
1305.92	0.8	NonTarget	1	261184
1306.005	0.8	NonTarget	1	261201
1306.085	0.8	NonTarget	1	261217
1306.17	0.8	NonTarget	1	261234
1306.255	0.8	NonTarget	1	261251
1306.335	0.8	NonTarget	1	261267
1306.42	0.8	NonTarget	1	261284
1306.505	0.8	NonTarget	1	261301
1306.59	0.8	NonTarget	1	261318
1306.67	0.8	NonTarget	1	261334
1306.755	0.8	Target	2	261351
1306.84	0.8	NonTarget	1	261368
1306.92	0.8	NonTarget	1	261384
1307.005	0.8	NonTarget	1	261401
1307.09	0.8	NonTarget	1	261418
1307.175	0.8	NonTarget	1	261435
1307.255	0.8	NonTarget	1	261451
1307.34	0.8	NonTarget	1	261468
1307.42	0.8	NonTarget	1	261484
1307.505	0.8	NonTarget	1	261501
1307.59	0.8	NonTarget	1	261518
1307.675	0.8	NonTarget	1	261535
1307.755	0.8	NonTarget	1	261551
1308.155	0.8	NonTarget	1	261631
1308.24	0.8	NonTarget	1	261648
1308.325	0.8	NonTarget	1	261665
1308.405	0.8	NonTarget	1	261681
1308.49	0.8	NonTarget	1	261698
1308.575	0.8	NonTarget	1	261715
1308.655	0.8	NonTarget	1	261731
1308.74	0.8	NonTarget	1	261748
1308.825	0.8	NonTarget	1	261765
1308.91	0.8	NonTarget	1	261782
1308.99	0.8	NonTarget	1	261798
1309.075	0.8	NonTarget	1	261815
1309.16	0.8	Target	2	261832
1309.24	0.8	NonTarget	1	261848
1309.325	0.8	NonTarget	1	261865
1309.41	0.8	NonTarget	1	261882
1309.49	0.8	NonTarget	1	261898
1309.575	0.8	NonTarget	1	261915
1309.66	0.8	NonTarget	1	261932
1309.745	0.8	NonTarget	1	261949
1309.825	0.8	NonTarget	1	261965
1309.91	0.8	NonTarget	1	261982
1309.99	0.8	NonTarget	1	261998
1310.075	0.8	NonTarget	1	262015
1310.16	0.8	NonTarget	1	262032
1310.245	0.8	NonTarget	1	262049
1310.325	0.8	NonTarget	1	262065
1310.41	0.8	NonTarget	1	262082
1310.495	0.8	NonTarget	1	262099
1310.575	0.8	NonTarget	1	262115
1310.975	0.8	NonTarget	1	262195
1311.06	0.8	NonTarget	1	262212
1311.145	0.8	Target	2	262229
1311.225	0.8	NonTarget	1	262245
1311.31	0.8	NonTarget	1	262262
1311.395	0.8	NonTarget	1	262279
1311.48	0.8	NonTarget	1	262296
1311.56	0.8	NonTarget	1	262312
1311.645	0.8	NonTarget	1	262329
1311.73	0.8	NonTarget	1	262346
1311.81	0.8	NonTarget	1	262362
1311.895	0.8	NonTarget	1	262379
1311.98	0.8	NonTarget	1	262396
1312.065	0.8	NonTarget	1	262413
1312.145	0.8	NonTarget	1	262429
1312.23	0.8	NonTarget	1	262446
1312.31	0.8	NonTarget	1	262462
1312.395	0.8	NonTarget	1	262479
1312.48	0.8	NonTarget	1	262496
1312.565	0.8	NonTarget	1	262513
1312.645	0.8	NonTarget	1	262529
1312.73	0.8	NonTarget	1	262546
1312.815	0.8	NonTarget	1	262563
1312.895	0.8	NonTarget	1	262579
1312.98	0.8	NonTarget	1	262596
1313.065	0.8	NonTarget	1	262613
1313.15	0.8	NonTarget	1	262630
1313.23	0.8	NonTarget	1	262646
1313.315	0.8	NonTarget	1	262663
1313.395	0.8	NonTarget	1	262679
1313.795	0.8	NonTarget	1	262759
1313.88	0.8	NonTarget	1	262776
1313.965	0.8	NonTarget	1	262793
1314.05	0.8	NonTarget	1	262810
1314.13	0.8	NonTarget	1	262826
1314.215	0.8	NonTarget	1	262843
1314.3	0.8	NonTarget	1	262860
1314.38	0.8	NonTarget	1	262876
1314.465	0.8	NonTarget	1	262893
1314.55	0.8	NonTarget	1	262910
1314.63	0.8	NonTarget	1	262926
1314.715	0.8	NonTarget	1	262943
1314.8	0.8	NonTarget	1	262960
1314.885	0.8	NonTarget	1	262977
1314.965	0.8	NonTarget	1	262993
1315.05	0.8	NonTarget	1	263010
1315.135	0.8	NonTarget	1	263027
1315.22	0.8	Target	2	263044
1315.3	0.8	NonTarget	1	263060
1315.385	0.8	NonTarget	1	263077
1315.465	0.8	NonTarget	1	263093
1315.55	0.8	NonTarget	1	263110
1315.635	0.8	NonTarget	1	263127
1315.715	0.8	NonTarget	1	263143
1315.8	0.8	NonTarget	1	263160
1315.885	0.8	NonTarget	1	263177
1315.97	0.8	NonTarget	1	263194
1316.05	0.8	NonTarget	1	263210
1316.135	0.8	NonTarget	1	263227
1316.22	0.8	NonTarget	1	263244
1316.62	0.8	NonTarget	1	263324
1316.7	0.8	NonTarget	1	263340
1316.785	0.8	NonTarget	1	263357
1316.87	0.8	NonTarget	1	263374
1316.955	0.8	NonTarget	1	263391
1317.035	0.8	NonTarget	1	263407
1317.12	0.8	NonTarget	1	263424
1317.2	0.8	NonTarget	1	263440
1317.285	0.8	NonTarget	1	263457
1317.37	0.8	NonTarget	1	263474
1317.45	0.8	NonTarget	1	263490
1317.535	0.8	NonTarget	1	263507
1317.62	0.8	NonTarget	1	263524
1317.705	0.8	NonTarget	1	263541
1317.785	0.8	NonTarget	1	263557
1317.87	0.8	NonTarget	1	263574
1317.955	0.8	NonTarget	1	263591
1318.035	0.8	Target	2	263607
1318.12	0.8	NonTarget	1	263624
1318.205	0.8	NonTarget	1	263641
1318.29	0.8	NonTarget	1	263658
1318.37	0.8	NonTarget	1	263674
1318.455	0.8	NonTarget	1	263691
1318.54	0.8	NonTarget	1	263708
1318.62	0.8	NonTarget	1	263724
1318.705	0.8	NonTarget	1	263741
1318.79	0.8	NonTarget	1	263758
1318.87	0.8	NonTarget	1	263774
1318.955	0.8	NonTarget	1	263791
1319.035	0.8	NonTarget	1	263807
1328.99	0.8	NonTarget	1	265798
1329.07	0.8	NonTarget	1	265814
1329.15	0.8	NonTarget	1	265830
1329.24	0.8	NonTarget	1	265848
1329.32	0.8	NonTarget	1	265864
1329.405	0.8	NonTarget	1	265881
1329.485	0.8	NonTarget	1	265897
1329.57	0.8	NonTarget	1	265914
1329.655	0.8	NonTarget	1	265931
1329.735	0.8	NonTarget	1	265947
1329.82	0.8	NonTarget	1	265964
1329.905	0.8	NonTarget	1	265981
1329.985	0.8	NonTarget	1	265997
1330.07	0.8	NonTarget	1	266014
1330.155	0.8	NonTarget	1	266031
1330.24	0.8	NonTarget	1	266048
1330.32	0.8	NonTarget	1	266064
1330.405	0.8	NonTarget	1	266081
1330.49	0.8	NonTarget	1	266098
1330.57	0.8	NonTarget	1	266114
1330.655	0.8	NonTarget	1	266131
1330.74	0.8	NonTarget	1	266148
1330.825	0.8	NonTarget	1	266165
1330.905	0.8	NonTarget	1	266181
1330.99	0.8	NonTarget	1	266198
1331.075	0.8	NonTarget	1	266215
1331.155	0.8	NonTarget	1	266231
1331.24	0.8	NonTarget	1	266248
1331.32	0.8	Target	2	266264
1331.405	0.8	NonTarget	1	266281
1331.805	0.8	NonTarget	1	266361
1331.89	0.8	NonTarget	1	266378
1331.975	0.8	NonTarget	1	266395
1332.06	0.8	NonTarget	1	266412
1332.14	0.8	NonTarget	1	266428
1332.225	0.8	NonTarget	1	266445
1332.31	0.8	NonTarget	1	266462
1332.39	0.8	NonTarget	1	266478
1332.475	0.8	NonTarget	1	266495
1332.56	0.8	NonTarget	1	266512
1332.64	0.8	NonTarget	1	266528
1332.725	0.8	NonTarget	1	266545
1332.81	0.8	NonTarget	1	266562
1332.89	0.8	NonTarget	1	266578
1332.975	0.8	NonTarget	1	266595
1333.06	0.8	NonTarget	1	266612
1333.14	0.8	NonTarget	1	266628
1333.225	0.8	NonTarget	1	266645
1333.31	0.8	Target	2	266662
1333.395	0.8	NonTarget	1	266679
1333.475	0.8	NonTarget	1	266695
1333.56	0.8	NonTarget	1	266712
1333.64	0.8	NonTarget	1	266728
1333.725	0.8	NonTarget	1	266745
1333.81	0.8	NonTarget	1	266762
1333.895	0.8	NonTarget	1	266779
1333.975	0.8	NonTarget	1	266795
1334.06	0.8	NonTarget	1	266812
1334.145	0.8	NonTarget	1	266829
1334.225	0.8	NonTarget	1	266845
1334.625	0.8	NonTarget	1	266925
1334.71	0.8	NonTarget	1	266942
1334.795	0.8	NonTarget	1	266959
1334.88	0.8	NonTarget	1	266976
1334.96	0.8	NonTarget	1	266992
1335.045	0.8	NonTarget	1	267009
1335.13	0.8	NonTarget	1	267026
1335.21	0.8	NonTarget	1	267042
1335.295	0.8	NonTarget	1	267059
1335.38	0.8	NonTarget	1	267076
1335.465	0.8	NonTarget	1	267093
1335.545	0.8	NonTarget	1	267109
1335.63	0.8	NonTarget	1	267126
1335.715	0.8	NonTarget	1	267143
1335.795	0.8	NonTarget	1	267159
1335.88	0.8	NonTarget	1	267176
1335.96	0.8	NonTarget	1	267192
1336.045	0.8	NonTarget	1	267209
1336.13	0.8	NonTarget	1	267226
1336.215	0.8	NonTarget	1	267243
1336.295	0.8	NonTarget	1	267259
1336.38	0.8	NonTarget	1	267276
1336.465	0.8	NonTarget	1	267293
1336.545	0.8	Target	2	267309
1336.63	0.8	NonTarget	1	267326
1336.715	0.8	NonTarget	1	267343
1336.795	0.8	NonTarget	1	267359
1336.88	0.8	NonTarget	1	267376
1336.965	0.8	NonTarget	1	267393
1337.05	0.8	NonTarget	1	267410
1337.445	0.8	NonTarget	1	267489
1337.53	0.8	NonTarget	1	267506
1337.615	0.8	NonTarget	1	267523
1337.7	0.8	NonTarget	1	267540
1337.78	0.8	NonTarget	1	267556
1337.865	0.8	NonTarget	1	267573
1337.95	0.8	NonTarget	1	267590
1338.03	0.8	NonTarget	1	267606
1338.115	0.8	NonTarget	1	267623
1338.2	0.8	NonTarget	1	267640
1338.28	0.8	NonTarget	1	267656
1338.365	0.8	NonTarget	1	267673
1338.45	0.8	NonTarget	1	267690
1338.535	0.8	NonTarget	1	267707
1338.615	0.8	NonTarget	1	267723
1338.7	0.8	NonTarget	1	267740
1338.785	0.8	NonTarget	1	267757
1338.865	0.8	NonTarget	1	267773
1338.95	0.8	Target	2	267790
1339.035	0.8	NonTarget	1	267807
1339.115	0.8	NonTarget	1	267823
1339.2	0.8	NonTarget	1	267840
1339.285	0.8	NonTarget	1	267857
1339.37	0.8	NonTarget	1	267874
1339.45	0.8	NonTarget	1	267890
1339.535	0.8	NonTarget	1	267907
1339.62	0.8	NonTarget	1	267924
1339.7	0.8	NonTarget	1	267940
1339.785	0.8	NonTarget	1	267957
1339.87	0.8	NonTarget	1	267974
1340.27	0.8	NonTarget	1	268054
1340.35	0.8	NonTarget	1	268070
1340.435	0.8	NonTarget	1	268087
1340.52	0.8	Target	2	268104
1340.605	0.8	NonTarget	1	268121
1340.685	0.8	NonTarget	1	268137
1340.77	0.8	NonTarget	1	268154
1340.85	0.8	NonTarget	1	268170
1340.935	0.8	NonTarget	1	268187
1341.02	0.8	NonTarget	1	268204
1341.105	0.8	NonTarget	1	268221
1341.185	0.8	NonTarget	1	268237
1341.27	0.8	NonTarget	1	268254
1341.355	0.8	NonTarget	1	268271
1341.435	0.8	NonTarget	1	268287
1341.52	0.8	NonTarget	1	268304
1341.605	0.8	NonTarget	1	268321
1341.69	0.8	NonTarget	1	268338
1341.77	0.8	NonTarget	1	268354
1341.855	0.8	NonTarget	1	268371
1341.94	0.8	NonTarget	1	268388
1342.02	0.8	NonTarget	1	268404
1342.105	0.8	NonTarget	1	268421
1342.19	0.8	NonTarget	1	268438
1342.27	0.8	NonTarget	1	268454
1342.355	0.8	NonTarget	1	268471
1342.44	0.8	NonTarget	1	268488
1342.52	0.8	NonTarget	1	268504
1342.605	0.8	NonTarget	1	268521
1342.69	0.8	NonTarget	1	268538
1343.09	0.8	NonTarget	1	268618
1343.175	0.8	NonTarget	1	268635
1343.255	0.8	NonTarget	1	268651
1343.34	0.8	NonTarget	1	268668
1343.425	0.8	NonTarget	1	268685
1343.505	0.8	NonTarget	1	268701
1343.59	0.8	NonTarget	1	268718
1343.675	0.8	NonTarget	1	268735
1343.755	0.8	NonTarget	1	268751
1343.84	0.8	NonTarget	1	268768
1343.925	0.8	NonTarget	1	268785
1344.005	0.8	NonTarget	1	268801
1344.09	0.8	NonTarget	1	268818
1344.175	0.8	NonTarget	1	268835
1344.255	0.8	NonTarget	1	268851
1344.34	0.8	NonTarget	1	268868
1344.425	0.8	NonTarget	1	268885
1344.505	0.8	NonTarget	1	268901
1344.59	0.8	Target	2	268918
1344.675	0.8	NonTarget	1	268935
1344.76	0.8	NonTarget	1	268952
1344.84	0.8	NonTarget	1	268968
1344.925	0.8	NonTarget	1	268985
1345.01	0.8	NonTarget	1	269002
1345.095	0.8	NonTarget	1	269019
1345.175	0.8	NonTarget	1	269035
1345.26	0.8	NonTarget	1	269052
1345.345	0.8	NonTarget	1	269069
1345.425	0.8	NonTarget	1	269085
1345.51	0.8	NonTarget	1	269102
1345.91	0.8	NonTarget	1	269182
1345.995	0.8	NonTarget	1	269199
1346.08	0.8	NonTarget	1	269216
1346.16	0.8	NonTarget	1	269232
1346.245	0.8	NonTarget	1	269249
1346.325	0.8	NonTarget	1	269265
1346.41	0.8	NonTarget	1	269282
1346.495	0.8	NonTarget	1	269299
1346.58	0.8	NonTarget	1	269316
1346.66	0.8	NonTarget	1	269332
1346.745	0.8	NonTarget	1	269349
1346.83	0.8	NonTarget	1	269366
1346.91	0.8	NonTarget	1	269382
1346.995	0.8	NonTarget	1	269399
1347.08	0.8	NonTarget	1	269416
1347.165	0.8	NonTarget	1	269433
1347.245	0.8	NonTarget	1	269449
1347.33	0.8	NonTarget	1	269466
1347.415	0.8	NonTarget	1	269483
1347.495	0.8	NonTarget	1	269499
1347.58	0.8	NonTarget	1	269516
1347.665	0.8	NonTarget	1	269533
1347.745	0.8	NonTarget	1	269549
1347.83	0.8	Target	2	269566
1347.915	0.8	NonTarget	1	269583
1347.995	0.8	NonTarget	1	269599
1348.08	0.8	NonTarget	1	269616
1348.16	0.8	NonTarget	1	269632
1348.245	0.8	NonTarget	1	269649
1348.33	0.8	NonTarget	1	269666
1348.73	0.8	NonTarget	1	269746
1348.815	0.8	NonTarget	1	269763
1348.9	0.8	NonTarget	1	269780
1348.98	0.8	NonTarget	1	269796
1349.065	0.8	NonTarget	1	269813
1349.15	0.8	NonTarget	1	269830
1349.23	0.8	NonTarget	1	269846
1349.315	0.8	NonTarget	1	269863
1349.4	0.8	NonTarget	1	269880
1349.48	0.8	NonTarget	1	269896
1349.565	0.8	NonTarget	1	269913
1349.65	0.8	NonTarget	1	269930
1349.73	0.8	NonTarget	1	269946
1349.815	0.8	Target	2	269963
1349.9	0.8	NonTarget	1	269980
1349.985	0.8	NonTarget	1	269997
1350.065	0.8	NonTarget	1	270013
1350.15	0.8	NonTarget	1	270030
1350.235	0.8	NonTarget	1	270047
1350.315	0.8	NonTarget	1	270063
1350.4	0.8	NonTarget	1	270080
1350.485	0.8	NonTarget	1	270097
1350.565	0.8	NonTarget	1	270113
1350.65	0.8	NonTarget	1	270130
1350.735	0.8	NonTarget	1	270147
1350.815	0.8	NonTarget	1	270163
1350.9	0.8	NonTarget	1	270180
1350.985	0.8	NonTarget	1	270197
1351.065	0.8	NonTarget	1	270213
1351.15	0.8	NonTarget	1	270230
1351.55	0.8	NonTarget	1	270310
1351.635	0.8	NonTarget	1	270327
1351.72	0.8	NonTarget	1	270344
1351.8	0.8	Target	2	270360
1351.885	0.8	NonTarget	1	270377
1351.97	0.8	NonTarget	1	270394
1352.05	0.8	NonTarget	1	270410
1352.135	0.8	NonTarget	1	270427
1352.22	0.8	NonTarget	1	270444
1352.305	0.8	NonTarget	1	270461
1352.385	0.8	NonTarget	1	270477
1352.47	0.8	NonTarget	1	270494
1352.555	0.8	NonTarget	1	270511
1352.635	0.8	NonTarget	1	270527
1352.72	0.8	NonTarget	1	270544
1352.805	0.8	NonTarget	1	270561
1352.885	0.8	NonTarget	1	270577
1352.97	0.8	NonTarget	1	270594
1353.055	0.8	NonTarget	1	270611
1353.14	0.8	NonTarget	1	270628
1353.22	0.8	NonTarget	1	270644
1353.305	0.8	NonTarget	1	270661
1353.385	0.8	NonTarget	1	270677
1353.47	0.8	NonTarget	1	270694
1353.555	0.8	NonTarget	1	270711
1353.64	0.8	NonTarget	1	270728
1353.72	0.8	NonTarget	1	270744
1353.805	0.8	NonTarget	1	270761
1353.89	0.8	NonTarget	1	270778
1353.97	0.8	NonTarget	1	270794
1354.37	0.8	NonTarget	1	270874
1354.455	0.8	NonTarget	1	270891
1354.54	0.8	NonTarget	1	270908
1354.62	0.8	NonTarget	1	270924
1354.705	0.8	NonTarget	1	270941
1354.79	0.8	NonTarget	1	270958
1354.87	0.8	NonTarget	1	270974
1354.955	0.8	NonTarget	1	270991
1355.04	0.8	NonTarget	1	271008
1355.125	0.8	NonTarget	1	271025
1355.205	0.8	NonTarget	1	271041
1355.29	0.8	NonTarget	1	271058
1355.375	0.8	NonTarget	1	271075
1355.455	0.8	NonTarget	1	271091
1355.54	0.8	NonTarget	1	271108
1355.625	0.8	NonTarget	1	271125
1355.705	0.8	NonTarget	1	271141
1355.79	0.8	NonTarget	1	271158
1355.875	0.8	NonTarget	1	271175
1355.955	0.8	NonTarget	1	271191
1356.04	0.8	NonTarget	1	271208
1356.125	0.8	NonTarget	1	271225
1356.21	0.8	NonTarget	1	271242
1356.29	0.8	NonTarget	1	271258
1356.375	0.8	NonTarget	1	271275
1356.46	0.8	NonTarget	1	271292
1356.54	0.8	NonTarget	1	271308
1356.625	0.8	NonTarget	1	271325
1356.71	0.8	Target	2	271342
1356.795	0.8	NonTarget	1	271359
1366.76	0.8	NonTarget	1	273352
1366.84	0.8	NonTarget	1	273368
1366.925	0.8	NonTarget	1	273385
1367.005	0.8	NonTarget	1	273401
1367.09	0.8	NonTarget	1	273418
1367.175	0.8	NonTarget	1	273435
1367.26	0.8	NonTarget	1	273452
1367.34	0.8	NonTarget	1	273468
1367.425	0.8	NonTarget	1	273485
1367.51	0.8	NonTarget	1	273502
1367.59	0.8	NonTarget	1	273518
1367.675	0.8	NonTarget	1	273535
1367.755	0.8	NonTarget	1	273551
1367.84	0.8	NonTarget	1	273568
1367.925	0.8	NonTarget	1	273585
1368.01	0.8	NonTarget	1	273602
1368.09	0.8	NonTarget	1	273618
1368.175	0.8	NonTarget	1	273635
1368.26	0.8	NonTarget	1	273652
1368.345	0.8	NonTarget	1	273669
1368.425	0.8	NonTarget	1	273685
1368.51	0.8	Target	2	273702
1368.59	0.8	NonTarget	1	273718
1368.675	0.8	NonTarget	1	273735
1368.76	0.8	NonTarget	1	273752
1368.84	0.8	NonTarget	1	273768
1368.925	0.8	NonTarget	1	273785
1369.01	0.8	NonTarget	1	273802
1369.095	0.8	NonTarget	1	273819
1369.175	0.8	NonTarget	1	273835
1369.575	0.8	NonTarget	1	273915
1369.66	0.8	Target	2	273932
1369.745	0.8	NonTarget	1	273949
1369.83	0.8	NonTarget	1	273966
1369.91	0.8	NonTarget	1	273982
1369.995	0.8	NonTarget	1	273999
1370.08	0.8	NonTarget	1	274016
1370.16	0.8	NonTarget	1	274032
1370.245	0.8	NonTarget	1	274049
1370.33	0.8	NonTarget	1	274066
1370.41	0.8	NonTarget	1	274082
1370.495	0.8	NonTarget	1	274099
1370.58	0.8	NonTarget	1	274116
1370.665	0.8	NonTarget	1	274133
1370.745	0.8	NonTarget	1	274149
1370.83	0.8	NonTarget	1	274166
1370.915	0.8	NonTarget	1	274183
1370.995	0.8	NonTarget	1	274199
1371.08	0.8	NonTarget	1	274216
1371.16	0.8	NonTarget	1	274232
1371.245	0.8	NonTarget	1	274249
1371.33	0.8	NonTarget	1	274266
1371.415	0.8	NonTarget	1	274283
1371.495	0.8	NonTarget	1	274299
1371.58	0.8	NonTarget	1	274316
1371.66	0.8	NonTarget	1	274332
1371.745	0.8	NonTarget	1	274349
1371.83	0.8	NonTarget	1	274366
1371.915	0.8	NonTarget	1	274383
1371.995	0.8	NonTarget	1	274399
1372.4	0.8	NonTarget	1	274480
1372.48	0.8	Target	2	274496
1372.565	0.8	NonTarget	1	274513
1372.65	0.8	NonTarget	1	274530
1372.73	0.8	NonTarget	1	274546
1372.815	0.8	NonTarget	1	274563
1372.9	0.8	NonTarget	1	274580
1372.98	0.8	NonTarget	1	274596
1373.065	0.8	NonTarget	1	274613
1373.15	0.8	NonTarget	1	274630
1373.23	0.8	NonTarget	1	274646
1373.315	0.8	NonTarget	1	274663
1373.4	0.8	NonTarget	1	274680
1373.48	0.8	NonTarget	1	274696
1373.565	0.8	NonTarget	1	274713
1373.65	0.8	NonTarget	1	274730
1373.735	0.8	NonTarget	1	274747
1373.815	0.8	NonTarget	1	274763
1373.9	0.8	NonTarget	1	274780
1373.985	0.8	NonTarget	1	274797
1374.065	0.8	NonTarget	1	274813
1374.15	0.8	NonTarget	1	274830
1374.235	0.8	NonTarget	1	274847
1374.315	0.8	NonTarget	1	274863
1374.4	0.8	NonTarget	1	274880
1374.485	0.8	NonTarget	1	274897
1374.565	0.8	NonTarget	1	274913
1374.65	0.8	NonTarget	1	274930
1374.735	0.8	NonTarget	1	274947
1374.82	0.8	NonTarget	1	274964
1375.22	0.8	NonTarget	1	275044
1375.3	0.8	NonTarget	1	275060
1375.385	0.8	NonTarget	1	275077
1375.47	0.8	NonTarget	1	275094
1375.555	0.8	NonTarget	1	275111
1375.635	0.8	NonTarget	1	275127
1375.72	0.8	NonTarget	1	275144
1375.8	0.8	NonTarget	1	275160
1375.885	0.8	NonTarget	1	275177
1375.97	0.8	NonTarget	1	275194
1376.055	0.8	NonTarget	1	275211
1376.135	0.8	NonTarget	1	275227
1376.22	0.8	NonTarget	1	275244
1376.305	0.8	NonTarget	1	275261
1376.385	0.8	NonTarget	1	275277
1376.47	0.8	NonTarget	1	275294
1376.555	0.8	NonTarget	1	275311
1376.635	0.8	NonTarget	1	275327
1376.72	0.8	NonTarget	1	275344
1376.805	0.8	NonTarget	1	275361
1376.885	0.8	NonTarget	1	275377
1376.97	0.8	Target	2	275394
1377.055	0.8	NonTarget	1	275411
1377.14	0.8	NonTarget	1	275428
1377.22	0.8	NonTarget	1	275444
1377.305	0.8	NonTarget	1	275461
1377.39	0.8	NonTarget	1	275478
1377.47	0.8	NonTarget	1	275494
1377.555	0.8	NonTarget	1	275511
1377.64	0.8	NonTarget	1	275528
1378.04	0.8	NonTarget	1	275608
1378.125	0.8	NonTarget	1	275625
1378.205	0.8	NonTarget	1	275641
1378.29	0.8	NonTarget	1	275658
1378.375	0.8	NonTarget	1	275675
1378.455	0.8	NonTarget	1	275691
1378.54	0.8	NonTarget	1	275708
1378.625	0.8	NonTarget	1	275725
1378.705	0.8	NonTarget	1	275741
1378.79	0.8	NonTarget	1	275758
1378.875	0.8	NonTarget	1	275775
1378.955	0.8	NonTarget	1	275791
1379.04	0.8	NonTarget	1	275808
1379.125	0.8	NonTarget	1	275825
1379.205	0.8	NonTarget	1	275841
1379.29	0.8	NonTarget	1	275858
1379.375	0.8	NonTarget	1	275875
1379.455	0.8	NonTarget	1	275891
1379.54	0.8	NonTarget	1	275908
1379.625	0.8	NonTarget	1	275925
1379.71	0.8	NonTarget	1	275942
1379.79	0.8	NonTarget	1	275958
1379.875	0.8	NonTarget	1	275975
1379.96	0.8	NonTarget	1	275992
1380.04	0.8	NonTarget	1	276008
1380.125	0.8	NonTarget	1	276025
1380.21	0.8	Target	2	276042
1380.29	0.8	NonTarget	1	276058
1380.375	0.8	NonTarget	1	276075
1380.46	0.8	NonTarget	1	276092
1380.86	0.8	NonTarget	1	276172
1380.945	0.8	Target	2	276189
1381.025	0.8	NonTarget	1	276205
1381.11	0.8	NonTarget	1	276222
1381.195	0.8	NonTarget	1	276239
1381.275	0.8	NonTarget	1	276255
1381.36	0.8	NonTarget	1	276272
1381.445	0.8	NonTarget	1	276289
1381.525	0.8	NonTarget	1	276305
1381.61	0.8	NonTarget	1	276322
1381.695	0.8	NonTarget	1	276339
1381.78	0.8	NonTarget	1	276356
1381.86	0.8	NonTarget	1	276372
1381.945	0.8	NonTarget	1	276389
1382.03	0.8	NonTarget	1	276406
1382.11	0.8	NonTarget	1	276422
1382.195	0.8	NonTarget	1	276439
1382.28	0.8	NonTarget	1	276456
1382.36	0.8	NonTarget	1	276472
1382.445	0.8	NonTarget	1	276489
1382.53	0.8	NonTarget	1	276506
1382.61	0.8	NonTarget	1	276522
1382.695	0.8	NonTarget	1	276539
1382.78	0.8	NonTarget	1	276556
1382.86	0.8	NonTarget	1	276572
1382.945	0.8	NonTarget	1	276589
1383.03	0.8	NonTarget	1	276606
1383.115	0.8	NonTarget	1	276623
1383.195	0.8	NonTarget	1	276639
1383.28	0.8	NonTarget	1	276656
1383.68	0.8	NonTarget	1	276736
1383.765	0.8	Target	2	276753
1383.845	0.8	NonTarget	1	276769
1383.93	0.8	NonTarget	1	276786
1384.015	0.8	NonTarget	1	276803
1384.1	0.8	NonTarget	1	276820
1384.18	0.8	NonTarget	1	276836
1384.265	0.8	NonTarget	1	276853
1384.35	0.8	NonTarget	1	276870
1384.435	0.8	NonTarget	1	276887
1384.515	0.8	NonTarget	1	276903
1384.595	0.8	NonTarget	1	276919
1384.68	0.8	NonTarget	1	276936
1384.765	0.8	NonTarget	1	276953
1384.85	0.8	NonTarget	1	276970
1384.93	0.8	NonTarget	1	276986
1385.015	0.8	NonTarget	1	277003
1385.1	0.8	NonTarget	1	277020
1385.185	0.8	NonTarget	1	277037
1385.265	0.8	NonTarget	1	277053
1385.35	0.8	NonTarget	1	277070
1385.435	0.8	NonTarget	1	277087
1385.515	0.8	NonTarget	1	277103
1385.6	0.8	NonTarget	1	277120
1385.685	0.8	NonTarget	1	277137
1385.765	0.8	NonTarget	1	277153
1385.85	0.8	NonTarget	1	277170
1385.935	0.8	NonTarget	1	277187
1386.015	0.8	NonTarget	1	277203
1386.1	0.8	NonTarget	1	277220
1386.5	0.8	NonTarget	1	277300
1386.585	0.8	NonTarget	1	277317
1386.67	0.8	NonTarget	1	277334
1386.75	0.8	NonTarget	1	277350
1386.835	0.8	NonTarget	1	277367
1386.92	0.8	NonTarget	1	277384
1387.0	0.8	NonTarget	1	277400
1387.085	0.8	NonTarget	1	277417
1387.17	0.8	NonTarget	1	277434
1387.25	0.8	NonTarget	1	277450
1387.335	0.8	NonTarget	1	277467
1387.42	0.8	NonTarget	1	277484
1387.505	0.8	NonTarget	1	277501
1387.585	0.8	NonTarget	1	277517
1387.67	0.8	NonTarget	1	277534
1387.75	0.8	NonTarget	1	277550
1387.835	0.8	Target	2	277567
1387.92	0.8	NonTarget	1	277584
1388.005	0.8	NonTarget	1	277601
1388.085	0.8	NonTarget	1	277617
1388.17	0.8	NonTarget	1	277634
1388.255	0.8	NonTarget	1	277651
1388.335	0.8	NonTarget	1	277667
1388.42	0.8	NonTarget	1	277684
1388.505	0.8	NonTarget	1	277701
1388.59	0.8	NonTarget	1	277718
1388.67	0.8	NonTarget	1	277734
1388.755	0.8	NonTarget	1	277751
1388.84	0.8	NonTarget	1	277768
1388.92	0.8	NonTarget	1	277784
1389.32	0.8	NonTarget	1	277864
1389.405	0.8	NonTarget	1	277881
1389.49	0.8	NonTarget	1	277898
1389.57	0.8	NonTarget	1	277914
1389.655	0.8	NonTarget	1	277931
1389.74	0.8	NonTarget	1	277948
1389.82	0.8	NonTarget	1	277964
1389.905	0.8	NonTarget	1	277981
1389.99	0.8	NonTarget	1	277998
1390.075	0.8	NonTarget	1	278015
1390.155	0.8	NonTarget	1	278031
1390.24	0.8	NonTarget	1	278048
1390.325	0.8	NonTarget	1	278065
1390.405	0.8	NonTarget	1	278081
1390.49	0.8	NonTarget	1	278098
1390.575	0.8	NonTarget	1	278115
1390.655	0.8	NonTarget	1	278131
1390.74	0.8	NonTarget	1	278148
1390.825	0.8	NonTarget	1	278165
1390.91	0.8	NonTarget	1	278182
1390.99	0.8	NonTarget	1	278198
1391.075	0.8	Target	2	278215
1391.16	0.8	NonTarget	1	278232
1391.24	0.8	NonTarget	1	278248
1391.325	0.8	NonTarget	1	278265
1391.41	0.8	NonTarget	1	278282
1391.49	0.8	NonTarget	1	278298
1391.575	0.8	NonTarget	1	278315
1391.66	0.8	NonTarget	1	278332
1391.74	0.8	NonTarget	1	278348
1392.14	0.8	NonTarget	1	278428
1392.225	0.8	NonTarget	1	278445
1392.31	0.8	NonTarget	1	278462
1392.395	0.8	NonTarget	1	278479
1392.475	0.8	NonTarget	1	278495
1392.56	0.8	NonTarget	1	278512
1392.645	0.8	NonTarget	1	278529
1392.725	0.8	NonTarget	1	278545
1392.81	0.8	NonTarget	1	278562
1392.895	0.8	NonTarget	1	278579
1392.975	0.8	NonTarget	1	278595
1393.06	0.8	Target	2	278612
1393.145	0.8	NonTarget	1	278629
1393.225	0.8	NonTarget	1	278645
1393.31	0.8	NonTarget	1	278662
1393.395	0.8	NonTarget	1	278679
1393.48	0.8	NonTarget	1	278696
1393.56	0.8	NonTarget	1	278712
1393.645	0.8	NonTarget	1	278729
1393.73	0.8	NonTarget	1	278746
1393.81	0.8	NonTarget	1	278762
1393.895	0.8	NonTarget	1	278779
1393.975	0.8	NonTarget	1	278795
1394.06	0.8	NonTarget	1	278812
1394.145	0.8	NonTarget	1	278829
1394.23	0.8	NonTarget	1	278846
1394.31	0.8	NonTarget	1	278862
1394.395	0.8	NonTarget	1	278879
1394.48	0.8	NonTarget	1	278896
1394.56	0.8	NonTarget	1	278912
1404.495	0.8	NonTarget	1	280899
1404.575	0.8	NonTarget	1	280915
1404.66	0.8	NonTarget	1	280932
1404.745	0.8	NonTarget	1	280949
1404.825	0.8	NonTarget	1	280965
1404.91	0.8	NonTarget	1	280982
1404.995	0.8	NonTarget	1	280999
1405.075	0.8	Target	2	281015
1405.16	0.8	NonTarget	1	281032
1405.245	0.8	NonTarget	1	281049
1405.325	0.8	NonTarget	1	281065
1405.41	0.8	NonTarget	1	281082
1405.495	0.8	NonTarget	1	281099
1405.58	0.8	NonTarget	1	281116
1405.66	0.8	NonTarget	1	281132
1405.745	0.8	NonTarget	1	281149
1405.83	0.8	NonTarget	1	281166
1405.91	0.8	NonTarget	1	281182
1405.995	0.8	NonTarget	1	281199
1406.075	0.8	NonTarget	1	281215
1406.16	0.8	NonTarget	1	281232
1406.245	0.8	NonTarget	1	281249
1406.33	0.8	NonTarget	1	281266
1406.41	0.8	NonTarget	1	281282
1406.495	0.8	NonTarget	1	281299
1406.58	0.8	NonTarget	1	281316
1406.665	0.8	NonTarget	1	281333
1406.745	0.8	NonTarget	1	281349
1406.83	0.8	NonTarget	1	281366
1406.915	0.8	NonTarget	1	281383
1407.315	0.8	NonTarget	1	281463
1407.4	0.8	NonTarget	1	281480
1407.48	0.8	NonTarget	1	281496
1407.565	0.8	NonTarget	1	281513
1407.65	0.8	NonTarget	1	281530
1407.73	0.8	NonTarget	1	281546
1407.815	0.8	NonTarget	1	281563
1407.9	0.8	Target	2	281580
1407.98	0.8	NonTarget	1	281596
1408.065	0.8	NonTarget	1	281613
1408.15	0.8	NonTarget	1	281630
1408.23	0.8	NonTarget	1	281646
1408.315	0.8	NonTarget	1	281663
1408.4	0.8	NonTarget	1	281680
1408.48	0.8	NonTarget	1	281696
1408.565	0.8	NonTarget	1	281713
1408.65	0.8	NonTarget	1	281730
1408.73	0.8	NonTarget	1	281746
1408.815	0.8	NonTarget	1	281763
1408.9	0.8	NonTarget	1	281780
1408.985	0.8	NonTarget	1	281797
1409.065	0.8	NonTarget	1	281813
1409.15	0.8	NonTarget	1	281830
1409.235	0.8	NonTarget	1	281847
1409.315	0.8	NonTarget	1	281863
1409.4	0.8	NonTarget	1	281880
1409.485	0.8	NonTarget	1	281897
1409.565	0.8	NonTarget	1	281913
1409.65	0.8	NonTarget	1	281930
1409.735	0.8	NonTarget	1	281947
1410.135	0.8	NonTarget	1	282027
1410.22	0.8	NonTarget	1	282044
1410.3	0.8	Target	2	282060
1410.385	0.8	NonTarget	1	282077
1410.47	0.8	NonTarget	1	282094
1410.55	0.8	NonTarget	1	282110
1410.635	0.8	NonTarget	1	282127
1410.72	0.8	NonTarget	1	282144
1410.8	0.8	NonTarget	1	282160
1410.885	0.8	NonTarget	1	282177
1410.97	0.8	NonTarget	1	282194
1411.05	0.8	NonTarget	1	282210
1411.135	0.8	NonTarget	1	282227
1411.22	0.8	NonTarget	1	282244
1411.305	0.8	NonTarget	1	282261
1411.385	0.8	NonTarget	1	282277
1411.47	0.8	NonTarget	1	282294
1411.555	0.8	NonTarget	1	282311
1411.635	0.8	NonTarget	1	282327
1411.72	0.8	NonTarget	1	282344
1411.805	0.8	NonTarget	1	282361
1411.89	0.8	NonTarget	1	282378
1411.97	0.8	NonTarget	1	282394
1412.055	0.8	NonTarget	1	282411
1412.135	0.8	NonTarget	1	282427
1412.22	0.8	NonTarget	1	282444
1412.305	0.8	NonTarget	1	282461
1412.39	0.8	NonTarget	1	282478
1412.47	0.8	NonTarget	1	282494
1412.555	0.8	NonTarget	1	282511
1412.955	0.8	NonTarget	1	282591
1413.04	0.8	NonTarget	1	282608
1413.12	0.8	NonTarget	1	282624
1413.205	0.8	NonTarget	1	282641
1413.29	0.8	NonTarget	1	282658
1413.375	0.8	NonTarget	1	282675
1413.455	0.8	NonTarget	1	282691
1413.54	0.8	Target	2	282708
1413.625	0.8	NonTarget	1	282725
1413.705	0.8	NonTarget	1	282741
1413.79	0.8	NonTarget	1	282758
1413.875	0.8	NonTarget	1	282775
1413.955	0.8	NonTarget	1	282791
1414.04	0.8	NonTarget	1	282808
1414.12	0.8	NonTarget	1	282824
1414.205	0.8	NonTarget	1	282841
1414.29	0.8	NonTarget	1	282858
1414.375	0.8	NonTarget	1	282875
1414.46	0.8	NonTarget	1	282892
1414.54	0.8	NonTarget	1	282908
1414.625	0.8	NonTarget	1	282925
1414.705	0.8	NonTarget	1	282941
1414.79	0.8	NonTarget	1	282958
1414.875	0.8	NonTarget	1	282975
1414.96	0.8	NonTarget	1	282992
1415.04	0.8	NonTarget	1	283008
1415.125	0.8	NonTarget	1	283025
1415.21	0.8	NonTarget	1	283042
1415.295	0.8	NonTarget	1	283059
1415.375	0.8	NonTarget	1	283075
1415.775	0.8	NonTarget	1	283155
1415.86	0.8	NonTarget	1	283172
1415.945	0.8	NonTarget	1	283189
1416.025	0.8	NonTarget	1	283205
1416.11	0.8	NonTarget	1	283222
1416.195	0.8	NonTarget	1	283239
1416.275	0.8	NonTarget	1	283255
1416.36	0.8	NonTarget	1	283272
1416.445	0.8	NonTarget	1	283289
1416.525	0.8	NonTarget	1	283305
1416.61	0.8	NonTarget	1	283322
1416.695	0.8	NonTarget	1	283339
1416.775	0.8	NonTarget	1	283355
1416.86	0.8	NonTarget	1	283372
1416.945	0.8	NonTarget	1	283389
1417.025	0.8	NonTarget	1	283405
1417.11	0.8	NonTarget	1	283422
1417.195	0.8	Target	2	283439
1417.28	0.8	NonTarget	1	283456
1417.36	0.8	NonTarget	1	283472
1417.445	0.8	NonTarget	1	283489
1417.53	0.8	NonTarget	1	283506
1417.61	0.8	NonTarget	1	283522
1417.695	0.8	NonTarget	1	283539
1417.78	0.8	NonTarget	1	283556
1417.865	0.8	NonTarget	1	283573
1417.945	0.8	NonTarget	1	283589
1418.03	0.8	NonTarget	1	283606
1418.11	0.8	NonTarget	1	283622
1418.195	0.8	NonTarget	1	283639
1418.595	0.8	NonTarget	1	283719
1418.68	0.8	NonTarget	1	283736
1418.765	0.8	NonTarget	1	283753
1418.845	0.8	NonTarget	1	283769
1418.93	0.8	NonTarget	1	283786
1419.015	0.8	NonTarget	1	283803
1419.1	0.8	NonTarget	1	283820
1419.18	0.8	Target	2	283836
1419.265	0.8	NonTarget	1	283853
1419.35	0.8	NonTarget	1	283870
1419.43	0.8	NonTarget	1	283886
1419.515	0.8	NonTarget	1	283903
1419.6	0.8	NonTarget	1	283920
1419.68	0.8	NonTarget	1	283936
1419.765	0.8	NonTarget	1	283953
1419.85	0.8	NonTarget	1	283970
1419.93	0.8	NonTarget	1	283986
1420.015	0.8	NonTarget	1	284003
1420.1	0.8	NonTarget	1	284020
1420.18	0.8	NonTarget	1	284036
1420.265	0.8	NonTarget	1	284053
1420.35	0.8	NonTarget	1	284070
1420.43	0.8	NonTarget	1	284086
1420.515	0.8	NonTarget	1	284103
1420.6	0.8	NonTarget	1	284120
1420.685	0.8	NonTarget	1	284137
1420.765	0.8	NonTarget	1	284153
1420.85	0.8	NonTarget	1	284170
1420.935	0.8	NonTarget	1	284187
1421.015	0.8	NonTarget	1	284203
1421.415	0.8	NonTarget	1	284283
1421.5	0.8	NonTarget	1	284300
1421.585	0.8	Target	2	284317
1421.67	0.8	NonTarget	1	284334
1421.75	0.8	NonTarget	1	284350
1421.835	0.8	NonTarget	1	284367
1421.915	0.8	NonTarget	1	284383
1422.0	0.8	NonTarget	1	284400
1422.085	0.8	NonTarget	1	284417
1422.17	0.8	NonTarget	1	284434
1422.25	0.8	NonTarget	1	284450
1422.335	0.8	NonTarget	1	284467
1422.42	0.8	NonTarget	1	284484
1422.5	0.8	NonTarget	1	284500
1422.585	0.8	NonTarget	1	284517
1422.67	0.8	NonTarget	1	284534
1422.75	0.8	NonTarget	1	284550
1422.835	0.8	NonTarget	1	284567
1422.92	0.8	NonTarget	1	284584
1423.0	0.8	NonTarget	1	284600
1423.085	0.8	NonTarget	1	284617
1423.17	0.8	NonTarget	1	284634
1423.255	0.8	NonTarget	1	284651
1423.335	0.8	NonTarget	1	284667
1423.42	0.8	NonTarget	1	284684
1423.505	0.8	NonTarget	1	284701
1423.585	0.8	NonTarget	1	284717
1423.67	0.8	NonTarget	1	284734
1423.755	0.8	NonTarget	1	284751
1423.835	0.8	NonTarget	1	284767
1424.235	0.8	NonTarget	1	284847
1424.32	0.8	NonTarget	1	284864
1424.405	0.8	NonTarget	1	284881
1424.49	0.8	NonTarget	1	284898
1424.57	0.8	NonTarget	1	284914
1424.655	0.8	NonTarget	1	284931
1424.74	0.8	NonTarget	1	284948
1424.82	0.8	Target	2	284964
1424.905	0.8	NonTarget	1	284981
1424.99	0.8	NonTarget	1	284998
1425.07	0.8	NonTarget	1	285014
1425.155	0.8	NonTarget	1	285031
1425.24	0.8	NonTarget	1	285048
1425.325	0.8	NonTarget	1	285065
1425.405	0.8	NonTarget	1	285081
1425.49	0.8	NonTarget	1	285098
1425.575	0.8	NonTarget	1	285115
1425.655	0.8	NonTarget	1	285131
1425.74	0.8	NonTarget	1	285148
1425.825	0.8	NonTarget	1	285165
1425.91	0.8	NonTarget	1	285182
1425.99	0.8	NonTarget	1	285198
1426.075	0.8	NonTarget	1	285215
1426.16	0.8	NonTarget	1	285232
1426.24	0.8	NonTarget	1	285248
1426.325	0.8	NonTarget	1	285265
1426.405	0.8	NonTarget	1	285281
1426.49	0.8	NonTarget	1	285298
1426.575	0.8	NonTarget	1	285315
1426.66	0.8	NonTarget	1	285332
1427.06	0.8	NonTarget	1	285412
1427.14	0.8	NonTarget	1	285428
1427.225	0.8	Target	2	285445
1427.31	0.8	NonTarget	1	285462
1427.39	0.8	NonTarget	1	285478
1427.475	0.8	NonTarget	1	285495
1427.56	0.8	NonTarget	1	285512
1427.645	0.8	NonTarget	1	285529
1427.725	0.8	NonTarget	1	285545
1427.81	0.8	NonTarget	1	285562
1427.895	0.8	NonTarget	1	285579
1427.975	0.8	NonTarget	1	285595
1428.06	0.8	NonTarget	1	285612
1428.145	0.8	NonTarget	1	285629
1428.225	0.8	NonTarget	1	285645
1428.31	0.8	NonTarget	1	285662
1428.395	0.8	NonTarget	1	285679
1428.475	0.8	NonTarget	1	285695
1428.56	0.8	NonTarget	1	285712
1428.645	0.8	NonTarget	1	285729
1428.73	0.8	NonTarget	1	285746
1428.81	0.8	NonTarget	1	285762
1428.895	0.8	NonTarget	1	285779
1428.98	0.8	NonTarget	1	285796
1429.06	0.8	NonTarget	1	285812
1429.145	0.8	NonTarget	1	285829
1429.23	0.8	NonTarget	1	285846
1429.31	0.8	NonTarget	1	285862
1429.395	0.8	NonTarget	1	285879
1429.475	0.8	NonTarget	1	285895
1429.88	0.8	NonTarget	1	285976
1429.965	0.8	NonTarget	1	285993
1430.045	0.8	NonTarget	1	286009
1430.13	0.8	NonTarget	1	286026
1430.215	0.8	NonTarget	1	286043
1430.3	0.8	NonTarget	1	286060
1430.38	0.8	NonTarget	1	286076
1430.465	0.8	NonTarget	1	286093
1430.545	0.8	NonTarget	1	286109
1430.63	0.8	NonTarget	1	286126
1430.715	0.8	NonTarget	1	286143
1430.795	0.8	NonTarget	1	286159
1430.88	0.8	NonTarget	1	286176
1430.965	0.8	NonTarget	1	286193
1431.05	0.8	NonTarget	1	286210
1431.13	0.8	NonTarget	1	286226
1431.215	0.8	NonTarget	1	286243
1431.3	0.8	Target	2	286260
1431.38	0.8	NonTarget	1	286276
1431.465	0.8	NonTarget	1	286293
1431.545	0.8	NonTarget	1	286309
1431.63	0.8	NonTarget	1	286326
1431.715	0.8	NonTarget	1	286343
1431.8	0.8	NonTarget	1	286360
1431.88	0.8	NonTarget	1	286376
1431.965	0.8	NonTarget	1	286393
1432.05	0.8	NonTarget	1	286410
1432.13	0.8	NonTarget	1	286426
1432.215	0.8	NonTarget	1	286443
1432.3	0.8	NonTarget	1	286460
1442.27	0.8	NonTarget	1	288454
1442.345	0.8	NonTarget	1	288469
1442.43	0.8	NonTarget	1	288486
1442.515	0.8	NonTarget	1	288503
1442.595	0.8	NonTarget	1	288519
1442.68	0.8	NonTarget	1	288536
1442.765	0.8	NonTarget	1	288553
1442.845	0.8	NonTarget	1	288569
1442.93	0.8	NonTarget	1	288586
1443.015	0.8	NonTarget	1	288603
1443.095	0.8	NonTarget	1	288619
1443.18	0.8	NonTarget	1	288636
1443.265	0.8	NonTarget	1	288653
1443.35	0.8	NonTarget	1	288670
1443.43	0.8	NonTarget	1	288686
1443.515	0.8	NonTarget	1	288703
1443.6	0.8	NonTarget	1	288720
1443.68	0.8	NonTarget	1	288736
1443.765	0.8	Target	2	288753
1443.85	0.8	NonTarget	1	288770
1443.935	0.8	NonTarget	1	288787
1444.015	0.8	NonTarget	1	288803
1444.1	0.8	NonTarget	1	288820
1444.185	0.8	NonTarget	1	288837
1444.265	0.8	NonTarget	1	288853
1444.35	0.8	NonTarget	1	288870
1444.435	0.8	NonTarget	1	288887
1444.515	0.8	NonTarget	1	288903
1444.6	0.8	NonTarget	1	288920
1444.685	0.8	NonTarget	1	288937
1445.085	0.8	NonTarget	1	289017
1445.17	0.8	NonTarget	1	289034
1445.25	0.8	NonTarget	1	289050
1445.335	0.8	NonTarget	1	289067
1445.42	0.8	NonTarget	1	289084
1445.5	0.8	NonTarget	1	289100
1445.585	0.8	NonTarget	1	289117
1445.67	0.8	NonTarget	1	289134
1445.75	0.8	NonTarget	1	289150
1445.835	0.8	NonTarget	1	289167
1445.92	0.8	NonTarget	1	289184
1446.0	0.8	NonTarget	1	289200
1446.085	0.8	NonTarget	1	289217
1446.17	0.8	Target	2	289234
1446.25	0.8	NonTarget	1	289250
1446.335	0.8	NonTarget	1	289267
1446.42	0.8	NonTarget	1	289284
1446.5	0.8	NonTarget	1	289300
1446.585	0.8	NonTarget	1	289317
1446.67	0.8	NonTarget	1	289334
1446.755	0.8	NonTarget	1	289351
1446.835	0.8	NonTarget	1	289367
1446.92	0.8	NonTarget	1	289384
1447.005	0.8	NonTarget	1	289401
1447.085	0.8	NonTarget	1	289417
1447.17	0.8	NonTarget	1	289434
1447.255	0.8	NonTarget	1	289451
1447.34	0.8	NonTarget	1	289468
1447.42	0.8	NonTarget	1	289484
1447.505	0.8	NonTarget	1	289501
1447.905	0.8	NonTarget	1	289581
1447.99	0.8	NonTarget	1	289598
1448.07	0.8	NonTarget	1	289614
1448.155	0.8	NonTarget	1	289631
1448.24	0.8	NonTarget	1	289648
1448.32	0.8	NonTarget	1	289664
1448.405	0.8	NonTarget	1	289681
1448.49	0.8	NonTarget	1	289698
1448.57	0.8	NonTarget	1	289714
1448.655	0.8	NonTarget	1	289731
1448.74	0.8	NonTarget	1	289748
1448.825	0.8	NonTarget	1	289765
1448.905	0.8	NonTarget	1	289781
1448.99	0.8	Target	2	289798
1449.075	0.8	NonTarget	1	289815
1449.155	0.8	NonTarget	1	289831
1449.24	0.8	NonTarget	1	289848
1449.325	0.8	NonTarget	1	289865
1449.405	0.8	NonTarget	1	289881
1449.49	0.8	NonTarget	1	289898
1449.575	0.8	NonTarget	1	289915
1449.655	0.8	NonTarget	1	289931
1449.74	0.8	NonTarget	1	289948
1449.825	0.8	NonTarget	1	289965
1449.905	0.8	NonTarget	1	289981
1449.99	0.8	NonTarget	1	289998
1450.075	0.8	NonTarget	1	290015
1450.16	0.8	NonTarget	1	290032
1450.24	0.8	NonTarget	1	290048
1450.325	0.8	NonTarget	1	290065
1450.725	0.8	NonTarget	1	290145
1450.81	0.8	NonTarget	1	290162
1450.89	0.8	NonTarget	1	290178
1450.975	0.8	NonTarget	1	290195
1451.06	0.8	NonTarget	1	290212
1451.145	0.8	NonTarget	1	290229
1451.225	0.8	NonTarget	1	290245
1451.31	0.8	NonTarget	1	290262
1451.395	0.8	NonTarget	1	290279
1451.475	0.8	NonTarget	1	290295
1451.56	0.8	NonTarget	1	290312
1451.645	0.8	NonTarget	1	290329
1451.725	0.8	NonTarget	1	290345
1451.81	0.8	NonTarget	1	290362
1451.895	0.8	NonTarget	1	290379
1451.975	0.8	NonTarget	1	290395
1452.06	0.8	NonTarget	1	290412
1452.145	0.8	NonTarget	1	290429
1452.225	0.8	NonTarget	1	290445
1452.31	0.8	NonTarget	1	290462
1452.395	0.8	NonTarget	1	290479
1452.48	0.8	NonTarget	1	290496
1452.56	0.8	NonTarget	1	290512
1452.645	0.8	NonTarget	1	290529
1452.725	0.8	NonTarget	1	290545
1452.815	0.8	NonTarget	1	290563
1452.895	0.8	NonTarget	1	290579
1452.98	0.8	NonTarget	1	290596
1453.06	0.8	Target	2	290612
1453.145	0.8	NonTarget	1	290629
1453.545	0.8	NonTarget	1	290709
1453.63	0.8	NonTarget	1	290726
1453.715	0.8	NonTarget	1	290743
1453.795	0.8	NonTarget	1	290759
1453.88	0.8	NonTarget	1	290776
1453.965	0.8	NonTarget	1	290793
1454.045	0.8	NonTarget	1	290809
1454.13	0.8	NonTarget	1	290826
1454.215	0.8	NonTarget	1	290843
1454.3	0.8	NonTarget	1	290860
1454.38	0.8	NonTarget	1	290876
1454.465	0.8	NonTarget	1	290893
1454.55	0.8	NonTarget	1	290910
1454.63	0.8	NonTarget	1	290926
1454.715	0.8	NonTarget	1	290943
1454.795	0.8	NonTarget	1	290959
1454.88	0.8	NonTarget	1	290976
1454.965	0.8	NonTarget	1	290993
1455.05	0.8	NonTarget	1	291010
1455.13	0.8	NonTarget	1	291026
1455.215	0.8	NonTarget	1	291043
1455.3	0.8	NonTarget	1	291060
1455.38	0.8	NonTarget	1	291076
1455.465	0.8	Target	2	291093
1455.55	0.8	NonTarget	1	291110
1455.63	0.8	NonTarget	1	291126
1455.715	0.8	NonTarget	1	291143
1455.8	0.8	NonTarget	1	291160
1455.885	0.8	NonTarget	1	291177
1455.965	0.8	NonTarget	1	291193
1456.365	0.8	NonTarget	1	291273
1456.45	0.8	NonTarget	1	291290
1456.535	0.8	NonTarget	1	291307
1456.62	0.8	NonTarget	1	291324
1456.7	0.8	NonTarget	1	291340
1456.785	0.8	NonTarget	1	291357
1456.865	0.8	NonTarget	1	291373
1456.95	0.8	NonTarget	1	291390
1457.035	0.8	NonTarget	1	291407
1457.115	0.8	NonTarget	1	291423
1457.2	0.8	NonTarget	1	291440
1457.285	0.8	NonTarget	1	291457
1457.37	0.8	NonTarget	1	291474
1457.45	0.8	NonTarget	1	291490
1457.535	0.8	NonTarget	1	291507
1457.62	0.8	NonTarget	1	291524
1457.7	0.8	NonTarget	1	291540
1457.785	0.8	NonTarget	1	291557
1457.87	0.8	Target	2	291574
1457.95	0.8	NonTarget	1	291590
1458.035	0.8	NonTarget	1	291607
1458.12	0.8	NonTarget	1	291624
1458.205	0.8	NonTarget	1	291641
1458.285	0.8	NonTarget	1	291657
1458.37	0.8	NonTarget	1	291674
1458.455	0.8	NonTarget	1	291691
1458.535	0.8	NonTarget	1	291707
1458.62	0.8	NonTarget	1	291724
1458.705	0.8	NonTarget	1	291741
1458.79	0.8	NonTarget	1	291758
1459.185	0.8	NonTarget	1	291837
1459.27	0.8	NonTarget	1	291854
1459.355	0.8	NonTarget	1	291871
1459.44	0.8	NonTarget	1	291888
1459.52	0.8	NonTarget	1	291904
1459.605	0.8	NonTarget	1	291921
1459.69	0.8	NonTarget	1	291938
1459.77	0.8	NonTarget	1	291954
1459.855	0.8	Target	2	291971
1459.94	0.8	NonTarget	1	291988
1460.02	0.8	NonTarget	1	292004
1460.105	0.8	NonTarget	1	292021
1460.19	0.8	NonTarget	1	292038
1460.275	0.8	NonTarget	1	292055
1460.355	0.8	NonTarget	1	292071
1460.44	0.8	NonTarget	1	292088
1460.52	0.8	NonTarget	1	292104
1460.605	0.8	NonTarget	1	292121
1460.69	0.8	NonTarget	1	292138
1460.775	0.8	NonTarget	1	292155
1460.855	0.8	NonTarget	1	292171
1460.94	0.8	NonTarget	1	292188
1461.025	0.8	NonTarget	1	292205
1461.11	0.8	NonTarget	1	292222
1461.19	0.8	NonTarget	1	292238
1461.275	0.8	NonTarget	1	292255
1461.355	0.8	NonTarget	1	292271
1461.44	0.8	NonTarget	1	292288
1461.525	0.8	NonTarget	1	292305
1461.61	0.8	NonTarget	1	292322
1462.01	0.8	NonTarget	1	292402
1462.09	0.8	NonTarget	1	292418
1462.175	0.8	NonTarget	1	292435
1462.26	0.8	NonTarget	1	292452
1462.34	0.8	NonTarget	1	292468
1462.425	0.8	NonTarget	1	292485
1462.51	0.8	NonTarget	1	292502
1462.59	0.8	NonTarget	1	292518
1462.675	0.8	NonTarget	1	292535
1462.76	0.8	NonTarget	1	292552
1462.84	0.8	NonTarget	1	292568
1462.925	0.8	NonTarget	1	292585
1463.01	0.8	NonTarget	1	292602
1463.095	0.8	NonTarget	1	292619
1463.175	0.8	NonTarget	1	292635
1463.26	0.8	NonTarget	1	292652
1463.345	0.8	NonTarget	1	292669
1463.425	0.8	NonTarget	1	292685
1463.51	0.8	Target	2	292702
1463.595	0.8	NonTarget	1	292719
1463.675	0.8	NonTarget	1	292735
1463.76	0.8	NonTarget	1	292752
1463.845	0.8	NonTarget	1	292769
1463.925	0.8	NonTarget	1	292785
1464.01	0.8	NonTarget	1	292802
1464.095	0.8	NonTarget	1	292819
1464.18	0.8	NonTarget	1	292836
1464.265	0.8	NonTarget	1	292853
1464.345	0.8	NonTarget	1	292869
1464.43	0.8	NonTarget	1	292886
1464.83	0.8	NonTarget	1	292966
1464.915	0.8	NonTarget	1	292983
1464.995	0.8	NonTarget	1	292999
1465.08	0.8	Target	2	293016
1465.165	0.8	NonTarget	1	293033
1465.245	0.8	NonTarget	1	293049
1465.33	0.8	NonTarget	1	293066
1465.415	0.8	NonTarget	1	293083
1465.495	0.8	NonTarget	1	293099
1465.58	0.8	NonTarget	1	293116
1465.665	0.8	NonTarget	1	293133
1465.745	0.8	NonTarget	1	293149
1465.83	0.8	NonTarget	1	293166
1465.915	0.8	NonTarget	1	293183
1465.995	0.8	NonTarget	1	293199
1466.08	0.8	NonTarget	1	293216
1466.165	0.8	NonTarget	1	293233
1466.245	0.8	NonTarget	1	293249
1466.33	0.8	NonTarget	1	293266
1466.415	0.8	NonTarget	1	293283
1466.5	0.8	NonTarget	1	293300
1466.58	0.8	NonTarget	1	293316
1466.665	0.8	NonTarget	1	293333
1466.75	0.8	NonTarget	1	293350
1466.83	0.8	NonTarget	1	293366
1466.915	0.8	NonTarget	1	293383
1466.995	0.8	NonTarget	1	293399
1467.08	0.8	NonTarget	1	293416
1467.165	0.8	NonTarget	1	293433
1467.25	0.8	NonTarget	1	293450
1467.65	0.8	NonTarget	1	293530
1467.735	0.8	NonTarget	1	293547
1467.815	0.8	NonTarget	1	293563
1467.9	0.8	NonTarget	1	293580
1467.985	0.8	NonTarget	1	293597
1468.065	0.8	NonTarget	1	293613
1468.15	0.8	NonTarget	1	293630
1468.235	0.8	NonTarget	1	293647
1468.32	0.8	Target	2	293664
1468.4	0.8	NonTarget	1	293680
1468.485	0.8	NonTarget	1	293697
1468.565	0.8	NonTarget	1	293713
1468.65	0.8	NonTarget	1	293730
1468.735	0.8	NonTarget	1	293747
1468.82	0.8	NonTarget	1	293764
1468.9	0.8	NonTarget	1	293780
1468.985	0.8	NonTarget	1	293797
1469.07	0.8	NonTarget	1	293814
1469.15	0.8	NonTarget	1	293830
1469.235	0.8	NonTarget	1	293847
1469.32	0.8	NonTarget	1	293864
1469.4	0.8	NonTarget	1	293880
1469.485	0.8	NonTarget	1	293897
1469.57	0.8	NonTarget	1	293914
1469.65	0.8	NonTarget	1	293930
1469.735	0.8	NonTarget	1	293947
1469.82	0.8	NonTarget	1	293964
1469.905	0.8	NonTarget	1	293981
1469.985	0.8	NonTarget	1	293997
1470.07	0.8	NonTarget	1	294014
1480.02	0.8	NonTarget	1	296004
1480.1	0.8	NonTarget	1	296020
1480.185	0.8	NonTarget	1	296037
1480.27	0.8	NonTarget	1	296054
1480.35	0.8	NonTarget	1	296070
1480.435	0.8	NonTarget	1	296087
1480.52	0.8	NonTarget	1	296104
1480.6	0.8	NonTarget	1	296120
1480.685	0.8	NonTarget	1	296137
1480.77	0.8	NonTarget	1	296154
1480.85	0.8	NonTarget	1	296170
1480.935	0.8	NonTarget	1	296187
1481.02	0.8	NonTarget	1	296204
1481.105	0.8	NonTarget	1	296221
1481.185	0.8	NonTarget	1	296237
1481.27	0.8	NonTarget	1	296254
1481.35	0.8	NonTarget	1	296270
1481.435	0.8	NonTarget	1	296287
1481.52	0.8	NonTarget	1	296304
1481.6	0.8	NonTarget	1	296320
1481.685	0.8	NonTarget	1	296337
1481.77	0.8	NonTarget	1	296354
1481.855	0.8	NonTarget	1	296371
1481.935	0.8	NonTarget	1	296387
1482.02	0.8	NonTarget	1	296404
1482.105	0.8	NonTarget	1	296421
1482.185	0.8	NonTarget	1	296437
1482.27	0.8	NonTarget	1	296454
1482.355	0.8	Target	2	296471
1482.435	0.8	NonTarget	1	296487
1482.84	0.8	NonTarget	1	296568
1482.92	0.8	NonTarget	1	296584
1483.005	0.8	NonTarget	1	296601
1483.09	0.8	NonTarget	1	296618
1483.175	0.8	NonTarget	1	296635
1483.255	0.8	NonTarget	1	296651
1483.34	0.8	NonTarget	1	296668
1483.42	0.8	NonTarget	1	296684
1483.505	0.8	NonTarget	1	296701
1483.59	0.8	NonTarget	1	296718
1483.67	0.8	NonTarget	1	296734
1483.755	0.8	NonTarget	1	296751
1483.84	0.8	NonTarget	1	296768
1483.92	0.8	NonTarget	1	296784
1484.005	0.8	NonTarget	1	296801
1484.09	0.8	NonTarget	1	296818
1484.175	0.8	NonTarget	1	296835
1484.255	0.8	NonTarget	1	296851
1484.34	0.8	NonTarget	1	296868
1484.425	0.8	NonTarget	1	296885
1484.505	0.8	NonTarget	1	296901
1484.59	0.8	NonTarget	1	296918
1484.675	0.8	NonTarget	1	296935
1484.755	0.8	Target	2	296951
1484.84	0.8	NonTarget	1	296968
1484.925	0.8	NonTarget	1	296985
1485.005	0.8	NonTarget	1	297001
1485.09	0.8	NonTarget	1	297018
1485.175	0.8	NonTarget	1	297035
1485.255	0.8	NonTarget	1	297051
1485.655	0.8	NonTarget	1	297131
1485.74	0.8	NonTarget	1	297148
1485.825	0.8	NonTarget	1	297165
1485.91	0.8	NonTarget	1	297182
1485.99	0.8	NonTarget	1	297198
1486.075	0.8	NonTarget	1	297215
1486.16	0.8	NonTarget	1	297232
1486.24	0.8	NonTarget	1	297248
1486.325	0.8	NonTarget	1	297265
1486.41	0.8	NonTarget	1	297282
1486.495	0.8	NonTarget	1	297299
1486.575	0.8	NonTarget	1	297315
1486.66	0.8	NonTarget	1	297332
1486.745	0.8	Target	2	297349
1486.825	0.8	NonTarget	1	297365
1486.91	0.8	NonTarget	1	297382
1486.995	0.8	NonTarget	1	297399
1487.075	0.8	NonTarget	1	297415
1487.16	0.8	NonTarget	1	297432
1487.245	0.8	NonTarget	1	297449
1487.325	0.8	NonTarget	1	297465
1487.41	0.8	NonTarget	1	297482
1487.495	0.8	NonTarget	1	297499
1487.58	0.8	NonTarget	1	297516
1487.66	0.8	NonTarget	1	297532
1487.745	0.8	NonTarget	1	297549
1487.83	0.8	NonTarget	1	297566
1487.91	0.8	NonTarget	1	297582
1487.995	0.8	NonTarget	1	297599
1488.08	0.8	NonTarget	1	297616
1488.48	0.8	NonTarget	1	297696
1488.565	0.8	NonTarget	1	297713
1488.645	0.8	NonTarget	1	297729
1488.73	0.8	NonTarget	1	297746
1488.81	0.8	NonTarget	1	297762
1488.895	0.8	NonTarget	1	297779
1488.98	0.8	NonTarget	1	297796
1489.065	0.8	NonTarget	1	297813
1489.145	0.8	NonTarget	1	297829
1489.23	0.8	NonTarget	1	297846
1489.315	0.8	NonTarget	1	297863
1489.395	0.8	NonTarget	1	297879
1489.48	0.8	NonTarget	1	297896
1489.565	0.8	NonTarget	1	297913
1489.645	0.8	NonTarget	1	297929
1489.73	0.8	NonTarget	1	297946
1489.815	0.8	NonTarget	1	297963
1489.9	0.8	NonTarget	1	297980
1489.98	0.8	Target	2	297996
1490.065	0.8	NonTarget	1	298013
1490.145	0.8	NonTarget	1	298029
1490.23	0.8	NonTarget	1	298046
1490.315	0.8	NonTarget	1	298063
1490.4	0.8	NonTarget	1	298080
1490.48	0.8	NonTarget	1	298096
1490.565	0.8	NonTarget	1	298113
1490.645	0.8	NonTarget	1	298129
1490.73	0.8	NonTarget	1	298146
1490.815	0.8	NonTarget	1	298163
1490.9	0.8	NonTarget	1	298180
1491.3	0.8	NonTarget	1	298260
1491.38	0.8	NonTarget	1	298276
1491.465	0.8	NonTarget	1	298293
1491.55	0.8	Target	2	298310
1491.635	0.8	NonTarget	1	298327
1491.715	0.8	NonTarget	1	298343
1491.8	0.8	NonTarget	1	298360
1491.885	0.8	NonTarget	1	298377
1491.965	0.8	NonTarget	1	298393
1492.05	0.8	NonTarget	1	298410
1492.135	0.8	NonTarget	1	298427
1492.215	0.8	NonTarget	1	298443
1492.3	0.8	NonTarget	1	298460
1492.385	0.8	NonTarget	1	298477
1492.47	0.8	NonTarget	1	298494
1492.55	0.8	NonTarget	1	298510
1492.635	0.8	NonTarget	1	298527
1492.72	0.8	NonTarget	1	298544
1492.805	0.8	NonTarget	1	298561
1492.885	0.8	NonTarget	1	298577
1492.97	0.8	NonTarget	1	298594
1493.05	0.8	NonTarget	1	298610
1493.135	0.8	NonTarget	1	298627
1493.22	0.8	NonTarget	1	298644
1493.3	0.8	NonTarget	1	298660
1493.385	0.8	NonTarget	1	298677
1493.47	0.8	NonTarget	1	298694
1493.555	0.8	NonTarget	1	298711
1493.635	0.8	NonTarget	1	298727
1493.72	0.8	NonTarget	1	298744
1494.12	0.8	NonTarget	1	298824
1494.205	0.8	NonTarget	1	298841
1494.285	0.8	NonTarget	1	298857
1494.37	0.8	Target	2	298874
1494.455	0.8	NonTarget	1	298891
1494.535	0.8	NonTarget	1	298907
1494.62	0.8	NonTarget	1	298924
1494.705	0.8	NonTarget	1	298941
1494.79	0.8	NonTarget	1	298958
1494.87	0.8	NonTarget	1	298974
1494.955	0.8	NonTarget	1	298991
1495.04	0.8	NonTarget	1	299008
1495.12	0.8	NonTarget	1	299024
1495.205	0.8	NonTarget	1	299041
1495.29	0.8	NonTarget	1	299058
1495.37	0.8	NonTarget	1	299074
1495.455	0.8	NonTarget	1	299091
1495.54	0.8	NonTarget	1	299108
1495.62	0.8	NonTarget	1	299124
1495.705	0.8	NonTarget	1	299141
1495.79	0.8	NonTarget	1	299158
1495.875	0.8	NonTarget	1	299175
1495.955	0.8	NonTarget	1	299191
1496.04	0.8	NonTarget	1	299208
1496.125	0.8	NonTarget	1	299225
1496.205	0.8	NonTarget	1	299241
1496.29	0.8	NonTarget	1	299258
1496.375	0.8	NonTarget	1	299275
1496.455	0.8	NonTarget	1	299291
1496.54	0.8	NonTarget	1	299308
1496.94	0.8	NonTarget	1	299388
1497.025	0.8	NonTarget	1	299405
1497.11	0.8	NonTarget	1	299422
1497.19	0.8	NonTarget	1	299438
1497.275	0.8	NonTarget	1	299455
1497.36	0.8	NonTarget	1	299472
1497.44	0.8	NonTarget	1	299488
1497.525	0.8	NonTarget	1	299505
1497.61	0.8	Target	2	299522
1497.69	0.8	NonTarget	1	299538
1497.775	0.8	NonTarget	1	299555
1497.86	0.8	NonTarget	1	299572
1497.94	0.8	NonTarget	1	299588
1498.025	0.8	NonTarget	1	299605
1498.11	0.8	NonTarget	1	299622
1498.195	0.8	NonTarget	1	299639
1498.275	0.8	NonTarget	1	299655
1498.36	0.8	NonTarget	1	299672
1498.445	0.8	NonTarget	1	299689
1498.525	0.8	NonTarget	1	299705
1498.61	0.8	NonTarget	1	299722
1498.695	0.8	NonTarget	1	299739
1498.775	0.8	NonTarget	1	299755
1498.86	0.8	NonTarget	1	299772
1498.945	0.8	NonTarget	1	299789
1499.03	0.8	NonTarget	1	299806
1499.11	0.8	NonTarget	1	299822
1499.195	0.8	NonTarget	1	299839
1499.275	0.8	NonTarget	1	299855
1499.36	0.8	NonTarget	1	299872
1499.76	0.8	NonTarget	1	299952
1499.845	0.8	NonTarget	1	299969
1499.925	0.8	NonTarget	1	299985
1500.01	0.8	NonTarget	1	300002
1500.095	0.8	NonTarget	1	300019
1500.18	0.8	NonTarget	1	300036
1500.265	0.8	NonTarget	1	300053
1500.345	0.8	NonTarget	1	300069
1500.43	0.8	Target	2	300086
1500.51	0.8	NonTarget	1	300102
1500.595	0.8	NonTarget	1	300119
1500.68	0.8	NonTarget	1	300136
1500.765	0.8	NonTarget	1	300153
1500.845	0.8	NonTarget	1	300169
1500.93	0.8	NonTarget	1	300186
1501.015	0.8	NonTarget	1	300203
1501.095	0.8	NonTarget	1	300219
1501.18	0.8	NonTarget	1	300236
1501.265	0.8	NonTarget	1	300253
1501.345	0.8	NonTarget	1	300269
1501.43	0.8	NonTarget	1	300286
1501.515	0.8	NonTarget	1	300303
1501.595	0.8	NonTarget	1	300319
1501.68	0.8	NonTarget	1	300336
1501.765	0.8	NonTarget	1	300353
1501.845	0.8	NonTarget	1	300369
1501.93	0.8	NonTarget	1	300386
1502.015	0.8	NonTarget	1	300403
1502.1	0.8	NonTarget	1	300420
1502.18	0.8	NonTarget	1	300436
1502.58	0.8	NonTarget	1	300516
1502.665	0.8	NonTarget	1	300533
1502.75	0.8	NonTarget	1	300550
1502.835	0.8	NonTarget	1	300567
1502.915	0.8	NonTarget	1	300583
1503.0	0.8	NonTarget	1	300600
1503.08	0.8	NonTarget	1	300616
1503.165	0.8	NonTarget	1	300633
1503.25	0.8	NonTarget	1	300650
1503.335	0.8	NonTarget	1	300667
1503.415	0.8	NonTarget	1	300683
1503.5	0.8	NonTarget	1	300700
1503.585	0.8	NonTarget	1	300717
1503.665	0.8	NonTarget	1	300733
1503.75	0.8	NonTarget	1	300750
1503.835	0.8	NonTarget	1	300767
1503.915	0.8	NonTarget	1	300783
1504.0	0.8	NonTarget	1	300800
1504.085	0.8	NonTarget	1	300817
1504.165	0.8	NonTarget	1	300833
1504.25	0.8	NonTarget	1	300850
1504.335	0.8	NonTarget	1	300867
1504.42	0.8	NonTarget	1	300884
1504.5	0.8	NonTarget	1	300900
1504.585	0.8	NonTarget	1	300917
1504.665	0.8	NonTarget	1	300933
1504.75	0.8	NonTarget	1	300950
1504.835	0.8	NonTarget	1	300967
1504.92	0.8	Target	2	300984
1505.0	0.8	NonTarget	1	301000
1505.405	0.8	NonTarget	1	301081
1505.485	0.8	NonTarget	1	301097
1505.57	0.8	NonTarget	1	301114
1505.655	0.8	NonTarget	1	301131
1505.74	0.8	NonTarget	1	301148
1505.82	0.8	NonTarget	1	301164
1505.905	0.8	NonTarget	1	301181
1505.985	0.8	NonTarget	1	301197
1506.07	0.8	NonTarget	1	301214
1506.155	0.8	NonTarget	1	301231
1506.24	0.8	NonTarget	1	301248
1506.32	0.8	NonTarget	1	301264
1506.405	0.8	NonTarget	1	301281
1506.49	0.8	Target	2	301298
1506.57	0.8	NonTarget	1	301314
1506.655	0.8	NonTarget	1	301331
1506.74	0.8	NonTarget	1	301348
1506.82	0.8	NonTarget	1	301364
1506.905	0.8	NonTarget	1	301381
1506.99	0.8	NonTarget	1	301398
1507.07	0.8	NonTarget	1	301414
1507.155	0.8	NonTarget	1	301431
1507.24	0.8	NonTarget	1	301448
1507.32	0.8	NonTarget	1	301464
1507.405	0.8	NonTarget	1	301481
1507.49	0.8	NonTarget	1	301498
1507.57	0.8	NonTarget	1	301514
1507.655	0.8	NonTarget	1	301531
1507.74	0.8	NonTarget	1	301548
1507.825	0.8	NonTarget	1	301565
1517.79	0.8	NonTarget	1	303558
1517.87	0.8	NonTarget	1	303574
1517.955	0.8	NonTarget	1	303591
1518.04	0.8	NonTarget	1	303608
1518.12	0.8	NonTarget	1	303624
1518.205	0.8	NonTarget	1	303641
1518.29	0.8	NonTarget	1	303658
1518.37	0.8	NonTarget	1	303674
1518.455	0.8	NonTarget	1	303691
1518.535	0.8	NonTarget	1	303707
1518.62	0.8	NonTarget	1	303724
1518.705	0.8	NonTarget	1	303741
1518.79	0.8	NonTarget	1	303758
1518.875	0.8	NonTarget	1	303775
1518.955	0.8	NonTarget	1	303791
1519.04	0.8	NonTarget	1	303808
1519.12	0.8	Target	2	303824
1519.205	0.8	NonTarget	1	303841
1519.29	0.8	NonTarget	1	303858
1519.375	0.8	NonTarget	1	303875
1519.455	0.8	NonTarget	1	303891
1519.54	0.8	NonTarget	1	303908
1519.625	0.8	NonTarget	1	303925
1519.705	0.8	NonTarget	1	303941
1519.79	0.8	NonTarget	1	303958
1519.875	0.8	NonTarget	1	303975
1519.955	0.8	NonTarget	1	303991
1520.04	0.8	NonTarget	1	304008
1520.125	0.8	NonTarget	1	304025
1520.21	0.8	NonTarget	1	304042
1520.61	0.8	NonTarget	1	304122
1520.69	0.8	NonTarget	1	304138
1520.775	0.8	NonTarget	1	304155
1520.86	0.8	NonTarget	1	304172
1520.94	0.8	NonTarget	1	304188
1521.025	0.8	NonTarget	1	304205
1521.105	0.8	NonTarget	1	304221
1521.19	0.8	NonTarget	1	304238
1521.275	0.8	NonTarget	1	304255
1521.36	0.8	NonTarget	1	304272
1521.44	0.8	NonTarget	1	304288
1521.525	0.8	NonTarget	1	304305
1521.61	0.8	NonTarget	1	304322
1521.695	0.8	NonTarget	1	304339
1521.775	0.8	NonTarget	1	304355
1521.86	0.8	NonTarget	1	304372
1521.945	0.8	NonTarget	1	304389
1522.025	0.8	NonTarget	1	304405
1522.11	0.8	NonTarget	1	304422
1522.195	0.8	NonTarget	1	304439
1522.275	0.8	NonTarget	1	304455
1522.36	0.8	NonTarget	1	304472
1522.445	0.8	NonTarget	1	304489
1522.525	0.8	NonTarget	1	304505
1522.61	0.8	NonTarget	1	304522
1522.695	0.8	NonTarget	1	304539
1522.78	0.8	Target	2	304556
1522.86	0.8	NonTarget	1	304572
1522.945	0.8	NonTarget	1	304589
1523.025	0.8	NonTarget	1	304605
1523.425	0.8	NonTarget	1	304685
1523.51	0.8	Target	2	304702
1523.595	0.8	NonTarget	1	304719
1523.68	0.8	NonTarget	1	304736
1523.76	0.8	NonTarget	1	304752
1523.845	0.8	NonTarget	1	304769
1523.93	0.8	NonTarget	1	304786
1524.01	0.8	NonTarget	1	304802
1524.095	0.8	NonTarget	1	304819
1524.18	0.8	NonTarget	1	304836
1524.265	0.8	NonTarget	1	304853
1524.345	0.8	NonTarget	1	304869
1524.43	0.8	NonTarget	1	304886
1524.515	0.8	NonTarget	1	304903
1524.595	0.8	NonTarget	1	304919
1524.68	0.8	NonTarget	1	304936
1524.765	0.8	NonTarget	1	304953
1524.845	0.8	NonTarget	1	304969
1524.93	0.8	NonTarget	1	304986
1525.015	0.8	NonTarget	1	305003
1525.1	0.8	NonTarget	1	305020
1525.18	0.8	NonTarget	1	305036
1525.265	0.8	NonTarget	1	305053
1525.35	0.8	NonTarget	1	305070
1525.43	0.8	NonTarget	1	305086
1525.515	0.8	NonTarget	1	305103
1525.6	0.8	NonTarget	1	305120
1525.68	0.8	NonTarget	1	305136
1525.765	0.8	NonTarget	1	305153
1525.85	0.8	NonTarget	1	305170
1526.25	0.8	NonTarget	1	305250
1526.335	0.8	NonTarget	1	305267
1526.415	0.8	NonTarget	1	305283
1526.5	0.8	NonTarget	1	305300
1526.585	0.8	NonTarget	1	305317
1526.665	0.8	NonTarget	1	305333
1526.75	0.8	NonTarget	1	305350
1526.835	0.8	NonTarget	1	305367
1526.915	0.8	NonTarget	1	305383
1527.0	0.8	NonTarget	1	305400
1527.085	0.8	NonTarget	1	305417
1527.165	0.8	NonTarget	1	305433
1527.25	0.8	NonTarget	1	305450
1527.335	0.8	NonTarget	1	305467
1527.415	0.8	NonTarget	1	305483
1527.5	0.8	NonTarget	1	305500
1527.585	0.8	NonTarget	1	305517
1527.67	0.8	NonTarget	1	305534
1527.75	0.8	NonTarget	1	305550
1527.835	0.8	NonTarget	1	305567
1527.92	0.8	NonTarget	1	305584
1528.0	0.8	Target	2	305600
1528.085	0.8	NonTarget	1	305617
1528.17	0.8	NonTarget	1	305634
1528.255	0.8	NonTarget	1	305651
1528.335	0.8	NonTarget	1	305667
1528.42	0.8	NonTarget	1	305684
1528.5	0.8	NonTarget	1	305700
1528.585	0.8	NonTarget	1	305717
1528.67	0.8	NonTarget	1	305734
1529.07	0.8	NonTarget	1	305814
1529.155	0.8	NonTarget	1	305831
1529.235	0.8	NonTarget	1	305847
1529.32	0.8	NonTarget	1	305864
1529.405	0.8	NonTarget	1	305881
1529.485	0.8	NonTarget	1	305897
1529.57	0.8	NonTarget	1	305914
1529.655	0.8	NonTarget	1	305931
1529.735	0.8	NonTarget	1	305947
1529.82	0.8	NonTarget	1	305964
1529.905	0.8	NonTarget	1	305981
1529.985	0.8	NonTarget	1	305997
1530.07	0.8	NonTarget	1	306014
1530.155	0.8	NonTarget	1	306031
1530.24	0.8	NonTarget	1	306048
1530.32	0.8	NonTarget	1	306064
1530.405	0.8	NonTarget	1	306081
1530.49	0.8	NonTarget	1	306098
1530.57	0.8	NonTarget	1	306114
1530.655	0.8	NonTarget	1	306131
1530.74	0.8	NonTarget	1	306148
1530.82	0.8	NonTarget	1	306164
1530.905	0.8	NonTarget	1	306181
1530.99	0.8	NonTarget	1	306198
1531.075	0.8	NonTarget	1	306215
1531.155	0.8	NonTarget	1	306231
1531.24	0.8	Target	2	306248
1531.325	0.8	NonTarget	1	306265
1531.405	0.8	NonTarget	1	306281
1531.49	0.8	NonTarget	1	306298
1531.89	0.8	NonTarget	1	306378
1531.975	0.8	NonTarget	1	306395
1532.06	0.8	NonTarget	1	306412
1532.14	0.8	NonTarget	1	306428
1532.225	0.8	NonTarget	1	306445
1532.305	0.8	NonTarget	1	306461
1532.39	0.8	NonTarget	1	306478
1532.475	0.8	NonTarget	1	306495
1532.56	0.8	NonTarget	1	306512
1532.64	0.8	NonTarget	1	306528
1532.725	0.8	NonTarget	1	306545
1532.81	0.8	NonTarget	1	306562
1532.89	0.8	NonTarget	1	306578
1532.975	0.8	NonTarget	1	306595
1533.06	0.8	NonTarget	1	306612
1533.145	0.8	NonTarget	1	306629
1533.225	0.8	Target	2	306645
1533.31	0.8	NonTarget	1	306662
1533.395	0.8	NonTarget	1	306679
1533.475	0.8	NonTarget	1	306695
1533.56	0.8	NonTarget	1	306712
1533.64	0.8	NonTarget	1	306728
1533.725	0.8	NonTarget	1	306745
1533.81	0.8	NonTarget	1	306762
1533.89	0.8	NonTarget	1	306778
1533.98	0.8	NonTarget	1	306796
1534.06	0.8	NonTarget	1	306812
1534.145	0.8	NonTarget	1	306829
1534.225	0.8	NonTarget	1	306845
1534.31	0.8	NonTarget	1	306862
1534.71	0.8	NonTarget	1	306942
1534.795	0.8	NonTarget	1	306959
1534.88	0.8	NonTarget	1	306976
1534.96	0.8	NonTarget	1	306992
1535.045	0.8	NonTarget	1	307009
1535.125	0.8	NonTarget	1	307025
1535.21	0.8	NonTarget	1	307042
1535.295	0.8	NonTarget	1	307059
1535.38	0.8	NonTarget	1	307076
1535.46	0.8	NonTarget	1	307092
1535.545	0.8	NonTarget	1	307109
1535.63	0.8	NonTarget	1	307126
1535.71	0.8	NonTarget	1	307142
1535.795	0.8	NonTarget	1	307159
1535.88	0.8	NonTarget	1	307176
1535.96	0.8	NonTarget	1	307192
1536.045	0.8	NonTarget	1	307209
1536.13	0.8	NonTarget	1	307226
1536.215	0.8	NonTarget	1	307243
1536.295	0.8	NonTarget	1	307259
1536.38	0.8	NonTarget	1	307276
1536.465	0.8	Target	2	307293
1536.545	0.8	NonTarget	1	307309
1536.63	0.8	NonTarget	1	307326
1536.71	0.8	NonTarget	1	307342
1536.795	0.8	NonTarget	1	307359
1536.88	0.8	NonTarget	1	307376
1536.965	0.8	NonTarget	1	307393
1537.045	0.8	NonTarget	1	307409
1537.13	0.8	NonTarget	1	307426
1537.53	0.8	NonTarget	1	307506
1537.615	0.8	NonTarget	1	307523
1537.7	0.8	NonTarget	1	307540
1537.785	0.8	NonTarget	1	307557
1537.865	0.8	NonTarget	1	307573
1537.95	0.8	NonTarget	1	307590
1538.035	0.8	NonTarget	1	307607
1538.115	0.8	NonTarget	1	307623
1538.2	0.8	NonTarget	1	307640
1538.28	0.8	NonTarget	1	307656
1538.365	0.8	NonTarget	1	307673
1538.45	0.8	NonTarget	1	307690
1538.535	0.8	NonTarget	1	307707
1538.615	0.8	NonTarget	1	307723
1538.7	0.8	NonTarget	1	307740
1538.785	0.8	NonTarget	1	307757
1538.865	0.8	NonTarget	1	307773
1538.95	0.8	NonTarget	1	307790
1539.035	0.8	NonTarget	1	307807
1539.115	0.8	NonTarget	1	307823
1539.2	0.8	NonTarget	1	307840
1539.285	0.8	Target	2	307857
1539.365	0.8	NonTarget	1	307873
1539.45	0.8	NonTarget	1	307890
1539.535	0.8	NonTarget	1	307907
1539.615	0.8	NonTarget	1	307923
1539.7	0.8	NonTarget	1	307940
1539.785	0.8	NonTarget	1	307957
1539.87	0.8	NonTarget	1	307974
1539.95	0.8	NonTarget	1	307990
1540.35	0.8	NonTarget	1	308070
1540.435	0.8	NonTarget	1	308087
1540.52	0.8	NonTarget	1	308104
1540.605	0.8	NonTarget	1	308121
1540.685	0.8	NonTarget	1	308137
1540.77	0.8	NonTarget	1	308154
1540.855	0.8	Target	2	308171
1540.935	0.8	NonTarget	1	308187
1541.02	0.8	NonTarget	1	308204
1541.105	0.8	NonTarget	1	308221
1541.19	0.8	NonTarget	1	308238
1541.27	0.8	NonTarget	1	308254
1541.355	0.8	NonTarget	1	308271
1541.44	0.8	NonTarget	1	308288
1541.52	0.8	NonTarget	1	308304
1541.605	0.8	NonTarget	1	308321
1541.69	0.8	NonTarget	1	308338
1541.77	0.8	NonTarget	1	308354
1541.855	0.8	NonTarget	1	308371
1541.935	0.8	NonTarget	1	308387
1542.02	0.8	NonTarget	1	308404
1542.105	0.8	NonTarget	1	308421
1542.19	0.8	NonTarget	1	308438
1542.27	0.8	NonTarget	1	308454
1542.355	0.8	NonTarget	1	308471
1542.44	0.8	NonTarget	1	308488
1542.52	0.8	NonTarget	1	308504
1542.605	0.8	NonTarget	1	308521
1542.69	0.8	NonTarget	1	308538
1542.775	0.8	NonTarget	1	308555
1543.175	0.8	NonTarget	1	308635
1543.255	0.8	NonTarget	1	308651
1543.34	0.8	NonTarget	1	308668
1543.425	0.8	NonTarget	1	308685
1543.505	0.8	NonTarget	1	308701
1543.59	0.8	NonTarget	1	308718
1543.675	0.8	NonTarget	1	308735
1543.755	0.8	NonTarget	1	308751
1543.84	0.8	NonTarget	1	308768
1543.925	0.8	NonTarget	1	308785
1544.005	0.8	NonTarget	1	308801
1544.09	0.8	NonTarget	1	308818
1544.175	0.8	NonTarget	1	308835
1544.26	0.8	NonTarget	1	308852
1544.34	0.8	NonTarget	1	308868
1544.425	0.8	NonTarget	1	308885
1544.51	0.8	Target	2	308902
1544.59	0.8	NonTarget	1	308918
1544.675	0.8	NonTarget	1	308935
1544.76	0.8	NonTarget	1	308952
1544.84	0.8	NonTarget	1	308968
1544.925	0.8	NonTarget	1	308985
1545.01	0.8	NonTarget	1	309002
1545.095	0.8	NonTarget	1	309019
1545.175	0.8	NonTarget	1	309035
1545.26	0.8	NonTarget	1	309052
1545.345	0.8	NonTarget	1	309069
1545.425	0.8	NonTarget	1	309085
1545.51	0.8	NonTarget	1	309102
1545.595	0.8	NonTarget	1	309119
1555.545	0.8	NonTarget	1	311109
1555.625	0.8	NonTarget	1	311125
1555.705	0.8	NonTarget	1	311141
1555.79	0.8	NonTarget	1	311158
1555.875	0.8	NonTarget	1	311175
1555.96	0.8	NonTarget	1	311192
1556.04	0.8	NonTarget	1	311208
1556.125	0.8	NonTarget	1	311225
1556.21	0.8	NonTarget	1	311242
1556.29	0.8	NonTarget	1	311258
1556.375	0.8	NonTarget	1	311275
1556.46	0.8	NonTarget	1	311292
1556.54	0.8	NonTarget	1	311308
1556.625	0.8	NonTarget	1	311325
1556.71	0.8	NonTarget	1	311342
1556.79	0.8	NonTarget	1	311358
1556.875	0.8	Target	2	311375
1556.96	0.8	NonTarget	1	311392
1557.04	0.8	NonTarget	1	311408
1557.125	0.8	NonTarget	1	311425
1557.21	0.8	NonTarget	1	311442
1557.29	0.8	NonTarget	1	311458
1557.375	0.8	NonTarget	1	311475
1557.46	0.8	NonTarget	1	311492
1557.545	0.8	NonTarget	1	311509
1557.625	0.8	NonTarget	1	311525
1557.71	0.8	NonTarget	1	311542
1557.795	0.8	NonTarget	1	311559
1557.875	0.8	NonTarget	1	311575
1557.96	0.8	NonTarget	1	311592
1558.365	0.8	NonTarget	1	311673
1558.445	0.8	NonTarget	1	311689
1558.53	0.8	NonTarget	1	311706
1558.61	0.8	NonTarget	1	311722
1558.695	0.8	NonTarget	1	311739
1558.78	0.8	NonTarget	1	311756
1558.86	0.8	NonTarget	1	311772
1558.945	0.8	NonTarget	1	311789
1559.03	0.8	NonTarget	1	311806
1559.11	0.8	NonTarget	1	311822
1559.195	0.8	NonTarget	1	311839
1559.28	0.8	NonTarget	1	311856
1559.365	0.8	NonTarget	1	311873
1559.445	0.8	NonTarget	1	311889
1559.53	0.8	NonTarget	1	311906
1559.615	0.8	NonTarget	1	311923
1559.695	0.8	NonTarget	1	311939
1559.78	0.8	NonTarget	1	311956
1559.865	0.8	NonTarget	1	311973
1559.945	0.8	NonTarget	1	311989
1560.03	0.8	NonTarget	1	312006
1560.115	0.8	Target	2	312023
1560.2	0.8	NonTarget	1	312040
1560.28	0.8	NonTarget	1	312056
1560.365	0.8	NonTarget	1	312073
1560.445	0.8	NonTarget	1	312089
1560.53	0.8	NonTarget	1	312106
1560.615	0.8	NonTarget	1	312123
1560.7	0.8	NonTarget	1	312140
1560.78	0.8	NonTarget	1	312156
1561.18	0.8	NonTarget	1	312236
1561.265	0.8	NonTarget	1	312253
1561.35	0.8	NonTarget	1	312270
1561.43	0.8	NonTarget	1	312286
1561.515	0.8	NonTarget	1	312303
1561.6	0.8	NonTarget	1	312320
1561.68	0.8	NonTarget	1	312336
1561.765	0.8	NonTarget	1	312353
1561.85	0.8	NonTarget	1	312370
1561.935	0.8	NonTarget	1	312387
1562.015	0.8	NonTarget	1	312403
1562.1	0.8	NonTarget	1	312420
1562.185	0.8	NonTarget	1	312437
1562.265	0.8	NonTarget	1	312453
1562.35	0.8	NonTarget	1	312470
1562.43	0.8	NonTarget	1	312486
1562.515	0.8	NonTarget	1	312503
1562.6	0.8	NonTarget	1	312520
1562.685	0.8	NonTarget	1	312537
1562.765	0.8	NonTarget	1	312553
1562.85	0.8	NonTarget	1	312570
1562.935	0.8	NonTarget	1	312587
1563.02	0.8	NonTarget	1	312604
1563.1	0.8	NonTarget	1	312620
1563.185	0.8	NonTarget	1	312637
1563.27	0.8	NonTarget	1	312654
1563.35	0.8	Target	2	312670
1563.435	0.8	NonTarget	1	312687
1563.52	0.8	NonTarget	1	312704
1563.6	0.8	NonTarget	1	312720
1564.005	0.8	NonTarget	1	312801
1564.085	0.8	NonTarget	1	312817
1564.17	0.8	NonTarget	1	312834
1564.255	0.8	NonTarget	1	312851
1564.34	0.8	NonTarget	1	312868
1564.42	0.8	NonTarget	1	312884
1564.505	0.8	NonTarget	1	312901
1564.59	0.8	NonTarget	1	312918
1564.67	0.8	NonTarget	1	312934
1564.755	0.8	NonTarget	1	312951
1564.835	0.8	NonTarget	1	312967
1564.92	0.8	NonTarget	1	312984
1565.005	0.8	NonTarget	1	313001
1565.085	0.8	NonTarget	1	313017
1565.17	0.8	NonTarget	1	313034
1565.255	0.8	NonTarget	1	313051
1565.34	0.8	NonTarget	1	313068
1565.42	0.8	NonTarget	1	313084
1565.505	0.8	NonTarget	1	313101
1565.585	0.8	NonTarget	1	313117
1565.67	0.8	NonTarget	1	313134
1565.755	0.8	Target	2	313151
1565.84	0.8	NonTarget	1	313168
1565.92	0.8	NonTarget	1	313184
1566.005	0.8	NonTarget	1	313201
1566.09	0.8	NonTarget	1	313218
1566.17	0.8	NonTarget	1	313234
1566.255	0.8	NonTarget	1	313251
1566.34	0.8	NonTarget	1	313268
1566.425	0.8	NonTarget	1	313285
1566.825	0.8	NonTarget	1	313365
1566.905	0.8	NonTarget	1	313381
1566.99	0.8	NonTarget	1	313398
1567.075	0.8	NonTarget	1	313415
1567.155	0.8	NonTarget	1	313431
1567.24	0.8	NonTarget	1	313448
1567.325	0.8	NonTarget	1	313465
1567.405	0.8	NonTarget	1	313481
1567.49	0.8	NonTarget	1	313498
1567.575	0.8	NonTarget	1	313515
1567.66	0.8	NonTarget	1	313532
1567.74	0.8	Target	2	313548
1567.825	0.8	NonTarget	1	313565
1567.91	0.8	NonTarget	1	313582
1567.99	0.8	NonTarget	1	313598
1568.075	0.8	NonTarget	1	313615
1568.16	0.8	NonTarget	1	313632
1568.24	0.8	NonTarget	1	313648
1568.325	0.8	NonTarget	1	313665
1568.41	0.8	NonTarget	1	313682
1568.49	0.8	NonTarget	1	313698
1568.575	0.8	NonTarget	1	313715
1568.66	0.8	NonTarget	1	313732
1568.745	0.8	NonTarget	1	313749
1568.825	0.8	NonTarget	1	313765
1568.91	0.8	NonTarget	1	313782
1568.995	0.8	NonTarget	1	313799
1569.08	0.8	NonTarget	1	313816
1569.16	0.8	NonTarget	1	313832
1569.245	0.8	NonTarget	1	313849
1569.645	0.8	NonTarget	1	313929
1569.725	0.8	NonTarget	1	313945
1569.81	0.8	NonTarget	1	313962
1569.895	0.8	NonTarget	1	313979
1569.98	0.8	NonTarget	1	313996
1570.06	0.8	NonTarget	1	314012
1570.145	0.8	Target	2	314029
1570.23	0.8	NonTarget	1	314046
1570.31	0.8	NonTarget	1	314062
1570.395	0.8	NonTarget	1	314079
1570.48	0.8	NonTarget	1	314096
1570.56	0.8	NonTarget	1	314112
1570.645	0.8	NonTarget	1	314129
1570.73	0.8	NonTarget	1	314146
1570.815	0.8	NonTarget	1	314163
1570.895	0.8	NonTarget	1	314179
1570.98	0.8	NonTarget	1	314196
1571.065	0.8	NonTarget	1	314213
1571.145	0.8	NonTarget	1	314229
1571.23	0.8	NonTarget	1	314246
1571.31	0.8	NonTarget	1	314262
1571.395	0.8	NonTarget	1	314279
1571.48	0.8	NonTarget	1	314296
1571.565	0.8	NonTarget	1	314313
1571.645	0.8	NonTarget	1	314329
1571.73	0.8	NonTarget	1	314346
1571.815	0.8	NonTarget	1	314363
1571.895	0.8	NonTarget	1	314379
1571.98	0.8	NonTarget	1	314396
1572.065	0.8	NonTarget	1	314413
1572.465	0.8	NonTarget	1	314493
1572.545	0.8	NonTarget	1	314509
1572.63	0.8	NonTarget	1	314526
1572.715	0.8	NonTarget	1	314543
1572.8	0.8	NonTarget	1	314560
1572.88	0.8	NonTarget	1	314576
1572.965	0.8	NonTarget	1	314593
1573.05	0.8	NonTarget	1	314610
1573.13	0.8	NonTarget	1	314626
1573.215	0.8	NonTarget	1	314643
1573.3	0.8	NonTarget	1	314660
1573.38	0.8	NonTarget	1	314676
1573.465	0.8	NonTarget	1	314693
1573.55	0.8	NonTarget	1	314710
1573.63	0.8	NonTarget	1	314726
1573.715	0.8	NonTarget	1	314743
1573.8	0.8	NonTarget	1	314760
1573.885	0.8	NonTarget	1	314777
1573.965	0.8	NonTarget	1	314793
1574.05	0.8	NonTarget	1	314810
1574.135	0.8	NonTarget	1	314827
1574.215	0.8	NonTarget	1	314843
1574.3	0.8	NonTarget	1	314860
1574.385	0.8	NonTarget	1	314877
1574.465	0.8	NonTarget	1	314893
1574.55	0.8	NonTarget	1	314910
1574.635	0.8	Target	2	314927
1574.72	0.8	NonTarget	1	314944
1574.8	0.8	NonTarget	1	314960
1574.885	0.8	NonTarget	1	314977
1575.285	0.8	NonTarget	1	315057
1575.37	0.8	NonTarget	1	315074
1575.45	0.8	NonTarget	1	315090
1575.535	0.8	NonTarget	1	315107
1575.62	0.8	NonTarget	1	315124
1575.7	0.8	NonTarget	1	315140
1575.785	0.8	NonTarget	1	315157
1575.87	0.8	NonTarget	1	315174
1575.955	0.8	NonTarget	1	315191
1576.035	0.8	NonTarget	1	315207
1576.12	0.8	NonTarget	1	315224
1576.205	0.8	NonTarget	1	315241
1576.285	0.8	NonTarget	1	315257
1576.37	0.8	NonTarget	1	315274
1576.455	0.8	NonTarget	1	315291
1576.535	0.8	NonTarget	1	315307
1576.62	0.8	NonTarget	1	315324
1576.705	0.8	NonTarget	1	315341
1576.79	0.8	NonTarget	1	315358
1576.87	0.8	NonTarget	1	315374
1576.955	0.8	NonTarget	1	315391
1577.035	0.8	Target	2	315407
1577.12	0.8	NonTarget	1	315424
1577.205	0.8	NonTarget	1	315441
1577.285	0.8	NonTarget	1	315457
1577.37	0.8	NonTarget	1	315474
1577.455	0.8	NonTarget	1	315491
1577.54	0.8	NonTarget	1	315508
1577.62	0.8	NonTarget	1	315524
1577.705	0.8	NonTarget	1	315541
1578.105	0.8	NonTarget	1	315621
1578.19	0.8	Target	2	315638
1578.275	0.8	NonTarget	1	315655
1578.355	0.8	NonTarget	1	315671
1578.44	0.8	NonTarget	1	315688
1578.525	0.8	NonTarget	1	315705
1578.605	0.8	NonTarget	1	315721
1578.69	0.8	NonTarget	1	315738
1578.775	0.8	NonTarget	1	315755
1578.855	0.8	NonTarget	1	315771
1578.94	0.8	NonTarget	1	315788
1579.025	0.8	NonTarget	1	315805
1579.105	0.8	NonTarget	1	315821
1579.19	0.8	NonTarget	1	315838
1579.275	0.8	NonTarget	1	315855
1579.36	0.8	NonTarget	1	315872
1579.44	0.8	NonTarget	1	315888
1579.525	0.8	NonTarget	1	315905
1579.61	0.8	NonTarget	1	315922
1579.69	0.8	NonTarget	1	315938
1579.775	0.8	NonTarget	1	315955
1579.86	0.8	NonTarget	1	315972
1579.94	0.8	NonTarget	1	315988
1580.025	0.8	NonTarget	1	316005
1580.11	0.8	NonTarget	1	316022
1580.19	0.8	NonTarget	1	316038
1580.275	0.8	NonTarget	1	316055
1580.36	0.8	NonTarget	1	316072
1580.445	0.8	NonTarget	1	316089
1580.525	0.8	NonTarget	1	316105
1580.925	0.8	NonTarget	1	316185
1581.01	0.8	NonTarget	1	316202
1581.095	0.8	NonTarget	1	316219
1581.175	0.8	NonTarget	1	316235
1581.26	0.8	NonTarget	1	316252
1581.345	0.8	NonTarget	1	316269
1581.425	0.8	Target	2	316285
1581.51	0.8	NonTarget	1	316302
1581.595	0.8	NonTarget	1	316319
1581.68	0.8	NonTarget	1	316336
1581.76	0.8	NonTarget	1	316352
1581.845	0.8	NonTarget	1	316369
1581.93	0.8	NonTarget	1	316386
1582.01	0.8	NonTarget	1	316402
1582.095	0.8	NonTarget	1	316419
1582.18	0.8	NonTarget	1	316436
1582.26	0.8	NonTarget	1	316452
1582.345	0.8	NonTarget	1	316469
1582.43	0.8	NonTarget	1	316486
1582.51	0.8	NonTarget	1	316502
1582.595	0.8	NonTarget	1	316519
1582.68	0.8	NonTarget	1	316536
1582.76	0.8	NonTarget	1	316552
1582.845	0.8	NonTarget	1	316569
1582.93	0.8	NonTarget	1	316586
1583.01	0.8	NonTarget	1	316602
1583.095	0.8	NonTarget	1	316619
1583.18	0.8	NonTarget	1	316636
1583.265	0.8	NonTarget	1	316653
1583.345	0.8	NonTarget	1	316669
1593.33	0.8	Target	2	318666
1593.41	0.8	NonTarget	1	318682
1593.495	0.8	NonTarget	1	318699
1593.58	0.8	NonTarget	1	318716
1593.66	0.8	NonTarget	1	318732
1593.745	0.8	NonTarget	1	318749
1593.83	0.8	NonTarget	1	318766
1593.91	0.8	NonTarget	1	318782
1593.995	0.8	NonTarget	1	318799
1594.08	0.8	NonTarget	1	318816
1594.16	0.8	NonTarget	1	318832
1594.245	0.8	NonTarget	1	318849
1594.33	0.8	NonTarget	1	318866
1594.41	0.8	NonTarget	1	318882
1594.495	0.8	NonTarget	1	318899
1594.58	0.8	NonTarget	1	318916
1594.665	0.8	NonTarget	1	318933
1594.745	0.8	NonTarget	1	318949
1594.83	0.8	NonTarget	1	318966
1594.915	0.8	NonTarget	1	318983
1594.995	0.8	NonTarget	1	318999
1595.08	0.8	NonTarget	1	319016
1595.165	0.8	NonTarget	1	319033
1595.245	0.8	NonTarget	1	319049
1595.33	0.8	NonTarget	1	319066
1595.415	0.8	NonTarget	1	319083
1595.495	0.8	NonTarget	1	319099
1595.58	0.8	NonTarget	1	319116
1595.665	0.8	NonTarget	1	319133
1595.75	0.8	NonTarget	1	319150
1596.145	0.8	NonTarget	1	319229
1596.23	0.8	NonTarget	1	319246
1596.315	0.8	NonTarget	1	319263
1596.4	0.8	NonTarget	1	319280
1596.48	0.8	NonTarget	1	319296
1596.565	0.8	NonTarget	1	319313
1596.65	0.8	NonTarget	1	319330
1596.73	0.8	NonTarget	1	319346
1596.815	0.8	NonTarget	1	319363
1596.9	0.8	NonTarget	1	319380
1596.985	0.8	NonTarget	1	319397
1597.065	0.8	NonTarget	1	319413
1597.15	0.8	NonTarget	1	319430
1597.235	0.8	NonTarget	1	319447
1597.315	0.8	NonTarget	1	319463
1597.4	0.8	NonTarget	1	319480
1597.485	0.8	NonTarget	1	319497
1597.565	0.8	NonTarget	1	319513
1597.65	0.8	NonTarget	1	319530
1597.735	0.8	NonTarget	1	319547
1597.815	0.8	Target	2	319563
1597.9	0.8	NonTarget	1	319580
1597.985	0.8	NonTarget	1	319597
1598.07	0.8	NonTarget	1	319614
1598.15	0.8	NonTarget	1	319630
1598.235	0.8	NonTarget	1	319647
1598.315	0.8	NonTarget	1	319663
1598.4	0.8	NonTarget	1	319680
1598.485	0.8	NonTarget	1	319697
1598.57	0.8	NonTarget	1	319714
1598.97	0.8	Target	2	319794
1599.055	0.8	NonTarget	1	319811
1599.135	0.8	NonTarget	1	319827
1599.22	0.8	NonTarget	1	319844
1599.305	0.8	NonTarget	1	319861
1599.385	0.8	NonTarget	1	319877
1599.47	0.8	NonTarget	1	319894
1599.55	0.8	NonTarget	1	319910
1599.635	0.8	NonTarget	1	319927
1599.72	0.8	NonTarget	1	319944
1599.8	0.8	NonTarget	1	319960
1599.885	0.8	NonTarget	1	319977
1599.97	0.8	NonTarget	1	319994
1600.055	0.8	NonTarget	1	320011
1600.135	0.8	NonTarget	1	320027
1600.22	0.8	NonTarget	1	320044
1600.305	0.8	NonTarget	1	320061
1600.385	0.8	NonTarget	1	320077
1600.47	0.8	NonTarget	1	320094
1600.555	0.8	NonTarget	1	320111
1600.64	0.8	NonTarget	1	320128
1600.72	0.8	NonTarget	1	320144
1600.805	0.8	NonTarget	1	320161
1600.89	0.8	NonTarget	1	320178
1600.97	0.8	NonTarget	1	320194
1601.055	0.8	NonTarget	1	320211
1601.14	0.8	NonTarget	1	320228
1601.22	0.8	NonTarget	1	320244
1601.305	0.8	NonTarget	1	320261
1601.39	0.8	NonTarget	1	320278
1601.79	0.8	NonTarget	1	320358
1601.875	0.8	NonTarget	1	320375
1601.955	0.8	NonTarget	1	320391
1602.04	0.8	NonTarget	1	320408
1602.125	0.8	NonTarget	1	320425
1602.205	0.8	NonTarget	1	320441
1602.29	0.8	NonTarget	1	320458
1602.375	0.8	NonTarget	1	320475
1602.455	0.8	NonTarget	1	320491
1602.54	0.8	NonTarget	1	320508
1602.625	0.8	NonTarget	1	320525
1602.705	0.8	NonTarget	1	320541
1602.79	0.8	NonTarget	1	320558
1602.875	0.8	NonTarget	1	320575
1602.96	0.8	NonTarget	1	320592
1603.04	0.8	NonTarget	1	320608
1603.125	0.8	NonTarget	1	320625
1603.21	0.8	NonTarget	1	320642
1603.29	0.8	NonTarget	1	320658
1603.375	0.8	NonTarget	1	320675
1603.46	0.8	Target	2	320692
1603.54	0.8	NonTarget	1	320708
1603.625	0.8	NonTarget	1	320725
1603.71	0.8	NonTarget	1	320742
1603.79	0.8	NonTarget	1	320758
1603.875	0.8	NonTarget	1	320775
1603.96	0.8	NonTarget	1	320792
1604.04	0.8	NonTarget	1	320808
1604.125	0.8	NonTarget	1	320825
1604.21	0.8	NonTarget	1	320842
1604.61	0.8	NonTarget	1	320922
1604.695	0.8	NonTarget	1	320939
1604.775	0.8	NonTarget	1	320955
1604.86	0.8	NonTarget	1	320972
1604.945	0.8	NonTarget	1	320989
1605.025	0.8	NonTarget	1	321005
1605.11	0.8	NonTarget	1	321022
1605.195	0.8	NonTarget	1	321039
1605.28	0.8	NonTarget	1	321056
1605.36	0.8	NonTarget	1	321072
1605.445	0.8	NonTarget	1	321089
1605.53	0.8	NonTarget	1	321106
1605.61	0.8	NonTarget	1	321122
1605.695	0.8	NonTarget	1	321139
1605.78	0.8	NonTarget	1	321156
1605.86	0.8	NonTarget	1	321172
1605.945	0.8	NonTarget	1	321189
1606.03	0.8	NonTarget	1	321206
1606.11	0.8	NonTarget	1	321222
1606.195	0.8	NonTarget	1	321239
1606.28	0.8	NonTarget	1	321256
1606.36	0.8	NonTarget	1	321272
1606.445	0.8	NonTarget	1	321289
1606.53	0.8	NonTarget	1	321306
1606.61	0.8	NonTarget	1	321322
1606.695	0.8	Target	2	321339
1606.78	0.8	NonTarget	1	321356
1606.86	0.8	NonTarget	1	321372
1606.945	0.8	NonTarget	1	321389
1607.03	0.8	NonTarget	1	321406
1607.43	0.8	NonTarget	1	321486
1607.515	0.8	NonTarget	1	321503
1607.6	0.8	NonTarget	1	321520
1607.68	0.8	NonTarget	1	321536
1607.765	0.8	NonTarget	1	321553
1607.85	0.8	NonTarget	1	321570
1607.93	0.8	NonTarget	1	321586
1608.015	0.8	NonTarget	1	321603
1608.1	0.8	NonTarget	1	321620
1608.18	0.8	NonTarget	1	321636
1608.265	0.8	Target	2	321653
1608.345	0.8	NonTarget	1	321669
1608.435	0.8	NonTarget	1	321687
1608.515	0.8	NonTarget	1	321703
1608.6	0.8	NonTarget	1	321720
1608.685	0.8	NonTarget	1	321737
1608.765	0.8	NonTarget	1	321753
1608.85	0.8	NonTarget	1	321770
1608.935	0.8	NonTarget	1	321787
1609.015	0.8	NonTarget	1	321803
1609.1	0.8	NonTarget	1	321820
1609.185	0.8	NonTarget	1	321837
1609.265	0.8	NonTarget	1	321853
1609.35	0.8	NonTarget	1	321870
1609.435	0.8	NonTarget	1	321887
1609.515	0.8	NonTarget	1	321903
1609.6	0.8	NonTarget	1	321920
1609.685	0.8	NonTarget	1	321937
1609.765	0.8	NonTarget	1	321953
1609.85	0.8	NonTarget	1	321970
1610.25	0.8	Target	2	322050
1610.335	0.8	NonTarget	1	322067
1610.42	0.8	NonTarget	1	322084
1610.5	0.8	NonTarget	1	322100
1610.585	0.8	NonTarget	1	322117
1610.67	0.8	NonTarget	1	322134
1610.75	0.8	NonTarget	1	322150
1610.835	0.8	NonTarget	1	322167
1610.92	0.8	NonTarget	1	322184
1611.0	0.8	NonTarget	1	322200
1611.085	0.8	NonTarget	1	322217
1611.17	0.8	NonTarget	1	322234
1611.25	0.8	NonTarget	1	322250
1611.335	0.8	NonTarget	1	322267
1611.42	0.8	NonTarget	1	322284
1611.505	0.8	NonTarget	1	322301
1611.585	0.8	NonTarget	1	322317
1611.67	0.8	NonTarget	1	322334
1611.755	0.8	NonTarget	1	322351
1611.835	0.8	NonTarget	1	322367
1611.92	0.8	NonTarget	1	322384
1612.005	0.8	NonTarget	1	322401
1612.085	0.8	NonTarget	1	322417
1612.17	0.8	NonTarget	1	322434
1612.255	0.8	NonTarget	1	322451
1612.34	0.8	NonTarget	1	322468
1612.42	0.8	NonTarget	1	322484
1612.505	0.8	NonTarget	1	322501
1612.59	0.8	NonTarget	1	322518
1612.67	0.8	NonTarget	1	322534
1613.07	0.8	Target	2	322614
1613.155	0.8	NonTarget	1	322631
1613.24	0.8	NonTarget	1	322648
1613.325	0.8	NonTarget	1	322665
1613.405	0.8	NonTarget	1	322681
1613.49	0.8	NonTarget	1	322698
1613.575	0.8	NonTarget	1	322715
1613.655	0.8	NonTarget	1	322731
1613.74	0.8	NonTarget	1	322748
1613.825	0.8	NonTarget	1	322765
1613.905	0.8	NonTarget	1	322781
1613.99	0.8	NonTarget	1	322798
1614.075	0.8	NonTarget	1	322815
1614.155	0.8	NonTarget	1	322831
1614.24	0.8	NonTarget	1	322848
1614.325	0.8	NonTarget	1	322865
1614.405	0.8	NonTarget	1	322881
1614.49	0.8	NonTarget	1	322898
1614.575	0.8	NonTarget	1	322915
1614.66	0.8	NonTarget	1	322932
1614.74	0.8	NonTarget	1	322948
1614.825	0.8	NonTarget	1	322965
1614.91	0.8	NonTarget	1	322982
1614.99	0.8	NonTarget	1	322998
1615.075	0.8	NonTarget	1	323015
1615.16	0.8	NonTarget	1	323032
1615.24	0.8	NonTarget	1	323048
1615.325	0.8	NonTarget	1	323065
1615.41	0.8	NonTarget	1	323082
1615.49	0.8	NonTarget	1	323098
1615.89	0.8	NonTarget	1	323178
1615.975	0.8	NonTarget	1	323195
1616.06	0.8	NonTarget	1	323212
1616.145	0.8	NonTarget	1	323229
1616.225	0.8	NonTarget	1	323245
1616.31	0.8	NonTarget	1	323262
1616.395	0.8	NonTarget	1	323279
1616.475	0.8	NonTarget	1	323295
1616.56	0.8	NonTarget	1	323312
1616.64	0.8	NonTarget	1	323328
1616.73	0.8	NonTarget	1	323346
1616.81	0.8	NonTarget	1	323362
1616.895	0.8	NonTarget	1	323379
1616.98	0.8	NonTarget	1	323396
1617.06	0.8	NonTarget	1	323412
1617.145	0.8	NonTarget	1	323429
1617.23	0.8	NonTarget	1	323446
1617.31	0.8	NonTarget	1	323462
1617.395	0.8	NonTarget	1	323479
1617.48	0.8	NonTarget	1	323496
1617.56	0.8	Target	2	323512
1617.645	0.8	NonTarget	1	323529
1617.725	0.8	NonTarget	1	323545
1617.81	0.8	NonTarget	1	323562
1617.895	0.8	NonTarget	1	323579
1617.98	0.8	NonTarget	1	323596
1618.065	0.8	NonTarget	1	323613
1618.145	0.8	NonTarget	1	323629
1618.23	0.8	NonTarget	1	323646
1618.315	0.8	NonTarget	1	323663
1618.715	0.8	NonTarget	1	323743
1618.795	0.8	NonTarget	1	323759
1618.88	0.8	NonTarget	1	323776
1618.965	0.8	NonTarget	1	323793
1619.045	0.8	NonTarget	1	323809
1619.13	0.8	NonTarget	1	323826
1619.215	0.8	NonTarget	1	323843
1619.3	0.8	NonTarget	1	323860
1619.38	0.8	NonTarget	1	323876
1619.465	0.8	NonTarget	1	323893
1619.55	0.8	NonTarget	1	323910
1619.63	0.8	NonTarget	1	323926
1619.715	0.8	NonTarget	1	323943
1619.8	0.8	NonTarget	1	323960
1619.88	0.8	NonTarget	1	323976
1619.965	0.8	NonTarget	1	323993
1620.05	0.8	NonTarget	1	324010
1620.13	0.8	NonTarget	1	324026
1620.215	0.8	NonTarget	1	324043
1620.3	0.8	NonTarget	1	324060
1620.38	0.8	Target	2	324076
1620.465	0.8	NonTarget	1	324093
1620.55	0.8	NonTarget	1	324110
1620.635	0.8	NonTarget	1	324127
1620.715	0.8	NonTarget	1	324143
1620.8	0.8	NonTarget	1	324160
1620.885	0.8	NonTarget	1	324177
1620.965	0.8	NonTarget	1	324193
1621.05	0.8	NonTarget	1	324210
1621.135	0.8	NonTarget	1	324227
1631.07	0.8	NonTarget	1	326214
1631.15	0.8	NonTarget	1	326230
1631.23	0.8	NonTarget	1	326246
1631.315	0.8	NonTarget	1	326263
1631.395	0.8	NonTarget	1	326279
1631.48	0.8	NonTarget	1	326296
1631.565	0.8	NonTarget	1	326313
1631.65	0.8	NonTarget	1	326330
1631.73	0.8	NonTarget	1	326346
1631.815	0.8	NonTarget	1	326363
1631.9	0.8	NonTarget	1	326380
1631.98	0.8	Target	2	326396
1632.065	0.8	NonTarget	1	326413
1632.15	0.8	NonTarget	1	326430
1632.235	0.8	NonTarget	1	326447
1632.315	0.8	NonTarget	1	326463
1632.4	0.8	NonTarget	1	326480
1632.48	0.8	NonTarget	1	326496
1632.565	0.8	NonTarget	1	326513
1632.65	0.8	NonTarget	1	326530
1632.735	0.8	NonTarget	1	326547
1632.815	0.8	NonTarget	1	326563
1632.9	0.8	NonTarget	1	326580
1632.985	0.8	NonTarget	1	326597
1633.065	0.8	NonTarget	1	326613
1633.15	0.8	NonTarget	1	326630
1633.235	0.8	NonTarget	1	326647
1633.315	0.8	NonTarget	1	326663
1633.4	0.8	NonTarget	1	326680
1633.485	0.8	NonTarget	1	326697
1633.885	0.8	NonTarget	1	326777
1633.965	0.8	Target	2	326793
1634.05	0.8	NonTarget	1	326810
1634.135	0.8	NonTarget	1	326827
1634.22	0.8	NonTarget	1	326844
1634.3	0.8	NonTarget	1	326860
1634.385	0.8	NonTarget	1	326877
1634.47	0.8	NonTarget	1	326894
1634.55	0.8	NonTarget	1	326910
1634.635	0.8	NonTarget	1	326927
1634.72	0.8	NonTarget	1	326944
1634.805	0.8	NonTarget	1	326961
1634.885	0.8	NonTarget	1	326977
1634.97	0.8	NonTarget	1	326994
1635.055	0.8	NonTarget	1	327011
1635.135	0.8	NonTarget	1	327027
1635.22	0.8	NonTarget	1	327044
1635.305	0.8	NonTarget	1	327061
1635.39	0.8	NonTarget	1	327078
1635.47	0.8	NonTarget	1	327094
1635.555	0.8	NonTarget	1	327111
1635.635	0.8	NonTarget	1	327127
1635.72	0.8	NonTarget	1	327144
1635.805	0.8	NonTarget	1	327161
1635.89	0.8	NonTarget	1	327178
1635.97	0.8	NonTarget	1	327194
1636.055	0.8	NonTarget	1	327211
1636.14	0.8	NonTarget	1	327228
1636.22	0.8	NonTarget	1	327244
1636.305	0.8	NonTarget	1	327261
1636.705	0.8	NonTarget	1	327341
1636.79	0.8	NonTarget	1	327358
1636.875	0.8	NonTarget	1	327375
1636.955	0.8	NonTarget	1	327391
1637.04	0.8	NonTarget	1	327408
1637.125	0.8	NonTarget	1	327425
1637.205	0.8	NonTarget	1	327441
1637.29	0.8	NonTarget	1	327458
1637.375	0.8	NonTarget	1	327475
1637.455	0.8	NonTarget	1	327491
1637.54	0.8	NonTarget	1	327508
1637.625	0.8	NonTarget	1	327525
1637.705	0.8	NonTarget	1	327541
1637.79	0.8	NonTarget	1	327558
1637.875	0.8	NonTarget	1	327575
1637.955	0.8	NonTarget	1	327591
1638.04	0.8	Target	2	327608
1638.125	0.8	NonTarget	1	327625
1638.205	0.8	NonTarget	1	327641
1638.29	0.8	NonTarget	1	327658
1638.375	0.8	NonTarget	1	327675
1638.46	0.8	NonTarget	1	327692
1638.54	0.8	NonTarget	1	327708
1638.625	0.8	NonTarget	1	327725
1638.71	0.8	NonTarget	1	327742
1638.79	0.8	NonTarget	1	327758
1638.875	0.8	NonTarget	1	327775
1638.96	0.8	NonTarget	1	327792
1639.04	0.8	NonTarget	1	327808
1639.125	0.8	NonTarget	1	327825
1639.525	0.8	NonTarget	1	327905
1639.61	0.8	NonTarget	1	327922
1639.695	0.8	NonTarget	1	327939
1639.775	0.8	NonTarget	1	327955
1639.86	0.8	NonTarget	1	327972
1639.945	0.8	NonTarget	1	327989
1640.025	0.8	NonTarget	1	328005
1640.11	0.8	NonTarget	1	328022
1640.195	0.8	NonTarget	1	328039
1640.275	0.8	NonTarget	1	328055
1640.36	0.8	NonTarget	1	328072
1640.445	0.8	Target	2	328089
1640.525	0.8	NonTarget	1	328105
1640.61	0.8	NonTarget	1	328122
1640.695	0.8	NonTarget	1	328139
1640.78	0.8	NonTarget	1	328156
1640.86	0.8	NonTarget	1	328172
1640.945	0.8	NonTarget	1	328189
1641.03	0.8	NonTarget	1	328206
1641.11	0.8	NonTarget	1	328222
1641.195	0.8	NonTarget	1	328239
1641.28	0.8	NonTarget	1	328256
1641.36	0.8	NonTarget	1	328272
1641.445	0.8	NonTarget	1	328289
1641.53	0.8	NonTarget	1	328306
1641.615	0.8	NonTarget	1	328323
1641.695	0.8	NonTarget	1	328339
1641.78	0.8	NonTarget	1	328356
1641.865	0.8	NonTarget	1	328373
1641.945	0.8	NonTarget	1	328389
1642.345	0.8	NonTarget	1	328469
1642.43	0.8	NonTarget	1	328486
1642.515	0.8	NonTarget	1	328503
1642.6	0.8	NonTarget	1	328520
1642.68	0.8	NonTarget	1	328536
1642.765	0.8	NonTarget	1	328553
1642.845	0.8	NonTarget	1	328569
1642.93	0.8	NonTarget	1	328586
1643.015	0.8	NonTarget	1	328603
1643.095	0.8	NonTarget	1	328619
1643.18	0.8	NonTarget	1	328636
1643.265	0.8	NonTarget	1	328653
1643.35	0.8	NonTarget	1	328670
1643.43	0.8	NonTarget	1	328686
1643.515	0.8	NonTarget	1	328703
1643.6	0.8	NonTarget	1	328720
1643.68	0.8	NonTarget	1	328736
1643.765	0.8	NonTarget	1	328753
1643.85	0.8	NonTarget	1	328770
1643.93	0.8	NonTarget	1	328786
1644.015	0.8	NonTarget	1	328803
1644.1	0.8	Target	2	328820
1644.185	0.8	NonTarget	1	328837
1644.27	0.8	NonTarget	1	328854
1644.35	0.8	NonTarget	1	328870
1644.43	0.8	NonTarget	1	328886
1644.515	0.8	NonTarget	1	328903
1644.6	0.8	NonTarget	1	328920
1644.685	0.8	NonTarget	1	328937
1644.765	0.8	NonTarget	1	328953
1645.165	0.8	NonTarget	1	329033
1645.25	0.8	NonTarget	1	329050
1645.335	0.8	NonTarget	1	329067
1645.42	0.8	NonTarget	1	329084
1645.5	0.8	NonTarget	1	329100
1645.585	0.8	NonTarget	1	329117
1645.665	0.8	Target	2	329133
1645.75	0.8	NonTarget	1	329150
1645.835	0.8	NonTarget	1	329167
1645.92	0.8	NonTarget	1	329184
1646.0	0.8	NonTarget	1	329200
1646.085	0.8	NonTarget	1	329217
1646.17	0.8	NonTarget	1	329234
1646.255	0.8	NonTarget	1	329251
1646.335	0.8	NonTarget	1	329267
1646.42	0.8	NonTarget	1	329284
1646.505	0.8	NonTarget	1	329301
1646.59	0.8	NonTarget	1	329318
1646.67	0.8	NonTarget	1	329334
1646.755	0.8	NonTarget	1	329351
1646.835	0.8	NonTarget	1	329367
1646.92	0.8	NonTarget	1	329384
1647.005	0.8	NonTarget	1	329401
1647.09	0.8	NonTarget	1	329418
1647.17	0.8	NonTarget	1	329434
1647.255	0.8	NonTarget	1	329451
1647.34	0.8	NonTarget	1	329468
1647.42	0.8	NonTarget	1	329484
1647.505	0.8	NonTarget	1	329501
1647.59	0.8	NonTarget	1	329518
1647.99	0.8	NonTarget	1	329598
1648.07	0.8	Target	2	329614
1648.155	0.8	NonTarget	1	329631
1648.24	0.8	NonTarget	1	329648
1648.32	0.8	NonTarget	1	329664
1648.405	0.8	NonTarget	1	329681
1648.49	0.8	NonTarget	1	329698
1648.575	0.8	NonTarget	1	329715
1648.655	0.8	NonTarget	1	329731
1648.74	0.8	NonTarget	1	329748
1648.82	0.8	NonTarget	1	329764
1648.905	0.8	NonTarget	1	329781
1648.99	0.8	NonTarget	1	329798
1649.075	0.8	NonTarget	1	329815
1649.155	0.8	NonTarget	1	329831
1649.24	0.8	NonTarget	1	329848
1649.325	0.8	NonTarget	1	329865
1649.405	0.8	NonTarget	1	329881
1649.49	0.8	NonTarget	1	329898
1649.575	0.8	NonTarget	1	329915
1649.655	0.8	NonTarget	1	329931
1649.74	0.8	NonTarget	1	329948
1649.825	0.8	NonTarget	1	329965
1649.91	0.8	NonTarget	1	329982
1649.99	0.8	NonTarget	1	329998
1650.075	0.8	NonTarget	1	330015
1650.16	0.8	NonTarget	1	330032
1650.24	0.8	NonTarget	1	330048
1650.325	0.8	NonTarget	1	330065
1650.41	0.8	NonTarget	1	330082
1650.81	0.8	NonTarget	1	330162
1650.89	0.8	NonTarget	1	330178
1650.975	0.8	NonTarget	1	330195
1651.06	0.8	NonTarget	1	330212
1651.14	0.8	NonTarget	1	330228
1651.225	0.8	NonTarget	1	330245
1651.31	0.8	Target	2	330262
1651.395	0.8	NonTarget	1	330279
1651.475	0.8	NonTarget	1	330295
1651.56	0.8	NonTarget	1	330312
1651.645	0.8	NonTarget	1	330329
1651.725	0.8	NonTarget	1	330345
1651.81	0.8	NonTarget	1	330362
1651.895	0.8	NonTarget	1	330379
1651.975	0.8	NonTarget	1	330395
1652.06	0.8	NonTarget	1	330412
1652.145	0.8	NonTarget	1	330429
1652.23	0.8	NonTarget	1	330446
1652.31	0.8	NonTarget	1	330462
1652.395	0.8	NonTarget	1	330479
1652.48	0.8	NonTarget	1	330496
1652.56	0.8	NonTarget	1	330512
1652.645	0.8	NonTarget	1	330529
1652.73	0.8	NonTarget	1	330546
1652.81	0.8	NonTarget	1	330562
1652.895	0.8	NonTarget	1	330579
1652.98	0.8	NonTarget	1	330596
1653.065	0.8	NonTarget	1	330613
1653.145	0.8	NonTarget	1	330629
1653.23	0.8	NonTarget	1	330646
1653.63	0.8	NonTarget	1	330726
1653.715	0.8	NonTarget	1	330743
1653.795	0.8	NonTarget	1	330759
1653.88	0.8	NonTarget	1	330776
1653.965	0.8	NonTarget	1	330793
1654.045	0.8	NonTarget	1	330809
1654.13	0.8	NonTarget	1	330826
1654.215	0.8	NonTarget	1	330843
1654.295	0.8	NonTarget	1	330859
1654.38	0.8	NonTarget	1	330876
1654.465	0.8	NonTarget	1	330893
1654.545	0.8	NonTarget	1	330909
1654.63	0.8	NonTarget	1	330926
1654.715	0.8	NonTarget	1	330943
1654.795	0.8	NonTarget	1	330959
1654.88	0.8	NonTarget	1	330976
1654.965	0.8	NonTarget	1	330993
1655.05	0.8	NonTarget	1	331010
1655.13	0.8	NonTarget	1	331026
1655.215	0.8	NonTarget	1	331043
1655.3	0.8	NonTarget	1	331060
1655.385	0.8	NonTarget	1	331077
1655.465	0.8	NonTarget	1	331093
1655.55	0.8	NonTarget	1	331110
1655.63	0.8	NonTarget	1	331126
1655.715	0.8	NonTarget	1	331143
1655.8	0.8	Target	2	331160
1655.88	0.8	NonTarget	1	331176
1655.965	0.8	NonTarget	1	331193
1656.05	0.8	NonTarget	1	331210
1656.45	0.8	NonTarget	1	331290
1656.535	0.8	NonTarget	1	331307
1656.615	0.8	NonTarget	1	331323
1656.7	0.8	NonTarget	1	331340
1656.785	0.8	NonTarget	1	331357
1656.87	0.8	NonTarget	1	331374
1656.95	0.8	NonTarget	1	331390
1657.035	0.8	NonTarget	1	331407
1657.115	0.8	NonTarget	1	331423
1657.2	0.8	NonTarget	1	331440
1657.285	0.8	NonTarget	1	331457
1657.365	0.8	Target	2	331473
1657.45	0.8	NonTarget	1	331490
1657.535	0.8	NonTarget	1	331507
1657.62	0.8	NonTarget	1	331524
1657.7	0.8	NonTarget	1	331540
1657.785	0.8	NonTarget	1	331557
1657.87	0.8	NonTarget	1	331574
1657.95	0.8	NonTarget	1	331590
1658.035	0.8	NonTarget	1	331607
1658.12	0.8	NonTarget	1	331624
1658.2	0.8	NonTarget	1	331640
1658.285	0.8	NonTarget	1	331657
1658.37	0.8	NonTarget	1	331674
1658.455	0.8	NonTarget	1	331691
1658.535	0.8	NonTarget	1	331707
1658.62	0.8	NonTarget	1	331724
1658.705	0.8	NonTarget	1	331741
1658.785	0.8	NonTarget	1	331757
1658.87	0.8	NonTarget	1	331774
1692.89	0.8	NonTarget	1	338578
1692.97	0.8	NonTarget	1	338594
1693.055	0.8	NonTarget	1	338611
1693.14	0.8	NonTarget	1	338628
1693.22	0.8	NonTarget	1	338644
1693.305	0.8	NonTarget	1	338661
1693.39	0.8	NonTarget	1	338678
1693.47	0.8	NonTarget	1	338694
1693.555	0.8	NonTarget	1	338711
1693.64	0.8	NonTarget	1	338728
1693.72	0.8	NonTarget	1	338744
1693.805	0.8	NonTarget	1	338761
1693.89	0.8	NonTarget	1	338778
1693.975	0.8	NonTarget	1	338795
1694.055	0.8	NonTarget	1	338811
1694.14	0.8	NonTarget	1	338828
1694.225	0.8	NonTarget	1	338845
1694.305	0.8	NonTarget	1	338861
1694.39	0.8	NonTarget	1	338878
1694.475	0.8	NonTarget	1	338895
1694.555	0.8	NonTarget	1	338911
1694.64	0.8	NonTarget	1	338928
1694.725	0.8	NonTarget	1	338945
1694.805	0.8	NonTarget	1	338961
1694.89	0.8	NonTarget	1	338978
1694.975	0.8	NonTarget	1	338995
1695.06	0.8	NonTarget	1	339012
1695.14	0.8	Target	2	339028
1695.225	0.8	NonTarget	1	339045
1695.31	0.8	NonTarget	1	339062
1695.705	0.8	NonTarget	1	339141
1695.795	0.8	NonTarget	1	339159
1695.875	0.8	Target	2	339175
1695.96	0.8	NonTarget	1	339192
1696.045	0.8	NonTarget	1	339209
1696.125	0.8	NonTarget	1	339225
1696.21	0.8	NonTarget	1	339242
1696.295	0.8	NonTarget	1	339259
1696.375	0.8	NonTarget	1	339275
1696.46	0.8	NonTarget	1	339292
1696.545	0.8	NonTarget	1	339309
1696.625	0.8	NonTarget	1	339325
1696.71	0.8	NonTarget	1	339342
1696.795	0.8	NonTarget	1	339359
1696.875	0.8	NonTarget	1	339375
1696.96	0.8	NonTarget	1	339392
1697.045	0.8	NonTarget	1	339409
1697.125	0.8	NonTarget	1	339425
1697.21	0.8	NonTarget	1	339442
1697.295	0.8	NonTarget	1	339459
1697.38	0.8	NonTarget	1	339476
1697.46	0.8	NonTarget	1	339492
1697.545	0.8	NonTarget	1	339509
1697.63	0.8	NonTarget	1	339526
1697.71	0.8	NonTarget	1	339542
1697.795	0.8	NonTarget	1	339559
1697.88	0.8	NonTarget	1	339576
1697.96	0.8	NonTarget	1	339592
1698.045	0.8	NonTarget	1	339609
1698.13	0.8	NonTarget	1	339626
1698.53	0.8	NonTarget	1	339706
1698.61	0.8	NonTarget	1	339722
1698.695	0.8	NonTarget	1	339739
1698.78	0.8	NonTarget	1	339756
1698.86	0.8	NonTarget	1	339772
1698.945	0.8	NonTarget	1	339789
1699.03	0.8	NonTarget	1	339806
1699.115	0.8	NonTarget	1	339823
1699.195	0.8	NonTarget	1	339839
1699.28	0.8	NonTarget	1	339856
1699.365	0.8	NonTarget	1	339873
1699.445	0.8	NonTarget	1	339889
1699.53	0.8	Target	2	339906
1699.615	0.8	NonTarget	1	339923
1699.7	0.8	NonTarget	1	339940
1699.785	0.8	NonTarget	1	339957
1699.865	0.8	NonTarget	1	339973
1699.95	0.8	NonTarget	1	339990
1700.03	0.8	NonTarget	1	340006
1700.115	0.8	NonTarget	1	340023
1700.2	0.8	NonTarget	1	340040
1700.28	0.8	NonTarget	1	340056
1700.365	0.8	NonTarget	1	340073
1700.45	0.8	NonTarget	1	340090
1700.535	0.8	NonTarget	1	340107
1700.615	0.8	NonTarget	1	340123
1700.7	0.8	NonTarget	1	340140
1700.785	0.8	NonTarget	1	340157
1700.865	0.8	NonTarget	1	340173
1700.95	0.8	NonTarget	1	340190
1701.35	0.8	NonTarget	1	340270
1701.435	0.8	NonTarget	1	340287
1701.52	0.8	NonTarget	1	340304
1701.6	0.8	NonTarget	1	340320
1701.685	0.8	NonTarget	1	340337
1701.77	0.8	NonTarget	1	340354
1701.85	0.8	NonTarget	1	340370
1701.935	0.8	Target	2	340387
1702.02	0.8	NonTarget	1	340404
1702.1	0.8	NonTarget	1	340420
1702.185	0.8	NonTarget	1	340437
1702.27	0.8	NonTarget	1	340454
1702.35	0.8	NonTarget	1	340470
1702.435	0.8	NonTarget	1	340487
1702.52	0.8	NonTarget	1	340504
1702.6	0.8	NonTarget	1	340520
1702.685	0.8	NonTarget	1	340537
1702.77	0.8	NonTarget	1	340554
1702.855	0.8	NonTarget	1	340571
1702.94	0.8	NonTarget	1	340588
1703.02	0.8	NonTarget	1	340604
1703.105	0.8	NonTarget	1	340621
1703.19	0.8	NonTarget	1	340638
1703.27	0.8	NonTarget	1	340654
1703.355	0.8	NonTarget	1	340671
1703.435	0.8	NonTarget	1	340687
1703.52	0.8	NonTarget	1	340704
1703.605	0.8	NonTarget	1	340721
1703.685	0.8	NonTarget	1	340737
1703.77	0.8	NonTarget	1	340754
1704.17	0.8	NonTarget	1	340834
1704.255	0.8	NonTarget	1	340851
1704.34	0.8	Target	2	340868
1704.42	0.8	NonTarget	1	340884
1704.505	0.8	NonTarget	1	340901
1704.59	0.8	NonTarget	1	340918
1704.67	0.8	NonTarget	1	340934
1704.755	0.8	NonTarget	1	340951
1704.84	0.8	NonTarget	1	340968
1704.92	0.8	NonTarget	1	340984
1705.005	0.8	NonTarget	1	341001
1705.09	0.8	NonTarget	1	341018
1705.175	0.8	NonTarget	1	341035
1705.26	0.8	NonTarget	1	341052
1705.34	0.8	NonTarget	1	341068
1705.425	0.8	NonTarget	1	341085
1705.505	0.8	NonTarget	1	341101
1705.59	0.8	NonTarget	1	341118
1705.675	0.8	NonTarget	1	341135
1705.76	0.8	NonTarget	1	341152
1705.84	0.8	NonTarget	1	341168
1705.925	0.8	NonTarget	1	341185
1706.01	0.8	NonTarget	1	341202
1706.09	0.8	NonTarget	1	341218
1706.175	0.8	NonTarget	1	341235
1706.255	0.8	NonTarget	1	341251
1706.34	0.8	NonTarget	1	341268
1706.425	0.8	NonTarget	1	341285
1706.51	0.8	NonTarget	1	341302
1706.59	0.8	NonTarget	1	341318
1706.99	0.8	NonTarget	1	341398
1707.075	0.8	NonTarget	1	341415
1707.16	0.8	NonTarget	1	341432
1707.245	0.8	NonTarget	1	341449
1707.325	0.8	NonTarget	1	341465
1707.41	0.8	NonTarget	1	341482
1707.495	0.8	NonTarget	1	341499
1707.575	0.8	NonTarget	1	341515
1707.66	0.8	NonTarget	1	341532
1707.745	0.8	NonTarget	1	341549
1707.825	0.8	NonTarget	1	341565
1707.91	0.8	NonTarget	1	341582
1707.995	0.8	Target	2	341599
1708.075	0.8	NonTarget	1	341615
1708.16	0.8	NonTarget	1	341632
1708.245	0.8	NonTarget	1	341649
1708.325	0.8	NonTarget	1	341665
1708.41	0.8	NonTarget	1	341682
1708.495	0.8	NonTarget	1	341699
1708.575	0.8	NonTarget	1	341715
1708.66	0.8	NonTarget	1	341732
1708.745	0.8	NonTarget	1	341749
1708.83	0.8	NonTarget	1	341766
1708.91	0.8	NonTarget	1	341782
1708.995	0.8	NonTarget	1	341799
1709.08	0.8	NonTarget	1	341816
1709.16	0.8	NonTarget	1	341832
1709.245	0.8	NonTarget	1	341849
1709.33	0.8	NonTarget	1	341866
1709.41	0.8	NonTarget	1	341882
1709.815	0.8	NonTarget	1	341963
1709.895	0.8	NonTarget	1	341979
1709.98	0.8	NonTarget	1	341996
1710.065	0.8	NonTarget	1	342013
1710.145	0.8	NonTarget	1	342029
1710.23	0.8	NonTarget	1	342046
1710.315	0.8	NonTarget	1	342063
1710.395	0.8	Target	2	342079
1710.48	0.8	NonTarget	1	342096
1710.565	0.8	NonTarget	1	342113
1710.645	0.8	NonTarget	1	342129
1710.73	0.8	NonTarget	1	342146
1710.815	0.8	NonTarget	1	342163
1710.9	0.8	NonTarget	1	342180
1710.98	0.8	NonTarget	1	342196
1711.065	0.8	NonTarget	1	342213
1711.145	0.8	NonTarget	1	342229
1711.23	0.8	NonTarget	1	342246
1711.315	0.8	NonTarget	1	342263
1711.4	0.8	NonTarget	1	342280
1711.48	0.8	NonTarget	1	342296
1711.565	0.8	NonTarget	1	342313
1711.65	0.8	NonTarget	1	342330
1711.735	0.8	NonTarget	1	342347
1711.815	0.8	NonTarget	1	342363
1711.9	0.8	NonTarget	1	342380
1711.98	0.8	NonTarget	1	342396
1712.065	0.8	NonTarget	1	342413
1712.15	0.8	NonTarget	1	342430
1712.235	0.8	NonTarget	1	342447
1712.635	0.8	NonTarget	1	342527
1712.715	0.8	NonTarget	1	342543
1712.8	0.8	NonTarget	1	342560
1712.885	0.8	NonTarget	1	342577
1712.965	0.8	NonTarget	1	342593
1713.05	0.8	NonTarget	1	342610
1713.135	0.8	NonTarget	1	342627
1713.22	0.8	Target	2	342644
1713.3	0.8	NonTarget	1	342660
1713.385	0.8	NonTarget	1	342677
1713.47	0.8	NonTarget	1	342694
1713.55	0.8	NonTarget	1	342710
1713.635	0.8	NonTarget	1	342727
1713.72	0.8	NonTarget	1	342744
1713.805	0.8	NonTarget	1	342761
1713.885	0.8	NonTarget	1	342777
1713.97	0.8	NonTarget	1	342794
1714.05	0.8	NonTarget	1	342810
1714.135	0.8	NonTarget	1	342827
1714.22	0.8	NonTarget	1	342844
1714.305	0.8	NonTarget	1	342861
1714.385	0.8	NonTarget	1	342877
1714.47	0.8	NonTarget	1	342894
1714.555	0.8	NonTarget	1	342911
1714.635	0.8	NonTarget	1	342927
1714.72	0.8	NonTarget	1	342944
1714.8	0.8	NonTarget	1	342960
1714.885	0.8	NonTarget	1	342977
1714.97	0.8	NonTarget	1	342994
1715.055	0.8	NonTarget	1	343011
1715.45	0.8	NonTarget	1	343090
1715.535	0.8	NonTarget	1	343107
1715.62	0.8	NonTarget	1	343124
1715.705	0.8	NonTarget	1	343141
1715.79	0.8	NonTarget	1	343158
1715.87	0.8	NonTarget	1	343174
1715.955	0.8	NonTarget	1	343191
1716.035	0.8	NonTarget	1	343207
1716.12	0.8	NonTarget	1	343224
1716.205	0.8	NonTarget	1	343241
1716.29	0.8	NonTarget	1	343258
1716.37	0.8	NonTarget	1	343274
1716.455	0.8	NonTarget	1	343291
1716.54	0.8	NonTarget	1	343308
1716.62	0.8	NonTarget	1	343324
1716.705	0.8	NonTarget	1	343341
1716.79	0.8	NonTarget	1	343358
1716.875	0.8	NonTarget	1	343375
1716.955	0.8	NonTarget	1	343391
1717.04	0.8	NonTarget	1	343408
1717.125	0.8	NonTarget	1	343425
1717.205	0.8	NonTarget	1	343441
1717.29	0.8	Target	2	343458
1717.375	0.8	NonTarget	1	343475
1717.455	0.8	NonTarget	1	343491
1717.54	0.8	NonTarget	1	343508
1717.625	0.8	NonTarget	1	343525
1717.705	0.8	NonTarget	1	343541
1717.79	0.8	NonTarget	1	343558
1717.875	0.8	NonTarget	1	343575
1718.275	0.8	NonTarget	1	343655
1718.355	0.8	NonTarget	1	343671
1718.44	0.8	NonTarget	1	343688
1718.525	0.8	NonTarget	1	343705
1718.61	0.8	NonTarget	1	343722
1718.69	0.8	NonTarget	1	343738
1718.775	0.8	NonTarget	1	343755
1718.86	0.8	NonTarget	1	343772
1718.945	0.8	NonTarget	1	343789
1719.025	0.8	NonTarget	1	343805
1719.11	0.8	NonTarget	1	343822
1719.19	0.8	NonTarget	1	343838
1719.275	0.8	Target	2	343855
1719.36	0.8	NonTarget	1	343872
1719.445	0.8	NonTarget	1	343889
1719.525	0.8	NonTarget	1	343905
1719.61	0.8	NonTarget	1	343922
1719.695	0.8	NonTarget	1	343939
1719.775	0.8	NonTarget	1	343955
1719.86	0.8	NonTarget	1	343972
1719.945	0.8	NonTarget	1	343989
1720.03	0.8	NonTarget	1	344006
1720.11	0.8	NonTarget	1	344022
1720.195	0.8	NonTarget	1	344039
1720.28	0.8	NonTarget	1	344056
1720.36	0.8	NonTarget	1	344072
1720.445	0.8	NonTarget	1	344089
1720.525	0.8	NonTarget	1	344105
1720.61	0.8	NonTarget	1	344122
1720.695	0.8	NonTarget	1	344139
1729.695	0.8	NonTarget	1	345939
1729.775	0.8	NonTarget	1	345955
1729.855	0.8	NonTarget	1	345971
1729.94	0.8	NonTarget	1	345988
1730.025	0.8	NonTarget	1	346005
1730.11	0.8	NonTarget	1	346022
1730.19	0.8	Target	2	346038
1730.275	0.8	NonTarget	1	346055
1730.36	0.8	NonTarget	1	346072
1730.44	0.8	NonTarget	1	346088
1730.525	0.8	NonTarget	1	346105
1730.61	0.8	NonTarget	1	346122
1730.69	0.8	NonTarget	1	346138
1730.775	0.8	NonTarget	1	346155
1730.86	0.8	NonTarget	1	346172
1730.945	0.8	NonTarget	1	346189
1731.025	0.8	NonTarget	1	346205
1731.11	0.8	NonTarget	1	346222
1731.19	0.8	NonTarget	1	346238
1731.275	0.8	NonTarget	1	346255
1731.36	0.8	NonTarget	1	346272
1731.445	0.8	NonTarget	1	346289
1731.525	0.8	NonTarget	1	346305
1731.61	0.8	NonTarget	1	346322
1731.695	0.8	NonTarget	1	346339
1731.775	0.8	NonTarget	1	346355
1731.86	0.8	NonTarget	1	346372
1731.945	0.8	NonTarget	1	346389
1732.025	0.8	NonTarget	1	346405
1732.11	0.8	NonTarget	1	346422
1732.51	0.8	NonTarget	1	346502
1732.595	0.8	NonTarget	1	346519
1732.68	0.8	NonTarget	1	346536
1732.76	0.8	NonTarget	1	346552
1732.845	0.8	NonTarget	1	346569
1732.93	0.8	NonTarget	1	346586
1733.01	0.8	Target	2	346602
1733.095	0.8	NonTarget	1	346619
1733.18	0.8	NonTarget	1	346636
1733.26	0.8	NonTarget	1	346652
1733.345	0.8	NonTarget	1	346669
1733.43	0.8	NonTarget	1	346686
1733.51	0.8	NonTarget	1	346702
1733.595	0.8	NonTarget	1	346719
1733.68	0.8	NonTarget	1	346736
1733.765	0.8	NonTarget	1	346753
1733.845	0.8	NonTarget	1	346769
1733.93	0.8	NonTarget	1	346786
1734.015	0.8	NonTarget	1	346803
1734.095	0.8	NonTarget	1	346819
1734.18	0.8	NonTarget	1	346836
1734.265	0.8	NonTarget	1	346853
1734.35	0.8	NonTarget	1	346870
1734.43	0.8	NonTarget	1	346886
1734.515	0.8	NonTarget	1	346903
1734.595	0.8	NonTarget	1	346919
1734.68	0.8	NonTarget	1	346936
1734.765	0.8	NonTarget	1	346953
1734.85	0.8	NonTarget	1	346970
1734.93	0.8	NonTarget	1	346986
1735.33	0.8	NonTarget	1	347066
1735.415	0.8	Target	2	347083
1735.5	0.8	NonTarget	1	347100
1735.585	0.8	NonTarget	1	347117
1735.665	0.8	NonTarget	1	347133
1735.75	0.8	NonTarget	1	347150
1735.835	0.8	NonTarget	1	347167
1735.915	0.8	NonTarget	1	347183
1736.0	0.8	NonTarget	1	347200
1736.085	0.8	NonTarget	1	347217
1736.17	0.8	NonTarget	1	347234
1736.25	0.8	NonTarget	1	347250
1736.335	0.8	NonTarget	1	347267
1736.415	0.8	NonTarget	1	347283
1736.5	0.8	NonTarget	1	347300
1736.585	0.8	NonTarget	1	347317
1736.665	0.8	NonTarget	1	347333
1736.75	0.8	NonTarget	1	347350
1736.835	0.8	NonTarget	1	347367
1736.915	0.8	NonTarget	1	347383
1737.0	0.8	NonTarget	1	347400
1737.085	0.8	NonTarget	1	347417
1737.17	0.8	NonTarget	1	347434
1737.25	0.8	NonTarget	1	347450
1737.335	0.8	NonTarget	1	347467
1737.42	0.8	NonTarget	1	347484
1737.5	0.8	NonTarget	1	347500
1737.585	0.8	NonTarget	1	347517
1737.67	0.8	NonTarget	1	347534
1737.755	0.8	NonTarget	1	347551
1738.155	0.8	NonTarget	1	347631
1738.235	0.8	NonTarget	1	347647
1738.32	0.8	NonTarget	1	347664
1738.405	0.8	NonTarget	1	347681
1738.485	0.8	NonTarget	1	347697
1738.57	0.8	NonTarget	1	347714
1738.65	0.8	NonTarget	1	347730
1738.735	0.8	NonTarget	1	347747
1738.82	0.8	NonTarget	1	347764
1738.905	0.8	NonTarget	1	347781
1738.985	0.8	NonTarget	1	347797
1739.07	0.8	NonTarget	1	347814
1739.155	0.8	NonTarget	1	347831
1739.235	0.8	NonTarget	1	347847
1739.32	0.8	NonTarget	1	347864
1739.405	0.8	NonTarget	1	347881
1739.49	0.8	Target	2	347898
1739.57	0.8	NonTarget	1	347914
1739.655	0.8	NonTarget	1	347931
1739.74	0.8	NonTarget	1	347948
1739.825	0.8	NonTarget	1	347965
1739.905	0.8	NonTarget	1	347981
1739.99	0.8	NonTarget	1	347998
1740.07	0.8	NonTarget	1	348014
1740.155	0.8	NonTarget	1	348031
1740.24	0.8	NonTarget	1	348048
1740.32	0.8	NonTarget	1	348064
1740.405	0.8	NonTarget	1	348081
1740.49	0.8	NonTarget	1	348098
1740.575	0.8	NonTarget	1	348115
1740.975	0.8	NonTarget	1	348195
1741.055	0.8	NonTarget	1	348211
1741.14	0.8	NonTarget	1	348228
1741.225	0.8	NonTarget	1	348245
1741.305	0.8	NonTarget	1	348261
1741.39	0.8	NonTarget	1	348278
1741.475	0.8	NonTarget	1	348295
1741.56	0.8	NonTarget	1	348312
1741.64	0.8	NonTarget	1	348328
1741.725	0.8	NonTarget	1	348345
1741.805	0.8	NonTarget	1	348361
1741.89	0.8	NonTarget	1	348378
1741.975	0.8	NonTarget	1	348395
1742.06	0.8	NonTarget	1	348412
1742.14	0.8	NonTarget	1	348428
1742.225	0.8	NonTarget	1	348445
1742.31	0.8	Target	2	348462
1742.39	0.8	NonTarget	1	348478
1742.475	0.8	NonTarget	1	348495
1742.56	0.8	NonTarget	1	348512
1742.64	0.8	NonTarget	1	348528
1742.725	0.8	NonTarget	1	348545
1742.81	0.8	NonTarget	1	348562
1742.89	0.8	NonTarget	1	348578
1742.975	0.8	NonTarget	1	348595
1743.06	0.8	NonTarget	1	348612
1743.14	0.8	NonTarget	1	348628
1743.23	0.8	NonTarget	1	348646
1743.31	0.8	NonTarget	1	348662
1743.39	0.8	NonTarget	1	348678
1743.795	0.8	NonTarget	1	348759
1743.88	0.8	NonTarget	1	348776
1743.96	0.8	NonTarget	1	348792
1744.045	0.8	NonTarget	1	348809
1744.125	0.8	NonTarget	1	348825
1744.21	0.8	NonTarget	1	348842
1744.295	0.8	NonTarget	1	348859
1744.38	0.8	NonTarget	1	348876
1744.465	0.8	NonTarget	1	348893
1744.545	0.8	NonTarget	1	348909
1744.63	0.8	NonTarget	1	348926
1744.71	0.8	Target	2	348942
1744.795	0.8	NonTarget	1	348959
1744.88	0.8	NonTarget	1	348976
1744.96	0.8	NonTarget	1	348992
1745.045	0.8	NonTarget	1	349009
1745.13	0.8	NonTarget	1	349026
1745.215	0.8	NonTarget	1	349043
1745.295	0.8	NonTarget	1	349059
1745.38	0.8	NonTarget	1	349076
1745.465	0.8	NonTarget	1	349093
1745.545	0.8	NonTarget	1	349109
1745.63	0.8	NonTarget	1	349126
1745.715	0.8	NonTarget	1	349143
1745.795	0.8	NonTarget	1	349159
1745.88	0.8	NonTarget	1	349176
1745.965	0.8	NonTarget	1	349193
1746.045	0.8	NonTarget	1	349209
1746.13	0.8	NonTarget	1	349226
1746.215	0.8	NonTarget	1	349243
1746.615	0.8	NonTarget	1	349323
1746.695	0.8	NonTarget	1	349339
1746.78	0.8	NonTarget	1	349356
1746.865	0.8	NonTarget	1	349373
1746.95	0.8	NonTarget	1	349390
1747.03	0.8	NonTarget	1	349406
1747.115	0.8	NonTarget	1	349423
1747.2	0.8	NonTarget	1	349440
1747.285	0.8	NonTarget	1	349457
1747.365	0.8	NonTarget	1	349473
1747.45	0.8	NonTarget	1	349490
1747.535	0.8	NonTarget	1	349507
1747.62	0.8	NonTarget	1	349524
1747.7	0.8	NonTarget	1	349540
1747.785	0.8	NonTarget	1	349557
1747.865	0.8	NonTarget	1	349573
1747.95	0.8	NonTarget	1	349590
1748.035	0.8	NonTarget	1	349607
1748.115	0.8	NonTarget	1	349623
1748.2	0.8	NonTarget	1	349640
1748.285	0.8	NonTarget	1	349657
1748.37	0.8	NonTarget	1	349674
1748.45	0.8	NonTarget	1	349690
1748.535	0.8	NonTarget	1	349707
1748.615	0.8	NonTarget	1	349723
1748.7	0.8	NonTarget	1	349740
1748.785	0.8	Target	2	349757
1748.865	0.8	NonTarget	1	349773
1748.95	0.8	NonTarget	1	349790
1749.035	0.8	NonTarget	1	349807
1749.435	0.8	NonTarget	1	349887
1749.52	0.8	NonTarget	1	349904
1749.605	0.8	NonTarget	1	349921
1749.685	0.8	NonTarget	1	349937
1749.77	0.8	NonTarget	1	349954
1749.85	0.8	NonTarget	1	349970
1749.935	0.8	Target	2	349987
1750.02	0.8	NonTarget	1	350004
1750.105	0.8	NonTarget	1	350021
1750.185	0.8	NonTarget	1	350037
1750.27	0.8	NonTarget	1	350054
1750.355	0.8	NonTarget	1	350071
1750.435	0.8	NonTarget	1	350087
1750.52	0.8	NonTarget	1	350104
1750.6	0.8	NonTarget	1	350120
1750.685	0.8	NonTarget	1	350137
1750.77	0.8	NonTarget	1	350154
1750.855	0.8	NonTarget	1	350171
1750.94	0.8	NonTarget	1	350188
1751.02	0.8	NonTarget	1	350204
1751.105	0.8	NonTarget	1	350221
1751.185	0.8	NonTarget	1	350237
1751.27	0.8	NonTarget	1	350254
1751.355	0.8	NonTarget	1	350271
1751.44	0.8	NonTarget	1	350288
1751.52	0.8	NonTarget	1	350304
1751.605	0.8	NonTarget	1	350321
1751.69	0.8	NonTarget	1	350338
1751.775	0.8	NonTarget	1	350355
1751.855	0.8	NonTarget	1	350371
1752.255	0.8	NonTarget	1	350451
1752.34	0.8	NonTarget	1	350468
1752.425	0.8	NonTarget	1	350485
1752.505	0.8	NonTarget	1	350501
1752.59	0.8	NonTarget	1	350518
1752.675	0.8	NonTarget	1	350535
1752.755	0.8	NonTarget	1	350551
1752.84	0.8	NonTarget	1	350568
1752.925	0.8	NonTarget	1	350585
1753.005	0.8	NonTarget	1	350601
1753.09	0.8	NonTarget	1	350618
1753.175	0.8	NonTarget	1	350635
1753.255	0.8	NonTarget	1	350651
1753.34	0.8	NonTarget	1	350668
1753.425	0.8	NonTarget	1	350685
1753.51	0.8	NonTarget	1	350702
1753.59	0.8	NonTarget	1	350718
1753.675	0.8	NonTarget	1	350735
1753.76	0.8	NonTarget	1	350752
1753.84	0.8	NonTarget	1	350768
1753.925	0.8	NonTarget	1	350785
1754.01	0.8	Target	2	350802
1754.09	0.8	NonTarget	1	350818
1754.175	0.8	NonTarget	1	350835
1754.26	0.8	NonTarget	1	350852
1754.34	0.8	NonTarget	1	350868
1754.425	0.8	NonTarget	1	350885
1754.51	0.8	NonTarget	1	350902
1754.595	0.8	NonTarget	1	350919
1754.675	0.8	NonTarget	1	350935
1755.075	0.8	NonTarget	1	351015
1755.16	0.8	NonTarget	1	351032
1755.245	0.8	NonTarget	1	351049
1755.325	0.8	NonTarget	1	351065
1755.41	0.8	NonTarget	1	351082
1755.495	0.8	NonTarget	1	351099
1755.58	0.8	Target	2	351116
1755.66	0.8	NonTarget	1	351132
1755.745	0.8	NonTarget	1	351149
1755.83	0.8	NonTarget	1	351166
1755.91	0.8	NonTarget	1	351182
1755.995	0.8	NonTarget	1	351199
1756.08	0.8	NonTarget	1	351216
1756.16	0.8	NonTarget	1	351232
1756.245	0.8	NonTarget	1	351249
1756.33	0.8	NonTarget	1	351266
1756.41	0.8	NonTarget	1	351282
1756.495	0.8	NonTarget	1	351299
1756.58	0.8	NonTarget	1	351316
1756.66	0.8	NonTarget	1	351332
1756.745	0.8	NonTarget	1	351349
1756.83	0.8	NonTarget	1	351366
1756.91	0.8	NonTarget	1	351382
1756.995	0.8	NonTarget	1	351399
1757.08	0.8	NonTarget	1	351416
1757.16	0.8	NonTarget	1	351432
1757.245	0.8	NonTarget	1	351449
1757.33	0.8	NonTarget	1	351466
1757.415	0.8	NonTarget	1	351483
1757.495	0.8	NonTarget	1	351499
1766.495	0.8	NonTarget	1	353299
1766.575	0.8	NonTarget	1	353315
1766.66	0.8	NonTarget	1	353332
1766.745	0.8	Target	2	353349
1766.825	0.8	NonTarget	1	353365
1766.91	0.8	NonTarget	1	353382
1766.995	0.8	NonTarget	1	353399
1767.075	0.8	NonTarget	1	353415
1767.16	0.8	NonTarget	1	353432
1767.245	0.8	NonTarget	1	353449
1767.325	0.8	NonTarget	1	353465
1767.41	0.8	NonTarget	1	353482
1767.495	0.8	NonTarget	1	353499
1767.58	0.8	NonTarget	1	353516
1767.66	0.8	NonTarget	1	353532
1767.745	0.8	NonTarget	1	353549
1767.83	0.8	NonTarget	1	353566
1767.91	0.8	NonTarget	1	353582
1767.995	0.8	NonTarget	1	353599
1768.08	0.8	NonTarget	1	353616
1768.16	0.8	NonTarget	1	353632
1768.245	0.8	NonTarget	1	353649
1768.33	0.8	NonTarget	1	353666
1768.41	0.8	NonTarget	1	353682
1768.495	0.8	NonTarget	1	353699
1768.58	0.8	NonTarget	1	353716
1768.665	0.8	NonTarget	1	353733
1768.745	0.8	NonTarget	1	353749
1768.83	0.8	NonTarget	1	353766
1768.915	0.8	NonTarget	1	353783
1769.315	0.8	NonTarget	1	353863
1769.4	0.8	NonTarget	1	353880
1769.48	0.8	NonTarget	1	353896
1769.565	0.8	NonTarget	1	353913
1769.645	0.8	NonTarget	1	353929
1769.73	0.8	NonTarget	1	353946
1769.815	0.8	NonTarget	1	353963
1769.895	0.8	NonTarget	1	353979
1769.98	0.8	NonTarget	1	353996
1770.065	0.8	NonTarget	1	354013
1770.15	0.8	NonTarget	1	354030
1770.23	0.8	NonTarget	1	354046
1770.315	0.8	NonTarget	1	354063
1770.4	0.8	Target	2	354080
1770.48	0.8	NonTarget	1	354096
1770.565	0.8	NonTarget	1	354113
1770.65	0.8	NonTarget	1	354130
1770.73	0.8	NonTarget	1	354146
1770.815	0.8	NonTarget	1	354163
1770.9	0.8	NonTarget	1	354180
1770.98	0.8	NonTarget	1	354196
1771.065	0.8	NonTarget	1	354213
1771.15	0.8	NonTarget	1	354230
1771.235	0.8	NonTarget	1	354247
1771.315	0.8	NonTarget	1	354263
1771.4	0.8	NonTarget	1	354280
1771.485	0.8	NonTarget	1	354297
1771.565	0.8	NonTarget	1	354313
1771.65	0.8	NonTarget	1	354330
1771.735	0.8	NonTarget	1	354347
1772.135	0.8	NonTarget	1	354427
1772.215	0.8	NonTarget	1	354443
1772.3	0.8	NonTarget	1	354460
1772.385	0.8	NonTarget	1	354477
1772.47	0.8	NonTarget	1	354494
1772.55	0.8	NonTarget	1	354510
1772.635	0.8	NonTarget	1	354527
1772.72	0.8	NonTarget	1	354544
1772.8	0.8	NonTarget	1	354560
1772.885	0.8	NonTarget	1	354577
1772.97	0.8	NonTarget	1	354594
1773.055	0.8	NonTarget	1	354611
1773.135	0.8	NonTarget	1	354627
1773.22	0.8	NonTarget	1	354644
1773.3	0.8	NonTarget	1	354660
1773.385	0.8	NonTarget	1	354677
1773.47	0.8	NonTarget	1	354694
1773.555	0.8	NonTarget	1	354711
1773.635	0.8	NonTarget	1	354727
1773.72	0.8	NonTarget	1	354744
1773.8	0.8	NonTarget	1	354760
1773.885	0.8	NonTarget	1	354777
1773.97	0.8	NonTarget	1	354794
1774.055	0.8	NonTarget	1	354811
1774.135	0.8	NonTarget	1	354827
1774.22	0.8	NonTarget	1	354844
1774.305	0.8	NonTarget	1	354861
1774.385	0.8	NonTarget	1	354877
1774.47	0.8	Target	2	354894
1774.555	0.8	NonTarget	1	354911
1774.955	0.8	NonTarget	1	354991
1775.04	0.8	NonTarget	1	355008
1775.12	0.8	NonTarget	1	355024
1775.205	0.8	NonTarget	1	355041
1775.29	0.8	NonTarget	1	355058
1775.37	0.8	NonTarget	1	355074
1775.455	0.8	NonTarget	1	355091
1775.54	0.8	NonTarget	1	355108
1775.625	0.8	Target	2	355125
1775.705	0.8	NonTarget	1	355141
1775.79	0.8	NonTarget	1	355158
1775.875	0.8	NonTarget	1	355175
1775.955	0.8	NonTarget	1	355191
1776.04	0.8	NonTarget	1	355208
1776.125	0.8	NonTarget	1	355225
1776.205	0.8	NonTarget	1	355241
1776.29	0.8	NonTarget	1	355258
1776.375	0.8	NonTarget	1	355275
1776.455	0.8	NonTarget	1	355291
1776.54	0.8	NonTarget	1	355308
1776.625	0.8	NonTarget	1	355325
1776.71	0.8	NonTarget	1	355342
1776.79	0.8	NonTarget	1	355358
1776.875	0.8	NonTarget	1	355375
1776.955	0.8	NonTarget	1	355391
1777.04	0.8	NonTarget	1	355408
1777.125	0.8	NonTarget	1	355425
1777.205	0.8	NonTarget	1	355441
1777.29	0.8	NonTarget	1	355458
1777.375	0.8	NonTarget	1	355475
1777.775	0.8	NonTarget	1	355555
1777.86	0.8	NonTarget	1	355572
1777.94	0.8	NonTarget	1	355588
1778.025	0.8	NonTarget	1	355605
1778.11	0.8	NonTarget	1	355622
1778.195	0.8	NonTarget	1	355639
1778.275	0.8	NonTarget	1	355655
1778.36	0.8	NonTarget	1	355672
1778.445	0.8	NonTarget	1	355689
1778.525	0.8	NonTarget	1	355705
1778.61	0.8	NonTarget	1	355722
1778.695	0.8	NonTarget	1	355739
1778.775	0.8	NonTarget	1	355755
1778.86	0.8	NonTarget	1	355772
1778.945	0.8	NonTarget	1	355789
1779.025	0.8	NonTarget	1	355805
1779.11	0.8	NonTarget	1	355822
1779.195	0.8	NonTarget	1	355839
1779.275	0.8	NonTarget	1	355855
1779.36	0.8	NonTarget	1	355872
1779.445	0.8	NonTarget	1	355889
1779.53	0.8	NonTarget	1	355906
1779.61	0.8	NonTarget	1	355922
1779.695	0.8	NonTarget	1	355939
1779.78	0.8	NonTarget	1	355956
1779.865	0.8	NonTarget	1	355973
1779.945	0.8	NonTarget	1	355989
1780.03	0.8	NonTarget	1	356006
1780.115	0.8	Target	2	356023
1780.195	0.8	NonTarget	1	356039
1780.595	0.8	NonTarget	1	356119
1780.68	0.8	NonTarget	1	356136
1780.765	0.8	NonTarget	1	356153
1780.845	0.8	NonTarget	1	356169
1780.93	0.8	NonTarget	1	356186
1781.015	0.8	NonTarget	1	356203
1781.095	0.8	NonTarget	1	356219
1781.18	0.8	NonTarget	1	356236
1781.265	0.8	NonTarget	1	356253
1781.345	0.8	NonTarget	1	356269
1781.43	0.8	NonTarget	1	356286
1781.515	0.8	NonTarget	1	356303
1781.6	0.8	NonTarget	1	356320
1781.68	0.8	NonTarget	1	356336
1781.765	0.8	NonTarget	1	356353
1781.85	0.8	NonTarget	1	356370
1781.93	0.8	NonTarget	1	356386
1782.015	0.8	NonTarget	1	356403
1782.1	0.8	NonTarget	1	356420
1782.18	0.8	NonTarget	1	356436
1782.265	0.8	NonTarget	1	356453
1782.35	0.8	NonTarget	1	356470
1782.435	0.8	NonTarget	1	356487
1782.515	0.8	NonTarget	1	356503
1782.6	0.8	NonTarget	1	356520
1782.685	0.8	NonTarget	1	356537
1782.765	0.8	NonTarget	1	356553
1782.85	0.8	NonTarget	1	356570
1782.935	0.8	Target	2	356587
1783.015	0.8	NonTarget	1	356603
1783.415	0.8	NonTarget	1	356683
1783.5	0.8	NonTarget	1	356700
1783.585	0.8	NonTarget	1	356717
1783.67	0.8	NonTarget	1	356734
1783.75	0.8	NonTarget	1	356750
1783.835	0.8	NonTarget	1	356767
1783.92	0.8	NonTarget	1	356784
1784.0	0.8	NonTarget	1	356800
1784.085	0.8	NonTarget	1	356817
1784.17	0.8	NonTarget	1	356834
1784.25	0.8	NonTarget	1	356850
1784.335	0.8	NonTarget	1	356867
1784.42	0.8	NonTarget	1	356884
1784.505	0.8	Target	2	356901
1784.585	0.8	NonTarget	1	356917
1784.67	0.8	NonTarget	1	356934
1784.75	0.8	NonTarget	1	356950
1784.835	0.8	NonTarget	1	356967
1784.92	0.8	NonTarget	1	356984
1785.0	0.8	NonTarget	1	357000
1785.085	0.8	NonTarget	1	357017
1785.17	0.8	NonTarget	1	357034
1785.255	0.8	NonTarget	1	357051
1785.335	0.8	NonTarget	1	357067
1785.42	0.8	NonTarget	1	357084
1785.5	0.8	NonTarget	1	357100
1785.585	0.8	NonTarget	1	357117
1785.67	0.8	NonTarget	1	357134
1785.755	0.8	NonTarget	1	357151
1785.835	0.8	NonTarget	1	357167
1786.24	0.8	NonTarget	1	357248
1786.32	0.8	NonTarget	1	357264
1786.405	0.8	NonTarget	1	357281
1786.49	0.8	NonTarget	1	357298
1786.575	0.8	NonTarget	1	357315
1786.655	0.8	NonTarget	1	357331
1786.74	0.8	NonTarget	1	357348
1786.82	0.8	NonTarget	1	357364
1786.905	0.8	NonTarget	1	357381
1786.99	0.8	NonTarget	1	357398
1787.07	0.8	NonTarget	1	357414
1787.155	0.8	NonTarget	1	357431
1787.24	0.8	NonTarget	1	357448
1787.325	0.8	Target	2	357465
1787.405	0.8	NonTarget	1	357481
1787.49	0.8	NonTarget	1	357498
1787.575	0.8	NonTarget	1	357515
1787.655	0.8	NonTarget	1	357531
1787.74	0.8	NonTarget	1	357548
1787.825	0.8	NonTarget	1	357565
1787.905	0.8	NonTarget	1	357581
1787.99	0.8	NonTarget	1	357598
1788.075	0.8	NonTarget	1	357615
1788.155	0.8	NonTarget	1	357631
1788.24	0.8	NonTarget	1	357648
1788.325	0.8	NonTarget	1	357665
1788.405	0.8	NonTarget	1	357681
1788.49	0.8	NonTarget	1	357698
1788.575	0.8	NonTarget	1	357715
1788.655	0.8	NonTarget	1	357731
1789.06	0.8	NonTarget	1	357812
1789.14	0.8	NonTarget	1	357828
1789.225	0.8	NonTarget	1	357845
1789.31	0.8	NonTarget	1	357862
1789.39	0.8	NonTarget	1	357878
1789.475	0.8	NonTarget	1	357895
1789.56	0.8	NonTarget	1	357912
1789.64	0.8	NonTarget	1	357928
1789.725	0.8	NonTarget	1	357945
1789.81	0.8	NonTarget	1	357962
1789.89	0.8	NonTarget	1	357978
1789.975	0.8	NonTarget	1	357995
1790.06	0.8	NonTarget	1	358012
1790.145	0.8	NonTarget	1	358029
1790.23	0.8	NonTarget	1	358046
1790.31	0.8	NonTarget	1	358062
1790.395	0.8	NonTarget	1	358079
1790.475	0.8	NonTarget	1	358095
1790.56	0.8	NonTarget	1	358112
1790.645	0.8	NonTarget	1	358129
1790.73	0.8	NonTarget	1	358146
1790.81	0.8	NonTarget	1	358162
1790.895	0.8	NonTarget	1	358179
1790.98	0.8	NonTarget	1	358196
1791.06	0.8	NonTarget	1	358212
1791.145	0.8	NonTarget	1	358229
1791.23	0.8	NonTarget	1	358246
1791.31	0.8	NonTarget	1	358262
1791.395	0.8	Target	2	358279
1791.48	0.8	NonTarget	1	358296
1791.88	0.8	NonTarget	1	358376
1791.965	0.8	NonTarget	1	358393
1792.045	0.8	NonTarget	1	358409
1792.13	0.8	NonTarget	1	358426
1792.21	0.8	NonTarget	1	358442
1792.295	0.8	NonTarget	1	358459
1792.38	0.8	NonTarget	1	358476
1792.465	0.8	NonTarget	1	358493
1792.545	0.8	NonTarget	1	358509
1792.63	0.8	NonTarget	1	358526
1792.715	0.8	NonTarget	1	358543
1792.795	0.8	NonTarget	1	358559
1792.88	0.8	NonTarget	1	358576
1792.965	0.8	Target	2	358593
1793.05	0.8	NonTarget	1	358610
1793.13	0.8	NonTarget	1	358626
1793.215	0.8	NonTarget	1	358643
1793.3	0.8	NonTarget	1	358660
1793.38	0.8	NonTarget	1	358676
1793.465	0.8	NonTarget	1	358693
1793.55	0.8	NonTarget	1	358710
1793.63	0.8	NonTarget	1	358726
1793.715	0.8	NonTarget	1	358743
1793.8	0.8	NonTarget	1	358760
1793.88	0.8	NonTarget	1	358776
1793.965	0.8	NonTarget	1	358793
1794.05	0.8	NonTarget	1	358810
1794.135	0.8	NonTarget	1	358827
1794.215	0.8	NonTarget	1	358843
1794.3	0.8	NonTarget	1	358860
1803.35	0.8	NonTarget	1	360670
1803.43	0.8	NonTarget	1	360686
1803.51	0.8	NonTarget	1	360702
1803.595	0.8	NonTarget	1	360719
1803.68	0.8	NonTarget	1	360736
1803.765	0.8	NonTarget	1	360753
1803.845	0.8	NonTarget	1	360769
1803.93	0.8	NonTarget	1	360786
1804.015	0.8	NonTarget	1	360803
1804.095	0.8	NonTarget	1	360819
1804.18	0.8	NonTarget	1	360836
1804.265	0.8	NonTarget	1	360853
1804.345	0.8	NonTarget	1	360869
1804.43	0.8	NonTarget	1	360886
1804.515	0.8	NonTarget	1	360903
1804.595	0.8	NonTarget	1	360919
1804.68	0.8	NonTarget	1	360936
1804.765	0.8	NonTarget	1	360953
1804.845	0.8	NonTarget	1	360969
1804.93	0.8	NonTarget	1	360986
1805.015	0.8	NonTarget	1	361003
1805.095	0.8	NonTarget	1	361019
1805.18	0.8	NonTarget	1	361036
1805.265	0.8	NonTarget	1	361053
1805.35	0.8	NonTarget	1	361070
1805.43	0.8	NonTarget	1	361086
1805.515	0.8	NonTarget	1	361103
1805.6	0.8	NonTarget	1	361120
1805.68	0.8	Target	2	361136
1805.765	0.8	NonTarget	1	361153
1806.165	0.8	NonTarget	1	361233
1806.25	0.8	NonTarget	1	361250
1806.335	0.8	NonTarget	1	361267
1806.415	0.8	NonTarget	1	361283
1806.5	0.8	NonTarget	1	361300
1806.585	0.8	NonTarget	1	361317
1806.665	0.8	NonTarget	1	361333
1806.75	0.8	NonTarget	1	361350
1806.835	0.8	NonTarget	1	361367
1806.915	0.8	NonTarget	1	361383
1807.0	0.8	NonTarget	1	361400
1807.085	0.8	NonTarget	1	361417
1807.17	0.8	NonTarget	1	361434
1807.25	0.8	NonTarget	1	361450
1807.335	0.8	NonTarget	1	361467
1807.415	0.8	NonTarget	1	361483
1807.5	0.8	NonTarget	1	361500
1807.585	0.8	NonTarget	1	361517
1807.67	0.8	NonTarget	1	361534
1807.75	0.8	NonTarget	1	361550
1807.835	0.8	NonTarget	1	361567
1807.92	0.8	NonTarget	1	361584
1808.0	0.8	NonTarget	1	361600
1808.085	0.8	Target	2	361617
1808.17	0.8	NonTarget	1	361634
1808.25	0.8	NonTarget	1	361650
1808.335	0.8	NonTarget	1	361667
1808.42	0.8	NonTarget	1	361684
1808.505	0.8	NonTarget	1	361701
1808.585	0.8	NonTarget	1	361717
1808.985	0.8	NonTarget	1	361797
1809.07	0.8	NonTarget	1	361814
1809.155	0.8	NonTarget	1	361831
1809.24	0.8	Target	2	361848
1809.32	0.8	NonTarget	1	361864
1809.405	0.8	NonTarget	1	361881
1809.485	0.8	NonTarget	1	361897
1809.57	0.8	NonTarget	1	361914
1809.655	0.8	NonTarget	1	361931
1809.74	0.8	NonTarget	1	361948
1809.82	0.8	NonTarget	1	361964
1809.905	0.8	NonTarget	1	361981
1809.99	0.8	NonTarget	1	361998
1810.07	0.8	NonTarget	1	362014
1810.155	0.8	NonTarget	1	362031
1810.24	0.8	NonTarget	1	362048
1810.32	0.8	NonTarget	1	362064
1810.405	0.8	NonTarget	1	362081
1810.49	0.8	NonTarget	1	362098
1810.57	0.8	NonTarget	1	362114
1810.655	0.8	NonTarget	1	362131
1810.74	0.8	NonTarget	1	362148
1810.82	0.8	NonTarget	1	362164
1810.905	0.8	NonTarget	1	362181
1810.99	0.8	NonTarget	1	362198
1811.075	0.8	NonTarget	1	362215
1811.155	0.8	NonTarget	1	362231
1811.24	0.8	NonTarget	1	362248
1811.325	0.8	NonTarget	1	362265
1811.405	0.8	NonTarget	1	362281
1811.81	0.8	NonTarget	1	362362
1811.89	0.8	NonTarget	1	362378
1811.975	0.8	NonTarget	1	362395
1812.055	0.8	NonTarget	1	362411
1812.14	0.8	NonTarget	1	362428
1812.225	0.8	NonTarget	1	362445
1812.31	0.8	NonTarget	1	362462
1812.39	0.8	NonTarget	1	362478
1812.475	0.8	Target	2	362495
1812.56	0.8	NonTarget	1	362512
1812.64	0.8	NonTarget	1	362528
1812.725	0.8	NonTarget	1	362545
1812.81	0.8	NonTarget	1	362562
1812.895	0.8	NonTarget	1	362579
1812.975	0.8	NonTarget	1	362595
1813.06	0.8	NonTarget	1	362612
1813.14	0.8	NonTarget	1	362628
1813.225	0.8	NonTarget	1	362645
1813.31	0.8	NonTarget	1	362662
1813.39	0.8	NonTarget	1	362678
1813.475	0.8	NonTarget	1	362695
1813.56	0.8	NonTarget	1	362712
1813.645	0.8	NonTarget	1	362729
1813.725	0.8	NonTarget	1	362745
1813.81	0.8	NonTarget	1	362762
1813.895	0.8	NonTarget	1	362779
1813.975	0.8	NonTarget	1	362795
1814.06	0.8	NonTarget	1	362812
1814.145	0.8	NonTarget	1	362829
1814.225	0.8	NonTarget	1	362845
1814.625	0.8	NonTarget	1	362925
1814.71	0.8	NonTarget	1	362942
1814.795	0.8	NonTarget	1	362959
1814.88	0.8	NonTarget	1	362976
1814.96	0.8	NonTarget	1	362992
1815.045	0.8	NonTarget	1	363009
1815.125	0.8	NonTarget	1	363025
1815.21	0.8	NonTarget	1	363042
1815.295	0.8	NonTarget	1	363059
1815.38	0.8	NonTarget	1	363076
1815.46	0.8	NonTarget	1	363092
1815.545	0.8	NonTarget	1	363109
1815.63	0.8	NonTarget	1	363126
1815.715	0.8	Target	2	363143
1815.795	0.8	NonTarget	1	363159
1815.88	0.8	NonTarget	1	363176
1815.965	0.8	NonTarget	1	363193
1816.045	0.8	NonTarget	1	363209
1816.13	0.8	NonTarget	1	363226
1816.215	0.8	NonTarget	1	363243
1816.295	0.8	NonTarget	1	363259
1816.38	0.8	NonTarget	1	363276
1816.465	0.8	NonTarget	1	363293
1816.55	0.8	NonTarget	1	363310
1816.63	0.8	NonTarget	1	363326
1816.715	0.8	NonTarget	1	363343
1816.795	0.8	NonTarget	1	363359
1816.88	0.8	NonTarget	1	363376
1816.965	0.8	NonTarget	1	363393
1817.05	0.8	NonTarget	1	363410
1817.445	0.8	NonTarget	1	363489
1817.535	0.8	NonTarget	1	363507
1817.615	0.8	NonTarget	1	363523
1817.7	0.8	NonTarget	1	363540
1817.78	0.8	NonTarget	1	363556
1817.865	0.8	NonTarget	1	363573
1817.95	0.8	NonTarget	1	363590
1818.03	0.8	NonTarget	1	363606
1818.115	0.8	NonTarget	1	363623
1818.2	0.8	NonTarget	1	363640
1818.285	0.8	NonTarget	1	363657
1818.365	0.8	NonTarget	1	363673
1818.45	0.8	NonTarget	1	363690
1818.535	0.8	NonTarget	1	363707
1818.615	0.8	NonTarget	1	363723
1818.7	0.8	NonTarget	1	363740
1818.785	0.8	NonTarget	1	363757
1818.87	0.8	NonTarget	1	363774
1818.95	0.8	NonTarget	1	363790
1819.035	0.8	NonTarget	1	363807
1819.12	0.8	NonTarget	1	363824
1819.2	0.8	NonTarget	1	363840
1819.285	0.8	NonTarget	1	363857
1819.37	0.8	Target	2	363874
1819.45	0.8	NonTarget	1	363890
1819.535	0.8	NonTarget	1	363907
1819.62	0.8	NonTarget	1	363924
1819.7	0.8	NonTarget	1	363940
1819.785	0.8	NonTarget	1	363957
1819.87	0.8	NonTarget	1	363974
1820.27	0.8	NonTarget	1	364054
1820.355	0.8	NonTarget	1	364071
1820.435	0.8	NonTarget	1	364087
1820.52	0.8	NonTarget	1	364104
1820.605	0.8	NonTarget	1	364121
1820.685	0.8	NonTarget	1	364137
1820.77	0.8	NonTarget	1	364154
1820.855	0.8	NonTarget	1	364171
1820.935	0.8	NonTarget	1	364187
1821.02	0.8	NonTarget	1	364204
1821.105	0.8	NonTarget	1	364221
1821.185	0.8	NonTarget	1	364237
1821.27	0.8	NonTarget	1	364254
1821.355	0.8	NonTarget	1	364271
1821.435	0.8	NonTarget	1	364287
1821.52	0.8	NonTarget	1	364304
1821.605	0.8	NonTarget	1	364321
1821.685	0.8	NonTarget	1	364337
1821.77	0.8	NonTarget	1	364354
1821.855	0.8	NonTarget	1	364371
1821.94	0.8	NonTarget	1	364388
1822.02	0.8	NonTarget	1	364404
1822.105	0.8	NonTarget	1	364421
1822.19	0.8	NonTarget	1	364438
1822.27	0.8	NonTarget	1	364454
1822.355	0.8	NonTarget	1	364471
1822.44	0.8	NonTarget	1	364488
1822.525	0.8	NonTarget	1	364505
1822.605	0.8	Target	2	364521
1822.69	0.8	NonTarget	1	364538
1823.09	0.8	NonTarget	1	364618
1823.175	0.8	NonTarget	1	364635
1823.255	0.8	NonTarget	1	364651
1823.34	0.8	NonTarget	1	364668
1823.425	0.8	NonTarget	1	364685
1823.51	0.8	NonTarget	1	364702
1823.59	0.8	NonTarget	1	364718
1823.675	0.8	NonTarget	1	364735
1823.755	0.8	NonTarget	1	364751
1823.84	0.8	NonTarget	1	364768
1823.925	0.8	NonTarget	1	364785
1824.005	0.8	NonTarget	1	364801
1824.09	0.8	NonTarget	1	364818
1824.175	0.8	NonTarget	1	364835
1824.26	0.8	NonTarget	1	364852
1824.34	0.8	NonTarget	1	364868
1824.425	0.8	NonTarget	1	364885
1824.51	0.8	NonTarget	1	364902
1824.59	0.8	NonTarget	1	364918
1824.675	0.8	NonTarget	1	364935
1824.76	0.8	NonTarget	1	364952
1824.84	0.8	NonTarget	1	364968
1824.925	0.8	NonTarget	1	364985
1825.01	0.8	Target	2	365002
1825.095	0.8	NonTarget	1	365019
1825.175	0.8	NonTarget	1	365035
1825.26	0.8	NonTarget	1	365052
1825.345	0.8	NonTarget	1	365069
1825.425	0.8	NonTarget	1	365085
1825.51	0.8	NonTarget	1	365102
1825.91	0.8	NonTarget	1	365182
1825.995	0.8	NonTarget	1	365199
1826.08	0.8	NonTarget	1	365216
1826.16	0.8	NonTarget	1	365232
1826.245	0.8	NonTarget	1	365249
1826.325	0.8	NonTarget	1	365265
1826.41	0.8	NonTarget	1	365282
1826.495	0.8	NonTarget	1	365299
1826.58	0.8	NonTarget	1	365316
1826.66	0.8	NonTarget	1	365332
1826.745	0.8	NonTarget	1	365349
1826.83	0.8	NonTarget	1	365366
1826.91	0.8	NonTarget	1	365382
1826.995	0.8	NonTarget	1	365399
1827.08	0.8	NonTarget	1	365416
1827.16	0.8	NonTarget	1	365432
1827.245	0.8	NonTarget	1	365449
1827.33	0.8	NonTarget	1	365466
1827.415	0.8	Target	2	365483
1827.495	0.8	NonTarget	1	365499
1827.58	0.8	NonTarget	1	365516
1827.66	0.8	NonTarget	1	365532
1827.745	0.8	NonTarget	1	365549
1827.83	0.8	NonTarget	1	365566
1827.915	0.8	NonTarget	1	365583
1827.995	0.8	NonTarget	1	365599
1828.08	0.8	NonTarget	1	365616
1828.165	0.8	NonTarget	1	365633
1828.245	0.8	NonTarget	1	365649
1828.33	0.8	NonTarget	1	365666
1828.73	0.8	NonTarget	1	365746
1828.815	0.8	NonTarget	1	365763
1828.895	0.8	NonTarget	1	365779
1828.985	0.8	Target	2	365797
1829.065	0.8	NonTarget	1	365813
1829.145	0.8	NonTarget	1	365829
1829.235	0.8	NonTarget	1	365847
1829.315	0.8	NonTarget	1	365863
1829.4	0.8	NonTarget	1	365880
1829.48	0.8	NonTarget	1	365896
1829.565	0.8	NonTarget	1	365913
1829.65	0.8	NonTarget	1	365930
1829.73	0.8	NonTarget	1	365946
1829.815	0.8	NonTarget	1	365963
1829.9	0.8	NonTarget	1	365980
1829.985	0.8	NonTarget	1	365997
1830.065	0.8	NonTarget	1	366013
1830.15	0.8	NonTarget	1	366030
1830.235	0.8	NonTarget	1	366047
1830.315	0.8	NonTarget	1	366063
1830.4	0.8	NonTarget	1	366080
1830.48	0.8	NonTarget	1	366096
1830.565	0.8	NonTarget	1	366113
1830.65	0.8	NonTarget	1	366130
1830.735	0.8	NonTarget	1	366147
1830.82	0.8	NonTarget	1	366164
1830.9	0.8	NonTarget	1	366180
1830.985	0.8	NonTarget	1	366197
1831.07	0.8	NonTarget	1	366214
1831.15	0.8	NonTarget	1	366230
1840.185	0.8	NonTarget	1	368037
1840.265	0.8	NonTarget	1	368053
1840.35	0.8	NonTarget	1	368070
1840.435	0.8	NonTarget	1	368087
1840.515	0.8	NonTarget	1	368103
1840.6	0.8	NonTarget	1	368120
1840.68	0.8	NonTarget	1	368136
1840.765	0.8	NonTarget	1	368153
1840.85	0.8	NonTarget	1	368170
1840.93	0.8	NonTarget	1	368186
1841.015	0.8	NonTarget	1	368203
1841.1	0.8	Target	2	368220
1841.18	0.8	NonTarget	1	368236
1841.265	0.8	NonTarget	1	368253
1841.35	0.8	NonTarget	1	368270
1841.43	0.8	NonTarget	1	368286
1841.515	0.8	NonTarget	1	368303
1841.6	0.8	NonTarget	1	368320
1841.685	0.8	NonTarget	1	368337
1841.765	0.8	NonTarget	1	368353
1841.85	0.8	NonTarget	1	368370
1841.935	0.8	NonTarget	1	368387
1842.015	0.8	NonTarget	1	368403
1842.1	0.8	NonTarget	1	368420
1842.185	0.8	NonTarget	1	368437
1842.265	0.8	NonTarget	1	368453
1842.35	0.8	NonTarget	1	368470
1842.435	0.8	NonTarget	1	368487
1842.515	0.8	NonTarget	1	368503
1842.6	0.8	NonTarget	1	368520
1843.0	0.8	NonTarget	1	368600
1843.085	0.8	NonTarget	1	368617
1843.165	0.8	NonTarget	1	368633
1843.25	0.8	NonTarget	1	368650
1843.335	0.8	NonTarget	1	368667
1843.42	0.8	NonTarget	1	368684
1843.5	0.8	NonTarget	1	368700
1843.585	0.8	NonTarget	1	368717
1843.67	0.8	NonTarget	1	368734
1843.755	0.8	NonTarget	1	368751
1843.835	0.8	NonTarget	1	368767
1843.92	0.8	NonTarget	1	368784
1844.0	0.8	NonTarget	1	368800
1844.085	0.8	NonTarget	1	368817
1844.17	0.8	NonTarget	1	368834
1844.255	0.8	NonTarget	1	368851
1844.335	0.8	NonTarget	1	368867
1844.42	0.8	NonTarget	1	368884
1844.505	0.8	NonTarget	1	368901
1844.585	0.8	NonTarget	1	368917
1844.67	0.8	NonTarget	1	368934
1844.755	0.8	Target	2	368951
1844.84	0.8	NonTarget	1	368968
1844.92	0.8	NonTarget	1	368984
1845.005	0.8	NonTarget	1	369001
1845.085	0.8	NonTarget	1	369017
1845.17	0.8	NonTarget	1	369034
1845.255	0.8	NonTarget	1	369051
1845.34	0.8	NonTarget	1	369068
1845.42	0.8	NonTarget	1	369084
1845.82	0.8	NonTarget	1	369164
1845.905	0.8	NonTarget	1	369181
1845.99	0.8	NonTarget	1	369198
1846.07	0.8	NonTarget	1	369214
1846.155	0.8	NonTarget	1	369231
1846.24	0.8	NonTarget	1	369248
1846.325	0.8	NonTarget	1	369265
1846.405	0.8	NonTarget	1	369281
1846.49	0.8	NonTarget	1	369298
1846.575	0.8	NonTarget	1	369315
1846.655	0.8	NonTarget	1	369331
1846.74	0.8	NonTarget	1	369348
1846.825	0.8	NonTarget	1	369365
1846.905	0.8	NonTarget	1	369381
1846.99	0.8	NonTarget	1	369398
1847.075	0.8	NonTarget	1	369415
1847.155	0.8	NonTarget	1	369431
1847.24	0.8	NonTarget	1	369448
1847.325	0.8	NonTarget	1	369465
1847.405	0.8	NonTarget	1	369481
1847.49	0.8	NonTarget	1	369498
1847.575	0.8	NonTarget	1	369515
1847.66	0.8	NonTarget	1	369532
1847.74	0.8	NonTarget	1	369548
1847.825	0.8	NonTarget	1	369565
1847.91	0.8	NonTarget	1	369582
1847.99	0.8	Target	2	369598
1848.075	0.8	NonTarget	1	369615
1848.16	0.8	NonTarget	1	369632
1848.24	0.8	NonTarget	1	369648
1848.645	0.8	NonTarget	1	369729
1848.725	0.8	NonTarget	1	369745
1848.81	0.8	NonTarget	1	369762
1848.895	0.8	NonTarget	1	369779
1848.975	0.8	NonTarget	1	369795
1849.06	0.8	NonTarget	1	369812
1849.14	0.8	NonTarget	1	369828
1849.23	0.8	NonTarget	1	369846
1849.31	0.8	NonTarget	1	369862
1849.395	0.8	NonTarget	1	369879
1849.48	0.8	NonTarget	1	369896
1849.56	0.8	NonTarget	1	369912
1849.645	0.8	NonTarget	1	369929
1849.73	0.8	NonTarget	1	369946
1849.81	0.8	NonTarget	1	369962
1849.895	0.8	NonTarget	1	369979
1849.98	0.8	NonTarget	1	369996
1850.06	0.8	NonTarget	1	370012
1850.145	0.8	NonTarget	1	370029
1850.23	0.8	NonTarget	1	370046
1850.31	0.8	NonTarget	1	370062
1850.395	0.8	NonTarget	1	370079
1850.475	0.8	NonTarget	1	370095
1850.56	0.8	NonTarget	1	370112
1850.645	0.8	NonTarget	1	370129
1850.73	0.8	NonTarget	1	370146
1850.815	0.8	Target	2	370163
1850.895	0.8	NonTarget	1	370179
1850.98	0.8	NonTarget	1	370196
1851.065	0.8	NonTarget	1	370213
1851.465	0.8	NonTarget	1	370293
1851.55	0.8	NonTarget	1	370310
1851.63	0.8	NonTarget	1	370326
1851.715	0.8	NonTarget	1	370343
1851.795	0.8	NonTarget	1	370359
1851.88	0.8	NonTarget	1	370376
1851.965	0.8	NonTarget	1	370393
1852.05	0.8	NonTarget	1	370410
1852.13	0.8	NonTarget	1	370426
1852.215	0.8	NonTarget	1	370443
1852.3	0.8	NonTarget	1	370460
1852.38	0.8	NonTarget	1	370476
1852.465	0.8	NonTarget	1	370493
1852.55	0.8	NonTarget	1	370510
1852.63	0.8	NonTarget	1	370526
1852.715	0.8	NonTarget	1	370543
1852.8	0.8	NonTarget	1	370560
1852.88	0.8	NonTarget	1	370576
1852.965	0.8	NonTarget	1	370593
1853.05	0.8	NonTarget	1	370610
1853.135	0.8	NonTarget	1	370627
1853.215	0.8	Target	2	370643
1853.3	0.8	NonTarget	1	370660
1853.38	0.8	NonTarget	1	370676
1853.465	0.8	NonTarget	1	370693
1853.55	0.8	NonTarget	1	370710
1853.63	0.8	NonTarget	1	370726
1853.715	0.8	NonTarget	1	370743
1853.8	0.8	NonTarget	1	370760
1853.88	0.8	NonTarget	1	370776
1854.285	0.8	NonTarget	1	370857
1854.365	0.8	Target	2	370873
1854.45	0.8	NonTarget	1	370890
1854.535	0.8	NonTarget	1	370907
1854.62	0.8	NonTarget	1	370924
1854.705	0.8	NonTarget	1	370941
1854.785	0.8	NonTarget	1	370957
1854.87	0.8	NonTarget	1	370974
1854.955	0.8	NonTarget	1	370991
1855.035	0.8	NonTarget	1	371007
1855.12	0.8	NonTarget	1	371024
1855.2	0.8	NonTarget	1	371040
1855.285	0.8	NonTarget	1	371057
1855.37	0.8	NonTarget	1	371074
1855.45	0.8	NonTarget	1	371090
1855.535	0.8	NonTarget	1	371107
1855.62	0.8	NonTarget	1	371124
1855.7	0.8	NonTarget	1	371140
1855.785	0.8	NonTarget	1	371157
1855.87	0.8	NonTarget	1	371174
1855.955	0.8	NonTarget	1	371191
1856.035	0.8	NonTarget	1	371207
1856.12	0.8	NonTarget	1	371224
1856.205	0.8	NonTarget	1	371241
1856.285	0.8	NonTarget	1	371257
1856.37	0.8	NonTarget	1	371274
1856.455	0.8	NonTarget	1	371291
1856.535	0.8	NonTarget	1	371307
1856.62	0.8	NonTarget	1	371324
1856.705	0.8	NonTarget	1	371341
1857.105	0.8	NonTarget	1	371421
1857.19	0.8	NonTarget	1	371438
1857.27	0.8	NonTarget	1	371454
1857.355	0.8	NonTarget	1	371471
1857.44	0.8	NonTarget	1	371488
1857.52	0.8	NonTarget	1	371504
1857.605	0.8	NonTarget	1	371521
1857.685	0.8	NonTarget	1	371537
1857.77	0.8	NonTarget	1	371554
1857.855	0.8	NonTarget	1	371571
1857.94	0.8	NonTarget	1	371588
1858.025	0.8	NonTarget	1	371605
1858.105	0.8	NonTarget	1	371621
1858.19	0.8	NonTarget	1	371638
1858.275	0.8	NonTarget	1	371655
1858.355	0.8	NonTarget	1	371671
1858.44	0.8	NonTarget	1	371688
1858.525	0.8	NonTarget	1	371705
1858.605	0.8	NonTarget	1	371721
1858.69	0.8	NonTarget	1	371738
1858.775	0.8	NonTarget	1	371755
1858.855	0.8	NonTarget	1	371771
1858.94	0.8	NonTarget	1	371788
1859.025	0.8	NonTarget	1	371805
1859.105	0.8	NonTarget	1	371821
1859.19	0.8	NonTarget	1	371838
1859.275	0.8	Target	2	371855
1859.36	0.8	NonTarget	1	371872
1859.44	0.8	NonTarget	1	371888
1859.525	0.8	NonTarget	1	371905
1859.925	0.8	NonTarget	1	371985
1860.01	0.8	Target	2	372002
1860.095	0.8	NonTarget	1	372019
1860.175	0.8	NonTarget	1	372035
1860.26	0.8	NonTarget	1	372052
1860.34	0.8	NonTarget	1	372068
1860.425	0.8	NonTarget	1	372085
1860.51	0.8	NonTarget	1	372102
1860.595	0.8	NonTarget	1	372119
1860.675	0.8	NonTarget	1	372135
1860.76	0.8	NonTarget	1	372152
1860.845	0.8	NonTarget	1	372169
1860.925	0.8	NonTarget	1	372185
1861.01	0.8	NonTarget	1	372202
1861.095	0.8	NonTarget	1	372219
1861.175	0.8	NonTarget	1	372235
1861.26	0.8	NonTarget	1	372252
1861.345	0.8	NonTarget	1	372269
1861.43	0.8	NonTarget	1	372286
1861.51	0.8	NonTarget	1	372302
1861.595	0.8	NonTarget	1	372319
1861.675	0.8	NonTarget	1	372335
1861.76	0.8	NonTarget	1	372352
1861.845	0.8	NonTarget	1	372369
1861.93	0.8	NonTarget	1	372386
1862.01	0.8	NonTarget	1	372402
1862.095	0.8	NonTarget	1	372419
1862.175	0.8	NonTarget	1	372435
1862.265	0.8	NonTarget	1	372453
1862.345	0.8	NonTarget	1	372469
1862.745	0.8	NonTarget	1	372549
1862.83	0.8	Target	2	372566
1862.915	0.8	NonTarget	1	372583
1862.995	0.8	NonTarget	1	372599
1863.08	0.8	NonTarget	1	372616
1863.165	0.8	NonTarget	1	372633
1863.245	0.8	NonTarget	1	372649
1863.33	0.8	NonTarget	1	372666
1863.415	0.8	NonTarget	1	372683
1863.495	0.8	NonTarget	1	372699
1863.58	0.8	NonTarget	1	372716
1863.665	0.8	NonTarget	1	372733
1863.75	0.8	NonTarget	1	372750
1863.83	0.8	NonTarget	1	372766
1863.915	0.8	NonTarget	1	372783
1864.0	0.8	NonTarget	1	372800
1864.08	0.8	NonTarget	1	372816
1864.165	0.8	NonTarget	1	372833
1864.25	0.8	NonTarget	1	372850
1864.335	0.8	NonTarget	1	372867
1864.415	0.8	NonTarget	1	372883
1864.5	0.8	NonTarget	1	372900
1864.58	0.8	NonTarget	1	372916
1864.665	0.8	NonTarget	1	372933
1864.75	0.8	NonTarget	1	372950
1864.83	0.8	NonTarget	1	372966
1864.915	0.8	NonTarget	1	372983
1865.0	0.8	NonTarget	1	373000
1865.085	0.8	NonTarget	1	373017
1865.165	0.8	NonTarget	1	373033
1865.565	0.8	NonTarget	1	373113
1865.65	0.8	NonTarget	1	373130
1865.735	0.8	NonTarget	1	373147
1865.815	0.8	NonTarget	1	373163
1865.9	0.8	NonTarget	1	373180
1865.985	0.8	NonTarget	1	373197
1866.07	0.8	NonTarget	1	373214
1866.15	0.8	NonTarget	1	373230
1866.235	0.8	NonTarget	1	373247
1866.315	0.8	NonTarget	1	373263
1866.4	0.8	NonTarget	1	373280
1866.485	0.8	NonTarget	1	373297
1866.57	0.8	NonTarget	1	373314
1866.65	0.8	NonTarget	1	373330
1866.735	0.8	NonTarget	1	373347
1866.82	0.8	NonTarget	1	373364
1866.9	0.8	NonTarget	1	373380
1866.985	0.8	NonTarget	1	373397
1867.07	0.8	NonTarget	1	373414
1867.15	0.8	NonTarget	1	373430
1867.235	0.8	NonTarget	1	373447
1867.32	0.8	Target	2	373464
1867.4	0.8	NonTarget	1	373480
1867.485	0.8	NonTarget	1	373497
1867.57	0.8	NonTarget	1	373514
1867.65	0.8	NonTarget	1	373530
1867.735	0.8	NonTarget	1	373547
1867.82	0.8	NonTarget	1	373564
1867.905	0.8	NonTarget	1	373581
1867.985	0.8	NonTarget	1	373597
1877.02	0.8	NonTarget	1	375404
1877.1	0.8	NonTarget	1	375420
1877.18	0.8	NonTarget	1	375436
1877.265	0.8	NonTarget	1	375453
1877.35	0.8	NonTarget	1	375470
1877.435	0.8	NonTarget	1	375487
1877.515	0.8	NonTarget	1	375503
1877.6	0.8	NonTarget	1	375520
1877.685	0.8	NonTarget	1	375537
1877.77	0.8	NonTarget	1	375554
1877.85	0.8	NonTarget	1	375570
1877.935	0.8	NonTarget	1	375587
1878.015	0.8	NonTarget	1	375603
1878.1	0.8	NonTarget	1	375620
1878.185	0.8	NonTarget	1	375637
1878.27	0.8	Target	2	375654
1878.35	0.8	NonTarget	1	375670
1878.435	0.8	NonTarget	1	375687
1878.515	0.8	NonTarget	1	375703
1878.6	0.8	NonTarget	1	375720
1878.685	0.8	NonTarget	1	375737
1878.77	0.8	NonTarget	1	375754
1878.85	0.8	NonTarget	1	375770
1878.935	0.8	NonTarget	1	375787
1879.02	0.8	NonTarget	1	375804
1879.1	0.8	NonTarget	1	375820
1879.185	0.8	NonTarget	1	375837
1879.27	0.8	NonTarget	1	375854
1879.355	0.8	NonTarget	1	375871
1879.435	0.8	NonTarget	1	375887
1879.835	0.8	NonTarget	1	375967
1879.92	0.8	NonTarget	1	375984
1880.005	0.8	NonTarget	1	376001
1880.085	0.8	NonTarget	1	376017
1880.17	0.8	NonTarget	1	376034
1880.255	0.8	Target	2	376051
1880.335	0.8	NonTarget	1	376067
1880.42	0.8	NonTarget	1	376084
1880.505	0.8	NonTarget	1	376101
1880.585	0.8	NonTarget	1	376117
1880.67	0.8	NonTarget	1	376134
1880.755	0.8	NonTarget	1	376151
1880.835	0.8	NonTarget	1	376167
1880.92	0.8	NonTarget	1	376184
1881.005	0.8	NonTarget	1	376201
1881.085	0.8	NonTarget	1	376217
1881.17	0.8	NonTarget	1	376234
1881.255	0.8	NonTarget	1	376251
1881.34	0.8	NonTarget	1	376268
1881.425	0.8	NonTarget	1	376285
1881.505	0.8	NonTarget	1	376301
1881.59	0.8	NonTarget	1	376318
1881.675	0.8	NonTarget	1	376335
1881.755	0.8	NonTarget	1	376351
1881.84	0.8	NonTarget	1	376368
1881.92	0.8	NonTarget	1	376384
1882.005	0.8	NonTarget	1	376401
1882.09	0.8	NonTarget	1	376418
1882.175	0.8	NonTarget	1	376435
1882.255	0.8	NonTarget	1	376451
1882.655	0.8	NonTarget	1	376531
1882.74	0.8	NonTarget	1	376548
1882.825	0.8	NonTarget	1	376565
1882.91	0.8	NonTarget	1	376582
1882.99	0.8	NonTarget	1	376598
1883.075	0.8	Target	2	376615
1883.16	0.8	NonTarget	1	376632
1883.24	0.8	NonTarget	1	376648
1883.325	0.8	NonTarget	1	376665
1883.405	0.8	NonTarget	1	376681
1883.49	0.8	NonTarget	1	376698
1883.575	0.8	NonTarget	1	376715
1883.66	0.8	NonTarget	1	376732
1883.74	0.8	NonTarget	1	376748
1883.825	0.8	NonTarget	1	376765
1883.91	0.8	NonTarget	1	376782
1883.995	0.8	NonTarget	1	376799
1884.075	0.8	NonTarget	1	376815
1884.16	0.8	NonTarget	1	376832
1884.245	0.8	NonTarget	1	376849
1884.325	0.8	NonTarget	1	376865
1884.41	0.8	NonTarget	1	376882
1884.495	0.8	NonTarget	1	376899
1884.58	0.8	NonTarget	1	376916
1884.66	0.8	NonTarget	1	376932
1884.745	0.8	NonTarget	1	376949
1884.825	0.8	NonTarget	1	376965
1884.91	0.8	NonTarget	1	376982
1884.995	0.8	NonTarget	1	376999
1885.08	0.8	NonTarget	1	377016
1885.475	0.8	NonTarget	1	377095
1885.56	0.8	NonTarget	1	377112
1885.645	0.8	NonTarget	1	377129
1885.73	0.8	NonTarget	1	377146
1885.815	0.8	NonTarget	1	377163
1885.895	0.8	NonTarget	1	377179
1885.98	0.8	NonTarget	1	377196
1886.06	0.8	NonTarget	1	377212
1886.145	0.8	NonTarget	1	377229
1886.23	0.8	NonTarget	1	377246
1886.315	0.8	Target	2	377263
1886.395	0.8	NonTarget	1	377279
1886.48	0.8	NonTarget	1	377296
1886.565	0.8	NonTarget	1	377313
1886.645	0.8	NonTarget	1	377329
1886.73	0.8	NonTarget	1	377346
1886.815	0.8	NonTarget	1	377363
1886.895	0.8	NonTarget	1	377379
1886.98	0.8	NonTarget	1	377396
1887.065	0.8	NonTarget	1	377413
1887.15	0.8	NonTarget	1	377430
1887.23	0.8	NonTarget	1	377446
1887.315	0.8	NonTarget	1	377463
1887.395	0.8	NonTarget	1	377479
1887.48	0.8	NonTarget	1	377496
1887.565	0.8	NonTarget	1	377513
1887.645	0.8	NonTarget	1	377529
1887.73	0.8	NonTarget	1	377546
1887.815	0.8	NonTarget	1	377563
1887.9	0.8	NonTarget	1	377580
1888.3	0.8	Target	2	377660
1888.38	0.8	NonTarget	1	377676
1888.465	0.8	NonTarget	1	377693
1888.55	0.8	NonTarget	1	377710
1888.635	0.8	NonTarget	1	377727
1888.715	0.8	NonTarget	1	377743
1888.8	0.8	NonTarget	1	377760
1888.885	0.8	NonTarget	1	377777
1888.965	0.8	NonTarget	1	377793
1889.05	0.8	NonTarget	1	377810
1889.13	0.8	NonTarget	1	377826
1889.215	0.8	NonTarget	1	377843
1889.3	0.8	NonTarget	1	377860
1889.385	0.8	NonTarget	1	377877
1889.465	0.8	NonTarget	1	377893
1889.55	0.8	NonTarget	1	377910
1889.635	0.8	NonTarget	1	377927
1889.72	0.8	NonTarget	1	377944
1889.8	0.8	NonTarget	1	377960
1889.885	0.8	NonTarget	1	377977
1889.97	0.8	NonTarget	1	377994
1890.05	0.8	NonTarget	1	378010
1890.135	0.8	NonTarget	1	378027
1890.22	0.8	NonTarget	1	378044
1890.3	0.8	NonTarget	1	378060
1890.385	0.8	NonTarget	1	378077
1890.47	0.8	NonTarget	1	378094
1890.55	0.8	NonTarget	1	378110
1890.635	0.8	NonTarget	1	378127
1890.715	0.8	NonTarget	1	378143
1891.12	0.8	NonTarget	1	378224
1891.205	0.8	NonTarget	1	378241
1891.285	0.8	NonTarget	1	378257
1891.37	0.8	NonTarget	1	378274
1891.45	0.8	NonTarget	1	378290
1891.535	0.8	Target	2	378307
1891.62	0.8	NonTarget	1	378324
1891.705	0.8	NonTarget	1	378341
1891.785	0.8	NonTarget	1	378357
1891.87	0.8	NonTarget	1	378374
1891.955	0.8	NonTarget	1	378391
1892.035	0.8	NonTarget	1	378407
1892.12	0.8	NonTarget	1	378424
1892.205	0.8	NonTarget	1	378441
1892.285	0.8	NonTarget	1	378457
1892.37	0.8	NonTarget	1	378474
1892.455	0.8	NonTarget	1	378491
1892.54	0.8	NonTarget	1	378508
1892.62	0.8	NonTarget	1	378524
1892.705	0.8	NonTarget	1	378541
1892.79	0.8	NonTarget	1	378558
1892.87	0.8	NonTarget	1	378574
1892.955	0.8	NonTarget	1	378591
1893.04	0.8	NonTarget	1	378608
1893.125	0.8	NonTarget	1	378625
1893.205	0.8	NonTarget	1	378641
1893.29	0.8	NonTarget	1	378658
1893.37	0.8	NonTarget	1	378674
1893.455	0.8	NonTarget	1	378691
1893.54	0.8	NonTarget	1	378708
1893.94	0.8	NonTarget	1	378788
1894.025	0.8	NonTarget	1	378805
1894.11	0.8	NonTarget	1	378822
1894.19	0.8	NonTarget	1	378838
1894.275	0.8	NonTarget	1	378855
1894.355	0.8	NonTarget	1	378871
1894.44	0.8	NonTarget	1	378888
1894.525	0.8	NonTarget	1	378905
1894.61	0.8	NonTarget	1	378922
1894.69	0.8	NonTarget	1	378938
1894.775	0.8	NonTarget	1	378955
1894.86	0.8	NonTarget	1	378972
1894.945	0.8	NonTarget	1	378989
1895.025	0.8	NonTarget	1	379005
1895.11	0.8	NonTarget	1	379022
1895.19	0.8	NonTarget	1	379038
1895.275	0.8	NonTarget	1	379055
1895.36	0.8	NonTarget	1	379072
1895.44	0.8	NonTarget	1	379088
1895.525	0.8	NonTarget	1	379105
1895.61	0.8	Target	2	379122
1895.695	0.8	NonTarget	1	379139
1895.775	0.8	NonTarget	1	379155
1895.86	0.8	NonTarget	1	379172
1895.945	0.8	NonTarget	1	379189
1896.025	0.8	NonTarget	1	379205
1896.11	0.8	NonTarget	1	379222
1896.195	0.8	NonTarget	1	379239
1896.275	0.8	NonTarget	1	379255
1896.36	0.8	NonTarget	1	379272
1896.76	0.8	NonTarget	1	379352
1896.845	0.8	NonTarget	1	379369
1896.925	0.8	NonTarget	1	379385
1897.01	0.8	NonTarget	1	379402
1897.095	0.8	NonTarget	1	379419
1897.18	0.8	Target	2	379436
1897.26	0.8	NonTarget	1	379452
1897.345	0.8	NonTarget	1	379469
1897.43	0.8	NonTarget	1	379486
1897.51	0.8	NonTarget	1	379502
1897.595	0.8	NonTarget	1	379519
1897.68	0.8	NonTarget	1	379536
1897.765	0.8	NonTarget	1	379553
1897.845	0.8	NonTarget	1	379569
1897.93	0.8	NonTarget	1	379586
1898.01	0.8	NonTarget	1	379602
1898.095	0.8	NonTarget	1	379619
1898.18	0.8	NonTarget	1	379636
1898.265	0.8	NonTarget	1	379653
1898.345	0.8	NonTarget	1	379669
1898.43	0.8	NonTarget	1	379686
1898.515	0.8	NonTarget	1	379703
1898.595	0.8	NonTarget	1	379719
1898.68	0.8	NonTarget	1	379736
1898.765	0.8	NonTarget	1	379753
1898.85	0.8	NonTarget	1	379770
1898.93	0.8	NonTarget	1	379786
1899.015	0.8	NonTarget	1	379803
1899.1	0.8	NonTarget	1	379820
1899.18	0.8	NonTarget	1	379836
1899.58	0.8	Target	2	379916
1899.665	0.8	NonTarget	1	379933
1899.75	0.8	NonTarget	1	379950
1899.83	0.8	NonTarget	1	379966
1899.915	0.8	NonTarget	1	379983
1900.0	0.8	NonTarget	1	380000
1900.08	0.8	NonTarget	1	380016
1900.165	0.8	NonTarget	1	380033
1900.25	0.8	NonTarget	1	380050
1900.335	0.8	NonTarget	1	380067
1900.415	0.8	NonTarget	1	380083
1900.5	0.8	NonTarget	1	380100
1900.585	0.8	NonTarget	1	380117
1900.665	0.8	NonTarget	1	380133
1900.75	0.8	NonTarget	1	380150
1900.83	0.8	NonTarget	1	380166
1900.915	0.8	NonTarget	1	380183
1901.0	0.8	NonTarget	1	380200
1901.085	0.8	NonTarget	1	380217
1901.165	0.8	NonTarget	1	380233
1901.25	0.8	NonTarget	1	380250
1901.335	0.8	NonTarget	1	380267
1901.42	0.8	NonTarget	1	380284
1901.5	0.8	NonTarget	1	380300
1901.585	0.8	NonTarget	1	380317
1901.67	0.8	NonTarget	1	380334
1901.75	0.8	NonTarget	1	380350
1901.835	0.8	NonTarget	1	380367
1901.92	0.8	NonTarget	1	380384
1902.0	0.8	NonTarget	1	380400
1902.4	0.8	Target	2	380480
1902.485	0.8	NonTarget	1	380497
1902.57	0.8	NonTarget	1	380514
1902.655	0.8	NonTarget	1	380531
1902.735	0.8	NonTarget	1	380547
1902.82	0.8	NonTarget	1	380564
1902.905	0.8	NonTarget	1	380581
1902.985	0.8	NonTarget	1	380597
1903.07	0.8	NonTarget	1	380614
1903.155	0.8	NonTarget	1	380631
1903.235	0.8	NonTarget	1	380647
1903.32	0.8	NonTarget	1	380664
1903.405	0.8	NonTarget	1	380681
1903.49	0.8	NonTarget	1	380698
1903.57	0.8	NonTarget	1	380714
1903.655	0.8	NonTarget	1	380731
1903.735	0.8	NonTarget	1	380747
1903.82	0.8	NonTarget	1	380764
1903.905	0.8	NonTarget	1	380781
1903.99	0.8	NonTarget	1	380798
1904.07	0.8	NonTarget	1	380814
1904.155	0.8	NonTarget	1	380831
1904.235	0.8	NonTarget	1	380847
1904.32	0.8	NonTarget	1	380864
1904.405	0.8	NonTarget	1	380881
1904.49	0.8	NonTarget	1	380898
1904.575	0.8	NonTarget	1	380915
1904.655	0.8	NonTarget	1	380931
1904.74	0.8	NonTarget	1	380948
1904.82	0.8	NonTarget	1	380964
1913.87	0.8	NonTarget	1	382774
1913.95	0.8	NonTarget	1	382790
1914.035	0.8	NonTarget	1	382807
1914.12	0.8	NonTarget	1	382824
1914.2	0.8	NonTarget	1	382840
1914.285	0.8	NonTarget	1	382857
1914.37	0.8	NonTarget	1	382874
1914.455	0.8	NonTarget	1	382891
1914.535	0.8	NonTarget	1	382907
1914.62	0.8	NonTarget	1	382924
1914.7	0.8	NonTarget	1	382940
1914.785	0.8	NonTarget	1	382957
1914.87	0.8	NonTarget	1	382974
1914.955	0.8	NonTarget	1	382991
1915.035	0.8	NonTarget	1	383007
1915.12	0.8	NonTarget	1	383024
1915.205	0.8	NonTarget	1	383041
1915.29	0.8	NonTarget	1	383058
1915.37	0.8	NonTarget	1	383074
1915.455	0.8	NonTarget	1	383091
1915.54	0.8	NonTarget	1	383108
1915.62	0.8	NonTarget	1	383124
1915.705	0.8	Target	2	383141
1915.79	0.8	NonTarget	1	383158
1915.87	0.8	NonTarget	1	383174
1915.955	0.8	NonTarget	1	383191
1916.04	0.8	NonTarget	1	383208
1916.12	0.8	NonTarget	1	383224
1916.205	0.8	NonTarget	1	383241
1916.29	0.8	NonTarget	1	383258
1916.69	0.8	NonTarget	1	383338
1916.77	0.8	NonTarget	1	383354
1916.855	0.8	NonTarget	1	383371
1916.94	0.8	NonTarget	1	383388
1917.025	0.8	NonTarget	1	383405
1917.105	0.8	NonTarget	1	383421
1917.19	0.8	NonTarget	1	383438
1917.275	0.8	NonTarget	1	383455
1917.355	0.8	NonTarget	1	383471
1917.44	0.8	NonTarget	1	383488
1917.525	0.8	NonTarget	1	383505
1917.605	0.8	NonTarget	1	383521
1917.69	0.8	Target	2	383538
1917.775	0.8	NonTarget	1	383555
1917.86	0.8	NonTarget	1	383572
1917.94	0.8	NonTarget	1	383588
1918.025	0.8	NonTarget	1	383605
1918.11	0.8	NonTarget	1	383622
1918.19	0.8	NonTarget	1	383638
1918.275	0.8	NonTarget	1	383655
1918.36	0.8	NonTarget	1	383672
1918.44	0.8	NonTarget	1	383688
1918.525	0.8	NonTarget	1	383705
1918.61	0.8	NonTarget	1	383722
1918.69	0.8	NonTarget	1	383738
1918.775	0.8	NonTarget	1	383755
1918.86	0.8	NonTarget	1	383772
1918.94	0.8	NonTarget	1	383788
1919.03	0.8	NonTarget	1	383806
1919.11	0.8	NonTarget	1	383822
1919.51	0.8	NonTarget	1	383902
1919.595	0.8	NonTarget	1	383919
1919.675	0.8	NonTarget	1	383935
1919.76	0.8	NonTarget	1	383952
1919.845	0.8	NonTarget	1	383969
1919.925	0.8	NonTarget	1	383985
1920.01	0.8	NonTarget	1	384002
1920.095	0.8	NonTarget	1	384019
1920.175	0.8	NonTarget	1	384035
1920.26	0.8	NonTarget	1	384052
1920.345	0.8	NonTarget	1	384069
1920.425	0.8	NonTarget	1	384085
1920.51	0.8	NonTarget	1	384102
1920.595	0.8	NonTarget	1	384119
1920.68	0.8	NonTarget	1	384136
1920.76	0.8	NonTarget	1	384152
1920.845	0.8	NonTarget	1	384169
1920.93	0.8	NonTarget	1	384186
1921.01	0.8	NonTarget	1	384202
1921.095	0.8	NonTarget	1	384219
1921.18	0.8	NonTarget	1	384236
1921.26	0.8	NonTarget	1	384252
1921.345	0.8	NonTarget	1	384269
1921.43	0.8	NonTarget	1	384286
1921.51	0.8	NonTarget	1	384302
1921.595	0.8	NonTarget	1	384319
1921.68	0.8	NonTarget	1	384336
1921.76	0.8	Target	2	384352
1921.845	0.8	NonTarget	1	384369
1921.93	0.8	NonTarget	1	384386
1922.33	0.8	NonTarget	1	384466
1922.415	0.8	NonTarget	1	384483
1922.495	0.8	NonTarget	1	384499
1922.58	0.8	NonTarget	1	384516
1922.665	0.8	NonTarget	1	384533
1922.745	0.8	NonTarget	1	384549
1922.83	0.8	NonTarget	1	384566
1922.915	0.8	NonTarget	1	384583
1923.0	0.8	NonTarget	1	384600
1923.08	0.8	NonTarget	1	384616
1923.165	0.8	NonTarget	1	384633
1923.25	0.8	NonTarget	1	384650
1923.33	0.8	NonTarget	1	384666
1923.415	0.8	NonTarget	1	384683
1923.5	0.8	NonTarget	1	384700
1923.585	0.8	NonTarget	1	384717
1923.665	0.8	NonTarget	1	384733
1923.75	0.8	NonTarget	1	384750
1923.835	0.8	NonTarget	1	384767
1923.915	0.8	NonTarget	1	384783
1924.0	0.8	NonTarget	1	384800
1924.085	0.8	NonTarget	1	384817
1924.165	0.8	Target	2	384833
1924.25	0.8	NonTarget	1	384850
1924.335	0.8	NonTarget	1	384867
1924.415	0.8	NonTarget	1	384883
1924.5	0.8	NonTarget	1	384900
1924.585	0.8	NonTarget	1	384917
1924.665	0.8	NonTarget	1	384933
1924.75	0.8	NonTarget	1	384950
1925.15	0.8	NonTarget	1	385030
1925.235	0.8	NonTarget	1	385047
1925.32	0.8	NonTarget	1	385064
1925.4	0.8	NonTarget	1	385080
1925.485	0.8	NonTarget	1	385097
1925.57	0.8	NonTarget	1	385114
1925.65	0.8	NonTarget	1	385130
1925.735	0.8	NonTarget	1	385147
1925.82	0.8	NonTarget	1	385164
1925.905	0.8	NonTarget	1	385181
1925.985	0.8	NonTarget	1	385197
1926.07	0.8	NonTarget	1	385214
1926.15	0.8	Target	2	385230
1926.235	0.8	NonTarget	1	385247
1926.32	0.8	NonTarget	1	385264
1926.405	0.8	NonTarget	1	385281
1926.485	0.8	NonTarget	1	385297
1926.57	0.8	NonTarget	1	385314
1926.655	0.8	NonTarget	1	385331
1926.735	0.8	NonTarget	1	385347
1926.82	0.8	NonTarget	1	385364
1926.905	0.8	NonTarget	1	385381
1926.985	0.8	NonTarget	1	385397
1927.07	0.8	NonTarget	1	385414
1927.15	0.8	NonTarget	1	385430
1927.235	0.8	NonTarget	1	385447
1927.32	0.8	NonTarget	1	385464
1927.405	0.8	NonTarget	1	385481
1927.49	0.8	NonTarget	1	385498
1927.57	0.8	NonTarget	1	385514
1927.97	0.8	NonTarget	1	385594
1928.055	0.8	NonTarget	1	385611
1928.14	0.8	NonTarget	1	385628
1928.22	0.8	NonTarget	1	385644
1928.305	0.8	NonTarget	1	385661
1928.39	0.8	NonTarget	1	385678
1928.47	0.8	NonTarget	1	385694
1928.555	0.8	NonTarget	1	385711
1928.64	0.8	NonTarget	1	385728
1928.72	0.8	NonTarget	1	385744
1928.805	0.8	NonTarget	1	385761
1928.89	0.8	NonTarget	1	385778
1928.975	0.8	NonTarget	1	385795
1929.055	0.8	NonTarget	1	385811
1929.14	0.8	NonTarget	1	385828
1929.225	0.8	NonTarget	1	385845
1929.305	0.8	NonTarget	1	385861
1929.39	0.8	NonTarget	1	385878
1929.475	0.8	NonTarget	1	385895
1929.555	0.8	NonTarget	1	385911
1929.64	0.8	NonTarget	1	385928
1929.725	0.8	NonTarget	1	385945
1929.805	0.8	Target	2	385961
1929.89	0.8	NonTarget	1	385978
1929.975	0.8	NonTarget	1	385995
1930.06	0.8	NonTarget	1	386012
1930.14	0.8	NonTarget	1	386028
1930.225	0.8	NonTarget	1	386045
1930.31	0.8	NonTarget	1	386062
1930.39	0.8	NonTarget	1	386078
1930.79	0.8	NonTarget	1	386158
1930.875	0.8	NonTarget	1	386175
1930.96	0.8	NonTarget	1	386192
1931.045	0.8	NonTarget	1	386209
1931.125	0.8	NonTarget	1	386225
1931.21	0.8	NonTarget	1	386242
1931.295	0.8	NonTarget	1	386259
1931.375	0.8	NonTarget	1	386275
1931.46	0.8	NonTarget	1	386292
1931.545	0.8	NonTarget	1	386309
1931.625	0.8	NonTarget	1	386325
1931.71	0.8	NonTarget	1	386342
1931.795	0.8	Target	2	386359
1931.875	0.8	NonTarget	1	386375
1931.96	0.8	NonTarget	1	386392
1932.045	0.8	NonTarget	1	386409
1932.125	0.8	NonTarget	1	386425
1932.21	0.8	NonTarget	1	386442
1932.295	0.8	NonTarget	1	386459
1932.38	0.8	NonTarget	1	386476
1932.46	0.8	NonTarget	1	386492
1932.545	0.8	NonTarget	1	386509
1932.63	0.8	NonTarget	1	386526
1932.71	0.8	NonTarget	1	386542
1932.795	0.8	NonTarget	1	386559
1932.88	0.8	NonTarget	1	386576
1932.965	0.8	NonTarget	1	386593
1933.045	0.8	NonTarget	1	386609
1933.13	0.8	NonTarget	1	386626
1933.21	0.8	NonTarget	1	386642
1933.61	0.8	NonTarget	1	386722
1933.695	0.8	NonTarget	1	386739
1933.78	0.8	NonTarget	1	386756
1933.865	0.8	NonTarget	1	386773
1933.945	0.8	NonTarget	1	386789
1934.03	0.8	NonTarget	1	386806
1934.115	0.8	NonTarget	1	386823
1934.195	0.8	NonTarget	1	386839
1934.28	0.8	NonTarget	1	386856
1934.365	0.8	NonTarget	1	386873
1934.45	0.8	NonTarget	1	386890
1934.53	0.8	NonTarget	1	386906
1934.615	0.8	NonTarget	1	386923
1934.7	0.8	NonTarget	1	386940
1934.78	0.8	NonTarget	1	386956
1934.865	0.8	NonTarget	1	386973
1934.95	0.8	NonTarget	1	386990
1935.035	0.8	NonTarget	1	387007
1935.115	0.8	NonTarget	1	387023
1935.2	0.8	NonTarget	1	387040
1935.28	0.8	NonTarget	1	387056
1935.365	0.8	NonTarget	1	387073
1935.45	0.8	Target	2	387090
1935.535	0.8	NonTarget	1	387107
1935.615	0.8	NonTarget	1	387123
1935.7	0.8	NonTarget	1	387140
1935.785	0.8	NonTarget	1	387157
1935.865	0.8	NonTarget	1	387173
1935.95	0.8	NonTarget	1	387190
1936.035	0.8	NonTarget	1	387207
1936.435	0.8	NonTarget	1	387287
1936.52	0.8	NonTarget	1	387304
1936.6	0.8	NonTarget	1	387320
1936.685	0.8	NonTarget	1	387337
1936.765	0.8	NonTarget	1	387353
1936.85	0.8	NonTarget	1	387370
1936.935	0.8	NonTarget	1	387387
1937.015	0.8	Target	2	387403
1937.1	0.8	NonTarget	1	387420
1937.185	0.8	NonTarget	1	387437
1937.27	0.8	NonTarget	1	387454
1937.35	0.8	NonTarget	1	387470
1937.435	0.8	NonTarget	1	387487
1937.52	0.8	NonTarget	1	387504
1937.6	0.8	NonTarget	1	387520
1937.685	0.8	NonTarget	1	387537
1937.765	0.8	NonTarget	1	387553
1937.855	0.8	NonTarget	1	387571
1937.935	0.8	NonTarget	1	387587
1938.02	0.8	NonTarget	1	387604
1938.105	0.8	NonTarget	1	387621
1938.185	0.8	NonTarget	1	387637
1938.27	0.8	NonTarget	1	387654
1938.355	0.8	NonTarget	1	387671
1938.435	0.8	NonTarget	1	387687
1938.52	0.8	NonTarget	1	387704
1938.605	0.8	NonTarget	1	387721
1938.685	0.8	NonTarget	1	387737
1938.77	0.8	NonTarget	1	387754
1938.855	0.8	NonTarget	1	387771
1939.255	0.8	NonTarget	1	387851
1939.34	0.8	NonTarget	1	387868
1939.42	0.8	Target	2	387884
1939.505	0.8	NonTarget	1	387901
1939.59	0.8	NonTarget	1	387918
1939.67	0.8	NonTarget	1	387934
1939.755	0.8	NonTarget	1	387951
1939.835	0.8	NonTarget	1	387967
1939.925	0.8	NonTarget	1	387985
1940.005	0.8	NonTarget	1	388001
1940.09	0.8	NonTarget	1	388018
1940.175	0.8	NonTarget	1	388035
1940.255	0.8	NonTarget	1	388051
1940.34	0.8	NonTarget	1	388068
1940.425	0.8	NonTarget	1	388085
1940.505	0.8	NonTarget	1	388101
1940.59	0.8	NonTarget	1	388118
1940.675	0.8	NonTarget	1	388135
1940.755	0.8	NonTarget	1	388151
1940.84	0.8	NonTarget	1	388168
1940.925	0.8	NonTarget	1	388185
1941.005	0.8	NonTarget	1	388201
1941.09	0.8	NonTarget	1	388218
1941.175	0.8	NonTarget	1	388235
1941.26	0.8	NonTarget	1	388252
1941.34	0.8	NonTarget	1	388268
1941.425	0.8	NonTarget	1	388285
1941.51	0.8	NonTarget	1	388302
1941.59	0.8	NonTarget	1	388318
1941.675	0.8	NonTarget	1	388335
1950.71	0.8	NonTarget	1	390142
1950.79	0.8	NonTarget	1	390158
1950.87	0.8	NonTarget	1	390174
1950.955	0.8	NonTarget	1	390191
1951.035	0.8	NonTarget	1	390207
1951.12	0.8	NonTarget	1	390224
1951.205	0.8	NonTarget	1	390241
1951.29	0.8	NonTarget	1	390258
1951.37	0.8	NonTarget	1	390274
1951.455	0.8	NonTarget	1	390291
1951.54	0.8	NonTarget	1	390308
1951.62	0.8	NonTarget	1	390324
1951.705	0.8	Target	2	390341
1951.79	0.8	NonTarget	1	390358
1951.875	0.8	NonTarget	1	390375
1951.955	0.8	NonTarget	1	390391
1952.04	0.8	NonTarget	1	390408
1952.12	0.8	NonTarget	1	390424
1952.205	0.8	NonTarget	1	390441
1952.29	0.8	NonTarget	1	390458
1952.37	0.8	NonTarget	1	390474
1952.455	0.8	NonTarget	1	390491
1952.54	0.8	NonTarget	1	390508
1952.625	0.8	NonTarget	1	390525
1952.705	0.8	NonTarget	1	390541
1952.79	0.8	NonTarget	1	390558
1952.875	0.8	NonTarget	1	390575
1952.955	0.8	NonTarget	1	390591
1953.04	0.8	NonTarget	1	390608
1953.125	0.8	NonTarget	1	390625
1953.525	0.8	NonTarget	1	390705
1953.61	0.8	NonTarget	1	390722
1953.69	0.8	NonTarget	1	390738
1953.775	0.8	NonTarget	1	390755
1953.86	0.8	NonTarget	1	390772
1953.94	0.8	NonTarget	1	390788
1954.025	0.8	NonTarget	1	390805
1954.11	0.8	NonTarget	1	390822
1954.19	0.8	NonTarget	1	390838
1954.275	0.8	NonTarget	1	390855
1954.36	0.8	NonTarget	1	390872
1954.44	0.8	NonTarget	1	390888
1954.525	0.8	NonTarget	1	390905
1954.61	0.8	NonTarget	1	390922
1954.695	0.8	NonTarget	1	390939
1954.775	0.8	NonTarget	1	390955
1954.86	0.8	NonTarget	1	390972
1954.945	0.8	NonTarget	1	390989
1955.025	0.8	NonTarget	1	391005
1955.11	0.8	NonTarget	1	391022
1955.195	0.8	NonTarget	1	391039
1955.275	0.8	NonTarget	1	391055
1955.36	0.8	NonTarget	1	391072
1955.445	0.8	NonTarget	1	391089
1955.525	0.8	NonTarget	1	391105
1955.61	0.8	NonTarget	1	391122
1955.69	0.8	NonTarget	1	391138
1955.775	0.8	Target	2	391155
1955.86	0.8	NonTarget	1	391172
1955.945	0.8	NonTarget	1	391189
1956.345	0.8	NonTarget	1	391269
1956.43	0.8	NonTarget	1	391286
1956.51	0.8	NonTarget	1	391302
1956.595	0.8	NonTarget	1	391319
1956.68	0.8	NonTarget	1	391336
1956.76	0.8	NonTarget	1	391352
1956.845	0.8	NonTarget	1	391369
1956.93	0.8	NonTarget	1	391386
1957.01	0.8	NonTarget	1	391402
1957.095	0.8	NonTarget	1	391419
1957.18	0.8	NonTarget	1	391436
1957.265	0.8	NonTarget	1	391453
1957.345	0.8	Target	2	391469
1957.43	0.8	NonTarget	1	391486
1957.515	0.8	NonTarget	1	391503
1957.595	0.8	NonTarget	1	391519
1957.68	0.8	NonTarget	1	391536
1957.765	0.8	NonTarget	1	391553
1957.845	0.8	NonTarget	1	391569
1957.93	0.8	NonTarget	1	391586
1958.015	0.8	NonTarget	1	391603
1958.1	0.8	NonTarget	1	391620
1958.18	0.8	NonTarget	1	391636
1958.265	0.8	NonTarget	1	391653
1958.35	0.8	NonTarget	1	391670
1958.43	0.8	NonTarget	1	391686
1958.515	0.8	NonTarget	1	391703
1958.6	0.8	NonTarget	1	391720
1958.68	0.8	NonTarget	1	391736
1958.765	0.8	NonTarget	1	391753
1959.165	0.8	NonTarget	1	391833
1959.25	0.8	NonTarget	1	391850
1959.335	0.8	NonTarget	1	391867
1959.415	0.8	NonTarget	1	391883
1959.5	0.8	NonTarget	1	391900
1959.585	0.8	NonTarget	1	391917
1959.665	0.8	NonTarget	1	391933
1959.75	0.8	Target	2	391950
1959.835	0.8	NonTarget	1	391967
1959.915	0.8	NonTarget	1	391983
1960.0	0.8	NonTarget	1	392000
1960.085	0.8	NonTarget	1	392017
1960.165	0.8	NonTarget	1	392033
1960.25	0.8	NonTarget	1	392050
1960.335	0.8	NonTarget	1	392067
1960.415	0.8	NonTarget	1	392083
1960.5	0.8	NonTarget	1	392100
1960.585	0.8	NonTarget	1	392117
1960.67	0.8	NonTarget	1	392134
1960.75	0.8	NonTarget	1	392150
1960.835	0.8	NonTarget	1	392167
1960.92	0.8	NonTarget	1	392184
1961.0	0.8	NonTarget	1	392200
1961.085	0.8	NonTarget	1	392217
1961.17	0.8	NonTarget	1	392234
1961.25	0.8	NonTarget	1	392250
1961.335	0.8	NonTarget	1	392267
1961.42	0.8	NonTarget	1	392284
1961.505	0.8	NonTarget	1	392301
1961.585	0.8	NonTarget	1	392317
1961.985	0.8	NonTarget	1	392397
1962.07	0.8	NonTarget	1	392414
1962.155	0.8	NonTarget	1	392431
1962.235	0.8	NonTarget	1	392447
1962.32	0.8	NonTarget	1	392464
1962.405	0.8	NonTarget	1	392481
1962.485	0.8	NonTarget	1	392497
1962.57	0.8	Target	2	392514
1962.655	0.8	NonTarget	1	392531
1962.735	0.8	NonTarget	1	392547
1962.82	0.8	NonTarget	1	392564
1962.905	0.8	NonTarget	1	392581
1962.99	0.8	NonTarget	1	392598
1963.07	0.8	NonTarget	1	392614
1963.155	0.8	NonTarget	1	392631
1963.235	0.8	NonTarget	1	392647
1963.32	0.8	NonTarget	1	392664
1963.405	0.8	NonTarget	1	392681
1963.49	0.8	NonTarget	1	392698
1963.57	0.8	NonTarget	1	392714
1963.655	0.8	NonTarget	1	392731
1963.74	0.8	NonTarget	1	392748
1963.825	0.8	NonTarget	1	392765
1963.905	0.8	NonTarget	1	392781
1963.99	0.8	NonTarget	1	392798
1964.075	0.8	NonTarget	1	392815
1964.155	0.8	NonTarget	1	392831
1964.24	0.8	NonTarget	1	392848
1964.325	0.8	NonTarget	1	392865
1964.405	0.8	NonTarget	1	392881
1964.805	0.8	NonTarget	1	392961
1964.89	0.8	NonTarget	1	392978
1964.975	0.8	NonTarget	1	392995
1965.06	0.8	NonTarget	1	393012
1965.14	0.8	NonTarget	1	393028
1965.225	0.8	NonTarget	1	393045
1965.31	0.8	NonTarget	1	393062
1965.39	0.8	NonTarget	1	393078
1965.475	0.8	NonTarget	1	393095
1965.56	0.8	NonTarget	1	393112
1965.64	0.8	NonTarget	1	393128
1965.725	0.8	NonTarget	1	393145
1965.81	0.8	NonTarget	1	393162
1965.89	0.8	NonTarget	1	393178
1965.975	0.8	NonTarget	1	393195
1966.06	0.8	NonTarget	1	393212
1966.14	0.8	NonTarget	1	393228
1966.225	0.8	NonTarget	1	393245
1966.31	0.8	NonTarget	1	393262
1966.39	0.8	NonTarget	1	393278
1966.475	0.8	NonTarget	1	393295
1966.56	0.8	NonTarget	1	393312
1966.645	0.8	NonTarget	1	393329
1966.725	0.8	NonTarget	1	393345
1966.81	0.8	NonTarget	1	393362
1966.895	0.8	NonTarget	1	393379
1966.975	0.8	NonTarget	1	393395
1967.06	0.8	Target	2	393412
1967.145	0.8	NonTarget	1	393429
1967.23	0.8	NonTarget	1	393446
1967.625	0.8	NonTarget	1	393525
1967.71	0.8	NonTarget	1	393542
1967.795	0.8	Target	2	393559
1967.88	0.8	NonTarget	1	393576
1967.96	0.8	NonTarget	1	393592
1968.045	0.8	NonTarget	1	393609
1968.13	0.8	NonTarget	1	393626
1968.215	0.8	NonTarget	1	393643
1968.295	0.8	NonTarget	1	393659
1968.38	0.8	NonTarget	1	393676
1968.465	0.8	NonTarget	1	393693
1968.545	0.8	NonTarget	1	393709
1968.63	0.8	NonTarget	1	393726
1968.715	0.8	NonTarget	1	393743
1968.795	0.8	NonTarget	1	393759
1968.88	0.8	NonTarget	1	393776
1968.965	0.8	NonTarget	1	393793
1969.045	0.8	NonTarget	1	393809
1969.13	0.8	NonTarget	1	393826
1969.21	0.8	NonTarget	1	393842
1969.3	0.8	NonTarget	1	393860
1969.38	0.8	NonTarget	1	393876
1969.465	0.8	NonTarget	1	393893
1969.545	0.8	NonTarget	1	393909
1969.63	0.8	NonTarget	1	393926
1969.715	0.8	NonTarget	1	393943
1969.795	0.8	NonTarget	1	393959
1969.88	0.8	NonTarget	1	393976
1969.965	0.8	NonTarget	1	393993
1970.05	0.8	NonTarget	1	394010
1970.45	0.8	NonTarget	1	394090
1970.53	0.8	NonTarget	1	394106
1970.615	0.8	Target	2	394123
1970.7	0.8	NonTarget	1	394140
1970.78	0.8	NonTarget	1	394156
1970.865	0.8	NonTarget	1	394173
1970.95	0.8	NonTarget	1	394190
1971.035	0.8	NonTarget	1	394207
1971.115	0.8	NonTarget	1	394223
1971.2	0.8	NonTarget	1	394240
1971.28	0.8	NonTarget	1	394256
1971.365	0.8	NonTarget	1	394273
1971.45	0.8	NonTarget	1	394290
1971.535	0.8	NonTarget	1	394307
1971.62	0.8	NonTarget	1	394324
1971.7	0.8	NonTarget	1	394340
1971.785	0.8	NonTarget	1	394357
1971.865	0.8	NonTarget	1	394373
1971.95	0.8	NonTarget	1	394390
1972.03	0.8	NonTarget	1	394406
1972.115	0.8	NonTarget	1	394423
1972.2	0.8	NonTarget	1	394440
1972.285	0.8	NonTarget	1	394457
1972.37	0.8	NonTarget	1	394474
1972.45	0.8	NonTarget	1	394490
1972.535	0.8	NonTarget	1	394507
1972.62	0.8	NonTarget	1	394524
1972.7	0.8	NonTarget	1	394540
1972.785	0.8	NonTarget	1	394557
1972.87	0.8	NonTarget	1	394574
1973.27	0.8	NonTarget	1	394654
1973.355	0.8	NonTarget	1	394671
1973.44	0.8	NonTarget	1	394688
1973.52	0.8	NonTarget	1	394704
1973.605	0.8	NonTarget	1	394721
1973.69	0.8	NonTarget	1	394738
1973.77	0.8	NonTarget	1	394754
1973.855	0.8	NonTarget	1	394771
1973.94	0.8	NonTarget	1	394788
1974.02	0.8	NonTarget	1	394804
1974.105	0.8	NonTarget	1	394821
1974.185	0.8	NonTarget	1	394837
1974.27	0.8	NonTarget	1	394854
1974.355	0.8	NonTarget	1	394871
1974.435	0.8	NonTarget	1	394887
1974.52	0.8	NonTarget	1	394904
1974.605	0.8	NonTarget	1	394921
1974.685	0.8	Target	2	394937
1974.77	0.8	NonTarget	1	394954
1974.855	0.8	NonTarget	1	394971
1974.94	0.8	NonTarget	1	394988
1975.02	0.8	NonTarget	1	395004
1975.105	0.8	NonTarget	1	395021
1975.19	0.8	NonTarget	1	395038
1975.27	0.8	NonTarget	1	395054
1975.355	0.8	NonTarget	1	395071
1975.44	0.8	NonTarget	1	395088
1975.52	0.8	NonTarget	1	395104
1975.605	0.8	NonTarget	1	395121
1975.69	0.8	NonTarget	1	395138
1976.09	0.8	NonTarget	1	395218
1976.175	0.8	NonTarget	1	395235
1976.255	0.8	NonTarget	1	395251
1976.34	0.8	NonTarget	1	395268
1976.42	0.8	NonTarget	1	395284
1976.505	0.8	NonTarget	1	395301
1976.59	0.8	NonTarget	1	395318
1976.675	0.8	NonTarget	1	395335
1976.76	0.8	NonTarget	1	395352
1976.84	0.8	NonTarget	1	395368
1976.925	0.8	NonTarget	1	395385
1977.005	0.8	NonTarget	1	395401
1977.09	0.8	NonTarget	1	395418
1977.175	0.8	NonTarget	1	395435
1977.26	0.8	NonTarget	1	395452
1977.34	0.8	NonTarget	1	395468
1977.425	0.8	NonTarget	1	395485
1977.505	0.8	Target	2	395501
1977.59	0.8	NonTarget	1	395518
1977.675	0.8	NonTarget	1	395535
1977.76	0.8	NonTarget	1	395552
1977.84	0.8	NonTarget	1	395568
1977.925	0.8	NonTarget	1	395585
1978.01	0.8	NonTarget	1	395602
1978.095	0.8	NonTarget	1	395619
1978.175	0.8	NonTarget	1	395635
1978.26	0.8	NonTarget	1	395652
1978.345	0.8	NonTarget	1	395669
1978.425	0.8	NonTarget	1	395685
1978.51	0.8	NonTarget	1	395702
1987.56	0.8	NonTarget	1	397512
1987.64	0.8	NonTarget	1	397528
1987.725	0.8	NonTarget	1	397545
1987.805	0.8	NonTarget	1	397561
1987.89	0.8	NonTarget	1	397578
1987.97	0.8	NonTarget	1	397594
1988.055	0.8	NonTarget	1	397611
1988.14	0.8	NonTarget	1	397628
1988.225	0.8	NonTarget	1	397645
1988.305	0.8	NonTarget	1	397661
1988.39	0.8	NonTarget	1	397678
1988.475	0.8	NonTarget	1	397695
1988.555	0.8	NonTarget	1	397711
1988.64	0.8	NonTarget	1	397728
1988.725	0.8	NonTarget	1	397745
1988.81	0.8	NonTarget	1	397762
1988.89	0.8	NonTarget	1	397778
1988.975	0.8	NonTarget	1	397795
1989.06	0.8	NonTarget	1	397812
1989.14	0.8	NonTarget	1	397828
1989.225	0.8	NonTarget	1	397845
1989.31	0.8	NonTarget	1	397862
1989.39	0.8	NonTarget	1	397878
1989.475	0.8	NonTarget	1	397895
1989.56	0.8	NonTarget	1	397912
1989.64	0.8	NonTarget	1	397928
1989.725	0.8	NonTarget	1	397945
1989.81	0.8	Target	2	397962
1989.895	0.8	NonTarget	1	397979
1989.975	0.8	NonTarget	1	397995
1990.375	0.8	NonTarget	1	398075
1990.46	0.8	NonTarget	1	398092
1990.545	0.8	NonTarget	1	398109
1990.63	0.8	NonTarget	1	398126
1990.71	0.8	NonTarget	1	398142
1990.795	0.8	NonTarget	1	398159
1990.875	0.8	NonTarget	1	398175
1990.96	0.8	NonTarget	1	398192
1991.045	0.8	NonTarget	1	398209
1991.125	0.8	NonTarget	1	398225
1991.21	0.8	NonTarget	1	398242
1991.295	0.8	NonTarget	1	398259
1991.38	0.8	NonTarget	1	398276
1991.46	0.8	NonTarget	1	398292
1991.545	0.8	NonTarget	1	398309
1991.63	0.8	NonTarget	1	398326
1991.715	0.8	NonTarget	1	398343
1991.795	0.8	Target	2	398359
1991.88	0.8	NonTarget	1	398376
1991.96	0.8	NonTarget	1	398392
1992.045	0.8	NonTarget	1	398409
1992.13	0.8	NonTarget	1	398426
1992.215	0.8	NonTarget	1	398443
1992.295	0.8	NonTarget	1	398459
1992.4	0.8	NonTarget	1	398480
1992.48	0.8	NonTarget	1	398496
1992.565	0.8	NonTarget	1	398513
1992.645	0.8	NonTarget	1	398529
1992.73	0.8	NonTarget	1	398546
1992.815	0.8	NonTarget	1	398563
1993.215	0.8	NonTarget	1	398643
1993.3	0.8	NonTarget	1	398660
1993.38	0.8	NonTarget	1	398676
1993.465	0.8	NonTarget	1	398693
1993.55	0.8	NonTarget	1	398710
1993.63	0.8	NonTarget	1	398726
1993.715	0.8	NonTarget	1	398743
1993.8	0.8	NonTarget	1	398760
1993.88	0.8	NonTarget	1	398776
1993.965	0.8	NonTarget	1	398793
1994.05	0.8	NonTarget	1	398810
1994.135	0.8	NonTarget	1	398827
1994.215	0.8	NonTarget	1	398843
1994.3	0.8	NonTarget	1	398860
1994.385	0.8	NonTarget	1	398877
1994.465	0.8	NonTarget	1	398893
1994.55	0.8	NonTarget	1	398910
1994.635	0.8	Target	2	398927
1994.715	0.8	NonTarget	1	398943
1994.8	0.8	NonTarget	1	398960
1994.885	0.8	NonTarget	1	398977
1994.965	0.8	NonTarget	1	398993
1995.05	0.8	NonTarget	1	399010
1995.135	0.8	NonTarget	1	399027
1995.215	0.8	NonTarget	1	399043
1995.3	0.8	NonTarget	1	399060
1995.385	0.8	NonTarget	1	399077
1995.465	0.8	NonTarget	1	399093
1995.55	0.8	NonTarget	1	399110
1995.635	0.8	NonTarget	1	399127
1996.035	0.8	NonTarget	1	399207
1996.12	0.8	NonTarget	1	399224
1996.205	0.8	NonTarget	1	399241
1996.285	0.8	NonTarget	1	399257
1996.37	0.8	NonTarget	1	399274
1996.455	0.8	NonTarget	1	399291
1996.535	0.8	NonTarget	1	399307
1996.62	0.8	NonTarget	1	399324
1996.705	0.8	NonTarget	1	399341
1996.785	0.8	NonTarget	1	399357
1996.87	0.8	NonTarget	1	399374
1996.955	0.8	NonTarget	1	399391
1997.035	0.8	NonTarget	1	399407
1997.12	0.8	NonTarget	1	399424
1997.205	0.8	NonTarget	1	399441
1997.285	0.8	NonTarget	1	399457
1997.37	0.8	NonTarget	1	399474
1997.455	0.8	NonTarget	1	399491
1997.535	0.8	NonTarget	1	399507
1997.62	0.8	NonTarget	1	399524
1997.705	0.8	NonTarget	1	399541
1997.79	0.8	NonTarget	1	399558
1997.87	0.8	Target	2	399574
1997.955	0.8	NonTarget	1	399591
1998.035	0.8	NonTarget	1	399607
1998.12	0.8	NonTarget	1	399624
1998.205	0.8	NonTarget	1	399641
1998.29	0.8	NonTarget	1	399658
1998.37	0.8	NonTarget	1	399674
1998.455	0.8	NonTarget	1	399691
1998.855	0.8	NonTarget	1	399771
1998.94	0.8	NonTarget	1	399788
1999.025	0.8	Target	2	399805
1999.105	0.8	NonTarget	1	399821
1999.19	0.8	NonTarget	1	399838
1999.27	0.8	NonTarget	1	399854
1999.355	0.8	NonTarget	1	399871
1999.44	0.8	NonTarget	1	399888
1999.525	0.8	NonTarget	1	399905
1999.605	0.8	NonTarget	1	399921
1999.69	0.8	NonTarget	1	399938
1999.775	0.8	NonTarget	1	399955
1999.86	0.8	NonTarget	1	399972
1999.94	0.8	NonTarget	1	399988
2000.02	0.8	NonTarget	1	400004
2000.105	0.8	NonTarget	1	400021
2000.19	0.8	NonTarget	1	400038
2000.275	0.8	NonTarget	1	400055
2000.355	0.8	NonTarget	1	400071
2000.44	0.8	NonTarget	1	400088
2000.525	0.8	NonTarget	1	400105
2000.61	0.8	NonTarget	1	400122
2000.69	0.8	NonTarget	1	400138
2000.775	0.8	NonTarget	1	400155
2000.86	0.8	NonTarget	1	400172
2000.94	0.8	NonTarget	1	400188
2001.025	0.8	NonTarget	1	400205
2001.11	0.8	NonTarget	1	400222
2001.195	0.8	NonTarget	1	400239
2001.275	0.8	NonTarget	1	400255
2001.675	0.8	NonTarget	1	400335
2001.76	0.8	NonTarget	1	400352
2001.845	0.8	NonTarget	1	400369
2001.925	0.8	NonTarget	1	400385
2002.01	0.8	NonTarget	1	400402
2002.095	0.8	NonTarget	1	400419
2002.175	0.8	NonTarget	1	400435
2002.26	0.8	NonTarget	1	400452
2002.345	0.8	NonTarget	1	400469
2002.425	0.8	NonTarget	1	400485
2002.51	0.8	NonTarget	1	400502
2002.595	0.8	NonTarget	1	400519
2002.675	0.8	NonTarget	1	400535
2002.76	0.8	NonTarget	1	400552
2002.845	0.8	NonTarget	1	400569
2002.925	0.8	NonTarget	1	400585
2003.01	0.8	NonTarget	1	400602
2003.095	0.8	NonTarget	1	400619
2003.18	0.8	NonTarget	1	400636
2003.26	0.8	NonTarget	1	400652
2003.345	0.8	NonTarget	1	400669
2003.43	0.8	NonTarget	1	400686
2003.51	0.8	NonTarget	1	400702
2003.595	0.8	NonTarget	1	400719
2003.68	0.8	NonTarget	1	400736
2003.76	0.8	NonTarget	1	400752
2003.845	0.8	NonTarget	1	400769
2003.93	0.8	Target	2	400786
2004.01	0.8	NonTarget	1	400802
2004.095	0.8	NonTarget	1	400819
2004.495	0.8	NonTarget	1	400899
2004.58	0.8	NonTarget	1	400916
2004.66	0.8	NonTarget	1	400932
2004.75	0.8	NonTarget	1	400950
2004.83	0.8	NonTarget	1	400966
2004.915	0.8	NonTarget	1	400983
2004.995	0.8	NonTarget	1	400999
2005.08	0.8	Target	2	401016
2005.165	0.8	NonTarget	1	401033
2005.25	0.8	NonTarget	1	401050
2005.33	0.8	NonTarget	1	401066
2005.415	0.8	NonTarget	1	401083
2005.5	0.8	NonTarget	1	401100
2005.585	0.8	NonTarget	1	401117
2005.665	0.8	NonTarget	1	401133
2005.75	0.8	NonTarget	1	401150
2005.83	0.8	NonTarget	1	401166
2005.915	0.8	NonTarget	1	401183
2006.0	0.8	NonTarget	1	401200
2006.08	0.8	NonTarget	1	401216
2006.165	0.8	NonTarget	1	401233
2006.25	0.8	NonTarget	1	401250
2006.335	0.8	NonTarget	1	401267
2006.415	0.8	NonTarget	1	401283
2006.5	0.8	NonTarget	1	401300
2006.585	0.8	NonTarget	1	401317
2006.665	0.8	NonTarget	1	401333
2006.75	0.8	NonTarget	1	401350
2006.835	0.8	NonTarget	1	401367
2006.915	0.8	NonTarget	1	401383
2007.32	0.8	NonTarget	1	401464
2007.4	0.8	NonTarget	1	401480
2007.485	0.8	NonTarget	1	401497
2007.57	0.8	NonTarget	1	401514
2007.65	0.8	NonTarget	1	401530
2007.735	0.8	NonTarget	1	401547
2007.82	0.8	NonTarget	1	401564
2007.9	0.8	NonTarget	1	401580
2007.985	0.8	NonTarget	1	401597
2008.07	0.8	NonTarget	1	401614
2008.15	0.8	NonTarget	1	401630
2008.235	0.8	NonTarget	1	401647
2008.32	0.8	NonTarget	1	401664
2008.4	0.8	NonTarget	1	401680
2008.485	0.8	NonTarget	1	401697
2008.57	0.8	NonTarget	1	401714
2008.65	0.8	NonTarget	1	401730
2008.735	0.8	NonTarget	1	401747
2008.82	0.8	NonTarget	1	401764
2008.905	0.8	NonTarget	1	401781
2008.985	0.8	NonTarget	1	401797
2009.07	0.8	NonTarget	1	401814
2009.155	0.8	Target	2	401831
2009.235	0.8	NonTarget	1	401847
2009.32	0.8	NonTarget	1	401864
2009.405	0.8	NonTarget	1	401881
2009.485	0.8	NonTarget	1	401897
2009.57	0.8	NonTarget	1	401914
2009.655	0.8	NonTarget	1	401931
2009.735	0.8	NonTarget	1	401947
2010.135	0.8	NonTarget	1	402027
2010.22	0.8	NonTarget	1	402044
2010.305	0.8	NonTarget	1	402061
2010.39	0.8	NonTarget	1	402078
2010.47	0.8	NonTarget	1	402094
2010.555	0.8	NonTarget	1	402111
2010.64	0.8	NonTarget	1	402128
2010.72	0.8	NonTarget	1	402144
2010.805	0.8	NonTarget	1	402161
2010.89	0.8	NonTarget	1	402178
2010.97	0.8	NonTarget	1	402194
2011.055	0.8	NonTarget	1	402211
2011.14	0.8	Target	2	402228
2011.225	0.8	NonTarget	1	402245
2011.305	0.8	NonTarget	1	402261
2011.39	0.8	NonTarget	1	402278
2011.475	0.8	NonTarget	1	402295
2011.555	0.8	NonTarget	1	402311
2011.64	0.8	NonTarget	1	402328
2011.725	0.8	NonTarget	1	402345
2011.805	0.8	NonTarget	1	402361
2011.89	0.8	NonTarget	1	402378
2011.975	0.8	NonTarget	1	402395
2012.06	0.8	NonTarget	1	402412
2012.14	0.8	NonTarget	1	402428
2012.225	0.8	NonTarget	1	402445
2012.305	0.8	NonTarget	1	402461
2012.39	0.8	NonTarget	1	402478
2012.475	0.8	NonTarget	1	402495
2012.56	0.8	NonTarget	1	402512
2012.955	0.8	NonTarget	1	402591
2013.04	0.8	NonTarget	1	402608
2013.125	0.8	NonTarget	1	402625
2013.21	0.8	NonTarget	1	402642
2013.29	0.8	NonTarget	1	402658
2013.375	0.8	NonTarget	1	402675
2013.46	0.8	NonTarget	1	402692
2013.54	0.8	NonTarget	1	402708
2013.625	0.8	NonTarget	1	402725
2013.71	0.8	NonTarget	1	402742
2013.795	0.8	NonTarget	1	402759
2013.875	0.8	NonTarget	1	402775
2013.96	0.8	NonTarget	1	402792
2014.045	0.8	NonTarget	1	402809
2014.125	0.8	NonTarget	1	402825
2014.21	0.8	NonTarget	1	402842
2014.295	0.8	NonTarget	1	402859
2014.38	0.8	NonTarget	1	402876
2014.46	0.8	NonTarget	1	402892
2014.545	0.8	NonTarget	1	402909
2014.63	0.8	NonTarget	1	402926
2014.71	0.8	NonTarget	1	402942
2014.795	0.8	Target	2	402959
2014.88	0.8	NonTarget	1	402976
2014.965	0.8	NonTarget	1	402993
2015.045	0.8	NonTarget	1	403009
2015.13	0.8	NonTarget	1	403026
2015.21	0.8	NonTarget	1	403042
2015.295	0.8	NonTarget	1	403059
2015.38	0.8	NonTarget	1	403076
2024.43	0.8	NonTarget	1	404886
2024.51	0.8	NonTarget	1	404902
2024.59	0.8	NonTarget	1	404918
2024.675	0.8	NonTarget	1	404935
2024.76	0.8	NonTarget	1	404952
2024.84	0.8	NonTarget	1	404968
2024.925	0.8	NonTarget	1	404985
2025.01	0.8	NonTarget	1	405002
2025.09	0.8	NonTarget	1	405018
2025.175	0.8	NonTarget	1	405035
2025.26	0.8	NonTarget	1	405052
2025.34	0.8	NonTarget	1	405068
2025.425	0.8	NonTarget	1	405085
2025.51	0.8	NonTarget	1	405102
2025.59	0.8	NonTarget	1	405118
2025.675	0.8	NonTarget	1	405135
2025.76	0.8	NonTarget	1	405152
2025.845	0.8	NonTarget	1	405169
2025.925	0.8	NonTarget	1	405185
2026.01	0.8	NonTarget	1	405202
2026.095	0.8	NonTarget	1	405219
2026.175	0.8	NonTarget	1	405235
2026.26	0.8	NonTarget	1	405252
2026.345	0.8	NonTarget	1	405269
2026.425	0.8	NonTarget	1	405285
2026.51	0.8	NonTarget	1	405302
2026.595	0.8	NonTarget	1	405319
2026.68	0.8	Target	2	405336
2026.76	0.8	NonTarget	1	405352
2026.845	0.8	NonTarget	1	405369
2027.245	0.8	NonTarget	1	405449
2027.33	0.8	NonTarget	1	405466
2027.41	0.8	NonTarget	1	405482
2027.495	0.8	NonTarget	1	405499
2027.58	0.8	NonTarget	1	405516
2027.66	0.8	NonTarget	1	405532
2027.745	0.8	NonTarget	1	405549
2027.83	0.8	NonTarget	1	405566
2027.91	0.8	NonTarget	1	405582
2027.995	0.8	NonTarget	1	405599
2028.08	0.8	NonTarget	1	405616
2028.165	0.8	NonTarget	1	405633
2028.245	0.8	NonTarget	1	405649
2028.33	0.8	NonTarget	1	405666
2028.41	0.8	NonTarget	1	405682
2028.495	0.8	NonTarget	1	405699
2028.58	0.8	NonTarget	1	405716
2028.665	0.8	NonTarget	1	405733
2028.745	0.8	NonTarget	1	405749
2028.83	0.8	NonTarget	1	405766
2028.915	0.8	NonTarget	1	405783
2028.995	0.8	NonTarget	1	405799
2029.08	0.8	Target	2	405816
2029.165	0.8	NonTarget	1	405833
2029.245	0.8	NonTarget	1	405849
2029.33	0.8	NonTarget	1	405866
2029.415	0.8	NonTarget	1	405883
2029.5	0.8	NonTarget	1	405900
2029.58	0.8	NonTarget	1	405916
2029.665	0.8	NonTarget	1	405933
2030.065	0.8	NonTarget	1	406013
2030.15	0.8	NonTarget	1	406030
2030.23	0.8	NonTarget	1	406046
2030.315	0.8	NonTarget	1	406063
2030.4	0.8	NonTarget	1	406080
2030.485	0.8	NonTarget	1	406097
2030.565	0.8	NonTarget	1	406113
2030.65	0.8	Target	2	406130
2030.735	0.8	NonTarget	1	406147
2030.82	0.8	NonTarget	1	406164
2030.9	0.8	NonTarget	1	406180
2030.985	0.8	NonTarget	1	406197
2031.07	0.8	NonTarget	1	406214
2031.15	0.8	NonTarget	1	406230
2031.235	0.8	NonTarget	1	406247
2031.315	0.8	NonTarget	1	406263
2031.4	0.8	NonTarget	1	406280
2031.485	0.8	NonTarget	1	406297
2031.57	0.8	NonTarget	1	406314
2031.65	0.8	NonTarget	1	406330
2031.735	0.8	NonTarget	1	406347
2031.82	0.8	NonTarget	1	406364
2031.9	0.8	NonTarget	1	406380
2031.985	0.8	NonTarget	1	406397
2032.07	0.8	NonTarget	1	406414
2032.15	0.8	NonTarget	1	406430
2032.235	0.8	NonTarget	1	406447
2032.32	0.8	NonTarget	1	406464
2032.4	0.8	NonTarget	1	406480
2032.485	0.8	NonTarget	1	406497
2032.885	0.8	NonTarget	1	406577
2032.97	0.8	NonTarget	1	406594
2033.055	0.8	NonTarget	1	406611
2033.135	0.8	NonTarget	1	406627
2033.22	0.8	NonTarget	1	406644
2033.305	0.8	NonTarget	1	406661
2033.385	0.8	NonTarget	1	406677
2033.47	0.8	NonTarget	1	406694
2033.555	0.8	NonTarget	1	406711
2033.635	0.8	NonTarget	1	406727
2033.72	0.8	NonTarget	1	406744
2033.805	0.8	NonTarget	1	406761
2033.885	0.8	Target	2	406777
2033.97	0.8	NonTarget	1	406794
2034.055	0.8	NonTarget	1	406811
2034.14	0.8	NonTarget	1	406828
2034.22	0.8	NonTarget	1	406844
2034.305	0.8	NonTarget	1	406861
2034.39	0.8	NonTarget	1	406878
2034.47	0.8	NonTarget	1	406894
2034.555	0.8	NonTarget	1	406911
2034.64	0.8	NonTarget	1	406928
2034.72	0.8	NonTarget	1	406944
2034.805	0.8	NonTarget	1	406961
2034.89	0.8	NonTarget	1	406978
2034.97	0.8	NonTarget	1	406994
2035.055	0.8	NonTarget	1	407011
2035.14	0.8	NonTarget	1	407028
2035.225	0.8	NonTarget	1	407045
2035.305	0.8	NonTarget	1	407061
2035.705	0.8	NonTarget	1	407141
2035.79	0.8	NonTarget	1	407158
2035.875	0.8	Target	2	407175
2035.96	0.8	NonTarget	1	407192
2036.04	0.8	NonTarget	1	407208
2036.125	0.8	NonTarget	1	407225
2036.205	0.8	NonTarget	1	407241
2036.29	0.8	NonTarget	1	407258
2036.375	0.8	NonTarget	1	407275
2036.46	0.8	NonTarget	1	407292
2036.54	0.8	NonTarget	1	407308
2036.625	0.8	NonTarget	1	407325
2036.71	0.8	NonTarget	1	407342
2036.79	0.8	NonTarget	1	407358
2036.875	0.8	NonTarget	1	407375
2036.96	0.8	NonTarget	1	407392
2037.04	0.8	NonTarget	1	407408
2037.125	0.8	NonTarget	1	407425
2037.21	0.8	NonTarget	1	407442
2037.29	0.8	NonTarget	1	407458
2037.375	0.8	NonTarget	1	407475
2037.46	0.8	NonTarget	1	407492
2037.545	0.8	NonTarget	1	407509
2037.63	0.8	NonTarget	1	407526
2037.71	0.8	NonTarget	1	407542
2037.79	0.8	NonTarget	1	407558
2037.875	0.8	NonTarget	1	407575
2037.96	0.8	NonTarget	1	407592
2038.045	0.8	NonTarget	1	407609
2038.125	0.8	NonTarget	1	407625
2038.525	0.8	NonTarget	1	407705
2038.61	0.8	NonTarget	1	407722
2038.695	0.8	NonTarget	1	407739
2038.78	0.8	NonTarget	1	407756
2038.86	0.8	NonTarget	1	407772
2038.945	0.8	NonTarget	1	407789
2039.03	0.8	NonTarget	1	407806
2039.115	0.8	NonTarget	1	407823
2039.195	0.8	NonTarget	1	407839
2039.28	0.8	NonTarget	1	407856
2039.36	0.8	NonTarget	1	407872
2039.445	0.8	NonTarget	1	407889
2039.53	0.8	NonTarget	1	407906
2039.615	0.8	NonTarget	1	407923
2039.695	0.8	NonTarget	1	407939
2039.78	0.8	NonTarget	1	407956
2039.865	0.8	NonTarget	1	407973
2039.945	0.8	NonTarget	1	407989
2040.03	0.8	NonTarget	1	408006
2040.115	0.8	NonTarget	1	408023
2040.195	0.8	NonTarget	1	408039
2040.28	0.8	NonTarget	1	408056
2040.365	0.8	NonTarget	1	408073
2040.445	0.8	NonTarget	1	408089
2040.53	0.8	NonTarget	1	408106
2040.615	0.8	NonTarget	1	408123
2040.695	0.8	NonTarget	1	408139
2040.78	0.8	Target	2	408156
2040.865	0.8	NonTarget	1	408173
2040.945	0.8	NonTarget	1	408189
2041.345	0.8	NonTarget	1	408269
2041.43	0.8	NonTarget	1	408286
2041.515	0.8	NonTarget	1	408303
2041.6	0.8	NonTarget	1	408320
2041.685	0.8	NonTarget	1	408337
2041.765	0.8	NonTarget	1	408353
2041.85	0.8	NonTarget	1	408370
2041.93	0.8	NonTarget	1	408386
2042.015	0.8	NonTarget	1	408403
2042.1	0.8	NonTarget	1	408420
2042.185	0.8	NonTarget	1	408437
2042.265	0.8	NonTarget	1	408453
2042.35	0.8	NonTarget	1	408470
2042.435	0.8	NonTarget	1	408487
2042.515	0.8	NonTarget	1	408503
2042.6	0.8	NonTarget	1	408520
2042.685	0.8	NonTarget	1	408537
2042.765	0.8	NonTarget	1	408553
2042.85	0.8	NonTarget	1	408570
2042.935	0.8	NonTarget	1	408587
2043.02	0.8	NonTarget	1	408604
2043.1	0.8	NonTarget	1	408620
2043.185	0.8	NonTarget	1	408637
2043.27	0.8	NonTarget	1	408654
2043.35	0.8	NonTarget	1	408670
2043.435	0.8	NonTarget	1	408687
2043.52	0.8	NonTarget	1	408704
2043.6	0.8	Target	2	408720
2043.685	0.8	NonTarget	1	408737
2043.765	0.8	NonTarget	1	408753
2044.17	0.8	NonTarget	1	408834
2044.255	0.8	NonTarget	1	408851
2044.335	0.8	NonTarget	1	408867
2044.42	0.8	NonTarget	1	408884
2044.505	0.8	NonTarget	1	408901
2044.585	0.8	NonTarget	1	408917
2044.67	0.8	NonTarget	1	408934
2044.755	0.8	NonTarget	1	408951
2044.84	0.8	NonTarget	1	408968
2044.92	0.8	NonTarget	1	408984
2045.005	0.8	NonTarget	1	409001
2045.09	0.8	NonTarget	1	409018
2045.17	0.8	Target	2	409034
2045.255	0.8	NonTarget	1	409051
2045.34	0.8	NonTarget	1	409068
2045.42	0.8	NonTarget	1	409084
2045.505	0.8	NonTarget	1	409101
2045.59	0.8	NonTarget	1	409118
2045.67	0.8	NonTarget	1	409134
2045.755	0.8	NonTarget	1	409151
2045.84	0.8	NonTarget	1	409168
2045.92	0.8	NonTarget	1	409184
2046.005	0.8	NonTarget	1	409201
2046.09	0.8	NonTarget	1	409218
2046.17	0.8	NonTarget	1	409234
2046.255	0.8	NonTarget	1	409251
2046.34	0.8	NonTarget	1	409268
2046.425	0.8	NonTarget	1	409285
2046.505	0.8	NonTarget	1	409301
2046.59	0.8	NonTarget	1	409318
2046.99	0.8	NonTarget	1	409398
2047.075	0.8	NonTarget	1	409415
2047.16	0.8	NonTarget	1	409432
2047.24	0.8	NonTarget	1	409448
2047.325	0.8	NonTarget	1	409465
2047.41	0.8	NonTarget	1	409482
2047.49	0.8	NonTarget	1	409498
2047.575	0.8	Target	2	409515
2047.655	0.8	NonTarget	1	409531
2047.74	0.8	NonTarget	1	409548
2047.825	0.8	NonTarget	1	409565
2047.91	0.8	NonTarget	1	409582
2047.99	0.8	NonTarget	1	409598
2048.075	0.8	NonTarget	1	409615
2048.16	0.8	NonTarget	1	409632
2048.24	0.8	NonTarget	1	409648
2048.325	0.8	NonTarget	1	409665
2048.41	0.8	NonTarget	1	409682
2048.495	0.8	NonTarget	1	409699
2048.575	0.8	NonTarget	1	409715
2048.66	0.8	NonTarget	1	409732
2048.745	0.8	NonTarget	1	409749
2048.825	0.8	NonTarget	1	409765
2048.91	0.8	NonTarget	1	409782
2048.99	0.8	NonTarget	1	409798
2049.075	0.8	NonTarget	1	409815
2049.16	0.8	NonTarget	1	409832
2049.245	0.8	NonTarget	1	409849
2049.325	0.8	NonTarget	1	409865
2049.41	0.8	NonTarget	1	409882
2049.81	0.8	NonTarget	1	409962
2049.895	0.8	NonTarget	1	409979
2049.98	0.8	NonTarget	1	409996
2050.06	0.8	NonTarget	1	410012
2050.145	0.8	NonTarget	1	410029
2050.23	0.8	NonTarget	1	410046
2050.31	0.8	NonTarget	1	410062
2050.395	0.8	NonTarget	1	410079
2050.48	0.8	NonTarget	1	410096
2050.56	0.8	NonTarget	1	410112
2050.645	0.8	NonTarget	1	410129
2050.73	0.8	NonTarget	1	410146
2050.81	0.8	Target	2	410162
2050.895	0.8	NonTarget	1	410179
2050.98	0.8	NonTarget	1	410196
2051.065	0.8	NonTarget	1	410213
2051.145	0.8	NonTarget	1	410229
2051.23	0.8	NonTarget	1	410246
2051.315	0.8	NonTarget	1	410263
2051.395	0.8	NonTarget	1	410279
2051.48	0.8	NonTarget	1	410296
2051.565	0.8	NonTarget	1	410313
2051.65	0.8	NonTarget	1	410330
2051.73	0.8	NonTarget	1	410346
2051.815	0.8	NonTarget	1	410363
2051.895	0.8	NonTarget	1	410379
2051.98	0.8	NonTarget	1	410396
2052.065	0.8	NonTarget	1	410413
2052.15	0.8	NonTarget	1	410430
2052.23	0.8	NonTarget	1	410446
2061.3	0.8	NonTarget	1	412260
2061.38	0.8	NonTarget	1	412276
2061.46	0.8	NonTarget	1	412292
2061.545	0.8	NonTarget	1	412309
2061.625	0.8	NonTarget	1	412325
2061.715	0.8	NonTarget	1	412343
2061.795	0.8	NonTarget	1	412359
2061.875	0.8	Target	2	412375
2061.96	0.8	NonTarget	1	412392
2062.045	0.8	NonTarget	1	412409
2062.13	0.8	NonTarget	1	412426
2062.21	0.8	NonTarget	1	412442
2062.295	0.8	NonTarget	1	412459
2062.38	0.8	NonTarget	1	412476
2062.46	0.8	NonTarget	1	412492
2062.545	0.8	NonTarget	1	412509
2062.63	0.8	NonTarget	1	412526
2062.71	0.8	NonTarget	1	412542
2062.795	0.8	NonTarget	1	412559
2062.88	0.8	NonTarget	1	412576
2062.96	0.8	NonTarget	1	412592
2063.045	0.8	NonTarget	1	412609
2063.13	0.8	NonTarget	1	412626
2063.215	0.8	NonTarget	1	412643
2063.295	0.8	NonTarget	1	412659
2063.38	0.8	NonTarget	1	412676
2063.465	0.8	NonTarget	1	412693
2063.545	0.8	NonTarget	1	412709
2063.63	0.8	NonTarget	1	412726
2063.715	0.8	NonTarget	1	412743
2064.115	0.8	NonTarget	1	412823
2064.2	0.8	NonTarget	1	412840
2064.28	0.8	Target	2	412856
2064.365	0.8	NonTarget	1	412873
2064.45	0.8	NonTarget	1	412890
2064.53	0.8	NonTarget	1	412906
2064.615	0.8	NonTarget	1	412923
2064.7	0.8	NonTarget	1	412940
2064.78	0.8	NonTarget	1	412956
2064.865	0.8	NonTarget	1	412973
2064.95	0.8	NonTarget	1	412990
2065.03	0.8	NonTarget	1	413006
2065.115	0.8	NonTarget	1	413023
2065.2	0.8	NonTarget	1	413040
2065.28	0.8	NonTarget	1	413056
2065.365	0.8	NonTarget	1	413073
2065.45	0.8	NonTarget	1	413090
2065.53	0.8	NonTarget	1	413106
2065.615	0.8	NonTarget	1	413123
2065.7	0.8	NonTarget	1	413140
2065.785	0.8	NonTarget	1	413157
2065.865	0.8	NonTarget	1	413173
2065.95	0.8	NonTarget	1	413190
2066.035	0.8	NonTarget	1	413207
2066.115	0.8	NonTarget	1	413223
2066.2	0.8	NonTarget	1	413240
2066.285	0.8	NonTarget	1	413257
2066.365	0.8	NonTarget	1	413273
2066.45	0.8	NonTarget	1	413290
2066.535	0.8	NonTarget	1	413307
2066.935	0.8	NonTarget	1	413387
2067.02	0.8	NonTarget	1	413404
2067.105	0.8	NonTarget	1	413421
2067.185	0.8	NonTarget	1	413437
2067.27	0.8	NonTarget	1	413454
2067.35	0.8	NonTarget	1	413470
2067.435	0.8	NonTarget	1	413487
2067.52	0.8	NonTarget	1	413504
2067.6	0.8	NonTarget	1	413520
2067.685	0.8	NonTarget	1	413537
2067.77	0.8	NonTarget	1	413554
2067.855	0.8	NonTarget	1	413571
2067.935	0.8	NonTarget	1	413587
2068.02	0.8	NonTarget	1	413604
2068.105	0.8	NonTarget	1	413621
2068.185	0.8	NonTarget	1	413637
2068.27	0.8	NonTarget	1	413654
2068.355	0.8	NonTarget	1	413671
2068.435	0.8	NonTarget	1	413687
2068.52	0.8	NonTarget	1	413704
2068.605	0.8	NonTarget	1	413721
2068.685	0.8	NonTarget	1	413737
2068.77	0.8	Target	2	413754
2068.855	0.8	NonTarget	1	413771
2068.935	0.8	NonTarget	1	413787
2069.02	0.8	NonTarget	1	413804
2069.105	0.8	NonTarget	1	413821
2069.185	0.8	NonTarget	1	413837
2069.27	0.8	NonTarget	1	413854
2069.355	0.8	NonTarget	1	413871
2069.755	0.8	NonTarget	1	413951
2069.84	0.8	NonTarget	1	413968
2069.92	0.8	NonTarget	1	413984
2070.005	0.8	NonTarget	1	414001
2070.09	0.8	NonTarget	1	414018
2070.17	0.8	NonTarget	1	414034
2070.255	0.8	NonTarget	1	414051
2070.34	0.8	NonTarget	1	414068
2070.425	0.8	NonTarget	1	414085
2070.505	0.8	NonTarget	1	414101
2070.59	0.8	NonTarget	1	414118
2070.675	0.8	NonTarget	1	414135
2070.755	0.8	NonTarget	1	414151
2070.84	0.8	NonTarget	1	414168
2070.925	0.8	NonTarget	1	414185
2071.005	0.8	NonTarget	1	414201
2071.09	0.8	NonTarget	1	414218
2071.175	0.8	NonTarget	1	414235
2071.255	0.8	NonTarget	1	414251
2071.34	0.8	NonTarget	1	414268
2071.425	0.8	NonTarget	1	414285
2071.51	0.8	NonTarget	1	414302
2071.59	0.8	NonTarget	1	414318
2071.675	0.8	NonTarget	1	414335
2071.755	0.8	NonTarget	1	414351
2071.84	0.8	NonTarget	1	414368
2071.925	0.8	NonTarget	1	414385
2072.01	0.8	Target	2	414402
2072.095	0.8	NonTarget	1	414419
2072.175	0.8	NonTarget	1	414435
2072.575	0.8	NonTarget	1	414515
2072.66	0.8	NonTarget	1	414532
2072.745	0.8	NonTarget	1	414549
2072.825	0.8	NonTarget	1	414565
2072.91	0.8	NonTarget	1	414582
2072.995	0.8	NonTarget	1	414599
2073.075	0.8	NonTarget	1	414615
2073.16	0.8	Target	2	414632
2073.245	0.8	NonTarget	1	414649
2073.325	0.8	NonTarget	1	414665
2073.41	0.8	NonTarget	1	414682
2073.495	0.8	NonTarget	1	414699
2073.575	0.8	NonTarget	1	414715
2073.66	0.8	NonTarget	1	414732
2073.745	0.8	NonTarget	1	414749
2073.825	0.8	NonTarget	1	414765
2073.91	0.8	NonTarget	1	414782
2073.995	0.8	NonTarget	1	414799
2074.08	0.8	NonTarget	1	414816
2074.16	0.8	NonTarget	1	414832
2074.245	0.8	NonTarget	1	414849
2074.33	0.8	NonTarget	1	414866
2074.41	0.8	NonTarget	1	414882
2074.495	0.8	NonTarget	1	414899
2074.575	0.8	NonTarget	1	414915
2074.66	0.8	NonTarget	1	414932
2074.745	0.8	NonTarget	1	414949
2074.83	0.8	NonTarget	1	414966
2074.915	0.8	NonTarget	1	414983
2074.995	0.8	NonTarget	1	414999
2075.395	0.8	NonTarget	1	415079
2075.48	0.8	NonTarget	1	415096
2075.565	0.8	NonTarget	1	415113
2075.645	0.8	NonTarget	1	415129
2075.73	0.8	NonTarget	1	415146
2075.815	0.8	NonTarget	1	415163
2075.895	0.8	NonTarget	1	415179
2075.98	0.8	NonTarget	1	415196
2076.065	0.8	NonTarget	1	415213
2076.15	0.8	NonTarget	1	415230
2076.23	0.8	NonTarget	1	415246
2076.315	0.8	NonTarget	1	415263
2076.4	0.8	NonTarget	1	415280
2076.48	0.8	NonTarget	1	415296
2076.565	0.8	NonTarget	1	415313
2076.645	0.8	NonTarget	1	415329
2076.73	0.8	NonTarget	1	415346
2076.815	0.8	NonTarget	1	415363
2076.9	0.8	NonTarget	1	415380
2076.98	0.8	NonTarget	1	415396
2077.065	0.8	NonTarget	1	415413
2077.15	0.8	NonTarget	1	415430
2077.235	0.8	NonTarget	1	415447
2077.315	0.8	NonTarget	1	415463
2077.4	0.8	NonTarget	1	415480
2077.485	0.8	NonTarget	1	415497
2077.565	0.8	NonTarget	1	415513
2077.65	0.8	Target	2	415530
2077.735	0.8	NonTarget	1	415547
2077.815	0.8	NonTarget	1	415563
2078.215	0.8	NonTarget	1	415643
2078.3	0.8	NonTarget	1	415660
2078.385	0.8	Target	2	415677
2078.47	0.8	NonTarget	1	415694
2078.55	0.8	NonTarget	1	415710
2078.635	0.8	NonTarget	1	415727
2078.72	0.8	NonTarget	1	415744
2078.8	0.8	NonTarget	1	415760
2078.885	0.8	NonTarget	1	415777
2078.965	0.8	NonTarget	1	415793
2079.05	0.8	NonTarget	1	415810
2079.135	0.8	NonTarget	1	415827
2079.22	0.8	NonTarget	1	415844
2079.305	0.8	NonTarget	1	415861
2079.385	0.8	NonTarget	1	415877
2079.47	0.8	NonTarget	1	415894
2079.55	0.8	NonTarget	1	415910
2079.635	0.8	NonTarget	1	415927
2079.72	0.8	NonTarget	1	415944
2079.805	0.8	NonTarget	1	415961
2079.885	0.8	NonTarget	1	415977
2079.97	0.8	NonTarget	1	415994
2080.05	0.8	NonTarget	1	416010
2080.135	0.8	NonTarget	1	416027
2080.22	0.8	NonTarget	1	416044
2080.305	0.8	NonTarget	1	416061
2080.385	0.8	NonTarget	1	416077
2080.47	0.8	NonTarget	1	416094
2080.555	0.8	NonTarget	1	416111
2080.64	0.8	NonTarget	1	416128
2081.04	0.8	NonTarget	1	416208
2081.12	0.8	NonTarget	1	416224
2081.205	0.8	NonTarget	1	416241
2081.29	0.8	NonTarget	1	416258
2081.37	0.8	NonTarget	1	416274
2081.455	0.8	NonTarget	1	416291
2081.54	0.8	NonTarget	1	416308
2081.625	0.8	NonTarget	1	416325
2081.705	0.8	NonTarget	1	416341
2081.79	0.8	NonTarget	1	416358
2081.87	0.8	NonTarget	1	416374
2081.955	0.8	NonTarget	1	416391
2082.04	0.8	NonTarget	1	416408
2082.12	0.8	NonTarget	1	416424
2082.205	0.8	NonTarget	1	416441
2082.29	0.8	NonTarget	1	416458
2082.37	0.8	NonTarget	1	416474
2082.455	0.8	NonTarget	1	416491
2082.54	0.8	NonTarget	1	416508
2082.625	0.8	NonTarget	1	416525
2082.705	0.8	NonTarget	1	416541
2082.79	0.8	NonTarget	1	416558
2082.875	0.8	Target	2	416575
2082.955	0.8	NonTarget	1	416591
2083.04	0.8	NonTarget	1	416608
2083.125	0.8	NonTarget	1	416625
2083.21	0.8	NonTarget	1	416642
2083.295	0.8	NonTarget	1	416659
2083.375	0.8	NonTarget	1	416675
2083.46	0.8	NonTarget	1	416692
2083.86	0.8	NonTarget	1	416772
2083.945	0.8	NonTarget	1	416789
2084.025	0.8	NonTarget	1	416805
2084.11	0.8	NonTarget	1	416822
2084.195	0.8	NonTarget	1	416839
2084.275	0.8	NonTarget	1	416855
2084.36	0.8	NonTarget	1	416872
2084.44	0.8	Target	2	416888
2084.525	0.8	NonTarget	1	416905
2084.61	0.8	NonTarget	1	416922
2084.695	0.8	NonTarget	1	416939
2084.775	0.8	NonTarget	1	416955
2084.86	0.8	NonTarget	1	416972
2084.945	0.8	NonTarget	1	416989
2085.025	0.8	NonTarget	1	417005
2085.11	0.8	NonTarget	1	417022
2085.195	0.8	NonTarget	1	417039
2085.275	0.8	NonTarget	1	417055
2085.36	0.8	NonTarget	1	417072
2085.445	0.8	NonTarget	1	417089
2085.53	0.8	NonTarget	1	417106
2085.61	0.8	NonTarget	1	417122
2085.695	0.8	NonTarget	1	417139
2085.78	0.8	NonTarget	1	417156
2085.86	0.8	NonTarget	1	417172
2085.945	0.8	NonTarget	1	417189
2086.03	0.8	NonTarget	1	417206
2086.11	0.8	NonTarget	1	417222
2086.195	0.8	NonTarget	1	417239
2086.28	0.8	NonTarget	1	417256
2086.68	0.8	NonTarget	1	417336
2086.765	0.8	NonTarget	1	417353
2086.845	0.8	NonTarget	1	417369
2086.93	0.8	NonTarget	1	417386
2087.015	0.8	NonTarget	1	417403
2087.095	0.8	NonTarget	1	417419
2087.18	0.8	NonTarget	1	417436
2087.265	0.8	NonTarget	1	417453
2087.345	0.8	NonTarget	1	417469
2087.43	0.8	NonTarget	1	417486
2087.515	0.8	NonTarget	1	417503
2087.595	0.8	NonTarget	1	417519
2087.68	0.8	NonTarget	1	417536
2087.765	0.8	NonTarget	1	417553
2087.845	0.8	NonTarget	1	417569
2087.93	0.8	NonTarget	1	417586
2088.015	0.8	NonTarget	1	417603
2088.1	0.8	Target	2	417620
2088.18	0.8	NonTarget	1	417636
2088.265	0.8	NonTarget	1	417653
2088.35	0.8	NonTarget	1	417670
2088.43	0.8	NonTarget	1	417686
2088.515	0.8	NonTarget	1	417703
2088.6	0.8	NonTarget	1	417720
2088.685	0.8	NonTarget	1	417737
2088.765	0.8	NonTarget	1	417753
2088.85	0.8	NonTarget	1	417770
2088.935	0.8	NonTarget	1	417787
2089.015	0.8	NonTarget	1	417803
2089.1	0.8	NonTarget	1	417820
2098.15	0.8	NonTarget	1	419630
2098.23	0.8	NonTarget	1	419646
2098.31	0.8	NonTarget	1	419662
2098.395	0.8	NonTarget	1	419679
2098.48	0.8	NonTarget	1	419696
2098.565	0.8	NonTarget	1	419713
2098.645	0.8	NonTarget	1	419729
2098.73	0.8	NonTarget	1	419746
2098.815	0.8	NonTarget	1	419763
2098.9	0.8	Target	2	419780
2098.98	0.8	NonTarget	1	419796
2099.065	0.8	NonTarget	1	419813
2099.145	0.8	NonTarget	1	419829
2099.23	0.8	NonTarget	1	419846
2099.315	0.8	NonTarget	1	419863
2099.395	0.8	NonTarget	1	419879
2099.48	0.8	NonTarget	1	419896
2099.565	0.8	NonTarget	1	419913
2099.645	0.8	NonTarget	1	419929
2099.73	0.8	NonTarget	1	419946
2099.815	0.8	NonTarget	1	419963
2099.9	0.8	NonTarget	1	419980
2099.98	0.8	NonTarget	1	419996
2100.065	0.8	NonTarget	1	420013
2100.145	0.8	NonTarget	1	420029
2100.23	0.8	NonTarget	1	420046
2100.315	0.8	NonTarget	1	420063
2100.4	0.8	NonTarget	1	420080
2100.485	0.8	NonTarget	1	420097
2100.565	0.8	NonTarget	1	420113
2100.965	0.8	NonTarget	1	420193
2101.05	0.8	NonTarget	1	420210
2101.135	0.8	NonTarget	1	420227
2101.215	0.8	NonTarget	1	420243
2101.3	0.8	NonTarget	1	420260
2101.385	0.8	NonTarget	1	420277
2101.465	0.8	NonTarget	1	420293
2101.55	0.8	NonTarget	1	420310
2101.635	0.8	NonTarget	1	420327
2101.715	0.8	NonTarget	1	420343
2101.8	0.8	NonTarget	1	420360
2101.885	0.8	NonTarget	1	420377
2101.97	0.8	NonTarget	1	420394
2102.05	0.8	NonTarget	1	420410
2102.135	0.8	Target	2	420427
2102.22	0.8	NonTarget	1	420444
2102.3	0.8	NonTarget	1	420460
2102.385	0.8	NonTarget	1	420477
2102.47	0.8	NonTarget	1	420494
2102.55	0.8	NonTarget	1	420510
2102.635	0.8	NonTarget	1	420527
2102.72	0.8	NonTarget	1	420544
2102.8	0.8	NonTarget	1	420560
2102.885	0.8	NonTarget	1	420577
2102.97	0.8	NonTarget	1	420594
2103.055	0.8	NonTarget	1	420611
2103.135	0.8	NonTarget	1	420627
2103.22	0.8	NonTarget	1	420644
2103.305	0.8	NonTarget	1	420661
2103.385	0.8	NonTarget	1	420677
2103.785	0.8	NonTarget	1	420757
2103.87	0.8	NonTarget	1	420774
2103.955	0.8	NonTarget	1	420791
2104.035	0.8	NonTarget	1	420807
2104.12	0.8	Target	2	420824
2104.205	0.8	NonTarget	1	420841
2104.29	0.8	NonTarget	1	420858
2104.37	0.8	NonTarget	1	420874
2104.455	0.8	NonTarget	1	420891
2104.54	0.8	NonTarget	1	420908
2104.62	0.8	NonTarget	1	420924
2104.705	0.8	NonTarget	1	420941
2104.79	0.8	NonTarget	1	420958
2104.87	0.8	NonTarget	1	420974
2104.955	0.8	NonTarget	1	420991
2105.04	0.8	NonTarget	1	421008
2105.12	0.8	NonTarget	1	421024
2105.205	0.8	NonTarget	1	421041
2105.29	0.8	NonTarget	1	421058
2105.37	0.8	NonTarget	1	421074
2105.455	0.8	NonTarget	1	421091
2105.54	0.8	NonTarget	1	421108
2105.625	0.8	NonTarget	1	421125
2105.705	0.8	NonTarget	1	421141
2105.79	0.8	NonTarget	1	421158
2105.875	0.8	NonTarget	1	421175
2105.955	0.8	NonTarget	1	421191
2106.04	0.8	NonTarget	1	421208
2106.125	0.8	NonTarget	1	421225
2106.205	0.8	NonTarget	1	421241
2106.605	0.8	NonTarget	1	421321
2106.69	0.8	NonTarget	1	421338
2106.775	0.8	NonTarget	1	421355
2106.86	0.8	NonTarget	1	421372
2106.94	0.8	NonTarget	1	421388
2107.025	0.8	NonTarget	1	421405
2107.11	0.8	NonTarget	1	421422
2107.19	0.8	NonTarget	1	421438
2107.275	0.8	NonTarget	1	421455
2107.36	0.8	NonTarget	1	421472
2107.44	0.8	NonTarget	1	421488
2107.525	0.8	NonTarget	1	421505
2107.605	0.8	NonTarget	1	421521
2107.69	0.8	NonTarget	1	421538
2107.775	0.8	NonTarget	1	421555
2107.86	0.8	NonTarget	1	421572
2107.945	0.8	NonTarget	1	421589
2108.025	0.8	NonTarget	1	421605
2108.11	0.8	NonTarget	1	421622
2108.19	0.8	NonTarget	1	421638
2108.275	0.8	NonTarget	1	421655
2108.36	0.8	NonTarget	1	421672
2108.445	0.8	NonTarget	1	421689
2108.525	0.8	NonTarget	1	421705
2108.61	0.8	NonTarget	1	421722
2108.695	0.8	NonTarget	1	421739
2108.775	0.8	NonTarget	1	421755
2108.86	0.8	NonTarget	1	421772
2108.945	0.8	NonTarget	1	421789
2109.03	0.8	Target	2	421806
2109.425	0.8	NonTarget	1	421885
2109.51	0.8	NonTarget	1	421902
2109.595	0.8	NonTarget	1	421919
2109.68	0.8	NonTarget	1	421936
2109.76	0.8	NonTarget	1	421952
2109.845	0.8	NonTarget	1	421969
2109.93	0.8	NonTarget	1	421986
2110.01	0.8	NonTarget	1	422002
2110.095	0.8	NonTarget	1	422019
2110.18	0.8	NonTarget	1	422036
2110.265	0.8	NonTarget	1	422053
2110.345	0.8	NonTarget	1	422069
2110.43	0.8	NonTarget	1	422086
2110.515	0.8	NonTarget	1	422103
2110.595	0.8	NonTarget	1	422119
2110.68	0.8	NonTarget	1	422136
2110.765	0.8	NonTarget	1	422153
2110.845	0.8	NonTarget	1	422169
2110.93	0.8	NonTarget	1	422186
2111.015	0.8	NonTarget	1	422203
2111.095	0.8	NonTarget	1	422219
2111.18	0.8	NonTarget	1	422236
2111.265	0.8	NonTarget	1	422253
2111.35	0.8	NonTarget	1	422270
2111.43	0.8	NonTarget	1	422286
2111.515	0.8	NonTarget	1	422303
2111.6	0.8	NonTarget	1	422320
2111.685	0.8	NonTarget	1	422337
2111.765	0.8	NonTarget	1	422353
2111.85	0.8	Target	2	422370
2112.25	0.8	NonTarget	1	422450
2112.335	0.8	NonTarget	1	422467
2112.415	0.8	NonTarget	1	422483
2112.5	0.8	NonTarget	1	422500
2112.58	0.8	NonTarget	1	422516
2112.665	0.8	NonTarget	1	422533
2112.75	0.8	NonTarget	1	422550
2112.835	0.8	NonTarget	1	422567
2112.915	0.8	NonTarget	1	422583
2113.0	0.8	NonTarget	1	422600
2113.085	0.8	NonTarget	1	422617
2113.165	0.8	NonTarget	1	422633
2113.25	0.8	NonTarget	1	422650
2113.335	0.8	NonTarget	1	422667
2113.42	0.8	NonTarget	1	422684
2113.5	0.8	NonTarget	1	422700
2113.585	0.8	NonTarget	1	422717
2113.67	0.8	NonTarget	1	422734
2113.75	0.8	NonTarget	1	422750
2113.835	0.8	NonTarget	1	422767
2113.92	0.8	NonTarget	1	422784
2114.0	0.8	NonTarget	1	422800
2114.085	0.8	NonTarget	1	422817
2114.17	0.8	NonTarget	1	422834
2114.255	0.8	NonTarget	1	422851
2114.34	0.8	NonTarget	1	422868
2114.42	0.8	NonTarget	1	422884
2114.505	0.8	NonTarget	1	422901
2114.585	0.8	NonTarget	1	422917
2114.67	0.8	Target	2	422934
2115.07	0.8	NonTarget	1	423014
2115.155	0.8	NonTarget	1	423031
2115.24	0.8	NonTarget	1	423048
2115.32	0.8	NonTarget	1	423064
2115.405	0.8	Target	2	423081
2115.485	0.8	NonTarget	1	423097
2115.57	0.8	NonTarget	1	423114
2115.655	0.8	NonTarget	1	423131
2115.74	0.8	NonTarget	1	423148
2115.82	0.8	NonTarget	1	423164
2115.905	0.8	NonTarget	1	423181
2115.99	0.8	NonTarget	1	423198
2116.075	0.8	NonTarget	1	423215
2116.155	0.8	NonTarget	1	423231
2116.24	0.8	NonTarget	1	423248
2116.325	0.8	NonTarget	1	423265
2116.405	0.8	NonTarget	1	423281
2116.49	0.8	NonTarget	1	423298
2116.575	0.8	NonTarget	1	423315
2116.655	0.8	NonTarget	1	423331
2116.74	0.8	NonTarget	1	423348
2116.825	0.8	NonTarget	1	423365
2116.905	0.8	NonTarget	1	423381
2116.99	0.8	NonTarget	1	423398
2117.07	0.8	NonTarget	1	423414
2117.155	0.8	NonTarget	1	423431
2117.24	0.8	NonTarget	1	423448
2117.32	0.8	NonTarget	1	423464
2117.405	0.8	NonTarget	1	423481
2117.49	0.8	NonTarget	1	423498
2117.89	0.8	NonTarget	1	423578
2117.975	0.8	NonTarget	1	423595
2118.055	0.8	NonTarget	1	423611
2118.14	0.8	NonTarget	1	423628
2118.225	0.8	NonTarget	1	423645
2118.31	0.8	NonTarget	1	423662
2118.39	0.8	NonTarget	1	423678
2118.475	0.8	NonTarget	1	423695
2118.56	0.8	NonTarget	1	423712
2118.64	0.8	NonTarget	1	423728
2118.725	0.8	NonTarget	1	423745
2118.81	0.8	NonTarget	1	423762
2118.895	0.8	NonTarget	1	423779
2118.975	0.8	NonTarget	1	423795
2119.06	0.8	NonTarget	1	423812
2119.145	0.8	NonTarget	1	423829
2119.225	0.8	NonTarget	1	423845
2119.31	0.8	NonTarget	1	423862
2119.395	0.8	NonTarget	1	423879
2119.475	0.8	Target	2	423895
2119.56	0.8	NonTarget	1	423912
2119.645	0.8	NonTarget	1	423929
2119.725	0.8	NonTarget	1	423945
2119.81	0.8	NonTarget	1	423962
2119.895	0.8	NonTarget	1	423979
2119.98	0.8	NonTarget	1	423996
2120.06	0.8	NonTarget	1	424012
2120.145	0.8	NonTarget	1	424029
2120.23	0.8	NonTarget	1	424046
2120.31	0.8	NonTarget	1	424062
2120.71	0.8	NonTarget	1	424142
2120.795	0.8	NonTarget	1	424159
2120.88	0.8	NonTarget	1	424176
2120.96	0.8	NonTarget	1	424192
2121.045	0.8	NonTarget	1	424209
2121.13	0.8	NonTarget	1	424226
2121.21	0.8	NonTarget	1	424242
2121.295	0.8	NonTarget	1	424259
2121.38	0.8	NonTarget	1	424276
2121.465	0.8	Target	2	424293
2121.545	0.8	NonTarget	1	424309
2121.63	0.8	NonTarget	1	424326
2121.71	0.8	NonTarget	1	424342
2121.795	0.8	NonTarget	1	424359
2121.88	0.8	NonTarget	1	424376
2121.965	0.8	NonTarget	1	424393
2122.045	0.8	NonTarget	1	424409
2122.13	0.8	NonTarget	1	424426
2122.215	0.8	NonTarget	1	424443
2122.295	0.8	NonTarget	1	424459
2122.38	0.8	NonTarget	1	424476
2122.465	0.8	NonTarget	1	424493
2122.545	0.8	NonTarget	1	424509
2122.63	0.8	NonTarget	1	424526
2122.715	0.8	NonTarget	1	424543
2122.795	0.8	NonTarget	1	424559
2122.88	0.8	NonTarget	1	424576
2122.965	0.8	NonTarget	1	424593
2123.05	0.8	NonTarget	1	424610
2123.13	0.8	NonTarget	1	424626
2123.53	0.8	NonTarget	1	424706
2123.615	0.8	NonTarget	1	424723
2123.7	0.8	NonTarget	1	424740
2123.785	0.8	NonTarget	1	424757
2123.865	0.8	NonTarget	1	424773
2123.95	0.8	NonTarget	1	424790
2124.03	0.8	NonTarget	1	424806
2124.115	0.8	NonTarget	1	424823
2124.2	0.8	NonTarget	1	424840
2124.285	0.8	Target	2	424857
2124.365	0.8	NonTarget	1	424873
2124.45	0.8	NonTarget	1	424890
2124.535	0.8	NonTarget	1	424907
2124.615	0.8	NonTarget	1	424923
2124.7	0.8	NonTarget	1	424940
2124.785	0.8	NonTarget	1	424957
2124.865	0.8	NonTarget	1	424973
2124.955	0.8	NonTarget	1	424991
2125.035	0.8	NonTarget	1	425007
2125.12	0.8	NonTarget	1	425024
2125.2	0.8	NonTarget	1	425040
2125.285	0.8	NonTarget	1	425057
2125.37	0.8	NonTarget	1	425074
2125.45	0.8	NonTarget	1	425090
2125.535	0.8	NonTarget	1	425107
2125.62	0.8	NonTarget	1	425124
2125.705	0.8	NonTarget	1	425141
2125.785	0.8	NonTarget	1	425157
2125.87	0.8	NonTarget	1	425174
2125.95	0.8	NonTarget	1	425190
2134.985	0.8	NonTarget	1	426997
2135.065	0.8	NonTarget	1	427013
2135.15	0.8	NonTarget	1	427030
2135.23	0.8	NonTarget	1	427046
2135.315	0.8	NonTarget	1	427063
2135.4	0.8	NonTarget	1	427080
2135.48	0.8	NonTarget	1	427096
2135.565	0.8	NonTarget	1	427113
2135.65	0.8	NonTarget	1	427130
2135.735	0.8	NonTarget	1	427147
2135.815	0.8	NonTarget	1	427163
2135.9	0.8	NonTarget	1	427180
2135.985	0.8	NonTarget	1	427197
2136.065	0.8	NonTarget	1	427213
2136.15	0.8	NonTarget	1	427230
2136.23	0.8	NonTarget	1	427246
2136.315	0.8	NonTarget	1	427263
2136.4	0.8	NonTarget	1	427280
2136.485	0.8	Target	2	427297
2136.57	0.8	NonTarget	1	427314
2136.65	0.8	NonTarget	1	427330
2136.735	0.8	NonTarget	1	427347
2136.815	0.8	NonTarget	1	427363
2136.9	0.8	NonTarget	1	427380
2136.985	0.8	NonTarget	1	427397
2137.07	0.8	NonTarget	1	427414
2137.15	0.8	NonTarget	1	427430
2137.235	0.8	NonTarget	1	427447
2137.32	0.8	NonTarget	1	427464
2137.4	0.8	NonTarget	1	427480
2137.8	0.8	NonTarget	1	427560
2137.885	0.8	NonTarget	1	427577
2137.97	0.8	NonTarget	1	427594
2138.055	0.8	NonTarget	1	427611
2138.135	0.8	NonTarget	1	427627
2138.22	0.8	NonTarget	1	427644
2138.305	0.8	NonTarget	1	427661
2138.385	0.8	NonTarget	1	427677
2138.47	0.8	NonTarget	1	427694
2138.555	0.8	NonTarget	1	427711
2138.635	0.8	NonTarget	1	427727
2138.72	0.8	NonTarget	1	427744
2138.805	0.8	NonTarget	1	427761
2138.885	0.8	NonTarget	1	427777
2138.97	0.8	NonTarget	1	427794
2139.055	0.8	NonTarget	1	427811
2139.135	0.8	NonTarget	1	427827
2139.22	0.8	NonTarget	1	427844
2139.305	0.8	NonTarget	1	427861
2139.39	0.8	NonTarget	1	427878
2139.47	0.8	NonTarget	1	427894
2139.555	0.8	NonTarget	1	427911
2139.64	0.8	NonTarget	1	427928
2139.72	0.8	Target	2	427944
2139.805	0.8	NonTarget	1	427961
2139.89	0.8	NonTarget	1	427978
2139.97	0.8	NonTarget	1	427994
2140.055	0.8	NonTarget	1	428011
2140.14	0.8	NonTarget	1	428028
2140.22	0.8	NonTarget	1	428044
2140.62	0.8	NonTarget	1	428124
2140.705	0.8	NonTarget	1	428141
2140.79	0.8	NonTarget	1	428158
2140.875	0.8	NonTarget	1	428175
2140.96	0.8	NonTarget	1	428192
2141.04	0.8	NonTarget	1	428208
2141.125	0.8	NonTarget	1	428225
2141.205	0.8	NonTarget	1	428241
2141.29	0.8	NonTarget	1	428258
2141.375	0.8	NonTarget	1	428275
2141.46	0.8	NonTarget	1	428292
2141.54	0.8	NonTarget	1	428308
2141.625	0.8	NonTarget	1	428325
2141.705	0.8	NonTarget	1	428341
2141.79	0.8	NonTarget	1	428358
2141.875	0.8	NonTarget	1	428375
2141.96	0.8	NonTarget	1	428392
2142.04	0.8	NonTarget	1	428408
2142.125	0.8	NonTarget	1	428425
2142.21	0.8	NonTarget	1	428442
2142.29	0.8	NonTarget	1	428458
2142.375	0.8	NonTarget	1	428475
2142.46	0.8	NonTarget	1	428492
2142.545	0.8	Target	2	428509
2142.625	0.8	NonTarget	1	428525
2142.71	0.8	NonTarget	1	428542
2142.79	0.8	NonTarget	1	428558
2142.875	0.8	NonTarget	1	428575
2142.96	0.8	NonTarget	1	428592
2143.045	0.8	NonTarget	1	428609
2143.445	0.8	NonTarget	1	428689
2143.525	0.8	NonTarget	1	428705
2143.61	0.8	NonTarget	1	428722
2143.695	0.8	NonTarget	1	428739
2143.78	0.8	NonTarget	1	428756
2143.86	0.8	NonTarget	1	428772
2143.945	0.8	NonTarget	1	428789
2144.03	0.8	NonTarget	1	428806
2144.11	0.8	NonTarget	1	428822
2144.195	0.8	NonTarget	1	428839
2144.28	0.8	NonTarget	1	428856
2144.36	0.8	NonTarget	1	428872
2144.445	0.8	NonTarget	1	428889
2144.53	0.8	Target	2	428906
2144.61	0.8	NonTarget	1	428922
2144.695	0.8	NonTarget	1	428939
2144.78	0.8	NonTarget	1	428956
2144.86	0.8	NonTarget	1	428972
2144.945	0.8	NonTarget	1	428989
2145.03	0.8	NonTarget	1	429006
2145.11	0.8	NonTarget	1	429022
2145.195	0.8	NonTarget	1	429039
2145.28	0.8	NonTarget	1	429056
2145.365	0.8	NonTarget	1	429073
2145.445	0.8	NonTarget	1	429089
2145.53	0.8	NonTarget	1	429106
2145.615	0.8	NonTarget	1	429123
2145.695	0.8	NonTarget	1	429139
2145.78	0.8	NonTarget	1	429156
2145.865	0.8	NonTarget	1	429173
2146.265	0.8	NonTarget	1	429253
2146.35	0.8	NonTarget	1	429270
2146.43	0.8	NonTarget	1	429286
2146.515	0.8	NonTarget	1	429303
2146.6	0.8	NonTarget	1	429320
2146.68	0.8	NonTarget	1	429336
2146.765	0.8	NonTarget	1	429353
2146.85	0.8	NonTarget	1	429370
2146.93	0.8	NonTarget	1	429386
2147.015	0.8	NonTarget	1	429403
2147.1	0.8	NonTarget	1	429420
2147.18	0.8	NonTarget	1	429436
2147.265	0.8	NonTarget	1	429453
2147.35	0.8	NonTarget	1	429470
2147.43	0.8	NonTarget	1	429486
2147.515	0.8	NonTarget	1	429503
2147.6	0.8	NonTarget	1	429520
2147.685	0.8	NonTarget	1	429537
2147.765	0.8	NonTarget	1	429553
2147.85	0.8	NonTarget	1	429570
2147.935	0.8	NonTarget	1	429587
2148.015	0.8	NonTarget	1	429603
2148.1	0.8	NonTarget	1	429620
2148.185	0.8	Target	2	429637
2148.265	0.8	NonTarget	1	429653
2148.35	0.8	NonTarget	1	429670
2148.435	0.8	NonTarget	1	429687
2148.52	0.8	NonTarget	1	429704
2148.6	0.8	NonTarget	1	429720
2148.685	0.8	NonTarget	1	429737
2149.085	0.8	NonTarget	1	429817
2149.17	0.8	NonTarget	1	429834
2149.25	0.8	NonTarget	1	429850
2149.335	0.8	Target	2	429867
2149.42	0.8	NonTarget	1	429884
2149.5	0.8	NonTarget	1	429900
2149.585	0.8	NonTarget	1	429917
2149.67	0.8	NonTarget	1	429934
2149.755	0.8	NonTarget	1	429951
2149.835	0.8	NonTarget	1	429967
2149.92	0.8	NonTarget	1	429984
2150.0	0.8	NonTarget	1	430000
2150.085	0.8	NonTarget	1	430017
2150.17	0.8	NonTarget	1	430034
2150.255	0.8	NonTarget	1	430051
2150.335	0.8	NonTarget	1	430067
2150.42	0.8	NonTarget	1	430084
2150.505	0.8	NonTarget	1	430101
2150.59	0.8	NonTarget	1	430118
2150.67	0.8	NonTarget	1	430134
2150.755	0.8	NonTarget	1	430151
2150.835	0.8	NonTarget	1	430167
2150.92	0.8	NonTarget	1	430184
2151.005	0.8	NonTarget	1	430201
2151.09	0.8	NonTarget	1	430218
2151.17	0.8	NonTarget	1	430234
2151.255	0.8	NonTarget	1	430251
2151.34	0.8	NonTarget	1	430268
2151.42	0.8	NonTarget	1	430284
2151.505	0.8	NonTarget	1	430301
2151.905	0.8	NonTarget	1	430381
2151.99	0.8	NonTarget	1	430398
2152.075	0.8	NonTarget	1	430415
2152.155	0.8	NonTarget	1	430431
2152.24	0.8	NonTarget	1	430448
2152.32	0.8	NonTarget	1	430464
2152.405	0.8	NonTarget	1	430481
2152.49	0.8	NonTarget	1	430498
2152.575	0.8	NonTarget	1	430515
2152.655	0.8	NonTarget	1	430531
2152.74	0.8	NonTarget	1	430548
2152.825	0.8	NonTarget	1	430565
2152.905	0.8	NonTarget	1	430581
2152.99	0.8	NonTarget	1	430598
2153.075	0.8	NonTarget	1	430615
2153.155	0.8	NonTarget	1	430631
2153.24	0.8	NonTarget	1	430648
2153.325	0.8	NonTarget	1	430665
2153.41	0.8	NonTarget	1	430682
2153.49	0.8	NonTarget	1	430698
2153.575	0.8	NonTarget	1	430715
2153.66	0.8	NonTarget	1	430732
2153.74	0.8	NonTarget	1	430748
2153.825	0.8	NonTarget	1	430765
2153.91	0.8	NonTarget	1	430782
2153.995	0.8	NonTarget	1	430799
2154.075	0.8	NonTarget	1	430815
2154.16	0.8	NonTarget	1	430832
2154.245	0.8	Target	2	430849
2154.325	0.8	NonTarget	1	430865
2154.725	0.8	NonTarget	1	430945
2154.81	0.8	NonTarget	1	430962
2154.895	0.8	NonTarget	1	430979
2154.98	0.8	Target	2	430996
2155.06	0.8	NonTarget	1	431012
2155.14	0.8	NonTarget	1	431028
2155.23	0.8	NonTarget	1	431046
2155.31	0.8	NonTarget	1	431062
2155.395	0.8	NonTarget	1	431079
2155.48	0.8	NonTarget	1	431096
2155.56	0.8	NonTarget	1	431112
2155.645	0.8	NonTarget	1	431129
2155.725	0.8	NonTarget	1	431145
2155.81	0.8	NonTarget	1	431162
2155.895	0.8	NonTarget	1	431179
2155.98	0.8	NonTarget	1	431196
2156.06	0.8	NonTarget	1	431212
2156.145	0.8	NonTarget	1	431229
2156.23	0.8	NonTarget	1	431246
2156.31	0.8	NonTarget	1	431262
2156.395	0.8	NonTarget	1	431279
2156.48	0.8	NonTarget	1	431296
2156.56	0.8	NonTarget	1	431312
2156.645	0.8	NonTarget	1	431329
2156.73	0.8	NonTarget	1	431346
2156.815	0.8	NonTarget	1	431363
2156.895	0.8	NonTarget	1	431379
2156.98	0.8	NonTarget	1	431396
2157.065	0.8	NonTarget	1	431413
2157.145	0.8	NonTarget	1	431429
2157.545	0.8	NonTarget	1	431509
2157.63	0.8	NonTarget	1	431526
2157.715	0.8	NonTarget	1	431543
2157.795	0.8	NonTarget	1	431559
2157.88	0.8	NonTarget	1	431576
2157.965	0.8	NonTarget	1	431593
2158.045	0.8	NonTarget	1	431609
2158.13	0.8	NonTarget	1	431626
2158.215	0.8	Target	2	431643
2158.3	0.8	NonTarget	1	431660
2158.38	0.8	NonTarget	1	431676
2158.465	0.8	NonTarget	1	431693
2158.55	0.8	NonTarget	1	431710
2158.63	0.8	NonTarget	1	431726
2158.715	0.8	NonTarget	1	431743
2158.8	0.8	NonTarget	1	431760
2158.88	0.8	NonTarget	1	431776
2158.965	0.8	NonTarget	1	431793
2159.05	0.8	NonTarget	1	431810
2159.13	0.8	NonTarget	1	431826
2159.215	0.8	NonTarget	1	431843
2159.3	0.8	NonTarget	1	431860
2159.385	0.8	NonTarget	1	431877
2159.465	0.8	NonTarget	1	431893
2159.55	0.8	NonTarget	1	431910
2159.635	0.8	NonTarget	1	431927
2159.715	0.8	NonTarget	1	431943
2159.8	0.8	NonTarget	1	431960
2159.885	0.8	NonTarget	1	431977
2159.965	0.8	NonTarget	1	431993
2160.365	0.8	NonTarget	1	432073
2160.45	0.8	NonTarget	1	432090
2160.535	0.8	NonTarget	1	432107
2160.62	0.8	NonTarget	1	432124
2160.7	0.8	NonTarget	1	432140
2160.785	0.8	NonTarget	1	432157
2160.87	0.8	NonTarget	1	432174
2160.95	0.8	NonTarget	1	432190
2161.035	0.8	NonTarget	1	432207
2161.12	0.8	NonTarget	1	432224
2161.2	0.8	NonTarget	1	432240
2161.285	0.8	NonTarget	1	432257
2161.37	0.8	NonTarget	1	432274
2161.455	0.8	NonTarget	1	432291
2161.535	0.8	NonTarget	1	432307
2161.62	0.8	NonTarget	1	432324
2161.705	0.8	NonTarget	1	432341
2161.785	0.8	NonTarget	1	432357
2161.87	0.8	NonTarget	1	432374
2161.955	0.8	NonTarget	1	432391
2162.035	0.8	NonTarget	1	432407
2162.12	0.8	NonTarget	1	432424
2162.205	0.8	NonTarget	1	432441
2162.285	0.8	NonTarget	1	432457
2162.37	0.8	NonTarget	1	432474
2162.455	0.8	NonTarget	1	432491
2162.535	0.8	NonTarget	1	432507
2162.62	0.8	NonTarget	1	432524
2162.705	0.8	Target	2	432541
2162.785	0.8	NonTarget	1	432557
2171.85	0.8	NonTarget	1	434370
2171.935	0.8	NonTarget	1	434387
2172.02	0.8	NonTarget	1	434404
2172.1	0.8	NonTarget	1	434420
2172.185	0.8	NonTarget	1	434437
2172.27	0.8	NonTarget	1	434454
2172.35	0.8	NonTarget	1	434470
2172.435	0.8	NonTarget	1	434487
2172.52	0.8	NonTarget	1	434504
2172.6	0.8	NonTarget	1	434520
2172.685	0.8	NonTarget	1	434537
2172.77	0.8	NonTarget	1	434554
2172.85	0.8	NonTarget	1	434570
2172.935	0.8	NonTarget	1	434587
2173.02	0.8	NonTarget	1	434604
2173.1	0.8	NonTarget	1	434620
2173.185	0.8	NonTarget	1	434637
2173.27	0.8	NonTarget	1	434654
2173.35	0.8	NonTarget	1	434670
2173.435	0.8	NonTarget	1	434687
2173.52	0.8	NonTarget	1	434704
2173.6	0.8	NonTarget	1	434720
2173.685	0.8	NonTarget	1	434737
2173.77	0.8	NonTarget	1	434754
2173.855	0.8	NonTarget	1	434771
2173.935	0.8	NonTarget	1	434787
2174.02	0.8	NonTarget	1	434804
2174.105	0.8	Target	2	434821
2174.19	0.8	NonTarget	1	434838
2174.27	0.8	NonTarget	1	434854
2174.67	0.8	NonTarget	1	434934
2174.755	0.8	NonTarget	1	434951
2174.84	0.8	NonTarget	1	434968
2174.92	0.8	NonTarget	1	434984
2175.005	0.8	NonTarget	1	435001
2175.09	0.8	NonTarget	1	435018
2175.17	0.8	NonTarget	1	435034
2175.255	0.8	Target	2	435051
2175.34	0.8	NonTarget	1	435068
2175.42	0.8	NonTarget	1	435084
2175.505	0.8	NonTarget	1	435101
2175.59	0.8	NonTarget	1	435118
2175.675	0.8	NonTarget	1	435135
2175.755	0.8	NonTarget	1	435151
2175.84	0.8	NonTarget	1	435168
2175.925	0.8	NonTarget	1	435185
2176.005	0.8	NonTarget	1	435201
2176.09	0.8	NonTarget	1	435218
2176.175	0.8	NonTarget	1	435235
2176.255	0.8	NonTarget	1	435251
2176.34	0.8	NonTarget	1	435268
2176.425	0.8	NonTarget	1	435285
2176.505	0.8	NonTarget	1	435301
2176.59	0.8	NonTarget	1	435318
2176.675	0.8	NonTarget	1	435335
2176.755	0.8	NonTarget	1	435351
2176.84	0.8	NonTarget	1	435368
2176.925	0.8	NonTarget	1	435385
2177.01	0.8	NonTarget	1	435402
2177.09	0.8	NonTarget	1	435418
2177.49	0.8	NonTarget	1	435498
2177.575	0.8	NonTarget	1	435515
2177.66	0.8	NonTarget	1	435532
2177.74	0.8	NonTarget	1	435548
2177.825	0.8	NonTarget	1	435565
2177.91	0.8	NonTarget	1	435582
2177.99	0.8	NonTarget	1	435598
2178.075	0.8	NonTarget	1	435615
2178.16	0.8	NonTarget	1	435632
2178.245	0.8	NonTarget	1	435649
2178.325	0.8	NonTarget	1	435665
2178.41	0.8	NonTarget	1	435682
2178.495	0.8	NonTarget	1	435699
2178.575	0.8	NonTarget	1	435715
2178.66	0.8	NonTarget	1	435732
2178.745	0.8	NonTarget	1	435749
2178.825	0.8	NonTarget	1	435765
2178.91	0.8	Target	2	435782
2178.995	0.8	NonTarget	1	435799
2179.075	0.8	NonTarget	1	435815
2179.16	0.8	NonTarget	1	435832
2179.245	0.8	NonTarget	1	435849
2179.325	0.8	NonTarget	1	435865
2179.41	0.8	NonTarget	1	435882
2179.495	0.8	NonTarget	1	435899
2179.58	0.8	NonTarget	1	435916
2179.66	0.8	NonTarget	1	435932
2179.745	0.8	NonTarget	1	435949
2179.83	0.8	NonTarget	1	435966
2179.915	0.8	NonTarget	1	435983
2180.31	0.8	NonTarget	1	436062
2180.395	0.8	NonTarget	1	436079
2180.48	0.8	NonTarget	1	436096
2180.565	0.8	NonTarget	1	436113
2180.645	0.8	NonTarget	1	436129
2180.73	0.8	NonTarget	1	436146
2180.815	0.8	NonTarget	1	436163
2180.9	0.8	NonTarget	1	436180
2180.98	0.8	NonTarget	1	436196
2181.065	0.8	NonTarget	1	436213
2181.15	0.8	NonTarget	1	436230
2181.23	0.8	NonTarget	1	436246
2181.315	0.8	NonTarget	1	436263
2181.395	0.8	NonTarget	1	436279
2181.48	0.8	NonTarget	1	436296
2181.565	0.8	NonTarget	1	436313
2181.65	0.8	NonTarget	1	436330
2181.73	0.8	Target	2	436346
2181.815	0.8	NonTarget	1	436363
2181.9	0.8	NonTarget	1	436380
2181.98	0.8	NonTarget	1	436396
2182.065	0.8	NonTarget	1	436413
2182.15	0.8	NonTarget	1	436430
2182.235	0.8	NonTarget	1	436447
2182.315	0.8	NonTarget	1	436463
2182.4	0.8	NonTarget	1	436480
2182.48	0.8	NonTarget	1	436496
2182.565	0.8	NonTarget	1	436513
2182.65	0.8	NonTarget	1	436530
2182.73	0.8	NonTarget	1	436546
2183.135	0.8	NonTarget	1	436627
2183.215	0.8	NonTarget	1	436643
2183.3	0.8	Target	2	436660
2183.385	0.8	NonTarget	1	436677
2183.465	0.8	NonTarget	1	436693
2183.55	0.8	NonTarget	1	436710
2183.635	0.8	NonTarget	1	436727
2183.715	0.8	NonTarget	1	436743
2183.8	0.8	NonTarget	1	436760
2183.885	0.8	NonTarget	1	436777
2183.97	0.8	NonTarget	1	436794
2184.05	0.8	NonTarget	1	436810
2184.135	0.8	NonTarget	1	436827
2184.22	0.8	NonTarget	1	436844
2184.3	0.8	NonTarget	1	436860
2184.385	0.8	NonTarget	1	436877
2184.47	0.8	NonTarget	1	436894
2184.555	0.8	NonTarget	1	436911
2184.635	0.8	NonTarget	1	436927
2184.72	0.8	NonTarget	1	436944
2184.8	0.8	NonTarget	1	436960
2184.885	0.8	NonTarget	1	436977
2184.97	0.8	NonTarget	1	436994
2185.055	0.8	NonTarget	1	437011
2185.135	0.8	NonTarget	1	437027
2185.22	0.8	NonTarget	1	437044
2185.305	0.8	NonTarget	1	437061
2185.385	0.8	NonTarget	1	437077
2185.47	0.8	NonTarget	1	437094
2185.555	0.8	NonTarget	1	437111
2185.955	0.8	NonTarget	1	437191
2186.04	0.8	NonTarget	1	437208
2186.12	0.8	NonTarget	1	437224
2186.205	0.8	NonTarget	1	437241
2186.285	0.8	NonTarget	1	437257
2186.37	0.8	NonTarget	1	437274
2186.455	0.8	NonTarget	1	437291
2186.54	0.8	NonTarget	1	437308
2186.62	0.8	NonTarget	1	437324
2186.705	0.8	NonTarget	1	437341
2186.79	0.8	NonTarget	1	437358
2186.87	0.8	NonTarget	1	437374
2186.955	0.8	NonTarget	1	437391
2187.04	0.8	NonTarget	1	437408
2187.12	0.8	NonTarget	1	437424
2187.205	0.8	NonTarget	1	437441
2187.29	0.8	NonTarget	1	437458
2187.37	0.8	NonTarget	1	437474
2187.455	0.8	NonTarget	1	437491
2187.54	0.8	NonTarget	1	437508
2187.625	0.8	NonTarget	1	437525
2187.705	0.8	NonTarget	1	437541
2187.79	0.8	NonTarget	1	437558
2187.875	0.8	NonTarget	1	437575
2187.955	0.8	NonTarget	1	437591
2188.04	0.8	NonTarget	1	437608
2188.125	0.8	NonTarget	1	437625
2188.205	0.8	Target	2	437641
2188.29	0.8	NonTarget	1	437658
2188.375	0.8	NonTarget	1	437675
2188.775	0.8	NonTarget	1	437755
2188.86	0.8	NonTarget	1	437772
2188.94	0.8	Target	2	437788
2189.025	0.8	NonTarget	1	437805
2189.105	0.8	NonTarget	1	437821
2189.19	0.8	NonTarget	1	437838
2189.275	0.8	NonTarget	1	437855
2189.36	0.8	NonTarget	1	437872
2189.445	0.8	NonTarget	1	437889
2189.525	0.8	NonTarget	1	437905
2189.61	0.8	NonTarget	1	437922
2189.695	0.8	NonTarget	1	437939
2189.775	0.8	NonTarget	1	437955
2189.86	0.8	NonTarget	1	437972
2189.945	0.8	NonTarget	1	437989
2190.025	0.8	NonTarget	1	438005
2190.11	0.8	NonTarget	1	438022
2190.195	0.8	NonTarget	1	438039
2190.275	0.8	NonTarget	1	438055
2190.36	0.8	NonTarget	1	438072
2190.445	0.8	NonTarget	1	438089
2190.525	0.8	NonTarget	1	438105
2190.61	0.8	NonTarget	1	438122
2190.695	0.8	NonTarget	1	438139
2190.775	0.8	NonTarget	1	438155
2190.86	0.8	NonTarget	1	438172
2190.945	0.8	NonTarget	1	438189
2191.03	0.8	NonTarget	1	438206
2191.11	0.8	NonTarget	1	438222
2191.195	0.8	NonTarget	1	438239
2191.595	0.8	NonTarget	1	438319
2191.68	0.8	NonTarget	1	438336
2191.765	0.8	NonTarget	1	438353
2191.845	0.8	NonTarget	1	438369
2191.93	0.8	NonTarget	1	438386
2192.01	0.8	NonTarget	1	438402
2192.095	0.8	NonTarget	1	438419
2192.18	0.8	Target	2	438436
2192.265	0.8	NonTarget	1	438453
2192.345	0.8	NonTarget	1	438469
2192.43	0.8	NonTarget	1	438486
2192.515	0.8	NonTarget	1	438503
2192.595	0.8	NonTarget	1	438519
2192.68	0.8	NonTarget	1	438536
2192.765	0.8	NonTarget	1	438553
2192.845	0.8	NonTarget	1	438569
2192.93	0.8	NonTarget	1	438586
2193.015	0.8	NonTarget	1	438603
2193.095	0.8	NonTarget	1	438619
2193.18	0.8	NonTarget	1	438636
2193.265	0.8	NonTarget	1	438653
2193.345	0.8	NonTarget	1	438669
2193.43	0.8	NonTarget	1	438686
2193.515	0.8	NonTarget	1	438703
2193.6	0.8	NonTarget	1	438720
2193.68	0.8	NonTarget	1	438736
2193.765	0.8	NonTarget	1	438753
2193.85	0.8	NonTarget	1	438770
2193.93	0.8	NonTarget	1	438786
2194.015	0.8	NonTarget	1	438803
2194.415	0.8	NonTarget	1	438883
2194.5	0.8	NonTarget	1	438900
2194.58	0.8	NonTarget	1	438916
2194.665	0.8	NonTarget	1	438933
2194.75	0.8	NonTarget	1	438950
2194.835	0.8	NonTarget	1	438967
2194.915	0.8	NonTarget	1	438983
2195.0	0.8	NonTarget	1	439000
2195.085	0.8	NonTarget	1	439017
2195.17	0.8	NonTarget	1	439034
2195.25	0.8	NonTarget	1	439050
2195.335	0.8	NonTarget	1	439067
2195.42	0.8	NonTarget	1	439084
2195.5	0.8	NonTarget	1	439100
2195.585	0.8	NonTarget	1	439117
2195.67	0.8	NonTarget	1	439134
2195.75	0.8	NonTarget	1	439150
2195.835	0.8	Target	2	439167
2195.915	0.8	NonTarget	1	439183
2196.0	0.8	NonTarget	1	439200
2196.085	0.8	NonTarget	1	439217
2196.17	0.8	NonTarget	1	439234
2196.255	0.8	NonTarget	1	439251
2196.335	0.8	NonTarget	1	439267
2196.42	0.8	NonTarget	1	439284
2196.5	0.8	NonTarget	1	439300
2196.585	0.8	NonTarget	1	439317
2196.67	0.8	NonTarget	1	439334
2196.75	0.8	NonTarget	1	439350
2196.835	0.8	NonTarget	1	439367
2197.235	0.8	NonTarget	1	439447
2197.32	0.8	NonTarget	1	439464
2197.4	0.8	Target	2	439480
2197.485	0.8	NonTarget	1	439497
2197.57	0.8	NonTarget	1	439514
2197.655	0.8	NonTarget	1	439531
2197.735	0.8	NonTarget	1	439547
2197.82	0.8	NonTarget	1	439564
2197.905	0.8	NonTarget	1	439581
2197.99	0.8	NonTarget	1	439598
2198.07	0.8	NonTarget	1	439614
2198.155	0.8	NonTarget	1	439631
2198.235	0.8	NonTarget	1	439647
2198.325	0.8	NonTarget	1	439665
2198.405	0.8	NonTarget	1	439681
2198.49	0.8	NonTarget	1	439698
2198.57	0.8	NonTarget	1	439714
2198.655	0.8	NonTarget	1	439731
2198.74	0.8	NonTarget	1	439748
2198.825	0.8	NonTarget	1	439765
2198.905	0.8	NonTarget	1	439781
2198.99	0.8	NonTarget	1	439798
2199.075	0.8	NonTarget	1	439815
2199.155	0.8	NonTarget	1	439831
2199.24	0.8	NonTarget	1	439848
2199.32	0.8	NonTarget	1	439864
2199.405	0.8	NonTarget	1	439881
2199.49	0.8	NonTarget	1	439898
2199.575	0.8	NonTarget	1	439915
2199.655	0.8	NonTarget	1	439931
2208.675	0.8	NonTarget	1	441735
2208.755	0.8	NonTarget	1	441751
2208.835	0.8	NonTarget	1	441767
2208.92	0.8	NonTarget	1	441784
2209.005	0.8	NonTarget	1	441801
2209.085	0.8	NonTarget	1	441817
2209.17	0.8	NonTarget	1	441834
2209.255	0.8	NonTarget	1	441851
2209.335	0.8	NonTarget	1	441867
2209.42	0.8	NonTarget	1	441884
2209.505	0.8	NonTarget	1	441901
2209.59	0.8	NonTarget	1	441918
2209.67	0.8	NonTarget	1	441934
2209.755	0.8	NonTarget	1	441951
2209.835	0.8	NonTarget	1	441967
2209.92	0.8	NonTarget	1	441984
2210.005	0.8	NonTarget	1	442001
2210.085	0.8	NonTarget	1	442017
2210.17	0.8	NonTarget	1	442034
2210.255	0.8	NonTarget	1	442051
2210.34	0.8	NonTarget	1	442068
2210.42	0.8	NonTarget	1	442084
2210.505	0.8	NonTarget	1	442101
2210.59	0.8	NonTarget	1	442118
2210.675	0.8	NonTarget	1	442135
2210.755	0.8	NonTarget	1	442151
2210.84	0.8	NonTarget	1	442168
2210.92	0.8	Target	2	442184
2211.005	0.8	NonTarget	1	442201
2211.09	0.8	NonTarget	1	442218
2211.49	0.8	NonTarget	1	442298
2211.575	0.8	NonTarget	1	442315
2211.655	0.8	Target	2	442331
2211.74	0.8	NonTarget	1	442348
2211.825	0.8	NonTarget	1	442365
2211.905	0.8	NonTarget	1	442381
2211.99	0.8	NonTarget	1	442398
2212.075	0.8	NonTarget	1	442415
2212.16	0.8	NonTarget	1	442432
2212.24	0.8	NonTarget	1	442448
2212.325	0.8	NonTarget	1	442465
2212.41	0.8	NonTarget	1	442482
2212.49	0.8	NonTarget	1	442498
2212.575	0.8	NonTarget	1	442515
2212.66	0.8	NonTarget	1	442532
2212.74	0.8	NonTarget	1	442548
2212.825	0.8	NonTarget	1	442565
2212.91	0.8	NonTarget	1	442582
2212.995	0.8	NonTarget	1	442599
2213.075	0.8	NonTarget	1	442615
2213.16	0.8	NonTarget	1	442632
2213.24	0.8	NonTarget	1	442648
2213.325	0.8	NonTarget	1	442665
2213.41	0.8	NonTarget	1	442682
2213.495	0.8	NonTarget	1	442699
2213.58	0.8	NonTarget	1	442716
2213.66	0.8	NonTarget	1	442732
2213.74	0.8	NonTarget	1	442748
2213.825	0.8	NonTarget	1	442765
2213.91	0.8	NonTarget	1	442782
2214.31	0.8	NonTarget	1	442862
2214.395	0.8	NonTarget	1	442879
2214.48	0.8	Target	2	442896
2214.56	0.8	NonTarget	1	442912
2214.645	0.8	NonTarget	1	442929
2214.725	0.8	NonTarget	1	442945
2214.81	0.8	NonTarget	1	442962
2214.895	0.8	NonTarget	1	442979
2214.98	0.8	NonTarget	1	442996
2215.06	0.8	NonTarget	1	443012
2215.145	0.8	NonTarget	1	443029
2215.23	0.8	NonTarget	1	443046
2215.31	0.8	NonTarget	1	443062
2215.395	0.8	NonTarget	1	443079
2215.48	0.8	NonTarget	1	443096
2215.565	0.8	NonTarget	1	443113
2215.645	0.8	NonTarget	1	443129
2215.73	0.8	NonTarget	1	443146
2215.815	0.8	NonTarget	1	443163
2215.895	0.8	NonTarget	1	443179
2215.98	0.8	NonTarget	1	443196
2216.065	0.8	NonTarget	1	443213
2216.145	0.8	NonTarget	1	443229
2216.23	0.8	NonTarget	1	443246
2216.315	0.8	NonTarget	1	443263
2216.4	0.8	NonTarget	1	443280
2216.48	0.8	NonTarget	1	443296
2216.565	0.8	NonTarget	1	443313
2216.645	0.8	NonTarget	1	443329
2216.73	0.8	NonTarget	1	443346
2217.13	0.8	NonTarget	1	443426
2217.215	0.8	NonTarget	1	443443
2217.3	0.8	NonTarget	1	443460
2217.385	0.8	NonTarget	1	443477
2217.465	0.8	NonTarget	1	443493
2217.55	0.8	NonTarget	1	443510
2217.635	0.8	NonTarget	1	443527
2217.715	0.8	NonTarget	1	443543
2217.8	0.8	NonTarget	1	443560
2217.885	0.8	NonTarget	1	443577
2217.965	0.8	NonTarget	1	443593
2218.05	0.8	NonTarget	1	443610
2218.135	0.8	NonTarget	1	443627
2218.215	0.8	NonTarget	1	443643
2218.3	0.8	NonTarget	1	443660
2218.385	0.8	NonTarget	1	443677
2218.465	0.8	NonTarget	1	443693
2218.55	0.8	Target	2	443710
2218.635	0.8	NonTarget	1	443727
2218.715	0.8	NonTarget	1	443743
2218.8	0.8	NonTarget	1	443760
2218.88	0.8	NonTarget	1	443776
2218.965	0.8	NonTarget	1	443793
2219.05	0.8	NonTarget	1	443810
2219.135	0.8	NonTarget	1	443827
2219.215	0.8	NonTarget	1	443843
2219.3	0.8	NonTarget	1	443860
2219.385	0.8	NonTarget	1	443877
2219.47	0.8	NonTarget	1	443894
2219.55	0.8	NonTarget	1	443910
2219.95	0.8	NonTarget	1	443990
2220.035	0.8	NonTarget	1	444007
2220.12	0.8	NonTarget	1	444024
2220.205	0.8	NonTarget	1	444041
2220.285	0.8	NonTarget	1	444057
2220.37	0.8	NonTarget	1	444074
2220.45	0.8	NonTarget	1	444090
2220.535	0.8	NonTarget	1	444107
2220.62	0.8	NonTarget	1	444124
2220.705	0.8	NonTarget	1	444141
2220.785	0.8	NonTarget	1	444157
2220.87	0.8	NonTarget	1	444174
2220.955	0.8	NonTarget	1	444191
2221.035	0.8	NonTarget	1	444207
2221.12	0.8	NonTarget	1	444224
2221.205	0.8	NonTarget	1	444241
2221.285	0.8	NonTarget	1	444257
2221.37	0.8	NonTarget	1	444274
2221.455	0.8	NonTarget	1	444291
2221.535	0.8	NonTarget	1	444307
2221.62	0.8	NonTarget	1	444324
2221.705	0.8	NonTarget	1	444341
2221.79	0.8	Target	2	444358
2221.87	0.8	NonTarget	1	444374
2221.955	0.8	NonTarget	1	444391
2222.04	0.8	NonTarget	1	444408
2222.12	0.8	NonTarget	1	444424
2222.205	0.8	NonTarget	1	444441
2222.29	0.8	NonTarget	1	444458
2222.37	0.8	NonTarget	1	444474
2222.775	0.8	NonTarget	1	444555
2222.855	0.8	NonTarget	1	444571
2222.94	0.8	NonTarget	1	444588
2223.025	0.8	NonTarget	1	444605
2223.105	0.8	NonTarget	1	444621
2223.19	0.8	NonTarget	1	444638
2223.275	0.8	NonTarget	1	444655
2223.355	0.8	Target	2	444671
2223.44	0.8	NonTarget	1	444688
2223.525	0.8	NonTarget	1	444705
2223.605	0.8	NonTarget	1	444721
2223.69	0.8	NonTarget	1	444738
2223.775	0.8	NonTarget	1	444755
2223.86	0.8	NonTarget	1	444772
2223.94	0.8	NonTarget	1	444788
2224.025	0.8	NonTarget	1	444805
2224.11	0.8	NonTarget	1	444822
2224.19	0.8	NonTarget	1	444838
2224.275	0.8	NonTarget	1	444855
2224.36	0.8	NonTarget	1	444872
2224.44	0.8	NonTarget	1	444888
2224.525	0.8	NonTarget	1	444905
2224.61	0.8	NonTarget	1	444922
2224.69	0.8	NonTarget	1	444938
2224.775	0.8	NonTarget	1	444955
2224.86	0.8	NonTarget	1	444972
2224.945	0.8	NonTarget	1	444989
2225.025	0.8	NonTarget	1	445005
2225.11	0.8	NonTarget	1	445022
2225.195	0.8	NonTarget	1	445039
2225.595	0.8	NonTarget	1	445119
2225.675	0.8	NonTarget	1	445135
2225.76	0.8	NonTarget	1	445152
2225.845	0.8	NonTarget	1	445169
2225.925	0.8	NonTarget	1	445185
2226.01	0.8	NonTarget	1	445202
2226.095	0.8	NonTarget	1	445219
2226.175	0.8	NonTarget	1	445235
2226.26	0.8	NonTarget	1	445252
2226.345	0.8	NonTarget	1	445269
2226.43	0.8	NonTarget	1	445286
2226.51	0.8	NonTarget	1	445302
2226.595	0.8	NonTarget	1	445319
2226.68	0.8	NonTarget	1	445336
2226.76	0.8	NonTarget	1	445352
2226.845	0.8	NonTarget	1	445369
2226.93	0.8	NonTarget	1	445386
2227.015	0.8	NonTarget	1	445403
2227.095	0.8	NonTarget	1	445419
2227.18	0.8	NonTarget	1	445436
2227.26	0.8	NonTarget	1	445452
2227.345	0.8	NonTarget	1	445469
2227.43	0.8	Target	2	445486
2227.515	0.8	NonTarget	1	445503
2227.595	0.8	NonTarget	1	445519
2227.68	0.8	NonTarget	1	445536
2227.765	0.8	NonTarget	1	445553
2227.845	0.8	NonTarget	1	445569
2227.93	0.8	NonTarget	1	445586
2228.015	0.8	NonTarget	1	445603
2228.415	0.8	NonTarget	1	445683
2228.495	0.8	NonTarget	1	445699
2228.58	0.8	NonTarget	1	445716
2228.665	0.8	NonTarget	1	445733
2228.75	0.8	NonTarget	1	445750
2228.83	0.8	NonTarget	1	445766
2228.915	0.8	NonTarget	1	445783
2229.0	0.8	Target	2	445800
2229.08	0.8	NonTarget	1	445816
2229.165	0.8	NonTarget	1	445833
2229.25	0.8	NonTarget	1	445850
2229.335	0.8	NonTarget	1	445867
2229.415	0.8	NonTarget	1	445883
2229.5	0.8	NonTarget	1	445900
2229.585	0.8	NonTarget	1	445917
2229.665	0.8	NonTarget	1	445933
2229.75	0.8	NonTarget	1	445950
2229.835	0.8	NonTarget	1	445967
2229.915	0.8	NonTarget	1	445983
2230.0	0.8	NonTarget	1	446000
2230.085	0.8	NonTarget	1	446017
2230.165	0.8	NonTarget	1	446033
2230.25	0.8	NonTarget	1	446050
2230.335	0.8	NonTarget	1	446067
2230.415	0.8	NonTarget	1	446083
2230.5	0.8	NonTarget	1	446100
2230.585	0.8	NonTarget	1	446117
2230.67	0.8	NonTarget	1	446134
2230.75	0.8	NonTarget	1	446150
2230.835	0.8	NonTarget	1	446167
2231.235	0.8	NonTarget	1	446247
2231.32	0.8	NonTarget	1	446264
2231.405	0.8	Target	2	446281
2231.485	0.8	NonTarget	1	446297
2231.57	0.8	NonTarget	1	446314
2231.65	0.8	NonTarget	1	446330
2231.735	0.8	NonTarget	1	446347
2231.82	0.8	NonTarget	1	446364
2231.905	0.8	NonTarget	1	446381
2231.985	0.8	NonTarget	1	446397
2232.07	0.8	NonTarget	1	446414
2232.15	0.8	NonTarget	1	446430
2232.235	0.8	NonTarget	1	446447
2232.32	0.8	NonTarget	1	446464
2232.4	0.8	NonTarget	1	446480
2232.485	0.8	NonTarget	1	446497
2232.57	0.8	NonTarget	1	446514
2232.655	0.8	NonTarget	1	446531
2232.735	0.8	NonTarget	1	446547
2232.82	0.8	NonTarget	1	446564
2232.905	0.8	NonTarget	1	446581
2232.985	0.8	NonTarget	1	446597
2233.07	0.8	NonTarget	1	446614
2233.155	0.8	NonTarget	1	446631
2233.235	0.8	NonTarget	1	446647
2233.32	0.8	NonTarget	1	446664
2233.405	0.8	NonTarget	1	446681
2233.49	0.8	NonTarget	1	446698
2233.57	0.8	NonTarget	1	446714
2233.655	0.8	NonTarget	1	446731
2234.055	0.8	NonTarget	1	446811
2234.14	0.8	NonTarget	1	446828
2234.22	0.8	NonTarget	1	446844
2234.305	0.8	NonTarget	1	446861
2234.39	0.8	NonTarget	1	446878
2234.47	0.8	NonTarget	1	446894
2234.555	0.8	NonTarget	1	446911
2234.64	0.8	NonTarget	1	446928
2234.725	0.8	NonTarget	1	446945
2234.805	0.8	NonTarget	1	446961
2234.89	0.8	NonTarget	1	446978
2234.975	0.8	NonTarget	1	446995
2235.055	0.8	NonTarget	1	447011
2235.14	0.8	NonTarget	1	447028
2235.225	0.8	NonTarget	1	447045
2235.305	0.8	NonTarget	1	447061
2235.39	0.8	NonTarget	1	447078
2235.475	0.8	NonTarget	1	447095
2235.56	0.8	NonTarget	1	447112
2235.64	0.8	NonTarget	1	447128
2235.725	0.8	NonTarget	1	447145
2235.81	0.8	NonTarget	1	447162
2235.89	0.8	Target	2	447178
2235.975	0.8	NonTarget	1	447195
2236.06	0.8	NonTarget	1	447212
2236.145	0.8	NonTarget	1	447229
2236.225	0.8	NonTarget	1	447245
2236.31	0.8	NonTarget	1	447262
2236.39	0.8	NonTarget	1	447278
2236.475	0.8	NonTarget	1	447295
2245.51	0.8	NonTarget	1	449102
2245.59	0.8	NonTarget	1	449118
2245.67	0.8	NonTarget	1	449134
2245.755	0.8	NonTarget	1	449151
2245.84	0.8	NonTarget	1	449168
2245.92	0.8	NonTarget	1	449184
2246.005	0.8	NonTarget	1	449201
2246.09	0.8	NonTarget	1	449218
2246.17	0.8	NonTarget	1	449234
2246.255	0.8	NonTarget	1	449251
2246.34	0.8	Target	2	449268
2246.42	0.8	NonTarget	1	449284
2246.505	0.8	NonTarget	1	449301
2246.59	0.8	NonTarget	1	449318
2246.675	0.8	NonTarget	1	449335
2246.755	0.8	NonTarget	1	449351
2246.84	0.8	NonTarget	1	449368
2246.925	0.8	NonTarget	1	449385
2247.005	0.8	NonTarget	1	449401
2247.09	0.8	NonTarget	1	449418
2247.175	0.8	NonTarget	1	449435
2247.255	0.8	NonTarget	1	449451
2247.34	0.8	NonTarget	1	449468
2247.425	0.8	NonTarget	1	449485
2247.505	0.8	NonTarget	1	449501
2247.59	0.8	NonTarget	1	449518
2247.675	0.8	NonTarget	1	449535
2247.76	0.8	NonTarget	1	449552
2247.84	0.8	NonTarget	1	449568
2247.925	0.8	NonTarget	1	449585
2248.325	0.8	NonTarget	1	449665
2248.41	0.8	NonTarget	1	449682
2248.49	0.8	NonTarget	1	449698
2248.575	0.8	NonTarget	1	449715
2248.655	0.8	NonTarget	1	449731
2248.74	0.8	NonTarget	1	449748
2248.825	0.8	NonTarget	1	449765
2248.91	0.8	NonTarget	1	449782
2248.995	0.8	NonTarget	1	449799
2249.075	0.8	NonTarget	1	449815
2249.16	0.8	Target	2	449832
2249.245	0.8	NonTarget	1	449849
2249.325	0.8	NonTarget	1	449865
2249.41	0.8	NonTarget	1	449882
2249.495	0.8	NonTarget	1	449899
2249.575	0.8	NonTarget	1	449915
2249.66	0.8	NonTarget	1	449932
2249.745	0.8	NonTarget	1	449949
2249.825	0.8	NonTarget	1	449965
2249.91	0.8	NonTarget	1	449982
2249.995	0.8	NonTarget	1	449999
2250.075	0.8	NonTarget	1	450015
2250.16	0.8	NonTarget	1	450032
2250.245	0.8	NonTarget	1	450049
2250.33	0.8	NonTarget	1	450066
2250.41	0.8	NonTarget	1	450082
2250.495	0.8	NonTarget	1	450099
2250.58	0.8	NonTarget	1	450116
2250.665	0.8	NonTarget	1	450133
2250.745	0.8	NonTarget	1	450149
2251.145	0.8	NonTarget	1	450229
2251.23	0.8	NonTarget	1	450246
2251.315	0.8	NonTarget	1	450263
2251.395	0.8	NonTarget	1	450279
2251.48	0.8	NonTarget	1	450296
2251.56	0.8	NonTarget	1	450312
2251.645	0.8	NonTarget	1	450329
2251.73	0.8	NonTarget	1	450346
2251.815	0.8	NonTarget	1	450363
2251.895	0.8	NonTarget	1	450379
2251.98	0.8	NonTarget	1	450396
2252.065	0.8	NonTarget	1	450413
2252.15	0.8	NonTarget	1	450430
2252.23	0.8	NonTarget	1	450446
2252.315	0.8	NonTarget	1	450463
2252.4	0.8	NonTarget	1	450480
2252.48	0.8	NonTarget	1	450496
2252.565	0.8	NonTarget	1	450513
2252.645	0.8	NonTarget	1	450529
2252.73	0.8	NonTarget	1	450546
2252.815	0.8	Target	2	450563
2252.9	0.8	NonTarget	1	450580
2252.98	0.8	NonTarget	1	450596
2253.065	0.8	NonTarget	1	450613
2253.15	0.8	NonTarget	1	450630
2253.23	0.8	NonTarget	1	450646
2253.315	0.8	NonTarget	1	450663
2253.4	0.8	NonTarget	1	450680
2253.48	0.8	NonTarget	1	450696
2253.565	0.8	NonTarget	1	450713
2253.965	0.8	NonTarget	1	450793
2254.05	0.8	NonTarget	1	450810
2254.135	0.8	NonTarget	1	450827
2254.215	0.8	NonTarget	1	450843
2254.3	0.8	NonTarget	1	450860
2254.385	0.8	NonTarget	1	450877
2254.465	0.8	NonTarget	1	450893
2254.55	0.8	NonTarget	1	450910
2254.635	0.8	NonTarget	1	450927
2254.72	0.8	NonTarget	1	450944
2254.8	0.8	NonTarget	1	450960
2254.885	0.8	NonTarget	1	450977
2254.965	0.8	NonTarget	1	450993
2255.05	0.8	NonTarget	1	451010
2255.135	0.8	NonTarget	1	451027
2255.22	0.8	NonTarget	1	451044
2255.3	0.8	NonTarget	1	451060
2255.385	0.8	NonTarget	1	451077
2255.47	0.8	NonTarget	1	451094
2255.55	0.8	NonTarget	1	451110
2255.635	0.8	Target	2	451127
2255.72	0.8	NonTarget	1	451144
2255.805	0.8	NonTarget	1	451161
2255.885	0.8	NonTarget	1	451177
2255.97	0.8	NonTarget	1	451194
2256.055	0.8	NonTarget	1	451211
2256.135	0.8	NonTarget	1	451227
2256.22	0.8	NonTarget	1	451244
2256.305	0.8	NonTarget	1	451261
2256.385	0.8	NonTarget	1	451277
2256.79	0.8	Target	2	451358
2256.87	0.8	NonTarget	1	451374
2256.955	0.8	NonTarget	1	451391
2257.035	0.8	NonTarget	1	451407
2257.12	0.8	NonTarget	1	451424
2257.205	0.8	NonTarget	1	451441
2257.285	0.8	NonTarget	1	451457
2257.37	0.8	NonTarget	1	451474
2257.455	0.8	NonTarget	1	451491
2257.54	0.8	NonTarget	1	451508
2257.62	0.8	NonTarget	1	451524
2257.705	0.8	NonTarget	1	451541
2257.79	0.8	NonTarget	1	451558
2257.875	0.8	NonTarget	1	451575
2257.955	0.8	NonTarget	1	451591
2258.04	0.8	NonTarget	1	451608
2258.12	0.8	NonTarget	1	451624
2258.205	0.8	NonTarget	1	451641
2258.29	0.8	NonTarget	1	451658
2258.375	0.8	NonTarget	1	451675
2258.455	0.8	NonTarget	1	451691
2258.54	0.8	NonTarget	1	451708
2258.625	0.8	NonTarget	1	451725
2258.705	0.8	NonTarget	1	451741
2258.79	0.8	NonTarget	1	451758
2258.875	0.8	NonTarget	1	451775
2258.955	0.8	NonTarget	1	451791
2259.04	0.8	NonTarget	1	451808
2259.125	0.8	NonTarget	1	451825
2259.205	0.8	NonTarget	1	451841
2259.605	0.8	NonTarget	1	451921
2259.69	0.8	NonTarget	1	451938
2259.775	0.8	NonTarget	1	451955
2259.86	0.8	NonTarget	1	451972
2259.94	0.8	NonTarget	1	451988
2260.025	0.8	Target	2	452005
2260.11	0.8	NonTarget	1	452022
2260.19	0.8	NonTarget	1	452038
2260.275	0.8	NonTarget	1	452055
2260.36	0.8	NonTarget	1	452072
2260.44	0.8	NonTarget	1	452088
2260.525	0.8	NonTarget	1	452105
2260.61	0.8	NonTarget	1	452122
2260.695	0.8	NonTarget	1	452139
2260.775	0.8	NonTarget	1	452155
2260.86	0.8	NonTarget	1	452172
2260.945	0.8	NonTarget	1	452189
2261.025	0.8	NonTarget	1	452205
2261.11	0.8	NonTarget	1	452222
2261.195	0.8	NonTarget	1	452239
2261.275	0.8	NonTarget	1	452255
2261.36	0.8	NonTarget	1	452272
2261.445	0.8	NonTarget	1	452289
2261.525	0.8	NonTarget	1	452305
2261.61	0.8	NonTarget	1	452322
2261.695	0.8	NonTarget	1	452339
2261.775	0.8	NonTarget	1	452355
2261.86	0.8	NonTarget	1	452372
2261.945	0.8	NonTarget	1	452389
2262.03	0.8	NonTarget	1	452406
2262.43	0.8	Target	2	452486
2262.51	0.8	NonTarget	1	452502
2262.595	0.8	NonTarget	1	452519
2262.68	0.8	NonTarget	1	452536
2262.76	0.8	NonTarget	1	452552
2262.845	0.8	NonTarget	1	452569
2262.93	0.8	NonTarget	1	452586
2263.015	0.8	NonTarget	1	452603
2263.095	0.8	NonTarget	1	452619
2263.18	0.8	NonTarget	1	452636
2263.265	0.8	NonTarget	1	452653
2263.345	0.8	NonTarget	1	452669
2263.43	0.8	NonTarget	1	452686
2263.515	0.8	NonTarget	1	452703
2263.595	0.8	NonTarget	1	452719
2263.68	0.8	NonTarget	1	452736
2263.765	0.8	NonTarget	1	452753
2263.845	0.8	NonTarget	1	452769
2263.93	0.8	NonTarget	1	452786
2264.015	0.8	NonTarget	1	452803
2264.1	0.8	NonTarget	1	452820
2264.18	0.8	NonTarget	1	452836
2264.265	0.8	NonTarget	1	452853
2264.35	0.8	NonTarget	1	452870
2264.43	0.8	NonTarget	1	452886
2264.515	0.8	NonTarget	1	452903
2264.595	0.8	NonTarget	1	452919
2264.68	0.8	NonTarget	1	452936
2264.765	0.8	NonTarget	1	452953
2264.85	0.8	NonTarget	1	452970
2265.25	0.8	NonTarget	1	453050
2265.335	0.8	NonTarget	1	453067
2265.415	0.8	NonTarget	1	453083
2265.5	0.8	NonTarget	1	453100
2265.58	0.8	NonTarget	1	453116
2265.665	0.8	NonTarget	1	453133
2265.75	0.8	NonTarget	1	453150
2265.835	0.8	NonTarget	1	453167
2265.915	0.8	NonTarget	1	453183
2266.0	0.8	NonTarget	1	453200
2266.085	0.8	NonTarget	1	453217
2266.165	0.8	NonTarget	1	453233
2266.25	0.8	NonTarget	1	453250
2266.335	0.8	NonTarget	1	453267
2266.415	0.8	NonTarget	1	453283
2266.5	0.8	NonTarget	1	453300
2266.585	0.8	NonTarget	1	453317
2266.67	0.8	NonTarget	1	453334
2266.75	0.8	NonTarget	1	453350
2266.835	0.8	NonTarget	1	453367
2266.915	0.8	NonTarget	1	453383
2267.0	0.8	NonTarget	1	453400
2267.085	0.8	NonTarget	1	453417
2267.17	0.8	NonTarget	1	453434
2267.25	0.8	NonTarget	1	453450
2267.34	0.8	Target	2	453468
2267.42	0.8	NonTarget	1	453484
2267.5	0.8	NonTarget	1	453500
2267.585	0.8	NonTarget	1	453517
2267.67	0.8	NonTarget	1	453534
2268.07	0.8	Target	2	453614
2268.155	0.8	NonTarget	1	453631
2268.235	0.8	NonTarget	1	453647
2268.32	0.8	NonTarget	1	453664
2268.405	0.8	NonTarget	1	453681
2268.485	0.8	NonTarget	1	453697
2268.57	0.8	NonTarget	1	453714
2268.655	0.8	NonTarget	1	453731
2268.735	0.8	NonTarget	1	453747
2268.82	0.8	NonTarget	1	453764
2268.905	0.8	NonTarget	1	453781
2268.99	0.8	NonTarget	1	453798
2269.07	0.8	NonTarget	1	453814
2269.155	0.8	NonTarget	1	453831
2269.235	0.8	NonTarget	1	453847
2269.32	0.8	NonTarget	1	453864
2269.405	0.8	NonTarget	1	453881
2269.49	0.8	NonTarget	1	453898
2269.575	0.8	NonTarget	1	453915
2269.655	0.8	NonTarget	1	453931
2269.74	0.8	NonTarget	1	453948
2269.82	0.8	NonTarget	1	453964
2269.905	0.8	NonTarget	1	453981
2269.99	0.8	NonTarget	1	453998
2270.075	0.8	NonTarget	1	454015
2270.155	0.8	NonTarget	1	454031
2270.24	0.8	NonTarget	1	454048
2270.325	0.8	NonTarget	1	454065
2270.405	0.8	NonTarget	1	454081
2270.49	0.8	NonTarget	1	454098
2270.89	0.8	NonTarget	1	454178
2270.975	0.8	NonTarget	1	454195
2271.055	0.8	NonTarget	1	454211
2271.14	0.8	NonTarget	1	454228
2271.225	0.8	NonTarget	1	454245
2271.31	0.8	NonTarget	1	454262
2271.39	0.8	NonTarget	1	454278
2271.475	0.8	NonTarget	1	454295
2271.56	0.8	NonTarget	1	454312
2271.64	0.8	NonTarget	1	454328
2271.725	0.8	NonTarget	1	454345
2271.81	0.8	NonTarget	1	454362
2271.89	0.8	NonTarget	1	454378
2271.975	0.8	NonTarget	1	454395
2272.06	0.8	NonTarget	1	454412
2272.145	0.8	Target	2	454429
2272.225	0.8	NonTarget	1	454445
2272.31	0.8	NonTarget	1	454462
2272.39	0.8	NonTarget	1	454478
2272.475	0.8	NonTarget	1	454495
2272.56	0.8	NonTarget	1	454512
2272.645	0.8	NonTarget	1	454529
2272.725	0.8	NonTarget	1	454545
2272.81	0.8	NonTarget	1	454562
2272.895	0.8	NonTarget	1	454579
2272.975	0.8	NonTarget	1	454595
2273.06	0.8	NonTarget	1	454612
2273.145	0.8	NonTarget	1	454629
2273.23	0.8	NonTarget	1	454646
2273.31	0.8	NonTarget	1	454662
2282.395	0.8	NonTarget	1	456479
2282.475	0.8	NonTarget	1	456495
2282.555	0.8	NonTarget	1	456511
2282.64	0.8	NonTarget	1	456528
2282.725	0.8	NonTarget	1	456545
2282.805	0.8	NonTarget	1	456561
2282.89	0.8	NonTarget	1	456578
2282.975	0.8	NonTarget	1	456595
2283.06	0.8	NonTarget	1	456612
2283.14	0.8	NonTarget	1	456628
2283.225	0.8	NonTarget	1	456645
2283.31	0.8	NonTarget	1	456662
2283.39	0.8	NonTarget	1	456678
2283.475	0.8	NonTarget	1	456695
2283.56	0.8	NonTarget	1	456712
2283.645	0.8	NonTarget	1	456729
2283.725	0.8	NonTarget	1	456745
2283.81	0.8	NonTarget	1	456762
2283.89	0.8	NonTarget	1	456778
2283.975	0.8	NonTarget	1	456795
2284.06	0.8	NonTarget	1	456812
2284.14	0.8	NonTarget	1	456828
2284.225	0.8	Target	2	456845
2284.31	0.8	NonTarget	1	456862
2284.395	0.8	NonTarget	1	456879
2284.475	0.8	NonTarget	1	456895
2284.56	0.8	NonTarget	1	456912
2284.645	0.8	NonTarget	1	456929
2284.725	0.8	NonTarget	1	456945
2284.81	0.8	NonTarget	1	456962
2285.21	0.8	NonTarget	1	457042
2285.295	0.8	NonTarget	1	457059
2285.38	0.8	NonTarget	1	457076
2285.46	0.8	NonTarget	1	457092
2285.545	0.8	NonTarget	1	457109
2285.63	0.8	NonTarget	1	457126
2285.71	0.8	NonTarget	1	457142
2285.795	0.8	NonTarget	1	457159
2285.88	0.8	NonTarget	1	457176
2285.96	0.8	NonTarget	1	457192
2286.045	0.8	NonTarget	1	457209
2286.13	0.8	NonTarget	1	457226
2286.215	0.8	NonTarget	1	457243
2286.295	0.8	NonTarget	1	457259
2286.38	0.8	NonTarget	1	457276
2286.465	0.8	NonTarget	1	457293
2286.545	0.8	NonTarget	1	457309
2286.63	0.8	NonTarget	1	457326
2286.715	0.8	NonTarget	1	457343
2286.795	0.8	NonTarget	1	457359
2286.88	0.8	NonTarget	1	457376
2286.965	0.8	NonTarget	1	457393
2287.045	0.8	NonTarget	1	457409
2287.13	0.8	NonTarget	1	457426
2287.215	0.8	NonTarget	1	457443
2287.295	0.8	NonTarget	1	457459
2287.38	0.8	NonTarget	1	457476
2287.465	0.8	Target	2	457493
2287.55	0.8	NonTarget	1	457510
2287.63	0.8	NonTarget	1	457526
2288.03	0.8	NonTarget	1	457606
2288.115	0.8	NonTarget	1	457623
2288.2	0.8	NonTarget	1	457640
2288.285	0.8	NonTarget	1	457657
2288.365	0.8	NonTarget	1	457673
2288.45	0.8	NonTarget	1	457690
2288.53	0.8	NonTarget	1	457706
2288.615	0.8	NonTarget	1	457723
2288.7	0.8	NonTarget	1	457740
2288.785	0.8	NonTarget	1	457757
2288.865	0.8	NonTarget	1	457773
2288.95	0.8	NonTarget	1	457790
2289.035	0.8	NonTarget	1	457807
2289.115	0.8	NonTarget	1	457823
2289.2	0.8	NonTarget	1	457840
2289.285	0.8	NonTarget	1	457857
2289.365	0.8	NonTarget	1	457873
2289.45	0.8	NonTarget	1	457890
2289.535	0.8	NonTarget	1	457907
2289.615	0.8	NonTarget	1	457923
2289.7	0.8	NonTarget	1	457940
2289.785	0.8	NonTarget	1	457957
2289.865	0.8	Target	2	457973
2289.95	0.8	NonTarget	1	457990
2290.035	0.8	NonTarget	1	458007
2290.115	0.8	NonTarget	1	458023
2290.2	0.8	NonTarget	1	458040
2290.285	0.8	NonTarget	1	458057
2290.37	0.8	NonTarget	1	458074
2290.45	0.8	NonTarget	1	458090
2290.85	0.8	NonTarget	1	458170
2290.935	0.8	NonTarget	1	458187
2291.02	0.8	NonTarget	1	458204
2291.105	0.8	NonTarget	1	458221
2291.185	0.8	NonTarget	1	458237
2291.27	0.8	NonTarget	1	458254
2291.355	0.8	NonTarget	1	458271
2291.435	0.8	NonTarget	1	458287
2291.52	0.8	NonTarget	1	458304
2291.605	0.8	NonTarget	1	458321
2291.69	0.8	NonTarget	1	458338
2291.77	0.8	NonTarget	1	458354
2291.855	0.8	NonTarget	1	458371
2291.935	0.8	NonTarget	1	458387
2292.02	0.8	NonTarget	1	458404
2292.105	0.8	NonTarget	1	458421
2292.19	0.8	NonTarget	1	458438
2292.27	0.8	NonTarget	1	458454
2292.355	0.8	NonTarget	1	458471
2292.435	0.8	NonTarget	1	458487
2292.52	0.8	NonTarget	1	458504
2292.605	0.8	NonTarget	1	458521
2292.685	0.8	Target	2	458537
2292.77	0.8	NonTarget	1	458554
2292.855	0.8	NonTarget	1	458571
2292.94	0.8	NonTarget	1	458588
2293.02	0.8	NonTarget	1	458604
2293.105	0.8	NonTarget	1	458621
2293.19	0.8	NonTarget	1	458638
2293.27	0.8	NonTarget	1	458654
2293.67	0.8	NonTarget	1	458734
2293.755	0.8	NonTarget	1	458751
2293.84	0.8	Target	2	458768
2293.925	0.8	NonTarget	1	458785
2294.005	0.8	NonTarget	1	458801
2294.09	0.8	NonTarget	1	458818
2294.175	0.8	NonTarget	1	458835
2294.26	0.8	NonTarget	1	458852
2294.34	0.8	NonTarget	1	458868
2294.425	0.8	NonTarget	1	458885
2294.51	0.8	NonTarget	1	458902
2294.59	0.8	NonTarget	1	458918
2294.675	0.8	NonTarget	1	458935
2294.76	0.8	NonTarget	1	458952
2294.84	0.8	NonTarget	1	458968
2294.925	0.8	NonTarget	1	458985
2295.005	0.8	NonTarget	1	459001
2295.09	0.8	NonTarget	1	459018
2295.175	0.8	NonTarget	1	459035
2295.26	0.8	NonTarget	1	459052
2295.34	0.8	NonTarget	1	459068
2295.425	0.8	NonTarget	1	459085
2295.51	0.8	NonTarget	1	459102
2295.59	0.8	NonTarget	1	459118
2295.675	0.8	NonTarget	1	459135
2295.76	0.8	NonTarget	1	459152
2295.845	0.8	NonTarget	1	459169
2295.925	0.8	NonTarget	1	459185
2296.01	0.8	NonTarget	1	459202
2296.095	0.8	NonTarget	1	459219
2296.49	0.8	NonTarget	1	459298
2296.58	0.8	NonTarget	1	459316
2296.66	0.8	NonTarget	1	459332
2296.745	0.8	NonTarget	1	459349
2296.825	0.8	NonTarget	1	459365
2296.91	0.8	NonTarget	1	459382
2296.995	0.8	NonTarget	1	459399
2297.075	0.8	NonTarget	1	459415
2297.16	0.8	NonTarget	1	459432
2297.245	0.8	NonTarget	1	459449
2297.33	0.8	NonTarget	1	459466
2297.41	0.8	NonTarget	1	459482
2297.495	0.8	NonTarget	1	459499
2297.58	0.8	NonTarget	1	459516
2297.66	0.8	NonTarget	1	459532
2297.745	0.8	NonTarget	1	459549
2297.83	0.8	NonTarget	1	459566
2297.91	0.8	Target	2	459582
2297.995	0.8	NonTarget	1	459599
2298.08	0.8	NonTarget	1	459616
2298.165	0.8	NonTarget	1	459633
2298.245	0.8	NonTarget	1	459649
2298.33	0.8	NonTarget	1	459666
2298.415	0.8	NonTarget	1	459683
2298.495	0.8	NonTarget	1	459699
2298.58	0.8	NonTarget	1	459716
2298.665	0.8	NonTarget	1	459733
2298.745	0.8	NonTarget	1	459749
2298.83	0.8	NonTarget	1	459766
2298.915	0.8	NonTarget	1	459783
2299.315	0.8	NonTarget	1	459863
2299.4	0.8	NonTarget	1	459880
2299.48	0.8	Target	2	459896
2299.565	0.8	NonTarget	1	459913
2299.65	0.8	NonTarget	1	459930
2299.735	0.8	NonTarget	1	459947
2299.815	0.8	NonTarget	1	459963
2299.9	0.8	NonTarget	1	459980
2299.98	0.8	NonTarget	1	459996
2300.065	0.8	NonTarget	1	460013
2300.15	0.8	NonTarget	1	460030
2300.23	0.8	NonTarget	1	460046
2300.315	0.8	NonTarget	1	460063
2300.4	0.8	NonTarget	1	460080
2300.485	0.8	NonTarget	1	460097
2300.565	0.8	NonTarget	1	460113
2300.65	0.8	NonTarget	1	460130
2300.735	0.8	NonTarget	1	460147
2300.815	0.8	NonTarget	1	460163
2300.9	0.8	NonTarget	1	460180
2300.985	0.8	NonTarget	1	460197
2301.065	0.8	NonTarget	1	460213
2301.15	0.8	NonTarget	1	460230
2301.235	0.8	NonTarget	1	460247
2301.315	0.8	NonTarget	1	460263
2301.4	0.8	NonTarget	1	460280
2301.485	0.8	NonTarget	1	460297
2301.565	0.8	NonTarget	1	460313
2301.65	0.8	NonTarget	1	460330
2301.735	0.8	NonTarget	1	460347
2302.135	0.8	NonTarget	1	460427
2302.22	0.8	NonTarget	1	460444
2302.3	0.8	NonTarget	1	460460
2302.385	0.8	NonTarget	1	460477
2302.47	0.8	NonTarget	1	460494
2302.55	0.8	NonTarget	1	460510
2302.635	0.8	NonTarget	1	460527
2302.72	0.8	NonTarget	1	460544
2302.805	0.8	NonTarget	1	460561
2302.885	0.8	NonTarget	1	460577
2302.97	0.8	NonTarget	1	460594
2303.055	0.8	NonTarget	1	460611
2303.135	0.8	NonTarget	1	460627
2303.22	0.8	NonTarget	1	460644
2303.305	0.8	NonTarget	1	460661
2303.385	0.8	NonTarget	1	460677
2303.47	0.8	NonTarget	1	460694
2303.555	0.8	NonTarget	1	460711
2303.635	0.8	NonTarget	1	460727
2303.72	0.8	NonTarget	1	460744
2303.805	0.8	NonTarget	1	460761
2303.89	0.8	NonTarget	1	460778
2303.97	0.8	Target	2	460794
2304.055	0.8	NonTarget	1	460811
2304.14	0.8	NonTarget	1	460828
2304.22	0.8	NonTarget	1	460844
2304.305	0.8	NonTarget	1	460861
2304.39	0.8	NonTarget	1	460878
2304.47	0.8	NonTarget	1	460894
2304.555	0.8	NonTarget	1	460911
2304.955	0.8	NonTarget	1	460991
2305.04	0.8	NonTarget	1	461008
2305.12	0.8	NonTarget	1	461024
2305.205	0.8	NonTarget	1	461041
2305.29	0.8	NonTarget	1	461058
2305.375	0.8	NonTarget	1	461075
2305.455	0.8	NonTarget	1	461091
2305.54	0.8	NonTarget	1	461108
2305.625	0.8	NonTarget	1	461125
2305.705	0.8	NonTarget	1	461141
2305.79	0.8	NonTarget	1	461158
2305.875	0.8	NonTarget	1	461175
2305.955	0.8	NonTarget	1	461191
2306.04	0.8	NonTarget	1	461208
2306.125	0.8	NonTarget	1	461225
2306.205	0.8	NonTarget	1	461241
2306.29	0.8	NonTarget	1	461258
2306.375	0.8	NonTarget	1	461275
2306.46	0.8	NonTarget	1	461292
2306.54	0.8	NonTarget	1	461308
2306.625	0.8	NonTarget	1	461325
2306.71	0.8	NonTarget	1	461342
2306.79	0.8	Target	2	461358
2306.875	0.8	NonTarget	1	461375
2306.96	0.8	NonTarget	1	461392
2307.045	0.8	NonTarget	1	461409
2307.125	0.8	NonTarget	1	461425
2307.21	0.8	NonTarget	1	461442
2307.29	0.8	NonTarget	1	461458
2307.375	0.8	NonTarget	1	461475
2307.775	0.8	NonTarget	1	461555
2307.86	0.8	NonTarget	1	461572
2307.945	0.8	NonTarget	1	461589
2308.025	0.8	NonTarget	1	461605
2308.11	0.8	NonTarget	1	461622
2308.195	0.8	NonTarget	1	461639
2308.275	0.8	NonTarget	1	461655
2308.36	0.8	Target	2	461672
2308.445	0.8	NonTarget	1	461689
2308.525	0.8	NonTarget	1	461705
2308.61	0.8	NonTarget	1	461722
2308.695	0.8	NonTarget	1	461739
2308.78	0.8	NonTarget	1	461756
2308.86	0.8	NonTarget	1	461772
2308.945	0.8	NonTarget	1	461789
2309.025	0.8	NonTarget	1	461805
2309.115	0.8	NonTarget	1	461823
2309.195	0.8	NonTarget	1	461839
2309.28	0.8	NonTarget	1	461856
2309.365	0.8	NonTarget	1	461873
2309.445	0.8	NonTarget	1	461889
2309.53	0.8	NonTarget	1	461906
2309.61	0.8	NonTarget	1	461922
2309.695	0.8	NonTarget	1	461939
2309.78	0.8	NonTarget	1	461956
2309.865	0.8	NonTarget	1	461973
2309.945	0.8	NonTarget	1	461989
2310.03	0.8	NonTarget	1	462006
2310.115	0.8	NonTarget	1	462023
2310.195	0.8	NonTarget	1	462039
2319.245	0.8	NonTarget	1	463849
2319.325	0.8	Target	2	463865
2319.41	0.8	NonTarget	1	463882
2319.495	0.8	NonTarget	1	463899
2319.575	0.8	NonTarget	1	463915
2319.66	0.8	NonTarget	1	463932
2319.745	0.8	NonTarget	1	463949
2319.825	0.8	NonTarget	1	463965
2319.91	0.8	NonTarget	1	463982
2319.995	0.8	NonTarget	1	463999
2320.075	0.8	NonTarget	1	464015
2320.16	0.8	NonTarget	1	464032
2320.245	0.8	NonTarget	1	464049
2320.33	0.8	NonTarget	1	464066
2320.41	0.8	NonTarget	1	464082
2320.495	0.8	NonTarget	1	464099
2320.575	0.8	NonTarget	1	464115
2320.66	0.8	NonTarget	1	464132
2320.745	0.8	NonTarget	1	464149
2320.825	0.8	NonTarget	1	464165
2320.91	0.8	NonTarget	1	464182
2320.995	0.8	NonTarget	1	464199
2321.08	0.8	NonTarget	1	464216
2321.165	0.8	NonTarget	1	464233
2321.245	0.8	NonTarget	1	464249
2321.33	0.8	NonTarget	1	464266
2321.41	0.8	NonTarget	1	464282
2321.495	0.8	NonTarget	1	464299
2321.58	0.8	NonTarget	1	464316
2321.665	0.8	NonTarget	1	464333
2322.06	0.8	NonTarget	1	464412
2322.145	0.8	NonTarget	1	464429
2322.23	0.8	NonTarget	1	464446
2322.315	0.8	NonTarget	1	464463
2322.4	0.8	NonTarget	1	464480
2322.48	0.8	NonTarget	1	464496
2322.565	0.8	Target	2	464513
2322.645	0.8	NonTarget	1	464529
2322.73	0.8	NonTarget	1	464546
2322.815	0.8	NonTarget	1	464563
2322.9	0.8	NonTarget	1	464580
2322.98	0.8	NonTarget	1	464596
2323.065	0.8	NonTarget	1	464613
2323.15	0.8	NonTarget	1	464630
2323.23	0.8	NonTarget	1	464646
2323.315	0.8	NonTarget	1	464663
2323.4	0.8	NonTarget	1	464680
2323.48	0.8	NonTarget	1	464696
2323.565	0.8	NonTarget	1	464713
2323.65	0.8	NonTarget	1	464730
2323.73	0.8	NonTarget	1	464746
2323.815	0.8	NonTarget	1	464763
2323.9	0.8	NonTarget	1	464780
2323.985	0.8	NonTarget	1	464797
2324.065	0.8	NonTarget	1	464813
2324.15	0.8	NonTarget	1	464830
2324.23	0.8	NonTarget	1	464846
2324.315	0.8	NonTarget	1	464863
2324.4	0.8	NonTarget	1	464880
2324.485	0.8	NonTarget	1	464897
2324.885	0.8	NonTarget	1	464977
2324.97	0.8	NonTarget	1	464994
2325.05	0.8	NonTarget	1	465010
2325.135	0.8	NonTarget	1	465027
2325.22	0.8	NonTarget	1	465044
2325.3	0.8	NonTarget	1	465060
2325.385	0.8	NonTarget	1	465077
2325.47	0.8	NonTarget	1	465094
2325.555	0.8	NonTarget	1	465111
2325.635	0.8	NonTarget	1	465127
2325.715	0.8	NonTarget	1	465143
2325.8	0.8	NonTarget	1	465160
2325.885	0.8	NonTarget	1	465177
2325.97	0.8	NonTarget	1	465194
2326.05	0.8	NonTarget	1	465210
2326.135	0.8	NonTarget	1	465227
2326.22	0.8	NonTarget	1	465244
2326.305	0.8	NonTarget	1	465261
2326.385	0.8	NonTarget	1	465277
2326.47	0.8	NonTarget	1	465294
2326.555	0.8	NonTarget	1	465311
2326.635	0.8	Target	2	465327
2326.72	0.8	NonTarget	1	465344
2326.805	0.8	NonTarget	1	465361
2326.89	0.8	NonTarget	1	465378
2326.97	0.8	NonTarget	1	465394
2327.055	0.8	NonTarget	1	465411
2327.135	0.8	NonTarget	1	465427
2327.22	0.8	NonTarget	1	465444
2327.305	0.8	NonTarget	1	465461
2327.705	0.8	NonTarget	1	465541
2327.79	0.8	NonTarget	1	465558
2327.87	0.8	NonTarget	1	465574
2327.955	0.8	NonTarget	1	465591
2328.04	0.8	NonTarget	1	465608
2328.12	0.8	NonTarget	1	465624
2328.205	0.8	NonTarget	1	465641
2328.29	0.8	NonTarget	1	465658
2328.375	0.8	NonTarget	1	465675
2328.455	0.8	NonTarget	1	465691
2328.54	0.8	NonTarget	1	465708
2328.625	0.8	NonTarget	1	465725
2328.705	0.8	NonTarget	1	465741
2328.79	0.8	NonTarget	1	465758
2328.875	0.8	NonTarget	1	465775
2328.955	0.8	NonTarget	1	465791
2329.04	0.8	NonTarget	1	465808
2329.125	0.8	NonTarget	1	465825
2329.205	0.8	NonTarget	1	465841
2329.29	0.8	NonTarget	1	465858
2329.375	0.8	NonTarget	1	465875
2329.455	0.8	Target	2	465891
2329.54	0.8	NonTarget	1	465908
2329.625	0.8	NonTarget	1	465925
2329.705	0.8	NonTarget	1	465941
2329.79	0.8	NonTarget	1	465958
2329.875	0.8	NonTarget	1	465975
2329.955	0.8	NonTarget	1	465991
2330.04	0.8	NonTarget	1	466008
2330.125	0.8	NonTarget	1	466025
2330.525	0.8	NonTarget	1	466105
2330.61	0.8	NonTarget	1	466122
2330.695	0.8	NonTarget	1	466139
2330.775	0.8	NonTarget	1	466155
2330.86	0.8	NonTarget	1	466172
2330.94	0.8	NonTarget	1	466188
2331.025	0.8	NonTarget	1	466205
2331.11	0.8	NonTarget	1	466222
2331.195	0.8	NonTarget	1	466239
2331.275	0.8	NonTarget	1	466255
2331.36	0.8	NonTarget	1	466272
2331.445	0.8	NonTarget	1	466289
2331.525	0.8	NonTarget	1	466305
2331.61	0.8	NonTarget	1	466322
2331.695	0.8	NonTarget	1	466339
2331.775	0.8	NonTarget	1	466355
2331.86	0.8	NonTarget	1	466372
2331.945	0.8	NonTarget	1	466389
2332.03	0.8	NonTarget	1	466406
2332.11	0.8	NonTarget	1	466422
2332.195	0.8	NonTarget	1	466439
2332.28	0.8	NonTarget	1	466456
2332.36	0.8	NonTarget	1	466472
2332.445	0.8	NonTarget	1	466489
2332.53	0.8	NonTarget	1	466506
2332.61	0.8	NonTarget	1	466522
2332.695	0.8	Target	2	466539
2332.78	0.8	NonTarget	1	466556
2332.86	0.8	NonTarget	1	466572
2332.945	0.8	NonTarget	1	466589
2333.345	0.8	NonTarget	1	466669
2333.43	0.8	NonTarget	1	466686
2333.51	0.8	NonTarget	1	466702
2333.595	0.8	NonTarget	1	466719
2333.68	0.8	NonTarget	1	466736
2333.765	0.8	NonTarget	1	466753
2333.845	0.8	NonTarget	1	466769
2333.93	0.8	NonTarget	1	466786
2334.015	0.8	NonTarget	1	466803
2334.095	0.8	NonTarget	1	466819
2334.18	0.8	NonTarget	1	466836
2334.265	0.8	Target	2	466853
2334.35	0.8	NonTarget	1	466870
2334.43	0.8	NonTarget	1	466886
2334.515	0.8	NonTarget	1	466903
2334.595	0.8	NonTarget	1	466919
2334.68	0.8	NonTarget	1	466936
2334.765	0.8	NonTarget	1	466953
2334.85	0.8	NonTarget	1	466970
2334.93	0.8	NonTarget	1	466986
2335.015	0.8	NonTarget	1	467003
2335.1	0.8	NonTarget	1	467020
2335.18	0.8	NonTarget	1	467036
2335.265	0.8	NonTarget	1	467053
2335.35	0.8	NonTarget	1	467070
2335.435	0.8	NonTarget	1	467087
2335.515	0.8	NonTarget	1	467103
2335.6	0.8	NonTarget	1	467120
2335.68	0.8	NonTarget	1	467136
2335.765	0.8	NonTarget	1	467153
2336.165	0.8	NonTarget	1	467233
2336.25	0.8	NonTarget	1	467250
2336.335	0.8	NonTarget	1	467267
2336.415	0.8	NonTarget	1	467283
2336.5	0.8	NonTarget	1	467300
2336.58	0.8	NonTarget	1	467316
2336.665	0.8	Target	2	467333
2336.75	0.8	NonTarget	1	467350
2336.835	0.8	NonTarget	1	467367
2336.915	0.8	NonTarget	1	467383
2337.0	0.8	NonTarget	1	467400
2337.085	0.8	NonTarget	1	467417
2337.17	0.8	NonTarget	1	467434
2337.25	0.8	NonTarget	1	467450
2337.335	0.8	NonTarget	1	467467
2337.42	0.8	NonTarget	1	467484
2337.5	0.8	NonTarget	1	467500
2337.585	0.8	NonTarget	1	467517
2337.67	0.8	NonTarget	1	467534
2337.75	0.8	NonTarget	1	467550
2337.835	0.8	NonTarget	1	467567
2337.92	0.8	NonTarget	1	467584
2338.005	0.8	NonTarget	1	467601
2338.085	0.8	NonTarget	1	467617
2338.17	0.8	NonTarget	1	467634
2338.255	0.8	NonTarget	1	467651
2338.335	0.8	NonTarget	1	467667
2338.42	0.8	NonTarget	1	467684
2338.505	0.8	NonTarget	1	467701
2338.585	0.8	NonTarget	1	467717
2338.985	0.8	NonTarget	1	467797
2339.07	0.8	NonTarget	1	467814
2339.155	0.8	NonTarget	1	467831
2339.24	0.8	NonTarget	1	467848
2339.32	0.8	NonTarget	1	467864
2339.405	0.8	NonTarget	1	467881
2339.485	0.8	NonTarget	1	467897
2339.57	0.8	NonTarget	1	467914
2339.655	0.8	NonTarget	1	467931
2339.74	0.8	NonTarget	1	467948
2339.82	0.8	NonTarget	1	467964
2339.905	0.8	Target	2	467981
2339.985	0.8	NonTarget	1	467997
2340.07	0.8	NonTarget	1	468014
2340.155	0.8	NonTarget	1	468031
2340.24	0.8	NonTarget	1	468048
2340.325	0.8	NonTarget	1	468065
2340.405	0.8	NonTarget	1	468081
2340.49	0.8	NonTarget	1	468098
2340.57	0.8	NonTarget	1	468114
2340.655	0.8	NonTarget	1	468131
2340.74	0.8	NonTarget	1	468148
2340.825	0.8	NonTarget	1	468165
2340.905	0.8	NonTarget	1	468181
2340.99	0.8	NonTarget	1	468198
2341.075	0.8	NonTarget	1	468215
2341.155	0.8	NonTarget	1	468231
2341.24	0.8	NonTarget	1	468248
2341.325	0.8	NonTarget	1	468265
2341.405	0.8	NonTarget	1	468281
2341.805	0.8	NonTarget	1	468361
2341.89	0.8	NonTarget	1	468378
2341.975	0.8	NonTarget	1	468395
2342.06	0.8	NonTarget	1	468412
2342.14	0.8	NonTarget	1	468428
2342.225	0.8	NonTarget	1	468445
2342.31	0.8	NonTarget	1	468462
2342.39	0.8	NonTarget	1	468478
2342.475	0.8	NonTarget	1	468495
2342.56	0.8	NonTarget	1	468512
2342.645	0.8	NonTarget	1	468529
2342.725	0.8	NonTarget	1	468545
2342.81	0.8	NonTarget	1	468562
2342.89	0.8	NonTarget	1	468578
2342.975	0.8	NonTarget	1	468595
2343.06	0.8	NonTarget	1	468612
2343.145	0.8	NonTarget	1	468629
2343.23	0.8	NonTarget	1	468646
2343.31	0.8	NonTarget	1	468662
2343.395	0.8	NonTarget	1	468679
2343.475	0.8	NonTarget	1	468695
2343.56	0.8	Target	2	468712
2343.645	0.8	NonTarget	1	468729
2343.73	0.8	NonTarget	1	468746
2343.81	0.8	NonTarget	1	468762
2343.895	0.8	NonTarget	1	468779
2343.98	0.8	NonTarget	1	468796
2344.06	0.8	NonTarget	1	468812
2344.145	0.8	NonTarget	1	468829
2344.23	0.8	NonTarget	1	468846
2344.625	0.8	NonTarget	1	468925
2344.71	0.8	NonTarget	1	468942
2344.795	0.8	NonTarget	1	468959
2344.88	0.8	NonTarget	1	468976
2344.96	0.8	NonTarget	1	468992
2345.045	0.8	NonTarget	1	469009
2345.13	0.8	NonTarget	1	469026
2345.21	0.8	NonTarget	1	469042
2345.3	0.8	NonTarget	1	469060
2345.38	0.8	NonTarget	1	469076
2345.465	0.8	NonTarget	1	469093
2345.545	0.8	NonTarget	1	469109
2345.63	0.8	NonTarget	1	469126
2345.715	0.8	NonTarget	1	469143
2345.795	0.8	NonTarget	1	469159
2345.88	0.8	NonTarget	1	469176
2345.965	0.8	NonTarget	1	469193
2346.05	0.8	NonTarget	1	469210
2346.13	0.8	NonTarget	1	469226
2346.215	0.8	NonTarget	1	469243
2346.295	0.8	NonTarget	1	469259
2346.38	0.8	NonTarget	1	469276
2346.465	0.8	NonTarget	1	469293
2346.55	0.8	NonTarget	1	469310
2346.63	0.8	NonTarget	1	469326
2346.715	0.8	NonTarget	1	469343
2346.8	0.8	Target	2	469360
2346.88	0.8	NonTarget	1	469376
2346.965	0.8	NonTarget	1	469393
2347.05	0.8	NonTarget	1	469410
2356.08	0.8	NonTarget	1	471216
2356.16	0.8	NonTarget	1	471232
2356.245	0.8	NonTarget	1	471249
2356.33	0.8	NonTarget	1	471266
2356.41	0.8	NonTarget	1	471282
2356.495	0.8	NonTarget	1	471299
2356.58	0.8	NonTarget	1	471316
2356.66	0.8	NonTarget	1	471332
2356.745	0.8	NonTarget	1	471349
2356.83	0.8	NonTarget	1	471366
2356.91	0.8	NonTarget	1	471382
2356.995	0.8	NonTarget	1	471399
2357.08	0.8	NonTarget	1	471416
2357.165	0.8	NonTarget	1	471433
2357.245	0.8	NonTarget	1	471449
2357.33	0.8	NonTarget	1	471466
2357.415	0.8	NonTarget	1	471483
2357.495	0.8	Target	2	471499
2357.58	0.8	NonTarget	1	471516
2357.665	0.8	NonTarget	1	471533
2357.745	0.8	NonTarget	1	471549
2357.83	0.8	NonTarget	1	471566
2357.915	0.8	NonTarget	1	471583
2358.0	0.8	NonTarget	1	471600
2358.08	0.8	NonTarget	1	471616
2358.165	0.8	NonTarget	1	471633
2358.245	0.8	NonTarget	1	471649
2358.33	0.8	NonTarget	1	471666
2358.415	0.8	NonTarget	1	471683
2358.495	0.8	NonTarget	1	471699
2358.9	0.8	NonTarget	1	471780
2358.985	0.8	NonTarget	1	471797
2359.065	0.8	NonTarget	1	471813
2359.15	0.8	NonTarget	1	471830
2359.235	0.8	NonTarget	1	471847
2359.315	0.8	NonTarget	1	471863
2359.4	0.8	NonTarget	1	471880
2359.48	0.8	NonTarget	1	471896
2359.57	0.8	NonTarget	1	471914
2359.65	0.8	NonTarget	1	471930
2359.735	0.8	NonTarget	1	471947
2359.82	0.8	NonTarget	1	471964
2359.9	0.8	Target	2	471980
2359.985	0.8	NonTarget	1	471997
2360.065	0.8	NonTarget	1	472013
2360.15	0.8	NonTarget	1	472030
2360.235	0.8	NonTarget	1	472047
2360.315	0.8	NonTarget	1	472063
2360.4	0.8	NonTarget	1	472080
2360.485	0.8	NonTarget	1	472097
2360.57	0.8	NonTarget	1	472114
2360.65	0.8	NonTarget	1	472130
2360.735	0.8	NonTarget	1	472147
2360.82	0.8	NonTarget	1	472164
2360.9	0.8	NonTarget	1	472180
2360.985	0.8	NonTarget	1	472197
2361.07	0.8	NonTarget	1	472214
2361.155	0.8	NonTarget	1	472231
2361.235	0.8	NonTarget	1	472247
2361.32	0.8	NonTarget	1	472264
2361.72	0.8	NonTarget	1	472344
2361.805	0.8	NonTarget	1	472361
2361.885	0.8	NonTarget	1	472377
2361.97	0.8	NonTarget	1	472394
2362.055	0.8	NonTarget	1	472411
2362.135	0.8	NonTarget	1	472427
2362.22	0.8	NonTarget	1	472444
2362.305	0.8	NonTarget	1	472461
2362.385	0.8	NonTarget	1	472477
2362.47	0.8	NonTarget	1	472494
2362.555	0.8	NonTarget	1	472511
2362.635	0.8	NonTarget	1	472527
2362.72	0.8	NonTarget	1	472544
2362.805	0.8	NonTarget	1	472561
2362.89	0.8	NonTarget	1	472578
2362.97	0.8	NonTarget	1	472594
2363.055	0.8	NonTarget	1	472611
2363.14	0.8	NonTarget	1	472628
2363.22	0.8	NonTarget	1	472644
2363.305	0.8	NonTarget	1	472661
2363.39	0.8	NonTarget	1	472678
2363.47	0.8	NonTarget	1	472694
2363.555	0.8	Target	2	472711
2363.64	0.8	NonTarget	1	472728
2363.72	0.8	NonTarget	1	472744
2363.805	0.8	NonTarget	1	472761
2363.89	0.8	NonTarget	1	472778
2363.975	0.8	NonTarget	1	472795
2364.055	0.8	NonTarget	1	472811
2364.14	0.8	NonTarget	1	472828
2364.54	0.8	NonTarget	1	472908
2364.625	0.8	NonTarget	1	472925
2364.71	0.8	NonTarget	1	472942
2364.79	0.8	NonTarget	1	472958
2364.875	0.8	NonTarget	1	472975
2364.955	0.8	NonTarget	1	472991
2365.04	0.8	NonTarget	1	473008
2365.125	0.8	NonTarget	1	473025
2365.21	0.8	NonTarget	1	473042
2365.29	0.8	NonTarget	1	473058
2365.375	0.8	NonTarget	1	473075
2365.46	0.8	NonTarget	1	473092
2365.54	0.8	NonTarget	1	473108
2365.625	0.8	NonTarget	1	473125
2365.71	0.8	NonTarget	1	473142
2365.79	0.8	NonTarget	1	473158
2365.875	0.8	NonTarget	1	473175
2365.96	0.8	NonTarget	1	473192
2366.045	0.8	NonTarget	1	473209
2366.125	0.8	NonTarget	1	473225
2366.21	0.8	NonTarget	1	473242
2366.295	0.8	NonTarget	1	473259
2366.375	0.8	Target	2	473275
2366.46	0.8	NonTarget	1	473292
2366.545	0.8	NonTarget	1	473309
2366.625	0.8	NonTarget	1	473325
2366.71	0.8	NonTarget	1	473342
2366.795	0.8	NonTarget	1	473359
2366.875	0.8	NonTarget	1	473375
2366.96	0.8	NonTarget	1	473392
2367.36	0.8	NonTarget	1	473472
2367.445	0.8	NonTarget	1	473489
2367.53	0.8	NonTarget	1	473506
2367.61	0.8	NonTarget	1	473522
2367.695	0.8	NonTarget	1	473539
2367.78	0.8	NonTarget	1	473556
2367.86	0.8	NonTarget	1	473572
2367.945	0.8	NonTarget	1	473589
2368.03	0.8	NonTarget	1	473606
2368.11	0.8	NonTarget	1	473622
2368.195	0.8	NonTarget	1	473639
2368.28	0.8	NonTarget	1	473656
2368.36	0.8	NonTarget	1	473672
2368.445	0.8	NonTarget	1	473689
2368.53	0.8	NonTarget	1	473706
2368.615	0.8	NonTarget	1	473723
2368.695	0.8	NonTarget	1	473739
2368.78	0.8	NonTarget	1	473756
2368.865	0.8	NonTarget	1	473773
2368.945	0.8	NonTarget	1	473789
2369.03	0.8	NonTarget	1	473806
2369.115	0.8	NonTarget	1	473823
2369.2	0.8	NonTarget	1	473840
2369.28	0.8	NonTarget	1	473856
2369.365	0.8	NonTarget	1	473873
2369.445	0.8	NonTarget	1	473889
2369.53	0.8	NonTarget	1	473906
2369.615	0.8	Target	2	473923
2369.7	0.8	NonTarget	1	473940
2369.78	0.8	NonTarget	1	473956
2370.18	0.8	NonTarget	1	474036
2370.265	0.8	NonTarget	1	474053
2370.35	0.8	NonTarget	1	474070
2370.435	0.8	NonTarget	1	474087
2370.515	0.8	NonTarget	1	474103
2370.6	0.8	NonTarget	1	474120
2370.68	0.8	NonTarget	1	474136
2370.765	0.8	NonTarget	1	474153
2370.85	0.8	NonTarget	1	474170
2370.935	0.8	NonTarget	1	474187
2371.015	0.8	NonTarget	1	474203
2371.1	0.8	NonTarget	1	474220
2371.18	0.8	NonTarget	1	474236
2371.265	0.8	NonTarget	1	474253
2371.35	0.8	NonTarget	1	474270
2371.435	0.8	NonTarget	1	474287
2371.515	0.8	NonTarget	1	474303
2371.6	0.8	NonTarget	1	474320
2371.685	0.8	NonTarget	1	474337
2371.765	0.8	NonTarget	1	474353
2371.85	0.8	NonTarget	1	474370
2371.935	0.8	NonTarget	1	474387
2372.02	0.8	NonTarget	1	474404
2372.1	0.8	NonTarget	1	474420
2372.185	0.8	NonTarget	1	474437
2372.27	0.8	NonTarget	1	474454
2372.35	0.8	NonTarget	1	474470
2372.435	0.8	Target	2	474487
2372.52	0.8	NonTarget	1	474504
2372.6	0.8	NonTarget	1	474520
2373.005	0.8	NonTarget	1	474601
2373.085	0.8	NonTarget	1	474617
2373.17	0.8	NonTarget	1	474634
2373.255	0.8	NonTarget	1	474651
2373.335	0.8	NonTarget	1	474667
2373.42	0.8	NonTarget	1	474684
2373.5	0.8	NonTarget	1	474700
2373.585	0.8	NonTarget	1	474717
2373.67	0.8	NonTarget	1	474734
2373.755	0.8	NonTarget	1	474751
2373.835	0.8	NonTarget	1	474767
2373.92	0.8	NonTarget	1	474784
2374.0	0.8	Target	2	474800
2374.085	0.8	NonTarget	1	474817
2374.17	0.8	NonTarget	1	474834
2374.255	0.8	NonTarget	1	474851
2374.335	0.8	NonTarget	1	474867
2374.42	0.8	NonTarget	1	474884
2374.505	0.8	NonTarget	1	474901
2374.585	0.8	NonTarget	1	474917
2374.67	0.8	NonTarget	1	474934
2374.755	0.8	NonTarget	1	474951
2374.84	0.8	NonTarget	1	474968
2374.92	0.8	NonTarget	1	474984
2375.005	0.8	NonTarget	1	475001
2375.09	0.8	NonTarget	1	475018
2375.17	0.8	NonTarget	1	475034
2375.255	0.8	NonTarget	1	475051
2375.34	0.8	NonTarget	1	475068
2375.42	0.8	NonTarget	1	475084
2375.82	0.8	NonTarget	1	475164
2375.905	0.8	NonTarget	1	475181
2375.99	0.8	NonTarget	1	475198
2376.075	0.8	NonTarget	1	475215
2376.155	0.8	NonTarget	1	475231
2376.24	0.8	NonTarget	1	475248
2376.325	0.8	NonTarget	1	475265
2376.405	0.8	Target	2	475281
2376.49	0.8	NonTarget	1	475298
2376.575	0.8	NonTarget	1	475315
2376.66	0.8	NonTarget	1	475332
2376.74	0.8	NonTarget	1	475348
2376.825	0.8	NonTarget	1	475365
2376.91	0.8	NonTarget	1	475382
2376.99	0.8	NonTarget	1	475398
2377.075	0.8	NonTarget	1	475415
2377.155	0.8	NonTarget	1	475431
2377.24	0.8	NonTarget	1	475448
2377.325	0.8	NonTarget	1	475465
2377.41	0.8	NonTarget	1	475482
2377.49	0.8	NonTarget	1	475498
2377.575	0.8	NonTarget	1	475515
2377.66	0.8	NonTarget	1	475532
2377.745	0.8	NonTarget	1	475549
2377.825	0.8	NonTarget	1	475565
2377.91	0.8	NonTarget	1	475582
2377.99	0.8	NonTarget	1	475598
2378.075	0.8	NonTarget	1	475615
2378.16	0.8	NonTarget	1	475632
2378.245	0.8	NonTarget	1	475649
2378.645	0.8	NonTarget	1	475729
2378.725	0.8	NonTarget	1	475745
2378.81	0.8	NonTarget	1	475762
2378.895	0.8	NonTarget	1	475779
2378.98	0.8	NonTarget	1	475796
2379.06	0.8	NonTarget	1	475812
2379.145	0.8	NonTarget	1	475829
2379.23	0.8	NonTarget	1	475846
2379.31	0.8	NonTarget	1	475862
2379.395	0.8	NonTarget	1	475879
2379.48	0.8	NonTarget	1	475896
2379.56	0.8	NonTarget	1	475912
2379.645	0.8	Target	2	475929
2379.73	0.8	NonTarget	1	475946
2379.81	0.8	NonTarget	1	475962
2379.895	0.8	NonTarget	1	475979
2379.98	0.8	NonTarget	1	475996
2380.06	0.8	NonTarget	1	476012
2380.145	0.8	NonTarget	1	476029
2380.23	0.8	NonTarget	1	476046
2380.31	0.8	NonTarget	1	476062
2380.395	0.8	NonTarget	1	476079
2380.48	0.8	NonTarget	1	476096
2380.565	0.8	NonTarget	1	476113
2380.645	0.8	NonTarget	1	476129
2380.73	0.8	NonTarget	1	476146
2380.815	0.8	NonTarget	1	476163
2380.895	0.8	NonTarget	1	476179
2380.98	0.8	NonTarget	1	476196
2381.065	0.8	NonTarget	1	476213
2381.465	0.8	NonTarget	1	476293
2381.55	0.8	NonTarget	1	476310
2381.63	0.8	NonTarget	1	476326
2381.715	0.8	NonTarget	1	476343
2381.795	0.8	NonTarget	1	476359
2381.88	0.8	NonTarget	1	476376
2381.965	0.8	NonTarget	1	476393
2382.05	0.8	NonTarget	1	476410
2382.13	0.8	NonTarget	1	476426
2382.215	0.8	NonTarget	1	476443
2382.3	0.8	NonTarget	1	476460
2382.385	0.8	NonTarget	1	476477
2382.465	0.8	NonTarget	1	476493
2382.55	0.8	NonTarget	1	476510
2382.635	0.8	NonTarget	1	476527
2382.715	0.8	NonTarget	1	476543
2382.8	0.8	NonTarget	1	476560
2382.88	0.8	Target	2	476576
2382.965	0.8	NonTarget	1	476593
2383.05	0.8	NonTarget	1	476610
2383.135	0.8	NonTarget	1	476627
2383.215	0.8	NonTarget	1	476643
2383.3	0.8	NonTarget	1	476660
2383.385	0.8	NonTarget	1	476677
2383.47	0.8	NonTarget	1	476694
2383.55	0.8	NonTarget	1	476710
2383.635	0.8	NonTarget	1	476727
2383.72	0.8	NonTarget	1	476744
2383.8	0.8	NonTarget	1	476760
2383.885	0.8	NonTarget	1	476777
2392.95	0.8	NonTarget	1	478590
2393.03	0.8	NonTarget	1	478606
2393.115	0.8	NonTarget	1	478623
2393.195	0.8	NonTarget	1	478639
2393.28	0.8	NonTarget	1	478656
2393.365	0.8	NonTarget	1	478673
2393.45	0.8	NonTarget	1	478690
2393.53	0.8	NonTarget	1	478706
2393.615	0.8	NonTarget	1	478723
2393.7	0.8	NonTarget	1	478740
2393.78	0.8	NonTarget	1	478756
2393.865	0.8	NonTarget	1	478773
2393.95	0.8	NonTarget	1	478790
2394.035	0.8	NonTarget	1	478807
2394.115	0.8	NonTarget	1	478823
2394.2	0.8	NonTarget	1	478840
2394.28	0.8	NonTarget	1	478856
2394.365	0.8	NonTarget	1	478873
2394.45	0.8	NonTarget	1	478890
2394.53	0.8	NonTarget	1	478906
2394.615	0.8	NonTarget	1	478923
2394.7	0.8	Target	2	478940
2394.785	0.8	NonTarget	1	478957
2394.87	0.8	NonTarget	1	478974
2394.95	0.8	NonTarget	1	478990
2395.03	0.8	NonTarget	1	479006
2395.115	0.8	NonTarget	1	479023
2395.2	0.8	NonTarget	1	479040
2395.285	0.8	NonTarget	1	479057
2395.365	0.8	NonTarget	1	479073
2395.77	0.8	NonTarget	1	479154
2395.85	0.8	NonTarget	1	479170
2395.935	0.8	NonTarget	1	479187
2396.02	0.8	NonTarget	1	479204
2396.1	0.8	NonTarget	1	479220
2396.185	0.8	NonTarget	1	479237
2396.27	0.8	Target	2	479254
2396.355	0.8	NonTarget	1	479271
2396.435	0.8	NonTarget	1	479287
2396.52	0.8	NonTarget	1	479304
2396.6	0.8	NonTarget	1	479320
2396.685	0.8	NonTarget	1	479337
2396.77	0.8	NonTarget	1	479354
2396.85	0.8	NonTarget	1	479370
2396.935	0.8	NonTarget	1	479387
2397.02	0.8	NonTarget	1	479404
2397.105	0.8	NonTarget	1	479421
2397.185	0.8	NonTarget	1	479437
2397.27	0.8	NonTarget	1	479454
2397.355	0.8	NonTarget	1	479471
2397.435	0.8	NonTarget	1	479487
2397.52	0.8	NonTarget	1	479504
2397.605	0.8	NonTarget	1	479521
2397.685	0.8	NonTarget	1	479537
2397.77	0.8	NonTarget	1	479554
2397.855	0.8	NonTarget	1	479571
2397.94	0.8	NonTarget	1	479588
2398.02	0.8	NonTarget	1	479604
2398.105	0.8	NonTarget	1	479621
2398.185	0.8	NonTarget	1	479637
2398.59	0.8	NonTarget	1	479718
2398.67	0.8	NonTarget	1	479734
2398.755	0.8	NonTarget	1	479751
2398.84	0.8	NonTarget	1	479768
2398.925	0.8	NonTarget	1	479785
2399.005	0.8	NonTarget	1	479801
2399.09	0.8	NonTarget	1	479818
2399.175	0.8	NonTarget	1	479835
2399.255	0.8	NonTarget	1	479851
2399.34	0.8	NonTarget	1	479868
2399.42	0.8	NonTarget	1	479884
2399.505	0.8	NonTarget	1	479901
2399.59	0.8	NonTarget	1	479918
2399.675	0.8	NonTarget	1	479935
2399.755	0.8	NonTarget	1	479951
2399.84	0.8	NonTarget	1	479968
2399.925	0.8	NonTarget	1	479985
2400.005	0.8	NonTarget	1	480001
2400.09	0.8	NonTarget	1	480018
2400.175	0.8	NonTarget	1	480035
2400.255	0.8	NonTarget	1	480051
2400.34	0.8	NonTarget	1	480068
2400.425	0.8	NonTarget	1	480085
2400.51	0.8	NonTarget	1	480102
2400.59	0.8	NonTarget	1	480118
2400.675	0.8	NonTarget	1	480135
2400.755	0.8	Target	2	480151
2400.84	0.8	NonTarget	1	480168
2400.925	0.8	NonTarget	1	480185
2401.005	0.8	NonTarget	1	480201
2401.405	0.8	NonTarget	1	480281
2401.495	0.8	NonTarget	1	480299
2401.575	0.8	NonTarget	1	480315
2401.66	0.8	NonTarget	1	480332
2401.745	0.8	NonTarget	1	480349
2401.825	0.8	NonTarget	1	480365
2401.91	0.8	NonTarget	1	480382
2401.995	0.8	NonTarget	1	480399
2402.075	0.8	NonTarget	1	480415
2402.16	0.8	NonTarget	1	480432
2402.245	0.8	NonTarget	1	480449
2402.325	0.8	NonTarget	1	480465
2402.41	0.8	NonTarget	1	480482
2402.495	0.8	NonTarget	1	480499
2402.575	0.8	NonTarget	1	480515
2402.66	0.8	NonTarget	1	480532
2402.745	0.8	Target	2	480549
2402.825	0.8	NonTarget	1	480565
2402.91	0.8	NonTarget	1	480582
2402.995	0.8	NonTarget	1	480599
2403.08	0.8	NonTarget	1	480616
2403.16	0.8	NonTarget	1	480632
2403.245	0.8	NonTarget	1	480649
2403.33	0.8	NonTarget	1	480666
2403.41	0.8	NonTarget	1	480682
2403.495	0.8	NonTarget	1	480699
2403.58	0.8	NonTarget	1	480716
2403.66	0.8	NonTarget	1	480732
2403.745	0.8	NonTarget	1	480749
2403.83	0.8	NonTarget	1	480766
2404.23	0.8	NonTarget	1	480846
2404.315	0.8	Target	2	480863
2404.395	0.8	NonTarget	1	480879
2404.48	0.8	NonTarget	1	480896
2404.565	0.8	NonTarget	1	480913
2404.65	0.8	NonTarget	1	480930
2404.73	0.8	NonTarget	1	480946
2404.81	0.8	NonTarget	1	480962
2404.9	0.8	NonTarget	1	480980
2404.985	0.8	NonTarget	1	480997
2405.065	0.8	NonTarget	1	481013
2405.15	0.8	NonTarget	1	481030
2405.23	0.8	NonTarget	1	481046
2405.315	0.8	NonTarget	1	481063
2405.395	0.8	NonTarget	1	481079
2405.48	0.8	NonTarget	1	481096
2405.565	0.8	NonTarget	1	481113
2405.65	0.8	NonTarget	1	481130
2405.735	0.8	NonTarget	1	481147
2405.815	0.8	NonTarget	1	481163
2405.9	0.8	NonTarget	1	481180
2405.985	0.8	NonTarget	1	481197
2406.065	0.8	NonTarget	1	481213
2406.15	0.8	NonTarget	1	481230
2406.235	0.8	NonTarget	1	481247
2406.315	0.8	NonTarget	1	481263
2406.4	0.8	NonTarget	1	481280
2406.485	0.8	NonTarget	1	481297
2406.565	0.8	NonTarget	1	481313
2406.65	0.8	NonTarget	1	481330
2407.05	0.8	NonTarget	1	481410
2407.135	0.8	NonTarget	1	481427
2407.22	0.8	NonTarget	1	481444
2407.3	0.8	NonTarget	1	481460
2407.385	0.8	NonTarget	1	481477
2407.47	0.8	NonTarget	1	481494
2407.55	0.8	NonTarget	1	481510
2407.635	0.8	NonTarget	1	481527
2407.72	0.8	NonTarget	1	481544
2407.8	0.8	NonTarget	1	481560
2407.885	0.8	NonTarget	1	481577
2407.97	0.8	NonTarget	1	481594
2408.05	0.8	NonTarget	1	481610
2408.135	0.8	NonTarget	1	481627
2408.22	0.8	NonTarget	1	481644
2408.305	0.8	NonTarget	1	481661
2408.385	0.8	NonTarget	1	481677
2408.47	0.8	NonTarget	1	481694
2408.555	0.8	NonTarget	1	481711
2408.635	0.8	NonTarget	1	481727
2408.72	0.8	NonTarget	1	481744
2408.8	0.8	Target	2	481760
2408.885	0.8	NonTarget	1	481777
2408.97	0.8	NonTarget	1	481794
2409.055	0.8	NonTarget	1	481811
2409.14	0.8	NonTarget	1	481828
2409.22	0.8	NonTarget	1	481844
2409.305	0.8	NonTarget	1	481861
2409.385	0.8	NonTarget	1	481877
2409.47	0.8	NonTarget	1	481894
2409.87	0.8	NonTarget	1	481974
2409.955	0.8	NonTarget	1	481991
2410.04	0.8	NonTarget	1	482008
2410.12	0.8	NonTarget	1	482024
2410.205	0.8	NonTarget	1	482041
2410.29	0.8	NonTarget	1	482058
2410.37	0.8	NonTarget	1	482074
2410.455	0.8	NonTarget	1	482091
2410.54	0.8	NonTarget	1	482108
2410.62	0.8	NonTarget	1	482124
2410.705	0.8	NonTarget	1	482141
2410.79	0.8	NonTarget	1	482158
2410.875	0.8	NonTarget	1	482175
2410.955	0.8	NonTarget	1	482191
2411.04	0.8	NonTarget	1	482208
2411.125	0.8	NonTarget	1	482225
2411.205	0.8	Target	2	482241
2411.29	0.8	NonTarget	1	482258
2411.375	0.8	NonTarget	1	482275
2411.46	0.8	NonTarget	1	482292
2411.54	0.8	NonTarget	1	482308
2411.625	0.8	NonTarget	1	482325
2411.705	0.8	NonTarget	1	482341
2411.79	0.8	NonTarget	1	482358
2411.875	0.8	NonTarget	1	482375
2411.955	0.8	NonTarget	1	482391
2412.04	0.8	NonTarget	1	482408
2412.125	0.8	NonTarget	1	482425
2412.21	0.8	NonTarget	1	482442
2412.29	0.8	NonTarget	1	482458
2412.69	0.8	NonTarget	1	482538
2412.775	0.8	Target	2	482555
2412.86	0.8	NonTarget	1	482572
2412.945	0.8	NonTarget	1	482589
2413.025	0.8	NonTarget	1	482605
2413.11	0.8	NonTarget	1	482622
2413.19	0.8	NonTarget	1	482638
2413.275	0.8	NonTarget	1	482655
2413.36	0.8	NonTarget	1	482672
2413.44	0.8	NonTarget	1	482688
2413.525	0.8	NonTarget	1	482705
2413.61	0.8	NonTarget	1	482722
2413.695	0.8	NonTarget	1	482739
2413.775	0.8	NonTarget	1	482755
2413.86	0.8	NonTarget	1	482772
2413.945	0.8	NonTarget	1	482789
2414.025	0.8	NonTarget	1	482805
2414.11	0.8	NonTarget	1	482822
2414.195	0.8	NonTarget	1	482839
2414.275	0.8	NonTarget	1	482855
2414.36	0.8	NonTarget	1	482872
2414.445	0.8	NonTarget	1	482889
2414.525	0.8	NonTarget	1	482905
2414.61	0.8	NonTarget	1	482922
2414.695	0.8	NonTarget	1	482939
2414.78	0.8	NonTarget	1	482956
2414.86	0.8	NonTarget	1	482972
2414.945	0.8	NonTarget	1	482989
2415.03	0.8	NonTarget	1	483006
2415.11	0.8	NonTarget	1	483022
2415.51	0.8	NonTarget	1	483102
2415.595	0.8	NonTarget	1	483119
2415.68	0.8	NonTarget	1	483136
2415.765	0.8	NonTarget	1	483153
2415.845	0.8	NonTarget	1	483169
2415.93	0.8	NonTarget	1	483186
2416.015	0.8	NonTarget	1	483203
2416.095	0.8	NonTarget	1	483219
2416.18	0.8	NonTarget	1	483236
2416.265	0.8	NonTarget	1	483253
2416.345	0.8	NonTarget	1	483269
2416.43	0.8	NonTarget	1	483286
2416.515	0.8	NonTarget	1	483303
2416.595	0.8	NonTarget	1	483319
2416.68	0.8	NonTarget	1	483336
2416.765	0.8	NonTarget	1	483353
2416.85	0.8	NonTarget	1	483370
2416.93	0.8	NonTarget	1	483386
2417.015	0.8	NonTarget	1	483403
2417.1	0.8	NonTarget	1	483420
2417.18	0.8	NonTarget	1	483436
2417.265	0.8	NonTarget	1	483453
2417.35	0.8	NonTarget	1	483470
2417.43	0.8	NonTarget	1	483486
2417.515	0.8	NonTarget	1	483503
2417.6	0.8	NonTarget	1	483520
2417.68	0.8	Target	2	483536
2417.765	0.8	NonTarget	1	483553
2417.85	0.8	NonTarget	1	483570
2417.935	0.8	NonTarget	1	483587
2418.33	0.8	NonTarget	1	483666
2418.415	0.8	NonTarget	1	483683
2418.5	0.8	NonTarget	1	483700
2418.585	0.8	NonTarget	1	483717
2418.665	0.8	NonTarget	1	483733
2418.75	0.8	NonTarget	1	483750
2418.835	0.8	NonTarget	1	483767
2418.92	0.8	NonTarget	1	483784
2419.0	0.8	NonTarget	1	483800
2419.085	0.8	NonTarget	1	483817
2419.165	0.8	NonTarget	1	483833
2419.25	0.8	NonTarget	1	483850
2419.335	0.8	NonTarget	1	483867
2419.42	0.8	NonTarget	1	483884
2419.5	0.8	NonTarget	1	483900
2419.585	0.8	NonTarget	1	483917
2419.665	0.8	Target	2	483933
2419.755	0.8	NonTarget	1	483951
2419.835	0.8	NonTarget	1	483967
2419.92	0.8	NonTarget	1	483984
2420.005	0.8	NonTarget	1	484001
2420.085	0.8	NonTarget	1	484017
2420.17	0.8	NonTarget	1	484034
2420.25	0.8	NonTarget	1	484050
2420.335	0.8	NonTarget	1	484067
2420.42	0.8	NonTarget	1	484084
2420.505	0.8	NonTarget	1	484101
2420.585	0.8	NonTarget	1	484117
2420.67	0.8	NonTarget	1	484134
2420.755	0.8	NonTarget	1	484151
2429.785	0.8	NonTarget	1	485957
2429.865	0.8	NonTarget	1	485973
2429.95	0.8	NonTarget	1	485990
2430.035	0.8	NonTarget	1	486007
2430.115	0.8	NonTarget	1	486023
2430.2	0.8	NonTarget	1	486040
2430.285	0.8	NonTarget	1	486057
2430.365	0.8	NonTarget	1	486073
2430.45	0.8	NonTarget	1	486090
2430.53	0.8	NonTarget	1	486106
2430.62	0.8	NonTarget	1	486124
2430.7	0.8	NonTarget	1	486140
2430.785	0.8	NonTarget	1	486157
2430.87	0.8	NonTarget	1	486174
2430.95	0.8	NonTarget	1	486190
2431.035	0.8	NonTarget	1	486207
2431.115	0.8	NonTarget	1	486223
2431.2	0.8	Target	2	486240
2431.285	0.8	NonTarget	1	486257
2431.37	0.8	NonTarget	1	486274
2431.45	0.8	NonTarget	1	486290
2431.535	0.8	NonTarget	1	486307
2431.62	0.8	NonTarget	1	486324
2431.705	0.8	NonTarget	1	486341
2431.785	0.8	NonTarget	1	486357
2431.87	0.8	NonTarget	1	486374
2431.95	0.8	NonTarget	1	486390
2432.035	0.8	NonTarget	1	486407
2432.12	0.8	NonTarget	1	486424
2432.205	0.8	NonTarget	1	486441
2432.605	0.8	NonTarget	1	486521
2432.685	0.8	NonTarget	1	486537
2432.77	0.8	Target	2	486554
2432.855	0.8	NonTarget	1	486571
2432.94	0.8	NonTarget	1	486588
2433.02	0.8	NonTarget	1	486604
2433.105	0.8	NonTarget	1	486621
2433.19	0.8	NonTarget	1	486638
2433.27	0.8	NonTarget	1	486654
2433.355	0.8	NonTarget	1	486671
2433.44	0.8	NonTarget	1	486688
2433.52	0.8	NonTarget	1	486704
2433.605	0.8	NonTarget	1	486721
2433.69	0.8	NonTarget	1	486738
2433.77	0.8	NonTarget	1	486754
2433.855	0.8	NonTarget	1	486771
2433.94	0.8	NonTarget	1	486788
2434.02	0.8	NonTarget	1	486804
2434.105	0.8	NonTarget	1	486821
2434.19	0.8	NonTarget	1	486838
2434.27	0.8	NonTarget	1	486854
2434.355	0.8	NonTarget	1	486871
2434.44	0.8	NonTarget	1	486888
2434.525	0.8	NonTarget	1	486905
2434.605	0.8	NonTarget	1	486921
2434.69	0.8	NonTarget	1	486938
2434.775	0.8	NonTarget	1	486955
2434.855	0.8	NonTarget	1	486971
2434.94	0.8	NonTarget	1	486988
2435.025	0.8	NonTarget	1	487005
2435.425	0.8	NonTarget	1	487085
2435.51	0.8	NonTarget	1	487102
2435.59	0.8	NonTarget	1	487118
2435.675	0.8	NonTarget	1	487135
2435.755	0.8	NonTarget	1	487151
2435.84	0.8	NonTarget	1	487168
2435.925	0.8	NonTarget	1	487185
2436.01	0.8	NonTarget	1	487202
2436.09	0.8	NonTarget	1	487218
2436.175	0.8	NonTarget	1	487235
2436.255	0.8	NonTarget	1	487251
2436.34	0.8	NonTarget	1	487268
2436.425	0.8	NonTarget	1	487285
2436.51	0.8	NonTarget	1	487302
2436.59	0.8	NonTarget	1	487318
2436.675	0.8	NonTarget	1	487335
2436.76	0.8	NonTarget	1	487352
2436.845	0.8	NonTarget	1	487369
2436.925	0.8	NonTarget	1	487385
2437.01	0.8	NonTarget	1	487402
2437.09	0.8	NonTarget	1	487418
2437.175	0.8	NonTarget	1	487435
2437.26	0.8	NonTarget	1	487452
2437.345	0.8	NonTarget	1	487469
2437.425	0.8	NonTarget	1	487485
2437.51	0.8	NonTarget	1	487502
2437.595	0.8	NonTarget	1	487519
2437.675	0.8	Target	2	487535
2437.76	0.8	NonTarget	1	487552
2437.845	0.8	NonTarget	1	487569
2438.245	0.8	NonTarget	1	487649
2438.33	0.8	NonTarget	1	487666
2438.41	0.8	NonTarget	1	487682
2438.495	0.8	NonTarget	1	487699
2438.58	0.8	NonTarget	1	487716
2438.66	0.8	NonTarget	1	487732
2438.745	0.8	NonTarget	1	487749
2438.83	0.8	NonTarget	1	487766
2438.91	0.8	NonTarget	1	487782
2438.995	0.8	NonTarget	1	487799
2439.08	0.8	NonTarget	1	487816
2439.16	0.8	NonTarget	1	487832
2439.245	0.8	NonTarget	1	487849
2439.33	0.8	NonTarget	1	487866
2439.415	0.8	NonTarget	1	487883
2439.495	0.8	NonTarget	1	487899
2439.58	0.8	NonTarget	1	487916
2439.665	0.8	NonTarget	1	487933
2439.745	0.8	NonTarget	1	487949
2439.83	0.8	NonTarget	1	487966
2439.915	0.8	NonTarget	1	487983
2440.0	0.8	NonTarget	1	488000
2440.08	0.8	NonTarget	1	488016
2440.165	0.8	NonTarget	1	488033
2440.245	0.8	NonTarget	1	488049
2440.33	0.8	NonTarget	1	488066
2440.415	0.8	NonTarget	1	488083
2440.495	0.8	Target	2	488099
2440.58	0.8	NonTarget	1	488116
2440.665	0.8	NonTarget	1	488133
2441.065	0.8	NonTarget	1	488213
2441.15	0.8	NonTarget	1	488230
2441.23	0.8	NonTarget	1	488246
2441.315	0.8	NonTarget	1	488263
2441.4	0.8	NonTarget	1	488280
2441.485	0.8	NonTarget	1	488297
2441.565	0.8	NonTarget	1	488313
2441.65	0.8	NonTarget	1	488330
2441.735	0.8	NonTarget	1	488347
2441.815	0.8	NonTarget	1	488363
2441.9	0.8	NonTarget	1	488380
2441.98	0.8	NonTarget	1	488396
2442.07	0.8	NonTarget	1	488414
2442.15	0.8	NonTarget	1	488430
2442.235	0.8	NonTarget	1	488447
2442.315	0.8	NonTarget	1	488463
2442.4	0.8	NonTarget	1	488480
2442.485	0.8	NonTarget	1	488497
2442.565	0.8	NonTarget	1	488513
2442.65	0.8	NonTarget	1	488530
2442.735	0.8	NonTarget	1	488547
2442.82	0.8	NonTarget	1	488564
2442.9	0.8	Target	2	488580
2442.985	0.8	NonTarget	1	488597
2443.07	0.8	NonTarget	1	488614
2443.15	0.8	NonTarget	1	488630
2443.235	0.8	NonTarget	1	488647
2443.32	0.8	NonTarget	1	488664
2443.4	0.8	NonTarget	1	488680
2443.485	0.8	NonTarget	1	488697
2443.885	0.8	NonTarget	1	488777
2443.97	0.8	NonTarget	1	488794
2444.055	0.8	NonTarget	1	488811
2444.135	0.8	NonTarget	1	488827
2444.22	0.8	NonTarget	1	488844
2444.305	0.8	NonTarget	1	488861
2444.385	0.8	NonTarget	1	488877
2444.47	0.8	NonTarget	1	488894
2444.555	0.8	NonTarget	1	488911
2444.635	0.8	NonTarget	1	488927
2444.72	0.8	NonTarget	1	488944
2444.805	0.8	NonTarget	1	488961
2444.89	0.8	NonTarget	1	488978
2444.97	0.8	NonTarget	1	488994
2445.055	0.8	NonTarget	1	489011
2445.14	0.8	NonTarget	1	489028
2445.22	0.8	NonTarget	1	489044
2445.305	0.8	NonTarget	1	489061
2445.39	0.8	NonTarget	1	489078
2445.47	0.8	NonTarget	1	489094
2445.555	0.8	NonTarget	1	489111
2445.64	0.8	NonTarget	1	489128
2445.72	0.8	Target	2	489144
2445.805	0.8	NonTarget	1	489161
2445.89	0.8	NonTarget	1	489178
2445.97	0.8	NonTarget	1	489194
2446.055	0.8	NonTarget	1	489211
2446.14	0.8	NonTarget	1	489228
2446.225	0.8	NonTarget	1	489245
2446.305	0.8	NonTarget	1	489261
2446.705	0.8	NonTarget	1	489341
2446.79	0.8	NonTarget	1	489358
2446.875	0.8	NonTarget	1	489375
2446.96	0.8	NonTarget	1	489392
2447.04	0.8	NonTarget	1	489408
2447.125	0.8	NonTarget	1	489425
2447.205	0.8	NonTarget	1	489441
2447.29	0.8	NonTarget	1	489458
2447.375	0.8	NonTarget	1	489475
2447.455	0.8	NonTarget	1	489491
2447.54	0.8	NonTarget	1	489508
2447.625	0.8	NonTarget	1	489525
2447.71	0.8	NonTarget	1	489542
2447.79	0.8	NonTarget	1	489558
2447.875	0.8	NonTarget	1	489575
2447.96	0.8	NonTarget	1	489592
2448.04	0.8	NonTarget	1	489608
2448.125	0.8	Target	2	489625
2448.21	0.8	NonTarget	1	489642
2448.29	0.8	NonTarget	1	489658
2448.375	0.8	NonTarget	1	489675
2448.46	0.8	NonTarget	1	489692
2448.54	0.8	NonTarget	1	489708
2448.63	0.8	NonTarget	1	489726
2448.71	0.8	NonTarget	1	489742
2448.795	0.8	NonTarget	1	489759
2448.875	0.8	NonTarget	1	489775
2448.96	0.8	NonTarget	1	489792
2449.045	0.8	NonTarget	1	489809
2449.125	0.8	NonTarget	1	489825
2449.53	0.8	NonTarget	1	489906
2449.61	0.8	NonTarget	1	489922
2449.695	0.8	NonTarget	1	489939
2449.775	0.8	NonTarget	1	489955
2449.86	0.8	NonTarget	1	489972
2449.945	0.8	NonTarget	1	489989
2450.03	0.8	NonTarget	1	490006
2450.11	0.8	NonTarget	1	490022
2450.195	0.8	NonTarget	1	490039
2450.28	0.8	NonTarget	1	490056
2450.36	0.8	NonTarget	1	490072
2450.445	0.8	NonTarget	1	490089
2450.53	0.8	NonTarget	1	490106
2450.615	0.8	NonTarget	1	490123
2450.695	0.8	NonTarget	1	490139
2450.78	0.8	NonTarget	1	490156
2450.865	0.8	NonTarget	1	490173
2450.945	0.8	NonTarget	1	490189
2451.03	0.8	NonTarget	1	490206
2451.115	0.8	NonTarget	1	490223
2451.195	0.8	NonTarget	1	490239
2451.28	0.8	NonTarget	1	490256
2451.36	0.8	Target	2	490272
2451.445	0.8	NonTarget	1	490289
2451.53	0.8	NonTarget	1	490306
2451.615	0.8	NonTarget	1	490323
2451.695	0.8	NonTarget	1	490339
2451.78	0.8	NonTarget	1	490356
2451.865	0.8	NonTarget	1	490373
2451.945	0.8	NonTarget	1	490389
2452.345	0.8	NonTarget	1	490469
2452.43	0.8	NonTarget	1	490486
2452.515	0.8	NonTarget	1	490503
2452.6	0.8	NonTarget	1	490520
2452.68	0.8	NonTarget	1	490536
2452.765	0.8	NonTarget	1	490553
2452.85	0.8	NonTarget	1	490570
2452.93	0.8	NonTarget	1	490586
2453.015	0.8	NonTarget	1	490603
2453.1	0.8	NonTarget	1	490620
2453.185	0.8	NonTarget	1	490637
2453.265	0.8	NonTarget	1	490653
2453.35	0.8	Target	2	490670
2453.435	0.8	NonTarget	1	490687
2453.515	0.8	NonTarget	1	490703
2453.6	0.8	NonTarget	1	490720
2453.685	0.8	NonTarget	1	490737
2453.765	0.8	NonTarget	1	490753
2453.85	0.8	NonTarget	1	490770
2453.935	0.8	NonTarget	1	490787
2454.015	0.8	NonTarget	1	490803
2454.1	0.8	NonTarget	1	490820
2454.185	0.8	NonTarget	1	490837
2454.27	0.8	NonTarget	1	490854
2454.35	0.8	NonTarget	1	490870
2454.435	0.8	NonTarget	1	490887
2454.52	0.8	NonTarget	1	490904
2454.6	0.8	NonTarget	1	490920
2454.685	0.8	NonTarget	1	490937
2454.765	0.8	NonTarget	1	490953
2455.17	0.8	NonTarget	1	491034
2455.255	0.8	NonTarget	1	491051
2455.335	0.8	NonTarget	1	491067
2455.42	0.8	NonTarget	1	491084
2455.505	0.8	NonTarget	1	491101
2455.585	0.8	NonTarget	1	491117
2455.67	0.8	NonTarget	1	491134
2455.755	0.8	NonTarget	1	491151
2455.835	0.8	NonTarget	1	491167
2455.92	0.8	NonTarget	1	491184
2456.005	0.8	NonTarget	1	491201
2456.085	0.8	NonTarget	1	491217
2456.17	0.8	Target	2	491234
2456.255	0.8	NonTarget	1	491251
2456.335	0.8	NonTarget	1	491267
2456.42	0.8	NonTarget	1	491284
2456.5	0.8	NonTarget	1	491300
2456.59	0.8	NonTarget	1	491318
2456.67	0.8	NonTarget	1	491334
2456.755	0.8	NonTarget	1	491351
2456.84	0.8	NonTarget	1	491368
2456.92	0.8	NonTarget	1	491384
2457.005	0.8	NonTarget	1	491401
2457.09	0.8	NonTarget	1	491418
2457.175	0.8	NonTarget	1	491435
2457.255	0.8	NonTarget	1	491451
2457.34	0.8	NonTarget	1	491468
2457.42	0.8	NonTarget	1	491484
2457.505	0.8	NonTarget	1	491501
2457.59	0.8	NonTarget	1	491518
