onset	duration	trial_type	value	sample
891.06	n/a	NonTarget	1	178212
891.14	n/a	NonTarget	1	178228
891.225	n/a	NonTarget	1	178245
891.315	n/a	NonTarget	1	178263
891.39	n/a	NonTarget	1	178278
891.475	n/a	NonTarget	1	178295
891.56	n/a	NonTarget	1	178312
891.64	n/a	NonTarget	1	178328
891.725	n/a	NonTarget	1	178345
891.81	n/a	Target	2	178362
891.89	n/a	NonTarget	1	178378
891.975	n/a	NonTarget	1	178395
892.06	n/a	NonTarget	1	178412
892.145	n/a	NonTarget	1	178429
892.23	n/a	NonTarget	1	178446
892.31	n/a	NonTarget	1	178462
892.395	n/a	NonTarget	1	178479
892.475	n/a	NonTarget	1	178495
892.56	n/a	NonTarget	1	178512
892.645	n/a	NonTarget	1	178529
892.725	n/a	NonTarget	1	178545
892.81	n/a	NonTarget	1	178562
892.895	n/a	NonTarget	1	178579
892.975	n/a	NonTarget	1	178595
893.06	n/a	NonTarget	1	178612
893.14	n/a	NonTarget	1	178628
893.23	n/a	NonTarget	1	178646
893.315	n/a	NonTarget	1	178663
893.395	n/a	NonTarget	1	178679
893.475	n/a	NonTarget	1	178695
893.875	n/a	NonTarget	1	178775
893.96	n/a	NonTarget	1	178792
894.045	n/a	NonTarget	1	178809
894.125	n/a	NonTarget	1	178825
894.21	n/a	NonTarget	1	178842
894.295	n/a	NonTarget	1	178859
894.38	n/a	NonTarget	1	178876
894.46	n/a	NonTarget	1	178892
894.545	n/a	NonTarget	1	178909
894.625	n/a	NonTarget	1	178925
894.715	n/a	NonTarget	1	178943
894.795	n/a	NonTarget	1	178959
894.88	n/a	NonTarget	1	178976
894.965	n/a	NonTarget	1	178993
895.045	n/a	NonTarget	1	179009
895.13	n/a	NonTarget	1	179026
895.21	n/a	NonTarget	1	179042
895.295	n/a	NonTarget	1	179059
895.38	n/a	NonTarget	1	179076
895.465	n/a	NonTarget	1	179093
895.545	n/a	NonTarget	1	179109
895.63	n/a	NonTarget	1	179126
895.715	n/a	NonTarget	1	179143
895.795	n/a	NonTarget	1	179159
895.88	n/a	Target	2	179176
895.96	n/a	NonTarget	1	179192
896.045	n/a	NonTarget	1	179209
896.13	n/a	NonTarget	1	179226
896.21	n/a	NonTarget	1	179242
896.295	n/a	NonTarget	1	179259
896.695	n/a	NonTarget	1	179339
896.78	n/a	NonTarget	1	179356
896.86	n/a	NonTarget	1	179372
896.945	n/a	NonTarget	1	179389
897.03	n/a	NonTarget	1	179406
897.115	n/a	NonTarget	1	179423
897.195	n/a	NonTarget	1	179439
897.28	n/a	NonTarget	1	179456
897.365	n/a	NonTarget	1	179473
897.445	n/a	NonTarget	1	179489
897.53	n/a	NonTarget	1	179506
897.615	n/a	NonTarget	1	179523
897.7	n/a	NonTarget	1	179540
897.78	n/a	NonTarget	1	179556
897.865	n/a	NonTarget	1	179573
897.95	n/a	NonTarget	1	179590
898.03	n/a	NonTarget	1	179606
898.115	n/a	NonTarget	1	179623
898.2	n/a	NonTarget	1	179640
898.28	n/a	NonTarget	1	179656
898.365	n/a	NonTarget	1	179673
898.445	n/a	NonTarget	1	179689
898.53	n/a	NonTarget	1	179706
898.615	n/a	NonTarget	1	179723
898.7	n/a	NonTarget	1	179740
898.78	n/a	NonTarget	1	179756
898.865	n/a	NonTarget	1	179773
898.95	n/a	NonTarget	1	179790
899.03	n/a	NonTarget	1	179806
899.115	n/a	Target	2	179823
899.515	n/a	NonTarget	1	179903
899.6	n/a	NonTarget	1	179920
899.68	n/a	NonTarget	1	179936
899.765	n/a	NonTarget	1	179953
899.845	n/a	NonTarget	1	179969
899.935	n/a	NonTarget	1	179987
900.015	n/a	NonTarget	1	180003
900.1	n/a	NonTarget	1	180020
900.185	n/a	NonTarget	1	180037
900.265	n/a	NonTarget	1	180053
900.35	n/a	NonTarget	1	180070
900.43	n/a	NonTarget	1	180086
900.52	n/a	NonTarget	1	180104
900.605	n/a	NonTarget	1	180121
900.68	n/a	NonTarget	1	180136
900.765	n/a	NonTarget	1	180153
900.85	n/a	NonTarget	1	180170
900.93	n/a	NonTarget	1	180186
901.015	n/a	NonTarget	1	180203
901.1	n/a	NonTarget	1	180220
901.185	n/a	NonTarget	1	180237
901.265	n/a	NonTarget	1	180253
901.35	n/a	NonTarget	1	180270
901.435	n/a	NonTarget	1	180287
901.515	n/a	Target	2	180303
901.6	n/a	NonTarget	1	180320
901.685	n/a	NonTarget	1	180337
901.77	n/a	NonTarget	1	180354
901.85	n/a	NonTarget	1	180370
901.935	n/a	NonTarget	1	180387
902.335	n/a	NonTarget	1	180467
902.415	n/a	NonTarget	1	180483
902.505	n/a	NonTarget	1	180501
902.585	n/a	NonTarget	1	180517
902.665	n/a	Target	2	180533
902.75	n/a	NonTarget	1	180550
902.835	n/a	NonTarget	1	180567
902.915	n/a	NonTarget	1	180583
903.0	n/a	NonTarget	1	180600
903.085	n/a	NonTarget	1	180617
903.165	n/a	NonTarget	1	180633
903.255	n/a	NonTarget	1	180651
903.335	n/a	NonTarget	1	180667
903.42	n/a	NonTarget	1	180684
903.5	n/a	NonTarget	1	180700
903.59	n/a	NonTarget	1	180718
903.67	n/a	NonTarget	1	180734
903.75	n/a	NonTarget	1	180750
903.835	n/a	NonTarget	1	180767
903.92	n/a	NonTarget	1	180784
904.005	n/a	NonTarget	1	180801
904.085	n/a	NonTarget	1	180817
904.17	n/a	NonTarget	1	180834
904.25	n/a	NonTarget	1	180850
904.335	n/a	NonTarget	1	180867
904.42	n/a	NonTarget	1	180884
904.5	n/a	NonTarget	1	180900
904.585	n/a	NonTarget	1	180917
904.67	n/a	NonTarget	1	180934
904.75	n/a	NonTarget	1	180950
905.15	n/a	NonTarget	1	181030
905.235	n/a	NonTarget	1	181047
905.32	n/a	NonTarget	1	181064
905.405	n/a	NonTarget	1	181081
905.485	n/a	NonTarget	1	181097
905.57	n/a	NonTarget	1	181114
905.655	n/a	NonTarget	1	181131
905.735	n/a	NonTarget	1	181147
905.82	n/a	NonTarget	1	181164
905.905	n/a	NonTarget	1	181181
905.99	n/a	NonTarget	1	181198
906.07	n/a	NonTarget	1	181214
906.155	n/a	NonTarget	1	181231
906.235	n/a	NonTarget	1	181247
906.32	n/a	NonTarget	1	181264
906.405	n/a	NonTarget	1	181281
906.485	n/a	NonTarget	1	181297
906.57	n/a	NonTarget	1	181314
906.655	n/a	NonTarget	1	181331
906.735	n/a	Target	2	181347
906.82	n/a	NonTarget	1	181364
906.905	n/a	NonTarget	1	181381
906.985	n/a	NonTarget	1	181397
907.07	n/a	NonTarget	1	181414
907.155	n/a	NonTarget	1	181431
907.235	n/a	NonTarget	1	181447
907.32	n/a	NonTarget	1	181464
907.405	n/a	NonTarget	1	181481
907.49	n/a	NonTarget	1	181498
907.57	n/a	NonTarget	1	181514
907.97	n/a	NonTarget	1	181594
908.055	n/a	NonTarget	1	181611
908.14	n/a	NonTarget	1	181628
908.225	n/a	NonTarget	1	181645
908.305	n/a	NonTarget	1	181661
908.39	n/a	NonTarget	1	181678
908.47	n/a	NonTarget	1	181694
908.555	n/a	NonTarget	1	181711
908.64	n/a	NonTarget	1	181728
908.72	n/a	Target	2	181744
908.805	n/a	NonTarget	1	181761
908.89	n/a	NonTarget	1	181778
908.97	n/a	NonTarget	1	181794
909.055	n/a	NonTarget	1	181811
909.14	n/a	NonTarget	1	181828
909.22	n/a	NonTarget	1	181844
909.305	n/a	NonTarget	1	181861
909.39	n/a	NonTarget	1	181878
909.47	n/a	NonTarget	1	181894
909.555	n/a	NonTarget	1	181911
909.64	n/a	NonTarget	1	181928
909.72	n/a	NonTarget	1	181944
909.805	n/a	NonTarget	1	181961
909.89	n/a	NonTarget	1	181978
909.97	n/a	NonTarget	1	181994
910.06	n/a	NonTarget	1	182012
910.14	n/a	NonTarget	1	182028
910.225	n/a	NonTarget	1	182045
910.31	n/a	NonTarget	1	182062
910.39	n/a	NonTarget	1	182078
910.79	n/a	NonTarget	1	182158
910.875	n/a	NonTarget	1	182175
910.96	n/a	NonTarget	1	182192
911.045	n/a	NonTarget	1	182209
911.125	n/a	NonTarget	1	182225
911.205	n/a	NonTarget	1	182241
911.29	n/a	NonTarget	1	182258
911.37	n/a	NonTarget	1	182274
911.46	n/a	NonTarget	1	182292
911.54	n/a	NonTarget	1	182308
911.625	n/a	NonTarget	1	182325
911.71	n/a	NonTarget	1	182342
911.79	n/a	NonTarget	1	182358
911.875	n/a	NonTarget	1	182375
911.955	n/a	Target	2	182391
912.04	n/a	NonTarget	1	182408
912.125	n/a	NonTarget	1	182425
912.21	n/a	NonTarget	1	182442
912.29	n/a	NonTarget	1	182458
912.375	n/a	NonTarget	1	182475
912.46	n/a	NonTarget	1	182492
912.54	n/a	NonTarget	1	182508
912.625	n/a	NonTarget	1	182525
912.71	n/a	NonTarget	1	182542
912.795	n/a	NonTarget	1	182559
912.875	n/a	NonTarget	1	182575
912.96	n/a	NonTarget	1	182592
913.04	n/a	NonTarget	1	182608
913.125	n/a	NonTarget	1	182625
913.21	n/a	NonTarget	1	182642
913.61	n/a	NonTarget	1	182722
913.69	n/a	NonTarget	1	182738
913.775	n/a	NonTarget	1	182755
913.86	n/a	NonTarget	1	182772
913.945	n/a	NonTarget	1	182789
914.025	n/a	NonTarget	1	182805
914.11	n/a	NonTarget	1	182822
914.19	n/a	NonTarget	1	182838
914.275	n/a	NonTarget	1	182855
914.36	n/a	NonTarget	1	182872
914.445	n/a	NonTarget	1	182889
914.525	n/a	NonTarget	1	182905
914.61	n/a	NonTarget	1	182922
914.695	n/a	NonTarget	1	182939
914.775	n/a	NonTarget	1	182955
914.865	n/a	NonTarget	1	182973
914.945	n/a	NonTarget	1	182989
915.03	n/a	NonTarget	1	183006
915.11	n/a	NonTarget	1	183022
915.195	n/a	NonTarget	1	183039
915.28	n/a	NonTarget	1	183056
915.36	n/a	NonTarget	1	183072
915.445	n/a	NonTarget	1	183089
915.525	n/a	NonTarget	1	183105
915.61	n/a	Target	2	183122
915.69	n/a	NonTarget	1	183138
915.78	n/a	NonTarget	1	183156
915.865	n/a	NonTarget	1	183173
915.945	n/a	NonTarget	1	183189
916.025	n/a	NonTarget	1	183205
916.425	n/a	NonTarget	1	183285
916.51	n/a	NonTarget	1	183302
916.595	n/a	NonTarget	1	183319
916.68	n/a	NonTarget	1	183336
916.76	n/a	NonTarget	1	183352
916.845	n/a	NonTarget	1	183369
916.93	n/a	NonTarget	1	183386
917.01	n/a	NonTarget	1	183402
917.095	n/a	NonTarget	1	183419
917.18	n/a	NonTarget	1	183436
917.265	n/a	NonTarget	1	183453
917.35	n/a	NonTarget	1	183470
917.425	n/a	NonTarget	1	183485
917.515	n/a	NonTarget	1	183503
917.595	n/a	NonTarget	1	183519
917.68	n/a	NonTarget	1	183536
917.76	n/a	NonTarget	1	183552
917.845	n/a	NonTarget	1	183569
917.93	n/a	NonTarget	1	183586
918.01	n/a	NonTarget	1	183602
918.095	n/a	NonTarget	1	183619
918.18	n/a	NonTarget	1	183636
918.265	n/a	NonTarget	1	183653
918.345	n/a	NonTarget	1	183669
918.43	n/a	NonTarget	1	183686
918.515	n/a	NonTarget	1	183703
918.595	n/a	NonTarget	1	183719
918.68	n/a	NonTarget	1	183736
918.76	n/a	NonTarget	1	183752
918.845	n/a	Target	2	183769
929.0	n/a	NonTarget	1	185800
929.085	n/a	NonTarget	1	185817
929.17	n/a	NonTarget	1	185834
929.255	n/a	NonTarget	1	185851
929.335	n/a	NonTarget	1	185867
929.42	n/a	NonTarget	1	185884
929.505	n/a	NonTarget	1	185901
929.59	n/a	NonTarget	1	185918
929.67	n/a	NonTarget	1	185934
929.755	n/a	NonTarget	1	185951
929.84	n/a	NonTarget	1	185968
929.92	n/a	NonTarget	1	185984
930.005	n/a	NonTarget	1	186001
930.09	n/a	NonTarget	1	186018
930.17	n/a	NonTarget	1	186034
930.255	n/a	NonTarget	1	186051
930.34	n/a	NonTarget	1	186068
930.425	n/a	NonTarget	1	186085
930.505	n/a	NonTarget	1	186101
930.59	n/a	NonTarget	1	186118
930.67	n/a	NonTarget	1	186134
930.755	n/a	NonTarget	1	186151
930.84	n/a	NonTarget	1	186168
930.92	n/a	NonTarget	1	186184
931.005	n/a	Target	2	186201
931.09	n/a	NonTarget	1	186218
931.17	n/a	NonTarget	1	186234
931.255	n/a	NonTarget	1	186251
931.34	n/a	NonTarget	1	186268
931.42	n/a	NonTarget	1	186284
931.825	n/a	NonTarget	1	186365
931.905	n/a	NonTarget	1	186381
931.99	n/a	NonTarget	1	186398
932.075	n/a	NonTarget	1	186415
932.155	n/a	NonTarget	1	186431
932.24	n/a	NonTarget	1	186448
932.32	n/a	NonTarget	1	186464
932.405	n/a	NonTarget	1	186481
932.49	n/a	NonTarget	1	186498
932.575	n/a	NonTarget	1	186515
932.66	n/a	NonTarget	1	186532
932.74	n/a	NonTarget	1	186548
932.825	n/a	NonTarget	1	186565
932.91	n/a	NonTarget	1	186582
932.99	n/a	Target	2	186598
933.075	n/a	NonTarget	1	186615
933.155	n/a	NonTarget	1	186631
933.24	n/a	NonTarget	1	186648
933.325	n/a	NonTarget	1	186665
933.405	n/a	NonTarget	1	186681
933.49	n/a	NonTarget	1	186698
933.575	n/a	NonTarget	1	186715
933.66	n/a	NonTarget	1	186732
933.74	n/a	NonTarget	1	186748
933.825	n/a	NonTarget	1	186765
933.905	n/a	NonTarget	1	186781
933.995	n/a	NonTarget	1	186799
934.075	n/a	NonTarget	1	186815
934.16	n/a	NonTarget	1	186832
934.24	n/a	NonTarget	1	186848
934.64	n/a	NonTarget	1	186928
934.725	n/a	NonTarget	1	186945
934.805	n/a	NonTarget	1	186961
934.89	n/a	NonTarget	1	186978
934.975	n/a	NonTarget	1	186995
935.06	n/a	NonTarget	1	187012
935.14	n/a	NonTarget	1	187028
935.225	n/a	NonTarget	1	187045
935.31	n/a	NonTarget	1	187062
935.39	n/a	NonTarget	1	187078
935.475	n/a	NonTarget	1	187095
935.56	n/a	NonTarget	1	187112
935.64	n/a	NonTarget	1	187128
935.725	n/a	NonTarget	1	187145
935.81	n/a	NonTarget	1	187162
935.89	n/a	NonTarget	1	187178
935.975	n/a	NonTarget	1	187195
936.06	n/a	NonTarget	1	187212
936.14	n/a	NonTarget	1	187228
936.23	n/a	Target	2	187246
936.31	n/a	NonTarget	1	187262
936.39	n/a	NonTarget	1	187278
936.475	n/a	NonTarget	1	187295
936.56	n/a	NonTarget	1	187312
936.645	n/a	NonTarget	1	187329
936.725	n/a	NonTarget	1	187345
936.81	n/a	NonTarget	1	187362
936.895	n/a	NonTarget	1	187379
936.975	n/a	NonTarget	1	187395
937.06	n/a	NonTarget	1	187412
937.46	n/a	NonTarget	1	187492
937.545	n/a	NonTarget	1	187509
937.625	n/a	NonTarget	1	187525
937.71	n/a	NonTarget	1	187542
937.795	n/a	NonTarget	1	187559
937.88	n/a	NonTarget	1	187576
937.96	n/a	NonTarget	1	187592
938.045	n/a	NonTarget	1	187609
938.125	n/a	NonTarget	1	187625
938.21	n/a	NonTarget	1	187642
938.295	n/a	NonTarget	1	187659
938.375	n/a	NonTarget	1	187675
938.46	n/a	NonTarget	1	187692
938.55	n/a	NonTarget	1	187710
938.625	n/a	NonTarget	1	187725
938.71	n/a	NonTarget	1	187742
938.795	n/a	NonTarget	1	187759
938.88	n/a	NonTarget	1	187776
938.96	n/a	NonTarget	1	187792
939.045	n/a	NonTarget	1	187809
939.125	n/a	NonTarget	1	187825
939.21	n/a	NonTarget	1	187842
939.295	n/a	NonTarget	1	187859
939.38	n/a	NonTarget	1	187876
939.46	n/a	NonTarget	1	187892
939.545	n/a	NonTarget	1	187909
939.63	n/a	NonTarget	1	187926
939.71	n/a	NonTarget	1	187942
939.795	n/a	NonTarget	1	187959
939.88	n/a	Target	2	187976
940.28	n/a	NonTarget	1	188056
940.36	n/a	NonTarget	1	188072
940.445	n/a	NonTarget	1	188089
940.53	n/a	NonTarget	1	188106
940.615	n/a	Target	2	188123
940.695	n/a	NonTarget	1	188139
940.78	n/a	NonTarget	1	188156
940.865	n/a	NonTarget	1	188173
940.945	n/a	NonTarget	1	188189
941.03	n/a	NonTarget	1	188206
941.11	n/a	NonTarget	1	188222
941.195	n/a	NonTarget	1	188239
941.285	n/a	NonTarget	1	188257
941.365	n/a	NonTarget	1	188273
941.445	n/a	NonTarget	1	188289
941.53	n/a	NonTarget	1	188306
941.615	n/a	NonTarget	1	188323
941.695	n/a	NonTarget	1	188339
941.785	n/a	NonTarget	1	188357
941.865	n/a	NonTarget	1	188373
941.945	n/a	NonTarget	1	188389
942.03	n/a	NonTarget	1	188406
942.115	n/a	NonTarget	1	188423
942.2	n/a	NonTarget	1	188440
942.28	n/a	NonTarget	1	188456
942.365	n/a	NonTarget	1	188473
942.445	n/a	NonTarget	1	188489
942.53	n/a	NonTarget	1	188506
942.615	n/a	NonTarget	1	188523
942.695	n/a	NonTarget	1	188539
943.1	n/a	NonTarget	1	188620
943.18	n/a	NonTarget	1	188636
943.27	n/a	NonTarget	1	188654
943.35	n/a	NonTarget	1	188670
943.43	n/a	NonTarget	1	188686
943.515	n/a	NonTarget	1	188703
943.6	n/a	NonTarget	1	188720
943.68	n/a	NonTarget	1	188736
943.765	n/a	NonTarget	1	188753
943.85	n/a	NonTarget	1	188770
943.93	n/a	NonTarget	1	188786
944.015	n/a	NonTarget	1	188803
944.1	n/a	NonTarget	1	188820
944.18	n/a	NonTarget	1	188836
944.265	n/a	NonTarget	1	188853
944.35	n/a	NonTarget	1	188870
944.43	n/a	NonTarget	1	188886
944.515	n/a	NonTarget	1	188903
944.6	n/a	NonTarget	1	188920
944.685	n/a	NonTarget	1	188937
944.765	n/a	NonTarget	1	188953
944.85	n/a	NonTarget	1	188970
944.93	n/a	NonTarget	1	188986
945.015	n/a	NonTarget	1	189003
945.1	n/a	Target	2	189020
945.185	n/a	NonTarget	1	189037
945.27	n/a	NonTarget	1	189054
945.35	n/a	NonTarget	1	189070
945.435	n/a	NonTarget	1	189087
945.52	n/a	NonTarget	1	189104
945.915	n/a	NonTarget	1	189183
946.0	n/a	NonTarget	1	189200
946.085	n/a	NonTarget	1	189217
946.17	n/a	NonTarget	1	189234
946.25	n/a	NonTarget	1	189250
946.335	n/a	NonTarget	1	189267
946.415	n/a	NonTarget	1	189283
946.5	n/a	NonTarget	1	189300
946.585	n/a	NonTarget	1	189317
946.665	n/a	NonTarget	1	189333
946.75	n/a	NonTarget	1	189350
946.835	n/a	NonTarget	1	189367
946.92	n/a	NonTarget	1	189384
947.0	n/a	NonTarget	1	189400
947.085	n/a	NonTarget	1	189417
947.165	n/a	NonTarget	1	189433
947.255	n/a	NonTarget	1	189451
947.34	n/a	NonTarget	1	189468
947.415	n/a	NonTarget	1	189483
947.5	n/a	NonTarget	1	189500
947.585	n/a	NonTarget	1	189517
947.67	n/a	NonTarget	1	189534
947.75	n/a	NonTarget	1	189550
947.835	n/a	NonTarget	1	189567
947.92	n/a	Target	2	189584
948.0	n/a	NonTarget	1	189600
948.085	n/a	NonTarget	1	189617
948.165	n/a	NonTarget	1	189633
948.25	n/a	NonTarget	1	189650
948.335	n/a	NonTarget	1	189667
948.735	n/a	NonTarget	1	189747
948.82	n/a	NonTarget	1	189764
948.905	n/a	NonTarget	1	189781
948.985	n/a	NonTarget	1	189797
949.07	n/a	NonTarget	1	189814
949.15	n/a	NonTarget	1	189830
949.235	n/a	NonTarget	1	189847
949.32	n/a	NonTarget	1	189864
949.405	n/a	NonTarget	1	189881
949.485	n/a	NonTarget	1	189897
949.57	n/a	NonTarget	1	189914
949.655	n/a	NonTarget	1	189931
949.74	n/a	NonTarget	1	189948
949.82	n/a	NonTarget	1	189964
949.905	n/a	Target	2	189981
949.99	n/a	NonTarget	1	189998
950.07	n/a	NonTarget	1	190014
950.15	n/a	NonTarget	1	190030
950.235	n/a	NonTarget	1	190047
950.32	n/a	NonTarget	1	190064
950.4	n/a	NonTarget	1	190080
950.485	n/a	NonTarget	1	190097
950.57	n/a	NonTarget	1	190114
950.655	n/a	NonTarget	1	190131
950.735	n/a	NonTarget	1	190147
950.82	n/a	NonTarget	1	190164
950.905	n/a	NonTarget	1	190181
950.99	n/a	NonTarget	1	190198
951.07	n/a	NonTarget	1	190214
951.155	n/a	NonTarget	1	190231
951.555	n/a	NonTarget	1	190311
951.635	n/a	NonTarget	1	190327
951.72	n/a	NonTarget	1	190344
951.805	n/a	NonTarget	1	190361
951.885	n/a	NonTarget	1	190377
951.97	n/a	NonTarget	1	190394
952.055	n/a	NonTarget	1	190411
952.14	n/a	NonTarget	1	190428
952.22	n/a	NonTarget	1	190444
952.305	n/a	Target	2	190461
952.39	n/a	NonTarget	1	190478
952.47	n/a	NonTarget	1	190494
952.555	n/a	NonTarget	1	190511
952.64	n/a	NonTarget	1	190528
952.72	n/a	NonTarget	1	190544
952.805	n/a	NonTarget	1	190561
952.89	n/a	NonTarget	1	190578
952.97	n/a	NonTarget	1	190594
953.055	n/a	NonTarget	1	190611
953.14	n/a	NonTarget	1	190628
953.22	n/a	NonTarget	1	190644
953.305	n/a	NonTarget	1	190661
953.39	n/a	NonTarget	1	190678
953.47	n/a	NonTarget	1	190694
953.555	n/a	NonTarget	1	190711
953.64	n/a	NonTarget	1	190728
953.72	n/a	NonTarget	1	190744
953.805	n/a	NonTarget	1	190761
953.89	n/a	NonTarget	1	190778
953.975	n/a	NonTarget	1	190795
954.37	n/a	NonTarget	1	190874
954.455	n/a	NonTarget	1	190891
954.545	n/a	NonTarget	1	190909
954.625	n/a	NonTarget	1	190925
954.705	n/a	NonTarget	1	190941
954.79	n/a	NonTarget	1	190958
954.875	n/a	NonTarget	1	190975
954.955	n/a	NonTarget	1	190991
955.04	n/a	NonTarget	1	191008
955.125	n/a	NonTarget	1	191025
955.205	n/a	NonTarget	1	191041
955.29	n/a	NonTarget	1	191058
955.375	n/a	NonTarget	1	191075
955.455	n/a	NonTarget	1	191091
955.545	n/a	Target	2	191109
955.625	n/a	NonTarget	1	191125
955.705	n/a	NonTarget	1	191141
955.795	n/a	NonTarget	1	191159
955.875	n/a	NonTarget	1	191175
955.955	n/a	NonTarget	1	191191
956.04	n/a	NonTarget	1	191208
956.125	n/a	NonTarget	1	191225
956.205	n/a	NonTarget	1	191241
956.29	n/a	NonTarget	1	191258
956.375	n/a	NonTarget	1	191275
956.46	n/a	NonTarget	1	191292
956.54	n/a	NonTarget	1	191308
956.625	n/a	NonTarget	1	191325
956.71	n/a	NonTarget	1	191342
956.79	n/a	NonTarget	1	191358
966.98	n/a	NonTarget	1	193396
967.065	n/a	NonTarget	1	193413
967.15	n/a	NonTarget	1	193430
967.23	n/a	NonTarget	1	193446
967.315	n/a	NonTarget	1	193463
967.4	n/a	NonTarget	1	193480
967.48	n/a	NonTarget	1	193496
967.565	n/a	NonTarget	1	193513
967.65	n/a	NonTarget	1	193530
967.73	n/a	NonTarget	1	193546
967.815	n/a	NonTarget	1	193563
967.9	n/a	NonTarget	1	193580
967.985	n/a	NonTarget	1	193597
968.065	n/a	NonTarget	1	193613
968.15	n/a	NonTarget	1	193630
968.235	n/a	NonTarget	1	193647
968.315	n/a	NonTarget	1	193663
968.4	n/a	Target	2	193680
968.485	n/a	NonTarget	1	193697
968.565	n/a	NonTarget	1	193713
968.65	n/a	NonTarget	1	193730
968.735	n/a	NonTarget	1	193747
968.82	n/a	NonTarget	1	193764
968.905	n/a	NonTarget	1	193781
968.985	n/a	NonTarget	1	193797
969.07	n/a	NonTarget	1	193814
969.15	n/a	NonTarget	1	193830
969.23	n/a	NonTarget	1	193846
969.315	n/a	NonTarget	1	193863
969.4	n/a	NonTarget	1	193880
969.805	n/a	NonTarget	1	193961
969.885	n/a	NonTarget	1	193977
969.965	n/a	NonTarget	1	193993
970.05	n/a	NonTarget	1	194010
970.135	n/a	NonTarget	1	194027
970.22	n/a	NonTarget	1	194044
970.3	n/a	NonTarget	1	194060
970.385	n/a	NonTarget	1	194077
970.47	n/a	NonTarget	1	194094
970.55	n/a	NonTarget	1	194110
970.635	n/a	NonTarget	1	194127
970.72	n/a	NonTarget	1	194144
970.8	n/a	Target	2	194160
970.885	n/a	NonTarget	1	194177
970.97	n/a	NonTarget	1	194194
971.05	n/a	NonTarget	1	194210
971.14	n/a	NonTarget	1	194228
971.22	n/a	NonTarget	1	194244
971.305	n/a	NonTarget	1	194261
971.39	n/a	NonTarget	1	194278
971.47	n/a	NonTarget	1	194294
971.55	n/a	NonTarget	1	194310
971.635	n/a	NonTarget	1	194327
971.72	n/a	NonTarget	1	194344
971.805	n/a	NonTarget	1	194361
971.885	n/a	NonTarget	1	194377
971.97	n/a	NonTarget	1	194394
972.055	n/a	NonTarget	1	194411
972.135	n/a	NonTarget	1	194427
972.22	n/a	NonTarget	1	194444
972.62	n/a	NonTarget	1	194524
972.705	n/a	NonTarget	1	194541
972.785	n/a	NonTarget	1	194557
972.87	n/a	NonTarget	1	194574
972.95	n/a	NonTarget	1	194590
973.035	n/a	NonTarget	1	194607
973.12	n/a	NonTarget	1	194624
973.205	n/a	Target	2	194641
973.285	n/a	NonTarget	1	194657
973.37	n/a	NonTarget	1	194674
973.455	n/a	NonTarget	1	194691
973.535	n/a	NonTarget	1	194707
973.62	n/a	NonTarget	1	194724
973.705	n/a	NonTarget	1	194741
973.785	n/a	NonTarget	1	194757
973.87	n/a	NonTarget	1	194774
973.955	n/a	NonTarget	1	194791
974.035	n/a	NonTarget	1	194807
974.12	n/a	NonTarget	1	194824
974.205	n/a	NonTarget	1	194841
974.29	n/a	NonTarget	1	194858
974.37	n/a	NonTarget	1	194874
974.455	n/a	NonTarget	1	194891
974.535	n/a	NonTarget	1	194907
974.625	n/a	NonTarget	1	194925
974.705	n/a	NonTarget	1	194941
974.79	n/a	NonTarget	1	194958
974.87	n/a	NonTarget	1	194974
974.955	n/a	NonTarget	1	194991
975.04	n/a	NonTarget	1	195008
975.44	n/a	NonTarget	1	195088
975.52	n/a	NonTarget	1	195104
975.605	n/a	NonTarget	1	195121
975.69	n/a	NonTarget	1	195138
975.77	n/a	NonTarget	1	195154
975.855	n/a	NonTarget	1	195171
975.94	n/a	NonTarget	1	195188
976.02	n/a	NonTarget	1	195204
976.105	n/a	NonTarget	1	195221
976.19	n/a	NonTarget	1	195238
976.27	n/a	NonTarget	1	195254
976.355	n/a	NonTarget	1	195271
976.44	n/a	NonTarget	1	195288
976.52	n/a	NonTarget	1	195304
976.605	n/a	NonTarget	1	195321
976.69	n/a	NonTarget	1	195338
976.77	n/a	NonTarget	1	195354
976.86	n/a	NonTarget	1	195372
976.94	n/a	NonTarget	1	195388
977.025	n/a	NonTarget	1	195405
977.105	n/a	NonTarget	1	195421
977.19	n/a	NonTarget	1	195438
977.275	n/a	NonTarget	1	195455
977.355	n/a	NonTarget	1	195471
977.44	n/a	NonTarget	1	195488
977.525	n/a	NonTarget	1	195505
977.605	n/a	NonTarget	1	195521
977.69	n/a	Target	2	195538
977.775	n/a	NonTarget	1	195555
977.86	n/a	NonTarget	1	195572
978.255	n/a	NonTarget	1	195651
978.34	n/a	NonTarget	1	195668
978.425	n/a	NonTarget	1	195685
978.51	n/a	NonTarget	1	195702
978.59	n/a	NonTarget	1	195718
978.675	n/a	NonTarget	1	195735
978.755	n/a	NonTarget	1	195751
978.84	n/a	NonTarget	1	195768
978.925	n/a	NonTarget	1	195785
979.01	n/a	NonTarget	1	195802
979.09	n/a	NonTarget	1	195818
979.175	n/a	NonTarget	1	195835
979.26	n/a	Target	2	195852
979.34	n/a	NonTarget	1	195868
979.43	n/a	NonTarget	1	195886
979.51	n/a	NonTarget	1	195902
979.59	n/a	NonTarget	1	195918
979.675	n/a	NonTarget	1	195935
979.76	n/a	NonTarget	1	195952
979.84	n/a	NonTarget	1	195968
979.925	n/a	NonTarget	1	195985
980.01	n/a	NonTarget	1	196002
980.09	n/a	NonTarget	1	196018
980.175	n/a	NonTarget	1	196035
980.26	n/a	NonTarget	1	196052
980.345	n/a	NonTarget	1	196069
980.43	n/a	NonTarget	1	196086
980.51	n/a	NonTarget	1	196102
980.59	n/a	NonTarget	1	196118
980.68	n/a	NonTarget	1	196136
981.075	n/a	NonTarget	1	196215
981.16	n/a	NonTarget	1	196232
981.24	n/a	NonTarget	1	196248
981.33	n/a	NonTarget	1	196266
981.41	n/a	NonTarget	1	196282
981.495	n/a	NonTarget	1	196299
981.575	n/a	NonTarget	1	196315
981.66	n/a	NonTarget	1	196332
981.745	n/a	NonTarget	1	196349
981.825	n/a	NonTarget	1	196365
981.91	n/a	NonTarget	1	196382
981.995	n/a	NonTarget	1	196399
982.075	n/a	Target	2	196415
982.16	n/a	NonTarget	1	196432
982.245	n/a	NonTarget	1	196449
982.325	n/a	NonTarget	1	196465
982.41	n/a	NonTarget	1	196482
982.495	n/a	NonTarget	1	196499
982.575	n/a	NonTarget	1	196515
982.66	n/a	NonTarget	1	196532
982.745	n/a	NonTarget	1	196549
982.83	n/a	NonTarget	1	196566
982.91	n/a	NonTarget	1	196582
982.995	n/a	NonTarget	1	196599
983.075	n/a	NonTarget	1	196615
983.16	n/a	NonTarget	1	196632
983.245	n/a	NonTarget	1	196649
983.325	n/a	NonTarget	1	196665
983.41	n/a	NonTarget	1	196682
983.495	n/a	NonTarget	1	196699
983.895	n/a	NonTarget	1	196779
983.98	n/a	NonTarget	1	196796
984.06	n/a	Target	2	196812
984.145	n/a	NonTarget	1	196829
984.23	n/a	NonTarget	1	196846
984.31	n/a	NonTarget	1	196862
984.395	n/a	NonTarget	1	196879
984.48	n/a	NonTarget	1	196896
984.56	n/a	NonTarget	1	196912
984.645	n/a	NonTarget	1	196929
984.73	n/a	NonTarget	1	196946
984.81	n/a	NonTarget	1	196962
984.9	n/a	NonTarget	1	196980
984.98	n/a	NonTarget	1	196996
985.065	n/a	NonTarget	1	197013
985.145	n/a	NonTarget	1	197029
985.23	n/a	NonTarget	1	197046
985.31	n/a	NonTarget	1	197062
985.4	n/a	NonTarget	1	197080
985.48	n/a	NonTarget	1	197096
985.56	n/a	NonTarget	1	197112
985.645	n/a	NonTarget	1	197129
985.73	n/a	NonTarget	1	197146
985.815	n/a	NonTarget	1	197163
985.895	n/a	NonTarget	1	197179
985.98	n/a	NonTarget	1	197196
986.065	n/a	NonTarget	1	197213
986.145	n/a	NonTarget	1	197229
986.23	n/a	NonTarget	1	197246
986.315	n/a	NonTarget	1	197263
986.715	n/a	NonTarget	1	197343
986.795	n/a	NonTarget	1	197359
986.88	n/a	Target	2	197376
986.965	n/a	NonTarget	1	197393
987.05	n/a	NonTarget	1	197410
987.13	n/a	NonTarget	1	197426
987.215	n/a	NonTarget	1	197443
987.295	n/a	NonTarget	1	197459
987.38	n/a	NonTarget	1	197476
987.465	n/a	NonTarget	1	197493
987.545	n/a	NonTarget	1	197509
987.63	n/a	NonTarget	1	197526
987.715	n/a	NonTarget	1	197543
987.8	n/a	NonTarget	1	197560
987.88	n/a	NonTarget	1	197576
987.965	n/a	NonTarget	1	197593
988.05	n/a	NonTarget	1	197610
988.13	n/a	NonTarget	1	197626
988.22	n/a	NonTarget	1	197644
988.3	n/a	NonTarget	1	197660
988.38	n/a	NonTarget	1	197676
988.465	n/a	NonTarget	1	197693
988.55	n/a	NonTarget	1	197710
988.63	n/a	NonTarget	1	197726
988.715	n/a	NonTarget	1	197743
988.795	n/a	NonTarget	1	197759
988.88	n/a	NonTarget	1	197776
988.965	n/a	NonTarget	1	197793
989.05	n/a	NonTarget	1	197810
989.13	n/a	NonTarget	1	197826
989.53	n/a	NonTarget	1	197906
989.615	n/a	NonTarget	1	197923
989.7	n/a	NonTarget	1	197940
989.785	n/a	NonTarget	1	197957
989.865	n/a	NonTarget	1	197973
989.95	n/a	NonTarget	1	197990
990.035	n/a	NonTarget	1	198007
990.12	n/a	NonTarget	1	198024
990.2	n/a	NonTarget	1	198040
990.28	n/a	NonTarget	1	198056
990.365	n/a	NonTarget	1	198073
990.45	n/a	NonTarget	1	198090
990.535	n/a	NonTarget	1	198107
990.62	n/a	NonTarget	1	198124
990.7	n/a	NonTarget	1	198140
990.785	n/a	NonTarget	1	198157
990.865	n/a	NonTarget	1	198173
990.95	n/a	NonTarget	1	198190
991.035	n/a	NonTarget	1	198207
991.115	n/a	NonTarget	1	198223
991.2	n/a	NonTarget	1	198240
991.285	n/a	NonTarget	1	198257
991.365	n/a	NonTarget	1	198273
991.45	n/a	NonTarget	1	198290
991.535	n/a	NonTarget	1	198307
991.62	n/a	NonTarget	1	198324
991.7	n/a	NonTarget	1	198340
991.785	n/a	Target	2	198357
991.87	n/a	NonTarget	1	198374
991.95	n/a	NonTarget	1	198390
992.35	n/a	NonTarget	1	198470
992.435	n/a	NonTarget	1	198487
992.52	n/a	Target	2	198504
992.6	n/a	NonTarget	1	198520
992.685	n/a	NonTarget	1	198537
992.77	n/a	NonTarget	1	198554
992.85	n/a	NonTarget	1	198570
992.935	n/a	NonTarget	1	198587
993.02	n/a	NonTarget	1	198604
993.1	n/a	NonTarget	1	198620
993.185	n/a	NonTarget	1	198637
993.27	n/a	NonTarget	1	198654
993.355	n/a	NonTarget	1	198671
993.435	n/a	NonTarget	1	198687
993.52	n/a	NonTarget	1	198704
993.6	n/a	NonTarget	1	198720
993.685	n/a	NonTarget	1	198737
993.765	n/a	NonTarget	1	198753
993.855	n/a	NonTarget	1	198771
993.935	n/a	NonTarget	1	198787
994.02	n/a	NonTarget	1	198804
994.105	n/a	NonTarget	1	198821
994.185	n/a	NonTarget	1	198837
994.27	n/a	NonTarget	1	198854
994.35	n/a	NonTarget	1	198870
994.435	n/a	NonTarget	1	198887
994.52	n/a	NonTarget	1	198904
994.605	n/a	NonTarget	1	198921
994.685	n/a	NonTarget	1	198937
994.77	n/a	NonTarget	1	198954
1004.94	n/a	NonTarget	1	200988
1005.025	n/a	NonTarget	1	201005
1005.11	n/a	NonTarget	1	201022
1005.195	n/a	NonTarget	1	201039
1005.275	n/a	NonTarget	1	201055
1005.36	n/a	NonTarget	1	201072
1005.445	n/a	NonTarget	1	201089
1005.525	n/a	NonTarget	1	201105
1005.61	n/a	NonTarget	1	201122
1005.695	n/a	NonTarget	1	201139
1005.78	n/a	NonTarget	1	201156
1005.86	n/a	NonTarget	1	201172
1005.945	n/a	NonTarget	1	201189
1006.03	n/a	NonTarget	1	201206
1006.11	n/a	NonTarget	1	201222
1006.195	n/a	NonTarget	1	201239
1006.28	n/a	NonTarget	1	201256
1006.365	n/a	NonTarget	1	201273
1006.45	n/a	Target	2	201290
1006.53	n/a	NonTarget	1	201306
1006.61	n/a	NonTarget	1	201322
1006.695	n/a	NonTarget	1	201339
1006.78	n/a	NonTarget	1	201356
1006.865	n/a	NonTarget	1	201373
1006.945	n/a	NonTarget	1	201389
1007.03	n/a	NonTarget	1	201406
1007.11	n/a	NonTarget	1	201422
1007.2	n/a	NonTarget	1	201440
1007.28	n/a	NonTarget	1	201456
1007.365	n/a	NonTarget	1	201473
1007.765	n/a	NonTarget	1	201553
1007.845	n/a	NonTarget	1	201569
1007.93	n/a	NonTarget	1	201586
1008.015	n/a	NonTarget	1	201603
1008.095	n/a	NonTarget	1	201619
1008.18	n/a	NonTarget	1	201636
1008.265	n/a	NonTarget	1	201653
1008.345	n/a	NonTarget	1	201669
1008.43	n/a	NonTarget	1	201686
1008.515	n/a	NonTarget	1	201703
1008.6	n/a	NonTarget	1	201720
1008.685	n/a	NonTarget	1	201737
1008.77	n/a	NonTarget	1	201754
1008.845	n/a	Target	2	201769
1008.93	n/a	NonTarget	1	201786
1009.015	n/a	NonTarget	1	201803
1009.095	n/a	NonTarget	1	201819
1009.18	n/a	NonTarget	1	201836
1009.265	n/a	NonTarget	1	201853
1009.35	n/a	NonTarget	1	201870
1009.43	n/a	NonTarget	1	201886
1009.515	n/a	NonTarget	1	201903
1009.595	n/a	NonTarget	1	201919
1009.685	n/a	NonTarget	1	201937
1009.765	n/a	NonTarget	1	201953
1009.845	n/a	NonTarget	1	201969
1009.935	n/a	NonTarget	1	201987
1010.015	n/a	NonTarget	1	202003
1010.1	n/a	NonTarget	1	202020
1010.18	n/a	NonTarget	1	202036
1010.585	n/a	NonTarget	1	202117
1010.665	n/a	NonTarget	1	202133
1010.75	n/a	NonTarget	1	202150
1010.83	n/a	NonTarget	1	202166
1010.915	n/a	NonTarget	1	202183
1010.995	n/a	NonTarget	1	202199
1011.085	n/a	NonTarget	1	202217
1011.165	n/a	NonTarget	1	202233
1011.25	n/a	NonTarget	1	202250
1011.33	n/a	NonTarget	1	202266
1011.415	n/a	NonTarget	1	202283
1011.495	n/a	NonTarget	1	202299
1011.585	n/a	NonTarget	1	202317
1011.665	n/a	Target	2	202333
1011.75	n/a	NonTarget	1	202350
1011.83	n/a	NonTarget	1	202366
1011.92	n/a	NonTarget	1	202384
1012.0	n/a	NonTarget	1	202400
1012.08	n/a	NonTarget	1	202416
1012.165	n/a	NonTarget	1	202433
1012.25	n/a	NonTarget	1	202450
1012.335	n/a	NonTarget	1	202467
1012.415	n/a	NonTarget	1	202483
1012.5	n/a	NonTarget	1	202500
1012.585	n/a	NonTarget	1	202517
1012.665	n/a	NonTarget	1	202533
1012.75	n/a	NonTarget	1	202550
1012.835	n/a	NonTarget	1	202567
1012.915	n/a	NonTarget	1	202583
1013.0	n/a	NonTarget	1	202600
1013.4	n/a	NonTarget	1	202680
1013.485	n/a	NonTarget	1	202697
1013.57	n/a	NonTarget	1	202714
1013.65	n/a	Target	2	202730
1013.735	n/a	NonTarget	1	202747
1013.815	n/a	NonTarget	1	202763
1013.9	n/a	NonTarget	1	202780
1013.985	n/a	NonTarget	1	202797
1014.07	n/a	NonTarget	1	202814
1014.15	n/a	NonTarget	1	202830
1014.235	n/a	NonTarget	1	202847
1014.315	n/a	NonTarget	1	202863
1014.4	n/a	NonTarget	1	202880
1014.485	n/a	NonTarget	1	202897
1014.565	n/a	NonTarget	1	202913
1014.65	n/a	NonTarget	1	202930
1014.735	n/a	NonTarget	1	202947
1014.82	n/a	NonTarget	1	202964
1014.9	n/a	NonTarget	1	202980
1014.985	n/a	NonTarget	1	202997
1015.07	n/a	NonTarget	1	203014
1015.15	n/a	NonTarget	1	203030
1015.235	n/a	NonTarget	1	203047
1015.32	n/a	NonTarget	1	203064
1015.4	n/a	NonTarget	1	203080
1015.485	n/a	NonTarget	1	203097
1015.565	n/a	NonTarget	1	203113
1015.65	n/a	NonTarget	1	203130
1015.735	n/a	NonTarget	1	203147
1015.82	n/a	NonTarget	1	203164
1016.225	n/a	NonTarget	1	203245
1016.305	n/a	NonTarget	1	203261
1016.385	n/a	NonTarget	1	203277
1016.47	n/a	NonTarget	1	203294
1016.555	n/a	NonTarget	1	203311
1016.635	n/a	NonTarget	1	203327
1016.72	n/a	NonTarget	1	203344
1016.8	n/a	NonTarget	1	203360
1016.885	n/a	NonTarget	1	203377
1016.97	n/a	NonTarget	1	203394
1017.055	n/a	NonTarget	1	203411
1017.135	n/a	NonTarget	1	203427
1017.22	n/a	NonTarget	1	203444
1017.305	n/a	NonTarget	1	203461
1017.385	n/a	NonTarget	1	203477
1017.47	n/a	NonTarget	1	203494
1017.55	n/a	NonTarget	1	203510
1017.635	n/a	NonTarget	1	203527
1017.72	n/a	NonTarget	1	203544
1017.805	n/a	NonTarget	1	203561
1017.885	n/a	NonTarget	1	203577
1017.97	n/a	NonTarget	1	203594
1018.055	n/a	NonTarget	1	203611
1018.135	n/a	Target	2	203627
1018.22	n/a	NonTarget	1	203644
1018.305	n/a	NonTarget	1	203661
1018.385	n/a	NonTarget	1	203677
1018.47	n/a	NonTarget	1	203694
1018.555	n/a	NonTarget	1	203711
1018.635	n/a	NonTarget	1	203727
1019.04	n/a	NonTarget	1	203808
1019.12	n/a	NonTarget	1	203824
1019.205	n/a	NonTarget	1	203841
1019.29	n/a	NonTarget	1	203858
1019.37	n/a	NonTarget	1	203874
1019.455	n/a	NonTarget	1	203891
1019.54	n/a	NonTarget	1	203908
1019.62	n/a	NonTarget	1	203924
1019.705	n/a	NonTarget	1	203941
1019.79	n/a	NonTarget	1	203958
1019.875	n/a	NonTarget	1	203975
1019.955	n/a	NonTarget	1	203991
1020.04	n/a	NonTarget	1	204008
1020.12	n/a	NonTarget	1	204024
1020.205	n/a	NonTarget	1	204041
1020.29	n/a	NonTarget	1	204058
1020.37	n/a	NonTarget	1	204074
1020.46	n/a	NonTarget	1	204092
1020.54	n/a	Target	2	204108
1020.625	n/a	NonTarget	1	204125
1020.705	n/a	NonTarget	1	204141
1020.79	n/a	NonTarget	1	204158
1020.87	n/a	NonTarget	1	204174
1020.955	n/a	NonTarget	1	204191
1021.04	n/a	NonTarget	1	204208
1021.12	n/a	NonTarget	1	204224
1021.205	n/a	NonTarget	1	204241
1021.29	n/a	NonTarget	1	204258
1021.375	n/a	NonTarget	1	204275
1021.46	n/a	NonTarget	1	204292
1021.855	n/a	NonTarget	1	204371
1021.94	n/a	NonTarget	1	204388
1022.025	n/a	NonTarget	1	204405
1022.105	n/a	NonTarget	1	204421
1022.19	n/a	NonTarget	1	204438
1022.275	n/a	NonTarget	1	204455
1022.355	n/a	NonTarget	1	204471
1022.44	n/a	NonTarget	1	204488
1022.525	n/a	Target	2	204505
1022.61	n/a	NonTarget	1	204522
1022.69	n/a	NonTarget	1	204538
1022.775	n/a	NonTarget	1	204555
1022.86	n/a	NonTarget	1	204572
1022.945	n/a	NonTarget	1	204589
1023.025	n/a	NonTarget	1	204605
1023.11	n/a	NonTarget	1	204622
1023.19	n/a	NonTarget	1	204638
1023.275	n/a	NonTarget	1	204655
1023.36	n/a	NonTarget	1	204672
1023.44	n/a	NonTarget	1	204688
1023.525	n/a	NonTarget	1	204705
1023.61	n/a	NonTarget	1	204722
1023.69	n/a	NonTarget	1	204738
1023.775	n/a	NonTarget	1	204755
1023.86	n/a	NonTarget	1	204772
1023.94	n/a	NonTarget	1	204788
1024.025	n/a	NonTarget	1	204805
1024.11	n/a	NonTarget	1	204822
1024.19	n/a	NonTarget	1	204838
1024.275	n/a	NonTarget	1	204855
1024.675	n/a	NonTarget	1	204935
1024.76	n/a	NonTarget	1	204952
1024.845	n/a	NonTarget	1	204969
1024.925	n/a	NonTarget	1	204985
1025.01	n/a	NonTarget	1	205002
1025.095	n/a	NonTarget	1	205019
1025.175	n/a	NonTarget	1	205035
1025.26	n/a	NonTarget	1	205052
1025.34	n/a	Target	2	205068
1025.425	n/a	NonTarget	1	205085
1025.51	n/a	NonTarget	1	205102
1025.595	n/a	NonTarget	1	205119
1025.675	n/a	NonTarget	1	205135
1025.76	n/a	NonTarget	1	205152
1025.84	n/a	NonTarget	1	205168
1025.925	n/a	NonTarget	1	205185
1026.01	n/a	NonTarget	1	205202
1026.09	n/a	NonTarget	1	205218
1026.18	n/a	NonTarget	1	205236
1026.26	n/a	NonTarget	1	205252
1026.345	n/a	NonTarget	1	205269
1026.425	n/a	NonTarget	1	205285
1026.51	n/a	NonTarget	1	205302
1026.595	n/a	NonTarget	1	205319
1026.675	n/a	NonTarget	1	205335
1026.76	n/a	NonTarget	1	205352
1026.84	n/a	NonTarget	1	205368
1026.925	n/a	NonTarget	1	205385
1027.01	n/a	NonTarget	1	205402
1027.095	n/a	NonTarget	1	205419
1027.495	n/a	NonTarget	1	205499
1027.575	n/a	NonTarget	1	205515
1027.66	n/a	NonTarget	1	205532
1027.745	n/a	Target	2	205549
1027.825	n/a	NonTarget	1	205565
1027.91	n/a	NonTarget	1	205582
1027.995	n/a	NonTarget	1	205599
1028.08	n/a	NonTarget	1	205616
1028.165	n/a	NonTarget	1	205633
1028.245	n/a	NonTarget	1	205649
1028.33	n/a	NonTarget	1	205666
1028.41	n/a	NonTarget	1	205682
1028.495	n/a	NonTarget	1	205699
1028.58	n/a	NonTarget	1	205716
1028.665	n/a	NonTarget	1	205733
1028.745	n/a	NonTarget	1	205749
1028.83	n/a	NonTarget	1	205766
1028.91	n/a	NonTarget	1	205782
1028.995	n/a	NonTarget	1	205799
1029.075	n/a	NonTarget	1	205815
1029.16	n/a	NonTarget	1	205832
1029.245	n/a	NonTarget	1	205849
1029.33	n/a	NonTarget	1	205866
1029.41	n/a	NonTarget	1	205882
1029.495	n/a	NonTarget	1	205899
1029.58	n/a	NonTarget	1	205916
1029.665	n/a	NonTarget	1	205933
1029.745	n/a	NonTarget	1	205949
1029.83	n/a	NonTarget	1	205966
1029.91	n/a	NonTarget	1	205982
1030.31	n/a	NonTarget	1	206062
1030.395	n/a	NonTarget	1	206079
1030.48	n/a	NonTarget	1	206096
1030.565	n/a	Target	2	206113
1030.645	n/a	NonTarget	1	206129
1030.735	n/a	NonTarget	1	206147
1030.815	n/a	NonTarget	1	206163
1030.895	n/a	NonTarget	1	206179
1030.98	n/a	NonTarget	1	206196
1031.06	n/a	NonTarget	1	206212
1031.145	n/a	NonTarget	1	206229
1031.23	n/a	NonTarget	1	206246
1031.31	n/a	NonTarget	1	206262
1031.4	n/a	NonTarget	1	206280
1031.48	n/a	NonTarget	1	206296
1031.565	n/a	NonTarget	1	206313
1031.645	n/a	NonTarget	1	206329
1031.735	n/a	NonTarget	1	206347
1031.815	n/a	NonTarget	1	206363
1031.895	n/a	NonTarget	1	206379
1031.98	n/a	NonTarget	1	206396
1032.065	n/a	NonTarget	1	206413
1032.145	n/a	NonTarget	1	206429
1032.23	n/a	NonTarget	1	206446
1032.315	n/a	NonTarget	1	206463
1032.4	n/a	NonTarget	1	206480
1032.48	n/a	NonTarget	1	206496
1032.565	n/a	NonTarget	1	206513
1032.65	n/a	NonTarget	1	206530
1032.73	n/a	NonTarget	1	206546
1042.92	n/a	NonTarget	1	208584
1043.005	n/a	NonTarget	1	208601
1043.09	n/a	NonTarget	1	208618
1043.17	n/a	NonTarget	1	208634
1043.26	n/a	NonTarget	1	208652
1043.34	n/a	NonTarget	1	208668
1043.42	n/a	NonTarget	1	208684
1043.505	n/a	NonTarget	1	208701
1043.59	n/a	NonTarget	1	208718
1043.67	n/a	NonTarget	1	208734
1043.76	n/a	NonTarget	1	208752
1043.84	n/a	NonTarget	1	208768
1043.925	n/a	Target	2	208785
1044.005	n/a	NonTarget	1	208801
1044.09	n/a	NonTarget	1	208818
1044.175	n/a	NonTarget	1	208835
1044.255	n/a	NonTarget	1	208851
1044.34	n/a	NonTarget	1	208868
1044.425	n/a	NonTarget	1	208885
1044.505	n/a	NonTarget	1	208901
1044.59	n/a	NonTarget	1	208918
1044.675	n/a	NonTarget	1	208935
1044.755	n/a	NonTarget	1	208951
1044.84	n/a	NonTarget	1	208968
1044.925	n/a	NonTarget	1	208985
1045.01	n/a	NonTarget	1	209002
1045.09	n/a	NonTarget	1	209018
1045.175	n/a	NonTarget	1	209035
1045.26	n/a	NonTarget	1	209052
1045.34	n/a	NonTarget	1	209068
1045.74	n/a	NonTarget	1	209148
1045.825	n/a	NonTarget	1	209165
1045.905	n/a	NonTarget	1	209181
1045.995	n/a	NonTarget	1	209199
1046.075	n/a	NonTarget	1	209215
1046.16	n/a	NonTarget	1	209232
1046.24	n/a	NonTarget	1	209248
1046.325	n/a	NonTarget	1	209265
1046.41	n/a	NonTarget	1	209282
1046.49	n/a	NonTarget	1	209298
1046.575	n/a	NonTarget	1	209315
1046.66	n/a	NonTarget	1	209332
1046.745	n/a	NonTarget	1	209349
1046.825	n/a	NonTarget	1	209365
1046.91	n/a	NonTarget	1	209382
1046.995	n/a	NonTarget	1	209399
1047.075	n/a	NonTarget	1	209415
1047.16	n/a	Target	2	209432
1047.24	n/a	NonTarget	1	209448
1047.325	n/a	NonTarget	1	209465
1047.41	n/a	NonTarget	1	209482
1047.495	n/a	NonTarget	1	209499
1047.575	n/a	NonTarget	1	209515
1047.66	n/a	NonTarget	1	209532
1047.74	n/a	NonTarget	1	209548
1047.825	n/a	NonTarget	1	209565
1047.91	n/a	NonTarget	1	209582
1047.99	n/a	NonTarget	1	209598
1048.075	n/a	NonTarget	1	209615
1048.16	n/a	NonTarget	1	209632
1048.56	n/a	NonTarget	1	209712
1048.645	n/a	NonTarget	1	209729
1048.73	n/a	NonTarget	1	209746
1048.81	n/a	NonTarget	1	209762
1048.895	n/a	NonTarget	1	209779
1048.975	n/a	NonTarget	1	209795
1049.06	n/a	NonTarget	1	209812
1049.145	n/a	NonTarget	1	209829
1049.225	n/a	NonTarget	1	209845
1049.31	n/a	NonTarget	1	209862
1049.395	n/a	NonTarget	1	209879
1049.48	n/a	NonTarget	1	209896
1049.56	n/a	Target	2	209912
1049.645	n/a	NonTarget	1	209929
1049.725	n/a	NonTarget	1	209945
1049.81	n/a	NonTarget	1	209962
1049.895	n/a	NonTarget	1	209979
1049.975	n/a	NonTarget	1	209995
1050.06	n/a	NonTarget	1	210012
1050.145	n/a	NonTarget	1	210029
1050.225	n/a	NonTarget	1	210045
1050.31	n/a	NonTarget	1	210062
1050.395	n/a	NonTarget	1	210079
1050.48	n/a	NonTarget	1	210096
1050.56	n/a	NonTarget	1	210112
1050.645	n/a	NonTarget	1	210129
1050.73	n/a	NonTarget	1	210146
1050.81	n/a	NonTarget	1	210162
1050.895	n/a	NonTarget	1	210179
1050.98	n/a	NonTarget	1	210196
1051.38	n/a	NonTarget	1	210276
1051.46	n/a	NonTarget	1	210292
1051.545	n/a	NonTarget	1	210309
1051.63	n/a	NonTarget	1	210326
1051.71	n/a	NonTarget	1	210342
1051.795	n/a	NonTarget	1	210359
1051.88	n/a	NonTarget	1	210376
1051.96	n/a	NonTarget	1	210392
1052.045	n/a	NonTarget	1	210409
1052.13	n/a	NonTarget	1	210426
1052.21	n/a	NonTarget	1	210442
1052.295	n/a	NonTarget	1	210459
1052.38	n/a	Target	2	210476
1052.465	n/a	NonTarget	1	210493
1052.545	n/a	NonTarget	1	210509
1052.63	n/a	NonTarget	1	210526
1052.715	n/a	NonTarget	1	210543
1052.795	n/a	NonTarget	1	210559
1052.88	n/a	NonTarget	1	210576
1052.965	n/a	NonTarget	1	210593
1053.045	n/a	NonTarget	1	210609
1053.13	n/a	NonTarget	1	210626
1053.215	n/a	NonTarget	1	210643
1053.3	n/a	NonTarget	1	210660
1053.38	n/a	NonTarget	1	210676
1053.465	n/a	NonTarget	1	210693
1053.545	n/a	NonTarget	1	210709
1053.63	n/a	NonTarget	1	210726
1053.715	n/a	NonTarget	1	210743
1053.795	n/a	NonTarget	1	210759
1054.2	n/a	NonTarget	1	210840
1054.28	n/a	NonTarget	1	210856
1054.365	n/a	NonTarget	1	210873
1054.445	n/a	NonTarget	1	210889
1054.53	n/a	NonTarget	1	210906
1054.615	n/a	NonTarget	1	210923
1054.7	n/a	NonTarget	1	210940
1054.78	n/a	NonTarget	1	210956
1054.865	n/a	NonTarget	1	210973
1054.95	n/a	NonTarget	1	210990
1055.03	n/a	NonTarget	1	211006
1055.115	n/a	NonTarget	1	211023
1055.2	n/a	NonTarget	1	211040
1055.28	n/a	NonTarget	1	211056
1055.365	n/a	NonTarget	1	211073
1055.45	n/a	NonTarget	1	211090
1055.53	n/a	NonTarget	1	211106
1055.62	n/a	Target	2	211124
1055.7	n/a	NonTarget	1	211140
1055.785	n/a	NonTarget	1	211157
1055.87	n/a	NonTarget	1	211174
1055.95	n/a	NonTarget	1	211190
1056.035	n/a	NonTarget	1	211207
1056.115	n/a	NonTarget	1	211223
1056.195	n/a	NonTarget	1	211239
1056.28	n/a	NonTarget	1	211256
1056.365	n/a	NonTarget	1	211273
1056.45	n/a	NonTarget	1	211290
1056.535	n/a	NonTarget	1	211307
1056.615	n/a	NonTarget	1	211323
1057.015	n/a	NonTarget	1	211403
1057.105	n/a	NonTarget	1	211421
1057.185	n/a	NonTarget	1	211437
1057.265	n/a	NonTarget	1	211453
1057.35	n/a	NonTarget	1	211470
1057.435	n/a	NonTarget	1	211487
1057.515	n/a	NonTarget	1	211503
1057.6	n/a	NonTarget	1	211520
1057.685	n/a	NonTarget	1	211537
1057.765	n/a	NonTarget	1	211553
1057.85	n/a	NonTarget	1	211570
1057.935	n/a	NonTarget	1	211587
1058.02	n/a	Target	2	211604
1058.105	n/a	NonTarget	1	211621
1058.185	n/a	NonTarget	1	211637
1058.27	n/a	NonTarget	1	211654
1058.35	n/a	NonTarget	1	211670
1058.435	n/a	NonTarget	1	211687
1058.515	n/a	NonTarget	1	211703
1058.6	n/a	NonTarget	1	211720
1058.685	n/a	NonTarget	1	211737
1058.765	n/a	NonTarget	1	211753
1058.85	n/a	NonTarget	1	211770
1058.935	n/a	NonTarget	1	211787
1059.02	n/a	NonTarget	1	211804
1059.105	n/a	NonTarget	1	211821
1059.185	n/a	NonTarget	1	211837
1059.27	n/a	NonTarget	1	211854
1059.35	n/a	NonTarget	1	211870
1059.435	n/a	NonTarget	1	211887
1059.835	n/a	NonTarget	1	211967
1059.92	n/a	NonTarget	1	211984
1060.0	n/a	NonTarget	1	212000
1060.085	n/a	NonTarget	1	212017
1060.17	n/a	NonTarget	1	212034
1060.25	n/a	NonTarget	1	212050
1060.335	n/a	NonTarget	1	212067
1060.42	n/a	NonTarget	1	212084
1060.5	n/a	NonTarget	1	212100
1060.585	n/a	NonTarget	1	212117
1060.67	n/a	NonTarget	1	212134
1060.75	n/a	NonTarget	1	212150
1060.835	n/a	NonTarget	1	212167
1060.925	n/a	NonTarget	1	212185
1061.0	n/a	NonTarget	1	212200
1061.085	n/a	NonTarget	1	212217
1061.17	n/a	NonTarget	1	212234
1061.255	n/a	NonTarget	1	212251
1061.34	n/a	NonTarget	1	212268
1061.42	n/a	NonTarget	1	212284
1061.505	n/a	NonTarget	1	212301
1061.59	n/a	NonTarget	1	212318
1061.67	n/a	NonTarget	1	212334
1061.755	n/a	NonTarget	1	212351
1061.835	n/a	NonTarget	1	212367
1061.92	n/a	NonTarget	1	212384
1062.005	n/a	NonTarget	1	212401
1062.085	n/a	Target	2	212417
1062.17	n/a	NonTarget	1	212434
1062.255	n/a	NonTarget	1	212451
1062.655	n/a	NonTarget	1	212531
1062.735	n/a	NonTarget	1	212547
1062.825	n/a	NonTarget	1	212565
1062.905	n/a	NonTarget	1	212581
1062.985	n/a	NonTarget	1	212597
1063.07	n/a	NonTarget	1	212614
1063.155	n/a	NonTarget	1	212631
1063.235	n/a	NonTarget	1	212647
1063.32	n/a	NonTarget	1	212664
1063.405	n/a	NonTarget	1	212681
1063.485	n/a	NonTarget	1	212697
1063.57	n/a	NonTarget	1	212714
1063.655	n/a	NonTarget	1	212731
1063.74	n/a	NonTarget	1	212748
1063.825	n/a	NonTarget	1	212765
1063.905	n/a	NonTarget	1	212781
1063.99	n/a	NonTarget	1	212798
1064.075	n/a	NonTarget	1	212815
1064.155	n/a	NonTarget	1	212831
1064.24	n/a	NonTarget	1	212848
1064.32	n/a	NonTarget	1	212864
1064.405	n/a	NonTarget	1	212881
1064.49	n/a	Target	2	212898
1064.57	n/a	NonTarget	1	212914
1064.655	n/a	NonTarget	1	212931
1064.74	n/a	NonTarget	1	212948
1064.825	n/a	NonTarget	1	212965
1064.905	n/a	NonTarget	1	212981
1064.99	n/a	NonTarget	1	212998
1065.07	n/a	NonTarget	1	213014
1065.475	n/a	NonTarget	1	213095
1065.555	n/a	NonTarget	1	213111
1065.64	n/a	NonTarget	1	213128
1065.725	n/a	NonTarget	1	213145
1065.805	n/a	NonTarget	1	213161
1065.89	n/a	NonTarget	1	213178
1065.975	n/a	NonTarget	1	213195
1066.055	n/a	NonTarget	1	213211
1066.14	n/a	NonTarget	1	213228
1066.225	n/a	NonTarget	1	213245
1066.305	n/a	NonTarget	1	213261
1066.39	n/a	NonTarget	1	213278
1066.475	n/a	NonTarget	1	213295
1066.555	n/a	NonTarget	1	213311
1066.64	n/a	NonTarget	1	213328
1066.725	n/a	NonTarget	1	213345
1066.805	n/a	NonTarget	1	213361
1066.89	n/a	NonTarget	1	213378
1066.975	n/a	NonTarget	1	213395
1067.055	n/a	NonTarget	1	213411
1067.14	n/a	NonTarget	1	213428
1067.225	n/a	NonTarget	1	213445
1067.31	n/a	Target	2	213462
1067.39	n/a	NonTarget	1	213478
1067.475	n/a	NonTarget	1	213495
1067.56	n/a	NonTarget	1	213512
1067.64	n/a	NonTarget	1	213528
1067.725	n/a	NonTarget	1	213545
1067.81	n/a	NonTarget	1	213562
1067.895	n/a	NonTarget	1	213579
1068.29	n/a	NonTarget	1	213658
1068.375	n/a	NonTarget	1	213675
1068.46	n/a	NonTarget	1	213692
1068.54	n/a	NonTarget	1	213708
1068.625	n/a	NonTarget	1	213725
1068.71	n/a	NonTarget	1	213742
1068.79	n/a	NonTarget	1	213758
1068.875	n/a	Target	2	213775
1068.96	n/a	NonTarget	1	213792
1069.04	n/a	NonTarget	1	213808
1069.125	n/a	NonTarget	1	213825
1069.21	n/a	NonTarget	1	213842
1069.295	n/a	NonTarget	1	213859
1069.375	n/a	NonTarget	1	213875
1069.46	n/a	NonTarget	1	213892
1069.54	n/a	NonTarget	1	213908
1069.625	n/a	NonTarget	1	213925
1069.71	n/a	NonTarget	1	213942
1069.79	n/a	NonTarget	1	213958
1069.875	n/a	NonTarget	1	213975
1069.96	n/a	NonTarget	1	213992
1070.045	n/a	NonTarget	1	214009
1070.125	n/a	NonTarget	1	214025
1070.21	n/a	NonTarget	1	214042
1070.295	n/a	NonTarget	1	214059
1070.375	n/a	NonTarget	1	214075
1070.46	n/a	NonTarget	1	214092
1070.545	n/a	NonTarget	1	214109
1070.63	n/a	NonTarget	1	214126
1070.71	n/a	NonTarget	1	214142
1080.885	n/a	NonTarget	1	216177
1080.965	n/a	NonTarget	1	216193
1081.05	n/a	NonTarget	1	216210
1081.135	n/a	NonTarget	1	216227
1081.215	n/a	NonTarget	1	216243
1081.305	n/a	NonTarget	1	216261
1081.385	n/a	NonTarget	1	216277
1081.465	n/a	NonTarget	1	216293
1081.55	n/a	NonTarget	1	216310
1081.635	n/a	NonTarget	1	216327
1081.72	n/a	NonTarget	1	216344
1081.8	n/a	NonTarget	1	216360
1081.885	n/a	Target	2	216377
1081.97	n/a	NonTarget	1	216394
1082.05	n/a	NonTarget	1	216410
1082.135	n/a	NonTarget	1	216427
1082.22	n/a	NonTarget	1	216444
1082.305	n/a	NonTarget	1	216461
1082.385	n/a	NonTarget	1	216477
1082.47	n/a	NonTarget	1	216494
1082.55	n/a	NonTarget	1	216510
1082.635	n/a	NonTarget	1	216527
1082.72	n/a	NonTarget	1	216544
1082.8	n/a	NonTarget	1	216560
1082.885	n/a	NonTarget	1	216577
1082.965	n/a	NonTarget	1	216593
1083.08	n/a	NonTarget	1	216616
1083.17	n/a	NonTarget	1	216634
1083.25	n/a	NonTarget	1	216650
1083.335	n/a	NonTarget	1	216667
1083.74	n/a	NonTarget	1	216748
1083.82	n/a	NonTarget	1	216764
1083.905	n/a	NonTarget	1	216781
1083.985	n/a	NonTarget	1	216797
1084.07	n/a	NonTarget	1	216814
1084.155	n/a	NonTarget	1	216831
1084.235	n/a	NonTarget	1	216847
1084.32	n/a	NonTarget	1	216864
1084.405	n/a	NonTarget	1	216881
1084.49	n/a	NonTarget	1	216898
1084.57	n/a	NonTarget	1	216914
1084.655	n/a	NonTarget	1	216931
1084.74	n/a	NonTarget	1	216948
1084.82	n/a	NonTarget	1	216964
1084.905	n/a	NonTarget	1	216981
1084.99	n/a	NonTarget	1	216998
1085.075	n/a	NonTarget	1	217015
1085.15	n/a	NonTarget	1	217030
1085.235	n/a	NonTarget	1	217047
1085.32	n/a	NonTarget	1	217064
1085.405	n/a	NonTarget	1	217081
1085.49	n/a	NonTarget	1	217098
1085.57	n/a	NonTarget	1	217114
1085.655	n/a	NonTarget	1	217131
1085.74	n/a	NonTarget	1	217148
1085.82	n/a	NonTarget	1	217164
1085.905	n/a	NonTarget	1	217181
1085.99	n/a	Target	2	217198
1086.07	n/a	NonTarget	1	217214
1086.155	n/a	NonTarget	1	217231
1086.555	n/a	NonTarget	1	217311
1086.64	n/a	NonTarget	1	217328
1086.72	n/a	NonTarget	1	217344
1086.805	n/a	NonTarget	1	217361
1086.89	n/a	NonTarget	1	217378
1086.97	n/a	NonTarget	1	217394
1087.055	n/a	NonTarget	1	217411
1087.14	n/a	NonTarget	1	217428
1087.22	n/a	NonTarget	1	217444
1087.305	n/a	NonTarget	1	217461
1087.39	n/a	NonTarget	1	217478
1087.47	n/a	NonTarget	1	217494
1087.555	n/a	NonTarget	1	217511
1087.64	n/a	NonTarget	1	217528
1087.72	n/a	NonTarget	1	217544
1087.81	n/a	NonTarget	1	217562
1087.89	n/a	NonTarget	1	217578
1087.97	n/a	NonTarget	1	217594
1088.055	n/a	NonTarget	1	217611
1088.14	n/a	NonTarget	1	217628
1088.22	n/a	NonTarget	1	217644
1088.305	n/a	NonTarget	1	217661
1088.39	n/a	Target	2	217678
1088.475	n/a	NonTarget	1	217695
1088.555	n/a	NonTarget	1	217711
1088.64	n/a	NonTarget	1	217728
1088.725	n/a	NonTarget	1	217745
1088.805	n/a	NonTarget	1	217761
1088.89	n/a	NonTarget	1	217778
1088.975	n/a	NonTarget	1	217795
1089.375	n/a	NonTarget	1	217875
1089.46	n/a	NonTarget	1	217892
1089.54	n/a	NonTarget	1	217908
1089.625	n/a	NonTarget	1	217925
1089.705	n/a	NonTarget	1	217941
1089.79	n/a	NonTarget	1	217958
1089.875	n/a	NonTarget	1	217975
1089.955	n/a	NonTarget	1	217991
1090.04	n/a	NonTarget	1	218008
1090.125	n/a	NonTarget	1	218025
1090.205	n/a	NonTarget	1	218041
1090.295	n/a	NonTarget	1	218059
1090.375	n/a	Target	2	218075
1090.46	n/a	NonTarget	1	218092
1090.54	n/a	NonTarget	1	218108
1090.625	n/a	NonTarget	1	218125
1090.705	n/a	NonTarget	1	218141
1090.79	n/a	NonTarget	1	218158
1090.875	n/a	NonTarget	1	218175
1090.96	n/a	NonTarget	1	218192
1091.04	n/a	NonTarget	1	218208
1091.125	n/a	NonTarget	1	218225
1091.21	n/a	NonTarget	1	218242
1091.29	n/a	NonTarget	1	218258
1091.375	n/a	NonTarget	1	218275
1091.46	n/a	NonTarget	1	218292
1091.545	n/a	NonTarget	1	218309
1091.625	n/a	NonTarget	1	218325
1091.71	n/a	NonTarget	1	218342
1091.79	n/a	NonTarget	1	218358
1092.195	n/a	NonTarget	1	218439
1092.275	n/a	NonTarget	1	218455
1092.36	n/a	NonTarget	1	218472
1092.445	n/a	NonTarget	1	218489
1092.525	n/a	NonTarget	1	218505
1092.61	n/a	NonTarget	1	218522
1092.69	n/a	NonTarget	1	218538
1092.775	n/a	NonTarget	1	218555
1092.86	n/a	NonTarget	1	218572
1092.945	n/a	NonTarget	1	218589
1093.025	n/a	NonTarget	1	218605
1093.11	n/a	NonTarget	1	218622
1093.195	n/a	NonTarget	1	218639
1093.275	n/a	NonTarget	1	218655
1093.36	n/a	NonTarget	1	218672
1093.44	n/a	NonTarget	1	218688
1093.525	n/a	NonTarget	1	218705
1093.61	n/a	NonTarget	1	218722
1093.695	n/a	NonTarget	1	218739
1093.775	n/a	NonTarget	1	218755
1093.865	n/a	NonTarget	1	218773
1093.945	n/a	NonTarget	1	218789
1094.03	n/a	Target	2	218806
1094.11	n/a	NonTarget	1	218822
1094.195	n/a	NonTarget	1	218839
1094.275	n/a	NonTarget	1	218855
1094.36	n/a	NonTarget	1	218872
1094.445	n/a	NonTarget	1	218889
1094.53	n/a	NonTarget	1	218906
1094.61	n/a	NonTarget	1	218922
1095.01	n/a	NonTarget	1	219002
1095.095	n/a	NonTarget	1	219019
1095.18	n/a	Target	2	219036
1095.26	n/a	NonTarget	1	219052
1095.345	n/a	NonTarget	1	219069
1095.43	n/a	NonTarget	1	219086
1095.51	n/a	NonTarget	1	219102
1095.595	n/a	NonTarget	1	219119
1095.68	n/a	NonTarget	1	219136
1095.765	n/a	NonTarget	1	219153
1095.845	n/a	NonTarget	1	219169
1095.93	n/a	NonTarget	1	219186
1096.01	n/a	NonTarget	1	219202
1096.095	n/a	NonTarget	1	219219
1096.18	n/a	NonTarget	1	219236
1096.26	n/a	NonTarget	1	219252
1096.345	n/a	NonTarget	1	219269
1096.43	n/a	NonTarget	1	219286
1096.51	n/a	NonTarget	1	219302
1096.595	n/a	NonTarget	1	219319
1096.68	n/a	NonTarget	1	219336
1096.76	n/a	NonTarget	1	219352
1096.845	n/a	NonTarget	1	219369
1096.93	n/a	NonTarget	1	219386
1097.01	n/a	NonTarget	1	219402
1097.095	n/a	NonTarget	1	219419
1097.18	n/a	NonTarget	1	219436
1097.265	n/a	NonTarget	1	219453
1097.35	n/a	NonTarget	1	219470
1097.43	n/a	NonTarget	1	219486
1097.83	n/a	NonTarget	1	219566
1097.91	n/a	NonTarget	1	219582
1098.0	n/a	Target	2	219600
1098.08	n/a	NonTarget	1	219616
1098.165	n/a	NonTarget	1	219633
1098.245	n/a	NonTarget	1	219649
1098.33	n/a	NonTarget	1	219666
1098.415	n/a	NonTarget	1	219683
1098.495	n/a	NonTarget	1	219699
1098.58	n/a	NonTarget	1	219716
1098.665	n/a	NonTarget	1	219733
1098.75	n/a	NonTarget	1	219750
1098.83	n/a	NonTarget	1	219766
1098.915	n/a	NonTarget	1	219783
1098.995	n/a	NonTarget	1	219799
1099.08	n/a	NonTarget	1	219816
1099.165	n/a	NonTarget	1	219833
1099.245	n/a	NonTarget	1	219849
1099.33	n/a	NonTarget	1	219866
1099.415	n/a	NonTarget	1	219883
1099.495	n/a	NonTarget	1	219899
1099.58	n/a	NonTarget	1	219916
1099.665	n/a	NonTarget	1	219933
1099.75	n/a	NonTarget	1	219950
1099.83	n/a	NonTarget	1	219966
1099.915	n/a	NonTarget	1	219983
1100.0	n/a	NonTarget	1	220000
1100.08	n/a	NonTarget	1	220016
1100.165	n/a	NonTarget	1	220033
1100.25	n/a	NonTarget	1	220050
1100.65	n/a	NonTarget	1	220130
1100.735	n/a	NonTarget	1	220147
1100.82	n/a	NonTarget	1	220164
1100.9	n/a	NonTarget	1	220180
1100.98	n/a	NonTarget	1	220196
1101.065	n/a	NonTarget	1	220213
1101.15	n/a	NonTarget	1	220230
1101.235	n/a	Target	2	220247
1101.315	n/a	NonTarget	1	220263
1101.4	n/a	NonTarget	1	220280
1101.48	n/a	NonTarget	1	220296
1101.565	n/a	NonTarget	1	220313
1101.65	n/a	NonTarget	1	220330
1101.735	n/a	NonTarget	1	220347
1101.82	n/a	NonTarget	1	220364
1101.9	n/a	NonTarget	1	220380
1101.98	n/a	NonTarget	1	220396
1102.065	n/a	NonTarget	1	220413
1102.15	n/a	NonTarget	1	220430
1102.235	n/a	NonTarget	1	220447
1102.315	n/a	NonTarget	1	220463
1102.4	n/a	NonTarget	1	220480
1102.485	n/a	NonTarget	1	220497
1102.565	n/a	NonTarget	1	220513
1102.65	n/a	NonTarget	1	220530
1102.735	n/a	NonTarget	1	220547
1102.82	n/a	NonTarget	1	220564
1102.9	n/a	NonTarget	1	220580
1102.985	n/a	NonTarget	1	220597
1103.07	n/a	NonTarget	1	220614
1103.465	n/a	NonTarget	1	220693
1103.55	n/a	NonTarget	1	220710
1103.635	n/a	NonTarget	1	220727
1103.72	n/a	NonTarget	1	220744
1103.805	n/a	NonTarget	1	220761
1103.885	n/a	NonTarget	1	220777
1103.97	n/a	NonTarget	1	220794
1104.05	n/a	NonTarget	1	220810
1104.135	n/a	NonTarget	1	220827
1104.215	n/a	NonTarget	1	220843
1104.3	n/a	NonTarget	1	220860
1104.385	n/a	NonTarget	1	220877
1104.47	n/a	NonTarget	1	220894
1104.55	n/a	NonTarget	1	220910
1104.635	n/a	NonTarget	1	220927
1104.715	n/a	NonTarget	1	220943
1104.8	n/a	NonTarget	1	220960
1104.885	n/a	NonTarget	1	220977
1104.97	n/a	NonTarget	1	220994
1105.055	n/a	NonTarget	1	221011
1105.14	n/a	NonTarget	1	221028
1105.22	n/a	NonTarget	1	221044
1105.305	n/a	Target	2	221061
1105.385	n/a	NonTarget	1	221077
1105.47	n/a	NonTarget	1	221094
1105.555	n/a	NonTarget	1	221111
1105.635	n/a	NonTarget	1	221127
1105.72	n/a	NonTarget	1	221144
1105.805	n/a	NonTarget	1	221161
1105.885	n/a	NonTarget	1	221177
1106.285	n/a	NonTarget	1	221257
1106.37	n/a	NonTarget	1	221274
1106.455	n/a	NonTarget	1	221291
1106.535	n/a	NonTarget	1	221307
1106.62	n/a	NonTarget	1	221324
1106.705	n/a	NonTarget	1	221341
1106.785	n/a	NonTarget	1	221357
1106.87	n/a	NonTarget	1	221374
1106.955	n/a	NonTarget	1	221391
1107.04	n/a	NonTarget	1	221408
1107.125	n/a	NonTarget	1	221425
1107.205	n/a	NonTarget	1	221441
1107.285	n/a	NonTarget	1	221457
1107.37	n/a	NonTarget	1	221474
1107.455	n/a	NonTarget	1	221491
1107.535	n/a	NonTarget	1	221507
1107.62	n/a	NonTarget	1	221524
1107.705	n/a	NonTarget	1	221541
1107.79	n/a	NonTarget	1	221558
1107.87	n/a	NonTarget	1	221574
1107.955	n/a	NonTarget	1	221591
1108.035	n/a	NonTarget	1	221607
1108.125	n/a	NonTarget	1	221625
1108.205	n/a	NonTarget	1	221641
1108.285	n/a	NonTarget	1	221657
1108.37	n/a	NonTarget	1	221674
1108.455	n/a	NonTarget	1	221691
1108.54	n/a	Target	2	221708
1108.625	n/a	NonTarget	1	221725
1108.705	n/a	NonTarget	1	221741
1118.79	n/a	NonTarget	1	223758
1118.88	n/a	NonTarget	1	223776
1118.96	n/a	NonTarget	1	223792
1119.045	n/a	NonTarget	1	223809
1119.13	n/a	NonTarget	1	223826
1119.21	n/a	NonTarget	1	223842
1119.295	n/a	NonTarget	1	223859
1119.38	n/a	NonTarget	1	223876
1119.465	n/a	NonTarget	1	223893
1119.545	n/a	NonTarget	1	223909
1119.63	n/a	NonTarget	1	223926
1119.71	n/a	NonTarget	1	223942
1119.795	n/a	NonTarget	1	223959
1119.88	n/a	NonTarget	1	223976
1119.965	n/a	NonTarget	1	223993
1120.045	n/a	NonTarget	1	224009
1120.13	n/a	NonTarget	1	224026
1120.215	n/a	NonTarget	1	224043
1120.3	n/a	NonTarget	1	224060
1120.385	n/a	Target	2	224077
1120.465	n/a	NonTarget	1	224093
1120.545	n/a	NonTarget	1	224109
1120.63	n/a	NonTarget	1	224126
1120.715	n/a	NonTarget	1	224143
1120.795	n/a	NonTarget	1	224159
1120.88	n/a	NonTarget	1	224176
1120.965	n/a	NonTarget	1	224193
1121.05	n/a	NonTarget	1	224210
1121.135	n/a	NonTarget	1	224227
1121.215	n/a	NonTarget	1	224243
1121.615	n/a	NonTarget	1	224323
1121.7	n/a	NonTarget	1	224340
1121.78	n/a	NonTarget	1	224356
1121.865	n/a	NonTarget	1	224373
1121.95	n/a	NonTarget	1	224390
1122.03	n/a	NonTarget	1	224406
1122.115	n/a	NonTarget	1	224423
1122.2	n/a	NonTarget	1	224440
1122.28	n/a	NonTarget	1	224456
1122.365	n/a	Target	2	224473
1122.45	n/a	NonTarget	1	224490
1122.53	n/a	NonTarget	1	224506
1122.615	n/a	NonTarget	1	224523
1122.7	n/a	NonTarget	1	224540
1122.78	n/a	NonTarget	1	224556
1122.865	n/a	NonTarget	1	224573
1122.95	n/a	NonTarget	1	224590
1123.035	n/a	NonTarget	1	224607
1123.115	n/a	NonTarget	1	224623
1123.2	n/a	NonTarget	1	224640
1123.285	n/a	NonTarget	1	224657
1123.365	n/a	NonTarget	1	224673
1123.45	n/a	NonTarget	1	224690
1123.535	n/a	NonTarget	1	224707
1123.615	n/a	NonTarget	1	224723
1123.7	n/a	NonTarget	1	224740
1123.785	n/a	NonTarget	1	224757
1123.865	n/a	NonTarget	1	224773
1123.95	n/a	NonTarget	1	224790
1124.035	n/a	NonTarget	1	224807
1124.43	n/a	NonTarget	1	224886
1124.515	n/a	NonTarget	1	224903
1124.6	n/a	NonTarget	1	224920
1124.685	n/a	NonTarget	1	224937
1124.765	n/a	NonTarget	1	224953
1124.85	n/a	NonTarget	1	224970
1124.935	n/a	NonTarget	1	224987
1125.015	n/a	NonTarget	1	225003
1125.1	n/a	NonTarget	1	225020
1125.185	n/a	Target	2	225037
1125.27	n/a	NonTarget	1	225054
1125.35	n/a	NonTarget	1	225070
1125.44	n/a	NonTarget	1	225088
1125.52	n/a	NonTarget	1	225104
1125.6	n/a	NonTarget	1	225120
1125.685	n/a	NonTarget	1	225137
1125.77	n/a	NonTarget	1	225154
1125.85	n/a	NonTarget	1	225170
1125.935	n/a	NonTarget	1	225187
1126.015	n/a	NonTarget	1	225203
1126.1	n/a	NonTarget	1	225220
1126.185	n/a	NonTarget	1	225237
1126.265	n/a	NonTarget	1	225253
1126.35	n/a	NonTarget	1	225270
1126.435	n/a	NonTarget	1	225287
1126.52	n/a	NonTarget	1	225304
1126.6	n/a	NonTarget	1	225320
1126.685	n/a	NonTarget	1	225337
1126.77	n/a	NonTarget	1	225354
1126.85	n/a	NonTarget	1	225370
1127.25	n/a	NonTarget	1	225450
1127.335	n/a	NonTarget	1	225467
1127.42	n/a	NonTarget	1	225484
1127.505	n/a	NonTarget	1	225501
1127.585	n/a	Target	2	225517
1127.67	n/a	NonTarget	1	225534
1127.755	n/a	NonTarget	1	225551
1127.835	n/a	NonTarget	1	225567
1127.92	n/a	NonTarget	1	225584
1128.0	n/a	NonTarget	1	225600
1128.085	n/a	NonTarget	1	225617
1128.17	n/a	NonTarget	1	225634
1128.255	n/a	NonTarget	1	225651
1128.335	n/a	NonTarget	1	225667
1128.42	n/a	NonTarget	1	225684
1128.505	n/a	NonTarget	1	225701
1128.59	n/a	NonTarget	1	225718
1128.67	n/a	NonTarget	1	225734
1128.755	n/a	NonTarget	1	225751
1128.835	n/a	NonTarget	1	225767
1128.92	n/a	NonTarget	1	225784
1129.005	n/a	NonTarget	1	225801
1129.085	n/a	NonTarget	1	225817
1129.175	n/a	NonTarget	1	225835
1129.255	n/a	NonTarget	1	225851
1129.335	n/a	NonTarget	1	225867
1129.42	n/a	NonTarget	1	225884
1129.505	n/a	NonTarget	1	225901
1129.59	n/a	NonTarget	1	225918
1129.67	n/a	NonTarget	1	225934
1130.075	n/a	NonTarget	1	226015
1130.155	n/a	NonTarget	1	226031
1130.24	n/a	NonTarget	1	226048
1130.32	n/a	NonTarget	1	226064
1130.405	n/a	NonTarget	1	226081
1130.49	n/a	NonTarget	1	226098
1130.57	n/a	NonTarget	1	226114
1130.655	n/a	NonTarget	1	226131
1130.74	n/a	NonTarget	1	226148
1130.82	n/a	NonTarget	1	226164
1130.905	n/a	NonTarget	1	226181
1130.99	n/a	NonTarget	1	226198
1131.07	n/a	NonTarget	1	226214
1131.155	n/a	NonTarget	1	226231
1131.24	n/a	Target	2	226248
1131.32	n/a	NonTarget	1	226264
1131.405	n/a	NonTarget	1	226281
1131.49	n/a	NonTarget	1	226298
1131.57	n/a	NonTarget	1	226314
1131.66	n/a	NonTarget	1	226332
1131.74	n/a	NonTarget	1	226348
1131.82	n/a	NonTarget	1	226364
1131.905	n/a	NonTarget	1	226381
1131.99	n/a	NonTarget	1	226398
1132.07	n/a	NonTarget	1	226414
1132.155	n/a	NonTarget	1	226431
1132.24	n/a	NonTarget	1	226448
1132.32	n/a	NonTarget	1	226464
1132.405	n/a	NonTarget	1	226481
1132.49	n/a	NonTarget	1	226498
1132.895	n/a	NonTarget	1	226579
1132.975	n/a	NonTarget	1	226595
1133.06	n/a	NonTarget	1	226612
1133.14	n/a	NonTarget	1	226628
1133.225	n/a	NonTarget	1	226645
1133.305	n/a	NonTarget	1	226661
1133.39	n/a	NonTarget	1	226678
1133.475	n/a	NonTarget	1	226695
1133.555	n/a	NonTarget	1	226711
1133.64	n/a	NonTarget	1	226728
1133.725	n/a	NonTarget	1	226745
1133.805	n/a	NonTarget	1	226761
1133.89	n/a	NonTarget	1	226778
1133.975	n/a	NonTarget	1	226795
1134.06	n/a	NonTarget	1	226812
1134.14	n/a	NonTarget	1	226828
1134.225	n/a	NonTarget	1	226845
1134.31	n/a	NonTarget	1	226862
1134.395	n/a	NonTarget	1	226879
1134.475	n/a	Target	2	226895
1134.555	n/a	NonTarget	1	226911
1134.64	n/a	NonTarget	1	226928
1134.725	n/a	NonTarget	1	226945
1134.805	n/a	NonTarget	1	226961
1134.89	n/a	NonTarget	1	226978
1134.975	n/a	NonTarget	1	226995
1135.055	n/a	NonTarget	1	227011
1135.14	n/a	NonTarget	1	227028
1135.225	n/a	NonTarget	1	227045
1135.305	n/a	NonTarget	1	227061
1135.71	n/a	NonTarget	1	227142
1135.79	n/a	NonTarget	1	227158
1135.875	n/a	NonTarget	1	227175
1135.96	n/a	NonTarget	1	227192
1136.04	n/a	NonTarget	1	227208
1136.125	n/a	NonTarget	1	227225
1136.205	n/a	NonTarget	1	227241
1136.29	n/a	NonTarget	1	227258
1136.375	n/a	NonTarget	1	227275
1136.46	n/a	NonTarget	1	227292
1136.54	n/a	NonTarget	1	227308
1136.625	n/a	NonTarget	1	227325
1136.71	n/a	NonTarget	1	227342
1136.795	n/a	NonTarget	1	227359
1136.875	n/a	NonTarget	1	227375
1136.96	n/a	NonTarget	1	227392
1137.045	n/a	NonTarget	1	227409
1137.125	n/a	NonTarget	1	227425
1137.21	n/a	NonTarget	1	227442
1137.295	n/a	Target	2	227459
1137.375	n/a	NonTarget	1	227475
1137.46	n/a	NonTarget	1	227492
1137.55	n/a	NonTarget	1	227510
1137.63	n/a	NonTarget	1	227526
1137.71	n/a	NonTarget	1	227542
1137.795	n/a	NonTarget	1	227559
1137.875	n/a	NonTarget	1	227575
1137.96	n/a	NonTarget	1	227592
1138.045	n/a	NonTarget	1	227609
1138.125	n/a	NonTarget	1	227625
1138.525	n/a	NonTarget	1	227705
1138.61	n/a	NonTarget	1	227722
1138.695	n/a	NonTarget	1	227739
1138.78	n/a	NonTarget	1	227756
1138.865	n/a	NonTarget	1	227773
1138.945	n/a	NonTarget	1	227789
1139.03	n/a	NonTarget	1	227806
1139.11	n/a	NonTarget	1	227822
1139.195	n/a	NonTarget	1	227839
1139.275	n/a	NonTarget	1	227855
1139.365	n/a	NonTarget	1	227873
1139.445	n/a	NonTarget	1	227889
1139.53	n/a	NonTarget	1	227906
1139.61	n/a	NonTarget	1	227922
1139.695	n/a	Target	2	227939
1139.78	n/a	NonTarget	1	227956
1139.865	n/a	NonTarget	1	227973
1139.945	n/a	NonTarget	1	227989
1140.03	n/a	NonTarget	1	228006
1140.115	n/a	NonTarget	1	228023
1140.2	n/a	NonTarget	1	228040
1140.28	n/a	NonTarget	1	228056
1140.36	n/a	NonTarget	1	228072
1140.445	n/a	NonTarget	1	228089
1140.53	n/a	NonTarget	1	228106
1140.61	n/a	NonTarget	1	228122
1140.695	n/a	NonTarget	1	228139
1140.78	n/a	NonTarget	1	228156
1140.865	n/a	NonTarget	1	228173
1140.945	n/a	NonTarget	1	228189
1141.35	n/a	NonTarget	1	228270
1141.43	n/a	NonTarget	1	228286
1141.51	n/a	NonTarget	1	228302
1141.595	n/a	NonTarget	1	228319
1141.68	n/a	NonTarget	1	228336
1141.76	n/a	NonTarget	1	228352
1141.845	n/a	NonTarget	1	228369
1141.93	n/a	NonTarget	1	228386
1142.015	n/a	NonTarget	1	228403
1142.095	n/a	Target	2	228419
1142.18	n/a	NonTarget	1	228436
1142.265	n/a	NonTarget	1	228453
1142.345	n/a	NonTarget	1	228469
1142.43	n/a	NonTarget	1	228486
1142.515	n/a	NonTarget	1	228503
1142.6	n/a	NonTarget	1	228520
1142.685	n/a	NonTarget	1	228537
1142.765	n/a	NonTarget	1	228553
1142.845	n/a	NonTarget	1	228569
1142.93	n/a	NonTarget	1	228586
1143.015	n/a	NonTarget	1	228603
1143.095	n/a	NonTarget	1	228619
1143.18	n/a	NonTarget	1	228636
1143.265	n/a	NonTarget	1	228653
1143.35	n/a	NonTarget	1	228670
1143.43	n/a	NonTarget	1	228686
1143.515	n/a	NonTarget	1	228703
1143.6	n/a	NonTarget	1	228720
1143.685	n/a	NonTarget	1	228737
1143.77	n/a	NonTarget	1	228754
1144.165	n/a	NonTarget	1	228833
1144.25	n/a	NonTarget	1	228850
1144.33	n/a	NonTarget	1	228866
1144.415	n/a	NonTarget	1	228883
1144.5	n/a	NonTarget	1	228900
1144.585	n/a	NonTarget	1	228917
1144.67	n/a	NonTarget	1	228934
1144.75	n/a	NonTarget	1	228950
1144.83	n/a	NonTarget	1	228966
1144.915	n/a	NonTarget	1	228983
1145.0	n/a	NonTarget	1	229000
1145.08	n/a	NonTarget	1	229016
1145.165	n/a	NonTarget	1	229033
1145.25	n/a	NonTarget	1	229050
1145.33	n/a	NonTarget	1	229066
1145.415	n/a	NonTarget	1	229083
1145.5	n/a	NonTarget	1	229100
1145.58	n/a	NonTarget	1	229116
1145.665	n/a	NonTarget	1	229133
1145.75	n/a	NonTarget	1	229150
1145.835	n/a	NonTarget	1	229167
1145.92	n/a	NonTarget	1	229184
1146.0	n/a	NonTarget	1	229200
1146.085	n/a	NonTarget	1	229217
1146.165	n/a	Target	2	229233
1146.25	n/a	NonTarget	1	229250
1146.335	n/a	NonTarget	1	229267
1146.415	n/a	NonTarget	1	229283
1146.5	n/a	NonTarget	1	229300
1146.585	n/a	NonTarget	1	229317
1156.74	n/a	NonTarget	1	231348
1156.825	n/a	NonTarget	1	231365
1156.91	n/a	NonTarget	1	231382
1156.99	n/a	NonTarget	1	231398
1157.075	n/a	NonTarget	1	231415
1157.155	n/a	NonTarget	1	231431
1157.24	n/a	NonTarget	1	231448
1157.325	n/a	NonTarget	1	231465
1157.41	n/a	NonTarget	1	231482
1157.49	n/a	NonTarget	1	231498
1157.575	n/a	Target	2	231515
1157.66	n/a	NonTarget	1	231532
1157.74	n/a	NonTarget	1	231548
1157.825	n/a	NonTarget	1	231565
1157.91	n/a	NonTarget	1	231582
1157.99	n/a	NonTarget	1	231598
1158.075	n/a	NonTarget	1	231615
1158.16	n/a	NonTarget	1	231632
1158.24	n/a	NonTarget	1	231648
1158.325	n/a	NonTarget	1	231665
1158.41	n/a	NonTarget	1	231682
1158.49	n/a	NonTarget	1	231698
1158.575	n/a	NonTarget	1	231715
1158.66	n/a	NonTarget	1	231732
1158.74	n/a	NonTarget	1	231748
1158.83	n/a	NonTarget	1	231766
1158.91	n/a	NonTarget	1	231782
1158.99	n/a	NonTarget	1	231798
1159.075	n/a	NonTarget	1	231815
1159.16	n/a	NonTarget	1	231832
1159.56	n/a	NonTarget	1	231912
1159.645	n/a	NonTarget	1	231929
1159.73	n/a	NonTarget	1	231946
1159.81	n/a	NonTarget	1	231962
1159.89	n/a	NonTarget	1	231978
1159.98	n/a	NonTarget	1	231996
1160.06	n/a	NonTarget	1	232012
1160.145	n/a	NonTarget	1	232029
1160.225	n/a	NonTarget	1	232045
1160.31	n/a	NonTarget	1	232062
1160.395	n/a	Target	2	232079
1160.475	n/a	NonTarget	1	232095
1160.56	n/a	NonTarget	1	232112
1160.645	n/a	NonTarget	1	232129
1160.73	n/a	NonTarget	1	232146
1160.81	n/a	NonTarget	1	232162
1160.895	n/a	NonTarget	1	232179
1160.98	n/a	NonTarget	1	232196
1161.06	n/a	NonTarget	1	232212
1161.145	n/a	NonTarget	1	232229
1161.23	n/a	NonTarget	1	232246
1161.31	n/a	NonTarget	1	232262
1161.395	n/a	NonTarget	1	232279
1161.48	n/a	NonTarget	1	232296
1161.56	n/a	NonTarget	1	232312
1161.645	n/a	NonTarget	1	232329
1161.73	n/a	NonTarget	1	232346
1161.81	n/a	NonTarget	1	232362
1161.9	n/a	NonTarget	1	232380
1161.98	n/a	NonTarget	1	232396
1162.38	n/a	NonTarget	1	232476
1162.465	n/a	NonTarget	1	232493
1162.545	n/a	NonTarget	1	232509
1162.63	n/a	NonTarget	1	232526
1162.71	n/a	NonTarget	1	232542
1162.795	n/a	NonTarget	1	232559
1162.88	n/a	NonTarget	1	232576
1162.965	n/a	NonTarget	1	232593
1163.045	n/a	NonTarget	1	232609
1163.13	n/a	NonTarget	1	232626
1163.21	n/a	NonTarget	1	232642
1163.295	n/a	NonTarget	1	232659
1163.38	n/a	NonTarget	1	232676
1163.465	n/a	NonTarget	1	232693
1163.545	n/a	NonTarget	1	232709
1163.63	n/a	NonTarget	1	232726
1163.715	n/a	NonTarget	1	232743
1163.795	n/a	NonTarget	1	232759
1163.88	n/a	NonTarget	1	232776
1163.96	n/a	NonTarget	1	232792
1164.045	n/a	NonTarget	1	232809
1164.13	n/a	NonTarget	1	232826
1164.215	n/a	NonTarget	1	232843
1164.295	n/a	NonTarget	1	232859
1164.38	n/a	NonTarget	1	232876
1164.465	n/a	Target	2	232893
1164.545	n/a	NonTarget	1	232909
1164.63	n/a	NonTarget	1	232926
1164.715	n/a	NonTarget	1	232943
1164.8	n/a	NonTarget	1	232960
1165.2	n/a	NonTarget	1	233040
1165.28	n/a	NonTarget	1	233056
1165.365	n/a	NonTarget	1	233073
1165.445	n/a	NonTarget	1	233089
1165.53	n/a	NonTarget	1	233106
1165.615	n/a	NonTarget	1	233123
1165.695	n/a	NonTarget	1	233139
1165.78	n/a	NonTarget	1	233156
1165.865	n/a	NonTarget	1	233173
1165.945	n/a	NonTarget	1	233189
1166.03	n/a	NonTarget	1	233206
1166.115	n/a	NonTarget	1	233223
1166.2	n/a	NonTarget	1	233240
1166.28	n/a	NonTarget	1	233256
1166.365	n/a	NonTarget	1	233273
1166.45	n/a	NonTarget	1	233290
1166.53	n/a	NonTarget	1	233306
1166.615	n/a	NonTarget	1	233323
1166.705	n/a	NonTarget	1	233341
1166.78	n/a	NonTarget	1	233356
1166.865	n/a	Target	2	233373
1166.95	n/a	NonTarget	1	233390
1167.03	n/a	NonTarget	1	233406
1167.115	n/a	NonTarget	1	233423
1167.2	n/a	NonTarget	1	233440
1167.28	n/a	NonTarget	1	233456
1167.365	n/a	NonTarget	1	233473
1167.45	n/a	NonTarget	1	233490
1167.53	n/a	NonTarget	1	233506
1167.615	n/a	NonTarget	1	233523
1168.015	n/a	NonTarget	1	233603
1168.1	n/a	NonTarget	1	233620
1168.18	n/a	NonTarget	1	233636
1168.265	n/a	NonTarget	1	233653
1168.35	n/a	NonTarget	1	233670
1168.435	n/a	NonTarget	1	233687
1168.515	n/a	NonTarget	1	233703
1168.6	n/a	NonTarget	1	233720
1168.685	n/a	NonTarget	1	233737
1168.765	n/a	NonTarget	1	233753
1168.85	n/a	NonTarget	1	233770
1168.935	n/a	NonTarget	1	233787
1169.015	n/a	NonTarget	1	233803
1169.1	n/a	NonTarget	1	233820
1169.185	n/a	NonTarget	1	233837
1169.27	n/a	Target	2	233854
1169.35	n/a	NonTarget	1	233870
1169.435	n/a	NonTarget	1	233887
1169.52	n/a	NonTarget	1	233904
1169.6	n/a	NonTarget	1	233920
1169.68	n/a	NonTarget	1	233936
1169.765	n/a	NonTarget	1	233953
1169.85	n/a	NonTarget	1	233970
1169.935	n/a	NonTarget	1	233987
1170.015	n/a	NonTarget	1	234003
1170.1	n/a	NonTarget	1	234020
1170.19	n/a	NonTarget	1	234038
1170.265	n/a	NonTarget	1	234053
1170.35	n/a	NonTarget	1	234070
1170.435	n/a	NonTarget	1	234087
1170.835	n/a	NonTarget	1	234167
1170.915	n/a	NonTarget	1	234183
1171.0	n/a	NonTarget	1	234200
1171.085	n/a	NonTarget	1	234217
1171.165	n/a	NonTarget	1	234233
1171.25	n/a	NonTarget	1	234250
1171.335	n/a	NonTarget	1	234267
1171.415	n/a	NonTarget	1	234283
1171.5	n/a	NonTarget	1	234300
1171.585	n/a	NonTarget	1	234317
1171.67	n/a	NonTarget	1	234334
1171.755	n/a	NonTarget	1	234351
1171.835	n/a	NonTarget	1	234367
1171.92	n/a	NonTarget	1	234384
1172.005	n/a	NonTarget	1	234401
1172.085	n/a	NonTarget	1	234417
1172.17	n/a	NonTarget	1	234434
1172.255	n/a	NonTarget	1	234451
1172.335	n/a	NonTarget	1	234467
1172.42	n/a	NonTarget	1	234484
1172.505	n/a	NonTarget	1	234501
1172.59	n/a	NonTarget	1	234518
1172.67	n/a	NonTarget	1	234534
1172.755	n/a	NonTarget	1	234551
1172.835	n/a	NonTarget	1	234567
1172.92	n/a	Target	2	234584
1173.005	n/a	NonTarget	1	234601
1173.085	n/a	NonTarget	1	234617
1173.17	n/a	NonTarget	1	234634
1173.255	n/a	NonTarget	1	234651
1173.655	n/a	NonTarget	1	234731
1173.735	n/a	NonTarget	1	234747
1173.82	n/a	NonTarget	1	234764
1173.905	n/a	NonTarget	1	234781
1173.99	n/a	NonTarget	1	234798
1174.07	n/a	NonTarget	1	234814
1174.155	n/a	NonTarget	1	234831
1174.235	n/a	NonTarget	1	234847
1174.32	n/a	NonTarget	1	234864
1174.405	n/a	NonTarget	1	234881
1174.49	n/a	NonTarget	1	234898
1174.57	n/a	NonTarget	1	234914
1174.655	n/a	NonTarget	1	234931
1174.74	n/a	NonTarget	1	234948
1174.82	n/a	NonTarget	1	234964
1174.91	n/a	Target	2	234982
1174.985	n/a	NonTarget	1	234997
1175.07	n/a	NonTarget	1	235014
1175.155	n/a	NonTarget	1	235031
1175.24	n/a	NonTarget	1	235048
1175.32	n/a	NonTarget	1	235064
1175.405	n/a	NonTarget	1	235081
1175.49	n/a	NonTarget	1	235098
1175.57	n/a	NonTarget	1	235114
1175.66	n/a	NonTarget	1	235132
1175.74	n/a	NonTarget	1	235148
1175.82	n/a	NonTarget	1	235164
1175.91	n/a	NonTarget	1	235182
1175.995	n/a	NonTarget	1	235199
1176.07	n/a	NonTarget	1	235214
1176.47	n/a	NonTarget	1	235294
1176.555	n/a	NonTarget	1	235311
1176.64	n/a	NonTarget	1	235328
1176.725	n/a	NonTarget	1	235345
1176.805	n/a	NonTarget	1	235361
1176.89	n/a	Target	2	235378
1176.975	n/a	NonTarget	1	235395
1177.055	n/a	NonTarget	1	235411
1177.14	n/a	NonTarget	1	235428
1177.22	n/a	NonTarget	1	235444
1177.305	n/a	NonTarget	1	235461
1177.39	n/a	NonTarget	1	235478
1177.475	n/a	NonTarget	1	235495
1177.555	n/a	NonTarget	1	235511
1177.64	n/a	NonTarget	1	235528
1177.725	n/a	NonTarget	1	235545
1177.805	n/a	NonTarget	1	235561
1177.89	n/a	NonTarget	1	235578
1177.975	n/a	NonTarget	1	235595
1178.06	n/a	NonTarget	1	235612
1178.14	n/a	NonTarget	1	235628
1178.225	n/a	NonTarget	1	235645
1178.31	n/a	NonTarget	1	235662
1178.395	n/a	NonTarget	1	235679
1178.475	n/a	NonTarget	1	235695
1178.56	n/a	NonTarget	1	235712
1178.64	n/a	NonTarget	1	235728
1178.725	n/a	NonTarget	1	235745
1178.805	n/a	NonTarget	1	235761
1178.89	n/a	NonTarget	1	235778
1179.29	n/a	NonTarget	1	235858
1179.375	n/a	NonTarget	1	235875
1179.46	n/a	NonTarget	1	235892
1179.545	n/a	NonTarget	1	235909
1179.625	n/a	NonTarget	1	235925
1179.71	n/a	Target	2	235942
1179.795	n/a	NonTarget	1	235959
1179.875	n/a	NonTarget	1	235975
1179.96	n/a	NonTarget	1	235992
1180.04	n/a	NonTarget	1	236008
1180.125	n/a	NonTarget	1	236025
1180.21	n/a	NonTarget	1	236042
1180.295	n/a	NonTarget	1	236059
1180.375	n/a	NonTarget	1	236075
1180.46	n/a	NonTarget	1	236092
1180.54	n/a	NonTarget	1	236108
1180.625	n/a	NonTarget	1	236125
1180.71	n/a	NonTarget	1	236142
1180.795	n/a	NonTarget	1	236159
1180.875	n/a	NonTarget	1	236175
1180.96	n/a	NonTarget	1	236192
1181.04	n/a	NonTarget	1	236208
1181.125	n/a	NonTarget	1	236225
1181.21	n/a	NonTarget	1	236242
1181.29	n/a	NonTarget	1	236258
1181.375	n/a	NonTarget	1	236275
1181.46	n/a	NonTarget	1	236292
1181.54	n/a	NonTarget	1	236308
1181.625	n/a	NonTarget	1	236325
1181.71	n/a	NonTarget	1	236342
1182.11	n/a	NonTarget	1	236422
1182.195	n/a	NonTarget	1	236439
1182.275	n/a	NonTarget	1	236455
1182.36	n/a	NonTarget	1	236472
1182.445	n/a	NonTarget	1	236489
1182.525	n/a	NonTarget	1	236505
1182.61	n/a	NonTarget	1	236522
1182.695	n/a	NonTarget	1	236539
1182.78	n/a	NonTarget	1	236556
1182.86	n/a	NonTarget	1	236572
1182.945	n/a	NonTarget	1	236589
1183.03	n/a	NonTarget	1	236606
1183.11	n/a	NonTarget	1	236622
1183.195	n/a	NonTarget	1	236639
1183.275	n/a	NonTarget	1	236655
1183.36	n/a	NonTarget	1	236672
1183.445	n/a	NonTarget	1	236689
1183.525	n/a	NonTarget	1	236705
1183.61	n/a	NonTarget	1	236722
1183.695	n/a	NonTarget	1	236739
1183.78	n/a	Target	2	236756
1183.86	n/a	NonTarget	1	236772
1183.945	n/a	NonTarget	1	236789
1184.03	n/a	NonTarget	1	236806
1184.11	n/a	NonTarget	1	236822
1184.195	n/a	NonTarget	1	236839
1184.28	n/a	NonTarget	1	236856
1184.365	n/a	NonTarget	1	236873
1184.445	n/a	NonTarget	1	236889
1184.525	n/a	NonTarget	1	236905
1194.65	n/a	NonTarget	1	238930
1194.735	n/a	NonTarget	1	238947
1194.82	n/a	NonTarget	1	238964
1194.905	n/a	NonTarget	1	238981
1194.985	n/a	NonTarget	1	238997
1195.07	n/a	NonTarget	1	239014
1195.15	n/a	NonTarget	1	239030
1195.235	n/a	NonTarget	1	239047
1195.32	n/a	NonTarget	1	239064
1195.4	n/a	NonTarget	1	239080
1195.485	n/a	Target	2	239097
1195.57	n/a	NonTarget	1	239114
1195.65	n/a	NonTarget	1	239130
1195.735	n/a	NonTarget	1	239147
1195.82	n/a	NonTarget	1	239164
1195.905	n/a	NonTarget	1	239181
1195.985	n/a	NonTarget	1	239197
1196.07	n/a	NonTarget	1	239214
1196.155	n/a	NonTarget	1	239231
1196.24	n/a	NonTarget	1	239248
1196.32	n/a	NonTarget	1	239264
1196.405	n/a	NonTarget	1	239281
1196.485	n/a	NonTarget	1	239297
1196.57	n/a	NonTarget	1	239314
1196.655	n/a	NonTarget	1	239331
1196.735	n/a	NonTarget	1	239347
1196.82	n/a	NonTarget	1	239364
1196.905	n/a	NonTarget	1	239381
1196.99	n/a	NonTarget	1	239398
1197.07	n/a	NonTarget	1	239414
1197.47	n/a	Target	2	239494
1197.555	n/a	NonTarget	1	239511
1197.64	n/a	NonTarget	1	239528
1197.72	n/a	NonTarget	1	239544
1197.805	n/a	NonTarget	1	239561
1197.89	n/a	NonTarget	1	239578
1197.97	n/a	NonTarget	1	239594
1198.055	n/a	NonTarget	1	239611
1198.14	n/a	NonTarget	1	239628
1198.22	n/a	NonTarget	1	239644
1198.305	n/a	NonTarget	1	239661
1198.39	n/a	NonTarget	1	239678
1198.475	n/a	NonTarget	1	239695
1198.555	n/a	NonTarget	1	239711
1198.64	n/a	NonTarget	1	239728
1198.725	n/a	NonTarget	1	239745
1198.805	n/a	NonTarget	1	239761
1198.89	n/a	NonTarget	1	239778
1198.97	n/a	NonTarget	1	239794
1199.06	n/a	NonTarget	1	239812
1199.14	n/a	NonTarget	1	239828
1199.225	n/a	NonTarget	1	239845
1199.31	n/a	NonTarget	1	239862
1199.39	n/a	NonTarget	1	239878
1199.47	n/a	NonTarget	1	239894
1199.555	n/a	NonTarget	1	239911
1199.64	n/a	NonTarget	1	239928
1199.725	n/a	NonTarget	1	239945
1199.805	n/a	NonTarget	1	239961
1199.89	n/a	NonTarget	1	239978
1200.29	n/a	NonTarget	1	240058
1200.375	n/a	NonTarget	1	240075
1200.46	n/a	NonTarget	1	240092
1200.54	n/a	NonTarget	1	240108
1200.625	n/a	NonTarget	1	240125
1200.705	n/a	Target	2	240141
1200.79	n/a	NonTarget	1	240158
1200.875	n/a	NonTarget	1	240175
1200.96	n/a	NonTarget	1	240192
1201.04	n/a	NonTarget	1	240208
1201.125	n/a	NonTarget	1	240225
1201.205	n/a	NonTarget	1	240241
1201.29	n/a	NonTarget	1	240258
1201.375	n/a	NonTarget	1	240275
1201.46	n/a	NonTarget	1	240292
1201.545	n/a	NonTarget	1	240309
1201.625	n/a	NonTarget	1	240325
1201.705	n/a	NonTarget	1	240341
1201.795	n/a	NonTarget	1	240359
1201.875	n/a	NonTarget	1	240375
1201.96	n/a	NonTarget	1	240392
1202.04	n/a	NonTarget	1	240408
1202.125	n/a	NonTarget	1	240425
1202.21	n/a	NonTarget	1	240442
1202.295	n/a	NonTarget	1	240459
1202.38	n/a	NonTarget	1	240476
1202.46	n/a	NonTarget	1	240492
1202.54	n/a	NonTarget	1	240508
1202.625	n/a	NonTarget	1	240525
1202.71	n/a	NonTarget	1	240542
1203.11	n/a	NonTarget	1	240622
1203.19	n/a	NonTarget	1	240638
1203.275	n/a	NonTarget	1	240655
1203.36	n/a	NonTarget	1	240672
1203.44	n/a	NonTarget	1	240688
1203.525	n/a	Target	2	240705
1203.61	n/a	NonTarget	1	240722
1203.695	n/a	NonTarget	1	240739
1203.775	n/a	NonTarget	1	240755
1203.86	n/a	NonTarget	1	240772
1203.945	n/a	NonTarget	1	240789
1204.03	n/a	NonTarget	1	240806
1204.11	n/a	NonTarget	1	240822
1204.195	n/a	NonTarget	1	240839
1204.275	n/a	NonTarget	1	240855
1204.36	n/a	NonTarget	1	240872
1204.445	n/a	NonTarget	1	240889
1204.525	n/a	NonTarget	1	240905
1204.61	n/a	NonTarget	1	240922
1204.69	n/a	NonTarget	1	240938
1204.775	n/a	NonTarget	1	240955
1204.86	n/a	NonTarget	1	240972
1204.945	n/a	NonTarget	1	240989
1205.025	n/a	NonTarget	1	241005
1205.11	n/a	NonTarget	1	241022
1205.195	n/a	NonTarget	1	241039
1205.28	n/a	NonTarget	1	241056
1205.365	n/a	NonTarget	1	241073
1205.45	n/a	NonTarget	1	241090
1205.525	n/a	NonTarget	1	241105
1205.93	n/a	NonTarget	1	241186
1206.01	n/a	NonTarget	1	241202
1206.095	n/a	NonTarget	1	241219
1206.18	n/a	NonTarget	1	241236
1206.26	n/a	NonTarget	1	241252
1206.345	n/a	NonTarget	1	241269
1206.43	n/a	NonTarget	1	241286
1206.515	n/a	NonTarget	1	241303
1206.595	n/a	NonTarget	1	241319
1206.68	n/a	NonTarget	1	241336
1206.76	n/a	NonTarget	1	241352
1206.845	n/a	NonTarget	1	241369
1206.93	n/a	NonTarget	1	241386
1207.01	n/a	NonTarget	1	241402
1207.095	n/a	NonTarget	1	241419
1207.18	n/a	Target	2	241436
1207.265	n/a	NonTarget	1	241453
1207.35	n/a	NonTarget	1	241470
1207.43	n/a	NonTarget	1	241486
1207.51	n/a	NonTarget	1	241502
1207.595	n/a	NonTarget	1	241519
1207.68	n/a	NonTarget	1	241536
1207.76	n/a	NonTarget	1	241552
1207.845	n/a	NonTarget	1	241569
1207.93	n/a	NonTarget	1	241586
1208.01	n/a	NonTarget	1	241602
1208.095	n/a	NonTarget	1	241619
1208.185	n/a	NonTarget	1	241637
1208.265	n/a	NonTarget	1	241653
1208.35	n/a	NonTarget	1	241670
1208.745	n/a	NonTarget	1	241749
1208.835	n/a	NonTarget	1	241767
1208.915	n/a	NonTarget	1	241783
1208.995	n/a	NonTarget	1	241799
1209.08	n/a	NonTarget	1	241816
1209.165	n/a	NonTarget	1	241833
1209.245	n/a	NonTarget	1	241849
1209.33	n/a	NonTarget	1	241866
1209.415	n/a	NonTarget	1	241883
1209.495	n/a	NonTarget	1	241899
1209.58	n/a	NonTarget	1	241916
1209.665	n/a	NonTarget	1	241933
1209.75	n/a	NonTarget	1	241950
1209.83	n/a	NonTarget	1	241966
1209.915	n/a	NonTarget	1	241983
1210.0	n/a	NonTarget	1	242000
1210.08	n/a	NonTarget	1	242016
1210.165	n/a	NonTarget	1	242033
1210.25	n/a	NonTarget	1	242050
1210.33	n/a	NonTarget	1	242066
1210.415	n/a	NonTarget	1	242083
1210.5	n/a	NonTarget	1	242100
1210.58	n/a	NonTarget	1	242116
1210.665	n/a	NonTarget	1	242133
1210.75	n/a	NonTarget	1	242150
1210.835	n/a	Target	2	242167
1210.915	n/a	NonTarget	1	242183
1211.0	n/a	NonTarget	1	242200
1211.08	n/a	NonTarget	1	242216
1211.165	n/a	NonTarget	1	242233
1211.57	n/a	NonTarget	1	242314
1211.65	n/a	NonTarget	1	242330
1211.735	n/a	NonTarget	1	242347
1211.815	n/a	NonTarget	1	242363
1211.9	n/a	NonTarget	1	242380
1211.98	n/a	Target	2	242396
1212.065	n/a	NonTarget	1	242413
1212.15	n/a	NonTarget	1	242430
1212.235	n/a	NonTarget	1	242447
1212.315	n/a	NonTarget	1	242463
1212.4	n/a	NonTarget	1	242480
1212.485	n/a	NonTarget	1	242497
1212.565	n/a	NonTarget	1	242513
1212.65	n/a	NonTarget	1	242530
1212.73	n/a	NonTarget	1	242546
1212.815	n/a	NonTarget	1	242563
1212.9	n/a	NonTarget	1	242580
1212.985	n/a	NonTarget	1	242597
1213.065	n/a	NonTarget	1	242613
1213.15	n/a	NonTarget	1	242630
1213.23	n/a	NonTarget	1	242646
1213.315	n/a	NonTarget	1	242663
1213.4	n/a	NonTarget	1	242680
1213.485	n/a	NonTarget	1	242697
1213.57	n/a	NonTarget	1	242714
1213.65	n/a	NonTarget	1	242730
1213.73	n/a	NonTarget	1	242746
1213.815	n/a	NonTarget	1	242763
1213.905	n/a	NonTarget	1	242781
1213.985	n/a	NonTarget	1	242797
1214.385	n/a	NonTarget	1	242877
1214.465	n/a	NonTarget	1	242893
1214.55	n/a	NonTarget	1	242910
1214.635	n/a	NonTarget	1	242927
1214.715	n/a	NonTarget	1	242943
1214.8	n/a	NonTarget	1	242960
1214.885	n/a	NonTarget	1	242977
1214.965	n/a	NonTarget	1	242993
1215.05	n/a	NonTarget	1	243010
1215.14	n/a	NonTarget	1	243028
1215.22	n/a	NonTarget	1	243044
1215.3	n/a	NonTarget	1	243060
1215.385	n/a	NonTarget	1	243077
1215.47	n/a	NonTarget	1	243094
1215.55	n/a	NonTarget	1	243110
1215.635	n/a	NonTarget	1	243127
1215.715	n/a	NonTarget	1	243143
1215.805	n/a	NonTarget	1	243161
1215.885	n/a	NonTarget	1	243177
1215.97	n/a	NonTarget	1	243194
1216.055	n/a	NonTarget	1	243211
1216.135	n/a	NonTarget	1	243227
1216.22	n/a	NonTarget	1	243244
1216.305	n/a	NonTarget	1	243261
1216.385	n/a	NonTarget	1	243277
1216.47	n/a	Target	2	243294
1216.55	n/a	NonTarget	1	243310
1216.635	n/a	NonTarget	1	243327
1216.725	n/a	NonTarget	1	243345
1216.8	n/a	NonTarget	1	243360
1217.2	n/a	NonTarget	1	243440
1217.285	n/a	NonTarget	1	243457
1217.37	n/a	NonTarget	1	243474
1217.455	n/a	NonTarget	1	243491
1217.54	n/a	NonTarget	1	243508
1217.62	n/a	NonTarget	1	243524
1217.705	n/a	NonTarget	1	243541
1217.79	n/a	NonTarget	1	243558
1217.87	n/a	NonTarget	1	243574
1217.955	n/a	NonTarget	1	243591
1218.04	n/a	Target	2	243608
1218.12	n/a	NonTarget	1	243624
1218.205	n/a	NonTarget	1	243641
1218.285	n/a	NonTarget	1	243657
1218.37	n/a	NonTarget	1	243674
1218.45	n/a	NonTarget	1	243690
1218.535	n/a	NonTarget	1	243707
1218.62	n/a	NonTarget	1	243724
1218.71	n/a	NonTarget	1	243742
1218.785	n/a	NonTarget	1	243757
1218.875	n/a	NonTarget	1	243775
1218.955	n/a	NonTarget	1	243791
1219.035	n/a	NonTarget	1	243807
1219.12	n/a	NonTarget	1	243824
1219.205	n/a	NonTarget	1	243841
1219.285	n/a	NonTarget	1	243857
1219.37	n/a	NonTarget	1	243874
1219.455	n/a	NonTarget	1	243891
1219.54	n/a	NonTarget	1	243908
1219.62	n/a	NonTarget	1	243924
1220.02	n/a	NonTarget	1	244004
1220.105	n/a	NonTarget	1	244021
1220.185	n/a	NonTarget	1	244037
1220.27	n/a	NonTarget	1	244054
1220.355	n/a	NonTarget	1	244071
1220.44	n/a	NonTarget	1	244088
1220.52	n/a	NonTarget	1	244104
1220.605	n/a	NonTarget	1	244121
1220.69	n/a	NonTarget	1	244138
1220.77	n/a	NonTarget	1	244154
1220.86	n/a	Target	2	244172
1220.94	n/a	NonTarget	1	244188
1221.025	n/a	NonTarget	1	244205
1221.105	n/a	NonTarget	1	244221
1221.19	n/a	NonTarget	1	244238
1221.27	n/a	NonTarget	1	244254
1221.355	n/a	NonTarget	1	244271
1221.44	n/a	NonTarget	1	244288
1221.525	n/a	NonTarget	1	244305
1221.605	n/a	NonTarget	1	244321
1221.69	n/a	NonTarget	1	244338
1221.775	n/a	NonTarget	1	244355
1221.855	n/a	NonTarget	1	244371
1221.94	n/a	NonTarget	1	244388
1222.025	n/a	NonTarget	1	244405
1222.105	n/a	NonTarget	1	244421
1222.19	n/a	NonTarget	1	244438
1222.275	n/a	NonTarget	1	244455
1222.355	n/a	NonTarget	1	244471
1222.44	n/a	NonTarget	1	244488
1232.58	n/a	NonTarget	1	246516
1232.665	n/a	NonTarget	1	246533
1232.745	n/a	NonTarget	1	246549
1232.83	n/a	NonTarget	1	246566
1232.915	n/a	NonTarget	1	246583
1232.995	n/a	NonTarget	1	246599
1233.08	n/a	NonTarget	1	246616
1233.165	n/a	NonTarget	1	246633
1233.25	n/a	NonTarget	1	246650
1233.33	n/a	NonTarget	1	246666
1233.415	n/a	Target	2	246683
1233.5	n/a	NonTarget	1	246700
1233.58	n/a	NonTarget	1	246716
1233.67	n/a	NonTarget	1	246734
1233.75	n/a	NonTarget	1	246750
1233.83	n/a	NonTarget	1	246766
1233.915	n/a	NonTarget	1	246783
1234.0	n/a	NonTarget	1	246800
1234.08	n/a	NonTarget	1	246816
1234.165	n/a	NonTarget	1	246833
1234.25	n/a	NonTarget	1	246850
1234.335	n/a	NonTarget	1	246867
1234.415	n/a	NonTarget	1	246883
1234.5	n/a	NonTarget	1	246900
1234.58	n/a	NonTarget	1	246916
1234.67	n/a	NonTarget	1	246934
1234.75	n/a	NonTarget	1	246950
1234.83	n/a	NonTarget	1	246966
1234.915	n/a	NonTarget	1	246983
1235.0	n/a	NonTarget	1	247000
1235.4	n/a	NonTarget	1	247080
1235.485	n/a	NonTarget	1	247097
1235.565	n/a	NonTarget	1	247113
1235.65	n/a	NonTarget	1	247130
1235.735	n/a	NonTarget	1	247147
1235.815	n/a	Target	2	247163
1235.9	n/a	NonTarget	1	247180
1235.985	n/a	NonTarget	1	247197
1236.07	n/a	NonTarget	1	247214
1236.15	n/a	NonTarget	1	247230
1236.235	n/a	NonTarget	1	247247
1236.32	n/a	NonTarget	1	247264
1236.405	n/a	NonTarget	1	247281
1236.485	n/a	NonTarget	1	247297
1236.565	n/a	NonTarget	1	247313
1236.65	n/a	NonTarget	1	247330
1236.735	n/a	NonTarget	1	247347
1236.82	n/a	NonTarget	1	247364
1236.905	n/a	NonTarget	1	247381
1236.985	n/a	NonTarget	1	247397
1237.07	n/a	NonTarget	1	247414
1237.15	n/a	NonTarget	1	247430
1237.235	n/a	NonTarget	1	247447
1237.32	n/a	NonTarget	1	247464
1237.4	n/a	NonTarget	1	247480
1237.485	n/a	NonTarget	1	247497
1237.565	n/a	NonTarget	1	247513
1237.65	n/a	NonTarget	1	247530
1237.74	n/a	NonTarget	1	247548
1237.82	n/a	NonTarget	1	247564
1238.22	n/a	NonTarget	1	247644
1238.3	n/a	NonTarget	1	247660
1238.385	n/a	NonTarget	1	247677
1238.47	n/a	NonTarget	1	247694
1238.555	n/a	NonTarget	1	247711
1238.635	n/a	NonTarget	1	247727
1238.72	n/a	NonTarget	1	247744
1238.8	n/a	NonTarget	1	247760
1238.885	n/a	NonTarget	1	247777
1238.97	n/a	NonTarget	1	247794
1239.05	n/a	NonTarget	1	247810
1239.135	n/a	NonTarget	1	247827
1239.22	n/a	NonTarget	1	247844
1239.305	n/a	NonTarget	1	247861
1239.39	n/a	NonTarget	1	247878
1239.47	n/a	NonTarget	1	247894
1239.555	n/a	NonTarget	1	247911
1239.635	n/a	NonTarget	1	247927
1239.72	n/a	NonTarget	1	247944
1239.805	n/a	NonTarget	1	247961
1239.885	n/a	NonTarget	1	247977
1239.97	n/a	NonTarget	1	247994
1240.055	n/a	NonTarget	1	248011
1240.14	n/a	NonTarget	1	248028
1240.22	n/a	NonTarget	1	248044
1240.305	n/a	Target	2	248061
1240.385	n/a	NonTarget	1	248077
1240.47	n/a	NonTarget	1	248094
1240.555	n/a	NonTarget	1	248111
1240.635	n/a	NonTarget	1	248127
1241.04	n/a	NonTarget	1	248208
1241.12	n/a	NonTarget	1	248224
1241.205	n/a	NonTarget	1	248241
1241.285	n/a	NonTarget	1	248257
1241.37	n/a	NonTarget	1	248274
1241.455	n/a	Target	2	248291
1241.54	n/a	NonTarget	1	248308
1241.625	n/a	NonTarget	1	248325
1241.705	n/a	NonTarget	1	248341
1241.79	n/a	NonTarget	1	248358
1241.875	n/a	NonTarget	1	248375
1241.955	n/a	NonTarget	1	248391
1242.04	n/a	NonTarget	1	248408
1242.12	n/a	NonTarget	1	248424
1242.205	n/a	NonTarget	1	248441
1242.29	n/a	NonTarget	1	248458
1242.37	n/a	NonTarget	1	248474
1242.455	n/a	NonTarget	1	248491
1242.54	n/a	NonTarget	1	248508
1242.62	n/a	NonTarget	1	248524
1242.705	n/a	NonTarget	1	248541
1242.79	n/a	NonTarget	1	248558
1242.875	n/a	NonTarget	1	248575
1242.955	n/a	NonTarget	1	248591
1243.035	n/a	NonTarget	1	248607
1243.12	n/a	NonTarget	1	248624
1243.205	n/a	NonTarget	1	248641
1243.29	n/a	NonTarget	1	248658
1243.37	n/a	NonTarget	1	248674
1243.455	n/a	NonTarget	1	248691
1243.855	n/a	NonTarget	1	248771
1243.94	n/a	NonTarget	1	248788
1244.025	n/a	NonTarget	1	248805
1244.105	n/a	NonTarget	1	248821
1244.19	n/a	NonTarget	1	248838
1244.275	n/a	NonTarget	1	248855
1244.355	n/a	NonTarget	1	248871
1244.44	n/a	NonTarget	1	248888
1244.525	n/a	NonTarget	1	248905
1244.605	n/a	NonTarget	1	248921
1244.69	n/a	NonTarget	1	248938
1244.775	n/a	NonTarget	1	248955
1244.86	n/a	NonTarget	1	248972
1244.94	n/a	NonTarget	1	248988
1245.02	n/a	NonTarget	1	249004
1245.11	n/a	NonTarget	1	249022
1245.19	n/a	NonTarget	1	249038
1245.275	n/a	NonTarget	1	249055
1245.36	n/a	NonTarget	1	249072
1245.445	n/a	NonTarget	1	249089
1245.525	n/a	Target	2	249105
1245.605	n/a	NonTarget	1	249121
1245.69	n/a	NonTarget	1	249138
1245.775	n/a	NonTarget	1	249155
1245.855	n/a	NonTarget	1	249171
1245.945	n/a	NonTarget	1	249189
1246.025	n/a	NonTarget	1	249205
1246.11	n/a	NonTarget	1	249222
1246.19	n/a	NonTarget	1	249238
1246.275	n/a	NonTarget	1	249255
1246.675	n/a	NonTarget	1	249335
1246.76	n/a	NonTarget	1	249352
1246.84	n/a	NonTarget	1	249368
1246.925	n/a	NonTarget	1	249385
1247.01	n/a	NonTarget	1	249402
1247.095	n/a	Target	2	249419
1247.175	n/a	NonTarget	1	249435
1247.26	n/a	NonTarget	1	249452
1247.345	n/a	NonTarget	1	249469
1247.43	n/a	NonTarget	1	249486
1247.51	n/a	NonTarget	1	249502
1247.59	n/a	NonTarget	1	249518
1247.675	n/a	NonTarget	1	249535
1247.76	n/a	NonTarget	1	249552
1247.84	n/a	NonTarget	1	249568
1247.925	n/a	NonTarget	1	249585
1248.01	n/a	NonTarget	1	249602
1248.09	n/a	NonTarget	1	249618
1248.175	n/a	NonTarget	1	249635
1248.26	n/a	NonTarget	1	249652
1248.345	n/a	NonTarget	1	249669
1248.425	n/a	NonTarget	1	249685
1248.51	n/a	NonTarget	1	249702
1248.595	n/a	NonTarget	1	249719
1248.675	n/a	NonTarget	1	249735
1248.76	n/a	NonTarget	1	249752
1248.845	n/a	NonTarget	1	249769
1248.925	n/a	NonTarget	1	249785
1249.01	n/a	NonTarget	1	249802
1249.095	n/a	NonTarget	1	249819
1249.495	n/a	Target	2	249899
1249.575	n/a	NonTarget	1	249915
1249.665	n/a	NonTarget	1	249933
1249.745	n/a	NonTarget	1	249949
1249.825	n/a	NonTarget	1	249965
1249.915	n/a	NonTarget	1	249983
1249.995	n/a	NonTarget	1	249999
1250.075	n/a	NonTarget	1	250015
1250.16	n/a	NonTarget	1	250032
1250.245	n/a	NonTarget	1	250049
1250.33	n/a	NonTarget	1	250066
1250.41	n/a	NonTarget	1	250082
1250.495	n/a	NonTarget	1	250099
1250.58	n/a	NonTarget	1	250116
1250.66	n/a	NonTarget	1	250132
1250.745	n/a	NonTarget	1	250149
1250.83	n/a	NonTarget	1	250166
1250.91	n/a	NonTarget	1	250182
1250.995	n/a	NonTarget	1	250199
1251.08	n/a	NonTarget	1	250216
1251.165	n/a	NonTarget	1	250233
1251.245	n/a	NonTarget	1	250249
1251.33	n/a	NonTarget	1	250266
1251.415	n/a	NonTarget	1	250283
1251.495	n/a	NonTarget	1	250299
1251.58	n/a	NonTarget	1	250316
1251.66	n/a	NonTarget	1	250332
1251.745	n/a	NonTarget	1	250349
1251.83	n/a	NonTarget	1	250366
1251.915	n/a	NonTarget	1	250383
1252.31	n/a	Target	2	250462
1252.395	n/a	NonTarget	1	250479
1252.48	n/a	NonTarget	1	250496
1252.565	n/a	NonTarget	1	250513
1252.645	n/a	NonTarget	1	250529
1252.73	n/a	NonTarget	1	250546
1252.815	n/a	NonTarget	1	250563
1252.895	n/a	NonTarget	1	250579
1252.98	n/a	NonTarget	1	250596
1253.065	n/a	NonTarget	1	250613
1253.145	n/a	NonTarget	1	250629
1253.23	n/a	NonTarget	1	250646
1253.315	n/a	NonTarget	1	250663
1253.395	n/a	NonTarget	1	250679
1253.48	n/a	NonTarget	1	250696
1253.565	n/a	NonTarget	1	250713
1253.645	n/a	NonTarget	1	250729
1253.73	n/a	NonTarget	1	250746
1253.815	n/a	NonTarget	1	250763
1253.895	n/a	NonTarget	1	250779
1253.985	n/a	NonTarget	1	250797
1254.065	n/a	NonTarget	1	250813
1254.15	n/a	NonTarget	1	250830
1254.23	n/a	NonTarget	1	250846
1254.315	n/a	NonTarget	1	250863
1254.395	n/a	NonTarget	1	250879
1254.48	n/a	NonTarget	1	250896
1254.565	n/a	NonTarget	1	250913
1254.645	n/a	NonTarget	1	250929
1254.73	n/a	NonTarget	1	250946
1255.13	n/a	NonTarget	1	251026
1255.215	n/a	NonTarget	1	251043
1255.305	n/a	NonTarget	1	251061
1255.385	n/a	NonTarget	1	251077
1255.465	n/a	NonTarget	1	251093
1255.55	n/a	NonTarget	1	251110
1255.63	n/a	NonTarget	1	251126
1255.715	n/a	NonTarget	1	251143
1255.8	n/a	NonTarget	1	251160
1255.88	n/a	NonTarget	1	251176
1255.965	n/a	NonTarget	1	251193
1256.05	n/a	NonTarget	1	251210
1256.13	n/a	NonTarget	1	251226
1256.215	n/a	NonTarget	1	251243
1256.3	n/a	NonTarget	1	251260
1256.38	n/a	Target	2	251276
1256.465	n/a	NonTarget	1	251293
1256.55	n/a	NonTarget	1	251310
1256.63	n/a	NonTarget	1	251326
1256.715	n/a	NonTarget	1	251343
1256.8	n/a	NonTarget	1	251360
1256.88	n/a	NonTarget	1	251376
1256.965	n/a	NonTarget	1	251393
1257.05	n/a	NonTarget	1	251410
1257.135	n/a	NonTarget	1	251427
1257.22	n/a	NonTarget	1	251444
1257.3	n/a	NonTarget	1	251460
1257.385	n/a	NonTarget	1	251477
1257.465	n/a	NonTarget	1	251493
1257.55	n/a	NonTarget	1	251510
1257.95	n/a	NonTarget	1	251590
1258.03	n/a	NonTarget	1	251606
1258.12	n/a	NonTarget	1	251624
1258.2	n/a	NonTarget	1	251640
1258.285	n/a	NonTarget	1	251657
1258.365	n/a	NonTarget	1	251673
1258.45	n/a	NonTarget	1	251690
1258.53	n/a	NonTarget	1	251706
1258.615	n/a	NonTarget	1	251723
1258.7	n/a	NonTarget	1	251740
1258.785	n/a	NonTarget	1	251757
1258.87	n/a	NonTarget	1	251774
1258.955	n/a	NonTarget	1	251791
1259.035	n/a	NonTarget	1	251807
1259.115	n/a	NonTarget	1	251823
1259.2	n/a	Target	2	251840
1259.285	n/a	NonTarget	1	251857
1259.365	n/a	NonTarget	1	251873
1259.45	n/a	NonTarget	1	251890
1259.535	n/a	NonTarget	1	251907
1259.62	n/a	NonTarget	1	251924
1259.7	n/a	NonTarget	1	251940
1259.785	n/a	NonTarget	1	251957
1259.87	n/a	NonTarget	1	251974
1259.95	n/a	NonTarget	1	251990
1260.035	n/a	NonTarget	1	252007
1260.12	n/a	NonTarget	1	252024
1260.2	n/a	NonTarget	1	252040
1260.285	n/a	NonTarget	1	252057
1260.365	n/a	NonTarget	1	252073
1270.49	n/a	NonTarget	1	254098
1270.575	n/a	NonTarget	1	254115
1270.66	n/a	NonTarget	1	254132
1270.745	n/a	NonTarget	1	254149
1270.825	n/a	NonTarget	1	254165
1270.91	n/a	NonTarget	1	254182
1270.995	n/a	NonTarget	1	254199
1271.075	n/a	Target	2	254215
1271.16	n/a	NonTarget	1	254232
1271.245	n/a	NonTarget	1	254249
1271.325	n/a	NonTarget	1	254265
1271.41	n/a	NonTarget	1	254282
1271.495	n/a	NonTarget	1	254299
1271.58	n/a	NonTarget	1	254316
1271.665	n/a	NonTarget	1	254333
1271.745	n/a	NonTarget	1	254349
1271.825	n/a	NonTarget	1	254365
1271.91	n/a	NonTarget	1	254382
1271.995	n/a	NonTarget	1	254399
1272.075	n/a	NonTarget	1	254415
1272.16	n/a	NonTarget	1	254432
1272.245	n/a	NonTarget	1	254449
1272.325	n/a	NonTarget	1	254465
1272.41	n/a	NonTarget	1	254482
1272.495	n/a	NonTarget	1	254499
1272.575	n/a	NonTarget	1	254515
1272.665	n/a	NonTarget	1	254533
1272.745	n/a	NonTarget	1	254549
1272.83	n/a	NonTarget	1	254566
1272.915	n/a	NonTarget	1	254583
1273.31	n/a	NonTarget	1	254662
1273.395	n/a	NonTarget	1	254679
1273.48	n/a	NonTarget	1	254696
1273.56	n/a	NonTarget	1	254712
1273.645	n/a	NonTarget	1	254729
1273.725	n/a	NonTarget	1	254745
1273.81	n/a	NonTarget	1	254762
1273.895	n/a	NonTarget	1	254779
1273.985	n/a	NonTarget	1	254797
1274.07	n/a	NonTarget	1	254814
1274.16	n/a	NonTarget	1	254832
1274.245	n/a	NonTarget	1	254849
1274.33	n/a	NonTarget	1	254866
1274.41	n/a	NonTarget	1	254882
1274.495	n/a	NonTarget	1	254899
1274.58	n/a	NonTarget	1	254916
1274.665	n/a	NonTarget	1	254933
1274.75	n/a	NonTarget	1	254950
1274.83	n/a	NonTarget	1	254966
1274.915	n/a	NonTarget	1	254983
1274.995	n/a	NonTarget	1	254999
1275.08	n/a	NonTarget	1	255016
1275.165	n/a	Target	2	255033
1275.25	n/a	NonTarget	1	255050
1275.33	n/a	NonTarget	1	255066
1275.415	n/a	NonTarget	1	255083
1275.495	n/a	NonTarget	1	255099
1275.58	n/a	NonTarget	1	255116
1275.665	n/a	NonTarget	1	255133
1275.75	n/a	NonTarget	1	255150
1276.145	n/a	NonTarget	1	255229
1276.23	n/a	NonTarget	1	255246
1276.315	n/a	NonTarget	1	255263
1276.405	n/a	NonTarget	1	255281
1276.48	n/a	NonTarget	1	255296
1276.565	n/a	NonTarget	1	255313
1276.645	n/a	NonTarget	1	255329
1276.73	n/a	NonTarget	1	255346
1276.815	n/a	NonTarget	1	255363
1276.9	n/a	NonTarget	1	255380
1276.985	n/a	NonTarget	1	255397
1277.065	n/a	NonTarget	1	255413
1277.15	n/a	NonTarget	1	255430
1277.23	n/a	NonTarget	1	255446
1277.315	n/a	NonTarget	1	255463
1277.4	n/a	NonTarget	1	255480
1277.48	n/a	NonTarget	1	255496
1277.565	n/a	Target	2	255513
1277.65	n/a	NonTarget	1	255530
1277.73	n/a	NonTarget	1	255546
1277.815	n/a	NonTarget	1	255563
1277.9	n/a	NonTarget	1	255580
1277.985	n/a	NonTarget	1	255597
1278.07	n/a	NonTarget	1	255614
1278.15	n/a	NonTarget	1	255630
1278.235	n/a	NonTarget	1	255647
1278.315	n/a	NonTarget	1	255663
1278.4	n/a	NonTarget	1	255680
1278.48	n/a	NonTarget	1	255696
1278.565	n/a	NonTarget	1	255713
1278.965	n/a	NonTarget	1	255793
1279.05	n/a	NonTarget	1	255810
1279.13	n/a	NonTarget	1	255826
1279.215	n/a	NonTarget	1	255843
1279.3	n/a	NonTarget	1	255860
1279.38	n/a	NonTarget	1	255876
1279.465	n/a	NonTarget	1	255893
1279.55	n/a	NonTarget	1	255910
1279.635	n/a	NonTarget	1	255927
1279.715	n/a	NonTarget	1	255943
1279.8	n/a	NonTarget	1	255960
1279.885	n/a	NonTarget	1	255977
1279.965	n/a	NonTarget	1	255993
1280.05	n/a	NonTarget	1	256010
1280.135	n/a	NonTarget	1	256027
1280.22	n/a	NonTarget	1	256044
1280.3	n/a	NonTarget	1	256060
1280.385	n/a	Target	2	256077
1280.47	n/a	NonTarget	1	256094
1280.55	n/a	NonTarget	1	256110
1280.635	n/a	NonTarget	1	256127
1280.715	n/a	NonTarget	1	256143
1280.8	n/a	NonTarget	1	256160
1280.885	n/a	NonTarget	1	256177
1280.965	n/a	NonTarget	1	256193
1281.05	n/a	NonTarget	1	256210
1281.135	n/a	NonTarget	1	256227
1281.22	n/a	NonTarget	1	256244
1281.3	n/a	NonTarget	1	256260
1281.385	n/a	NonTarget	1	256277
1281.785	n/a	NonTarget	1	256357
1281.865	n/a	NonTarget	1	256373
1281.95	n/a	NonTarget	1	256390
1282.035	n/a	NonTarget	1	256407
1282.12	n/a	NonTarget	1	256424
1282.205	n/a	NonTarget	1	256441
1282.285	n/a	NonTarget	1	256457
1282.37	n/a	NonTarget	1	256474
1282.45	n/a	NonTarget	1	256490
1282.535	n/a	NonTarget	1	256507
1282.62	n/a	NonTarget	1	256524
1282.705	n/a	NonTarget	1	256541
1282.79	n/a	Target	2	256558
1282.87	n/a	NonTarget	1	256574
1282.955	n/a	NonTarget	1	256591
1283.035	n/a	NonTarget	1	256607
1283.12	n/a	NonTarget	1	256624
1283.2	n/a	NonTarget	1	256640
1283.285	n/a	NonTarget	1	256657
1283.37	n/a	NonTarget	1	256674
1283.45	n/a	NonTarget	1	256690
1283.535	n/a	NonTarget	1	256707
1283.62	n/a	NonTarget	1	256724
1283.705	n/a	NonTarget	1	256741
1283.79	n/a	NonTarget	1	256758
1283.87	n/a	NonTarget	1	256774
1283.955	n/a	NonTarget	1	256791
1284.04	n/a	NonTarget	1	256808
1284.12	n/a	NonTarget	1	256824
1284.2	n/a	NonTarget	1	256840
1284.605	n/a	NonTarget	1	256921
1284.685	n/a	NonTarget	1	256937
1284.77	n/a	NonTarget	1	256954
1284.855	n/a	NonTarget	1	256971
1284.935	n/a	NonTarget	1	256987
1285.02	n/a	NonTarget	1	257004
1285.105	n/a	NonTarget	1	257021
1285.185	n/a	NonTarget	1	257037
1285.27	n/a	NonTarget	1	257054
1285.355	n/a	NonTarget	1	257071
1285.44	n/a	NonTarget	1	257088
1285.52	n/a	NonTarget	1	257104
1285.605	n/a	NonTarget	1	257121
1285.69	n/a	NonTarget	1	257138
1285.77	n/a	NonTarget	1	257154
1285.855	n/a	NonTarget	1	257171
1285.935	n/a	NonTarget	1	257187
1286.02	n/a	NonTarget	1	257204
1286.105	n/a	NonTarget	1	257221
1286.19	n/a	NonTarget	1	257238
1286.27	n/a	NonTarget	1	257254
1286.355	n/a	NonTarget	1	257271
1286.44	n/a	NonTarget	1	257288
1286.52	n/a	NonTarget	1	257304
1286.605	n/a	NonTarget	1	257321
1286.69	n/a	NonTarget	1	257338
1286.77	n/a	NonTarget	1	257354
1286.855	n/a	Target	2	257371
1286.94	n/a	NonTarget	1	257388
1287.025	n/a	NonTarget	1	257405
1287.425	n/a	NonTarget	1	257485
1287.505	n/a	NonTarget	1	257501
1287.59	n/a	Target	2	257518
1287.675	n/a	NonTarget	1	257535
1287.755	n/a	NonTarget	1	257551
1287.84	n/a	NonTarget	1	257568
1287.92	n/a	NonTarget	1	257584
1288.005	n/a	NonTarget	1	257601
1288.09	n/a	NonTarget	1	257618
1288.175	n/a	NonTarget	1	257635
1288.255	n/a	NonTarget	1	257651
1288.34	n/a	NonTarget	1	257668
1288.425	n/a	NonTarget	1	257685
1288.505	n/a	NonTarget	1	257701
1288.59	n/a	NonTarget	1	257718
1288.67	n/a	NonTarget	1	257734
1288.755	n/a	NonTarget	1	257751
1288.84	n/a	NonTarget	1	257768
1288.925	n/a	NonTarget	1	257785
1289.005	n/a	NonTarget	1	257801
1289.09	n/a	NonTarget	1	257818
1289.17	n/a	NonTarget	1	257834
1289.255	n/a	NonTarget	1	257851
1289.34	n/a	NonTarget	1	257868
1289.42	n/a	NonTarget	1	257884
1289.51	n/a	NonTarget	1	257902
1289.59	n/a	NonTarget	1	257918
1289.675	n/a	NonTarget	1	257935
1289.755	n/a	NonTarget	1	257951
1289.84	n/a	NonTarget	1	257968
1290.24	n/a	NonTarget	1	258048
1290.325	n/a	NonTarget	1	258065
1290.405	n/a	Target	2	258081
1290.49	n/a	NonTarget	1	258098
1290.575	n/a	NonTarget	1	258115
1290.66	n/a	NonTarget	1	258132
1290.74	n/a	NonTarget	1	258148
1290.825	n/a	NonTarget	1	258165
1290.91	n/a	NonTarget	1	258182
1290.99	n/a	NonTarget	1	258198
1291.075	n/a	NonTarget	1	258215
1291.16	n/a	NonTarget	1	258232
1291.24	n/a	NonTarget	1	258248
1291.325	n/a	NonTarget	1	258265
1291.41	n/a	NonTarget	1	258282
1291.495	n/a	NonTarget	1	258299
1291.575	n/a	NonTarget	1	258315
1291.66	n/a	NonTarget	1	258332
1291.74	n/a	NonTarget	1	258348
1291.825	n/a	NonTarget	1	258365
1291.91	n/a	NonTarget	1	258382
1291.99	n/a	NonTarget	1	258398
1292.075	n/a	NonTarget	1	258415
1292.16	n/a	NonTarget	1	258432
1292.24	n/a	NonTarget	1	258448
1292.325	n/a	NonTarget	1	258465
1292.41	n/a	NonTarget	1	258482
1292.49	n/a	NonTarget	1	258498
1292.575	n/a	NonTarget	1	258515
1292.66	n/a	NonTarget	1	258532
1293.06	n/a	NonTarget	1	258612
1293.145	n/a	NonTarget	1	258629
1293.225	n/a	NonTarget	1	258645
1293.31	n/a	NonTarget	1	258662
1293.395	n/a	NonTarget	1	258679
1293.475	n/a	NonTarget	1	258695
1293.56	n/a	NonTarget	1	258712
1293.645	n/a	Target	2	258729
1293.725	n/a	NonTarget	1	258745
1293.81	n/a	NonTarget	1	258762
1293.895	n/a	NonTarget	1	258779
1293.98	n/a	NonTarget	1	258796
1294.06	n/a	NonTarget	1	258812
1294.145	n/a	NonTarget	1	258829
1294.23	n/a	NonTarget	1	258846
1294.31	n/a	NonTarget	1	258862
1294.395	n/a	NonTarget	1	258879
1294.48	n/a	NonTarget	1	258896
1294.56	n/a	NonTarget	1	258912
1294.645	n/a	NonTarget	1	258929
1294.725	n/a	NonTarget	1	258945
1294.815	n/a	NonTarget	1	258963
1294.895	n/a	NonTarget	1	258979
1294.98	n/a	NonTarget	1	258996
1295.06	n/a	NonTarget	1	259012
1295.145	n/a	NonTarget	1	259029
1295.23	n/a	NonTarget	1	259046
1295.31	n/a	NonTarget	1	259062
1295.395	n/a	NonTarget	1	259079
1295.475	n/a	NonTarget	1	259095
1295.885	n/a	NonTarget	1	259177
1295.96	n/a	NonTarget	1	259192
1296.045	n/a	Target	2	259209
1296.13	n/a	NonTarget	1	259226
1296.215	n/a	NonTarget	1	259243
1296.295	n/a	NonTarget	1	259259
1296.375	n/a	NonTarget	1	259275
1296.46	n/a	NonTarget	1	259292
1296.545	n/a	NonTarget	1	259309
1296.625	n/a	NonTarget	1	259325
1296.715	n/a	NonTarget	1	259343
1296.795	n/a	NonTarget	1	259359
1296.88	n/a	NonTarget	1	259376
1296.96	n/a	NonTarget	1	259392
1297.045	n/a	NonTarget	1	259409
1297.13	n/a	NonTarget	1	259426
1297.215	n/a	NonTarget	1	259443
1297.295	n/a	NonTarget	1	259459
1297.38	n/a	NonTarget	1	259476
1297.465	n/a	NonTarget	1	259493
1297.545	n/a	NonTarget	1	259509
1297.63	n/a	NonTarget	1	259526
1297.715	n/a	NonTarget	1	259543
1297.8	n/a	NonTarget	1	259560
1297.88	n/a	NonTarget	1	259576
1297.965	n/a	NonTarget	1	259593
1298.045	n/a	NonTarget	1	259609
1298.13	n/a	NonTarget	1	259626
1298.215	n/a	NonTarget	1	259643
1298.295	n/a	NonTarget	1	259659
1308.45	n/a	NonTarget	1	261690
1308.54	n/a	NonTarget	1	261708
1308.62	n/a	NonTarget	1	261724
1308.705	n/a	NonTarget	1	261741
1308.79	n/a	NonTarget	1	261758
1308.875	n/a	NonTarget	1	261775
1308.955	n/a	NonTarget	1	261791
1309.035	n/a	NonTarget	1	261807
1309.12	n/a	NonTarget	1	261824
1309.205	n/a	NonTarget	1	261841
1309.29	n/a	NonTarget	1	261858
1309.37	n/a	NonTarget	1	261874
1309.455	n/a	NonTarget	1	261891
1309.54	n/a	Target	2	261908
1309.62	n/a	NonTarget	1	261924
1309.705	n/a	NonTarget	1	261941
1309.79	n/a	NonTarget	1	261958
1309.87	n/a	NonTarget	1	261974
1309.955	n/a	NonTarget	1	261991
1310.04	n/a	NonTarget	1	262008
1310.12	n/a	NonTarget	1	262024
1310.205	n/a	NonTarget	1	262041
1310.29	n/a	NonTarget	1	262058
1310.375	n/a	NonTarget	1	262075
1310.455	n/a	NonTarget	1	262091
1310.54	n/a	NonTarget	1	262108
1310.625	n/a	NonTarget	1	262125
1310.705	n/a	NonTarget	1	262141
1310.79	n/a	NonTarget	1	262158
1310.875	n/a	NonTarget	1	262175
1311.275	n/a	NonTarget	1	262255
1311.355	n/a	NonTarget	1	262271
1311.44	n/a	NonTarget	1	262288
1311.525	n/a	Target	2	262305
1311.605	n/a	NonTarget	1	262321
1311.69	n/a	NonTarget	1	262338
1311.775	n/a	NonTarget	1	262355
1311.855	n/a	NonTarget	1	262371
1311.94	n/a	NonTarget	1	262388
1312.025	n/a	NonTarget	1	262405
1312.105	n/a	NonTarget	1	262421
1312.19	n/a	NonTarget	1	262438
1312.275	n/a	NonTarget	1	262455
1312.355	n/a	NonTarget	1	262471
1312.44	n/a	NonTarget	1	262488
1312.525	n/a	NonTarget	1	262505
1312.605	n/a	NonTarget	1	262521
1312.69	n/a	NonTarget	1	262538
1312.78	n/a	NonTarget	1	262556
1312.86	n/a	NonTarget	1	262572
1312.94	n/a	NonTarget	1	262588
1313.025	n/a	NonTarget	1	262605
1313.11	n/a	NonTarget	1	262622
1313.19	n/a	NonTarget	1	262638
1313.275	n/a	NonTarget	1	262655
1313.36	n/a	NonTarget	1	262672
1313.44	n/a	NonTarget	1	262688
1313.525	n/a	NonTarget	1	262705
1313.61	n/a	NonTarget	1	262722
1313.695	n/a	NonTarget	1	262739
1314.09	n/a	NonTarget	1	262818
1314.175	n/a	NonTarget	1	262835
1314.26	n/a	NonTarget	1	262852
1314.345	n/a	NonTarget	1	262869
1314.425	n/a	NonTarget	1	262885
1314.51	n/a	NonTarget	1	262902
1314.59	n/a	NonTarget	1	262918
1314.68	n/a	NonTarget	1	262936
1314.76	n/a	NonTarget	1	262952
1314.845	n/a	NonTarget	1	262969
1314.925	n/a	NonTarget	1	262985
1315.01	n/a	NonTarget	1	263002
1315.09	n/a	NonTarget	1	263018
1315.18	n/a	Target	2	263036
1315.26	n/a	NonTarget	1	263052
1315.345	n/a	NonTarget	1	263069
1315.425	n/a	NonTarget	1	263085
1315.51	n/a	NonTarget	1	263102
1315.595	n/a	NonTarget	1	263119
1315.675	n/a	NonTarget	1	263135
1315.76	n/a	NonTarget	1	263152
1315.845	n/a	NonTarget	1	263169
1315.925	n/a	NonTarget	1	263185
1316.01	n/a	NonTarget	1	263202
1316.09	n/a	NonTarget	1	263218
1316.175	n/a	NonTarget	1	263235
1316.26	n/a	NonTarget	1	263252
1316.345	n/a	NonTarget	1	263269
1316.425	n/a	NonTarget	1	263285
1316.51	n/a	NonTarget	1	263302
1316.91	n/a	NonTarget	1	263382
1316.995	n/a	NonTarget	1	263399
1317.075	n/a	NonTarget	1	263415
1317.165	n/a	NonTarget	1	263433
1317.245	n/a	NonTarget	1	263449
1317.325	n/a	NonTarget	1	263465
1317.41	n/a	NonTarget	1	263482
1317.495	n/a	NonTarget	1	263499
1317.58	n/a	NonTarget	1	263516
1317.66	n/a	NonTarget	1	263532
1317.75	n/a	NonTarget	1	263550
1317.83	n/a	NonTarget	1	263566
1317.915	n/a	NonTarget	1	263583
1317.995	n/a	NonTarget	1	263599
1318.08	n/a	NonTarget	1	263616
1318.16	n/a	NonTarget	1	263632
1318.245	n/a	NonTarget	1	263649
1318.33	n/a	NonTarget	1	263666
1318.41	n/a	NonTarget	1	263682
1318.5	n/a	NonTarget	1	263700
1318.58	n/a	NonTarget	1	263716
1318.66	n/a	NonTarget	1	263732
1318.745	n/a	NonTarget	1	263749
1318.83	n/a	NonTarget	1	263766
1318.915	n/a	NonTarget	1	263783
1318.995	n/a	NonTarget	1	263799
1319.08	n/a	NonTarget	1	263816
1319.16	n/a	NonTarget	1	263832
1319.245	n/a	Target	2	263849
1319.33	n/a	NonTarget	1	263866
1319.73	n/a	NonTarget	1	263946
1319.81	n/a	NonTarget	1	263962
1319.895	n/a	NonTarget	1	263979
1319.98	n/a	Target	2	263996
1320.065	n/a	NonTarget	1	264013
1320.145	n/a	NonTarget	1	264029
1320.23	n/a	NonTarget	1	264046
1320.315	n/a	NonTarget	1	264063
1320.4	n/a	NonTarget	1	264080
1320.48	n/a	NonTarget	1	264096
1320.565	n/a	NonTarget	1	264113
1320.645	n/a	NonTarget	1	264129
1320.73	n/a	NonTarget	1	264146
1320.815	n/a	NonTarget	1	264163
1320.9	n/a	NonTarget	1	264180
1320.98	n/a	NonTarget	1	264196
1321.065	n/a	NonTarget	1	264213
1321.145	n/a	NonTarget	1	264229
1321.23	n/a	NonTarget	1	264246
1321.315	n/a	NonTarget	1	264263
1321.4	n/a	NonTarget	1	264280
1321.485	n/a	NonTarget	1	264297
1321.565	n/a	NonTarget	1	264313
1321.645	n/a	NonTarget	1	264329
1321.73	n/a	NonTarget	1	264346
1321.815	n/a	NonTarget	1	264363
1321.9	n/a	NonTarget	1	264380
1321.98	n/a	NonTarget	1	264396
1322.07	n/a	NonTarget	1	264414
1322.145	n/a	NonTarget	1	264429
1322.55	n/a	NonTarget	1	264510
1322.63	n/a	NonTarget	1	264526
1322.715	n/a	NonTarget	1	264543
1322.8	n/a	NonTarget	1	264560
1322.88	n/a	NonTarget	1	264576
1322.965	n/a	NonTarget	1	264593
1323.05	n/a	NonTarget	1	264610
1323.135	n/a	NonTarget	1	264627
1323.215	n/a	NonTarget	1	264643
1323.3	n/a	NonTarget	1	264660
1323.38	n/a	NonTarget	1	264676
1323.465	n/a	NonTarget	1	264693
1323.55	n/a	NonTarget	1	264710
1323.635	n/a	Target	2	264727
1323.72	n/a	NonTarget	1	264744
1323.8	n/a	NonTarget	1	264760
1323.885	n/a	NonTarget	1	264777
1323.965	n/a	NonTarget	1	264793
1324.05	n/a	NonTarget	1	264810
1324.13	n/a	NonTarget	1	264826
1324.215	n/a	NonTarget	1	264843
1324.3	n/a	NonTarget	1	264860
1324.385	n/a	NonTarget	1	264877
1324.47	n/a	NonTarget	1	264894
1324.55	n/a	NonTarget	1	264910
1324.635	n/a	NonTarget	1	264927
1324.72	n/a	NonTarget	1	264944
1324.8	n/a	NonTarget	1	264960
1324.885	n/a	NonTarget	1	264977
1324.965	n/a	NonTarget	1	264993
1325.365	n/a	NonTarget	1	265073
1325.45	n/a	NonTarget	1	265090
1325.535	n/a	NonTarget	1	265107
1325.62	n/a	NonTarget	1	265124
1325.7	n/a	NonTarget	1	265140
1325.785	n/a	NonTarget	1	265157
1325.865	n/a	NonTarget	1	265173
1325.95	n/a	NonTarget	1	265190
1326.035	n/a	Target	2	265207
1326.12	n/a	NonTarget	1	265224
1326.2	n/a	NonTarget	1	265240
1326.285	n/a	NonTarget	1	265257
1326.37	n/a	NonTarget	1	265274
1326.455	n/a	NonTarget	1	265291
1326.535	n/a	NonTarget	1	265307
1326.62	n/a	NonTarget	1	265324
1326.705	n/a	NonTarget	1	265341
1326.785	n/a	NonTarget	1	265357
1326.87	n/a	NonTarget	1	265374
1326.95	n/a	NonTarget	1	265390
1327.035	n/a	NonTarget	1	265407
1327.12	n/a	NonTarget	1	265424
1327.2	n/a	NonTarget	1	265440
1327.285	n/a	NonTarget	1	265457
1327.37	n/a	NonTarget	1	265474
1327.45	n/a	NonTarget	1	265490
1327.535	n/a	NonTarget	1	265507
1327.615	n/a	NonTarget	1	265523
1327.7	n/a	NonTarget	1	265540
1327.785	n/a	NonTarget	1	265557
1328.185	n/a	NonTarget	1	265637
1328.27	n/a	NonTarget	1	265654
1328.35	n/a	NonTarget	1	265670
1328.435	n/a	NonTarget	1	265687
1328.52	n/a	NonTarget	1	265704
1328.6	n/a	NonTarget	1	265720
1328.685	n/a	NonTarget	1	265737
1328.77	n/a	NonTarget	1	265754
1328.855	n/a	NonTarget	1	265771
1328.94	n/a	NonTarget	1	265788
1329.02	n/a	NonTarget	1	265804
1329.105	n/a	NonTarget	1	265821
1329.19	n/a	NonTarget	1	265838
1329.27	n/a	Target	2	265854
1329.355	n/a	NonTarget	1	265871
1329.435	n/a	NonTarget	1	265887
1329.52	n/a	NonTarget	1	265904
1329.6	n/a	NonTarget	1	265920
1329.685	n/a	NonTarget	1	265937
1329.77	n/a	NonTarget	1	265954
1329.85	n/a	NonTarget	1	265970
1329.94	n/a	NonTarget	1	265988
1330.02	n/a	NonTarget	1	266004
1330.105	n/a	NonTarget	1	266021
1330.19	n/a	NonTarget	1	266038
1330.27	n/a	NonTarget	1	266054
1330.355	n/a	NonTarget	1	266071
1330.435	n/a	NonTarget	1	266087
1330.52	n/a	NonTarget	1	266104
1330.605	n/a	NonTarget	1	266121
1331.005	n/a	NonTarget	1	266201
1331.09	n/a	NonTarget	1	266218
1331.17	n/a	NonTarget	1	266234
1331.26	n/a	NonTarget	1	266252
1331.34	n/a	NonTarget	1	266268
1331.42	n/a	NonTarget	1	266284
1331.505	n/a	NonTarget	1	266301
1331.585	n/a	NonTarget	1	266317
1331.67	n/a	NonTarget	1	266334
1331.755	n/a	NonTarget	1	266351
1331.84	n/a	NonTarget	1	266368
1331.92	n/a	NonTarget	1	266384
1332.005	n/a	NonTarget	1	266401
1332.09	n/a	NonTarget	1	266418
1332.17	n/a	NonTarget	1	266434
1332.255	n/a	NonTarget	1	266451
1332.34	n/a	NonTarget	1	266468
1332.425	n/a	NonTarget	1	266485
1332.505	n/a	Target	2	266501
1332.59	n/a	NonTarget	1	266518
1332.675	n/a	NonTarget	1	266535
1332.755	n/a	NonTarget	1	266551
1332.84	n/a	NonTarget	1	266568
1332.925	n/a	NonTarget	1	266585
1333.005	n/a	NonTarget	1	266601
1333.09	n/a	NonTarget	1	266618
1333.17	n/a	NonTarget	1	266634
1333.26	n/a	NonTarget	1	266652
1333.34	n/a	NonTarget	1	266668
1333.425	n/a	NonTarget	1	266685
1333.825	n/a	NonTarget	1	266765
1333.905	n/a	NonTarget	1	266781
1333.99	n/a	NonTarget	1	266798
1334.075	n/a	NonTarget	1	266815
1334.155	n/a	NonTarget	1	266831
1334.24	n/a	NonTarget	1	266848
1334.32	n/a	NonTarget	1	266864
1334.405	n/a	NonTarget	1	266881
1334.49	n/a	Target	2	266898
1334.575	n/a	NonTarget	1	266915
1334.66	n/a	NonTarget	1	266932
1334.74	n/a	NonTarget	1	266948
1334.825	n/a	NonTarget	1	266965
1334.905	n/a	NonTarget	1	266981
1334.99	n/a	NonTarget	1	266998
1335.075	n/a	NonTarget	1	267015
1335.16	n/a	NonTarget	1	267032
1335.24	n/a	NonTarget	1	267048
1335.325	n/a	NonTarget	1	267065
1335.41	n/a	NonTarget	1	267082
1335.49	n/a	NonTarget	1	267098
1335.575	n/a	NonTarget	1	267115
1335.66	n/a	NonTarget	1	267132
1335.745	n/a	NonTarget	1	267149
1335.825	n/a	NonTarget	1	267165
1335.91	n/a	NonTarget	1	267182
1335.995	n/a	NonTarget	1	267199
1336.075	n/a	NonTarget	1	267215
1336.16	n/a	NonTarget	1	267232
1336.24	n/a	NonTarget	1	267248
1346.38	n/a	NonTarget	1	269276
1346.465	n/a	NonTarget	1	269293
1346.55	n/a	NonTarget	1	269310
1346.635	n/a	NonTarget	1	269327
1346.715	n/a	NonTarget	1	269343
1346.8	n/a	NonTarget	1	269360
1346.88	n/a	NonTarget	1	269376
1346.97	n/a	NonTarget	1	269394
1347.05	n/a	NonTarget	1	269410
1347.135	n/a	NonTarget	1	269427
1347.215	n/a	NonTarget	1	269443
1347.3	n/a	Target	2	269460
1347.385	n/a	NonTarget	1	269477
1347.465	n/a	NonTarget	1	269493
1347.55	n/a	NonTarget	1	269510
1347.635	n/a	NonTarget	1	269527
1347.72	n/a	NonTarget	1	269544
1347.8	n/a	NonTarget	1	269560
1347.885	n/a	NonTarget	1	269577
1347.965	n/a	NonTarget	1	269593
1348.055	n/a	NonTarget	1	269611
1348.135	n/a	NonTarget	1	269627
1348.22	n/a	NonTarget	1	269644
1348.3	n/a	NonTarget	1	269660
1348.385	n/a	NonTarget	1	269677
1348.47	n/a	NonTarget	1	269694
1348.555	n/a	NonTarget	1	269711
1348.635	n/a	NonTarget	1	269727
1348.72	n/a	NonTarget	1	269744
1348.805	n/a	NonTarget	1	269761
1349.2	n/a	NonTarget	1	269840
1349.285	n/a	NonTarget	1	269857
1349.365	n/a	NonTarget	1	269873
1349.455	n/a	NonTarget	1	269891
1349.535	n/a	NonTarget	1	269907
1349.62	n/a	NonTarget	1	269924
1349.7	n/a	NonTarget	1	269940
1349.785	n/a	NonTarget	1	269957
1349.87	n/a	NonTarget	1	269974
1349.95	n/a	NonTarget	1	269990
1350.035	n/a	NonTarget	1	270007
1350.12	n/a	NonTarget	1	270024
1350.2	n/a	NonTarget	1	270040
1350.285	n/a	NonTarget	1	270057
1350.37	n/a	NonTarget	1	270074
1350.455	n/a	NonTarget	1	270091
1350.535	n/a	NonTarget	1	270107
1350.62	n/a	NonTarget	1	270124
1350.705	n/a	NonTarget	1	270141
1350.785	n/a	NonTarget	1	270157
1350.87	n/a	NonTarget	1	270174
1350.955	n/a	NonTarget	1	270191
1351.035	n/a	NonTarget	1	270207
1351.12	n/a	NonTarget	1	270224
1351.205	n/a	NonTarget	1	270241
1351.285	n/a	NonTarget	1	270257
1351.37	n/a	Target	2	270274
1351.455	n/a	NonTarget	1	270291
1351.54	n/a	NonTarget	1	270308
1351.62	n/a	NonTarget	1	270324
1352.02	n/a	NonTarget	1	270404
1352.105	n/a	NonTarget	1	270421
1352.185	n/a	NonTarget	1	270437
1352.27	n/a	NonTarget	1	270454
1352.355	n/a	NonTarget	1	270471
1352.44	n/a	NonTarget	1	270488
1352.52	n/a	NonTarget	1	270504
1352.605	n/a	NonTarget	1	270521
1352.685	n/a	NonTarget	1	270537
1352.77	n/a	NonTarget	1	270554
1352.855	n/a	NonTarget	1	270571
1352.935	n/a	NonTarget	1	270587
1353.025	n/a	NonTarget	1	270605
1353.105	n/a	NonTarget	1	270621
1353.19	n/a	NonTarget	1	270638
1353.275	n/a	NonTarget	1	270655
1353.355	n/a	NonTarget	1	270671
1353.44	n/a	NonTarget	1	270688
1353.52	n/a	NonTarget	1	270704
1353.605	n/a	NonTarget	1	270721
1353.685	n/a	NonTarget	1	270737
1353.77	n/a	NonTarget	1	270754
1353.855	n/a	NonTarget	1	270771
1353.945	n/a	NonTarget	1	270789
1354.025	n/a	NonTarget	1	270805
1354.11	n/a	NonTarget	1	270822
1354.19	n/a	Target	2	270838
1354.275	n/a	NonTarget	1	270855
1354.355	n/a	NonTarget	1	270871
1354.44	n/a	NonTarget	1	270888
1354.84	n/a	NonTarget	1	270968
1354.92	n/a	NonTarget	1	270984
1355.005	n/a	NonTarget	1	271001
1355.09	n/a	NonTarget	1	271018
1355.17	n/a	NonTarget	1	271034
1355.255	n/a	NonTarget	1	271051
1355.34	n/a	Target	2	271068
1355.42	n/a	NonTarget	1	271084
1355.51	n/a	NonTarget	1	271102
1355.59	n/a	NonTarget	1	271118
1355.675	n/a	NonTarget	1	271135
1355.755	n/a	NonTarget	1	271151
1355.84	n/a	NonTarget	1	271168
1355.925	n/a	NonTarget	1	271185
1356.01	n/a	NonTarget	1	271202
1356.095	n/a	NonTarget	1	271219
1356.175	n/a	NonTarget	1	271235
1356.255	n/a	NonTarget	1	271251
1356.34	n/a	NonTarget	1	271268
1356.425	n/a	NonTarget	1	271285
1356.505	n/a	NonTarget	1	271301
1356.59	n/a	NonTarget	1	271318
1356.675	n/a	NonTarget	1	271335
1356.76	n/a	NonTarget	1	271352
1356.84	n/a	NonTarget	1	271368
1356.925	n/a	NonTarget	1	271385
1357.005	n/a	NonTarget	1	271401
1357.09	n/a	NonTarget	1	271418
1357.175	n/a	NonTarget	1	271435
1357.26	n/a	NonTarget	1	271452
1357.66	n/a	NonTarget	1	271532
1357.74	n/a	NonTarget	1	271548
1357.825	n/a	NonTarget	1	271565
1357.91	n/a	NonTarget	1	271582
1357.99	n/a	NonTarget	1	271598
1358.075	n/a	NonTarget	1	271615
1358.16	n/a	NonTarget	1	271632
1358.24	n/a	NonTarget	1	271648
1358.325	n/a	NonTarget	1	271665
1358.41	n/a	NonTarget	1	271682
1358.49	n/a	NonTarget	1	271698
1358.575	n/a	NonTarget	1	271715
1358.655	n/a	NonTarget	1	271731
1358.745	n/a	NonTarget	1	271749
1358.825	n/a	NonTarget	1	271765
1358.91	n/a	NonTarget	1	271782
1358.99	n/a	Target	2	271798
1359.08	n/a	NonTarget	1	271816
1359.16	n/a	NonTarget	1	271832
1359.24	n/a	NonTarget	1	271848
1359.33	n/a	NonTarget	1	271866
1359.41	n/a	NonTarget	1	271882
1359.495	n/a	NonTarget	1	271899
1359.575	n/a	NonTarget	1	271915
1359.66	n/a	NonTarget	1	271932
1359.745	n/a	NonTarget	1	271949
1359.825	n/a	NonTarget	1	271965
1359.91	n/a	NonTarget	1	271982
1359.995	n/a	NonTarget	1	271999
1360.075	n/a	NonTarget	1	272015
1360.475	n/a	NonTarget	1	272095
1360.56	n/a	NonTarget	1	272112
1360.645	n/a	NonTarget	1	272129
1360.725	n/a	NonTarget	1	272145
1360.81	n/a	NonTarget	1	272162
1360.895	n/a	NonTarget	1	272179
1360.975	n/a	NonTarget	1	272195
1361.06	n/a	NonTarget	1	272212
1361.145	n/a	NonTarget	1	272229
1361.225	n/a	NonTarget	1	272245
1361.31	n/a	NonTarget	1	272262
1361.395	n/a	Target	2	272279
1361.475	n/a	NonTarget	1	272295
1361.56	n/a	NonTarget	1	272312
1361.645	n/a	NonTarget	1	272329
1361.73	n/a	NonTarget	1	272346
1361.81	n/a	NonTarget	1	272362
1361.895	n/a	NonTarget	1	272379
1361.98	n/a	NonTarget	1	272396
1362.06	n/a	NonTarget	1	272412
1362.145	n/a	NonTarget	1	272429
1362.23	n/a	NonTarget	1	272446
1362.31	n/a	NonTarget	1	272462
1362.395	n/a	NonTarget	1	272479
1362.48	n/a	NonTarget	1	272496
1362.56	n/a	NonTarget	1	272512
1362.645	n/a	NonTarget	1	272529
1362.73	n/a	NonTarget	1	272546
1362.81	n/a	NonTarget	1	272562
1362.895	n/a	NonTarget	1	272579
1363.295	n/a	NonTarget	1	272659
1363.38	n/a	NonTarget	1	272676
1363.46	n/a	NonTarget	1	272692
1363.545	n/a	NonTarget	1	272709
1363.63	n/a	NonTarget	1	272726
1363.715	n/a	NonTarget	1	272743
1363.795	n/a	Target	2	272759
1363.88	n/a	NonTarget	1	272776
1363.965	n/a	NonTarget	1	272793
1364.045	n/a	NonTarget	1	272809
1364.13	n/a	NonTarget	1	272826
1364.215	n/a	NonTarget	1	272843
1364.295	n/a	NonTarget	1	272859
1364.38	n/a	NonTarget	1	272876
1364.46	n/a	NonTarget	1	272892
1364.545	n/a	NonTarget	1	272909
1364.63	n/a	NonTarget	1	272926
1364.715	n/a	NonTarget	1	272943
1364.795	n/a	NonTarget	1	272959
1364.88	n/a	NonTarget	1	272976
1364.965	n/a	NonTarget	1	272993
1365.05	n/a	NonTarget	1	273010
1365.13	n/a	NonTarget	1	273026
1365.215	n/a	NonTarget	1	273043
1365.3	n/a	NonTarget	1	273060
1365.38	n/a	NonTarget	1	273076
1365.465	n/a	NonTarget	1	273093
1365.55	n/a	NonTarget	1	273110
1365.63	n/a	NonTarget	1	273126
1365.715	n/a	NonTarget	1	273143
1366.115	n/a	NonTarget	1	273223
1366.2	n/a	NonTarget	1	273240
1366.28	n/a	NonTarget	1	273256
1366.365	n/a	NonTarget	1	273273
1366.45	n/a	NonTarget	1	273290
1366.53	n/a	NonTarget	1	273306
1366.62	n/a	NonTarget	1	273324
1366.7	n/a	NonTarget	1	273340
1366.78	n/a	NonTarget	1	273356
1366.865	n/a	NonTarget	1	273373
1366.95	n/a	NonTarget	1	273390
1367.03	n/a	NonTarget	1	273406
1367.115	n/a	NonTarget	1	273423
1367.2	n/a	NonTarget	1	273440
1367.28	n/a	NonTarget	1	273456
1367.365	n/a	NonTarget	1	273473
1367.445	n/a	NonTarget	1	273489
1367.53	n/a	NonTarget	1	273506
1367.62	n/a	NonTarget	1	273524
1367.7	n/a	NonTarget	1	273540
1367.78	n/a	NonTarget	1	273556
1367.865	n/a	NonTarget	1	273573
1367.95	n/a	NonTarget	1	273590
1368.035	n/a	NonTarget	1	273607
1368.115	n/a	NonTarget	1	273623
1368.2	n/a	NonTarget	1	273640
1368.285	n/a	Target	2	273657
1368.365	n/a	NonTarget	1	273673
1368.45	n/a	NonTarget	1	273690
1368.53	n/a	NonTarget	1	273706
1368.935	n/a	NonTarget	1	273787
1369.015	n/a	NonTarget	1	273803
1369.1	n/a	NonTarget	1	273820
1369.185	n/a	NonTarget	1	273837
1369.265	n/a	NonTarget	1	273853
1369.35	n/a	NonTarget	1	273870
1369.435	n/a	NonTarget	1	273887
1369.515	n/a	NonTarget	1	273903
1369.6	n/a	NonTarget	1	273920
1369.685	n/a	NonTarget	1	273937
1369.765	n/a	NonTarget	1	273953
1369.85	n/a	NonTarget	1	273970
1369.935	n/a	NonTarget	1	273987
1370.02	n/a	NonTarget	1	274004
1370.1	n/a	NonTarget	1	274020
1370.185	n/a	NonTarget	1	274037
1370.27	n/a	Target	2	274054
1370.35	n/a	NonTarget	1	274070
1370.435	n/a	NonTarget	1	274087
1370.515	n/a	NonTarget	1	274103
1370.6	n/a	NonTarget	1	274120
1370.685	n/a	NonTarget	1	274137
1370.77	n/a	NonTarget	1	274154
1370.85	n/a	NonTarget	1	274170
1370.935	n/a	NonTarget	1	274187
1371.02	n/a	NonTarget	1	274204
1371.1	n/a	NonTarget	1	274220
1371.185	n/a	NonTarget	1	274237
1371.27	n/a	NonTarget	1	274254
1371.35	n/a	NonTarget	1	274270
1371.755	n/a	NonTarget	1	274351
1371.835	n/a	NonTarget	1	274367
1371.92	n/a	NonTarget	1	274384
1372.0	n/a	NonTarget	1	274400
1372.085	n/a	NonTarget	1	274417
1372.17	n/a	NonTarget	1	274434
1372.25	n/a	NonTarget	1	274450
1372.335	n/a	NonTarget	1	274467
1372.425	n/a	NonTarget	1	274485
1372.505	n/a	NonTarget	1	274501
1372.585	n/a	NonTarget	1	274517
1372.67	n/a	NonTarget	1	274534
1372.755	n/a	NonTarget	1	274551
1372.835	n/a	NonTarget	1	274567
1372.92	n/a	NonTarget	1	274584
1373.0	n/a	NonTarget	1	274600
1373.085	n/a	Target	2	274617
1373.17	n/a	NonTarget	1	274634
1373.255	n/a	NonTarget	1	274651
1373.335	n/a	NonTarget	1	274667
1373.42	n/a	NonTarget	1	274684
1373.505	n/a	NonTarget	1	274701
1373.585	n/a	NonTarget	1	274717
1373.67	n/a	NonTarget	1	274734
1373.755	n/a	NonTarget	1	274751
1373.84	n/a	NonTarget	1	274768
1373.92	n/a	NonTarget	1	274784
1374.0	n/a	NonTarget	1	274800
1374.085	n/a	NonTarget	1	274817
1374.17	n/a	NonTarget	1	274834
1384.345	n/a	NonTarget	1	276869
1384.43	n/a	NonTarget	1	276886
1384.51	n/a	NonTarget	1	276902
1384.595	n/a	NonTarget	1	276919
1384.68	n/a	NonTarget	1	276936
1384.76	n/a	NonTarget	1	276952
1384.845	n/a	NonTarget	1	276969
1384.93	n/a	NonTarget	1	276986
1385.01	n/a	NonTarget	1	277002
1385.095	n/a	NonTarget	1	277019
1385.18	n/a	NonTarget	1	277036
1385.265	n/a	NonTarget	1	277053
1385.345	n/a	NonTarget	1	277069
1385.43	n/a	NonTarget	1	277086
1385.51	n/a	NonTarget	1	277102
1385.595	n/a	NonTarget	1	277119
1385.68	n/a	NonTarget	1	277136
1385.76	n/a	NonTarget	1	277152
1385.845	n/a	NonTarget	1	277169
1385.93	n/a	NonTarget	1	277186
1386.01	n/a	NonTarget	1	277202
1386.095	n/a	NonTarget	1	277219
1386.18	n/a	NonTarget	1	277236
1386.265	n/a	NonTarget	1	277253
1386.345	n/a	NonTarget	1	277269
1386.43	n/a	NonTarget	1	277286
1386.515	n/a	NonTarget	1	277303
1386.6	n/a	Target	2	277320
1386.68	n/a	NonTarget	1	277336
1386.765	n/a	NonTarget	1	277353
1387.165	n/a	NonTarget	1	277433
1387.245	n/a	NonTarget	1	277449
1387.33	n/a	NonTarget	1	277466
1387.415	n/a	NonTarget	1	277483
1387.495	n/a	NonTarget	1	277499
1387.58	n/a	NonTarget	1	277516
1387.665	n/a	NonTarget	1	277533
1387.745	n/a	NonTarget	1	277549
1387.83	n/a	NonTarget	1	277566
1387.915	n/a	NonTarget	1	277583
1387.995	n/a	NonTarget	1	277599
1388.08	n/a	NonTarget	1	277616
1388.165	n/a	NonTarget	1	277633
1388.25	n/a	NonTarget	1	277650
1388.33	n/a	NonTarget	1	277666
1388.415	n/a	NonTarget	1	277683
1388.5	n/a	NonTarget	1	277700
1388.58	n/a	Target	2	277716
1388.665	n/a	NonTarget	1	277733
1388.75	n/a	NonTarget	1	277750
1388.83	n/a	NonTarget	1	277766
1388.92	n/a	NonTarget	1	277784
1389.0	n/a	NonTarget	1	277800
1389.08	n/a	NonTarget	1	277816
1389.165	n/a	NonTarget	1	277833
1389.25	n/a	NonTarget	1	277850
1389.33	n/a	NonTarget	1	277866
1389.415	n/a	NonTarget	1	277883
1389.5	n/a	NonTarget	1	277900
1389.585	n/a	NonTarget	1	277917
1389.985	n/a	NonTarget	1	277997
1390.065	n/a	NonTarget	1	278013
1390.15	n/a	NonTarget	1	278030
1390.23	n/a	NonTarget	1	278046
1390.315	n/a	NonTarget	1	278063
1390.4	n/a	NonTarget	1	278080
1390.48	n/a	NonTarget	1	278096
1390.565	n/a	Target	2	278113
1390.65	n/a	NonTarget	1	278130
1390.735	n/a	NonTarget	1	278147
1390.815	n/a	NonTarget	1	278163
1390.9	n/a	NonTarget	1	278180
1390.985	n/a	NonTarget	1	278197
1391.07	n/a	NonTarget	1	278214
1391.15	n/a	NonTarget	1	278230
1391.23	n/a	NonTarget	1	278246
1391.315	n/a	NonTarget	1	278263
1391.4	n/a	NonTarget	1	278280
1391.485	n/a	NonTarget	1	278297
1391.57	n/a	NonTarget	1	278314
1391.65	n/a	NonTarget	1	278330
1391.735	n/a	NonTarget	1	278347
1391.815	n/a	NonTarget	1	278363
1391.9	n/a	NonTarget	1	278380
1391.985	n/a	NonTarget	1	278397
1392.065	n/a	NonTarget	1	278413
1392.15	n/a	NonTarget	1	278430
1392.235	n/a	NonTarget	1	278447
1392.315	n/a	NonTarget	1	278463
1392.4	n/a	NonTarget	1	278480
1392.8	n/a	NonTarget	1	278560
1392.885	n/a	NonTarget	1	278577
1392.97	n/a	NonTarget	1	278594
1393.05	n/a	NonTarget	1	278610
1393.135	n/a	NonTarget	1	278627
1393.22	n/a	NonTarget	1	278644
1393.3	n/a	NonTarget	1	278660
1393.385	n/a	NonTarget	1	278677
1393.47	n/a	NonTarget	1	278694
1393.55	n/a	NonTarget	1	278710
1393.635	n/a	NonTarget	1	278727
1393.72	n/a	NonTarget	1	278744
1393.8	n/a	NonTarget	1	278760
1393.885	n/a	NonTarget	1	278777
1393.97	n/a	NonTarget	1	278794
1394.05	n/a	NonTarget	1	278810
1394.135	n/a	NonTarget	1	278827
1394.22	n/a	Target	2	278844
1394.305	n/a	NonTarget	1	278861
1394.385	n/a	NonTarget	1	278877
1394.475	n/a	NonTarget	1	278895
1394.555	n/a	NonTarget	1	278911
1394.635	n/a	NonTarget	1	278927
1394.72	n/a	NonTarget	1	278944
1394.8	n/a	NonTarget	1	278960
1394.885	n/a	NonTarget	1	278977
1394.97	n/a	NonTarget	1	278994
1395.055	n/a	NonTarget	1	279011
1395.135	n/a	NonTarget	1	279027
1395.22	n/a	NonTarget	1	279044
1395.625	n/a	NonTarget	1	279125
1395.705	n/a	NonTarget	1	279141
1395.785	n/a	NonTarget	1	279157
1395.87	n/a	NonTarget	1	279174
1395.955	n/a	NonTarget	1	279191
1396.04	n/a	NonTarget	1	279208
1396.12	n/a	NonTarget	1	279224
1396.205	n/a	NonTarget	1	279241
1396.285	n/a	NonTarget	1	279257
1396.37	n/a	NonTarget	1	279274
1396.45	n/a	NonTarget	1	279290
1396.54	n/a	NonTarget	1	279308
1396.62	n/a	NonTarget	1	279324
1396.71	n/a	NonTarget	1	279342
1396.79	n/a	NonTarget	1	279358
1396.87	n/a	NonTarget	1	279374
1396.955	n/a	NonTarget	1	279391
1397.035	n/a	NonTarget	1	279407
1397.12	n/a	NonTarget	1	279424
1397.205	n/a	NonTarget	1	279441
1397.29	n/a	NonTarget	1	279458
1397.37	n/a	NonTarget	1	279474
1397.455	n/a	Target	2	279491
1397.54	n/a	NonTarget	1	279508
1397.625	n/a	NonTarget	1	279525
1397.705	n/a	NonTarget	1	279541
1397.79	n/a	NonTarget	1	279558
1397.87	n/a	NonTarget	1	279574
1397.955	n/a	NonTarget	1	279591
1398.04	n/a	NonTarget	1	279608
1398.44	n/a	NonTarget	1	279688
1398.52	n/a	NonTarget	1	279704
1398.605	n/a	NonTarget	1	279721
1398.69	n/a	NonTarget	1	279738
1398.77	n/a	NonTarget	1	279754
1398.855	n/a	NonTarget	1	279771
1398.94	n/a	NonTarget	1	279788
1399.02	n/a	NonTarget	1	279804
1399.105	n/a	NonTarget	1	279821
1399.19	n/a	NonTarget	1	279838
1399.27	n/a	NonTarget	1	279854
1399.355	n/a	NonTarget	1	279871
1399.44	n/a	NonTarget	1	279888
1399.525	n/a	NonTarget	1	279905
1399.605	n/a	NonTarget	1	279921
1399.69	n/a	NonTarget	1	279938
1399.775	n/a	NonTarget	1	279955
1399.86	n/a	NonTarget	1	279972
1399.94	n/a	NonTarget	1	279988
1400.025	n/a	NonTarget	1	280005
1400.105	n/a	NonTarget	1	280021
1400.19	n/a	NonTarget	1	280038
1400.275	n/a	Target	2	280055
1400.355	n/a	NonTarget	1	280071
1400.44	n/a	NonTarget	1	280088
1400.525	n/a	NonTarget	1	280105
1400.605	n/a	NonTarget	1	280121
1400.69	n/a	NonTarget	1	280138
1400.775	n/a	NonTarget	1	280155
1400.855	n/a	NonTarget	1	280171
1401.255	n/a	NonTarget	1	280251
1401.34	n/a	NonTarget	1	280268
1401.425	n/a	NonTarget	1	280285
1401.51	n/a	NonTarget	1	280302
1401.59	n/a	NonTarget	1	280318
1401.675	n/a	NonTarget	1	280335
1401.755	n/a	NonTarget	1	280351
1401.84	n/a	NonTarget	1	280368
1401.925	n/a	NonTarget	1	280385
1402.005	n/a	NonTarget	1	280401
1402.09	n/a	NonTarget	1	280418
1402.175	n/a	NonTarget	1	280435
1402.26	n/a	NonTarget	1	280452
1402.34	n/a	NonTarget	1	280468
1402.425	n/a	NonTarget	1	280485
1402.51	n/a	NonTarget	1	280502
1402.595	n/a	NonTarget	1	280519
1402.675	n/a	NonTarget	1	280535
1402.76	n/a	NonTarget	1	280552
1402.845	n/a	NonTarget	1	280569
1402.925	n/a	NonTarget	1	280585
1403.005	n/a	NonTarget	1	280601
1403.09	n/a	NonTarget	1	280618
1403.175	n/a	NonTarget	1	280635
1403.26	n/a	NonTarget	1	280652
1403.34	n/a	NonTarget	1	280668
1403.425	n/a	NonTarget	1	280685
1403.51	n/a	Target	2	280702
1403.59	n/a	NonTarget	1	280718
1403.675	n/a	NonTarget	1	280735
1404.075	n/a	NonTarget	1	280815
1404.16	n/a	NonTarget	1	280832
1404.245	n/a	NonTarget	1	280849
1404.325	n/a	NonTarget	1	280865
1404.41	n/a	NonTarget	1	280882
1404.495	n/a	NonTarget	1	280899
1404.575	n/a	NonTarget	1	280915
1404.66	n/a	NonTarget	1	280932
1404.745	n/a	NonTarget	1	280949
1404.825	n/a	NonTarget	1	280965
1404.91	n/a	NonTarget	1	280982
1404.995	n/a	NonTarget	1	280999
1405.08	n/a	NonTarget	1	281016
1405.16	n/a	NonTarget	1	281032
1405.245	n/a	NonTarget	1	281049
1405.33	n/a	NonTarget	1	281066
1405.41	n/a	NonTarget	1	281082
1405.495	n/a	NonTarget	1	281099
1405.575	n/a	NonTarget	1	281115
1405.66	n/a	NonTarget	1	281132
1405.745	n/a	NonTarget	1	281149
1405.825	n/a	NonTarget	1	281165
1405.91	n/a	NonTarget	1	281182
1405.995	n/a	NonTarget	1	281199
1406.08	n/a	NonTarget	1	281216
1406.16	n/a	NonTarget	1	281232
1406.245	n/a	NonTarget	1	281249
1406.325	n/a	Target	2	281265
1406.41	n/a	NonTarget	1	281282
1406.495	n/a	NonTarget	1	281299
1406.895	n/a	NonTarget	1	281379
1406.98	n/a	NonTarget	1	281396
1407.06	n/a	NonTarget	1	281412
1407.15	n/a	NonTarget	1	281430
1407.23	n/a	NonTarget	1	281446
1407.31	n/a	NonTarget	1	281462
1407.395	n/a	NonTarget	1	281479
1407.48	n/a	NonTarget	1	281496
1407.56	n/a	NonTarget	1	281512
1407.645	n/a	NonTarget	1	281529
1407.73	n/a	NonTarget	1	281546
1407.81	n/a	NonTarget	1	281562
1407.9	n/a	Target	2	281580
1407.98	n/a	NonTarget	1	281596
1408.065	n/a	NonTarget	1	281613
1408.145	n/a	NonTarget	1	281629
1408.23	n/a	NonTarget	1	281646
1408.315	n/a	NonTarget	1	281663
1408.395	n/a	NonTarget	1	281679
1408.48	n/a	NonTarget	1	281696
1408.565	n/a	NonTarget	1	281713
1408.645	n/a	NonTarget	1	281729
1408.73	n/a	NonTarget	1	281746
1408.815	n/a	NonTarget	1	281763
1408.895	n/a	NonTarget	1	281779
1408.98	n/a	NonTarget	1	281796
1409.065	n/a	NonTarget	1	281813
1409.15	n/a	NonTarget	1	281830
1409.23	n/a	NonTarget	1	281846
1409.31	n/a	NonTarget	1	281862
1409.71	n/a	NonTarget	1	281942
1409.795	n/a	NonTarget	1	281959
1409.88	n/a	NonTarget	1	281976
1409.965	n/a	NonTarget	1	281993
1410.045	n/a	NonTarget	1	282009
1410.13	n/a	NonTarget	1	282026
1410.215	n/a	NonTarget	1	282043
1410.295	n/a	Target	2	282059
1410.38	n/a	NonTarget	1	282076
1410.47	n/a	NonTarget	1	282094
1410.55	n/a	NonTarget	1	282110
1410.63	n/a	NonTarget	1	282126
1410.715	n/a	NonTarget	1	282143
1410.8	n/a	NonTarget	1	282160
1410.88	n/a	NonTarget	1	282176
1410.965	n/a	NonTarget	1	282193
1411.05	n/a	NonTarget	1	282210
1411.13	n/a	NonTarget	1	282226
1411.215	n/a	NonTarget	1	282243
1411.3	n/a	NonTarget	1	282260
1411.385	n/a	NonTarget	1	282277
1411.465	n/a	NonTarget	1	282293
1411.55	n/a	NonTarget	1	282310
1411.63	n/a	NonTarget	1	282326
1411.715	n/a	NonTarget	1	282343
1411.8	n/a	NonTarget	1	282360
1411.88	n/a	NonTarget	1	282376
1411.965	n/a	NonTarget	1	282393
1412.05	n/a	NonTarget	1	282410
1412.13	n/a	NonTarget	1	282426
1422.29	n/a	NonTarget	1	284458
1422.375	n/a	NonTarget	1	284475
1422.455	n/a	NonTarget	1	284491
1422.54	n/a	NonTarget	1	284508
1422.625	n/a	NonTarget	1	284525
1422.705	n/a	NonTarget	1	284541
1422.79	n/a	NonTarget	1	284558
1422.875	n/a	NonTarget	1	284575
1422.955	n/a	Target	2	284591
1423.04	n/a	NonTarget	1	284608
1423.125	n/a	NonTarget	1	284625
1423.205	n/a	NonTarget	1	284641
1423.29	n/a	NonTarget	1	284658
1423.375	n/a	NonTarget	1	284675
1423.46	n/a	NonTarget	1	284692
1423.54	n/a	NonTarget	1	284708
1423.625	n/a	NonTarget	1	284725
1423.71	n/a	NonTarget	1	284742
1423.79	n/a	NonTarget	1	284758
1423.875	n/a	NonTarget	1	284775
1423.96	n/a	NonTarget	1	284792
1424.04	n/a	NonTarget	1	284808
1424.125	n/a	NonTarget	1	284825
1424.21	n/a	NonTarget	1	284842
1424.29	n/a	NonTarget	1	284858
1424.38	n/a	NonTarget	1	284876
1424.46	n/a	NonTarget	1	284892
1424.545	n/a	NonTarget	1	284909
1424.63	n/a	NonTarget	1	284926
1424.71	n/a	NonTarget	1	284942
1425.105	n/a	NonTarget	1	285021
1425.19	n/a	NonTarget	1	285038
1425.275	n/a	NonTarget	1	285055
1425.36	n/a	Target	2	285072
1425.445	n/a	NonTarget	1	285089
1425.525	n/a	NonTarget	1	285105
1425.61	n/a	NonTarget	1	285122
1425.695	n/a	NonTarget	1	285139
1425.775	n/a	NonTarget	1	285155
1425.86	n/a	NonTarget	1	285172
1425.94	n/a	NonTarget	1	285188
1426.025	n/a	NonTarget	1	285205
1426.11	n/a	NonTarget	1	285222
1426.195	n/a	NonTarget	1	285239
1426.275	n/a	NonTarget	1	285255
1426.36	n/a	NonTarget	1	285272
1426.445	n/a	NonTarget	1	285289
1426.525	n/a	NonTarget	1	285305
1426.61	n/a	NonTarget	1	285322
1426.69	n/a	NonTarget	1	285338
1426.775	n/a	NonTarget	1	285355
1426.86	n/a	NonTarget	1	285372
1426.945	n/a	NonTarget	1	285389
1427.025	n/a	NonTarget	1	285405
1427.11	n/a	NonTarget	1	285422
1427.195	n/a	NonTarget	1	285439
1427.275	n/a	NonTarget	1	285455
1427.36	n/a	NonTarget	1	285472
1427.445	n/a	NonTarget	1	285489
1427.525	n/a	NonTarget	1	285505
1427.925	n/a	NonTarget	1	285585
1428.01	n/a	NonTarget	1	285602
1428.095	n/a	NonTarget	1	285619
1428.18	n/a	NonTarget	1	285636
1428.26	n/a	NonTarget	1	285652
1428.345	n/a	NonTarget	1	285669
1428.425	n/a	NonTarget	1	285685
1428.51	n/a	NonTarget	1	285702
1428.595	n/a	Target	2	285719
1428.68	n/a	NonTarget	1	285736
1428.76	n/a	NonTarget	1	285752
1428.845	n/a	NonTarget	1	285769
1428.925	n/a	NonTarget	1	285785
1429.01	n/a	NonTarget	1	285802
1429.095	n/a	NonTarget	1	285819
1429.18	n/a	NonTarget	1	285836
1429.26	n/a	NonTarget	1	285852
1429.345	n/a	NonTarget	1	285869
1429.43	n/a	NonTarget	1	285886
1429.51	n/a	NonTarget	1	285902
1429.6	n/a	NonTarget	1	285920
1429.68	n/a	NonTarget	1	285936
1429.76	n/a	NonTarget	1	285952
1429.845	n/a	NonTarget	1	285969
1429.93	n/a	NonTarget	1	285986
1430.01	n/a	NonTarget	1	286002
1430.095	n/a	NonTarget	1	286019
1430.18	n/a	NonTarget	1	286036
1430.265	n/a	NonTarget	1	286053
1430.345	n/a	NonTarget	1	286069
1430.75	n/a	NonTarget	1	286150
1430.83	n/a	NonTarget	1	286166
1430.91	n/a	NonTarget	1	286182
1430.995	n/a	NonTarget	1	286199
1431.08	n/a	NonTarget	1	286216
1431.165	n/a	NonTarget	1	286233
1431.245	n/a	NonTarget	1	286249
1431.33	n/a	NonTarget	1	286266
1431.415	n/a	NonTarget	1	286283
1431.495	n/a	NonTarget	1	286299
1431.58	n/a	NonTarget	1	286316
1431.665	n/a	NonTarget	1	286333
1431.745	n/a	NonTarget	1	286349
1431.83	n/a	NonTarget	1	286366
1431.915	n/a	NonTarget	1	286383
1431.995	n/a	NonTarget	1	286399
1432.08	n/a	NonTarget	1	286416
1432.16	n/a	NonTarget	1	286432
1432.245	n/a	NonTarget	1	286449
1432.33	n/a	NonTarget	1	286466
1432.415	n/a	NonTarget	1	286483
1432.495	n/a	NonTarget	1	286499
1432.58	n/a	NonTarget	1	286516
1432.665	n/a	Target	2	286533
1432.75	n/a	NonTarget	1	286550
1432.83	n/a	NonTarget	1	286566
1432.92	n/a	NonTarget	1	286584
1433.0	n/a	NonTarget	1	286600
1433.08	n/a	NonTarget	1	286616
1433.165	n/a	NonTarget	1	286633
1433.565	n/a	NonTarget	1	286713
1433.65	n/a	NonTarget	1	286730
1433.73	n/a	NonTarget	1	286746
1433.815	n/a	NonTarget	1	286763
1433.9	n/a	NonTarget	1	286780
1433.98	n/a	NonTarget	1	286796
1434.065	n/a	NonTarget	1	286813
1434.15	n/a	NonTarget	1	286830
1434.23	n/a	Target	2	286846
1434.315	n/a	NonTarget	1	286863
1434.4	n/a	NonTarget	1	286880
1434.48	n/a	NonTarget	1	286896
1434.565	n/a	NonTarget	1	286913
1434.65	n/a	NonTarget	1	286930
1434.73	n/a	NonTarget	1	286946
1434.815	n/a	NonTarget	1	286963
1434.9	n/a	NonTarget	1	286980
1434.985	n/a	NonTarget	1	286997
1435.065	n/a	NonTarget	1	287013
1435.155	n/a	NonTarget	1	287031
1435.235	n/a	NonTarget	1	287047
1435.315	n/a	NonTarget	1	287063
1435.4	n/a	NonTarget	1	287080
1435.485	n/a	NonTarget	1	287097
1435.565	n/a	NonTarget	1	287113
1435.655	n/a	NonTarget	1	287131
1435.735	n/a	NonTarget	1	287147
1435.815	n/a	NonTarget	1	287163
1435.9	n/a	NonTarget	1	287180
1435.985	n/a	NonTarget	1	287197
1436.38	n/a	NonTarget	1	287276
1436.465	n/a	NonTarget	1	287293
1436.55	n/a	NonTarget	1	287310
1436.635	n/a	Target	2	287327
1436.715	n/a	NonTarget	1	287343
1436.8	n/a	NonTarget	1	287360
1436.885	n/a	NonTarget	1	287377
1436.97	n/a	NonTarget	1	287394
1437.055	n/a	NonTarget	1	287411
1437.135	n/a	NonTarget	1	287427
1437.22	n/a	NonTarget	1	287444
1437.3	n/a	NonTarget	1	287460
1437.385	n/a	NonTarget	1	287477
1437.47	n/a	NonTarget	1	287494
1437.55	n/a	NonTarget	1	287510
1437.635	n/a	NonTarget	1	287527
1437.72	n/a	NonTarget	1	287544
1437.8	n/a	NonTarget	1	287560
1437.885	n/a	NonTarget	1	287577
1437.97	n/a	NonTarget	1	287594
1438.05	n/a	NonTarget	1	287610
1438.135	n/a	NonTarget	1	287627
1438.22	n/a	NonTarget	1	287644
1438.3	n/a	NonTarget	1	287660
1438.385	n/a	NonTarget	1	287677
1438.47	n/a	NonTarget	1	287694
1438.555	n/a	NonTarget	1	287711
1438.635	n/a	NonTarget	1	287727
1438.72	n/a	NonTarget	1	287744
1438.805	n/a	NonTarget	1	287761
1439.205	n/a	NonTarget	1	287841
1439.285	n/a	NonTarget	1	287857
1439.37	n/a	NonTarget	1	287874
1439.455	n/a	Target	2	287891
1439.535	n/a	NonTarget	1	287907
1439.62	n/a	NonTarget	1	287924
1439.7	n/a	NonTarget	1	287940
1439.785	n/a	NonTarget	1	287957
1439.87	n/a	NonTarget	1	287974
1439.95	n/a	NonTarget	1	287990
1440.035	n/a	NonTarget	1	288007
1440.12	n/a	NonTarget	1	288024
1440.205	n/a	NonTarget	1	288041
1440.285	n/a	NonTarget	1	288057
1440.37	n/a	NonTarget	1	288074
1440.455	n/a	NonTarget	1	288091
1440.54	n/a	NonTarget	1	288108
1440.62	n/a	NonTarget	1	288124
1440.705	n/a	NonTarget	1	288141
1440.785	n/a	NonTarget	1	288157
1440.87	n/a	NonTarget	1	288174
1440.955	n/a	NonTarget	1	288191
1441.04	n/a	NonTarget	1	288208
1441.12	n/a	NonTarget	1	288224
1441.205	n/a	NonTarget	1	288241
1441.285	n/a	NonTarget	1	288257
1441.37	n/a	NonTarget	1	288274
1441.455	n/a	NonTarget	1	288291
1441.54	n/a	NonTarget	1	288308
1441.62	n/a	NonTarget	1	288324
1442.02	n/a	NonTarget	1	288404
1442.105	n/a	NonTarget	1	288421
1442.19	n/a	NonTarget	1	288438
1442.27	n/a	NonTarget	1	288454
1442.355	n/a	NonTarget	1	288471
1442.44	n/a	NonTarget	1	288488
1442.52	n/a	NonTarget	1	288504
1442.605	n/a	NonTarget	1	288521
1442.69	n/a	NonTarget	1	288538
1442.775	n/a	NonTarget	1	288555
1442.855	n/a	NonTarget	1	288571
1442.94	n/a	NonTarget	1	288588
1443.02	n/a	NonTarget	1	288604
1443.11	n/a	Target	2	288622
1443.19	n/a	NonTarget	1	288638
1443.275	n/a	NonTarget	1	288655
1443.355	n/a	NonTarget	1	288671
1443.44	n/a	NonTarget	1	288688
1443.52	n/a	NonTarget	1	288704
1443.605	n/a	NonTarget	1	288721
1443.69	n/a	NonTarget	1	288738
1443.77	n/a	NonTarget	1	288754
1443.86	n/a	NonTarget	1	288772
1443.94	n/a	NonTarget	1	288788
1444.025	n/a	NonTarget	1	288805
1444.105	n/a	NonTarget	1	288821
1444.195	n/a	NonTarget	1	288839
1444.275	n/a	NonTarget	1	288855
1444.355	n/a	NonTarget	1	288871
1444.44	n/a	NonTarget	1	288888
1444.84	n/a	NonTarget	1	288968
1444.925	n/a	NonTarget	1	288985
1445.01	n/a	NonTarget	1	289002
1445.09	n/a	NonTarget	1	289018
1445.175	n/a	NonTarget	1	289035
1445.26	n/a	NonTarget	1	289052
1445.34	n/a	NonTarget	1	289068
1445.425	n/a	NonTarget	1	289085
1445.505	n/a	NonTarget	1	289101
1445.59	n/a	NonTarget	1	289118
1445.675	n/a	NonTarget	1	289135
1445.76	n/a	NonTarget	1	289152
1445.84	n/a	NonTarget	1	289168
1445.925	n/a	NonTarget	1	289185
1446.005	n/a	NonTarget	1	289201
1446.09	n/a	NonTarget	1	289218
1446.175	n/a	NonTarget	1	289235
1446.255	n/a	NonTarget	1	289251
1446.34	n/a	Target	2	289268
1446.425	n/a	NonTarget	1	289285
1446.51	n/a	NonTarget	1	289302
1446.59	n/a	NonTarget	1	289318
1446.675	n/a	NonTarget	1	289335
1446.76	n/a	NonTarget	1	289352
1446.84	n/a	NonTarget	1	289368
1446.925	n/a	NonTarget	1	289385
1447.01	n/a	NonTarget	1	289402
1447.09	n/a	NonTarget	1	289418
1447.175	n/a	NonTarget	1	289435
1447.26	n/a	NonTarget	1	289452
1447.66	n/a	NonTarget	1	289532
1447.745	n/a	NonTarget	1	289549
1447.825	n/a	NonTarget	1	289565
1447.91	n/a	Target	2	289582
1447.99	n/a	NonTarget	1	289598
1448.075	n/a	NonTarget	1	289615
1448.16	n/a	NonTarget	1	289632
1448.245	n/a	NonTarget	1	289649
1448.325	n/a	NonTarget	1	289665
1448.41	n/a	NonTarget	1	289682
1448.495	n/a	NonTarget	1	289699
1448.575	n/a	NonTarget	1	289715
1448.66	n/a	NonTarget	1	289732
1448.745	n/a	NonTarget	1	289749
1448.825	n/a	NonTarget	1	289765
1448.91	n/a	NonTarget	1	289782
1448.995	n/a	NonTarget	1	289799
1449.075	n/a	NonTarget	1	289815
1449.16	n/a	NonTarget	1	289832
1449.245	n/a	NonTarget	1	289849
1449.325	n/a	NonTarget	1	289865
1449.41	n/a	NonTarget	1	289882
1449.495	n/a	NonTarget	1	289899
1449.575	n/a	NonTarget	1	289915
1449.665	n/a	NonTarget	1	289933
1449.745	n/a	NonTarget	1	289949
1449.83	n/a	NonTarget	1	289966
1449.91	n/a	NonTarget	1	289982
1449.995	n/a	NonTarget	1	289999
1450.075	n/a	NonTarget	1	290015
1460.22	n/a	NonTarget	1	292044
1460.3	n/a	NonTarget	1	292060
1460.385	n/a	NonTarget	1	292077
1460.47	n/a	NonTarget	1	292094
1460.55	n/a	NonTarget	1	292110
1460.635	n/a	NonTarget	1	292127
1460.72	n/a	NonTarget	1	292144
1460.8	n/a	NonTarget	1	292160
1460.885	n/a	Target	2	292177
1460.965	n/a	NonTarget	1	292193
1461.05	n/a	NonTarget	1	292210
1461.135	n/a	NonTarget	1	292227
1461.22	n/a	NonTarget	1	292244
1461.305	n/a	NonTarget	1	292261
1461.385	n/a	NonTarget	1	292277
1461.47	n/a	NonTarget	1	292294
1461.55	n/a	NonTarget	1	292310
1461.635	n/a	NonTarget	1	292327
1461.72	n/a	NonTarget	1	292344
1461.8	n/a	NonTarget	1	292360
1461.885	n/a	NonTarget	1	292377
1461.97	n/a	NonTarget	1	292394
1462.055	n/a	NonTarget	1	292411
1462.135	n/a	NonTarget	1	292427
1462.225	n/a	NonTarget	1	292445
1462.3	n/a	NonTarget	1	292460
1462.385	n/a	NonTarget	1	292477
1462.47	n/a	NonTarget	1	292494
1462.56	n/a	NonTarget	1	292512
1462.635	n/a	NonTarget	1	292527
1463.04	n/a	NonTarget	1	292608
1463.12	n/a	NonTarget	1	292624
1463.205	n/a	NonTarget	1	292641
1463.285	n/a	NonTarget	1	292657
1463.37	n/a	NonTarget	1	292674
1463.455	n/a	NonTarget	1	292691
1463.535	n/a	NonTarget	1	292707
1463.62	n/a	NonTarget	1	292724
1463.705	n/a	NonTarget	1	292741
1463.785	n/a	NonTarget	1	292757
1463.87	n/a	NonTarget	1	292774
1463.955	n/a	NonTarget	1	292791
1464.04	n/a	NonTarget	1	292808
1464.12	n/a	NonTarget	1	292824
1464.205	n/a	NonTarget	1	292841
1464.29	n/a	NonTarget	1	292858
1464.37	n/a	NonTarget	1	292874
1464.455	n/a	NonTarget	1	292891
1464.54	n/a	NonTarget	1	292908
1464.62	n/a	NonTarget	1	292924
1464.705	n/a	NonTarget	1	292941
1464.79	n/a	NonTarget	1	292958
1464.87	n/a	NonTarget	1	292974
1464.955	n/a	Target	2	292991
1465.035	n/a	NonTarget	1	293007
1465.12	n/a	NonTarget	1	293024
1465.205	n/a	NonTarget	1	293041
1465.29	n/a	NonTarget	1	293058
1465.37	n/a	NonTarget	1	293074
1465.455	n/a	NonTarget	1	293091
1465.86	n/a	NonTarget	1	293172
1465.94	n/a	NonTarget	1	293188
1466.025	n/a	NonTarget	1	293205
1466.105	n/a	NonTarget	1	293221
1466.19	n/a	NonTarget	1	293238
1466.275	n/a	NonTarget	1	293255
1466.355	n/a	NonTarget	1	293271
1466.44	n/a	NonTarget	1	293288
1466.525	n/a	Target	2	293305
1466.605	n/a	NonTarget	1	293321
1466.69	n/a	NonTarget	1	293338
1466.775	n/a	NonTarget	1	293355
1466.855	n/a	NonTarget	1	293371
1466.94	n/a	NonTarget	1	293388
1467.025	n/a	NonTarget	1	293405
1467.105	n/a	NonTarget	1	293421
1467.19	n/a	NonTarget	1	293438
1467.275	n/a	NonTarget	1	293455
1467.355	n/a	NonTarget	1	293471
1467.44	n/a	NonTarget	1	293488
1467.525	n/a	NonTarget	1	293505
1467.605	n/a	NonTarget	1	293521
1467.69	n/a	NonTarget	1	293538
1467.775	n/a	NonTarget	1	293555
1467.86	n/a	NonTarget	1	293572
1467.94	n/a	NonTarget	1	293588
1468.025	n/a	NonTarget	1	293605
1468.11	n/a	NonTarget	1	293622
1468.19	n/a	NonTarget	1	293638
1468.275	n/a	NonTarget	1	293655
1468.675	n/a	NonTarget	1	293735
1468.76	n/a	NonTarget	1	293752
1468.84	n/a	NonTarget	1	293768
1468.925	n/a	NonTarget	1	293785
1469.01	n/a	NonTarget	1	293802
1469.09	n/a	NonTarget	1	293818
1469.175	n/a	NonTarget	1	293835
1469.26	n/a	NonTarget	1	293852
1469.345	n/a	NonTarget	1	293869
1469.425	n/a	NonTarget	1	293885
1469.505	n/a	NonTarget	1	293901
1469.59	n/a	NonTarget	1	293918
1469.675	n/a	NonTarget	1	293935
1469.76	n/a	NonTarget	1	293952
1469.84	n/a	NonTarget	1	293968
1469.925	n/a	NonTarget	1	293985
1470.01	n/a	NonTarget	1	294002
1470.09	n/a	NonTarget	1	294018
1470.175	n/a	Target	2	294035
1470.26	n/a	NonTarget	1	294052
1470.345	n/a	NonTarget	1	294069
1470.43	n/a	NonTarget	1	294086
1470.51	n/a	NonTarget	1	294102
1470.595	n/a	NonTarget	1	294119
1470.68	n/a	NonTarget	1	294136
1470.76	n/a	NonTarget	1	294152
1470.845	n/a	NonTarget	1	294169
1470.925	n/a	NonTarget	1	294185
1471.01	n/a	NonTarget	1	294202
1471.09	n/a	NonTarget	1	294218
1471.495	n/a	NonTarget	1	294299
1471.575	n/a	NonTarget	1	294315
1471.66	n/a	NonTarget	1	294332
1471.75	n/a	NonTarget	1	294350
1471.825	n/a	NonTarget	1	294365
1471.91	n/a	NonTarget	1	294382
1471.995	n/a	NonTarget	1	294399
1472.075	n/a	NonTarget	1	294415
1472.16	n/a	NonTarget	1	294432
1472.245	n/a	NonTarget	1	294449
1472.325	n/a	NonTarget	1	294465
1472.41	n/a	NonTarget	1	294482
1472.495	n/a	NonTarget	1	294499
1472.58	n/a	NonTarget	1	294516
1472.665	n/a	NonTarget	1	294533
1472.745	n/a	NonTarget	1	294549
1472.83	n/a	NonTarget	1	294566
1472.915	n/a	NonTarget	1	294583
1472.995	n/a	NonTarget	1	294599
1473.08	n/a	NonTarget	1	294616
1473.165	n/a	NonTarget	1	294633
1473.245	n/a	NonTarget	1	294649
1473.325	n/a	NonTarget	1	294665
1473.41	n/a	NonTarget	1	294682
1473.495	n/a	NonTarget	1	294699
1473.58	n/a	NonTarget	1	294716
1473.665	n/a	NonTarget	1	294733
1473.745	n/a	NonTarget	1	294749
1473.83	n/a	Target	2	294766
1473.915	n/a	NonTarget	1	294783
1474.315	n/a	NonTarget	1	294863
1474.395	n/a	NonTarget	1	294879
1474.48	n/a	NonTarget	1	294896
1474.56	n/a	NonTarget	1	294912
1474.645	n/a	NonTarget	1	294929
1474.73	n/a	NonTarget	1	294946
1474.81	n/a	NonTarget	1	294962
1474.895	n/a	NonTarget	1	294979
1474.98	n/a	NonTarget	1	294996
1475.06	n/a	NonTarget	1	295012
1475.15	n/a	NonTarget	1	295030
1475.23	n/a	NonTarget	1	295046
1475.315	n/a	NonTarget	1	295063
1475.395	n/a	Target	2	295079
1475.48	n/a	NonTarget	1	295096
1475.56	n/a	NonTarget	1	295112
1475.645	n/a	NonTarget	1	295129
1475.73	n/a	NonTarget	1	295146
1475.815	n/a	NonTarget	1	295163
1475.895	n/a	NonTarget	1	295179
1475.98	n/a	NonTarget	1	295196
1476.07	n/a	NonTarget	1	295214
1476.15	n/a	NonTarget	1	295230
1476.235	n/a	NonTarget	1	295247
1476.315	n/a	NonTarget	1	295263
1476.395	n/a	NonTarget	1	295279
1476.48	n/a	NonTarget	1	295296
1476.565	n/a	NonTarget	1	295313
1476.645	n/a	NonTarget	1	295329
1476.73	n/a	NonTarget	1	295346
1477.13	n/a	NonTarget	1	295426
1477.215	n/a	NonTarget	1	295443
1477.295	n/a	NonTarget	1	295459
1477.385	n/a	NonTarget	1	295477
1477.465	n/a	NonTarget	1	295493
1477.545	n/a	NonTarget	1	295509
1477.63	n/a	NonTarget	1	295526
1477.715	n/a	NonTarget	1	295543
1477.8	n/a	NonTarget	1	295560
1477.88	n/a	NonTarget	1	295576
1477.965	n/a	NonTarget	1	295593
1478.05	n/a	NonTarget	1	295610
1478.13	n/a	NonTarget	1	295626
1478.215	n/a	NonTarget	1	295643
1478.295	n/a	NonTarget	1	295659
1478.385	n/a	NonTarget	1	295677
1478.465	n/a	NonTarget	1	295693
1478.55	n/a	NonTarget	1	295710
1478.635	n/a	NonTarget	1	295727
1478.715	n/a	NonTarget	1	295743
1478.8	n/a	NonTarget	1	295760
1478.88	n/a	NonTarget	1	295776
1478.965	n/a	NonTarget	1	295793
1479.05	n/a	Target	2	295810
1479.13	n/a	NonTarget	1	295826
1479.215	n/a	NonTarget	1	295843
1479.3	n/a	NonTarget	1	295860
1479.385	n/a	NonTarget	1	295877
1479.465	n/a	NonTarget	1	295893
1479.55	n/a	NonTarget	1	295910
1479.95	n/a	NonTarget	1	295990
1480.03	n/a	NonTarget	1	296006
1480.115	n/a	NonTarget	1	296023
1480.2	n/a	NonTarget	1	296040
1480.285	n/a	NonTarget	1	296057
1480.37	n/a	NonTarget	1	296074
1480.45	n/a	NonTarget	1	296090
1480.535	n/a	NonTarget	1	296107
1480.615	n/a	Target	2	296123
1480.705	n/a	NonTarget	1	296141
1480.785	n/a	NonTarget	1	296157
1480.865	n/a	NonTarget	1	296173
1480.95	n/a	NonTarget	1	296190
1481.035	n/a	NonTarget	1	296207
1481.115	n/a	NonTarget	1	296223
1481.2	n/a	NonTarget	1	296240
1481.285	n/a	NonTarget	1	296257
1481.37	n/a	NonTarget	1	296274
1481.45	n/a	NonTarget	1	296290
1481.535	n/a	NonTarget	1	296307
1481.62	n/a	NonTarget	1	296324
1481.7	n/a	NonTarget	1	296340
1481.785	n/a	NonTarget	1	296357
1481.87	n/a	NonTarget	1	296374
1481.95	n/a	NonTarget	1	296390
1482.035	n/a	NonTarget	1	296407
1482.12	n/a	NonTarget	1	296424
1482.2	n/a	NonTarget	1	296440
1482.285	n/a	NonTarget	1	296457
1482.365	n/a	NonTarget	1	296473
1482.765	n/a	NonTarget	1	296553
1482.85	n/a	NonTarget	1	296570
1482.935	n/a	NonTarget	1	296587
1483.02	n/a	NonTarget	1	296604
1483.1	n/a	NonTarget	1	296620
1483.19	n/a	NonTarget	1	296638
1483.27	n/a	NonTarget	1	296654
1483.35	n/a	NonTarget	1	296670
1483.435	n/a	NonTarget	1	296687
1483.52	n/a	NonTarget	1	296704
1483.605	n/a	NonTarget	1	296721
1483.685	n/a	NonTarget	1	296737
1483.77	n/a	NonTarget	1	296754
1483.85	n/a	Target	2	296770
1483.935	n/a	NonTarget	1	296787
1484.02	n/a	NonTarget	1	296804
1484.1	n/a	NonTarget	1	296820
1484.185	n/a	NonTarget	1	296837
1484.275	n/a	NonTarget	1	296855
1484.355	n/a	NonTarget	1	296871
1484.435	n/a	NonTarget	1	296887
1484.52	n/a	NonTarget	1	296904
1484.605	n/a	NonTarget	1	296921
1484.685	n/a	NonTarget	1	296937
1484.77	n/a	NonTarget	1	296954
1484.855	n/a	NonTarget	1	296971
1484.935	n/a	NonTarget	1	296987
1485.02	n/a	NonTarget	1	297004
1485.105	n/a	NonTarget	1	297021
1485.185	n/a	NonTarget	1	297037
1485.585	n/a	NonTarget	1	297117
1485.67	n/a	NonTarget	1	297134
1485.755	n/a	NonTarget	1	297151
1485.835	n/a	NonTarget	1	297167
1485.92	n/a	NonTarget	1	297184
1486.005	n/a	NonTarget	1	297201
1486.085	n/a	NonTarget	1	297217
1486.17	n/a	NonTarget	1	297234
1486.255	n/a	NonTarget	1	297251
1486.335	n/a	NonTarget	1	297267
1486.425	n/a	NonTarget	1	297285
1486.505	n/a	NonTarget	1	297301
1486.59	n/a	NonTarget	1	297318
1486.67	n/a	NonTarget	1	297334
1486.755	n/a	NonTarget	1	297351
1486.84	n/a	NonTarget	1	297368
1486.92	n/a	NonTarget	1	297384
1487.005	n/a	NonTarget	1	297401
1487.09	n/a	NonTarget	1	297418
1487.175	n/a	NonTarget	1	297435
1487.255	n/a	NonTarget	1	297451
1487.34	n/a	NonTarget	1	297468
1487.42	n/a	NonTarget	1	297484
1487.51	n/a	Target	2	297502
1487.59	n/a	NonTarget	1	297518
1487.675	n/a	NonTarget	1	297535
1487.755	n/a	NonTarget	1	297551
1487.84	n/a	NonTarget	1	297568
1487.92	n/a	NonTarget	1	297584
1488.005	n/a	NonTarget	1	297601
1498.16	n/a	NonTarget	1	299632
1498.245	n/a	NonTarget	1	299649
1498.33	n/a	NonTarget	1	299666
1498.415	n/a	NonTarget	1	299683
1498.495	n/a	NonTarget	1	299699
1498.58	n/a	NonTarget	1	299716
1498.665	n/a	NonTarget	1	299733
1498.745	n/a	NonTarget	1	299749
1498.83	n/a	NonTarget	1	299766
1498.915	n/a	NonTarget	1	299783
1499.0	n/a	NonTarget	1	299800
1499.08	n/a	NonTarget	1	299816
1499.165	n/a	NonTarget	1	299833
1499.245	n/a	NonTarget	1	299849
1499.33	n/a	NonTarget	1	299866
1499.415	n/a	NonTarget	1	299883
1499.5	n/a	NonTarget	1	299900
1499.58	n/a	NonTarget	1	299916
1499.665	n/a	NonTarget	1	299933
1499.75	n/a	NonTarget	1	299950
1499.83	n/a	NonTarget	1	299966
1499.915	n/a	Target	2	299983
1500.0	n/a	NonTarget	1	300000
1500.08	n/a	NonTarget	1	300016
1500.165	n/a	NonTarget	1	300033
1500.25	n/a	NonTarget	1	300050
1500.33	n/a	NonTarget	1	300066
1500.415	n/a	NonTarget	1	300083
1500.5	n/a	NonTarget	1	300100
1500.585	n/a	NonTarget	1	300117
1500.985	n/a	NonTarget	1	300197
1501.065	n/a	NonTarget	1	300213
1501.15	n/a	NonTarget	1	300230
1501.235	n/a	NonTarget	1	300247
1501.315	n/a	NonTarget	1	300263
1501.4	n/a	NonTarget	1	300280
1501.48	n/a	NonTarget	1	300296
1501.565	n/a	NonTarget	1	300313
1501.65	n/a	NonTarget	1	300330
1501.73	n/a	NonTarget	1	300346
1501.815	n/a	NonTarget	1	300363
1501.905	n/a	NonTarget	1	300381
1501.985	n/a	NonTarget	1	300397
1502.065	n/a	NonTarget	1	300413
1502.15	n/a	NonTarget	1	300430
1502.235	n/a	NonTarget	1	300447
1502.315	n/a	NonTarget	1	300463
1502.4	n/a	NonTarget	1	300480
1502.485	n/a	NonTarget	1	300497
1502.565	n/a	NonTarget	1	300513
1502.65	n/a	NonTarget	1	300530
1502.735	n/a	Target	2	300547
1502.82	n/a	NonTarget	1	300564
1502.905	n/a	NonTarget	1	300581
1502.985	n/a	NonTarget	1	300597
1503.065	n/a	NonTarget	1	300613
1503.155	n/a	NonTarget	1	300631
1503.235	n/a	NonTarget	1	300647
1503.32	n/a	NonTarget	1	300664
1503.4	n/a	NonTarget	1	300680
1503.8	n/a	NonTarget	1	300760
1503.885	n/a	NonTarget	1	300777
1503.97	n/a	NonTarget	1	300794
1504.05	n/a	NonTarget	1	300810
1504.135	n/a	NonTarget	1	300827
1504.22	n/a	NonTarget	1	300844
1504.3	n/a	NonTarget	1	300860
1504.385	n/a	NonTarget	1	300877
1504.47	n/a	NonTarget	1	300894
1504.55	n/a	NonTarget	1	300910
1504.635	n/a	NonTarget	1	300927
1504.72	n/a	NonTarget	1	300944
1504.8	n/a	NonTarget	1	300960
1504.885	n/a	NonTarget	1	300977
1504.97	n/a	NonTarget	1	300994
1505.05	n/a	NonTarget	1	301010
1505.135	n/a	NonTarget	1	301027
1505.22	n/a	NonTarget	1	301044
1505.305	n/a	NonTarget	1	301061
1505.385	n/a	NonTarget	1	301077
1505.47	n/a	NonTarget	1	301094
1505.55	n/a	NonTarget	1	301110
1505.635	n/a	NonTarget	1	301127
1505.72	n/a	NonTarget	1	301144
1505.8	n/a	NonTarget	1	301160
1505.885	n/a	NonTarget	1	301177
1505.97	n/a	Target	2	301194
1506.05	n/a	NonTarget	1	301210
1506.135	n/a	NonTarget	1	301227
1506.22	n/a	NonTarget	1	301244
1506.62	n/a	NonTarget	1	301324
1506.705	n/a	Target	2	301341
1506.785	n/a	NonTarget	1	301357
1506.87	n/a	NonTarget	1	301374
1506.955	n/a	NonTarget	1	301391
1507.035	n/a	NonTarget	1	301407
1507.12	n/a	NonTarget	1	301424
1507.205	n/a	NonTarget	1	301441
1507.285	n/a	NonTarget	1	301457
1507.37	n/a	NonTarget	1	301474
1507.455	n/a	NonTarget	1	301491
1507.535	n/a	NonTarget	1	301507
1507.62	n/a	NonTarget	1	301524
1507.705	n/a	NonTarget	1	301541
1507.79	n/a	NonTarget	1	301558
1507.87	n/a	NonTarget	1	301574
1507.955	n/a	NonTarget	1	301591
1508.04	n/a	NonTarget	1	301608
1508.12	n/a	NonTarget	1	301624
1508.205	n/a	NonTarget	1	301641
1508.29	n/a	NonTarget	1	301658
1508.37	n/a	NonTarget	1	301674
1508.455	n/a	NonTarget	1	301691
1508.535	n/a	NonTarget	1	301707
1508.62	n/a	NonTarget	1	301724
1508.705	n/a	NonTarget	1	301741
1508.79	n/a	NonTarget	1	301758
1508.87	n/a	NonTarget	1	301774
1508.96	n/a	NonTarget	1	301792
1509.04	n/a	NonTarget	1	301808
1509.44	n/a	NonTarget	1	301888
1509.52	n/a	NonTarget	1	301904
1509.605	n/a	NonTarget	1	301921
1509.69	n/a	NonTarget	1	301938
1509.77	n/a	NonTarget	1	301954
1509.86	n/a	NonTarget	1	301972
1509.94	n/a	NonTarget	1	301988
1510.02	n/a	NonTarget	1	302004
1510.11	n/a	NonTarget	1	302022
1510.185	n/a	NonTarget	1	302037
1510.27	n/a	NonTarget	1	302054
1510.355	n/a	NonTarget	1	302071
1510.44	n/a	NonTarget	1	302088
1510.52	n/a	NonTarget	1	302104
1510.61	n/a	NonTarget	1	302122
1510.69	n/a	NonTarget	1	302138
1510.775	n/a	NonTarget	1	302155
1510.855	n/a	NonTarget	1	302171
1510.94	n/a	NonTarget	1	302188
1511.025	n/a	NonTarget	1	302205
1511.105	n/a	NonTarget	1	302221
1511.19	n/a	Target	2	302238
1511.275	n/a	NonTarget	1	302255
1511.355	n/a	NonTarget	1	302271
1511.44	n/a	NonTarget	1	302288
1511.525	n/a	NonTarget	1	302305
1511.605	n/a	NonTarget	1	302321
1511.69	n/a	NonTarget	1	302338
1511.775	n/a	NonTarget	1	302355
1511.855	n/a	NonTarget	1	302371
1512.255	n/a	NonTarget	1	302451
1512.34	n/a	NonTarget	1	302468
1512.425	n/a	NonTarget	1	302485
1512.505	n/a	NonTarget	1	302501
1512.59	n/a	NonTarget	1	302518
1512.675	n/a	NonTarget	1	302535
1512.76	n/a	Target	2	302552
1512.84	n/a	NonTarget	1	302568
1512.925	n/a	NonTarget	1	302585
1513.01	n/a	NonTarget	1	302602
1513.09	n/a	NonTarget	1	302618
1513.175	n/a	NonTarget	1	302635
1513.26	n/a	NonTarget	1	302652
1513.34	n/a	NonTarget	1	302668
1513.43	n/a	NonTarget	1	302686
1513.505	n/a	NonTarget	1	302701
1513.59	n/a	NonTarget	1	302718
1513.675	n/a	NonTarget	1	302735
1513.76	n/a	NonTarget	1	302752
1513.84	n/a	NonTarget	1	302768
1513.925	n/a	NonTarget	1	302785
1514.01	n/a	NonTarget	1	302802
1514.09	n/a	NonTarget	1	302818
1514.175	n/a	NonTarget	1	302835
1514.26	n/a	NonTarget	1	302852
1514.345	n/a	NonTarget	1	302869
1514.425	n/a	NonTarget	1	302885
1514.51	n/a	NonTarget	1	302902
1514.59	n/a	NonTarget	1	302918
1514.675	n/a	NonTarget	1	302935
1515.075	n/a	NonTarget	1	303015
1515.16	n/a	NonTarget	1	303032
1515.24	n/a	NonTarget	1	303048
1515.325	n/a	NonTarget	1	303065
1515.41	n/a	NonTarget	1	303082
1515.49	n/a	NonTarget	1	303098
1515.575	n/a	Target	2	303115
1515.66	n/a	NonTarget	1	303132
1515.745	n/a	NonTarget	1	303149
1515.825	n/a	NonTarget	1	303165
1515.91	n/a	NonTarget	1	303182
1515.995	n/a	NonTarget	1	303199
1516.075	n/a	NonTarget	1	303215
1516.16	n/a	NonTarget	1	303232
1516.245	n/a	NonTarget	1	303249
1516.325	n/a	NonTarget	1	303265
1516.41	n/a	NonTarget	1	303282
1516.49	n/a	NonTarget	1	303298
1516.58	n/a	NonTarget	1	303316
1516.66	n/a	NonTarget	1	303332
1516.745	n/a	NonTarget	1	303349
1516.83	n/a	NonTarget	1	303366
1516.91	n/a	NonTarget	1	303382
1516.995	n/a	NonTarget	1	303399
1517.075	n/a	NonTarget	1	303415
1517.16	n/a	NonTarget	1	303432
1517.245	n/a	NonTarget	1	303449
1517.33	n/a	NonTarget	1	303466
1517.41	n/a	NonTarget	1	303482
1517.495	n/a	NonTarget	1	303499
1517.895	n/a	NonTarget	1	303579
1517.98	n/a	NonTarget	1	303596
1518.06	n/a	NonTarget	1	303612
1518.145	n/a	NonTarget	1	303629
1518.23	n/a	NonTarget	1	303646
1518.31	n/a	NonTarget	1	303662
1518.395	n/a	NonTarget	1	303679
1518.475	n/a	NonTarget	1	303695
1518.56	n/a	NonTarget	1	303712
1518.645	n/a	NonTarget	1	303729
1518.725	n/a	NonTarget	1	303745
1518.81	n/a	NonTarget	1	303762
1518.895	n/a	NonTarget	1	303779
1518.98	n/a	NonTarget	1	303796
1519.06	n/a	NonTarget	1	303812
1519.145	n/a	NonTarget	1	303829
1519.23	n/a	NonTarget	1	303846
1519.315	n/a	NonTarget	1	303863
1519.395	n/a	NonTarget	1	303879
1519.48	n/a	NonTarget	1	303896
1519.565	n/a	NonTarget	1	303913
1519.645	n/a	NonTarget	1	303929
1519.73	n/a	NonTarget	1	303946
1519.815	n/a	NonTarget	1	303963
1519.895	n/a	NonTarget	1	303979
1519.98	n/a	NonTarget	1	303996
1520.065	n/a	Target	2	304013
1520.15	n/a	NonTarget	1	304030
1520.23	n/a	NonTarget	1	304046
1520.315	n/a	NonTarget	1	304063
1520.715	n/a	NonTarget	1	304143
1520.795	n/a	NonTarget	1	304159
1520.88	n/a	NonTarget	1	304176
1520.965	n/a	NonTarget	1	304193
1521.045	n/a	NonTarget	1	304209
1521.13	n/a	NonTarget	1	304226
1521.215	n/a	NonTarget	1	304243
1521.295	n/a	NonTarget	1	304259
1521.38	n/a	NonTarget	1	304276
1521.465	n/a	NonTarget	1	304293
1521.55	n/a	NonTarget	1	304310
1521.63	n/a	NonTarget	1	304326
1521.715	n/a	NonTarget	1	304343
1521.8	n/a	NonTarget	1	304360
1521.88	n/a	NonTarget	1	304376
1521.965	n/a	NonTarget	1	304393
1522.045	n/a	NonTarget	1	304409
1522.13	n/a	NonTarget	1	304426
1522.215	n/a	NonTarget	1	304443
1522.3	n/a	NonTarget	1	304460
1522.38	n/a	NonTarget	1	304476
1522.465	n/a	NonTarget	1	304493
1522.55	n/a	NonTarget	1	304510
1522.63	n/a	NonTarget	1	304526
1522.72	n/a	NonTarget	1	304544
1522.8	n/a	NonTarget	1	304560
1522.88	n/a	Target	2	304576
1522.965	n/a	NonTarget	1	304593
1523.05	n/a	NonTarget	1	304610
1523.13	n/a	NonTarget	1	304626
1523.53	n/a	NonTarget	1	304706
1523.615	n/a	NonTarget	1	304723
1523.7	n/a	NonTarget	1	304740
1523.785	n/a	NonTarget	1	304757
1523.865	n/a	NonTarget	1	304773
1523.95	n/a	NonTarget	1	304790
1524.03	n/a	NonTarget	1	304806
1524.115	n/a	NonTarget	1	304823
1524.2	n/a	NonTarget	1	304840
1524.28	n/a	NonTarget	1	304856
1524.365	n/a	NonTarget	1	304873
1524.45	n/a	NonTarget	1	304890
1524.53	n/a	NonTarget	1	304906
1524.615	n/a	NonTarget	1	304923
1524.7	n/a	NonTarget	1	304940
1524.785	n/a	NonTarget	1	304957
1524.87	n/a	Target	2	304974
1524.95	n/a	NonTarget	1	304990
1525.035	n/a	NonTarget	1	305007
1525.115	n/a	NonTarget	1	305023
1525.2	n/a	NonTarget	1	305040
1525.285	n/a	NonTarget	1	305057
1525.37	n/a	NonTarget	1	305074
1525.455	n/a	NonTarget	1	305091
1525.535	n/a	NonTarget	1	305107
1525.615	n/a	NonTarget	1	305123
1525.7	n/a	NonTarget	1	305140
1525.785	n/a	NonTarget	1	305157
1525.87	n/a	NonTarget	1	305174
1525.95	n/a	NonTarget	1	305190
1536.125	n/a	NonTarget	1	307225
1536.21	n/a	NonTarget	1	307242
1536.29	n/a	NonTarget	1	307258
1536.375	n/a	NonTarget	1	307275
1536.46	n/a	NonTarget	1	307292
1536.54	n/a	NonTarget	1	307308
1536.625	n/a	Target	2	307325
1536.705	n/a	NonTarget	1	307341
1536.79	n/a	NonTarget	1	307358
1536.875	n/a	NonTarget	1	307375
1536.965	n/a	NonTarget	1	307393
1537.045	n/a	NonTarget	1	307409
1537.125	n/a	NonTarget	1	307425
1537.21	n/a	NonTarget	1	307442
1537.29	n/a	NonTarget	1	307458
1537.375	n/a	NonTarget	1	307475
1537.46	n/a	NonTarget	1	307492
1537.545	n/a	NonTarget	1	307509
1537.625	n/a	NonTarget	1	307525
1537.71	n/a	NonTarget	1	307542
1537.795	n/a	NonTarget	1	307559
1537.875	n/a	NonTarget	1	307575
1537.96	n/a	NonTarget	1	307592
1538.045	n/a	NonTarget	1	307609
1538.13	n/a	NonTarget	1	307626
1538.21	n/a	NonTarget	1	307642
1538.295	n/a	NonTarget	1	307659
1538.375	n/a	NonTarget	1	307675
1538.46	n/a	NonTarget	1	307692
1538.545	n/a	NonTarget	1	307709
1538.945	n/a	NonTarget	1	307789
1539.025	n/a	NonTarget	1	307805
1539.11	n/a	NonTarget	1	307822
1539.195	n/a	NonTarget	1	307839
1539.28	n/a	NonTarget	1	307856
1539.36	n/a	NonTarget	1	307872
1539.445	n/a	NonTarget	1	307889
1539.525	n/a	NonTarget	1	307905
1539.61	n/a	NonTarget	1	307922
1539.695	n/a	NonTarget	1	307939
1539.775	n/a	NonTarget	1	307955
1539.86	n/a	NonTarget	1	307972
1539.945	n/a	NonTarget	1	307989
1540.03	n/a	NonTarget	1	308006
1540.11	n/a	NonTarget	1	308022
1540.195	n/a	NonTarget	1	308039
1540.28	n/a	Target	2	308056
1540.36	n/a	NonTarget	1	308072
1540.445	n/a	NonTarget	1	308089
1540.535	n/a	NonTarget	1	308107
1540.61	n/a	NonTarget	1	308122
1540.695	n/a	NonTarget	1	308139
1540.775	n/a	NonTarget	1	308155
1540.865	n/a	NonTarget	1	308173
1540.945	n/a	NonTarget	1	308189
1541.03	n/a	NonTarget	1	308206
1541.11	n/a	NonTarget	1	308222
1541.195	n/a	NonTarget	1	308239
1541.28	n/a	NonTarget	1	308256
1541.36	n/a	NonTarget	1	308272
1541.765	n/a	NonTarget	1	308353
1541.845	n/a	Target	2	308369
1541.93	n/a	NonTarget	1	308386
1542.015	n/a	NonTarget	1	308403
1542.095	n/a	NonTarget	1	308419
1542.18	n/a	NonTarget	1	308436
1542.265	n/a	NonTarget	1	308453
1542.345	n/a	NonTarget	1	308469
1542.43	n/a	NonTarget	1	308486
1542.515	n/a	NonTarget	1	308503
1542.595	n/a	NonTarget	1	308519
1542.68	n/a	NonTarget	1	308536
1542.765	n/a	NonTarget	1	308553
1542.845	n/a	NonTarget	1	308569
1542.93	n/a	NonTarget	1	308586
1543.01	n/a	NonTarget	1	308602
1543.1	n/a	NonTarget	1	308620
1543.18	n/a	NonTarget	1	308636
1543.265	n/a	NonTarget	1	308653
1543.345	n/a	NonTarget	1	308669
1543.43	n/a	NonTarget	1	308686
1543.515	n/a	NonTarget	1	308703
1543.595	n/a	NonTarget	1	308719
1543.68	n/a	NonTarget	1	308736
1543.765	n/a	NonTarget	1	308753
1543.85	n/a	NonTarget	1	308770
1543.93	n/a	NonTarget	1	308786
1544.015	n/a	NonTarget	1	308803
1544.1	n/a	NonTarget	1	308820
1544.18	n/a	NonTarget	1	308836
1544.58	n/a	NonTarget	1	308916
1544.665	n/a	NonTarget	1	308933
1544.75	n/a	NonTarget	1	308950
1544.83	n/a	NonTarget	1	308966
1544.915	n/a	NonTarget	1	308983
1545.0	n/a	NonTarget	1	309000
1545.08	n/a	NonTarget	1	309016
1545.165	n/a	NonTarget	1	309033
1545.25	n/a	NonTarget	1	309050
1545.33	n/a	NonTarget	1	309066
1545.415	n/a	NonTarget	1	309083
1545.5	n/a	NonTarget	1	309100
1545.585	n/a	NonTarget	1	309117
1545.665	n/a	NonTarget	1	309133
1545.755	n/a	NonTarget	1	309151
1545.83	n/a	NonTarget	1	309166
1545.915	n/a	NonTarget	1	309183
1546.0	n/a	NonTarget	1	309200
1546.08	n/a	NonTarget	1	309216
1546.165	n/a	NonTarget	1	309233
1546.25	n/a	NonTarget	1	309250
1546.33	n/a	NonTarget	1	309266
1546.415	n/a	NonTarget	1	309283
1546.5	n/a	NonTarget	1	309300
1546.585	n/a	NonTarget	1	309317
1546.665	n/a	NonTarget	1	309333
1546.75	n/a	Target	2	309350
1546.83	n/a	NonTarget	1	309366
1546.915	n/a	NonTarget	1	309383
1547.0	n/a	NonTarget	1	309400
1547.4	n/a	NonTarget	1	309480
1547.485	n/a	Target	2	309497
1547.565	n/a	NonTarget	1	309513
1547.65	n/a	NonTarget	1	309530
1547.73	n/a	NonTarget	1	309546
1547.815	n/a	NonTarget	1	309563
1547.9	n/a	NonTarget	1	309580
1547.985	n/a	NonTarget	1	309597
1548.065	n/a	NonTarget	1	309613
1548.15	n/a	NonTarget	1	309630
1548.235	n/a	NonTarget	1	309647
1548.32	n/a	NonTarget	1	309664
1548.4	n/a	NonTarget	1	309680
1548.485	n/a	NonTarget	1	309697
1548.565	n/a	NonTarget	1	309713
1548.65	n/a	NonTarget	1	309730
1548.735	n/a	NonTarget	1	309747
1548.815	n/a	NonTarget	1	309763
1548.905	n/a	NonTarget	1	309781
1548.985	n/a	NonTarget	1	309797
1549.065	n/a	NonTarget	1	309813
1549.15	n/a	NonTarget	1	309830
1549.24	n/a	NonTarget	1	309848
1549.32	n/a	NonTarget	1	309864
1549.4	n/a	NonTarget	1	309880
1549.485	n/a	NonTarget	1	309897
1549.57	n/a	NonTarget	1	309914
1549.65	n/a	NonTarget	1	309930
1549.74	n/a	NonTarget	1	309948
1549.82	n/a	NonTarget	1	309964
1550.22	n/a	NonTarget	1	310044
1550.3	n/a	NonTarget	1	310060
1550.385	n/a	NonTarget	1	310077
1550.47	n/a	NonTarget	1	310094
1550.55	n/a	NonTarget	1	310110
1550.635	n/a	NonTarget	1	310127
1550.72	n/a	Target	2	310144
1550.805	n/a	NonTarget	1	310161
1550.885	n/a	NonTarget	1	310177
1550.97	n/a	NonTarget	1	310194
1551.055	n/a	NonTarget	1	310211
1551.135	n/a	NonTarget	1	310227
1551.22	n/a	NonTarget	1	310244
1551.305	n/a	NonTarget	1	310261
1551.385	n/a	NonTarget	1	310277
1551.47	n/a	NonTarget	1	310294
1551.555	n/a	NonTarget	1	310311
1551.635	n/a	NonTarget	1	310327
1551.72	n/a	NonTarget	1	310344
1551.805	n/a	NonTarget	1	310361
1551.885	n/a	NonTarget	1	310377
1551.97	n/a	NonTarget	1	310394
1552.055	n/a	NonTarget	1	310411
1552.14	n/a	NonTarget	1	310428
1552.22	n/a	NonTarget	1	310444
1552.305	n/a	NonTarget	1	310461
1552.385	n/a	NonTarget	1	310477
1552.475	n/a	NonTarget	1	310495
1552.555	n/a	NonTarget	1	310511
1552.635	n/a	NonTarget	1	310527
1553.04	n/a	NonTarget	1	310608
1553.12	n/a	Target	2	310624
1553.205	n/a	NonTarget	1	310641
1553.29	n/a	NonTarget	1	310658
1553.375	n/a	NonTarget	1	310675
1553.455	n/a	NonTarget	1	310691
1553.54	n/a	NonTarget	1	310708
1553.62	n/a	NonTarget	1	310724
1553.705	n/a	NonTarget	1	310741
1553.79	n/a	NonTarget	1	310758
1553.87	n/a	NonTarget	1	310774
1553.955	n/a	NonTarget	1	310791
1554.04	n/a	NonTarget	1	310808
1554.12	n/a	NonTarget	1	310824
1554.205	n/a	NonTarget	1	310841
1554.29	n/a	NonTarget	1	310858
1554.37	n/a	NonTarget	1	310874
1554.46	n/a	NonTarget	1	310892
1554.54	n/a	NonTarget	1	310908
1554.62	n/a	NonTarget	1	310924
1554.705	n/a	NonTarget	1	310941
1554.79	n/a	NonTarget	1	310958
1554.87	n/a	NonTarget	1	310974
1554.955	n/a	NonTarget	1	310991
1555.04	n/a	NonTarget	1	311008
1555.12	n/a	NonTarget	1	311024
1555.205	n/a	NonTarget	1	311041
1555.29	n/a	NonTarget	1	311058
1555.375	n/a	NonTarget	1	311075
1555.455	n/a	NonTarget	1	311091
1555.86	n/a	NonTarget	1	311172
1555.94	n/a	Target	2	311188
1556.025	n/a	NonTarget	1	311205
1556.11	n/a	NonTarget	1	311222
1556.19	n/a	NonTarget	1	311238
1556.27	n/a	NonTarget	1	311254
1556.355	n/a	NonTarget	1	311271
1556.44	n/a	NonTarget	1	311288
1556.525	n/a	NonTarget	1	311305
1556.605	n/a	NonTarget	1	311321
1556.69	n/a	NonTarget	1	311338
1556.775	n/a	NonTarget	1	311355
1556.855	n/a	NonTarget	1	311371
1556.945	n/a	NonTarget	1	311389
1557.025	n/a	NonTarget	1	311405
1557.11	n/a	NonTarget	1	311422
1557.19	n/a	NonTarget	1	311438
1557.275	n/a	NonTarget	1	311455
1557.355	n/a	NonTarget	1	311471
1557.44	n/a	NonTarget	1	311488
1557.525	n/a	NonTarget	1	311505
1557.61	n/a	NonTarget	1	311522
1557.695	n/a	NonTarget	1	311539
1557.775	n/a	NonTarget	1	311555
1557.86	n/a	NonTarget	1	311572
1557.94	n/a	NonTarget	1	311588
1558.025	n/a	NonTarget	1	311605
1558.11	n/a	NonTarget	1	311622
1558.19	n/a	NonTarget	1	311638
1558.275	n/a	NonTarget	1	311655
1558.675	n/a	NonTarget	1	311735
1558.76	n/a	Target	2	311752
1558.84	n/a	NonTarget	1	311768
1558.925	n/a	NonTarget	1	311785
1559.01	n/a	NonTarget	1	311802
1559.095	n/a	NonTarget	1	311819
1559.175	n/a	NonTarget	1	311835
1559.26	n/a	NonTarget	1	311852
1559.345	n/a	NonTarget	1	311869
1559.425	n/a	NonTarget	1	311885
1559.51	n/a	NonTarget	1	311902
1559.595	n/a	NonTarget	1	311919
1559.675	n/a	NonTarget	1	311935
1559.76	n/a	NonTarget	1	311952
1559.84	n/a	NonTarget	1	311968
1559.925	n/a	NonTarget	1	311985
1560.01	n/a	NonTarget	1	312002
1560.095	n/a	NonTarget	1	312019
1560.175	n/a	NonTarget	1	312035
1560.26	n/a	NonTarget	1	312052
1560.345	n/a	NonTarget	1	312069
1560.425	n/a	NonTarget	1	312085
1560.51	n/a	NonTarget	1	312102
1560.595	n/a	NonTarget	1	312119
1560.68	n/a	NonTarget	1	312136
1560.76	n/a	NonTarget	1	312152
1560.845	n/a	NonTarget	1	312169
1560.93	n/a	NonTarget	1	312186
1561.01	n/a	NonTarget	1	312202
1561.095	n/a	NonTarget	1	312219
1561.495	n/a	NonTarget	1	312299
1561.58	n/a	NonTarget	1	312316
1561.665	n/a	NonTarget	1	312333
1561.745	n/a	NonTarget	1	312349
1561.825	n/a	NonTarget	1	312365
1561.91	n/a	NonTarget	1	312382
1561.995	n/a	Target	2	312399
1562.08	n/a	NonTarget	1	312416
1562.16	n/a	NonTarget	1	312432
1562.245	n/a	NonTarget	1	312449
1562.325	n/a	NonTarget	1	312465
1562.41	n/a	NonTarget	1	312482
1562.495	n/a	NonTarget	1	312499
1562.58	n/a	NonTarget	1	312516
1562.665	n/a	NonTarget	1	312533
1562.745	n/a	NonTarget	1	312549
1562.83	n/a	NonTarget	1	312566
1562.91	n/a	NonTarget	1	312582
1563.0	n/a	NonTarget	1	312600
1563.08	n/a	NonTarget	1	312616
1563.16	n/a	NonTarget	1	312632
1563.245	n/a	NonTarget	1	312649
1563.33	n/a	NonTarget	1	312666
1563.415	n/a	NonTarget	1	312683
1563.495	n/a	NonTarget	1	312699
1563.58	n/a	NonTarget	1	312716
1563.665	n/a	NonTarget	1	312733
1563.75	n/a	NonTarget	1	312750
1563.83	n/a	NonTarget	1	312766
1563.91	n/a	NonTarget	1	312782
1574.065	n/a	NonTarget	1	314813
1574.155	n/a	NonTarget	1	314831
1574.235	n/a	NonTarget	1	314847
1574.32	n/a	NonTarget	1	314864
1574.4	n/a	NonTarget	1	314880
1574.49	n/a	NonTarget	1	314898
1574.57	n/a	NonTarget	1	314914
1574.655	n/a	NonTarget	1	314931
1574.74	n/a	NonTarget	1	314948
1574.82	n/a	NonTarget	1	314964
1574.905	n/a	Target	2	314981
1574.99	n/a	NonTarget	1	314998
1575.07	n/a	NonTarget	1	315014
1575.155	n/a	NonTarget	1	315031
1575.235	n/a	NonTarget	1	315047
1575.32	n/a	NonTarget	1	315064
1575.405	n/a	NonTarget	1	315081
1575.485	n/a	NonTarget	1	315097
1575.57	n/a	NonTarget	1	315114
1575.655	n/a	NonTarget	1	315131
1575.74	n/a	NonTarget	1	315148
1575.82	n/a	NonTarget	1	315164
1575.91	n/a	NonTarget	1	315182
1575.99	n/a	NonTarget	1	315198
1576.07	n/a	NonTarget	1	315214
1576.155	n/a	NonTarget	1	315231
1576.24	n/a	NonTarget	1	315248
1576.32	n/a	NonTarget	1	315264
1576.41	n/a	NonTarget	1	315282
1576.49	n/a	NonTarget	1	315298
1576.895	n/a	NonTarget	1	315379
1576.97	n/a	NonTarget	1	315394
1577.055	n/a	NonTarget	1	315411
1577.145	n/a	NonTarget	1	315429
1577.22	n/a	NonTarget	1	315444
1577.305	n/a	NonTarget	1	315461
1577.39	n/a	NonTarget	1	315478
1577.475	n/a	NonTarget	1	315495
1577.555	n/a	NonTarget	1	315511
1577.64	n/a	NonTarget	1	315528
1577.72	n/a	NonTarget	1	315544
1577.805	n/a	NonTarget	1	315561
1577.89	n/a	NonTarget	1	315578
1577.975	n/a	NonTarget	1	315595
1578.055	n/a	NonTarget	1	315611
1578.14	n/a	NonTarget	1	315628
1578.225	n/a	NonTarget	1	315645
1578.305	n/a	NonTarget	1	315661
1578.39	n/a	NonTarget	1	315678
1578.47	n/a	NonTarget	1	315694
1578.555	n/a	Target	2	315711
1578.64	n/a	NonTarget	1	315728
1578.725	n/a	NonTarget	1	315745
1578.805	n/a	NonTarget	1	315761
1578.89	n/a	NonTarget	1	315778
1578.975	n/a	NonTarget	1	315795
1579.055	n/a	NonTarget	1	315811
1579.145	n/a	NonTarget	1	315829
1579.225	n/a	NonTarget	1	315845
1579.305	n/a	NonTarget	1	315861
1579.71	n/a	Target	2	315942
1579.79	n/a	NonTarget	1	315958
1579.875	n/a	NonTarget	1	315975
1579.96	n/a	NonTarget	1	315992
1580.04	n/a	NonTarget	1	316008
1580.125	n/a	NonTarget	1	316025
1580.21	n/a	NonTarget	1	316042
1580.29	n/a	NonTarget	1	316058
1580.375	n/a	NonTarget	1	316075
1580.455	n/a	NonTarget	1	316091
1580.54	n/a	NonTarget	1	316108
1580.625	n/a	NonTarget	1	316125
1580.71	n/a	NonTarget	1	316142
1580.795	n/a	NonTarget	1	316159
1580.875	n/a	NonTarget	1	316175
1580.96	n/a	NonTarget	1	316192
1581.04	n/a	NonTarget	1	316208
1581.125	n/a	NonTarget	1	316225
1581.21	n/a	NonTarget	1	316242
1581.295	n/a	NonTarget	1	316259
1581.375	n/a	NonTarget	1	316275
1581.46	n/a	NonTarget	1	316292
1581.545	n/a	NonTarget	1	316309
1581.625	n/a	NonTarget	1	316325
1581.71	n/a	NonTarget	1	316342
1581.795	n/a	NonTarget	1	316359
1581.875	n/a	NonTarget	1	316375
1581.96	n/a	NonTarget	1	316392
1582.045	n/a	NonTarget	1	316409
1582.125	n/a	NonTarget	1	316425
1582.525	n/a	NonTarget	1	316505
1582.61	n/a	NonTarget	1	316522
1582.695	n/a	NonTarget	1	316539
1582.78	n/a	NonTarget	1	316556
1582.86	n/a	NonTarget	1	316572
1582.945	n/a	Target	2	316589
1583.025	n/a	NonTarget	1	316605
1583.11	n/a	NonTarget	1	316622
1583.195	n/a	NonTarget	1	316639
1583.28	n/a	NonTarget	1	316656
1583.36	n/a	NonTarget	1	316672
1583.445	n/a	NonTarget	1	316689
1583.525	n/a	NonTarget	1	316705
1583.61	n/a	NonTarget	1	316722
1583.695	n/a	NonTarget	1	316739
1583.78	n/a	NonTarget	1	316756
1583.865	n/a	NonTarget	1	316773
1583.945	n/a	NonTarget	1	316789
1584.03	n/a	NonTarget	1	316806
1584.115	n/a	NonTarget	1	316823
1584.195	n/a	NonTarget	1	316839
1584.28	n/a	NonTarget	1	316856
1584.36	n/a	NonTarget	1	316872
1584.445	n/a	NonTarget	1	316889
1584.53	n/a	NonTarget	1	316906
1584.61	n/a	NonTarget	1	316922
1584.695	n/a	NonTarget	1	316939
1584.78	n/a	NonTarget	1	316956
1584.86	n/a	NonTarget	1	316972
1584.945	n/a	NonTarget	1	316989
1585.345	n/a	NonTarget	1	317069
1585.43	n/a	NonTarget	1	317086
1585.51	n/a	NonTarget	1	317102
1585.595	n/a	NonTarget	1	317119
1585.68	n/a	NonTarget	1	317136
1585.76	n/a	NonTarget	1	317152
1585.845	n/a	NonTarget	1	317169
1585.93	n/a	NonTarget	1	317186
1586.01	n/a	NonTarget	1	317202
1586.095	n/a	NonTarget	1	317219
1586.18	n/a	NonTarget	1	317236
1586.26	n/a	NonTarget	1	317252
1586.345	n/a	NonTarget	1	317269
1586.435	n/a	NonTarget	1	317287
1586.515	n/a	NonTarget	1	317303
1586.595	n/a	Target	2	317319
1586.68	n/a	NonTarget	1	317336
1586.765	n/a	NonTarget	1	317353
1586.845	n/a	NonTarget	1	317369
1586.93	n/a	NonTarget	1	317386
1587.015	n/a	NonTarget	1	317403
1587.1	n/a	NonTarget	1	317420
1587.18	n/a	NonTarget	1	317436
1587.265	n/a	NonTarget	1	317453
1587.345	n/a	NonTarget	1	317469
1587.43	n/a	NonTarget	1	317486
1587.515	n/a	NonTarget	1	317503
1587.6	n/a	NonTarget	1	317520
1587.68	n/a	NonTarget	1	317536
1587.765	n/a	NonTarget	1	317553
1588.165	n/a	NonTarget	1	317633
1588.245	n/a	NonTarget	1	317649
1588.33	n/a	NonTarget	1	317666
1588.415	n/a	NonTarget	1	317683
1588.5	n/a	NonTarget	1	317700
1588.585	n/a	NonTarget	1	317717
1588.665	n/a	NonTarget	1	317733
1588.745	n/a	NonTarget	1	317749
1588.83	n/a	NonTarget	1	317766
1588.915	n/a	NonTarget	1	317783
1588.995	n/a	NonTarget	1	317799
1589.08	n/a	NonTarget	1	317816
1589.165	n/a	NonTarget	1	317833
1589.25	n/a	NonTarget	1	317850
1589.33	n/a	NonTarget	1	317866
1589.415	n/a	NonTarget	1	317883
1589.5	n/a	NonTarget	1	317900
1589.585	n/a	NonTarget	1	317917
1589.665	n/a	NonTarget	1	317933
1589.75	n/a	NonTarget	1	317950
1589.83	n/a	Target	2	317966
1589.915	n/a	NonTarget	1	317983
1590.0	n/a	NonTarget	1	318000
1590.08	n/a	NonTarget	1	318016
1590.165	n/a	NonTarget	1	318033
1590.25	n/a	NonTarget	1	318050
1590.33	n/a	NonTarget	1	318066
1590.415	n/a	NonTarget	1	318083
1590.505	n/a	NonTarget	1	318101
1590.585	n/a	NonTarget	1	318117
1590.985	n/a	Target	2	318197
1591.065	n/a	NonTarget	1	318213
1591.15	n/a	NonTarget	1	318230
1591.235	n/a	NonTarget	1	318247
1591.315	n/a	NonTarget	1	318263
1591.4	n/a	NonTarget	1	318280
1591.485	n/a	NonTarget	1	318297
1591.565	n/a	NonTarget	1	318313
1591.65	n/a	NonTarget	1	318330
1591.735	n/a	NonTarget	1	318347
1591.815	n/a	NonTarget	1	318363
1591.9	n/a	NonTarget	1	318380
1591.98	n/a	NonTarget	1	318396
1592.065	n/a	NonTarget	1	318413
1592.15	n/a	NonTarget	1	318430
1592.235	n/a	NonTarget	1	318447
1592.315	n/a	NonTarget	1	318463
1592.4	n/a	NonTarget	1	318480
1592.485	n/a	NonTarget	1	318497
1592.565	n/a	NonTarget	1	318513
1592.65	n/a	NonTarget	1	318530
1592.735	n/a	NonTarget	1	318547
1592.82	n/a	NonTarget	1	318564
1592.905	n/a	NonTarget	1	318581
1592.985	n/a	NonTarget	1	318597
1593.075	n/a	NonTarget	1	318615
1593.15	n/a	NonTarget	1	318630
1593.235	n/a	NonTarget	1	318647
1593.32	n/a	NonTarget	1	318664
1593.4	n/a	NonTarget	1	318680
1593.8	n/a	NonTarget	1	318760
1593.885	n/a	NonTarget	1	318777
1593.97	n/a	NonTarget	1	318794
1594.05	n/a	NonTarget	1	318810
1594.135	n/a	NonTarget	1	318827
1594.22	n/a	NonTarget	1	318844
1594.305	n/a	NonTarget	1	318861
1594.385	n/a	NonTarget	1	318877
1594.47	n/a	NonTarget	1	318894
1594.55	n/a	NonTarget	1	318910
1594.635	n/a	NonTarget	1	318927
1594.72	n/a	NonTarget	1	318944
1594.805	n/a	NonTarget	1	318961
1594.885	n/a	NonTarget	1	318977
1594.97	n/a	NonTarget	1	318994
1595.055	n/a	Target	2	319011
1595.135	n/a	NonTarget	1	319027
1595.22	n/a	NonTarget	1	319044
1595.305	n/a	NonTarget	1	319061
1595.385	n/a	NonTarget	1	319077
1595.47	n/a	NonTarget	1	319094
1595.555	n/a	NonTarget	1	319111
1595.635	n/a	NonTarget	1	319127
1595.72	n/a	NonTarget	1	319144
1595.805	n/a	NonTarget	1	319161
1595.885	n/a	NonTarget	1	319177
1595.97	n/a	NonTarget	1	319194
1596.05	n/a	NonTarget	1	319210
1596.14	n/a	NonTarget	1	319228
1596.22	n/a	NonTarget	1	319244
1596.62	n/a	NonTarget	1	319324
1596.705	n/a	NonTarget	1	319341
1596.785	n/a	NonTarget	1	319357
1596.87	n/a	NonTarget	1	319374
1596.95	n/a	NonTarget	1	319390
1597.035	n/a	NonTarget	1	319407
1597.125	n/a	NonTarget	1	319425
1597.205	n/a	NonTarget	1	319441
1597.285	n/a	NonTarget	1	319457
1597.37	n/a	NonTarget	1	319474
1597.455	n/a	NonTarget	1	319491
1597.54	n/a	NonTarget	1	319508
1597.62	n/a	NonTarget	1	319524
1597.71	n/a	NonTarget	1	319542
1597.79	n/a	NonTarget	1	319558
1597.87	n/a	NonTarget	1	319574
1597.955	n/a	NonTarget	1	319591
1598.04	n/a	NonTarget	1	319608
1598.12	n/a	NonTarget	1	319624
1598.205	n/a	NonTarget	1	319641
1598.29	n/a	NonTarget	1	319658
1598.375	n/a	NonTarget	1	319675
1598.455	n/a	NonTarget	1	319691
1598.54	n/a	NonTarget	1	319708
1598.625	n/a	NonTarget	1	319725
1598.71	n/a	Target	2	319742
1598.79	n/a	NonTarget	1	319758
1598.87	n/a	NonTarget	1	319774
1598.96	n/a	NonTarget	1	319792
1599.04	n/a	NonTarget	1	319808
1599.44	n/a	NonTarget	1	319888
1599.52	n/a	NonTarget	1	319904
1599.605	n/a	NonTarget	1	319921
1599.69	n/a	NonTarget	1	319938
1599.77	n/a	NonTarget	1	319954
1599.855	n/a	NonTarget	1	319971
1599.94	n/a	NonTarget	1	319988
1600.025	n/a	NonTarget	1	320005
1600.105	n/a	NonTarget	1	320021
1600.19	n/a	NonTarget	1	320038
1600.275	n/a	Target	2	320055
1600.355	n/a	NonTarget	1	320071
1600.44	n/a	NonTarget	1	320088
1600.525	n/a	NonTarget	1	320105
1600.605	n/a	NonTarget	1	320121
1600.69	n/a	NonTarget	1	320138
1600.775	n/a	NonTarget	1	320155
1600.86	n/a	NonTarget	1	320172
1600.94	n/a	NonTarget	1	320188
1601.025	n/a	NonTarget	1	320205
1601.11	n/a	NonTarget	1	320222
1601.19	n/a	NonTarget	1	320238
1601.275	n/a	NonTarget	1	320255
1601.36	n/a	NonTarget	1	320272
1601.44	n/a	NonTarget	1	320288
1601.525	n/a	NonTarget	1	320305
1601.61	n/a	NonTarget	1	320322
1601.69	n/a	NonTarget	1	320338
1601.775	n/a	NonTarget	1	320355
1601.86	n/a	NonTarget	1	320372
1612.03	n/a	NonTarget	1	322406
1612.115	n/a	NonTarget	1	322423
1612.2	n/a	NonTarget	1	322440
1612.28	n/a	NonTarget	1	322456
1612.365	n/a	NonTarget	1	322473
1612.45	n/a	NonTarget	1	322490
1612.53	n/a	Target	2	322506
1612.615	n/a	NonTarget	1	322523
1612.7	n/a	NonTarget	1	322540
1612.785	n/a	NonTarget	1	322557
1612.87	n/a	NonTarget	1	322574
1612.95	n/a	NonTarget	1	322590
1613.035	n/a	NonTarget	1	322607
1613.115	n/a	NonTarget	1	322623
1613.2	n/a	NonTarget	1	322640
1613.28	n/a	NonTarget	1	322656
1613.365	n/a	NonTarget	1	322673
1613.45	n/a	NonTarget	1	322690
1613.535	n/a	NonTarget	1	322707
1613.615	n/a	NonTarget	1	322723
1613.7	n/a	NonTarget	1	322740
1613.785	n/a	NonTarget	1	322757
1613.865	n/a	NonTarget	1	322773
1613.95	n/a	NonTarget	1	322790
1614.03	n/a	NonTarget	1	322806
1614.115	n/a	NonTarget	1	322823
1614.2	n/a	NonTarget	1	322840
1614.285	n/a	NonTarget	1	322857
1614.37	n/a	NonTarget	1	322874
1614.45	n/a	NonTarget	1	322890
1614.85	n/a	NonTarget	1	322970
1614.935	n/a	NonTarget	1	322987
1615.02	n/a	NonTarget	1	323004
1615.1	n/a	NonTarget	1	323020
1615.185	n/a	NonTarget	1	323037
1615.265	n/a	NonTarget	1	323053
1615.35	n/a	NonTarget	1	323070
1615.435	n/a	NonTarget	1	323087
1615.52	n/a	NonTarget	1	323104
1615.6	n/a	NonTarget	1	323120
1615.685	n/a	NonTarget	1	323137
1615.77	n/a	NonTarget	1	323154
1615.85	n/a	NonTarget	1	323170
1615.935	n/a	NonTarget	1	323187
1616.02	n/a	NonTarget	1	323204
1616.1	n/a	NonTarget	1	323220
1616.185	n/a	Target	2	323237
1616.27	n/a	NonTarget	1	323254
1616.355	n/a	NonTarget	1	323271
1616.435	n/a	NonTarget	1	323287
1616.515	n/a	NonTarget	1	323303
1616.6	n/a	NonTarget	1	323320
1616.685	n/a	NonTarget	1	323337
1616.77	n/a	NonTarget	1	323354
1616.85	n/a	NonTarget	1	323370
1616.935	n/a	NonTarget	1	323387
1617.02	n/a	NonTarget	1	323404
1617.105	n/a	NonTarget	1	323421
1617.185	n/a	NonTarget	1	323437
1617.27	n/a	NonTarget	1	323454
1617.67	n/a	NonTarget	1	323534
1617.75	n/a	Target	2	323550
1617.835	n/a	NonTarget	1	323567
1617.92	n/a	NonTarget	1	323584
1618.005	n/a	NonTarget	1	323601
1618.085	n/a	NonTarget	1	323617
1618.17	n/a	NonTarget	1	323634
1618.255	n/a	NonTarget	1	323651
1618.335	n/a	NonTarget	1	323667
1618.42	n/a	NonTarget	1	323684
1618.505	n/a	NonTarget	1	323701
1618.59	n/a	NonTarget	1	323718
1618.67	n/a	NonTarget	1	323734
1618.76	n/a	NonTarget	1	323752
1618.835	n/a	NonTarget	1	323767
1618.92	n/a	NonTarget	1	323784
1619.005	n/a	NonTarget	1	323801
1619.085	n/a	NonTarget	1	323817
1619.17	n/a	NonTarget	1	323834
1619.25	n/a	NonTarget	1	323850
1619.34	n/a	NonTarget	1	323868
1619.42	n/a	NonTarget	1	323884
1619.505	n/a	NonTarget	1	323901
1619.59	n/a	NonTarget	1	323918
1619.67	n/a	NonTarget	1	323934
1619.755	n/a	NonTarget	1	323951
1619.84	n/a	NonTarget	1	323968
1619.92	n/a	NonTarget	1	323984
1620.005	n/a	NonTarget	1	324001
1620.085	n/a	NonTarget	1	324017
1620.49	n/a	NonTarget	1	324098
1620.57	n/a	NonTarget	1	324114
1620.655	n/a	NonTarget	1	324131
1620.74	n/a	NonTarget	1	324148
1620.82	n/a	NonTarget	1	324164
1620.905	n/a	NonTarget	1	324181
1620.99	n/a	NonTarget	1	324198
1621.075	n/a	NonTarget	1	324215
1621.155	n/a	NonTarget	1	324231
1621.24	n/a	NonTarget	1	324248
1621.325	n/a	NonTarget	1	324265
1621.405	n/a	Target	2	324281
1621.49	n/a	NonTarget	1	324298
1621.57	n/a	NonTarget	1	324314
1621.655	n/a	NonTarget	1	324331
1621.74	n/a	NonTarget	1	324348
1621.825	n/a	NonTarget	1	324365
1621.905	n/a	NonTarget	1	324381
1621.99	n/a	NonTarget	1	324398
1622.075	n/a	NonTarget	1	324415
1622.155	n/a	NonTarget	1	324431
1622.24	n/a	NonTarget	1	324448
1622.325	n/a	NonTarget	1	324465
1622.405	n/a	NonTarget	1	324481
1622.49	n/a	NonTarget	1	324498
1622.575	n/a	NonTarget	1	324515
1622.655	n/a	NonTarget	1	324531
1622.74	n/a	NonTarget	1	324548
1622.825	n/a	NonTarget	1	324565
1622.905	n/a	NonTarget	1	324581
1623.31	n/a	NonTarget	1	324662
1623.39	n/a	NonTarget	1	324678
1623.475	n/a	NonTarget	1	324695
1623.555	n/a	NonTarget	1	324711
1623.64	n/a	NonTarget	1	324728
1623.725	n/a	NonTarget	1	324745
1623.805	n/a	NonTarget	1	324761
1623.89	n/a	NonTarget	1	324778
1623.975	n/a	NonTarget	1	324795
1624.06	n/a	NonTarget	1	324812
1624.145	n/a	NonTarget	1	324829
1624.225	n/a	Target	2	324845
1624.31	n/a	NonTarget	1	324862
1624.39	n/a	NonTarget	1	324878
1624.475	n/a	NonTarget	1	324895
1624.555	n/a	NonTarget	1	324911
1624.64	n/a	NonTarget	1	324928
1624.725	n/a	NonTarget	1	324945
1624.81	n/a	NonTarget	1	324962
1624.89	n/a	NonTarget	1	324978
1624.975	n/a	NonTarget	1	324995
1625.06	n/a	NonTarget	1	325012
1625.145	n/a	NonTarget	1	325029
1625.225	n/a	NonTarget	1	325045
1625.31	n/a	NonTarget	1	325062
1625.39	n/a	NonTarget	1	325078
1625.475	n/a	NonTarget	1	325095
1625.56	n/a	NonTarget	1	325112
1625.64	n/a	NonTarget	1	325128
1625.725	n/a	NonTarget	1	325145
1626.125	n/a	NonTarget	1	325225
1626.21	n/a	Target	2	325242
1626.29	n/a	NonTarget	1	325258
1626.375	n/a	NonTarget	1	325275
1626.46	n/a	NonTarget	1	325292
1626.545	n/a	NonTarget	1	325309
1626.625	n/a	NonTarget	1	325325
1626.71	n/a	NonTarget	1	325342
1626.795	n/a	NonTarget	1	325359
1626.875	n/a	NonTarget	1	325375
1626.96	n/a	NonTarget	1	325392
1627.045	n/a	NonTarget	1	325409
1627.125	n/a	NonTarget	1	325425
1627.21	n/a	NonTarget	1	325442
1627.295	n/a	NonTarget	1	325459
1627.375	n/a	NonTarget	1	325475
1627.46	n/a	NonTarget	1	325492
1627.545	n/a	NonTarget	1	325509
1627.625	n/a	NonTarget	1	325525
1627.71	n/a	NonTarget	1	325542
1627.795	n/a	NonTarget	1	325559
1627.875	n/a	NonTarget	1	325575
1627.96	n/a	NonTarget	1	325592
1628.045	n/a	NonTarget	1	325609
1628.125	n/a	NonTarget	1	325625
1628.21	n/a	NonTarget	1	325642
1628.295	n/a	NonTarget	1	325659
1628.38	n/a	NonTarget	1	325676
1628.46	n/a	NonTarget	1	325692
1628.55	n/a	NonTarget	1	325710
1628.945	n/a	NonTarget	1	325789
1629.03	n/a	NonTarget	1	325806
1629.11	n/a	NonTarget	1	325822
1629.195	n/a	NonTarget	1	325839
1629.28	n/a	NonTarget	1	325856
1629.36	n/a	NonTarget	1	325872
1629.445	n/a	NonTarget	1	325889
1629.53	n/a	NonTarget	1	325906
1629.61	n/a	NonTarget	1	325922
1629.695	n/a	NonTarget	1	325939
1629.78	n/a	NonTarget	1	325956
1629.865	n/a	NonTarget	1	325973
1629.945	n/a	NonTarget	1	325989
1630.03	n/a	NonTarget	1	326006
1630.115	n/a	NonTarget	1	326023
1630.195	n/a	NonTarget	1	326039
1630.28	n/a	Target	2	326056
1630.36	n/a	NonTarget	1	326072
1630.445	n/a	NonTarget	1	326089
1630.53	n/a	NonTarget	1	326106
1630.615	n/a	NonTarget	1	326123
1630.695	n/a	NonTarget	1	326139
1630.78	n/a	NonTarget	1	326156
1630.865	n/a	NonTarget	1	326173
1630.945	n/a	NonTarget	1	326189
1631.03	n/a	NonTarget	1	326206
1631.115	n/a	NonTarget	1	326223
1631.195	n/a	NonTarget	1	326239
1631.28	n/a	NonTarget	1	326256
1631.365	n/a	NonTarget	1	326273
1631.765	n/a	NonTarget	1	326353
1631.845	n/a	Target	2	326369
1631.93	n/a	NonTarget	1	326386
1632.015	n/a	NonTarget	1	326403
1632.095	n/a	NonTarget	1	326419
1632.18	n/a	NonTarget	1	326436
1632.265	n/a	NonTarget	1	326453
1632.345	n/a	NonTarget	1	326469
1632.43	n/a	NonTarget	1	326486
1632.515	n/a	NonTarget	1	326503
1632.6	n/a	NonTarget	1	326520
1632.68	n/a	NonTarget	1	326536
1632.765	n/a	NonTarget	1	326553
1632.845	n/a	NonTarget	1	326569
1632.93	n/a	NonTarget	1	326586
1633.015	n/a	NonTarget	1	326603
1633.1	n/a	NonTarget	1	326620
1633.18	n/a	NonTarget	1	326636
1633.265	n/a	NonTarget	1	326653
1633.35	n/a	NonTarget	1	326670
1633.43	n/a	NonTarget	1	326686
1633.515	n/a	NonTarget	1	326703
1633.6	n/a	NonTarget	1	326720
1633.68	n/a	NonTarget	1	326736
1633.765	n/a	NonTarget	1	326753
1633.85	n/a	NonTarget	1	326770
1633.93	n/a	NonTarget	1	326786
1634.015	n/a	NonTarget	1	326803
1634.1	n/a	NonTarget	1	326820
1634.185	n/a	NonTarget	1	326837
1634.585	n/a	NonTarget	1	326917
1634.665	n/a	NonTarget	1	326933
1634.75	n/a	NonTarget	1	326950
1634.83	n/a	NonTarget	1	326966
1634.915	n/a	NonTarget	1	326983
1635.0	n/a	NonTarget	1	327000
1635.08	n/a	Target	2	327016
1635.165	n/a	NonTarget	1	327033
1635.25	n/a	NonTarget	1	327050
1635.335	n/a	NonTarget	1	327067
1635.415	n/a	NonTarget	1	327083
1635.5	n/a	NonTarget	1	327100
1635.585	n/a	NonTarget	1	327117
1635.665	n/a	NonTarget	1	327133
1635.75	n/a	NonTarget	1	327150
1635.83	n/a	NonTarget	1	327166
1635.915	n/a	NonTarget	1	327183
1636.0	n/a	NonTarget	1	327200
1636.085	n/a	NonTarget	1	327217
1636.165	n/a	NonTarget	1	327233
1636.25	n/a	NonTarget	1	327250
1636.335	n/a	NonTarget	1	327267
1636.415	n/a	NonTarget	1	327283
1636.5	n/a	NonTarget	1	327300
1636.58	n/a	NonTarget	1	327316
1636.67	n/a	NonTarget	1	327334
1636.755	n/a	NonTarget	1	327351
1636.835	n/a	NonTarget	1	327367
1636.92	n/a	NonTarget	1	327384
1637.0	n/a	NonTarget	1	327400
1637.4	n/a	NonTarget	1	327480
1637.485	n/a	Target	2	327497
1637.57	n/a	NonTarget	1	327514
1637.65	n/a	NonTarget	1	327530
1637.735	n/a	NonTarget	1	327547
1637.82	n/a	NonTarget	1	327564
1637.9	n/a	NonTarget	1	327580
1637.985	n/a	NonTarget	1	327597
1638.07	n/a	NonTarget	1	327614
1638.15	n/a	NonTarget	1	327630
1638.235	n/a	NonTarget	1	327647
1638.32	n/a	NonTarget	1	327664
1638.4	n/a	NonTarget	1	327680
1638.485	n/a	NonTarget	1	327697
1638.57	n/a	NonTarget	1	327714
1638.65	n/a	NonTarget	1	327730
1638.735	n/a	NonTarget	1	327747
1638.82	n/a	NonTarget	1	327764
1638.9	n/a	NonTarget	1	327780
1638.99	n/a	NonTarget	1	327798
1639.07	n/a	NonTarget	1	327814
1639.155	n/a	NonTarget	1	327831
1639.235	n/a	NonTarget	1	327847
1639.32	n/a	NonTarget	1	327864
1639.4	n/a	NonTarget	1	327880
1639.485	n/a	NonTarget	1	327897
1639.57	n/a	NonTarget	1	327914
1639.655	n/a	NonTarget	1	327931
1639.735	n/a	NonTarget	1	327947
1639.82	n/a	NonTarget	1	327964
1655.02	n/a	NonTarget	1	331004
1655.105	n/a	NonTarget	1	331021
1655.185	n/a	NonTarget	1	331037
1655.27	n/a	NonTarget	1	331054
1655.355	n/a	NonTarget	1	331071
1655.435	n/a	NonTarget	1	331087
1655.52	n/a	NonTarget	1	331104
1655.605	n/a	NonTarget	1	331121
1655.685	n/a	NonTarget	1	331137
1655.77	n/a	NonTarget	1	331154
1655.855	n/a	NonTarget	1	331171
1655.935	n/a	NonTarget	1	331187
1656.02	n/a	Target	2	331204
1656.105	n/a	NonTarget	1	331221
1656.19	n/a	NonTarget	1	331238
1656.27	n/a	NonTarget	1	331254
1656.355	n/a	NonTarget	1	331271
1656.435	n/a	NonTarget	1	331287
1656.52	n/a	NonTarget	1	331304
1656.605	n/a	NonTarget	1	331321
1656.685	n/a	NonTarget	1	331337
1656.77	n/a	NonTarget	1	331354
1656.855	n/a	NonTarget	1	331371
1656.94	n/a	NonTarget	1	331388
1657.02	n/a	NonTarget	1	331404
1657.105	n/a	NonTarget	1	331421
1657.185	n/a	NonTarget	1	331437
1657.27	n/a	NonTarget	1	331454
1657.355	n/a	NonTarget	1	331471
1657.44	n/a	NonTarget	1	331488
1657.84	n/a	NonTarget	1	331568
1657.92	n/a	NonTarget	1	331584
1658.005	n/a	NonTarget	1	331601
1658.09	n/a	NonTarget	1	331618
1658.175	n/a	NonTarget	1	331635
1658.255	n/a	NonTarget	1	331651
1658.34	n/a	NonTarget	1	331668
1658.42	n/a	NonTarget	1	331684
1658.505	n/a	NonTarget	1	331701
1658.59	n/a	NonTarget	1	331718
1658.67	n/a	NonTarget	1	331734
1658.755	n/a	NonTarget	1	331751
1658.84	n/a	NonTarget	1	331768
1658.925	n/a	NonTarget	1	331785
1659.005	n/a	NonTarget	1	331801
1659.09	n/a	NonTarget	1	331818
1659.17	n/a	NonTarget	1	331834
1659.255	n/a	Target	2	331851
1659.345	n/a	NonTarget	1	331869
1659.425	n/a	NonTarget	1	331885
1659.505	n/a	NonTarget	1	331901
1659.59	n/a	NonTarget	1	331918
1659.675	n/a	NonTarget	1	331935
1659.755	n/a	NonTarget	1	331951
1659.845	n/a	NonTarget	1	331969
1659.92	n/a	NonTarget	1	331984
1660.005	n/a	NonTarget	1	332001
1660.095	n/a	NonTarget	1	332019
1660.175	n/a	NonTarget	1	332035
1660.255	n/a	NonTarget	1	332051
1660.66	n/a	NonTarget	1	332132
1660.74	n/a	NonTarget	1	332148
1660.825	n/a	NonTarget	1	332165
1660.905	n/a	NonTarget	1	332181
1660.99	n/a	NonTarget	1	332198
1661.075	n/a	NonTarget	1	332215
1661.16	n/a	NonTarget	1	332232
1661.24	n/a	NonTarget	1	332248
1661.325	n/a	NonTarget	1	332265
1661.41	n/a	NonTarget	1	332282
1661.495	n/a	NonTarget	1	332299
1661.575	n/a	NonTarget	1	332315
1661.655	n/a	NonTarget	1	332331
1661.74	n/a	NonTarget	1	332348
1661.825	n/a	NonTarget	1	332365
1661.91	n/a	NonTarget	1	332382
1661.995	n/a	NonTarget	1	332399
1662.075	n/a	NonTarget	1	332415
1662.16	n/a	NonTarget	1	332432
1662.24	n/a	NonTarget	1	332448
1662.325	n/a	NonTarget	1	332465
1662.41	n/a	NonTarget	1	332482
1662.49	n/a	Target	2	332498
1662.575	n/a	NonTarget	1	332515
1662.66	n/a	NonTarget	1	332532
1662.74	n/a	NonTarget	1	332548
1662.825	n/a	NonTarget	1	332565
1662.91	n/a	NonTarget	1	332582
1662.995	n/a	NonTarget	1	332599
1663.08	n/a	NonTarget	1	332616
1663.475	n/a	NonTarget	1	332695
1663.56	n/a	NonTarget	1	332712
1663.645	n/a	NonTarget	1	332729
1663.725	n/a	NonTarget	1	332745
1663.81	n/a	NonTarget	1	332762
1663.895	n/a	NonTarget	1	332779
1663.98	n/a	NonTarget	1	332796
1664.06	n/a	Target	2	332812
1664.145	n/a	NonTarget	1	332829
1664.225	n/a	NonTarget	1	332845
1664.31	n/a	NonTarget	1	332862
1664.395	n/a	NonTarget	1	332879
1664.48	n/a	NonTarget	1	332896
1664.56	n/a	NonTarget	1	332912
1664.645	n/a	NonTarget	1	332929
1664.725	n/a	NonTarget	1	332945
1664.81	n/a	NonTarget	1	332962
1664.895	n/a	NonTarget	1	332979
1664.975	n/a	NonTarget	1	332995
1665.06	n/a	NonTarget	1	333012
1665.145	n/a	NonTarget	1	333029
1665.23	n/a	NonTarget	1	333046
1665.31	n/a	NonTarget	1	333062
1665.395	n/a	NonTarget	1	333079
1665.48	n/a	NonTarget	1	333096
1665.56	n/a	NonTarget	1	333112
1665.645	n/a	NonTarget	1	333129
1665.725	n/a	NonTarget	1	333145
1665.81	n/a	NonTarget	1	333162
1665.895	n/a	NonTarget	1	333179
1666.295	n/a	NonTarget	1	333259
1666.38	n/a	NonTarget	1	333276
1666.46	n/a	NonTarget	1	333292
1666.55	n/a	NonTarget	1	333310
1666.63	n/a	NonTarget	1	333326
1666.715	n/a	NonTarget	1	333343
1666.795	n/a	NonTarget	1	333359
1666.88	n/a	NonTarget	1	333376
1666.96	n/a	NonTarget	1	333392
1667.045	n/a	NonTarget	1	333409
1667.13	n/a	NonTarget	1	333426
1667.21	n/a	NonTarget	1	333442
1667.295	n/a	Target	2	333459
1667.38	n/a	NonTarget	1	333476
1667.465	n/a	NonTarget	1	333493
1667.545	n/a	NonTarget	1	333509
1667.63	n/a	NonTarget	1	333526
1667.71	n/a	NonTarget	1	333542
1667.8	n/a	NonTarget	1	333560
1667.88	n/a	NonTarget	1	333576
1667.965	n/a	NonTarget	1	333593
1668.045	n/a	NonTarget	1	333609
1668.13	n/a	NonTarget	1	333626
1668.215	n/a	NonTarget	1	333643
1668.3	n/a	NonTarget	1	333660
1668.38	n/a	NonTarget	1	333676
1668.465	n/a	NonTarget	1	333693
1668.545	n/a	NonTarget	1	333709
1668.635	n/a	NonTarget	1	333727
1668.715	n/a	NonTarget	1	333743
1669.115	n/a	NonTarget	1	333823
1669.195	n/a	NonTarget	1	333839
1669.28	n/a	NonTarget	1	333856
1669.365	n/a	NonTarget	1	333873
1669.445	n/a	NonTarget	1	333889
1669.53	n/a	NonTarget	1	333906
1669.61	n/a	NonTarget	1	333922
1669.695	n/a	NonTarget	1	333939
1669.78	n/a	NonTarget	1	333956
1669.865	n/a	NonTarget	1	333973
1669.95	n/a	NonTarget	1	333990
1670.035	n/a	NonTarget	1	334007
1670.115	n/a	Target	2	334023
1670.2	n/a	NonTarget	1	334040
1670.285	n/a	NonTarget	1	334057
1670.37	n/a	NonTarget	1	334074
1670.45	n/a	NonTarget	1	334090
1670.53	n/a	NonTarget	1	334106
1670.615	n/a	NonTarget	1	334123
1670.7	n/a	NonTarget	1	334140
1670.78	n/a	NonTarget	1	334156
1670.865	n/a	NonTarget	1	334173
1670.95	n/a	NonTarget	1	334190
1671.03	n/a	NonTarget	1	334206
1671.115	n/a	NonTarget	1	334223
1671.2	n/a	NonTarget	1	334240
1671.28	n/a	NonTarget	1	334256
1671.365	n/a	NonTarget	1	334273
1671.45	n/a	NonTarget	1	334290
1671.535	n/a	NonTarget	1	334307
1671.93	n/a	NonTarget	1	334386
1672.015	n/a	NonTarget	1	334403
1672.1	n/a	NonTarget	1	334420
1672.185	n/a	NonTarget	1	334437
1672.265	n/a	NonTarget	1	334453
1672.35	n/a	NonTarget	1	334470
1672.435	n/a	NonTarget	1	334487
1672.515	n/a	NonTarget	1	334503
1672.6	n/a	NonTarget	1	334520
1672.685	n/a	NonTarget	1	334537
1672.77	n/a	NonTarget	1	334554
1672.85	n/a	NonTarget	1	334570
1672.93	n/a	NonTarget	1	334586
1673.015	n/a	NonTarget	1	334603
1673.1	n/a	NonTarget	1	334620
1673.185	n/a	NonTarget	1	334637
1673.27	n/a	NonTarget	1	334654
1673.35	n/a	NonTarget	1	334670
1673.435	n/a	NonTarget	1	334687
1673.52	n/a	NonTarget	1	334704
1673.6	n/a	NonTarget	1	334720
1673.685	n/a	NonTarget	1	334737
1673.765	n/a	NonTarget	1	334753
1673.855	n/a	NonTarget	1	334771
1673.94	n/a	NonTarget	1	334788
1674.02	n/a	NonTarget	1	334804
1674.1	n/a	NonTarget	1	334820
1674.18	n/a	Target	2	334836
1674.27	n/a	NonTarget	1	334854
1674.35	n/a	NonTarget	1	334870
1674.75	n/a	NonTarget	1	334950
1674.835	n/a	NonTarget	1	334967
1674.92	n/a	NonTarget	1	334984
1675.005	n/a	NonTarget	1	335001
1675.09	n/a	NonTarget	1	335018
1675.17	n/a	NonTarget	1	335034
1675.25	n/a	NonTarget	1	335050
1675.335	n/a	Target	2	335067
1675.42	n/a	NonTarget	1	335084
1675.505	n/a	NonTarget	1	335101
1675.585	n/a	NonTarget	1	335117
1675.67	n/a	NonTarget	1	335134
1675.75	n/a	NonTarget	1	335150
1675.835	n/a	NonTarget	1	335167
1675.92	n/a	NonTarget	1	335184
1676.0	n/a	NonTarget	1	335200
1676.09	n/a	NonTarget	1	335218
1676.17	n/a	NonTarget	1	335234
1676.255	n/a	NonTarget	1	335251
1676.335	n/a	NonTarget	1	335267
1676.42	n/a	NonTarget	1	335284
1676.505	n/a	NonTarget	1	335301
1676.585	n/a	NonTarget	1	335317
1676.67	n/a	NonTarget	1	335334
1676.755	n/a	NonTarget	1	335351
1676.835	n/a	NonTarget	1	335367
1676.92	n/a	NonTarget	1	335384
1677.005	n/a	NonTarget	1	335401
1677.085	n/a	NonTarget	1	335417
1677.17	n/a	NonTarget	1	335434
1677.57	n/a	NonTarget	1	335514
1677.655	n/a	NonTarget	1	335531
1677.74	n/a	NonTarget	1	335548
1677.82	n/a	NonTarget	1	335564
1677.905	n/a	NonTarget	1	335581
1677.985	n/a	NonTarget	1	335597
1678.07	n/a	NonTarget	1	335614
1678.15	n/a	Target	2	335630
1678.235	n/a	NonTarget	1	335647
1678.32	n/a	NonTarget	1	335664
1678.405	n/a	NonTarget	1	335681
1678.485	n/a	NonTarget	1	335697
1678.57	n/a	NonTarget	1	335714
1678.655	n/a	NonTarget	1	335731
1678.74	n/a	NonTarget	1	335748
1678.825	n/a	NonTarget	1	335765
1678.905	n/a	NonTarget	1	335781
1678.99	n/a	NonTarget	1	335798
1679.07	n/a	NonTarget	1	335814
1679.155	n/a	NonTarget	1	335831
1679.24	n/a	NonTarget	1	335848
1679.32	n/a	NonTarget	1	335864
1679.405	n/a	NonTarget	1	335881
1679.49	n/a	NonTarget	1	335898
1679.57	n/a	NonTarget	1	335914
1679.655	n/a	NonTarget	1	335931
1679.74	n/a	NonTarget	1	335948
1679.825	n/a	NonTarget	1	335965
1679.905	n/a	NonTarget	1	335981
1679.99	n/a	NonTarget	1	335998
1680.39	n/a	NonTarget	1	336078
1680.47	n/a	NonTarget	1	336094
1680.555	n/a	NonTarget	1	336111
1680.64	n/a	NonTarget	1	336128
1680.725	n/a	NonTarget	1	336145
1680.805	n/a	NonTarget	1	336161
1680.885	n/a	NonTarget	1	336177
1680.975	n/a	NonTarget	1	336195
1681.055	n/a	NonTarget	1	336211
1681.14	n/a	NonTarget	1	336228
1681.225	n/a	NonTarget	1	336245
1681.305	n/a	NonTarget	1	336261
1681.39	n/a	NonTarget	1	336278
1681.475	n/a	NonTarget	1	336295
1681.555	n/a	NonTarget	1	336311
1681.64	n/a	NonTarget	1	336328
1681.725	n/a	NonTarget	1	336345
1681.805	n/a	NonTarget	1	336361
1681.89	n/a	NonTarget	1	336378
1681.975	n/a	NonTarget	1	336395
1682.055	n/a	NonTarget	1	336411
1682.14	n/a	NonTarget	1	336428
1682.225	n/a	Target	2	336445
1682.31	n/a	NonTarget	1	336462
1682.39	n/a	NonTarget	1	336478
1682.475	n/a	NonTarget	1	336495
1682.56	n/a	NonTarget	1	336512
1682.645	n/a	NonTarget	1	336529
1682.725	n/a	NonTarget	1	336545
1682.805	n/a	NonTarget	1	336561
1692.065	n/a	NonTarget	1	338413
1692.15	n/a	NonTarget	1	338430
1692.23	n/a	Target	2	338446
1692.315	n/a	NonTarget	1	338463
1692.4	n/a	NonTarget	1	338480
1692.48	n/a	NonTarget	1	338496
1692.565	n/a	NonTarget	1	338513
1692.645	n/a	NonTarget	1	338529
1692.73	n/a	NonTarget	1	338546
1692.815	n/a	NonTarget	1	338563
1692.895	n/a	NonTarget	1	338579
1692.98	n/a	NonTarget	1	338596
1693.065	n/a	NonTarget	1	338613
1693.15	n/a	NonTarget	1	338630
1693.235	n/a	NonTarget	1	338647
1693.315	n/a	NonTarget	1	338663
1693.4	n/a	NonTarget	1	338680
1693.48	n/a	NonTarget	1	338696
1693.565	n/a	NonTarget	1	338713
1693.65	n/a	NonTarget	1	338730
1693.73	n/a	NonTarget	1	338746
1693.815	n/a	NonTarget	1	338763
1693.9	n/a	NonTarget	1	338780
1693.98	n/a	NonTarget	1	338796
1694.065	n/a	NonTarget	1	338813
1694.15	n/a	NonTarget	1	338830
1694.23	n/a	NonTarget	1	338846
1694.315	n/a	NonTarget	1	338863
1694.4	n/a	NonTarget	1	338880
1694.48	n/a	NonTarget	1	338896
1694.885	n/a	NonTarget	1	338977
1694.965	n/a	NonTarget	1	338993
1695.05	n/a	NonTarget	1	339010
1695.135	n/a	NonTarget	1	339027
1695.22	n/a	NonTarget	1	339044
1695.3	n/a	NonTarget	1	339060
1695.38	n/a	NonTarget	1	339076
1695.465	n/a	NonTarget	1	339093
1695.55	n/a	NonTarget	1	339110
1695.63	n/a	NonTarget	1	339126
1695.715	n/a	NonTarget	1	339143
1695.8	n/a	NonTarget	1	339160
1695.885	n/a	Target	2	339177
1695.97	n/a	NonTarget	1	339194
1696.05	n/a	NonTarget	1	339210
1696.135	n/a	NonTarget	1	339227
1696.215	n/a	NonTarget	1	339243
1696.3	n/a	NonTarget	1	339260
1696.385	n/a	NonTarget	1	339277
1696.47	n/a	NonTarget	1	339294
1696.555	n/a	NonTarget	1	339311
1696.635	n/a	NonTarget	1	339327
1696.72	n/a	NonTarget	1	339344
1696.8	n/a	NonTarget	1	339360
1696.885	n/a	NonTarget	1	339377
1696.97	n/a	NonTarget	1	339394
1697.05	n/a	NonTarget	1	339410
1697.135	n/a	NonTarget	1	339427
1697.22	n/a	NonTarget	1	339444
1697.3	n/a	NonTarget	1	339460
1697.705	n/a	NonTarget	1	339541
1697.785	n/a	NonTarget	1	339557
1697.87	n/a	NonTarget	1	339574
1697.95	n/a	NonTarget	1	339590
1698.035	n/a	NonTarget	1	339607
1698.12	n/a	NonTarget	1	339624
1698.2	n/a	NonTarget	1	339640
1698.285	n/a	NonTarget	1	339657
1698.37	n/a	NonTarget	1	339674
1698.45	n/a	NonTarget	1	339690
1698.535	n/a	NonTarget	1	339707
1698.62	n/a	NonTarget	1	339724
1698.705	n/a	NonTarget	1	339741
1698.79	n/a	NonTarget	1	339758
1698.87	n/a	NonTarget	1	339774
1698.955	n/a	NonTarget	1	339791
1699.035	n/a	NonTarget	1	339807
1699.12	n/a	NonTarget	1	339824
1699.205	n/a	NonTarget	1	339841
1699.285	n/a	NonTarget	1	339857
1699.37	n/a	NonTarget	1	339874
1699.455	n/a	NonTarget	1	339891
1699.535	n/a	NonTarget	1	339907
1699.62	n/a	NonTarget	1	339924
1699.7	n/a	NonTarget	1	339940
1699.785	n/a	NonTarget	1	339957
1699.87	n/a	NonTarget	1	339974
1699.955	n/a	Target	2	339991
1700.04	n/a	NonTarget	1	340008
1700.12	n/a	NonTarget	1	340024
1700.52	n/a	NonTarget	1	340104
1700.605	n/a	NonTarget	1	340121
1700.69	n/a	NonTarget	1	340138
1700.77	n/a	NonTarget	1	340154
1700.855	n/a	NonTarget	1	340171
1700.935	n/a	NonTarget	1	340187
1701.02	n/a	NonTarget	1	340204
1701.105	n/a	NonTarget	1	340221
1701.185	n/a	NonTarget	1	340237
1701.27	n/a	NonTarget	1	340254
1701.355	n/a	NonTarget	1	340271
1701.435	n/a	NonTarget	1	340287
1701.52	n/a	NonTarget	1	340304
1701.605	n/a	NonTarget	1	340321
1701.685	n/a	NonTarget	1	340337
1701.77	n/a	NonTarget	1	340354
1701.855	n/a	NonTarget	1	340371
1701.94	n/a	NonTarget	1	340388
1702.025	n/a	NonTarget	1	340405
1702.105	n/a	NonTarget	1	340421
1702.19	n/a	NonTarget	1	340438
1702.275	n/a	NonTarget	1	340455
1702.355	n/a	NonTarget	1	340471
1702.44	n/a	NonTarget	1	340488
1702.52	n/a	NonTarget	1	340504
1702.605	n/a	NonTarget	1	340521
1702.685	n/a	NonTarget	1	340537
1702.77	n/a	Target	2	340554
1702.855	n/a	NonTarget	1	340571
1702.94	n/a	NonTarget	1	340588
1703.34	n/a	NonTarget	1	340668
1703.425	n/a	NonTarget	1	340685
1703.51	n/a	NonTarget	1	340702
1703.59	n/a	NonTarget	1	340718
1703.675	n/a	NonTarget	1	340735
1703.755	n/a	NonTarget	1	340751
1703.84	n/a	NonTarget	1	340768
1703.925	n/a	Target	2	340785
1704.005	n/a	NonTarget	1	340801
1704.09	n/a	NonTarget	1	340818
1704.175	n/a	NonTarget	1	340835
1704.255	n/a	NonTarget	1	340851
1704.34	n/a	NonTarget	1	340868
1704.425	n/a	NonTarget	1	340885
1704.505	n/a	NonTarget	1	340901
1704.59	n/a	NonTarget	1	340918
1704.675	n/a	NonTarget	1	340935
1704.76	n/a	NonTarget	1	340952
1704.845	n/a	NonTarget	1	340969
1704.925	n/a	NonTarget	1	340985
1705.005	n/a	NonTarget	1	341001
1705.09	n/a	NonTarget	1	341018
1705.175	n/a	NonTarget	1	341035
1705.26	n/a	NonTarget	1	341052
1705.34	n/a	NonTarget	1	341068
1705.425	n/a	NonTarget	1	341085
1705.505	n/a	NonTarget	1	341101
1705.59	n/a	NonTarget	1	341118
1705.675	n/a	NonTarget	1	341135
1705.755	n/a	NonTarget	1	341151
1706.16	n/a	NonTarget	1	341232
1706.24	n/a	NonTarget	1	341248
1706.325	n/a	NonTarget	1	341265
1706.41	n/a	NonTarget	1	341282
1706.49	n/a	NonTarget	1	341298
1706.575	n/a	NonTarget	1	341315
1706.66	n/a	NonTarget	1	341332
1706.745	n/a	NonTarget	1	341349
1706.825	n/a	NonTarget	1	341365
1706.905	n/a	NonTarget	1	341381
1706.99	n/a	NonTarget	1	341398
1707.075	n/a	NonTarget	1	341415
1707.16	n/a	NonTarget	1	341432
1707.245	n/a	NonTarget	1	341449
1707.325	n/a	NonTarget	1	341465
1707.405	n/a	NonTarget	1	341481
1707.49	n/a	NonTarget	1	341498
1707.575	n/a	NonTarget	1	341515
1707.66	n/a	NonTarget	1	341532
1707.74	n/a	NonTarget	1	341548
1707.83	n/a	NonTarget	1	341566
1707.91	n/a	NonTarget	1	341582
1707.99	n/a	Target	2	341598
1708.075	n/a	NonTarget	1	341615
1708.16	n/a	NonTarget	1	341632
1708.245	n/a	NonTarget	1	341649
1708.325	n/a	NonTarget	1	341665
1708.41	n/a	NonTarget	1	341682
1708.49	n/a	NonTarget	1	341698
1708.575	n/a	NonTarget	1	341715
1708.975	n/a	NonTarget	1	341795
1709.06	n/a	NonTarget	1	341812
1709.145	n/a	NonTarget	1	341829
1709.225	n/a	NonTarget	1	341845
1709.31	n/a	NonTarget	1	341862
1709.395	n/a	NonTarget	1	341879
1709.475	n/a	NonTarget	1	341895
1709.56	n/a	NonTarget	1	341912
1709.645	n/a	NonTarget	1	341929
1709.725	n/a	NonTarget	1	341945
1709.81	n/a	NonTarget	1	341962
1709.895	n/a	NonTarget	1	341979
1709.975	n/a	Target	2	341995
1710.06	n/a	NonTarget	1	342012
1710.145	n/a	NonTarget	1	342029
1710.23	n/a	NonTarget	1	342046
1710.31	n/a	NonTarget	1	342062
1710.395	n/a	NonTarget	1	342079
1710.48	n/a	NonTarget	1	342096
1710.56	n/a	NonTarget	1	342112
1710.645	n/a	NonTarget	1	342129
1710.73	n/a	NonTarget	1	342146
1710.81	n/a	NonTarget	1	342162
1710.895	n/a	NonTarget	1	342179
1710.98	n/a	NonTarget	1	342196
1711.06	n/a	NonTarget	1	342212
1711.145	n/a	NonTarget	1	342229
1711.23	n/a	NonTarget	1	342246
1711.31	n/a	NonTarget	1	342262
1711.395	n/a	NonTarget	1	342279
1711.795	n/a	NonTarget	1	342359
1711.88	n/a	NonTarget	1	342376
1711.96	n/a	NonTarget	1	342392
1712.045	n/a	NonTarget	1	342409
1712.125	n/a	NonTarget	1	342425
1712.21	n/a	NonTarget	1	342442
1712.295	n/a	NonTarget	1	342459
1712.38	n/a	NonTarget	1	342476
1712.46	n/a	NonTarget	1	342492
1712.545	n/a	NonTarget	1	342509
1712.63	n/a	NonTarget	1	342526
1712.715	n/a	NonTarget	1	342543
1712.795	n/a	NonTarget	1	342559
1712.88	n/a	NonTarget	1	342576
1712.965	n/a	NonTarget	1	342593
1713.045	n/a	NonTarget	1	342609
1713.13	n/a	NonTarget	1	342626
1713.215	n/a	NonTarget	1	342643
1713.295	n/a	NonTarget	1	342659
1713.38	n/a	NonTarget	1	342676
1713.465	n/a	NonTarget	1	342693
1713.55	n/a	NonTarget	1	342710
1713.63	n/a	NonTarget	1	342726
1713.715	n/a	NonTarget	1	342743
1713.795	n/a	NonTarget	1	342759
1713.88	n/a	NonTarget	1	342776
1713.965	n/a	NonTarget	1	342793
1714.045	n/a	Target	2	342809
1714.13	n/a	NonTarget	1	342826
1714.215	n/a	NonTarget	1	342843
1714.615	n/a	NonTarget	1	342923
1714.695	n/a	NonTarget	1	342939
1714.785	n/a	NonTarget	1	342957
1714.865	n/a	NonTarget	1	342973
1714.95	n/a	NonTarget	1	342990
1715.03	n/a	NonTarget	1	343006
1715.115	n/a	NonTarget	1	343023
1715.2	n/a	Target	2	343040
1715.28	n/a	NonTarget	1	343056
1715.365	n/a	NonTarget	1	343073
1715.45	n/a	NonTarget	1	343090
1715.535	n/a	NonTarget	1	343107
1715.615	n/a	NonTarget	1	343123
1715.7	n/a	NonTarget	1	343140
1715.78	n/a	NonTarget	1	343156
1715.865	n/a	NonTarget	1	343173
1715.95	n/a	NonTarget	1	343190
1716.035	n/a	NonTarget	1	343207
1716.115	n/a	NonTarget	1	343223
1716.2	n/a	NonTarget	1	343240
1716.28	n/a	NonTarget	1	343256
1716.365	n/a	NonTarget	1	343273
1716.45	n/a	NonTarget	1	343290
1716.535	n/a	NonTarget	1	343307
1716.62	n/a	NonTarget	1	343324
1716.7	n/a	NonTarget	1	343340
1716.785	n/a	NonTarget	1	343357
1716.865	n/a	NonTarget	1	343373
1716.95	n/a	NonTarget	1	343390
1717.03	n/a	NonTarget	1	343406
1717.435	n/a	NonTarget	1	343487
1717.515	n/a	NonTarget	1	343503
1717.6	n/a	NonTarget	1	343520
1717.685	n/a	NonTarget	1	343537
1717.765	n/a	NonTarget	1	343553
1717.85	n/a	NonTarget	1	343570
1717.935	n/a	NonTarget	1	343587
1718.015	n/a	NonTarget	1	343603
1718.1	n/a	NonTarget	1	343620
1718.185	n/a	NonTarget	1	343637
1718.27	n/a	NonTarget	1	343654
1718.355	n/a	NonTarget	1	343671
1718.435	n/a	Target	2	343687
1718.52	n/a	NonTarget	1	343704
1718.6	n/a	NonTarget	1	343720
1718.685	n/a	NonTarget	1	343737
1718.77	n/a	NonTarget	1	343754
1718.85	n/a	NonTarget	1	343770
1718.935	n/a	NonTarget	1	343787
1719.02	n/a	NonTarget	1	343804
1719.1	n/a	NonTarget	1	343820
1719.185	n/a	NonTarget	1	343837
1719.27	n/a	NonTarget	1	343854
1719.35	n/a	NonTarget	1	343870
1719.435	n/a	NonTarget	1	343887
1719.515	n/a	NonTarget	1	343903
1719.6	n/a	NonTarget	1	343920
1719.685	n/a	NonTarget	1	343937
1719.77	n/a	NonTarget	1	343954
1719.85	n/a	NonTarget	1	343970
1729.125	n/a	NonTarget	1	345825
1729.21	n/a	NonTarget	1	345842
1729.29	n/a	NonTarget	1	345858
1729.375	n/a	NonTarget	1	345875
1729.46	n/a	Target	2	345892
1729.54	n/a	NonTarget	1	345908
1729.625	n/a	NonTarget	1	345925
1729.71	n/a	NonTarget	1	345942
1729.795	n/a	NonTarget	1	345959
1729.88	n/a	NonTarget	1	345976
1729.96	n/a	NonTarget	1	345992
1730.04	n/a	NonTarget	1	346008
1730.125	n/a	NonTarget	1	346025
1730.21	n/a	NonTarget	1	346042
1730.29	n/a	NonTarget	1	346058
1730.375	n/a	NonTarget	1	346075
1730.46	n/a	NonTarget	1	346092
1730.545	n/a	NonTarget	1	346109
1730.63	n/a	NonTarget	1	346126
1730.71	n/a	NonTarget	1	346142
1730.79	n/a	NonTarget	1	346158
1730.875	n/a	NonTarget	1	346175
1730.96	n/a	NonTarget	1	346192
1731.045	n/a	NonTarget	1	346209
1731.125	n/a	NonTarget	1	346225
1731.21	n/a	NonTarget	1	346242
1731.295	n/a	NonTarget	1	346259
1731.375	n/a	NonTarget	1	346275
1731.46	n/a	NonTarget	1	346292
1731.545	n/a	NonTarget	1	346309
1731.945	n/a	NonTarget	1	346389
1732.025	n/a	NonTarget	1	346405
1732.11	n/a	NonTarget	1	346422
1732.195	n/a	NonTarget	1	346439
1732.275	n/a	NonTarget	1	346455
1732.36	n/a	NonTarget	1	346472
1732.445	n/a	NonTarget	1	346489
1732.53	n/a	NonTarget	1	346506
1732.61	n/a	NonTarget	1	346522
1732.695	n/a	NonTarget	1	346539
1732.775	n/a	NonTarget	1	346555
1732.86	n/a	NonTarget	1	346572
1732.945	n/a	NonTarget	1	346589
1733.03	n/a	NonTarget	1	346606
1733.11	n/a	NonTarget	1	346622
1733.195	n/a	NonTarget	1	346639
1733.28	n/a	NonTarget	1	346656
1733.36	n/a	NonTarget	1	346672
1733.445	n/a	NonTarget	1	346689
1733.53	n/a	NonTarget	1	346706
1733.61	n/a	NonTarget	1	346722
1733.695	n/a	NonTarget	1	346739
1733.775	n/a	NonTarget	1	346755
1733.86	n/a	NonTarget	1	346772
1733.945	n/a	Target	2	346789
1734.03	n/a	NonTarget	1	346806
1734.11	n/a	NonTarget	1	346822
1734.195	n/a	NonTarget	1	346839
1734.28	n/a	NonTarget	1	346856
1734.36	n/a	NonTarget	1	346872
1734.765	n/a	NonTarget	1	346953
1734.845	n/a	NonTarget	1	346969
1734.93	n/a	NonTarget	1	346986
1735.01	n/a	NonTarget	1	347002
1735.095	n/a	Target	2	347019
1735.18	n/a	NonTarget	1	347036
1735.265	n/a	NonTarget	1	347053
1735.345	n/a	NonTarget	1	347069
1735.43	n/a	NonTarget	1	347086
1735.515	n/a	NonTarget	1	347103
1735.595	n/a	NonTarget	1	347119
1735.68	n/a	NonTarget	1	347136
1735.76	n/a	NonTarget	1	347152
1735.845	n/a	NonTarget	1	347169
1735.93	n/a	NonTarget	1	347186
1736.015	n/a	NonTarget	1	347203
1736.1	n/a	NonTarget	1	347220
1736.185	n/a	NonTarget	1	347237
1736.265	n/a	NonTarget	1	347253
1736.345	n/a	NonTarget	1	347269
1736.435	n/a	NonTarget	1	347287
1736.51	n/a	NonTarget	1	347302
1736.6	n/a	NonTarget	1	347320
1736.68	n/a	NonTarget	1	347336
1736.765	n/a	NonTarget	1	347353
1736.845	n/a	NonTarget	1	347369
1736.93	n/a	NonTarget	1	347386
1737.015	n/a	NonTarget	1	347403
1737.1	n/a	NonTarget	1	347420
1737.185	n/a	NonTarget	1	347437
1737.58	n/a	NonTarget	1	347516
1737.665	n/a	NonTarget	1	347533
1737.75	n/a	NonTarget	1	347550
1737.835	n/a	NonTarget	1	347567
1737.92	n/a	NonTarget	1	347584
1738.0	n/a	NonTarget	1	347600
1738.085	n/a	NonTarget	1	347617
1738.165	n/a	NonTarget	1	347633
1738.25	n/a	NonTarget	1	347650
1738.33	n/a	Target	2	347666
1738.415	n/a	NonTarget	1	347683
1738.5	n/a	NonTarget	1	347700
1738.585	n/a	NonTarget	1	347717
1738.665	n/a	NonTarget	1	347733
1738.75	n/a	NonTarget	1	347750
1738.83	n/a	NonTarget	1	347766
1738.915	n/a	NonTarget	1	347783
1739.005	n/a	NonTarget	1	347801
1739.085	n/a	NonTarget	1	347817
1739.165	n/a	NonTarget	1	347833
1739.25	n/a	NonTarget	1	347850
1739.33	n/a	NonTarget	1	347866
1739.42	n/a	NonTarget	1	347884
1739.5	n/a	NonTarget	1	347900
1739.585	n/a	NonTarget	1	347917
1739.665	n/a	NonTarget	1	347933
1739.75	n/a	NonTarget	1	347950
1739.835	n/a	NonTarget	1	347967
1739.915	n/a	NonTarget	1	347983
1740.0	n/a	NonTarget	1	348000
1740.4	n/a	NonTarget	1	348080
1740.485	n/a	NonTarget	1	348097
1740.565	n/a	NonTarget	1	348113
1740.65	n/a	NonTarget	1	348130
1740.735	n/a	NonTarget	1	348147
1740.815	n/a	NonTarget	1	348163
1740.9	n/a	NonTarget	1	348180
1740.985	n/a	NonTarget	1	348197
1741.07	n/a	NonTarget	1	348214
1741.15	n/a	Target	2	348230
1741.235	n/a	NonTarget	1	348247
1741.32	n/a	NonTarget	1	348264
1741.405	n/a	NonTarget	1	348281
1741.485	n/a	NonTarget	1	348297
1741.565	n/a	NonTarget	1	348313
1741.65	n/a	NonTarget	1	348330
1741.735	n/a	NonTarget	1	348347
1741.82	n/a	NonTarget	1	348364
1741.905	n/a	NonTarget	1	348381
1741.985	n/a	NonTarget	1	348397
1742.07	n/a	NonTarget	1	348414
1742.15	n/a	NonTarget	1	348430
1742.235	n/a	NonTarget	1	348447
1742.32	n/a	NonTarget	1	348464
1742.4	n/a	NonTarget	1	348480
1742.485	n/a	NonTarget	1	348497
1742.57	n/a	NonTarget	1	348514
1742.655	n/a	NonTarget	1	348531
1742.735	n/a	NonTarget	1	348547
1742.82	n/a	NonTarget	1	348564
1743.22	n/a	NonTarget	1	348644
1743.3	n/a	NonTarget	1	348660
1743.385	n/a	NonTarget	1	348677
1743.47	n/a	NonTarget	1	348694
1743.55	n/a	NonTarget	1	348710
1743.635	n/a	NonTarget	1	348727
1743.72	n/a	NonTarget	1	348744
1743.8	n/a	NonTarget	1	348760
1743.885	n/a	NonTarget	1	348777
1743.97	n/a	Target	2	348794
1744.05	n/a	NonTarget	1	348810
1744.135	n/a	NonTarget	1	348827
1744.22	n/a	NonTarget	1	348844
1744.305	n/a	NonTarget	1	348861
1744.385	n/a	NonTarget	1	348877
1744.47	n/a	NonTarget	1	348894
1744.555	n/a	NonTarget	1	348911
1744.64	n/a	NonTarget	1	348928
1744.72	n/a	NonTarget	1	348944
1744.805	n/a	NonTarget	1	348961
1744.885	n/a	NonTarget	1	348977
1744.97	n/a	NonTarget	1	348994
1745.05	n/a	NonTarget	1	349010
1745.135	n/a	NonTarget	1	349027
1745.22	n/a	NonTarget	1	349044
1745.305	n/a	NonTarget	1	349061
1745.39	n/a	NonTarget	1	349078
1745.47	n/a	NonTarget	1	349094
1745.555	n/a	NonTarget	1	349111
1745.635	n/a	NonTarget	1	349127
1746.04	n/a	NonTarget	1	349208
1746.12	n/a	NonTarget	1	349224
1746.205	n/a	NonTarget	1	349241
1746.29	n/a	NonTarget	1	349258
1746.37	n/a	NonTarget	1	349274
1746.455	n/a	NonTarget	1	349291
1746.54	n/a	NonTarget	1	349308
1746.62	n/a	NonTarget	1	349324
1746.705	n/a	NonTarget	1	349341
1746.79	n/a	Target	2	349358
1746.875	n/a	NonTarget	1	349375
1746.955	n/a	NonTarget	1	349391
1747.04	n/a	NonTarget	1	349408
1747.12	n/a	NonTarget	1	349424
1747.205	n/a	NonTarget	1	349441
1747.29	n/a	NonTarget	1	349458
1747.375	n/a	NonTarget	1	349475
1747.46	n/a	NonTarget	1	349492
1747.54	n/a	NonTarget	1	349508
1747.62	n/a	NonTarget	1	349524
1747.705	n/a	NonTarget	1	349541
1747.79	n/a	NonTarget	1	349558
1747.87	n/a	NonTarget	1	349574
1747.955	n/a	NonTarget	1	349591
1748.04	n/a	NonTarget	1	349608
1748.125	n/a	NonTarget	1	349625
1748.205	n/a	NonTarget	1	349641
1748.29	n/a	NonTarget	1	349658
1748.375	n/a	NonTarget	1	349675
1748.455	n/a	NonTarget	1	349691
1748.855	n/a	NonTarget	1	349771
1748.94	n/a	NonTarget	1	349788
1749.025	n/a	NonTarget	1	349805
1749.105	n/a	NonTarget	1	349821
1749.19	n/a	NonTarget	1	349838
1749.275	n/a	NonTarget	1	349855
1749.355	n/a	NonTarget	1	349871
1749.44	n/a	NonTarget	1	349888
1749.525	n/a	NonTarget	1	349905
1749.605	n/a	Target	2	349921
1749.69	n/a	NonTarget	1	349938
1749.775	n/a	NonTarget	1	349955
1749.855	n/a	NonTarget	1	349971
1749.94	n/a	NonTarget	1	349988
1750.025	n/a	NonTarget	1	350005
1750.105	n/a	NonTarget	1	350021
1750.19	n/a	NonTarget	1	350038
1750.275	n/a	NonTarget	1	350055
1750.36	n/a	NonTarget	1	350072
1750.445	n/a	NonTarget	1	350089
1750.525	n/a	NonTarget	1	350105
1750.61	n/a	NonTarget	1	350122
1750.69	n/a	NonTarget	1	350138
1750.775	n/a	NonTarget	1	350155
1750.855	n/a	NonTarget	1	350171
1750.945	n/a	NonTarget	1	350189
1751.025	n/a	NonTarget	1	350205
1751.11	n/a	NonTarget	1	350222
1751.19	n/a	NonTarget	1	350238
1751.275	n/a	NonTarget	1	350255
1751.675	n/a	NonTarget	1	350335
1751.76	n/a	NonTarget	1	350352
1751.845	n/a	NonTarget	1	350369
1751.925	n/a	NonTarget	1	350385
1752.01	n/a	NonTarget	1	350402
1752.095	n/a	NonTarget	1	350419
1752.175	n/a	NonTarget	1	350435
1752.26	n/a	NonTarget	1	350452
1752.345	n/a	NonTarget	1	350469
1752.425	n/a	NonTarget	1	350485
1752.51	n/a	NonTarget	1	350502
1752.595	n/a	NonTarget	1	350519
1752.675	n/a	NonTarget	1	350535
1752.76	n/a	NonTarget	1	350552
1752.845	n/a	NonTarget	1	350569
1752.925	n/a	NonTarget	1	350585
1753.01	n/a	NonTarget	1	350602
1753.09	n/a	NonTarget	1	350618
1753.18	n/a	NonTarget	1	350636
1753.26	n/a	NonTarget	1	350652
1753.345	n/a	NonTarget	1	350669
1753.425	n/a	NonTarget	1	350685
1753.51	n/a	NonTarget	1	350702
1753.595	n/a	NonTarget	1	350719
1753.675	n/a	Target	2	350735
1753.76	n/a	NonTarget	1	350752
1753.845	n/a	NonTarget	1	350769
1753.925	n/a	NonTarget	1	350785
1754.01	n/a	NonTarget	1	350802
1754.095	n/a	NonTarget	1	350819
1754.495	n/a	NonTarget	1	350899
1754.58	n/a	NonTarget	1	350916
1754.66	n/a	NonTarget	1	350932
1754.745	n/a	NonTarget	1	350949
1754.83	n/a	NonTarget	1	350966
1754.91	n/a	NonTarget	1	350982
1754.995	n/a	NonTarget	1	350999
1755.08	n/a	NonTarget	1	351016
1755.165	n/a	NonTarget	1	351033
1755.25	n/a	NonTarget	1	351050
1755.33	n/a	NonTarget	1	351066
1755.41	n/a	NonTarget	1	351082
1755.495	n/a	NonTarget	1	351099
1755.58	n/a	NonTarget	1	351116
1755.665	n/a	NonTarget	1	351133
1755.745	n/a	NonTarget	1	351149
1755.825	n/a	NonTarget	1	351165
1755.915	n/a	NonTarget	1	351183
1755.995	n/a	NonTarget	1	351199
1756.08	n/a	NonTarget	1	351216
1756.16	n/a	NonTarget	1	351232
1756.245	n/a	NonTarget	1	351249
1756.33	n/a	NonTarget	1	351266
1756.41	n/a	NonTarget	1	351282
1756.495	n/a	Target	2	351299
1756.58	n/a	NonTarget	1	351316
1756.665	n/a	NonTarget	1	351333
1756.745	n/a	NonTarget	1	351349
1756.83	n/a	NonTarget	1	351366
1756.91	n/a	NonTarget	1	351382
1766.17	n/a	NonTarget	1	353234
1766.255	n/a	NonTarget	1	353251
1766.34	n/a	NonTarget	1	353268
1766.42	n/a	NonTarget	1	353284
1766.505	n/a	NonTarget	1	353301
1766.585	n/a	NonTarget	1	353317
1766.67	n/a	NonTarget	1	353334
1766.75	n/a	Target	2	353350
1766.84	n/a	NonTarget	1	353368
1766.92	n/a	NonTarget	1	353384
1767.005	n/a	NonTarget	1	353401
1767.09	n/a	NonTarget	1	353418
1767.175	n/a	NonTarget	1	353435
1767.255	n/a	NonTarget	1	353451
1767.34	n/a	NonTarget	1	353468
1767.42	n/a	NonTarget	1	353484
1767.505	n/a	NonTarget	1	353501
1767.59	n/a	NonTarget	1	353518
1767.67	n/a	NonTarget	1	353534
1767.755	n/a	NonTarget	1	353551
1767.835	n/a	NonTarget	1	353567
1767.92	n/a	NonTarget	1	353584
1768.005	n/a	NonTarget	1	353601
1768.09	n/a	NonTarget	1	353618
1768.17	n/a	NonTarget	1	353634
1768.255	n/a	NonTarget	1	353651
1768.34	n/a	NonTarget	1	353668
1768.42	n/a	NonTarget	1	353684
1768.505	n/a	NonTarget	1	353701
1768.59	n/a	NonTarget	1	353718
1768.99	n/a	NonTarget	1	353798
1769.07	n/a	NonTarget	1	353814
1769.155	n/a	Target	2	353831
1769.24	n/a	NonTarget	1	353848
1769.32	n/a	NonTarget	1	353864
1769.405	n/a	NonTarget	1	353881
1769.49	n/a	NonTarget	1	353898
1769.57	n/a	NonTarget	1	353914
1769.655	n/a	NonTarget	1	353931
1769.74	n/a	NonTarget	1	353948
1769.82	n/a	NonTarget	1	353964
1769.91	n/a	NonTarget	1	353982
1769.99	n/a	NonTarget	1	353998
1770.075	n/a	NonTarget	1	354015
1770.16	n/a	NonTarget	1	354032
1770.24	n/a	NonTarget	1	354048
1770.32	n/a	NonTarget	1	354064
1770.405	n/a	NonTarget	1	354081
1770.495	n/a	NonTarget	1	354099
1770.575	n/a	NonTarget	1	354115
1770.655	n/a	NonTarget	1	354131
1770.74	n/a	NonTarget	1	354148
1770.825	n/a	NonTarget	1	354165
1770.905	n/a	NonTarget	1	354181
1770.99	n/a	NonTarget	1	354198
1771.07	n/a	NonTarget	1	354214
1771.155	n/a	NonTarget	1	354231
1771.24	n/a	NonTarget	1	354248
1771.325	n/a	NonTarget	1	354265
1771.405	n/a	NonTarget	1	354281
1771.805	n/a	NonTarget	1	354361
1771.89	n/a	NonTarget	1	354378
1771.97	n/a	Target	2	354394
1772.06	n/a	NonTarget	1	354412
1772.14	n/a	NonTarget	1	354428
1772.225	n/a	NonTarget	1	354445
1772.31	n/a	NonTarget	1	354462
1772.39	n/a	NonTarget	1	354478
1772.475	n/a	NonTarget	1	354495
1772.555	n/a	NonTarget	1	354511
1772.645	n/a	NonTarget	1	354529
1772.725	n/a	NonTarget	1	354545
1772.805	n/a	NonTarget	1	354561
1772.895	n/a	NonTarget	1	354579
1772.975	n/a	NonTarget	1	354595
1773.06	n/a	NonTarget	1	354612
1773.145	n/a	NonTarget	1	354629
1773.225	n/a	NonTarget	1	354645
1773.31	n/a	NonTarget	1	354662
1773.395	n/a	NonTarget	1	354679
1773.475	n/a	NonTarget	1	354695
1773.56	n/a	NonTarget	1	354712
1773.64	n/a	NonTarget	1	354728
1773.725	n/a	NonTarget	1	354745
1773.805	n/a	NonTarget	1	354761
1773.89	n/a	NonTarget	1	354778
1773.975	n/a	NonTarget	1	354795
1774.06	n/a	NonTarget	1	354812
1774.145	n/a	NonTarget	1	354829
1774.225	n/a	NonTarget	1	354845
1774.625	n/a	NonTarget	1	354925
1774.71	n/a	NonTarget	1	354942
1774.79	n/a	NonTarget	1	354958
1774.875	n/a	NonTarget	1	354975
1774.96	n/a	NonTarget	1	354992
1775.04	n/a	NonTarget	1	355008
1775.125	n/a	NonTarget	1	355025
1775.21	n/a	NonTarget	1	355042
1775.295	n/a	NonTarget	1	355059
1775.375	n/a	NonTarget	1	355075
1775.46	n/a	NonTarget	1	355092
1775.545	n/a	NonTarget	1	355109
1775.63	n/a	NonTarget	1	355126
1775.715	n/a	NonTarget	1	355143
1775.795	n/a	NonTarget	1	355159
1775.875	n/a	NonTarget	1	355175
1775.96	n/a	NonTarget	1	355192
1776.045	n/a	NonTarget	1	355209
1776.125	n/a	NonTarget	1	355225
1776.21	n/a	NonTarget	1	355242
1776.295	n/a	NonTarget	1	355259
1776.375	n/a	NonTarget	1	355275
1776.46	n/a	NonTarget	1	355292
1776.545	n/a	NonTarget	1	355309
1776.625	n/a	NonTarget	1	355325
1776.715	n/a	NonTarget	1	355343
1776.795	n/a	NonTarget	1	355359
1776.88	n/a	Target	2	355376
1776.965	n/a	NonTarget	1	355393
1777.045	n/a	NonTarget	1	355409
1777.445	n/a	NonTarget	1	355489
1777.525	n/a	NonTarget	1	355505
1777.61	n/a	NonTarget	1	355522
1777.695	n/a	NonTarget	1	355539
1777.78	n/a	NonTarget	1	355556
1777.865	n/a	NonTarget	1	355573
1777.945	n/a	NonTarget	1	355589
1778.03	n/a	NonTarget	1	355606
1778.11	n/a	NonTarget	1	355622
1778.195	n/a	NonTarget	1	355639
1778.28	n/a	NonTarget	1	355656
1778.36	n/a	NonTarget	1	355672
1778.445	n/a	Target	2	355689
1778.535	n/a	NonTarget	1	355707
1778.61	n/a	NonTarget	1	355722
1778.695	n/a	NonTarget	1	355739
1778.78	n/a	NonTarget	1	355756
1778.86	n/a	NonTarget	1	355772
1778.95	n/a	NonTarget	1	355790
1779.03	n/a	NonTarget	1	355806
1779.11	n/a	NonTarget	1	355822
1779.2	n/a	NonTarget	1	355840
1779.28	n/a	NonTarget	1	355856
1779.365	n/a	NonTarget	1	355873
1779.445	n/a	NonTarget	1	355889
1779.53	n/a	NonTarget	1	355906
1779.615	n/a	NonTarget	1	355923
1779.695	n/a	NonTarget	1	355939
1779.78	n/a	NonTarget	1	355956
1779.865	n/a	NonTarget	1	355973
1780.265	n/a	NonTarget	1	356053
1780.345	n/a	NonTarget	1	356069
1780.43	n/a	Target	2	356086
1780.515	n/a	NonTarget	1	356103
1780.6	n/a	NonTarget	1	356120
1780.68	n/a	NonTarget	1	356136
1780.765	n/a	NonTarget	1	356153
1780.85	n/a	NonTarget	1	356170
1780.935	n/a	NonTarget	1	356187
1781.01	n/a	NonTarget	1	356202
1781.1	n/a	NonTarget	1	356220
1781.185	n/a	NonTarget	1	356237
1781.265	n/a	NonTarget	1	356253
1781.35	n/a	NonTarget	1	356270
1781.43	n/a	NonTarget	1	356286
1781.515	n/a	NonTarget	1	356303
1781.6	n/a	NonTarget	1	356320
1781.685	n/a	NonTarget	1	356337
1781.765	n/a	NonTarget	1	356353
1781.845	n/a	NonTarget	1	356369
1781.93	n/a	NonTarget	1	356386
1782.015	n/a	NonTarget	1	356403
1782.1	n/a	NonTarget	1	356420
1782.18	n/a	NonTarget	1	356436
1782.265	n/a	NonTarget	1	356453
1782.345	n/a	NonTarget	1	356469
1782.43	n/a	NonTarget	1	356486
1782.515	n/a	NonTarget	1	356503
1782.6	n/a	NonTarget	1	356520
1782.68	n/a	NonTarget	1	356536
1783.085	n/a	NonTarget	1	356617
1783.165	n/a	NonTarget	1	356633
1783.25	n/a	NonTarget	1	356650
1783.335	n/a	NonTarget	1	356667
1783.415	n/a	NonTarget	1	356683
1783.5	n/a	NonTarget	1	356700
1783.585	n/a	NonTarget	1	356717
1783.665	n/a	Target	2	356733
1783.75	n/a	NonTarget	1	356750
1783.83	n/a	NonTarget	1	356766
1783.915	n/a	NonTarget	1	356783
1784.0	n/a	NonTarget	1	356800
1784.085	n/a	NonTarget	1	356817
1784.165	n/a	NonTarget	1	356833
1784.25	n/a	NonTarget	1	356850
1784.335	n/a	NonTarget	1	356867
1784.415	n/a	NonTarget	1	356883
1784.505	n/a	NonTarget	1	356901
1784.585	n/a	NonTarget	1	356917
1784.67	n/a	NonTarget	1	356934
1784.75	n/a	NonTarget	1	356950
1784.83	n/a	NonTarget	1	356966
1784.915	n/a	NonTarget	1	356983
1785.0	n/a	NonTarget	1	357000
1785.085	n/a	NonTarget	1	357017
1785.165	n/a	NonTarget	1	357033
1785.25	n/a	NonTarget	1	357050
1785.335	n/a	NonTarget	1	357067
1785.415	n/a	NonTarget	1	357083
1785.505	n/a	NonTarget	1	357101
1785.9	n/a	NonTarget	1	357180
1785.985	n/a	NonTarget	1	357197
1786.065	n/a	Target	2	357213
1786.155	n/a	NonTarget	1	357231
1786.235	n/a	NonTarget	1	357247
1786.32	n/a	NonTarget	1	357264
1786.405	n/a	NonTarget	1	357281
1786.485	n/a	NonTarget	1	357297
1786.57	n/a	NonTarget	1	357314
1786.65	n/a	NonTarget	1	357330
1786.735	n/a	NonTarget	1	357347
1786.82	n/a	NonTarget	1	357364
1786.905	n/a	NonTarget	1	357381
1786.985	n/a	NonTarget	1	357397
1787.07	n/a	NonTarget	1	357414
1787.155	n/a	NonTarget	1	357431
1787.235	n/a	NonTarget	1	357447
1787.32	n/a	NonTarget	1	357464
1787.4	n/a	NonTarget	1	357480
1787.485	n/a	NonTarget	1	357497
1787.57	n/a	NonTarget	1	357514
1787.65	n/a	NonTarget	1	357530
1787.735	n/a	NonTarget	1	357547
1787.82	n/a	NonTarget	1	357564
1787.905	n/a	NonTarget	1	357581
1787.985	n/a	NonTarget	1	357597
1788.07	n/a	NonTarget	1	357614
1788.155	n/a	NonTarget	1	357631
1788.235	n/a	NonTarget	1	357647
1788.32	n/a	NonTarget	1	357664
1788.72	n/a	NonTarget	1	357744
1788.805	n/a	NonTarget	1	357761
1788.89	n/a	NonTarget	1	357778
1788.97	n/a	NonTarget	1	357794
1789.055	n/a	NonTarget	1	357811
1789.135	n/a	NonTarget	1	357827
1789.22	n/a	NonTarget	1	357844
1789.3	n/a	Target	2	357860
1789.385	n/a	NonTarget	1	357877
1789.47	n/a	NonTarget	1	357894
1789.55	n/a	NonTarget	1	357910
1789.635	n/a	NonTarget	1	357927
1789.72	n/a	NonTarget	1	357944
1789.805	n/a	NonTarget	1	357961
1789.885	n/a	NonTarget	1	357977
1789.97	n/a	NonTarget	1	357994
1790.055	n/a	NonTarget	1	358011
1790.135	n/a	NonTarget	1	358027
1790.22	n/a	NonTarget	1	358044
1790.305	n/a	NonTarget	1	358061
1790.39	n/a	NonTarget	1	358078
1790.47	n/a	NonTarget	1	358094
1790.555	n/a	NonTarget	1	358111
1790.635	n/a	NonTarget	1	358127
1790.72	n/a	NonTarget	1	358144
1790.805	n/a	NonTarget	1	358161
1790.89	n/a	NonTarget	1	358178
1790.97	n/a	NonTarget	1	358194
1791.055	n/a	NonTarget	1	358211
1791.14	n/a	NonTarget	1	358228
1791.535	n/a	NonTarget	1	358307
1791.625	n/a	NonTarget	1	358325
1791.705	n/a	NonTarget	1	358341
1791.79	n/a	NonTarget	1	358358
1791.87	n/a	NonTarget	1	358374
1791.955	n/a	NonTarget	1	358391
1792.04	n/a	NonTarget	1	358408
1792.125	n/a	NonTarget	1	358425
1792.205	n/a	NonTarget	1	358441
1792.29	n/a	NonTarget	1	358458
1792.37	n/a	NonTarget	1	358474
1792.455	n/a	NonTarget	1	358491
1792.54	n/a	NonTarget	1	358508
1792.625	n/a	NonTarget	1	358525
1792.705	n/a	NonTarget	1	358541
1792.79	n/a	NonTarget	1	358558
1792.87	n/a	NonTarget	1	358574
1792.955	n/a	NonTarget	1	358591
1793.04	n/a	NonTarget	1	358608
1793.125	n/a	NonTarget	1	358625
1793.205	n/a	NonTarget	1	358641
1793.29	n/a	NonTarget	1	358658
1793.375	n/a	NonTarget	1	358675
1793.455	n/a	NonTarget	1	358691
1793.54	n/a	NonTarget	1	358708
1793.625	n/a	NonTarget	1	358725
1793.71	n/a	NonTarget	1	358742
1793.79	n/a	Target	2	358758
1793.875	n/a	NonTarget	1	358775
1793.96	n/a	NonTarget	1	358792
1803.195	n/a	NonTarget	1	360639
1803.28	n/a	NonTarget	1	360656
1803.365	n/a	NonTarget	1	360673
1803.45	n/a	NonTarget	1	360690
1803.535	n/a	NonTarget	1	360707
1803.615	n/a	NonTarget	1	360723
1803.7	n/a	NonTarget	1	360740
1803.78	n/a	NonTarget	1	360756
1803.865	n/a	NonTarget	1	360773
1803.945	n/a	NonTarget	1	360789
1804.03	n/a	NonTarget	1	360806
1804.115	n/a	NonTarget	1	360823
1804.2	n/a	NonTarget	1	360840
1804.285	n/a	NonTarget	1	360857
1804.365	n/a	NonTarget	1	360873
1804.45	n/a	NonTarget	1	360890
1804.535	n/a	NonTarget	1	360907
1804.615	n/a	NonTarget	1	360923
1804.7	n/a	NonTarget	1	360940
1804.78	n/a	NonTarget	1	360956
1804.865	n/a	Target	2	360973
1804.95	n/a	NonTarget	1	360990
1805.035	n/a	NonTarget	1	361007
1805.12	n/a	NonTarget	1	361024
1805.2	n/a	NonTarget	1	361040
1805.285	n/a	NonTarget	1	361057
1805.37	n/a	NonTarget	1	361074
1805.45	n/a	NonTarget	1	361090
1805.535	n/a	NonTarget	1	361107
1805.615	n/a	NonTarget	1	361123
1806.015	n/a	NonTarget	1	361203
1806.1	n/a	NonTarget	1	361220
1806.18	n/a	NonTarget	1	361236
1806.265	n/a	NonTarget	1	361253
1806.35	n/a	NonTarget	1	361270
1806.435	n/a	Target	2	361287
1806.52	n/a	NonTarget	1	361304
1806.6	n/a	NonTarget	1	361320
1806.685	n/a	NonTarget	1	361337
1806.77	n/a	NonTarget	1	361354
1806.85	n/a	NonTarget	1	361370
1806.935	n/a	NonTarget	1	361387
1807.015	n/a	NonTarget	1	361403
1807.105	n/a	NonTarget	1	361421
1807.185	n/a	NonTarget	1	361437
1807.27	n/a	NonTarget	1	361454
1807.35	n/a	NonTarget	1	361470
1807.435	n/a	NonTarget	1	361487
1807.515	n/a	NonTarget	1	361503
1807.6	n/a	NonTarget	1	361520
1807.685	n/a	NonTarget	1	361537
1807.77	n/a	NonTarget	1	361554
1807.855	n/a	NonTarget	1	361571
1807.935	n/a	NonTarget	1	361587
1808.015	n/a	NonTarget	1	361603
1808.1	n/a	NonTarget	1	361620
1808.185	n/a	NonTarget	1	361637
1808.265	n/a	NonTarget	1	361653
1808.35	n/a	NonTarget	1	361670
1808.435	n/a	NonTarget	1	361687
1808.835	n/a	NonTarget	1	361767
1808.92	n/a	NonTarget	1	361784
1809.0	n/a	NonTarget	1	361800
1809.085	n/a	NonTarget	1	361817
1809.17	n/a	NonTarget	1	361834
1809.25	n/a	Target	2	361850
1809.34	n/a	NonTarget	1	361868
1809.42	n/a	NonTarget	1	361884
1809.5	n/a	NonTarget	1	361900
1809.585	n/a	NonTarget	1	361917
1809.67	n/a	NonTarget	1	361934
1809.755	n/a	NonTarget	1	361951
1809.835	n/a	NonTarget	1	361967
1809.92	n/a	NonTarget	1	361984
1810.005	n/a	NonTarget	1	362001
1810.085	n/a	NonTarget	1	362017
1810.165	n/a	NonTarget	1	362033
1810.255	n/a	NonTarget	1	362051
1810.335	n/a	NonTarget	1	362067
1810.42	n/a	NonTarget	1	362084
1810.505	n/a	NonTarget	1	362101
1810.585	n/a	NonTarget	1	362117
1810.67	n/a	NonTarget	1	362134
1810.755	n/a	NonTarget	1	362151
1810.84	n/a	NonTarget	1	362168
1810.92	n/a	NonTarget	1	362184
1811.005	n/a	NonTarget	1	362201
1811.085	n/a	NonTarget	1	362217
1811.17	n/a	NonTarget	1	362234
1811.255	n/a	NonTarget	1	362251
1811.655	n/a	NonTarget	1	362331
1811.735	n/a	NonTarget	1	362347
1811.82	n/a	NonTarget	1	362364
1811.905	n/a	NonTarget	1	362381
1811.99	n/a	NonTarget	1	362398
1812.07	n/a	NonTarget	1	362414
1812.155	n/a	NonTarget	1	362431
1812.235	n/a	NonTarget	1	362447
1812.32	n/a	NonTarget	1	362464
1812.405	n/a	NonTarget	1	362481
1812.485	n/a	NonTarget	1	362497
1812.57	n/a	NonTarget	1	362514
1812.655	n/a	NonTarget	1	362531
1812.74	n/a	NonTarget	1	362548
1812.82	n/a	NonTarget	1	362564
1812.905	n/a	Target	2	362581
1812.99	n/a	NonTarget	1	362598
1813.07	n/a	NonTarget	1	362614
1813.155	n/a	NonTarget	1	362631
1813.235	n/a	NonTarget	1	362647
1813.32	n/a	NonTarget	1	362664
1813.405	n/a	NonTarget	1	362681
1813.49	n/a	NonTarget	1	362698
1813.57	n/a	NonTarget	1	362714
1813.655	n/a	NonTarget	1	362731
1813.74	n/a	NonTarget	1	362748
1813.82	n/a	NonTarget	1	362764
1813.905	n/a	NonTarget	1	362781
1813.99	n/a	NonTarget	1	362798
1814.075	n/a	NonTarget	1	362815
1814.47	n/a	NonTarget	1	362894
1814.555	n/a	NonTarget	1	362911
1814.64	n/a	NonTarget	1	362928
1814.72	n/a	NonTarget	1	362944
1814.805	n/a	NonTarget	1	362961
1814.89	n/a	NonTarget	1	362978
1814.97	n/a	NonTarget	1	362994
1815.055	n/a	NonTarget	1	363011
1815.145	n/a	NonTarget	1	363029
1815.225	n/a	NonTarget	1	363045
1815.305	n/a	NonTarget	1	363061
1815.39	n/a	NonTarget	1	363078
1815.47	n/a	NonTarget	1	363094
1815.555	n/a	NonTarget	1	363111
1815.64	n/a	NonTarget	1	363128
1815.725	n/a	NonTarget	1	363145
1815.805	n/a	NonTarget	1	363161
1815.89	n/a	NonTarget	1	363178
1815.975	n/a	NonTarget	1	363195
1816.055	n/a	NonTarget	1	363211
1816.14	n/a	Target	2	363228
1816.225	n/a	NonTarget	1	363245
1816.31	n/a	NonTarget	1	363262
1816.39	n/a	NonTarget	1	363278
1816.475	n/a	NonTarget	1	363295
1816.56	n/a	NonTarget	1	363312
1816.64	n/a	NonTarget	1	363328
1816.725	n/a	NonTarget	1	363345
1816.81	n/a	NonTarget	1	363362
1816.89	n/a	NonTarget	1	363378
1817.29	n/a	NonTarget	1	363458
1817.375	n/a	NonTarget	1	363475
1817.46	n/a	NonTarget	1	363492
1817.54	n/a	NonTarget	1	363508
1817.625	n/a	NonTarget	1	363525
1817.705	n/a	NonTarget	1	363541
1817.79	n/a	NonTarget	1	363558
1817.875	n/a	NonTarget	1	363575
1817.96	n/a	NonTarget	1	363592
1818.04	n/a	NonTarget	1	363608
1818.125	n/a	NonTarget	1	363625
1818.21	n/a	NonTarget	1	363642
1818.29	n/a	NonTarget	1	363658
1818.375	n/a	NonTarget	1	363675
1818.46	n/a	NonTarget	1	363692
1818.54	n/a	Target	2	363708
1818.625	n/a	NonTarget	1	363725
1818.71	n/a	NonTarget	1	363742
1818.79	n/a	NonTarget	1	363758
1818.875	n/a	NonTarget	1	363775
1818.96	n/a	NonTarget	1	363792
1819.04	n/a	NonTarget	1	363808
1819.125	n/a	NonTarget	1	363825
1819.21	n/a	NonTarget	1	363842
1819.295	n/a	NonTarget	1	363859
1819.375	n/a	NonTarget	1	363875
1819.46	n/a	NonTarget	1	363892
1819.545	n/a	NonTarget	1	363909
1819.625	n/a	NonTarget	1	363925
1819.715	n/a	NonTarget	1	363943
1820.11	n/a	NonTarget	1	364022
1820.19	n/a	NonTarget	1	364038
1820.275	n/a	NonTarget	1	364055
1820.36	n/a	NonTarget	1	364072
1820.44	n/a	NonTarget	1	364088
1820.53	n/a	NonTarget	1	364106
1820.61	n/a	NonTarget	1	364122
1820.695	n/a	NonTarget	1	364139
1820.775	n/a	NonTarget	1	364155
1820.86	n/a	NonTarget	1	364172
1820.945	n/a	NonTarget	1	364189
1821.03	n/a	NonTarget	1	364206
1821.11	n/a	NonTarget	1	364222
1821.195	n/a	NonTarget	1	364239
1821.275	n/a	NonTarget	1	364255
1821.36	n/a	Target	2	364272
1821.445	n/a	NonTarget	1	364289
1821.525	n/a	NonTarget	1	364305
1821.61	n/a	NonTarget	1	364322
1821.695	n/a	NonTarget	1	364339
1821.78	n/a	NonTarget	1	364356
1821.86	n/a	NonTarget	1	364372
1821.945	n/a	NonTarget	1	364389
1822.03	n/a	NonTarget	1	364406
1822.115	n/a	NonTarget	1	364423
1822.195	n/a	NonTarget	1	364439
1822.28	n/a	NonTarget	1	364456
1822.365	n/a	NonTarget	1	364473
1822.445	n/a	NonTarget	1	364489
1822.53	n/a	NonTarget	1	364506
1822.93	n/a	NonTarget	1	364586
1823.01	n/a	NonTarget	1	364602
1823.095	n/a	NonTarget	1	364619
1823.18	n/a	NonTarget	1	364636
1823.26	n/a	NonTarget	1	364652
1823.345	n/a	NonTarget	1	364669
1823.43	n/a	NonTarget	1	364686
1823.515	n/a	NonTarget	1	364703
1823.595	n/a	NonTarget	1	364719
1823.68	n/a	NonTarget	1	364736
1823.76	n/a	Target	2	364752
1823.845	n/a	NonTarget	1	364769
1823.93	n/a	NonTarget	1	364786
1824.01	n/a	NonTarget	1	364802
1824.095	n/a	NonTarget	1	364819
1824.18	n/a	NonTarget	1	364836
1824.26	n/a	NonTarget	1	364852
1824.345	n/a	NonTarget	1	364869
1824.43	n/a	NonTarget	1	364886
1824.515	n/a	NonTarget	1	364903
1824.595	n/a	NonTarget	1	364919
1824.68	n/a	NonTarget	1	364936
1824.765	n/a	NonTarget	1	364953
1824.85	n/a	NonTarget	1	364970
1824.93	n/a	NonTarget	1	364986
1825.015	n/a	NonTarget	1	365003
1825.1	n/a	NonTarget	1	365020
1825.18	n/a	NonTarget	1	365036
1825.27	n/a	NonTarget	1	365054
1825.35	n/a	NonTarget	1	365070
1825.75	n/a	NonTarget	1	365150
1825.83	n/a	NonTarget	1	365166
1825.915	n/a	NonTarget	1	365183
1825.995	n/a	NonTarget	1	365199
1826.08	n/a	NonTarget	1	365216
1826.165	n/a	Target	2	365233
1826.245	n/a	NonTarget	1	365249
1826.335	n/a	NonTarget	1	365267
1826.415	n/a	NonTarget	1	365283
1826.5	n/a	NonTarget	1	365300
1826.585	n/a	NonTarget	1	365317
1826.665	n/a	NonTarget	1	365333
1826.75	n/a	NonTarget	1	365350
1826.83	n/a	NonTarget	1	365366
1826.915	n/a	NonTarget	1	365383
1827.0	n/a	NonTarget	1	365400
1827.08	n/a	NonTarget	1	365416
1827.165	n/a	NonTarget	1	365433
1827.25	n/a	NonTarget	1	365450
1827.33	n/a	NonTarget	1	365466
1827.415	n/a	NonTarget	1	365483
1827.5	n/a	NonTarget	1	365500
1827.58	n/a	NonTarget	1	365516
1827.665	n/a	NonTarget	1	365533
1827.75	n/a	NonTarget	1	365550
1827.835	n/a	NonTarget	1	365567
1827.915	n/a	NonTarget	1	365583
1828.0	n/a	NonTarget	1	365600
1828.085	n/a	NonTarget	1	365617
1828.17	n/a	NonTarget	1	365634
1828.565	n/a	NonTarget	1	365713
1828.65	n/a	NonTarget	1	365730
1828.73	n/a	NonTarget	1	365746
1828.815	n/a	NonTarget	1	365763
1828.9	n/a	NonTarget	1	365780
1828.985	n/a	NonTarget	1	365797
1829.065	n/a	NonTarget	1	365813
1829.15	n/a	NonTarget	1	365830
1829.235	n/a	NonTarget	1	365847
1829.32	n/a	NonTarget	1	365864
1829.4	n/a	NonTarget	1	365880
1829.48	n/a	NonTarget	1	365896
1829.565	n/a	NonTarget	1	365913
1829.65	n/a	NonTarget	1	365930
1829.735	n/a	NonTarget	1	365947
1829.815	n/a	NonTarget	1	365963
1829.9	n/a	NonTarget	1	365980
1829.985	n/a	NonTarget	1	365997
1830.07	n/a	NonTarget	1	366014
1830.15	n/a	NonTarget	1	366030
1830.235	n/a	NonTarget	1	366047
1830.32	n/a	NonTarget	1	366064
1830.4	n/a	NonTarget	1	366080
1830.485	n/a	NonTarget	1	366097
1830.565	n/a	NonTarget	1	366113
1830.65	n/a	Target	2	366130
1830.735	n/a	NonTarget	1	366147
1830.815	n/a	NonTarget	1	366163
1830.9	n/a	NonTarget	1	366180
1830.985	n/a	NonTarget	1	366197
1840.24	n/a	NonTarget	1	368048
1840.325	n/a	NonTarget	1	368065
1840.41	n/a	NonTarget	1	368082
1840.49	n/a	NonTarget	1	368098
1840.575	n/a	NonTarget	1	368115
1840.66	n/a	NonTarget	1	368132
1840.745	n/a	NonTarget	1	368149
1840.825	n/a	NonTarget	1	368165
1840.91	n/a	NonTarget	1	368182
1840.99	n/a	NonTarget	1	368198
1841.08	n/a	NonTarget	1	368216
1841.16	n/a	NonTarget	1	368232
1841.245	n/a	NonTarget	1	368249
1841.325	n/a	NonTarget	1	368265
1841.41	n/a	NonTarget	1	368282
1841.495	n/a	NonTarget	1	368299
1841.575	n/a	NonTarget	1	368315
1841.66	n/a	NonTarget	1	368332
1841.745	n/a	NonTarget	1	368349
1841.825	n/a	NonTarget	1	368365
1841.91	n/a	NonTarget	1	368382
1841.995	n/a	NonTarget	1	368399
1842.075	n/a	NonTarget	1	368415
1842.16	n/a	NonTarget	1	368432
1842.245	n/a	NonTarget	1	368449
1842.325	n/a	NonTarget	1	368465
1842.41	n/a	Target	2	368482
1842.49	n/a	NonTarget	1	368498
1842.575	n/a	NonTarget	1	368515
1842.665	n/a	NonTarget	1	368533
1843.06	n/a	NonTarget	1	368612
1843.145	n/a	NonTarget	1	368629
1843.225	n/a	NonTarget	1	368645
1843.31	n/a	NonTarget	1	368662
1843.395	n/a	NonTarget	1	368679
1843.48	n/a	NonTarget	1	368696
1843.56	n/a	NonTarget	1	368712
1843.645	n/a	NonTarget	1	368729
1843.725	n/a	NonTarget	1	368745
1843.81	n/a	NonTarget	1	368762
1843.9	n/a	NonTarget	1	368780
1843.975	n/a	NonTarget	1	368795
1844.06	n/a	NonTarget	1	368812
1844.145	n/a	NonTarget	1	368829
1844.23	n/a	NonTarget	1	368846
1844.315	n/a	NonTarget	1	368863
1844.395	n/a	NonTarget	1	368879
1844.475	n/a	NonTarget	1	368895
1844.56	n/a	NonTarget	1	368912
1844.645	n/a	NonTarget	1	368929
1844.73	n/a	NonTarget	1	368946
1844.81	n/a	NonTarget	1	368962
1844.895	n/a	NonTarget	1	368979
1844.98	n/a	NonTarget	1	368996
1845.065	n/a	NonTarget	1	369013
1845.15	n/a	NonTarget	1	369030
1845.23	n/a	Target	2	369046
1845.31	n/a	NonTarget	1	369062
1845.395	n/a	NonTarget	1	369079
1845.48	n/a	NonTarget	1	369096
1845.88	n/a	NonTarget	1	369176
1845.965	n/a	NonTarget	1	369193
1846.045	n/a	NonTarget	1	369209
1846.13	n/a	NonTarget	1	369226
1846.215	n/a	NonTarget	1	369243
1846.295	n/a	NonTarget	1	369259
1846.38	n/a	NonTarget	1	369276
1846.46	n/a	NonTarget	1	369292
1846.545	n/a	NonTarget	1	369309
1846.63	n/a	NonTarget	1	369326
1846.715	n/a	NonTarget	1	369343
1846.8	n/a	Target	2	369360
1846.88	n/a	NonTarget	1	369376
1846.965	n/a	NonTarget	1	369393
1847.045	n/a	NonTarget	1	369409
1847.13	n/a	NonTarget	1	369426
1847.215	n/a	NonTarget	1	369443
1847.295	n/a	NonTarget	1	369459
1847.38	n/a	NonTarget	1	369476
1847.465	n/a	NonTarget	1	369493
1847.55	n/a	NonTarget	1	369510
1847.63	n/a	NonTarget	1	369526
1847.715	n/a	NonTarget	1	369543
1847.795	n/a	NonTarget	1	369559
1847.88	n/a	NonTarget	1	369576
1847.965	n/a	NonTarget	1	369593
1848.045	n/a	NonTarget	1	369609
1848.13	n/a	NonTarget	1	369626
1848.215	n/a	NonTarget	1	369643
1848.295	n/a	NonTarget	1	369659
1848.7	n/a	NonTarget	1	369740
1848.78	n/a	NonTarget	1	369756
1848.87	n/a	NonTarget	1	369774
1848.95	n/a	NonTarget	1	369790
1849.03	n/a	NonTarget	1	369806
1849.115	n/a	NonTarget	1	369823
1849.195	n/a	NonTarget	1	369839
1849.28	n/a	NonTarget	1	369856
1849.365	n/a	NonTarget	1	369873
1849.45	n/a	NonTarget	1	369890
1849.535	n/a	NonTarget	1	369907
1849.615	n/a	NonTarget	1	369923
1849.7	n/a	NonTarget	1	369940
1849.785	n/a	NonTarget	1	369957
1849.865	n/a	NonTarget	1	369973
1849.95	n/a	NonTarget	1	369990
1850.035	n/a	NonTarget	1	370007
1850.115	n/a	NonTarget	1	370023
1850.2	n/a	NonTarget	1	370040
1850.28	n/a	NonTarget	1	370056
1850.365	n/a	NonTarget	1	370073
1850.45	n/a	Target	2	370090
1850.535	n/a	NonTarget	1	370107
1850.615	n/a	NonTarget	1	370123
1850.7	n/a	NonTarget	1	370140
1850.785	n/a	NonTarget	1	370157
1850.865	n/a	NonTarget	1	370173
1850.95	n/a	NonTarget	1	370190
1851.03	n/a	NonTarget	1	370206
1851.12	n/a	NonTarget	1	370224
1851.515	n/a	NonTarget	1	370303
1851.6	n/a	NonTarget	1	370320
1851.68	n/a	NonTarget	1	370336
1851.765	n/a	NonTarget	1	370353
1851.85	n/a	NonTarget	1	370370
1851.93	n/a	NonTarget	1	370386
1852.015	n/a	Target	2	370403
1852.1	n/a	NonTarget	1	370420
1852.185	n/a	NonTarget	1	370437
1852.265	n/a	NonTarget	1	370453
1852.355	n/a	NonTarget	1	370471
1852.435	n/a	NonTarget	1	370487
1852.515	n/a	NonTarget	1	370503
1852.605	n/a	NonTarget	1	370521
1852.685	n/a	NonTarget	1	370537
1852.765	n/a	NonTarget	1	370553
1852.85	n/a	NonTarget	1	370570
1852.935	n/a	NonTarget	1	370587
1853.02	n/a	NonTarget	1	370604
1853.1	n/a	NonTarget	1	370620
1853.185	n/a	NonTarget	1	370637
1853.27	n/a	NonTarget	1	370654
1853.355	n/a	NonTarget	1	370671
1853.435	n/a	NonTarget	1	370687
1853.52	n/a	NonTarget	1	370704
1853.605	n/a	NonTarget	1	370721
1853.685	n/a	NonTarget	1	370737
1853.77	n/a	NonTarget	1	370754
1853.85	n/a	NonTarget	1	370770
1853.935	n/a	NonTarget	1	370787
1854.335	n/a	NonTarget	1	370867
1854.42	n/a	NonTarget	1	370884
1854.505	n/a	NonTarget	1	370901
1854.585	n/a	NonTarget	1	370917
1854.67	n/a	NonTarget	1	370934
1854.755	n/a	NonTarget	1	370951
1854.835	n/a	NonTarget	1	370967
1854.92	n/a	NonTarget	1	370984
1855.005	n/a	NonTarget	1	371001
1855.085	n/a	NonTarget	1	371017
1855.17	n/a	NonTarget	1	371034
1855.255	n/a	NonTarget	1	371051
1855.335	n/a	NonTarget	1	371067
1855.42	n/a	NonTarget	1	371084
1855.505	n/a	NonTarget	1	371101
1855.59	n/a	NonTarget	1	371118
1855.67	n/a	Target	2	371134
1855.755	n/a	NonTarget	1	371151
1855.835	n/a	NonTarget	1	371167
1855.92	n/a	NonTarget	1	371184
1856.005	n/a	NonTarget	1	371201
1856.085	n/a	NonTarget	1	371217
1856.17	n/a	NonTarget	1	371234
1856.255	n/a	NonTarget	1	371251
1856.34	n/a	NonTarget	1	371268
1856.42	n/a	NonTarget	1	371284
1856.505	n/a	NonTarget	1	371301
1856.585	n/a	NonTarget	1	371317
1856.675	n/a	NonTarget	1	371335
1856.755	n/a	NonTarget	1	371351
1857.155	n/a	NonTarget	1	371431
1857.24	n/a	NonTarget	1	371448
1857.32	n/a	NonTarget	1	371464
1857.405	n/a	NonTarget	1	371481
1857.49	n/a	NonTarget	1	371498
1857.575	n/a	NonTarget	1	371515
1857.655	n/a	NonTarget	1	371531
1857.74	n/a	NonTarget	1	371548
1857.82	n/a	NonTarget	1	371564
1857.905	n/a	NonTarget	1	371581
1857.99	n/a	NonTarget	1	371598
1858.07	n/a	NonTarget	1	371614
1858.155	n/a	NonTarget	1	371631
1858.24	n/a	NonTarget	1	371648
1858.325	n/a	NonTarget	1	371665
1858.405	n/a	NonTarget	1	371681
1858.49	n/a	NonTarget	1	371698
1858.57	n/a	NonTarget	1	371714
1858.655	n/a	NonTarget	1	371731
1858.74	n/a	NonTarget	1	371748
1858.82	n/a	NonTarget	1	371764
1858.905	n/a	Target	2	371781
1858.995	n/a	NonTarget	1	371799
1859.07	n/a	NonTarget	1	371814
1859.16	n/a	NonTarget	1	371832
1859.24	n/a	NonTarget	1	371848
1859.325	n/a	NonTarget	1	371865
1859.405	n/a	NonTarget	1	371881
1859.49	n/a	NonTarget	1	371898
1859.57	n/a	NonTarget	1	371914
1859.975	n/a	NonTarget	1	371995
1860.06	n/a	NonTarget	1	372012
1860.14	n/a	NonTarget	1	372028
1860.225	n/a	NonTarget	1	372045
1860.305	n/a	NonTarget	1	372061
1860.39	n/a	NonTarget	1	372078
1860.47	n/a	NonTarget	1	372094
1860.555	n/a	NonTarget	1	372111
1860.64	n/a	NonTarget	1	372128
1860.725	n/a	NonTarget	1	372145
1860.805	n/a	NonTarget	1	372161
1860.89	n/a	NonTarget	1	372178
1860.975	n/a	NonTarget	1	372195
1861.06	n/a	NonTarget	1	372212
1861.14	n/a	NonTarget	1	372228
1861.225	n/a	NonTarget	1	372245
1861.31	n/a	NonTarget	1	372262
1861.39	n/a	NonTarget	1	372278
1861.475	n/a	NonTarget	1	372295
1861.56	n/a	NonTarget	1	372312
1861.64	n/a	NonTarget	1	372328
1861.725	n/a	Target	2	372345
1861.805	n/a	NonTarget	1	372361
1861.89	n/a	NonTarget	1	372378
1861.975	n/a	NonTarget	1	372395
1862.06	n/a	NonTarget	1	372412
1862.14	n/a	NonTarget	1	372428
1862.225	n/a	NonTarget	1	372445
1862.31	n/a	NonTarget	1	372462
1862.39	n/a	NonTarget	1	372478
1862.79	n/a	NonTarget	1	372558
1862.875	n/a	NonTarget	1	372575
1862.96	n/a	NonTarget	1	372592
1863.04	n/a	NonTarget	1	372608
1863.125	n/a	NonTarget	1	372625
1863.21	n/a	NonTarget	1	372642
1863.29	n/a	NonTarget	1	372658
1863.38	n/a	NonTarget	1	372676
1863.46	n/a	NonTarget	1	372692
1863.54	n/a	NonTarget	1	372708
1863.625	n/a	NonTarget	1	372725
1863.71	n/a	NonTarget	1	372742
1863.79	n/a	NonTarget	1	372758
1863.875	n/a	NonTarget	1	372775
1863.96	n/a	NonTarget	1	372792
1864.045	n/a	NonTarget	1	372809
1864.125	n/a	NonTarget	1	372825
1864.21	n/a	NonTarget	1	372842
1864.295	n/a	NonTarget	1	372859
1864.38	n/a	NonTarget	1	372876
1864.46	n/a	NonTarget	1	372892
1864.545	n/a	NonTarget	1	372909
1864.63	n/a	NonTarget	1	372926
1864.715	n/a	NonTarget	1	372943
1864.795	n/a	NonTarget	1	372959
1864.875	n/a	NonTarget	1	372975
1864.96	n/a	Target	2	372992
1865.045	n/a	NonTarget	1	373009
1865.125	n/a	NonTarget	1	373025
1865.21	n/a	NonTarget	1	373042
1865.61	n/a	NonTarget	1	373122
1865.695	n/a	NonTarget	1	373139
1865.78	n/a	NonTarget	1	373156
1865.86	n/a	NonTarget	1	373172
1865.945	n/a	NonTarget	1	373189
1866.025	n/a	NonTarget	1	373205
1866.115	n/a	Target	2	373223
1866.195	n/a	NonTarget	1	373239
1866.275	n/a	NonTarget	1	373255
1866.36	n/a	NonTarget	1	373272
1866.445	n/a	NonTarget	1	373289
1866.525	n/a	NonTarget	1	373305
1866.61	n/a	NonTarget	1	373322
1866.695	n/a	NonTarget	1	373339
1866.775	n/a	NonTarget	1	373355
1866.865	n/a	NonTarget	1	373373
1866.945	n/a	NonTarget	1	373389
1867.025	n/a	NonTarget	1	373405
1867.115	n/a	NonTarget	1	373423
1867.195	n/a	NonTarget	1	373439
1867.28	n/a	NonTarget	1	373456
1867.36	n/a	NonTarget	1	373472
1867.445	n/a	NonTarget	1	373489
1867.53	n/a	NonTarget	1	373506
1867.61	n/a	NonTarget	1	373522
1867.7	n/a	NonTarget	1	373540
1867.78	n/a	NonTarget	1	373556
1867.865	n/a	NonTarget	1	373573
1867.95	n/a	NonTarget	1	373590
1868.03	n/a	NonTarget	1	373606
1877.28	n/a	NonTarget	1	375456
1877.37	n/a	NonTarget	1	375474
1877.45	n/a	Target	2	375490
1877.54	n/a	NonTarget	1	375508
1877.62	n/a	NonTarget	1	375524
1877.705	n/a	NonTarget	1	375541
1877.785	n/a	NonTarget	1	375557
1877.87	n/a	NonTarget	1	375574
1877.955	n/a	NonTarget	1	375591
1878.035	n/a	NonTarget	1	375607
1878.12	n/a	NonTarget	1	375624
1878.205	n/a	NonTarget	1	375641
1878.285	n/a	NonTarget	1	375657
1878.37	n/a	NonTarget	1	375674
1878.455	n/a	NonTarget	1	375691
1878.54	n/a	NonTarget	1	375708
1878.62	n/a	NonTarget	1	375724
1878.705	n/a	NonTarget	1	375741
1878.79	n/a	NonTarget	1	375758
1878.87	n/a	NonTarget	1	375774
1878.955	n/a	NonTarget	1	375791
1879.035	n/a	NonTarget	1	375807
1879.12	n/a	NonTarget	1	375824
1879.205	n/a	NonTarget	1	375841
1879.285	n/a	NonTarget	1	375857
1879.37	n/a	NonTarget	1	375874
1879.455	n/a	NonTarget	1	375891
1879.54	n/a	NonTarget	1	375908
1879.62	n/a	NonTarget	1	375924
1879.705	n/a	NonTarget	1	375941
1880.105	n/a	NonTarget	1	376021
1880.19	n/a	NonTarget	1	376038
1880.27	n/a	NonTarget	1	376054
1880.355	n/a	NonTarget	1	376071
1880.435	n/a	NonTarget	1	376087
1880.52	n/a	NonTarget	1	376104
1880.605	n/a	NonTarget	1	376121
1880.69	n/a	NonTarget	1	376138
1880.775	n/a	NonTarget	1	376155
1880.855	n/a	NonTarget	1	376171
1880.94	n/a	NonTarget	1	376188
1881.025	n/a	NonTarget	1	376205
1881.105	n/a	NonTarget	1	376221
1881.19	n/a	NonTarget	1	376238
1881.275	n/a	NonTarget	1	376255
1881.355	n/a	NonTarget	1	376271
1881.44	n/a	NonTarget	1	376288
1881.525	n/a	Target	2	376305
1881.605	n/a	NonTarget	1	376321
1881.69	n/a	NonTarget	1	376338
1881.775	n/a	NonTarget	1	376355
1881.855	n/a	NonTarget	1	376371
1881.94	n/a	NonTarget	1	376388
1882.025	n/a	NonTarget	1	376405
1882.11	n/a	NonTarget	1	376422
1882.19	n/a	NonTarget	1	376438
1882.275	n/a	NonTarget	1	376455
1882.355	n/a	NonTarget	1	376471
1882.44	n/a	NonTarget	1	376488
1882.525	n/a	NonTarget	1	376505
1882.925	n/a	NonTarget	1	376585
1883.005	n/a	NonTarget	1	376601
1883.09	n/a	Target	2	376618
1883.175	n/a	NonTarget	1	376635
1883.255	n/a	NonTarget	1	376651
1883.34	n/a	NonTarget	1	376668
1883.425	n/a	NonTarget	1	376685
1883.505	n/a	NonTarget	1	376701
1883.59	n/a	NonTarget	1	376718
1883.675	n/a	NonTarget	1	376735
1883.76	n/a	NonTarget	1	376752
1883.84	n/a	NonTarget	1	376768
1883.925	n/a	NonTarget	1	376785
1884.005	n/a	NonTarget	1	376801
1884.09	n/a	NonTarget	1	376818
1884.175	n/a	NonTarget	1	376835
1884.26	n/a	NonTarget	1	376852
1884.345	n/a	NonTarget	1	376869
1884.425	n/a	NonTarget	1	376885
1884.51	n/a	NonTarget	1	376902
1884.595	n/a	NonTarget	1	376919
1884.675	n/a	NonTarget	1	376935
1884.76	n/a	NonTarget	1	376952
1884.84	n/a	NonTarget	1	376968
1884.925	n/a	NonTarget	1	376985
1885.005	n/a	NonTarget	1	377001
1885.09	n/a	NonTarget	1	377018
1885.175	n/a	NonTarget	1	377035
1885.26	n/a	NonTarget	1	377052
1885.34	n/a	NonTarget	1	377068
1885.74	n/a	NonTarget	1	377148
1885.825	n/a	NonTarget	1	377165
1885.91	n/a	NonTarget	1	377182
1885.995	n/a	NonTarget	1	377199
1886.08	n/a	NonTarget	1	377216
1886.16	n/a	NonTarget	1	377232
1886.245	n/a	NonTarget	1	377249
1886.325	n/a	NonTarget	1	377265
1886.41	n/a	NonTarget	1	377282
1886.495	n/a	NonTarget	1	377299
1886.575	n/a	NonTarget	1	377315
1886.66	n/a	NonTarget	1	377332
1886.745	n/a	Target	2	377349
1886.825	n/a	NonTarget	1	377365
1886.91	n/a	NonTarget	1	377382
1886.995	n/a	NonTarget	1	377399
1887.08	n/a	NonTarget	1	377416
1887.165	n/a	NonTarget	1	377433
1887.245	n/a	NonTarget	1	377449
1887.325	n/a	NonTarget	1	377465
1887.41	n/a	NonTarget	1	377482
1887.495	n/a	NonTarget	1	377499
1887.575	n/a	NonTarget	1	377515
1887.66	n/a	NonTarget	1	377532
1887.745	n/a	NonTarget	1	377549
1887.83	n/a	NonTarget	1	377566
1887.91	n/a	NonTarget	1	377582
1887.995	n/a	NonTarget	1	377599
1888.08	n/a	NonTarget	1	377616
1888.16	n/a	NonTarget	1	377632
1888.56	n/a	NonTarget	1	377712
1888.645	n/a	NonTarget	1	377729
1888.73	n/a	Target	2	377746
1888.81	n/a	NonTarget	1	377762
1888.9	n/a	NonTarget	1	377780
1888.98	n/a	NonTarget	1	377796
1889.06	n/a	NonTarget	1	377812
1889.15	n/a	NonTarget	1	377830
1889.23	n/a	NonTarget	1	377846
1889.31	n/a	NonTarget	1	377862
1889.395	n/a	NonTarget	1	377879
1889.48	n/a	NonTarget	1	377896
1889.56	n/a	NonTarget	1	377912
1889.645	n/a	NonTarget	1	377929
1889.73	n/a	NonTarget	1	377946
1889.81	n/a	NonTarget	1	377962
1889.895	n/a	NonTarget	1	377979
1889.975	n/a	NonTarget	1	377995
1890.065	n/a	NonTarget	1	378013
1890.15	n/a	NonTarget	1	378030
1890.23	n/a	NonTarget	1	378046
1890.31	n/a	NonTarget	1	378062
1890.395	n/a	NonTarget	1	378079
1890.48	n/a	NonTarget	1	378096
1890.56	n/a	NonTarget	1	378112
1890.645	n/a	NonTarget	1	378129
1890.73	n/a	NonTarget	1	378146
1890.81	n/a	NonTarget	1	378162
1890.895	n/a	NonTarget	1	378179
1890.98	n/a	NonTarget	1	378196
1891.38	n/a	NonTarget	1	378276
1891.465	n/a	NonTarget	1	378293
1891.545	n/a	NonTarget	1	378309
1891.63	n/a	NonTarget	1	378326
1891.715	n/a	NonTarget	1	378343
1891.795	n/a	NonTarget	1	378359
1891.88	n/a	NonTarget	1	378376
1891.96	n/a	NonTarget	1	378392
1892.045	n/a	NonTarget	1	378409
1892.13	n/a	NonTarget	1	378426
1892.215	n/a	NonTarget	1	378443
1892.3	n/a	NonTarget	1	378460
1892.38	n/a	NonTarget	1	378476
1892.465	n/a	NonTarget	1	378493
1892.55	n/a	NonTarget	1	378510
1892.63	n/a	NonTarget	1	378526
1892.715	n/a	NonTarget	1	378543
1892.8	n/a	Target	2	378560
1892.88	n/a	NonTarget	1	378576
1892.965	n/a	NonTarget	1	378593
1893.05	n/a	NonTarget	1	378610
1893.13	n/a	NonTarget	1	378626
1893.215	n/a	NonTarget	1	378643
1893.3	n/a	NonTarget	1	378660
1893.38	n/a	NonTarget	1	378676
1893.465	n/a	NonTarget	1	378693
1893.545	n/a	NonTarget	1	378709
1893.635	n/a	NonTarget	1	378727
1893.715	n/a	NonTarget	1	378743
1893.8	n/a	NonTarget	1	378760
1894.2	n/a	NonTarget	1	378840
1894.28	n/a	NonTarget	1	378856
1894.365	n/a	Target	2	378873
1894.45	n/a	NonTarget	1	378890
1894.53	n/a	NonTarget	1	378906
1894.615	n/a	NonTarget	1	378923
1894.695	n/a	NonTarget	1	378939
1894.78	n/a	NonTarget	1	378956
1894.865	n/a	NonTarget	1	378973
1894.95	n/a	NonTarget	1	378990
1895.03	n/a	NonTarget	1	379006
1895.115	n/a	NonTarget	1	379023
1895.2	n/a	NonTarget	1	379040
1895.285	n/a	NonTarget	1	379057
1895.365	n/a	NonTarget	1	379073
1895.45	n/a	NonTarget	1	379090
1895.535	n/a	NonTarget	1	379107
1895.615	n/a	NonTarget	1	379123
1895.7	n/a	NonTarget	1	379140
1895.785	n/a	NonTarget	1	379157
1895.87	n/a	NonTarget	1	379174
1895.95	n/a	NonTarget	1	379190
1896.035	n/a	NonTarget	1	379207
1896.115	n/a	NonTarget	1	379223
1896.2	n/a	NonTarget	1	379240
1896.285	n/a	NonTarget	1	379257
1896.37	n/a	NonTarget	1	379274
1896.45	n/a	NonTarget	1	379290
1896.535	n/a	NonTarget	1	379307
1896.62	n/a	NonTarget	1	379324
1897.02	n/a	NonTarget	1	379404
1897.1	n/a	NonTarget	1	379420
1897.185	n/a	NonTarget	1	379437
1897.27	n/a	NonTarget	1	379454
1897.35	n/a	NonTarget	1	379470
1897.435	n/a	NonTarget	1	379487
1897.515	n/a	NonTarget	1	379503
1897.6	n/a	NonTarget	1	379520
1897.685	n/a	NonTarget	1	379537
1897.77	n/a	NonTarget	1	379554
1897.855	n/a	NonTarget	1	379571
1897.935	n/a	NonTarget	1	379587
1898.02	n/a	NonTarget	1	379604
1898.1	n/a	NonTarget	1	379620
1898.185	n/a	NonTarget	1	379637
1898.27	n/a	NonTarget	1	379654
1898.355	n/a	NonTarget	1	379671
1898.435	n/a	NonTarget	1	379687
1898.52	n/a	NonTarget	1	379704
1898.6	n/a	NonTarget	1	379720
1898.685	n/a	NonTarget	1	379737
1898.77	n/a	NonTarget	1	379754
1898.85	n/a	Target	2	379770
1898.94	n/a	NonTarget	1	379788
1899.02	n/a	NonTarget	1	379804
1899.105	n/a	NonTarget	1	379821
1899.185	n/a	NonTarget	1	379837
1899.27	n/a	NonTarget	1	379854
1899.355	n/a	NonTarget	1	379871
1899.435	n/a	NonTarget	1	379887
1899.835	n/a	NonTarget	1	379967
1899.92	n/a	NonTarget	1	379984
1900.005	n/a	Target	2	380001
1900.085	n/a	NonTarget	1	380017
1900.17	n/a	NonTarget	1	380034
1900.255	n/a	NonTarget	1	380051
1900.335	n/a	NonTarget	1	380067
1900.42	n/a	NonTarget	1	380084
1900.505	n/a	NonTarget	1	380101
1900.585	n/a	NonTarget	1	380117
1900.67	n/a	NonTarget	1	380134
1900.755	n/a	NonTarget	1	380151
1900.84	n/a	NonTarget	1	380168
1900.92	n/a	NonTarget	1	380184
1901.005	n/a	NonTarget	1	380201
1901.09	n/a	NonTarget	1	380218
1901.17	n/a	NonTarget	1	380234
1901.255	n/a	NonTarget	1	380251
1901.335	n/a	NonTarget	1	380267
1901.42	n/a	NonTarget	1	380284
1901.505	n/a	NonTarget	1	380301
1901.585	n/a	NonTarget	1	380317
1901.67	n/a	NonTarget	1	380334
1901.755	n/a	NonTarget	1	380351
1901.835	n/a	NonTarget	1	380367
1901.92	n/a	NonTarget	1	380384
1902.005	n/a	NonTarget	1	380401
1902.09	n/a	NonTarget	1	380418
1902.17	n/a	NonTarget	1	380434
1902.255	n/a	NonTarget	1	380451
1902.655	n/a	NonTarget	1	380531
1902.74	n/a	NonTarget	1	380548
1902.825	n/a	NonTarget	1	380565
1902.905	n/a	NonTarget	1	380581
1902.99	n/a	NonTarget	1	380598
1903.07	n/a	NonTarget	1	380614
1903.155	n/a	NonTarget	1	380631
1903.24	n/a	Target	2	380648
1903.325	n/a	NonTarget	1	380665
1903.405	n/a	NonTarget	1	380681
1903.49	n/a	NonTarget	1	380698
1903.57	n/a	NonTarget	1	380714
1903.655	n/a	NonTarget	1	380731
1903.74	n/a	NonTarget	1	380748
1903.825	n/a	NonTarget	1	380765
1903.91	n/a	NonTarget	1	380782
1903.99	n/a	NonTarget	1	380798
1904.075	n/a	NonTarget	1	380815
1904.16	n/a	NonTarget	1	380832
1904.24	n/a	NonTarget	1	380848
1904.325	n/a	NonTarget	1	380865
1904.41	n/a	NonTarget	1	380882
1904.49	n/a	NonTarget	1	380898
1904.575	n/a	NonTarget	1	380915
1904.655	n/a	NonTarget	1	380931
1904.74	n/a	NonTarget	1	380948
1904.825	n/a	NonTarget	1	380965
1904.91	n/a	NonTarget	1	380982
1904.99	n/a	NonTarget	1	380998
1905.075	n/a	NonTarget	1	381015
1914.31	n/a	NonTarget	1	382862
1914.395	n/a	NonTarget	1	382879
1914.48	n/a	NonTarget	1	382896
1914.565	n/a	NonTarget	1	382913
1914.645	n/a	NonTarget	1	382929
1914.73	n/a	NonTarget	1	382946
1914.81	n/a	NonTarget	1	382962
1914.895	n/a	NonTarget	1	382979
1914.98	n/a	NonTarget	1	382996
1915.065	n/a	NonTarget	1	383013
1915.15	n/a	NonTarget	1	383030
1915.23	n/a	NonTarget	1	383046
1915.32	n/a	NonTarget	1	383064
1915.4	n/a	NonTarget	1	383080
1915.485	n/a	NonTarget	1	383097
1915.565	n/a	Target	2	383113
1915.65	n/a	NonTarget	1	383130
1915.73	n/a	NonTarget	1	383146
1915.815	n/a	NonTarget	1	383163
1915.895	n/a	NonTarget	1	383179
1915.98	n/a	NonTarget	1	383196
1916.065	n/a	NonTarget	1	383213
1916.15	n/a	NonTarget	1	383230
1916.23	n/a	NonTarget	1	383246
1916.315	n/a	NonTarget	1	383263
1916.4	n/a	NonTarget	1	383280
1916.48	n/a	NonTarget	1	383296
1916.565	n/a	NonTarget	1	383313
1916.65	n/a	NonTarget	1	383330
1916.735	n/a	NonTarget	1	383347
1917.13	n/a	NonTarget	1	383426
1917.215	n/a	NonTarget	1	383443
1917.3	n/a	NonTarget	1	383460
1917.385	n/a	NonTarget	1	383477
1917.465	n/a	NonTarget	1	383493
1917.55	n/a	Target	2	383510
1917.635	n/a	NonTarget	1	383527
1917.715	n/a	NonTarget	1	383543
1917.8	n/a	NonTarget	1	383560
1917.88	n/a	NonTarget	1	383576
1917.965	n/a	NonTarget	1	383593
1918.05	n/a	NonTarget	1	383610
1918.135	n/a	NonTarget	1	383627
1918.22	n/a	NonTarget	1	383644
1918.3	n/a	NonTarget	1	383660
1918.385	n/a	NonTarget	1	383677
1918.465	n/a	NonTarget	1	383693
1918.55	n/a	NonTarget	1	383710
1918.635	n/a	NonTarget	1	383727
1918.72	n/a	NonTarget	1	383744
1918.8	n/a	NonTarget	1	383760
1918.88	n/a	NonTarget	1	383776
1918.97	n/a	NonTarget	1	383794
1919.05	n/a	NonTarget	1	383810
1919.135	n/a	NonTarget	1	383827
1919.215	n/a	NonTarget	1	383843
1919.305	n/a	NonTarget	1	383861
1919.385	n/a	NonTarget	1	383877
1919.47	n/a	NonTarget	1	383894
1919.555	n/a	NonTarget	1	383911
1919.95	n/a	NonTarget	1	383990
1920.035	n/a	NonTarget	1	384007
1920.12	n/a	NonTarget	1	384024
1920.205	n/a	NonTarget	1	384041
1920.285	n/a	NonTarget	1	384057
1920.365	n/a	Target	2	384073
1920.45	n/a	NonTarget	1	384090
1920.535	n/a	NonTarget	1	384107
1920.62	n/a	NonTarget	1	384124
1920.705	n/a	NonTarget	1	384141
1920.79	n/a	NonTarget	1	384158
1920.87	n/a	NonTarget	1	384174
1920.955	n/a	NonTarget	1	384191
1921.035	n/a	NonTarget	1	384207
1921.12	n/a	NonTarget	1	384224
1921.205	n/a	NonTarget	1	384241
1921.285	n/a	NonTarget	1	384257
1921.37	n/a	NonTarget	1	384274
1921.45	n/a	NonTarget	1	384290
1921.535	n/a	NonTarget	1	384307
1921.62	n/a	NonTarget	1	384324
1921.705	n/a	NonTarget	1	384341
1921.785	n/a	NonTarget	1	384357
1921.875	n/a	NonTarget	1	384375
1921.955	n/a	NonTarget	1	384391
1922.04	n/a	NonTarget	1	384408
1922.12	n/a	NonTarget	1	384424
1922.2	n/a	NonTarget	1	384440
1922.285	n/a	NonTarget	1	384457
1922.37	n/a	NonTarget	1	384474
1922.77	n/a	Target	2	384554
1922.855	n/a	NonTarget	1	384571
1922.935	n/a	NonTarget	1	384587
1923.02	n/a	NonTarget	1	384604
1923.11	n/a	NonTarget	1	384622
1923.19	n/a	NonTarget	1	384638
1923.27	n/a	NonTarget	1	384654
1923.355	n/a	NonTarget	1	384671
1923.435	n/a	NonTarget	1	384687
1923.52	n/a	NonTarget	1	384704
1923.605	n/a	NonTarget	1	384721
1923.685	n/a	NonTarget	1	384737
1923.77	n/a	NonTarget	1	384754
1923.855	n/a	NonTarget	1	384771
1923.935	n/a	NonTarget	1	384787
1924.025	n/a	NonTarget	1	384805
1924.105	n/a	NonTarget	1	384821
1924.19	n/a	NonTarget	1	384838
1924.27	n/a	NonTarget	1	384854
1924.355	n/a	NonTarget	1	384871
1924.44	n/a	NonTarget	1	384888
1924.52	n/a	NonTarget	1	384904
1924.605	n/a	NonTarget	1	384921
1924.69	n/a	NonTarget	1	384938
1924.77	n/a	NonTarget	1	384954
1924.855	n/a	NonTarget	1	384971
1924.94	n/a	NonTarget	1	384988
1925.02	n/a	NonTarget	1	385004
1925.105	n/a	NonTarget	1	385021
1925.19	n/a	NonTarget	1	385038
1925.59	n/a	Target	2	385118
1925.67	n/a	NonTarget	1	385134
1925.755	n/a	NonTarget	1	385151
1925.84	n/a	NonTarget	1	385168
1925.925	n/a	NonTarget	1	385185
1926.005	n/a	NonTarget	1	385201
1926.09	n/a	NonTarget	1	385218
1926.175	n/a	NonTarget	1	385235
1926.26	n/a	NonTarget	1	385252
1926.335	n/a	NonTarget	1	385267
1926.425	n/a	NonTarget	1	385285
1926.505	n/a	NonTarget	1	385301
1926.59	n/a	NonTarget	1	385318
1926.675	n/a	NonTarget	1	385335
1926.76	n/a	NonTarget	1	385352
1926.84	n/a	NonTarget	1	385368
1926.925	n/a	NonTarget	1	385385
1927.01	n/a	NonTarget	1	385402
1927.09	n/a	NonTarget	1	385418
1927.175	n/a	NonTarget	1	385435
1927.255	n/a	NonTarget	1	385451
1927.345	n/a	NonTarget	1	385469
1927.425	n/a	NonTarget	1	385485
1927.51	n/a	NonTarget	1	385502
1927.59	n/a	NonTarget	1	385518
1927.675	n/a	NonTarget	1	385535
1927.76	n/a	NonTarget	1	385552
1927.84	n/a	NonTarget	1	385568
1927.925	n/a	NonTarget	1	385585
1928.005	n/a	NonTarget	1	385601
1928.405	n/a	Target	2	385681
1928.49	n/a	NonTarget	1	385698
1928.575	n/a	NonTarget	1	385715
1928.655	n/a	NonTarget	1	385731
1928.74	n/a	NonTarget	1	385748
1928.83	n/a	NonTarget	1	385766
1928.91	n/a	NonTarget	1	385782
1928.99	n/a	NonTarget	1	385798
1929.075	n/a	NonTarget	1	385815
1929.16	n/a	NonTarget	1	385832
1929.24	n/a	NonTarget	1	385848
1929.325	n/a	NonTarget	1	385865
1929.41	n/a	NonTarget	1	385882
1929.495	n/a	NonTarget	1	385899
1929.575	n/a	NonTarget	1	385915
1929.66	n/a	NonTarget	1	385932
1929.74	n/a	NonTarget	1	385948
1929.83	n/a	NonTarget	1	385966
1929.91	n/a	NonTarget	1	385982
1929.99	n/a	NonTarget	1	385998
1930.075	n/a	NonTarget	1	386015
1930.16	n/a	NonTarget	1	386032
1930.24	n/a	NonTarget	1	386048
1930.325	n/a	NonTarget	1	386065
1930.41	n/a	NonTarget	1	386082
1930.49	n/a	NonTarget	1	386098
1930.575	n/a	NonTarget	1	386115
1930.66	n/a	NonTarget	1	386132
1930.745	n/a	NonTarget	1	386149
1930.825	n/a	NonTarget	1	386165
1931.225	n/a	NonTarget	1	386245
1931.31	n/a	NonTarget	1	386262
1931.395	n/a	NonTarget	1	386279
1931.475	n/a	NonTarget	1	386295
1931.56	n/a	NonTarget	1	386312
1931.645	n/a	NonTarget	1	386329
1931.725	n/a	NonTarget	1	386345
1931.81	n/a	NonTarget	1	386362
1931.895	n/a	NonTarget	1	386379
1931.975	n/a	NonTarget	1	386395
1932.06	n/a	NonTarget	1	386412
1932.14	n/a	NonTarget	1	386428
1932.225	n/a	NonTarget	1	386445
1932.31	n/a	NonTarget	1	386462
1932.39	n/a	NonTarget	1	386478
1932.475	n/a	NonTarget	1	386495
1932.56	n/a	NonTarget	1	386512
1932.64	n/a	NonTarget	1	386528
1932.725	n/a	NonTarget	1	386545
1932.81	n/a	NonTarget	1	386562
1932.895	n/a	NonTarget	1	386579
1932.975	n/a	NonTarget	1	386595
1933.06	n/a	NonTarget	1	386612
1933.145	n/a	NonTarget	1	386629
1933.23	n/a	NonTarget	1	386646
1933.31	n/a	Target	2	386662
1933.395	n/a	NonTarget	1	386679
1933.48	n/a	NonTarget	1	386696
1933.56	n/a	NonTarget	1	386712
1933.645	n/a	NonTarget	1	386729
1934.05	n/a	NonTarget	1	386810
1934.13	n/a	NonTarget	1	386826
1934.215	n/a	NonTarget	1	386843
1934.295	n/a	NonTarget	1	386859
1934.38	n/a	NonTarget	1	386876
1934.465	n/a	NonTarget	1	386893
1934.545	n/a	NonTarget	1	386909
1934.63	n/a	NonTarget	1	386926
1934.715	n/a	NonTarget	1	386943
1934.795	n/a	NonTarget	1	386959
1934.88	n/a	Target	2	386976
1934.96	n/a	NonTarget	1	386992
1935.045	n/a	NonTarget	1	387009
1935.13	n/a	NonTarget	1	387026
1935.21	n/a	NonTarget	1	387042
1935.3	n/a	NonTarget	1	387060
1935.38	n/a	NonTarget	1	387076
1935.465	n/a	NonTarget	1	387093
1935.545	n/a	NonTarget	1	387109
1935.63	n/a	NonTarget	1	387126
1935.715	n/a	NonTarget	1	387143
1935.795	n/a	NonTarget	1	387159
1935.88	n/a	NonTarget	1	387176
1935.965	n/a	NonTarget	1	387193
1936.05	n/a	NonTarget	1	387210
1936.13	n/a	NonTarget	1	387226
1936.215	n/a	NonTarget	1	387243
1936.295	n/a	NonTarget	1	387259
1936.385	n/a	NonTarget	1	387277
1936.465	n/a	NonTarget	1	387293
1936.865	n/a	NonTarget	1	387373
1936.945	n/a	NonTarget	1	387389
1937.03	n/a	NonTarget	1	387406
1937.115	n/a	NonTarget	1	387423
1937.195	n/a	NonTarget	1	387439
1937.28	n/a	NonTarget	1	387456
1937.365	n/a	NonTarget	1	387473
1937.45	n/a	NonTarget	1	387490
1937.53	n/a	NonTarget	1	387506
1937.615	n/a	NonTarget	1	387523
1937.7	n/a	NonTarget	1	387540
1937.78	n/a	NonTarget	1	387556
1937.865	n/a	NonTarget	1	387573
1937.955	n/a	NonTarget	1	387591
1938.05	n/a	NonTarget	1	387610
1938.13	n/a	NonTarget	1	387626
1938.215	n/a	NonTarget	1	387643
1938.3	n/a	NonTarget	1	387660
1938.385	n/a	NonTarget	1	387677
1938.465	n/a	NonTarget	1	387693
1938.55	n/a	NonTarget	1	387710
1938.63	n/a	NonTarget	1	387726
1938.715	n/a	NonTarget	1	387743
1938.8	n/a	NonTarget	1	387760
1938.88	n/a	NonTarget	1	387776
1938.965	n/a	Target	2	387793
1939.05	n/a	NonTarget	1	387810
1939.135	n/a	NonTarget	1	387827
1939.22	n/a	NonTarget	1	387844
1939.3	n/a	NonTarget	1	387860
1939.7	n/a	NonTarget	1	387940
1939.785	n/a	NonTarget	1	387957
1939.865	n/a	NonTarget	1	387973
1939.95	n/a	NonTarget	1	387990
1940.035	n/a	NonTarget	1	388007
1940.12	n/a	NonTarget	1	388024
1940.2	n/a	NonTarget	1	388040
1940.285	n/a	NonTarget	1	388057
1940.365	n/a	NonTarget	1	388073
1940.45	n/a	NonTarget	1	388090
1940.535	n/a	Target	2	388107
1940.615	n/a	NonTarget	1	388123
1940.7	n/a	NonTarget	1	388140
1940.785	n/a	NonTarget	1	388157
1940.87	n/a	NonTarget	1	388174
1940.955	n/a	NonTarget	1	388191
1941.035	n/a	NonTarget	1	388207
1941.115	n/a	NonTarget	1	388223
1941.205	n/a	NonTarget	1	388241
1941.285	n/a	NonTarget	1	388257
1941.365	n/a	NonTarget	1	388273
1941.45	n/a	NonTarget	1	388290
1941.54	n/a	NonTarget	1	388308
1941.635	n/a	NonTarget	1	388327
1941.715	n/a	NonTarget	1	388343
1941.805	n/a	NonTarget	1	388361
1941.885	n/a	NonTarget	1	388377
1941.97	n/a	NonTarget	1	388394
1942.05	n/a	NonTarget	1	388410
1942.135	n/a	NonTarget	1	388427
1951.455	n/a	NonTarget	1	390291
1951.545	n/a	NonTarget	1	390309
1951.625	n/a	NonTarget	1	390325
1951.71	n/a	Target	2	390342
1951.79	n/a	NonTarget	1	390358
1951.875	n/a	NonTarget	1	390375
1951.955	n/a	NonTarget	1	390391
1952.04	n/a	NonTarget	1	390408
1952.125	n/a	NonTarget	1	390425
1952.21	n/a	NonTarget	1	390442
1952.29	n/a	NonTarget	1	390458
1952.375	n/a	NonTarget	1	390475
1952.46	n/a	NonTarget	1	390492
1952.54	n/a	NonTarget	1	390508
1952.625	n/a	NonTarget	1	390525
1952.71	n/a	NonTarget	1	390542
1952.795	n/a	NonTarget	1	390559
1952.875	n/a	NonTarget	1	390575
1952.96	n/a	NonTarget	1	390592
1953.04	n/a	NonTarget	1	390608
1953.13	n/a	NonTarget	1	390626
1953.21	n/a	NonTarget	1	390642
1953.295	n/a	NonTarget	1	390659
1953.375	n/a	NonTarget	1	390675
1953.46	n/a	NonTarget	1	390692
1953.545	n/a	NonTarget	1	390709
1953.625	n/a	NonTarget	1	390725
1953.715	n/a	NonTarget	1	390743
1953.795	n/a	NonTarget	1	390759
1953.875	n/a	NonTarget	1	390775
1954.275	n/a	NonTarget	1	390855
1954.36	n/a	NonTarget	1	390872
1954.445	n/a	NonTarget	1	390889
1954.525	n/a	NonTarget	1	390905
1954.61	n/a	NonTarget	1	390922
1954.695	n/a	NonTarget	1	390939
1954.775	n/a	NonTarget	1	390955
1954.86	n/a	NonTarget	1	390972
1954.945	n/a	NonTarget	1	390989
1955.03	n/a	NonTarget	1	391006
1955.115	n/a	NonTarget	1	391023
1955.195	n/a	NonTarget	1	391039
1955.28	n/a	NonTarget	1	391056
1955.36	n/a	Target	2	391072
1955.445	n/a	NonTarget	1	391089
1955.53	n/a	NonTarget	1	391106
1955.61	n/a	NonTarget	1	391122
1955.695	n/a	NonTarget	1	391139
1955.78	n/a	NonTarget	1	391156
1955.86	n/a	NonTarget	1	391172
1955.945	n/a	NonTarget	1	391189
1956.03	n/a	NonTarget	1	391206
1956.115	n/a	NonTarget	1	391223
1956.195	n/a	NonTarget	1	391239
1956.275	n/a	NonTarget	1	391255
1956.36	n/a	NonTarget	1	391272
1956.445	n/a	NonTarget	1	391289
1956.53	n/a	NonTarget	1	391306
1956.61	n/a	NonTarget	1	391322
1956.695	n/a	NonTarget	1	391339
1957.095	n/a	NonTarget	1	391419
1957.18	n/a	NonTarget	1	391436
1957.265	n/a	NonTarget	1	391453
1957.345	n/a	NonTarget	1	391469
1957.43	n/a	NonTarget	1	391486
1957.515	n/a	NonTarget	1	391503
1957.595	n/a	NonTarget	1	391519
1957.68	n/a	NonTarget	1	391536
1957.76	n/a	NonTarget	1	391552
1957.845	n/a	NonTarget	1	391569
1957.93	n/a	NonTarget	1	391586
1958.015	n/a	NonTarget	1	391603
1958.095	n/a	NonTarget	1	391619
1958.18	n/a	NonTarget	1	391636
1958.265	n/a	NonTarget	1	391653
1958.345	n/a	NonTarget	1	391669
1958.43	n/a	NonTarget	1	391686
1958.515	n/a	NonTarget	1	391703
1958.6	n/a	Target	2	391720
1958.68	n/a	NonTarget	1	391736
1958.765	n/a	NonTarget	1	391753
1958.845	n/a	NonTarget	1	391769
1958.93	n/a	NonTarget	1	391786
1959.015	n/a	NonTarget	1	391803
1959.1	n/a	NonTarget	1	391820
1959.18	n/a	NonTarget	1	391836
1959.265	n/a	NonTarget	1	391853
1959.345	n/a	NonTarget	1	391869
1959.43	n/a	NonTarget	1	391886
1959.515	n/a	NonTarget	1	391903
1959.915	n/a	NonTarget	1	391983
1960.0	n/a	NonTarget	1	392000
1960.08	n/a	NonTarget	1	392016
1960.165	n/a	NonTarget	1	392033
1960.245	n/a	NonTarget	1	392049
1960.33	n/a	NonTarget	1	392066
1960.42	n/a	NonTarget	1	392084
1960.5	n/a	NonTarget	1	392100
1960.58	n/a	NonTarget	1	392116
1960.665	n/a	NonTarget	1	392133
1960.75	n/a	NonTarget	1	392150
1960.835	n/a	NonTarget	1	392167
1960.915	n/a	NonTarget	1	392183
1961.0	n/a	Target	2	392200
1961.08	n/a	NonTarget	1	392216
1961.165	n/a	NonTarget	1	392233
1961.25	n/a	NonTarget	1	392250
1961.33	n/a	NonTarget	1	392266
1961.415	n/a	NonTarget	1	392283
1961.5	n/a	NonTarget	1	392300
1961.585	n/a	NonTarget	1	392317
1961.67	n/a	NonTarget	1	392334
1961.75	n/a	NonTarget	1	392350
1961.83	n/a	NonTarget	1	392366
1961.915	n/a	NonTarget	1	392383
1962.0	n/a	NonTarget	1	392400
1962.085	n/a	NonTarget	1	392417
1962.165	n/a	NonTarget	1	392433
1962.25	n/a	NonTarget	1	392450
1962.33	n/a	NonTarget	1	392466
1962.735	n/a	NonTarget	1	392547
1962.82	n/a	NonTarget	1	392564
1962.9	n/a	NonTarget	1	392580
1962.99	n/a	NonTarget	1	392598
1963.065	n/a	NonTarget	1	392613
1963.15	n/a	NonTarget	1	392630
1963.235	n/a	NonTarget	1	392647
1963.315	n/a	NonTarget	1	392663
1963.405	n/a	NonTarget	1	392681
1963.485	n/a	NonTarget	1	392697
1963.565	n/a	NonTarget	1	392713
1963.65	n/a	NonTarget	1	392730
1963.735	n/a	NonTarget	1	392747
1963.815	n/a	NonTarget	1	392763
1963.9	n/a	NonTarget	1	392780
1963.985	n/a	NonTarget	1	392797
1964.07	n/a	NonTarget	1	392814
1964.15	n/a	NonTarget	1	392830
1964.235	n/a	Target	2	392847
1964.315	n/a	NonTarget	1	392863
1964.4	n/a	NonTarget	1	392880
1964.485	n/a	NonTarget	1	392897
1964.57	n/a	NonTarget	1	392914
1964.65	n/a	NonTarget	1	392930
1964.735	n/a	NonTarget	1	392947
1964.82	n/a	NonTarget	1	392964
1964.9	n/a	NonTarget	1	392980
1964.985	n/a	NonTarget	1	392997
1965.07	n/a	NonTarget	1	393014
1965.155	n/a	NonTarget	1	393031
1965.555	n/a	NonTarget	1	393111
1965.635	n/a	NonTarget	1	393127
1965.72	n/a	NonTarget	1	393144
1965.8	n/a	NonTarget	1	393160
1965.885	n/a	NonTarget	1	393177
1965.97	n/a	NonTarget	1	393194
1966.055	n/a	NonTarget	1	393211
1966.135	n/a	NonTarget	1	393227
1966.22	n/a	NonTarget	1	393244
1966.3	n/a	NonTarget	1	393260
1966.385	n/a	NonTarget	1	393277
1966.47	n/a	NonTarget	1	393294
1966.555	n/a	NonTarget	1	393311
1966.64	n/a	NonTarget	1	393328
1966.72	n/a	NonTarget	1	393344
1966.8	n/a	NonTarget	1	393360
1966.885	n/a	NonTarget	1	393377
1966.97	n/a	NonTarget	1	393394
1967.055	n/a	Target	2	393411
1967.135	n/a	NonTarget	1	393427
1967.22	n/a	NonTarget	1	393444
1967.305	n/a	NonTarget	1	393461
1967.385	n/a	NonTarget	1	393477
1967.47	n/a	NonTarget	1	393494
1967.555	n/a	NonTarget	1	393511
1967.635	n/a	NonTarget	1	393527
1967.725	n/a	NonTarget	1	393545
1967.805	n/a	NonTarget	1	393561
1967.885	n/a	NonTarget	1	393577
1967.97	n/a	NonTarget	1	393594
1968.375	n/a	NonTarget	1	393675
1968.455	n/a	NonTarget	1	393691
1968.54	n/a	NonTarget	1	393708
1968.62	n/a	NonTarget	1	393724
1968.705	n/a	NonTarget	1	393741
1968.785	n/a	NonTarget	1	393757
1968.875	n/a	NonTarget	1	393775
1968.955	n/a	NonTarget	1	393791
1969.04	n/a	NonTarget	1	393808
1969.12	n/a	NonTarget	1	393824
1969.205	n/a	NonTarget	1	393841
1969.29	n/a	NonTarget	1	393858
1969.37	n/a	NonTarget	1	393874
1969.455	n/a	NonTarget	1	393891
1969.54	n/a	NonTarget	1	393908
1969.62	n/a	NonTarget	1	393924
1969.705	n/a	NonTarget	1	393941
1969.79	n/a	NonTarget	1	393958
1969.875	n/a	Target	2	393975
1969.955	n/a	NonTarget	1	393991
1970.04	n/a	NonTarget	1	394008
1970.12	n/a	NonTarget	1	394024
1970.205	n/a	NonTarget	1	394041
1970.29	n/a	NonTarget	1	394058
1970.37	n/a	NonTarget	1	394074
1970.46	n/a	NonTarget	1	394092
1970.54	n/a	NonTarget	1	394108
1970.625	n/a	NonTarget	1	394125
1970.71	n/a	NonTarget	1	394142
1970.79	n/a	NonTarget	1	394158
1971.195	n/a	NonTarget	1	394239
1971.275	n/a	NonTarget	1	394255
1971.36	n/a	NonTarget	1	394272
1971.44	n/a	NonTarget	1	394288
1971.525	n/a	NonTarget	1	394305
1971.605	n/a	NonTarget	1	394321
1971.69	n/a	NonTarget	1	394338
1971.77	n/a	NonTarget	1	394354
1971.86	n/a	NonTarget	1	394372
1971.94	n/a	NonTarget	1	394388
1972.025	n/a	NonTarget	1	394405
1972.11	n/a	NonTarget	1	394422
1972.19	n/a	NonTarget	1	394438
1972.275	n/a	Target	2	394455
1972.355	n/a	NonTarget	1	394471
1972.44	n/a	NonTarget	1	394488
1972.52	n/a	NonTarget	1	394504
1972.605	n/a	NonTarget	1	394521
1972.69	n/a	NonTarget	1	394538
1972.775	n/a	NonTarget	1	394555
1972.86	n/a	NonTarget	1	394572
1972.94	n/a	NonTarget	1	394588
1973.025	n/a	NonTarget	1	394605
1973.11	n/a	NonTarget	1	394622
1973.195	n/a	NonTarget	1	394639
1973.275	n/a	NonTarget	1	394655
1973.36	n/a	NonTarget	1	394672
1973.44	n/a	NonTarget	1	394688
1973.525	n/a	NonTarget	1	394705
1973.61	n/a	NonTarget	1	394722
1974.01	n/a	NonTarget	1	394802
1974.09	n/a	NonTarget	1	394818
1974.175	n/a	NonTarget	1	394835
1974.26	n/a	Target	2	394852
1974.34	n/a	NonTarget	1	394868
1974.425	n/a	NonTarget	1	394885
1974.51	n/a	NonTarget	1	394902
1974.59	n/a	NonTarget	1	394918
1974.675	n/a	NonTarget	1	394935
1974.76	n/a	NonTarget	1	394952
1974.845	n/a	NonTarget	1	394969
1974.925	n/a	NonTarget	1	394985
1975.01	n/a	NonTarget	1	395002
1975.09	n/a	NonTarget	1	395018
1975.175	n/a	NonTarget	1	395035
1975.26	n/a	NonTarget	1	395052
1975.345	n/a	NonTarget	1	395069
1975.43	n/a	NonTarget	1	395086
1975.51	n/a	NonTarget	1	395102
1975.595	n/a	NonTarget	1	395119
1975.68	n/a	NonTarget	1	395136
1975.76	n/a	NonTarget	1	395152
1975.845	n/a	NonTarget	1	395169
1975.93	n/a	NonTarget	1	395186
1976.01	n/a	NonTarget	1	395202
1976.095	n/a	NonTarget	1	395219
1976.175	n/a	NonTarget	1	395235
1976.26	n/a	NonTarget	1	395252
1976.345	n/a	NonTarget	1	395269
1976.43	n/a	NonTarget	1	395286
1976.825	n/a	NonTarget	1	395365
1976.91	n/a	NonTarget	1	395382
1976.995	n/a	NonTarget	1	395399
1977.08	n/a	NonTarget	1	395416
1977.16	n/a	NonTarget	1	395432
1977.245	n/a	NonTarget	1	395449
1977.33	n/a	NonTarget	1	395466
1977.41	n/a	NonTarget	1	395482
1977.495	n/a	NonTarget	1	395499
1977.575	n/a	NonTarget	1	395515
1977.66	n/a	NonTarget	1	395532
1977.745	n/a	NonTarget	1	395549
1977.83	n/a	NonTarget	1	395566
1977.91	n/a	NonTarget	1	395582
1977.995	n/a	NonTarget	1	395599
1978.08	n/a	NonTarget	1	395616
1978.16	n/a	NonTarget	1	395632
1978.245	n/a	NonTarget	1	395649
1978.33	n/a	NonTarget	1	395666
1978.415	n/a	NonTarget	1	395683
1978.495	n/a	NonTarget	1	395699
1978.58	n/a	NonTarget	1	395716
1978.66	n/a	NonTarget	1	395732
1978.745	n/a	NonTarget	1	395749
1978.825	n/a	NonTarget	1	395765
1978.915	n/a	NonTarget	1	395783
1979.0	n/a	NonTarget	1	395800
1979.08	n/a	NonTarget	1	395816
1979.16	n/a	Target	2	395832
1979.245	n/a	NonTarget	1	395849
1988.5	n/a	NonTarget	1	397700
1988.585	n/a	NonTarget	1	397717
1988.67	n/a	NonTarget	1	397734
1988.755	n/a	NonTarget	1	397751
1988.835	n/a	NonTarget	1	397767
1988.92	n/a	NonTarget	1	397784
1989.005	n/a	NonTarget	1	397801
1989.09	n/a	NonTarget	1	397818
1989.17	n/a	NonTarget	1	397834
1989.25	n/a	NonTarget	1	397850
1989.335	n/a	NonTarget	1	397867
1989.42	n/a	NonTarget	1	397884
1989.505	n/a	NonTarget	1	397901
1989.59	n/a	NonTarget	1	397918
1989.675	n/a	NonTarget	1	397935
1989.755	n/a	NonTarget	1	397951
1989.84	n/a	NonTarget	1	397968
1989.92	n/a	Target	2	397984
1990.005	n/a	NonTarget	1	398001
1990.09	n/a	NonTarget	1	398018
1990.175	n/a	NonTarget	1	398035
1990.255	n/a	NonTarget	1	398051
1990.34	n/a	NonTarget	1	398068
1990.42	n/a	NonTarget	1	398084
1990.505	n/a	NonTarget	1	398101
1990.59	n/a	NonTarget	1	398118
1990.67	n/a	NonTarget	1	398134
1990.755	n/a	NonTarget	1	398151
1990.84	n/a	NonTarget	1	398168
1990.925	n/a	NonTarget	1	398185
1991.325	n/a	NonTarget	1	398265
1991.405	n/a	NonTarget	1	398281
1991.49	n/a	NonTarget	1	398298
1991.575	n/a	NonTarget	1	398315
1991.66	n/a	NonTarget	1	398332
1991.735	n/a	NonTarget	1	398347
1991.82	n/a	NonTarget	1	398364
1991.905	n/a	NonTarget	1	398381
1991.99	n/a	NonTarget	1	398398
1992.075	n/a	NonTarget	1	398415
1992.155	n/a	NonTarget	1	398431
1992.24	n/a	NonTarget	1	398448
1992.32	n/a	NonTarget	1	398464
1992.405	n/a	NonTarget	1	398481
1992.485	n/a	NonTarget	1	398497
1992.575	n/a	NonTarget	1	398515
1992.655	n/a	NonTarget	1	398531
1992.74	n/a	NonTarget	1	398548
1992.82	n/a	NonTarget	1	398564
1992.905	n/a	NonTarget	1	398581
1992.99	n/a	NonTarget	1	398598
1993.07	n/a	NonTarget	1	398614
1993.155	n/a	NonTarget	1	398631
1993.24	n/a	NonTarget	1	398648
1993.32	n/a	NonTarget	1	398664
1993.405	n/a	NonTarget	1	398681
1993.49	n/a	NonTarget	1	398698
1993.575	n/a	Target	2	398715
1993.655	n/a	NonTarget	1	398731
1993.74	n/a	NonTarget	1	398748
1994.14	n/a	NonTarget	1	398828
1994.225	n/a	NonTarget	1	398845
1994.305	n/a	NonTarget	1	398861
1994.39	n/a	NonTarget	1	398878
1994.475	n/a	NonTarget	1	398895
1994.555	n/a	NonTarget	1	398911
1994.64	n/a	NonTarget	1	398928
1994.725	n/a	NonTarget	1	398945
1994.805	n/a	NonTarget	1	398961
1994.895	n/a	NonTarget	1	398979
1994.98	n/a	NonTarget	1	398996
1995.055	n/a	NonTarget	1	399011
1995.145	n/a	NonTarget	1	399029
1995.225	n/a	NonTarget	1	399045
1995.31	n/a	NonTarget	1	399062
1995.39	n/a	NonTarget	1	399078
1995.475	n/a	NonTarget	1	399095
1995.56	n/a	NonTarget	1	399112
1995.64	n/a	NonTarget	1	399128
1995.725	n/a	NonTarget	1	399145
1995.81	n/a	NonTarget	1	399162
1995.89	n/a	NonTarget	1	399178
1995.975	n/a	NonTarget	1	399195
1996.06	n/a	NonTarget	1	399212
1996.14	n/a	NonTarget	1	399228
1996.225	n/a	NonTarget	1	399245
1996.31	n/a	NonTarget	1	399262
1996.39	n/a	Target	2	399278
1996.475	n/a	NonTarget	1	399295
1996.56	n/a	NonTarget	1	399312
1996.96	n/a	NonTarget	1	399392
1997.04	n/a	NonTarget	1	399408
1997.125	n/a	Target	2	399425
1997.21	n/a	NonTarget	1	399442
1997.29	n/a	NonTarget	1	399458
1997.375	n/a	NonTarget	1	399475
1997.46	n/a	NonTarget	1	399492
1997.54	n/a	NonTarget	1	399508
1997.625	n/a	NonTarget	1	399525
1997.71	n/a	NonTarget	1	399542
1997.795	n/a	NonTarget	1	399559
1997.88	n/a	NonTarget	1	399576
1997.96	n/a	NonTarget	1	399592
1998.045	n/a	NonTarget	1	399609
1998.125	n/a	NonTarget	1	399625
1998.21	n/a	NonTarget	1	399642
1998.295	n/a	NonTarget	1	399659
1998.375	n/a	NonTarget	1	399675
1998.46	n/a	NonTarget	1	399692
1998.55	n/a	NonTarget	1	399710
1998.625	n/a	NonTarget	1	399725
1998.71	n/a	NonTarget	1	399742
1998.795	n/a	NonTarget	1	399759
1998.88	n/a	NonTarget	1	399776
1998.96	n/a	NonTarget	1	399792
1999.045	n/a	NonTarget	1	399809
1999.13	n/a	NonTarget	1	399826
1999.21	n/a	NonTarget	1	399842
1999.295	n/a	NonTarget	1	399859
1999.375	n/a	NonTarget	1	399875
1999.78	n/a	NonTarget	1	399956
1999.86	n/a	NonTarget	1	399972
1999.945	n/a	NonTarget	1	399989
2000.03	n/a	NonTarget	1	400006
2000.11	n/a	NonTarget	1	400022
2000.195	n/a	NonTarget	1	400039
2000.275	n/a	NonTarget	1	400055
2000.36	n/a	NonTarget	1	400072
2000.445	n/a	NonTarget	1	400089
2000.53	n/a	NonTarget	1	400106
2000.61	n/a	NonTarget	1	400122
2000.695	n/a	NonTarget	1	400139
2000.78	n/a	Target	2	400156
2000.865	n/a	NonTarget	1	400173
2000.95	n/a	NonTarget	1	400190
2001.03	n/a	NonTarget	1	400206
2001.11	n/a	NonTarget	1	400222
2001.195	n/a	NonTarget	1	400239
2001.28	n/a	NonTarget	1	400256
2001.36	n/a	NonTarget	1	400272
2001.445	n/a	NonTarget	1	400289
2001.53	n/a	NonTarget	1	400306
2001.61	n/a	NonTarget	1	400322
2001.695	n/a	NonTarget	1	400339
2001.785	n/a	NonTarget	1	400357
2001.86	n/a	NonTarget	1	400372
2001.945	n/a	NonTarget	1	400389
2002.03	n/a	NonTarget	1	400406
2002.115	n/a	NonTarget	1	400423
2002.195	n/a	NonTarget	1	400439
2002.595	n/a	NonTarget	1	400519
2002.68	n/a	NonTarget	1	400536
2002.765	n/a	NonTarget	1	400553
2002.845	n/a	NonTarget	1	400569
2002.93	n/a	NonTarget	1	400586
2003.01	n/a	NonTarget	1	400602
2003.1	n/a	NonTarget	1	400620
2003.185	n/a	NonTarget	1	400637
2003.265	n/a	NonTarget	1	400653
2003.345	n/a	NonTarget	1	400669
2003.43	n/a	NonTarget	1	400686
2003.515	n/a	NonTarget	1	400703
2003.6	n/a	NonTarget	1	400720
2003.68	n/a	NonTarget	1	400736
2003.765	n/a	NonTarget	1	400753
2003.85	n/a	NonTarget	1	400770
2003.93	n/a	NonTarget	1	400786
2004.015	n/a	NonTarget	1	400803
2004.095	n/a	NonTarget	1	400819
2004.18	n/a	NonTarget	1	400836
2004.27	n/a	NonTarget	1	400854
2004.355	n/a	NonTarget	1	400871
2004.435	n/a	Target	2	400887
2004.515	n/a	NonTarget	1	400903
2004.6	n/a	NonTarget	1	400920
2004.685	n/a	NonTarget	1	400937
2004.765	n/a	NonTarget	1	400953
2004.85	n/a	NonTarget	1	400970
2004.93	n/a	NonTarget	1	400986
2005.015	n/a	NonTarget	1	401003
2005.42	n/a	NonTarget	1	401084
2005.5	n/a	NonTarget	1	401100
2005.58	n/a	NonTarget	1	401116
2005.665	n/a	NonTarget	1	401133
2005.75	n/a	NonTarget	1	401150
2005.835	n/a	NonTarget	1	401167
2005.915	n/a	NonTarget	1	401183
2006.0	n/a	NonTarget	1	401200
2006.08	n/a	NonTarget	1	401216
2006.165	n/a	NonTarget	1	401233
2006.25	n/a	NonTarget	1	401250
2006.335	n/a	NonTarget	1	401267
2006.415	n/a	NonTarget	1	401283
2006.5	n/a	NonTarget	1	401300
2006.585	n/a	NonTarget	1	401317
2006.67	n/a	NonTarget	1	401334
2006.75	n/a	NonTarget	1	401350
2006.835	n/a	NonTarget	1	401367
2006.92	n/a	NonTarget	1	401384
2007.0	n/a	NonTarget	1	401400
2007.085	n/a	NonTarget	1	401417
2007.165	n/a	NonTarget	1	401433
2007.25	n/a	NonTarget	1	401450
2007.335	n/a	NonTarget	1	401467
2007.415	n/a	NonTarget	1	401483
2007.5	n/a	NonTarget	1	401500
2007.585	n/a	NonTarget	1	401517
2007.665	n/a	Target	2	401533
2007.755	n/a	NonTarget	1	401551
2007.84	n/a	NonTarget	1	401568
2008.25	n/a	NonTarget	1	401650
2008.335	n/a	NonTarget	1	401667
2008.42	n/a	NonTarget	1	401684
2008.505	n/a	NonTarget	1	401701
2008.585	n/a	NonTarget	1	401717
2008.665	n/a	NonTarget	1	401733
2008.75	n/a	NonTarget	1	401750
2008.835	n/a	NonTarget	1	401767
2008.92	n/a	NonTarget	1	401784
2009.0	n/a	NonTarget	1	401800
2009.085	n/a	NonTarget	1	401817
2009.17	n/a	NonTarget	1	401834
2009.25	n/a	Target	2	401850
2009.335	n/a	NonTarget	1	401867
2009.42	n/a	NonTarget	1	401884
2009.5	n/a	NonTarget	1	401900
2009.585	n/a	NonTarget	1	401917
2009.67	n/a	NonTarget	1	401934
2009.755	n/a	NonTarget	1	401951
2009.835	n/a	NonTarget	1	401967
2009.92	n/a	NonTarget	1	401984
2010.005	n/a	NonTarget	1	402001
2010.085	n/a	NonTarget	1	402017
2010.17	n/a	NonTarget	1	402034
2010.255	n/a	NonTarget	1	402051
2010.34	n/a	NonTarget	1	402068
2010.42	n/a	NonTarget	1	402084
2010.505	n/a	NonTarget	1	402101
2010.585	n/a	NonTarget	1	402117
2010.67	n/a	NonTarget	1	402134
2011.07	n/a	NonTarget	1	402214
2011.155	n/a	NonTarget	1	402231
2011.235	n/a	NonTarget	1	402247
2011.32	n/a	NonTarget	1	402264
2011.405	n/a	NonTarget	1	402281
2011.485	n/a	NonTarget	1	402297
2011.57	n/a	NonTarget	1	402314
2011.655	n/a	NonTarget	1	402331
2011.735	n/a	NonTarget	1	402347
2011.82	n/a	NonTarget	1	402364
2011.905	n/a	NonTarget	1	402381
2011.985	n/a	NonTarget	1	402397
2012.07	n/a	Target	2	402414
2012.155	n/a	NonTarget	1	402431
2012.235	n/a	NonTarget	1	402447
2012.32	n/a	NonTarget	1	402464
2012.405	n/a	NonTarget	1	402481
2012.485	n/a	NonTarget	1	402497
2012.57	n/a	NonTarget	1	402514
2012.655	n/a	NonTarget	1	402531
2012.74	n/a	NonTarget	1	402548
2012.82	n/a	NonTarget	1	402564
2012.91	n/a	NonTarget	1	402582
2012.985	n/a	NonTarget	1	402597
2013.07	n/a	NonTarget	1	402614
2013.155	n/a	NonTarget	1	402631
2013.24	n/a	NonTarget	1	402648
2013.32	n/a	NonTarget	1	402664
2013.405	n/a	NonTarget	1	402681
2013.485	n/a	NonTarget	1	402697
2013.885	n/a	NonTarget	1	402777
2013.97	n/a	NonTarget	1	402794
2014.055	n/a	NonTarget	1	402811
2014.14	n/a	NonTarget	1	402828
2014.225	n/a	NonTarget	1	402845
2014.305	n/a	NonTarget	1	402861
2014.39	n/a	NonTarget	1	402878
2014.47	n/a	NonTarget	1	402894
2014.555	n/a	NonTarget	1	402911
2014.635	n/a	NonTarget	1	402927
2014.72	n/a	NonTarget	1	402944
2014.805	n/a	NonTarget	1	402961
2014.89	n/a	NonTarget	1	402978
2014.975	n/a	NonTarget	1	402995
2015.055	n/a	NonTarget	1	403011
2015.14	n/a	NonTarget	1	403028
2015.22	n/a	NonTarget	1	403044
2015.305	n/a	NonTarget	1	403061
2015.39	n/a	NonTarget	1	403078
2015.475	n/a	NonTarget	1	403095
2015.555	n/a	NonTarget	1	403111
2015.64	n/a	NonTarget	1	403128
2015.725	n/a	NonTarget	1	403145
2015.805	n/a	NonTarget	1	403161
2015.89	n/a	NonTarget	1	403178
2015.975	n/a	NonTarget	1	403195
2016.055	n/a	NonTarget	1	403211
2016.14	n/a	Target	2	403228
2016.225	n/a	NonTarget	1	403245
2016.31	n/a	NonTarget	1	403262
2025.58	n/a	NonTarget	1	405116
2025.665	n/a	NonTarget	1	405133
2025.75	n/a	NonTarget	1	405150
2025.83	n/a	Target	2	405166
2025.915	n/a	NonTarget	1	405183
2025.995	n/a	NonTarget	1	405199
2026.08	n/a	NonTarget	1	405216
2026.165	n/a	NonTarget	1	405233
2026.25	n/a	NonTarget	1	405250
2026.33	n/a	NonTarget	1	405266
2026.415	n/a	NonTarget	1	405283
2026.495	n/a	NonTarget	1	405299
2026.585	n/a	NonTarget	1	405317
2026.665	n/a	NonTarget	1	405333
2026.75	n/a	NonTarget	1	405350
2026.83	n/a	NonTarget	1	405366
2026.915	n/a	NonTarget	1	405383
2027.0	n/a	NonTarget	1	405400
2027.08	n/a	NonTarget	1	405416
2027.165	n/a	NonTarget	1	405433
2027.25	n/a	NonTarget	1	405450
2027.335	n/a	NonTarget	1	405467
2027.415	n/a	NonTarget	1	405483
2027.5	n/a	NonTarget	1	405500
2027.585	n/a	NonTarget	1	405517
2027.665	n/a	NonTarget	1	405533
2027.75	n/a	NonTarget	1	405550
2027.835	n/a	NonTarget	1	405567
2027.915	n/a	NonTarget	1	405583
2028.0	n/a	NonTarget	1	405600
2028.4	n/a	NonTarget	1	405680
2028.48	n/a	NonTarget	1	405696
2028.57	n/a	NonTarget	1	405714
2028.65	n/a	NonTarget	1	405730
2028.735	n/a	NonTarget	1	405747
2028.815	n/a	NonTarget	1	405763
2028.9	n/a	NonTarget	1	405780
2028.98	n/a	NonTarget	1	405796
2029.065	n/a	Target	2	405813
2029.15	n/a	NonTarget	1	405830
2029.235	n/a	NonTarget	1	405847
2029.315	n/a	NonTarget	1	405863
2029.4	n/a	NonTarget	1	405880
2029.485	n/a	NonTarget	1	405897
2029.565	n/a	NonTarget	1	405913
2029.65	n/a	NonTarget	1	405930
2029.735	n/a	NonTarget	1	405947
2029.815	n/a	NonTarget	1	405963
2029.905	n/a	NonTarget	1	405981
2029.99	n/a	NonTarget	1	405998
2030.07	n/a	NonTarget	1	406014
2030.15	n/a	NonTarget	1	406030
2030.235	n/a	NonTarget	1	406047
2030.315	n/a	NonTarget	1	406063
2030.4	n/a	NonTarget	1	406080
2030.485	n/a	NonTarget	1	406097
2030.57	n/a	NonTarget	1	406114
2030.65	n/a	NonTarget	1	406130
2030.735	n/a	NonTarget	1	406147
2030.82	n/a	NonTarget	1	406164
2031.215	n/a	NonTarget	1	406243
2031.3	n/a	NonTarget	1	406260
2031.385	n/a	NonTarget	1	406277
2031.47	n/a	NonTarget	1	406294
2031.55	n/a	NonTarget	1	406310
2031.635	n/a	NonTarget	1	406327
2031.72	n/a	NonTarget	1	406344
2031.8	n/a	NonTarget	1	406360
2031.885	n/a	NonTarget	1	406377
2031.97	n/a	NonTarget	1	406394
2032.055	n/a	NonTarget	1	406411
2032.135	n/a	NonTarget	1	406427
2032.215	n/a	NonTarget	1	406443
2032.3	n/a	NonTarget	1	406460
2032.39	n/a	NonTarget	1	406478
2032.47	n/a	NonTarget	1	406494
2032.55	n/a	NonTarget	1	406510
2032.64	n/a	NonTarget	1	406528
2032.72	n/a	NonTarget	1	406544
2032.805	n/a	NonTarget	1	406561
2032.885	n/a	NonTarget	1	406577
2032.97	n/a	NonTarget	1	406594
2033.055	n/a	NonTarget	1	406611
2033.135	n/a	NonTarget	1	406627
2033.22	n/a	NonTarget	1	406644
2033.305	n/a	NonTarget	1	406661
2033.385	n/a	NonTarget	1	406677
2033.47	n/a	NonTarget	1	406694
2033.555	n/a	Target	2	406711
2033.635	n/a	NonTarget	1	406727
2034.035	n/a	NonTarget	1	406807
2034.12	n/a	NonTarget	1	406824
2034.205	n/a	NonTarget	1	406841
2034.29	n/a	NonTarget	1	406858
2034.37	n/a	NonTarget	1	406874
2034.455	n/a	NonTarget	1	406891
2034.535	n/a	NonTarget	1	406907
2034.62	n/a	NonTarget	1	406924
2034.705	n/a	Target	2	406941
2034.79	n/a	NonTarget	1	406958
2034.87	n/a	NonTarget	1	406974
2034.955	n/a	NonTarget	1	406991
2035.035	n/a	NonTarget	1	407007
2035.12	n/a	NonTarget	1	407024
2035.205	n/a	NonTarget	1	407041
2035.285	n/a	NonTarget	1	407057
2035.37	n/a	NonTarget	1	407074
2035.455	n/a	NonTarget	1	407091
2035.54	n/a	NonTarget	1	407108
2035.62	n/a	NonTarget	1	407124
2035.705	n/a	NonTarget	1	407141
2035.79	n/a	NonTarget	1	407158
2035.87	n/a	NonTarget	1	407174
2035.955	n/a	NonTarget	1	407191
2036.04	n/a	NonTarget	1	407208
2036.125	n/a	NonTarget	1	407225
2036.205	n/a	NonTarget	1	407241
2036.29	n/a	NonTarget	1	407258
2036.37	n/a	NonTarget	1	407274
2036.455	n/a	NonTarget	1	407291
2036.855	n/a	NonTarget	1	407371
2036.94	n/a	NonTarget	1	407388
2037.02	n/a	NonTarget	1	407404
2037.105	n/a	NonTarget	1	407421
2037.19	n/a	NonTarget	1	407438
2037.27	n/a	NonTarget	1	407454
2037.355	n/a	NonTarget	1	407471
2037.44	n/a	NonTarget	1	407488
2037.52	n/a	NonTarget	1	407504
2037.605	n/a	NonTarget	1	407521
2037.69	n/a	NonTarget	1	407538
2037.775	n/a	NonTarget	1	407555
2037.855	n/a	NonTarget	1	407571
2037.94	n/a	NonTarget	1	407588
2038.025	n/a	NonTarget	1	407605
2038.105	n/a	NonTarget	1	407621
2038.195	n/a	NonTarget	1	407639
2038.275	n/a	NonTarget	1	407655
2038.36	n/a	Target	2	407672
2038.44	n/a	NonTarget	1	407688
2038.52	n/a	NonTarget	1	407704
2038.605	n/a	NonTarget	1	407721
2038.69	n/a	NonTarget	1	407738
2038.775	n/a	NonTarget	1	407755
2038.855	n/a	NonTarget	1	407771
2038.94	n/a	NonTarget	1	407788
2039.025	n/a	NonTarget	1	407805
2039.11	n/a	NonTarget	1	407822
2039.19	n/a	NonTarget	1	407838
2039.275	n/a	NonTarget	1	407855
2039.675	n/a	NonTarget	1	407935
2039.76	n/a	NonTarget	1	407952
2039.84	n/a	NonTarget	1	407968
2039.925	n/a	NonTarget	1	407985
2040.005	n/a	NonTarget	1	408001
2040.09	n/a	NonTarget	1	408018
2040.175	n/a	NonTarget	1	408035
2040.26	n/a	NonTarget	1	408052
2040.34	n/a	NonTarget	1	408068
2040.425	n/a	NonTarget	1	408085
2040.51	n/a	NonTarget	1	408102
2040.595	n/a	NonTarget	1	408119
2040.675	n/a	NonTarget	1	408135
2040.76	n/a	NonTarget	1	408152
2040.845	n/a	NonTarget	1	408169
2040.925	n/a	NonTarget	1	408185
2041.01	n/a	NonTarget	1	408202
2041.09	n/a	NonTarget	1	408218
2041.175	n/a	Target	2	408235
2041.26	n/a	NonTarget	1	408252
2041.345	n/a	NonTarget	1	408269
2041.425	n/a	NonTarget	1	408285
2041.51	n/a	NonTarget	1	408302
2041.595	n/a	NonTarget	1	408319
2041.675	n/a	NonTarget	1	408335
2041.76	n/a	NonTarget	1	408352
2041.84	n/a	NonTarget	1	408368
2041.925	n/a	NonTarget	1	408385
2042.01	n/a	NonTarget	1	408402
2042.09	n/a	NonTarget	1	408418
2042.495	n/a	NonTarget	1	408499
2042.575	n/a	NonTarget	1	408515
2042.66	n/a	NonTarget	1	408532
2042.745	n/a	NonTarget	1	408549
2042.83	n/a	NonTarget	1	408566
2042.91	n/a	NonTarget	1	408582
2042.99	n/a	NonTarget	1	408598
2043.075	n/a	NonTarget	1	408615
2043.16	n/a	Target	2	408632
2043.245	n/a	NonTarget	1	408649
2043.33	n/a	NonTarget	1	408666
2043.41	n/a	NonTarget	1	408682
2043.49	n/a	NonTarget	1	408698
2043.575	n/a	NonTarget	1	408715
2043.66	n/a	NonTarget	1	408732
2043.745	n/a	NonTarget	1	408749
2043.83	n/a	NonTarget	1	408766
2043.91	n/a	NonTarget	1	408782
2043.995	n/a	NonTarget	1	408799
2044.075	n/a	NonTarget	1	408815
2044.16	n/a	NonTarget	1	408832
2044.245	n/a	NonTarget	1	408849
2044.33	n/a	NonTarget	1	408866
2044.41	n/a	NonTarget	1	408882
2044.495	n/a	NonTarget	1	408899
2044.58	n/a	NonTarget	1	408916
2044.66	n/a	NonTarget	1	408932
2044.745	n/a	NonTarget	1	408949
2044.83	n/a	NonTarget	1	408966
2044.915	n/a	NonTarget	1	408983
2045.31	n/a	NonTarget	1	409062
2045.395	n/a	NonTarget	1	409079
2045.475	n/a	NonTarget	1	409095
2045.565	n/a	NonTarget	1	409113
2045.645	n/a	NonTarget	1	409129
2045.73	n/a	NonTarget	1	409146
2045.81	n/a	NonTarget	1	409162
2045.895	n/a	NonTarget	1	409179
2045.98	n/a	NonTarget	1	409196
2046.065	n/a	NonTarget	1	409213
2046.15	n/a	NonTarget	1	409230
2046.23	n/a	NonTarget	1	409246
2046.315	n/a	NonTarget	1	409263
2046.4	n/a	NonTarget	1	409280
2046.48	n/a	NonTarget	1	409296
2046.56	n/a	NonTarget	1	409312
2046.645	n/a	NonTarget	1	409329
2046.73	n/a	NonTarget	1	409346
2046.81	n/a	NonTarget	1	409362
2046.895	n/a	NonTarget	1	409379
2046.98	n/a	NonTarget	1	409396
2047.065	n/a	NonTarget	1	409413
2047.15	n/a	NonTarget	1	409430
2047.23	n/a	Target	2	409446
2047.315	n/a	NonTarget	1	409463
2047.395	n/a	NonTarget	1	409479
2047.48	n/a	NonTarget	1	409496
2047.565	n/a	NonTarget	1	409513
2047.645	n/a	NonTarget	1	409529
2047.73	n/a	NonTarget	1	409546
2048.13	n/a	NonTarget	1	409626
2048.215	n/a	NonTarget	1	409643
2048.3	n/a	NonTarget	1	409660
2048.385	n/a	NonTarget	1	409677
2048.465	n/a	NonTarget	1	409693
2048.55	n/a	NonTarget	1	409710
2048.63	n/a	NonTarget	1	409726
2048.715	n/a	NonTarget	1	409743
2048.795	n/a	NonTarget	1	409759
2048.88	n/a	NonTarget	1	409776
2048.965	n/a	NonTarget	1	409793
2049.05	n/a	NonTarget	1	409810
2049.13	n/a	NonTarget	1	409826
2049.215	n/a	Target	2	409843
2049.295	n/a	NonTarget	1	409859
2049.385	n/a	NonTarget	1	409877
2049.465	n/a	NonTarget	1	409893
2049.545	n/a	NonTarget	1	409909
2049.63	n/a	NonTarget	1	409926
2049.715	n/a	NonTarget	1	409943
2049.8	n/a	NonTarget	1	409960
2049.885	n/a	NonTarget	1	409977
2049.965	n/a	NonTarget	1	409993
2050.05	n/a	NonTarget	1	410010
2050.13	n/a	NonTarget	1	410026
2050.215	n/a	NonTarget	1	410043
2050.3	n/a	NonTarget	1	410060
2050.385	n/a	NonTarget	1	410077
2050.465	n/a	NonTarget	1	410093
2050.55	n/a	NonTarget	1	410110
2050.95	n/a	NonTarget	1	410190
2051.03	n/a	NonTarget	1	410206
2051.12	n/a	NonTarget	1	410224
2051.2	n/a	NonTarget	1	410240
2051.285	n/a	NonTarget	1	410257
2051.365	n/a	NonTarget	1	410273
2051.45	n/a	NonTarget	1	410290
2051.535	n/a	NonTarget	1	410307
2051.615	n/a	NonTarget	1	410323
2051.7	n/a	NonTarget	1	410340
2051.785	n/a	NonTarget	1	410357
2051.865	n/a	NonTarget	1	410373
2051.95	n/a	NonTarget	1	410390
2052.035	n/a	Target	2	410407
2052.12	n/a	NonTarget	1	410424
2052.2	n/a	NonTarget	1	410440
2052.285	n/a	NonTarget	1	410457
2052.365	n/a	NonTarget	1	410473
2052.45	n/a	NonTarget	1	410490
2052.535	n/a	NonTarget	1	410507
2052.615	n/a	NonTarget	1	410523
2052.7	n/a	NonTarget	1	410540
2052.785	n/a	NonTarget	1	410557
2052.87	n/a	NonTarget	1	410574
2052.95	n/a	NonTarget	1	410590
2053.035	n/a	NonTarget	1	410607
2053.115	n/a	NonTarget	1	410623
2053.2	n/a	NonTarget	1	410640
2053.285	n/a	NonTarget	1	410657
2053.37	n/a	NonTarget	1	410674
2062.655	n/a	NonTarget	1	412531
2062.74	n/a	NonTarget	1	412548
2062.825	n/a	NonTarget	1	412565
2062.91	n/a	NonTarget	1	412582
2062.99	n/a	NonTarget	1	412598
2063.075	n/a	NonTarget	1	412615
2063.16	n/a	NonTarget	1	412632
2063.24	n/a	NonTarget	1	412648
2063.325	n/a	NonTarget	1	412665
2063.41	n/a	NonTarget	1	412682
2063.49	n/a	NonTarget	1	412698
2063.575	n/a	NonTarget	1	412715
2063.66	n/a	NonTarget	1	412732
2063.745	n/a	NonTarget	1	412749
2063.825	n/a	NonTarget	1	412765
2063.91	n/a	NonTarget	1	412782
2063.99	n/a	NonTarget	1	412798
2064.075	n/a	NonTarget	1	412815
2064.16	n/a	NonTarget	1	412832
2064.24	n/a	NonTarget	1	412848
2064.325	n/a	NonTarget	1	412865
2064.41	n/a	NonTarget	1	412882
2064.495	n/a	NonTarget	1	412899
2064.575	n/a	NonTarget	1	412915
2064.66	n/a	NonTarget	1	412932
2064.745	n/a	NonTarget	1	412949
2064.825	n/a	NonTarget	1	412965
2064.91	n/a	Target	2	412982
2064.995	n/a	NonTarget	1	412999
2065.08	n/a	NonTarget	1	413016
2065.475	n/a	NonTarget	1	413095
2065.56	n/a	NonTarget	1	413112
2065.645	n/a	NonTarget	1	413129
2065.725	n/a	NonTarget	1	413145
2065.81	n/a	NonTarget	1	413162
2065.895	n/a	NonTarget	1	413179
2065.975	n/a	NonTarget	1	413195
2066.06	n/a	NonTarget	1	413212
2066.145	n/a	NonTarget	1	413229
2066.225	n/a	NonTarget	1	413245
2066.315	n/a	NonTarget	1	413263
2066.395	n/a	NonTarget	1	413279
2066.48	n/a	NonTarget	1	413296
2066.56	n/a	NonTarget	1	413312
2066.645	n/a	NonTarget	1	413329
2066.73	n/a	NonTarget	1	413346
2066.81	n/a	NonTarget	1	413362
2066.895	n/a	NonTarget	1	413379
2066.98	n/a	NonTarget	1	413396
2067.06	n/a	NonTarget	1	413412
2067.145	n/a	NonTarget	1	413429
2067.23	n/a	NonTarget	1	413446
2067.31	n/a	NonTarget	1	413462
2067.395	n/a	NonTarget	1	413479
2067.475	n/a	NonTarget	1	413495
2067.56	n/a	NonTarget	1	413512
2067.645	n/a	NonTarget	1	413529
2067.73	n/a	Target	2	413546
2067.81	n/a	NonTarget	1	413562
2067.895	n/a	NonTarget	1	413579
2068.295	n/a	NonTarget	1	413659
2068.38	n/a	NonTarget	1	413676
2068.465	n/a	Target	2	413693
2068.55	n/a	NonTarget	1	413710
2068.63	n/a	NonTarget	1	413726
2068.71	n/a	NonTarget	1	413742
2068.795	n/a	NonTarget	1	413759
2068.88	n/a	NonTarget	1	413776
2068.965	n/a	NonTarget	1	413793
2069.045	n/a	NonTarget	1	413809
2069.13	n/a	NonTarget	1	413826
2069.215	n/a	NonTarget	1	413843
2069.295	n/a	NonTarget	1	413859
2069.38	n/a	NonTarget	1	413876
2069.465	n/a	NonTarget	1	413893
2069.545	n/a	NonTarget	1	413909
2069.63	n/a	NonTarget	1	413926
2069.715	n/a	NonTarget	1	413943
2069.795	n/a	NonTarget	1	413959
2069.88	n/a	NonTarget	1	413976
2069.965	n/a	NonTarget	1	413993
2070.045	n/a	NonTarget	1	414009
2070.13	n/a	NonTarget	1	414026
2070.215	n/a	NonTarget	1	414043
2070.295	n/a	NonTarget	1	414059
2070.385	n/a	NonTarget	1	414077
2070.465	n/a	NonTarget	1	414093
2070.55	n/a	NonTarget	1	414110
2070.635	n/a	NonTarget	1	414127
2070.715	n/a	NonTarget	1	414143
2071.115	n/a	NonTarget	1	414223
2071.195	n/a	NonTarget	1	414239
2071.285	n/a	NonTarget	1	414257
2071.37	n/a	NonTarget	1	414274
2071.45	n/a	NonTarget	1	414290
2071.53	n/a	NonTarget	1	414306
2071.615	n/a	NonTarget	1	414323
2071.695	n/a	NonTarget	1	414339
2071.78	n/a	NonTarget	1	414356
2071.865	n/a	NonTarget	1	414373
2071.95	n/a	NonTarget	1	414390
2072.035	n/a	NonTarget	1	414407
2072.115	n/a	NonTarget	1	414423
2072.2	n/a	NonTarget	1	414440
2072.28	n/a	NonTarget	1	414456
2072.365	n/a	NonTarget	1	414473
2072.45	n/a	NonTarget	1	414490
2072.53	n/a	NonTarget	1	414506
2072.615	n/a	NonTarget	1	414523
2072.7	n/a	NonTarget	1	414540
2072.785	n/a	NonTarget	1	414557
2072.87	n/a	NonTarget	1	414574
2072.955	n/a	Target	2	414591
2073.04	n/a	NonTarget	1	414608
2073.115	n/a	NonTarget	1	414623
2073.2	n/a	NonTarget	1	414640
2073.285	n/a	NonTarget	1	414657
2073.365	n/a	NonTarget	1	414673
2073.45	n/a	NonTarget	1	414690
2073.535	n/a	NonTarget	1	414707
2073.935	n/a	NonTarget	1	414787
2074.015	n/a	NonTarget	1	414803
2074.1	n/a	NonTarget	1	414820
2074.19	n/a	NonTarget	1	414838
2074.285	n/a	NonTarget	1	414857
2074.37	n/a	NonTarget	1	414874
2074.45	n/a	NonTarget	1	414890
2074.535	n/a	NonTarget	1	414907
2074.62	n/a	NonTarget	1	414924
2074.7	n/a	NonTarget	1	414940
2074.785	n/a	NonTarget	1	414957
2074.865	n/a	NonTarget	1	414973
2074.95	n/a	Target	2	414990
2075.035	n/a	NonTarget	1	415007
2075.12	n/a	NonTarget	1	415024
2075.2	n/a	NonTarget	1	415040
2075.285	n/a	NonTarget	1	415057
2075.37	n/a	NonTarget	1	415074
2075.45	n/a	NonTarget	1	415090
2075.535	n/a	NonTarget	1	415107
2075.615	n/a	NonTarget	1	415123
2075.7	n/a	NonTarget	1	415140
2075.79	n/a	NonTarget	1	415158
2075.87	n/a	NonTarget	1	415174
2075.95	n/a	NonTarget	1	415190
2076.035	n/a	NonTarget	1	415207
2076.12	n/a	NonTarget	1	415224
2076.2	n/a	NonTarget	1	415240
2076.285	n/a	NonTarget	1	415257
2076.37	n/a	NonTarget	1	415274
2076.77	n/a	NonTarget	1	415354
2076.85	n/a	NonTarget	1	415370
2076.935	n/a	Target	2	415387
2077.02	n/a	NonTarget	1	415404
2077.105	n/a	NonTarget	1	415421
2077.185	n/a	NonTarget	1	415437
2077.27	n/a	NonTarget	1	415454
2077.355	n/a	NonTarget	1	415471
2077.435	n/a	NonTarget	1	415487
2077.52	n/a	NonTarget	1	415504
2077.605	n/a	NonTarget	1	415521
2077.685	n/a	NonTarget	1	415537
2077.765	n/a	NonTarget	1	415553
2077.85	n/a	NonTarget	1	415570
2077.94	n/a	NonTarget	1	415588
2078.02	n/a	NonTarget	1	415604
2078.105	n/a	NonTarget	1	415621
2078.19	n/a	NonTarget	1	415638
2078.27	n/a	NonTarget	1	415654
2078.35	n/a	NonTarget	1	415670
2078.435	n/a	NonTarget	1	415687
2078.52	n/a	NonTarget	1	415704
2078.605	n/a	NonTarget	1	415721
2078.685	n/a	NonTarget	1	415737
2078.77	n/a	NonTarget	1	415754
2078.855	n/a	NonTarget	1	415771
2078.935	n/a	NonTarget	1	415787
2079.02	n/a	NonTarget	1	415804
2079.105	n/a	NonTarget	1	415821
2079.19	n/a	NonTarget	1	415838
2079.585	n/a	NonTarget	1	415917
2079.67	n/a	NonTarget	1	415934
2079.755	n/a	NonTarget	1	415951
2079.835	n/a	NonTarget	1	415967
2079.92	n/a	NonTarget	1	415984
2080.005	n/a	NonTarget	1	416001
2080.085	n/a	NonTarget	1	416017
2080.175	n/a	NonTarget	1	416035
2080.255	n/a	NonTarget	1	416051
2080.34	n/a	NonTarget	1	416068
2080.42	n/a	NonTarget	1	416084
2080.505	n/a	NonTarget	1	416101
2080.59	n/a	NonTarget	1	416118
2080.67	n/a	NonTarget	1	416134
2080.755	n/a	NonTarget	1	416151
2080.84	n/a	NonTarget	1	416168
2080.925	n/a	NonTarget	1	416185
2081.005	n/a	NonTarget	1	416201
2081.09	n/a	NonTarget	1	416218
2081.17	n/a	NonTarget	1	416234
2081.255	n/a	NonTarget	1	416251
2081.34	n/a	NonTarget	1	416268
2081.42	n/a	NonTarget	1	416284
2081.51	n/a	NonTarget	1	416302
2081.595	n/a	NonTarget	1	416319
2081.675	n/a	NonTarget	1	416335
2081.755	n/a	NonTarget	1	416351
2081.84	n/a	Target	2	416368
2081.925	n/a	NonTarget	1	416385
2082.01	n/a	NonTarget	1	416402
2082.405	n/a	NonTarget	1	416481
2082.49	n/a	NonTarget	1	416498
2082.57	n/a	NonTarget	1	416514
2082.66	n/a	NonTarget	1	416532
2082.74	n/a	NonTarget	1	416548
2082.825	n/a	NonTarget	1	416565
2082.905	n/a	NonTarget	1	416581
2082.99	n/a	NonTarget	1	416598
2083.075	n/a	NonTarget	1	416615
2083.155	n/a	NonTarget	1	416631
2083.24	n/a	NonTarget	1	416648
2083.32	n/a	NonTarget	1	416664
2083.405	n/a	NonTarget	1	416681
2083.495	n/a	NonTarget	1	416699
2083.575	n/a	NonTarget	1	416715
2083.655	n/a	NonTarget	1	416731
2083.74	n/a	NonTarget	1	416748
2083.825	n/a	NonTarget	1	416765
2083.91	n/a	NonTarget	1	416782
2083.99	n/a	NonTarget	1	416798
2084.075	n/a	NonTarget	1	416815
2084.16	n/a	NonTarget	1	416832
2084.24	n/a	Target	2	416848
2084.325	n/a	NonTarget	1	416865
2084.405	n/a	NonTarget	1	416881
2084.49	n/a	NonTarget	1	416898
2084.575	n/a	NonTarget	1	416915
2084.655	n/a	NonTarget	1	416931
2084.745	n/a	NonTarget	1	416949
2084.825	n/a	NonTarget	1	416965
2085.225	n/a	NonTarget	1	417045
2085.31	n/a	NonTarget	1	417062
2085.39	n/a	NonTarget	1	417078
2085.475	n/a	NonTarget	1	417095
2085.56	n/a	NonTarget	1	417112
2085.64	n/a	NonTarget	1	417128
2085.725	n/a	NonTarget	1	417145
2085.81	n/a	NonTarget	1	417162
2085.89	n/a	NonTarget	1	417178
2085.975	n/a	NonTarget	1	417195
2086.06	n/a	NonTarget	1	417212
2086.145	n/a	NonTarget	1	417229
2086.23	n/a	NonTarget	1	417246
2086.31	n/a	NonTarget	1	417262
2086.39	n/a	NonTarget	1	417278
2086.475	n/a	NonTarget	1	417295
2086.56	n/a	NonTarget	1	417312
2086.645	n/a	NonTarget	1	417329
2086.725	n/a	NonTarget	1	417345
2086.81	n/a	NonTarget	1	417362
2086.895	n/a	NonTarget	1	417379
2086.975	n/a	NonTarget	1	417395
2087.06	n/a	Target	2	417412
2087.145	n/a	NonTarget	1	417429
2087.23	n/a	NonTarget	1	417446
2087.31	n/a	NonTarget	1	417462
2087.395	n/a	NonTarget	1	417479
2087.475	n/a	NonTarget	1	417495
2087.56	n/a	NonTarget	1	417512
2087.645	n/a	NonTarget	1	417529
2088.04	n/a	NonTarget	1	417608
2088.13	n/a	NonTarget	1	417626
2088.215	n/a	NonTarget	1	417643
2088.295	n/a	NonTarget	1	417659
2088.38	n/a	NonTarget	1	417676
2088.46	n/a	NonTarget	1	417692
2088.545	n/a	NonTarget	1	417709
2088.625	n/a	NonTarget	1	417725
2088.71	n/a	NonTarget	1	417742
2088.795	n/a	NonTarget	1	417759
2088.88	n/a	NonTarget	1	417776
2088.96	n/a	NonTarget	1	417792
2089.045	n/a	Target	2	417809
2089.13	n/a	NonTarget	1	417826
2089.21	n/a	NonTarget	1	417842
2089.295	n/a	NonTarget	1	417859
2089.38	n/a	NonTarget	1	417876
2089.46	n/a	NonTarget	1	417892
2089.545	n/a	NonTarget	1	417909
2089.63	n/a	NonTarget	1	417926
2089.71	n/a	NonTarget	1	417942
2089.795	n/a	NonTarget	1	417959
2089.88	n/a	NonTarget	1	417976
2089.965	n/a	NonTarget	1	417993
2090.045	n/a	NonTarget	1	418009
2090.13	n/a	NonTarget	1	418026
2090.21	n/a	NonTarget	1	418042
2090.3	n/a	NonTarget	1	418060
2090.38	n/a	NonTarget	1	418076
2090.46	n/a	NonTarget	1	418092
2099.75	n/a	NonTarget	1	419950
2099.835	n/a	NonTarget	1	419967
2099.92	n/a	Target	2	419984
2100.005	n/a	NonTarget	1	420001
2100.085	n/a	NonTarget	1	420017
2100.17	n/a	NonTarget	1	420034
2100.255	n/a	NonTarget	1	420051
2100.335	n/a	NonTarget	1	420067
2100.42	n/a	NonTarget	1	420084
2100.505	n/a	NonTarget	1	420101
2100.585	n/a	NonTarget	1	420117
2100.67	n/a	NonTarget	1	420134
2100.755	n/a	NonTarget	1	420151
2100.84	n/a	NonTarget	1	420168
2100.92	n/a	NonTarget	1	420184
2101.0	n/a	NonTarget	1	420200
2101.085	n/a	NonTarget	1	420217
2101.17	n/a	NonTarget	1	420234
2101.255	n/a	NonTarget	1	420251
2101.34	n/a	NonTarget	1	420268
2101.425	n/a	NonTarget	1	420285
2101.505	n/a	NonTarget	1	420301
2101.59	n/a	NonTarget	1	420318
2101.67	n/a	NonTarget	1	420334
2101.755	n/a	NonTarget	1	420351
2101.84	n/a	NonTarget	1	420368
2101.92	n/a	NonTarget	1	420384
2102.005	n/a	NonTarget	1	420401
2102.09	n/a	NonTarget	1	420418
2102.17	n/a	NonTarget	1	420434
2102.57	n/a	NonTarget	1	420514
2102.655	n/a	NonTarget	1	420531
2102.74	n/a	Target	2	420548
2102.82	n/a	NonTarget	1	420564
2102.905	n/a	NonTarget	1	420581
2102.99	n/a	NonTarget	1	420598
2103.07	n/a	NonTarget	1	420614
2103.155	n/a	NonTarget	1	420631
2103.24	n/a	NonTarget	1	420648
2103.32	n/a	NonTarget	1	420664
2103.405	n/a	NonTarget	1	420681
2103.49	n/a	NonTarget	1	420698
2103.57	n/a	NonTarget	1	420714
2103.655	n/a	NonTarget	1	420731
2103.74	n/a	NonTarget	1	420748
2103.82	n/a	NonTarget	1	420764
2103.91	n/a	NonTarget	1	420782
2103.99	n/a	NonTarget	1	420798
2104.075	n/a	NonTarget	1	420815
2104.155	n/a	NonTarget	1	420831
2104.24	n/a	NonTarget	1	420848
2104.32	n/a	NonTarget	1	420864
2104.41	n/a	NonTarget	1	420882
2104.49	n/a	NonTarget	1	420898
2104.57	n/a	NonTarget	1	420914
2104.66	n/a	NonTarget	1	420932
2104.74	n/a	NonTarget	1	420948
2104.82	n/a	NonTarget	1	420964
2104.91	n/a	NonTarget	1	420982
2104.99	n/a	NonTarget	1	420998
2105.39	n/a	NonTarget	1	421078
2105.475	n/a	NonTarget	1	421095
2105.555	n/a	NonTarget	1	421111
2105.64	n/a	NonTarget	1	421128
2105.725	n/a	NonTarget	1	421145
2105.81	n/a	NonTarget	1	421162
2105.89	n/a	NonTarget	1	421178
2105.975	n/a	NonTarget	1	421195
2106.055	n/a	NonTarget	1	421211
2106.14	n/a	NonTarget	1	421228
2106.225	n/a	NonTarget	1	421245
2106.305	n/a	NonTarget	1	421261
2106.39	n/a	NonTarget	1	421278
2106.475	n/a	NonTarget	1	421295
2106.555	n/a	NonTarget	1	421311
2106.64	n/a	NonTarget	1	421328
2106.725	n/a	NonTarget	1	421345
2106.81	n/a	NonTarget	1	421362
2106.89	n/a	NonTarget	1	421378
2106.975	n/a	NonTarget	1	421395
2107.06	n/a	NonTarget	1	421412
2107.14	n/a	NonTarget	1	421428
2107.225	n/a	Target	2	421445
2107.31	n/a	NonTarget	1	421462
2107.395	n/a	NonTarget	1	421479
2107.475	n/a	NonTarget	1	421495
2107.56	n/a	NonTarget	1	421512
2107.64	n/a	NonTarget	1	421528
2107.725	n/a	NonTarget	1	421545
2107.81	n/a	NonTarget	1	421562
2108.21	n/a	NonTarget	1	421642
2108.295	n/a	NonTarget	1	421659
2108.375	n/a	Target	2	421675
2108.46	n/a	NonTarget	1	421692
2108.545	n/a	NonTarget	1	421709
2108.625	n/a	NonTarget	1	421725
2108.71	n/a	NonTarget	1	421742
2108.79	n/a	NonTarget	1	421758
2108.875	n/a	NonTarget	1	421775
2108.96	n/a	NonTarget	1	421792
2109.045	n/a	NonTarget	1	421809
2109.125	n/a	NonTarget	1	421825
2109.21	n/a	NonTarget	1	421842
2109.295	n/a	NonTarget	1	421859
2109.375	n/a	NonTarget	1	421875
2109.46	n/a	NonTarget	1	421892
2109.54	n/a	NonTarget	1	421908
2109.625	n/a	NonTarget	1	421925
2109.71	n/a	NonTarget	1	421942
2109.795	n/a	NonTarget	1	421959
2109.88	n/a	NonTarget	1	421976
2109.96	n/a	NonTarget	1	421992
2110.045	n/a	NonTarget	1	422009
2110.13	n/a	NonTarget	1	422026
2110.21	n/a	NonTarget	1	422042
2110.295	n/a	NonTarget	1	422059
2110.38	n/a	NonTarget	1	422076
2110.46	n/a	NonTarget	1	422092
2110.545	n/a	NonTarget	1	422109
2110.625	n/a	NonTarget	1	422125
2111.03	n/a	NonTarget	1	422206
2111.11	n/a	NonTarget	1	422222
2111.195	n/a	Target	2	422239
2111.28	n/a	NonTarget	1	422256
2111.36	n/a	NonTarget	1	422272
2111.445	n/a	NonTarget	1	422289
2111.53	n/a	NonTarget	1	422306
2111.615	n/a	NonTarget	1	422323
2111.695	n/a	NonTarget	1	422339
2111.775	n/a	NonTarget	1	422355
2111.86	n/a	NonTarget	1	422372
2111.945	n/a	NonTarget	1	422389
2112.03	n/a	NonTarget	1	422406
2112.11	n/a	NonTarget	1	422422
2112.195	n/a	NonTarget	1	422439
2112.28	n/a	NonTarget	1	422456
2112.36	n/a	NonTarget	1	422472
2112.445	n/a	NonTarget	1	422489
2112.53	n/a	NonTarget	1	422506
2112.615	n/a	NonTarget	1	422523
2112.695	n/a	NonTarget	1	422539
2112.78	n/a	NonTarget	1	422556
2112.865	n/a	NonTarget	1	422573
2112.95	n/a	NonTarget	1	422590
2113.03	n/a	NonTarget	1	422606
2113.115	n/a	NonTarget	1	422623
2113.195	n/a	NonTarget	1	422639
2113.28	n/a	NonTarget	1	422656
2113.365	n/a	NonTarget	1	422673
2113.445	n/a	NonTarget	1	422689
2113.845	n/a	NonTarget	1	422769
2113.93	n/a	NonTarget	1	422786
2114.015	n/a	NonTarget	1	422803
2114.095	n/a	NonTarget	1	422819
2114.185	n/a	NonTarget	1	422837
2114.265	n/a	NonTarget	1	422853
2114.345	n/a	NonTarget	1	422869
2114.43	n/a	NonTarget	1	422886
2114.515	n/a	NonTarget	1	422903
2114.595	n/a	NonTarget	1	422919
2114.68	n/a	NonTarget	1	422936
2114.765	n/a	NonTarget	1	422953
2114.845	n/a	NonTarget	1	422969
2114.93	n/a	NonTarget	1	422986
2115.015	n/a	NonTarget	1	423003
2115.095	n/a	NonTarget	1	423019
2115.18	n/a	NonTarget	1	423036
2115.265	n/a	NonTarget	1	423053
2115.35	n/a	NonTarget	1	423070
2115.43	n/a	NonTarget	1	423086
2115.515	n/a	NonTarget	1	423103
2115.6	n/a	NonTarget	1	423120
2115.685	n/a	NonTarget	1	423137
2115.765	n/a	NonTarget	1	423153
2115.85	n/a	NonTarget	1	423170
2115.93	n/a	NonTarget	1	423186
2116.015	n/a	NonTarget	1	423203
2116.1	n/a	Target	2	423220
2116.185	n/a	NonTarget	1	423237
2116.265	n/a	NonTarget	1	423253
2116.665	n/a	NonTarget	1	423333
2116.75	n/a	NonTarget	1	423350
2116.83	n/a	NonTarget	1	423366
2116.915	n/a	NonTarget	1	423383
2117.0	n/a	NonTarget	1	423400
2117.08	n/a	NonTarget	1	423416
2117.165	n/a	NonTarget	1	423433
2117.25	n/a	NonTarget	1	423450
2117.335	n/a	NonTarget	1	423467
2117.415	n/a	NonTarget	1	423483
2117.5	n/a	NonTarget	1	423500
2117.585	n/a	NonTarget	1	423517
2117.67	n/a	NonTarget	1	423534
2117.75	n/a	NonTarget	1	423550
2117.83	n/a	NonTarget	1	423566
2117.915	n/a	NonTarget	1	423583
2118.0	n/a	NonTarget	1	423600
2118.085	n/a	NonTarget	1	423617
2118.165	n/a	NonTarget	1	423633
2118.25	n/a	NonTarget	1	423650
2118.335	n/a	NonTarget	1	423667
2118.42	n/a	NonTarget	1	423684
2118.505	n/a	NonTarget	1	423701
2118.585	n/a	NonTarget	1	423717
2118.67	n/a	NonTarget	1	423734
2118.75	n/a	NonTarget	1	423750
2118.835	n/a	NonTarget	1	423767
2118.915	n/a	Target	2	423783
2119.005	n/a	NonTarget	1	423801
2119.085	n/a	NonTarget	1	423817
2119.485	n/a	NonTarget	1	423897
2119.565	n/a	NonTarget	1	423913
2119.65	n/a	NonTarget	1	423930
2119.735	n/a	NonTarget	1	423947
2119.815	n/a	NonTarget	1	423963
2119.9	n/a	NonTarget	1	423980
2119.985	n/a	NonTarget	1	423997
2120.07	n/a	NonTarget	1	424014
2120.15	n/a	NonTarget	1	424030
2120.235	n/a	NonTarget	1	424047
2120.32	n/a	NonTarget	1	424064
2120.4	n/a	NonTarget	1	424080
2120.485	n/a	NonTarget	1	424097
2120.57	n/a	NonTarget	1	424114
2120.65	n/a	NonTarget	1	424130
2120.735	n/a	NonTarget	1	424147
2120.82	n/a	NonTarget	1	424164
2120.905	n/a	Target	2	424181
2120.99	n/a	NonTarget	1	424198
2121.065	n/a	NonTarget	1	424213
2121.155	n/a	NonTarget	1	424231
2121.24	n/a	NonTarget	1	424248
2121.32	n/a	NonTarget	1	424264
2121.4	n/a	NonTarget	1	424280
2121.485	n/a	NonTarget	1	424297
2121.57	n/a	NonTarget	1	424314
2121.65	n/a	NonTarget	1	424330
2121.735	n/a	NonTarget	1	424347
2121.82	n/a	NonTarget	1	424364
2121.905	n/a	NonTarget	1	424381
2122.305	n/a	NonTarget	1	424461
2122.385	n/a	NonTarget	1	424477
2122.47	n/a	Target	2	424494
2122.555	n/a	NonTarget	1	424511
2122.635	n/a	NonTarget	1	424527
2122.72	n/a	NonTarget	1	424544
2122.805	n/a	NonTarget	1	424561
2122.885	n/a	NonTarget	1	424577
2122.97	n/a	NonTarget	1	424594
2123.055	n/a	NonTarget	1	424611
2123.14	n/a	NonTarget	1	424628
2123.22	n/a	NonTarget	1	424644
2123.305	n/a	NonTarget	1	424661
2123.39	n/a	NonTarget	1	424678
2123.47	n/a	NonTarget	1	424694
2123.555	n/a	NonTarget	1	424711
2123.64	n/a	NonTarget	1	424728
2123.72	n/a	NonTarget	1	424744
2123.805	n/a	NonTarget	1	424761
2123.89	n/a	NonTarget	1	424778
2123.97	n/a	NonTarget	1	424794
2124.055	n/a	NonTarget	1	424811
2124.14	n/a	NonTarget	1	424828
2124.22	n/a	NonTarget	1	424844
2124.305	n/a	NonTarget	1	424861
2124.385	n/a	NonTarget	1	424877
2124.47	n/a	NonTarget	1	424894
2124.555	n/a	NonTarget	1	424911
2124.64	n/a	NonTarget	1	424928
2124.72	n/a	NonTarget	1	424944
2125.125	n/a	NonTarget	1	425025
2125.205	n/a	NonTarget	1	425041
2125.29	n/a	NonTarget	1	425058
2125.37	n/a	NonTarget	1	425074
2125.455	n/a	NonTarget	1	425091
2125.54	n/a	NonTarget	1	425108
2125.62	n/a	NonTarget	1	425124
2125.705	n/a	NonTarget	1	425141
2125.79	n/a	NonTarget	1	425158
2125.87	n/a	NonTarget	1	425174
2125.955	n/a	NonTarget	1	425191
2126.04	n/a	NonTarget	1	425208
2126.125	n/a	NonTarget	1	425225
2126.205	n/a	NonTarget	1	425241
2126.29	n/a	NonTarget	1	425258
2126.37	n/a	NonTarget	1	425274
2126.455	n/a	NonTarget	1	425291
2126.54	n/a	NonTarget	1	425308
2126.625	n/a	NonTarget	1	425325
2126.705	n/a	NonTarget	1	425341
2126.79	n/a	NonTarget	1	425358
2126.875	n/a	NonTarget	1	425375
2126.955	n/a	NonTarget	1	425391
2127.04	n/a	NonTarget	1	425408
2127.125	n/a	NonTarget	1	425425
2127.205	n/a	NonTarget	1	425441
2127.29	n/a	NonTarget	1	425458
2127.375	n/a	Target	2	425475
2127.46	n/a	NonTarget	1	425492
2127.54	n/a	NonTarget	1	425508
2136.83	n/a	NonTarget	1	427366
2136.92	n/a	Target	2	427384
2137.015	n/a	NonTarget	1	427403
2137.095	n/a	NonTarget	1	427419
2137.18	n/a	NonTarget	1	427436
2137.265	n/a	NonTarget	1	427453
2137.35	n/a	NonTarget	1	427470
2137.43	n/a	NonTarget	1	427486
2137.515	n/a	NonTarget	1	427503
2137.595	n/a	NonTarget	1	427519
2137.68	n/a	NonTarget	1	427536
2137.765	n/a	NonTarget	1	427553
2137.85	n/a	NonTarget	1	427570
2137.93	n/a	NonTarget	1	427586
2138.015	n/a	NonTarget	1	427603
2138.1	n/a	NonTarget	1	427620
2138.185	n/a	NonTarget	1	427637
2138.265	n/a	NonTarget	1	427653
2138.35	n/a	NonTarget	1	427670
2138.435	n/a	NonTarget	1	427687
2138.515	n/a	NonTarget	1	427703
2138.595	n/a	NonTarget	1	427719
2138.685	n/a	NonTarget	1	427737
2138.765	n/a	NonTarget	1	427753
2138.85	n/a	NonTarget	1	427770
2138.93	n/a	NonTarget	1	427786
2139.015	n/a	NonTarget	1	427803
2139.1	n/a	NonTarget	1	427820
2139.185	n/a	NonTarget	1	427837
2139.27	n/a	NonTarget	1	427854
2139.665	n/a	NonTarget	1	427933
2139.75	n/a	NonTarget	1	427950
2139.83	n/a	NonTarget	1	427966
2139.92	n/a	NonTarget	1	427984
2140.0	n/a	NonTarget	1	428000
2140.085	n/a	NonTarget	1	428017
2140.165	n/a	NonTarget	1	428033
2140.25	n/a	NonTarget	1	428050
2140.335	n/a	NonTarget	1	428067
2140.42	n/a	NonTarget	1	428084
2140.505	n/a	NonTarget	1	428101
2140.585	n/a	NonTarget	1	428117
2140.67	n/a	NonTarget	1	428134
2140.75	n/a	NonTarget	1	428150
2140.835	n/a	NonTarget	1	428167
2140.92	n/a	NonTarget	1	428184
2141.0	n/a	NonTarget	1	428200
2141.085	n/a	NonTarget	1	428217
2141.165	n/a	NonTarget	1	428233
2141.25	n/a	NonTarget	1	428250
2141.335	n/a	NonTarget	1	428267
2141.415	n/a	Target	2	428283
2141.5	n/a	NonTarget	1	428300
2141.585	n/a	NonTarget	1	428317
2141.67	n/a	NonTarget	1	428334
2141.75	n/a	NonTarget	1	428350
2141.835	n/a	NonTarget	1	428367
2141.915	n/a	NonTarget	1	428383
2142.0	n/a	NonTarget	1	428400
2142.085	n/a	NonTarget	1	428417
2142.485	n/a	NonTarget	1	428497
2142.57	n/a	NonTarget	1	428514
2142.65	n/a	NonTarget	1	428530
2142.735	n/a	NonTarget	1	428547
2142.815	n/a	NonTarget	1	428563
2142.905	n/a	NonTarget	1	428581
2142.985	n/a	NonTarget	1	428597
2143.07	n/a	NonTarget	1	428614
2143.15	n/a	NonTarget	1	428630
2143.24	n/a	NonTarget	1	428648
2143.32	n/a	NonTarget	1	428664
2143.4	n/a	NonTarget	1	428680
2143.485	n/a	NonTarget	1	428697
2143.57	n/a	NonTarget	1	428714
2143.65	n/a	NonTarget	1	428730
2143.735	n/a	NonTarget	1	428747
2143.815	n/a	NonTarget	1	428763
2143.905	n/a	NonTarget	1	428781
2143.985	n/a	NonTarget	1	428797
2144.07	n/a	NonTarget	1	428814
2144.15	n/a	NonTarget	1	428830
2144.235	n/a	Target	2	428847
2144.32	n/a	NonTarget	1	428864
2144.405	n/a	NonTarget	1	428881
2144.485	n/a	NonTarget	1	428897
2144.57	n/a	NonTarget	1	428914
2144.655	n/a	NonTarget	1	428931
2144.735	n/a	NonTarget	1	428947
2144.82	n/a	NonTarget	1	428964
2144.905	n/a	NonTarget	1	428981
2145.305	n/a	NonTarget	1	429061
2145.39	n/a	Target	2	429078
2145.47	n/a	NonTarget	1	429094
2145.555	n/a	NonTarget	1	429111
2145.635	n/a	NonTarget	1	429127
2145.72	n/a	NonTarget	1	429144
2145.805	n/a	NonTarget	1	429161
2145.885	n/a	NonTarget	1	429177
2145.97	n/a	NonTarget	1	429194
2146.055	n/a	NonTarget	1	429211
2146.135	n/a	NonTarget	1	429227
2146.22	n/a	NonTarget	1	429244
2146.305	n/a	NonTarget	1	429261
2146.39	n/a	NonTarget	1	429278
2146.475	n/a	NonTarget	1	429295
2146.555	n/a	NonTarget	1	429311
2146.64	n/a	NonTarget	1	429328
2146.725	n/a	NonTarget	1	429345
2146.805	n/a	NonTarget	1	429361
2146.89	n/a	NonTarget	1	429378
2146.97	n/a	NonTarget	1	429394
2147.055	n/a	NonTarget	1	429411
2147.14	n/a	NonTarget	1	429428
2147.225	n/a	NonTarget	1	429445
2147.305	n/a	NonTarget	1	429461
2147.39	n/a	NonTarget	1	429478
2147.47	n/a	NonTarget	1	429494
2147.555	n/a	NonTarget	1	429511
2147.64	n/a	NonTarget	1	429528
2147.72	n/a	NonTarget	1	429544
2148.12	n/a	NonTarget	1	429624
2148.21	n/a	NonTarget	1	429642
2148.29	n/a	NonTarget	1	429658
2148.375	n/a	NonTarget	1	429675
2148.455	n/a	NonTarget	1	429691
2148.54	n/a	NonTarget	1	429708
2148.62	n/a	NonTarget	1	429724
2148.705	n/a	NonTarget	1	429741
2148.79	n/a	NonTarget	1	429758
2148.87	n/a	NonTarget	1	429774
2148.955	n/a	NonTarget	1	429791
2149.04	n/a	NonTarget	1	429808
2149.12	n/a	NonTarget	1	429824
2149.205	n/a	NonTarget	1	429841
2149.29	n/a	NonTarget	1	429858
2149.375	n/a	NonTarget	1	429875
2149.46	n/a	Target	2	429892
2149.54	n/a	NonTarget	1	429908
2149.625	n/a	NonTarget	1	429925
2149.705	n/a	NonTarget	1	429941
2149.79	n/a	NonTarget	1	429958
2149.875	n/a	NonTarget	1	429975
2149.955	n/a	NonTarget	1	429991
2150.04	n/a	NonTarget	1	430008
2150.125	n/a	NonTarget	1	430025
2150.21	n/a	NonTarget	1	430042
2150.29	n/a	NonTarget	1	430058
2150.375	n/a	NonTarget	1	430075
2150.46	n/a	NonTarget	1	430092
2150.54	n/a	NonTarget	1	430108
2150.945	n/a	NonTarget	1	430189
2151.025	n/a	NonTarget	1	430205
2151.11	n/a	NonTarget	1	430222
2151.19	n/a	NonTarget	1	430238
2151.275	n/a	NonTarget	1	430255
2151.36	n/a	NonTarget	1	430272
2151.44	n/a	Target	2	430288
2151.525	n/a	NonTarget	1	430305
2151.61	n/a	NonTarget	1	430322
2151.695	n/a	NonTarget	1	430339
2151.775	n/a	NonTarget	1	430355
2151.86	n/a	NonTarget	1	430372
2151.94	n/a	NonTarget	1	430388
2152.025	n/a	NonTarget	1	430405
2152.115	n/a	NonTarget	1	430423
2152.195	n/a	NonTarget	1	430439
2152.275	n/a	NonTarget	1	430455
2152.36	n/a	NonTarget	1	430472
2152.445	n/a	NonTarget	1	430489
2152.525	n/a	NonTarget	1	430505
2152.61	n/a	NonTarget	1	430522
2152.69	n/a	NonTarget	1	430538
2152.78	n/a	NonTarget	1	430556
2152.86	n/a	NonTarget	1	430572
2152.945	n/a	NonTarget	1	430589
2153.025	n/a	NonTarget	1	430605
2153.11	n/a	NonTarget	1	430622
2153.195	n/a	NonTarget	1	430639
2153.275	n/a	NonTarget	1	430655
2153.36	n/a	NonTarget	1	430672
2153.76	n/a	NonTarget	1	430752
2153.845	n/a	NonTarget	1	430769
2153.925	n/a	NonTarget	1	430785
2154.01	n/a	NonTarget	1	430802
2154.095	n/a	NonTarget	1	430819
2154.175	n/a	NonTarget	1	430835
2154.26	n/a	NonTarget	1	430852
2154.345	n/a	NonTarget	1	430869
2154.43	n/a	NonTarget	1	430886
2154.51	n/a	NonTarget	1	430902
2154.595	n/a	NonTarget	1	430919
2154.68	n/a	NonTarget	1	430936
2154.765	n/a	NonTarget	1	430953
2154.845	n/a	NonTarget	1	430969
2154.925	n/a	NonTarget	1	430985
2155.01	n/a	NonTarget	1	431002
2155.095	n/a	NonTarget	1	431019
2155.175	n/a	NonTarget	1	431035
2155.26	n/a	NonTarget	1	431052
2155.345	n/a	NonTarget	1	431069
2155.43	n/a	NonTarget	1	431086
2155.51	n/a	Target	2	431102
2155.595	n/a	NonTarget	1	431119
2155.68	n/a	NonTarget	1	431136
2155.76	n/a	NonTarget	1	431152
2155.845	n/a	NonTarget	1	431169
2155.925	n/a	NonTarget	1	431185
2156.01	n/a	NonTarget	1	431202
2156.095	n/a	NonTarget	1	431219
2156.18	n/a	NonTarget	1	431236
2156.585	n/a	NonTarget	1	431317
2156.66	n/a	NonTarget	1	431332
2156.75	n/a	NonTarget	1	431350
2156.83	n/a	NonTarget	1	431366
2156.915	n/a	NonTarget	1	431383
2156.995	n/a	NonTarget	1	431399
2157.08	n/a	NonTarget	1	431416
2157.16	n/a	NonTarget	1	431432
2157.245	n/a	NonTarget	1	431449
2157.33	n/a	NonTarget	1	431466
2157.415	n/a	NonTarget	1	431483
2157.495	n/a	NonTarget	1	431499
2157.58	n/a	NonTarget	1	431516
2157.665	n/a	NonTarget	1	431533
2157.75	n/a	NonTarget	1	431550
2157.83	n/a	NonTarget	1	431566
2157.915	n/a	NonTarget	1	431583
2157.995	n/a	NonTarget	1	431599
2158.08	n/a	NonTarget	1	431616
2158.165	n/a	NonTarget	1	431633
2158.245	n/a	NonTarget	1	431649
2158.33	n/a	Target	2	431666
2158.415	n/a	NonTarget	1	431683
2158.495	n/a	NonTarget	1	431699
2158.585	n/a	NonTarget	1	431717
2158.665	n/a	NonTarget	1	431733
2158.75	n/a	NonTarget	1	431750
2158.83	n/a	NonTarget	1	431766
2158.915	n/a	NonTarget	1	431783
2158.995	n/a	NonTarget	1	431799
2159.395	n/a	NonTarget	1	431879
2159.48	n/a	NonTarget	1	431896
2159.565	n/a	NonTarget	1	431913
2159.65	n/a	NonTarget	1	431930
2159.73	n/a	NonTarget	1	431946
2159.815	n/a	NonTarget	1	431963
2159.9	n/a	Target	2	431980
2159.985	n/a	NonTarget	1	431997
2160.065	n/a	NonTarget	1	432013
2160.145	n/a	NonTarget	1	432029
2160.23	n/a	NonTarget	1	432046
2160.32	n/a	NonTarget	1	432064
2160.4	n/a	NonTarget	1	432080
2160.48	n/a	NonTarget	1	432096
2160.565	n/a	NonTarget	1	432113
2160.65	n/a	NonTarget	1	432130
2160.73	n/a	NonTarget	1	432146
2160.815	n/a	NonTarget	1	432163
2160.9	n/a	NonTarget	1	432180
2160.985	n/a	NonTarget	1	432197
2161.065	n/a	NonTarget	1	432213
2161.15	n/a	NonTarget	1	432230
2161.23	n/a	NonTarget	1	432246
2161.315	n/a	NonTarget	1	432263
2161.4	n/a	NonTarget	1	432280
2161.485	n/a	NonTarget	1	432297
2161.565	n/a	NonTarget	1	432313
2161.645	n/a	NonTarget	1	432329
2161.735	n/a	NonTarget	1	432347
2161.815	n/a	NonTarget	1	432363
2162.215	n/a	NonTarget	1	432443
2162.3	n/a	NonTarget	1	432460
2162.385	n/a	NonTarget	1	432477
2162.465	n/a	NonTarget	1	432493
2162.55	n/a	NonTarget	1	432510
2162.635	n/a	NonTarget	1	432527
2162.715	n/a	NonTarget	1	432543
2162.8	n/a	NonTarget	1	432560
2162.885	n/a	NonTarget	1	432577
2162.965	n/a	NonTarget	1	432593
2163.05	n/a	NonTarget	1	432610
2163.13	n/a	NonTarget	1	432626
2163.22	n/a	NonTarget	1	432644
2163.3	n/a	NonTarget	1	432660
2163.385	n/a	NonTarget	1	432677
2163.465	n/a	NonTarget	1	432693
2163.555	n/a	NonTarget	1	432711
2163.635	n/a	NonTarget	1	432727
2163.72	n/a	NonTarget	1	432744
2163.8	n/a	NonTarget	1	432760
2163.885	n/a	NonTarget	1	432777
2163.97	n/a	NonTarget	1	432794
2164.05	n/a	NonTarget	1	432810
2164.135	n/a	NonTarget	1	432827
2164.22	n/a	NonTarget	1	432844
2164.3	n/a	NonTarget	1	432860
2164.385	n/a	Target	2	432877
2164.465	n/a	NonTarget	1	432893
2164.55	n/a	NonTarget	1	432910
2164.635	n/a	NonTarget	1	432927
2173.905	n/a	NonTarget	1	434781
2173.99	n/a	NonTarget	1	434798
2174.075	n/a	NonTarget	1	434815
2174.16	n/a	NonTarget	1	434832
2174.245	n/a	NonTarget	1	434849
2174.325	n/a	NonTarget	1	434865
2174.41	n/a	NonTarget	1	434882
2174.49	n/a	NonTarget	1	434898
2174.575	n/a	NonTarget	1	434915
2174.66	n/a	NonTarget	1	434932
2174.74	n/a	NonTarget	1	434948
2174.83	n/a	Target	2	434966
2174.91	n/a	NonTarget	1	434982
2174.995	n/a	NonTarget	1	434999
2175.075	n/a	NonTarget	1	435015
2175.16	n/a	NonTarget	1	435032
2175.24	n/a	NonTarget	1	435048
2175.33	n/a	NonTarget	1	435066
2175.41	n/a	NonTarget	1	435082
2175.49	n/a	NonTarget	1	435098
2175.58	n/a	NonTarget	1	435116
2175.66	n/a	NonTarget	1	435132
2175.745	n/a	NonTarget	1	435149
2175.825	n/a	NonTarget	1	435165
2175.91	n/a	NonTarget	1	435182
2175.995	n/a	NonTarget	1	435199
2176.075	n/a	NonTarget	1	435215
2176.16	n/a	NonTarget	1	435232
2176.245	n/a	NonTarget	1	435249
2176.325	n/a	NonTarget	1	435265
2176.725	n/a	NonTarget	1	435345
2176.81	n/a	NonTarget	1	435362
2176.895	n/a	NonTarget	1	435379
2176.975	n/a	NonTarget	1	435395
2177.06	n/a	NonTarget	1	435412
2177.15	n/a	NonTarget	1	435430
2177.23	n/a	NonTarget	1	435446
2177.31	n/a	NonTarget	1	435462
2177.395	n/a	NonTarget	1	435479
2177.475	n/a	NonTarget	1	435495
2177.565	n/a	NonTarget	1	435513
2177.645	n/a	NonTarget	1	435529
2177.725	n/a	NonTarget	1	435545
2177.815	n/a	NonTarget	1	435563
2177.895	n/a	NonTarget	1	435579
2177.98	n/a	NonTarget	1	435596
2178.065	n/a	Target	2	435613
2178.145	n/a	NonTarget	1	435629
2178.23	n/a	NonTarget	1	435646
2178.315	n/a	NonTarget	1	435663
2178.395	n/a	NonTarget	1	435679
2178.475	n/a	NonTarget	1	435695
2178.565	n/a	NonTarget	1	435713
2178.645	n/a	NonTarget	1	435729
2178.73	n/a	NonTarget	1	435746
2178.81	n/a	NonTarget	1	435762
2178.895	n/a	NonTarget	1	435779
2178.98	n/a	NonTarget	1	435796
2179.065	n/a	NonTarget	1	435813
2179.15	n/a	NonTarget	1	435830
2179.545	n/a	NonTarget	1	435909
2179.63	n/a	NonTarget	1	435926
2179.715	n/a	NonTarget	1	435943
2179.795	n/a	NonTarget	1	435959
2179.88	n/a	NonTarget	1	435976
2179.96	n/a	NonTarget	1	435992
2180.05	n/a	NonTarget	1	436010
2180.13	n/a	NonTarget	1	436026
2180.215	n/a	NonTarget	1	436043
2180.295	n/a	NonTarget	1	436059
2180.38	n/a	NonTarget	1	436076
2180.465	n/a	NonTarget	1	436093
2180.55	n/a	NonTarget	1	436110
2180.63	n/a	NonTarget	1	436126
2180.715	n/a	NonTarget	1	436143
2180.795	n/a	NonTarget	1	436159
2180.88	n/a	Target	2	436176
2180.965	n/a	NonTarget	1	436193
2181.045	n/a	NonTarget	1	436209
2181.13	n/a	NonTarget	1	436226
2181.215	n/a	NonTarget	1	436243
2181.3	n/a	NonTarget	1	436260
2181.38	n/a	NonTarget	1	436276
2181.465	n/a	NonTarget	1	436293
2181.55	n/a	NonTarget	1	436310
2181.63	n/a	NonTarget	1	436326
2181.715	n/a	NonTarget	1	436343
2181.795	n/a	NonTarget	1	436359
2181.88	n/a	NonTarget	1	436376
2181.965	n/a	NonTarget	1	436393
2182.365	n/a	NonTarget	1	436473
2182.45	n/a	Target	2	436490
2182.53	n/a	NonTarget	1	436506
2182.615	n/a	NonTarget	1	436523
2182.7	n/a	NonTarget	1	436540
2182.78	n/a	NonTarget	1	436556
2182.865	n/a	NonTarget	1	436573
2182.95	n/a	NonTarget	1	436590
2183.035	n/a	NonTarget	1	436607
2183.115	n/a	NonTarget	1	436623
2183.2	n/a	NonTarget	1	436640
2183.28	n/a	NonTarget	1	436656
2183.365	n/a	NonTarget	1	436673
2183.45	n/a	NonTarget	1	436690
2183.53	n/a	NonTarget	1	436706
2183.62	n/a	NonTarget	1	436724
2183.695	n/a	NonTarget	1	436739
2183.78	n/a	NonTarget	1	436756
2183.865	n/a	NonTarget	1	436773
2183.95	n/a	NonTarget	1	436790
2184.03	n/a	NonTarget	1	436806
2184.12	n/a	NonTarget	1	436824
2184.2	n/a	NonTarget	1	436840
2184.28	n/a	NonTarget	1	436856
2184.365	n/a	NonTarget	1	436873
2184.45	n/a	NonTarget	1	436890
2184.535	n/a	NonTarget	1	436907
2184.615	n/a	NonTarget	1	436923
2184.7	n/a	NonTarget	1	436940
2184.785	n/a	NonTarget	1	436957
2185.185	n/a	NonTarget	1	437037
2185.265	n/a	NonTarget	1	437053
2185.35	n/a	NonTarget	1	437070
2185.435	n/a	NonTarget	1	437087
2185.515	n/a	NonTarget	1	437103
2185.6	n/a	NonTarget	1	437120
2185.685	n/a	Target	2	437137
2185.765	n/a	NonTarget	1	437153
2185.85	n/a	NonTarget	1	437170
2185.935	n/a	NonTarget	1	437187
2186.02	n/a	NonTarget	1	437204
2186.105	n/a	NonTarget	1	437221
2186.185	n/a	NonTarget	1	437237
2186.27	n/a	NonTarget	1	437254
2186.35	n/a	NonTarget	1	437270
2186.435	n/a	NonTarget	1	437287
2186.52	n/a	NonTarget	1	437304
2186.6	n/a	NonTarget	1	437320
2186.685	n/a	NonTarget	1	437337
2186.765	n/a	NonTarget	1	437353
2186.85	n/a	NonTarget	1	437370
2186.935	n/a	NonTarget	1	437387
2187.02	n/a	NonTarget	1	437404
2187.105	n/a	NonTarget	1	437421
2187.185	n/a	NonTarget	1	437437
2187.27	n/a	NonTarget	1	437454
2187.355	n/a	NonTarget	1	437471
2187.435	n/a	NonTarget	1	437487
2187.52	n/a	NonTarget	1	437504
2187.605	n/a	NonTarget	1	437521
2188.0	n/a	NonTarget	1	437600
2188.085	n/a	Target	2	437617
2188.17	n/a	NonTarget	1	437634
2188.255	n/a	NonTarget	1	437651
2188.335	n/a	NonTarget	1	437667
2188.42	n/a	NonTarget	1	437684
2188.5	n/a	NonTarget	1	437700
2188.585	n/a	NonTarget	1	437717
2188.67	n/a	NonTarget	1	437734
2188.755	n/a	NonTarget	1	437751
2188.84	n/a	NonTarget	1	437768
2188.92	n/a	NonTarget	1	437784
2189.005	n/a	NonTarget	1	437801
2189.085	n/a	NonTarget	1	437817
2189.17	n/a	NonTarget	1	437834
2189.255	n/a	NonTarget	1	437851
2189.335	n/a	NonTarget	1	437867
2189.42	n/a	NonTarget	1	437884
2189.505	n/a	NonTarget	1	437901
2189.59	n/a	NonTarget	1	437918
2189.675	n/a	NonTarget	1	437935
2189.755	n/a	NonTarget	1	437951
2189.835	n/a	NonTarget	1	437967
2189.92	n/a	NonTarget	1	437984
2190.0	n/a	NonTarget	1	438000
2190.085	n/a	NonTarget	1	438017
2190.17	n/a	NonTarget	1	438034
2190.255	n/a	NonTarget	1	438051
2190.34	n/a	NonTarget	1	438068
2190.425	n/a	NonTarget	1	438085
2190.82	n/a	NonTarget	1	438164
2190.905	n/a	Target	2	438181
2190.99	n/a	NonTarget	1	438198
2191.07	n/a	NonTarget	1	438214
2191.155	n/a	NonTarget	1	438231
2191.24	n/a	NonTarget	1	438248
2191.32	n/a	NonTarget	1	438264
2191.405	n/a	NonTarget	1	438281
2191.485	n/a	NonTarget	1	438297
2191.57	n/a	NonTarget	1	438314
2191.655	n/a	NonTarget	1	438331
2191.74	n/a	NonTarget	1	438348
2191.82	n/a	NonTarget	1	438364
2191.905	n/a	NonTarget	1	438381
2191.99	n/a	NonTarget	1	438398
2192.07	n/a	NonTarget	1	438414
2192.155	n/a	NonTarget	1	438431
2192.24	n/a	NonTarget	1	438448
2192.32	n/a	NonTarget	1	438464
2192.405	n/a	NonTarget	1	438481
2192.49	n/a	NonTarget	1	438498
2192.57	n/a	NonTarget	1	438514
2192.655	n/a	NonTarget	1	438531
2192.74	n/a	NonTarget	1	438548
2192.825	n/a	NonTarget	1	438565
2192.905	n/a	NonTarget	1	438581
2192.99	n/a	NonTarget	1	438598
2193.075	n/a	NonTarget	1	438615
2193.16	n/a	NonTarget	1	438632
2193.235	n/a	NonTarget	1	438647
2193.64	n/a	NonTarget	1	438728
2193.725	n/a	NonTarget	1	438745
2193.805	n/a	NonTarget	1	438761
2193.89	n/a	NonTarget	1	438778
2193.975	n/a	NonTarget	1	438795
2194.055	n/a	NonTarget	1	438811
2194.14	n/a	NonTarget	1	438828
2194.225	n/a	NonTarget	1	438845
2194.31	n/a	NonTarget	1	438862
2194.39	n/a	NonTarget	1	438878
2194.48	n/a	NonTarget	1	438896
2194.56	n/a	Target	2	438912
2194.64	n/a	NonTarget	1	438928
2194.725	n/a	NonTarget	1	438945
2194.805	n/a	NonTarget	1	438961
2194.89	n/a	NonTarget	1	438978
2194.975	n/a	NonTarget	1	438995
2195.055	n/a	NonTarget	1	439011
2195.14	n/a	NonTarget	1	439028
2195.225	n/a	NonTarget	1	439045
2195.31	n/a	NonTarget	1	439062
2195.39	n/a	NonTarget	1	439078
2195.475	n/a	NonTarget	1	439095
2195.555	n/a	NonTarget	1	439111
2195.64	n/a	NonTarget	1	439128
2195.725	n/a	NonTarget	1	439145
2195.805	n/a	NonTarget	1	439161
2195.89	n/a	NonTarget	1	439178
2195.975	n/a	NonTarget	1	439195
2196.06	n/a	NonTarget	1	439212
2196.46	n/a	NonTarget	1	439292
2196.545	n/a	NonTarget	1	439309
2196.625	n/a	NonTarget	1	439325
2196.71	n/a	NonTarget	1	439342
2196.79	n/a	NonTarget	1	439358
2196.875	n/a	NonTarget	1	439375
2196.96	n/a	Target	2	439392
2197.04	n/a	NonTarget	1	439408
2197.125	n/a	NonTarget	1	439425
2197.21	n/a	NonTarget	1	439442
2197.29	n/a	NonTarget	1	439458
2197.375	n/a	NonTarget	1	439475
2197.46	n/a	NonTarget	1	439492
2197.545	n/a	NonTarget	1	439509
2197.625	n/a	NonTarget	1	439525
2197.71	n/a	NonTarget	1	439542
2197.795	n/a	NonTarget	1	439559
2197.875	n/a	NonTarget	1	439575
2197.96	n/a	NonTarget	1	439592
2198.04	n/a	NonTarget	1	439608
2198.125	n/a	NonTarget	1	439625
2198.21	n/a	NonTarget	1	439642
2198.295	n/a	NonTarget	1	439659
2198.375	n/a	NonTarget	1	439675
2198.46	n/a	NonTarget	1	439692
2198.545	n/a	NonTarget	1	439709
2198.625	n/a	NonTarget	1	439725
2198.71	n/a	NonTarget	1	439742
2198.795	n/a	NonTarget	1	439759
2198.875	n/a	NonTarget	1	439775
2199.275	n/a	NonTarget	1	439855
2199.36	n/a	NonTarget	1	439872
2199.445	n/a	NonTarget	1	439889
2199.525	n/a	NonTarget	1	439905
2199.61	n/a	NonTarget	1	439922
2199.695	n/a	NonTarget	1	439939
2199.775	n/a	NonTarget	1	439955
2199.86	n/a	NonTarget	1	439972
2199.945	n/a	NonTarget	1	439989
2200.025	n/a	NonTarget	1	440005
2200.11	n/a	NonTarget	1	440022
2200.195	n/a	NonTarget	1	440039
2200.28	n/a	NonTarget	1	440056
2200.36	n/a	NonTarget	1	440072
2200.445	n/a	NonTarget	1	440089
2200.53	n/a	NonTarget	1	440106
2200.615	n/a	Target	2	440123
2200.695	n/a	NonTarget	1	440139
2200.78	n/a	NonTarget	1	440156
2200.86	n/a	NonTarget	1	440172
2200.945	n/a	NonTarget	1	440189
2201.03	n/a	NonTarget	1	440206
2201.11	n/a	NonTarget	1	440222
2201.195	n/a	NonTarget	1	440239
2201.28	n/a	NonTarget	1	440256
2201.36	n/a	NonTarget	1	440272
2201.445	n/a	NonTarget	1	440289
2201.53	n/a	NonTarget	1	440306
2201.615	n/a	NonTarget	1	440323
2201.695	n/a	NonTarget	1	440339
2210.97	n/a	NonTarget	1	442194
2211.05	n/a	NonTarget	1	442210
2211.135	n/a	NonTarget	1	442227
2211.22	n/a	NonTarget	1	442244
2211.3	n/a	NonTarget	1	442260
2211.385	n/a	NonTarget	1	442277
2211.47	n/a	NonTarget	1	442294
2211.555	n/a	NonTarget	1	442311
2211.64	n/a	NonTarget	1	442328
2211.72	n/a	NonTarget	1	442344
2211.805	n/a	NonTarget	1	442361
2211.89	n/a	NonTarget	1	442378
2211.97	n/a	NonTarget	1	442394
2212.055	n/a	NonTarget	1	442411
2212.135	n/a	NonTarget	1	442427
2212.22	n/a	NonTarget	1	442444
2212.305	n/a	NonTarget	1	442461
2212.39	n/a	NonTarget	1	442478
2212.47	n/a	NonTarget	1	442494
2212.555	n/a	NonTarget	1	442511
2212.635	n/a	NonTarget	1	442527
2212.72	n/a	NonTarget	1	442544
2212.805	n/a	NonTarget	1	442561
2212.885	n/a	NonTarget	1	442577
2212.97	n/a	Target	2	442594
2213.055	n/a	NonTarget	1	442611
2213.135	n/a	NonTarget	1	442627
2213.22	n/a	NonTarget	1	442644
2213.305	n/a	NonTarget	1	442661
2213.39	n/a	NonTarget	1	442678
2213.785	n/a	NonTarget	1	442757
2213.87	n/a	NonTarget	1	442774
2213.955	n/a	NonTarget	1	442791
2214.04	n/a	NonTarget	1	442808
2214.12	n/a	NonTarget	1	442824
2214.205	n/a	NonTarget	1	442841
2214.285	n/a	NonTarget	1	442857
2214.37	n/a	NonTarget	1	442874
2214.455	n/a	NonTarget	1	442891
2214.54	n/a	NonTarget	1	442908
2214.625	n/a	NonTarget	1	442925
2214.71	n/a	NonTarget	1	442942
2214.79	n/a	NonTarget	1	442958
2214.87	n/a	NonTarget	1	442974
2214.955	n/a	NonTarget	1	442991
2215.035	n/a	NonTarget	1	443007
2215.12	n/a	NonTarget	1	443024
2215.205	n/a	NonTarget	1	443041
2215.295	n/a	NonTarget	1	443059
2215.37	n/a	Target	2	443074
2215.455	n/a	NonTarget	1	443091
2215.54	n/a	NonTarget	1	443108
2215.625	n/a	NonTarget	1	443125
2215.71	n/a	NonTarget	1	443142
2215.79	n/a	NonTarget	1	443158
2215.875	n/a	NonTarget	1	443175
2215.955	n/a	NonTarget	1	443191
2216.04	n/a	NonTarget	1	443208
2216.125	n/a	NonTarget	1	443225
2216.205	n/a	NonTarget	1	443241
2216.605	n/a	NonTarget	1	443321
2216.69	n/a	NonTarget	1	443338
2216.775	n/a	NonTarget	1	443355
2216.86	n/a	NonTarget	1	443372
2216.94	n/a	Target	2	443388
2217.025	n/a	NonTarget	1	443405
2217.11	n/a	NonTarget	1	443422
2217.19	n/a	NonTarget	1	443438
2217.275	n/a	NonTarget	1	443455
2217.355	n/a	NonTarget	1	443471
2217.44	n/a	NonTarget	1	443488
2217.525	n/a	NonTarget	1	443505
2217.605	n/a	NonTarget	1	443521
2217.69	n/a	NonTarget	1	443538
2217.775	n/a	NonTarget	1	443555
2217.86	n/a	NonTarget	1	443572
2217.94	n/a	NonTarget	1	443588
2218.03	n/a	NonTarget	1	443606
2218.11	n/a	NonTarget	1	443622
2218.195	n/a	NonTarget	1	443639
2218.275	n/a	NonTarget	1	443655
2218.36	n/a	NonTarget	1	443672
2218.44	n/a	NonTarget	1	443688
2218.525	n/a	NonTarget	1	443705
2218.61	n/a	NonTarget	1	443722
2218.69	n/a	NonTarget	1	443738
2218.775	n/a	NonTarget	1	443755
2218.86	n/a	NonTarget	1	443772
2218.94	n/a	NonTarget	1	443788
2219.025	n/a	NonTarget	1	443805
2219.425	n/a	NonTarget	1	443885
2219.51	n/a	NonTarget	1	443902
2219.59	n/a	NonTarget	1	443918
2219.675	n/a	NonTarget	1	443935
2219.76	n/a	NonTarget	1	443952
2219.84	n/a	NonTarget	1	443968
2219.925	n/a	NonTarget	1	443985
2220.01	n/a	NonTarget	1	444002
2220.09	n/a	NonTarget	1	444018
2220.18	n/a	NonTarget	1	444036
2220.26	n/a	NonTarget	1	444052
2220.345	n/a	NonTarget	1	444069
2220.425	n/a	NonTarget	1	444085
2220.51	n/a	NonTarget	1	444102
2220.59	n/a	NonTarget	1	444118
2220.68	n/a	NonTarget	1	444136
2220.76	n/a	NonTarget	1	444152
2220.845	n/a	NonTarget	1	444169
2220.925	n/a	NonTarget	1	444185
2221.01	n/a	Target	2	444202
2221.095	n/a	NonTarget	1	444219
2221.175	n/a	NonTarget	1	444235
2221.265	n/a	NonTarget	1	444253
2221.345	n/a	NonTarget	1	444269
2221.43	n/a	NonTarget	1	444286
2221.51	n/a	NonTarget	1	444302
2221.595	n/a	NonTarget	1	444319
2221.68	n/a	NonTarget	1	444336
2221.76	n/a	NonTarget	1	444352
2221.845	n/a	NonTarget	1	444369
2222.245	n/a	NonTarget	1	444449
2222.325	n/a	NonTarget	1	444465
2222.41	n/a	NonTarget	1	444482
2222.495	n/a	NonTarget	1	444499
2222.58	n/a	NonTarget	1	444516
2222.665	n/a	NonTarget	1	444533
2222.745	n/a	NonTarget	1	444549
2222.83	n/a	NonTarget	1	444566
2222.915	n/a	NonTarget	1	444583
2222.995	n/a	NonTarget	1	444599
2223.08	n/a	NonTarget	1	444616
2223.16	n/a	NonTarget	1	444632
2223.245	n/a	NonTarget	1	444649
2223.33	n/a	NonTarget	1	444666
2223.41	n/a	NonTarget	1	444682
2223.495	n/a	NonTarget	1	444699
2223.58	n/a	NonTarget	1	444716
2223.665	n/a	NonTarget	1	444733
2223.745	n/a	NonTarget	1	444749
2223.83	n/a	NonTarget	1	444766
2223.91	n/a	NonTarget	1	444782
2223.995	n/a	NonTarget	1	444799
2224.08	n/a	NonTarget	1	444816
2224.16	n/a	NonTarget	1	444832
2224.245	n/a	NonTarget	1	444849
2224.33	n/a	NonTarget	1	444866
2224.41	n/a	NonTarget	1	444882
2224.5	n/a	NonTarget	1	444900
2224.58	n/a	NonTarget	1	444916
2224.665	n/a	Target	2	444933
2225.065	n/a	NonTarget	1	445013
2225.145	n/a	NonTarget	1	445029
2225.23	n/a	NonTarget	1	445046
2225.315	n/a	NonTarget	1	445063
2225.395	n/a	NonTarget	1	445079
2225.48	n/a	NonTarget	1	445096
2225.565	n/a	NonTarget	1	445113
2225.645	n/a	NonTarget	1	445129
2225.73	n/a	NonTarget	1	445146
2225.815	n/a	NonTarget	1	445163
2225.895	n/a	NonTarget	1	445179
2225.98	n/a	NonTarget	1	445196
2226.065	n/a	NonTarget	1	445213
2226.15	n/a	NonTarget	1	445230
2226.23	n/a	Target	2	445246
2226.315	n/a	NonTarget	1	445263
2226.4	n/a	NonTarget	1	445280
2226.48	n/a	NonTarget	1	445296
2226.565	n/a	NonTarget	1	445313
2226.645	n/a	NonTarget	1	445329
2226.73	n/a	NonTarget	1	445346
2226.815	n/a	NonTarget	1	445363
2226.9	n/a	NonTarget	1	445380
2226.985	n/a	NonTarget	1	445397
2227.065	n/a	NonTarget	1	445413
2227.15	n/a	NonTarget	1	445430
2227.235	n/a	NonTarget	1	445447
2227.315	n/a	NonTarget	1	445463
2227.4	n/a	NonTarget	1	445480
2227.48	n/a	NonTarget	1	445496
2227.885	n/a	NonTarget	1	445577
2227.965	n/a	NonTarget	1	445593
2228.05	n/a	NonTarget	1	445610
2228.13	n/a	NonTarget	1	445626
2228.22	n/a	Target	2	445644
2228.3	n/a	NonTarget	1	445660
2228.38	n/a	NonTarget	1	445676
2228.465	n/a	NonTarget	1	445693
2228.55	n/a	NonTarget	1	445710
2228.635	n/a	NonTarget	1	445727
2228.715	n/a	NonTarget	1	445743
2228.8	n/a	NonTarget	1	445760
2228.885	n/a	NonTarget	1	445777
2228.97	n/a	NonTarget	1	445794
2229.05	n/a	NonTarget	1	445810
2229.135	n/a	NonTarget	1	445827
2229.215	n/a	NonTarget	1	445843
2229.3	n/a	NonTarget	1	445860
2229.385	n/a	NonTarget	1	445877
2229.465	n/a	NonTarget	1	445893
2229.55	n/a	NonTarget	1	445910
2229.635	n/a	NonTarget	1	445927
2229.72	n/a	NonTarget	1	445944
2229.8	n/a	NonTarget	1	445960
2229.885	n/a	NonTarget	1	445977
2229.965	n/a	NonTarget	1	445993
2230.05	n/a	NonTarget	1	446010
2230.135	n/a	NonTarget	1	446027
2230.22	n/a	NonTarget	1	446044
2230.3	n/a	NonTarget	1	446060
2230.7	n/a	NonTarget	1	446140
2230.785	n/a	NonTarget	1	446157
2230.87	n/a	NonTarget	1	446174
2230.95	n/a	NonTarget	1	446190
2231.035	n/a	NonTarget	1	446207
2231.12	n/a	NonTarget	1	446224
2231.205	n/a	NonTarget	1	446241
2231.285	n/a	NonTarget	1	446257
2231.37	n/a	NonTarget	1	446274
2231.45	n/a	NonTarget	1	446290
2231.535	n/a	NonTarget	1	446307
2231.615	n/a	NonTarget	1	446323
2231.7	n/a	NonTarget	1	446340
2231.785	n/a	NonTarget	1	446357
2231.87	n/a	NonTarget	1	446374
2231.955	n/a	NonTarget	1	446391
2232.035	n/a	NonTarget	1	446407
2232.12	n/a	NonTarget	1	446424
2232.2	n/a	NonTarget	1	446440
2232.29	n/a	NonTarget	1	446458
2232.37	n/a	NonTarget	1	446474
2232.45	n/a	NonTarget	1	446490
2232.535	n/a	NonTarget	1	446507
2232.62	n/a	NonTarget	1	446524
2232.705	n/a	Target	2	446541
2232.79	n/a	NonTarget	1	446558
2232.87	n/a	NonTarget	1	446574
2232.955	n/a	NonTarget	1	446591
2233.035	n/a	NonTarget	1	446607
2233.12	n/a	NonTarget	1	446624
2233.52	n/a	NonTarget	1	446704
2233.6	n/a	NonTarget	1	446720
2233.685	n/a	NonTarget	1	446737
2233.77	n/a	NonTarget	1	446754
2233.855	n/a	NonTarget	1	446771
2233.935	n/a	NonTarget	1	446787
2234.02	n/a	NonTarget	1	446804
2234.105	n/a	NonTarget	1	446821
2234.185	n/a	NonTarget	1	446837
2234.27	n/a	NonTarget	1	446854
2234.355	n/a	NonTarget	1	446871
2234.44	n/a	NonTarget	1	446888
2234.52	n/a	NonTarget	1	446904
2234.605	n/a	NonTarget	1	446921
2234.69	n/a	NonTarget	1	446938
2234.77	n/a	NonTarget	1	446954
2234.855	n/a	NonTarget	1	446971
2234.935	n/a	NonTarget	1	446987
2235.02	n/a	NonTarget	1	447004
2235.105	n/a	Target	2	447021
2235.19	n/a	NonTarget	1	447038
2235.27	n/a	NonTarget	1	447054
2235.355	n/a	NonTarget	1	447071
2235.44	n/a	NonTarget	1	447088
2235.52	n/a	NonTarget	1	447104
2235.605	n/a	NonTarget	1	447121
2235.69	n/a	NonTarget	1	447138
2235.77	n/a	NonTarget	1	447154
2235.855	n/a	NonTarget	1	447171
2235.94	n/a	NonTarget	1	447188
2236.335	n/a	NonTarget	1	447267
2236.425	n/a	NonTarget	1	447285
2236.505	n/a	NonTarget	1	447301
2236.59	n/a	NonTarget	1	447318
2236.675	n/a	NonTarget	1	447335
2236.755	n/a	NonTarget	1	447351
2236.84	n/a	NonTarget	1	447368
2236.925	n/a	NonTarget	1	447385
2237.005	n/a	NonTarget	1	447401
2237.085	n/a	NonTarget	1	447417
2237.175	n/a	NonTarget	1	447435
2237.255	n/a	NonTarget	1	447451
2237.34	n/a	NonTarget	1	447468
2237.425	n/a	NonTarget	1	447485
2237.51	n/a	NonTarget	1	447502
2237.59	n/a	NonTarget	1	447518
2237.675	n/a	NonTarget	1	447535
2237.755	n/a	NonTarget	1	447551
2237.84	n/a	NonTarget	1	447568
2237.925	n/a	NonTarget	1	447585
2238.01	n/a	NonTarget	1	447602
2238.09	n/a	NonTarget	1	447618
2238.17	n/a	NonTarget	1	447634
2238.26	n/a	NonTarget	1	447652
2238.34	n/a	NonTarget	1	447668
2238.425	n/a	NonTarget	1	447685
2238.505	n/a	NonTarget	1	447701
2238.59	n/a	NonTarget	1	447718
2238.675	n/a	NonTarget	1	447735
2238.76	n/a	Target	2	447752
2248.01	n/a	NonTarget	1	449602
2248.095	n/a	NonTarget	1	449619
2248.18	n/a	NonTarget	1	449636
2248.265	n/a	NonTarget	1	449653
2248.35	n/a	NonTarget	1	449670
2248.43	n/a	NonTarget	1	449686
2248.515	n/a	NonTarget	1	449703
2248.6	n/a	NonTarget	1	449720
2248.68	n/a	NonTarget	1	449736
2248.76	n/a	NonTarget	1	449752
2248.85	n/a	NonTarget	1	449770
2248.93	n/a	NonTarget	1	449786
2249.015	n/a	NonTarget	1	449803
2249.1	n/a	NonTarget	1	449820
2249.185	n/a	NonTarget	1	449837
2249.265	n/a	NonTarget	1	449853
2249.35	n/a	NonTarget	1	449870
2249.435	n/a	NonTarget	1	449887
2249.515	n/a	NonTarget	1	449903
2249.6	n/a	NonTarget	1	449920
2249.68	n/a	NonTarget	1	449936
2249.765	n/a	NonTarget	1	449953
2249.85	n/a	NonTarget	1	449970
2249.93	n/a	NonTarget	1	449986
2250.015	n/a	NonTarget	1	450003
2250.1	n/a	NonTarget	1	450020
2250.18	n/a	NonTarget	1	450036
2250.265	n/a	NonTarget	1	450053
2250.35	n/a	NonTarget	1	450070
2250.43	n/a	Target	2	450086
2250.83	n/a	NonTarget	1	450166
2250.915	n/a	NonTarget	1	450183
2251.0	n/a	NonTarget	1	450200
2251.085	n/a	NonTarget	1	450217
2251.165	n/a	NonTarget	1	450233
2251.25	n/a	NonTarget	1	450250
2251.335	n/a	NonTarget	1	450267
2251.415	n/a	NonTarget	1	450283
2251.5	n/a	NonTarget	1	450300
2251.585	n/a	NonTarget	1	450317
2251.67	n/a	NonTarget	1	450334
2251.75	n/a	NonTarget	1	450350
2251.835	n/a	NonTarget	1	450367
2251.915	n/a	NonTarget	1	450383
2252.0	n/a	NonTarget	1	450400
2252.08	n/a	NonTarget	1	450416
2252.165	n/a	NonTarget	1	450433
2252.25	n/a	NonTarget	1	450450
2252.335	n/a	NonTarget	1	450467
2252.42	n/a	NonTarget	1	450484
2252.505	n/a	NonTarget	1	450501
2252.585	n/a	NonTarget	1	450517
2252.665	n/a	NonTarget	1	450533
2252.75	n/a	NonTarget	1	450550
2252.835	n/a	NonTarget	1	450567
2252.915	n/a	NonTarget	1	450583
2253.0	n/a	NonTarget	1	450600
2253.085	n/a	NonTarget	1	450617
2253.17	n/a	NonTarget	1	450634
2253.25	n/a	Target	2	450650
2253.65	n/a	NonTarget	1	450730
2253.735	n/a	NonTarget	1	450747
2253.82	n/a	NonTarget	1	450764
2253.905	n/a	NonTarget	1	450781
2253.985	n/a	NonTarget	1	450797
2254.07	n/a	NonTarget	1	450814
2254.15	n/a	NonTarget	1	450830
2254.235	n/a	NonTarget	1	450847
2254.32	n/a	NonTarget	1	450864
2254.4	n/a	Target	2	450880
2254.485	n/a	NonTarget	1	450897
2254.57	n/a	NonTarget	1	450914
2254.655	n/a	NonTarget	1	450931
2254.735	n/a	NonTarget	1	450947
2254.82	n/a	NonTarget	1	450964
2254.905	n/a	NonTarget	1	450981
2254.99	n/a	NonTarget	1	450998
2255.065	n/a	NonTarget	1	451013
2255.155	n/a	NonTarget	1	451031
2255.235	n/a	NonTarget	1	451047
2255.32	n/a	NonTarget	1	451064
2255.4	n/a	NonTarget	1	451080
2255.485	n/a	NonTarget	1	451097
2255.57	n/a	NonTarget	1	451114
2255.65	n/a	NonTarget	1	451130
2255.74	n/a	NonTarget	1	451148
2255.82	n/a	NonTarget	1	451164
2255.905	n/a	NonTarget	1	451181
2255.985	n/a	NonTarget	1	451197
2256.075	n/a	NonTarget	1	451215
2256.47	n/a	NonTarget	1	451294
2256.555	n/a	NonTarget	1	451311
2256.64	n/a	NonTarget	1	451328
2256.72	n/a	NonTarget	1	451344
2256.805	n/a	NonTarget	1	451361
2256.89	n/a	NonTarget	1	451378
2256.97	n/a	NonTarget	1	451394
2257.055	n/a	NonTarget	1	451411
2257.135	n/a	NonTarget	1	451427
2257.22	n/a	NonTarget	1	451444
2257.305	n/a	NonTarget	1	451461
2257.39	n/a	NonTarget	1	451478
2257.47	n/a	NonTarget	1	451494
2257.555	n/a	NonTarget	1	451511
2257.635	n/a	NonTarget	1	451527
2257.72	n/a	NonTarget	1	451544
2257.805	n/a	NonTarget	1	451561
2257.885	n/a	NonTarget	1	451577
2257.97	n/a	NonTarget	1	451594
2258.06	n/a	NonTarget	1	451612
2258.14	n/a	NonTarget	1	451628
2258.22	n/a	NonTarget	1	451644
2258.31	n/a	NonTarget	1	451662
2258.39	n/a	NonTarget	1	451678
2258.475	n/a	NonTarget	1	451695
2258.555	n/a	NonTarget	1	451711
2258.64	n/a	NonTarget	1	451728
2258.72	n/a	NonTarget	1	451744
2258.805	n/a	NonTarget	1	451761
2258.89	n/a	Target	2	451778
2259.29	n/a	NonTarget	1	451858
2259.375	n/a	NonTarget	1	451875
2259.46	n/a	NonTarget	1	451892
2259.54	n/a	NonTarget	1	451908
2259.625	n/a	Target	2	451925
2259.705	n/a	NonTarget	1	451941
2259.79	n/a	NonTarget	1	451958
2259.875	n/a	NonTarget	1	451975
2259.955	n/a	NonTarget	1	451991
2260.04	n/a	NonTarget	1	452008
2260.12	n/a	NonTarget	1	452024
2260.205	n/a	NonTarget	1	452041
2260.29	n/a	NonTarget	1	452058
2260.375	n/a	NonTarget	1	452075
2260.455	n/a	NonTarget	1	452091
2260.54	n/a	NonTarget	1	452108
2260.625	n/a	NonTarget	1	452125
2260.705	n/a	NonTarget	1	452141
2260.79	n/a	NonTarget	1	452158
2260.875	n/a	NonTarget	1	452175
2260.96	n/a	NonTarget	1	452192
2261.04	n/a	NonTarget	1	452208
2261.125	n/a	NonTarget	1	452225
2261.205	n/a	NonTarget	1	452241
2261.29	n/a	NonTarget	1	452258
2261.375	n/a	NonTarget	1	452275
2261.455	n/a	NonTarget	1	452291
2261.545	n/a	NonTarget	1	452309
2261.625	n/a	NonTarget	1	452325
2261.71	n/a	NonTarget	1	452342
2262.105	n/a	NonTarget	1	452421
2262.19	n/a	NonTarget	1	452438
2262.275	n/a	NonTarget	1	452455
2262.36	n/a	NonTarget	1	452472
2262.44	n/a	NonTarget	1	452488
2262.525	n/a	NonTarget	1	452505
2262.61	n/a	NonTarget	1	452522
2262.69	n/a	NonTarget	1	452538
2262.775	n/a	NonTarget	1	452555
2262.855	n/a	NonTarget	1	452571
2262.945	n/a	NonTarget	1	452589
2263.025	n/a	NonTarget	1	452605
2263.11	n/a	NonTarget	1	452622
2263.19	n/a	NonTarget	1	452638
2263.275	n/a	NonTarget	1	452655
2263.36	n/a	NonTarget	1	452672
2263.44	n/a	NonTarget	1	452688
2263.53	n/a	NonTarget	1	452706
2263.61	n/a	NonTarget	1	452722
2263.69	n/a	NonTarget	1	452738
2263.775	n/a	NonTarget	1	452755
2263.86	n/a	NonTarget	1	452772
2263.945	n/a	NonTarget	1	452789
2264.03	n/a	NonTarget	1	452806
2264.11	n/a	Target	2	452822
2264.19	n/a	NonTarget	1	452838
2264.275	n/a	NonTarget	1	452855
2264.36	n/a	NonTarget	1	452872
2264.445	n/a	NonTarget	1	452889
2264.525	n/a	NonTarget	1	452905
2264.925	n/a	NonTarget	1	452985
2265.01	n/a	NonTarget	1	453002
2265.095	n/a	NonTarget	1	453019
2265.175	n/a	NonTarget	1	453035
2265.26	n/a	NonTarget	1	453052
2265.34	n/a	NonTarget	1	453068
2265.425	n/a	NonTarget	1	453085
2265.51	n/a	NonTarget	1	453102
2265.595	n/a	NonTarget	1	453119
2265.68	n/a	NonTarget	1	453136
2265.76	n/a	NonTarget	1	453152
2265.845	n/a	NonTarget	1	453169
2265.925	n/a	NonTarget	1	453185
2266.01	n/a	NonTarget	1	453202
2266.095	n/a	NonTarget	1	453219
2266.18	n/a	NonTarget	1	453236
2266.26	n/a	NonTarget	1	453252
2266.345	n/a	NonTarget	1	453269
2266.43	n/a	NonTarget	1	453286
2266.51	n/a	NonTarget	1	453302
2266.595	n/a	NonTarget	1	453319
2266.675	n/a	NonTarget	1	453335
2266.76	n/a	NonTarget	1	453352
2266.845	n/a	NonTarget	1	453369
2266.93	n/a	Target	2	453386
2267.01	n/a	NonTarget	1	453402
2267.095	n/a	NonTarget	1	453419
2267.18	n/a	NonTarget	1	453436
2267.26	n/a	NonTarget	1	453452
2267.345	n/a	NonTarget	1	453469
2267.745	n/a	NonTarget	1	453549
2267.83	n/a	NonTarget	1	453566
2267.91	n/a	NonTarget	1	453582
2267.995	n/a	NonTarget	1	453599
2268.08	n/a	NonTarget	1	453616
2268.165	n/a	NonTarget	1	453633
2268.245	n/a	NonTarget	1	453649
2268.33	n/a	NonTarget	1	453666
2268.415	n/a	NonTarget	1	453683
2268.495	n/a	NonTarget	1	453699
2268.575	n/a	NonTarget	1	453715
2268.665	n/a	NonTarget	1	453733
2268.745	n/a	NonTarget	1	453749
2268.83	n/a	NonTarget	1	453766
2268.915	n/a	NonTarget	1	453783
2268.995	n/a	NonTarget	1	453799
2269.08	n/a	NonTarget	1	453816
2269.16	n/a	NonTarget	1	453832
2269.245	n/a	NonTarget	1	453849
2269.33	n/a	NonTarget	1	453866
2269.41	n/a	NonTarget	1	453882
2269.495	n/a	NonTarget	1	453899
2269.585	n/a	NonTarget	1	453917
2269.665	n/a	NonTarget	1	453933
2269.75	n/a	NonTarget	1	453950
2269.835	n/a	NonTarget	1	453967
2269.915	n/a	NonTarget	1	453983
2269.995	n/a	NonTarget	1	453999
2270.08	n/a	NonTarget	1	454016
2270.165	n/a	Target	2	454033
2270.565	n/a	NonTarget	1	454113
2270.645	n/a	NonTarget	1	454129
2270.735	n/a	NonTarget	1	454147
2270.815	n/a	NonTarget	1	454163
2270.9	n/a	NonTarget	1	454180
2270.98	n/a	NonTarget	1	454196
2271.065	n/a	NonTarget	1	454213
2271.145	n/a	NonTarget	1	454229
2271.23	n/a	NonTarget	1	454246
2271.315	n/a	NonTarget	1	454263
2271.395	n/a	NonTarget	1	454279
2271.48	n/a	NonTarget	1	454296
2271.565	n/a	NonTarget	1	454313
2271.65	n/a	NonTarget	1	454330
2271.73	n/a	NonTarget	1	454346
2271.815	n/a	NonTarget	1	454363
2271.9	n/a	NonTarget	1	454380
2271.985	n/a	NonTarget	1	454397
2272.065	n/a	NonTarget	1	454413
2272.15	n/a	Target	2	454430
2272.235	n/a	NonTarget	1	454447
2272.315	n/a	NonTarget	1	454463
2272.4	n/a	NonTarget	1	454480
2272.48	n/a	NonTarget	1	454496
2272.565	n/a	NonTarget	1	454513
2272.65	n/a	NonTarget	1	454530
2272.73	n/a	NonTarget	1	454546
2272.815	n/a	NonTarget	1	454563
2272.9	n/a	NonTarget	1	454580
2272.98	n/a	NonTarget	1	454596
2273.385	n/a	NonTarget	1	454677
2273.465	n/a	NonTarget	1	454693
2273.55	n/a	NonTarget	1	454710
2273.635	n/a	NonTarget	1	454727
2273.72	n/a	NonTarget	1	454744
2273.8	n/a	NonTarget	1	454760
2273.885	n/a	NonTarget	1	454777
2273.965	n/a	NonTarget	1	454793
2274.05	n/a	NonTarget	1	454810
2274.135	n/a	NonTarget	1	454827
2274.215	n/a	NonTarget	1	454843
2274.3	n/a	NonTarget	1	454860
2274.38	n/a	NonTarget	1	454876
2274.47	n/a	NonTarget	1	454894
2274.55	n/a	NonTarget	1	454910
2274.63	n/a	NonTarget	1	454926
2274.715	n/a	NonTarget	1	454943
2274.805	n/a	NonTarget	1	454961
2274.885	n/a	NonTarget	1	454977
2274.965	n/a	NonTarget	1	454993
2275.05	n/a	NonTarget	1	455010
2275.135	n/a	NonTarget	1	455027
2275.22	n/a	NonTarget	1	455044
2275.3	n/a	NonTarget	1	455060
2275.385	n/a	NonTarget	1	455077
2275.47	n/a	NonTarget	1	455094
2275.55	n/a	NonTarget	1	455110
2275.635	n/a	NonTarget	1	455127
2275.72	n/a	NonTarget	1	455144
2275.8	n/a	Target	2	455160
2285.09	n/a	NonTarget	1	457018
2285.175	n/a	NonTarget	1	457035
2285.26	n/a	NonTarget	1	457052
2285.345	n/a	NonTarget	1	457069
2285.425	n/a	NonTarget	1	457085
2285.51	n/a	NonTarget	1	457102
2285.59	n/a	NonTarget	1	457118
2285.675	n/a	NonTarget	1	457135
2285.76	n/a	NonTarget	1	457152
2285.845	n/a	NonTarget	1	457169
2285.925	n/a	NonTarget	1	457185
2286.01	n/a	NonTarget	1	457202
2286.09	n/a	NonTarget	1	457218
2286.175	n/a	NonTarget	1	457235
2286.26	n/a	NonTarget	1	457252
2286.34	n/a	NonTarget	1	457268
2286.425	n/a	NonTarget	1	457285
2286.51	n/a	NonTarget	1	457302
2286.59	n/a	NonTarget	1	457318
2286.68	n/a	NonTarget	1	457336
2286.76	n/a	NonTarget	1	457352
2286.84	n/a	NonTarget	1	457368
2286.925	n/a	Target	2	457385
2287.01	n/a	NonTarget	1	457402
2287.095	n/a	NonTarget	1	457419
2287.175	n/a	NonTarget	1	457435
2287.26	n/a	NonTarget	1	457452
2287.345	n/a	NonTarget	1	457469
2287.43	n/a	NonTarget	1	457486
2287.51	n/a	NonTarget	1	457502
2287.915	n/a	NonTarget	1	457583
2287.995	n/a	NonTarget	1	457599
2288.08	n/a	NonTarget	1	457616
2288.16	n/a	NonTarget	1	457632
2288.245	n/a	NonTarget	1	457649
2288.325	n/a	NonTarget	1	457665
2288.41	n/a	NonTarget	1	457682
2288.495	n/a	NonTarget	1	457699
2288.58	n/a	NonTarget	1	457716
2288.66	n/a	NonTarget	1	457732
2288.745	n/a	NonTarget	1	457749
2288.83	n/a	NonTarget	1	457766
2288.91	n/a	Target	2	457782
2288.995	n/a	NonTarget	1	457799
2289.075	n/a	NonTarget	1	457815
2289.16	n/a	NonTarget	1	457832
2289.245	n/a	NonTarget	1	457849
2289.33	n/a	NonTarget	1	457866
2289.41	n/a	NonTarget	1	457882
2289.495	n/a	NonTarget	1	457899
2289.575	n/a	NonTarget	1	457915
2289.665	n/a	NonTarget	1	457933
2289.745	n/a	NonTarget	1	457949
2289.83	n/a	NonTarget	1	457966
2289.915	n/a	NonTarget	1	457983
2289.995	n/a	NonTarget	1	457999
2290.08	n/a	NonTarget	1	458016
2290.16	n/a	NonTarget	1	458032
2290.245	n/a	NonTarget	1	458049
2290.33	n/a	NonTarget	1	458066
2290.73	n/a	NonTarget	1	458146
2290.815	n/a	NonTarget	1	458163
2290.895	n/a	Target	2	458179
2290.985	n/a	NonTarget	1	458197
2291.065	n/a	NonTarget	1	458213
2291.145	n/a	NonTarget	1	458229
2291.23	n/a	NonTarget	1	458246
2291.315	n/a	NonTarget	1	458263
2291.395	n/a	NonTarget	1	458279
2291.48	n/a	NonTarget	1	458296
2291.565	n/a	NonTarget	1	458313
2291.645	n/a	NonTarget	1	458329
2291.73	n/a	NonTarget	1	458346
2291.815	n/a	NonTarget	1	458363
2291.895	n/a	NonTarget	1	458379
2291.98	n/a	NonTarget	1	458396
2292.065	n/a	NonTarget	1	458413
2292.15	n/a	NonTarget	1	458430
2292.23	n/a	NonTarget	1	458446
2292.31	n/a	NonTarget	1	458462
2292.395	n/a	NonTarget	1	458479
2292.48	n/a	NonTarget	1	458496
2292.565	n/a	NonTarget	1	458513
2292.645	n/a	NonTarget	1	458529
2292.73	n/a	NonTarget	1	458546
2292.815	n/a	NonTarget	1	458563
2292.895	n/a	NonTarget	1	458579
2292.98	n/a	NonTarget	1	458596
2293.065	n/a	NonTarget	1	458613
2293.15	n/a	NonTarget	1	458630
2293.55	n/a	NonTarget	1	458710
2293.635	n/a	NonTarget	1	458727
2293.715	n/a	NonTarget	1	458743
2293.8	n/a	NonTarget	1	458760
2293.885	n/a	NonTarget	1	458777
2293.965	n/a	NonTarget	1	458793
2294.05	n/a	NonTarget	1	458810
2294.13	n/a	Target	2	458826
2294.215	n/a	NonTarget	1	458843
2294.3	n/a	NonTarget	1	458860
2294.38	n/a	NonTarget	1	458876
2294.465	n/a	NonTarget	1	458893
2294.55	n/a	NonTarget	1	458910
2294.635	n/a	NonTarget	1	458927
2294.715	n/a	NonTarget	1	458943
2294.8	n/a	NonTarget	1	458960
2294.88	n/a	NonTarget	1	458976
2294.965	n/a	NonTarget	1	458993
2295.05	n/a	NonTarget	1	459010
2295.13	n/a	NonTarget	1	459026
2295.215	n/a	NonTarget	1	459043
2295.3	n/a	NonTarget	1	459060
2295.385	n/a	NonTarget	1	459077
2295.465	n/a	NonTarget	1	459093
2295.55	n/a	NonTarget	1	459110
2295.635	n/a	NonTarget	1	459127
2295.715	n/a	NonTarget	1	459143
2295.8	n/a	NonTarget	1	459160
2295.885	n/a	NonTarget	1	459177
2295.965	n/a	NonTarget	1	459193
2296.37	n/a	NonTarget	1	459274
2296.45	n/a	NonTarget	1	459290
2296.535	n/a	NonTarget	1	459307
2296.62	n/a	NonTarget	1	459324
2296.7	n/a	NonTarget	1	459340
2296.785	n/a	NonTarget	1	459357
2296.865	n/a	NonTarget	1	459373
2296.95	n/a	NonTarget	1	459390
2297.035	n/a	NonTarget	1	459407
2297.115	n/a	NonTarget	1	459423
2297.2	n/a	NonTarget	1	459440
2297.285	n/a	NonTarget	1	459457
2297.365	n/a	NonTarget	1	459473
2297.45	n/a	NonTarget	1	459490
2297.535	n/a	NonTarget	1	459507
2297.615	n/a	NonTarget	1	459523
2297.7	n/a	NonTarget	1	459540
2297.785	n/a	NonTarget	1	459557
2297.87	n/a	NonTarget	1	459574
2297.95	n/a	NonTarget	1	459590
2298.035	n/a	NonTarget	1	459607
2298.12	n/a	NonTarget	1	459624
2298.205	n/a	NonTarget	1	459641
2298.285	n/a	NonTarget	1	459657
2298.37	n/a	NonTarget	1	459674
2298.45	n/a	NonTarget	1	459690
2298.535	n/a	NonTarget	1	459707
2298.615	n/a	Target	2	459723
2298.705	n/a	NonTarget	1	459741
2298.785	n/a	NonTarget	1	459757
2299.185	n/a	NonTarget	1	459837
2299.27	n/a	NonTarget	1	459854
2299.35	n/a	NonTarget	1	459870
2299.435	n/a	NonTarget	1	459887
2299.52	n/a	NonTarget	1	459904
2299.605	n/a	NonTarget	1	459921
2299.685	n/a	NonTarget	1	459937
2299.77	n/a	NonTarget	1	459954
2299.855	n/a	NonTarget	1	459971
2299.935	n/a	NonTarget	1	459987
2300.02	n/a	NonTarget	1	460004
2300.1	n/a	NonTarget	1	460020
2300.185	n/a	NonTarget	1	460037
2300.27	n/a	NonTarget	1	460054
2300.35	n/a	NonTarget	1	460070
2300.44	n/a	NonTarget	1	460088
2300.52	n/a	NonTarget	1	460104
2300.605	n/a	NonTarget	1	460121
2300.685	n/a	NonTarget	1	460137
2300.77	n/a	NonTarget	1	460154
2300.855	n/a	NonTarget	1	460171
2300.94	n/a	NonTarget	1	460188
2301.02	n/a	Target	2	460204
2301.105	n/a	NonTarget	1	460221
2301.185	n/a	NonTarget	1	460237
2301.27	n/a	NonTarget	1	460254
2301.355	n/a	NonTarget	1	460271
2301.435	n/a	NonTarget	1	460287
2301.52	n/a	NonTarget	1	460304
2301.605	n/a	NonTarget	1	460321
2302.005	n/a	NonTarget	1	460401
2302.085	n/a	NonTarget	1	460417
2302.17	n/a	Target	2	460434
2302.255	n/a	NonTarget	1	460451
2302.34	n/a	NonTarget	1	460468
2302.42	n/a	NonTarget	1	460484
2302.505	n/a	NonTarget	1	460501
2302.59	n/a	NonTarget	1	460518
2302.675	n/a	NonTarget	1	460535
2302.755	n/a	NonTarget	1	460551
2302.84	n/a	NonTarget	1	460568
2302.925	n/a	NonTarget	1	460585
2303.005	n/a	NonTarget	1	460601
2303.09	n/a	NonTarget	1	460618
2303.17	n/a	NonTarget	1	460634
2303.255	n/a	NonTarget	1	460651
2303.34	n/a	NonTarget	1	460668
2303.425	n/a	NonTarget	1	460685
2303.505	n/a	NonTarget	1	460701
2303.59	n/a	NonTarget	1	460718
2303.67	n/a	NonTarget	1	460734
2303.755	n/a	NonTarget	1	460751
2303.84	n/a	NonTarget	1	460768
2303.92	n/a	NonTarget	1	460784
2304.005	n/a	NonTarget	1	460801
2304.09	n/a	NonTarget	1	460818
2304.17	n/a	NonTarget	1	460834
2304.255	n/a	NonTarget	1	460851
2304.34	n/a	NonTarget	1	460868
2304.425	n/a	NonTarget	1	460885
2304.825	n/a	NonTarget	1	460965
2304.905	n/a	NonTarget	1	460981
2304.99	n/a	NonTarget	1	460998
2305.075	n/a	NonTarget	1	461015
2305.16	n/a	NonTarget	1	461032
2305.24	n/a	NonTarget	1	461048
2305.325	n/a	NonTarget	1	461065
2305.405	n/a	NonTarget	1	461081
2305.49	n/a	NonTarget	1	461098
2305.575	n/a	NonTarget	1	461115
2305.655	n/a	NonTarget	1	461131
2305.74	n/a	NonTarget	1	461148
2305.825	n/a	NonTarget	1	461165
2305.91	n/a	NonTarget	1	461182
2305.99	n/a	NonTarget	1	461198
2306.075	n/a	NonTarget	1	461215
2306.155	n/a	NonTarget	1	461231
2306.24	n/a	NonTarget	1	461248
2306.325	n/a	NonTarget	1	461265
2306.405	n/a	NonTarget	1	461281
2306.49	n/a	NonTarget	1	461298
2306.575	n/a	NonTarget	1	461315
2306.655	n/a	Target	2	461331
2306.74	n/a	NonTarget	1	461348
2306.825	n/a	NonTarget	1	461365
2306.905	n/a	NonTarget	1	461381
2306.99	n/a	NonTarget	1	461398
2307.075	n/a	NonTarget	1	461415
2307.16	n/a	NonTarget	1	461432
2307.24	n/a	NonTarget	1	461448
2307.645	n/a	NonTarget	1	461529
2307.725	n/a	NonTarget	1	461545
2307.81	n/a	NonTarget	1	461562
2307.895	n/a	NonTarget	1	461579
2307.98	n/a	NonTarget	1	461596
2308.06	n/a	NonTarget	1	461612
2308.145	n/a	NonTarget	1	461629
2308.23	n/a	NonTarget	1	461646
2308.31	n/a	NonTarget	1	461662
2308.39	n/a	NonTarget	1	461678
2308.475	n/a	NonTarget	1	461695
2308.56	n/a	NonTarget	1	461712
2308.64	n/a	NonTarget	1	461728
2308.725	n/a	NonTarget	1	461745
2308.81	n/a	NonTarget	1	461762
2308.89	n/a	NonTarget	1	461778
2308.98	n/a	NonTarget	1	461796
2309.06	n/a	NonTarget	1	461812
2309.145	n/a	NonTarget	1	461829
2309.23	n/a	NonTarget	1	461846
2309.31	n/a	NonTarget	1	461862
2309.395	n/a	NonTarget	1	461879
2309.475	n/a	Target	2	461895
2309.56	n/a	NonTarget	1	461912
2309.64	n/a	NonTarget	1	461928
2309.725	n/a	NonTarget	1	461945
2309.81	n/a	NonTarget	1	461962
2309.895	n/a	NonTarget	1	461979
2309.975	n/a	NonTarget	1	461995
2310.06	n/a	NonTarget	1	462012
2310.46	n/a	NonTarget	1	462092
2310.545	n/a	NonTarget	1	462109
2310.625	n/a	NonTarget	1	462125
2310.715	n/a	NonTarget	1	462143
2310.795	n/a	NonTarget	1	462159
2310.875	n/a	NonTarget	1	462175
2310.96	n/a	NonTarget	1	462192
2311.045	n/a	NonTarget	1	462209
2311.13	n/a	NonTarget	1	462226
2311.21	n/a	NonTarget	1	462242
2311.295	n/a	NonTarget	1	462259
2311.38	n/a	NonTarget	1	462276
2311.465	n/a	NonTarget	1	462293
2311.545	n/a	NonTarget	1	462309
2311.625	n/a	NonTarget	1	462325
2311.715	n/a	NonTarget	1	462343
2311.795	n/a	NonTarget	1	462359
2311.88	n/a	NonTarget	1	462376
2311.965	n/a	NonTarget	1	462393
2312.045	n/a	NonTarget	1	462409
2312.13	n/a	NonTarget	1	462426
2312.21	n/a	NonTarget	1	462442
2312.295	n/a	Target	2	462459
2312.38	n/a	NonTarget	1	462476
2312.46	n/a	NonTarget	1	462492
2312.545	n/a	NonTarget	1	462509
2312.63	n/a	NonTarget	1	462526
2312.715	n/a	NonTarget	1	462543
2312.8	n/a	NonTarget	1	462560
2312.88	n/a	NonTarget	1	462576
2322.13	n/a	NonTarget	1	464426
2322.22	n/a	NonTarget	1	464444
2322.305	n/a	NonTarget	1	464461
2322.385	n/a	NonTarget	1	464477
2322.47	n/a	NonTarget	1	464494
2322.555	n/a	NonTarget	1	464511
2322.635	n/a	NonTarget	1	464527
2322.72	n/a	Target	2	464544
2322.805	n/a	NonTarget	1	464561
2322.89	n/a	NonTarget	1	464578
2322.97	n/a	NonTarget	1	464594
2323.055	n/a	NonTarget	1	464611
2323.14	n/a	NonTarget	1	464628
2323.22	n/a	NonTarget	1	464644
2323.305	n/a	NonTarget	1	464661
2323.385	n/a	NonTarget	1	464677
2323.47	n/a	NonTarget	1	464694
2323.555	n/a	NonTarget	1	464711
2323.635	n/a	NonTarget	1	464727
2323.72	n/a	NonTarget	1	464744
2323.805	n/a	NonTarget	1	464761
2323.89	n/a	NonTarget	1	464778
2323.97	n/a	NonTarget	1	464794
2324.055	n/a	NonTarget	1	464811
2324.14	n/a	NonTarget	1	464828
2324.22	n/a	NonTarget	1	464844
2324.305	n/a	NonTarget	1	464861
2324.39	n/a	NonTarget	1	464878
2324.47	n/a	NonTarget	1	464894
2324.555	n/a	NonTarget	1	464911
2324.955	n/a	NonTarget	1	464991
2325.04	n/a	NonTarget	1	465008
2325.125	n/a	NonTarget	1	465025
2325.205	n/a	NonTarget	1	465041
2325.29	n/a	NonTarget	1	465058
2325.37	n/a	NonTarget	1	465074
2325.455	n/a	NonTarget	1	465091
2325.54	n/a	NonTarget	1	465108
2325.62	n/a	NonTarget	1	465124
2325.705	n/a	NonTarget	1	465141
2325.79	n/a	NonTarget	1	465158
2325.87	n/a	NonTarget	1	465174
2325.955	n/a	NonTarget	1	465191
2326.04	n/a	NonTarget	1	465208
2326.12	n/a	NonTarget	1	465224
2326.205	n/a	NonTarget	1	465241
2326.29	n/a	NonTarget	1	465258
2326.37	n/a	NonTarget	1	465274
2326.455	n/a	NonTarget	1	465291
2326.54	n/a	NonTarget	1	465308
2326.62	n/a	NonTarget	1	465324
2326.705	n/a	NonTarget	1	465341
2326.79	n/a	NonTarget	1	465358
2326.875	n/a	NonTarget	1	465375
2326.955	n/a	NonTarget	1	465391
2327.04	n/a	NonTarget	1	465408
2327.125	n/a	NonTarget	1	465425
2327.205	n/a	Target	2	465441
2327.29	n/a	NonTarget	1	465458
2327.37	n/a	NonTarget	1	465474
2327.775	n/a	NonTarget	1	465555
2327.855	n/a	NonTarget	1	465571
2327.945	n/a	NonTarget	1	465589
2328.025	n/a	NonTarget	1	465605
2328.11	n/a	NonTarget	1	465622
2328.19	n/a	NonTarget	1	465638
2328.275	n/a	NonTarget	1	465655
2328.355	n/a	NonTarget	1	465671
2328.44	n/a	NonTarget	1	465688
2328.525	n/a	NonTarget	1	465705
2328.605	n/a	NonTarget	1	465721
2328.69	n/a	NonTarget	1	465738
2328.775	n/a	NonTarget	1	465755
2328.86	n/a	NonTarget	1	465772
2328.94	n/a	NonTarget	1	465788
2329.025	n/a	NonTarget	1	465805
2329.105	n/a	NonTarget	1	465821
2329.19	n/a	NonTarget	1	465838
2329.275	n/a	NonTarget	1	465855
2329.36	n/a	NonTarget	1	465872
2329.44	n/a	NonTarget	1	465888
2329.525	n/a	NonTarget	1	465905
2329.61	n/a	NonTarget	1	465922
2329.69	n/a	NonTarget	1	465938
2329.775	n/a	NonTarget	1	465955
2329.86	n/a	NonTarget	1	465972
2329.94	n/a	NonTarget	1	465988
2330.025	n/a	Target	2	466005
2330.11	n/a	NonTarget	1	466022
2330.19	n/a	NonTarget	1	466038
2330.59	n/a	NonTarget	1	466118
2330.675	n/a	NonTarget	1	466135
2330.76	n/a	NonTarget	1	466152
2330.84	n/a	NonTarget	1	466168
2330.925	n/a	NonTarget	1	466185
2331.01	n/a	NonTarget	1	466202
2331.09	n/a	NonTarget	1	466218
2331.18	n/a	NonTarget	1	466236
2331.26	n/a	NonTarget	1	466252
2331.345	n/a	NonTarget	1	466269
2331.43	n/a	NonTarget	1	466286
2331.51	n/a	NonTarget	1	466302
2331.595	n/a	NonTarget	1	466319
2331.675	n/a	NonTarget	1	466335
2331.76	n/a	NonTarget	1	466352
2331.845	n/a	NonTarget	1	466369
2331.925	n/a	NonTarget	1	466385
2332.01	n/a	NonTarget	1	466402
2332.095	n/a	NonTarget	1	466419
2332.18	n/a	NonTarget	1	466436
2332.26	n/a	NonTarget	1	466452
2332.345	n/a	NonTarget	1	466469
2332.43	n/a	Target	2	466486
2332.515	n/a	NonTarget	1	466503
2332.59	n/a	NonTarget	1	466518
2332.675	n/a	NonTarget	1	466535
2332.76	n/a	NonTarget	1	466552
2332.84	n/a	NonTarget	1	466568
2332.93	n/a	NonTarget	1	466586
2333.01	n/a	NonTarget	1	466602
2333.41	n/a	NonTarget	1	466682
2333.495	n/a	NonTarget	1	466699
2333.58	n/a	NonTarget	1	466716
2333.66	n/a	NonTarget	1	466732
2333.745	n/a	NonTarget	1	466749
2333.83	n/a	NonTarget	1	466766
2333.915	n/a	NonTarget	1	466783
2333.995	n/a	NonTarget	1	466799
2334.08	n/a	NonTarget	1	466816
2334.165	n/a	NonTarget	1	466833
2334.245	n/a	NonTarget	1	466849
2334.33	n/a	NonTarget	1	466866
2334.41	n/a	NonTarget	1	466882
2334.5	n/a	NonTarget	1	466900
2334.58	n/a	NonTarget	1	466916
2334.665	n/a	NonTarget	1	466933
2334.745	n/a	NonTarget	1	466949
2334.835	n/a	Target	2	466967
2334.91	n/a	NonTarget	1	466982
2334.995	n/a	NonTarget	1	466999
2335.08	n/a	NonTarget	1	467016
2335.16	n/a	NonTarget	1	467032
2335.245	n/a	NonTarget	1	467049
2335.33	n/a	NonTarget	1	467066
2335.415	n/a	NonTarget	1	467083
2335.495	n/a	NonTarget	1	467099
2335.58	n/a	NonTarget	1	467116
2335.66	n/a	NonTarget	1	467132
2335.745	n/a	NonTarget	1	467149
2335.825	n/a	NonTarget	1	467165
2336.23	n/a	NonTarget	1	467246
2336.31	n/a	NonTarget	1	467262
2336.395	n/a	NonTarget	1	467279
2336.48	n/a	NonTarget	1	467296
2336.56	n/a	NonTarget	1	467312
2336.65	n/a	NonTarget	1	467330
2336.73	n/a	NonTarget	1	467346
2336.81	n/a	NonTarget	1	467362
2336.895	n/a	NonTarget	1	467379
2336.98	n/a	NonTarget	1	467396
2337.07	n/a	NonTarget	1	467414
2337.15	n/a	NonTarget	1	467430
2337.23	n/a	NonTarget	1	467446
2337.32	n/a	NonTarget	1	467464
2337.4	n/a	NonTarget	1	467480
2337.48	n/a	NonTarget	1	467496
2337.565	n/a	NonTarget	1	467513
2337.645	n/a	NonTarget	1	467529
2337.735	n/a	NonTarget	1	467547
2337.815	n/a	NonTarget	1	467563
2337.9	n/a	NonTarget	1	467580
2337.985	n/a	NonTarget	1	467597
2338.07	n/a	Target	2	467614
2338.15	n/a	NonTarget	1	467630
2338.23	n/a	NonTarget	1	467646
2338.315	n/a	NonTarget	1	467663
2338.4	n/a	NonTarget	1	467680
2338.485	n/a	NonTarget	1	467697
2338.565	n/a	NonTarget	1	467713
2338.645	n/a	NonTarget	1	467729
2339.05	n/a	NonTarget	1	467810
2339.13	n/a	NonTarget	1	467826
2339.215	n/a	NonTarget	1	467843
2339.3	n/a	NonTarget	1	467860
2339.385	n/a	NonTarget	1	467877
2339.465	n/a	NonTarget	1	467893
2339.55	n/a	NonTarget	1	467910
2339.63	n/a	Target	2	467926
2339.715	n/a	NonTarget	1	467943
2339.8	n/a	NonTarget	1	467960
2339.885	n/a	NonTarget	1	467977
2339.965	n/a	NonTarget	1	467993
2340.05	n/a	NonTarget	1	468010
2340.135	n/a	NonTarget	1	468027
2340.22	n/a	NonTarget	1	468044
2340.3	n/a	NonTarget	1	468060
2340.385	n/a	NonTarget	1	468077
2340.465	n/a	NonTarget	1	468093
2340.55	n/a	NonTarget	1	468110
2340.635	n/a	NonTarget	1	468127
2340.715	n/a	NonTarget	1	468143
2340.8	n/a	NonTarget	1	468160
2340.885	n/a	NonTarget	1	468177
2340.965	n/a	NonTarget	1	468193
2341.05	n/a	NonTarget	1	468210
2341.135	n/a	NonTarget	1	468227
2341.215	n/a	NonTarget	1	468243
2341.3	n/a	NonTarget	1	468260
2341.385	n/a	NonTarget	1	468277
2341.47	n/a	NonTarget	1	468294
2341.865	n/a	NonTarget	1	468373
2341.955	n/a	NonTarget	1	468391
2342.035	n/a	NonTarget	1	468407
2342.115	n/a	NonTarget	1	468423
2342.2	n/a	NonTarget	1	468440
2342.285	n/a	NonTarget	1	468457
2342.37	n/a	NonTarget	1	468474
2342.45	n/a	NonTarget	1	468490
2342.535	n/a	NonTarget	1	468507
2342.62	n/a	NonTarget	1	468524
2342.7	n/a	NonTarget	1	468540
2342.785	n/a	NonTarget	1	468557
2342.87	n/a	Target	2	468574
2342.955	n/a	NonTarget	1	468591
2343.035	n/a	NonTarget	1	468607
2343.115	n/a	NonTarget	1	468623
2343.2	n/a	NonTarget	1	468640
2343.285	n/a	NonTarget	1	468657
2343.37	n/a	NonTarget	1	468674
2343.45	n/a	NonTarget	1	468690
2343.535	n/a	NonTarget	1	468707
2343.62	n/a	NonTarget	1	468724
2343.705	n/a	NonTarget	1	468741
2343.785	n/a	NonTarget	1	468757
2343.87	n/a	NonTarget	1	468774
2343.955	n/a	NonTarget	1	468791
2344.035	n/a	NonTarget	1	468807
2344.12	n/a	NonTarget	1	468824
2344.205	n/a	NonTarget	1	468841
2344.285	n/a	NonTarget	1	468857
2344.69	n/a	NonTarget	1	468938
2344.77	n/a	NonTarget	1	468954
2344.85	n/a	NonTarget	1	468970
2344.935	n/a	NonTarget	1	468987
2345.025	n/a	NonTarget	1	469005
2345.105	n/a	NonTarget	1	469021
2345.19	n/a	NonTarget	1	469038
2345.27	n/a	NonTarget	1	469054
2345.355	n/a	NonTarget	1	469071
2345.435	n/a	NonTarget	1	469087
2345.52	n/a	NonTarget	1	469104
2345.605	n/a	NonTarget	1	469121
2345.69	n/a	NonTarget	1	469138
2345.77	n/a	NonTarget	1	469154
2345.855	n/a	NonTarget	1	469171
2345.94	n/a	NonTarget	1	469188
2346.025	n/a	NonTarget	1	469205
2346.105	n/a	Target	2	469221
2346.19	n/a	NonTarget	1	469238
2346.27	n/a	NonTarget	1	469254
2346.355	n/a	NonTarget	1	469271
2346.44	n/a	NonTarget	1	469288
2346.525	n/a	NonTarget	1	469305
2346.605	n/a	NonTarget	1	469321
2346.685	n/a	NonTarget	1	469337
2346.77	n/a	NonTarget	1	469354
2346.855	n/a	NonTarget	1	469371
2346.94	n/a	NonTarget	1	469388
2347.025	n/a	NonTarget	1	469405
2347.105	n/a	NonTarget	1	469421
2347.505	n/a	NonTarget	1	469501
2347.59	n/a	NonTarget	1	469518
2347.67	n/a	NonTarget	1	469534
2347.755	n/a	NonTarget	1	469551
2347.84	n/a	NonTarget	1	469568
2347.92	n/a	NonTarget	1	469584
2348.005	n/a	NonTarget	1	469601
2348.09	n/a	NonTarget	1	469618
2348.175	n/a	NonTarget	1	469635
2348.255	n/a	NonTarget	1	469651
2348.34	n/a	NonTarget	1	469668
2348.425	n/a	NonTarget	1	469685
2348.51	n/a	NonTarget	1	469702
2348.59	n/a	NonTarget	1	469718
2348.67	n/a	NonTarget	1	469734
2348.755	n/a	NonTarget	1	469751
2348.84	n/a	NonTarget	1	469768
2348.925	n/a	NonTarget	1	469785
2349.005	n/a	NonTarget	1	469801
2349.09	n/a	NonTarget	1	469818
2349.175	n/a	NonTarget	1	469835
2349.255	n/a	NonTarget	1	469851
2349.34	n/a	Target	2	469868
2349.425	n/a	NonTarget	1	469885
2349.505	n/a	NonTarget	1	469901
2349.59	n/a	NonTarget	1	469918
2349.675	n/a	NonTarget	1	469935
2349.755	n/a	NonTarget	1	469951
2349.84	n/a	NonTarget	1	469968
2349.925	n/a	NonTarget	1	469985
2359.215	n/a	Target	2	471843
2359.295	n/a	NonTarget	1	471859
2359.38	n/a	NonTarget	1	471876
2359.465	n/a	NonTarget	1	471893
2359.545	n/a	NonTarget	1	471909
2359.63	n/a	NonTarget	1	471926
2359.71	n/a	NonTarget	1	471942
2359.8	n/a	NonTarget	1	471960
2359.88	n/a	NonTarget	1	471976
2359.965	n/a	NonTarget	1	471993
2360.045	n/a	NonTarget	1	472009
2360.13	n/a	NonTarget	1	472026
2360.215	n/a	NonTarget	1	472043
2360.3	n/a	NonTarget	1	472060
2360.38	n/a	NonTarget	1	472076
2360.465	n/a	NonTarget	1	472093
2360.55	n/a	NonTarget	1	472110
2360.63	n/a	NonTarget	1	472126
2360.715	n/a	NonTarget	1	472143
2360.8	n/a	NonTarget	1	472160
2360.885	n/a	NonTarget	1	472177
2360.965	n/a	NonTarget	1	472193
2361.05	n/a	NonTarget	1	472210
2361.13	n/a	NonTarget	1	472226
2361.215	n/a	NonTarget	1	472243
2361.295	n/a	NonTarget	1	472259
2361.38	n/a	NonTarget	1	472276
2361.465	n/a	NonTarget	1	472293
2361.55	n/a	NonTarget	1	472310
2361.63	n/a	NonTarget	1	472326
2362.035	n/a	NonTarget	1	472407
2362.115	n/a	NonTarget	1	472423
2362.195	n/a	NonTarget	1	472439
2362.28	n/a	NonTarget	1	472456
2362.365	n/a	NonTarget	1	472473
2362.45	n/a	NonTarget	1	472490
2362.535	n/a	NonTarget	1	472507
2362.615	n/a	NonTarget	1	472523
2362.7	n/a	NonTarget	1	472540
2362.785	n/a	NonTarget	1	472557
2362.87	n/a	NonTarget	1	472574
2362.95	n/a	NonTarget	1	472590
2363.035	n/a	NonTarget	1	472607
2363.12	n/a	NonTarget	1	472624
2363.2	n/a	NonTarget	1	472640
2363.285	n/a	Target	2	472657
2363.365	n/a	NonTarget	1	472673
2363.45	n/a	NonTarget	1	472690
2363.535	n/a	NonTarget	1	472707
2363.615	n/a	NonTarget	1	472723
2363.7	n/a	NonTarget	1	472740
2363.785	n/a	NonTarget	1	472757
2363.865	n/a	NonTarget	1	472773
2363.95	n/a	NonTarget	1	472790
2364.035	n/a	NonTarget	1	472807
2364.12	n/a	NonTarget	1	472824
2364.2	n/a	NonTarget	1	472840
2364.285	n/a	NonTarget	1	472857
2364.37	n/a	NonTarget	1	472874
2364.45	n/a	NonTarget	1	472890
2364.85	n/a	NonTarget	1	472970
2364.935	n/a	NonTarget	1	472987
2365.02	n/a	NonTarget	1	473004
2365.105	n/a	NonTarget	1	473021
2365.185	n/a	NonTarget	1	473037
2365.27	n/a	NonTarget	1	473054
2365.35	n/a	NonTarget	1	473070
2365.435	n/a	NonTarget	1	473087
2365.52	n/a	NonTarget	1	473104
2365.605	n/a	NonTarget	1	473121
2365.685	n/a	NonTarget	1	473137
2365.77	n/a	NonTarget	1	473154
2365.855	n/a	NonTarget	1	473171
2365.935	n/a	NonTarget	1	473187
2366.02	n/a	NonTarget	1	473204
2366.1	n/a	NonTarget	1	473220
2366.185	n/a	NonTarget	1	473237
2366.27	n/a	NonTarget	1	473254
2366.355	n/a	NonTarget	1	473271
2366.435	n/a	NonTarget	1	473287
2366.52	n/a	NonTarget	1	473304
2366.6	n/a	NonTarget	1	473320
2366.685	n/a	NonTarget	1	473337
2366.77	n/a	NonTarget	1	473354
2366.85	n/a	NonTarget	1	473370
2366.94	n/a	Target	2	473388
2367.02	n/a	NonTarget	1	473404
2367.105	n/a	NonTarget	1	473421
2367.185	n/a	NonTarget	1	473437
2367.27	n/a	NonTarget	1	473454
2367.67	n/a	NonTarget	1	473534
2367.755	n/a	NonTarget	1	473551
2367.835	n/a	NonTarget	1	473567
2367.92	n/a	NonTarget	1	473584
2368.005	n/a	NonTarget	1	473601
2368.09	n/a	Target	2	473618
2368.17	n/a	NonTarget	1	473634
2368.255	n/a	NonTarget	1	473651
2368.34	n/a	NonTarget	1	473668
2368.42	n/a	NonTarget	1	473684
2368.505	n/a	NonTarget	1	473701
2368.59	n/a	NonTarget	1	473718
2368.67	n/a	NonTarget	1	473734
2368.755	n/a	NonTarget	1	473751
2368.84	n/a	NonTarget	1	473768
2368.92	n/a	NonTarget	1	473784
2369.005	n/a	NonTarget	1	473801
2369.09	n/a	NonTarget	1	473818
2369.175	n/a	NonTarget	1	473835
2369.255	n/a	NonTarget	1	473851
2369.34	n/a	NonTarget	1	473868
2369.425	n/a	NonTarget	1	473885
2369.505	n/a	NonTarget	1	473901
2369.59	n/a	NonTarget	1	473918
2369.67	n/a	NonTarget	1	473934
2369.76	n/a	NonTarget	1	473952
2369.84	n/a	NonTarget	1	473968
2369.92	n/a	NonTarget	1	473984
2370.005	n/a	NonTarget	1	474001
2370.09	n/a	NonTarget	1	474018
2370.485	n/a	NonTarget	1	474097
2370.57	n/a	NonTarget	1	474114
2370.66	n/a	NonTarget	1	474132
2370.74	n/a	NonTarget	1	474148
2370.825	n/a	NonTarget	1	474165
2370.905	n/a	NonTarget	1	474181
2370.99	n/a	NonTarget	1	474198
2371.07	n/a	NonTarget	1	474214
2371.155	n/a	NonTarget	1	474231
2371.24	n/a	NonTarget	1	474248
2371.325	n/a	NonTarget	1	474265
2371.405	n/a	NonTarget	1	474281
2371.49	n/a	NonTarget	1	474298
2371.575	n/a	NonTarget	1	474315
2371.655	n/a	NonTarget	1	474331
2371.74	n/a	Target	2	474348
2371.825	n/a	NonTarget	1	474365
2371.91	n/a	NonTarget	1	474382
2371.99	n/a	NonTarget	1	474398
2372.075	n/a	NonTarget	1	474415
2372.16	n/a	NonTarget	1	474432
2372.24	n/a	NonTarget	1	474448
2372.325	n/a	NonTarget	1	474465
2372.405	n/a	NonTarget	1	474481
2372.49	n/a	NonTarget	1	474498
2372.575	n/a	NonTarget	1	474515
2372.655	n/a	NonTarget	1	474531
2372.74	n/a	NonTarget	1	474548
2372.825	n/a	NonTarget	1	474565
2372.905	n/a	NonTarget	1	474581
2373.31	n/a	NonTarget	1	474662
2373.39	n/a	NonTarget	1	474678
2373.475	n/a	NonTarget	1	474695
2373.555	n/a	NonTarget	1	474711
2373.645	n/a	NonTarget	1	474729
2373.725	n/a	NonTarget	1	474745
2373.81	n/a	NonTarget	1	474762
2373.89	n/a	NonTarget	1	474778
2373.98	n/a	NonTarget	1	474796
2374.055	n/a	NonTarget	1	474811
2374.145	n/a	NonTarget	1	474829
2374.225	n/a	NonTarget	1	474845
2374.305	n/a	NonTarget	1	474861
2374.39	n/a	NonTarget	1	474878
2374.475	n/a	NonTarget	1	474895
2374.56	n/a	NonTarget	1	474912
2374.645	n/a	NonTarget	1	474929
2374.725	n/a	NonTarget	1	474945
2374.81	n/a	NonTarget	1	474962
2374.89	n/a	NonTarget	1	474978
2374.975	n/a	NonTarget	1	474995
2375.06	n/a	NonTarget	1	475012
2375.14	n/a	NonTarget	1	475028
2375.23	n/a	NonTarget	1	475046
2375.31	n/a	NonTarget	1	475062
2375.395	n/a	Target	2	475079
2375.475	n/a	NonTarget	1	475095
2375.56	n/a	NonTarget	1	475112
2375.645	n/a	NonTarget	1	475129
2375.725	n/a	NonTarget	1	475145
2376.125	n/a	NonTarget	1	475225
2376.21	n/a	NonTarget	1	475242
2376.295	n/a	NonTarget	1	475259
2376.375	n/a	NonTarget	1	475275
2376.46	n/a	NonTarget	1	475292
2376.545	n/a	NonTarget	1	475309
2376.625	n/a	NonTarget	1	475325
2376.71	n/a	NonTarget	1	475342
2376.795	n/a	NonTarget	1	475359
2376.875	n/a	NonTarget	1	475375
2376.96	n/a	NonTarget	1	475392
2377.045	n/a	NonTarget	1	475409
2377.125	n/a	NonTarget	1	475425
2377.21	n/a	NonTarget	1	475442
2377.295	n/a	NonTarget	1	475459
2377.375	n/a	NonTarget	1	475475
2377.46	n/a	NonTarget	1	475492
2377.545	n/a	NonTarget	1	475509
2377.63	n/a	NonTarget	1	475526
2377.71	n/a	NonTarget	1	475542
2377.795	n/a	NonTarget	1	475559
2377.875	n/a	NonTarget	1	475575
2377.96	n/a	NonTarget	1	475592
2378.045	n/a	NonTarget	1	475609
2378.13	n/a	NonTarget	1	475626
2378.215	n/a	Target	2	475643
2378.295	n/a	NonTarget	1	475659
2378.375	n/a	NonTarget	1	475675
2378.465	n/a	NonTarget	1	475693
2378.545	n/a	NonTarget	1	475709
2378.945	n/a	NonTarget	1	475789
2379.03	n/a	NonTarget	1	475806
2379.11	n/a	NonTarget	1	475822
2379.195	n/a	NonTarget	1	475839
2379.28	n/a	NonTarget	1	475856
2379.36	n/a	NonTarget	1	475872
2379.445	n/a	NonTarget	1	475889
2379.53	n/a	NonTarget	1	475906
2379.615	n/a	NonTarget	1	475923
2379.695	n/a	NonTarget	1	475939
2379.78	n/a	NonTarget	1	475956
2379.86	n/a	NonTarget	1	475972
2379.95	n/a	NonTarget	1	475990
2380.03	n/a	NonTarget	1	476006
2380.115	n/a	NonTarget	1	476023
2380.195	n/a	NonTarget	1	476039
2380.28	n/a	NonTarget	1	476056
2380.36	n/a	NonTarget	1	476072
2380.445	n/a	NonTarget	1	476089
2380.53	n/a	NonTarget	1	476106
2380.615	n/a	Target	2	476123
2380.695	n/a	NonTarget	1	476139
2380.78	n/a	NonTarget	1	476156
2380.865	n/a	NonTarget	1	476173
2380.95	n/a	NonTarget	1	476190
2381.03	n/a	NonTarget	1	476206
2381.115	n/a	NonTarget	1	476223
2381.195	n/a	NonTarget	1	476239
2381.28	n/a	NonTarget	1	476256
2381.365	n/a	NonTarget	1	476273
2381.765	n/a	Target	2	476353
2381.845	n/a	NonTarget	1	476369
2381.935	n/a	NonTarget	1	476387
2382.015	n/a	NonTarget	1	476403
2382.1	n/a	NonTarget	1	476420
2382.18	n/a	NonTarget	1	476436
2382.265	n/a	NonTarget	1	476453
2382.35	n/a	NonTarget	1	476470
2382.43	n/a	NonTarget	1	476486
2382.515	n/a	NonTarget	1	476503
2382.6	n/a	NonTarget	1	476520
2382.685	n/a	NonTarget	1	476537
2382.765	n/a	NonTarget	1	476553
2382.85	n/a	NonTarget	1	476570
2382.93	n/a	NonTarget	1	476586
2383.015	n/a	NonTarget	1	476603
2383.095	n/a	NonTarget	1	476619
2383.185	n/a	NonTarget	1	476637
2383.27	n/a	NonTarget	1	476654
2383.35	n/a	NonTarget	1	476670
2383.43	n/a	NonTarget	1	476686
2383.515	n/a	NonTarget	1	476703
2383.6	n/a	NonTarget	1	476720
2383.685	n/a	NonTarget	1	476737
2383.765	n/a	NonTarget	1	476753
2383.85	n/a	NonTarget	1	476770
2383.93	n/a	NonTarget	1	476786
2384.015	n/a	NonTarget	1	476803
2384.1	n/a	NonTarget	1	476820
2384.18	n/a	NonTarget	1	476836
2384.585	n/a	NonTarget	1	476917
2384.665	n/a	NonTarget	1	476933
2384.75	n/a	NonTarget	1	476950
2384.835	n/a	NonTarget	1	476967
2384.915	n/a	NonTarget	1	476983
2385.0	n/a	NonTarget	1	477000
2385.085	n/a	NonTarget	1	477017
2385.165	n/a	NonTarget	1	477033
2385.25	n/a	NonTarget	1	477050
2385.335	n/a	NonTarget	1	477067
2385.415	n/a	NonTarget	1	477083
2385.5	n/a	NonTarget	1	477100
2385.585	n/a	NonTarget	1	477117
2385.665	n/a	NonTarget	1	477133
2385.755	n/a	NonTarget	1	477151
2385.835	n/a	NonTarget	1	477167
2385.92	n/a	NonTarget	1	477184
2386.0	n/a	NonTarget	1	477200
2386.085	n/a	NonTarget	1	477217
2386.165	n/a	NonTarget	1	477233
2386.25	n/a	Target	2	477250
2386.335	n/a	NonTarget	1	477267
2386.42	n/a	NonTarget	1	477284
2386.5	n/a	NonTarget	1	477300
2386.585	n/a	NonTarget	1	477317
2386.67	n/a	NonTarget	1	477334
2386.75	n/a	NonTarget	1	477350
2386.835	n/a	NonTarget	1	477367
2386.92	n/a	NonTarget	1	477384
2387.005	n/a	NonTarget	1	477401
2396.285	n/a	NonTarget	1	479257
2396.375	n/a	NonTarget	1	479275
2396.46	n/a	NonTarget	1	479292
2396.545	n/a	NonTarget	1	479309
2396.625	n/a	NonTarget	1	479325
2396.71	n/a	NonTarget	1	479342
2396.79	n/a	NonTarget	1	479358
2396.875	n/a	NonTarget	1	479375
2396.96	n/a	NonTarget	1	479392
2397.045	n/a	NonTarget	1	479409
2397.125	n/a	NonTarget	1	479425
2397.21	n/a	NonTarget	1	479442
2397.295	n/a	NonTarget	1	479459
2397.38	n/a	NonTarget	1	479476
2397.46	n/a	NonTarget	1	479492
2397.54	n/a	NonTarget	1	479508
2397.63	n/a	NonTarget	1	479526
2397.71	n/a	NonTarget	1	479542
2397.79	n/a	NonTarget	1	479558
2397.875	n/a	NonTarget	1	479575
2397.96	n/a	NonTarget	1	479592
2398.045	n/a	NonTarget	1	479609
2398.125	n/a	NonTarget	1	479625
2398.21	n/a	NonTarget	1	479642
2398.295	n/a	NonTarget	1	479659
2398.375	n/a	NonTarget	1	479675
2398.46	n/a	Target	2	479692
2398.545	n/a	NonTarget	1	479709
2398.63	n/a	NonTarget	1	479726
2398.71	n/a	NonTarget	1	479742
2399.115	n/a	NonTarget	1	479823
2399.195	n/a	NonTarget	1	479839
2399.275	n/a	NonTarget	1	479855
2399.365	n/a	NonTarget	1	479873
2399.445	n/a	NonTarget	1	479889
2399.525	n/a	NonTarget	1	479905
2399.61	n/a	Target	2	479922
2399.695	n/a	NonTarget	1	479939
2399.78	n/a	NonTarget	1	479956
2399.86	n/a	NonTarget	1	479972
2399.945	n/a	NonTarget	1	479989
2400.03	n/a	NonTarget	1	480006
2400.11	n/a	NonTarget	1	480022
2400.195	n/a	NonTarget	1	480039
2400.28	n/a	NonTarget	1	480056
2400.36	n/a	NonTarget	1	480072
2400.445	n/a	NonTarget	1	480089
2400.525	n/a	NonTarget	1	480105
2400.61	n/a	NonTarget	1	480122
2400.695	n/a	NonTarget	1	480139
2400.78	n/a	NonTarget	1	480156
2400.86	n/a	NonTarget	1	480172
2400.945	n/a	NonTarget	1	480189
2401.03	n/a	NonTarget	1	480206
2401.115	n/a	NonTarget	1	480223
2401.195	n/a	NonTarget	1	480239
2401.28	n/a	NonTarget	1	480256
2401.365	n/a	NonTarget	1	480273
2401.445	n/a	NonTarget	1	480289
2401.53	n/a	NonTarget	1	480306
2401.93	n/a	NonTarget	1	480386
2402.01	n/a	NonTarget	1	480402
2402.1	n/a	NonTarget	1	480420
2402.18	n/a	NonTarget	1	480436
2402.265	n/a	NonTarget	1	480453
2402.345	n/a	NonTarget	1	480469
2402.43	n/a	NonTarget	1	480486
2402.515	n/a	NonTarget	1	480503
2402.595	n/a	NonTarget	1	480519
2402.68	n/a	NonTarget	1	480536
2402.76	n/a	NonTarget	1	480552
2402.85	n/a	NonTarget	1	480570
2402.93	n/a	NonTarget	1	480586
2403.015	n/a	NonTarget	1	480603
2403.095	n/a	NonTarget	1	480619
2403.18	n/a	NonTarget	1	480636
2403.265	n/a	NonTarget	1	480653
2403.345	n/a	NonTarget	1	480669
2403.435	n/a	NonTarget	1	480687
2403.515	n/a	NonTarget	1	480703
2403.6	n/a	NonTarget	1	480720
2403.68	n/a	NonTarget	1	480736
2403.76	n/a	NonTarget	1	480752
2403.845	n/a	NonTarget	1	480769
2403.93	n/a	NonTarget	1	480786
2404.015	n/a	NonTarget	1	480803
2404.095	n/a	Target	2	480819
2404.18	n/a	NonTarget	1	480836
2404.265	n/a	NonTarget	1	480853
2404.345	n/a	NonTarget	1	480869
2404.745	n/a	NonTarget	1	480949
2404.83	n/a	NonTarget	1	480966
2404.915	n/a	NonTarget	1	480983
2405.0	n/a	NonTarget	1	481000
2405.08	n/a	NonTarget	1	481016
2405.165	n/a	NonTarget	1	481033
2405.25	n/a	NonTarget	1	481050
2405.335	n/a	NonTarget	1	481067
2405.415	n/a	NonTarget	1	481083
2405.5	n/a	NonTarget	1	481100
2405.585	n/a	NonTarget	1	481117
2405.67	n/a	NonTarget	1	481134
2405.75	n/a	NonTarget	1	481150
2405.835	n/a	NonTarget	1	481167
2405.915	n/a	NonTarget	1	481183
2406.0	n/a	NonTarget	1	481200
2406.085	n/a	NonTarget	1	481217
2406.165	n/a	NonTarget	1	481233
2406.25	n/a	NonTarget	1	481250
2406.33	n/a	NonTarget	1	481266
2406.42	n/a	NonTarget	1	481284
2406.5	n/a	NonTarget	1	481300
2406.585	n/a	NonTarget	1	481317
2406.67	n/a	NonTarget	1	481334
2406.75	n/a	NonTarget	1	481350
2406.835	n/a	NonTarget	1	481367
2406.915	n/a	Target	2	481383
2407.0	n/a	NonTarget	1	481400
2407.08	n/a	NonTarget	1	481416
2407.17	n/a	NonTarget	1	481434
2407.57	n/a	NonTarget	1	481514
2407.65	n/a	NonTarget	1	481530
2407.735	n/a	NonTarget	1	481547
2407.82	n/a	NonTarget	1	481564
2407.9	n/a	NonTarget	1	481580
2407.985	n/a	NonTarget	1	481597
2408.065	n/a	Target	2	481613
2408.15	n/a	NonTarget	1	481630
2408.235	n/a	NonTarget	1	481647
2408.32	n/a	NonTarget	1	481664
2408.4	n/a	NonTarget	1	481680
2408.485	n/a	NonTarget	1	481697
2408.57	n/a	NonTarget	1	481714
2408.65	n/a	NonTarget	1	481730
2408.735	n/a	NonTarget	1	481747
2408.815	n/a	NonTarget	1	481763
2408.905	n/a	NonTarget	1	481781
2408.985	n/a	NonTarget	1	481797
2409.07	n/a	NonTarget	1	481814
2409.15	n/a	NonTarget	1	481830
2409.235	n/a	NonTarget	1	481847
2409.32	n/a	NonTarget	1	481864
2409.4	n/a	NonTarget	1	481880
2409.485	n/a	NonTarget	1	481897
2409.57	n/a	NonTarget	1	481914
2409.65	n/a	NonTarget	1	481930
2409.735	n/a	NonTarget	1	481947
2409.82	n/a	NonTarget	1	481964
2409.9	n/a	NonTarget	1	481980
2409.985	n/a	NonTarget	1	481997
2410.385	n/a	NonTarget	1	482077
2410.47	n/a	NonTarget	1	482094
2410.55	n/a	NonTarget	1	482110
2410.635	n/a	NonTarget	1	482127
2410.72	n/a	NonTarget	1	482144
2410.805	n/a	NonTarget	1	482161
2410.885	n/a	NonTarget	1	482177
2410.97	n/a	NonTarget	1	482194
2411.055	n/a	NonTarget	1	482211
2411.135	n/a	NonTarget	1	482227
2411.22	n/a	NonTarget	1	482244
2411.305	n/a	NonTarget	1	482261
2411.385	n/a	NonTarget	1	482277
2411.47	n/a	NonTarget	1	482294
2411.555	n/a	NonTarget	1	482311
2411.635	n/a	NonTarget	1	482327
2411.72	n/a	Target	2	482344
2411.8	n/a	NonTarget	1	482360
2411.885	n/a	NonTarget	1	482377
2411.97	n/a	NonTarget	1	482394
2412.055	n/a	NonTarget	1	482411
2412.14	n/a	NonTarget	1	482428
2412.225	n/a	NonTarget	1	482445
2412.305	n/a	NonTarget	1	482461
2412.385	n/a	NonTarget	1	482477
2412.47	n/a	NonTarget	1	482494
2412.555	n/a	NonTarget	1	482511
2412.635	n/a	NonTarget	1	482527
2412.725	n/a	NonTarget	1	482545
2412.805	n/a	NonTarget	1	482561
2413.205	n/a	NonTarget	1	482641
2413.29	n/a	NonTarget	1	482658
2413.37	n/a	NonTarget	1	482674
2413.455	n/a	NonTarget	1	482691
2413.54	n/a	NonTarget	1	482708
2413.625	n/a	NonTarget	1	482725
2413.705	n/a	Target	2	482741
2413.79	n/a	NonTarget	1	482758
2413.87	n/a	NonTarget	1	482774
2413.955	n/a	NonTarget	1	482791
2414.04	n/a	NonTarget	1	482808
2414.12	n/a	NonTarget	1	482824
2414.205	n/a	NonTarget	1	482841
2414.29	n/a	NonTarget	1	482858
2414.37	n/a	NonTarget	1	482874
2414.46	n/a	NonTarget	1	482892
2414.54	n/a	NonTarget	1	482908
2414.625	n/a	NonTarget	1	482925
2414.705	n/a	NonTarget	1	482941
2414.79	n/a	NonTarget	1	482958
2414.87	n/a	NonTarget	1	482974
2414.955	n/a	NonTarget	1	482991
2415.04	n/a	NonTarget	1	483008
2415.12	n/a	NonTarget	1	483024
2415.205	n/a	NonTarget	1	483041
2415.29	n/a	NonTarget	1	483058
2415.37	n/a	NonTarget	1	483074
2415.455	n/a	NonTarget	1	483091
2415.545	n/a	NonTarget	1	483109
2415.62	n/a	NonTarget	1	483124
2416.025	n/a	NonTarget	1	483205
2416.105	n/a	NonTarget	1	483221
2416.19	n/a	NonTarget	1	483238
2416.275	n/a	NonTarget	1	483255
2416.355	n/a	NonTarget	1	483271
2416.44	n/a	NonTarget	1	483288
2416.525	n/a	NonTarget	1	483305
2416.605	n/a	NonTarget	1	483321
2416.69	n/a	NonTarget	1	483338
2416.775	n/a	NonTarget	1	483355
2416.86	n/a	NonTarget	1	483372
2416.94	n/a	NonTarget	1	483388
2417.025	n/a	NonTarget	1	483405
2417.11	n/a	NonTarget	1	483422
2417.19	n/a	NonTarget	1	483438
2417.27	n/a	NonTarget	1	483454
2417.36	n/a	NonTarget	1	483472
2417.44	n/a	NonTarget	1	483488
2417.525	n/a	NonTarget	1	483505
2417.605	n/a	NonTarget	1	483521
2417.69	n/a	NonTarget	1	483538
2417.775	n/a	Target	2	483555
2417.86	n/a	NonTarget	1	483572
2417.94	n/a	NonTarget	1	483588
2418.025	n/a	NonTarget	1	483605
2418.11	n/a	NonTarget	1	483622
2418.195	n/a	NonTarget	1	483639
2418.275	n/a	NonTarget	1	483655
2418.36	n/a	NonTarget	1	483672
2418.44	n/a	NonTarget	1	483688
2418.84	n/a	NonTarget	1	483768
2418.925	n/a	Target	2	483785
2419.01	n/a	NonTarget	1	483802
2419.095	n/a	NonTarget	1	483819
2419.175	n/a	NonTarget	1	483835
2419.26	n/a	NonTarget	1	483852
2419.345	n/a	NonTarget	1	483869
2419.425	n/a	NonTarget	1	483885
2419.51	n/a	NonTarget	1	483902
2419.59	n/a	NonTarget	1	483918
2419.675	n/a	NonTarget	1	483935
2419.76	n/a	NonTarget	1	483952
2419.84	n/a	NonTarget	1	483968
2419.925	n/a	NonTarget	1	483985
2420.01	n/a	NonTarget	1	484002
2420.095	n/a	NonTarget	1	484019
2420.175	n/a	NonTarget	1	484035
2420.26	n/a	NonTarget	1	484052
2420.345	n/a	NonTarget	1	484069
2420.425	n/a	NonTarget	1	484085
2420.51	n/a	NonTarget	1	484102
2420.595	n/a	NonTarget	1	484119
2420.68	n/a	NonTarget	1	484136
2420.76	n/a	NonTarget	1	484152
2420.845	n/a	NonTarget	1	484169
2420.925	n/a	NonTarget	1	484185
2421.01	n/a	NonTarget	1	484202
2421.095	n/a	NonTarget	1	484219
2421.175	n/a	NonTarget	1	484235
2421.26	n/a	NonTarget	1	484252
2421.66	n/a	NonTarget	1	484332
2421.745	n/a	Target	2	484349
2421.825	n/a	NonTarget	1	484365
2421.91	n/a	NonTarget	1	484382
2421.995	n/a	NonTarget	1	484399
2422.075	n/a	NonTarget	1	484415
2422.16	n/a	NonTarget	1	484432
2422.245	n/a	NonTarget	1	484449
2422.325	n/a	NonTarget	1	484465
2422.41	n/a	NonTarget	1	484482
2422.495	n/a	NonTarget	1	484499
2422.58	n/a	NonTarget	1	484516
2422.66	n/a	NonTarget	1	484532
2422.75	n/a	NonTarget	1	484550
2422.825	n/a	NonTarget	1	484565
2422.91	n/a	NonTarget	1	484582
2422.995	n/a	NonTarget	1	484599
2423.08	n/a	NonTarget	1	484616
2423.16	n/a	NonTarget	1	484632
2423.245	n/a	NonTarget	1	484649
2423.33	n/a	NonTarget	1	484666
2423.41	n/a	NonTarget	1	484682
2423.495	n/a	NonTarget	1	484699
2423.58	n/a	NonTarget	1	484716
2423.66	n/a	NonTarget	1	484732
2423.745	n/a	NonTarget	1	484749
2423.83	n/a	NonTarget	1	484766
2423.91	n/a	NonTarget	1	484782
2423.995	n/a	NonTarget	1	484799
2424.08	n/a	NonTarget	1	484816
