onset	duration	trial_type	value	sample
891.895	0.8	NonTarget	1	178379
891.975	0.8	NonTarget	1	178395
892.06	0.8	NonTarget	1	178412
892.145	0.8	NonTarget	1	178429
892.225	0.8	Target	2	178445
892.31	0.8	NonTarget	1	178462
892.395	0.8	NonTarget	1	178479
892.475	0.8	NonTarget	1	178495
892.56	0.8	NonTarget	1	178512
892.645	0.8	NonTarget	1	178529
892.725	0.8	NonTarget	1	178545
892.81	0.8	NonTarget	1	178562
892.895	0.8	NonTarget	1	178579
892.98	0.8	NonTarget	1	178596
893.06	0.8	NonTarget	1	178612
893.145	0.8	NonTarget	1	178629
893.23	0.8	NonTarget	1	178646
893.31	0.8	NonTarget	1	178662
893.395	0.8	NonTarget	1	178679
893.48	0.8	NonTarget	1	178696
893.56	0.8	NonTarget	1	178712
893.645	0.8	NonTarget	1	178729
893.73	0.8	NonTarget	1	178746
893.81	0.8	NonTarget	1	178762
893.895	0.8	NonTarget	1	178779
893.98	0.8	NonTarget	1	178796
894.06	0.8	NonTarget	1	178812
894.145	0.8	NonTarget	1	178829
894.23	0.8	NonTarget	1	178846
894.31	0.8	NonTarget	1	178862
894.715	0.8	NonTarget	1	178943
894.795	0.8	NonTarget	1	178959
894.88	0.8	NonTarget	1	178976
894.965	0.8	NonTarget	1	178993
895.045	0.8	NonTarget	1	179009
895.13	0.8	NonTarget	1	179026
895.215	0.8	NonTarget	1	179043
895.295	0.8	NonTarget	1	179059
895.38	0.8	NonTarget	1	179076
895.465	0.8	NonTarget	1	179093
895.545	0.8	NonTarget	1	179109
895.63	0.8	NonTarget	1	179126
895.715	0.8	NonTarget	1	179143
895.8	0.8	NonTarget	1	179160
895.88	0.8	Target	2	179176
895.965	0.8	NonTarget	1	179193
896.05	0.8	NonTarget	1	179210
896.13	0.8	NonTarget	1	179226
896.215	0.8	NonTarget	1	179243
896.3	0.8	NonTarget	1	179260
896.385	0.8	NonTarget	1	179277
896.465	0.8	NonTarget	1	179293
896.55	0.8	NonTarget	1	179310
896.635	0.8	NonTarget	1	179327
896.715	0.8	NonTarget	1	179343
896.8	0.8	NonTarget	1	179360
896.88	0.8	NonTarget	1	179376
896.965	0.8	NonTarget	1	179393
897.05	0.8	NonTarget	1	179410
897.135	0.8	NonTarget	1	179427
897.535	0.8	NonTarget	1	179507
897.62	0.8	NonTarget	1	179524
897.7	0.8	NonTarget	1	179540
897.785	0.8	NonTarget	1	179557
897.87	0.8	NonTarget	1	179574
897.95	0.8	NonTarget	1	179590
898.035	0.8	NonTarget	1	179607
898.12	0.8	NonTarget	1	179624
898.2	0.8	NonTarget	1	179640
898.285	0.8	NonTarget	1	179657
898.37	0.8	NonTarget	1	179674
898.45	0.8	NonTarget	1	179690
898.535	0.8	NonTarget	1	179707
898.62	0.8	NonTarget	1	179724
898.705	0.8	NonTarget	1	179741
898.785	0.8	NonTarget	1	179757
898.87	0.8	NonTarget	1	179774
898.955	0.8	NonTarget	1	179791
899.035	0.8	NonTarget	1	179807
899.12	0.8	NonTarget	1	179824
899.205	0.8	NonTarget	1	179841
899.285	0.8	NonTarget	1	179857
899.37	0.8	NonTarget	1	179874
899.455	0.8	NonTarget	1	179891
899.535	0.8	Target	2	179907
899.62	0.8	NonTarget	1	179924
899.705	0.8	NonTarget	1	179941
899.785	0.8	NonTarget	1	179957
899.87	0.8	NonTarget	1	179974
899.955	0.8	NonTarget	1	179991
900.355	0.8	NonTarget	1	180071
900.44	0.8	NonTarget	1	180088
900.52	0.8	NonTarget	1	180104
900.605	0.8	NonTarget	1	180121
900.685	0.8	NonTarget	1	180137
900.77	0.8	NonTarget	1	180154
900.855	0.8	NonTarget	1	180171
900.94	0.8	NonTarget	1	180188
901.025	0.8	NonTarget	1	180205
901.105	0.8	NonTarget	1	180221
901.19	0.8	NonTarget	1	180238
901.275	0.8	NonTarget	1	180255
901.355	0.8	NonTarget	1	180271
901.44	0.8	NonTarget	1	180288
901.525	0.8	NonTarget	1	180305
901.605	0.8	NonTarget	1	180321
901.69	0.8	NonTarget	1	180338
901.77	0.8	NonTarget	1	180354
901.855	0.8	NonTarget	1	180371
901.94	0.8	NonTarget	1	180388
902.025	0.8	NonTarget	1	180405
902.105	0.8	NonTarget	1	180421
902.19	0.8	NonTarget	1	180438
902.275	0.8	NonTarget	1	180455
902.355	0.8	NonTarget	1	180471
902.44	0.8	NonTarget	1	180488
902.525	0.8	NonTarget	1	180505
902.605	0.8	NonTarget	1	180521
902.69	0.8	NonTarget	1	180538
902.775	0.8	Target	2	180555
903.175	0.8	NonTarget	1	180635
903.26	0.8	NonTarget	1	180652
903.345	0.8	NonTarget	1	180669
903.425	0.8	NonTarget	1	180685
903.51	0.8	NonTarget	1	180702
903.59	0.8	NonTarget	1	180718
903.675	0.8	NonTarget	1	180735
903.76	0.8	NonTarget	1	180752
903.845	0.8	NonTarget	1	180769
903.925	0.8	NonTarget	1	180785
904.01	0.8	NonTarget	1	180802
904.095	0.8	NonTarget	1	180819
904.175	0.8	NonTarget	1	180835
904.26	0.8	NonTarget	1	180852
904.345	0.8	NonTarget	1	180869
904.425	0.8	NonTarget	1	180885
904.51	0.8	NonTarget	1	180902
904.595	0.8	NonTarget	1	180919
904.68	0.8	NonTarget	1	180936
904.76	0.8	Target	2	180952
904.845	0.8	NonTarget	1	180969
904.925	0.8	NonTarget	1	180985
905.01	0.8	NonTarget	1	181002
905.095	0.8	NonTarget	1	181019
905.175	0.8	NonTarget	1	181035
905.265	0.8	NonTarget	1	181053
905.345	0.8	NonTarget	1	181069
905.43	0.8	NonTarget	1	181086
905.51	0.8	NonTarget	1	181102
905.595	0.8	NonTarget	1	181119
905.995	0.8	NonTarget	1	181199
906.08	0.8	NonTarget	1	181216
906.16	0.8	NonTarget	1	181232
906.245	0.8	NonTarget	1	181249
906.33	0.8	NonTarget	1	181266
906.415	0.8	NonTarget	1	181283
906.495	0.8	NonTarget	1	181299
906.58	0.8	NonTarget	1	181316
906.665	0.8	NonTarget	1	181333
906.745	0.8	Target	2	181349
906.83	0.8	NonTarget	1	181366
906.915	0.8	NonTarget	1	181383
907.0	0.8	NonTarget	1	181400
907.08	0.8	NonTarget	1	181416
907.165	0.8	NonTarget	1	181433
907.25	0.8	NonTarget	1	181450
907.33	0.8	NonTarget	1	181466
907.415	0.8	NonTarget	1	181483
907.5	0.8	NonTarget	1	181500
907.585	0.8	NonTarget	1	181517
907.665	0.8	NonTarget	1	181533
907.75	0.8	NonTarget	1	181550
907.835	0.8	NonTarget	1	181567
907.915	0.8	NonTarget	1	181583
908.0	0.8	NonTarget	1	181600
908.08	0.8	NonTarget	1	181616
908.165	0.8	NonTarget	1	181633
908.25	0.8	NonTarget	1	181650
908.335	0.8	NonTarget	1	181667
908.415	0.8	NonTarget	1	181683
908.82	0.8	NonTarget	1	181764
908.9	0.8	NonTarget	1	181780
908.985	0.8	NonTarget	1	181797
909.065	0.8	NonTarget	1	181813
909.15	0.8	NonTarget	1	181830
909.235	0.8	NonTarget	1	181847
909.315	0.8	NonTarget	1	181863
909.4	0.8	NonTarget	1	181880
909.485	0.8	NonTarget	1	181897
909.565	0.8	Target	2	181913
909.65	0.8	NonTarget	1	181930
909.735	0.8	NonTarget	1	181947
909.82	0.8	NonTarget	1	181964
909.9	0.8	NonTarget	1	181980
909.985	0.8	NonTarget	1	181997
910.07	0.8	NonTarget	1	182014
910.15	0.8	NonTarget	1	182030
910.235	0.8	NonTarget	1	182047
910.32	0.8	NonTarget	1	182064
910.4	0.8	NonTarget	1	182080
910.485	0.8	NonTarget	1	182097
910.57	0.8	NonTarget	1	182114
910.655	0.8	NonTarget	1	182131
910.735	0.8	NonTarget	1	182147
910.82	0.8	NonTarget	1	182164
910.905	0.8	NonTarget	1	182181
910.985	0.8	NonTarget	1	182197
911.07	0.8	NonTarget	1	182214
911.155	0.8	NonTarget	1	182231
911.235	0.8	NonTarget	1	182247
911.635	0.8	NonTarget	1	182327
911.72	0.8	NonTarget	1	182344
911.805	0.8	NonTarget	1	182361
911.89	0.8	NonTarget	1	182378
911.97	0.8	NonTarget	1	182394
912.055	0.8	NonTarget	1	182411
912.14	0.8	NonTarget	1	182428
912.22	0.8	NonTarget	1	182444
912.305	0.8	NonTarget	1	182461
912.39	0.8	NonTarget	1	182478
912.475	0.8	NonTarget	1	182495
912.555	0.8	NonTarget	1	182511
912.64	0.8	NonTarget	1	182528
912.72	0.8	NonTarget	1	182544
912.805	0.8	Target	2	182561
912.89	0.8	NonTarget	1	182578
912.975	0.8	NonTarget	1	182595
913.055	0.8	NonTarget	1	182611
913.14	0.8	NonTarget	1	182628
913.225	0.8	NonTarget	1	182645
913.305	0.8	NonTarget	1	182661
913.39	0.8	NonTarget	1	182678
913.475	0.8	NonTarget	1	182695
913.555	0.8	NonTarget	1	182711
913.64	0.8	NonTarget	1	182728
913.725	0.8	NonTarget	1	182745
913.805	0.8	NonTarget	1	182761
913.89	0.8	NonTarget	1	182778
913.975	0.8	NonTarget	1	182795
914.06	0.8	NonTarget	1	182812
914.455	0.8	NonTarget	1	182891
914.54	0.8	NonTarget	1	182908
914.625	0.8	NonTarget	1	182925
914.71	0.8	NonTarget	1	182942
914.79	0.8	NonTarget	1	182958
914.875	0.8	NonTarget	1	182975
914.96	0.8	NonTarget	1	182992
915.04	0.8	NonTarget	1	183008
915.125	0.8	NonTarget	1	183025
915.21	0.8	NonTarget	1	183042
915.295	0.8	NonTarget	1	183059
915.375	0.8	NonTarget	1	183075
915.46	0.8	NonTarget	1	183092
915.545	0.8	NonTarget	1	183109
915.625	0.8	Target	2	183125
915.71	0.8	NonTarget	1	183142
915.795	0.8	NonTarget	1	183159
915.875	0.8	NonTarget	1	183175
915.96	0.8	NonTarget	1	183192
916.045	0.8	NonTarget	1	183209
916.125	0.8	NonTarget	1	183225
916.21	0.8	NonTarget	1	183242
916.295	0.8	NonTarget	1	183259
916.38	0.8	NonTarget	1	183276
916.46	0.8	NonTarget	1	183292
916.545	0.8	NonTarget	1	183309
916.63	0.8	NonTarget	1	183326
916.71	0.8	NonTarget	1	183342
916.795	0.8	NonTarget	1	183359
916.88	0.8	NonTarget	1	183376
917.28	0.8	NonTarget	1	183456
917.36	0.8	NonTarget	1	183472
917.445	0.8	NonTarget	1	183489
917.53	0.8	NonTarget	1	183506
917.61	0.8	NonTarget	1	183522
917.695	0.8	NonTarget	1	183539
917.78	0.8	NonTarget	1	183556
917.86	0.8	NonTarget	1	183572
917.945	0.8	NonTarget	1	183589
918.03	0.8	NonTarget	1	183606
918.115	0.8	NonTarget	1	183623
918.195	0.8	NonTarget	1	183639
918.28	0.8	NonTarget	1	183656
918.365	0.8	NonTarget	1	183673
918.445	0.8	NonTarget	1	183689
918.53	0.8	NonTarget	1	183706
918.615	0.8	NonTarget	1	183723
918.695	0.8	NonTarget	1	183739
918.785	0.8	NonTarget	1	183757
918.865	0.8	NonTarget	1	183773
918.945	0.8	NonTarget	1	183789
919.03	0.8	NonTarget	1	183806
919.115	0.8	NonTarget	1	183823
919.2	0.8	NonTarget	1	183840
919.285	0.8	NonTarget	1	183857
919.365	0.8	NonTarget	1	183873
919.45	0.8	NonTarget	1	183890
919.53	0.8	NonTarget	1	183906
919.615	0.8	NonTarget	1	183923
919.7	0.8	Target	2	183940
929.815	0.8	NonTarget	1	185963
929.895	0.8	NonTarget	1	185979
929.98	0.8	NonTarget	1	185996
930.065	0.8	NonTarget	1	186013
930.145	0.8	Target	2	186029
930.23	0.8	NonTarget	1	186046
930.315	0.8	NonTarget	1	186063
930.4	0.8	NonTarget	1	186080
930.48	0.8	NonTarget	1	186096
930.565	0.8	NonTarget	1	186113
930.645	0.8	NonTarget	1	186129
930.73	0.8	NonTarget	1	186146
930.815	0.8	NonTarget	1	186163
930.9	0.8	NonTarget	1	186180
930.98	0.8	NonTarget	1	186196
931.065	0.8	NonTarget	1	186213
931.15	0.8	NonTarget	1	186230
931.23	0.8	NonTarget	1	186246
931.315	0.8	NonTarget	1	186263
931.4	0.8	NonTarget	1	186280
931.48	0.8	NonTarget	1	186296
931.565	0.8	NonTarget	1	186313
931.65	0.8	NonTarget	1	186330
931.73	0.8	NonTarget	1	186346
931.815	0.8	NonTarget	1	186363
931.9	0.8	NonTarget	1	186380
931.98	0.8	NonTarget	1	186396
932.07	0.8	NonTarget	1	186414
932.15	0.8	NonTarget	1	186430
932.235	0.8	NonTarget	1	186447
932.635	0.8	NonTarget	1	186527
932.715	0.8	NonTarget	1	186543
932.8	0.8	NonTarget	1	186560
932.885	0.8	NonTarget	1	186577
932.97	0.8	NonTarget	1	186594
933.05	0.8	NonTarget	1	186610
933.135	0.8	NonTarget	1	186627
933.215	0.8	NonTarget	1	186643
933.3	0.8	NonTarget	1	186660
933.385	0.8	Target	2	186677
933.465	0.8	NonTarget	1	186693
933.55	0.8	NonTarget	1	186710
933.635	0.8	NonTarget	1	186727
933.72	0.8	NonTarget	1	186744
933.8	0.8	NonTarget	1	186760
933.885	0.8	NonTarget	1	186777
933.97	0.8	NonTarget	1	186794
934.05	0.8	NonTarget	1	186810
934.135	0.8	NonTarget	1	186827
934.22	0.8	NonTarget	1	186844
934.305	0.8	NonTarget	1	186861
934.385	0.8	NonTarget	1	186877
934.47	0.8	NonTarget	1	186894
934.555	0.8	NonTarget	1	186911
934.635	0.8	NonTarget	1	186927
934.72	0.8	NonTarget	1	186944
934.805	0.8	NonTarget	1	186961
934.885	0.8	NonTarget	1	186977
934.97	0.8	NonTarget	1	186994
935.055	0.8	NonTarget	1	187011
935.455	0.8	NonTarget	1	187091
935.54	0.8	NonTarget	1	187108
935.62	0.8	NonTarget	1	187124
935.705	0.8	NonTarget	1	187141
935.785	0.8	NonTarget	1	187157
935.87	0.8	NonTarget	1	187174
935.955	0.8	NonTarget	1	187191
936.04	0.8	NonTarget	1	187208
936.12	0.8	NonTarget	1	187224
936.205	0.8	Target	2	187241
936.29	0.8	NonTarget	1	187258
936.37	0.8	NonTarget	1	187274
936.455	0.8	NonTarget	1	187291
936.54	0.8	NonTarget	1	187308
936.625	0.8	NonTarget	1	187325
936.705	0.8	NonTarget	1	187341
936.79	0.8	NonTarget	1	187358
936.87	0.8	NonTarget	1	187374
936.955	0.8	NonTarget	1	187391
937.04	0.8	NonTarget	1	187408
937.125	0.8	NonTarget	1	187425
937.205	0.8	NonTarget	1	187441
937.29	0.8	NonTarget	1	187458
937.375	0.8	NonTarget	1	187475
937.455	0.8	NonTarget	1	187491
937.54	0.8	NonTarget	1	187508
937.625	0.8	NonTarget	1	187525
937.71	0.8	NonTarget	1	187542
937.79	0.8	NonTarget	1	187558
937.875	0.8	NonTarget	1	187575
938.275	0.8	NonTarget	1	187655
938.36	0.8	NonTarget	1	187672
938.44	0.8	NonTarget	1	187688
938.525	0.8	NonTarget	1	187705
938.605	0.8	NonTarget	1	187721
938.69	0.8	NonTarget	1	187738
938.775	0.8	NonTarget	1	187755
938.86	0.8	NonTarget	1	187772
938.945	0.8	NonTarget	1	187789
939.025	0.8	Target	2	187805
939.11	0.8	NonTarget	1	187822
939.195	0.8	NonTarget	1	187839
939.275	0.8	NonTarget	1	187855
939.36	0.8	NonTarget	1	187872
939.445	0.8	NonTarget	1	187889
939.525	0.8	NonTarget	1	187905
939.61	0.8	NonTarget	1	187922
939.695	0.8	NonTarget	1	187939
939.78	0.8	NonTarget	1	187956
939.86	0.8	NonTarget	1	187972
939.945	0.8	NonTarget	1	187989
940.03	0.8	NonTarget	1	188006
940.11	0.8	NonTarget	1	188022
940.195	0.8	NonTarget	1	188039
940.28	0.8	NonTarget	1	188056
940.36	0.8	NonTarget	1	188072
940.445	0.8	NonTarget	1	188089
940.53	0.8	NonTarget	1	188106
940.61	0.8	NonTarget	1	188122
940.695	0.8	NonTarget	1	188139
941.095	0.8	NonTarget	1	188219
941.18	0.8	NonTarget	1	188236
941.265	0.8	NonTarget	1	188253
941.345	0.8	NonTarget	1	188269
941.43	0.8	Target	2	188286
941.51	0.8	NonTarget	1	188302
941.595	0.8	NonTarget	1	188319
941.68	0.8	NonTarget	1	188336
941.765	0.8	NonTarget	1	188353
941.845	0.8	NonTarget	1	188369
941.93	0.8	NonTarget	1	188386
942.015	0.8	NonTarget	1	188403
942.095	0.8	NonTarget	1	188419
942.18	0.8	NonTarget	1	188436
942.265	0.8	NonTarget	1	188453
942.35	0.8	NonTarget	1	188470
942.43	0.8	NonTarget	1	188486
942.515	0.8	NonTarget	1	188503
942.6	0.8	NonTarget	1	188520
942.68	0.8	NonTarget	1	188536
942.765	0.8	NonTarget	1	188553
942.85	0.8	NonTarget	1	188570
942.93	0.8	NonTarget	1	188586
943.015	0.8	NonTarget	1	188603
943.1	0.8	NonTarget	1	188620
943.18	0.8	NonTarget	1	188636
943.265	0.8	NonTarget	1	188653
943.35	0.8	NonTarget	1	188670
943.435	0.8	NonTarget	1	188687
943.515	0.8	NonTarget	1	188703
943.915	0.8	NonTarget	1	188783
944.0	0.8	NonTarget	1	188800
944.085	0.8	NonTarget	1	188817
944.165	0.8	NonTarget	1	188833
944.25	0.8	NonTarget	1	188850
944.335	0.8	NonTarget	1	188867
944.415	0.8	NonTarget	1	188883
944.5	0.8	NonTarget	1	188900
944.585	0.8	NonTarget	1	188917
944.665	0.8	NonTarget	1	188933
944.75	0.8	NonTarget	1	188950
944.835	0.8	NonTarget	1	188967
944.92	0.8	NonTarget	1	188984
945.0	0.8	NonTarget	1	189000
945.085	0.8	Target	2	189017
945.17	0.8	NonTarget	1	189034
945.25	0.8	NonTarget	1	189050
945.335	0.8	NonTarget	1	189067
945.42	0.8	NonTarget	1	189084
945.5	0.8	NonTarget	1	189100
945.585	0.8	NonTarget	1	189117
945.67	0.8	NonTarget	1	189134
945.75	0.8	NonTarget	1	189150
945.835	0.8	NonTarget	1	189167
945.92	0.8	NonTarget	1	189184
946.0	0.8	NonTarget	1	189200
946.085	0.8	NonTarget	1	189217
946.17	0.8	NonTarget	1	189234
946.255	0.8	NonTarget	1	189251
946.335	0.8	NonTarget	1	189267
946.735	0.8	NonTarget	1	189347
946.82	0.8	NonTarget	1	189364
946.905	0.8	NonTarget	1	189381
946.985	0.8	NonTarget	1	189397
947.07	0.8	NonTarget	1	189414
947.155	0.8	NonTarget	1	189431
947.235	0.8	NonTarget	1	189447
947.32	0.8	NonTarget	1	189464
947.405	0.8	NonTarget	1	189481
947.485	0.8	NonTarget	1	189497
947.57	0.8	NonTarget	1	189514
947.655	0.8	NonTarget	1	189531
947.74	0.8	NonTarget	1	189548
947.82	0.8	NonTarget	1	189564
947.905	0.8	Target	2	189581
947.99	0.8	NonTarget	1	189598
948.07	0.8	NonTarget	1	189614
948.155	0.8	NonTarget	1	189631
948.24	0.8	NonTarget	1	189648
948.32	0.8	NonTarget	1	189664
948.405	0.8	NonTarget	1	189681
948.49	0.8	NonTarget	1	189698
948.575	0.8	NonTarget	1	189715
948.655	0.8	NonTarget	1	189731
948.74	0.8	NonTarget	1	189748
948.825	0.8	NonTarget	1	189765
948.905	0.8	NonTarget	1	189781
948.99	0.8	NonTarget	1	189798
949.075	0.8	NonTarget	1	189815
949.155	0.8	NonTarget	1	189831
949.56	0.8	NonTarget	1	189912
949.64	0.8	NonTarget	1	189928
949.725	0.8	NonTarget	1	189945
949.81	0.8	NonTarget	1	189962
949.89	0.8	NonTarget	1	189978
949.975	0.8	NonTarget	1	189995
950.055	0.8	NonTarget	1	190011
950.14	0.8	NonTarget	1	190028
950.225	0.8	NonTarget	1	190045
950.31	0.8	NonTarget	1	190062
950.39	0.8	NonTarget	1	190078
950.475	0.8	NonTarget	1	190095
950.56	0.8	NonTarget	1	190112
950.645	0.8	NonTarget	1	190129
950.725	0.8	NonTarget	1	190145
950.81	0.8	NonTarget	1	190162
950.895	0.8	NonTarget	1	190179
950.98	0.8	NonTarget	1	190196
951.06	0.8	NonTarget	1	190212
951.145	0.8	Target	2	190229
951.225	0.8	NonTarget	1	190245
951.31	0.8	NonTarget	1	190262
951.395	0.8	NonTarget	1	190279
951.475	0.8	NonTarget	1	190295
951.56	0.8	NonTarget	1	190312
951.645	0.8	NonTarget	1	190329
951.725	0.8	NonTarget	1	190345
951.81	0.8	NonTarget	1	190362
951.895	0.8	NonTarget	1	190379
951.98	0.8	NonTarget	1	190396
952.375	0.8	NonTarget	1	190475
952.46	0.8	NonTarget	1	190492
952.545	0.8	NonTarget	1	190509
952.63	0.8	NonTarget	1	190526
952.715	0.8	Target	2	190543
952.795	0.8	NonTarget	1	190559
952.88	0.8	NonTarget	1	190576
952.965	0.8	NonTarget	1	190593
953.045	0.8	NonTarget	1	190609
953.13	0.8	NonTarget	1	190626
953.21	0.8	NonTarget	1	190642
953.295	0.8	NonTarget	1	190659
953.38	0.8	NonTarget	1	190676
953.465	0.8	NonTarget	1	190693
953.545	0.8	NonTarget	1	190709
953.63	0.8	NonTarget	1	190726
953.715	0.8	NonTarget	1	190743
953.795	0.8	NonTarget	1	190759
953.88	0.8	NonTarget	1	190776
953.965	0.8	NonTarget	1	190793
954.045	0.8	NonTarget	1	190809
954.13	0.8	NonTarget	1	190826
954.215	0.8	NonTarget	1	190843
954.3	0.8	NonTarget	1	190860
954.38	0.8	NonTarget	1	190876
954.465	0.8	NonTarget	1	190893
954.55	0.8	NonTarget	1	190910
954.63	0.8	NonTarget	1	190926
954.715	0.8	NonTarget	1	190943
954.8	0.8	NonTarget	1	190960
955.2	0.8	NonTarget	1	191040
955.28	0.8	NonTarget	1	191056
955.365	0.8	NonTarget	1	191073
955.45	0.8	NonTarget	1	191090
955.535	0.8	Target	2	191107
955.615	0.8	NonTarget	1	191123
955.7	0.8	NonTarget	1	191140
955.785	0.8	NonTarget	1	191157
955.865	0.8	NonTarget	1	191173
955.95	0.8	NonTarget	1	191190
956.035	0.8	NonTarget	1	191207
956.115	0.8	NonTarget	1	191223
956.2	0.8	NonTarget	1	191240
956.285	0.8	NonTarget	1	191257
956.365	0.8	NonTarget	1	191273
956.45	0.8	NonTarget	1	191290
956.535	0.8	NonTarget	1	191307
956.62	0.8	NonTarget	1	191324
956.7	0.8	NonTarget	1	191340
956.785	0.8	NonTarget	1	191357
956.87	0.8	NonTarget	1	191374
956.95	0.8	NonTarget	1	191390
957.035	0.8	NonTarget	1	191407
957.12	0.8	NonTarget	1	191424
957.2	0.8	NonTarget	1	191440
957.285	0.8	NonTarget	1	191457
957.37	0.8	NonTarget	1	191474
957.45	0.8	NonTarget	1	191490
957.535	0.8	NonTarget	1	191507
957.62	0.8	NonTarget	1	191524
967.705	0.8	NonTarget	1	193541
967.785	0.8	NonTarget	1	193557
967.865	0.8	NonTarget	1	193573
967.95	0.8	NonTarget	1	193590
968.035	0.8	NonTarget	1	193607
968.115	0.8	NonTarget	1	193623
968.2	0.8	NonTarget	1	193640
968.285	0.8	Target	2	193657
968.365	0.8	NonTarget	1	193673
968.45	0.8	NonTarget	1	193690
968.535	0.8	NonTarget	1	193707
968.62	0.8	NonTarget	1	193724
968.7	0.8	NonTarget	1	193740
968.785	0.8	NonTarget	1	193757
968.865	0.8	NonTarget	1	193773
968.95	0.8	NonTarget	1	193790
969.035	0.8	NonTarget	1	193807
969.12	0.8	NonTarget	1	193824
969.205	0.8	NonTarget	1	193841
969.285	0.8	NonTarget	1	193857
969.37	0.8	NonTarget	1	193874
969.455	0.8	NonTarget	1	193891
969.535	0.8	NonTarget	1	193907
969.62	0.8	NonTarget	1	193924
969.705	0.8	NonTarget	1	193941
969.785	0.8	NonTarget	1	193957
969.87	0.8	NonTarget	1	193974
969.955	0.8	NonTarget	1	193991
970.04	0.8	NonTarget	1	194008
970.12	0.8	NonTarget	1	194024
970.52	0.8	NonTarget	1	194104
970.605	0.8	NonTarget	1	194121
970.685	0.8	NonTarget	1	194137
970.77	0.8	NonTarget	1	194154
970.855	0.8	NonTarget	1	194171
970.94	0.8	NonTarget	1	194188
971.02	0.8	NonTarget	1	194204
971.105	0.8	NonTarget	1	194221
971.19	0.8	NonTarget	1	194238
971.27	0.8	NonTarget	1	194254
971.355	0.8	NonTarget	1	194271
971.44	0.8	NonTarget	1	194288
971.52	0.8	NonTarget	1	194304
971.605	0.8	NonTarget	1	194321
971.69	0.8	NonTarget	1	194338
971.77	0.8	NonTarget	1	194354
971.855	0.8	NonTarget	1	194371
971.94	0.8	NonTarget	1	194388
972.025	0.8	NonTarget	1	194405
972.105	0.8	NonTarget	1	194421
972.19	0.8	NonTarget	1	194438
972.275	0.8	NonTarget	1	194455
972.355	0.8	NonTarget	1	194471
972.44	0.8	NonTarget	1	194488
972.525	0.8	NonTarget	1	194505
972.605	0.8	NonTarget	1	194521
972.69	0.8	NonTarget	1	194538
972.775	0.8	Target	2	194555
972.86	0.8	NonTarget	1	194572
972.94	0.8	NonTarget	1	194588
973.34	0.8	NonTarget	1	194668
973.425	0.8	NonTarget	1	194685
973.51	0.8	Target	2	194702
973.59	0.8	NonTarget	1	194718
973.675	0.8	NonTarget	1	194735
973.76	0.8	NonTarget	1	194752
973.84	0.8	NonTarget	1	194768
973.925	0.8	NonTarget	1	194785
974.01	0.8	NonTarget	1	194802
974.09	0.8	NonTarget	1	194818
974.175	0.8	NonTarget	1	194835
974.26	0.8	NonTarget	1	194852
974.345	0.8	NonTarget	1	194869
974.425	0.8	NonTarget	1	194885
974.51	0.8	NonTarget	1	194902
974.59	0.8	NonTarget	1	194918
974.675	0.8	NonTarget	1	194935
974.76	0.8	NonTarget	1	194952
974.845	0.8	NonTarget	1	194969
974.925	0.8	NonTarget	1	194985
975.01	0.8	NonTarget	1	195002
975.09	0.8	NonTarget	1	195018
975.18	0.8	NonTarget	1	195036
975.26	0.8	NonTarget	1	195052
975.345	0.8	NonTarget	1	195069
975.43	0.8	NonTarget	1	195086
975.51	0.8	NonTarget	1	195102
975.595	0.8	NonTarget	1	195119
975.68	0.8	NonTarget	1	195136
975.765	0.8	NonTarget	1	195153
976.16	0.8	NonTarget	1	195232
976.245	0.8	NonTarget	1	195249
976.33	0.8	NonTarget	1	195266
976.415	0.8	NonTarget	1	195283
976.495	0.8	NonTarget	1	195299
976.58	0.8	NonTarget	1	195316
976.665	0.8	NonTarget	1	195333
976.745	0.8	Target	2	195349
976.83	0.8	NonTarget	1	195366
976.915	0.8	NonTarget	1	195383
976.995	0.8	NonTarget	1	195399
977.08	0.8	NonTarget	1	195416
977.165	0.8	NonTarget	1	195433
977.245	0.8	NonTarget	1	195449
977.33	0.8	NonTarget	1	195466
977.415	0.8	NonTarget	1	195483
977.495	0.8	NonTarget	1	195499
977.58	0.8	NonTarget	1	195516
977.665	0.8	NonTarget	1	195533
977.75	0.8	NonTarget	1	195550
977.83	0.8	NonTarget	1	195566
977.915	0.8	NonTarget	1	195583
977.995	0.8	NonTarget	1	195599
978.08	0.8	NonTarget	1	195616
978.165	0.8	NonTarget	1	195633
978.25	0.8	NonTarget	1	195650
978.33	0.8	NonTarget	1	195666
978.415	0.8	NonTarget	1	195683
978.5	0.8	NonTarget	1	195700
978.58	0.8	NonTarget	1	195716
978.98	0.8	NonTarget	1	195796
979.065	0.8	NonTarget	1	195813
979.15	0.8	Target	2	195830
979.235	0.8	NonTarget	1	195847
979.315	0.8	NonTarget	1	195863
979.4	0.8	NonTarget	1	195880
979.485	0.8	NonTarget	1	195897
979.565	0.8	NonTarget	1	195913
979.65	0.8	NonTarget	1	195930
979.735	0.8	NonTarget	1	195947
979.815	0.8	NonTarget	1	195963
979.9	0.8	NonTarget	1	195980
979.985	0.8	NonTarget	1	195997
980.07	0.8	NonTarget	1	196014
980.15	0.8	NonTarget	1	196030
980.235	0.8	NonTarget	1	196047
980.32	0.8	NonTarget	1	196064
980.4	0.8	NonTarget	1	196080
980.485	0.8	NonTarget	1	196097
980.565	0.8	NonTarget	1	196113
980.65	0.8	NonTarget	1	196130
980.735	0.8	NonTarget	1	196147
980.82	0.8	NonTarget	1	196164
980.905	0.8	NonTarget	1	196181
980.985	0.8	NonTarget	1	196197
981.07	0.8	NonTarget	1	196214
981.155	0.8	NonTarget	1	196231
981.235	0.8	NonTarget	1	196247
981.32	0.8	NonTarget	1	196264
981.405	0.8	NonTarget	1	196281
981.805	0.8	NonTarget	1	196361
981.885	0.8	NonTarget	1	196377
981.97	0.8	NonTarget	1	196394
982.055	0.8	NonTarget	1	196411
982.14	0.8	NonTarget	1	196428
982.22	0.8	NonTarget	1	196444
982.305	0.8	NonTarget	1	196461
982.385	0.8	NonTarget	1	196477
982.47	0.8	NonTarget	1	196494
982.555	0.8	NonTarget	1	196511
982.64	0.8	NonTarget	1	196528
982.72	0.8	NonTarget	1	196544
982.805	0.8	Target	2	196561
982.89	0.8	NonTarget	1	196578
982.97	0.8	NonTarget	1	196594
983.055	0.8	NonTarget	1	196611
983.14	0.8	NonTarget	1	196628
983.22	0.8	NonTarget	1	196644
983.305	0.8	NonTarget	1	196661
983.39	0.8	NonTarget	1	196678
983.475	0.8	NonTarget	1	196695
983.555	0.8	NonTarget	1	196711
983.64	0.8	NonTarget	1	196728
983.725	0.8	NonTarget	1	196745
983.805	0.8	NonTarget	1	196761
983.89	0.8	NonTarget	1	196778
983.97	0.8	NonTarget	1	196794
984.055	0.8	NonTarget	1	196811
984.14	0.8	NonTarget	1	196828
984.225	0.8	NonTarget	1	196845
984.625	0.8	NonTarget	1	196925
984.705	0.8	NonTarget	1	196941
984.79	0.8	NonTarget	1	196958
984.875	0.8	NonTarget	1	196975
984.955	0.8	NonTarget	1	196991
985.04	0.8	NonTarget	1	197008
985.125	0.8	NonTarget	1	197025
985.21	0.8	Target	2	197042
985.29	0.8	NonTarget	1	197058
985.375	0.8	NonTarget	1	197075
985.46	0.8	NonTarget	1	197092
985.54	0.8	NonTarget	1	197108
985.625	0.8	NonTarget	1	197125
985.71	0.8	NonTarget	1	197142
985.79	0.8	NonTarget	1	197158
985.875	0.8	NonTarget	1	197175
985.96	0.8	NonTarget	1	197192
986.04	0.8	NonTarget	1	197208
986.125	0.8	NonTarget	1	197225
986.21	0.8	NonTarget	1	197242
986.295	0.8	NonTarget	1	197259
986.375	0.8	NonTarget	1	197275
986.46	0.8	NonTarget	1	197292
986.545	0.8	NonTarget	1	197309
986.625	0.8	NonTarget	1	197325
986.71	0.8	NonTarget	1	197342
986.795	0.8	NonTarget	1	197359
986.88	0.8	NonTarget	1	197376
986.96	0.8	NonTarget	1	197392
987.045	0.8	NonTarget	1	197409
987.445	0.8	NonTarget	1	197489
987.53	0.8	NonTarget	1	197506
987.61	0.8	NonTarget	1	197522
987.695	0.8	NonTarget	1	197539
987.78	0.8	NonTarget	1	197556
987.86	0.8	NonTarget	1	197572
987.945	0.8	NonTarget	1	197589
988.03	0.8	Target	2	197606
988.11	0.8	NonTarget	1	197622
988.195	0.8	NonTarget	1	197639
988.28	0.8	NonTarget	1	197656
988.36	0.8	NonTarget	1	197672
988.445	0.8	NonTarget	1	197689
988.53	0.8	NonTarget	1	197706
988.61	0.8	NonTarget	1	197722
988.695	0.8	NonTarget	1	197739
988.78	0.8	NonTarget	1	197756
988.865	0.8	NonTarget	1	197773
988.95	0.8	NonTarget	1	197790
989.03	0.8	NonTarget	1	197806
989.115	0.8	NonTarget	1	197823
989.195	0.8	NonTarget	1	197839
989.28	0.8	NonTarget	1	197856
989.365	0.8	NonTarget	1	197873
989.445	0.8	NonTarget	1	197889
989.53	0.8	NonTarget	1	197906
989.615	0.8	NonTarget	1	197923
989.7	0.8	NonTarget	1	197940
989.78	0.8	NonTarget	1	197956
989.865	0.8	NonTarget	1	197973
990.265	0.8	NonTarget	1	198053
990.35	0.8	NonTarget	1	198070
990.43	0.8	NonTarget	1	198086
990.515	0.8	NonTarget	1	198103
990.6	0.8	NonTarget	1	198120
990.685	0.8	NonTarget	1	198137
990.765	0.8	NonTarget	1	198153
990.85	0.8	Target	2	198170
990.935	0.8	NonTarget	1	198187
991.015	0.8	NonTarget	1	198203
991.1	0.8	NonTarget	1	198220
991.185	0.8	NonTarget	1	198237
991.27	0.8	NonTarget	1	198254
991.35	0.8	NonTarget	1	198270
991.43	0.8	NonTarget	1	198286
991.515	0.8	NonTarget	1	198303
991.6	0.8	NonTarget	1	198320
991.685	0.8	NonTarget	1	198337
991.765	0.8	NonTarget	1	198353
991.85	0.8	NonTarget	1	198370
991.935	0.8	NonTarget	1	198387
992.02	0.8	NonTarget	1	198404
992.1	0.8	NonTarget	1	198420
992.185	0.8	NonTarget	1	198437
992.27	0.8	NonTarget	1	198454
992.35	0.8	NonTarget	1	198470
992.435	0.8	NonTarget	1	198487
992.52	0.8	NonTarget	1	198504
992.6	0.8	NonTarget	1	198520
992.685	0.8	NonTarget	1	198537
993.085	0.8	NonTarget	1	198617
993.17	0.8	NonTarget	1	198634
993.25	0.8	Target	2	198650
993.335	0.8	NonTarget	1	198667
993.42	0.8	NonTarget	1	198684
993.505	0.8	NonTarget	1	198701
993.585	0.8	NonTarget	1	198717
993.67	0.8	NonTarget	1	198734
993.755	0.8	NonTarget	1	198751
993.835	0.8	NonTarget	1	198767
993.92	0.8	NonTarget	1	198784
994.005	0.8	NonTarget	1	198801
994.085	0.8	NonTarget	1	198817
994.17	0.8	NonTarget	1	198834
994.255	0.8	NonTarget	1	198851
994.34	0.8	NonTarget	1	198868
994.42	0.8	NonTarget	1	198884
994.505	0.8	NonTarget	1	198901
994.59	0.8	NonTarget	1	198918
994.675	0.8	NonTarget	1	198935
994.755	0.8	NonTarget	1	198951
994.84	0.8	NonTarget	1	198968
994.92	0.8	NonTarget	1	198984
995.005	0.8	NonTarget	1	199001
995.085	0.8	NonTarget	1	199017
995.17	0.8	NonTarget	1	199034
995.255	0.8	NonTarget	1	199051
995.34	0.8	NonTarget	1	199068
995.425	0.8	NonTarget	1	199085
995.505	0.8	NonTarget	1	199101
1005.59	0.8	NonTarget	1	201118
1005.67	0.8	NonTarget	1	201134
1005.755	0.8	NonTarget	1	201151
1005.835	0.8	NonTarget	1	201167
1005.92	0.8	NonTarget	1	201184
1006.005	0.8	NonTarget	1	201201
1006.085	0.8	NonTarget	1	201217
1006.17	0.8	NonTarget	1	201234
1006.255	0.8	NonTarget	1	201251
1006.335	0.8	NonTarget	1	201267
1006.42	0.8	NonTarget	1	201284
1006.505	0.8	NonTarget	1	201301
1006.59	0.8	NonTarget	1	201318
1006.675	0.8	NonTarget	1	201335
1006.755	0.8	NonTarget	1	201351
1006.84	0.8	NonTarget	1	201368
1006.92	0.8	NonTarget	1	201384
1007.005	0.8	NonTarget	1	201401
1007.09	0.8	NonTarget	1	201418
1007.17	0.8	NonTarget	1	201434
1007.255	0.8	NonTarget	1	201451
1007.34	0.8	NonTarget	1	201468
1007.425	0.8	NonTarget	1	201485
1007.505	0.8	NonTarget	1	201501
1007.59	0.8	NonTarget	1	201518
1007.675	0.8	NonTarget	1	201535
1007.755	0.8	NonTarget	1	201551
1007.84	0.8	NonTarget	1	201568
1007.925	0.8	Target	2	201585
1008.005	0.8	NonTarget	1	201601
1008.41	0.8	NonTarget	1	201682
1008.49	0.8	NonTarget	1	201698
1008.575	0.8	NonTarget	1	201715
1008.66	0.8	NonTarget	1	201732
1008.74	0.8	NonTarget	1	201748
1008.825	0.8	NonTarget	1	201765
1008.91	0.8	NonTarget	1	201782
1008.99	0.8	NonTarget	1	201798
1009.075	0.8	NonTarget	1	201815
1009.16	0.8	NonTarget	1	201832
1009.24	0.8	NonTarget	1	201848
1009.325	0.8	NonTarget	1	201865
1009.41	0.8	NonTarget	1	201882
1009.49	0.8	Target	2	201898
1009.575	0.8	NonTarget	1	201915
1009.66	0.8	NonTarget	1	201932
1009.745	0.8	NonTarget	1	201949
1009.825	0.8	NonTarget	1	201965
1009.91	0.8	NonTarget	1	201982
1009.995	0.8	NonTarget	1	201999
1010.075	0.8	NonTarget	1	202015
1010.16	0.8	NonTarget	1	202032
1010.245	0.8	NonTarget	1	202049
1010.325	0.8	NonTarget	1	202065
1010.41	0.8	NonTarget	1	202082
1010.495	0.8	NonTarget	1	202099
1010.58	0.8	NonTarget	1	202116
1010.66	0.8	NonTarget	1	202132
1010.745	0.8	NonTarget	1	202149
1010.83	0.8	NonTarget	1	202166
1011.23	0.8	NonTarget	1	202246
1011.31	0.8	NonTarget	1	202262
1011.395	0.8	NonTarget	1	202279
1011.48	0.8	NonTarget	1	202296
1011.56	0.8	NonTarget	1	202312
1011.645	0.8	NonTarget	1	202329
1011.73	0.8	NonTarget	1	202346
1011.81	0.8	NonTarget	1	202362
1011.895	0.8	NonTarget	1	202379
1011.98	0.8	NonTarget	1	202396
1012.065	0.8	NonTarget	1	202413
1012.145	0.8	NonTarget	1	202429
1012.23	0.8	NonTarget	1	202446
1012.315	0.8	Target	2	202463
1012.395	0.8	NonTarget	1	202479
1012.48	0.8	NonTarget	1	202496
1012.56	0.8	NonTarget	1	202512
1012.645	0.8	NonTarget	1	202529
1012.73	0.8	NonTarget	1	202546
1012.815	0.8	NonTarget	1	202563
1012.9	0.8	NonTarget	1	202580
1012.98	0.8	NonTarget	1	202596
1013.065	0.8	NonTarget	1	202613
1013.15	0.8	NonTarget	1	202630
1013.23	0.8	NonTarget	1	202646
1013.315	0.8	NonTarget	1	202663
1013.4	0.8	NonTarget	1	202680
1013.48	0.8	NonTarget	1	202696
1013.565	0.8	NonTarget	1	202713
1013.65	0.8	NonTarget	1	202730
1014.05	0.8	NonTarget	1	202810
1014.13	0.8	NonTarget	1	202826
1014.215	0.8	NonTarget	1	202843
1014.3	0.8	NonTarget	1	202860
1014.385	0.8	NonTarget	1	202877
1014.465	0.8	NonTarget	1	202893
1014.55	0.8	NonTarget	1	202910
1014.635	0.8	NonTarget	1	202927
1014.715	0.8	NonTarget	1	202943
1014.8	0.8	NonTarget	1	202960
1014.885	0.8	NonTarget	1	202977
1014.97	0.8	NonTarget	1	202994
1015.05	0.8	NonTarget	1	203010
1015.135	0.8	NonTarget	1	203027
1015.215	0.8	NonTarget	1	203043
1015.3	0.8	NonTarget	1	203060
1015.385	0.8	NonTarget	1	203077
1015.47	0.8	NonTarget	1	203094
1015.55	0.8	Target	2	203110
1015.635	0.8	NonTarget	1	203127
1015.72	0.8	NonTarget	1	203144
1015.8	0.8	NonTarget	1	203160
1015.885	0.8	NonTarget	1	203177
1015.97	0.8	NonTarget	1	203194
1016.05	0.8	NonTarget	1	203210
1016.135	0.8	NonTarget	1	203227
1016.22	0.8	NonTarget	1	203244
1016.305	0.8	NonTarget	1	203261
1016.385	0.8	NonTarget	1	203277
1016.47	0.8	NonTarget	1	203294
1016.87	0.8	NonTarget	1	203374
1016.95	0.8	NonTarget	1	203390
1017.035	0.8	NonTarget	1	203407
1017.12	0.8	NonTarget	1	203424
1017.205	0.8	NonTarget	1	203441
1017.285	0.8	NonTarget	1	203457
1017.37	0.8	NonTarget	1	203474
1017.455	0.8	NonTarget	1	203491
1017.535	0.8	Target	2	203507
1017.62	0.8	NonTarget	1	203524
1017.705	0.8	NonTarget	1	203541
1017.79	0.8	NonTarget	1	203558
1017.87	0.8	NonTarget	1	203574
1017.955	0.8	NonTarget	1	203591
1018.04	0.8	NonTarget	1	203608
1018.12	0.8	NonTarget	1	203624
1018.205	0.8	NonTarget	1	203641
1018.29	0.8	NonTarget	1	203658
1018.37	0.8	NonTarget	1	203674
1018.455	0.8	NonTarget	1	203691
1018.54	0.8	NonTarget	1	203708
1018.62	0.8	NonTarget	1	203724
1018.705	0.8	NonTarget	1	203741
1018.79	0.8	NonTarget	1	203758
1018.87	0.8	NonTarget	1	203774
1018.955	0.8	NonTarget	1	203791
1019.04	0.8	NonTarget	1	203808
1019.12	0.8	NonTarget	1	203824
1019.205	0.8	NonTarget	1	203841
1019.29	0.8	NonTarget	1	203858
1019.69	0.8	NonTarget	1	203938
1019.775	0.8	NonTarget	1	203955
1019.86	0.8	NonTarget	1	203972
1019.94	0.8	NonTarget	1	203988
1020.025	0.8	NonTarget	1	204005
1020.105	0.8	NonTarget	1	204021
1020.19	0.8	NonTarget	1	204038
1020.275	0.8	NonTarget	1	204055
1020.36	0.8	NonTarget	1	204072
1020.44	0.8	NonTarget	1	204088
1020.525	0.8	NonTarget	1	204105
1020.61	0.8	NonTarget	1	204122
1020.695	0.8	NonTarget	1	204139
1020.775	0.8	NonTarget	1	204155
1020.86	0.8	NonTarget	1	204172
1020.94	0.8	NonTarget	1	204188
1021.025	0.8	NonTarget	1	204205
1021.11	0.8	NonTarget	1	204222
1021.195	0.8	NonTarget	1	204239
1021.275	0.8	NonTarget	1	204255
1021.36	0.8	NonTarget	1	204272
1021.44	0.8	NonTarget	1	204288
1021.525	0.8	NonTarget	1	204305
1021.61	0.8	Target	2	204322
1021.695	0.8	NonTarget	1	204339
1021.775	0.8	NonTarget	1	204355
1021.86	0.8	NonTarget	1	204372
1021.945	0.8	NonTarget	1	204389
1022.025	0.8	NonTarget	1	204405
1022.11	0.8	NonTarget	1	204422
1022.51	0.8	NonTarget	1	204502
1022.595	0.8	NonTarget	1	204519
1022.68	0.8	NonTarget	1	204536
1022.76	0.8	NonTarget	1	204552
1022.845	0.8	NonTarget	1	204569
1022.925	0.8	NonTarget	1	204585
1023.01	0.8	NonTarget	1	204602
1023.095	0.8	NonTarget	1	204619
1023.18	0.8	Target	2	204636
1023.265	0.8	NonTarget	1	204653
1023.345	0.8	NonTarget	1	204669
1023.43	0.8	NonTarget	1	204686
1023.515	0.8	NonTarget	1	204703
1023.595	0.8	NonTarget	1	204719
1023.68	0.8	NonTarget	1	204736
1023.765	0.8	NonTarget	1	204753
1023.845	0.8	NonTarget	1	204769
1023.93	0.8	NonTarget	1	204786
1024.015	0.8	NonTarget	1	204803
1024.095	0.8	NonTarget	1	204819
1024.18	0.8	NonTarget	1	204836
1024.265	0.8	NonTarget	1	204853
1024.345	0.8	NonTarget	1	204869
1024.43	0.8	NonTarget	1	204886
1024.515	0.8	NonTarget	1	204903
1024.595	0.8	NonTarget	1	204919
1024.68	0.8	NonTarget	1	204936
1024.765	0.8	NonTarget	1	204953
1024.845	0.8	NonTarget	1	204969
1024.93	0.8	NonTarget	1	204986
1025.33	0.8	NonTarget	1	205066
1025.415	0.8	NonTarget	1	205083
1025.5	0.8	NonTarget	1	205100
1025.585	0.8	NonTarget	1	205117
1025.665	0.8	NonTarget	1	205133
1025.75	0.8	NonTarget	1	205150
1025.83	0.8	NonTarget	1	205166
1025.915	0.8	NonTarget	1	205183
1026.0	0.8	NonTarget	1	205200
1026.08	0.8	NonTarget	1	205216
1026.165	0.8	NonTarget	1	205233
1026.25	0.8	NonTarget	1	205250
1026.335	0.8	NonTarget	1	205267
1026.415	0.8	Target	2	205283
1026.5	0.8	NonTarget	1	205300
1026.585	0.8	NonTarget	1	205317
1026.67	0.8	NonTarget	1	205334
1026.75	0.8	NonTarget	1	205350
1026.835	0.8	NonTarget	1	205367
1026.92	0.8	NonTarget	1	205384
1027.0	0.8	NonTarget	1	205400
1027.085	0.8	NonTarget	1	205417
1027.165	0.8	NonTarget	1	205433
1027.25	0.8	NonTarget	1	205450
1027.335	0.8	NonTarget	1	205467
1027.42	0.8	NonTarget	1	205484
1027.5	0.8	NonTarget	1	205500
1027.585	0.8	NonTarget	1	205517
1027.67	0.8	NonTarget	1	205534
1027.75	0.8	NonTarget	1	205550
1028.155	0.8	NonTarget	1	205631
1028.235	0.8	NonTarget	1	205647
1028.32	0.8	NonTarget	1	205664
1028.405	0.8	NonTarget	1	205681
1028.485	0.8	NonTarget	1	205697
1028.57	0.8	NonTarget	1	205714
1028.65	0.8	NonTarget	1	205730
1028.735	0.8	NonTarget	1	205747
1028.82	0.8	NonTarget	1	205764
1028.905	0.8	NonTarget	1	205781
1028.99	0.8	NonTarget	1	205798
1029.07	0.8	NonTarget	1	205814
1029.155	0.8	NonTarget	1	205831
1029.235	0.8	NonTarget	1	205847
1029.32	0.8	NonTarget	1	205864
1029.405	0.8	NonTarget	1	205881
1029.485	0.8	NonTarget	1	205897
1029.57	0.8	NonTarget	1	205914
1029.655	0.8	Target	2	205931
1029.74	0.8	NonTarget	1	205948
1029.82	0.8	NonTarget	1	205964
1029.905	0.8	NonTarget	1	205981
1029.99	0.8	NonTarget	1	205998
1030.07	0.8	NonTarget	1	206014
1030.155	0.8	NonTarget	1	206031
1030.24	0.8	NonTarget	1	206048
1030.325	0.8	NonTarget	1	206065
1030.405	0.8	NonTarget	1	206081
1030.49	0.8	NonTarget	1	206098
1030.57	0.8	NonTarget	1	206114
1030.97	0.8	NonTarget	1	206194
1031.055	0.8	NonTarget	1	206211
1031.14	0.8	NonTarget	1	206228
1031.225	0.8	NonTarget	1	206245
1031.31	0.8	NonTarget	1	206262
1031.39	0.8	NonTarget	1	206278
1031.475	0.8	NonTarget	1	206295
1031.555	0.8	NonTarget	1	206311
1031.64	0.8	NonTarget	1	206328
1031.725	0.8	NonTarget	1	206345
1031.805	0.8	NonTarget	1	206361
1031.89	0.8	NonTarget	1	206378
1031.975	0.8	NonTarget	1	206395
1032.06	0.8	Target	2	206412
1032.14	0.8	NonTarget	1	206428
1032.225	0.8	NonTarget	1	206445
1032.31	0.8	NonTarget	1	206462
1032.395	0.8	NonTarget	1	206479
1032.475	0.8	NonTarget	1	206495
1032.555	0.8	NonTarget	1	206511
1032.64	0.8	NonTarget	1	206528
1032.725	0.8	NonTarget	1	206545
1032.81	0.8	NonTarget	1	206562
1032.895	0.8	NonTarget	1	206579
1032.975	0.8	NonTarget	1	206595
1033.06	0.8	NonTarget	1	206612
1033.145	0.8	NonTarget	1	206629
1033.225	0.8	NonTarget	1	206645
1033.31	0.8	NonTarget	1	206662
1033.395	0.8	NonTarget	1	206679
1043.48	0.8	NonTarget	1	208696
1043.555	0.8	NonTarget	1	208711
1043.64	0.8	NonTarget	1	208728
1043.725	0.8	NonTarget	1	208745
1043.81	0.8	NonTarget	1	208762
1043.89	0.8	NonTarget	1	208778
1043.975	0.8	NonTarget	1	208795
1044.06	0.8	NonTarget	1	208812
1044.14	0.8	NonTarget	1	208828
1044.225	0.8	NonTarget	1	208845
1044.31	0.8	NonTarget	1	208862
1044.39	0.8	NonTarget	1	208878
1044.475	0.8	NonTarget	1	208895
1044.56	0.8	NonTarget	1	208912
1044.64	0.8	NonTarget	1	208928
1044.725	0.8	NonTarget	1	208945
1044.81	0.8	NonTarget	1	208962
1044.89	0.8	NonTarget	1	208978
1044.975	0.8	NonTarget	1	208995
1045.06	0.8	NonTarget	1	209012
1045.145	0.8	NonTarget	1	209029
1045.225	0.8	NonTarget	1	209045
1045.31	0.8	Target	2	209062
1045.395	0.8	NonTarget	1	209079
1045.475	0.8	NonTarget	1	209095
1045.56	0.8	NonTarget	1	209112
1045.645	0.8	NonTarget	1	209129
1045.725	0.8	NonTarget	1	209145
1045.81	0.8	NonTarget	1	209162
1045.895	0.8	NonTarget	1	209179
1046.295	0.8	NonTarget	1	209259
1046.38	0.8	NonTarget	1	209276
1046.46	0.8	NonTarget	1	209292
1046.545	0.8	NonTarget	1	209309
1046.63	0.8	NonTarget	1	209326
1046.71	0.8	NonTarget	1	209342
1046.795	0.8	NonTarget	1	209359
1046.88	0.8	Target	2	209376
1046.96	0.8	NonTarget	1	209392
1047.045	0.8	NonTarget	1	209409
1047.13	0.8	NonTarget	1	209426
1047.215	0.8	NonTarget	1	209443
1047.295	0.8	NonTarget	1	209459
1047.38	0.8	NonTarget	1	209476
1047.465	0.8	NonTarget	1	209493
1047.55	0.8	NonTarget	1	209510
1047.63	0.8	NonTarget	1	209526
1047.71	0.8	NonTarget	1	209542
1047.795	0.8	NonTarget	1	209559
1047.88	0.8	NonTarget	1	209576
1047.965	0.8	NonTarget	1	209593
1048.045	0.8	NonTarget	1	209609
1048.13	0.8	NonTarget	1	209626
1048.215	0.8	NonTarget	1	209643
1048.295	0.8	NonTarget	1	209659
1048.38	0.8	NonTarget	1	209676
1048.465	0.8	NonTarget	1	209693
1048.55	0.8	NonTarget	1	209710
1048.63	0.8	NonTarget	1	209726
1048.715	0.8	NonTarget	1	209743
1049.115	0.8	NonTarget	1	209823
1049.2	0.8	NonTarget	1	209840
1049.28	0.8	NonTarget	1	209856
1049.365	0.8	NonTarget	1	209873
1049.45	0.8	NonTarget	1	209890
1049.53	0.8	NonTarget	1	209906
1049.615	0.8	NonTarget	1	209923
1049.7	0.8	NonTarget	1	209940
1049.785	0.8	NonTarget	1	209957
1049.865	0.8	NonTarget	1	209973
1049.95	0.8	NonTarget	1	209990
1050.035	0.8	NonTarget	1	210007
1050.115	0.8	NonTarget	1	210023
1050.2	0.8	NonTarget	1	210040
1050.28	0.8	NonTarget	1	210056
1050.365	0.8	NonTarget	1	210073
1050.45	0.8	NonTarget	1	210090
1050.535	0.8	NonTarget	1	210107
1050.62	0.8	NonTarget	1	210124
1050.7	0.8	NonTarget	1	210140
1050.785	0.8	NonTarget	1	210157
1050.87	0.8	NonTarget	1	210174
1050.95	0.8	NonTarget	1	210190
1051.035	0.8	NonTarget	1	210207
1051.12	0.8	NonTarget	1	210224
1051.2	0.8	NonTarget	1	210240
1051.285	0.8	NonTarget	1	210257
1051.37	0.8	Target	2	210274
1051.45	0.8	NonTarget	1	210290
1051.535	0.8	NonTarget	1	210307
1051.935	0.8	NonTarget	1	210387
1052.02	0.8	NonTarget	1	210404
1052.105	0.8	NonTarget	1	210421
1052.185	0.8	NonTarget	1	210437
1052.27	0.8	NonTarget	1	210454
1052.355	0.8	NonTarget	1	210471
1052.435	0.8	NonTarget	1	210487
1052.52	0.8	NonTarget	1	210504
1052.605	0.8	NonTarget	1	210521
1052.69	0.8	NonTarget	1	210538
1052.77	0.8	NonTarget	1	210554
1052.855	0.8	NonTarget	1	210571
1052.935	0.8	Target	2	210587
1053.02	0.8	NonTarget	1	210604
1053.105	0.8	NonTarget	1	210621
1053.19	0.8	NonTarget	1	210638
1053.27	0.8	NonTarget	1	210654
1053.355	0.8	NonTarget	1	210671
1053.44	0.8	NonTarget	1	210688
1053.52	0.8	NonTarget	1	210704
1053.605	0.8	NonTarget	1	210721
1053.69	0.8	NonTarget	1	210738
1053.77	0.8	NonTarget	1	210754
1053.855	0.8	NonTarget	1	210771
1053.94	0.8	NonTarget	1	210788
1054.02	0.8	NonTarget	1	210804
1054.105	0.8	NonTarget	1	210821
1054.19	0.8	NonTarget	1	210838
1054.275	0.8	NonTarget	1	210855
1054.355	0.8	NonTarget	1	210871
1054.755	0.8	NonTarget	1	210951
1054.84	0.8	NonTarget	1	210968
1054.925	0.8	NonTarget	1	210985
1055.01	0.8	NonTarget	1	211002
1055.09	0.8	NonTarget	1	211018
1055.175	0.8	NonTarget	1	211035
1055.255	0.8	NonTarget	1	211051
1055.34	0.8	NonTarget	1	211068
1055.425	0.8	NonTarget	1	211085
1055.505	0.8	NonTarget	1	211101
1055.59	0.8	NonTarget	1	211118
1055.675	0.8	NonTarget	1	211135
1055.76	0.8	NonTarget	1	211152
1055.84	0.8	NonTarget	1	211168
1055.925	0.8	NonTarget	1	211185
1056.01	0.8	NonTarget	1	211202
1056.09	0.8	NonTarget	1	211218
1056.175	0.8	Target	2	211235
1056.26	0.8	NonTarget	1	211252
1056.34	0.8	NonTarget	1	211268
1056.425	0.8	NonTarget	1	211285
1056.51	0.8	NonTarget	1	211302
1056.595	0.8	NonTarget	1	211319
1056.675	0.8	NonTarget	1	211335
1056.76	0.8	NonTarget	1	211352
1056.84	0.8	NonTarget	1	211368
1056.925	0.8	NonTarget	1	211385
1057.01	0.8	NonTarget	1	211402
1057.095	0.8	NonTarget	1	211419
1057.175	0.8	NonTarget	1	211435
1057.575	0.8	NonTarget	1	211515
1057.66	0.8	NonTarget	1	211532
1057.745	0.8	NonTarget	1	211549
1057.83	0.8	NonTarget	1	211566
1057.91	0.8	NonTarget	1	211582
1057.995	0.8	NonTarget	1	211599
1058.075	0.8	NonTarget	1	211615
1058.16	0.8	NonTarget	1	211632
1058.245	0.8	NonTarget	1	211649
1058.33	0.8	NonTarget	1	211666
1058.41	0.8	NonTarget	1	211682
1058.495	0.8	NonTarget	1	211699
1058.58	0.8	NonTarget	1	211716
1058.66	0.8	NonTarget	1	211732
1058.745	0.8	NonTarget	1	211749
1058.83	0.8	NonTarget	1	211766
1058.915	0.8	NonTarget	1	211783
1058.995	0.8	NonTarget	1	211799
1059.08	0.8	NonTarget	1	211816
1059.16	0.8	NonTarget	1	211832
1059.245	0.8	NonTarget	1	211849
1059.33	0.8	NonTarget	1	211866
1059.415	0.8	Target	2	211883
1059.495	0.8	NonTarget	1	211899
1059.58	0.8	NonTarget	1	211916
1059.665	0.8	NonTarget	1	211933
1059.75	0.8	NonTarget	1	211950
1059.83	0.8	NonTarget	1	211966
1059.915	0.8	NonTarget	1	211983
1059.995	0.8	NonTarget	1	211999
1060.4	0.8	NonTarget	1	212080
1060.48	0.8	NonTarget	1	212096
1060.565	0.8	NonTarget	1	212113
1060.65	0.8	NonTarget	1	212130
1060.73	0.8	NonTarget	1	212146
1060.815	0.8	NonTarget	1	212163
1060.9	0.8	NonTarget	1	212180
1060.985	0.8	NonTarget	1	212197
1061.065	0.8	NonTarget	1	212213
1061.15	0.8	NonTarget	1	212230
1061.235	0.8	NonTarget	1	212247
1061.315	0.8	NonTarget	1	212263
1061.4	0.8	NonTarget	1	212280
1061.48	0.8	NonTarget	1	212296
1061.565	0.8	NonTarget	1	212313
1061.65	0.8	NonTarget	1	212330
1061.735	0.8	NonTarget	1	212347
1061.815	0.8	NonTarget	1	212363
1061.9	0.8	NonTarget	1	212380
1061.985	0.8	NonTarget	1	212397
1062.07	0.8	NonTarget	1	212414
1062.15	0.8	NonTarget	1	212430
1062.235	0.8	Target	2	212447
1062.32	0.8	NonTarget	1	212464
1062.4	0.8	NonTarget	1	212480
1062.485	0.8	NonTarget	1	212497
1062.565	0.8	NonTarget	1	212513
1062.65	0.8	NonTarget	1	212530
1062.735	0.8	NonTarget	1	212547
1062.82	0.8	NonTarget	1	212564
1063.22	0.8	NonTarget	1	212644
1063.3	0.8	NonTarget	1	212660
1063.385	0.8	NonTarget	1	212677
1063.47	0.8	NonTarget	1	212694
1063.55	0.8	NonTarget	1	212710
1063.635	0.8	NonTarget	1	212727
1063.72	0.8	NonTarget	1	212744
1063.805	0.8	NonTarget	1	212761
1063.885	0.8	NonTarget	1	212777
1063.97	0.8	NonTarget	1	212794
1064.055	0.8	NonTarget	1	212811
1064.135	0.8	NonTarget	1	212827
1064.22	0.8	NonTarget	1	212844
1064.305	0.8	NonTarget	1	212861
1064.39	0.8	NonTarget	1	212878
1064.47	0.8	NonTarget	1	212894
1064.555	0.8	NonTarget	1	212911
1064.635	0.8	Target	2	212927
1064.72	0.8	NonTarget	1	212944
1064.805	0.8	NonTarget	1	212961
1064.885	0.8	NonTarget	1	212977
1064.97	0.8	NonTarget	1	212994
1065.055	0.8	NonTarget	1	213011
1065.14	0.8	NonTarget	1	213028
1065.22	0.8	NonTarget	1	213044
1065.305	0.8	NonTarget	1	213061
1065.39	0.8	NonTarget	1	213078
1065.47	0.8	NonTarget	1	213094
1065.555	0.8	NonTarget	1	213111
1065.64	0.8	NonTarget	1	213128
1066.04	0.8	NonTarget	1	213208
1066.12	0.8	NonTarget	1	213224
1066.205	0.8	Target	2	213241
1066.29	0.8	NonTarget	1	213258
1066.37	0.8	NonTarget	1	213274
1066.455	0.8	NonTarget	1	213291
1066.54	0.8	NonTarget	1	213308
1066.625	0.8	NonTarget	1	213325
1066.705	0.8	NonTarget	1	213341
1066.79	0.8	NonTarget	1	213358
1066.875	0.8	NonTarget	1	213375
1066.955	0.8	NonTarget	1	213391
1067.04	0.8	NonTarget	1	213408
1067.125	0.8	NonTarget	1	213425
1067.205	0.8	NonTarget	1	213441
1067.29	0.8	NonTarget	1	213458
1067.375	0.8	NonTarget	1	213475
1067.46	0.8	NonTarget	1	213492
1067.54	0.8	NonTarget	1	213508
1067.625	0.8	NonTarget	1	213525
1067.71	0.8	NonTarget	1	213542
1067.79	0.8	NonTarget	1	213558
1067.875	0.8	NonTarget	1	213575
1067.96	0.8	NonTarget	1	213592
1068.045	0.8	NonTarget	1	213609
1068.125	0.8	NonTarget	1	213625
1068.21	0.8	NonTarget	1	213642
1068.29	0.8	NonTarget	1	213658
1068.375	0.8	NonTarget	1	213675
1068.46	0.8	NonTarget	1	213692
1068.86	0.8	NonTarget	1	213772
1068.945	0.8	NonTarget	1	213789
1069.025	0.8	NonTarget	1	213805
1069.11	0.8	NonTarget	1	213822
1069.195	0.8	NonTarget	1	213839
1069.275	0.8	NonTarget	1	213855
1069.36	0.8	NonTarget	1	213872
1069.445	0.8	NonTarget	1	213889
1069.525	0.8	NonTarget	1	213905
1069.61	0.8	NonTarget	1	213922
1069.695	0.8	NonTarget	1	213939
1069.775	0.8	NonTarget	1	213955
1069.86	0.8	NonTarget	1	213972
1069.945	0.8	NonTarget	1	213989
1070.03	0.8	NonTarget	1	214006
1070.11	0.8	NonTarget	1	214022
1070.195	0.8	NonTarget	1	214039
1070.28	0.8	NonTarget	1	214056
1070.36	0.8	NonTarget	1	214072
1070.445	0.8	NonTarget	1	214089
1070.53	0.8	NonTarget	1	214106
1070.61	0.8	NonTarget	1	214122
1070.695	0.8	NonTarget	1	214139
1070.78	0.8	NonTarget	1	214156
1070.865	0.8	NonTarget	1	214173
1070.945	0.8	NonTarget	1	214189
1071.03	0.8	NonTarget	1	214206
1071.115	0.8	Target	2	214223
1071.195	0.8	NonTarget	1	214239
1071.28	0.8	NonTarget	1	214256
1081.35	0.8	NonTarget	1	216270
1081.425	0.8	NonTarget	1	216285
1081.51	0.8	NonTarget	1	216302
1081.595	0.8	NonTarget	1	216319
1081.68	0.8	NonTarget	1	216336
1081.76	0.8	NonTarget	1	216352
1081.845	0.8	NonTarget	1	216369
1081.93	0.8	Target	2	216386
1082.01	0.8	NonTarget	1	216402
1082.095	0.8	NonTarget	1	216419
1082.18	0.8	NonTarget	1	216436
1082.265	0.8	NonTarget	1	216453
1082.345	0.8	NonTarget	1	216469
1082.43	0.8	NonTarget	1	216486
1082.51	0.8	NonTarget	1	216502
1082.595	0.8	NonTarget	1	216519
1082.68	0.8	NonTarget	1	216536
1082.76	0.8	NonTarget	1	216552
1082.845	0.8	NonTarget	1	216569
1082.93	0.8	NonTarget	1	216586
1083.01	0.8	NonTarget	1	216602
1083.095	0.8	NonTarget	1	216619
1083.18	0.8	NonTarget	1	216636
1083.265	0.8	NonTarget	1	216653
1083.345	0.8	NonTarget	1	216669
1083.43	0.8	NonTarget	1	216686
1083.515	0.8	NonTarget	1	216703
1083.6	0.8	NonTarget	1	216720
1083.68	0.8	NonTarget	1	216736
1083.765	0.8	NonTarget	1	216753
1084.165	0.8	NonTarget	1	216833
1084.25	0.8	NonTarget	1	216850
1084.33	0.8	NonTarget	1	216866
1084.415	0.8	NonTarget	1	216883
1084.5	0.8	NonTarget	1	216900
1084.585	0.8	NonTarget	1	216917
1084.665	0.8	NonTarget	1	216933
1084.75	0.8	NonTarget	1	216950
1084.83	0.8	NonTarget	1	216966
1084.915	0.8	NonTarget	1	216983
1085.0	0.8	NonTarget	1	217000
1085.08	0.8	NonTarget	1	217016
1085.165	0.8	NonTarget	1	217033
1085.25	0.8	NonTarget	1	217050
1085.335	0.8	NonTarget	1	217067
1085.415	0.8	NonTarget	1	217083
1085.5	0.8	NonTarget	1	217100
1085.585	0.8	NonTarget	1	217117
1085.67	0.8	NonTarget	1	217134
1085.75	0.8	NonTarget	1	217150
1085.835	0.8	NonTarget	1	217167
1085.915	0.8	NonTarget	1	217183
1086.0	0.8	Target	2	217200
1086.085	0.8	NonTarget	1	217217
1086.165	0.8	NonTarget	1	217233
1086.25	0.8	NonTarget	1	217250
1086.335	0.8	NonTarget	1	217267
1086.42	0.8	NonTarget	1	217284
1086.5	0.8	NonTarget	1	217300
1086.585	0.8	NonTarget	1	217317
1086.985	0.8	NonTarget	1	217397
1087.07	0.8	NonTarget	1	217414
1087.155	0.8	NonTarget	1	217431
1087.235	0.8	NonTarget	1	217447
1087.32	0.8	NonTarget	1	217464
1087.4	0.8	NonTarget	1	217480
1087.485	0.8	NonTarget	1	217497
1087.57	0.8	NonTarget	1	217514
1087.655	0.8	NonTarget	1	217531
1087.735	0.8	NonTarget	1	217547
1087.82	0.8	NonTarget	1	217564
1087.905	0.8	NonTarget	1	217581
1087.985	0.8	NonTarget	1	217597
1088.07	0.8	NonTarget	1	217614
1088.155	0.8	NonTarget	1	217631
1088.235	0.8	NonTarget	1	217647
1088.32	0.8	NonTarget	1	217664
1088.405	0.8	NonTarget	1	217681
1088.485	0.8	NonTarget	1	217697
1088.57	0.8	NonTarget	1	217714
1088.655	0.8	NonTarget	1	217731
1088.74	0.8	NonTarget	1	217748
1088.82	0.8	NonTarget	1	217764
1088.905	0.8	NonTarget	1	217781
1088.99	0.8	NonTarget	1	217798
1089.075	0.8	NonTarget	1	217815
1089.155	0.8	NonTarget	1	217831
1089.24	0.8	Target	2	217848
1089.32	0.8	NonTarget	1	217864
1089.405	0.8	NonTarget	1	217881
1089.805	0.8	NonTarget	1	217961
1089.89	0.8	NonTarget	1	217978
1089.97	0.8	NonTarget	1	217994
1090.055	0.8	NonTarget	1	218011
1090.14	0.8	NonTarget	1	218028
1090.225	0.8	NonTarget	1	218045
1090.305	0.8	NonTarget	1	218061
1090.39	0.8	NonTarget	1	218078
1090.475	0.8	NonTarget	1	218095
1090.555	0.8	NonTarget	1	218111
1090.64	0.8	NonTarget	1	218128
1090.725	0.8	NonTarget	1	218145
1090.81	0.8	Target	2	218162
1090.89	0.8	NonTarget	1	218178
1090.975	0.8	NonTarget	1	218195
1091.06	0.8	NonTarget	1	218212
1091.14	0.8	NonTarget	1	218228
1091.225	0.8	NonTarget	1	218245
1091.31	0.8	NonTarget	1	218262
1091.395	0.8	NonTarget	1	218279
1091.475	0.8	NonTarget	1	218295
1091.56	0.8	NonTarget	1	218312
1091.64	0.8	NonTarget	1	218328
1091.725	0.8	NonTarget	1	218345
1091.81	0.8	NonTarget	1	218362
1091.89	0.8	NonTarget	1	218378
1091.975	0.8	NonTarget	1	218395
1092.06	0.8	NonTarget	1	218412
1092.145	0.8	NonTarget	1	218429
1092.225	0.8	NonTarget	1	218445
1092.625	0.8	NonTarget	1	218525
1092.71	0.8	NonTarget	1	218542
1092.795	0.8	NonTarget	1	218559
1092.875	0.8	NonTarget	1	218575
1092.96	0.8	NonTarget	1	218592
1093.045	0.8	NonTarget	1	218609
1093.125	0.8	NonTarget	1	218625
1093.21	0.8	NonTarget	1	218642
1093.295	0.8	NonTarget	1	218659
1093.38	0.8	NonTarget	1	218676
1093.46	0.8	NonTarget	1	218692
1093.545	0.8	NonTarget	1	218709
1093.625	0.8	NonTarget	1	218725
1093.71	0.8	NonTarget	1	218742
1093.795	0.8	NonTarget	1	218759
1093.88	0.8	NonTarget	1	218776
1093.96	0.8	NonTarget	1	218792
1094.045	0.8	NonTarget	1	218809
1094.13	0.8	NonTarget	1	218826
1094.215	0.8	NonTarget	1	218843
1094.295	0.8	NonTarget	1	218859
1094.38	0.8	NonTarget	1	218876
1094.465	0.8	Target	2	218893
1094.545	0.8	NonTarget	1	218909
1094.63	0.8	NonTarget	1	218926
1094.715	0.8	NonTarget	1	218943
1094.795	0.8	NonTarget	1	218959
1094.88	0.8	NonTarget	1	218976
1094.965	0.8	NonTarget	1	218993
1095.045	0.8	NonTarget	1	219009
1095.45	0.8	NonTarget	1	219090
1095.53	0.8	NonTarget	1	219106
1095.615	0.8	NonTarget	1	219123
1095.7	0.8	NonTarget	1	219140
1095.78	0.8	NonTarget	1	219156
1095.865	0.8	NonTarget	1	219173
1095.945	0.8	NonTarget	1	219189
1096.03	0.8	Target	2	219206
1096.115	0.8	NonTarget	1	219223
1096.2	0.8	NonTarget	1	219240
1096.28	0.8	NonTarget	1	219256
1096.365	0.8	NonTarget	1	219273
1096.45	0.8	NonTarget	1	219290
1096.535	0.8	NonTarget	1	219307
1096.615	0.8	NonTarget	1	219323
1096.7	0.8	NonTarget	1	219340
1096.785	0.8	NonTarget	1	219357
1096.865	0.8	NonTarget	1	219373
1096.95	0.8	NonTarget	1	219390
1097.035	0.8	NonTarget	1	219407
1097.115	0.8	NonTarget	1	219423
1097.2	0.8	NonTarget	1	219440
1097.285	0.8	NonTarget	1	219457
1097.365	0.8	NonTarget	1	219473
1097.45	0.8	NonTarget	1	219490
1097.535	0.8	NonTarget	1	219507
1097.615	0.8	NonTarget	1	219523
1097.7	0.8	NonTarget	1	219540
1097.785	0.8	NonTarget	1	219557
1097.87	0.8	NonTarget	1	219574
1098.27	0.8	NonTarget	1	219654
1098.35	0.8	NonTarget	1	219670
1098.435	0.8	NonTarget	1	219687
1098.52	0.8	NonTarget	1	219704
1098.6	0.8	NonTarget	1	219720
1098.685	0.8	NonTarget	1	219737
1098.77	0.8	NonTarget	1	219754
1098.85	0.8	NonTarget	1	219770
1098.935	0.8	NonTarget	1	219787
1099.02	0.8	NonTarget	1	219804
1099.105	0.8	NonTarget	1	219821
1099.185	0.8	NonTarget	1	219837
1099.27	0.8	NonTarget	1	219854
1099.355	0.8	NonTarget	1	219871
1099.435	0.8	NonTarget	1	219887
1099.52	0.8	NonTarget	1	219904
1099.6	0.8	NonTarget	1	219920
1099.685	0.8	NonTarget	1	219937
1099.77	0.8	NonTarget	1	219954
1099.855	0.8	NonTarget	1	219971
1099.935	0.8	NonTarget	1	219987
1100.02	0.8	NonTarget	1	220004
1100.105	0.8	Target	2	220021
1100.19	0.8	NonTarget	1	220038
1100.27	0.8	NonTarget	1	220054
1100.355	0.8	NonTarget	1	220071
1100.44	0.8	NonTarget	1	220088
1100.52	0.8	NonTarget	1	220104
1100.605	0.8	NonTarget	1	220121
1100.69	0.8	NonTarget	1	220138
1101.09	0.8	NonTarget	1	220218
1101.17	0.8	NonTarget	1	220234
1101.255	0.8	NonTarget	1	220251
1101.34	0.8	NonTarget	1	220268
1101.425	0.8	NonTarget	1	220285
1101.505	0.8	NonTarget	1	220301
1101.59	0.8	NonTarget	1	220318
1101.675	0.8	NonTarget	1	220335
1101.755	0.8	NonTarget	1	220351
1101.84	0.8	NonTarget	1	220368
1101.925	0.8	NonTarget	1	220385
1102.005	0.8	NonTarget	1	220401
1102.09	0.8	NonTarget	1	220418
1102.175	0.8	NonTarget	1	220435
1102.255	0.8	NonTarget	1	220451
1102.34	0.8	NonTarget	1	220468
1102.425	0.8	NonTarget	1	220485
1102.51	0.8	Target	2	220502
1102.59	0.8	NonTarget	1	220518
1102.675	0.8	NonTarget	1	220535
1102.76	0.8	NonTarget	1	220552
1102.84	0.8	NonTarget	1	220568
1102.925	0.8	NonTarget	1	220585
1103.01	0.8	NonTarget	1	220602
1103.09	0.8	NonTarget	1	220618
1103.175	0.8	NonTarget	1	220635
1103.26	0.8	NonTarget	1	220652
1103.345	0.8	NonTarget	1	220669
1103.425	0.8	NonTarget	1	220685
1103.51	0.8	NonTarget	1	220702
1103.91	0.8	NonTarget	1	220782
1103.99	0.8	NonTarget	1	220798
1104.075	0.8	NonTarget	1	220815
1104.16	0.8	NonTarget	1	220832
1104.245	0.8	NonTarget	1	220849
1104.325	0.8	NonTarget	1	220865
1104.41	0.8	NonTarget	1	220882
1104.495	0.8	Target	2	220899
1104.575	0.8	NonTarget	1	220915
1104.66	0.8	NonTarget	1	220932
1104.745	0.8	NonTarget	1	220949
1104.83	0.8	NonTarget	1	220966
1104.91	0.8	NonTarget	1	220982
1104.995	0.8	NonTarget	1	220999
1105.08	0.8	NonTarget	1	221016
1105.16	0.8	NonTarget	1	221032
1105.245	0.8	NonTarget	1	221049
1105.33	0.8	NonTarget	1	221066
1105.41	0.8	NonTarget	1	221082
1105.495	0.8	NonTarget	1	221099
1105.58	0.8	NonTarget	1	221116
1105.66	0.8	NonTarget	1	221132
1105.745	0.8	NonTarget	1	221149
1105.83	0.8	NonTarget	1	221166
1105.915	0.8	NonTarget	1	221183
1105.995	0.8	NonTarget	1	221199
1106.08	0.8	NonTarget	1	221216
1106.165	0.8	NonTarget	1	221233
1106.245	0.8	NonTarget	1	221249
1106.33	0.8	NonTarget	1	221266
1106.73	0.8	NonTarget	1	221346
1106.815	0.8	NonTarget	1	221363
1106.895	0.8	NonTarget	1	221379
1106.98	0.8	NonTarget	1	221396
1107.065	0.8	NonTarget	1	221413
1107.145	0.8	NonTarget	1	221429
1107.23	0.8	NonTarget	1	221446
1107.315	0.8	NonTarget	1	221463
1107.4	0.8	NonTarget	1	221480
1107.48	0.8	NonTarget	1	221496
1107.565	0.8	NonTarget	1	221513
1107.65	0.8	NonTarget	1	221530
1107.73	0.8	NonTarget	1	221546
1107.815	0.8	NonTarget	1	221563
1107.9	0.8	NonTarget	1	221580
1107.98	0.8	NonTarget	1	221596
1108.065	0.8	NonTarget	1	221613
1108.15	0.8	Target	2	221630
1108.235	0.8	NonTarget	1	221647
1108.315	0.8	NonTarget	1	221663
1108.4	0.8	NonTarget	1	221680
1108.48	0.8	NonTarget	1	221696
1108.565	0.8	NonTarget	1	221713
1108.65	0.8	NonTarget	1	221730
1108.735	0.8	NonTarget	1	221747
1108.815	0.8	NonTarget	1	221763
1108.9	0.8	NonTarget	1	221780
1108.985	0.8	NonTarget	1	221797
1109.07	0.8	NonTarget	1	221814
1109.15	0.8	NonTarget	1	221830
1119.17	0.8	NonTarget	1	223834
1119.245	0.8	NonTarget	1	223849
1119.33	0.8	NonTarget	1	223866
1119.415	0.8	NonTarget	1	223883
1119.5	0.8	NonTarget	1	223900
1119.58	0.8	NonTarget	1	223916
1119.665	0.8	NonTarget	1	223933
1119.75	0.8	NonTarget	1	223950
1119.83	0.8	NonTarget	1	223966
1119.915	0.8	NonTarget	1	223983
1120.0	0.8	NonTarget	1	224000
1120.08	0.8	NonTarget	1	224016
1120.165	0.8	NonTarget	1	224033
1120.25	0.8	NonTarget	1	224050
1120.335	0.8	NonTarget	1	224067
1120.415	0.8	NonTarget	1	224083
1120.5	0.8	NonTarget	1	224100
1120.585	0.8	NonTarget	1	224117
1120.67	0.8	NonTarget	1	224134
1120.75	0.8	NonTarget	1	224150
1120.835	0.8	NonTarget	1	224167
1120.915	0.8	NonTarget	1	224183
1121.0	0.8	NonTarget	1	224200
1121.085	0.8	NonTarget	1	224217
1121.165	0.8	NonTarget	1	224233
1121.25	0.8	NonTarget	1	224250
1121.335	0.8	NonTarget	1	224267
1121.42	0.8	NonTarget	1	224284
1121.505	0.8	NonTarget	1	224301
1121.585	0.8	Target	2	224317
1121.985	0.8	NonTarget	1	224397
1122.07	0.8	NonTarget	1	224414
1122.15	0.8	NonTarget	1	224430
1122.235	0.8	NonTarget	1	224447
1122.315	0.8	NonTarget	1	224463
1122.4	0.8	NonTarget	1	224480
1122.485	0.8	NonTarget	1	224497
1122.57	0.8	NonTarget	1	224514
1122.65	0.8	NonTarget	1	224530
1122.735	0.8	NonTarget	1	224547
1122.82	0.8	NonTarget	1	224564
1122.905	0.8	NonTarget	1	224581
1122.985	0.8	NonTarget	1	224597
1123.07	0.8	NonTarget	1	224614
1123.155	0.8	NonTarget	1	224631
1123.235	0.8	NonTarget	1	224647
1123.32	0.8	NonTarget	1	224664
1123.405	0.8	NonTarget	1	224681
1123.485	0.8	NonTarget	1	224697
1123.57	0.8	NonTarget	1	224714
1123.655	0.8	NonTarget	1	224731
1123.74	0.8	NonTarget	1	224748
1123.825	0.8	NonTarget	1	224765
1123.905	0.8	NonTarget	1	224781
1123.99	0.8	NonTarget	1	224798
1124.07	0.8	NonTarget	1	224814
1124.155	0.8	NonTarget	1	224831
1124.24	0.8	NonTarget	1	224848
1124.32	0.8	NonTarget	1	224864
1124.405	0.8	Target	2	224881
1124.805	0.8	NonTarget	1	224961
1124.89	0.8	NonTarget	1	224978
1124.975	0.8	NonTarget	1	224995
1125.055	0.8	NonTarget	1	225011
1125.14	0.8	NonTarget	1	225028
1125.225	0.8	NonTarget	1	225045
1125.305	0.8	NonTarget	1	225061
1125.39	0.8	NonTarget	1	225078
1125.475	0.8	NonTarget	1	225095
1125.555	0.8	NonTarget	1	225111
1125.64	0.8	NonTarget	1	225128
1125.725	0.8	NonTarget	1	225145
1125.805	0.8	NonTarget	1	225161
1125.89	0.8	NonTarget	1	225178
1125.975	0.8	NonTarget	1	225195
1126.055	0.8	NonTarget	1	225211
1126.14	0.8	NonTarget	1	225228
1126.225	0.8	NonTarget	1	225245
1126.31	0.8	NonTarget	1	225262
1126.39	0.8	NonTarget	1	225278
1126.475	0.8	NonTarget	1	225295
1126.56	0.8	NonTarget	1	225312
1126.64	0.8	NonTarget	1	225328
1126.725	0.8	NonTarget	1	225345
1126.81	0.8	Target	2	225362
1126.89	0.8	NonTarget	1	225378
1126.975	0.8	NonTarget	1	225395
1127.06	0.8	NonTarget	1	225412
1127.145	0.8	NonTarget	1	225429
1127.225	0.8	NonTarget	1	225445
1127.625	0.8	NonTarget	1	225525
1127.71	0.8	NonTarget	1	225542
1127.795	0.8	NonTarget	1	225559
1127.875	0.8	NonTarget	1	225575
1127.96	0.8	NonTarget	1	225592
1128.045	0.8	NonTarget	1	225609
1128.13	0.8	NonTarget	1	225626
1128.21	0.8	NonTarget	1	225642
1128.295	0.8	NonTarget	1	225659
1128.375	0.8	NonTarget	1	225675
1128.46	0.8	NonTarget	1	225692
1128.545	0.8	NonTarget	1	225709
1128.63	0.8	NonTarget	1	225726
1128.71	0.8	NonTarget	1	225742
1128.795	0.8	NonTarget	1	225759
1128.88	0.8	NonTarget	1	225776
1128.96	0.8	NonTarget	1	225792
1129.045	0.8	NonTarget	1	225809
1129.13	0.8	NonTarget	1	225826
1129.21	0.8	NonTarget	1	225842
1129.295	0.8	NonTarget	1	225859
1129.38	0.8	NonTarget	1	225876
1129.465	0.8	NonTarget	1	225893
1129.545	0.8	NonTarget	1	225909
1129.63	0.8	Target	2	225926
1129.715	0.8	NonTarget	1	225943
1129.795	0.8	NonTarget	1	225959
1129.88	0.8	NonTarget	1	225976
1129.965	0.8	NonTarget	1	225993
1130.045	0.8	NonTarget	1	226009
1130.45	0.8	NonTarget	1	226090
1130.53	0.8	NonTarget	1	226106
1130.615	0.8	NonTarget	1	226123
1130.7	0.8	NonTarget	1	226140
1130.78	0.8	Target	2	226156
1130.865	0.8	NonTarget	1	226173
1130.945	0.8	NonTarget	1	226189
1131.03	0.8	NonTarget	1	226206
1131.115	0.8	NonTarget	1	226223
1131.2	0.8	NonTarget	1	226240
1131.28	0.8	NonTarget	1	226256
1131.365	0.8	NonTarget	1	226273
1131.45	0.8	NonTarget	1	226290
1131.535	0.8	NonTarget	1	226307
1131.615	0.8	NonTarget	1	226323
1131.7	0.8	NonTarget	1	226340
1131.785	0.8	NonTarget	1	226357
1131.865	0.8	NonTarget	1	226373
1131.95	0.8	NonTarget	1	226390
1132.035	0.8	NonTarget	1	226407
1132.115	0.8	NonTarget	1	226423
1132.2	0.8	NonTarget	1	226440
1132.28	0.8	NonTarget	1	226456
1132.365	0.8	NonTarget	1	226473
1132.45	0.8	NonTarget	1	226490
1132.535	0.8	NonTarget	1	226507
1132.62	0.8	NonTarget	1	226524
1132.7	0.8	NonTarget	1	226540
1132.785	0.8	NonTarget	1	226557
1132.865	0.8	NonTarget	1	226573
1133.265	0.8	NonTarget	1	226653
1133.35	0.8	NonTarget	1	226670
1133.435	0.8	NonTarget	1	226687
1133.52	0.8	NonTarget	1	226704
1133.6	0.8	NonTarget	1	226720
1133.685	0.8	NonTarget	1	226737
1133.77	0.8	NonTarget	1	226754
1133.85	0.8	NonTarget	1	226770
1133.935	0.8	NonTarget	1	226787
1134.02	0.8	NonTarget	1	226804
1134.105	0.8	NonTarget	1	226821
1134.185	0.8	NonTarget	1	226837
1134.27	0.8	NonTarget	1	226854
1134.355	0.8	NonTarget	1	226871
1134.435	0.8	Target	2	226887
1134.52	0.8	NonTarget	1	226904
1134.605	0.8	NonTarget	1	226921
1134.685	0.8	NonTarget	1	226937
1134.77	0.8	NonTarget	1	226954
1134.855	0.8	NonTarget	1	226971
1134.94	0.8	NonTarget	1	226988
1135.02	0.8	NonTarget	1	227004
1135.105	0.8	NonTarget	1	227021
1135.19	0.8	NonTarget	1	227038
1135.27	0.8	NonTarget	1	227054
1135.355	0.8	NonTarget	1	227071
1135.44	0.8	NonTarget	1	227088
1135.52	0.8	NonTarget	1	227104
1135.605	0.8	NonTarget	1	227121
1135.69	0.8	NonTarget	1	227138
1136.09	0.8	NonTarget	1	227218
1136.17	0.8	NonTarget	1	227234
1136.255	0.8	NonTarget	1	227251
1136.34	0.8	NonTarget	1	227268
1136.42	0.8	NonTarget	1	227284
1136.505	0.8	NonTarget	1	227301
1136.59	0.8	NonTarget	1	227318
1136.675	0.8	NonTarget	1	227335
1136.755	0.8	NonTarget	1	227351
1136.84	0.8	NonTarget	1	227368
1136.925	0.8	NonTarget	1	227385
1137.005	0.8	NonTarget	1	227401
1137.09	0.8	NonTarget	1	227418
1137.175	0.8	NonTarget	1	227435
1137.255	0.8	NonTarget	1	227451
1137.34	0.8	NonTarget	1	227468
1137.425	0.8	NonTarget	1	227485
1137.505	0.8	NonTarget	1	227501
1137.59	0.8	NonTarget	1	227518
1137.675	0.8	Target	2	227535
1137.76	0.8	NonTarget	1	227552
1137.84	0.8	NonTarget	1	227568
1137.925	0.8	NonTarget	1	227585
1138.01	0.8	NonTarget	1	227602
1138.09	0.8	NonTarget	1	227618
1138.175	0.8	NonTarget	1	227635
1138.26	0.8	NonTarget	1	227652
1138.34	0.8	NonTarget	1	227668
1138.425	0.8	NonTarget	1	227685
1138.51	0.8	NonTarget	1	227702
1138.91	0.8	NonTarget	1	227782
1138.99	0.8	NonTarget	1	227798
1139.075	0.8	NonTarget	1	227815
1139.16	0.8	NonTarget	1	227832
1139.24	0.8	NonTarget	1	227848
1139.325	0.8	NonTarget	1	227865
1139.41	0.8	NonTarget	1	227882
1139.495	0.8	NonTarget	1	227899
1139.575	0.8	NonTarget	1	227915
1139.66	0.8	NonTarget	1	227932
1139.745	0.8	NonTarget	1	227949
1139.825	0.8	NonTarget	1	227965
1139.91	0.8	NonTarget	1	227982
1139.995	0.8	NonTarget	1	227999
1140.08	0.8	NonTarget	1	228016
1140.16	0.8	NonTarget	1	228032
1140.245	0.8	NonTarget	1	228049
1140.33	0.8	NonTarget	1	228066
1140.41	0.8	NonTarget	1	228082
1140.495	0.8	NonTarget	1	228099
1140.58	0.8	NonTarget	1	228116
1140.66	0.8	NonTarget	1	228132
1140.745	0.8	NonTarget	1	228149
1140.83	0.8	NonTarget	1	228166
1140.915	0.8	Target	2	228183
1140.995	0.8	NonTarget	1	228199
1141.08	0.8	NonTarget	1	228216
1141.16	0.8	NonTarget	1	228232
1141.245	0.8	NonTarget	1	228249
1141.33	0.8	NonTarget	1	228266
1141.73	0.8	NonTarget	1	228346
1141.815	0.8	NonTarget	1	228363
1141.9	0.8	NonTarget	1	228380
1141.98	0.8	NonTarget	1	228396
1142.065	0.8	NonTarget	1	228413
1142.145	0.8	NonTarget	1	228429
1142.23	0.8	NonTarget	1	228446
1142.315	0.8	NonTarget	1	228463
1142.4	0.8	NonTarget	1	228480
1142.48	0.8	NonTarget	1	228496
1142.565	0.8	NonTarget	1	228513
1142.65	0.8	NonTarget	1	228530
1142.735	0.8	NonTarget	1	228547
1142.815	0.8	NonTarget	1	228563
1142.9	0.8	NonTarget	1	228580
1142.98	0.8	NonTarget	1	228596
1143.065	0.8	NonTarget	1	228613
1143.15	0.8	NonTarget	1	228630
1143.23	0.8	NonTarget	1	228646
1143.315	0.8	NonTarget	1	228663
1143.4	0.8	NonTarget	1	228680
1143.48	0.8	NonTarget	1	228696
1143.565	0.8	NonTarget	1	228713
1143.65	0.8	NonTarget	1	228730
1143.735	0.8	Target	2	228747
1143.815	0.8	NonTarget	1	228763
1143.9	0.8	NonTarget	1	228780
1143.985	0.8	NonTarget	1	228797
1144.065	0.8	NonTarget	1	228813
1144.15	0.8	NonTarget	1	228830
1144.55	0.8	NonTarget	1	228910
1144.635	0.8	NonTarget	1	228927
1144.715	0.8	NonTarget	1	228943
1144.8	0.8	NonTarget	1	228960
1144.885	0.8	NonTarget	1	228977
1144.965	0.8	NonTarget	1	228993
1145.05	0.8	NonTarget	1	229010
1145.135	0.8	NonTarget	1	229027
1145.22	0.8	NonTarget	1	229044
1145.3	0.8	NonTarget	1	229060
1145.385	0.8	NonTarget	1	229077
1145.47	0.8	NonTarget	1	229094
1145.55	0.8	NonTarget	1	229110
1145.635	0.8	NonTarget	1	229127
1145.72	0.8	NonTarget	1	229144
1145.8	0.8	NonTarget	1	229160
1145.885	0.8	NonTarget	1	229177
1145.97	0.8	NonTarget	1	229194
1146.055	0.8	NonTarget	1	229211
1146.135	0.8	Target	2	229227
1146.22	0.8	NonTarget	1	229244
1146.3	0.8	NonTarget	1	229260
1146.385	0.8	NonTarget	1	229277
1146.47	0.8	NonTarget	1	229294
1146.55	0.8	NonTarget	1	229310
1146.635	0.8	NonTarget	1	229327
1146.72	0.8	NonTarget	1	229344
1146.805	0.8	NonTarget	1	229361
1146.885	0.8	NonTarget	1	229377
1146.97	0.8	NonTarget	1	229394
1156.94	0.8	NonTarget	1	231388
1157.02	0.8	NonTarget	1	231404
1157.105	0.8	NonTarget	1	231421
1157.185	0.8	NonTarget	1	231437
1157.27	0.8	NonTarget	1	231454
1157.35	0.8	NonTarget	1	231470
1157.435	0.8	NonTarget	1	231487
1157.52	0.8	NonTarget	1	231504
1157.6	0.8	NonTarget	1	231520
1157.685	0.8	NonTarget	1	231537
1157.77	0.8	NonTarget	1	231554
1157.85	0.8	NonTarget	1	231570
1157.935	0.8	NonTarget	1	231587
1158.02	0.8	NonTarget	1	231604
1158.105	0.8	NonTarget	1	231621
1158.185	0.8	NonTarget	1	231637
1158.27	0.8	NonTarget	1	231654
1158.355	0.8	NonTarget	1	231671
1158.435	0.8	NonTarget	1	231687
1158.52	0.8	NonTarget	1	231704
1158.605	0.8	NonTarget	1	231721
1158.685	0.8	NonTarget	1	231737
1158.77	0.8	NonTarget	1	231754
1158.855	0.8	NonTarget	1	231771
1158.935	0.8	NonTarget	1	231787
1159.02	0.8	Target	2	231804
1159.105	0.8	NonTarget	1	231821
1159.19	0.8	NonTarget	1	231838
1159.27	0.8	NonTarget	1	231854
1159.355	0.8	NonTarget	1	231871
1159.755	0.8	Target	2	231951
1159.84	0.8	NonTarget	1	231968
1159.92	0.8	NonTarget	1	231984
1160.005	0.8	NonTarget	1	232001
1160.09	0.8	NonTarget	1	232018
1160.175	0.8	NonTarget	1	232035
1160.255	0.8	NonTarget	1	232051
1160.34	0.8	NonTarget	1	232068
1160.425	0.8	NonTarget	1	232085
1160.505	0.8	NonTarget	1	232101
1160.59	0.8	NonTarget	1	232118
1160.675	0.8	NonTarget	1	232135
1160.755	0.8	NonTarget	1	232151
1160.84	0.8	NonTarget	1	232168
1160.925	0.8	NonTarget	1	232185
1161.005	0.8	NonTarget	1	232201
1161.09	0.8	NonTarget	1	232218
1161.175	0.8	NonTarget	1	232235
1161.26	0.8	NonTarget	1	232252
1161.34	0.8	NonTarget	1	232268
1161.425	0.8	NonTarget	1	232285
1161.51	0.8	NonTarget	1	232302
1161.59	0.8	NonTarget	1	232318
1161.675	0.8	NonTarget	1	232335
1161.76	0.8	NonTarget	1	232352
1161.84	0.8	NonTarget	1	232368
1161.925	0.8	NonTarget	1	232385
1162.01	0.8	NonTarget	1	232402
1162.09	0.8	NonTarget	1	232418
1162.175	0.8	NonTarget	1	232435
1162.575	0.8	NonTarget	1	232515
1162.66	0.8	NonTarget	1	232532
1162.745	0.8	NonTarget	1	232549
1162.825	0.8	NonTarget	1	232565
1162.91	0.8	NonTarget	1	232582
1162.995	0.8	NonTarget	1	232599
1163.075	0.8	NonTarget	1	232615
1163.16	0.8	NonTarget	1	232632
1163.245	0.8	NonTarget	1	232649
1163.325	0.8	NonTarget	1	232665
1163.41	0.8	Target	2	232682
1163.495	0.8	NonTarget	1	232699
1163.58	0.8	NonTarget	1	232716
1163.66	0.8	NonTarget	1	232732
1163.745	0.8	NonTarget	1	232749
1163.83	0.8	NonTarget	1	232766
1163.91	0.8	NonTarget	1	232782
1163.995	0.8	NonTarget	1	232799
1164.08	0.8	NonTarget	1	232816
1164.16	0.8	NonTarget	1	232832
1164.245	0.8	NonTarget	1	232849
1164.33	0.8	NonTarget	1	232866
1164.41	0.8	NonTarget	1	232882
1164.495	0.8	NonTarget	1	232899
1164.58	0.8	NonTarget	1	232916
1164.665	0.8	NonTarget	1	232933
1164.745	0.8	NonTarget	1	232949
1164.83	0.8	NonTarget	1	232966
1164.915	0.8	NonTarget	1	232983
1164.995	0.8	NonTarget	1	232999
1165.395	0.8	Target	2	233079
1165.48	0.8	NonTarget	1	233096
1165.56	0.8	NonTarget	1	233112
1165.65	0.8	NonTarget	1	233130
1165.73	0.8	NonTarget	1	233146
1165.815	0.8	NonTarget	1	233163
1165.895	0.8	NonTarget	1	233179
1165.98	0.8	NonTarget	1	233196
1166.065	0.8	NonTarget	1	233213
1166.15	0.8	NonTarget	1	233230
1166.23	0.8	NonTarget	1	233246
1166.315	0.8	NonTarget	1	233263
1166.4	0.8	NonTarget	1	233280
1166.48	0.8	NonTarget	1	233296
1166.565	0.8	NonTarget	1	233313
1166.65	0.8	NonTarget	1	233330
1166.73	0.8	NonTarget	1	233346
1166.815	0.8	NonTarget	1	233363
1166.9	0.8	NonTarget	1	233380
1166.98	0.8	NonTarget	1	233396
1167.065	0.8	NonTarget	1	233413
1167.15	0.8	NonTarget	1	233430
1167.235	0.8	NonTarget	1	233447
1167.315	0.8	NonTarget	1	233463
1167.4	0.8	NonTarget	1	233480
1167.485	0.8	NonTarget	1	233497
1167.565	0.8	NonTarget	1	233513
1167.65	0.8	NonTarget	1	233530
1167.735	0.8	NonTarget	1	233547
1167.815	0.8	NonTarget	1	233563
1168.22	0.8	Target	2	233644
1168.3	0.8	NonTarget	1	233660
1168.385	0.8	NonTarget	1	233677
1168.47	0.8	NonTarget	1	233694
1168.55	0.8	NonTarget	1	233710
1168.635	0.8	NonTarget	1	233727
1168.715	0.8	NonTarget	1	233743
1168.8	0.8	NonTarget	1	233760
1168.885	0.8	NonTarget	1	233777
1168.97	0.8	NonTarget	1	233794
1169.05	0.8	NonTarget	1	233810
1169.135	0.8	NonTarget	1	233827
1169.22	0.8	NonTarget	1	233844
1169.305	0.8	NonTarget	1	233861
1169.385	0.8	NonTarget	1	233877
1169.47	0.8	NonTarget	1	233894
1169.555	0.8	NonTarget	1	233911
1169.635	0.8	NonTarget	1	233927
1169.72	0.8	NonTarget	1	233944
1169.805	0.8	NonTarget	1	233961
1169.885	0.8	NonTarget	1	233977
1169.97	0.8	NonTarget	1	233994
1170.055	0.8	NonTarget	1	234011
1170.14	0.8	NonTarget	1	234028
1170.22	0.8	NonTarget	1	234044
1170.305	0.8	NonTarget	1	234061
1170.39	0.8	NonTarget	1	234078
1170.47	0.8	NonTarget	1	234094
1170.555	0.8	NonTarget	1	234111
1170.64	0.8	NonTarget	1	234128
1171.04	0.8	Target	2	234208
1171.12	0.8	NonTarget	1	234224
1171.205	0.8	NonTarget	1	234241
1171.29	0.8	NonTarget	1	234258
1171.37	0.8	NonTarget	1	234274
1171.455	0.8	NonTarget	1	234291
1171.54	0.8	NonTarget	1	234308
1171.62	0.8	NonTarget	1	234324
1171.705	0.8	NonTarget	1	234341
1171.79	0.8	NonTarget	1	234358
1171.875	0.8	NonTarget	1	234375
1171.955	0.8	NonTarget	1	234391
1172.04	0.8	NonTarget	1	234408
1172.125	0.8	NonTarget	1	234425
1172.205	0.8	NonTarget	1	234441
1172.29	0.8	NonTarget	1	234458
1172.37	0.8	NonTarget	1	234474
1172.455	0.8	NonTarget	1	234491
1172.54	0.8	NonTarget	1	234508
1172.625	0.8	NonTarget	1	234525
1172.705	0.8	NonTarget	1	234541
1172.79	0.8	NonTarget	1	234558
1172.875	0.8	NonTarget	1	234575
1172.955	0.8	NonTarget	1	234591
1173.04	0.8	NonTarget	1	234608
1173.125	0.8	NonTarget	1	234625
1173.21	0.8	NonTarget	1	234642
1173.29	0.8	NonTarget	1	234658
1173.375	0.8	NonTarget	1	234675
1173.46	0.8	NonTarget	1	234692
1173.86	0.8	NonTarget	1	234772
1173.94	0.8	NonTarget	1	234788
1174.025	0.8	NonTarget	1	234805
1174.11	0.8	NonTarget	1	234822
1174.195	0.8	NonTarget	1	234839
1174.275	0.8	NonTarget	1	234855
1174.36	0.8	NonTarget	1	234872
1174.44	0.8	NonTarget	1	234888
1174.53	0.8	NonTarget	1	234906
1174.61	0.8	NonTarget	1	234922
1174.695	0.8	NonTarget	1	234939
1174.78	0.8	NonTarget	1	234956
1174.86	0.8	NonTarget	1	234972
1174.945	0.8	NonTarget	1	234989
1175.025	0.8	NonTarget	1	235005
1175.11	0.8	NonTarget	1	235022
1175.195	0.8	NonTarget	1	235039
1175.275	0.8	NonTarget	1	235055
1175.36	0.8	NonTarget	1	235072
1175.445	0.8	NonTarget	1	235089
1175.53	0.8	Target	2	235106
1175.61	0.8	NonTarget	1	235122
1175.695	0.8	NonTarget	1	235139
1175.78	0.8	NonTarget	1	235156
1175.86	0.8	NonTarget	1	235172
1175.945	0.8	NonTarget	1	235189
1176.03	0.8	NonTarget	1	235206
1176.11	0.8	NonTarget	1	235222
1176.195	0.8	NonTarget	1	235239
1176.28	0.8	NonTarget	1	235256
1176.68	0.8	NonTarget	1	235336
1176.76	0.8	NonTarget	1	235352
1176.845	0.8	NonTarget	1	235369
1176.93	0.8	NonTarget	1	235386
1177.015	0.8	NonTarget	1	235403
1177.095	0.8	NonTarget	1	235419
1177.18	0.8	NonTarget	1	235436
1177.265	0.8	NonTarget	1	235453
1177.345	0.8	NonTarget	1	235469
1177.43	0.8	NonTarget	1	235486
1177.515	0.8	NonTarget	1	235503
1177.595	0.8	NonTarget	1	235519
1177.68	0.8	NonTarget	1	235536
1177.765	0.8	NonTarget	1	235553
1177.845	0.8	NonTarget	1	235569
1177.93	0.8	NonTarget	1	235586
1178.015	0.8	NonTarget	1	235603
1178.1	0.8	NonTarget	1	235620
1178.18	0.8	NonTarget	1	235636
1178.265	0.8	NonTarget	1	235653
1178.35	0.8	Target	2	235670
1178.43	0.8	NonTarget	1	235686
1178.515	0.8	NonTarget	1	235703
1178.6	0.8	NonTarget	1	235720
1178.68	0.8	NonTarget	1	235736
1178.765	0.8	NonTarget	1	235753
1178.85	0.8	NonTarget	1	235770
1178.935	0.8	NonTarget	1	235787
1179.015	0.8	NonTarget	1	235803
1179.1	0.8	NonTarget	1	235820
1179.5	0.8	Target	2	235900
1179.585	0.8	NonTarget	1	235917
1179.665	0.8	NonTarget	1	235933
1179.75	0.8	NonTarget	1	235950
1179.835	0.8	NonTarget	1	235967
1179.915	0.8	NonTarget	1	235983
1180.0	0.8	NonTarget	1	236000
1180.085	0.8	NonTarget	1	236017
1180.17	0.8	NonTarget	1	236034
1180.25	0.8	NonTarget	1	236050
1180.335	0.8	NonTarget	1	236067
1180.42	0.8	NonTarget	1	236084
1180.5	0.8	NonTarget	1	236100
1180.585	0.8	NonTarget	1	236117
1180.67	0.8	NonTarget	1	236134
1180.75	0.8	NonTarget	1	236150
1180.835	0.8	NonTarget	1	236167
1180.92	0.8	NonTarget	1	236184
1181.0	0.8	NonTarget	1	236200
1181.085	0.8	NonTarget	1	236217
1181.17	0.8	NonTarget	1	236234
1181.255	0.8	NonTarget	1	236251
1181.335	0.8	NonTarget	1	236267
1181.42	0.8	NonTarget	1	236284
1181.505	0.8	NonTarget	1	236301
1181.585	0.8	NonTarget	1	236317
1181.67	0.8	NonTarget	1	236334
1181.755	0.8	NonTarget	1	236351
1181.835	0.8	NonTarget	1	236367
1181.92	0.8	NonTarget	1	236384
1182.32	0.8	NonTarget	1	236464
1182.405	0.8	NonTarget	1	236481
1182.485	0.8	NonTarget	1	236497
1182.57	0.8	NonTarget	1	236514
1182.655	0.8	NonTarget	1	236531
1182.735	0.8	NonTarget	1	236547
1182.82	0.8	NonTarget	1	236564
1182.905	0.8	NonTarget	1	236581
1182.99	0.8	NonTarget	1	236598
1183.07	0.8	NonTarget	1	236614
1183.155	0.8	NonTarget	1	236631
1183.24	0.8	NonTarget	1	236648
1183.32	0.8	NonTarget	1	236664
1183.405	0.8	NonTarget	1	236681
1183.49	0.8	NonTarget	1	236698
1183.57	0.8	Target	2	236714
1183.655	0.8	NonTarget	1	236731
1183.74	0.8	NonTarget	1	236748
1183.825	0.8	NonTarget	1	236765
1183.905	0.8	NonTarget	1	236781
1183.99	0.8	NonTarget	1	236798
1184.075	0.8	NonTarget	1	236815
1184.155	0.8	NonTarget	1	236831
1184.24	0.8	NonTarget	1	236848
1184.325	0.8	NonTarget	1	236865
1184.405	0.8	NonTarget	1	236881
1184.49	0.8	NonTarget	1	236898
1184.575	0.8	NonTarget	1	236915
1184.655	0.8	NonTarget	1	236931
1184.74	0.8	NonTarget	1	236948
1194.76	0.8	NonTarget	1	238952
1194.84	0.8	NonTarget	1	238968
1194.92	0.8	NonTarget	1	238984
1195.005	0.8	NonTarget	1	239001
1195.085	0.8	NonTarget	1	239017
1195.175	0.8	NonTarget	1	239035
1195.255	0.8	NonTarget	1	239051
1195.34	0.8	NonTarget	1	239068
1195.425	0.8	NonTarget	1	239085
1195.505	0.8	NonTarget	1	239101
1195.59	0.8	NonTarget	1	239118
1195.675	0.8	NonTarget	1	239135
1195.755	0.8	NonTarget	1	239151
1195.84	0.8	NonTarget	1	239168
1195.925	0.8	NonTarget	1	239185
1196.005	0.8	Target	2	239201
1196.09	0.8	NonTarget	1	239218
1196.175	0.8	NonTarget	1	239235
1196.255	0.8	NonTarget	1	239251
1196.34	0.8	NonTarget	1	239268
1196.425	0.8	NonTarget	1	239285
1196.505	0.8	NonTarget	1	239301
1196.59	0.8	NonTarget	1	239318
1196.675	0.8	NonTarget	1	239335
1196.76	0.8	NonTarget	1	239352
1196.84	0.8	NonTarget	1	239368
1196.925	0.8	NonTarget	1	239385
1197.01	0.8	NonTarget	1	239402
1197.09	0.8	NonTarget	1	239418
1197.175	0.8	NonTarget	1	239435
1197.575	0.8	NonTarget	1	239515
1197.66	0.8	NonTarget	1	239532
1197.745	0.8	NonTarget	1	239549
1197.825	0.8	NonTarget	1	239565
1197.91	0.8	NonTarget	1	239582
1197.99	0.8	NonTarget	1	239598
1198.075	0.8	NonTarget	1	239615
1198.16	0.8	NonTarget	1	239632
1198.245	0.8	NonTarget	1	239649
1198.325	0.8	NonTarget	1	239665
1198.41	0.8	Target	2	239682
1198.495	0.8	NonTarget	1	239699
1198.58	0.8	NonTarget	1	239716
1198.66	0.8	NonTarget	1	239732
1198.745	0.8	NonTarget	1	239749
1198.83	0.8	NonTarget	1	239766
1198.91	0.8	NonTarget	1	239782
1198.995	0.8	NonTarget	1	239799
1199.08	0.8	NonTarget	1	239816
1199.16	0.8	NonTarget	1	239832
1199.245	0.8	NonTarget	1	239849
1199.325	0.8	NonTarget	1	239865
1199.41	0.8	NonTarget	1	239882
1199.495	0.8	NonTarget	1	239899
1199.58	0.8	NonTarget	1	239916
1199.66	0.8	NonTarget	1	239932
1199.745	0.8	NonTarget	1	239949
1199.83	0.8	NonTarget	1	239966
1199.915	0.8	NonTarget	1	239983
1199.995	0.8	NonTarget	1	239999
1200.395	0.8	NonTarget	1	240079
1200.48	0.8	NonTarget	1	240096
1200.565	0.8	NonTarget	1	240113
1200.645	0.8	NonTarget	1	240129
1200.73	0.8	NonTarget	1	240146
1200.815	0.8	NonTarget	1	240163
1200.895	0.8	NonTarget	1	240179
1200.98	0.8	NonTarget	1	240196
1201.065	0.8	NonTarget	1	240213
1201.145	0.8	NonTarget	1	240229
1201.23	0.8	NonTarget	1	240246
1201.315	0.8	NonTarget	1	240263
1201.4	0.8	NonTarget	1	240280
1201.48	0.8	NonTarget	1	240296
1201.565	0.8	NonTarget	1	240313
1201.645	0.8	NonTarget	1	240329
1201.73	0.8	NonTarget	1	240346
1201.815	0.8	NonTarget	1	240363
1201.9	0.8	NonTarget	1	240380
1201.985	0.8	NonTarget	1	240397
1202.065	0.8	NonTarget	1	240413
1202.15	0.8	NonTarget	1	240430
1202.235	0.8	NonTarget	1	240447
1202.315	0.8	NonTarget	1	240463
1202.4	0.8	NonTarget	1	240480
1202.485	0.8	Target	2	240497
1202.565	0.8	NonTarget	1	240513
1202.65	0.8	NonTarget	1	240530
1202.735	0.8	NonTarget	1	240547
1202.815	0.8	NonTarget	1	240563
1203.215	0.8	NonTarget	1	240643
1203.3	0.8	NonTarget	1	240660
1203.385	0.8	NonTarget	1	240677
1203.47	0.8	NonTarget	1	240694
1203.55	0.8	NonTarget	1	240710
1203.635	0.8	NonTarget	1	240727
1203.715	0.8	NonTarget	1	240743
1203.8	0.8	NonTarget	1	240760
1203.885	0.8	NonTarget	1	240777
1203.97	0.8	NonTarget	1	240794
1204.05	0.8	NonTarget	1	240810
1204.135	0.8	NonTarget	1	240827
1204.22	0.8	NonTarget	1	240844
1204.3	0.8	NonTarget	1	240860
1204.385	0.8	NonTarget	1	240877
1204.47	0.8	NonTarget	1	240894
1204.55	0.8	NonTarget	1	240910
1204.635	0.8	NonTarget	1	240927
1204.72	0.8	NonTarget	1	240944
1204.805	0.8	NonTarget	1	240961
1204.885	0.8	Target	2	240977
1204.97	0.8	NonTarget	1	240994
1205.055	0.8	NonTarget	1	241011
1205.135	0.8	NonTarget	1	241027
1205.22	0.8	NonTarget	1	241044
1205.305	0.8	NonTarget	1	241061
1205.385	0.8	NonTarget	1	241077
1205.47	0.8	NonTarget	1	241094
1205.555	0.8	NonTarget	1	241111
1205.635	0.8	NonTarget	1	241127
1206.035	0.8	NonTarget	1	241207
1206.12	0.8	NonTarget	1	241224
1206.205	0.8	NonTarget	1	241241
1206.29	0.8	NonTarget	1	241258
1206.37	0.8	NonTarget	1	241274
1206.455	0.8	NonTarget	1	241291
1206.54	0.8	NonTarget	1	241308
1206.62	0.8	NonTarget	1	241324
1206.705	0.8	NonTarget	1	241341
1206.79	0.8	NonTarget	1	241358
1206.87	0.8	NonTarget	1	241374
1206.955	0.8	NonTarget	1	241391
1207.04	0.8	NonTarget	1	241408
1207.12	0.8	NonTarget	1	241424
1207.205	0.8	NonTarget	1	241441
1207.29	0.8	NonTarget	1	241458
1207.375	0.8	NonTarget	1	241475
1207.455	0.8	NonTarget	1	241491
1207.54	0.8	NonTarget	1	241508
1207.625	0.8	NonTarget	1	241525
1207.705	0.8	NonTarget	1	241541
1207.79	0.8	NonTarget	1	241558
1207.875	0.8	NonTarget	1	241575
1207.955	0.8	NonTarget	1	241591
1208.04	0.8	NonTarget	1	241608
1208.125	0.8	Target	2	241625
1208.21	0.8	NonTarget	1	241642
1208.29	0.8	NonTarget	1	241658
1208.375	0.8	NonTarget	1	241675
1208.455	0.8	NonTarget	1	241691
1208.86	0.8	NonTarget	1	241772
1208.94	0.8	NonTarget	1	241788
1209.025	0.8	NonTarget	1	241805
1209.11	0.8	NonTarget	1	241822
1209.19	0.8	NonTarget	1	241838
1209.275	0.8	NonTarget	1	241855
1209.36	0.8	NonTarget	1	241872
1209.44	0.8	NonTarget	1	241888
1209.525	0.8	NonTarget	1	241905
1209.61	0.8	NonTarget	1	241922
1209.695	0.8	NonTarget	1	241939
1209.78	0.8	NonTarget	1	241956
1209.86	0.8	NonTarget	1	241972
1209.945	0.8	NonTarget	1	241989
1210.03	0.8	NonTarget	1	242006
1210.11	0.8	NonTarget	1	242022
1210.195	0.8	NonTarget	1	242039
1210.275	0.8	NonTarget	1	242055
1210.36	0.8	NonTarget	1	242072
1210.445	0.8	NonTarget	1	242089
1210.53	0.8	NonTarget	1	242106
1210.61	0.8	NonTarget	1	242122
1210.695	0.8	NonTarget	1	242139
1210.78	0.8	NonTarget	1	242156
1210.86	0.8	NonTarget	1	242172
1210.945	0.8	Target	2	242189
1211.03	0.8	NonTarget	1	242206
1211.115	0.8	NonTarget	1	242223
1211.195	0.8	NonTarget	1	242239
1211.28	0.8	NonTarget	1	242256
1211.675	0.8	NonTarget	1	242335
1211.76	0.8	NonTarget	1	242352
1211.845	0.8	NonTarget	1	242369
1211.93	0.8	NonTarget	1	242386
1212.015	0.8	NonTarget	1	242403
1212.095	0.8	NonTarget	1	242419
1212.18	0.8	NonTarget	1	242436
1212.265	0.8	NonTarget	1	242453
1212.345	0.8	NonTarget	1	242469
1212.43	0.8	NonTarget	1	242486
1212.515	0.8	NonTarget	1	242503
1212.595	0.8	NonTarget	1	242519
1212.68	0.8	NonTarget	1	242536
1212.765	0.8	NonTarget	1	242553
1212.845	0.8	NonTarget	1	242569
1212.93	0.8	Target	2	242586
1213.015	0.8	NonTarget	1	242603
1213.1	0.8	NonTarget	1	242620
1213.18	0.8	NonTarget	1	242636
1213.265	0.8	NonTarget	1	242653
1213.35	0.8	NonTarget	1	242670
1213.43	0.8	NonTarget	1	242686
1213.515	0.8	NonTarget	1	242703
1213.6	0.8	NonTarget	1	242720
1213.68	0.8	NonTarget	1	242736
1213.765	0.8	NonTarget	1	242753
1213.85	0.8	NonTarget	1	242770
1213.935	0.8	NonTarget	1	242787
1214.015	0.8	NonTarget	1	242803
1214.1	0.8	NonTarget	1	242820
1214.5	0.8	NonTarget	1	242900
1214.585	0.8	NonTarget	1	242917
1214.665	0.8	NonTarget	1	242933
1214.75	0.8	NonTarget	1	242950
1214.835	0.8	NonTarget	1	242967
1214.92	0.8	NonTarget	1	242984
1215.0	0.8	NonTarget	1	243000
1215.085	0.8	NonTarget	1	243017
1215.165	0.8	NonTarget	1	243033
1215.25	0.8	NonTarget	1	243050
1215.335	0.8	NonTarget	1	243067
1215.42	0.8	NonTarget	1	243084
1215.5	0.8	NonTarget	1	243100
1215.585	0.8	NonTarget	1	243117
1215.67	0.8	NonTarget	1	243134
1215.75	0.8	NonTarget	1	243150
1215.835	0.8	NonTarget	1	243167
1215.92	0.8	NonTarget	1	243184
1216.0	0.8	NonTarget	1	243200
1216.085	0.8	NonTarget	1	243217
1216.17	0.8	NonTarget	1	243234
1216.25	0.8	NonTarget	1	243250
1216.335	0.8	NonTarget	1	243267
1216.42	0.8	NonTarget	1	243284
1216.5	0.8	NonTarget	1	243300
1216.585	0.8	Target	2	243317
1216.67	0.8	NonTarget	1	243334
1216.755	0.8	NonTarget	1	243351
1216.835	0.8	NonTarget	1	243367
1216.92	0.8	NonTarget	1	243384
1217.32	0.8	NonTarget	1	243464
1217.405	0.8	NonTarget	1	243481
1217.485	0.8	NonTarget	1	243497
1217.57	0.8	NonTarget	1	243514
1217.655	0.8	NonTarget	1	243531
1217.74	0.8	NonTarget	1	243548
1217.82	0.8	NonTarget	1	243564
1217.905	0.8	NonTarget	1	243581
1217.99	0.8	NonTarget	1	243598
1218.07	0.8	NonTarget	1	243614
1218.155	0.8	NonTarget	1	243631
1218.235	0.8	NonTarget	1	243647
1218.32	0.8	NonTarget	1	243664
1218.405	0.8	NonTarget	1	243681
1218.49	0.8	NonTarget	1	243698
1218.575	0.8	NonTarget	1	243715
1218.655	0.8	NonTarget	1	243731
1218.74	0.8	NonTarget	1	243748
1218.825	0.8	NonTarget	1	243765
1218.905	0.8	NonTarget	1	243781
1218.99	0.8	NonTarget	1	243798
1219.075	0.8	NonTarget	1	243815
1219.155	0.8	NonTarget	1	243831
1219.24	0.8	NonTarget	1	243848
1219.32	0.8	NonTarget	1	243864
1219.405	0.8	Target	2	243881
1219.49	0.8	NonTarget	1	243898
1219.575	0.8	NonTarget	1	243915
1219.655	0.8	NonTarget	1	243931
1219.74	0.8	NonTarget	1	243948
1220.14	0.8	NonTarget	1	244028
1220.225	0.8	NonTarget	1	244045
1220.31	0.8	NonTarget	1	244062
1220.39	0.8	NonTarget	1	244078
1220.475	0.8	NonTarget	1	244095
1220.56	0.8	NonTarget	1	244112
1220.64	0.8	NonTarget	1	244128
1220.725	0.8	NonTarget	1	244145
1220.81	0.8	NonTarget	1	244162
1220.89	0.8	NonTarget	1	244178
1220.975	0.8	NonTarget	1	244195
1221.06	0.8	NonTarget	1	244212
1221.14	0.8	NonTarget	1	244228
1221.225	0.8	NonTarget	1	244245
1221.31	0.8	NonTarget	1	244262
1221.39	0.8	NonTarget	1	244278
1221.475	0.8	NonTarget	1	244295
1221.56	0.8	NonTarget	1	244312
1221.645	0.8	NonTarget	1	244329
1221.725	0.8	NonTarget	1	244345
1221.81	0.8	NonTarget	1	244362
1221.895	0.8	NonTarget	1	244379
1221.975	0.8	NonTarget	1	244395
1222.06	0.8	NonTarget	1	244412
1222.145	0.8	NonTarget	1	244429
1222.23	0.8	Target	2	244446
1222.31	0.8	NonTarget	1	244462
1222.395	0.8	NonTarget	1	244479
1222.48	0.8	NonTarget	1	244496
1222.56	0.8	NonTarget	1	244512
1232.545	0.8	NonTarget	1	246509
1232.625	0.8	NonTarget	1	246525
1232.71	0.8	NonTarget	1	246542
1232.79	0.8	NonTarget	1	246558
1232.875	0.8	NonTarget	1	246575
1232.96	0.8	Target	2	246592
1233.04	0.8	NonTarget	1	246608
1233.125	0.8	NonTarget	1	246625
1233.21	0.8	NonTarget	1	246642
1233.295	0.8	NonTarget	1	246659
1233.375	0.8	NonTarget	1	246675
1233.46	0.8	NonTarget	1	246692
1233.545	0.8	NonTarget	1	246709
1233.63	0.8	NonTarget	1	246726
1233.71	0.8	NonTarget	1	246742
1233.795	0.8	NonTarget	1	246759
1233.875	0.8	NonTarget	1	246775
1233.96	0.8	NonTarget	1	246792
1234.045	0.8	NonTarget	1	246809
1234.125	0.8	NonTarget	1	246825
1234.21	0.8	NonTarget	1	246842
1234.295	0.8	NonTarget	1	246859
1234.38	0.8	NonTarget	1	246876
1234.46	0.8	NonTarget	1	246892
1234.545	0.8	NonTarget	1	246909
1234.63	0.8	NonTarget	1	246926
1234.71	0.8	NonTarget	1	246942
1234.795	0.8	NonTarget	1	246959
1234.88	0.8	NonTarget	1	246976
1234.96	0.8	NonTarget	1	246992
1235.365	0.8	NonTarget	1	247073
1235.445	0.8	NonTarget	1	247089
1235.53	0.8	NonTarget	1	247106
1235.635	0.8	NonTarget	1	247127
1235.715	0.8	NonTarget	1	247143
1235.795	0.8	NonTarget	1	247159
1235.88	0.8	NonTarget	1	247176
1235.965	0.8	NonTarget	1	247193
1236.045	0.8	NonTarget	1	247209
1236.13	0.8	NonTarget	1	247226
1236.215	0.8	NonTarget	1	247243
1236.295	0.8	NonTarget	1	247259
1236.38	0.8	NonTarget	1	247276
1236.465	0.8	NonTarget	1	247293
1236.545	0.8	NonTarget	1	247309
1236.63	0.8	NonTarget	1	247326
1236.715	0.8	NonTarget	1	247343
1236.8	0.8	NonTarget	1	247360
1236.88	0.8	NonTarget	1	247376
1236.965	0.8	NonTarget	1	247393
1237.05	0.8	NonTarget	1	247410
1237.13	0.8	NonTarget	1	247426
1237.215	0.8	NonTarget	1	247443
1237.3	0.8	NonTarget	1	247460
1237.385	0.8	NonTarget	1	247477
1237.465	0.8	Target	2	247493
1237.55	0.8	NonTarget	1	247510
1237.63	0.8	NonTarget	1	247526
1237.715	0.8	NonTarget	1	247543
1237.8	0.8	NonTarget	1	247560
1238.2	0.8	NonTarget	1	247640
1238.285	0.8	NonTarget	1	247657
1238.365	0.8	NonTarget	1	247673
1238.45	0.8	NonTarget	1	247690
1238.535	0.8	NonTarget	1	247707
1238.615	0.8	Target	2	247723
1238.7	0.8	NonTarget	1	247740
1238.785	0.8	NonTarget	1	247757
1238.865	0.8	NonTarget	1	247773
1238.95	0.8	NonTarget	1	247790
1239.035	0.8	NonTarget	1	247807
1239.12	0.8	NonTarget	1	247824
1239.2	0.8	NonTarget	1	247840
1239.285	0.8	NonTarget	1	247857
1239.365	0.8	NonTarget	1	247873
1239.45	0.8	NonTarget	1	247890
1239.535	0.8	NonTarget	1	247907
1239.62	0.8	NonTarget	1	247924
1239.705	0.8	NonTarget	1	247941
1239.785	0.8	NonTarget	1	247957
1239.87	0.8	NonTarget	1	247974
1239.95	0.8	NonTarget	1	247990
1240.035	0.8	NonTarget	1	248007
1240.12	0.8	NonTarget	1	248024
1240.2	0.8	NonTarget	1	248040
1240.285	0.8	NonTarget	1	248057
1240.37	0.8	NonTarget	1	248074
1240.455	0.8	NonTarget	1	248091
1240.54	0.8	NonTarget	1	248108
1240.62	0.8	NonTarget	1	248124
1241.02	0.8	NonTarget	1	248204
1241.105	0.8	NonTarget	1	248221
1241.19	0.8	NonTarget	1	248238
1241.27	0.8	NonTarget	1	248254
1241.355	0.8	NonTarget	1	248271
1241.435	0.8	NonTarget	1	248287
1241.52	0.8	NonTarget	1	248304
1241.605	0.8	NonTarget	1	248321
1241.69	0.8	NonTarget	1	248338
1241.77	0.8	NonTarget	1	248354
1241.855	0.8	NonTarget	1	248371
1241.94	0.8	NonTarget	1	248388
1242.025	0.8	NonTarget	1	248405
1242.105	0.8	NonTarget	1	248421
1242.19	0.8	NonTarget	1	248438
1242.27	0.8	NonTarget	1	248454
1242.355	0.8	NonTarget	1	248471
1242.44	0.8	NonTarget	1	248488
1242.52	0.8	NonTarget	1	248504
1242.605	0.8	NonTarget	1	248521
1242.69	0.8	NonTarget	1	248538
1242.775	0.8	NonTarget	1	248555
1242.855	0.8	NonTarget	1	248571
1242.94	0.8	NonTarget	1	248588
1243.025	0.8	NonTarget	1	248605
1243.105	0.8	Target	2	248621
1243.19	0.8	NonTarget	1	248638
1243.275	0.8	NonTarget	1	248655
1243.355	0.8	NonTarget	1	248671
1243.44	0.8	NonTarget	1	248688
1243.84	0.8	NonTarget	1	248768
1243.925	0.8	NonTarget	1	248785
1244.01	0.8	NonTarget	1	248802
1244.09	0.8	NonTarget	1	248818
1244.175	0.8	NonTarget	1	248835
1244.26	0.8	NonTarget	1	248852
1244.34	0.8	NonTarget	1	248868
1244.425	0.8	NonTarget	1	248885
1244.51	0.8	NonTarget	1	248902
1244.59	0.8	NonTarget	1	248918
1244.675	0.8	NonTarget	1	248935
1244.76	0.8	NonTarget	1	248952
1244.84	0.8	NonTarget	1	248968
1244.925	0.8	NonTarget	1	248985
1245.01	0.8	NonTarget	1	249002
1245.095	0.8	Target	2	249019
1245.175	0.8	NonTarget	1	249035
1245.26	0.8	NonTarget	1	249052
1245.345	0.8	NonTarget	1	249069
1245.425	0.8	NonTarget	1	249085
1245.51	0.8	NonTarget	1	249102
1245.595	0.8	NonTarget	1	249119
1245.675	0.8	NonTarget	1	249135
1245.76	0.8	NonTarget	1	249152
1245.845	0.8	NonTarget	1	249169
1245.925	0.8	NonTarget	1	249185
1246.01	0.8	NonTarget	1	249202
1246.095	0.8	NonTarget	1	249219
1246.18	0.8	NonTarget	1	249236
1246.26	0.8	NonTarget	1	249252
1246.665	0.8	NonTarget	1	249333
1246.745	0.8	NonTarget	1	249349
1246.83	0.8	NonTarget	1	249366
1246.91	0.8	NonTarget	1	249382
1246.995	0.8	NonTarget	1	249399
1247.08	0.8	NonTarget	1	249416
1247.165	0.8	NonTarget	1	249433
1247.245	0.8	NonTarget	1	249449
1247.33	0.8	NonTarget	1	249466
1247.41	0.8	NonTarget	1	249482
1247.495	0.8	NonTarget	1	249499
1247.58	0.8	NonTarget	1	249516
1247.665	0.8	NonTarget	1	249533
1247.75	0.8	NonTarget	1	249550
1247.83	0.8	NonTarget	1	249566
1247.915	0.8	NonTarget	1	249583
1248.0	0.8	NonTarget	1	249600
1248.08	0.8	NonTarget	1	249616
1248.165	0.8	NonTarget	1	249633
1248.25	0.8	NonTarget	1	249650
1248.335	0.8	NonTarget	1	249667
1248.415	0.8	NonTarget	1	249683
1248.5	0.8	NonTarget	1	249700
1248.585	0.8	NonTarget	1	249717
1248.665	0.8	NonTarget	1	249733
1248.75	0.8	Target	2	249750
1248.83	0.8	NonTarget	1	249766
1248.915	0.8	NonTarget	1	249783
1249.0	0.8	NonTarget	1	249800
1249.08	0.8	NonTarget	1	249816
1249.485	0.8	Target	2	249897
1249.565	0.8	NonTarget	1	249913
1249.65	0.8	NonTarget	1	249930
1249.735	0.8	NonTarget	1	249947
1249.815	0.8	NonTarget	1	249963
1249.9	0.8	NonTarget	1	249980
1249.985	0.8	NonTarget	1	249997
1250.065	0.8	NonTarget	1	250013
1250.15	0.8	NonTarget	1	250030
1250.235	0.8	NonTarget	1	250047
1250.32	0.8	NonTarget	1	250064
1250.4	0.8	NonTarget	1	250080
1250.485	0.8	NonTarget	1	250097
1250.57	0.8	NonTarget	1	250114
1250.65	0.8	NonTarget	1	250130
1250.735	0.8	NonTarget	1	250147
1250.82	0.8	NonTarget	1	250164
1250.9	0.8	NonTarget	1	250180
1250.985	0.8	NonTarget	1	250197
1251.07	0.8	NonTarget	1	250214
1251.15	0.8	NonTarget	1	250230
1251.235	0.8	NonTarget	1	250247
1251.32	0.8	NonTarget	1	250264
1251.4	0.8	NonTarget	1	250280
1251.485	0.8	NonTarget	1	250297
1251.57	0.8	NonTarget	1	250314
1251.655	0.8	NonTarget	1	250331
1251.74	0.8	NonTarget	1	250348
1251.82	0.8	NonTarget	1	250364
1251.905	0.8	NonTarget	1	250381
1252.305	0.8	NonTarget	1	250461
1252.385	0.8	NonTarget	1	250477
1252.47	0.8	NonTarget	1	250494
1252.555	0.8	NonTarget	1	250511
1252.635	0.8	NonTarget	1	250527
1252.72	0.8	NonTarget	1	250544
1252.805	0.8	NonTarget	1	250561
1252.89	0.8	NonTarget	1	250578
1252.97	0.8	NonTarget	1	250594
1253.055	0.8	NonTarget	1	250611
1253.14	0.8	NonTarget	1	250628
1253.225	0.8	NonTarget	1	250645
1253.305	0.8	NonTarget	1	250661
1253.39	0.8	NonTarget	1	250678
1253.475	0.8	NonTarget	1	250695
1253.555	0.8	NonTarget	1	250711
1253.64	0.8	NonTarget	1	250728
1253.725	0.8	NonTarget	1	250745
1253.805	0.8	NonTarget	1	250761
1253.89	0.8	NonTarget	1	250778
1253.975	0.8	Target	2	250795
1254.055	0.8	NonTarget	1	250811
1254.14	0.8	NonTarget	1	250828
1254.225	0.8	NonTarget	1	250845
1254.305	0.8	NonTarget	1	250861
1254.39	0.8	NonTarget	1	250878
1254.475	0.8	NonTarget	1	250895
1254.56	0.8	NonTarget	1	250912
1254.64	0.8	NonTarget	1	250928
1254.725	0.8	NonTarget	1	250945
1255.125	0.8	NonTarget	1	251025
1255.21	0.8	NonTarget	1	251042
1255.29	0.8	NonTarget	1	251058
1255.375	0.8	NonTarget	1	251075
1255.46	0.8	NonTarget	1	251092
1255.545	0.8	NonTarget	1	251109
1255.625	0.8	NonTarget	1	251125
1255.71	0.8	NonTarget	1	251142
1255.795	0.8	NonTarget	1	251159
1255.875	0.8	NonTarget	1	251175
1255.96	0.8	NonTarget	1	251192
1256.045	0.8	NonTarget	1	251209
1256.125	0.8	NonTarget	1	251225
1256.21	0.8	NonTarget	1	251242
1256.295	0.8	NonTarget	1	251259
1256.375	0.8	Target	2	251275
1256.46	0.8	NonTarget	1	251292
1256.545	0.8	NonTarget	1	251309
1256.625	0.8	NonTarget	1	251325
1256.71	0.8	NonTarget	1	251342
1256.795	0.8	NonTarget	1	251359
1256.875	0.8	NonTarget	1	251375
1256.96	0.8	NonTarget	1	251392
1257.045	0.8	NonTarget	1	251409
1257.13	0.8	NonTarget	1	251426
1257.21	0.8	NonTarget	1	251442
1257.295	0.8	NonTarget	1	251459
1257.38	0.8	NonTarget	1	251476
1257.46	0.8	NonTarget	1	251492
1257.545	0.8	NonTarget	1	251509
1257.945	0.8	Target	2	251589
1258.03	0.8	NonTarget	1	251606
1258.11	0.8	NonTarget	1	251622
1258.195	0.8	NonTarget	1	251639
1258.28	0.8	NonTarget	1	251656
1258.36	0.8	NonTarget	1	251672
1258.445	0.8	NonTarget	1	251689
1258.53	0.8	NonTarget	1	251706
1258.615	0.8	NonTarget	1	251723
1258.695	0.8	NonTarget	1	251739
1258.78	0.8	NonTarget	1	251756
1258.865	0.8	NonTarget	1	251773
1258.95	0.8	NonTarget	1	251790
1259.03	0.8	NonTarget	1	251806
1259.115	0.8	NonTarget	1	251823
1259.195	0.8	NonTarget	1	251839
1259.28	0.8	NonTarget	1	251856
1259.365	0.8	NonTarget	1	251873
1259.445	0.8	NonTarget	1	251889
1259.53	0.8	NonTarget	1	251906
1259.615	0.8	NonTarget	1	251923
1259.7	0.8	NonTarget	1	251940
1259.78	0.8	NonTarget	1	251956
1259.865	0.8	NonTarget	1	251973
1259.95	0.8	NonTarget	1	251990
1260.03	0.8	NonTarget	1	252006
1260.115	0.8	NonTarget	1	252023
1260.2	0.8	NonTarget	1	252040
1260.28	0.8	NonTarget	1	252056
1260.365	0.8	NonTarget	1	252073
1270.365	0.8	NonTarget	1	254073
1270.445	0.8	NonTarget	1	254089
1270.53	0.8	NonTarget	1	254106
1270.61	0.8	NonTarget	1	254122
1270.695	0.8	NonTarget	1	254139
1270.78	0.8	NonTarget	1	254156
1270.865	0.8	NonTarget	1	254173
1270.945	0.8	NonTarget	1	254189
1271.03	0.8	NonTarget	1	254206
1271.11	0.8	NonTarget	1	254222
1271.195	0.8	NonTarget	1	254239
1271.28	0.8	NonTarget	1	254256
1271.365	0.8	NonTarget	1	254273
1271.445	0.8	NonTarget	1	254289
1271.53	0.8	NonTarget	1	254306
1271.615	0.8	NonTarget	1	254323
1271.7	0.8	NonTarget	1	254340
1271.78	0.8	NonTarget	1	254356
1271.865	0.8	NonTarget	1	254373
1271.95	0.8	NonTarget	1	254390
1272.03	0.8	NonTarget	1	254406
1272.115	0.8	NonTarget	1	254423
1272.2	0.8	NonTarget	1	254440
1272.28	0.8	NonTarget	1	254456
1272.365	0.8	NonTarget	1	254473
1272.45	0.8	NonTarget	1	254490
1272.53	0.8	NonTarget	1	254506
1272.615	0.8	Target	2	254523
1272.7	0.8	NonTarget	1	254540
1272.78	0.8	NonTarget	1	254556
1273.18	0.8	NonTarget	1	254636
1273.265	0.8	NonTarget	1	254653
1273.35	0.8	NonTarget	1	254670
1273.43	0.8	NonTarget	1	254686
1273.515	0.8	NonTarget	1	254703
1273.6	0.8	NonTarget	1	254720
1273.685	0.8	NonTarget	1	254737
1273.765	0.8	Target	2	254753
1273.85	0.8	NonTarget	1	254770
1273.93	0.8	NonTarget	1	254786
1274.015	0.8	NonTarget	1	254803
1274.1	0.8	NonTarget	1	254820
1274.185	0.8	NonTarget	1	254837
1274.27	0.8	NonTarget	1	254854
1274.35	0.8	NonTarget	1	254870
1274.435	0.8	NonTarget	1	254887
1274.515	0.8	NonTarget	1	254903
1274.6	0.8	NonTarget	1	254920
1274.685	0.8	NonTarget	1	254937
1274.77	0.8	NonTarget	1	254954
1274.85	0.8	NonTarget	1	254970
1274.935	0.8	NonTarget	1	254987
1275.02	0.8	NonTarget	1	255004
1275.105	0.8	NonTarget	1	255021
1275.185	0.8	NonTarget	1	255037
1275.27	0.8	NonTarget	1	255054
1275.355	0.8	NonTarget	1	255071
1275.435	0.8	NonTarget	1	255087
1275.52	0.8	NonTarget	1	255104
1275.6	0.8	NonTarget	1	255120
1276.005	0.8	NonTarget	1	255201
1276.085	0.8	NonTarget	1	255217
1276.17	0.8	NonTarget	1	255234
1276.255	0.8	NonTarget	1	255251
1276.335	0.8	NonTarget	1	255267
1276.42	0.8	NonTarget	1	255284
1276.505	0.8	NonTarget	1	255301
1276.59	0.8	NonTarget	1	255318
1276.67	0.8	NonTarget	1	255334
1276.755	0.8	NonTarget	1	255351
1276.84	0.8	NonTarget	1	255368
1276.92	0.8	NonTarget	1	255384
1277.005	0.8	NonTarget	1	255401
1277.09	0.8	NonTarget	1	255418
1277.175	0.8	NonTarget	1	255435
1277.255	0.8	NonTarget	1	255451
1277.34	0.8	NonTarget	1	255468
1277.425	0.8	Target	2	255485
1277.505	0.8	NonTarget	1	255501
1277.59	0.8	NonTarget	1	255518
1277.67	0.8	NonTarget	1	255534
1277.755	0.8	NonTarget	1	255551
1277.84	0.8	NonTarget	1	255568
1277.925	0.8	NonTarget	1	255585
1278.005	0.8	NonTarget	1	255601
1278.09	0.8	NonTarget	1	255618
1278.175	0.8	NonTarget	1	255635
1278.255	0.8	NonTarget	1	255651
1278.34	0.8	NonTarget	1	255668
1278.425	0.8	NonTarget	1	255685
1278.825	0.8	NonTarget	1	255765
1278.905	0.8	NonTarget	1	255781
1278.99	0.8	NonTarget	1	255798
1279.075	0.8	NonTarget	1	255815
1279.16	0.8	NonTarget	1	255832
1279.24	0.8	NonTarget	1	255848
1279.325	0.8	NonTarget	1	255865
1279.41	0.8	NonTarget	1	255882
1279.49	0.8	NonTarget	1	255898
1279.575	0.8	NonTarget	1	255915
1279.66	0.8	NonTarget	1	255932
1279.74	0.8	NonTarget	1	255948
1279.825	0.8	NonTarget	1	255965
1279.91	0.8	NonTarget	1	255982
1279.99	0.8	NonTarget	1	255998
1280.075	0.8	NonTarget	1	256015
1280.16	0.8	NonTarget	1	256032
1280.24	0.8	Target	2	256048
1280.325	0.8	NonTarget	1	256065
1280.41	0.8	NonTarget	1	256082
1280.495	0.8	NonTarget	1	256099
1280.575	0.8	NonTarget	1	256115
1280.66	0.8	NonTarget	1	256132
1280.745	0.8	NonTarget	1	256149
1280.825	0.8	NonTarget	1	256165
1280.91	0.8	NonTarget	1	256182
1280.995	0.8	NonTarget	1	256199
1281.08	0.8	NonTarget	1	256216
1281.16	0.8	NonTarget	1	256232
1281.245	0.8	NonTarget	1	256249
1281.645	0.8	NonTarget	1	256329
1281.73	0.8	NonTarget	1	256346
1281.81	0.8	NonTarget	1	256362
1281.895	0.8	NonTarget	1	256379
1281.98	0.8	NonTarget	1	256396
1282.065	0.8	NonTarget	1	256413
1282.145	0.8	NonTarget	1	256429
1282.23	0.8	Target	2	256446
1282.315	0.8	NonTarget	1	256463
1282.395	0.8	NonTarget	1	256479
1282.48	0.8	NonTarget	1	256496
1282.56	0.8	NonTarget	1	256512
1282.645	0.8	NonTarget	1	256529
1282.73	0.8	NonTarget	1	256546
1282.815	0.8	NonTarget	1	256563
1282.895	0.8	NonTarget	1	256579
1282.98	0.8	NonTarget	1	256596
1283.06	0.8	NonTarget	1	256612
1283.145	0.8	NonTarget	1	256629
1283.23	0.8	NonTarget	1	256646
1283.315	0.8	NonTarget	1	256663
1283.4	0.8	NonTarget	1	256680
1283.48	0.8	NonTarget	1	256696
1283.565	0.8	NonTarget	1	256713
1283.65	0.8	NonTarget	1	256730
1283.73	0.8	NonTarget	1	256746
1283.815	0.8	NonTarget	1	256763
1283.9	0.8	NonTarget	1	256780
1283.985	0.8	NonTarget	1	256797
1284.065	0.8	NonTarget	1	256813
1284.465	0.8	NonTarget	1	256893
1284.55	0.8	NonTarget	1	256910
1284.635	0.8	NonTarget	1	256927
1284.715	0.8	NonTarget	1	256943
1284.8	0.8	NonTarget	1	256960
1284.88	0.8	NonTarget	1	256976
1284.965	0.8	NonTarget	1	256993
1285.05	0.8	NonTarget	1	257010
1285.135	0.8	NonTarget	1	257027
1285.215	0.8	NonTarget	1	257043
1285.3	0.8	NonTarget	1	257060
1285.385	0.8	NonTarget	1	257077
1285.465	0.8	NonTarget	1	257093
1285.55	0.8	NonTarget	1	257110
1285.635	0.8	NonTarget	1	257127
1285.715	0.8	NonTarget	1	257143
1285.8	0.8	NonTarget	1	257160
1285.885	0.8	NonTarget	1	257177
1285.965	0.8	NonTarget	1	257193
1286.05	0.8	NonTarget	1	257210
1286.135	0.8	NonTarget	1	257227
1286.22	0.8	NonTarget	1	257244
1286.305	0.8	NonTarget	1	257261
1286.385	0.8	NonTarget	1	257277
1286.47	0.8	NonTarget	1	257294
1286.55	0.8	NonTarget	1	257310
1286.635	0.8	NonTarget	1	257327
1286.72	0.8	Target	2	257344
1286.8	0.8	NonTarget	1	257360
1286.885	0.8	NonTarget	1	257377
1287.285	0.8	NonTarget	1	257457
1287.37	0.8	NonTarget	1	257474
1287.455	0.8	NonTarget	1	257491
1287.535	0.8	NonTarget	1	257507
1287.62	0.8	NonTarget	1	257524
1287.705	0.8	NonTarget	1	257541
1287.785	0.8	NonTarget	1	257557
1287.87	0.8	NonTarget	1	257574
1287.955	0.8	NonTarget	1	257591
1288.035	0.8	NonTarget	1	257607
1288.12	0.8	NonTarget	1	257624
1288.205	0.8	NonTarget	1	257641
1288.29	0.8	NonTarget	1	257658
1288.37	0.8	NonTarget	1	257674
1288.455	0.8	NonTarget	1	257691
1288.54	0.8	NonTarget	1	257708
1288.62	0.8	NonTarget	1	257724
1288.705	0.8	Target	2	257741
1288.79	0.8	NonTarget	1	257758
1288.87	0.8	NonTarget	1	257774
1288.955	0.8	NonTarget	1	257791
1289.04	0.8	NonTarget	1	257808
1289.12	0.8	NonTarget	1	257824
1289.205	0.8	NonTarget	1	257841
1289.29	0.8	NonTarget	1	257858
1289.37	0.8	NonTarget	1	257874
1289.455	0.8	NonTarget	1	257891
1289.54	0.8	NonTarget	1	257908
1289.625	0.8	NonTarget	1	257925
1289.705	0.8	NonTarget	1	257941
1290.105	0.8	NonTarget	1	258021
1290.19	0.8	NonTarget	1	258038
1290.275	0.8	NonTarget	1	258055
1290.355	0.8	NonTarget	1	258071
1290.44	0.8	NonTarget	1	258088
1290.525	0.8	NonTarget	1	258105
1290.605	0.8	NonTarget	1	258121
1290.69	0.8	NonTarget	1	258138
1290.775	0.8	NonTarget	1	258155
1290.86	0.8	NonTarget	1	258172
1290.94	0.8	NonTarget	1	258188
1291.025	0.8	NonTarget	1	258205
1291.11	0.8	NonTarget	1	258222
1291.19	0.8	NonTarget	1	258238
1291.275	0.8	NonTarget	1	258255
1291.36	0.8	NonTarget	1	258272
1291.44	0.8	NonTarget	1	258288
1291.525	0.8	Target	2	258305
1291.61	0.8	NonTarget	1	258322
1291.69	0.8	NonTarget	1	258338
1291.775	0.8	NonTarget	1	258355
1291.86	0.8	NonTarget	1	258372
1291.94	0.8	NonTarget	1	258388
1292.025	0.8	NonTarget	1	258405
1292.11	0.8	NonTarget	1	258422
1292.195	0.8	NonTarget	1	258439
1292.275	0.8	NonTarget	1	258455
1292.36	0.8	NonTarget	1	258472
1292.445	0.8	NonTarget	1	258489
1292.525	0.8	NonTarget	1	258505
1292.925	0.8	NonTarget	1	258585
1293.01	0.8	NonTarget	1	258602
1293.095	0.8	NonTarget	1	258619
1293.18	0.8	NonTarget	1	258636
1293.26	0.8	NonTarget	1	258652
1293.345	0.8	NonTarget	1	258669
1293.43	0.8	NonTarget	1	258686
1293.51	0.8	NonTarget	1	258702
1293.595	0.8	NonTarget	1	258719
1293.68	0.8	NonTarget	1	258736
1293.76	0.8	NonTarget	1	258752
1293.845	0.8	NonTarget	1	258769
1293.925	0.8	NonTarget	1	258785
1294.01	0.8	NonTarget	1	258802
1294.095	0.8	NonTarget	1	258819
1294.18	0.8	NonTarget	1	258836
1294.26	0.8	NonTarget	1	258852
1294.345	0.8	Target	2	258869
1294.43	0.8	NonTarget	1	258886
1294.515	0.8	NonTarget	1	258903
1294.595	0.8	NonTarget	1	258919
1294.68	0.8	NonTarget	1	258936
1294.765	0.8	NonTarget	1	258953
1294.845	0.8	NonTarget	1	258969
1294.93	0.8	NonTarget	1	258986
1295.015	0.8	NonTarget	1	259003
1295.1	0.8	NonTarget	1	259020
1295.18	0.8	NonTarget	1	259036
1295.265	0.8	NonTarget	1	259053
1295.35	0.8	NonTarget	1	259070
1295.75	0.8	NonTarget	1	259150
1295.83	0.8	NonTarget	1	259166
1295.915	0.8	NonTarget	1	259183
1296.0	0.8	NonTarget	1	259200
1296.08	0.8	NonTarget	1	259216
1296.165	0.8	NonTarget	1	259233
1296.25	0.8	NonTarget	1	259250
1296.33	0.8	NonTarget	1	259266
1296.415	0.8	NonTarget	1	259283
1296.5	0.8	NonTarget	1	259300
1296.585	0.8	NonTarget	1	259317
1296.665	0.8	NonTarget	1	259333
1296.75	0.8	Target	2	259350
1296.835	0.8	NonTarget	1	259367
1296.915	0.8	NonTarget	1	259383
1297.0	0.8	NonTarget	1	259400
1297.085	0.8	NonTarget	1	259417
1297.165	0.8	NonTarget	1	259433
1297.25	0.8	NonTarget	1	259450
1297.335	0.8	NonTarget	1	259467
1297.415	0.8	NonTarget	1	259483
1297.5	0.8	NonTarget	1	259500
1297.585	0.8	NonTarget	1	259517
1297.67	0.8	NonTarget	1	259534
1297.75	0.8	NonTarget	1	259550
1297.835	0.8	NonTarget	1	259567
1297.92	0.8	NonTarget	1	259584
1298.0	0.8	NonTarget	1	259600
1298.085	0.8	NonTarget	1	259617
1298.17	0.8	NonTarget	1	259634
1308.155	0.8	NonTarget	1	261631
1308.23	0.8	NonTarget	1	261646
1308.315	0.8	NonTarget	1	261663
1308.4	0.8	NonTarget	1	261680
1308.48	0.8	NonTarget	1	261696
1308.565	0.8	NonTarget	1	261713
1308.65	0.8	NonTarget	1	261730
1308.73	0.8	NonTarget	1	261746
1308.815	0.8	NonTarget	1	261763
1308.9	0.8	NonTarget	1	261780
1308.985	0.8	NonTarget	1	261797
1309.065	0.8	NonTarget	1	261813
1309.15	0.8	NonTarget	1	261830
1309.235	0.8	NonTarget	1	261847
1309.315	0.8	NonTarget	1	261863
1309.4	0.8	NonTarget	1	261880
1309.485	0.8	NonTarget	1	261897
1309.57	0.8	NonTarget	1	261914
1309.65	0.8	Target	2	261930
1309.735	0.8	NonTarget	1	261947
1309.82	0.8	NonTarget	1	261964
1309.9	0.8	NonTarget	1	261980
1309.985	0.8	NonTarget	1	261997
1310.07	0.8	NonTarget	1	262014
1310.15	0.8	NonTarget	1	262030
1310.235	0.8	NonTarget	1	262047
1310.32	0.8	NonTarget	1	262064
1310.4	0.8	NonTarget	1	262080
1310.485	0.8	NonTarget	1	262097
1310.57	0.8	NonTarget	1	262114
1310.97	0.8	NonTarget	1	262194
1311.055	0.8	NonTarget	1	262211
1311.135	0.8	NonTarget	1	262227
1311.22	0.8	NonTarget	1	262244
1311.305	0.8	NonTarget	1	262261
1311.39	0.8	NonTarget	1	262278
1311.47	0.8	NonTarget	1	262294
1311.555	0.8	NonTarget	1	262311
1311.635	0.8	NonTarget	1	262327
1311.72	0.8	NonTarget	1	262344
1311.805	0.8	NonTarget	1	262361
1311.885	0.8	NonTarget	1	262377
1311.97	0.8	NonTarget	1	262394
1312.055	0.8	NonTarget	1	262411
1312.14	0.8	NonTarget	1	262428
1312.22	0.8	NonTarget	1	262444
1312.305	0.8	NonTarget	1	262461
1312.385	0.8	NonTarget	1	262477
1312.47	0.8	NonTarget	1	262494
1312.555	0.8	NonTarget	1	262511
1312.64	0.8	NonTarget	1	262528
1312.72	0.8	NonTarget	1	262544
1312.805	0.8	NonTarget	1	262561
1312.89	0.8	NonTarget	1	262578
1312.97	0.8	NonTarget	1	262594
1313.055	0.8	NonTarget	1	262611
1313.14	0.8	NonTarget	1	262628
1313.225	0.8	NonTarget	1	262645
1313.305	0.8	Target	2	262661
1313.39	0.8	NonTarget	1	262678
1313.79	0.8	NonTarget	1	262758
1313.875	0.8	NonTarget	1	262775
1313.955	0.8	NonTarget	1	262791
1314.04	0.8	NonTarget	1	262808
1314.125	0.8	NonTarget	1	262825
1314.21	0.8	NonTarget	1	262842
1314.29	0.8	NonTarget	1	262858
1314.375	0.8	NonTarget	1	262875
1314.46	0.8	NonTarget	1	262892
1314.54	0.8	NonTarget	1	262908
1314.625	0.8	NonTarget	1	262925
1314.71	0.8	NonTarget	1	262942
1314.79	0.8	NonTarget	1	262958
1314.875	0.8	NonTarget	1	262975
1314.96	0.8	NonTarget	1	262992
1315.04	0.8	NonTarget	1	263008
1315.125	0.8	NonTarget	1	263025
1315.21	0.8	NonTarget	1	263042
1315.295	0.8	Target	2	263059
1315.375	0.8	NonTarget	1	263075
1315.46	0.8	NonTarget	1	263092
1315.545	0.8	NonTarget	1	263109
1315.625	0.8	NonTarget	1	263125
1315.71	0.8	NonTarget	1	263142
1315.795	0.8	NonTarget	1	263159
1315.875	0.8	NonTarget	1	263175
1315.96	0.8	NonTarget	1	263192
1316.045	0.8	NonTarget	1	263209
1316.125	0.8	NonTarget	1	263225
1316.21	0.8	NonTarget	1	263242
1316.61	0.8	NonTarget	1	263322
1316.695	0.8	NonTarget	1	263339
1316.775	0.8	NonTarget	1	263355
1316.865	0.8	NonTarget	1	263373
1316.945	0.8	NonTarget	1	263389
1317.03	0.8	NonTarget	1	263406
1317.11	0.8	NonTarget	1	263422
1317.195	0.8	NonTarget	1	263439
1317.28	0.8	NonTarget	1	263456
1317.36	0.8	NonTarget	1	263472
1317.445	0.8	NonTarget	1	263489
1317.53	0.8	NonTarget	1	263506
1317.615	0.8	NonTarget	1	263523
1317.695	0.8	NonTarget	1	263539
1317.78	0.8	NonTarget	1	263556
1317.865	0.8	NonTarget	1	263573
1317.945	0.8	NonTarget	1	263589
1318.03	0.8	NonTarget	1	263606
1318.115	0.8	NonTarget	1	263623
1318.2	0.8	NonTarget	1	263640
1318.28	0.8	NonTarget	1	263656
1318.365	0.8	NonTarget	1	263673
1318.445	0.8	NonTarget	1	263689
1318.53	0.8	NonTarget	1	263706
1318.615	0.8	NonTarget	1	263723
1318.695	0.8	NonTarget	1	263739
1318.78	0.8	NonTarget	1	263756
1318.865	0.8	NonTarget	1	263773
1318.95	0.8	Target	2	263790
1319.03	0.8	NonTarget	1	263806
1319.43	0.8	NonTarget	1	263886
1319.515	0.8	NonTarget	1	263903
1319.6	0.8	NonTarget	1	263920
1319.68	0.8	Target	2	263936
1319.765	0.8	NonTarget	1	263953
1319.85	0.8	NonTarget	1	263970
1319.93	0.8	NonTarget	1	263986
1320.015	0.8	NonTarget	1	264003
1320.1	0.8	NonTarget	1	264020
1320.185	0.8	NonTarget	1	264037
1320.265	0.8	NonTarget	1	264053
1320.35	0.8	NonTarget	1	264070
1320.435	0.8	NonTarget	1	264087
1320.515	0.8	NonTarget	1	264103
1320.6	0.8	NonTarget	1	264120
1320.68	0.8	NonTarget	1	264136
1320.765	0.8	NonTarget	1	264153
1320.85	0.8	NonTarget	1	264170
1320.935	0.8	NonTarget	1	264187
1321.02	0.8	NonTarget	1	264204
1321.1	0.8	NonTarget	1	264220
1321.185	0.8	NonTarget	1	264237
1321.27	0.8	NonTarget	1	264254
1321.35	0.8	NonTarget	1	264270
1321.435	0.8	NonTarget	1	264287
1321.52	0.8	NonTarget	1	264304
1321.6	0.8	NonTarget	1	264320
1321.685	0.8	NonTarget	1	264337
1321.77	0.8	NonTarget	1	264354
1321.85	0.8	NonTarget	1	264370
1322.255	0.8	NonTarget	1	264451
1322.335	0.8	NonTarget	1	264467
1322.42	0.8	NonTarget	1	264484
1322.505	0.8	NonTarget	1	264501
1322.585	0.8	NonTarget	1	264517
1322.67	0.8	NonTarget	1	264534
1322.755	0.8	NonTarget	1	264551
1322.835	0.8	NonTarget	1	264567
1322.92	0.8	Target	2	264584
1323.005	0.8	NonTarget	1	264601
1323.085	0.8	NonTarget	1	264617
1323.17	0.8	NonTarget	1	264634
1323.25	0.8	NonTarget	1	264650
1323.335	0.8	NonTarget	1	264667
1323.42	0.8	NonTarget	1	264684
1323.505	0.8	NonTarget	1	264701
1323.59	0.8	NonTarget	1	264718
1323.67	0.8	NonTarget	1	264734
1323.755	0.8	NonTarget	1	264751
1323.84	0.8	NonTarget	1	264768
1323.92	0.8	NonTarget	1	264784
1324.005	0.8	NonTarget	1	264801
1324.09	0.8	NonTarget	1	264818
1324.17	0.8	NonTarget	1	264834
1324.255	0.8	NonTarget	1	264851
1324.34	0.8	NonTarget	1	264868
1324.42	0.8	NonTarget	1	264884
1324.505	0.8	NonTarget	1	264901
1324.59	0.8	NonTarget	1	264918
1324.67	0.8	NonTarget	1	264934
1325.075	0.8	NonTarget	1	265015
1325.155	0.8	NonTarget	1	265031
1325.24	0.8	NonTarget	1	265048
1325.325	0.8	NonTarget	1	265065
1325.405	0.8	NonTarget	1	265081
1325.49	0.8	NonTarget	1	265098
1325.575	0.8	NonTarget	1	265115
1325.655	0.8	NonTarget	1	265131
1325.74	0.8	Target	2	265148
1325.825	0.8	NonTarget	1	265165
1325.905	0.8	NonTarget	1	265181
1325.99	0.8	NonTarget	1	265198
1326.075	0.8	NonTarget	1	265215
1326.16	0.8	NonTarget	1	265232
1326.24	0.8	NonTarget	1	265248
1326.325	0.8	NonTarget	1	265265
1326.41	0.8	NonTarget	1	265282
1326.49	0.8	NonTarget	1	265298
1326.575	0.8	NonTarget	1	265315
1326.66	0.8	NonTarget	1	265332
1326.74	0.8	NonTarget	1	265348
1326.825	0.8	NonTarget	1	265365
1326.91	0.8	NonTarget	1	265382
1326.995	0.8	NonTarget	1	265399
1327.075	0.8	NonTarget	1	265415
1327.16	0.8	NonTarget	1	265432
1327.24	0.8	NonTarget	1	265448
1327.325	0.8	NonTarget	1	265465
1327.41	0.8	NonTarget	1	265482
1327.49	0.8	NonTarget	1	265498
1327.895	0.8	NonTarget	1	265579
1327.975	0.8	NonTarget	1	265595
1328.06	0.8	NonTarget	1	265612
1328.145	0.8	Target	2	265629
1328.225	0.8	NonTarget	1	265645
1328.31	0.8	NonTarget	1	265662
1328.395	0.8	NonTarget	1	265679
1328.475	0.8	NonTarget	1	265695
1328.56	0.8	NonTarget	1	265712
1328.645	0.8	NonTarget	1	265729
1328.73	0.8	NonTarget	1	265746
1328.81	0.8	NonTarget	1	265762
1328.895	0.8	NonTarget	1	265779
1328.98	0.8	NonTarget	1	265796
1329.06	0.8	NonTarget	1	265812
1329.145	0.8	NonTarget	1	265829
1329.23	0.8	NonTarget	1	265846
1329.31	0.8	NonTarget	1	265862
1329.395	0.8	NonTarget	1	265879
1329.48	0.8	NonTarget	1	265896
1329.565	0.8	NonTarget	1	265913
1329.645	0.8	NonTarget	1	265929
1329.73	0.8	NonTarget	1	265946
1329.815	0.8	NonTarget	1	265963
1329.895	0.8	NonTarget	1	265979
1329.98	0.8	NonTarget	1	265996
1330.065	0.8	NonTarget	1	266013
1330.145	0.8	NonTarget	1	266029
1330.23	0.8	NonTarget	1	266046
1330.315	0.8	NonTarget	1	266063
1330.715	0.8	NonTarget	1	266143
1330.795	0.8	NonTarget	1	266159
1330.88	0.8	NonTarget	1	266176
1330.965	0.8	NonTarget	1	266193
1331.045	0.8	NonTarget	1	266209
1331.13	0.8	NonTarget	1	266226
1331.215	0.8	NonTarget	1	266243
1331.3	0.8	NonTarget	1	266260
1331.385	0.8	NonTarget	1	266277
1331.465	0.8	NonTarget	1	266293
1331.55	0.8	NonTarget	1	266310
1331.63	0.8	NonTarget	1	266326
1331.715	0.8	NonTarget	1	266343
1331.8	0.8	Target	2	266360
1331.88	0.8	NonTarget	1	266376
1331.965	0.8	NonTarget	1	266393
1332.05	0.8	NonTarget	1	266410
1332.135	0.8	NonTarget	1	266427
1332.22	0.8	NonTarget	1	266444
1332.3	0.8	NonTarget	1	266460
1332.385	0.8	NonTarget	1	266477
1332.465	0.8	NonTarget	1	266493
1332.55	0.8	NonTarget	1	266510
1332.635	0.8	NonTarget	1	266527
1332.715	0.8	NonTarget	1	266543
1332.8	0.8	NonTarget	1	266560
1332.885	0.8	NonTarget	1	266577
1332.965	0.8	NonTarget	1	266593
1333.05	0.8	NonTarget	1	266610
1333.135	0.8	NonTarget	1	266627
1333.535	0.8	NonTarget	1	266707
1333.62	0.8	NonTarget	1	266724
1333.705	0.8	NonTarget	1	266741
1333.785	0.8	NonTarget	1	266757
1333.87	0.8	NonTarget	1	266774
1333.955	0.8	NonTarget	1	266791
1334.035	0.8	NonTarget	1	266807
1334.12	0.8	NonTarget	1	266824
1334.2	0.8	NonTarget	1	266840
1334.285	0.8	NonTarget	1	266857
1334.37	0.8	NonTarget	1	266874
1334.45	0.8	NonTarget	1	266890
1334.535	0.8	NonTarget	1	266907
1334.62	0.8	NonTarget	1	266924
1334.705	0.8	NonTarget	1	266941
1334.785	0.8	NonTarget	1	266957
1334.87	0.8	NonTarget	1	266974
1334.955	0.8	NonTarget	1	266991
1335.04	0.8	NonTarget	1	267008
1335.12	0.8	NonTarget	1	267024
1335.205	0.8	NonTarget	1	267041
1335.285	0.8	NonTarget	1	267057
1335.37	0.8	NonTarget	1	267074
1335.455	0.8	Target	2	267091
1335.54	0.8	NonTarget	1	267108
1335.62	0.8	NonTarget	1	267124
1335.705	0.8	NonTarget	1	267141
1335.79	0.8	NonTarget	1	267158
1335.87	0.8	NonTarget	1	267174
1335.955	0.8	NonTarget	1	267191
1345.94	0.8	NonTarget	1	269188
1346.02	0.8	NonTarget	1	269204
1346.1	0.8	NonTarget	1	269220
1346.185	0.8	NonTarget	1	269237
1346.27	0.8	NonTarget	1	269254
1346.35	0.8	NonTarget	1	269270
1346.435	0.8	NonTarget	1	269287
1346.52	0.8	NonTarget	1	269304
1346.605	0.8	NonTarget	1	269321
1346.685	0.8	NonTarget	1	269337
1346.77	0.8	NonTarget	1	269354
1346.855	0.8	NonTarget	1	269371
1346.935	0.8	NonTarget	1	269387
1347.02	0.8	NonTarget	1	269404
1347.105	0.8	NonTarget	1	269421
1347.19	0.8	NonTarget	1	269438
1347.27	0.8	Target	2	269454
1347.355	0.8	NonTarget	1	269471
1347.44	0.8	NonTarget	1	269488
1347.52	0.8	NonTarget	1	269504
1347.605	0.8	NonTarget	1	269521
1347.69	0.8	NonTarget	1	269538
1347.775	0.8	NonTarget	1	269555
1347.855	0.8	NonTarget	1	269571
1347.94	0.8	NonTarget	1	269588
1348.025	0.8	NonTarget	1	269605
1348.105	0.8	NonTarget	1	269621
1348.19	0.8	NonTarget	1	269638
1348.275	0.8	NonTarget	1	269655
1348.355	0.8	NonTarget	1	269671
1348.76	0.8	NonTarget	1	269752
1348.84	0.8	NonTarget	1	269768
1348.925	0.8	NonTarget	1	269785
1349.005	0.8	NonTarget	1	269801
1349.09	0.8	NonTarget	1	269818
1349.175	0.8	NonTarget	1	269835
1349.255	0.8	Target	2	269851
1349.34	0.8	NonTarget	1	269868
1349.425	0.8	NonTarget	1	269885
1349.51	0.8	NonTarget	1	269902
1349.59	0.8	NonTarget	1	269918
1349.675	0.8	NonTarget	1	269935
1349.76	0.8	NonTarget	1	269952
1349.84	0.8	NonTarget	1	269968
1349.925	0.8	NonTarget	1	269985
1350.005	0.8	NonTarget	1	270001
1350.09	0.8	NonTarget	1	270018
1350.175	0.8	NonTarget	1	270035
1350.26	0.8	NonTarget	1	270052
1350.345	0.8	NonTarget	1	270069
1350.425	0.8	NonTarget	1	270085
1350.51	0.8	NonTarget	1	270102
1350.59	0.8	NonTarget	1	270118
1350.675	0.8	NonTarget	1	270135
1350.76	0.8	NonTarget	1	270152
1350.845	0.8	NonTarget	1	270169
1350.925	0.8	NonTarget	1	270185
1351.01	0.8	NonTarget	1	270202
1351.095	0.8	NonTarget	1	270219
1351.175	0.8	NonTarget	1	270235
1351.575	0.8	NonTarget	1	270315
1351.66	0.8	NonTarget	1	270332
1351.745	0.8	NonTarget	1	270349
1351.825	0.8	NonTarget	1	270365
1351.91	0.8	NonTarget	1	270382
1351.995	0.8	NonTarget	1	270399
1352.075	0.8	NonTarget	1	270415
1352.16	0.8	NonTarget	1	270432
1352.245	0.8	NonTarget	1	270449
1352.33	0.8	NonTarget	1	270466
1352.41	0.8	NonTarget	1	270482
1352.495	0.8	NonTarget	1	270499
1352.58	0.8	NonTarget	1	270516
1352.66	0.8	NonTarget	1	270532
1352.745	0.8	NonTarget	1	270549
1352.83	0.8	NonTarget	1	270566
1352.915	0.8	Target	2	270583
1352.995	0.8	NonTarget	1	270599
1353.08	0.8	NonTarget	1	270616
1353.165	0.8	NonTarget	1	270633
1353.245	0.8	NonTarget	1	270649
1353.33	0.8	NonTarget	1	270666
1353.415	0.8	NonTarget	1	270683
1353.495	0.8	NonTarget	1	270699
1353.58	0.8	NonTarget	1	270716
1353.665	0.8	NonTarget	1	270733
1353.75	0.8	NonTarget	1	270750
1353.83	0.8	NonTarget	1	270766
1353.915	0.8	NonTarget	1	270783
1353.995	0.8	NonTarget	1	270799
1354.395	0.8	NonTarget	1	270879
1354.48	0.8	NonTarget	1	270896
1354.565	0.8	NonTarget	1	270913
1354.65	0.8	NonTarget	1	270930
1354.73	0.8	NonTarget	1	270946
1354.815	0.8	NonTarget	1	270963
1354.9	0.8	NonTarget	1	270980
1354.98	0.8	NonTarget	1	270996
1355.065	0.8	NonTarget	1	271013
1355.15	0.8	NonTarget	1	271030
1355.235	0.8	NonTarget	1	271047
1355.315	0.8	NonTarget	1	271063
1355.4	0.8	NonTarget	1	271080
1355.485	0.8	NonTarget	1	271097
1355.565	0.8	NonTarget	1	271113
1355.65	0.8	NonTarget	1	271130
1355.735	0.8	Target	2	271147
1355.815	0.8	NonTarget	1	271163
1355.9	0.8	NonTarget	1	271180
1355.985	0.8	NonTarget	1	271197
1356.07	0.8	NonTarget	1	271214
1356.15	0.8	NonTarget	1	271230
1356.235	0.8	NonTarget	1	271247
1356.315	0.8	NonTarget	1	271263
1356.4	0.8	NonTarget	1	271280
1356.485	0.8	NonTarget	1	271297
1356.57	0.8	NonTarget	1	271314
1356.65	0.8	NonTarget	1	271330
1356.735	0.8	NonTarget	1	271347
1356.82	0.8	NonTarget	1	271364
1357.22	0.8	NonTarget	1	271444
1357.305	0.8	NonTarget	1	271461
1357.385	0.8	NonTarget	1	271477
1357.47	0.8	NonTarget	1	271494
1357.55	0.8	NonTarget	1	271510
1357.635	0.8	NonTarget	1	271527
1357.72	0.8	Target	2	271544
1357.8	0.8	NonTarget	1	271560
1357.885	0.8	NonTarget	1	271577
1357.97	0.8	NonTarget	1	271594
1358.05	0.8	NonTarget	1	271610
1358.135	0.8	NonTarget	1	271627
1358.22	0.8	NonTarget	1	271644
1358.305	0.8	NonTarget	1	271661
1358.385	0.8	NonTarget	1	271677
1358.47	0.8	NonTarget	1	271694
1358.555	0.8	NonTarget	1	271711
1358.64	0.8	NonTarget	1	271728
1358.72	0.8	NonTarget	1	271744
1358.805	0.8	NonTarget	1	271761
1358.885	0.8	NonTarget	1	271777
1358.97	0.8	NonTarget	1	271794
1359.055	0.8	NonTarget	1	271811
1359.14	0.8	NonTarget	1	271828
1359.22	0.8	NonTarget	1	271844
1359.305	0.8	NonTarget	1	271861
1359.39	0.8	NonTarget	1	271878
1359.47	0.8	NonTarget	1	271894
1359.555	0.8	NonTarget	1	271911
1359.64	0.8	NonTarget	1	271928
1360.04	0.8	NonTarget	1	272008
1360.125	0.8	NonTarget	1	272025
1360.205	0.8	NonTarget	1	272041
1360.29	0.8	NonTarget	1	272058
1360.375	0.8	NonTarget	1	272075
1360.455	0.8	NonTarget	1	272091
1360.54	0.8	NonTarget	1	272108
1360.625	0.8	NonTarget	1	272125
1360.705	0.8	NonTarget	1	272141
1360.79	0.8	NonTarget	1	272158
1360.875	0.8	NonTarget	1	272175
1360.955	0.8	Target	2	272191
1361.04	0.8	NonTarget	1	272208
1361.125	0.8	NonTarget	1	272225
1361.21	0.8	NonTarget	1	272242
1361.29	0.8	NonTarget	1	272258
1361.375	0.8	NonTarget	1	272275
1361.46	0.8	NonTarget	1	272292
1361.54	0.8	NonTarget	1	272308
1361.625	0.8	NonTarget	1	272325
1361.705	0.8	NonTarget	1	272341
1361.79	0.8	NonTarget	1	272358
1361.875	0.8	NonTarget	1	272375
1361.96	0.8	NonTarget	1	272392
1362.04	0.8	NonTarget	1	272408
1362.125	0.8	NonTarget	1	272425
1362.21	0.8	NonTarget	1	272442
1362.29	0.8	NonTarget	1	272458
1362.375	0.8	NonTarget	1	272475
1362.46	0.8	NonTarget	1	272492
1362.86	0.8	NonTarget	1	272572
1362.945	0.8	NonTarget	1	272589
1363.025	0.8	NonTarget	1	272605
1363.11	0.8	NonTarget	1	272622
1363.195	0.8	NonTarget	1	272639
1363.28	0.8	NonTarget	1	272656
1363.36	0.8	Target	2	272672
1363.445	0.8	NonTarget	1	272689
1363.53	0.8	NonTarget	1	272706
1363.61	0.8	NonTarget	1	272722
1363.695	0.8	NonTarget	1	272739
1363.78	0.8	NonTarget	1	272756
1363.86	0.8	NonTarget	1	272772
1363.945	0.8	NonTarget	1	272789
1364.03	0.8	NonTarget	1	272806
1364.11	0.8	NonTarget	1	272822
1364.195	0.8	NonTarget	1	272839
1364.28	0.8	NonTarget	1	272856
1364.36	0.8	NonTarget	1	272872
1364.445	0.8	NonTarget	1	272889
1364.53	0.8	NonTarget	1	272906
1364.615	0.8	NonTarget	1	272923
1364.695	0.8	NonTarget	1	272939
1364.78	0.8	NonTarget	1	272956
1364.865	0.8	NonTarget	1	272973
1364.945	0.8	NonTarget	1	272989
1365.03	0.8	NonTarget	1	273006
1365.115	0.8	NonTarget	1	273023
1365.195	0.8	NonTarget	1	273039
1365.28	0.8	NonTarget	1	273056
1365.68	0.8	NonTarget	1	273136
1365.765	0.8	NonTarget	1	273153
1365.845	0.8	NonTarget	1	273169
1365.93	0.8	NonTarget	1	273186
1366.015	0.8	NonTarget	1	273203
1366.095	0.8	NonTarget	1	273219
1366.18	0.8	NonTarget	1	273236
1366.265	0.8	NonTarget	1	273253
1366.35	0.8	NonTarget	1	273270
1366.43	0.8	NonTarget	1	273286
1366.515	0.8	NonTarget	1	273303
1366.6	0.8	NonTarget	1	273320
1366.68	0.8	NonTarget	1	273336
1366.765	0.8	NonTarget	1	273353
1366.845	0.8	NonTarget	1	273369
1366.935	0.8	NonTarget	1	273387
1367.015	0.8	NonTarget	1	273403
1367.1	0.8	NonTarget	1	273420
1367.185	0.8	NonTarget	1	273437
1367.265	0.8	NonTarget	1	273453
1367.35	0.8	NonTarget	1	273470
1367.435	0.8	NonTarget	1	273487
1367.515	0.8	NonTarget	1	273503
1367.6	0.8	NonTarget	1	273520
1367.685	0.8	NonTarget	1	273537
1367.765	0.8	NonTarget	1	273553
1367.85	0.8	Target	2	273570
1367.935	0.8	NonTarget	1	273587
1368.015	0.8	NonTarget	1	273603
1368.105	0.8	NonTarget	1	273621
1368.5	0.8	NonTarget	1	273700
1368.585	0.8	NonTarget	1	273717
1368.665	0.8	NonTarget	1	273733
1368.75	0.8	NonTarget	1	273750
1368.835	0.8	NonTarget	1	273767
1368.92	0.8	NonTarget	1	273784
1369.0	0.8	Target	2	273800
1369.085	0.8	NonTarget	1	273817
1369.17	0.8	NonTarget	1	273834
1369.25	0.8	NonTarget	1	273850
1369.335	0.8	NonTarget	1	273867
1369.42	0.8	NonTarget	1	273884
1369.505	0.8	NonTarget	1	273901
1369.585	0.8	NonTarget	1	273917
1369.67	0.8	NonTarget	1	273934
1369.755	0.8	NonTarget	1	273951
1369.835	0.8	NonTarget	1	273967
1369.92	0.8	NonTarget	1	273984
1370.005	0.8	NonTarget	1	274001
1370.085	0.8	NonTarget	1	274017
1370.17	0.8	NonTarget	1	274034
1370.25	0.8	NonTarget	1	274050
1370.34	0.8	NonTarget	1	274068
1370.42	0.8	NonTarget	1	274084
1370.505	0.8	NonTarget	1	274101
1370.59	0.8	NonTarget	1	274118
1370.67	0.8	NonTarget	1	274134
1370.755	0.8	NonTarget	1	274151
1370.84	0.8	NonTarget	1	274168
1370.92	0.8	NonTarget	1	274184
1371.32	0.8	NonTarget	1	274264
1371.405	0.8	NonTarget	1	274281
1371.49	0.8	NonTarget	1	274298
1371.57	0.8	NonTarget	1	274314
1371.655	0.8	NonTarget	1	274331
1371.74	0.8	NonTarget	1	274348
1371.825	0.8	NonTarget	1	274365
1371.905	0.8	NonTarget	1	274381
1371.99	0.8	NonTarget	1	274398
1372.075	0.8	NonTarget	1	274415
1372.155	0.8	NonTarget	1	274431
1372.24	0.8	Target	2	274448
1372.32	0.8	NonTarget	1	274464
1372.41	0.8	NonTarget	1	274482
1372.49	0.8	NonTarget	1	274498
1372.575	0.8	NonTarget	1	274515
1372.655	0.8	NonTarget	1	274531
1372.74	0.8	NonTarget	1	274548
1372.825	0.8	NonTarget	1	274565
1372.905	0.8	NonTarget	1	274581
1372.99	0.8	NonTarget	1	274598
1373.075	0.8	NonTarget	1	274615
1373.16	0.8	NonTarget	1	274632
1373.24	0.8	NonTarget	1	274648
1373.325	0.8	NonTarget	1	274665
1373.41	0.8	NonTarget	1	274682
1373.49	0.8	NonTarget	1	274698
1373.575	0.8	NonTarget	1	274715
1373.66	0.8	NonTarget	1	274732
1373.74	0.8	NonTarget	1	274748
1383.76	0.8	NonTarget	1	276752
1383.84	0.8	NonTarget	1	276768
1383.92	0.8	Target	2	276784
1384.005	0.8	NonTarget	1	276801
1384.09	0.8	NonTarget	1	276818
1384.175	0.8	NonTarget	1	276835
1384.255	0.8	NonTarget	1	276851
1384.34	0.8	NonTarget	1	276868
1384.425	0.8	NonTarget	1	276885
1384.505	0.8	NonTarget	1	276901
1384.59	0.8	NonTarget	1	276918
1384.675	0.8	NonTarget	1	276935
1384.76	0.8	NonTarget	1	276952
1384.84	0.8	NonTarget	1	276968
1384.925	0.8	NonTarget	1	276985
1385.005	0.8	NonTarget	1	277001
1385.09	0.8	NonTarget	1	277018
1385.175	0.8	NonTarget	1	277035
1385.26	0.8	NonTarget	1	277052
1385.34	0.8	NonTarget	1	277068
1385.425	0.8	NonTarget	1	277085
1385.51	0.8	NonTarget	1	277102
1385.595	0.8	NonTarget	1	277119
1385.675	0.8	NonTarget	1	277135
1385.76	0.8	NonTarget	1	277152
1385.845	0.8	NonTarget	1	277169
1385.925	0.8	NonTarget	1	277185
1386.01	0.8	NonTarget	1	277202
1386.095	0.8	NonTarget	1	277219
1386.175	0.8	NonTarget	1	277235
1386.575	0.8	NonTarget	1	277315
1386.66	0.8	NonTarget	1	277332
1386.745	0.8	NonTarget	1	277349
1386.825	0.8	NonTarget	1	277365
1386.91	0.8	NonTarget	1	277382
1386.995	0.8	NonTarget	1	277399
1387.08	0.8	NonTarget	1	277416
1387.16	0.8	Target	2	277432
1387.245	0.8	NonTarget	1	277449
1387.325	0.8	NonTarget	1	277465
1387.41	0.8	NonTarget	1	277482
1387.495	0.8	NonTarget	1	277499
1387.58	0.8	NonTarget	1	277516
1387.66	0.8	NonTarget	1	277532
1387.745	0.8	NonTarget	1	277549
1387.83	0.8	NonTarget	1	277566
1387.91	0.8	NonTarget	1	277582
1387.995	0.8	NonTarget	1	277599
1388.08	0.8	NonTarget	1	277616
1388.165	0.8	NonTarget	1	277633
1388.245	0.8	NonTarget	1	277649
1388.33	0.8	NonTarget	1	277666
1388.415	0.8	NonTarget	1	277683
1388.495	0.8	NonTarget	1	277699
1388.58	0.8	NonTarget	1	277716
1388.665	0.8	NonTarget	1	277733
1388.745	0.8	NonTarget	1	277749
1388.83	0.8	NonTarget	1	277766
1388.915	0.8	NonTarget	1	277783
1388.995	0.8	NonTarget	1	277799
1389.4	0.8	NonTarget	1	277880
1389.48	0.8	NonTarget	1	277896
1389.565	0.8	NonTarget	1	277913
1389.645	0.8	NonTarget	1	277929
1389.73	0.8	NonTarget	1	277946
1389.815	0.8	NonTarget	1	277963
1389.9	0.8	NonTarget	1	277980
1389.98	0.8	NonTarget	1	277996
1390.065	0.8	NonTarget	1	278013
1390.145	0.8	NonTarget	1	278029
1390.23	0.8	NonTarget	1	278046
1390.315	0.8	NonTarget	1	278063
1390.4	0.8	NonTarget	1	278080
1390.485	0.8	NonTarget	1	278097
1390.565	0.8	NonTarget	1	278113
1390.65	0.8	NonTarget	1	278130
1390.735	0.8	NonTarget	1	278147
1390.815	0.8	NonTarget	1	278163
1390.9	0.8	NonTarget	1	278180
1390.985	0.8	NonTarget	1	278197
1391.065	0.8	NonTarget	1	278213
1391.15	0.8	NonTarget	1	278230
1391.235	0.8	Target	2	278247
1391.32	0.8	NonTarget	1	278264
1391.4	0.8	NonTarget	1	278280
1391.485	0.8	NonTarget	1	278297
1391.565	0.8	NonTarget	1	278313
1391.65	0.8	NonTarget	1	278330
1391.735	0.8	NonTarget	1	278347
1391.82	0.8	NonTarget	1	278364
1392.22	0.8	NonTarget	1	278444
1392.305	0.8	NonTarget	1	278461
1392.385	0.8	NonTarget	1	278477
1392.47	0.8	NonTarget	1	278494
1392.55	0.8	NonTarget	1	278510
1392.635	0.8	NonTarget	1	278527
1392.72	0.8	NonTarget	1	278544
1392.8	0.8	NonTarget	1	278560
1392.885	0.8	NonTarget	1	278577
1392.97	0.8	NonTarget	1	278594
1393.055	0.8	NonTarget	1	278611
1393.135	0.8	NonTarget	1	278627
1393.22	0.8	NonTarget	1	278644
1393.305	0.8	NonTarget	1	278661
1393.39	0.8	NonTarget	1	278678
1393.47	0.8	NonTarget	1	278694
1393.555	0.8	NonTarget	1	278711
1393.635	0.8	NonTarget	1	278727
1393.72	0.8	NonTarget	1	278744
1393.805	0.8	NonTarget	1	278761
1393.885	0.8	NonTarget	1	278777
1393.97	0.8	NonTarget	1	278794
1394.055	0.8	NonTarget	1	278811
1394.14	0.8	NonTarget	1	278828
1394.22	0.8	NonTarget	1	278844
1394.305	0.8	NonTarget	1	278861
1394.39	0.8	NonTarget	1	278878
1394.47	0.8	Target	2	278894
1394.555	0.8	NonTarget	1	278911
1394.64	0.8	NonTarget	1	278928
1395.04	0.8	NonTarget	1	279008
1395.12	0.8	NonTarget	1	279024
1395.205	0.8	NonTarget	1	279041
1395.29	0.8	NonTarget	1	279058
1395.375	0.8	NonTarget	1	279075
1395.455	0.8	NonTarget	1	279091
1395.54	0.8	NonTarget	1	279108
1395.625	0.8	NonTarget	1	279125
1395.705	0.8	NonTarget	1	279141
1395.79	0.8	NonTarget	1	279158
1395.875	0.8	NonTarget	1	279175
1395.955	0.8	NonTarget	1	279191
1396.04	0.8	NonTarget	1	279208
1396.125	0.8	NonTarget	1	279225
1396.205	0.8	NonTarget	1	279241
1396.29	0.8	NonTarget	1	279258
1396.375	0.8	NonTarget	1	279275
1396.455	0.8	NonTarget	1	279291
1396.54	0.8	NonTarget	1	279308
1396.625	0.8	NonTarget	1	279325
1396.71	0.8	NonTarget	1	279342
1396.79	0.8	NonTarget	1	279358
1396.875	0.8	NonTarget	1	279375
1396.96	0.8	NonTarget	1	279392
1397.04	0.8	NonTarget	1	279408
1397.125	0.8	NonTarget	1	279425
1397.21	0.8	NonTarget	1	279442
1397.295	0.8	Target	2	279459
1397.375	0.8	NonTarget	1	279475
1397.46	0.8	NonTarget	1	279492
1397.86	0.8	NonTarget	1	279572
1397.94	0.8	NonTarget	1	279588
1398.025	0.8	NonTarget	1	279605
1398.11	0.8	NonTarget	1	279622
1398.195	0.8	NonTarget	1	279639
1398.275	0.8	NonTarget	1	279655
1398.36	0.8	NonTarget	1	279672
1398.445	0.8	NonTarget	1	279689
1398.525	0.8	NonTarget	1	279705
1398.61	0.8	NonTarget	1	279722
1398.695	0.8	NonTarget	1	279739
1398.78	0.8	NonTarget	1	279756
1398.86	0.8	NonTarget	1	279772
1398.945	0.8	NonTarget	1	279789
1399.03	0.8	NonTarget	1	279806
1399.115	0.8	NonTarget	1	279823
1399.195	0.8	NonTarget	1	279839
1399.28	0.8	Target	2	279856
1399.36	0.8	NonTarget	1	279872
1399.445	0.8	NonTarget	1	279889
1399.53	0.8	NonTarget	1	279906
1399.615	0.8	NonTarget	1	279923
1399.695	0.8	NonTarget	1	279939
1399.78	0.8	NonTarget	1	279956
1399.86	0.8	NonTarget	1	279972
1399.945	0.8	NonTarget	1	279989
1400.03	0.8	NonTarget	1	280006
1400.115	0.8	NonTarget	1	280023
1400.195	0.8	NonTarget	1	280039
1400.28	0.8	NonTarget	1	280056
1400.68	0.8	NonTarget	1	280136
1400.765	0.8	NonTarget	1	280153
1400.845	0.8	NonTarget	1	280169
1400.93	0.8	NonTarget	1	280186
1401.015	0.8	NonTarget	1	280203
1401.1	0.8	NonTarget	1	280220
1401.18	0.8	NonTarget	1	280236
1401.265	0.8	NonTarget	1	280253
1401.345	0.8	NonTarget	1	280269
1401.43	0.8	NonTarget	1	280286
1401.515	0.8	NonTarget	1	280303
1401.6	0.8	NonTarget	1	280320
1401.685	0.8	NonTarget	1	280337
1401.765	0.8	NonTarget	1	280353
1401.85	0.8	NonTarget	1	280370
1401.93	0.8	NonTarget	1	280386
1402.015	0.8	NonTarget	1	280403
1402.1	0.8	Target	2	280420
1402.18	0.8	NonTarget	1	280436
1402.265	0.8	NonTarget	1	280453
1402.35	0.8	NonTarget	1	280470
1402.435	0.8	NonTarget	1	280487
1402.515	0.8	NonTarget	1	280503
1402.6	0.8	NonTarget	1	280520
1402.68	0.8	NonTarget	1	280536
1402.765	0.8	NonTarget	1	280553
1402.85	0.8	NonTarget	1	280570
1402.93	0.8	NonTarget	1	280586
1403.02	0.8	NonTarget	1	280604
1403.1	0.8	NonTarget	1	280620
1403.5	0.8	NonTarget	1	280700
1403.585	0.8	NonTarget	1	280717
1403.67	0.8	NonTarget	1	280734
1403.75	0.8	NonTarget	1	280750
1403.835	0.8	NonTarget	1	280767
1403.915	0.8	NonTarget	1	280783
1404.0	0.8	NonTarget	1	280800
1404.085	0.8	NonTarget	1	280817
1404.17	0.8	NonTarget	1	280834
1404.25	0.8	NonTarget	1	280850
1404.335	0.8	NonTarget	1	280867
1404.42	0.8	NonTarget	1	280884
1404.505	0.8	Target	2	280901
1404.585	0.8	NonTarget	1	280917
1404.67	0.8	NonTarget	1	280934
1404.755	0.8	NonTarget	1	280951
1404.835	0.8	NonTarget	1	280967
1404.92	0.8	NonTarget	1	280984
1405.0	0.8	NonTarget	1	281000
1405.085	0.8	NonTarget	1	281017
1405.17	0.8	NonTarget	1	281034
1405.255	0.8	NonTarget	1	281051
1405.335	0.8	NonTarget	1	281067
1405.42	0.8	NonTarget	1	281084
1405.505	0.8	NonTarget	1	281101
1405.59	0.8	NonTarget	1	281118
1405.67	0.8	NonTarget	1	281134
1405.755	0.8	NonTarget	1	281151
1405.84	0.8	NonTarget	1	281168
1405.92	0.8	NonTarget	1	281184
1406.32	0.8	NonTarget	1	281264
1406.405	0.8	NonTarget	1	281281
1406.49	0.8	NonTarget	1	281298
1406.57	0.8	NonTarget	1	281314
1406.655	0.8	NonTarget	1	281331
1406.74	0.8	NonTarget	1	281348
1406.82	0.8	NonTarget	1	281364
1406.905	0.8	NonTarget	1	281381
1406.99	0.8	NonTarget	1	281398
1407.075	0.8	NonTarget	1	281415
1407.155	0.8	NonTarget	1	281431
1407.24	0.8	NonTarget	1	281448
1407.325	0.8	NonTarget	1	281465
1407.405	0.8	NonTarget	1	281481
1407.49	0.8	NonTarget	1	281498
1407.575	0.8	NonTarget	1	281515
1407.655	0.8	NonTarget	1	281531
1407.74	0.8	Target	2	281548
1407.825	0.8	NonTarget	1	281565
1407.905	0.8	NonTarget	1	281581
1407.99	0.8	NonTarget	1	281598
1408.075	0.8	NonTarget	1	281615
1408.155	0.8	NonTarget	1	281631
1408.24	0.8	NonTarget	1	281648
1408.325	0.8	NonTarget	1	281665
1408.405	0.8	NonTarget	1	281681
1408.49	0.8	NonTarget	1	281698
1408.575	0.8	NonTarget	1	281715
1408.66	0.8	NonTarget	1	281732
1408.74	0.8	NonTarget	1	281748
1409.145	0.8	NonTarget	1	281829
1409.225	0.8	NonTarget	1	281845
1409.31	0.8	Target	2	281862
1409.395	0.8	NonTarget	1	281879
1409.475	0.8	NonTarget	1	281895
1409.56	0.8	NonTarget	1	281912
1409.64	0.8	NonTarget	1	281928
1409.725	0.8	NonTarget	1	281945
1409.81	0.8	NonTarget	1	281962
1409.895	0.8	NonTarget	1	281979
1409.975	0.8	NonTarget	1	281995
1410.06	0.8	NonTarget	1	282012
1410.145	0.8	NonTarget	1	282029
1410.225	0.8	NonTarget	1	282045
1410.31	0.8	NonTarget	1	282062
1410.395	0.8	NonTarget	1	282079
1410.48	0.8	NonTarget	1	282096
1410.56	0.8	NonTarget	1	282112
1410.645	0.8	NonTarget	1	282129
1410.725	0.8	NonTarget	1	282145
1410.81	0.8	NonTarget	1	282162
1410.895	0.8	NonTarget	1	282179
1410.975	0.8	NonTarget	1	282195
1411.06	0.8	NonTarget	1	282212
1411.145	0.8	NonTarget	1	282229
1411.23	0.8	NonTarget	1	282246
1411.31	0.8	NonTarget	1	282262
1411.395	0.8	NonTarget	1	282279
1411.48	0.8	NonTarget	1	282296
1411.56	0.8	NonTarget	1	282312
1421.545	0.8	NonTarget	1	284309
1421.625	0.8	NonTarget	1	284325
1421.71	0.8	NonTarget	1	284342
1421.795	0.8	Target	2	284359
1421.875	0.8	NonTarget	1	284375
1421.96	0.8	NonTarget	1	284392
1422.045	0.8	NonTarget	1	284409
1422.125	0.8	NonTarget	1	284425
1422.21	0.8	NonTarget	1	284442
1422.295	0.8	NonTarget	1	284459
1422.38	0.8	NonTarget	1	284476
1422.46	0.8	NonTarget	1	284492
1422.545	0.8	NonTarget	1	284509
1422.63	0.8	NonTarget	1	284526
1422.71	0.8	NonTarget	1	284542
1422.795	0.8	NonTarget	1	284559
1422.875	0.8	NonTarget	1	284575
1422.96	0.8	NonTarget	1	284592
1423.045	0.8	NonTarget	1	284609
1423.13	0.8	NonTarget	1	284626
1423.21	0.8	NonTarget	1	284642
1423.295	0.8	NonTarget	1	284659
1423.38	0.8	NonTarget	1	284676
1423.465	0.8	NonTarget	1	284693
1423.545	0.8	NonTarget	1	284709
1423.63	0.8	NonTarget	1	284726
1423.715	0.8	NonTarget	1	284743
1423.795	0.8	NonTarget	1	284759
1423.88	0.8	NonTarget	1	284776
1423.965	0.8	NonTarget	1	284793
1424.365	0.8	NonTarget	1	284873
1424.445	0.8	NonTarget	1	284889
1424.53	0.8	NonTarget	1	284906
1424.615	0.8	Target	2	284923
1424.7	0.8	NonTarget	1	284940
1424.78	0.8	NonTarget	1	284956
1424.865	0.8	NonTarget	1	284973
1424.95	0.8	NonTarget	1	284990
1425.03	0.8	NonTarget	1	285006
1425.115	0.8	NonTarget	1	285023
1425.2	0.8	NonTarget	1	285040
1425.28	0.8	NonTarget	1	285056
1425.365	0.8	NonTarget	1	285073
1425.45	0.8	NonTarget	1	285090
1425.53	0.8	NonTarget	1	285106
1425.615	0.8	NonTarget	1	285123
1425.7	0.8	NonTarget	1	285140
1425.785	0.8	NonTarget	1	285157
1425.865	0.8	NonTarget	1	285173
1425.95	0.8	NonTarget	1	285190
1426.035	0.8	NonTarget	1	285207
1426.115	0.8	NonTarget	1	285223
1426.2	0.8	NonTarget	1	285240
1426.285	0.8	NonTarget	1	285257
1426.365	0.8	NonTarget	1	285273
1426.45	0.8	NonTarget	1	285290
1426.535	0.8	NonTarget	1	285307
1426.615	0.8	NonTarget	1	285323
1426.7	0.8	NonTarget	1	285340
1426.785	0.8	NonTarget	1	285357
1427.185	0.8	NonTarget	1	285437
1427.27	0.8	NonTarget	1	285454
1427.35	0.8	NonTarget	1	285470
1427.435	0.8	NonTarget	1	285487
1427.52	0.8	NonTarget	1	285504
1427.6	0.8	NonTarget	1	285520
1427.685	0.8	NonTarget	1	285537
1427.77	0.8	NonTarget	1	285554
1427.85	0.8	Target	2	285570
1427.935	0.8	NonTarget	1	285587
1428.02	0.8	NonTarget	1	285604
1428.105	0.8	NonTarget	1	285621
1428.185	0.8	NonTarget	1	285637
1428.27	0.8	NonTarget	1	285654
1428.35	0.8	NonTarget	1	285670
1428.435	0.8	NonTarget	1	285687
1428.52	0.8	NonTarget	1	285704
1428.605	0.8	NonTarget	1	285721
1428.685	0.8	NonTarget	1	285737
1428.77	0.8	NonTarget	1	285754
1428.855	0.8	NonTarget	1	285771
1428.935	0.8	NonTarget	1	285787
1429.02	0.8	NonTarget	1	285804
1429.105	0.8	NonTarget	1	285821
1429.185	0.8	NonTarget	1	285837
1429.27	0.8	NonTarget	1	285854
1429.355	0.8	NonTarget	1	285871
1429.44	0.8	NonTarget	1	285888
1429.52	0.8	NonTarget	1	285904
1429.605	0.8	NonTarget	1	285921
1430.005	0.8	NonTarget	1	286001
1430.085	0.8	NonTarget	1	286017
1430.17	0.8	NonTarget	1	286034
1430.255	0.8	NonTarget	1	286051
1430.34	0.8	NonTarget	1	286068
1430.42	0.8	NonTarget	1	286084
1430.505	0.8	NonTarget	1	286101
1430.59	0.8	NonTarget	1	286118
1430.67	0.8	NonTarget	1	286134
1430.755	0.8	NonTarget	1	286151
1430.84	0.8	NonTarget	1	286168
1430.925	0.8	NonTarget	1	286185
1431.005	0.8	NonTarget	1	286201
1431.09	0.8	NonTarget	1	286218
1431.175	0.8	NonTarget	1	286235
1431.26	0.8	NonTarget	1	286252
1431.34	0.8	NonTarget	1	286268
1431.425	0.8	NonTarget	1	286285
1431.51	0.8	Target	2	286302
1431.59	0.8	NonTarget	1	286318
1431.675	0.8	NonTarget	1	286335
1431.76	0.8	NonTarget	1	286352
1431.84	0.8	NonTarget	1	286368
1431.925	0.8	NonTarget	1	286385
1432.005	0.8	NonTarget	1	286401
1432.09	0.8	NonTarget	1	286418
1432.175	0.8	NonTarget	1	286435
1432.26	0.8	NonTarget	1	286452
1432.345	0.8	NonTarget	1	286469
1432.425	0.8	NonTarget	1	286485
1432.825	0.8	NonTarget	1	286565
1432.91	0.8	NonTarget	1	286582
1432.995	0.8	NonTarget	1	286599
1433.075	0.8	NonTarget	1	286615
1433.16	0.8	NonTarget	1	286632
1433.245	0.8	NonTarget	1	286649
1433.325	0.8	NonTarget	1	286665
1433.41	0.8	NonTarget	1	286682
1433.495	0.8	NonTarget	1	286699
1433.575	0.8	NonTarget	1	286715
1433.66	0.8	NonTarget	1	286732
1433.745	0.8	NonTarget	1	286749
1433.83	0.8	NonTarget	1	286766
1433.91	0.8	NonTarget	1	286782
1433.995	0.8	NonTarget	1	286799
1434.08	0.8	NonTarget	1	286816
1434.16	0.8	NonTarget	1	286832
1434.245	0.8	NonTarget	1	286849
1434.33	0.8	NonTarget	1	286866
1434.41	0.8	NonTarget	1	286882
1434.495	0.8	NonTarget	1	286899
1434.58	0.8	NonTarget	1	286916
1434.66	0.8	NonTarget	1	286932
1434.745	0.8	Target	2	286949
1434.83	0.8	NonTarget	1	286966
1434.91	0.8	NonTarget	1	286982
1434.995	0.8	NonTarget	1	286999
1435.08	0.8	NonTarget	1	287016
1435.16	0.8	NonTarget	1	287032
1435.245	0.8	NonTarget	1	287049
1435.645	0.8	NonTarget	1	287129
1435.73	0.8	NonTarget	1	287146
1435.81	0.8	NonTarget	1	287162
1435.9	0.8	Target	2	287180
1435.98	0.8	NonTarget	1	287196
1436.065	0.8	NonTarget	1	287213
1436.145	0.8	NonTarget	1	287229
1436.23	0.8	NonTarget	1	287246
1436.315	0.8	NonTarget	1	287263
1436.395	0.8	NonTarget	1	287279
1436.48	0.8	NonTarget	1	287296
1436.565	0.8	NonTarget	1	287313
1436.645	0.8	NonTarget	1	287329
1436.73	0.8	NonTarget	1	287346
1436.815	0.8	NonTarget	1	287363
1436.895	0.8	NonTarget	1	287379
1436.98	0.8	NonTarget	1	287396
1437.065	0.8	NonTarget	1	287413
1437.15	0.8	NonTarget	1	287430
1437.23	0.8	NonTarget	1	287446
1437.315	0.8	NonTarget	1	287463
1437.4	0.8	NonTarget	1	287480
1437.48	0.8	NonTarget	1	287496
1437.565	0.8	NonTarget	1	287513
1437.65	0.8	NonTarget	1	287530
1437.73	0.8	NonTarget	1	287546
1437.815	0.8	NonTarget	1	287563
1437.9	0.8	NonTarget	1	287580
1437.985	0.8	NonTarget	1	287597
1438.065	0.8	NonTarget	1	287613
1438.465	0.8	NonTarget	1	287693
1438.55	0.8	NonTarget	1	287710
1438.635	0.8	NonTarget	1	287727
1438.72	0.8	NonTarget	1	287744
1438.8	0.8	NonTarget	1	287760
1438.885	0.8	NonTarget	1	287777
1438.965	0.8	NonTarget	1	287793
1439.05	0.8	NonTarget	1	287810
1439.135	0.8	Target	2	287827
1439.22	0.8	NonTarget	1	287844
1439.3	0.8	NonTarget	1	287860
1439.385	0.8	NonTarget	1	287877
1439.47	0.8	NonTarget	1	287894
1439.555	0.8	NonTarget	1	287911
1439.635	0.8	NonTarget	1	287927
1439.72	0.8	NonTarget	1	287944
1439.805	0.8	NonTarget	1	287961
1439.885	0.8	NonTarget	1	287977
1439.97	0.8	NonTarget	1	287994
1440.055	0.8	NonTarget	1	288011
1440.135	0.8	NonTarget	1	288027
1440.22	0.8	NonTarget	1	288044
1440.305	0.8	NonTarget	1	288061
1440.385	0.8	NonTarget	1	288077
1440.47	0.8	NonTarget	1	288094
1440.555	0.8	NonTarget	1	288111
1440.635	0.8	NonTarget	1	288127
1440.72	0.8	NonTarget	1	288144
1440.805	0.8	NonTarget	1	288161
1440.885	0.8	NonTarget	1	288177
1441.285	0.8	NonTarget	1	288257
1441.37	0.8	NonTarget	1	288274
1441.455	0.8	NonTarget	1	288291
1441.54	0.8	Target	2	288308
1441.62	0.8	NonTarget	1	288324
1441.705	0.8	NonTarget	1	288341
1441.79	0.8	NonTarget	1	288358
1441.87	0.8	NonTarget	1	288374
1441.955	0.8	NonTarget	1	288391
1442.04	0.8	NonTarget	1	288408
1442.12	0.8	NonTarget	1	288424
1442.205	0.8	NonTarget	1	288441
1442.29	0.8	NonTarget	1	288458
1442.37	0.8	NonTarget	1	288474
1442.455	0.8	NonTarget	1	288491
1442.54	0.8	NonTarget	1	288508
1442.625	0.8	NonTarget	1	288525
1442.71	0.8	NonTarget	1	288542
1442.79	0.8	NonTarget	1	288558
1442.875	0.8	NonTarget	1	288575
1442.955	0.8	NonTarget	1	288591
1443.04	0.8	NonTarget	1	288608
1443.125	0.8	NonTarget	1	288625
1443.205	0.8	NonTarget	1	288641
1443.29	0.8	NonTarget	1	288658
1443.375	0.8	NonTarget	1	288675
1443.455	0.8	NonTarget	1	288691
1443.54	0.8	NonTarget	1	288708
1443.625	0.8	NonTarget	1	288725
1443.705	0.8	NonTarget	1	288741
1444.11	0.8	NonTarget	1	288822
1444.19	0.8	NonTarget	1	288838
1444.275	0.8	NonTarget	1	288855
1444.36	0.8	NonTarget	1	288872
1444.44	0.8	NonTarget	1	288888
1444.525	0.8	NonTarget	1	288905
1444.61	0.8	NonTarget	1	288922
1444.695	0.8	NonTarget	1	288939
1444.775	0.8	NonTarget	1	288955
1444.86	0.8	NonTarget	1	288972
1444.945	0.8	NonTarget	1	288989
1445.025	0.8	NonTarget	1	289005
1445.11	0.8	NonTarget	1	289022
1445.195	0.8	NonTarget	1	289039
1445.275	0.8	NonTarget	1	289055
1445.36	0.8	NonTarget	1	289072
1445.445	0.8	NonTarget	1	289089
1445.525	0.8	NonTarget	1	289105
1445.61	0.8	Target	2	289122
1445.695	0.8	NonTarget	1	289139
1445.78	0.8	NonTarget	1	289156
1445.86	0.8	NonTarget	1	289172
1445.945	0.8	NonTarget	1	289189
1446.03	0.8	NonTarget	1	289206
1446.11	0.8	NonTarget	1	289222
1446.195	0.8	NonTarget	1	289239
1446.28	0.8	NonTarget	1	289256
1446.36	0.8	NonTarget	1	289272
1446.445	0.8	NonTarget	1	289289
1446.53	0.8	NonTarget	1	289306
1446.93	0.8	NonTarget	1	289386
1447.01	0.8	NonTarget	1	289402
1447.095	0.8	NonTarget	1	289419
1447.18	0.8	Target	2	289436
1447.265	0.8	NonTarget	1	289453
1447.345	0.8	NonTarget	1	289469
1447.43	0.8	NonTarget	1	289486
1447.515	0.8	NonTarget	1	289503
1447.595	0.8	NonTarget	1	289519
1447.68	0.8	NonTarget	1	289536
1447.765	0.8	NonTarget	1	289553
1447.845	0.8	NonTarget	1	289569
1447.93	0.8	NonTarget	1	289586
1448.015	0.8	NonTarget	1	289603
1448.1	0.8	NonTarget	1	289620
1448.18	0.8	NonTarget	1	289636
1448.265	0.8	NonTarget	1	289653
1448.345	0.8	NonTarget	1	289669
1448.43	0.8	NonTarget	1	289686
1448.515	0.8	NonTarget	1	289703
1448.6	0.8	NonTarget	1	289720
1448.68	0.8	NonTarget	1	289736
1448.765	0.8	NonTarget	1	289753
1448.85	0.8	NonTarget	1	289770
1448.93	0.8	NonTarget	1	289786
1449.015	0.8	NonTarget	1	289803
1449.1	0.8	NonTarget	1	289820
1449.185	0.8	NonTarget	1	289837
1449.265	0.8	NonTarget	1	289853
1449.35	0.8	NonTarget	1	289870
1459.35	0.8	NonTarget	1	291870
1459.43	0.8	NonTarget	1	291886
1459.515	0.8	NonTarget	1	291903
1459.595	0.8	NonTarget	1	291919
1459.68	0.8	NonTarget	1	291936
1459.765	0.8	NonTarget	1	291953
1459.845	0.8	NonTarget	1	291969
1459.93	0.8	NonTarget	1	291986
1460.015	0.8	NonTarget	1	292003
1460.1	0.8	NonTarget	1	292020
1460.185	0.8	NonTarget	1	292037
1460.265	0.8	NonTarget	1	292053
1460.35	0.8	NonTarget	1	292070
1460.43	0.8	NonTarget	1	292086
1460.515	0.8	NonTarget	1	292103
1460.6	0.8	NonTarget	1	292120
1460.685	0.8	NonTarget	1	292137
1460.765	0.8	NonTarget	1	292153
1460.85	0.8	NonTarget	1	292170
1460.93	0.8	NonTarget	1	292186
1461.015	0.8	NonTarget	1	292203
1461.1	0.8	NonTarget	1	292220
1461.185	0.8	NonTarget	1	292237
1461.265	0.8	Target	2	292253
1461.35	0.8	NonTarget	1	292270
1461.435	0.8	NonTarget	1	292287
1461.515	0.8	NonTarget	1	292303
1461.6	0.8	NonTarget	1	292320
1461.685	0.8	NonTarget	1	292337
1461.765	0.8	NonTarget	1	292353
1462.17	0.8	NonTarget	1	292434
1462.25	0.8	NonTarget	1	292450
1462.335	0.8	NonTarget	1	292467
1462.42	0.8	NonTarget	1	292484
1462.505	0.8	NonTarget	1	292501
1462.585	0.8	NonTarget	1	292517
1462.67	0.8	NonTarget	1	292534
1462.75	0.8	NonTarget	1	292550
1462.835	0.8	NonTarget	1	292567
1462.92	0.8	NonTarget	1	292584
1463.0	0.8	NonTarget	1	292600
1463.085	0.8	NonTarget	1	292617
1463.165	0.8	NonTarget	1	292633
1463.255	0.8	NonTarget	1	292651
1463.335	0.8	NonTarget	1	292667
1463.42	0.8	NonTarget	1	292684
1463.505	0.8	NonTarget	1	292701
1463.585	0.8	NonTarget	1	292717
1463.67	0.8	NonTarget	1	292734
1463.755	0.8	NonTarget	1	292751
1463.835	0.8	NonTarget	1	292767
1463.92	0.8	NonTarget	1	292784
1464.005	0.8	NonTarget	1	292801
1464.085	0.8	NonTarget	1	292817
1464.17	0.8	NonTarget	1	292834
1464.255	0.8	NonTarget	1	292851
1464.335	0.8	NonTarget	1	292867
1464.42	0.8	NonTarget	1	292884
1464.505	0.8	Target	2	292901
1464.59	0.8	NonTarget	1	292918
1464.985	0.8	NonTarget	1	292997
1465.07	0.8	NonTarget	1	293014
1465.155	0.8	NonTarget	1	293031
1465.24	0.8	NonTarget	1	293048
1465.32	0.8	NonTarget	1	293064
1465.405	0.8	NonTarget	1	293081
1465.49	0.8	NonTarget	1	293098
1465.57	0.8	NonTarget	1	293114
1465.655	0.8	Target	2	293131
1465.74	0.8	NonTarget	1	293148
1465.825	0.8	NonTarget	1	293165
1465.905	0.8	NonTarget	1	293181
1465.99	0.8	NonTarget	1	293198
1466.075	0.8	NonTarget	1	293215
1466.155	0.8	NonTarget	1	293231
1466.24	0.8	NonTarget	1	293248
1466.32	0.8	NonTarget	1	293264
1466.405	0.8	NonTarget	1	293281
1466.49	0.8	NonTarget	1	293298
1466.575	0.8	NonTarget	1	293315
1466.655	0.8	NonTarget	1	293331
1466.74	0.8	NonTarget	1	293348
1466.825	0.8	NonTarget	1	293365
1466.91	0.8	NonTarget	1	293382
1466.99	0.8	NonTarget	1	293398
1467.075	0.8	NonTarget	1	293415
1467.16	0.8	NonTarget	1	293432
1467.24	0.8	NonTarget	1	293448
1467.325	0.8	NonTarget	1	293465
1467.41	0.8	NonTarget	1	293482
1467.81	0.8	NonTarget	1	293562
1467.89	0.8	NonTarget	1	293578
1467.975	0.8	NonTarget	1	293595
1468.06	0.8	NonTarget	1	293612
1468.145	0.8	NonTarget	1	293629
1468.225	0.8	NonTarget	1	293645
1468.31	0.8	NonTarget	1	293662
1468.395	0.8	NonTarget	1	293679
1468.475	0.8	NonTarget	1	293695
1468.56	0.8	NonTarget	1	293712
1468.645	0.8	NonTarget	1	293729
1468.725	0.8	NonTarget	1	293745
1468.81	0.8	NonTarget	1	293762
1468.895	0.8	NonTarget	1	293779
1468.98	0.8	NonTarget	1	293796
1469.06	0.8	NonTarget	1	293812
1469.145	0.8	NonTarget	1	293829
1469.225	0.8	NonTarget	1	293845
1469.31	0.8	Target	2	293862
1469.395	0.8	NonTarget	1	293879
1469.48	0.8	NonTarget	1	293896
1469.56	0.8	NonTarget	1	293912
1469.645	0.8	NonTarget	1	293929
1469.73	0.8	NonTarget	1	293946
1469.81	0.8	NonTarget	1	293962
1469.895	0.8	NonTarget	1	293979
1469.98	0.8	NonTarget	1	293996
1470.065	0.8	NonTarget	1	294013
1470.145	0.8	NonTarget	1	294029
1470.23	0.8	NonTarget	1	294046
1470.63	0.8	NonTarget	1	294126
1470.715	0.8	NonTarget	1	294143
1470.795	0.8	NonTarget	1	294159
1470.88	0.8	NonTarget	1	294176
1470.965	0.8	NonTarget	1	294193
1471.045	0.8	NonTarget	1	294209
1471.13	0.8	NonTarget	1	294226
1471.215	0.8	NonTarget	1	294243
1471.295	0.8	Target	2	294259
1471.38	0.8	NonTarget	1	294276
1471.465	0.8	NonTarget	1	294293
1471.545	0.8	NonTarget	1	294309
1471.63	0.8	NonTarget	1	294326
1471.715	0.8	NonTarget	1	294343
1471.8	0.8	NonTarget	1	294360
1471.88	0.8	NonTarget	1	294376
1471.965	0.8	NonTarget	1	294393
1472.05	0.8	NonTarget	1	294410
1472.13	0.8	NonTarget	1	294426
1472.215	0.8	NonTarget	1	294443
1472.3	0.8	NonTarget	1	294460
1472.38	0.8	NonTarget	1	294476
1472.465	0.8	NonTarget	1	294493
1472.55	0.8	NonTarget	1	294510
1472.63	0.8	NonTarget	1	294526
1472.715	0.8	NonTarget	1	294543
1472.8	0.8	NonTarget	1	294560
1472.88	0.8	NonTarget	1	294576
1472.965	0.8	NonTarget	1	294593
1473.05	0.8	NonTarget	1	294610
1473.45	0.8	NonTarget	1	294690
1473.535	0.8	NonTarget	1	294707
1473.62	0.8	NonTarget	1	294724
1473.7	0.8	NonTarget	1	294740
1473.785	0.8	NonTarget	1	294757
1473.865	0.8	NonTarget	1	294773
1473.95	0.8	NonTarget	1	294790
1474.035	0.8	NonTarget	1	294807
1474.115	0.8	NonTarget	1	294823
1474.2	0.8	NonTarget	1	294840
1474.285	0.8	NonTarget	1	294857
1474.365	0.8	NonTarget	1	294873
1474.45	0.8	NonTarget	1	294890
1474.54	0.8	NonTarget	1	294908
1474.62	0.8	NonTarget	1	294924
1474.7	0.8	NonTarget	1	294940
1474.785	0.8	NonTarget	1	294957
1474.87	0.8	NonTarget	1	294974
1474.95	0.8	NonTarget	1	294990
1475.035	0.8	NonTarget	1	295007
1475.12	0.8	NonTarget	1	295024
1475.2	0.8	NonTarget	1	295040
1475.285	0.8	NonTarget	1	295057
1475.37	0.8	NonTarget	1	295074
1475.45	0.8	NonTarget	1	295090
1475.535	0.8	NonTarget	1	295107
1475.62	0.8	NonTarget	1	295124
1475.7	0.8	NonTarget	1	295140
1475.785	0.8	Target	2	295157
1475.87	0.8	NonTarget	1	295174
1476.27	0.8	NonTarget	1	295254
1476.355	0.8	NonTarget	1	295271
1476.435	0.8	NonTarget	1	295287
1476.52	0.8	NonTarget	1	295304
1476.605	0.8	NonTarget	1	295321
1476.685	0.8	NonTarget	1	295337
1476.77	0.8	NonTarget	1	295354
1476.855	0.8	NonTarget	1	295371
1476.94	0.8	NonTarget	1	295388
1477.02	0.8	NonTarget	1	295404
1477.105	0.8	NonTarget	1	295421
1477.19	0.8	NonTarget	1	295438
1477.27	0.8	NonTarget	1	295454
1477.355	0.8	NonTarget	1	295471
1477.44	0.8	NonTarget	1	295488
1477.525	0.8	NonTarget	1	295505
1477.605	0.8	NonTarget	1	295521
1477.69	0.8	NonTarget	1	295538
1477.775	0.8	NonTarget	1	295555
1477.855	0.8	NonTarget	1	295571
1477.94	0.8	NonTarget	1	295588
1478.025	0.8	NonTarget	1	295605
1478.105	0.8	NonTarget	1	295621
1478.19	0.8	NonTarget	1	295638
1478.27	0.8	NonTarget	1	295654
1478.355	0.8	NonTarget	1	295671
1478.44	0.8	NonTarget	1	295688
1478.525	0.8	NonTarget	1	295705
1478.605	0.8	Target	2	295721
1478.69	0.8	NonTarget	1	295738
1479.09	0.8	NonTarget	1	295818
1479.175	0.8	NonTarget	1	295835
1479.26	0.8	NonTarget	1	295852
1479.34	0.8	Target	2	295868
1479.425	0.8	NonTarget	1	295885
1479.51	0.8	NonTarget	1	295902
1479.595	0.8	NonTarget	1	295919
1479.675	0.8	NonTarget	1	295935
1479.76	0.8	NonTarget	1	295952
1479.84	0.8	NonTarget	1	295968
1479.925	0.8	NonTarget	1	295985
1480.01	0.8	NonTarget	1	296002
1480.095	0.8	NonTarget	1	296019
1480.175	0.8	NonTarget	1	296035
1480.26	0.8	NonTarget	1	296052
1480.34	0.8	NonTarget	1	296068
1480.425	0.8	NonTarget	1	296085
1480.51	0.8	NonTarget	1	296102
1480.595	0.8	NonTarget	1	296119
1480.675	0.8	NonTarget	1	296135
1480.76	0.8	NonTarget	1	296152
1480.845	0.8	NonTarget	1	296169
1480.925	0.8	NonTarget	1	296185
1481.01	0.8	NonTarget	1	296202
1481.095	0.8	NonTarget	1	296219
1481.18	0.8	NonTarget	1	296236
1481.26	0.8	NonTarget	1	296252
1481.345	0.8	NonTarget	1	296269
1481.43	0.8	NonTarget	1	296286
1481.51	0.8	NonTarget	1	296302
1481.91	0.8	NonTarget	1	296382
1481.995	0.8	NonTarget	1	296399
1482.08	0.8	NonTarget	1	296416
1482.16	0.8	NonTarget	1	296432
1482.245	0.8	NonTarget	1	296449
1482.33	0.8	NonTarget	1	296466
1482.415	0.8	NonTarget	1	296483
1482.495	0.8	NonTarget	1	296499
1482.58	0.8	NonTarget	1	296516
1482.665	0.8	NonTarget	1	296533
1482.745	0.8	NonTarget	1	296549
1482.83	0.8	NonTarget	1	296566
1482.915	0.8	NonTarget	1	296583
1482.995	0.8	Target	2	296599
1483.08	0.8	NonTarget	1	296616
1483.165	0.8	NonTarget	1	296633
1483.25	0.8	NonTarget	1	296650
1483.33	0.8	NonTarget	1	296666
1483.415	0.8	NonTarget	1	296683
1483.5	0.8	NonTarget	1	296700
1483.58	0.8	NonTarget	1	296716
1483.665	0.8	NonTarget	1	296733
1483.745	0.8	NonTarget	1	296749
1483.83	0.8	NonTarget	1	296766
1483.915	0.8	NonTarget	1	296783
1484.0	0.8	NonTarget	1	296800
1484.08	0.8	NonTarget	1	296816
1484.165	0.8	NonTarget	1	296833
1484.25	0.8	NonTarget	1	296850
1484.33	0.8	NonTarget	1	296866
1484.73	0.8	NonTarget	1	296946
1484.815	0.8	NonTarget	1	296963
1484.9	0.8	NonTarget	1	296980
1484.985	0.8	NonTarget	1	296997
1485.065	0.8	NonTarget	1	297013
1485.15	0.8	NonTarget	1	297030
1485.235	0.8	NonTarget	1	297047
1485.315	0.8	NonTarget	1	297063
1485.4	0.8	NonTarget	1	297080
1485.485	0.8	NonTarget	1	297097
1485.565	0.8	NonTarget	1	297113
1485.65	0.8	NonTarget	1	297130
1485.735	0.8	NonTarget	1	297147
1485.815	0.8	NonTarget	1	297163
1485.9	0.8	NonTarget	1	297180
1485.985	0.8	NonTarget	1	297197
1486.07	0.8	NonTarget	1	297214
1486.15	0.8	NonTarget	1	297230
1486.235	0.8	Target	2	297247
1486.32	0.8	NonTarget	1	297264
1486.4	0.8	NonTarget	1	297280
1486.485	0.8	NonTarget	1	297297
1486.57	0.8	NonTarget	1	297314
1486.655	0.8	NonTarget	1	297331
1486.735	0.8	NonTarget	1	297347
1486.82	0.8	NonTarget	1	297364
1486.9	0.8	NonTarget	1	297380
1486.99	0.8	NonTarget	1	297398
1487.07	0.8	NonTarget	1	297414
1487.155	0.8	NonTarget	1	297431
1497.17	0.8	NonTarget	1	299434
1497.25	0.8	Target	2	299450
1497.335	0.8	NonTarget	1	299467
1497.42	0.8	NonTarget	1	299484
1497.5	0.8	NonTarget	1	299500
1497.585	0.8	NonTarget	1	299517
1497.67	0.8	NonTarget	1	299534
1497.75	0.8	NonTarget	1	299550
1497.835	0.8	NonTarget	1	299567
1497.915	0.8	NonTarget	1	299583
1498.0	0.8	NonTarget	1	299600
1498.085	0.8	NonTarget	1	299617
1498.17	0.8	NonTarget	1	299634
1498.25	0.8	NonTarget	1	299650
1498.335	0.8	NonTarget	1	299667
1498.42	0.8	NonTarget	1	299684
1498.5	0.8	NonTarget	1	299700
1498.585	0.8	NonTarget	1	299717
1498.67	0.8	NonTarget	1	299734
1498.755	0.8	NonTarget	1	299751
1498.835	0.8	NonTarget	1	299767
1498.92	0.8	NonTarget	1	299784
1499.005	0.8	NonTarget	1	299801
1499.085	0.8	NonTarget	1	299817
1499.17	0.8	NonTarget	1	299834
1499.255	0.8	NonTarget	1	299851
1499.335	0.8	NonTarget	1	299867
1499.42	0.8	NonTarget	1	299884
1499.505	0.8	NonTarget	1	299901
1499.59	0.8	NonTarget	1	299918
1499.99	0.8	NonTarget	1	299998
1500.07	0.8	NonTarget	1	300014
1500.155	0.8	NonTarget	1	300031
1500.24	0.8	NonTarget	1	300048
1500.32	0.8	NonTarget	1	300064
1500.405	0.8	NonTarget	1	300081
1500.49	0.8	NonTarget	1	300098
1500.57	0.8	NonTarget	1	300114
1500.655	0.8	NonTarget	1	300131
1500.74	0.8	NonTarget	1	300148
1500.82	0.8	NonTarget	1	300164
1500.905	0.8	NonTarget	1	300181
1500.99	0.8	NonTarget	1	300198
1501.075	0.8	NonTarget	1	300215
1501.155	0.8	NonTarget	1	300231
1501.24	0.8	NonTarget	1	300248
1501.325	0.8	NonTarget	1	300265
1501.405	0.8	NonTarget	1	300281
1501.49	0.8	NonTarget	1	300298
1501.575	0.8	NonTarget	1	300315
1501.655	0.8	NonTarget	1	300331
1501.74	0.8	Target	2	300348
1501.825	0.8	NonTarget	1	300365
1501.91	0.8	NonTarget	1	300382
1501.99	0.8	NonTarget	1	300398
1502.075	0.8	NonTarget	1	300415
1502.155	0.8	NonTarget	1	300431
1502.24	0.8	NonTarget	1	300448
1502.325	0.8	NonTarget	1	300465
1502.405	0.8	NonTarget	1	300481
1502.81	0.8	NonTarget	1	300562
1502.89	0.8	NonTarget	1	300578
1502.975	0.8	NonTarget	1	300595
1503.06	0.8	NonTarget	1	300612
1503.14	0.8	NonTarget	1	300628
1503.225	0.8	NonTarget	1	300645
1503.31	0.8	Target	2	300662
1503.39	0.8	NonTarget	1	300678
1503.475	0.8	NonTarget	1	300695
1503.56	0.8	NonTarget	1	300712
1503.645	0.8	NonTarget	1	300729
1503.725	0.8	NonTarget	1	300745
1503.81	0.8	NonTarget	1	300762
1503.895	0.8	NonTarget	1	300779
1503.975	0.8	NonTarget	1	300795
1504.06	0.8	NonTarget	1	300812
1504.145	0.8	NonTarget	1	300829
1504.225	0.8	NonTarget	1	300845
1504.31	0.8	NonTarget	1	300862
1504.395	0.8	NonTarget	1	300879
1504.48	0.8	NonTarget	1	300896
1504.56	0.8	NonTarget	1	300912
1504.645	0.8	NonTarget	1	300929
1504.725	0.8	NonTarget	1	300945
1504.81	0.8	NonTarget	1	300962
1504.895	0.8	NonTarget	1	300979
1504.98	0.8	NonTarget	1	300996
1505.06	0.8	NonTarget	1	301012
1505.145	0.8	NonTarget	1	301029
1505.23	0.8	NonTarget	1	301046
1505.63	0.8	NonTarget	1	301126
1505.71	0.8	NonTarget	1	301142
1505.795	0.8	NonTarget	1	301159
1505.88	0.8	NonTarget	1	301176
1505.96	0.8	NonTarget	1	301192
1506.045	0.8	NonTarget	1	301209
1506.13	0.8	NonTarget	1	301226
1506.215	0.8	NonTarget	1	301243
1506.295	0.8	NonTarget	1	301259
1506.38	0.8	NonTarget	1	301276
1506.465	0.8	NonTarget	1	301293
1506.545	0.8	NonTarget	1	301309
1506.63	0.8	NonTarget	1	301326
1506.715	0.8	NonTarget	1	301343
1506.795	0.8	NonTarget	1	301359
1506.88	0.8	NonTarget	1	301376
1506.965	0.8	NonTarget	1	301393
1507.045	0.8	NonTarget	1	301409
1507.13	0.8	NonTarget	1	301426
1507.215	0.8	NonTarget	1	301443
1507.295	0.8	NonTarget	1	301459
1507.38	0.8	NonTarget	1	301476
1507.465	0.8	NonTarget	1	301493
1507.55	0.8	NonTarget	1	301510
1507.63	0.8	NonTarget	1	301526
1507.715	0.8	NonTarget	1	301543
1507.8	0.8	Target	2	301560
1507.885	0.8	NonTarget	1	301577
1507.965	0.8	NonTarget	1	301593
1508.05	0.8	NonTarget	1	301610
1508.45	0.8	NonTarget	1	301690
1508.535	0.8	NonTarget	1	301707
1508.615	0.8	NonTarget	1	301723
1508.7	0.8	NonTarget	1	301740
1508.785	0.8	NonTarget	1	301757
1508.87	0.8	NonTarget	1	301774
1508.95	0.8	NonTarget	1	301790
1509.035	0.8	NonTarget	1	301807
1509.115	0.8	NonTarget	1	301823
1509.2	0.8	NonTarget	1	301840
1509.285	0.8	NonTarget	1	301857
1509.37	0.8	NonTarget	1	301874
1509.45	0.8	NonTarget	1	301890
1509.535	0.8	NonTarget	1	301907
1509.62	0.8	NonTarget	1	301924
1509.7	0.8	NonTarget	1	301940
1509.785	0.8	NonTarget	1	301957
1509.87	0.8	NonTarget	1	301974
1509.95	0.8	NonTarget	1	301990
1510.035	0.8	NonTarget	1	302007
1510.12	0.8	NonTarget	1	302024
1510.2	0.8	NonTarget	1	302040
1510.285	0.8	NonTarget	1	302057
1510.37	0.8	NonTarget	1	302074
1510.455	0.8	NonTarget	1	302091
1510.535	0.8	NonTarget	1	302107
1510.62	0.8	Target	2	302124
1510.705	0.8	NonTarget	1	302141
1510.785	0.8	NonTarget	1	302157
1510.87	0.8	NonTarget	1	302174
1511.27	0.8	NonTarget	1	302254
1511.355	0.8	NonTarget	1	302271
1511.435	0.8	NonTarget	1	302287
1511.52	0.8	NonTarget	1	302304
1511.605	0.8	NonTarget	1	302321
1511.69	0.8	NonTarget	1	302338
1511.77	0.8	NonTarget	1	302354
1511.855	0.8	NonTarget	1	302371
1511.94	0.8	NonTarget	1	302388
1512.02	0.8	NonTarget	1	302404
1512.105	0.8	NonTarget	1	302421
1512.19	0.8	NonTarget	1	302438
1512.27	0.8	NonTarget	1	302454
1512.355	0.8	NonTarget	1	302471
1512.44	0.8	NonTarget	1	302488
1512.52	0.8	NonTarget	1	302504
1512.605	0.8	Target	2	302521
1512.69	0.8	NonTarget	1	302538
1512.775	0.8	NonTarget	1	302555
1512.855	0.8	NonTarget	1	302571
1512.94	0.8	NonTarget	1	302588
1513.025	0.8	NonTarget	1	302605
1513.105	0.8	NonTarget	1	302621
1513.19	0.8	NonTarget	1	302638
1513.275	0.8	NonTarget	1	302655
1513.355	0.8	NonTarget	1	302671
1513.44	0.8	NonTarget	1	302688
1513.525	0.8	NonTarget	1	302705
1513.605	0.8	NonTarget	1	302721
1513.69	0.8	NonTarget	1	302738
1514.09	0.8	NonTarget	1	302818
1514.175	0.8	NonTarget	1	302835
1514.26	0.8	NonTarget	1	302852
1514.34	0.8	NonTarget	1	302868
1514.425	0.8	NonTarget	1	302885
1514.51	0.8	NonTarget	1	302902
1514.59	0.8	NonTarget	1	302918
1514.675	0.8	NonTarget	1	302935
1514.76	0.8	NonTarget	1	302952
1514.84	0.8	NonTarget	1	302968
1514.925	0.8	NonTarget	1	302985
1515.01	0.8	NonTarget	1	303002
1515.09	0.8	NonTarget	1	303018
1515.175	0.8	NonTarget	1	303035
1515.26	0.8	NonTarget	1	303052
1515.345	0.8	NonTarget	1	303069
1515.425	0.8	Target	2	303085
1515.51	0.8	NonTarget	1	303102
1515.595	0.8	NonTarget	1	303119
1515.675	0.8	NonTarget	1	303135
1515.76	0.8	NonTarget	1	303152
1515.84	0.8	NonTarget	1	303168
1515.925	0.8	NonTarget	1	303185
1516.01	0.8	NonTarget	1	303202
1516.09	0.8	NonTarget	1	303218
1516.18	0.8	NonTarget	1	303236
1516.26	0.8	NonTarget	1	303252
1516.345	0.8	NonTarget	1	303269
1516.43	0.8	NonTarget	1	303286
1516.51	0.8	NonTarget	1	303302
1516.91	0.8	NonTarget	1	303382
1516.995	0.8	NonTarget	1	303399
1517.08	0.8	NonTarget	1	303416
1517.16	0.8	NonTarget	1	303432
1517.245	0.8	NonTarget	1	303449
1517.33	0.8	NonTarget	1	303466
1517.41	0.8	NonTarget	1	303482
1517.495	0.8	NonTarget	1	303499
1517.58	0.8	NonTarget	1	303516
1517.66	0.8	NonTarget	1	303532
1517.745	0.8	NonTarget	1	303549
1517.83	0.8	NonTarget	1	303566
1517.915	0.8	NonTarget	1	303583
1517.995	0.8	NonTarget	1	303599
1518.08	0.8	NonTarget	1	303616
1518.165	0.8	NonTarget	1	303633
1518.245	0.8	Target	2	303649
1518.33	0.8	NonTarget	1	303666
1518.415	0.8	NonTarget	1	303683
1518.5	0.8	NonTarget	1	303700
1518.58	0.8	NonTarget	1	303716
1518.665	0.8	NonTarget	1	303733
1518.75	0.8	NonTarget	1	303750
1518.83	0.8	NonTarget	1	303766
1518.915	0.8	NonTarget	1	303783
1519.0	0.8	NonTarget	1	303800
1519.08	0.8	NonTarget	1	303816
1519.165	0.8	NonTarget	1	303833
1519.25	0.8	NonTarget	1	303850
1519.33	0.8	NonTarget	1	303866
1519.73	0.8	NonTarget	1	303946
1519.815	0.8	Target	2	303963
1519.9	0.8	NonTarget	1	303980
1519.985	0.8	NonTarget	1	303997
1520.065	0.8	NonTarget	1	304013
1520.15	0.8	NonTarget	1	304030
1520.23	0.8	NonTarget	1	304046
1520.315	0.8	NonTarget	1	304063
1520.4	0.8	NonTarget	1	304080
1520.485	0.8	NonTarget	1	304097
1520.565	0.8	NonTarget	1	304113
1520.65	0.8	NonTarget	1	304130
1520.735	0.8	NonTarget	1	304147
1520.82	0.8	NonTarget	1	304164
1520.9	0.8	NonTarget	1	304180
1520.985	0.8	NonTarget	1	304197
1521.07	0.8	NonTarget	1	304214
1521.15	0.8	NonTarget	1	304230
1521.235	0.8	NonTarget	1	304247
1521.32	0.8	NonTarget	1	304264
1521.4	0.8	NonTarget	1	304280
1521.485	0.8	NonTarget	1	304297
1521.57	0.8	NonTarget	1	304314
1521.65	0.8	NonTarget	1	304330
1521.735	0.8	NonTarget	1	304347
1521.82	0.8	NonTarget	1	304364
1521.9	0.8	NonTarget	1	304380
1521.985	0.8	NonTarget	1	304397
1522.07	0.8	NonTarget	1	304414
1522.155	0.8	NonTarget	1	304431
1522.55	0.8	NonTarget	1	304510
1522.635	0.8	NonTarget	1	304527
1522.72	0.8	NonTarget	1	304544
1522.805	0.8	NonTarget	1	304561
1522.885	0.8	NonTarget	1	304577
1522.97	0.8	NonTarget	1	304594
1523.055	0.8	Target	2	304611
1523.14	0.8	NonTarget	1	304628
1523.22	0.8	NonTarget	1	304644
1523.305	0.8	NonTarget	1	304661
1523.385	0.8	NonTarget	1	304677
1523.47	0.8	NonTarget	1	304694
1523.555	0.8	NonTarget	1	304711
1523.64	0.8	NonTarget	1	304728
1523.72	0.8	NonTarget	1	304744
1523.805	0.8	NonTarget	1	304761
1523.89	0.8	NonTarget	1	304778
1523.97	0.8	NonTarget	1	304794
1524.055	0.8	NonTarget	1	304811
1524.14	0.8	NonTarget	1	304828
1524.22	0.8	NonTarget	1	304844
1524.305	0.8	NonTarget	1	304861
1524.39	0.8	NonTarget	1	304878
1524.475	0.8	NonTarget	1	304895
1524.555	0.8	NonTarget	1	304911
1524.64	0.8	NonTarget	1	304928
1524.72	0.8	NonTarget	1	304944
1524.805	0.8	NonTarget	1	304961
1524.89	0.8	NonTarget	1	304978
1524.975	0.8	NonTarget	1	304995
1534.99	0.8	NonTarget	1	306998
1535.07	0.8	NonTarget	1	307014
1535.155	0.8	NonTarget	1	307031
1535.235	0.8	NonTarget	1	307047
1535.32	0.8	NonTarget	1	307064
1535.405	0.8	NonTarget	1	307081
1535.49	0.8	Target	2	307098
1535.57	0.8	NonTarget	1	307114
1535.655	0.8	NonTarget	1	307131
1535.74	0.8	NonTarget	1	307148
1535.825	0.8	NonTarget	1	307165
1535.905	0.8	NonTarget	1	307181
1535.99	0.8	NonTarget	1	307198
1536.075	0.8	NonTarget	1	307215
1536.155	0.8	NonTarget	1	307231
1536.24	0.8	NonTarget	1	307248
1536.32	0.8	NonTarget	1	307264
1536.405	0.8	NonTarget	1	307281
1536.49	0.8	NonTarget	1	307298
1536.575	0.8	NonTarget	1	307315
1536.655	0.8	NonTarget	1	307331
1536.74	0.8	NonTarget	1	307348
1536.825	0.8	NonTarget	1	307365
1536.91	0.8	NonTarget	1	307382
1536.99	0.8	NonTarget	1	307398
1537.075	0.8	NonTarget	1	307415
1537.155	0.8	NonTarget	1	307431
1537.24	0.8	NonTarget	1	307448
1537.325	0.8	NonTarget	1	307465
1537.405	0.8	NonTarget	1	307481
1537.81	0.8	NonTarget	1	307562
1537.89	0.8	NonTarget	1	307578
1537.975	0.8	NonTarget	1	307595
1538.06	0.8	NonTarget	1	307612
1538.145	0.8	NonTarget	1	307629
1538.225	0.8	NonTarget	1	307645
1538.31	0.8	Target	2	307662
1538.39	0.8	NonTarget	1	307678
1538.475	0.8	NonTarget	1	307695
1538.56	0.8	NonTarget	1	307712
1538.64	0.8	NonTarget	1	307728
1538.725	0.8	NonTarget	1	307745
1538.81	0.8	NonTarget	1	307762
1538.89	0.8	NonTarget	1	307778
1538.975	0.8	NonTarget	1	307795
1539.06	0.8	NonTarget	1	307812
1539.145	0.8	NonTarget	1	307829
1539.225	0.8	NonTarget	1	307845
1539.31	0.8	NonTarget	1	307862
1539.395	0.8	NonTarget	1	307879
1539.475	0.8	NonTarget	1	307895
1539.56	0.8	NonTarget	1	307912
1539.645	0.8	NonTarget	1	307929
1539.725	0.8	NonTarget	1	307945
1539.81	0.8	NonTarget	1	307962
1539.895	0.8	NonTarget	1	307979
1539.975	0.8	NonTarget	1	307995
1540.06	0.8	NonTarget	1	308012
1540.145	0.8	NonTarget	1	308029
1540.23	0.8	NonTarget	1	308046
1540.63	0.8	NonTarget	1	308126
1540.71	0.8	NonTarget	1	308142
1540.795	0.8	NonTarget	1	308159
1540.88	0.8	NonTarget	1	308176
1540.965	0.8	NonTarget	1	308193
1541.045	0.8	NonTarget	1	308209
1541.13	0.8	Target	2	308226
1541.21	0.8	NonTarget	1	308242
1541.295	0.8	NonTarget	1	308259
1541.38	0.8	NonTarget	1	308276
1541.465	0.8	NonTarget	1	308293
1541.545	0.8	NonTarget	1	308309
1541.63	0.8	NonTarget	1	308326
1541.715	0.8	NonTarget	1	308343
1541.795	0.8	NonTarget	1	308359
1541.88	0.8	NonTarget	1	308376
1541.965	0.8	NonTarget	1	308393
1542.045	0.8	NonTarget	1	308409
1542.13	0.8	NonTarget	1	308426
1542.215	0.8	NonTarget	1	308443
1542.295	0.8	NonTarget	1	308459
1542.38	0.8	NonTarget	1	308476
1542.465	0.8	NonTarget	1	308493
1542.55	0.8	NonTarget	1	308510
1542.63	0.8	NonTarget	1	308526
1542.715	0.8	NonTarget	1	308543
1542.8	0.8	NonTarget	1	308560
1542.88	0.8	NonTarget	1	308576
1542.965	0.8	NonTarget	1	308593
1543.05	0.8	NonTarget	1	308610
1543.45	0.8	NonTarget	1	308690
1543.53	0.8	NonTarget	1	308706
1543.615	0.8	NonTarget	1	308723
1543.7	0.8	NonTarget	1	308740
1543.785	0.8	NonTarget	1	308757
1543.865	0.8	NonTarget	1	308773
1543.95	0.8	NonTarget	1	308790
1544.035	0.8	NonTarget	1	308807
1544.115	0.8	NonTarget	1	308823
1544.2	0.8	NonTarget	1	308840
1544.285	0.8	NonTarget	1	308857
1544.365	0.8	Target	2	308873
1544.45	0.8	NonTarget	1	308890
1544.535	0.8	NonTarget	1	308907
1544.62	0.8	NonTarget	1	308924
1544.705	0.8	NonTarget	1	308941
1544.785	0.8	NonTarget	1	308957
1544.87	0.8	NonTarget	1	308974
1544.95	0.8	NonTarget	1	308990
1545.035	0.8	NonTarget	1	309007
1545.115	0.8	NonTarget	1	309023
1545.2	0.8	NonTarget	1	309040
1545.285	0.8	NonTarget	1	309057
1545.37	0.8	NonTarget	1	309074
1545.45	0.8	NonTarget	1	309090
1545.535	0.8	NonTarget	1	309107
1545.62	0.8	NonTarget	1	309124
1545.7	0.8	NonTarget	1	309140
1545.785	0.8	NonTarget	1	309157
1545.87	0.8	NonTarget	1	309174
1546.27	0.8	NonTarget	1	309254
1546.355	0.8	NonTarget	1	309271
1546.435	0.8	NonTarget	1	309287
1546.52	0.8	NonTarget	1	309304
1546.605	0.8	NonTarget	1	309321
1546.685	0.8	NonTarget	1	309337
1546.77	0.8	NonTarget	1	309354
1546.855	0.8	NonTarget	1	309371
1546.935	0.8	NonTarget	1	309387
1547.02	0.8	NonTarget	1	309404
1547.105	0.8	NonTarget	1	309421
1547.19	0.8	Target	2	309438
1547.27	0.8	NonTarget	1	309454
1547.355	0.8	NonTarget	1	309471
1547.44	0.8	NonTarget	1	309488
1547.52	0.8	NonTarget	1	309504
1547.605	0.8	NonTarget	1	309521
1547.69	0.8	NonTarget	1	309538
1547.77	0.8	NonTarget	1	309554
1547.855	0.8	NonTarget	1	309571
1547.94	0.8	NonTarget	1	309588
1548.025	0.8	NonTarget	1	309605
1548.105	0.8	NonTarget	1	309621
1548.19	0.8	NonTarget	1	309638
1548.275	0.8	NonTarget	1	309655
1548.355	0.8	NonTarget	1	309671
1548.44	0.8	NonTarget	1	309688
1548.52	0.8	NonTarget	1	309704
1548.605	0.8	NonTarget	1	309721
1548.69	0.8	NonTarget	1	309738
1549.09	0.8	NonTarget	1	309818
1549.175	0.8	NonTarget	1	309835
1549.255	0.8	NonTarget	1	309851
1549.34	0.8	NonTarget	1	309868
1549.425	0.8	NonTarget	1	309885
1549.51	0.8	NonTarget	1	309902
1549.59	0.8	NonTarget	1	309918
1549.675	0.8	NonTarget	1	309935
1549.76	0.8	NonTarget	1	309952
1549.84	0.8	NonTarget	1	309968
1549.925	0.8	NonTarget	1	309985
1550.01	0.8	NonTarget	1	310002
1550.09	0.8	NonTarget	1	310018
1550.175	0.8	NonTarget	1	310035
1550.26	0.8	NonTarget	1	310052
1550.34	0.8	NonTarget	1	310068
1550.425	0.8	NonTarget	1	310085
1550.51	0.8	NonTarget	1	310102
1550.595	0.8	NonTarget	1	310119
1550.675	0.8	NonTarget	1	310135
1550.76	0.8	NonTarget	1	310152
1550.84	0.8	NonTarget	1	310168
1550.925	0.8	NonTarget	1	310185
1551.01	0.8	NonTarget	1	310202
1551.095	0.8	NonTarget	1	310219
1551.18	0.8	NonTarget	1	310236
1551.26	0.8	Target	2	310252
1551.345	0.8	NonTarget	1	310269
1551.425	0.8	NonTarget	1	310285
1551.51	0.8	NonTarget	1	310302
1551.91	0.8	NonTarget	1	310382
1551.995	0.8	NonTarget	1	310399
1552.075	0.8	NonTarget	1	310415
1552.16	0.8	NonTarget	1	310432
1552.245	0.8	NonTarget	1	310449
1552.325	0.8	NonTarget	1	310465
1552.41	0.8	NonTarget	1	310482
1552.495	0.8	NonTarget	1	310499
1552.58	0.8	NonTarget	1	310516
1552.66	0.8	NonTarget	1	310532
1552.745	0.8	NonTarget	1	310549
1552.83	0.8	NonTarget	1	310566
1552.915	0.8	NonTarget	1	310583
1552.995	0.8	NonTarget	1	310599
1553.08	0.8	NonTarget	1	310616
1553.165	0.8	NonTarget	1	310633
1553.245	0.8	NonTarget	1	310649
1553.33	0.8	NonTarget	1	310666
1553.415	0.8	NonTarget	1	310683
1553.495	0.8	NonTarget	1	310699
1553.58	0.8	NonTarget	1	310716
1553.665	0.8	Target	2	310733
1553.745	0.8	NonTarget	1	310749
1553.83	0.8	NonTarget	1	310766
1553.915	0.8	NonTarget	1	310783
1553.995	0.8	NonTarget	1	310799
1554.08	0.8	NonTarget	1	310816
1554.165	0.8	NonTarget	1	310833
1554.245	0.8	NonTarget	1	310849
1554.33	0.8	NonTarget	1	310866
1554.73	0.8	NonTarget	1	310946
1554.815	0.8	Target	2	310963
1554.9	0.8	NonTarget	1	310980
1554.985	0.8	NonTarget	1	310997
1555.065	0.8	NonTarget	1	311013
1555.15	0.8	NonTarget	1	311030
1555.23	0.8	NonTarget	1	311046
1555.315	0.8	NonTarget	1	311063
1555.4	0.8	NonTarget	1	311080
1555.485	0.8	NonTarget	1	311097
1555.565	0.8	NonTarget	1	311113
1555.65	0.8	NonTarget	1	311130
1555.735	0.8	NonTarget	1	311147
1555.82	0.8	NonTarget	1	311164
1555.9	0.8	NonTarget	1	311180
1555.985	0.8	NonTarget	1	311197
1556.065	0.8	NonTarget	1	311213
1556.15	0.8	NonTarget	1	311230
1556.235	0.8	NonTarget	1	311247
1556.315	0.8	NonTarget	1	311263
1556.4	0.8	NonTarget	1	311280
1556.485	0.8	NonTarget	1	311297
1556.565	0.8	NonTarget	1	311313
1556.65	0.8	NonTarget	1	311330
1556.735	0.8	NonTarget	1	311347
1556.82	0.8	NonTarget	1	311364
1556.9	0.8	NonTarget	1	311380
1556.985	0.8	NonTarget	1	311397
1557.07	0.8	NonTarget	1	311414
1557.15	0.8	NonTarget	1	311430
1557.55	0.8	NonTarget	1	311510
1557.635	0.8	NonTarget	1	311527
1557.72	0.8	NonTarget	1	311544
1557.805	0.8	NonTarget	1	311561
1557.885	0.8	NonTarget	1	311577
1557.97	0.8	NonTarget	1	311594
1558.055	0.8	NonTarget	1	311611
1558.135	0.8	NonTarget	1	311627
1558.22	0.8	NonTarget	1	311644
1558.305	0.8	NonTarget	1	311661
1558.39	0.8	NonTarget	1	311678
1558.47	0.8	NonTarget	1	311694
1558.555	0.8	NonTarget	1	311711
1558.635	0.8	NonTarget	1	311727
1558.72	0.8	NonTarget	1	311744
1558.805	0.8	NonTarget	1	311761
1558.885	0.8	NonTarget	1	311777
1558.97	0.8	NonTarget	1	311794
1559.055	0.8	NonTarget	1	311811
1559.14	0.8	NonTarget	1	311828
1559.22	0.8	NonTarget	1	311844
1559.305	0.8	Target	2	311861
1559.39	0.8	NonTarget	1	311878
1559.475	0.8	NonTarget	1	311895
1559.555	0.8	NonTarget	1	311911
1559.64	0.8	NonTarget	1	311928
1559.72	0.8	NonTarget	1	311944
1559.805	0.8	NonTarget	1	311961
1559.89	0.8	NonTarget	1	311978
1559.975	0.8	NonTarget	1	311995
1560.375	0.8	NonTarget	1	312075
1560.455	0.8	NonTarget	1	312091
1560.54	0.8	NonTarget	1	312108
1560.625	0.8	NonTarget	1	312125
1560.705	0.8	NonTarget	1	312141
1560.79	0.8	NonTarget	1	312158
1560.875	0.8	NonTarget	1	312175
1560.955	0.8	NonTarget	1	312191
1561.04	0.8	NonTarget	1	312208
1561.125	0.8	NonTarget	1	312225
1561.205	0.8	NonTarget	1	312241
1561.29	0.8	NonTarget	1	312258
1561.375	0.8	NonTarget	1	312275
1561.46	0.8	NonTarget	1	312292
1561.545	0.8	NonTarget	1	312309
1561.625	0.8	NonTarget	1	312325
1561.71	0.8	Target	2	312342
1561.79	0.8	NonTarget	1	312358
1561.875	0.8	NonTarget	1	312375
1561.96	0.8	NonTarget	1	312392
1562.04	0.8	NonTarget	1	312408
1562.125	0.8	NonTarget	1	312425
1562.21	0.8	NonTarget	1	312442
1562.29	0.8	NonTarget	1	312458
1562.375	0.8	NonTarget	1	312475
1562.46	0.8	NonTarget	1	312492
1562.545	0.8	NonTarget	1	312509
1562.625	0.8	NonTarget	1	312525
1562.71	0.8	NonTarget	1	312542
1562.795	0.8	NonTarget	1	312559
1572.78	0.8	Target	2	314556
1572.855	0.8	NonTarget	1	314571
1572.94	0.8	NonTarget	1	314588
1573.025	0.8	NonTarget	1	314605
1573.11	0.8	NonTarget	1	314622
1573.19	0.8	NonTarget	1	314638
1573.275	0.8	NonTarget	1	314655
1573.36	0.8	NonTarget	1	314672
1573.44	0.8	NonTarget	1	314688
1573.525	0.8	NonTarget	1	314705
1573.61	0.8	NonTarget	1	314722
1573.69	0.8	NonTarget	1	314738
1573.775	0.8	NonTarget	1	314755
1573.86	0.8	NonTarget	1	314772
1573.94	0.8	NonTarget	1	314788
1574.025	0.8	NonTarget	1	314805
1574.11	0.8	NonTarget	1	314822
1574.19	0.8	NonTarget	1	314838
1574.275	0.8	NonTarget	1	314855
1574.36	0.8	NonTarget	1	314872
1574.445	0.8	NonTarget	1	314889
1574.525	0.8	NonTarget	1	314905
1574.61	0.8	NonTarget	1	314922
1574.695	0.8	NonTarget	1	314939
1574.775	0.8	NonTarget	1	314955
1574.86	0.8	NonTarget	1	314972
1574.945	0.8	NonTarget	1	314989
1575.03	0.8	NonTarget	1	315006
1575.11	0.8	NonTarget	1	315022
1575.195	0.8	NonTarget	1	315039
1575.595	0.8	Target	2	315119
1575.68	0.8	NonTarget	1	315136
1575.76	0.8	NonTarget	1	315152
1575.845	0.8	NonTarget	1	315169
1575.925	0.8	NonTarget	1	315185
1576.01	0.8	NonTarget	1	315202
1576.095	0.8	NonTarget	1	315219
1576.18	0.8	NonTarget	1	315236
1576.265	0.8	NonTarget	1	315253
1576.345	0.8	NonTarget	1	315269
1576.43	0.8	NonTarget	1	315286
1576.515	0.8	NonTarget	1	315303
1576.595	0.8	NonTarget	1	315319
1576.68	0.8	NonTarget	1	315336
1576.765	0.8	NonTarget	1	315353
1576.845	0.8	NonTarget	1	315369
1576.93	0.8	NonTarget	1	315386
1577.015	0.8	NonTarget	1	315403
1577.1	0.8	NonTarget	1	315420
1577.18	0.8	NonTarget	1	315436
1577.265	0.8	NonTarget	1	315453
1577.345	0.8	NonTarget	1	315469
1577.43	0.8	NonTarget	1	315486
1577.515	0.8	NonTarget	1	315503
1577.6	0.8	NonTarget	1	315520
1577.68	0.8	NonTarget	1	315536
1577.765	0.8	NonTarget	1	315553
1577.85	0.8	NonTarget	1	315570
1577.93	0.8	NonTarget	1	315586
1578.015	0.8	NonTarget	1	315603
1578.415	0.8	NonTarget	1	315683
1578.5	0.8	NonTarget	1	315700
1578.58	0.8	NonTarget	1	315716
1578.665	0.8	NonTarget	1	315733
1578.75	0.8	NonTarget	1	315750
1578.83	0.8	NonTarget	1	315766
1578.915	0.8	NonTarget	1	315783
1579.0	0.8	NonTarget	1	315800
1579.085	0.8	NonTarget	1	315817
1579.165	0.8	NonTarget	1	315833
1579.25	0.8	Target	2	315850
1579.335	0.8	NonTarget	1	315867
1579.415	0.8	NonTarget	1	315883
1579.5	0.8	NonTarget	1	315900
1579.585	0.8	NonTarget	1	315917
1579.665	0.8	NonTarget	1	315933
1579.75	0.8	NonTarget	1	315950
1579.835	0.8	NonTarget	1	315967
1579.92	0.8	NonTarget	1	315984
1580.0	0.8	NonTarget	1	316000
1580.085	0.8	NonTarget	1	316017
1580.17	0.8	NonTarget	1	316034
1580.25	0.8	NonTarget	1	316050
1580.335	0.8	NonTarget	1	316067
1580.42	0.8	NonTarget	1	316084
1580.5	0.8	NonTarget	1	316100
1580.585	0.8	NonTarget	1	316117
1580.67	0.8	NonTarget	1	316134
1580.75	0.8	NonTarget	1	316150
1580.835	0.8	NonTarget	1	316167
1581.235	0.8	NonTarget	1	316247
1581.32	0.8	NonTarget	1	316264
1581.405	0.8	NonTarget	1	316281
1581.485	0.8	NonTarget	1	316297
1581.57	0.8	NonTarget	1	316314
1581.655	0.8	NonTarget	1	316331
1581.735	0.8	NonTarget	1	316347
1581.82	0.8	NonTarget	1	316364
1581.905	0.8	NonTarget	1	316381
1581.985	0.8	NonTarget	1	316397
1582.07	0.8	Target	2	316414
1582.155	0.8	NonTarget	1	316431
1582.235	0.8	NonTarget	1	316447
1582.32	0.8	NonTarget	1	316464
1582.405	0.8	NonTarget	1	316481
1582.485	0.8	NonTarget	1	316497
1582.57	0.8	NonTarget	1	316514
1582.655	0.8	NonTarget	1	316531
1582.74	0.8	NonTarget	1	316548
1582.82	0.8	NonTarget	1	316564
1582.905	0.8	NonTarget	1	316581
1582.99	0.8	NonTarget	1	316598
1583.07	0.8	NonTarget	1	316614
1583.155	0.8	NonTarget	1	316631
1583.24	0.8	NonTarget	1	316648
1583.32	0.8	NonTarget	1	316664
1583.405	0.8	NonTarget	1	316681
1583.49	0.8	NonTarget	1	316698
1583.575	0.8	NonTarget	1	316715
1583.655	0.8	NonTarget	1	316731
1584.055	0.8	NonTarget	1	316811
1584.14	0.8	NonTarget	1	316828
1584.225	0.8	NonTarget	1	316845
1584.31	0.8	NonTarget	1	316862
1584.39	0.8	NonTarget	1	316878
1584.475	0.8	NonTarget	1	316895
1584.555	0.8	NonTarget	1	316911
1584.64	0.8	NonTarget	1	316928
1584.725	0.8	NonTarget	1	316945
1584.805	0.8	NonTarget	1	316961
1584.89	0.8	NonTarget	1	316978
1584.975	0.8	NonTarget	1	316995
1585.06	0.8	NonTarget	1	317012
1585.14	0.8	NonTarget	1	317028
1585.225	0.8	NonTarget	1	317045
1585.31	0.8	NonTarget	1	317062
1585.39	0.8	NonTarget	1	317078
1585.475	0.8	NonTarget	1	317095
1585.56	0.8	NonTarget	1	317112
1585.64	0.8	NonTarget	1	317128
1585.725	0.8	Target	2	317145
1585.81	0.8	NonTarget	1	317162
1585.89	0.8	NonTarget	1	317178
1585.975	0.8	NonTarget	1	317195
1586.06	0.8	NonTarget	1	317212
1586.145	0.8	NonTarget	1	317229
1586.225	0.8	NonTarget	1	317245
1586.31	0.8	NonTarget	1	317262
1586.395	0.8	NonTarget	1	317279
1586.475	0.8	NonTarget	1	317295
1586.875	0.8	NonTarget	1	317375
1586.96	0.8	NonTarget	1	317392
1587.045	0.8	NonTarget	1	317409
1587.13	0.8	NonTarget	1	317426
1587.21	0.8	NonTarget	1	317442
1587.295	0.8	NonTarget	1	317459
1587.38	0.8	NonTarget	1	317476
1587.46	0.8	NonTarget	1	317492
1587.545	0.8	NonTarget	1	317509
1587.63	0.8	NonTarget	1	317526
1587.71	0.8	NonTarget	1	317542
1587.795	0.8	NonTarget	1	317559
1587.88	0.8	NonTarget	1	317576
1587.96	0.8	NonTarget	1	317592
1588.045	0.8	NonTarget	1	317609
1588.13	0.8	Target	2	317626
1588.21	0.8	NonTarget	1	317642
1588.295	0.8	NonTarget	1	317659
1588.38	0.8	NonTarget	1	317676
1588.465	0.8	NonTarget	1	317693
1588.545	0.8	NonTarget	1	317709
1588.63	0.8	NonTarget	1	317726
1588.715	0.8	NonTarget	1	317743
1588.795	0.8	NonTarget	1	317759
1588.88	0.8	NonTarget	1	317776
1588.965	0.8	NonTarget	1	317793
1589.045	0.8	NonTarget	1	317809
1589.13	0.8	NonTarget	1	317826
1589.215	0.8	NonTarget	1	317843
1589.295	0.8	NonTarget	1	317859
1589.7	0.8	NonTarget	1	317940
1589.78	0.8	NonTarget	1	317956
1589.865	0.8	NonTarget	1	317973
1589.95	0.8	NonTarget	1	317990
1590.035	0.8	NonTarget	1	318007
1590.115	0.8	NonTarget	1	318023
1590.2	0.8	NonTarget	1	318040
1590.28	0.8	NonTarget	1	318056
1590.365	0.8	NonTarget	1	318073
1590.45	0.8	NonTarget	1	318090
1590.535	0.8	NonTarget	1	318107
1590.615	0.8	NonTarget	1	318123
1590.7	0.8	NonTarget	1	318140
1590.785	0.8	NonTarget	1	318157
1590.865	0.8	NonTarget	1	318173
1590.95	0.8	Target	2	318190
1591.035	0.8	NonTarget	1	318207
1591.115	0.8	NonTarget	1	318223
1591.2	0.8	NonTarget	1	318240
1591.285	0.8	NonTarget	1	318257
1591.365	0.8	NonTarget	1	318273
1591.45	0.8	NonTarget	1	318290
1591.535	0.8	NonTarget	1	318307
1591.62	0.8	NonTarget	1	318324
1591.7	0.8	NonTarget	1	318340
1591.785	0.8	NonTarget	1	318357
1591.87	0.8	NonTarget	1	318374
1591.95	0.8	NonTarget	1	318390
1592.035	0.8	NonTarget	1	318407
1592.12	0.8	NonTarget	1	318424
1592.52	0.8	NonTarget	1	318504
1592.6	0.8	NonTarget	1	318520
1592.685	0.8	NonTarget	1	318537
1592.77	0.8	NonTarget	1	318554
1592.855	0.8	NonTarget	1	318571
1592.935	0.8	NonTarget	1	318587
1593.02	0.8	NonTarget	1	318604
1593.105	0.8	NonTarget	1	318621
1593.185	0.8	NonTarget	1	318637
1593.27	0.8	NonTarget	1	318654
1593.355	0.8	NonTarget	1	318671
1593.435	0.8	NonTarget	1	318687
1593.52	0.8	NonTarget	1	318704
1593.605	0.8	NonTarget	1	318721
1593.685	0.8	NonTarget	1	318737
1593.77	0.8	NonTarget	1	318754
1593.855	0.8	NonTarget	1	318771
1593.94	0.8	NonTarget	1	318788
1594.02	0.8	NonTarget	1	318804
1594.105	0.8	NonTarget	1	318821
1594.19	0.8	NonTarget	1	318838
1594.27	0.8	NonTarget	1	318854
1594.355	0.8	NonTarget	1	318871
1594.44	0.8	NonTarget	1	318888
1594.52	0.8	NonTarget	1	318904
1594.605	0.8	Target	2	318921
1594.69	0.8	NonTarget	1	318938
1594.77	0.8	NonTarget	1	318954
1594.855	0.8	NonTarget	1	318971
1594.94	0.8	NonTarget	1	318988
1595.34	0.8	NonTarget	1	319068
1595.425	0.8	NonTarget	1	319085
1595.505	0.8	NonTarget	1	319101
1595.59	0.8	NonTarget	1	319118
1595.675	0.8	NonTarget	1	319135
1595.755	0.8	NonTarget	1	319151
1595.84	0.8	NonTarget	1	319168
1595.925	0.8	NonTarget	1	319185
1596.005	0.8	NonTarget	1	319201
1596.09	0.8	NonTarget	1	319218
1596.175	0.8	Target	2	319235
1596.26	0.8	NonTarget	1	319252
1596.34	0.8	NonTarget	1	319268
1596.425	0.8	NonTarget	1	319285
1596.51	0.8	NonTarget	1	319302
1596.59	0.8	NonTarget	1	319318
1596.675	0.8	NonTarget	1	319335
1596.76	0.8	NonTarget	1	319352
1596.84	0.8	NonTarget	1	319368
1596.925	0.8	NonTarget	1	319385
1597.01	0.8	NonTarget	1	319402
1597.09	0.8	NonTarget	1	319418
1597.175	0.8	NonTarget	1	319435
1597.26	0.8	NonTarget	1	319452
1597.345	0.8	NonTarget	1	319469
1597.425	0.8	NonTarget	1	319485
1597.51	0.8	NonTarget	1	319502
1597.595	0.8	NonTarget	1	319519
1597.675	0.8	NonTarget	1	319535
1597.76	0.8	NonTarget	1	319552
1598.16	0.8	NonTarget	1	319632
1598.245	0.8	NonTarget	1	319649
1598.325	0.8	NonTarget	1	319665
1598.41	0.8	NonTarget	1	319682
1598.495	0.8	NonTarget	1	319699
1598.575	0.8	NonTarget	1	319715
1598.66	0.8	NonTarget	1	319732
1598.745	0.8	NonTarget	1	319749
1598.83	0.8	NonTarget	1	319766
1598.91	0.8	NonTarget	1	319782
1598.995	0.8	NonTarget	1	319799
1599.08	0.8	NonTarget	1	319816
1599.16	0.8	NonTarget	1	319832
1599.245	0.8	NonTarget	1	319849
1599.325	0.8	NonTarget	1	319865
1599.41	0.8	NonTarget	1	319882
1599.495	0.8	NonTarget	1	319899
1599.58	0.8	NonTarget	1	319916
1599.665	0.8	NonTarget	1	319933
1599.745	0.8	NonTarget	1	319949
1599.83	0.8	Target	2	319966
1599.915	0.8	NonTarget	1	319983
1599.995	0.8	NonTarget	1	319999
1600.08	0.8	NonTarget	1	320016
1600.165	0.8	NonTarget	1	320033
1600.245	0.8	NonTarget	1	320049
1600.33	0.8	NonTarget	1	320066
1600.415	0.8	NonTarget	1	320083
1600.495	0.8	NonTarget	1	320099
1600.58	0.8	NonTarget	1	320116
1610.585	0.8	NonTarget	1	322117
1610.66	0.8	NonTarget	1	322132
1610.745	0.8	NonTarget	1	322149
1610.83	0.8	NonTarget	1	322166
1610.91	0.8	NonTarget	1	322182
1610.995	0.8	NonTarget	1	322199
1611.075	0.8	Target	2	322215
1611.16	0.8	NonTarget	1	322232
1611.245	0.8	NonTarget	1	322249
1611.33	0.8	NonTarget	1	322266
1611.415	0.8	NonTarget	1	322283
1611.495	0.8	NonTarget	1	322299
1611.58	0.8	NonTarget	1	322316
1611.665	0.8	NonTarget	1	322333
1611.745	0.8	NonTarget	1	322349
1611.83	0.8	NonTarget	1	322366
1611.915	0.8	NonTarget	1	322383
1611.995	0.8	NonTarget	1	322399
1612.08	0.8	NonTarget	1	322416
1612.165	0.8	NonTarget	1	322433
1612.245	0.8	NonTarget	1	322449
1612.33	0.8	NonTarget	1	322466
1612.415	0.8	NonTarget	1	322483
1612.5	0.8	NonTarget	1	322500
1612.58	0.8	NonTarget	1	322516
1612.665	0.8	NonTarget	1	322533
1612.75	0.8	NonTarget	1	322550
1612.83	0.8	NonTarget	1	322566
1612.915	0.8	NonTarget	1	322583
1613.0	0.8	NonTarget	1	322600
1613.4	0.8	NonTarget	1	322680
1613.48	0.8	NonTarget	1	322696
1613.565	0.8	NonTarget	1	322713
1613.65	0.8	NonTarget	1	322730
1613.73	0.8	NonTarget	1	322746
1613.815	0.8	NonTarget	1	322763
1613.9	0.8	NonTarget	1	322780
1613.98	0.8	NonTarget	1	322796
1614.065	0.8	NonTarget	1	322813
1614.15	0.8	NonTarget	1	322830
1614.235	0.8	NonTarget	1	322847
1614.315	0.8	NonTarget	1	322863
1614.4	0.8	NonTarget	1	322880
1614.485	0.8	NonTarget	1	322897
1614.565	0.8	NonTarget	1	322913
1614.65	0.8	NonTarget	1	322930
1614.735	0.8	NonTarget	1	322947
1614.82	0.8	NonTarget	1	322964
1614.9	0.8	NonTarget	1	322980
1614.985	0.8	NonTarget	1	322997
1615.065	0.8	NonTarget	1	323013
1615.15	0.8	Target	2	323030
1615.235	0.8	NonTarget	1	323047
1615.32	0.8	NonTarget	1	323064
1615.4	0.8	NonTarget	1	323080
1615.485	0.8	NonTarget	1	323097
1615.57	0.8	NonTarget	1	323114
1615.65	0.8	NonTarget	1	323130
1615.735	0.8	NonTarget	1	323147
1615.82	0.8	NonTarget	1	323164
1616.22	0.8	NonTarget	1	323244
1616.305	0.8	NonTarget	1	323261
1616.385	0.8	NonTarget	1	323277
1616.47	0.8	NonTarget	1	323294
1616.55	0.8	NonTarget	1	323310
1616.635	0.8	NonTarget	1	323327
1616.72	0.8	Target	2	323344
1616.8	0.8	NonTarget	1	323360
1616.885	0.8	NonTarget	1	323377
1616.97	0.8	NonTarget	1	323394
1617.055	0.8	NonTarget	1	323411
1617.135	0.8	NonTarget	1	323427
1617.22	0.8	NonTarget	1	323444
1617.305	0.8	NonTarget	1	323461
1617.39	0.8	NonTarget	1	323478
1617.47	0.8	NonTarget	1	323494
1617.555	0.8	NonTarget	1	323511
1617.635	0.8	NonTarget	1	323527
1617.72	0.8	NonTarget	1	323544
1617.805	0.8	NonTarget	1	323561
1617.89	0.8	NonTarget	1	323578
1617.97	0.8	NonTarget	1	323594
1618.055	0.8	NonTarget	1	323611
1618.14	0.8	NonTarget	1	323628
1618.225	0.8	NonTarget	1	323645
1618.305	0.8	NonTarget	1	323661
1618.39	0.8	NonTarget	1	323678
1618.47	0.8	NonTarget	1	323694
1618.555	0.8	NonTarget	1	323711
1618.64	0.8	NonTarget	1	323728
1619.04	0.8	NonTarget	1	323808
1619.125	0.8	NonTarget	1	323825
1619.205	0.8	NonTarget	1	323841
1619.29	0.8	NonTarget	1	323858
1619.375	0.8	NonTarget	1	323875
1619.455	0.8	NonTarget	1	323891
1619.54	0.8	Target	2	323908
1619.625	0.8	NonTarget	1	323925
1619.705	0.8	NonTarget	1	323941
1619.79	0.8	NonTarget	1	323958
1619.875	0.8	NonTarget	1	323975
1619.96	0.8	NonTarget	1	323992
1620.04	0.8	NonTarget	1	324008
1620.125	0.8	NonTarget	1	324025
1620.21	0.8	NonTarget	1	324042
1620.29	0.8	NonTarget	1	324058
1620.375	0.8	NonTarget	1	324075
1620.46	0.8	NonTarget	1	324092
1620.54	0.8	NonTarget	1	324108
1620.625	0.8	NonTarget	1	324125
1620.71	0.8	NonTarget	1	324142
1620.79	0.8	NonTarget	1	324158
1620.875	0.8	NonTarget	1	324175
1620.96	0.8	NonTarget	1	324192
1621.04	0.8	NonTarget	1	324208
1621.125	0.8	NonTarget	1	324225
1621.21	0.8	NonTarget	1	324242
1621.295	0.8	NonTarget	1	324259
1621.375	0.8	NonTarget	1	324275
1621.46	0.8	NonTarget	1	324292
1621.86	0.8	NonTarget	1	324372
1621.945	0.8	NonTarget	1	324389
1622.025	0.8	NonTarget	1	324405
1622.11	0.8	NonTarget	1	324422
1622.195	0.8	NonTarget	1	324439
1622.275	0.8	NonTarget	1	324455
1622.36	0.8	NonTarget	1	324472
1622.445	0.8	NonTarget	1	324489
1622.525	0.8	NonTarget	1	324505
1622.61	0.8	NonTarget	1	324522
1622.695	0.8	NonTarget	1	324539
1622.78	0.8	NonTarget	1	324556
1622.865	0.8	NonTarget	1	324573
1622.945	0.8	NonTarget	1	324589
1623.03	0.8	NonTarget	1	324606
1623.115	0.8	NonTarget	1	324623
1623.195	0.8	NonTarget	1	324639
1623.28	0.8	NonTarget	1	324656
1623.365	0.8	NonTarget	1	324673
1623.445	0.8	NonTarget	1	324689
1623.53	0.8	NonTarget	1	324706
1623.615	0.8	NonTarget	1	324723
1623.695	0.8	NonTarget	1	324739
1623.78	0.8	NonTarget	1	324756
1623.865	0.8	NonTarget	1	324773
1623.945	0.8	NonTarget	1	324789
1624.03	0.8	Target	2	324806
1624.115	0.8	NonTarget	1	324823
1624.2	0.8	NonTarget	1	324840
1624.28	0.8	NonTarget	1	324856
1624.68	0.8	NonTarget	1	324936
1624.765	0.8	NonTarget	1	324953
1624.85	0.8	NonTarget	1	324970
1624.93	0.8	NonTarget	1	324986
1625.015	0.8	NonTarget	1	325003
1625.1	0.8	NonTarget	1	325020
1625.18	0.8	NonTarget	1	325036
1625.265	0.8	NonTarget	1	325053
1625.35	0.8	NonTarget	1	325070
1625.43	0.8	NonTarget	1	325086
1625.515	0.8	NonTarget	1	325103
1625.6	0.8	NonTarget	1	325120
1625.68	0.8	NonTarget	1	325136
1625.765	0.8	NonTarget	1	325153
1625.85	0.8	NonTarget	1	325170
1625.935	0.8	NonTarget	1	325187
1626.015	0.8	Target	2	325203
1626.1	0.8	NonTarget	1	325220
1626.185	0.8	NonTarget	1	325237
1626.265	0.8	NonTarget	1	325253
1626.35	0.8	NonTarget	1	325270
1626.435	0.8	NonTarget	1	325287
1626.515	0.8	NonTarget	1	325303
1626.6	0.8	NonTarget	1	325320
1626.685	0.8	NonTarget	1	325337
1626.765	0.8	NonTarget	1	325353
1626.85	0.8	NonTarget	1	325370
1626.935	0.8	NonTarget	1	325387
1627.02	0.8	NonTarget	1	325404
1627.1	0.8	NonTarget	1	325420
1627.505	0.8	NonTarget	1	325501
1627.585	0.8	NonTarget	1	325517
1627.67	0.8	NonTarget	1	325534
1627.75	0.8	NonTarget	1	325550
1627.835	0.8	NonTarget	1	325567
1627.92	0.8	NonTarget	1	325584
1628.0	0.8	NonTarget	1	325600
1628.085	0.8	NonTarget	1	325617
1628.17	0.8	NonTarget	1	325634
1628.25	0.8	NonTarget	1	325650
1628.335	0.8	NonTarget	1	325667
1628.42	0.8	NonTarget	1	325684
1628.505	0.8	NonTarget	1	325701
1628.59	0.8	NonTarget	1	325718
1628.67	0.8	NonTarget	1	325734
1628.755	0.8	NonTarget	1	325751
1628.835	0.8	NonTarget	1	325767
1628.92	0.8	NonTarget	1	325784
1629.005	0.8	NonTarget	1	325801
1629.085	0.8	NonTarget	1	325817
1629.17	0.8	NonTarget	1	325834
1629.255	0.8	NonTarget	1	325851
1629.34	0.8	NonTarget	1	325868
1629.42	0.8	NonTarget	1	325884
1629.505	0.8	NonTarget	1	325901
1629.59	0.8	NonTarget	1	325918
1629.67	0.8	Target	2	325934
1629.755	0.8	NonTarget	1	325951
1629.84	0.8	NonTarget	1	325968
1629.92	0.8	NonTarget	1	325984
1630.32	0.8	NonTarget	1	326064
1630.405	0.8	Target	2	326081
1630.49	0.8	NonTarget	1	326098
1630.575	0.8	NonTarget	1	326115
1630.655	0.8	NonTarget	1	326131
1630.74	0.8	NonTarget	1	326148
1630.825	0.8	NonTarget	1	326165
1630.905	0.8	NonTarget	1	326181
1630.99	0.8	NonTarget	1	326198
1631.075	0.8	NonTarget	1	326215
1631.155	0.8	NonTarget	1	326231
1631.24	0.8	NonTarget	1	326248
1631.325	0.8	NonTarget	1	326265
1631.405	0.8	NonTarget	1	326281
1631.49	0.8	NonTarget	1	326298
1631.575	0.8	NonTarget	1	326315
1631.655	0.8	NonTarget	1	326331
1631.74	0.8	NonTarget	1	326348
1631.825	0.8	NonTarget	1	326365
1631.91	0.8	NonTarget	1	326382
1631.99	0.8	NonTarget	1	326398
1632.075	0.8	NonTarget	1	326415
1632.16	0.8	NonTarget	1	326432
1632.24	0.8	NonTarget	1	326448
1632.325	0.8	NonTarget	1	326465
1632.41	0.8	NonTarget	1	326482
1632.49	0.8	NonTarget	1	326498
1632.575	0.8	NonTarget	1	326515
1632.66	0.8	NonTarget	1	326532
1632.74	0.8	NonTarget	1	326548
1633.145	0.8	NonTarget	1	326629
1633.225	0.8	NonTarget	1	326645
1633.31	0.8	NonTarget	1	326662
1633.395	0.8	NonTarget	1	326679
1633.475	0.8	NonTarget	1	326695
1633.56	0.8	NonTarget	1	326712
1633.645	0.8	NonTarget	1	326729
1633.725	0.8	NonTarget	1	326745
1633.81	0.8	NonTarget	1	326762
1633.895	0.8	NonTarget	1	326779
1633.98	0.8	NonTarget	1	326796
1634.06	0.8	NonTarget	1	326812
1634.145	0.8	NonTarget	1	326829
1634.23	0.8	NonTarget	1	326846
1634.31	0.8	NonTarget	1	326862
1634.395	0.8	NonTarget	1	326879
1634.48	0.8	NonTarget	1	326896
1634.56	0.8	NonTarget	1	326912
1634.645	0.8	NonTarget	1	326929
1634.73	0.8	NonTarget	1	326946
1634.81	0.8	NonTarget	1	326962
1634.895	0.8	Target	2	326979
1634.98	0.8	NonTarget	1	326996
1635.065	0.8	NonTarget	1	327013
1635.145	0.8	NonTarget	1	327029
1635.23	0.8	NonTarget	1	327046
1635.315	0.8	NonTarget	1	327063
1635.395	0.8	NonTarget	1	327079
1635.48	0.8	NonTarget	1	327096
1635.56	0.8	NonTarget	1	327112
1635.965	0.8	NonTarget	1	327193
1636.045	0.8	NonTarget	1	327209
1636.13	0.8	NonTarget	1	327226
1636.215	0.8	NonTarget	1	327243
1636.3	0.8	NonTarget	1	327260
1636.38	0.8	NonTarget	1	327276
1636.465	0.8	NonTarget	1	327293
1636.545	0.8	NonTarget	1	327309
1636.63	0.8	NonTarget	1	327326
1636.715	0.8	NonTarget	1	327343
1636.8	0.8	NonTarget	1	327360
1636.88	0.8	NonTarget	1	327376
1636.965	0.8	NonTarget	1	327393
1637.05	0.8	NonTarget	1	327410
1637.13	0.8	NonTarget	1	327426
1637.215	0.8	NonTarget	1	327443
1637.3	0.8	NonTarget	1	327460
1637.385	0.8	NonTarget	1	327477
1637.465	0.8	NonTarget	1	327493
1637.55	0.8	NonTarget	1	327510
1637.63	0.8	NonTarget	1	327526
1637.715	0.8	NonTarget	1	327543
1637.8	0.8	NonTarget	1	327560
1637.88	0.8	NonTarget	1	327576
1637.965	0.8	NonTarget	1	327593
1638.05	0.8	NonTarget	1	327610
1638.13	0.8	Target	2	327626
1638.215	0.8	NonTarget	1	327643
1638.3	0.8	NonTarget	1	327660
1638.385	0.8	NonTarget	1	327677
1654.215	0.8	NonTarget	1	330843
1654.315	0.8	NonTarget	1	330863
1654.415	0.8	NonTarget	1	330883
1654.515	0.8	NonTarget	1	330903
1654.615	0.8	NonTarget	1	330923
1654.715	0.8	NonTarget	1	330943
1654.815	0.8	NonTarget	1	330963
1654.915	0.8	NonTarget	1	330983
1655.015	0.8	NonTarget	1	331003
1655.115	0.8	NonTarget	1	331023
1655.215	0.8	NonTarget	1	331043
1655.315	0.8	NonTarget	1	331063
1655.415	0.8	NonTarget	1	331083
1655.5	0.8	NonTarget	1	331100
1655.6	0.8	NonTarget	1	331120
1655.7	0.8	NonTarget	1	331140
1655.785	0.8	Target	2	331157
1655.885	0.8	NonTarget	1	331177
1655.965	0.8	NonTarget	1	331193
1656.065	0.8	NonTarget	1	331213
1656.15	0.8	NonTarget	1	331230
1656.25	0.8	NonTarget	1	331250
1656.335	0.8	NonTarget	1	331267
1656.435	0.8	NonTarget	1	331287
1656.535	0.8	NonTarget	1	331307
1656.635	0.8	NonTarget	1	331327
1656.735	0.8	NonTarget	1	331347
1656.835	0.8	NonTarget	1	331367
1656.935	0.8	NonTarget	1	331387
1657.035	0.8	NonTarget	1	331407
1657.44	0.8	NonTarget	1	331488
1657.535	0.8	NonTarget	1	331507
1657.635	0.8	NonTarget	1	331527
1657.735	0.8	NonTarget	1	331547
1657.835	0.8	NonTarget	1	331567
1657.935	0.8	NonTarget	1	331587
1658.035	0.8	Target	2	331607
1658.135	0.8	NonTarget	1	331627
1658.235	0.8	NonTarget	1	331647
1658.32	0.8	NonTarget	1	331664
1658.405	0.8	NonTarget	1	331681
1658.505	0.8	NonTarget	1	331701
1658.605	0.8	NonTarget	1	331721
1658.695	0.8	NonTarget	1	331739
1658.785	0.8	NonTarget	1	331757
1658.885	0.8	NonTarget	1	331777
1658.99	0.8	NonTarget	1	331798
1659.085	0.8	NonTarget	1	331817
1659.19	0.8	NonTarget	1	331838
1659.29	0.8	NonTarget	1	331858
1659.37	0.8	NonTarget	1	331874
1659.47	0.8	NonTarget	1	331894
1659.57	0.8	NonTarget	1	331914
1659.655	0.8	NonTarget	1	331931
1659.755	0.8	NonTarget	1	331951
1659.84	0.8	NonTarget	1	331968
1659.92	0.8	NonTarget	1	331984
1660.005	0.8	NonTarget	1	332001
1660.095	0.8	NonTarget	1	332019
1660.19	0.8	NonTarget	1	332038
1660.595	0.8	NonTarget	1	332119
1660.69	0.8	Target	2	332138
1660.79	0.8	NonTarget	1	332158
1660.89	0.8	NonTarget	1	332178
1660.975	0.8	NonTarget	1	332195
1661.06	0.8	NonTarget	1	332212
1661.155	0.8	NonTarget	1	332231
1661.255	0.8	NonTarget	1	332251
1661.34	0.8	NonTarget	1	332268
1661.44	0.8	NonTarget	1	332288
1661.525	0.8	NonTarget	1	332305
1661.63	0.8	NonTarget	1	332326
1661.725	0.8	NonTarget	1	332345
1661.825	0.8	NonTarget	1	332365
1661.925	0.8	NonTarget	1	332385
1662.01	0.8	NonTarget	1	332402
1662.09	0.8	NonTarget	1	332418
1662.19	0.8	NonTarget	1	332438
1662.29	0.8	NonTarget	1	332458
1662.39	0.8	NonTarget	1	332478
1662.475	0.8	NonTarget	1	332495
1662.575	0.8	NonTarget	1	332515
1662.66	0.8	NonTarget	1	332532
1662.745	0.8	NonTarget	1	332549
1662.825	0.8	NonTarget	1	332565
1662.925	0.8	NonTarget	1	332585
1663.025	0.8	NonTarget	1	332605
1663.125	0.8	NonTarget	1	332625
1663.23	0.8	NonTarget	1	332646
1663.325	0.8	NonTarget	1	332665
1663.74	0.8	NonTarget	1	332748
1663.835	0.8	NonTarget	1	332767
1663.925	0.8	NonTarget	1	332785
1664.03	0.8	NonTarget	1	332806
1664.13	0.8	NonTarget	1	332826
1664.225	0.8	NonTarget	1	332845
1664.33	0.8	NonTarget	1	332866
1664.41	0.8	NonTarget	1	332882
1664.495	0.8	NonTarget	1	332899
1664.595	0.8	NonTarget	1	332919
1664.695	0.8	NonTarget	1	332939
1664.775	0.8	NonTarget	1	332955
1664.88	0.8	NonTarget	1	332976
1664.98	0.8	NonTarget	1	332996
1665.065	0.8	NonTarget	1	333013
1665.16	0.8	NonTarget	1	333032
1665.265	0.8	Target	2	333053
1665.365	0.8	NonTarget	1	333073
1665.465	0.8	NonTarget	1	333093
1665.565	0.8	NonTarget	1	333113
1665.65	0.8	NonTarget	1	333130
1665.73	0.8	NonTarget	1	333146
1665.83	0.8	NonTarget	1	333166
1665.915	0.8	NonTarget	1	333183
1666.015	0.8	NonTarget	1	333203
1666.115	0.8	NonTarget	1	333223
1666.2	0.8	NonTarget	1	333240
1666.3	0.8	NonTarget	1	333260
1666.4	0.8	NonTarget	1	333280
1666.5	0.8	NonTarget	1	333300
1666.89	0.8	NonTarget	1	333378
1666.98	0.8	Target	2	333396
1667.08	0.8	NonTarget	1	333416
1667.18	0.8	NonTarget	1	333436
1667.285	0.8	NonTarget	1	333457
1667.38	0.8	NonTarget	1	333476
1667.48	0.8	NonTarget	1	333496
1667.565	0.8	NonTarget	1	333513
1667.65	0.8	NonTarget	1	333530
1667.735	0.8	NonTarget	1	333547
1667.835	0.8	NonTarget	1	333567
1667.935	0.8	NonTarget	1	333587
1668.035	0.8	NonTarget	1	333607
1668.135	0.8	NonTarget	1	333627
1668.235	0.8	NonTarget	1	333647
1668.315	0.8	NonTarget	1	333663
1668.42	0.8	NonTarget	1	333684
1668.5	0.8	NonTarget	1	333700
1668.6	0.8	NonTarget	1	333720
1668.685	0.8	NonTarget	1	333737
1668.785	0.8	NonTarget	1	333757
1668.885	0.8	NonTarget	1	333777
1668.985	0.8	NonTarget	1	333797
1669.085	0.8	NonTarget	1	333817
1669.185	0.8	NonTarget	1	333837
1669.285	0.8	NonTarget	1	333857
1669.385	0.8	NonTarget	1	333877
1669.485	0.8	NonTarget	1	333897
1669.57	0.8	NonTarget	1	333914
1669.67	0.8	NonTarget	1	333934
1670.075	0.8	NonTarget	1	334015
1670.17	0.8	Target	2	334034
1670.255	0.8	NonTarget	1	334051
1670.355	0.8	NonTarget	1	334071
1670.455	0.8	NonTarget	1	334091
1670.555	0.8	NonTarget	1	334111
1670.65	0.8	NonTarget	1	334130
1670.755	0.8	NonTarget	1	334151
1670.855	0.8	NonTarget	1	334171
1670.935	0.8	NonTarget	1	334187
1671.02	0.8	NonTarget	1	334204
1671.12	0.8	NonTarget	1	334224
1671.205	0.8	NonTarget	1	334241
1671.305	0.8	NonTarget	1	334261
1671.405	0.8	NonTarget	1	334281
1671.505	0.8	NonTarget	1	334301
1671.59	0.8	NonTarget	1	334318
1671.69	0.8	NonTarget	1	334338
1671.775	0.8	NonTarget	1	334355
1671.875	0.8	NonTarget	1	334375
1671.975	0.8	NonTarget	1	334395
1672.055	0.8	NonTarget	1	334411
1672.155	0.8	NonTarget	1	334431
1672.255	0.8	NonTarget	1	334451
1672.355	0.8	NonTarget	1	334471
1672.44	0.8	NonTarget	1	334488
1672.54	0.8	NonTarget	1	334508
1672.645	0.8	NonTarget	1	334529
1672.74	0.8	NonTarget	1	334548
1672.85	0.8	NonTarget	1	334570
1673.25	0.8	NonTarget	1	334650
1673.34	0.8	NonTarget	1	334668
1673.44	0.8	NonTarget	1	334688
1673.54	0.8	NonTarget	1	334708
1673.64	0.8	NonTarget	1	334728
1673.725	0.8	NonTarget	1	334745
1673.825	0.8	NonTarget	1	334765
1673.91	0.8	NonTarget	1	334782
1674.01	0.8	NonTarget	1	334802
1674.09	0.8	NonTarget	1	334818
1674.175	0.8	NonTarget	1	334835
1674.275	0.8	Target	2	334855
1674.375	0.8	NonTarget	1	334875
1674.475	0.8	NonTarget	1	334895
1674.565	0.8	NonTarget	1	334913
1674.66	0.8	NonTarget	1	334932
1674.76	0.8	NonTarget	1	334952
1674.845	0.8	NonTarget	1	334969
1674.945	0.8	NonTarget	1	334989
1675.04	0.8	NonTarget	1	335008
1675.145	0.8	NonTarget	1	335029
1675.245	0.8	NonTarget	1	335049
1675.325	0.8	NonTarget	1	335065
1675.425	0.8	NonTarget	1	335085
1675.53	0.8	NonTarget	1	335106
1675.625	0.8	NonTarget	1	335125
1675.725	0.8	NonTarget	1	335145
1675.81	0.8	NonTarget	1	335162
1675.91	0.8	NonTarget	1	335182
1675.995	0.8	NonTarget	1	335199
1676.405	0.8	NonTarget	1	335281
1676.495	0.8	NonTarget	1	335299
1676.595	0.8	NonTarget	1	335319
1676.695	0.8	NonTarget	1	335339
1676.78	0.8	NonTarget	1	335356
1676.865	0.8	NonTarget	1	335373
1676.965	0.8	Target	2	335393
1677.045	0.8	NonTarget	1	335409
1677.15	0.8	NonTarget	1	335430
1677.245	0.8	NonTarget	1	335449
1677.33	0.8	NonTarget	1	335466
1677.415	0.8	NonTarget	1	335483
1677.495	0.8	NonTarget	1	335499
1677.595	0.8	NonTarget	1	335519
1677.695	0.8	NonTarget	1	335539
1677.8	0.8	NonTarget	1	335560
1677.88	0.8	NonTarget	1	335576
1677.98	0.8	NonTarget	1	335596
1678.065	0.8	NonTarget	1	335613
1678.165	0.8	NonTarget	1	335633
1678.265	0.8	NonTarget	1	335653
1678.365	0.8	NonTarget	1	335673
1678.45	0.8	NonTarget	1	335690
1678.55	0.8	NonTarget	1	335710
1678.65	0.8	NonTarget	1	335730
1678.73	0.8	NonTarget	1	335746
1678.815	0.8	NonTarget	1	335763
1678.915	0.8	NonTarget	1	335783
1679.015	0.8	NonTarget	1	335803
1679.115	0.8	NonTarget	1	335823
1679.53	0.8	NonTarget	1	335906
1679.615	0.8	NonTarget	1	335923
1679.7	0.8	NonTarget	1	335940
1679.785	0.8	NonTarget	1	335957
1679.885	0.8	NonTarget	1	335977
1679.975	0.8	NonTarget	1	335995
1680.07	0.8	Target	2	336014
1680.17	0.8	NonTarget	1	336034
1680.27	0.8	NonTarget	1	336054
1680.365	0.8	NonTarget	1	336073
1680.45	0.8	NonTarget	1	336090
1680.555	0.8	NonTarget	1	336111
1680.65	0.8	NonTarget	1	336130
1680.75	0.8	NonTarget	1	336150
1680.85	0.8	NonTarget	1	336170
1680.95	0.8	NonTarget	1	336190
1681.05	0.8	NonTarget	1	336210
1681.155	0.8	NonTarget	1	336231
1681.235	0.8	NonTarget	1	336247
1681.335	0.8	NonTarget	1	336267
1681.435	0.8	NonTarget	1	336287
1681.535	0.8	NonTarget	1	336307
1681.62	0.8	NonTarget	1	336324
1681.72	0.8	NonTarget	1	336344
1681.8	0.8	NonTarget	1	336360
1681.885	0.8	NonTarget	1	336377
1681.985	0.8	NonTarget	1	336397
1682.07	0.8	NonTarget	1	336414
1682.17	0.8	NonTarget	1	336434
1682.255	0.8	NonTarget	1	336451
1682.645	0.8	NonTarget	1	336529
1682.74	0.8	NonTarget	1	336548
1682.84	0.8	NonTarget	1	336568
1682.94	0.8	NonTarget	1	336588
1683.04	0.8	NonTarget	1	336608
1683.14	0.8	NonTarget	1	336628
1683.235	0.8	NonTarget	1	336647
1683.34	0.8	NonTarget	1	336668
1683.44	0.8	NonTarget	1	336688
1683.52	0.8	NonTarget	1	336704
1683.625	0.8	NonTarget	1	336725
1683.72	0.8	NonTarget	1	336744
1683.805	0.8	NonTarget	1	336761
1683.905	0.8	NonTarget	1	336781
1684.005	0.8	NonTarget	1	336801
1684.09	0.8	NonTarget	1	336818
1684.19	0.8	Target	2	336838
1684.275	0.8	NonTarget	1	336855
1684.36	0.8	NonTarget	1	336872
1684.46	0.8	NonTarget	1	336892
1684.555	0.8	NonTarget	1	336911
1684.64	0.8	NonTarget	1	336928
1684.74	0.8	NonTarget	1	336948
1684.84	0.8	NonTarget	1	336968
1684.945	0.8	NonTarget	1	336989
1685.04	0.8	NonTarget	1	337008
1685.125	0.8	NonTarget	1	337025
1685.21	0.8	NonTarget	1	337042
1685.31	0.8	NonTarget	1	337062
1685.405	0.8	NonTarget	1	337081
1694.57	0.8	NonTarget	1	338914
1694.655	0.8	NonTarget	1	338931
1694.74	0.8	NonTarget	1	338948
1694.84	0.8	NonTarget	1	338968
1694.925	0.8	NonTarget	1	338985
1695.025	0.8	NonTarget	1	339005
1695.12	0.8	NonTarget	1	339024
1695.205	0.8	NonTarget	1	339041
1695.29	0.8	NonTarget	1	339058
1695.39	0.8	NonTarget	1	339078
1695.49	0.8	NonTarget	1	339098
1695.575	0.8	NonTarget	1	339115
1695.655	0.8	NonTarget	1	339131
1695.76	0.8	NonTarget	1	339152
1695.855	0.8	NonTarget	1	339171
1695.94	0.8	NonTarget	1	339188
1696.04	0.8	NonTarget	1	339208
1696.145	0.8	NonTarget	1	339229
1696.24	0.8	NonTarget	1	339248
1696.32	0.8	NonTarget	1	339264
1696.425	0.8	NonTarget	1	339285
1696.525	0.8	NonTarget	1	339305
1696.61	0.8	NonTarget	1	339322
1696.71	0.8	NonTarget	1	339342
1696.81	0.8	NonTarget	1	339362
1696.91	0.8	NonTarget	1	339382
1697.01	0.8	NonTarget	1	339402
1697.115	0.8	NonTarget	1	339423
1697.21	0.8	NonTarget	1	339442
1697.31	0.8	Target	2	339462
1697.72	0.8	NonTarget	1	339544
1697.81	0.8	NonTarget	1	339562
1697.91	0.8	NonTarget	1	339582
1698.01	0.8	NonTarget	1	339602
1698.095	0.8	NonTarget	1	339619
1698.175	0.8	NonTarget	1	339635
1698.285	0.8	NonTarget	1	339657
1698.375	0.8	NonTarget	1	339675
1698.48	0.8	NonTarget	1	339696
1698.575	0.8	NonTarget	1	339715
1698.675	0.8	NonTarget	1	339735
1698.76	0.8	NonTarget	1	339752
1698.86	0.8	NonTarget	1	339772
1698.945	0.8	NonTarget	1	339789
1699.05	0.8	NonTarget	1	339810
1699.145	0.8	NonTarget	1	339829
1699.25	0.8	NonTarget	1	339850
1699.345	0.8	NonTarget	1	339869
1699.445	0.8	NonTarget	1	339889
1699.53	0.8	NonTarget	1	339906
1699.63	0.8	NonTarget	1	339926
1699.73	0.8	NonTarget	1	339946
1699.81	0.8	NonTarget	1	339962
1699.915	0.8	NonTarget	1	339983
1700.015	0.8	NonTarget	1	340003
1700.115	0.8	NonTarget	1	340023
1700.21	0.8	NonTarget	1	340042
1700.315	0.8	NonTarget	1	340063
1700.4	0.8	NonTarget	1	340080
1700.495	0.8	Target	2	340099
1700.89	0.8	NonTarget	1	340178
1700.98	0.8	NonTarget	1	340196
1701.065	0.8	NonTarget	1	340213
1701.165	0.8	NonTarget	1	340233
1701.265	0.8	Target	2	340253
1701.365	0.8	NonTarget	1	340273
1701.465	0.8	NonTarget	1	340293
1701.565	0.8	NonTarget	1	340313
1701.65	0.8	NonTarget	1	340330
1701.735	0.8	NonTarget	1	340347
1701.83	0.8	NonTarget	1	340366
1701.93	0.8	NonTarget	1	340386
1702.035	0.8	NonTarget	1	340407
1702.13	0.8	NonTarget	1	340426
1702.215	0.8	NonTarget	1	340443
1702.3	0.8	NonTarget	1	340460
1702.4	0.8	NonTarget	1	340480
1702.48	0.8	NonTarget	1	340496
1702.585	0.8	NonTarget	1	340517
1702.665	0.8	NonTarget	1	340533
1702.765	0.8	NonTarget	1	340553
1702.85	0.8	NonTarget	1	340570
1702.93	0.8	NonTarget	1	340586
1703.02	0.8	NonTarget	1	340604
1703.115	0.8	NonTarget	1	340623
1703.2	0.8	NonTarget	1	340640
1703.3	0.8	NonTarget	1	340660
1703.385	0.8	NonTarget	1	340677
1703.465	0.8	NonTarget	1	340693
1703.565	0.8	NonTarget	1	340713
1703.965	0.8	NonTarget	1	340793
1704.05	0.8	NonTarget	1	340810
1704.15	0.8	NonTarget	1	340830
1704.255	0.8	NonTarget	1	340851
1704.355	0.8	Target	2	340871
1704.435	0.8	NonTarget	1	340887
1704.535	0.8	NonTarget	1	340907
1704.635	0.8	NonTarget	1	340927
1704.735	0.8	NonTarget	1	340947
1704.82	0.8	NonTarget	1	340964
1704.92	0.8	NonTarget	1	340984
1705.005	0.8	NonTarget	1	341001
1705.105	0.8	NonTarget	1	341021
1705.205	0.8	NonTarget	1	341041
1705.305	0.8	NonTarget	1	341061
1705.405	0.8	NonTarget	1	341081
1705.49	0.8	NonTarget	1	341098
1705.59	0.8	NonTarget	1	341118
1705.67	0.8	NonTarget	1	341134
1705.755	0.8	NonTarget	1	341151
1705.855	0.8	NonTarget	1	341171
1705.94	0.8	NonTarget	1	341188
1706.04	0.8	NonTarget	1	341208
1706.14	0.8	NonTarget	1	341228
1706.24	0.8	NonTarget	1	341248
1706.32	0.8	NonTarget	1	341264
1706.405	0.8	NonTarget	1	341281
1706.49	0.8	NonTarget	1	341298
1706.59	0.8	NonTarget	1	341318
1706.69	0.8	NonTarget	1	341338
1707.1	0.8	NonTarget	1	341420
1707.19	0.8	NonTarget	1	341438
1707.27	0.8	NonTarget	1	341454
1707.375	0.8	NonTarget	1	341475
1707.47	0.8	NonTarget	1	341494
1707.555	0.8	NonTarget	1	341511
1707.64	0.8	NonTarget	1	341528
1707.725	0.8	NonTarget	1	341545
1707.825	0.8	NonTarget	1	341565
1707.925	0.8	NonTarget	1	341585
1708.025	0.8	NonTarget	1	341605
1708.125	0.8	NonTarget	1	341625
1708.225	0.8	NonTarget	1	341645
1708.325	0.8	NonTarget	1	341665
1708.425	0.8	NonTarget	1	341685
1708.525	0.8	NonTarget	1	341705
1708.61	0.8	NonTarget	1	341722
1708.71	0.8	NonTarget	1	341742
1708.79	0.8	NonTarget	1	341758
1708.89	0.8	NonTarget	1	341778
1709.0	0.8	NonTarget	1	341800
1709.09	0.8	NonTarget	1	341818
1709.175	0.8	NonTarget	1	341835
1709.275	0.8	NonTarget	1	341855
1709.36	0.8	NonTarget	1	341872
1709.44	0.8	NonTarget	1	341888
1709.545	0.8	NonTarget	1	341909
1709.645	0.8	NonTarget	1	341929
1709.745	0.8	NonTarget	1	341949
1709.845	0.8	Target	2	341969
1710.235	0.8	NonTarget	1	342047
1710.325	0.8	NonTarget	1	342065
1710.43	0.8	NonTarget	1	342086
1710.53	0.8	NonTarget	1	342106
1710.63	0.8	NonTarget	1	342126
1710.73	0.8	NonTarget	1	342146
1710.83	0.8	NonTarget	1	342166
1710.91	0.8	NonTarget	1	342182
1711.01	0.8	NonTarget	1	342202
1711.11	0.8	NonTarget	1	342222
1711.195	0.8	NonTarget	1	342239
1711.275	0.8	NonTarget	1	342255
1711.38	0.8	NonTarget	1	342276
1711.485	0.8	NonTarget	1	342297
1711.58	0.8	NonTarget	1	342316
1711.68	0.8	NonTarget	1	342336
1711.78	0.8	NonTarget	1	342356
1711.88	0.8	NonTarget	1	342376
1711.98	0.8	NonTarget	1	342396
1712.08	0.8	Target	2	342416
1712.165	0.8	NonTarget	1	342433
1712.245	0.8	NonTarget	1	342449
1712.345	0.8	NonTarget	1	342469
1712.445	0.8	NonTarget	1	342489
1712.53	0.8	NonTarget	1	342506
1712.63	0.8	NonTarget	1	342526
1712.73	0.8	NonTarget	1	342546
1712.83	0.8	NonTarget	1	342566
1712.93	0.8	NonTarget	1	342586
1713.015	0.8	NonTarget	1	342603
1713.405	0.8	NonTarget	1	342681
1713.5	0.8	NonTarget	1	342700
1713.6	0.8	NonTarget	1	342720
1713.685	0.8	NonTarget	1	342737
1713.78	0.8	Target	2	342756
1713.885	0.8	NonTarget	1	342777
1713.985	0.8	NonTarget	1	342797
1714.085	0.8	NonTarget	1	342817
1714.165	0.8	NonTarget	1	342833
1714.25	0.8	NonTarget	1	342850
1714.35	0.8	NonTarget	1	342870
1714.45	0.8	NonTarget	1	342890
1714.55	0.8	NonTarget	1	342910
1714.635	0.8	NonTarget	1	342927
1714.735	0.8	NonTarget	1	342947
1714.835	0.8	NonTarget	1	342967
1714.935	0.8	NonTarget	1	342987
1715.02	0.8	NonTarget	1	343004
1715.125	0.8	NonTarget	1	343025
1715.22	0.8	NonTarget	1	343044
1715.315	0.8	NonTarget	1	343063
1715.42	0.8	NonTarget	1	343084
1715.52	0.8	NonTarget	1	343104
1715.62	0.8	NonTarget	1	343124
1715.705	0.8	NonTarget	1	343141
1715.8	0.8	NonTarget	1	343160
1715.885	0.8	NonTarget	1	343177
1715.985	0.8	NonTarget	1	343197
1716.07	0.8	NonTarget	1	343214
1716.17	0.8	NonTarget	1	343234
1716.575	0.8	NonTarget	1	343315
1716.67	0.8	NonTarget	1	343334
1716.77	0.8	NonTarget	1	343354
1716.87	0.8	NonTarget	1	343374
1716.97	0.8	NonTarget	1	343394
1717.055	0.8	NonTarget	1	343411
1717.155	0.8	NonTarget	1	343431
1717.255	0.8	NonTarget	1	343451
1717.355	0.8	NonTarget	1	343471
1717.455	0.8	NonTarget	1	343491
1717.535	0.8	NonTarget	1	343507
1717.645	0.8	NonTarget	1	343529
1717.74	0.8	NonTarget	1	343548
1717.82	0.8	NonTarget	1	343564
1717.92	0.8	Target	2	343584
1718.02	0.8	NonTarget	1	343604
1718.105	0.8	NonTarget	1	343621
1718.205	0.8	NonTarget	1	343641
1718.29	0.8	NonTarget	1	343658
1718.39	0.8	NonTarget	1	343678
1718.485	0.8	NonTarget	1	343697
1718.58	0.8	NonTarget	1	343716
1718.675	0.8	NonTarget	1	343735
1718.77	0.8	NonTarget	1	343754
1718.875	0.8	NonTarget	1	343775
1718.97	0.8	NonTarget	1	343794
1719.055	0.8	NonTarget	1	343811
1719.14	0.8	NonTarget	1	343828
1719.225	0.8	NonTarget	1	343845
1719.305	0.8	NonTarget	1	343861
1719.7	0.8	NonTarget	1	343940
1719.79	0.8	NonTarget	1	343958
1719.89	0.8	NonTarget	1	343978
1719.995	0.8	NonTarget	1	343999
1720.075	0.8	NonTarget	1	344015
1720.16	0.8	NonTarget	1	344032
1720.255	0.8	NonTarget	1	344051
1720.36	0.8	NonTarget	1	344072
1720.46	0.8	NonTarget	1	344092
1720.55	0.8	NonTarget	1	344110
1720.645	0.8	NonTarget	1	344129
1720.74	0.8	NonTarget	1	344148
1720.84	0.8	NonTarget	1	344168
1720.925	0.8	NonTarget	1	344185
1721.01	0.8	NonTarget	1	344202
1721.09	0.8	NonTarget	1	344218
1721.195	0.8	NonTarget	1	344239
1721.3	0.8	NonTarget	1	344260
1721.395	0.8	NonTarget	1	344279
1721.49	0.8	NonTarget	1	344298
1721.595	0.8	NonTarget	1	344319
1721.695	0.8	NonTarget	1	344339
1721.795	0.8	NonTarget	1	344359
1721.895	0.8	NonTarget	1	344379
1721.995	0.8	NonTarget	1	344399
1722.095	0.8	NonTarget	1	344419
1722.195	0.8	NonTarget	1	344439
1722.275	0.8	NonTarget	1	344455
1722.38	0.8	NonTarget	1	344476
1722.475	0.8	Target	2	344495
1722.87	0.8	NonTarget	1	344574
1722.96	0.8	NonTarget	1	344592
1723.045	0.8	NonTarget	1	344609
1723.145	0.8	NonTarget	1	344629
1723.245	0.8	NonTarget	1	344649
1723.345	0.8	NonTarget	1	344669
1723.43	0.8	NonTarget	1	344686
1723.53	0.8	NonTarget	1	344706
1723.63	0.8	NonTarget	1	344726
1723.73	0.8	NonTarget	1	344746
1723.815	0.8	NonTarget	1	344763
1723.895	0.8	NonTarget	1	344779
1723.98	0.8	NonTarget	1	344796
1724.08	0.8	NonTarget	1	344816
1724.18	0.8	NonTarget	1	344836
1724.28	0.8	NonTarget	1	344856
1724.38	0.8	NonTarget	1	344876
1724.465	0.8	NonTarget	1	344893
1724.565	0.8	NonTarget	1	344913
1724.665	0.8	NonTarget	1	344933
1724.765	0.8	NonTarget	1	344953
1724.865	0.8	NonTarget	1	344973
1724.95	0.8	NonTarget	1	344990
1725.05	0.8	NonTarget	1	345010
1725.15	0.8	Target	2	345030
1725.25	0.8	NonTarget	1	345050
1725.35	0.8	NonTarget	1	345070
1725.445	0.8	NonTarget	1	345089
1725.53	0.8	NonTarget	1	345106
1725.635	0.8	NonTarget	1	345127
1734.795	0.8	NonTarget	1	346959
1734.895	0.8	NonTarget	1	346979
1734.995	0.8	NonTarget	1	346999
1735.095	0.8	NonTarget	1	347019
1735.18	0.8	NonTarget	1	347036
1735.28	0.8	NonTarget	1	347056
1735.38	0.8	NonTarget	1	347076
1735.48	0.8	NonTarget	1	347096
1735.565	0.8	NonTarget	1	347113
1735.665	0.8	NonTarget	1	347133
1735.765	0.8	NonTarget	1	347153
1735.845	0.8	NonTarget	1	347169
1735.95	0.8	NonTarget	1	347190
1736.05	0.8	NonTarget	1	347210
1736.15	0.8	NonTarget	1	347230
1736.245	0.8	NonTarget	1	347249
1736.33	0.8	NonTarget	1	347266
1736.43	0.8	NonTarget	1	347286
1736.53	0.8	NonTarget	1	347306
1736.615	0.8	NonTarget	1	347323
1736.715	0.8	NonTarget	1	347343
1736.8	0.8	NonTarget	1	347360
1736.9	0.8	NonTarget	1	347380
1737.0	0.8	Target	2	347400
1737.1	0.8	NonTarget	1	347420
1737.2	0.8	NonTarget	1	347440
1737.3	0.8	NonTarget	1	347460
1737.39	0.8	NonTarget	1	347478
1737.48	0.8	NonTarget	1	347496
1737.585	0.8	NonTarget	1	347517
1737.995	0.8	NonTarget	1	347599
1738.085	0.8	NonTarget	1	347617
1738.185	0.8	NonTarget	1	347637
1738.285	0.8	NonTarget	1	347657
1738.385	0.8	NonTarget	1	347677
1738.485	0.8	NonTarget	1	347697
1738.585	0.8	NonTarget	1	347717
1738.69	0.8	NonTarget	1	347738
1738.785	0.8	NonTarget	1	347757
1738.885	0.8	NonTarget	1	347777
1738.985	0.8	NonTarget	1	347797
1739.07	0.8	NonTarget	1	347814
1739.17	0.8	NonTarget	1	347834
1739.27	0.8	Target	2	347854
1739.37	0.8	NonTarget	1	347874
1739.47	0.8	NonTarget	1	347894
1739.57	0.8	NonTarget	1	347914
1739.67	0.8	NonTarget	1	347934
1739.77	0.8	NonTarget	1	347954
1739.87	0.8	NonTarget	1	347974
1739.97	0.8	NonTarget	1	347994
1740.07	0.8	NonTarget	1	348014
1740.155	0.8	NonTarget	1	348031
1740.235	0.8	NonTarget	1	348047
1740.32	0.8	NonTarget	1	348064
1740.42	0.8	NonTarget	1	348084
1740.52	0.8	NonTarget	1	348104
1740.605	0.8	NonTarget	1	348121
1740.705	0.8	NonTarget	1	348141
1740.805	0.8	NonTarget	1	348161
1741.21	0.8	NonTarget	1	348242
1741.305	0.8	NonTarget	1	348261
1741.39	0.8	NonTarget	1	348278
1741.49	0.8	Target	2	348298
1741.59	0.8	NonTarget	1	348318
1741.69	0.8	NonTarget	1	348338
1741.77	0.8	NonTarget	1	348354
1741.875	0.8	NonTarget	1	348375
1741.97	0.8	NonTarget	1	348394
1742.055	0.8	NonTarget	1	348411
1742.14	0.8	NonTarget	1	348428
1742.225	0.8	NonTarget	1	348445
1742.32	0.8	NonTarget	1	348464
1742.425	0.8	NonTarget	1	348485
1742.52	0.8	NonTarget	1	348504
1742.625	0.8	NonTarget	1	348525
1742.72	0.8	NonTarget	1	348544
1742.805	0.8	NonTarget	1	348561
1742.91	0.8	NonTarget	1	348582
1742.99	0.8	NonTarget	1	348598
1743.07	0.8	NonTarget	1	348614
1743.155	0.8	NonTarget	1	348631
1743.24	0.8	NonTarget	1	348648
1743.34	0.8	NonTarget	1	348668
1743.44	0.8	NonTarget	1	348688
1743.525	0.8	NonTarget	1	348705
1743.625	0.8	NonTarget	1	348725
1743.72	0.8	NonTarget	1	348744
1743.81	0.8	NonTarget	1	348762
1743.91	0.8	NonTarget	1	348782
1744.315	0.8	NonTarget	1	348863
1744.41	0.8	NonTarget	1	348882
1744.51	0.8	NonTarget	1	348902
1744.595	0.8	NonTarget	1	348919
1744.69	0.8	NonTarget	1	348938
1744.775	0.8	NonTarget	1	348955
1744.875	0.8	NonTarget	1	348975
1744.96	0.8	NonTarget	1	348992
1745.06	0.8	NonTarget	1	349012
1745.16	0.8	NonTarget	1	349032
1745.245	0.8	NonTarget	1	349049
1745.345	0.8	NonTarget	1	349069
1745.445	0.8	NonTarget	1	349089
1745.53	0.8	NonTarget	1	349106
1745.63	0.8	NonTarget	1	349126
1745.725	0.8	NonTarget	1	349145
1745.81	0.8	NonTarget	1	349162
1745.91	0.8	NonTarget	1	349182
1745.995	0.8	Target	2	349199
1746.08	0.8	NonTarget	1	349216
1746.18	0.8	NonTarget	1	349236
1746.28	0.8	NonTarget	1	349256
1746.38	0.8	NonTarget	1	349276
1746.465	0.8	NonTarget	1	349293
1746.56	0.8	NonTarget	1	349312
1746.66	0.8	NonTarget	1	349332
1746.745	0.8	NonTarget	1	349349
1746.845	0.8	NonTarget	1	349369
1746.93	0.8	NonTarget	1	349386
1747.015	0.8	NonTarget	1	349403
1747.425	0.8	NonTarget	1	349485
1747.51	0.8	NonTarget	1	349502
1747.595	0.8	NonTarget	1	349519
1747.695	0.8	NonTarget	1	349539
1747.795	0.8	NonTarget	1	349559
1747.905	0.8	NonTarget	1	349581
1747.995	0.8	NonTarget	1	349599
1748.095	0.8	NonTarget	1	349619
1748.18	0.8	NonTarget	1	349636
1748.28	0.8	NonTarget	1	349656
1748.385	0.8	NonTarget	1	349677
1748.48	0.8	NonTarget	1	349696
1748.565	0.8	NonTarget	1	349713
1748.665	0.8	NonTarget	1	349733
1748.765	0.8	NonTarget	1	349753
1748.865	0.8	NonTarget	1	349773
1748.95	0.8	NonTarget	1	349790
1749.05	0.8	NonTarget	1	349810
1749.13	0.8	Target	2	349826
1749.235	0.8	NonTarget	1	349847
1749.33	0.8	NonTarget	1	349866
1749.415	0.8	NonTarget	1	349883
1749.515	0.8	NonTarget	1	349903
1749.6	0.8	NonTarget	1	349920
1749.7	0.8	NonTarget	1	349940
1749.8	0.8	NonTarget	1	349960
1749.885	0.8	NonTarget	1	349977
1749.985	0.8	NonTarget	1	349997
1750.085	0.8	NonTarget	1	350017
1750.19	0.8	NonTarget	1	350038
1750.595	0.8	NonTarget	1	350119
1750.685	0.8	NonTarget	1	350137
1750.785	0.8	NonTarget	1	350157
1750.89	0.8	NonTarget	1	350178
1750.985	0.8	NonTarget	1	350197
1751.085	0.8	NonTarget	1	350217
1751.185	0.8	NonTarget	1	350237
1751.285	0.8	NonTarget	1	350257
1751.385	0.8	Target	2	350277
1751.485	0.8	NonTarget	1	350297
1751.585	0.8	NonTarget	1	350317
1751.67	0.8	NonTarget	1	350334
1751.77	0.8	NonTarget	1	350354
1751.855	0.8	NonTarget	1	350371
1751.955	0.8	NonTarget	1	350391
1752.055	0.8	NonTarget	1	350411
1752.15	0.8	NonTarget	1	350430
1752.25	0.8	NonTarget	1	350450
1752.335	0.8	NonTarget	1	350467
1752.44	0.8	NonTarget	1	350488
1752.54	0.8	NonTarget	1	350508
1752.635	0.8	NonTarget	1	350527
1752.735	0.8	NonTarget	1	350547
1752.835	0.8	NonTarget	1	350567
1752.92	0.8	NonTarget	1	350584
1753.005	0.8	NonTarget	1	350601
1753.085	0.8	NonTarget	1	350617
1753.19	0.8	NonTarget	1	350638
1753.29	0.8	NonTarget	1	350658
1753.37	0.8	NonTarget	1	350674
1753.765	0.8	NonTarget	1	350753
1753.855	0.8	NonTarget	1	350771
1753.935	0.8	NonTarget	1	350787
1754.025	0.8	Target	2	350805
1754.12	0.8	NonTarget	1	350824
1754.205	0.8	NonTarget	1	350841
1754.29	0.8	NonTarget	1	350858
1754.39	0.8	NonTarget	1	350878
1754.49	0.8	NonTarget	1	350898
1754.58	0.8	NonTarget	1	350916
1754.675	0.8	NonTarget	1	350935
1754.755	0.8	NonTarget	1	350951
1754.84	0.8	NonTarget	1	350968
1754.945	0.8	NonTarget	1	350989
1755.04	0.8	NonTarget	1	351008
1755.14	0.8	NonTarget	1	351028
1755.24	0.8	NonTarget	1	351048
1755.325	0.8	NonTarget	1	351065
1755.405	0.8	NonTarget	1	351081
1755.49	0.8	NonTarget	1	351098
1755.575	0.8	NonTarget	1	351115
1755.675	0.8	NonTarget	1	351135
1755.76	0.8	NonTarget	1	351152
1755.86	0.8	NonTarget	1	351172
1755.94	0.8	NonTarget	1	351188
1756.04	0.8	NonTarget	1	351208
1756.14	0.8	NonTarget	1	351228
1756.24	0.8	NonTarget	1	351248
1756.345	0.8	NonTarget	1	351269
1756.44	0.8	NonTarget	1	351288
1756.835	0.8	NonTarget	1	351367
1756.925	0.8	NonTarget	1	351385
1757.03	0.8	NonTarget	1	351406
1757.125	0.8	NonTarget	1	351425
1757.21	0.8	NonTarget	1	351442
1757.295	0.8	NonTarget	1	351459
1757.395	0.8	NonTarget	1	351479
1757.48	0.8	NonTarget	1	351496
1757.58	0.8	NonTarget	1	351516
1757.68	0.8	NonTarget	1	351536
1757.78	0.8	NonTarget	1	351556
1757.86	0.8	NonTarget	1	351572
1757.96	0.8	NonTarget	1	351592
1758.065	0.8	NonTarget	1	351613
1758.165	0.8	NonTarget	1	351633
1758.26	0.8	NonTarget	1	351652
1758.36	0.8	NonTarget	1	351672
1758.445	0.8	NonTarget	1	351689
1758.53	0.8	NonTarget	1	351706
1758.63	0.8	NonTarget	1	351726
1758.73	0.8	NonTarget	1	351746
1758.83	0.8	NonTarget	1	351766
1758.93	0.8	NonTarget	1	351786
1759.015	0.8	Target	2	351803
1759.115	0.8	NonTarget	1	351823
1759.2	0.8	NonTarget	1	351840
1759.3	0.8	NonTarget	1	351860
1759.395	0.8	NonTarget	1	351879
1759.495	0.8	NonTarget	1	351899
1759.58	0.8	NonTarget	1	351916
1760.0	0.8	NonTarget	1	352000
1760.08	0.8	NonTarget	1	352016
1760.185	0.8	NonTarget	1	352037
1760.28	0.8	NonTarget	1	352056
1760.365	0.8	NonTarget	1	352073
1760.465	0.8	NonTarget	1	352093
1760.565	0.8	NonTarget	1	352113
1760.645	0.8	NonTarget	1	352129
1760.75	0.8	NonTarget	1	352150
1760.835	0.8	NonTarget	1	352167
1760.94	0.8	NonTarget	1	352188
1761.035	0.8	NonTarget	1	352207
1761.13	0.8	NonTarget	1	352226
1761.235	0.8	NonTarget	1	352247
1761.315	0.8	NonTarget	1	352263
1761.415	0.8	NonTarget	1	352283
1761.515	0.8	NonTarget	1	352303
1761.615	0.8	NonTarget	1	352323
1761.7	0.8	Target	2	352340
1761.8	0.8	NonTarget	1	352360
1761.905	0.8	NonTarget	1	352381
1762.0	0.8	NonTarget	1	352400
1762.11	0.8	NonTarget	1	352422
1762.2	0.8	NonTarget	1	352440
1762.285	0.8	NonTarget	1	352457
1762.385	0.8	NonTarget	1	352477
1762.485	0.8	NonTarget	1	352497
1762.57	0.8	NonTarget	1	352514
1762.67	0.8	NonTarget	1	352534
1762.765	0.8	NonTarget	1	352553
1763.185	0.8	NonTarget	1	352637
1763.285	0.8	NonTarget	1	352657
1763.39	0.8	NonTarget	1	352678
1763.485	0.8	NonTarget	1	352697
1763.585	0.8	NonTarget	1	352717
1763.685	0.8	NonTarget	1	352737
1763.785	0.8	NonTarget	1	352757
1763.885	0.8	NonTarget	1	352777
1763.97	0.8	NonTarget	1	352794
1764.05	0.8	NonTarget	1	352810
1764.135	0.8	NonTarget	1	352827
1764.235	0.8	NonTarget	1	352847
1764.32	0.8	NonTarget	1	352864
1764.405	0.8	NonTarget	1	352881
1764.505	0.8	NonTarget	1	352901
1764.605	0.8	NonTarget	1	352921
1764.685	0.8	NonTarget	1	352937
1764.77	0.8	NonTarget	1	352954
1764.87	0.8	Target	2	352974
1764.97	0.8	NonTarget	1	352994
1765.075	0.8	NonTarget	1	353015
1765.17	0.8	NonTarget	1	353034
1765.255	0.8	NonTarget	1	353051
1765.365	0.8	NonTarget	1	353073
1765.455	0.8	NonTarget	1	353091
1765.54	0.8	NonTarget	1	353108
1765.64	0.8	NonTarget	1	353128
1765.725	0.8	NonTarget	1	353145
1765.805	0.8	NonTarget	1	353161
1765.89	0.8	NonTarget	1	353178
1775.095	0.8	NonTarget	1	355019
1775.185	0.8	NonTarget	1	355037
1775.285	0.8	NonTarget	1	355057
1775.385	0.8	NonTarget	1	355077
1775.47	0.8	NonTarget	1	355094
1775.57	0.8	NonTarget	1	355114
1775.655	0.8	NonTarget	1	355131
1775.755	0.8	NonTarget	1	355151
1775.855	0.8	NonTarget	1	355171
1775.95	0.8	NonTarget	1	355190
1776.055	0.8	NonTarget	1	355211
1776.155	0.8	NonTarget	1	355231
1776.255	0.8	NonTarget	1	355251
1776.345	0.8	NonTarget	1	355269
1776.435	0.8	NonTarget	1	355287
1776.52	0.8	NonTarget	1	355304
1776.605	0.8	NonTarget	1	355321
1776.705	0.8	NonTarget	1	355341
1776.81	0.8	NonTarget	1	355362
1776.905	0.8	NonTarget	1	355381
1777.005	0.8	NonTarget	1	355401
1777.09	0.8	NonTarget	1	355418
1777.17	0.8	Target	2	355434
1777.255	0.8	NonTarget	1	355451
1777.355	0.8	NonTarget	1	355471
1777.44	0.8	NonTarget	1	355488
1777.54	0.8	NonTarget	1	355508
1777.64	0.8	NonTarget	1	355528
1777.72	0.8	NonTarget	1	355544
1777.805	0.8	NonTarget	1	355561
1778.2	0.8	NonTarget	1	355640
1778.29	0.8	NonTarget	1	355658
1778.375	0.8	NonTarget	1	355675
1778.475	0.8	NonTarget	1	355695
1778.575	0.8	NonTarget	1	355715
1778.655	0.8	NonTarget	1	355731
1778.74	0.8	NonTarget	1	355748
1778.825	0.8	Target	2	355765
1778.925	0.8	NonTarget	1	355785
1779.025	0.8	NonTarget	1	355805
1779.11	0.8	NonTarget	1	355822
1779.21	0.8	NonTarget	1	355842
1779.31	0.8	NonTarget	1	355862
1779.41	0.8	NonTarget	1	355882
1779.51	0.8	NonTarget	1	355902
1779.61	0.8	NonTarget	1	355922
1779.695	0.8	NonTarget	1	355939
1779.79	0.8	NonTarget	1	355958
1779.895	0.8	NonTarget	1	355979
1779.975	0.8	NonTarget	1	355995
1780.075	0.8	NonTarget	1	356015
1780.165	0.8	NonTarget	1	356033
1780.26	0.8	NonTarget	1	356052
1780.36	0.8	NonTarget	1	356072
1780.445	0.8	NonTarget	1	356089
1780.545	0.8	NonTarget	1	356109
1780.645	0.8	NonTarget	1	356129
1780.73	0.8	NonTarget	1	356146
1780.81	0.8	NonTarget	1	356162
1780.91	0.8	NonTarget	1	356182
1781.32	0.8	NonTarget	1	356264
1781.395	0.8	NonTarget	1	356279
1781.485	0.8	NonTarget	1	356297
1781.58	0.8	NonTarget	1	356316
1781.68	0.8	NonTarget	1	356336
1781.78	0.8	NonTarget	1	356356
1781.865	0.8	NonTarget	1	356373
1781.96	0.8	Target	2	356392
1782.045	0.8	NonTarget	1	356409
1782.13	0.8	NonTarget	1	356426
1782.21	0.8	NonTarget	1	356442
1782.295	0.8	NonTarget	1	356459
1782.395	0.8	NonTarget	1	356479
1782.48	0.8	NonTarget	1	356496
1782.58	0.8	NonTarget	1	356516
1782.66	0.8	NonTarget	1	356532
1782.745	0.8	NonTarget	1	356549
1782.845	0.8	NonTarget	1	356569
1782.93	0.8	NonTarget	1	356586
1783.03	0.8	NonTarget	1	356606
1783.13	0.8	NonTarget	1	356626
1783.215	0.8	NonTarget	1	356643
1783.3	0.8	NonTarget	1	356660
1783.4	0.8	NonTarget	1	356680
1783.5	0.8	NonTarget	1	356700
1783.6	0.8	NonTarget	1	356720
1783.695	0.8	NonTarget	1	356739
1783.795	0.8	NonTarget	1	356759
1783.905	0.8	NonTarget	1	356781
1784.0	0.8	NonTarget	1	356800
1784.395	0.8	NonTarget	1	356879
1784.48	0.8	NonTarget	1	356896
1784.565	0.8	NonTarget	1	356913
1784.67	0.8	NonTarget	1	356934
1784.765	0.8	NonTarget	1	356953
1784.85	0.8	NonTarget	1	356970
1784.95	0.8	NonTarget	1	356990
1785.035	0.8	NonTarget	1	357007
1785.135	0.8	NonTarget	1	357027
1785.215	0.8	NonTarget	1	357043
1785.315	0.8	NonTarget	1	357063
1785.405	0.8	NonTarget	1	357081
1785.5	0.8	Target	2	357100
1785.6	0.8	NonTarget	1	357120
1785.685	0.8	NonTarget	1	357137
1785.785	0.8	NonTarget	1	357157
1785.885	0.8	NonTarget	1	357177
1785.985	0.8	NonTarget	1	357197
1786.07	0.8	NonTarget	1	357214
1786.17	0.8	NonTarget	1	357234
1786.25	0.8	NonTarget	1	357250
1786.335	0.8	NonTarget	1	357267
1786.435	0.8	NonTarget	1	357287
1786.535	0.8	NonTarget	1	357307
1786.635	0.8	NonTarget	1	357327
1786.735	0.8	NonTarget	1	357347
1786.835	0.8	NonTarget	1	357367
1786.935	0.8	NonTarget	1	357387
1787.035	0.8	NonTarget	1	357407
1787.12	0.8	NonTarget	1	357424
1787.53	0.8	NonTarget	1	357506
1787.605	0.8	NonTarget	1	357521
1787.705	0.8	NonTarget	1	357541
1787.79	0.8	NonTarget	1	357558
1787.87	0.8	NonTarget	1	357574
1787.955	0.8	NonTarget	1	357591
1788.055	0.8	NonTarget	1	357611
1788.14	0.8	NonTarget	1	357628
1788.235	0.8	NonTarget	1	357647
1788.345	0.8	NonTarget	1	357669
1788.44	0.8	NonTarget	1	357688
1788.535	0.8	NonTarget	1	357707
1788.62	0.8	NonTarget	1	357724
1788.72	0.8	NonTarget	1	357744
1788.81	0.8	NonTarget	1	357762
1788.905	0.8	NonTarget	1	357781
1789.005	0.8	NonTarget	1	357801
1789.09	0.8	NonTarget	1	357818
1789.19	0.8	NonTarget	1	357838
1789.29	0.8	NonTarget	1	357858
1789.39	0.8	NonTarget	1	357878
1789.49	0.8	NonTarget	1	357898
1789.59	0.8	Target	2	357918
1789.69	0.8	NonTarget	1	357938
1789.79	0.8	NonTarget	1	357958
1789.875	0.8	NonTarget	1	357975
1789.975	0.8	NonTarget	1	357995
1790.075	0.8	NonTarget	1	358015
1790.175	0.8	NonTarget	1	358035
1790.28	0.8	NonTarget	1	358056
1790.68	0.8	NonTarget	1	358136
1790.76	0.8	NonTarget	1	358152
1790.84	0.8	NonTarget	1	358168
1790.94	0.8	NonTarget	1	358188
1791.04	0.8	NonTarget	1	358208
1791.125	0.8	NonTarget	1	358225
1791.215	0.8	NonTarget	1	358243
1791.31	0.8	NonTarget	1	358262
1791.41	0.8	NonTarget	1	358282
1791.49	0.8	NonTarget	1	358298
1791.595	0.8	NonTarget	1	358319
1791.695	0.8	NonTarget	1	358339
1791.795	0.8	NonTarget	1	358359
1791.89	0.8	NonTarget	1	358378
1791.995	0.8	NonTarget	1	358399
1792.075	0.8	NonTarget	1	358415
1792.16	0.8	NonTarget	1	358432
1792.27	0.8	NonTarget	1	358454
1792.36	0.8	NonTarget	1	358472
1792.46	0.8	NonTarget	1	358492
1792.56	0.8	NonTarget	1	358512
1792.66	0.8	NonTarget	1	358532
1792.745	0.8	Target	2	358549
1792.83	0.8	NonTarget	1	358566
1792.925	0.8	NonTarget	1	358585
1793.03	0.8	NonTarget	1	358606
1793.13	0.8	NonTarget	1	358626
1793.21	0.8	NonTarget	1	358642
1793.31	0.8	NonTarget	1	358662
1793.395	0.8	NonTarget	1	358679
1793.805	0.8	NonTarget	1	358761
1793.895	0.8	NonTarget	1	358779
1793.98	0.8	NonTarget	1	358796
1794.065	0.8	NonTarget	1	358813
1794.165	0.8	NonTarget	1	358833
1794.26	0.8	NonTarget	1	358852
1794.36	0.8	NonTarget	1	358872
1794.465	0.8	NonTarget	1	358893
1794.545	0.8	NonTarget	1	358909
1794.63	0.8	NonTarget	1	358926
1794.73	0.8	NonTarget	1	358946
1794.83	0.8	NonTarget	1	358966
1794.93	0.8	NonTarget	1	358986
1795.03	0.8	NonTarget	1	359006
1795.115	0.8	NonTarget	1	359023
1795.2	0.8	NonTarget	1	359040
1795.3	0.8	NonTarget	1	359060
1795.38	0.8	NonTarget	1	359076
1795.465	0.8	NonTarget	1	359093
1795.565	0.8	NonTarget	1	359113
1795.65	0.8	NonTarget	1	359130
1795.73	0.8	NonTarget	1	359146
1795.815	0.8	NonTarget	1	359163
1795.915	0.8	NonTarget	1	359183
1796.015	0.8	NonTarget	1	359203
1796.095	0.8	NonTarget	1	359219
1796.185	0.8	NonTarget	1	359237
1796.28	0.8	Target	2	359256
1796.365	0.8	NonTarget	1	359273
1796.465	0.8	NonTarget	1	359293
1796.875	0.8	NonTarget	1	359375
1796.955	0.8	NonTarget	1	359391
1797.05	0.8	NonTarget	1	359410
1797.14	0.8	NonTarget	1	359428
1797.235	0.8	NonTarget	1	359447
1797.315	0.8	NonTarget	1	359463
1797.4	0.8	NonTarget	1	359480
1797.5	0.8	NonTarget	1	359500
1797.6	0.8	NonTarget	1	359520
1797.7	0.8	NonTarget	1	359540
1797.8	0.8	NonTarget	1	359560
1797.9	0.8	NonTarget	1	359580
1798.0	0.8	NonTarget	1	359600
1798.085	0.8	NonTarget	1	359617
1798.185	0.8	NonTarget	1	359637
1798.27	0.8	NonTarget	1	359654
1798.37	0.8	NonTarget	1	359674
1798.47	0.8	NonTarget	1	359694
1798.555	0.8	NonTarget	1	359711
1798.65	0.8	NonTarget	1	359730
1798.755	0.8	NonTarget	1	359751
1798.855	0.8	NonTarget	1	359771
1798.935	0.8	NonTarget	1	359787
1799.035	0.8	NonTarget	1	359807
1799.125	0.8	NonTarget	1	359825
1799.22	0.8	NonTarget	1	359844
1799.32	0.8	NonTarget	1	359864
1799.42	0.8	Target	2	359884
1799.505	0.8	NonTarget	1	359901
1799.59	0.8	NonTarget	1	359918
1800.0	0.8	NonTarget	1	360000
1800.08	0.8	NonTarget	1	360016
1800.17	0.8	NonTarget	1	360034
1800.27	0.8	NonTarget	1	360054
1800.355	0.8	NonTarget	1	360071
1800.455	0.8	NonTarget	1	360091
1800.54	0.8	NonTarget	1	360108
1800.635	0.8	Target	2	360127
1800.74	0.8	NonTarget	1	360148
1800.825	0.8	NonTarget	1	360165
1800.925	0.8	NonTarget	1	360185
1801.025	0.8	NonTarget	1	360205
1801.12	0.8	NonTarget	1	360224
1801.225	0.8	NonTarget	1	360245
1801.325	0.8	NonTarget	1	360265
1801.425	0.8	NonTarget	1	360285
1801.505	0.8	NonTarget	1	360301
1801.605	0.8	NonTarget	1	360321
1801.705	0.8	NonTarget	1	360341
1801.805	0.8	NonTarget	1	360361
1801.905	0.8	NonTarget	1	360381
1802.005	0.8	NonTarget	1	360401
1802.09	0.8	NonTarget	1	360418
1802.175	0.8	NonTarget	1	360435
1802.275	0.8	NonTarget	1	360455
1802.375	0.8	NonTarget	1	360475
1802.46	0.8	NonTarget	1	360492
1802.56	0.8	NonTarget	1	360512
1802.66	0.8	NonTarget	1	360532
1802.76	0.8	NonTarget	1	360552
1803.17	0.8	NonTarget	1	360634
1803.265	0.8	NonTarget	1	360653
1803.36	0.8	NonTarget	1	360672
1803.44	0.8	NonTarget	1	360688
1803.54	0.8	NonTarget	1	360708
1803.625	0.8	NonTarget	1	360725
1803.725	0.8	NonTarget	1	360745
1803.825	0.8	NonTarget	1	360765
1803.925	0.8	NonTarget	1	360785
1804.01	0.8	NonTarget	1	360802
1804.095	0.8	NonTarget	1	360819
1804.175	0.8	NonTarget	1	360835
1804.26	0.8	NonTarget	1	360852
1804.36	0.8	NonTarget	1	360872
1804.46	0.8	NonTarget	1	360892
1804.56	0.8	NonTarget	1	360912
1804.645	0.8	NonTarget	1	360929
1804.73	0.8	NonTarget	1	360946
1804.83	0.8	NonTarget	1	360966
1804.93	0.8	NonTarget	1	360986
1805.01	0.8	NonTarget	1	361002
1805.11	0.8	NonTarget	1	361022
1805.21	0.8	Target	2	361042
1805.295	0.8	NonTarget	1	361059
1805.395	0.8	NonTarget	1	361079
1805.48	0.8	NonTarget	1	361096
1805.56	0.8	NonTarget	1	361112
1805.645	0.8	NonTarget	1	361129
1805.745	0.8	NonTarget	1	361149
1805.83	0.8	NonTarget	1	361166
1815.01	0.8	NonTarget	1	363002
1815.09	0.8	NonTarget	1	363018
1815.195	0.8	NonTarget	1	363039
1815.295	0.8	NonTarget	1	363059
1815.395	0.8	NonTarget	1	363079
1815.475	0.8	NonTarget	1	363095
1815.575	0.8	NonTarget	1	363115
1815.675	0.8	NonTarget	1	363135
1815.76	0.8	NonTarget	1	363152
1815.845	0.8	NonTarget	1	363169
1815.945	0.8	NonTarget	1	363189
1816.045	0.8	NonTarget	1	363209
1816.125	0.8	NonTarget	1	363225
1816.21	0.8	Target	2	363242
1816.31	0.8	NonTarget	1	363262
1816.41	0.8	NonTarget	1	363282
1816.51	0.8	NonTarget	1	363302
1816.61	0.8	NonTarget	1	363322
1816.715	0.8	NonTarget	1	363343
1816.81	0.8	NonTarget	1	363362
1816.895	0.8	NonTarget	1	363379
1816.995	0.8	NonTarget	1	363399
1817.08	0.8	NonTarget	1	363416
1817.165	0.8	NonTarget	1	363433
1817.265	0.8	NonTarget	1	363453
1817.365	0.8	NonTarget	1	363473
1817.445	0.8	NonTarget	1	363489
1817.545	0.8	NonTarget	1	363509
1817.65	0.8	NonTarget	1	363530
1817.75	0.8	NonTarget	1	363550
1818.155	0.8	NonTarget	1	363631
1818.245	0.8	NonTarget	1	363649
1818.33	0.8	NonTarget	1	363666
1818.415	0.8	NonTarget	1	363683
1818.495	0.8	NonTarget	1	363699
1818.6	0.8	NonTarget	1	363720
1818.695	0.8	NonTarget	1	363739
1818.795	0.8	NonTarget	1	363759
1818.88	0.8	NonTarget	1	363776
1818.96	0.8	NonTarget	1	363792
1819.05	0.8	NonTarget	1	363810
1819.13	0.8	NonTarget	1	363826
1819.215	0.8	NonTarget	1	363843
1819.3	0.8	NonTarget	1	363860
1819.4	0.8	NonTarget	1	363880
1819.5	0.8	NonTarget	1	363900
1819.605	0.8	NonTarget	1	363921
1819.695	0.8	NonTarget	1	363939
1819.8	0.8	Target	2	363960
1819.905	0.8	NonTarget	1	363981
1820.0	0.8	NonTarget	1	364000
1820.1	0.8	NonTarget	1	364020
1820.2	0.8	NonTarget	1	364040
1820.3	0.8	NonTarget	1	364060
1820.4	0.8	NonTarget	1	364080
1820.48	0.8	NonTarget	1	364096
1820.565	0.8	NonTarget	1	364113
1820.665	0.8	NonTarget	1	364133
1820.75	0.8	NonTarget	1	364150
1820.85	0.8	NonTarget	1	364170
1821.245	0.8	NonTarget	1	364249
1821.335	0.8	NonTarget	1	364267
1821.435	0.8	NonTarget	1	364287
1821.52	0.8	NonTarget	1	364304
1821.605	0.8	NonTarget	1	364321
1821.685	0.8	NonTarget	1	364337
1821.765	0.8	NonTarget	1	364353
1821.87	0.8	NonTarget	1	364374
1821.97	0.8	NonTarget	1	364394
1822.05	0.8	NonTarget	1	364410
1822.155	0.8	NonTarget	1	364431
1822.235	0.8	NonTarget	1	364447
1822.32	0.8	NonTarget	1	364464
1822.42	0.8	NonTarget	1	364484
1822.52	0.8	NonTarget	1	364504
1822.605	0.8	NonTarget	1	364521
1822.685	0.8	NonTarget	1	364537
1822.785	0.8	NonTarget	1	364557
1822.87	0.8	NonTarget	1	364574
1822.955	0.8	NonTarget	1	364591
1823.035	0.8	NonTarget	1	364607
1823.14	0.8	NonTarget	1	364628
1823.235	0.8	NonTarget	1	364647
1823.34	0.8	Target	2	364668
1823.435	0.8	NonTarget	1	364687
1823.54	0.8	NonTarget	1	364708
1823.62	0.8	NonTarget	1	364724
1823.705	0.8	NonTarget	1	364741
1823.805	0.8	NonTarget	1	364761
1823.905	0.8	NonTarget	1	364781
1824.315	0.8	NonTarget	1	364863
1824.39	0.8	NonTarget	1	364878
1824.49	0.8	NonTarget	1	364898
1824.575	0.8	Target	2	364915
1824.67	0.8	NonTarget	1	364934
1824.76	0.8	NonTarget	1	364952
1824.855	0.8	NonTarget	1	364971
1824.955	0.8	NonTarget	1	364991
1825.055	0.8	NonTarget	1	365011
1825.155	0.8	NonTarget	1	365031
1825.24	0.8	NonTarget	1	365048
1825.325	0.8	NonTarget	1	365065
1825.405	0.8	NonTarget	1	365081
1825.51	0.8	NonTarget	1	365102
1825.61	0.8	NonTarget	1	365122
1825.69	0.8	NonTarget	1	365138
1825.775	0.8	NonTarget	1	365155
1825.875	0.8	NonTarget	1	365175
1825.955	0.8	NonTarget	1	365191
1826.06	0.8	NonTarget	1	365212
1826.14	0.8	NonTarget	1	365228
1826.24	0.8	NonTarget	1	365248
1826.34	0.8	NonTarget	1	365268
1826.44	0.8	NonTarget	1	365288
1826.525	0.8	NonTarget	1	365305
1826.625	0.8	NonTarget	1	365325
1826.71	0.8	NonTarget	1	365342
1826.81	0.8	NonTarget	1	365362
1826.91	0.8	NonTarget	1	365382
1826.995	0.8	NonTarget	1	365399
1827.385	0.8	NonTarget	1	365477
1827.475	0.8	NonTarget	1	365495
1827.56	0.8	NonTarget	1	365512
1827.64	0.8	NonTarget	1	365528
1827.73	0.8	NonTarget	1	365546
1827.81	0.8	NonTarget	1	365562
1827.895	0.8	NonTarget	1	365579
1827.975	0.8	NonTarget	1	365595
1828.06	0.8	Target	2	365612
1828.16	0.8	NonTarget	1	365632
1828.26	0.8	NonTarget	1	365652
1828.345	0.8	NonTarget	1	365669
1828.445	0.8	NonTarget	1	365689
1828.53	0.8	NonTarget	1	365706
1828.63	0.8	NonTarget	1	365726
1828.71	0.8	NonTarget	1	365742
1828.815	0.8	NonTarget	1	365763
1828.915	0.8	NonTarget	1	365783
1829.01	0.8	NonTarget	1	365802
1829.115	0.8	NonTarget	1	365823
1829.2	0.8	NonTarget	1	365840
1829.295	0.8	NonTarget	1	365859
1829.395	0.8	NonTarget	1	365879
1829.495	0.8	NonTarget	1	365899
1829.595	0.8	NonTarget	1	365919
1829.7	0.8	NonTarget	1	365940
1829.795	0.8	NonTarget	1	365959
1829.895	0.8	NonTarget	1	365979
1829.995	0.8	NonTarget	1	365999
1830.095	0.8	NonTarget	1	366019
1830.49	0.8	NonTarget	1	366098
1830.58	0.8	NonTarget	1	366116
1830.68	0.8	NonTarget	1	366136
1830.765	0.8	NonTarget	1	366153
1830.85	0.8	NonTarget	1	366170
1830.95	0.8	NonTarget	1	366190
1831.05	0.8	NonTarget	1	366210
1831.13	0.8	NonTarget	1	366226
1831.23	0.8	NonTarget	1	366246
1831.315	0.8	NonTarget	1	366263
1831.415	0.8	NonTarget	1	366283
1831.5	0.8	NonTarget	1	366300
1831.605	0.8	NonTarget	1	366321
1831.7	0.8	NonTarget	1	366340
1831.8	0.8	NonTarget	1	366360
1831.885	0.8	NonTarget	1	366377
1831.965	0.8	NonTarget	1	366393
1832.065	0.8	NonTarget	1	366413
1832.165	0.8	NonTarget	1	366433
1832.25	0.8	NonTarget	1	366450
1832.35	0.8	NonTarget	1	366470
1832.45	0.8	NonTarget	1	366490
1832.535	0.8	NonTarget	1	366507
1832.62	0.8	NonTarget	1	366524
1832.715	0.8	NonTarget	1	366543
1832.8	0.8	NonTarget	1	366560
1832.9	0.8	NonTarget	1	366580
1832.985	0.8	NonTarget	1	366597
1833.085	0.8	Target	2	366617
1833.165	0.8	NonTarget	1	366633
1833.56	0.8	NonTarget	1	366712
1833.65	0.8	NonTarget	1	366730
1833.735	0.8	NonTarget	1	366747
1833.845	0.8	Target	2	366769
1833.935	0.8	NonTarget	1	366787
1834.035	0.8	NonTarget	1	366807
1834.135	0.8	NonTarget	1	366827
1834.235	0.8	NonTarget	1	366847
1834.335	0.8	NonTarget	1	366867
1834.42	0.8	NonTarget	1	366884
1834.52	0.8	NonTarget	1	366904
1834.62	0.8	NonTarget	1	366924
1834.705	0.8	NonTarget	1	366941
1834.79	0.8	NonTarget	1	366958
1834.885	0.8	NonTarget	1	366977
1834.99	0.8	NonTarget	1	366998
1835.07	0.8	NonTarget	1	367014
1835.17	0.8	NonTarget	1	367034
1835.255	0.8	NonTarget	1	367051
1835.34	0.8	NonTarget	1	367068
1835.44	0.8	NonTarget	1	367088
1835.54	0.8	NonTarget	1	367108
1835.64	0.8	NonTarget	1	367128
1835.72	0.8	NonTarget	1	367144
1835.805	0.8	NonTarget	1	367161
1835.885	0.8	NonTarget	1	367177
1835.97	0.8	NonTarget	1	367194
1836.055	0.8	NonTarget	1	367211
1836.14	0.8	NonTarget	1	367228
1836.24	0.8	NonTarget	1	367248
1836.655	0.8	NonTarget	1	367331
1836.74	0.8	NonTarget	1	367348
1836.825	0.8	NonTarget	1	367365
1836.925	0.8	NonTarget	1	367385
1837.025	0.8	NonTarget	1	367405
1837.12	0.8	NonTarget	1	367424
1837.205	0.8	NonTarget	1	367441
1837.305	0.8	NonTarget	1	367461
1837.39	0.8	NonTarget	1	367478
1837.49	0.8	NonTarget	1	367498
1837.59	0.8	NonTarget	1	367518
1837.69	0.8	NonTarget	1	367538
1837.79	0.8	NonTarget	1	367558
1837.89	0.8	Target	2	367578
1837.975	0.8	NonTarget	1	367595
1838.06	0.8	NonTarget	1	367612
1838.16	0.8	NonTarget	1	367632
1838.245	0.8	NonTarget	1	367649
1838.34	0.8	NonTarget	1	367668
1838.44	0.8	NonTarget	1	367688
1838.545	0.8	NonTarget	1	367709
1838.625	0.8	NonTarget	1	367725
1838.71	0.8	NonTarget	1	367742
1838.79	0.8	NonTarget	1	367758
1838.875	0.8	NonTarget	1	367775
1838.96	0.8	NonTarget	1	367792
1839.06	0.8	NonTarget	1	367812
1839.16	0.8	NonTarget	1	367832
1839.26	0.8	NonTarget	1	367852
1839.36	0.8	NonTarget	1	367872
1839.755	0.8	NonTarget	1	367951
1839.845	0.8	NonTarget	1	367969
1839.945	0.8	NonTarget	1	367989
1840.03	0.8	NonTarget	1	368006
1840.13	0.8	NonTarget	1	368026
1840.225	0.8	NonTarget	1	368045
1840.33	0.8	NonTarget	1	368066
1840.43	0.8	NonTarget	1	368086
1840.53	0.8	NonTarget	1	368106
1840.61	0.8	NonTarget	1	368122
1840.695	0.8	NonTarget	1	368139
1840.78	0.8	NonTarget	1	368156
1840.88	0.8	NonTarget	1	368176
1840.98	0.8	Target	2	368196
1841.08	0.8	NonTarget	1	368216
1841.16	0.8	NonTarget	1	368232
1841.26	0.8	NonTarget	1	368252
1841.365	0.8	NonTarget	1	368273
1841.445	0.8	NonTarget	1	368289
1841.55	0.8	NonTarget	1	368310
1841.645	0.8	NonTarget	1	368329
1841.73	0.8	NonTarget	1	368346
1841.83	0.8	NonTarget	1	368366
1841.915	0.8	NonTarget	1	368383
1842.015	0.8	NonTarget	1	368403
1842.1	0.8	NonTarget	1	368420
1842.18	0.8	NonTarget	1	368436
1842.285	0.8	NonTarget	1	368457
1842.365	0.8	NonTarget	1	368473
1842.45	0.8	NonTarget	1	368490
1842.84	0.8	NonTarget	1	368568
1842.925	0.8	NonTarget	1	368585
1843.015	0.8	NonTarget	1	368603
1843.105	0.8	NonTarget	1	368621
1843.2	0.8	NonTarget	1	368640
1843.28	0.8	NonTarget	1	368656
1843.39	0.8	NonTarget	1	368678
1843.485	0.8	NonTarget	1	368697
1843.565	0.8	NonTarget	1	368713
1843.65	0.8	NonTarget	1	368730
1843.75	0.8	NonTarget	1	368750
1843.83	0.8	NonTarget	1	368766
1843.915	0.8	NonTarget	1	368783
1844.015	0.8	NonTarget	1	368803
1844.1	0.8	NonTarget	1	368820
1844.2	0.8	NonTarget	1	368840
1844.285	0.8	NonTarget	1	368857
1844.365	0.8	NonTarget	1	368873
1844.45	0.8	NonTarget	1	368890
1844.55	0.8	NonTarget	1	368910
1844.65	0.8	NonTarget	1	368930
1844.735	0.8	NonTarget	1	368947
1844.825	0.8	NonTarget	1	368965
1844.92	0.8	NonTarget	1	368984
1845.0	0.8	NonTarget	1	369000
1845.09	0.8	NonTarget	1	369018
1845.185	0.8	NonTarget	1	369037
1845.285	0.8	NonTarget	1	369057
1845.37	0.8	Target	2	369074
1845.47	0.8	NonTarget	1	369094
1854.66	0.8	NonTarget	1	370932
1854.75	0.8	NonTarget	1	370950
1854.85	0.8	NonTarget	1	370970
1854.935	0.8	NonTarget	1	370987
1855.035	0.8	NonTarget	1	371007
1855.13	0.8	NonTarget	1	371026
1855.23	0.8	NonTarget	1	371046
1855.315	0.8	NonTarget	1	371063
1855.415	0.8	NonTarget	1	371083
1855.515	0.8	NonTarget	1	371103
1855.615	0.8	NonTarget	1	371123
1855.715	0.8	NonTarget	1	371143
1855.82	0.8	NonTarget	1	371164
1855.915	0.8	NonTarget	1	371183
1856.02	0.8	NonTarget	1	371204
1856.12	0.8	NonTarget	1	371224
1856.2	0.8	NonTarget	1	371240
1856.305	0.8	NonTarget	1	371261
1856.4	0.8	NonTarget	1	371280
1856.485	0.8	NonTarget	1	371297
1856.57	0.8	NonTarget	1	371314
1856.67	0.8	NonTarget	1	371334
1856.765	0.8	NonTarget	1	371353
1856.85	0.8	Target	2	371370
1856.935	0.8	NonTarget	1	371387
1857.035	0.8	NonTarget	1	371407
1857.135	0.8	NonTarget	1	371427
1857.235	0.8	NonTarget	1	371447
1857.32	0.8	NonTarget	1	371464
1857.4	0.8	NonTarget	1	371480
1857.795	0.8	NonTarget	1	371559
1857.875	0.8	NonTarget	1	371575
1857.97	0.8	NonTarget	1	371594
1858.07	0.8	NonTarget	1	371614
1858.155	0.8	NonTarget	1	371631
1858.255	0.8	NonTarget	1	371651
1858.355	0.8	NonTarget	1	371671
1858.455	0.8	NonTarget	1	371691
1858.555	0.8	Target	2	371711
1858.655	0.8	NonTarget	1	371731
1858.74	0.8	NonTarget	1	371748
1858.84	0.8	NonTarget	1	371768
1858.94	0.8	NonTarget	1	371788
1859.04	0.8	NonTarget	1	371808
1859.12	0.8	NonTarget	1	371824
1859.22	0.8	NonTarget	1	371844
1859.32	0.8	NonTarget	1	371864
1859.405	0.8	NonTarget	1	371881
1859.51	0.8	NonTarget	1	371902
1859.605	0.8	NonTarget	1	371921
1859.69	0.8	NonTarget	1	371938
1859.79	0.8	NonTarget	1	371958
1859.89	0.8	NonTarget	1	371978
1859.975	0.8	NonTarget	1	371995
1860.075	0.8	NonTarget	1	372015
1860.175	0.8	NonTarget	1	372035
1860.255	0.8	NonTarget	1	372051
1860.355	0.8	NonTarget	1	372071
1860.44	0.8	NonTarget	1	372088
1860.54	0.8	NonTarget	1	372108
1860.95	0.8	NonTarget	1	372190
1861.03	0.8	NonTarget	1	372206
1861.125	0.8	NonTarget	1	372225
1861.205	0.8	NonTarget	1	372241
1861.31	0.8	NonTarget	1	372262
1861.405	0.8	NonTarget	1	372281
1861.51	0.8	NonTarget	1	372302
1861.61	0.8	NonTarget	1	372322
1861.71	0.8	Target	2	372342
1861.79	0.8	NonTarget	1	372358
1861.895	0.8	NonTarget	1	372379
1861.975	0.8	NonTarget	1	372395
1862.075	0.8	NonTarget	1	372415
1862.175	0.8	NonTarget	1	372435
1862.28	0.8	NonTarget	1	372456
1862.375	0.8	NonTarget	1	372475
1862.475	0.8	NonTarget	1	372495
1862.575	0.8	NonTarget	1	372515
1862.675	0.8	NonTarget	1	372535
1862.76	0.8	NonTarget	1	372552
1862.845	0.8	NonTarget	1	372569
1862.945	0.8	NonTarget	1	372589
1863.045	0.8	NonTarget	1	372609
1863.145	0.8	NonTarget	1	372629
1863.245	0.8	NonTarget	1	372649
1863.33	0.8	NonTarget	1	372666
1863.43	0.8	NonTarget	1	372686
1863.53	0.8	NonTarget	1	372706
1863.61	0.8	NonTarget	1	372722
1863.71	0.8	NonTarget	1	372742
1864.105	0.8	NonTarget	1	372821
1864.19	0.8	NonTarget	1	372838
1864.28	0.8	NonTarget	1	372856
1864.36	0.8	NonTarget	1	372872
1864.445	0.8	NonTarget	1	372889
1864.545	0.8	NonTarget	1	372909
1864.645	0.8	NonTarget	1	372929
1864.73	0.8	NonTarget	1	372946
1864.815	0.8	NonTarget	1	372963
1864.915	0.8	NonTarget	1	372983
1864.995	0.8	NonTarget	1	372999
1865.08	0.8	NonTarget	1	373016
1865.16	0.8	NonTarget	1	373032
1865.265	0.8	NonTarget	1	373053
1865.365	0.8	NonTarget	1	373073
1865.445	0.8	NonTarget	1	373089
1865.55	0.8	NonTarget	1	373110
1865.65	0.8	NonTarget	1	373130
1865.75	0.8	NonTarget	1	373150
1865.845	0.8	NonTarget	1	373169
1865.93	0.8	NonTarget	1	373186
1866.015	0.8	NonTarget	1	373203
1866.105	0.8	NonTarget	1	373221
1866.2	0.8	Target	2	373240
1866.3	0.8	NonTarget	1	373260
1866.4	0.8	NonTarget	1	373280
1866.48	0.8	NonTarget	1	373296
1866.565	0.8	NonTarget	1	373313
1866.665	0.8	NonTarget	1	373333
1866.765	0.8	NonTarget	1	373353
1867.16	0.8	NonTarget	1	373432
1867.24	0.8	NonTarget	1	373448
1867.335	0.8	NonTarget	1	373467
1867.435	0.8	NonTarget	1	373487
1867.515	0.8	NonTarget	1	373503
1867.6	0.8	NonTarget	1	373520
1867.685	0.8	NonTarget	1	373537
1867.785	0.8	NonTarget	1	373557
1867.885	0.8	Target	2	373577
1867.985	0.8	NonTarget	1	373597
1868.07	0.8	NonTarget	1	373614
1868.15	0.8	NonTarget	1	373630
1868.25	0.8	NonTarget	1	373650
1868.35	0.8	NonTarget	1	373670
1868.45	0.8	NonTarget	1	373690
1868.535	0.8	NonTarget	1	373707
1868.635	0.8	NonTarget	1	373727
1868.72	0.8	NonTarget	1	373744
1868.82	0.8	NonTarget	1	373764
1868.92	0.8	NonTarget	1	373784
1869.005	0.8	NonTarget	1	373801
1869.1	0.8	NonTarget	1	373820
1869.2	0.8	NonTarget	1	373840
1869.285	0.8	NonTarget	1	373857
1869.385	0.8	NonTarget	1	373877
1869.485	0.8	NonTarget	1	373897
1869.57	0.8	NonTarget	1	373914
1869.655	0.8	NonTarget	1	373931
1869.745	0.8	NonTarget	1	373949
1869.84	0.8	NonTarget	1	373968
1870.25	0.8	NonTarget	1	374050
1870.335	0.8	NonTarget	1	374067
1870.44	0.8	NonTarget	1	374088
1870.54	0.8	NonTarget	1	374108
1870.635	0.8	NonTarget	1	374127
1870.72	0.8	NonTarget	1	374144
1870.82	0.8	NonTarget	1	374164
1870.905	0.8	NonTarget	1	374181
1871.005	0.8	NonTarget	1	374201
1871.105	0.8	NonTarget	1	374221
1871.19	0.8	NonTarget	1	374238
1871.29	0.8	NonTarget	1	374258
1871.37	0.8	NonTarget	1	374274
1871.455	0.8	NonTarget	1	374291
1871.555	0.8	NonTarget	1	374311
1871.64	0.8	NonTarget	1	374328
1871.74	0.8	NonTarget	1	374348
1871.825	0.8	NonTarget	1	374365
1871.925	0.8	NonTarget	1	374385
1872.025	0.8	NonTarget	1	374405
1872.125	0.8	NonTarget	1	374425
1872.205	0.8	NonTarget	1	374441
1872.31	0.8	NonTarget	1	374462
1872.405	0.8	NonTarget	1	374481
1872.49	0.8	NonTarget	1	374498
1872.575	0.8	NonTarget	1	374515
1872.67	0.8	NonTarget	1	374534
1872.76	0.8	NonTarget	1	374552
1872.84	0.8	Target	2	374568
1872.925	0.8	NonTarget	1	374585
1873.335	0.8	NonTarget	1	374667
1873.425	0.8	NonTarget	1	374685
1873.525	0.8	NonTarget	1	374705
1873.625	0.8	Target	2	374725
1873.725	0.8	NonTarget	1	374745
1873.825	0.8	NonTarget	1	374765
1873.925	0.8	NonTarget	1	374785
1874.01	0.8	NonTarget	1	374802
1874.11	0.8	NonTarget	1	374822
1874.195	0.8	NonTarget	1	374839
1874.29	0.8	NonTarget	1	374858
1874.385	0.8	NonTarget	1	374877
1874.475	0.8	NonTarget	1	374895
1874.575	0.8	NonTarget	1	374915
1874.685	0.8	NonTarget	1	374937
1874.775	0.8	NonTarget	1	374955
1874.88	0.8	NonTarget	1	374976
1874.975	0.8	NonTarget	1	374995
1875.075	0.8	NonTarget	1	375015
1875.175	0.8	NonTarget	1	375035
1875.275	0.8	NonTarget	1	375055
1875.36	0.8	NonTarget	1	375072
1875.46	0.8	NonTarget	1	375092
1875.56	0.8	NonTarget	1	375112
1875.645	0.8	NonTarget	1	375129
1875.745	0.8	NonTarget	1	375149
1875.845	0.8	NonTarget	1	375169
1875.93	0.8	NonTarget	1	375186
1876.015	0.8	NonTarget	1	375203
1876.095	0.8	NonTarget	1	375219
1876.51	0.8	NonTarget	1	375302
1876.595	0.8	NonTarget	1	375319
1876.68	0.8	NonTarget	1	375336
1876.765	0.8	NonTarget	1	375353
1876.845	0.8	NonTarget	1	375369
1876.945	0.8	NonTarget	1	375389
1877.045	0.8	NonTarget	1	375409
1877.145	0.8	NonTarget	1	375429
1877.245	0.8	NonTarget	1	375449
1877.35	0.8	NonTarget	1	375470
1877.45	0.8	NonTarget	1	375490
1877.53	0.8	NonTarget	1	375506
1877.63	0.8	NonTarget	1	375526
1877.73	0.8	NonTarget	1	375546
1877.83	0.8	NonTarget	1	375566
1877.93	0.8	NonTarget	1	375586
1878.02	0.8	NonTarget	1	375604
1878.115	0.8	NonTarget	1	375623
1878.215	0.8	NonTarget	1	375643
1878.315	0.8	NonTarget	1	375663
1878.4	0.8	NonTarget	1	375680
1878.5	0.8	NonTarget	1	375700
1878.58	0.8	NonTarget	1	375716
1878.685	0.8	Target	2	375737
1878.78	0.8	NonTarget	1	375756
1878.865	0.8	NonTarget	1	375773
1878.97	0.8	NonTarget	1	375794
1879.07	0.8	NonTarget	1	375814
1879.165	0.8	NonTarget	1	375833
1879.27	0.8	NonTarget	1	375854
1879.68	0.8	NonTarget	1	375936
1879.765	0.8	NonTarget	1	375953
1879.85	0.8	NonTarget	1	375970
1879.95	0.8	NonTarget	1	375990
1880.035	0.8	NonTarget	1	376007
1880.135	0.8	NonTarget	1	376027
1880.235	0.8	NonTarget	1	376047
1880.315	0.8	NonTarget	1	376063
1880.4	0.8	NonTarget	1	376080
1880.505	0.8	NonTarget	1	376101
1880.585	0.8	NonTarget	1	376117
1880.685	0.8	NonTarget	1	376137
1880.785	0.8	NonTarget	1	376157
1880.885	0.8	NonTarget	1	376177
1880.985	0.8	NonTarget	1	376197
1881.07	0.8	NonTarget	1	376214
1881.17	0.8	NonTarget	1	376234
1881.27	0.8	NonTarget	1	376254
1881.355	0.8	NonTarget	1	376271
1881.45	0.8	NonTarget	1	376290
1881.535	0.8	NonTarget	1	376307
1881.62	0.8	NonTarget	1	376324
1881.72	0.8	NonTarget	1	376344
1881.82	0.8	Target	2	376364
1881.92	0.8	NonTarget	1	376384
1882.02	0.8	NonTarget	1	376404
1882.105	0.8	NonTarget	1	376421
1882.19	0.8	NonTarget	1	376438
1882.285	0.8	NonTarget	1	376457
1882.39	0.8	NonTarget	1	376478
1882.8	0.8	NonTarget	1	376560
1882.895	0.8	NonTarget	1	376579
1882.99	0.8	NonTarget	1	376598
1883.09	0.8	NonTarget	1	376618
1883.17	0.8	NonTarget	1	376634
1883.255	0.8	NonTarget	1	376651
1883.34	0.8	NonTarget	1	376668
1883.44	0.8	NonTarget	1	376688
1883.54	0.8	NonTarget	1	376708
1883.625	0.8	NonTarget	1	376725
1883.725	0.8	NonTarget	1	376745
1883.805	0.8	NonTarget	1	376761
1883.895	0.8	NonTarget	1	376779
1883.99	0.8	NonTarget	1	376798
1884.075	0.8	NonTarget	1	376815
1884.175	0.8	NonTarget	1	376835
1884.275	0.8	NonTarget	1	376855
1884.375	0.8	NonTarget	1	376875
1884.475	0.8	NonTarget	1	376895
1884.575	0.8	NonTarget	1	376915
1884.66	0.8	NonTarget	1	376932
1884.74	0.8	NonTarget	1	376948
1884.84	0.8	NonTarget	1	376968
1884.925	0.8	NonTarget	1	376985
1885.025	0.8	NonTarget	1	377005
1885.11	0.8	NonTarget	1	377022
1885.19	0.8	NonTarget	1	377038
1885.295	0.8	NonTarget	1	377059
1885.395	0.8	Target	2	377079
1885.49	0.8	NonTarget	1	377098
1894.69	0.8	NonTarget	1	378938
1894.77	0.8	NonTarget	1	378954
1894.855	0.8	NonTarget	1	378971
1894.955	0.8	NonTarget	1	378991
1895.055	0.8	NonTarget	1	379011
1895.155	0.8	NonTarget	1	379031
1895.24	0.8	NonTarget	1	379048
1895.34	0.8	NonTarget	1	379068
1895.425	0.8	NonTarget	1	379085
1895.525	0.8	NonTarget	1	379105
1895.605	0.8	NonTarget	1	379121
1895.69	0.8	NonTarget	1	379138
1895.79	0.8	NonTarget	1	379158
1895.89	0.8	NonTarget	1	379178
1895.98	0.8	NonTarget	1	379196
1896.07	0.8	NonTarget	1	379214
1896.155	0.8	NonTarget	1	379231
1896.26	0.8	NonTarget	1	379252
1896.36	0.8	NonTarget	1	379272
1896.455	0.8	NonTarget	1	379291
1896.54	0.8	NonTarget	1	379308
1896.64	0.8	NonTarget	1	379328
1896.725	0.8	NonTarget	1	379345
1896.825	0.8	NonTarget	1	379365
1896.925	0.8	NonTarget	1	379385
1897.01	0.8	NonTarget	1	379402
1897.09	0.8	NonTarget	1	379418
1897.175	0.8	NonTarget	1	379435
1897.275	0.8	Target	2	379455
1897.36	0.8	NonTarget	1	379472
1897.75	0.8	NonTarget	1	379550
1897.835	0.8	NonTarget	1	379567
1897.925	0.8	NonTarget	1	379585
1898.01	0.8	NonTarget	1	379602
1898.095	0.8	NonTarget	1	379619
1898.195	0.8	NonTarget	1	379639
1898.295	0.8	NonTarget	1	379659
1898.395	0.8	NonTarget	1	379679
1898.475	0.8	NonTarget	1	379695
1898.58	0.8	NonTarget	1	379716
1898.68	0.8	NonTarget	1	379736
1898.78	0.8	NonTarget	1	379756
1898.86	0.8	NonTarget	1	379772
1898.945	0.8	NonTarget	1	379789
1899.045	0.8	NonTarget	1	379809
1899.13	0.8	NonTarget	1	379826
1899.23	0.8	NonTarget	1	379846
1899.325	0.8	NonTarget	1	379865
1899.43	0.8	Target	2	379886
1899.53	0.8	NonTarget	1	379906
1899.63	0.8	NonTarget	1	379926
1899.73	0.8	NonTarget	1	379946
1899.815	0.8	NonTarget	1	379963
1899.9	0.8	NonTarget	1	379980
1899.995	0.8	NonTarget	1	379999
1900.085	0.8	NonTarget	1	380017
1900.18	0.8	NonTarget	1	380036
1900.265	0.8	NonTarget	1	380053
1900.365	0.8	NonTarget	1	380073
1900.465	0.8	NonTarget	1	380093
1900.875	0.8	NonTarget	1	380175
1900.965	0.8	NonTarget	1	380193
1901.045	0.8	NonTarget	1	380209
1901.15	0.8	NonTarget	1	380230
1901.245	0.8	NonTarget	1	380249
1901.33	0.8	NonTarget	1	380266
1901.415	0.8	NonTarget	1	380283
1901.515	0.8	NonTarget	1	380303
1901.615	0.8	Target	2	380323
1901.7	0.8	NonTarget	1	380340
1901.8	0.8	NonTarget	1	380360
1901.885	0.8	NonTarget	1	380377
1901.965	0.8	NonTarget	1	380393
1902.05	0.8	NonTarget	1	380410
1902.13	0.8	NonTarget	1	380426
1902.215	0.8	NonTarget	1	380443
1902.315	0.8	NonTarget	1	380463
1902.415	0.8	NonTarget	1	380483
1902.515	0.8	NonTarget	1	380503
1902.6	0.8	NonTarget	1	380520
1902.7	0.8	NonTarget	1	380540
1902.785	0.8	NonTarget	1	380557
1902.865	0.8	NonTarget	1	380573
1902.95	0.8	NonTarget	1	380590
1903.04	0.8	NonTarget	1	380608
1903.135	0.8	NonTarget	1	380627
1903.215	0.8	NonTarget	1	380643
1903.305	0.8	NonTarget	1	380661
1903.4	0.8	NonTarget	1	380680
1903.48	0.8	NonTarget	1	380696
1903.9	0.8	NonTarget	1	380780
1903.985	0.8	NonTarget	1	380797
1904.085	0.8	NonTarget	1	380817
1904.17	0.8	Target	2	380834
1904.255	0.8	NonTarget	1	380851
1904.355	0.8	NonTarget	1	380871
1904.435	0.8	NonTarget	1	380887
1904.535	0.8	NonTarget	1	380907
1904.635	0.8	NonTarget	1	380927
1904.735	0.8	NonTarget	1	380947
1904.82	0.8	NonTarget	1	380964
1904.92	0.8	NonTarget	1	380984
1905.01	0.8	NonTarget	1	381002
1905.105	0.8	NonTarget	1	381021
1905.205	0.8	NonTarget	1	381041
1905.285	0.8	NonTarget	1	381057
1905.37	0.8	NonTarget	1	381074
1905.455	0.8	NonTarget	1	381091
1905.555	0.8	NonTarget	1	381111
1905.635	0.8	NonTarget	1	381127
1905.725	0.8	NonTarget	1	381145
1905.82	0.8	NonTarget	1	381164
1905.905	0.8	NonTarget	1	381181
1906.005	0.8	NonTarget	1	381201
1906.105	0.8	NonTarget	1	381221
1906.205	0.8	NonTarget	1	381241
1906.29	0.8	NonTarget	1	381258
1906.37	0.8	NonTarget	1	381274
1906.455	0.8	NonTarget	1	381291
1906.54	0.8	NonTarget	1	381308
1906.955	0.8	NonTarget	1	381391
1907.04	0.8	NonTarget	1	381408
1907.12	0.8	NonTarget	1	381424
1907.205	0.8	NonTarget	1	381441
1907.305	0.8	NonTarget	1	381461
1907.405	0.8	NonTarget	1	381481
1907.505	0.8	NonTarget	1	381501
1907.605	0.8	NonTarget	1	381521
1907.69	0.8	Target	2	381538
1907.79	0.8	NonTarget	1	381558
1907.89	0.8	NonTarget	1	381578
1907.99	0.8	NonTarget	1	381598
1908.075	0.8	NonTarget	1	381615
1908.16	0.8	NonTarget	1	381632
1908.24	0.8	NonTarget	1	381648
1908.325	0.8	NonTarget	1	381665
1908.41	0.8	NonTarget	1	381682
1908.51	0.8	NonTarget	1	381702
1908.595	0.8	NonTarget	1	381719
1908.69	0.8	NonTarget	1	381738
1908.795	0.8	NonTarget	1	381759
1908.895	0.8	NonTarget	1	381779
1908.975	0.8	NonTarget	1	381795
1909.075	0.8	NonTarget	1	381815
1909.185	0.8	NonTarget	1	381837
1909.275	0.8	NonTarget	1	381855
1909.38	0.8	NonTarget	1	381876
1909.475	0.8	NonTarget	1	381895
1909.56	0.8	NonTarget	1	381912
1909.645	0.8	NonTarget	1	381929
1910.04	0.8	NonTarget	1	382008
1910.125	0.8	NonTarget	1	382025
1910.23	0.8	NonTarget	1	382046
1910.33	0.8	NonTarget	1	382066
1910.43	0.8	NonTarget	1	382086
1910.51	0.8	NonTarget	1	382102
1910.595	0.8	NonTarget	1	382119
1910.675	0.8	NonTarget	1	382135
1910.78	0.8	NonTarget	1	382156
1910.88	0.8	NonTarget	1	382176
1910.965	0.8	NonTarget	1	382193
1911.045	0.8	NonTarget	1	382209
1911.13	0.8	NonTarget	1	382226
1911.23	0.8	NonTarget	1	382246
1911.31	0.8	NonTarget	1	382262
1911.395	0.8	NonTarget	1	382279
1911.475	0.8	NonTarget	1	382295
1911.56	0.8	NonTarget	1	382312
1911.665	0.8	Target	2	382333
1911.77	0.8	NonTarget	1	382354
1911.865	0.8	NonTarget	1	382373
1911.96	0.8	NonTarget	1	382392
1912.045	0.8	NonTarget	1	382409
1912.13	0.8	NonTarget	1	382426
1912.23	0.8	NonTarget	1	382446
1912.315	0.8	NonTarget	1	382463
1912.415	0.8	NonTarget	1	382483
1912.5	0.8	NonTarget	1	382500
1912.6	0.8	NonTarget	1	382520
1912.68	0.8	NonTarget	1	382536
1913.08	0.8	NonTarget	1	382616
1913.165	0.8	NonTarget	1	382633
1913.265	0.8	NonTarget	1	382653
1913.365	0.8	NonTarget	1	382673
1913.465	0.8	NonTarget	1	382693
1913.565	0.8	NonTarget	1	382713
1913.65	0.8	NonTarget	1	382730
1913.73	0.8	NonTarget	1	382746
1913.82	0.8	NonTarget	1	382764
1913.915	0.8	NonTarget	1	382783
1914.015	0.8	NonTarget	1	382803
1914.1	0.8	NonTarget	1	382820
1914.185	0.8	NonTarget	1	382837
1914.285	0.8	NonTarget	1	382857
1914.385	0.8	NonTarget	1	382877
1914.465	0.8	NonTarget	1	382893
1914.555	0.8	NonTarget	1	382911
1914.65	0.8	NonTarget	1	382930
1914.735	0.8	NonTarget	1	382947
1914.815	0.8	NonTarget	1	382963
1914.915	0.8	NonTarget	1	382983
1915.0	0.8	NonTarget	1	383000
1915.1	0.8	NonTarget	1	383020
1915.2	0.8	Target	2	383040
1915.285	0.8	NonTarget	1	383057
1915.385	0.8	NonTarget	1	383077
1915.485	0.8	NonTarget	1	383097
1915.57	0.8	NonTarget	1	383114
1915.67	0.8	NonTarget	1	383134
1915.77	0.8	NonTarget	1	383154
1916.175	0.8	NonTarget	1	383235
1916.255	0.8	NonTarget	1	383251
1916.35	0.8	NonTarget	1	383270
1916.45	0.8	NonTarget	1	383290
1916.545	0.8	NonTarget	1	383309
1916.635	0.8	NonTarget	1	383327
1916.725	0.8	NonTarget	1	383345
1916.82	0.8	NonTarget	1	383364
1916.92	0.8	Target	2	383384
1917.02	0.8	NonTarget	1	383404
1917.12	0.8	NonTarget	1	383424
1917.22	0.8	NonTarget	1	383444
1917.32	0.8	NonTarget	1	383464
1917.405	0.8	NonTarget	1	383481
1917.49	0.8	NonTarget	1	383498
1917.59	0.8	NonTarget	1	383518
1917.685	0.8	NonTarget	1	383537
1917.79	0.8	NonTarget	1	383558
1917.89	0.8	NonTarget	1	383578
1917.97	0.8	NonTarget	1	383594
1918.055	0.8	NonTarget	1	383611
1918.14	0.8	NonTarget	1	383628
1918.225	0.8	NonTarget	1	383645
1918.305	0.8	NonTarget	1	383661
1918.39	0.8	NonTarget	1	383678
1918.49	0.8	NonTarget	1	383698
1918.57	0.8	NonTarget	1	383714
1918.655	0.8	NonTarget	1	383731
1918.74	0.8	NonTarget	1	383748
1918.84	0.8	NonTarget	1	383768
1919.235	0.8	NonTarget	1	383847
1919.32	0.8	NonTarget	1	383864
1919.405	0.8	NonTarget	1	383881
1919.51	0.8	NonTarget	1	383902
1919.605	0.8	NonTarget	1	383921
1919.69	0.8	NonTarget	1	383938
1919.775	0.8	NonTarget	1	383955
1919.875	0.8	NonTarget	1	383975
1919.96	0.8	NonTarget	1	383992
1920.04	0.8	NonTarget	1	384008
1920.14	0.8	NonTarget	1	384028
1920.225	0.8	NonTarget	1	384045
1920.33	0.8	NonTarget	1	384066
1920.435	0.8	Target	2	384087
1920.525	0.8	NonTarget	1	384105
1920.61	0.8	NonTarget	1	384122
1920.695	0.8	NonTarget	1	384139
1920.795	0.8	NonTarget	1	384159
1920.89	0.8	NonTarget	1	384178
1920.995	0.8	NonTarget	1	384199
1921.075	0.8	NonTarget	1	384215
1921.175	0.8	NonTarget	1	384235
1921.26	0.8	NonTarget	1	384252
1921.36	0.8	NonTarget	1	384272
1921.44	0.8	NonTarget	1	384288
1921.525	0.8	NonTarget	1	384305
1921.61	0.8	NonTarget	1	384322
1921.71	0.8	NonTarget	1	384342
1921.795	0.8	NonTarget	1	384359
1921.875	0.8	NonTarget	1	384375
1922.285	0.8	NonTarget	1	384457
1922.375	0.8	NonTarget	1	384475
1922.46	0.8	NonTarget	1	384492
1922.545	0.8	NonTarget	1	384509
1922.65	0.8	NonTarget	1	384530
1922.745	0.8	NonTarget	1	384549
1922.83	0.8	NonTarget	1	384566
1922.91	0.8	NonTarget	1	384582
1923.0	0.8	NonTarget	1	384600
1923.095	0.8	NonTarget	1	384619
1923.195	0.8	NonTarget	1	384639
1923.28	0.8	NonTarget	1	384656
1923.365	0.8	NonTarget	1	384673
1923.465	0.8	NonTarget	1	384693
1923.545	0.8	NonTarget	1	384709
1923.63	0.8	NonTarget	1	384726
1923.73	0.8	NonTarget	1	384746
1923.815	0.8	NonTarget	1	384763
1923.895	0.8	Target	2	384779
1923.98	0.8	NonTarget	1	384796
1924.08	0.8	NonTarget	1	384816
1924.165	0.8	NonTarget	1	384833
1924.265	0.8	NonTarget	1	384853
1924.365	0.8	NonTarget	1	384873
1924.465	0.8	NonTarget	1	384893
1924.565	0.8	NonTarget	1	384913
1924.665	0.8	NonTarget	1	384933
1924.765	0.8	NonTarget	1	384953
1924.85	0.8	NonTarget	1	384970
1924.95	0.8	NonTarget	1	384990
1934.13	0.8	NonTarget	1	386826
1934.225	0.8	NonTarget	1	386845
1934.315	0.8	NonTarget	1	386863
1934.395	0.8	NonTarget	1	386879
1934.48	0.8	NonTarget	1	386896
1934.58	0.8	NonTarget	1	386916
1934.68	0.8	NonTarget	1	386936
1934.78	0.8	NonTarget	1	386956
1934.865	0.8	NonTarget	1	386973
1934.945	0.8	NonTarget	1	386989
1935.035	0.8	NonTarget	1	387007
1935.13	0.8	NonTarget	1	387026
1935.21	0.8	NonTarget	1	387042
1935.295	0.8	NonTarget	1	387059
1935.395	0.8	NonTarget	1	387079
1935.495	0.8	NonTarget	1	387099
1935.58	0.8	NonTarget	1	387116
1935.665	0.8	NonTarget	1	387133
1935.75	0.8	NonTarget	1	387150
1935.845	0.8	NonTarget	1	387169
1935.945	0.8	NonTarget	1	387189
1936.045	0.8	Target	2	387209
1936.13	0.8	NonTarget	1	387226
1936.22	0.8	NonTarget	1	387244
1936.315	0.8	NonTarget	1	387263
1936.41	0.8	NonTarget	1	387282
1936.5	0.8	NonTarget	1	387300
1936.58	0.8	NonTarget	1	387316
1936.68	0.8	NonTarget	1	387336
1936.78	0.8	NonTarget	1	387356
1937.18	0.8	NonTarget	1	387436
1937.27	0.8	Target	2	387454
1937.365	0.8	NonTarget	1	387473
1937.47	0.8	NonTarget	1	387494
1937.565	0.8	NonTarget	1	387513
1937.665	0.8	NonTarget	1	387533
1937.75	0.8	NonTarget	1	387550
1937.85	0.8	NonTarget	1	387570
1937.95	0.8	NonTarget	1	387590
1938.055	0.8	NonTarget	1	387611
1938.15	0.8	NonTarget	1	387630
1938.25	0.8	NonTarget	1	387650
1938.35	0.8	NonTarget	1	387670
1938.45	0.8	NonTarget	1	387690
1938.55	0.8	NonTarget	1	387710
1938.65	0.8	NonTarget	1	387730
1938.735	0.8	NonTarget	1	387747
1938.835	0.8	NonTarget	1	387767
1938.935	0.8	NonTarget	1	387787
1939.035	0.8	NonTarget	1	387807
1939.135	0.8	NonTarget	1	387827
1939.235	0.8	NonTarget	1	387847
1939.335	0.8	NonTarget	1	387867
1939.42	0.8	NonTarget	1	387884
1939.52	0.8	NonTarget	1	387904
1939.6	0.8	NonTarget	1	387920
1939.685	0.8	NonTarget	1	387937
1939.77	0.8	NonTarget	1	387954
1939.87	0.8	NonTarget	1	387974
1939.95	0.8	NonTarget	1	387990
1940.365	0.8	NonTarget	1	388073
1940.45	0.8	Target	2	388090
1940.54	0.8	NonTarget	1	388108
1940.64	0.8	NonTarget	1	388128
1940.72	0.8	NonTarget	1	388144
1940.82	0.8	NonTarget	1	388164
1940.92	0.8	NonTarget	1	388184
1941.005	0.8	NonTarget	1	388201
1941.105	0.8	NonTarget	1	388221
1941.185	0.8	NonTarget	1	388237
1941.285	0.8	NonTarget	1	388257
1941.375	0.8	NonTarget	1	388275
1941.47	0.8	NonTarget	1	388294
1941.555	0.8	NonTarget	1	388311
1941.655	0.8	NonTarget	1	388331
1941.74	0.8	NonTarget	1	388348
1941.825	0.8	NonTarget	1	388365
1941.905	0.8	NonTarget	1	388381
1941.99	0.8	NonTarget	1	388398
1942.09	0.8	NonTarget	1	388418
1942.19	0.8	NonTarget	1	388438
1942.275	0.8	NonTarget	1	388455
1942.375	0.8	NonTarget	1	388475
1942.455	0.8	NonTarget	1	388491
1942.555	0.8	NonTarget	1	388511
1942.64	0.8	NonTarget	1	388528
1942.74	0.8	NonTarget	1	388548
1942.825	0.8	NonTarget	1	388565
1942.925	0.8	NonTarget	1	388585
1943.005	0.8	NonTarget	1	388601
1943.4	0.8	NonTarget	1	388680
1943.48	0.8	Target	2	388696
1943.575	0.8	NonTarget	1	388715
1943.66	0.8	NonTarget	1	388732
1943.76	0.8	NonTarget	1	388752
1943.84	0.8	NonTarget	1	388768
1943.925	0.8	NonTarget	1	388785
1944.025	0.8	NonTarget	1	388805
1944.11	0.8	NonTarget	1	388822
1944.19	0.8	NonTarget	1	388838
1944.275	0.8	NonTarget	1	388855
1944.375	0.8	NonTarget	1	388875
1944.46	0.8	NonTarget	1	388892
1944.56	0.8	NonTarget	1	388912
1944.65	0.8	NonTarget	1	388930
1944.745	0.8	NonTarget	1	388949
1944.845	0.8	NonTarget	1	388969
1944.945	0.8	NonTarget	1	388989
1945.03	0.8	NonTarget	1	389006
1945.13	0.8	NonTarget	1	389026
1945.23	0.8	NonTarget	1	389046
1945.335	0.8	NonTarget	1	389067
1945.43	0.8	NonTarget	1	389086
1945.525	0.8	NonTarget	1	389105
1945.63	0.8	NonTarget	1	389126
1945.725	0.8	NonTarget	1	389145
1945.81	0.8	NonTarget	1	389162
1945.895	0.8	NonTarget	1	389179
1945.975	0.8	NonTarget	1	389195
1946.06	0.8	NonTarget	1	389212
1946.46	0.8	NonTarget	1	389292
1946.545	0.8	NonTarget	1	389309
1946.645	0.8	NonTarget	1	389329
1946.735	0.8	NonTarget	1	389347
1946.83	0.8	NonTarget	1	389366
1946.93	0.8	NonTarget	1	389386
1947.025	0.8	NonTarget	1	389405
1947.115	0.8	NonTarget	1	389423
1947.215	0.8	NonTarget	1	389443
1947.3	0.8	NonTarget	1	389460
1947.4	0.8	NonTarget	1	389480
1947.495	0.8	NonTarget	1	389499
1947.58	0.8	NonTarget	1	389516
1947.68	0.8	NonTarget	1	389536
1947.76	0.8	NonTarget	1	389552
1947.865	0.8	NonTarget	1	389573
1947.95	0.8	Target	2	389590
1948.045	0.8	NonTarget	1	389609
1948.15	0.8	NonTarget	1	389630
1948.255	0.8	NonTarget	1	389651
1948.35	0.8	NonTarget	1	389670
1948.43	0.8	NonTarget	1	389686
1948.53	0.8	NonTarget	1	389706
1948.615	0.8	NonTarget	1	389723
1948.7	0.8	NonTarget	1	389740
1948.79	0.8	NonTarget	1	389758
1948.88	0.8	NonTarget	1	389776
1948.985	0.8	NonTarget	1	389797
1949.085	0.8	NonTarget	1	389817
1949.17	0.8	NonTarget	1	389834
1949.575	0.8	NonTarget	1	389915
1949.66	0.8	Target	2	389932
1949.75	0.8	NonTarget	1	389950
1949.85	0.8	NonTarget	1	389970
1949.935	0.8	NonTarget	1	389987
1950.015	0.8	NonTarget	1	390003
1950.115	0.8	NonTarget	1	390023
1950.2	0.8	NonTarget	1	390040
1950.3	0.8	NonTarget	1	390060
1950.39	0.8	NonTarget	1	390078
1950.485	0.8	NonTarget	1	390097
1950.585	0.8	NonTarget	1	390117
1950.685	0.8	NonTarget	1	390137
1950.77	0.8	NonTarget	1	390154
1950.87	0.8	NonTarget	1	390174
1950.95	0.8	NonTarget	1	390190
1951.05	0.8	NonTarget	1	390210
1951.135	0.8	NonTarget	1	390227
1951.245	0.8	NonTarget	1	390249
1951.34	0.8	NonTarget	1	390268
1951.435	0.8	NonTarget	1	390287
1951.535	0.8	NonTarget	1	390307
1951.635	0.8	NonTarget	1	390327
1951.745	0.8	NonTarget	1	390349
1951.835	0.8	NonTarget	1	390367
1951.935	0.8	NonTarget	1	390387
1952.035	0.8	NonTarget	1	390407
1952.135	0.8	NonTarget	1	390427
1952.225	0.8	NonTarget	1	390445
1952.32	0.8	NonTarget	1	390464
1952.715	0.8	NonTarget	1	390543
1952.805	0.8	NonTarget	1	390561
1952.89	0.8	NonTarget	1	390578
1952.97	0.8	NonTarget	1	390594
1953.075	0.8	NonTarget	1	390615
1953.17	0.8	NonTarget	1	390634
1953.255	0.8	NonTarget	1	390651
1953.335	0.8	NonTarget	1	390667
1953.42	0.8	NonTarget	1	390684
1953.52	0.8	NonTarget	1	390704
1953.605	0.8	NonTarget	1	390721
1953.695	0.8	NonTarget	1	390739
1953.79	0.8	NonTarget	1	390758
1953.875	0.8	NonTarget	1	390775
1953.955	0.8	NonTarget	1	390791
1954.04	0.8	NonTarget	1	390808
1954.12	0.8	NonTarget	1	390824
1954.205	0.8	NonTarget	1	390841
1954.29	0.8	NonTarget	1	390858
1954.39	0.8	NonTarget	1	390878
1954.475	0.8	NonTarget	1	390895
1954.555	0.8	NonTarget	1	390911
1954.66	0.8	NonTarget	1	390932
1954.755	0.8	NonTarget	1	390951
1954.84	0.8	NonTarget	1	390968
1954.94	0.8	NonTarget	1	390988
1955.04	0.8	Target	2	391008
1955.125	0.8	NonTarget	1	391025
1955.21	0.8	NonTarget	1	391042
1955.31	0.8	NonTarget	1	391062
1955.7	0.8	NonTarget	1	391140
1955.78	0.8	NonTarget	1	391156
1955.875	0.8	NonTarget	1	391175
1955.96	0.8	NonTarget	1	391192
1956.06	0.8	NonTarget	1	391212
1956.145	0.8	NonTarget	1	391229
1956.225	0.8	NonTarget	1	391245
1956.31	0.8	NonTarget	1	391262
1956.41	0.8	NonTarget	1	391282
1956.51	0.8	NonTarget	1	391302
1956.6	0.8	NonTarget	1	391320
1956.695	0.8	Target	2	391339
1956.78	0.8	NonTarget	1	391356
1956.875	0.8	NonTarget	1	391375
1956.96	0.8	NonTarget	1	391392
1957.04	0.8	NonTarget	1	391408
1957.13	0.8	NonTarget	1	391426
1957.21	0.8	NonTarget	1	391442
1957.295	0.8	NonTarget	1	391459
1957.395	0.8	NonTarget	1	391479
1957.475	0.8	NonTarget	1	391495
1957.58	0.8	NonTarget	1	391516
1957.675	0.8	NonTarget	1	391535
1957.76	0.8	NonTarget	1	391552
1957.845	0.8	NonTarget	1	391569
1957.945	0.8	NonTarget	1	391589
1958.03	0.8	NonTarget	1	391606
1958.11	0.8	NonTarget	1	391622
1958.215	0.8	NonTarget	1	391643
1958.295	0.8	NonTarget	1	391659
1958.705	0.8	NonTarget	1	391741
1958.795	0.8	NonTarget	1	391759
1958.88	0.8	NonTarget	1	391776
1958.98	0.8	NonTarget	1	391796
1959.08	0.8	NonTarget	1	391816
1959.165	0.8	NonTarget	1	391833
1959.265	0.8	Target	2	391853
1959.345	0.8	NonTarget	1	391869
1959.435	0.8	NonTarget	1	391887
1959.535	0.8	NonTarget	1	391907
1959.63	0.8	NonTarget	1	391926
1959.73	0.8	NonTarget	1	391946
1959.815	0.8	NonTarget	1	391963
1959.9	0.8	NonTarget	1	391980
1960.0	0.8	NonTarget	1	392000
1960.08	0.8	NonTarget	1	392016
1960.165	0.8	NonTarget	1	392033
1960.25	0.8	NonTarget	1	392050
1960.345	0.8	NonTarget	1	392069
1960.45	0.8	NonTarget	1	392090
1960.55	0.8	NonTarget	1	392110
1960.63	0.8	NonTarget	1	392126
1960.73	0.8	NonTarget	1	392146
1960.815	0.8	NonTarget	1	392163
1960.915	0.8	NonTarget	1	392183
1961.015	0.8	NonTarget	1	392203
1961.115	0.8	NonTarget	1	392223
1961.215	0.8	NonTarget	1	392243
1961.3	0.8	NonTarget	1	392260
1961.4	0.8	NonTarget	1	392280
1961.795	0.8	NonTarget	1	392359
1961.885	0.8	NonTarget	1	392377
1961.97	0.8	NonTarget	1	392394
1962.07	0.8	NonTarget	1	392414
1962.155	0.8	NonTarget	1	392431
1962.25	0.8	NonTarget	1	392450
1962.335	0.8	NonTarget	1	392467
1962.415	0.8	NonTarget	1	392483
1962.51	0.8	NonTarget	1	392502
1962.6	0.8	NonTarget	1	392520
1962.685	0.8	NonTarget	1	392537
1962.77	0.8	NonTarget	1	392554
1962.87	0.8	NonTarget	1	392574
1962.975	0.8	NonTarget	1	392595
1963.07	0.8	NonTarget	1	392614
1963.165	0.8	NonTarget	1	392633
1963.27	0.8	NonTarget	1	392654
1963.37	0.8	NonTarget	1	392674
1963.455	0.8	NonTarget	1	392691
1963.535	0.8	NonTarget	1	392707
1963.635	0.8	NonTarget	1	392727
1963.735	0.8	NonTarget	1	392747
1963.835	0.8	NonTarget	1	392767
1963.92	0.8	NonTarget	1	392784
1964.02	0.8	NonTarget	1	392804
1964.105	0.8	NonTarget	1	392821
1964.205	0.8	Target	2	392841
1964.285	0.8	NonTarget	1	392857
1964.39	0.8	NonTarget	1	392878
1964.485	0.8	NonTarget	1	392897
1973.635	0.8	NonTarget	1	394727
1973.735	0.8	NonTarget	1	394747
1973.835	0.8	Target	2	394767
1973.915	0.8	NonTarget	1	394783
1974.005	0.8	NonTarget	1	394801
1974.1	0.8	NonTarget	1	394820
1974.2	0.8	NonTarget	1	394840
1974.285	0.8	NonTarget	1	394857
1974.365	0.8	NonTarget	1	394873
1974.47	0.8	NonTarget	1	394894
1974.57	0.8	NonTarget	1	394914
1974.67	0.8	NonTarget	1	394934
1974.755	0.8	NonTarget	1	394951
1974.835	0.8	NonTarget	1	394967
1974.935	0.8	NonTarget	1	394987
1975.035	0.8	NonTarget	1	395007
1975.12	0.8	NonTarget	1	395024
1975.21	0.8	NonTarget	1	395042
1975.305	0.8	NonTarget	1	395061
1975.405	0.8	NonTarget	1	395081
1975.505	0.8	NonTarget	1	395101
1975.585	0.8	NonTarget	1	395117
1975.685	0.8	NonTarget	1	395137
1975.77	0.8	NonTarget	1	395154
1975.87	0.8	NonTarget	1	395174
1975.955	0.8	NonTarget	1	395191
1976.035	0.8	NonTarget	1	395207
1976.12	0.8	NonTarget	1	395224
1976.205	0.8	NonTarget	1	395241
1976.305	0.8	NonTarget	1	395261
1976.72	0.8	NonTarget	1	395344
1976.805	0.8	NonTarget	1	395361
1976.885	0.8	Target	2	395377
1976.97	0.8	NonTarget	1	395394
1977.055	0.8	NonTarget	1	395411
1977.14	0.8	NonTarget	1	395428
1977.24	0.8	NonTarget	1	395448
1977.32	0.8	NonTarget	1	395464
1977.405	0.8	NonTarget	1	395481
1977.49	0.8	NonTarget	1	395498
1977.575	0.8	NonTarget	1	395515
1977.655	0.8	NonTarget	1	395531
1977.755	0.8	NonTarget	1	395551
1977.84	0.8	NonTarget	1	395568
1977.92	0.8	NonTarget	1	395584
1978.005	0.8	NonTarget	1	395601
1978.105	0.8	NonTarget	1	395621
1978.19	0.8	NonTarget	1	395638
1978.275	0.8	NonTarget	1	395655
1978.36	0.8	NonTarget	1	395672
1978.46	0.8	NonTarget	1	395692
1978.555	0.8	NonTarget	1	395711
1978.64	0.8	NonTarget	1	395728
1978.745	0.8	NonTarget	1	395749
1978.85	0.8	NonTarget	1	395770
1978.93	0.8	NonTarget	1	395786
1979.025	0.8	NonTarget	1	395805
1979.13	0.8	NonTarget	1	395826
1979.225	0.8	NonTarget	1	395845
1979.31	0.8	NonTarget	1	395862
1979.725	0.8	NonTarget	1	395945
1979.825	0.8	NonTarget	1	395965
1979.925	0.8	NonTarget	1	395985
1980.01	0.8	NonTarget	1	396002
1980.095	0.8	NonTarget	1	396019
1980.18	0.8	NonTarget	1	396036
1980.275	0.8	NonTarget	1	396055
1980.36	0.8	NonTarget	1	396072
1980.445	0.8	NonTarget	1	396089
1980.525	0.8	NonTarget	1	396105
1980.61	0.8	NonTarget	1	396122
1980.695	0.8	NonTarget	1	396139
1980.78	0.8	NonTarget	1	396156
1980.86	0.8	NonTarget	1	396172
1980.96	0.8	NonTarget	1	396192
1981.045	0.8	NonTarget	1	396209
1981.13	0.8	NonTarget	1	396226
1981.21	0.8	NonTarget	1	396242
1981.295	0.8	NonTarget	1	396259
1981.38	0.8	NonTarget	1	396276
1981.48	0.8	NonTarget	1	396296
1981.56	0.8	NonTarget	1	396312
1981.645	0.8	NonTarget	1	396329
1981.73	0.8	NonTarget	1	396346
1981.81	0.8	NonTarget	1	396362
1981.91	0.8	NonTarget	1	396382
1982.0	0.8	NonTarget	1	396400
1982.095	0.8	Target	2	396419
1982.195	0.8	NonTarget	1	396439
1982.28	0.8	NonTarget	1	396456
1982.69	0.8	NonTarget	1	396538
1982.78	0.8	NonTarget	1	396556
1982.865	0.8	NonTarget	1	396573
1982.965	0.8	NonTarget	1	396593
1983.045	0.8	NonTarget	1	396609
1983.13	0.8	NonTarget	1	396626
1983.215	0.8	NonTarget	1	396643
1983.295	0.8	Target	2	396659
1983.4	0.8	NonTarget	1	396680
1983.495	0.8	NonTarget	1	396699
1983.58	0.8	NonTarget	1	396716
1983.68	0.8	NonTarget	1	396736
1983.77	0.8	NonTarget	1	396754
1983.865	0.8	NonTarget	1	396773
1983.965	0.8	NonTarget	1	396793
1984.05	0.8	NonTarget	1	396810
1984.13	0.8	NonTarget	1	396826
1984.235	0.8	NonTarget	1	396847
1984.335	0.8	NonTarget	1	396867
1984.415	0.8	NonTarget	1	396883
1984.515	0.8	NonTarget	1	396903
1984.6	0.8	NonTarget	1	396920
1984.7	0.8	NonTarget	1	396940
1984.785	0.8	NonTarget	1	396957
1984.885	0.8	NonTarget	1	396977
1984.985	0.8	NonTarget	1	396997
1985.07	0.8	NonTarget	1	397014
1985.165	0.8	NonTarget	1	397033
1985.255	0.8	NonTarget	1	397051
1985.35	0.8	NonTarget	1	397070
1985.765	0.8	NonTarget	1	397153
1985.85	0.8	NonTarget	1	397170
1985.935	0.8	NonTarget	1	397187
1986.02	0.8	NonTarget	1	397204
1986.1	0.8	NonTarget	1	397220
1986.19	0.8	NonTarget	1	397238
1986.27	0.8	NonTarget	1	397254
1986.37	0.8	NonTarget	1	397274
1986.47	0.8	NonTarget	1	397294
1986.57	0.8	NonTarget	1	397314
1986.655	0.8	NonTarget	1	397331
1986.75	0.8	NonTarget	1	397350
1986.835	0.8	NonTarget	1	397367
1986.92	0.8	NonTarget	1	397384
1987.02	0.8	NonTarget	1	397404
1987.105	0.8	NonTarget	1	397421
1987.2	0.8	NonTarget	1	397440
1987.285	0.8	Target	2	397457
1987.39	0.8	NonTarget	1	397478
1987.49	0.8	NonTarget	1	397498
1987.585	0.8	NonTarget	1	397517
1987.67	0.8	NonTarget	1	397534
1987.77	0.8	NonTarget	1	397554
1987.855	0.8	NonTarget	1	397571
1987.94	0.8	NonTarget	1	397588
1988.02	0.8	NonTarget	1	397604
1988.12	0.8	NonTarget	1	397624
1988.22	0.8	NonTarget	1	397644
1988.32	0.8	NonTarget	1	397664
1988.405	0.8	NonTarget	1	397681
1988.8	0.8	NonTarget	1	397760
1988.89	0.8	NonTarget	1	397778
1988.99	0.8	NonTarget	1	397798
1989.075	0.8	NonTarget	1	397815
1989.155	0.8	NonTarget	1	397831
1989.255	0.8	NonTarget	1	397851
1989.355	0.8	NonTarget	1	397871
1989.44	0.8	NonTarget	1	397888
1989.54	0.8	NonTarget	1	397908
1989.64	0.8	NonTarget	1	397928
1989.72	0.8	NonTarget	1	397944
1989.805	0.8	NonTarget	1	397961
1989.89	0.8	NonTarget	1	397978
1989.975	0.8	NonTarget	1	397995
1990.055	0.8	NonTarget	1	398011
1990.16	0.8	NonTarget	1	398032
1990.24	0.8	NonTarget	1	398048
1990.34	0.8	Target	2	398068
1990.425	0.8	NonTarget	1	398085
1990.525	0.8	NonTarget	1	398105
1990.625	0.8	NonTarget	1	398125
1990.725	0.8	NonTarget	1	398145
1990.81	0.8	NonTarget	1	398162
1990.91	0.8	NonTarget	1	398182
1991.01	0.8	NonTarget	1	398202
1991.095	0.8	NonTarget	1	398219
1991.175	0.8	NonTarget	1	398235
1991.28	0.8	NonTarget	1	398256
1991.375	0.8	NonTarget	1	398275
1991.46	0.8	NonTarget	1	398292
1991.855	0.8	NonTarget	1	398371
1991.93	0.8	NonTarget	1	398386
1992.025	0.8	NonTarget	1	398405
1992.115	0.8	NonTarget	1	398423
1992.21	0.8	NonTarget	1	398442
1992.3	0.8	NonTarget	1	398460
1992.395	0.8	NonTarget	1	398479
1992.48	0.8	NonTarget	1	398496
1992.575	0.8	NonTarget	1	398515
1992.675	0.8	NonTarget	1	398535
1992.76	0.8	NonTarget	1	398552
1992.845	0.8	NonTarget	1	398569
1992.945	0.8	Target	2	398589
1993.045	0.8	NonTarget	1	398609
1993.13	0.8	NonTarget	1	398626
1993.23	0.8	NonTarget	1	398646
1993.335	0.8	NonTarget	1	398667
1993.425	0.8	NonTarget	1	398685
1993.51	0.8	NonTarget	1	398702
1993.595	0.8	NonTarget	1	398719
1993.68	0.8	NonTarget	1	398736
1993.78	0.8	NonTarget	1	398756
1993.88	0.8	NonTarget	1	398776
1993.98	0.8	NonTarget	1	398796
1994.065	0.8	NonTarget	1	398813
1994.145	0.8	NonTarget	1	398829
1994.245	0.8	NonTarget	1	398849
1994.33	0.8	NonTarget	1	398866
1994.43	0.8	NonTarget	1	398886
1994.53	0.8	NonTarget	1	398906
1994.92	0.8	NonTarget	1	398984
1995.0	0.8	NonTarget	1	399000
1995.1	0.8	NonTarget	1	399020
1995.195	0.8	NonTarget	1	399039
1995.285	0.8	NonTarget	1	399057
1995.38	0.8	NonTarget	1	399076
1995.48	0.8	NonTarget	1	399096
1995.565	0.8	NonTarget	1	399113
1995.665	0.8	NonTarget	1	399133
1995.765	0.8	NonTarget	1	399153
1995.85	0.8	NonTarget	1	399170
1995.95	0.8	NonTarget	1	399190
1996.03	0.8	NonTarget	1	399206
1996.115	0.8	NonTarget	1	399223
1996.2	0.8	NonTarget	1	399240
1996.285	0.8	NonTarget	1	399257
1996.385	0.8	NonTarget	1	399277
1996.485	0.8	NonTarget	1	399297
1996.585	0.8	NonTarget	1	399317
1996.665	0.8	NonTarget	1	399333
1996.765	0.8	NonTarget	1	399353
1996.87	0.8	NonTarget	1	399374
1996.95	0.8	NonTarget	1	399390
1997.05	0.8	NonTarget	1	399410
1997.15	0.8	NonTarget	1	399430
1997.25	0.8	NonTarget	1	399450
1997.35	0.8	NonTarget	1	399470
1997.45	0.8	Target	2	399490
1997.55	0.8	NonTarget	1	399510
1997.635	0.8	NonTarget	1	399527
1998.045	0.8	NonTarget	1	399609
1998.125	0.8	NonTarget	1	399625
1998.205	0.8	NonTarget	1	399641
1998.285	0.8	NonTarget	1	399657
1998.375	0.8	NonTarget	1	399675
1998.47	0.8	NonTarget	1	399694
1998.57	0.8	NonTarget	1	399714
1998.67	0.8	NonTarget	1	399734
1998.77	0.8	NonTarget	1	399754
1998.85	0.8	NonTarget	1	399770
1998.94	0.8	NonTarget	1	399788
1999.035	0.8	NonTarget	1	399807
1999.12	0.8	NonTarget	1	399824
1999.205	0.8	NonTarget	1	399841
1999.305	0.8	NonTarget	1	399861
1999.405	0.8	NonTarget	1	399881
1999.505	0.8	NonTarget	1	399901
1999.605	0.8	Target	2	399921
1999.69	0.8	NonTarget	1	399938
1999.79	0.8	NonTarget	1	399958
1999.87	0.8	NonTarget	1	399974
1999.955	0.8	NonTarget	1	399991
2000.04	0.8	NonTarget	1	400008
2000.12	0.8	NonTarget	1	400024
2000.205	0.8	NonTarget	1	400041
2000.305	0.8	NonTarget	1	400061
2000.39	0.8	NonTarget	1	400078
2000.485	0.8	NonTarget	1	400097
2000.57	0.8	NonTarget	1	400114
2000.67	0.8	NonTarget	1	400134
2001.07	0.8	NonTarget	1	400214
2001.16	0.8	NonTarget	1	400232
2001.255	0.8	NonTarget	1	400251
2001.355	0.8	NonTarget	1	400271
2001.44	0.8	NonTarget	1	400288
2001.525	0.8	NonTarget	1	400305
2001.61	0.8	NonTarget	1	400322
2001.69	0.8	NonTarget	1	400338
2001.79	0.8	NonTarget	1	400358
2001.875	0.8	NonTarget	1	400375
2001.975	0.8	NonTarget	1	400395
2002.055	0.8	NonTarget	1	400411
2002.14	0.8	NonTarget	1	400428
2002.225	0.8	NonTarget	1	400445
2002.325	0.8	NonTarget	1	400465
2002.41	0.8	NonTarget	1	400482
2002.51	0.8	NonTarget	1	400502
2002.59	0.8	NonTarget	1	400518
2002.69	0.8	NonTarget	1	400538
2002.79	0.8	NonTarget	1	400558
2002.875	0.8	NonTarget	1	400575
2002.96	0.8	NonTarget	1	400592
2003.045	0.8	NonTarget	1	400609
2003.145	0.8	NonTarget	1	400629
2003.24	0.8	NonTarget	1	400648
2003.325	0.8	NonTarget	1	400665
2003.415	0.8	NonTarget	1	400683
2003.495	0.8	Target	2	400699
2003.595	0.8	NonTarget	1	400719
2003.675	0.8	NonTarget	1	400735
2012.855	0.8	NonTarget	1	402571
2012.94	0.8	NonTarget	1	402588
2013.025	0.8	NonTarget	1	402605
2013.115	0.8	NonTarget	1	402623
2013.205	0.8	NonTarget	1	402641
2013.29	0.8	NonTarget	1	402658
2013.375	0.8	NonTarget	1	402675
2013.46	0.8	NonTarget	1	402692
2013.54	0.8	NonTarget	1	402708
2013.64	0.8	NonTarget	1	402728
2013.725	0.8	NonTarget	1	402745
2013.81	0.8	NonTarget	1	402762
2013.89	0.8	Target	2	402778
2013.975	0.8	NonTarget	1	402795
2014.06	0.8	NonTarget	1	402812
2014.14	0.8	NonTarget	1	402828
2014.24	0.8	NonTarget	1	402848
2014.34	0.8	NonTarget	1	402868
2014.425	0.8	NonTarget	1	402885
2014.53	0.8	NonTarget	1	402906
2014.625	0.8	NonTarget	1	402925
2014.71	0.8	NonTarget	1	402942
2014.79	0.8	NonTarget	1	402958
2014.875	0.8	NonTarget	1	402975
2014.975	0.8	NonTarget	1	402995
2015.06	0.8	NonTarget	1	403012
2015.16	0.8	NonTarget	1	403032
2015.245	0.8	NonTarget	1	403049
2015.345	0.8	NonTarget	1	403069
2015.445	0.8	NonTarget	1	403089
2015.84	0.8	NonTarget	1	403168
2015.925	0.8	NonTarget	1	403185
2016.01	0.8	NonTarget	1	403202
2016.095	0.8	NonTarget	1	403219
2016.195	0.8	NonTarget	1	403239
2016.285	0.8	NonTarget	1	403257
2016.38	0.8	NonTarget	1	403276
2016.48	0.8	NonTarget	1	403296
2016.56	0.8	NonTarget	1	403312
2016.645	0.8	NonTarget	1	403329
2016.725	0.8	NonTarget	1	403345
2016.81	0.8	NonTarget	1	403362
2016.895	0.8	NonTarget	1	403379
2016.995	0.8	NonTarget	1	403399
2017.08	0.8	NonTarget	1	403416
2017.16	0.8	NonTarget	1	403432
2017.265	0.8	NonTarget	1	403453
2017.36	0.8	Target	2	403472
2017.445	0.8	NonTarget	1	403489
2017.545	0.8	NonTarget	1	403509
2017.63	0.8	NonTarget	1	403526
2017.715	0.8	NonTarget	1	403543
2017.795	0.8	NonTarget	1	403559
2017.895	0.8	NonTarget	1	403579
2017.98	0.8	NonTarget	1	403596
2018.08	0.8	NonTarget	1	403616
2018.16	0.8	NonTarget	1	403632
2018.245	0.8	NonTarget	1	403649
2018.33	0.8	NonTarget	1	403666
2018.415	0.8	NonTarget	1	403683
2018.825	0.8	NonTarget	1	403765
2018.915	0.8	NonTarget	1	403783
2018.995	0.8	Target	2	403799
2019.08	0.8	NonTarget	1	403816
2019.18	0.8	NonTarget	1	403836
2019.27	0.8	NonTarget	1	403854
2019.365	0.8	NonTarget	1	403873
2019.465	0.8	NonTarget	1	403893
2019.565	0.8	NonTarget	1	403913
2019.65	0.8	NonTarget	1	403930
2019.75	0.8	NonTarget	1	403950
2019.85	0.8	NonTarget	1	403970
2019.95	0.8	NonTarget	1	403990
2020.035	0.8	NonTarget	1	404007
2020.135	0.8	NonTarget	1	404027
2020.235	0.8	NonTarget	1	404047
2020.315	0.8	NonTarget	1	404063
2020.4	0.8	NonTarget	1	404080
2020.485	0.8	NonTarget	1	404097
2020.565	0.8	NonTarget	1	404113
2020.65	0.8	NonTarget	1	404130
2020.735	0.8	NonTarget	1	404147
2020.835	0.8	NonTarget	1	404167
2020.92	0.8	NonTarget	1	404184
2021.0	0.8	NonTarget	1	404200
2021.1	0.8	NonTarget	1	404220
2021.185	0.8	NonTarget	1	404237
2021.27	0.8	NonTarget	1	404254
2021.35	0.8	NonTarget	1	404270
2021.45	0.8	NonTarget	1	404290
2021.86	0.8	NonTarget	1	404372
2021.955	0.8	NonTarget	1	404391
2022.035	0.8	Target	2	404407
2022.12	0.8	NonTarget	1	404424
2022.22	0.8	NonTarget	1	404444
2022.3	0.8	NonTarget	1	404460
2022.405	0.8	NonTarget	1	404481
2022.49	0.8	NonTarget	1	404498
2022.57	0.8	NonTarget	1	404514
2022.67	0.8	NonTarget	1	404534
2022.77	0.8	NonTarget	1	404554
2022.87	0.8	NonTarget	1	404574
2022.955	0.8	NonTarget	1	404591
2023.055	0.8	NonTarget	1	404611
2023.135	0.8	NonTarget	1	404627
2023.24	0.8	NonTarget	1	404648
2023.34	0.8	NonTarget	1	404668
2023.43	0.8	NonTarget	1	404686
2023.52	0.8	NonTarget	1	404704
2023.62	0.8	NonTarget	1	404724
2023.705	0.8	NonTarget	1	404741
2023.79	0.8	NonTarget	1	404758
2023.89	0.8	NonTarget	1	404778
2023.975	0.8	NonTarget	1	404795
2024.055	0.8	NonTarget	1	404811
2024.155	0.8	NonTarget	1	404831
2024.24	0.8	NonTarget	1	404848
2024.325	0.8	NonTarget	1	404865
2024.405	0.8	NonTarget	1	404881
2024.49	0.8	NonTarget	1	404898
2024.88	0.8	NonTarget	1	404976
2024.96	0.8	NonTarget	1	404992
2025.055	0.8	NonTarget	1	405011
2025.14	0.8	NonTarget	1	405028
2025.24	0.8	NonTarget	1	405048
2025.325	0.8	NonTarget	1	405065
2025.405	0.8	NonTarget	1	405081
2025.49	0.8	Target	2	405098
2025.575	0.8	NonTarget	1	405115
2025.66	0.8	NonTarget	1	405132
2025.755	0.8	NonTarget	1	405151
2025.84	0.8	NonTarget	1	405168
2025.925	0.8	NonTarget	1	405185
2026.01	0.8	NonTarget	1	405202
2026.09	0.8	NonTarget	1	405218
2026.19	0.8	NonTarget	1	405238
2026.275	0.8	NonTarget	1	405255
2026.36	0.8	NonTarget	1	405272
2026.46	0.8	NonTarget	1	405292
2026.56	0.8	NonTarget	1	405312
2026.66	0.8	NonTarget	1	405332
2026.76	0.8	NonTarget	1	405352
2026.85	0.8	NonTarget	1	405370
2026.945	0.8	NonTarget	1	405389
2027.035	0.8	NonTarget	1	405407
2027.125	0.8	NonTarget	1	405425
2027.225	0.8	NonTarget	1	405445
2027.335	0.8	NonTarget	1	405467
2027.415	0.8	NonTarget	1	405483
2027.51	0.8	NonTarget	1	405502
2027.91	0.8	NonTarget	1	405582
2027.995	0.8	NonTarget	1	405599
2028.095	0.8	NonTarget	1	405619
2028.175	0.8	NonTarget	1	405635
2028.27	0.8	NonTarget	1	405654
2028.36	0.8	NonTarget	1	405672
2028.46	0.8	NonTarget	1	405692
2028.545	0.8	NonTarget	1	405709
2028.645	0.8	NonTarget	1	405729
2028.75	0.8	NonTarget	1	405750
2028.83	0.8	NonTarget	1	405766
2028.93	0.8	NonTarget	1	405786
2029.01	0.8	Target	2	405802
2029.095	0.8	NonTarget	1	405819
2029.195	0.8	NonTarget	1	405839
2029.28	0.8	NonTarget	1	405856
2029.36	0.8	NonTarget	1	405872
2029.465	0.8	NonTarget	1	405893
2029.565	0.8	NonTarget	1	405913
2029.665	0.8	NonTarget	1	405933
2029.745	0.8	NonTarget	1	405949
2029.845	0.8	NonTarget	1	405969
2029.93	0.8	NonTarget	1	405986
2030.015	0.8	NonTarget	1	406003
2030.1	0.8	NonTarget	1	406020
2030.18	0.8	NonTarget	1	406036
2030.285	0.8	NonTarget	1	406057
2030.37	0.8	NonTarget	1	406074
2030.465	0.8	NonTarget	1	406093
2030.565	0.8	NonTarget	1	406113
2030.975	0.8	NonTarget	1	406195
2031.055	0.8	NonTarget	1	406211
2031.15	0.8	NonTarget	1	406230
2031.235	0.8	NonTarget	1	406247
2031.33	0.8	NonTarget	1	406266
2031.43	0.8	NonTarget	1	406286
2031.53	0.8	NonTarget	1	406306
2031.615	0.8	Target	2	406323
2031.7	0.8	NonTarget	1	406340
2031.785	0.8	NonTarget	1	406357
2031.885	0.8	NonTarget	1	406377
2031.965	0.8	NonTarget	1	406393
2032.05	0.8	NonTarget	1	406410
2032.135	0.8	NonTarget	1	406427
2032.215	0.8	NonTarget	1	406443
2032.3	0.8	NonTarget	1	406460
2032.385	0.8	NonTarget	1	406477
2032.47	0.8	NonTarget	1	406494
2032.565	0.8	NonTarget	1	406513
2032.65	0.8	NonTarget	1	406530
2032.735	0.8	NonTarget	1	406547
2032.82	0.8	NonTarget	1	406564
2032.92	0.8	NonTarget	1	406584
2033.0	0.8	NonTarget	1	406600
2033.1	0.8	NonTarget	1	406620
2033.19	0.8	NonTarget	1	406638
2033.285	0.8	NonTarget	1	406657
2033.375	0.8	NonTarget	1	406675
2033.47	0.8	NonTarget	1	406694
2033.55	0.8	NonTarget	1	406710
2033.95	0.8	NonTarget	1	406790
2034.035	0.8	NonTarget	1	406807
2034.135	0.8	Target	2	406827
2034.22	0.8	NonTarget	1	406844
2034.32	0.8	NonTarget	1	406864
2034.41	0.8	NonTarget	1	406882
2034.505	0.8	NonTarget	1	406901
2034.605	0.8	NonTarget	1	406921
2034.69	0.8	NonTarget	1	406938
2034.79	0.8	NonTarget	1	406958
2034.885	0.8	NonTarget	1	406977
2034.99	0.8	NonTarget	1	406998
2035.07	0.8	NonTarget	1	407014
2035.155	0.8	NonTarget	1	407031
2035.24	0.8	NonTarget	1	407048
2035.325	0.8	NonTarget	1	407065
2035.42	0.8	NonTarget	1	407084
2035.52	0.8	NonTarget	1	407104
2035.62	0.8	NonTarget	1	407124
2035.705	0.8	NonTarget	1	407141
2035.79	0.8	NonTarget	1	407158
2035.87	0.8	NonTarget	1	407174
2035.955	0.8	NonTarget	1	407191
2036.055	0.8	NonTarget	1	407211
2036.155	0.8	NonTarget	1	407231
2036.255	0.8	NonTarget	1	407251
2036.34	0.8	NonTarget	1	407268
2036.425	0.8	NonTarget	1	407285
2036.525	0.8	NonTarget	1	407305
2036.605	0.8	NonTarget	1	407321
2037.0	0.8	NonTarget	1	407400
2037.085	0.8	NonTarget	1	407417
2037.175	0.8	NonTarget	1	407435
2037.275	0.8	NonTarget	1	407455
2037.375	0.8	NonTarget	1	407475
2037.455	0.8	NonTarget	1	407491
2037.54	0.8	NonTarget	1	407508
2037.64	0.8	Target	2	407528
2037.725	0.8	NonTarget	1	407545
2037.825	0.8	NonTarget	1	407565
2037.91	0.8	NonTarget	1	407582
2038.01	0.8	NonTarget	1	407602
2038.11	0.8	NonTarget	1	407622
2038.195	0.8	NonTarget	1	407639
2038.275	0.8	NonTarget	1	407655
2038.375	0.8	NonTarget	1	407675
2038.46	0.8	NonTarget	1	407692
2038.56	0.8	NonTarget	1	407712
2038.66	0.8	NonTarget	1	407732
2038.76	0.8	NonTarget	1	407752
2038.86	0.8	NonTarget	1	407772
2038.96	0.8	NonTarget	1	407792
2039.045	0.8	NonTarget	1	407809
2039.125	0.8	NonTarget	1	407825
2039.225	0.8	NonTarget	1	407845
2039.33	0.8	NonTarget	1	407866
2039.41	0.8	NonTarget	1	407882
2039.51	0.8	NonTarget	1	407902
2039.595	0.8	NonTarget	1	407919
2039.695	0.8	NonTarget	1	407939
2040.09	0.8	NonTarget	1	408018
2040.18	0.8	NonTarget	1	408036
2040.28	0.8	NonTarget	1	408056
2040.38	0.8	NonTarget	1	408076
2040.46	0.8	NonTarget	1	408092
2040.545	0.8	NonTarget	1	408109
2040.645	0.8	NonTarget	1	408129
2040.745	0.8	NonTarget	1	408149
2040.83	0.8	NonTarget	1	408166
2040.915	0.8	NonTarget	1	408183
2040.995	0.8	NonTarget	1	408199
2041.08	0.8	NonTarget	1	408216
2041.16	0.8	Target	2	408232
2041.245	0.8	NonTarget	1	408249
2041.33	0.8	NonTarget	1	408266
2041.43	0.8	NonTarget	1	408286
2041.52	0.8	NonTarget	1	408304
2041.615	0.8	NonTarget	1	408323
2041.715	0.8	NonTarget	1	408343
2041.815	0.8	NonTarget	1	408363
2041.9	0.8	NonTarget	1	408380
2041.995	0.8	NonTarget	1	408399
2042.08	0.8	NonTarget	1	408416
2042.165	0.8	NonTarget	1	408433
2042.25	0.8	NonTarget	1	408450
2042.33	0.8	NonTarget	1	408466
2042.43	0.8	NonTarget	1	408486
2042.53	0.8	NonTarget	1	408506
2042.615	0.8	NonTarget	1	408523
2042.705	0.8	NonTarget	1	408541
2051.81	0.8	NonTarget	1	410362
2051.9	0.8	NonTarget	1	410380
2051.995	0.8	NonTarget	1	410399
2052.08	0.8	NonTarget	1	410416
2052.16	0.8	NonTarget	1	410432
2052.245	0.8	NonTarget	1	410449
2052.33	0.8	NonTarget	1	410466
2052.43	0.8	NonTarget	1	410486
2052.52	0.8	NonTarget	1	410504
2052.6	0.8	NonTarget	1	410520
2052.695	0.8	NonTarget	1	410539
2052.78	0.8	NonTarget	1	410556
2052.88	0.8	NonTarget	1	410576
2052.98	0.8	NonTarget	1	410596
2053.08	0.8	NonTarget	1	410616
2053.18	0.8	NonTarget	1	410636
2053.265	0.8	NonTarget	1	410653
2053.345	0.8	NonTarget	1	410669
2053.435	0.8	NonTarget	1	410687
2053.515	0.8	NonTarget	1	410703
2053.595	0.8	NonTarget	1	410719
2053.68	0.8	NonTarget	1	410736
2053.765	0.8	NonTarget	1	410753
2053.85	0.8	NonTarget	1	410770
2053.93	0.8	NonTarget	1	410786
2054.03	0.8	NonTarget	1	410806
2054.13	0.8	NonTarget	1	410826
2054.23	0.8	Target	2	410846
2054.315	0.8	NonTarget	1	410863
2054.4	0.8	NonTarget	1	410880
2054.795	0.8	NonTarget	1	410959
2054.885	0.8	NonTarget	1	410977
2054.965	0.8	NonTarget	1	410993
2055.05	0.8	NonTarget	1	411010
2055.13	0.8	NonTarget	1	411026
2055.225	0.8	NonTarget	1	411045
2055.315	0.8	NonTarget	1	411063
2055.4	0.8	Target	2	411080
2055.485	0.8	NonTarget	1	411097
2055.565	0.8	NonTarget	1	411113
2055.65	0.8	NonTarget	1	411130
2055.73	0.8	NonTarget	1	411146
2055.815	0.8	NonTarget	1	411163
2055.92	0.8	NonTarget	1	411184
2056.0	0.8	NonTarget	1	411200
2056.1	0.8	NonTarget	1	411220
2056.185	0.8	NonTarget	1	411237
2056.285	0.8	NonTarget	1	411257
2056.37	0.8	NonTarget	1	411274
2056.45	0.8	NonTarget	1	411290
2056.535	0.8	NonTarget	1	411307
2056.62	0.8	NonTarget	1	411324
2056.7	0.8	NonTarget	1	411340
2056.785	0.8	NonTarget	1	411357
2056.87	0.8	NonTarget	1	411374
2056.97	0.8	NonTarget	1	411394
2057.05	0.8	NonTarget	1	411410
2057.16	0.8	NonTarget	1	411432
2057.25	0.8	NonTarget	1	411450
2057.335	0.8	NonTarget	1	411467
2057.75	0.8	NonTarget	1	411550
2057.835	0.8	NonTarget	1	411567
2057.92	0.8	NonTarget	1	411584
2058.02	0.8	NonTarget	1	411604
2058.105	0.8	NonTarget	1	411621
2058.19	0.8	NonTarget	1	411638
2058.275	0.8	NonTarget	1	411655
2058.35	0.8	NonTarget	1	411670
2058.44	0.8	NonTarget	1	411688
2058.52	0.8	NonTarget	1	411704
2058.605	0.8	NonTarget	1	411721
2058.69	0.8	NonTarget	1	411738
2058.785	0.8	NonTarget	1	411757
2058.875	0.8	NonTarget	1	411775
2058.955	0.8	NonTarget	1	411791
2059.055	0.8	NonTarget	1	411811
2059.14	0.8	NonTarget	1	411828
2059.22	0.8	NonTarget	1	411844
2059.305	0.8	NonTarget	1	411861
2059.39	0.8	NonTarget	1	411878
2059.49	0.8	NonTarget	1	411898
2059.57	0.8	NonTarget	1	411914
2059.66	0.8	Target	2	411932
2059.74	0.8	NonTarget	1	411948
2059.83	0.8	NonTarget	1	411966
2059.91	0.8	NonTarget	1	411982
2059.99	0.8	NonTarget	1	411998
2060.09	0.8	NonTarget	1	412018
2060.175	0.8	NonTarget	1	412035
2060.255	0.8	NonTarget	1	412051
2060.67	0.8	NonTarget	1	412134
2060.76	0.8	NonTarget	1	412152
2060.86	0.8	NonTarget	1	412172
2060.94	0.8	NonTarget	1	412188
2061.03	0.8	NonTarget	1	412206
2061.125	0.8	NonTarget	1	412225
2061.205	0.8	NonTarget	1	412241
2061.29	0.8	NonTarget	1	412258
2061.375	0.8	NonTarget	1	412275
2061.46	0.8	NonTarget	1	412292
2061.54	0.8	NonTarget	1	412308
2061.64	0.8	NonTarget	1	412328
2061.73	0.8	NonTarget	1	412346
2061.81	0.8	NonTarget	1	412362
2061.91	0.8	NonTarget	1	412382
2062.01	0.8	NonTarget	1	412402
2062.11	0.8	NonTarget	1	412422
2062.19	0.8	NonTarget	1	412438
2062.285	0.8	NonTarget	1	412457
2062.375	0.8	NonTarget	1	412475
2062.475	0.8	NonTarget	1	412495
2062.56	0.8	NonTarget	1	412512
2062.64	0.8	NonTarget	1	412528
2062.725	0.8	NonTarget	1	412545
2062.81	0.8	NonTarget	1	412562
2062.91	0.8	NonTarget	1	412582
2062.995	0.8	NonTarget	1	412599
2063.095	0.8	Target	2	412619
2063.195	0.8	NonTarget	1	412639
2063.285	0.8	NonTarget	1	412657
2063.685	0.8	NonTarget	1	412737
2063.77	0.8	NonTarget	1	412754
2063.86	0.8	NonTarget	1	412772
2063.95	0.8	NonTarget	1	412790
2064.045	0.8	NonTarget	1	412809
2064.135	0.8	NonTarget	1	412827
2064.23	0.8	NonTarget	1	412846
2064.31	0.8	NonTarget	1	412862
2064.41	0.8	NonTarget	1	412882
2064.52	0.8	NonTarget	1	412904
2064.61	0.8	NonTarget	1	412922
2064.705	0.8	NonTarget	1	412941
2064.795	0.8	Target	2	412959
2064.88	0.8	NonTarget	1	412976
2064.98	0.8	NonTarget	1	412996
2065.065	0.8	NonTarget	1	413013
2065.15	0.8	NonTarget	1	413030
2065.235	0.8	NonTarget	1	413047
2065.33	0.8	NonTarget	1	413066
2065.415	0.8	NonTarget	1	413083
2065.5	0.8	NonTarget	1	413100
2065.58	0.8	NonTarget	1	413116
2065.665	0.8	NonTarget	1	413133
2065.75	0.8	NonTarget	1	413150
2065.855	0.8	NonTarget	1	413171
2065.945	0.8	NonTarget	1	413189
2066.03	0.8	NonTarget	1	413206
2066.13	0.8	NonTarget	1	413226
2066.215	0.8	NonTarget	1	413243
2066.3	0.8	NonTarget	1	413260
2066.69	0.8	NonTarget	1	413338
2066.785	0.8	NonTarget	1	413357
2066.89	0.8	NonTarget	1	413378
2066.985	0.8	NonTarget	1	413397
2067.07	0.8	NonTarget	1	413414
2067.15	0.8	NonTarget	1	413430
2067.235	0.8	NonTarget	1	413447
2067.315	0.8	NonTarget	1	413463
2067.4	0.8	NonTarget	1	413480
2067.485	0.8	NonTarget	1	413497
2067.565	0.8	NonTarget	1	413513
2067.65	0.8	NonTarget	1	413530
2067.74	0.8	Target	2	413548
2067.82	0.8	NonTarget	1	413564
2067.92	0.8	NonTarget	1	413584
2068.02	0.8	NonTarget	1	413604
2068.1	0.8	NonTarget	1	413620
2068.185	0.8	NonTarget	1	413637
2068.285	0.8	NonTarget	1	413657
2068.385	0.8	NonTarget	1	413677
2068.465	0.8	NonTarget	1	413693
2068.55	0.8	NonTarget	1	413710
2068.65	0.8	NonTarget	1	413730
2068.755	0.8	NonTarget	1	413751
2068.85	0.8	NonTarget	1	413770
2068.935	0.8	NonTarget	1	413787
2069.035	0.8	NonTarget	1	413807
2069.12	0.8	NonTarget	1	413824
2069.22	0.8	NonTarget	1	413844
2069.305	0.8	NonTarget	1	413861
2069.72	0.8	NonTarget	1	413944
2069.81	0.8	NonTarget	1	413962
2069.905	0.8	NonTarget	1	413981
2070.0	0.8	NonTarget	1	414000
2070.09	0.8	NonTarget	1	414018
2070.17	0.8	NonTarget	1	414034
2070.27	0.8	NonTarget	1	414054
2070.37	0.8	Target	2	414074
2070.455	0.8	NonTarget	1	414091
2070.54	0.8	NonTarget	1	414108
2070.62	0.8	NonTarget	1	414124
2070.705	0.8	NonTarget	1	414141
2070.805	0.8	NonTarget	1	414161
2070.905	0.8	NonTarget	1	414181
2070.99	0.8	NonTarget	1	414198
2071.09	0.8	NonTarget	1	414218
2071.17	0.8	NonTarget	1	414234
2071.255	0.8	NonTarget	1	414251
2071.36	0.8	NonTarget	1	414272
2071.455	0.8	NonTarget	1	414291
2071.545	0.8	NonTarget	1	414309
2071.64	0.8	NonTarget	1	414328
2071.73	0.8	NonTarget	1	414346
2071.825	0.8	NonTarget	1	414365
2071.905	0.8	NonTarget	1	414381
2071.995	0.8	NonTarget	1	414399
2072.09	0.8	NonTarget	1	414418
2072.175	0.8	NonTarget	1	414435
2072.255	0.8	NonTarget	1	414451
2072.34	0.8	NonTarget	1	414468
2072.755	0.8	NonTarget	1	414551
2072.84	0.8	NonTarget	1	414568
2072.945	0.8	NonTarget	1	414589
2073.045	0.8	NonTarget	1	414609
2073.125	0.8	NonTarget	1	414625
2073.205	0.8	NonTarget	1	414641
2073.29	0.8	NonTarget	1	414658
2073.375	0.8	NonTarget	1	414675
2073.46	0.8	NonTarget	1	414692
2073.545	0.8	NonTarget	1	414709
2073.625	0.8	NonTarget	1	414725
2073.71	0.8	NonTarget	1	414742
2073.79	0.8	NonTarget	1	414758
2073.875	0.8	NonTarget	1	414775
2073.96	0.8	NonTarget	1	414792
2074.045	0.8	NonTarget	1	414809
2074.125	0.8	NonTarget	1	414825
2074.235	0.8	NonTarget	1	414847
2074.325	0.8	NonTarget	1	414865
2074.41	0.8	NonTarget	1	414882
2074.495	0.8	NonTarget	1	414899
2074.575	0.8	NonTarget	1	414915
2074.66	0.8	Target	2	414932
2074.745	0.8	NonTarget	1	414949
2074.825	0.8	NonTarget	1	414965
2074.91	0.8	NonTarget	1	414982
2075.01	0.8	NonTarget	1	415002
2075.095	0.8	NonTarget	1	415019
2075.18	0.8	NonTarget	1	415036
2075.265	0.8	NonTarget	1	415053
2075.66	0.8	NonTarget	1	415132
2075.745	0.8	NonTarget	1	415149
2075.845	0.8	NonTarget	1	415169
2075.93	0.8	NonTarget	1	415186
2076.03	0.8	NonTarget	1	415206
2076.115	0.8	NonTarget	1	415223
2076.21	0.8	NonTarget	1	415242
2076.315	0.8	Target	2	415263
2076.415	0.8	NonTarget	1	415283
2076.495	0.8	NonTarget	1	415299
2076.58	0.8	NonTarget	1	415316
2076.68	0.8	NonTarget	1	415336
2076.765	0.8	NonTarget	1	415353
2076.845	0.8	NonTarget	1	415369
2076.93	0.8	NonTarget	1	415386
2077.015	0.8	NonTarget	1	415403
2077.115	0.8	NonTarget	1	415423
2077.2	0.8	NonTarget	1	415440
2077.28	0.8	NonTarget	1	415456
2077.365	0.8	NonTarget	1	415473
2077.45	0.8	NonTarget	1	415490
2077.53	0.8	NonTarget	1	415506
2077.62	0.8	NonTarget	1	415524
2077.715	0.8	NonTarget	1	415543
2077.815	0.8	NonTarget	1	415563
2077.905	0.8	NonTarget	1	415581
2078.0	0.8	NonTarget	1	415600
2078.08	0.8	NonTarget	1	415616
2078.165	0.8	NonTarget	1	415633
2078.25	0.8	NonTarget	1	415650
2078.645	0.8	NonTarget	1	415729
2078.725	0.8	NonTarget	1	415745
2078.815	0.8	NonTarget	1	415763
2078.9	0.8	NonTarget	1	415780
2078.985	0.8	NonTarget	1	415797
2079.085	0.8	NonTarget	1	415817
2079.165	0.8	NonTarget	1	415833
2079.265	0.8	NonTarget	1	415853
2079.365	0.8	NonTarget	1	415873
2079.465	0.8	NonTarget	1	415893
2079.55	0.8	NonTarget	1	415910
2079.635	0.8	NonTarget	1	415927
2079.72	0.8	NonTarget	1	415944
2079.805	0.8	NonTarget	1	415961
2079.885	0.8	NonTarget	1	415977
2079.97	0.8	NonTarget	1	415994
2080.05	0.8	NonTarget	1	416010
2080.135	0.8	NonTarget	1	416027
2080.22	0.8	NonTarget	1	416044
2080.305	0.8	NonTarget	1	416061
2080.39	0.8	NonTarget	1	416078
2080.485	0.8	NonTarget	1	416097
2080.57	0.8	NonTarget	1	416114
2080.655	0.8	NonTarget	1	416131
2080.75	0.8	NonTarget	1	416150
2080.84	0.8	NonTarget	1	416168
2080.935	0.8	NonTarget	1	416187
2081.035	0.8	Target	2	416207
2081.12	0.8	NonTarget	1	416224
2081.22	0.8	NonTarget	1	416244
2090.28	0.8	NonTarget	1	418056
2090.365	0.8	NonTarget	1	418073
2090.45	0.8	NonTarget	1	418090
2090.535	0.8	NonTarget	1	418107
2090.615	0.8	NonTarget	1	418123
2090.715	0.8	NonTarget	1	418143
2090.8	0.8	NonTarget	1	418160
2090.89	0.8	NonTarget	1	418178
2090.985	0.8	NonTarget	1	418197
2091.065	0.8	NonTarget	1	418213
2091.15	0.8	NonTarget	1	418230
2091.235	0.8	NonTarget	1	418247
2091.315	0.8	Target	2	418263
2091.4	0.8	NonTarget	1	418280
2091.49	0.8	NonTarget	1	418298
2091.57	0.8	NonTarget	1	418314
2091.65	0.8	NonTarget	1	418330
2091.755	0.8	NonTarget	1	418351
2091.85	0.8	NonTarget	1	418370
2091.935	0.8	NonTarget	1	418387
2092.015	0.8	NonTarget	1	418403
2092.11	0.8	NonTarget	1	418422
2092.19	0.8	NonTarget	1	418438
2092.27	0.8	NonTarget	1	418454
2092.37	0.8	NonTarget	1	418474
2092.455	0.8	NonTarget	1	418491
2092.55	0.8	NonTarget	1	418510
2092.635	0.8	NonTarget	1	418527
2092.72	0.8	NonTarget	1	418544
2092.805	0.8	NonTarget	1	418561
2093.21	0.8	NonTarget	1	418642
2093.295	0.8	NonTarget	1	418659
2093.385	0.8	NonTarget	1	418677
2093.47	0.8	NonTarget	1	418694
2093.555	0.8	NonTarget	1	418711
2093.64	0.8	NonTarget	1	418728
2093.72	0.8	NonTarget	1	418744
2093.805	0.8	NonTarget	1	418761
2093.89	0.8	NonTarget	1	418778
2093.97	0.8	NonTarget	1	418794
2094.07	0.8	NonTarget	1	418814
2094.17	0.8	NonTarget	1	418834
2094.255	0.8	Target	2	418851
2094.355	0.8	NonTarget	1	418871
2094.44	0.8	NonTarget	1	418888
2094.52	0.8	NonTarget	1	418904
2094.605	0.8	NonTarget	1	418921
2094.69	0.8	NonTarget	1	418938
2094.775	0.8	NonTarget	1	418955
2094.855	0.8	NonTarget	1	418971
2094.955	0.8	NonTarget	1	418991
2095.065	0.8	NonTarget	1	419013
2095.155	0.8	NonTarget	1	419031
2095.245	0.8	NonTarget	1	419049
2095.34	0.8	NonTarget	1	419068
2095.425	0.8	NonTarget	1	419085
2095.525	0.8	NonTarget	1	419105
2095.605	0.8	NonTarget	1	419121
2095.69	0.8	NonTarget	1	419138
2095.79	0.8	NonTarget	1	419158
2096.185	0.8	NonTarget	1	419237
2096.265	0.8	NonTarget	1	419253
2096.36	0.8	Target	2	419272
2096.445	0.8	NonTarget	1	419289
2096.53	0.8	NonTarget	1	419306
2096.625	0.8	NonTarget	1	419325
2096.71	0.8	NonTarget	1	419342
2096.79	0.8	NonTarget	1	419358
2096.89	0.8	NonTarget	1	419378
2096.975	0.8	NonTarget	1	419395
2097.06	0.8	NonTarget	1	419412
2097.16	0.8	NonTarget	1	419432
2097.245	0.8	NonTarget	1	419449
2097.325	0.8	NonTarget	1	419465
2097.415	0.8	NonTarget	1	419483
2097.51	0.8	NonTarget	1	419502
2097.59	0.8	NonTarget	1	419518
2097.675	0.8	NonTarget	1	419535
2097.76	0.8	NonTarget	1	419552
2097.845	0.8	NonTarget	1	419569
2097.95	0.8	NonTarget	1	419590
2098.045	0.8	NonTarget	1	419609
2098.125	0.8	NonTarget	1	419625
2098.21	0.8	NonTarget	1	419642
2098.31	0.8	NonTarget	1	419662
2098.395	0.8	NonTarget	1	419679
2098.48	0.8	NonTarget	1	419696
2098.58	0.8	NonTarget	1	419716
2098.66	0.8	NonTarget	1	419732
2098.75	0.8	NonTarget	1	419750
2099.155	0.8	NonTarget	1	419831
2099.235	0.8	NonTarget	1	419847
2099.32	0.8	NonTarget	1	419864
2099.415	0.8	NonTarget	1	419883
2099.51	0.8	NonTarget	1	419902
2099.595	0.8	NonTarget	1	419919
2099.68	0.8	NonTarget	1	419936
2099.765	0.8	NonTarget	1	419953
2099.845	0.8	NonTarget	1	419969
2099.93	0.8	NonTarget	1	419986
2100.03	0.8	NonTarget	1	420006
2100.115	0.8	NonTarget	1	420023
2100.215	0.8	Target	2	420043
2100.295	0.8	NonTarget	1	420059
2100.395	0.8	NonTarget	1	420079
2100.48	0.8	NonTarget	1	420096
2100.58	0.8	NonTarget	1	420116
2100.665	0.8	NonTarget	1	420133
2100.765	0.8	NonTarget	1	420153
2100.865	0.8	NonTarget	1	420173
2100.95	0.8	NonTarget	1	420190
2101.03	0.8	NonTarget	1	420206
2101.115	0.8	NonTarget	1	420223
2101.2	0.8	NonTarget	1	420240
2101.3	0.8	NonTarget	1	420260
2101.385	0.8	NonTarget	1	420277
2101.465	0.8	NonTarget	1	420293
2101.565	0.8	NonTarget	1	420313
2101.65	0.8	NonTarget	1	420330
2101.73	0.8	NonTarget	1	420346
2102.125	0.8	NonTarget	1	420425
2102.215	0.8	NonTarget	1	420443
2102.32	0.8	NonTarget	1	420464
2102.415	0.8	NonTarget	1	420483
2102.515	0.8	NonTarget	1	420503
2102.6	0.8	NonTarget	1	420520
2102.685	0.8	NonTarget	1	420537
2102.78	0.8	NonTarget	1	420556
2102.865	0.8	NonTarget	1	420573
2102.95	0.8	NonTarget	1	420590
2103.05	0.8	NonTarget	1	420610
2103.15	0.8	NonTarget	1	420630
2103.235	0.8	NonTarget	1	420647
2103.315	0.8	NonTarget	1	420663
2103.4	0.8	NonTarget	1	420680
2103.505	0.8	NonTarget	1	420701
2103.6	0.8	NonTarget	1	420720
2103.685	0.8	Target	2	420737
2103.785	0.8	NonTarget	1	420757
2103.895	0.8	NonTarget	1	420779
2103.97	0.8	NonTarget	1	420794
2104.065	0.8	NonTarget	1	420813
2104.15	0.8	NonTarget	1	420830
2104.24	0.8	NonTarget	1	420848
2104.345	0.8	NonTarget	1	420869
2104.435	0.8	NonTarget	1	420887
2104.52	0.8	NonTarget	1	420904
2104.605	0.8	NonTarget	1	420921
2104.685	0.8	NonTarget	1	420937
2104.77	0.8	NonTarget	1	420954
2105.165	0.8	NonTarget	1	421033
2105.255	0.8	NonTarget	1	421051
2105.36	0.8	NonTarget	1	421072
2105.44	0.8	NonTarget	1	421088
2105.535	0.8	NonTarget	1	421107
2105.62	0.8	NonTarget	1	421124
2105.72	0.8	NonTarget	1	421144
2105.805	0.8	NonTarget	1	421161
2105.89	0.8	NonTarget	1	421178
2105.97	0.8	NonTarget	1	421194
2106.055	0.8	NonTarget	1	421211
2106.14	0.8	NonTarget	1	421228
2106.225	0.8	Target	2	421245
2106.305	0.8	NonTarget	1	421261
2106.405	0.8	NonTarget	1	421281
2106.505	0.8	NonTarget	1	421301
2106.595	0.8	NonTarget	1	421319
2106.69	0.8	NonTarget	1	421338
2106.79	0.8	NonTarget	1	421358
2106.875	0.8	NonTarget	1	421375
2106.955	0.8	NonTarget	1	421391
2107.04	0.8	NonTarget	1	421408
2107.125	0.8	NonTarget	1	421425
2107.205	0.8	NonTarget	1	421441
2107.305	0.8	NonTarget	1	421461
2107.39	0.8	NonTarget	1	421478
2107.47	0.8	NonTarget	1	421494
2107.565	0.8	NonTarget	1	421513
2107.66	0.8	NonTarget	1	421532
2107.755	0.8	NonTarget	1	421551
2108.175	0.8	NonTarget	1	421635
2108.255	0.8	NonTarget	1	421651
2108.34	0.8	Target	2	421668
2108.425	0.8	NonTarget	1	421685
2108.51	0.8	NonTarget	1	421702
2108.61	0.8	NonTarget	1	421722
2108.7	0.8	NonTarget	1	421740
2108.79	0.8	NonTarget	1	421758
2108.875	0.8	NonTarget	1	421775
2108.965	0.8	NonTarget	1	421793
2109.06	0.8	NonTarget	1	421812
2109.16	0.8	NonTarget	1	421832
2109.26	0.8	NonTarget	1	421852
2109.345	0.8	NonTarget	1	421869
2109.425	0.8	NonTarget	1	421885
2109.525	0.8	NonTarget	1	421905
2109.61	0.8	NonTarget	1	421922
2109.715	0.8	NonTarget	1	421943
2109.795	0.8	NonTarget	1	421959
2109.88	0.8	NonTarget	1	421976
2109.96	0.8	NonTarget	1	421992
2110.045	0.8	NonTarget	1	422009
2110.13	0.8	NonTarget	1	422026
2110.215	0.8	NonTarget	1	422043
2110.295	0.8	NonTarget	1	422059
2110.395	0.8	NonTarget	1	422079
2110.495	0.8	NonTarget	1	422099
2110.595	0.8	NonTarget	1	422119
2110.68	0.8	NonTarget	1	422136
2110.76	0.8	NonTarget	1	422152
2111.175	0.8	NonTarget	1	422235
2111.27	0.8	NonTarget	1	422254
2111.365	0.8	NonTarget	1	422273
2111.465	0.8	NonTarget	1	422293
2111.545	0.8	NonTarget	1	422309
2111.63	0.8	NonTarget	1	422326
2111.715	0.8	NonTarget	1	422343
2111.81	0.8	NonTarget	1	422362
2111.92	0.8	NonTarget	1	422384
2112.015	0.8	NonTarget	1	422403
2112.115	0.8	NonTarget	1	422423
2112.195	0.8	NonTarget	1	422439
2112.28	0.8	Target	2	422456
2112.37	0.8	NonTarget	1	422474
2112.465	0.8	NonTarget	1	422493
2112.565	0.8	NonTarget	1	422513
2112.645	0.8	NonTarget	1	422529
2112.73	0.8	NonTarget	1	422546
2112.815	0.8	NonTarget	1	422563
2112.895	0.8	NonTarget	1	422579
2112.985	0.8	NonTarget	1	422597
2113.065	0.8	NonTarget	1	422613
2113.15	0.8	NonTarget	1	422630
2113.25	0.8	NonTarget	1	422650
2113.335	0.8	NonTarget	1	422667
2113.42	0.8	NonTarget	1	422684
2113.515	0.8	NonTarget	1	422703
2113.6	0.8	NonTarget	1	422720
2113.685	0.8	NonTarget	1	422737
2113.765	0.8	NonTarget	1	422753
2114.175	0.8	NonTarget	1	422835
2114.26	0.8	NonTarget	1	422852
2114.35	0.8	NonTarget	1	422870
2114.435	0.8	NonTarget	1	422887
2114.52	0.8	NonTarget	1	422904
2114.615	0.8	NonTarget	1	422923
2114.705	0.8	NonTarget	1	422941
2114.8	0.8	NonTarget	1	422960
2114.885	0.8	NonTarget	1	422977
2114.965	0.8	NonTarget	1	422993
2115.05	0.8	NonTarget	1	423010
2115.135	0.8	NonTarget	1	423027
2115.22	0.8	NonTarget	1	423044
2115.32	0.8	NonTarget	1	423064
2115.4	0.8	NonTarget	1	423080
2115.485	0.8	NonTarget	1	423097
2115.585	0.8	NonTarget	1	423117
2115.67	0.8	Target	2	423134
2115.75	0.8	NonTarget	1	423150
2115.84	0.8	NonTarget	1	423168
2115.935	0.8	NonTarget	1	423187
2116.02	0.8	NonTarget	1	423204
2116.12	0.8	NonTarget	1	423224
2116.22	0.8	NonTarget	1	423244
2116.305	0.8	NonTarget	1	423261
2116.385	0.8	NonTarget	1	423277
2116.485	0.8	NonTarget	1	423297
2116.57	0.8	NonTarget	1	423314
2116.655	0.8	NonTarget	1	423331
2116.75	0.8	NonTarget	1	423350
2117.15	0.8	NonTarget	1	423430
2117.24	0.8	NonTarget	1	423448
2117.32	0.8	NonTarget	1	423464
2117.42	0.8	NonTarget	1	423484
2117.505	0.8	NonTarget	1	423501
2117.605	0.8	NonTarget	1	423521
2117.705	0.8	NonTarget	1	423541
2117.805	0.8	NonTarget	1	423561
2117.89	0.8	NonTarget	1	423578
2117.99	0.8	NonTarget	1	423598
2118.07	0.8	NonTarget	1	423614
2118.17	0.8	NonTarget	1	423634
2118.255	0.8	NonTarget	1	423651
2118.34	0.8	NonTarget	1	423668
2118.44	0.8	NonTarget	1	423688
2118.525	0.8	NonTarget	1	423705
2118.605	0.8	NonTarget	1	423721
2118.69	0.8	Target	2	423738
2118.775	0.8	NonTarget	1	423755
2118.875	0.8	NonTarget	1	423775
2118.955	0.8	NonTarget	1	423791
2119.04	0.8	NonTarget	1	423808
2119.12	0.8	NonTarget	1	423824
2119.205	0.8	NonTarget	1	423841
2119.29	0.8	NonTarget	1	423858
2119.39	0.8	NonTarget	1	423878
2119.49	0.8	NonTarget	1	423898
2119.575	0.8	NonTarget	1	423915
2119.675	0.8	NonTarget	1	423935
2119.775	0.8	NonTarget	1	423955
2128.89	0.8	NonTarget	1	425778
2128.975	0.8	NonTarget	1	425795
2129.07	0.8	NonTarget	1	425814
2129.155	0.8	NonTarget	1	425831
2129.235	0.8	NonTarget	1	425847
2129.32	0.8	NonTarget	1	425864
2129.405	0.8	NonTarget	1	425881
2129.49	0.8	NonTarget	1	425898
2129.57	0.8	NonTarget	1	425914
2129.655	0.8	NonTarget	1	425931
2129.755	0.8	NonTarget	1	425951
2129.84	0.8	NonTarget	1	425968
2129.935	0.8	NonTarget	1	425987
2130.02	0.8	NonTarget	1	426004
2130.125	0.8	NonTarget	1	426025
2130.205	0.8	Target	2	426041
2130.29	0.8	NonTarget	1	426058
2130.37	0.8	NonTarget	1	426074
2130.455	0.8	NonTarget	1	426091
2130.545	0.8	NonTarget	1	426109
2130.64	0.8	NonTarget	1	426128
2130.72	0.8	NonTarget	1	426144
2130.805	0.8	NonTarget	1	426161
2130.89	0.8	NonTarget	1	426178
2130.975	0.8	NonTarget	1	426195
2131.055	0.8	NonTarget	1	426211
2131.16	0.8	NonTarget	1	426232
2131.24	0.8	NonTarget	1	426248
2131.325	0.8	NonTarget	1	426265
2131.425	0.8	NonTarget	1	426285
2131.84	0.8	NonTarget	1	426368
2131.93	0.8	NonTarget	1	426386
2132.025	0.8	NonTarget	1	426405
2132.11	0.8	NonTarget	1	426422
2132.19	0.8	NonTarget	1	426438
2132.29	0.8	NonTarget	1	426458
2132.375	0.8	NonTarget	1	426475
2132.465	0.8	NonTarget	1	426493
2132.545	0.8	NonTarget	1	426509
2132.64	0.8	NonTarget	1	426528
2132.725	0.8	NonTarget	1	426545
2132.81	0.8	NonTarget	1	426562
2132.895	0.8	NonTarget	1	426579
2132.975	0.8	NonTarget	1	426595
2133.06	0.8	NonTarget	1	426612
2133.145	0.8	NonTarget	1	426629
2133.245	0.8	NonTarget	1	426649
2133.33	0.8	NonTarget	1	426666
2133.415	0.8	NonTarget	1	426683
2133.495	0.8	NonTarget	1	426699
2133.58	0.8	NonTarget	1	426716
2133.68	0.8	NonTarget	1	426736
2133.76	0.8	NonTarget	1	426752
2133.845	0.8	NonTarget	1	426769
2133.945	0.8	NonTarget	1	426789
2134.045	0.8	Target	2	426809
2134.125	0.8	NonTarget	1	426825
2134.21	0.8	NonTarget	1	426842
2134.295	0.8	NonTarget	1	426859
2134.38	0.8	NonTarget	1	426876
2134.775	0.8	Target	2	426955
2134.865	0.8	NonTarget	1	426973
2134.95	0.8	NonTarget	1	426990
2135.045	0.8	NonTarget	1	427009
2135.13	0.8	NonTarget	1	427026
2135.23	0.8	NonTarget	1	427046
2135.315	0.8	NonTarget	1	427063
2135.395	0.8	NonTarget	1	427079
2135.48	0.8	NonTarget	1	427096
2135.565	0.8	NonTarget	1	427113
2135.665	0.8	NonTarget	1	427133
2135.745	0.8	NonTarget	1	427149
2135.83	0.8	NonTarget	1	427166
2135.915	0.8	NonTarget	1	427183
2135.995	0.8	NonTarget	1	427199
2136.08	0.8	NonTarget	1	427216
2136.17	0.8	NonTarget	1	427234
2136.25	0.8	NonTarget	1	427250
2136.335	0.8	NonTarget	1	427267
2136.415	0.8	NonTarget	1	427283
2136.5	0.8	NonTarget	1	427300
2136.6	0.8	NonTarget	1	427320
2136.69	0.8	NonTarget	1	427338
2136.785	0.8	NonTarget	1	427357
2136.865	0.8	NonTarget	1	427373
2136.965	0.8	NonTarget	1	427393
2137.065	0.8	NonTarget	1	427413
2137.145	0.8	NonTarget	1	427429
2137.235	0.8	NonTarget	1	427447
2137.335	0.8	NonTarget	1	427467
2137.73	0.8	NonTarget	1	427546
2137.825	0.8	NonTarget	1	427565
2137.905	0.8	NonTarget	1	427581
2138.0	0.8	NonTarget	1	427600
2138.1	0.8	NonTarget	1	427620
2138.185	0.8	NonTarget	1	427637
2138.265	0.8	NonTarget	1	427653
2138.35	0.8	NonTarget	1	427670
2138.435	0.8	NonTarget	1	427687
2138.515	0.8	NonTarget	1	427703
2138.625	0.8	NonTarget	1	427725
2138.7	0.8	NonTarget	1	427740
2138.785	0.8	NonTarget	1	427757
2138.87	0.8	NonTarget	1	427774
2138.965	0.8	NonTarget	1	427793
2139.05	0.8	Target	2	427810
2139.135	0.8	NonTarget	1	427827
2139.22	0.8	NonTarget	1	427844
2139.305	0.8	NonTarget	1	427861
2139.385	0.8	NonTarget	1	427877
2139.47	0.8	NonTarget	1	427894
2139.55	0.8	NonTarget	1	427910
2139.64	0.8	NonTarget	1	427928
2139.72	0.8	NonTarget	1	427944
2139.805	0.8	NonTarget	1	427961
2139.905	0.8	NonTarget	1	427981
2140.0	0.8	NonTarget	1	428000
2140.09	0.8	NonTarget	1	428018
2140.175	0.8	NonTarget	1	428035
2140.27	0.8	NonTarget	1	428054
2140.665	0.8	NonTarget	1	428133
2140.74	0.8	NonTarget	1	428148
2140.825	0.8	NonTarget	1	428165
2140.905	0.8	NonTarget	1	428181
2140.995	0.8	NonTarget	1	428199
2141.075	0.8	NonTarget	1	428215
2141.155	0.8	NonTarget	1	428231
2141.235	0.8	NonTarget	1	428247
2141.33	0.8	NonTarget	1	428266
2141.405	0.8	NonTarget	1	428281
2141.505	0.8	NonTarget	1	428301
2141.605	0.8	NonTarget	1	428321
2141.69	0.8	NonTarget	1	428338
2141.775	0.8	NonTarget	1	428355
2141.87	0.8	NonTarget	1	428374
2141.955	0.8	NonTarget	1	428391
2142.045	0.8	NonTarget	1	428409
2142.125	0.8	NonTarget	1	428425
2142.225	0.8	NonTarget	1	428445
2142.325	0.8	NonTarget	1	428465
2142.425	0.8	NonTarget	1	428485
2142.525	0.8	NonTarget	1	428505
2142.605	0.8	NonTarget	1	428521
2142.69	0.8	NonTarget	1	428538
2142.77	0.8	NonTarget	1	428554
2142.855	0.8	Target	2	428571
2142.96	0.8	NonTarget	1	428592
2143.04	0.8	NonTarget	1	428608
2143.125	0.8	NonTarget	1	428625
2143.23	0.8	NonTarget	1	428646
2143.635	0.8	NonTarget	1	428727
2143.715	0.8	NonTarget	1	428743
2143.795	0.8	NonTarget	1	428759
2143.875	0.8	NonTarget	1	428775
2143.975	0.8	NonTarget	1	428795
2144.06	0.8	NonTarget	1	428812
2144.16	0.8	NonTarget	1	428832
2144.26	0.8	NonTarget	1	428852
2144.345	0.8	NonTarget	1	428869
2144.425	0.8	NonTarget	1	428885
2144.51	0.8	Target	2	428902
2144.595	0.8	NonTarget	1	428919
2144.675	0.8	NonTarget	1	428935
2144.765	0.8	NonTarget	1	428953
2144.86	0.8	NonTarget	1	428972
2144.945	0.8	NonTarget	1	428989
2145.03	0.8	NonTarget	1	429006
2145.125	0.8	NonTarget	1	429025
2145.21	0.8	NonTarget	1	429042
2145.31	0.8	NonTarget	1	429062
2145.395	0.8	NonTarget	1	429079
2145.475	0.8	NonTarget	1	429095
2145.56	0.8	NonTarget	1	429112
2145.645	0.8	NonTarget	1	429129
2145.73	0.8	NonTarget	1	429146
2145.83	0.8	NonTarget	1	429166
2145.91	0.8	NonTarget	1	429182
2145.995	0.8	NonTarget	1	429199
2146.08	0.8	NonTarget	1	429216
2146.165	0.8	NonTarget	1	429233
2146.565	0.8	NonTarget	1	429313
2146.655	0.8	NonTarget	1	429331
2146.745	0.8	NonTarget	1	429349
2146.83	0.8	NonTarget	1	429366
2146.92	0.8	NonTarget	1	429384
2147.015	0.8	NonTarget	1	429403
2147.1	0.8	NonTarget	1	429420
2147.185	0.8	NonTarget	1	429437
2147.28	0.8	NonTarget	1	429456
2147.38	0.8	NonTarget	1	429476
2147.465	0.8	NonTarget	1	429493
2147.55	0.8	NonTarget	1	429510
2147.635	0.8	NonTarget	1	429527
2147.73	0.8	NonTarget	1	429546
2147.82	0.8	NonTarget	1	429564
2147.915	0.8	NonTarget	1	429583
2147.995	0.8	NonTarget	1	429599
2148.08	0.8	NonTarget	1	429616
2148.165	0.8	NonTarget	1	429633
2148.25	0.8	NonTarget	1	429650
2148.33	0.8	Target	2	429666
2148.415	0.8	NonTarget	1	429683
2148.5	0.8	NonTarget	1	429700
2148.6	0.8	NonTarget	1	429720
2148.685	0.8	NonTarget	1	429737
2148.785	0.8	NonTarget	1	429757
2148.87	0.8	NonTarget	1	429774
2148.955	0.8	NonTarget	1	429791
2149.04	0.8	NonTarget	1	429808
2149.12	0.8	NonTarget	1	429824
2149.51	0.8	NonTarget	1	429902
2149.6	0.8	NonTarget	1	429920
2149.68	0.8	NonTarget	1	429936
2149.77	0.8	NonTarget	1	429954
2149.855	0.8	NonTarget	1	429971
2149.95	0.8	NonTarget	1	429990
2150.05	0.8	NonTarget	1	430010
2150.135	0.8	NonTarget	1	430027
2150.235	0.8	NonTarget	1	430047
2150.315	0.8	NonTarget	1	430063
2150.4	0.8	NonTarget	1	430080
2150.49	0.8	NonTarget	1	430098
2150.59	0.8	NonTarget	1	430118
2150.685	0.8	NonTarget	1	430137
2150.77	0.8	NonTarget	1	430154
2150.86	0.8	NonTarget	1	430172
2150.94	0.8	NonTarget	1	430188
2151.035	0.8	NonTarget	1	430207
2151.12	0.8	NonTarget	1	430224
2151.2	0.8	NonTarget	1	430240
2151.285	0.8	NonTarget	1	430257
2151.37	0.8	NonTarget	1	430274
2151.455	0.8	NonTarget	1	430291
2151.55	0.8	NonTarget	1	430310
2151.64	0.8	NonTarget	1	430328
2151.735	0.8	Target	2	430347
2151.82	0.8	NonTarget	1	430364
2151.905	0.8	NonTarget	1	430381
2151.995	0.8	NonTarget	1	430399
2152.085	0.8	NonTarget	1	430417
2152.485	0.8	NonTarget	1	430497
2152.575	0.8	NonTarget	1	430515
2152.665	0.8	NonTarget	1	430533
2152.755	0.8	NonTarget	1	430551
2152.84	0.8	NonTarget	1	430568
2152.92	0.8	Target	2	430584
2153.005	0.8	NonTarget	1	430601
2153.085	0.8	NonTarget	1	430617
2153.17	0.8	NonTarget	1	430634
2153.27	0.8	NonTarget	1	430654
2153.36	0.8	NonTarget	1	430672
2153.455	0.8	NonTarget	1	430691
2153.545	0.8	NonTarget	1	430709
2153.64	0.8	NonTarget	1	430728
2153.72	0.8	NonTarget	1	430744
2153.805	0.8	NonTarget	1	430761
2153.89	0.8	NonTarget	1	430778
2153.975	0.8	NonTarget	1	430795
2154.07	0.8	NonTarget	1	430814
2154.155	0.8	NonTarget	1	430831
2154.255	0.8	NonTarget	1	430851
2154.34	0.8	NonTarget	1	430868
2154.425	0.8	NonTarget	1	430885
2154.525	0.8	NonTarget	1	430905
2154.61	0.8	NonTarget	1	430922
2154.71	0.8	NonTarget	1	430942
2154.79	0.8	NonTarget	1	430958
2154.875	0.8	NonTarget	1	430975
2154.955	0.8	NonTarget	1	430991
2155.04	0.8	NonTarget	1	431008
2155.435	0.8	NonTarget	1	431087
2155.53	0.8	NonTarget	1	431106
2155.61	0.8	NonTarget	1	431122
2155.69	0.8	NonTarget	1	431138
2155.775	0.8	NonTarget	1	431155
2155.86	0.8	NonTarget	1	431172
2155.96	0.8	NonTarget	1	431192
2156.06	0.8	NonTarget	1	431212
2156.16	0.8	NonTarget	1	431232
2156.24	0.8	NonTarget	1	431248
2156.325	0.8	NonTarget	1	431265
2156.41	0.8	NonTarget	1	431282
2156.49	0.8	NonTarget	1	431298
2156.58	0.8	NonTarget	1	431316
2156.66	0.8	NonTarget	1	431332
2156.76	0.8	Target	2	431352
2156.845	0.8	NonTarget	1	431369
2156.925	0.8	NonTarget	1	431385
2157.01	0.8	NonTarget	1	431402
2157.095	0.8	NonTarget	1	431419
2157.18	0.8	NonTarget	1	431436
2157.26	0.8	NonTarget	1	431452
2157.345	0.8	NonTarget	1	431469
2157.43	0.8	NonTarget	1	431486
2157.53	0.8	NonTarget	1	431506
2157.61	0.8	NonTarget	1	431522
2157.695	0.8	NonTarget	1	431539
2157.78	0.8	NonTarget	1	431556
2157.86	0.8	NonTarget	1	431572
2157.945	0.8	NonTarget	1	431589
2167.075	0.8	NonTarget	1	433415
2167.155	0.8	NonTarget	1	433431
2167.26	0.8	NonTarget	1	433452
2167.34	0.8	NonTarget	1	433468
2167.425	0.8	NonTarget	1	433485
2167.51	0.8	NonTarget	1	433502
2167.59	0.8	NonTarget	1	433518
2167.69	0.8	Target	2	433538
2167.775	0.8	NonTarget	1	433555
2167.86	0.8	NonTarget	1	433572
2167.94	0.8	NonTarget	1	433588
2168.025	0.8	NonTarget	1	433605
2168.125	0.8	NonTarget	1	433625
2168.21	0.8	NonTarget	1	433642
2168.31	0.8	NonTarget	1	433662
2168.41	0.8	NonTarget	1	433682
2168.495	0.8	NonTarget	1	433699
2168.595	0.8	NonTarget	1	433719
2168.675	0.8	NonTarget	1	433735
2168.76	0.8	NonTarget	1	433752
2168.845	0.8	NonTarget	1	433769
2168.945	0.8	NonTarget	1	433789
2169.045	0.8	NonTarget	1	433809
2169.125	0.8	NonTarget	1	433825
2169.23	0.8	NonTarget	1	433846
2169.325	0.8	NonTarget	1	433865
2169.41	0.8	NonTarget	1	433882
2169.495	0.8	NonTarget	1	433899
2169.595	0.8	NonTarget	1	433919
2169.68	0.8	NonTarget	1	433936
2170.09	0.8	NonTarget	1	434018
2170.18	0.8	NonTarget	1	434036
2170.265	0.8	NonTarget	1	434053
2170.36	0.8	NonTarget	1	434072
2170.45	0.8	NonTarget	1	434090
2170.545	0.8	NonTarget	1	434109
2170.645	0.8	NonTarget	1	434129
2170.73	0.8	NonTarget	1	434146
2170.815	0.8	NonTarget	1	434163
2170.9	0.8	NonTarget	1	434180
2170.995	0.8	NonTarget	1	434199
2171.08	0.8	NonTarget	1	434216
2171.17	0.8	NonTarget	1	434234
2171.265	0.8	NonTarget	1	434253
2171.345	0.8	NonTarget	1	434269
2171.43	0.8	NonTarget	1	434286
2171.515	0.8	NonTarget	1	434303
2171.61	0.8	NonTarget	1	434322
2171.695	0.8	NonTarget	1	434339
2171.78	0.8	NonTarget	1	434356
2171.865	0.8	NonTarget	1	434373
2171.965	0.8	NonTarget	1	434393
2172.045	0.8	NonTarget	1	434409
2172.14	0.8	NonTarget	1	434428
2172.22	0.8	NonTarget	1	434444
2172.32	0.8	NonTarget	1	434464
2172.415	0.8	NonTarget	1	434483
2172.5	0.8	Target	2	434500
2172.585	0.8	NonTarget	1	434517
2172.665	0.8	NonTarget	1	434533
2173.06	0.8	NonTarget	1	434612
2173.14	0.8	NonTarget	1	434628
2173.225	0.8	NonTarget	1	434645
2173.315	0.8	NonTarget	1	434663
2173.4	0.8	NonTarget	1	434680
2173.485	0.8	NonTarget	1	434697
2173.565	0.8	NonTarget	1	434713
2173.655	0.8	NonTarget	1	434731
2173.735	0.8	NonTarget	1	434747
2173.82	0.8	NonTarget	1	434764
2173.905	0.8	NonTarget	1	434781
2174.005	0.8	NonTarget	1	434801
2174.09	0.8	Target	2	434818
2174.185	0.8	NonTarget	1	434837
2174.27	0.8	NonTarget	1	434854
2174.355	0.8	NonTarget	1	434871
2174.45	0.8	NonTarget	1	434890
2174.535	0.8	NonTarget	1	434907
2174.62	0.8	NonTarget	1	434924
2174.7	0.8	NonTarget	1	434940
2174.785	0.8	NonTarget	1	434957
2174.87	0.8	NonTarget	1	434974
2174.955	0.8	NonTarget	1	434991
2175.05	0.8	NonTarget	1	435010
2175.135	0.8	NonTarget	1	435027
2175.22	0.8	NonTarget	1	435044
2175.32	0.8	NonTarget	1	435064
2175.405	0.8	NonTarget	1	435081
2175.485	0.8	NonTarget	1	435097
2175.575	0.8	NonTarget	1	435115
2175.985	0.8	NonTarget	1	435197
2176.075	0.8	NonTarget	1	435215
2176.155	0.8	NonTarget	1	435231
2176.255	0.8	NonTarget	1	435251
2176.335	0.8	NonTarget	1	435267
2176.44	0.8	NonTarget	1	435288
2176.52	0.8	NonTarget	1	435304
2176.605	0.8	NonTarget	1	435321
2176.695	0.8	NonTarget	1	435339
2176.79	0.8	NonTarget	1	435358
2176.89	0.8	NonTarget	1	435378
2176.98	0.8	NonTarget	1	435396
2177.07	0.8	NonTarget	1	435414
2177.155	0.8	NonTarget	1	435431
2177.24	0.8	NonTarget	1	435448
2177.325	0.8	NonTarget	1	435465
2177.405	0.8	NonTarget	1	435481
2177.495	0.8	NonTarget	1	435499
2177.59	0.8	NonTarget	1	435518
2177.675	0.8	NonTarget	1	435535
2177.755	0.8	NonTarget	1	435551
2177.84	0.8	NonTarget	1	435568
2177.94	0.8	NonTarget	1	435588
2178.025	0.8	NonTarget	1	435605
2178.105	0.8	NonTarget	1	435621
2178.19	0.8	NonTarget	1	435638
2178.28	0.8	NonTarget	1	435656
2178.375	0.8	Target	2	435675
2178.46	0.8	NonTarget	1	435692
2178.555	0.8	NonTarget	1	435711
2178.95	0.8	NonTarget	1	435790
2179.045	0.8	NonTarget	1	435809
2179.125	0.8	NonTarget	1	435825
2179.21	0.8	NonTarget	1	435842
2179.31	0.8	NonTarget	1	435862
2179.39	0.8	NonTarget	1	435878
2179.475	0.8	NonTarget	1	435895
2179.56	0.8	NonTarget	1	435912
2179.64	0.8	NonTarget	1	435928
2179.725	0.8	NonTarget	1	435945
2179.815	0.8	NonTarget	1	435963
2179.91	0.8	NonTarget	1	435982
2179.99	0.8	NonTarget	1	435998
2180.075	0.8	NonTarget	1	436015
2180.16	0.8	NonTarget	1	436032
2180.245	0.8	NonTarget	1	436049
2180.345	0.8	NonTarget	1	436069
2180.425	0.8	NonTarget	1	436085
2180.51	0.8	NonTarget	1	436102
2180.595	0.8	NonTarget	1	436119
2180.685	0.8	NonTarget	1	436137
2180.76	0.8	NonTarget	1	436152
2180.85	0.8	Target	2	436170
2180.945	0.8	NonTarget	1	436189
2181.025	0.8	NonTarget	1	436205
2181.13	0.8	NonTarget	1	436226
2181.21	0.8	NonTarget	1	436242
2181.295	0.8	NonTarget	1	436259
2181.38	0.8	NonTarget	1	436276
2181.46	0.8	NonTarget	1	436292
2181.855	0.8	NonTarget	1	436371
2181.95	0.8	NonTarget	1	436390
2182.055	0.8	NonTarget	1	436411
2182.145	0.8	NonTarget	1	436429
2182.245	0.8	NonTarget	1	436449
2182.33	0.8	NonTarget	1	436466
2182.41	0.8	NonTarget	1	436482
2182.515	0.8	NonTarget	1	436503
2182.595	0.8	NonTarget	1	436519
2182.695	0.8	NonTarget	1	436539
2182.785	0.8	NonTarget	1	436557
2182.88	0.8	NonTarget	1	436576
2182.965	0.8	NonTarget	1	436593
2183.045	0.8	NonTarget	1	436609
2183.15	0.8	NonTarget	1	436630
2183.245	0.8	NonTarget	1	436649
2183.33	0.8	NonTarget	1	436666
2183.415	0.8	NonTarget	1	436683
2183.5	0.8	NonTarget	1	436700
2183.595	0.8	NonTarget	1	436719
2183.68	0.8	NonTarget	1	436736
2183.765	0.8	NonTarget	1	436753
2183.865	0.8	NonTarget	1	436773
2183.965	0.8	NonTarget	1	436793
2184.065	0.8	NonTarget	1	436813
2184.165	0.8	NonTarget	1	436833
2184.265	0.8	NonTarget	1	436853
2184.35	0.8	Target	2	436870
2184.45	0.8	NonTarget	1	436890
2184.535	0.8	NonTarget	1	436907
2184.93	0.8	NonTarget	1	436986
2185.01	0.8	NonTarget	1	437002
2185.09	0.8	NonTarget	1	437018
2185.17	0.8	NonTarget	1	437034
2185.265	0.8	NonTarget	1	437053
2185.35	0.8	NonTarget	1	437070
2185.435	0.8	NonTarget	1	437087
2185.52	0.8	NonTarget	1	437104
2185.62	0.8	NonTarget	1	437124
2185.725	0.8	NonTarget	1	437145
2185.81	0.8	NonTarget	1	437162
2185.89	0.8	NonTarget	1	437178
2185.985	0.8	NonTarget	1	437197
2186.07	0.8	NonTarget	1	437214
2186.15	0.8	NonTarget	1	437230
2186.235	0.8	NonTarget	1	437247
2186.315	0.8	NonTarget	1	437263
2186.42	0.8	Target	2	437284
2186.505	0.8	NonTarget	1	437301
2186.605	0.8	NonTarget	1	437321
2186.705	0.8	NonTarget	1	437341
2186.785	0.8	NonTarget	1	437357
2186.885	0.8	NonTarget	1	437377
2186.97	0.8	NonTarget	1	437394
2187.05	0.8	NonTarget	1	437410
2187.135	0.8	NonTarget	1	437427
2187.235	0.8	NonTarget	1	437447
2187.335	0.8	NonTarget	1	437467
2187.425	0.8	NonTarget	1	437485
2187.505	0.8	NonTarget	1	437501
2187.895	0.8	NonTarget	1	437579
2187.985	0.8	NonTarget	1	437597
2188.06	0.8	NonTarget	1	437612
2188.155	0.8	NonTarget	1	437631
2188.235	0.8	NonTarget	1	437647
2188.34	0.8	NonTarget	1	437668
2188.42	0.8	NonTarget	1	437684
2188.505	0.8	NonTarget	1	437701
2188.605	0.8	NonTarget	1	437721
2188.685	0.8	NonTarget	1	437737
2188.78	0.8	NonTarget	1	437756
2188.875	0.8	NonTarget	1	437775
2188.955	0.8	NonTarget	1	437791
2189.04	0.8	NonTarget	1	437808
2189.14	0.8	NonTarget	1	437828
2189.225	0.8	NonTarget	1	437845
2189.32	0.8	NonTarget	1	437864
2189.405	0.8	NonTarget	1	437881
2189.505	0.8	NonTarget	1	437901
2189.59	0.8	NonTarget	1	437918
2189.675	0.8	NonTarget	1	437935
2189.755	0.8	NonTarget	1	437951
2189.84	0.8	NonTarget	1	437968
2189.94	0.8	NonTarget	1	437988
2190.025	0.8	NonTarget	1	438005
2190.125	0.8	NonTarget	1	438025
2190.205	0.8	NonTarget	1	438041
2190.29	0.8	Target	2	438058
2190.375	0.8	NonTarget	1	438075
2190.46	0.8	NonTarget	1	438092
2190.855	0.8	NonTarget	1	438171
2190.945	0.8	NonTarget	1	438189
2191.025	0.8	NonTarget	1	438205
2191.125	0.8	NonTarget	1	438225
2191.21	0.8	NonTarget	1	438242
2191.31	0.8	NonTarget	1	438262
2191.41	0.8	NonTarget	1	438282
2191.51	0.8	NonTarget	1	438302
2191.61	0.8	NonTarget	1	438322
2191.69	0.8	NonTarget	1	438338
2191.795	0.8	NonTarget	1	438359
2191.89	0.8	NonTarget	1	438378
2191.975	0.8	NonTarget	1	438395
2192.075	0.8	NonTarget	1	438415
2192.16	0.8	NonTarget	1	438432
2192.26	0.8	NonTarget	1	438452
2192.36	0.8	NonTarget	1	438472
2192.445	0.8	NonTarget	1	438489
2192.525	0.8	NonTarget	1	438505
2192.615	0.8	NonTarget	1	438523
2192.71	0.8	NonTarget	1	438542
2192.795	0.8	NonTarget	1	438559
2192.875	0.8	Target	2	438575
2192.98	0.8	NonTarget	1	438596
2193.06	0.8	NonTarget	1	438612
2193.16	0.8	NonTarget	1	438632
2193.26	0.8	NonTarget	1	438652
2193.36	0.8	NonTarget	1	438672
2193.445	0.8	NonTarget	1	438689
2193.545	0.8	NonTarget	1	438709
2193.96	0.8	NonTarget	1	438792
2194.05	0.8	NonTarget	1	438810
2194.145	0.8	NonTarget	1	438829
2194.23	0.8	NonTarget	1	438846
2194.33	0.8	NonTarget	1	438866
2194.415	0.8	NonTarget	1	438883
2194.495	0.8	NonTarget	1	438899
2194.58	0.8	NonTarget	1	438916
2194.665	0.8	NonTarget	1	438933
2194.75	0.8	NonTarget	1	438950
2194.845	0.8	NonTarget	1	438969
2194.935	0.8	NonTarget	1	438987
2195.03	0.8	NonTarget	1	439006
2195.115	0.8	NonTarget	1	439023
2195.2	0.8	NonTarget	1	439040
2195.285	0.8	NonTarget	1	439057
2195.365	0.8	NonTarget	1	439073
2195.45	0.8	NonTarget	1	439090
2195.535	0.8	NonTarget	1	439107
2195.63	0.8	NonTarget	1	439126
2195.715	0.8	NonTarget	1	439143
2195.8	0.8	NonTarget	1	439160
2195.885	0.8	NonTarget	1	439177
2195.965	0.8	NonTarget	1	439193
2196.05	0.8	NonTarget	1	439210
2196.145	0.8	NonTarget	1	439229
2196.23	0.8	NonTarget	1	439246
2196.315	0.8	Target	2	439263
2196.4	0.8	NonTarget	1	439280
2196.485	0.8	NonTarget	1	439297
2205.53	0.8	NonTarget	1	441106
2205.63	0.8	NonTarget	1	441126
2205.715	0.8	NonTarget	1	441143
2205.815	0.8	NonTarget	1	441163
2205.9	0.8	NonTarget	1	441180
2205.995	0.8	Target	2	441199
2206.08	0.8	NonTarget	1	441216
2206.165	0.8	NonTarget	1	441233
2206.265	0.8	NonTarget	1	441253
2206.365	0.8	NonTarget	1	441273
2206.445	0.8	NonTarget	1	441289
2206.53	0.8	NonTarget	1	441306
2206.62	0.8	NonTarget	1	441324
2206.715	0.8	NonTarget	1	441343
2206.805	0.8	NonTarget	1	441361
2206.885	0.8	NonTarget	1	441377
2206.965	0.8	NonTarget	1	441393
2207.05	0.8	NonTarget	1	441410
2207.135	0.8	NonTarget	1	441427
2207.215	0.8	NonTarget	1	441443
2207.3	0.8	NonTarget	1	441460
2207.4	0.8	NonTarget	1	441480
2207.485	0.8	NonTarget	1	441497
2207.585	0.8	NonTarget	1	441517
2207.68	0.8	NonTarget	1	441536
2207.765	0.8	NonTarget	1	441553
2207.85	0.8	NonTarget	1	441570
2207.935	0.8	NonTarget	1	441587
2208.015	0.8	NonTarget	1	441603
2208.12	0.8	NonTarget	1	441624
2208.525	0.8	NonTarget	1	441705
2208.61	0.8	NonTarget	1	441722
2208.69	0.8	NonTarget	1	441738
2208.785	0.8	NonTarget	1	441757
2208.885	0.8	NonTarget	1	441777
2208.965	0.8	NonTarget	1	441793
2209.05	0.8	NonTarget	1	441810
2209.135	0.8	NonTarget	1	441827
2209.215	0.8	NonTarget	1	441843
2209.315	0.8	NonTarget	1	441863
2209.405	0.8	Target	2	441881
2209.485	0.8	NonTarget	1	441897
2209.575	0.8	NonTarget	1	441915
2209.655	0.8	NonTarget	1	441931
2209.745	0.8	NonTarget	1	441949
2209.835	0.8	NonTarget	1	441967
2209.92	0.8	NonTarget	1	441984
2210.0	0.8	NonTarget	1	442000
2210.085	0.8	NonTarget	1	442017
2210.17	0.8	NonTarget	1	442034
2210.27	0.8	NonTarget	1	442054
2210.35	0.8	NonTarget	1	442070
2210.45	0.8	NonTarget	1	442090
2210.535	0.8	NonTarget	1	442107
2210.62	0.8	NonTarget	1	442124
2210.705	0.8	NonTarget	1	442141
2210.785	0.8	NonTarget	1	442157
2210.87	0.8	NonTarget	1	442174
2210.955	0.8	NonTarget	1	442191
2211.035	0.8	NonTarget	1	442207
2211.435	0.8	Target	2	442287
2211.515	0.8	NonTarget	1	442303
2211.595	0.8	NonTarget	1	442319
2211.68	0.8	NonTarget	1	442336
2211.76	0.8	NonTarget	1	442352
2211.845	0.8	NonTarget	1	442369
2211.945	0.8	NonTarget	1	442389
2212.04	0.8	NonTarget	1	442408
2212.14	0.8	NonTarget	1	442428
2212.225	0.8	NonTarget	1	442445
2212.305	0.8	NonTarget	1	442461
2212.39	0.8	NonTarget	1	442478
2212.47	0.8	NonTarget	1	442494
2212.555	0.8	NonTarget	1	442511
2212.64	0.8	NonTarget	1	442528
2212.72	0.8	NonTarget	1	442544
2212.805	0.8	NonTarget	1	442561
2212.905	0.8	NonTarget	1	442581
2213.005	0.8	NonTarget	1	442601
2213.09	0.8	NonTarget	1	442618
2213.18	0.8	NonTarget	1	442636
2213.265	0.8	NonTarget	1	442653
2213.355	0.8	NonTarget	1	442671
2213.44	0.8	NonTarget	1	442688
2213.525	0.8	NonTarget	1	442705
2213.625	0.8	NonTarget	1	442725
2213.725	0.8	NonTarget	1	442745
2213.81	0.8	NonTarget	1	442762
2213.89	0.8	NonTarget	1	442778
2213.99	0.8	NonTarget	1	442798
2214.39	0.8	NonTarget	1	442878
2214.475	0.8	NonTarget	1	442895
2214.56	0.8	NonTarget	1	442912
2214.645	0.8	NonTarget	1	442929
2214.745	0.8	NonTarget	1	442949
2214.84	0.8	NonTarget	1	442968
2214.925	0.8	NonTarget	1	442985
2215.025	0.8	NonTarget	1	443005
2215.11	0.8	NonTarget	1	443022
2215.21	0.8	NonTarget	1	443042
2215.295	0.8	NonTarget	1	443059
2215.375	0.8	NonTarget	1	443075
2215.46	0.8	NonTarget	1	443092
2215.545	0.8	NonTarget	1	443109
2215.625	0.8	NonTarget	1	443125
2215.71	0.8	Target	2	443142
2215.81	0.8	NonTarget	1	443162
2215.91	0.8	NonTarget	1	443182
2215.995	0.8	NonTarget	1	443199
2216.095	0.8	NonTarget	1	443219
2216.195	0.8	NonTarget	1	443239
2216.275	0.8	NonTarget	1	443255
2216.36	0.8	NonTarget	1	443272
2216.445	0.8	NonTarget	1	443289
2216.525	0.8	NonTarget	1	443305
2216.61	0.8	NonTarget	1	443322
2216.695	0.8	NonTarget	1	443339
2216.78	0.8	NonTarget	1	443356
2216.86	0.8	NonTarget	1	443372
2216.945	0.8	NonTarget	1	443389
2217.345	0.8	NonTarget	1	443469
2217.435	0.8	NonTarget	1	443487
2217.515	0.8	NonTarget	1	443503
2217.6	0.8	NonTarget	1	443520
2217.68	0.8	NonTarget	1	443536
2217.78	0.8	NonTarget	1	443556
2217.86	0.8	NonTarget	1	443572
2217.945	0.8	NonTarget	1	443589
2218.045	0.8	NonTarget	1	443609
2218.13	0.8	NonTarget	1	443626
2218.215	0.8	Target	2	443643
2218.295	0.8	NonTarget	1	443659
2218.38	0.8	NonTarget	1	443676
2218.48	0.8	NonTarget	1	443696
2218.565	0.8	NonTarget	1	443713
2218.665	0.8	NonTarget	1	443733
2218.745	0.8	NonTarget	1	443749
2218.85	0.8	NonTarget	1	443770
2218.93	0.8	NonTarget	1	443786
2219.015	0.8	NonTarget	1	443803
2219.115	0.8	NonTarget	1	443823
2219.2	0.8	NonTarget	1	443840
2219.28	0.8	NonTarget	1	443856
2219.365	0.8	NonTarget	1	443873
2219.465	0.8	NonTarget	1	443893
2219.55	0.8	NonTarget	1	443910
2219.635	0.8	NonTarget	1	443927
2219.73	0.8	NonTarget	1	443946
2219.82	0.8	NonTarget	1	443964
2219.9	0.8	NonTarget	1	443980
2220.3	0.8	NonTarget	1	444060
2220.385	0.8	NonTarget	1	444077
2220.485	0.8	NonTarget	1	444097
2220.585	0.8	NonTarget	1	444117
2220.685	0.8	NonTarget	1	444137
2220.77	0.8	Target	2	444154
2220.85	0.8	NonTarget	1	444170
2220.95	0.8	NonTarget	1	444190
2221.035	0.8	NonTarget	1	444207
2221.135	0.8	NonTarget	1	444227
2221.22	0.8	NonTarget	1	444244
2221.32	0.8	NonTarget	1	444264
2221.4	0.8	NonTarget	1	444280
2221.51	0.8	NonTarget	1	444302
2221.6	0.8	NonTarget	1	444320
2221.685	0.8	NonTarget	1	444337
2221.77	0.8	NonTarget	1	444354
2221.855	0.8	NonTarget	1	444371
2221.935	0.8	NonTarget	1	444387
2222.02	0.8	NonTarget	1	444404
2222.105	0.8	NonTarget	1	444421
2222.205	0.8	NonTarget	1	444441
2222.305	0.8	NonTarget	1	444461
2222.385	0.8	NonTarget	1	444477
2222.485	0.8	NonTarget	1	444497
2222.57	0.8	NonTarget	1	444514
2222.655	0.8	NonTarget	1	444531
2222.735	0.8	NonTarget	1	444547
2222.82	0.8	NonTarget	1	444564
2222.905	0.8	NonTarget	1	444581
2223.305	0.8	NonTarget	1	444661
2223.39	0.8	NonTarget	1	444678
2223.49	0.8	NonTarget	1	444698
2223.59	0.8	NonTarget	1	444718
2223.69	0.8	NonTarget	1	444738
2223.77	0.8	NonTarget	1	444754
2223.87	0.8	NonTarget	1	444774
2223.96	0.8	NonTarget	1	444792
2224.055	0.8	NonTarget	1	444811
2224.14	0.8	NonTarget	1	444828
2224.24	0.8	NonTarget	1	444848
2224.325	0.8	NonTarget	1	444865
2224.425	0.8	NonTarget	1	444885
2224.51	0.8	NonTarget	1	444902
2224.59	0.8	NonTarget	1	444918
2224.67	0.8	NonTarget	1	444934
2224.765	0.8	NonTarget	1	444953
2224.855	0.8	NonTarget	1	444971
2224.94	0.8	NonTarget	1	444988
2225.02	0.8	NonTarget	1	445004
2225.11	0.8	NonTarget	1	445022
2225.21	0.8	NonTarget	1	445042
2225.29	0.8	NonTarget	1	445058
2225.375	0.8	NonTarget	1	445075
2225.46	0.8	NonTarget	1	445092
2225.54	0.8	Target	2	445108
2225.625	0.8	NonTarget	1	445125
2225.725	0.8	NonTarget	1	445145
2225.825	0.8	NonTarget	1	445165
2225.91	0.8	NonTarget	1	445182
2226.32	0.8	NonTarget	1	445264
2226.395	0.8	NonTarget	1	445279
2226.475	0.8	NonTarget	1	445295
2226.56	0.8	NonTarget	1	445312
2226.64	0.8	NonTarget	1	445328
2226.725	0.8	Target	2	445345
2226.81	0.8	NonTarget	1	445362
2226.91	0.8	NonTarget	1	445382
2226.995	0.8	NonTarget	1	445399
2227.075	0.8	NonTarget	1	445415
2227.165	0.8	NonTarget	1	445433
2227.25	0.8	NonTarget	1	445450
2227.345	0.8	NonTarget	1	445469
2227.425	0.8	NonTarget	1	445485
2227.51	0.8	NonTarget	1	445502
2227.59	0.8	NonTarget	1	445518
2227.685	0.8	NonTarget	1	445537
2227.775	0.8	NonTarget	1	445555
2227.865	0.8	NonTarget	1	445573
2227.95	0.8	NonTarget	1	445590
2228.045	0.8	NonTarget	1	445609
2228.13	0.8	NonTarget	1	445626
2228.23	0.8	NonTarget	1	445646
2228.315	0.8	NonTarget	1	445663
2228.41	0.8	NonTarget	1	445682
2228.495	0.8	NonTarget	1	445699
2228.58	0.8	NonTarget	1	445716
2228.665	0.8	NonTarget	1	445733
2228.75	0.8	NonTarget	1	445750
2228.845	0.8	NonTarget	1	445769
2229.245	0.8	NonTarget	1	445849
2229.33	0.8	NonTarget	1	445866
2229.43	0.8	NonTarget	1	445886
2229.53	0.8	NonTarget	1	445906
2229.615	0.8	NonTarget	1	445923
2229.715	0.8	NonTarget	1	445943
2229.795	0.8	NonTarget	1	445959
2229.88	0.8	NonTarget	1	445976
2229.965	0.8	NonTarget	1	445993
2230.065	0.8	NonTarget	1	446013
2230.165	0.8	Target	2	446033
2230.25	0.8	NonTarget	1	446050
2230.335	0.8	NonTarget	1	446067
2230.415	0.8	NonTarget	1	446083
2230.515	0.8	NonTarget	1	446103
2230.6	0.8	NonTarget	1	446120
2230.68	0.8	NonTarget	1	446136
2230.765	0.8	NonTarget	1	446153
2230.855	0.8	NonTarget	1	446171
2230.94	0.8	NonTarget	1	446188
2231.03	0.8	NonTarget	1	446206
2231.12	0.8	NonTarget	1	446224
2231.2	0.8	NonTarget	1	446240
2231.3	0.8	NonTarget	1	446260
2231.4	0.8	NonTarget	1	446280
2231.485	0.8	NonTarget	1	446297
2231.585	0.8	NonTarget	1	446317
2231.68	0.8	NonTarget	1	446336
2231.77	0.8	NonTarget	1	446354
2231.85	0.8	NonTarget	1	446370
2232.245	0.8	NonTarget	1	446449
2232.335	0.8	NonTarget	1	446467
2232.42	0.8	NonTarget	1	446484
2232.515	0.8	NonTarget	1	446503
2232.6	0.8	NonTarget	1	446520
2232.685	0.8	Target	2	446537
2232.765	0.8	NonTarget	1	446553
2232.87	0.8	NonTarget	1	446574
2232.95	0.8	NonTarget	1	446590
2233.035	0.8	NonTarget	1	446607
2233.115	0.8	NonTarget	1	446623
2233.2	0.8	NonTarget	1	446640
2233.29	0.8	NonTarget	1	446658
2233.37	0.8	NonTarget	1	446674
2233.45	0.8	NonTarget	1	446690
2233.535	0.8	NonTarget	1	446707
2233.62	0.8	NonTarget	1	446724
2233.7	0.8	NonTarget	1	446740
2233.805	0.8	NonTarget	1	446761
2233.905	0.8	NonTarget	1	446781
2234.005	0.8	NonTarget	1	446801
2234.085	0.8	NonTarget	1	446817
2234.17	0.8	NonTarget	1	446834
2234.255	0.8	NonTarget	1	446851
2234.355	0.8	NonTarget	1	446871
2234.455	0.8	NonTarget	1	446891
2234.535	0.8	NonTarget	1	446907
2234.635	0.8	NonTarget	1	446927
2234.72	0.8	NonTarget	1	446944
2234.8	0.8	NonTarget	1	446960
2243.815	0.8	NonTarget	1	448763
2243.9	0.8	NonTarget	1	448780
2244.0	0.8	NonTarget	1	448800
2244.085	0.8	NonTarget	1	448817
2244.185	0.8	NonTarget	1	448837
2244.27	0.8	NonTarget	1	448854
2244.35	0.8	NonTarget	1	448870
2244.43	0.8	NonTarget	1	448886
2244.52	0.8	NonTarget	1	448904
2244.6	0.8	NonTarget	1	448920
2244.685	0.8	NonTarget	1	448937
2244.765	0.8	NonTarget	1	448953
2244.85	0.8	Target	2	448970
2244.935	0.8	NonTarget	1	448987
2245.02	0.8	NonTarget	1	449004
2245.12	0.8	NonTarget	1	449024
2245.2	0.8	NonTarget	1	449040
2245.285	0.8	NonTarget	1	449057
2245.37	0.8	NonTarget	1	449074
2245.475	0.8	NonTarget	1	449095
2245.57	0.8	NonTarget	1	449114
2245.65	0.8	NonTarget	1	449130
2245.735	0.8	NonTarget	1	449147
2245.82	0.8	NonTarget	1	449164
2245.905	0.8	NonTarget	1	449181
2246.005	0.8	NonTarget	1	449201
2246.085	0.8	NonTarget	1	449217
2246.185	0.8	NonTarget	1	449237
2246.27	0.8	NonTarget	1	449254
2246.37	0.8	NonTarget	1	449274
2246.765	0.8	NonTarget	1	449353
2246.845	0.8	NonTarget	1	449369
2246.935	0.8	NonTarget	1	449387
2247.02	0.8	NonTarget	1	449404
2247.105	0.8	NonTarget	1	449421
2247.185	0.8	NonTarget	1	449437
2247.275	0.8	NonTarget	1	449455
2247.355	0.8	NonTarget	1	449471
2247.44	0.8	NonTarget	1	449488
2247.54	0.8	NonTarget	1	449508
2247.64	0.8	NonTarget	1	449528
2247.735	0.8	NonTarget	1	449547
2247.82	0.8	NonTarget	1	449564
2247.91	0.8	NonTarget	1	449582
2248.005	0.8	NonTarget	1	449601
2248.09	0.8	NonTarget	1	449618
2248.175	0.8	NonTarget	1	449635
2248.255	0.8	Target	2	449651
2248.34	0.8	NonTarget	1	449668
2248.44	0.8	NonTarget	1	449688
2248.54	0.8	NonTarget	1	449708
2248.625	0.8	NonTarget	1	449725
2248.71	0.8	NonTarget	1	449742
2248.79	0.8	NonTarget	1	449758
2248.875	0.8	NonTarget	1	449775
2248.955	0.8	NonTarget	1	449791
2249.04	0.8	NonTarget	1	449808
2249.125	0.8	NonTarget	1	449825
2249.21	0.8	NonTarget	1	449842
2249.29	0.8	NonTarget	1	449858
2249.685	0.8	NonTarget	1	449937
2249.765	0.8	NonTarget	1	449953
2249.86	0.8	NonTarget	1	449972
2249.945	0.8	NonTarget	1	449989
2250.025	0.8	NonTarget	1	450005
2250.11	0.8	NonTarget	1	450022
2250.19	0.8	NonTarget	1	450038
2250.275	0.8	NonTarget	1	450055
2250.365	0.8	NonTarget	1	450073
2250.445	0.8	NonTarget	1	450089
2250.53	0.8	NonTarget	1	450106
2250.63	0.8	NonTarget	1	450126
2250.725	0.8	NonTarget	1	450145
2250.81	0.8	NonTarget	1	450162
2250.91	0.8	NonTarget	1	450182
2251.01	0.8	NonTarget	1	450202
2251.095	0.8	NonTarget	1	450219
2251.195	0.8	Target	2	450239
2251.295	0.8	NonTarget	1	450259
2251.38	0.8	NonTarget	1	450276
2251.465	0.8	NonTarget	1	450293
2251.55	0.8	NonTarget	1	450310
2251.645	0.8	NonTarget	1	450329
2251.725	0.8	NonTarget	1	450345
2251.81	0.8	NonTarget	1	450362
2251.895	0.8	NonTarget	1	450379
2251.975	0.8	NonTarget	1	450395
2252.075	0.8	NonTarget	1	450415
2252.16	0.8	NonTarget	1	450432
2252.245	0.8	NonTarget	1	450449
2252.64	0.8	NonTarget	1	450528
2252.72	0.8	NonTarget	1	450544
2252.8	0.8	NonTarget	1	450560
2252.88	0.8	NonTarget	1	450576
2252.965	0.8	NonTarget	1	450593
2253.045	0.8	NonTarget	1	450609
2253.13	0.8	NonTarget	1	450626
2253.21	0.8	NonTarget	1	450642
2253.295	0.8	NonTarget	1	450659
2253.38	0.8	NonTarget	1	450676
2253.465	0.8	NonTarget	1	450693
2253.55	0.8	NonTarget	1	450710
2253.63	0.8	NonTarget	1	450726
2253.715	0.8	NonTarget	1	450743
2253.795	0.8	NonTarget	1	450759
2253.88	0.8	NonTarget	1	450776
2253.965	0.8	NonTarget	1	450793
2254.05	0.8	NonTarget	1	450810
2254.13	0.8	NonTarget	1	450826
2254.215	0.8	NonTarget	1	450843
2254.3	0.8	NonTarget	1	450860
2254.38	0.8	NonTarget	1	450876
2254.465	0.8	Target	2	450893
2254.55	0.8	NonTarget	1	450910
2254.65	0.8	NonTarget	1	450930
2254.73	0.8	NonTarget	1	450946
2254.82	0.8	NonTarget	1	450964
2254.9	0.8	NonTarget	1	450980
2255.0	0.8	NonTarget	1	451000
2255.08	0.8	NonTarget	1	451016
2255.49	0.8	NonTarget	1	451098
2255.575	0.8	NonTarget	1	451115
2255.655	0.8	NonTarget	1	451131
2255.75	0.8	NonTarget	1	451150
2255.835	0.8	NonTarget	1	451167
2255.92	0.8	NonTarget	1	451184
2256.0	0.8	NonTarget	1	451200
2256.08	0.8	NonTarget	1	451216
2256.165	0.8	NonTarget	1	451233
2256.25	0.8	NonTarget	1	451250
2256.335	0.8	NonTarget	1	451267
2256.42	0.8	NonTarget	1	451284
2256.52	0.8	NonTarget	1	451304
2256.605	0.8	NonTarget	1	451321
2256.685	0.8	NonTarget	1	451337
2256.77	0.8	NonTarget	1	451354
2256.865	0.8	NonTarget	1	451373
2256.95	0.8	NonTarget	1	451390
2257.035	0.8	NonTarget	1	451407
2257.12	0.8	NonTarget	1	451424
2257.22	0.8	NonTarget	1	451444
2257.305	0.8	NonTarget	1	451461
2257.4	0.8	NonTarget	1	451480
2257.505	0.8	NonTarget	1	451501
2257.585	0.8	NonTarget	1	451517
2257.67	0.8	NonTarget	1	451534
2257.755	0.8	NonTarget	1	451551
2257.835	0.8	Target	2	451567
2257.925	0.8	NonTarget	1	451585
2258.02	0.8	NonTarget	1	451604
2258.415	0.8	NonTarget	1	451683
2258.5	0.8	NonTarget	1	451700
2258.59	0.8	NonTarget	1	451718
2258.67	0.8	NonTarget	1	451734
2258.77	0.8	NonTarget	1	451754
2258.855	0.8	NonTarget	1	451771
2258.935	0.8	NonTarget	1	451787
2259.02	0.8	Target	2	451804
2259.105	0.8	NonTarget	1	451821
2259.19	0.8	NonTarget	1	451838
2259.275	0.8	NonTarget	1	451855
2259.37	0.8	NonTarget	1	451874
2259.455	0.8	NonTarget	1	451891
2259.54	0.8	NonTarget	1	451908
2259.64	0.8	NonTarget	1	451928
2259.72	0.8	NonTarget	1	451944
2259.805	0.8	NonTarget	1	451961
2259.895	0.8	NonTarget	1	451979
2259.975	0.8	NonTarget	1	451995
2260.075	0.8	NonTarget	1	452015
2260.155	0.8	NonTarget	1	452031
2260.24	0.8	NonTarget	1	452048
2260.325	0.8	NonTarget	1	452065
2260.425	0.8	NonTarget	1	452085
2260.505	0.8	NonTarget	1	452101
2260.61	0.8	NonTarget	1	452122
2260.715	0.8	NonTarget	1	452143
2260.81	0.8	NonTarget	1	452162
2260.89	0.8	NonTarget	1	452178
2260.975	0.8	NonTarget	1	452195
2261.37	0.8	NonTarget	1	452274
2261.45	0.8	NonTarget	1	452290
2261.535	0.8	NonTarget	1	452307
2261.615	0.8	NonTarget	1	452323
2261.71	0.8	NonTarget	1	452342
2261.79	0.8	NonTarget	1	452358
2261.875	0.8	NonTarget	1	452375
2261.96	0.8	NonTarget	1	452392
2262.04	0.8	NonTarget	1	452408
2262.125	0.8	NonTarget	1	452425
2262.205	0.8	NonTarget	1	452441
2262.29	0.8	NonTarget	1	452458
2262.4	0.8	Target	2	452480
2262.495	0.8	NonTarget	1	452499
2262.58	0.8	NonTarget	1	452516
2262.66	0.8	NonTarget	1	452532
2262.745	0.8	NonTarget	1	452549
2262.845	0.8	NonTarget	1	452569
2262.925	0.8	NonTarget	1	452585
2263.01	0.8	NonTarget	1	452602
2263.095	0.8	NonTarget	1	452619
2263.18	0.8	NonTarget	1	452636
2263.275	0.8	NonTarget	1	452655
2263.36	0.8	NonTarget	1	452672
2263.46	0.8	NonTarget	1	452692
2263.545	0.8	NonTarget	1	452709
2263.645	0.8	NonTarget	1	452729
2263.73	0.8	NonTarget	1	452746
2263.83	0.8	NonTarget	1	452766
2263.93	0.8	NonTarget	1	452786
2264.325	0.8	NonTarget	1	452865
2264.415	0.8	NonTarget	1	452883
2264.495	0.8	NonTarget	1	452899
2264.595	0.8	NonTarget	1	452919
2264.68	0.8	NonTarget	1	452936
2264.765	0.8	NonTarget	1	452953
2264.845	0.8	NonTarget	1	452969
2264.93	0.8	NonTarget	1	452986
2265.015	0.8	NonTarget	1	453003
2265.095	0.8	NonTarget	1	453019
2265.18	0.8	NonTarget	1	453036
2265.265	0.8	NonTarget	1	453053
2265.355	0.8	NonTarget	1	453071
2265.43	0.8	NonTarget	1	453086
2265.515	0.8	NonTarget	1	453103
2265.595	0.8	NonTarget	1	453119
2265.68	0.8	NonTarget	1	453136
2265.765	0.8	Target	2	453153
2265.845	0.8	NonTarget	1	453169
2265.935	0.8	NonTarget	1	453187
2266.03	0.8	NonTarget	1	453206
2266.12	0.8	NonTarget	1	453224
2266.215	0.8	NonTarget	1	453243
2266.3	0.8	NonTarget	1	453260
2266.4	0.8	NonTarget	1	453280
2266.48	0.8	NonTarget	1	453296
2266.57	0.8	NonTarget	1	453314
2266.665	0.8	NonTarget	1	453333
2266.75	0.8	NonTarget	1	453350
2266.83	0.8	NonTarget	1	453366
2267.225	0.8	NonTarget	1	453445
2267.305	0.8	NonTarget	1	453461
2267.39	0.8	NonTarget	1	453478
2267.49	0.8	NonTarget	1	453498
2267.565	0.8	NonTarget	1	453513
2267.67	0.8	NonTarget	1	453534
2267.75	0.8	NonTarget	1	453550
2267.835	0.8	Target	2	453567
2267.92	0.8	NonTarget	1	453584
2268.0	0.8	NonTarget	1	453600
2268.085	0.8	NonTarget	1	453617
2268.165	0.8	NonTarget	1	453633
2268.25	0.8	NonTarget	1	453650
2268.335	0.8	NonTarget	1	453667
2268.42	0.8	NonTarget	1	453684
2268.525	0.8	NonTarget	1	453705
2268.62	0.8	NonTarget	1	453724
2268.7	0.8	NonTarget	1	453740
2268.785	0.8	NonTarget	1	453757
2268.885	0.8	NonTarget	1	453777
2268.97	0.8	NonTarget	1	453794
2269.06	0.8	NonTarget	1	453812
2269.135	0.8	NonTarget	1	453827
2269.22	0.8	NonTarget	1	453844
2269.305	0.8	NonTarget	1	453861
2269.385	0.8	NonTarget	1	453877
2269.47	0.8	NonTarget	1	453894
2269.555	0.8	NonTarget	1	453911
2269.64	0.8	NonTarget	1	453928
2269.72	0.8	NonTarget	1	453944
2270.115	0.8	NonTarget	1	454023
2270.205	0.8	NonTarget	1	454041
2270.305	0.8	NonTarget	1	454061
2270.39	0.8	NonTarget	1	454078
2270.47	0.8	NonTarget	1	454094
2270.555	0.8	NonTarget	1	454111
2270.64	0.8	NonTarget	1	454128
2270.72	0.8	NonTarget	1	454144
2270.805	0.8	NonTarget	1	454161
2270.905	0.8	NonTarget	1	454181
2270.99	0.8	NonTarget	1	454198
2271.09	0.8	NonTarget	1	454218
2271.17	0.8	NonTarget	1	454234
2271.255	0.8	NonTarget	1	454251
2271.34	0.8	NonTarget	1	454268
2271.42	0.8	NonTarget	1	454284
2271.505	0.8	NonTarget	1	454301
2271.59	0.8	NonTarget	1	454318
2271.67	0.8	NonTarget	1	454334
2271.76	0.8	NonTarget	1	454352
2271.855	0.8	NonTarget	1	454371
2271.94	0.8	NonTarget	1	454388
2272.025	0.8	Target	2	454405
2272.125	0.8	NonTarget	1	454425
2272.205	0.8	NonTarget	1	454441
2272.29	0.8	NonTarget	1	454458
2272.375	0.8	NonTarget	1	454475
2272.46	0.8	NonTarget	1	454492
2272.54	0.8	NonTarget	1	454508
2272.625	0.8	NonTarget	1	454525
2281.59	0.8	NonTarget	1	456318
2281.67	0.8	NonTarget	1	456334
2281.755	0.8	NonTarget	1	456351
2281.855	0.8	NonTarget	1	456371
2281.955	0.8	NonTarget	1	456391
2282.055	0.8	NonTarget	1	456411
2282.14	0.8	NonTarget	1	456428
2282.22	0.8	NonTarget	1	456444
2282.32	0.8	NonTarget	1	456464
2282.42	0.8	NonTarget	1	456484
2282.505	0.8	NonTarget	1	456501
2282.59	0.8	NonTarget	1	456518
2282.67	0.8	NonTarget	1	456534
2282.755	0.8	NonTarget	1	456551
2282.84	0.8	NonTarget	1	456568
2282.925	0.8	NonTarget	1	456585
2283.02	0.8	NonTarget	1	456604
2283.105	0.8	NonTarget	1	456621
2283.195	0.8	NonTarget	1	456639
2283.29	0.8	NonTarget	1	456658
2283.375	0.8	Target	2	456675
2283.455	0.8	NonTarget	1	456691
2283.54	0.8	NonTarget	1	456708
2283.645	0.8	NonTarget	1	456729
2283.74	0.8	NonTarget	1	456748
2283.825	0.8	NonTarget	1	456765
2283.925	0.8	NonTarget	1	456785
2284.025	0.8	NonTarget	1	456805
2284.105	0.8	NonTarget	1	456821
2284.19	0.8	NonTarget	1	456838
2284.585	0.8	NonTarget	1	456917
2284.665	0.8	NonTarget	1	456933
2284.76	0.8	NonTarget	1	456952
2284.86	0.8	NonTarget	1	456972
2284.955	0.8	NonTarget	1	456991
2285.04	0.8	NonTarget	1	457008
2285.125	0.8	NonTarget	1	457025
2285.21	0.8	NonTarget	1	457042
2285.29	0.8	NonTarget	1	457058
2285.4	0.8	NonTarget	1	457080
2285.49	0.8	NonTarget	1	457098
2285.59	0.8	NonTarget	1	457118
2285.675	0.8	NonTarget	1	457135
2285.76	0.8	NonTarget	1	457152
2285.84	0.8	NonTarget	1	457168
2285.945	0.8	Target	2	457189
2286.045	0.8	NonTarget	1	457209
2286.125	0.8	NonTarget	1	457225
2286.21	0.8	NonTarget	1	457242
2286.295	0.8	NonTarget	1	457259
2286.375	0.8	NonTarget	1	457275
2286.46	0.8	NonTarget	1	457292
2286.545	0.8	NonTarget	1	457309
2286.63	0.8	NonTarget	1	457326
2286.71	0.8	NonTarget	1	457342
2286.795	0.8	NonTarget	1	457359
2286.875	0.8	NonTarget	1	457375
2286.96	0.8	NonTarget	1	457392
2287.045	0.8	NonTarget	1	457409
2287.13	0.8	NonTarget	1	457426
2287.525	0.8	NonTarget	1	457505
2287.61	0.8	NonTarget	1	457522
2287.695	0.8	NonTarget	1	457539
2287.78	0.8	NonTarget	1	457556
2287.865	0.8	NonTarget	1	457573
2287.96	0.8	NonTarget	1	457592
2288.065	0.8	NonTarget	1	457613
2288.145	0.8	NonTarget	1	457629
2288.23	0.8	NonTarget	1	457646
2288.33	0.8	NonTarget	1	457666
2288.415	0.8	Target	2	457683
2288.495	0.8	NonTarget	1	457699
2288.58	0.8	NonTarget	1	457716
2288.665	0.8	NonTarget	1	457733
2288.745	0.8	NonTarget	1	457749
2288.845	0.8	NonTarget	1	457769
2288.93	0.8	NonTarget	1	457786
2289.02	0.8	NonTarget	1	457804
2289.115	0.8	NonTarget	1	457823
2289.215	0.8	NonTarget	1	457843
2289.3	0.8	NonTarget	1	457860
2289.38	0.8	NonTarget	1	457876
2289.465	0.8	NonTarget	1	457893
2289.55	0.8	NonTarget	1	457910
2289.65	0.8	NonTarget	1	457930
2289.73	0.8	NonTarget	1	457946
2289.815	0.8	NonTarget	1	457963
2289.9	0.8	NonTarget	1	457980
2289.985	0.8	NonTarget	1	457997
2290.085	0.8	NonTarget	1	458017
2290.48	0.8	NonTarget	1	458096
2290.57	0.8	NonTarget	1	458114
2290.655	0.8	NonTarget	1	458131
2290.735	0.8	NonTarget	1	458147
2290.815	0.8	NonTarget	1	458163
2290.905	0.8	Target	2	458181
2291.0	0.8	NonTarget	1	458200
2291.08	0.8	NonTarget	1	458216
2291.165	0.8	NonTarget	1	458233
2291.25	0.8	NonTarget	1	458250
2291.33	0.8	NonTarget	1	458266
2291.415	0.8	NonTarget	1	458283
2291.5	0.8	NonTarget	1	458300
2291.585	0.8	NonTarget	1	458317
2291.67	0.8	NonTarget	1	458334
2291.75	0.8	NonTarget	1	458350
2291.85	0.8	NonTarget	1	458370
2291.935	0.8	NonTarget	1	458387
2292.02	0.8	NonTarget	1	458404
2292.1	0.8	NonTarget	1	458420
2292.185	0.8	NonTarget	1	458437
2292.285	0.8	NonTarget	1	458457
2292.385	0.8	NonTarget	1	458477
2292.47	0.8	NonTarget	1	458494
2292.57	0.8	NonTarget	1	458514
2292.655	0.8	NonTarget	1	458531
2292.755	0.8	NonTarget	1	458551
2292.835	0.8	NonTarget	1	458567
2292.92	0.8	NonTarget	1	458584
2293.005	0.8	NonTarget	1	458601
2293.4	0.8	NonTarget	1	458680
2293.485	0.8	NonTarget	1	458697
2293.57	0.8	NonTarget	1	458714
2293.655	0.8	NonTarget	1	458731
2293.735	0.8	NonTarget	1	458747
2293.84	0.8	NonTarget	1	458768
2293.92	0.8	NonTarget	1	458784
2294.005	0.8	NonTarget	1	458801
2294.09	0.8	NonTarget	1	458818
2294.19	0.8	NonTarget	1	458838
2294.27	0.8	Target	2	458854
2294.355	0.8	NonTarget	1	458871
2294.455	0.8	NonTarget	1	458891
2294.54	0.8	NonTarget	1	458908
2294.62	0.8	NonTarget	1	458924
2294.72	0.8	NonTarget	1	458944
2294.805	0.8	NonTarget	1	458961
2294.89	0.8	NonTarget	1	458978
2294.99	0.8	NonTarget	1	458998
2295.085	0.8	NonTarget	1	459017
2295.175	0.8	NonTarget	1	459035
2295.255	0.8	NonTarget	1	459051
2295.34	0.8	NonTarget	1	459068
2295.425	0.8	NonTarget	1	459085
2295.505	0.8	NonTarget	1	459101
2295.605	0.8	NonTarget	1	459121
2295.69	0.8	NonTarget	1	459138
2295.775	0.8	NonTarget	1	459155
2295.875	0.8	NonTarget	1	459175
2295.975	0.8	NonTarget	1	459195
2296.37	0.8	NonTarget	1	459274
2296.45	0.8	NonTarget	1	459290
2296.535	0.8	NonTarget	1	459307
2296.63	0.8	NonTarget	1	459326
2296.71	0.8	NonTarget	1	459342
2296.81	0.8	NonTarget	1	459362
2296.89	0.8	NonTarget	1	459378
2296.975	0.8	NonTarget	1	459395
2297.075	0.8	NonTarget	1	459415
2297.16	0.8	NonTarget	1	459432
2297.24	0.8	NonTarget	1	459448
2297.325	0.8	NonTarget	1	459465
2297.41	0.8	NonTarget	1	459482
2297.495	0.8	NonTarget	1	459499
2297.575	0.8	NonTarget	1	459515
2297.66	0.8	NonTarget	1	459532
2297.745	0.8	NonTarget	1	459549
2297.84	0.8	NonTarget	1	459568
2297.93	0.8	NonTarget	1	459586
2298.01	0.8	NonTarget	1	459602
2298.095	0.8	Target	2	459619
2298.195	0.8	NonTarget	1	459639
2298.28	0.8	NonTarget	1	459656
2298.365	0.8	NonTarget	1	459673
2298.46	0.8	NonTarget	1	459692
2298.56	0.8	NonTarget	1	459712
2298.645	0.8	NonTarget	1	459729
2298.73	0.8	NonTarget	1	459746
2298.82	0.8	NonTarget	1	459764
2298.91	0.8	NonTarget	1	459782
2299.31	0.8	NonTarget	1	459862
2299.395	0.8	NonTarget	1	459879
2299.48	0.8	NonTarget	1	459896
2299.565	0.8	NonTarget	1	459913
2299.665	0.8	NonTarget	1	459933
2299.75	0.8	Target	2	459950
2299.845	0.8	NonTarget	1	459969
2299.93	0.8	NonTarget	1	459986
2300.015	0.8	NonTarget	1	460003
2300.095	0.8	NonTarget	1	460019
2300.195	0.8	NonTarget	1	460039
2300.28	0.8	NonTarget	1	460056
2300.365	0.8	NonTarget	1	460073
2300.445	0.8	NonTarget	1	460089
2300.53	0.8	NonTarget	1	460106
2300.615	0.8	NonTarget	1	460123
2300.7	0.8	NonTarget	1	460140
2300.78	0.8	NonTarget	1	460156
2300.865	0.8	NonTarget	1	460173
2300.945	0.8	NonTarget	1	460189
2301.03	0.8	NonTarget	1	460206
2301.115	0.8	NonTarget	1	460223
2301.205	0.8	NonTarget	1	460241
2301.3	0.8	NonTarget	1	460260
2301.4	0.8	NonTarget	1	460280
2301.48	0.8	NonTarget	1	460296
2301.565	0.8	NonTarget	1	460313
2301.65	0.8	NonTarget	1	460330
2301.735	0.8	NonTarget	1	460347
2301.815	0.8	NonTarget	1	460363
2302.23	0.8	Target	2	460446
2302.315	0.8	NonTarget	1	460463
2302.405	0.8	NonTarget	1	460481
2302.5	0.8	NonTarget	1	460500
2302.6	0.8	NonTarget	1	460520
2302.685	0.8	NonTarget	1	460537
2302.765	0.8	NonTarget	1	460553
2302.85	0.8	NonTarget	1	460570
2302.935	0.8	NonTarget	1	460587
2303.02	0.8	NonTarget	1	460604
2303.115	0.8	NonTarget	1	460623
2303.2	0.8	NonTarget	1	460640
2303.3	0.8	NonTarget	1	460660
2303.385	0.8	NonTarget	1	460677
2303.465	0.8	NonTarget	1	460693
2303.565	0.8	NonTarget	1	460713
2303.65	0.8	NonTarget	1	460730
2303.735	0.8	NonTarget	1	460747
2303.835	0.8	NonTarget	1	460767
2303.92	0.8	NonTarget	1	460784
2304.02	0.8	NonTarget	1	460804
2304.105	0.8	NonTarget	1	460821
2304.185	0.8	NonTarget	1	460837
2304.27	0.8	NonTarget	1	460854
2304.37	0.8	NonTarget	1	460874
2304.46	0.8	NonTarget	1	460892
2304.55	0.8	NonTarget	1	460910
2304.635	0.8	NonTarget	1	460927
2304.735	0.8	NonTarget	1	460947
2304.82	0.8	NonTarget	1	460964
2305.22	0.8	NonTarget	1	461044
2305.31	0.8	NonTarget	1	461062
2305.405	0.8	NonTarget	1	461081
2305.505	0.8	NonTarget	1	461101
2305.605	0.8	NonTarget	1	461121
2305.69	0.8	NonTarget	1	461138
2305.77	0.8	NonTarget	1	461154
2305.86	0.8	NonTarget	1	461172
2305.945	0.8	NonTarget	1	461189
2306.025	0.8	NonTarget	1	461205
2306.12	0.8	NonTarget	1	461224
2306.205	0.8	NonTarget	1	461241
2306.29	0.8	NonTarget	1	461258
2306.375	0.8	NonTarget	1	461275
2306.455	0.8	NonTarget	1	461291
2306.54	0.8	Target	2	461308
2306.62	0.8	NonTarget	1	461324
2306.71	0.8	NonTarget	1	461342
2306.79	0.8	NonTarget	1	461358
2306.875	0.8	NonTarget	1	461375
2306.975	0.8	NonTarget	1	461395
2307.055	0.8	NonTarget	1	461411
2307.14	0.8	NonTarget	1	461428
2307.225	0.8	NonTarget	1	461445
2307.325	0.8	NonTarget	1	461465
2307.405	0.8	NonTarget	1	461481
2307.51	0.8	NonTarget	1	461502
2307.605	0.8	NonTarget	1	461521
2307.71	0.8	NonTarget	1	461542
2307.79	0.8	NonTarget	1	461558
2308.19	0.8	NonTarget	1	461638
2308.28	0.8	NonTarget	1	461656
2308.365	0.8	NonTarget	1	461673
2308.46	0.8	NonTarget	1	461692
2308.545	0.8	NonTarget	1	461709
2308.625	0.8	NonTarget	1	461725
2308.71	0.8	NonTarget	1	461742
2308.79	0.8	NonTarget	1	461758
2308.88	0.8	NonTarget	1	461776
2308.975	0.8	NonTarget	1	461795
2309.065	0.8	Target	2	461813
2309.16	0.8	NonTarget	1	461832
2309.245	0.8	NonTarget	1	461849
2309.345	0.8	NonTarget	1	461869
2309.425	0.8	NonTarget	1	461885
2309.51	0.8	NonTarget	1	461902
2309.6	0.8	NonTarget	1	461920
2309.675	0.8	NonTarget	1	461935
2309.76	0.8	NonTarget	1	461952
2309.845	0.8	NonTarget	1	461969
2309.925	0.8	NonTarget	1	461985
2310.025	0.8	NonTarget	1	462005
2310.11	0.8	NonTarget	1	462022
2310.195	0.8	NonTarget	1	462039
2310.295	0.8	NonTarget	1	462059
2310.38	0.8	NonTarget	1	462076
2310.48	0.8	NonTarget	1	462096
2310.565	0.8	NonTarget	1	462113
2310.66	0.8	NonTarget	1	462132
2310.75	0.8	NonTarget	1	462150
2319.59	0.8	NonTarget	1	463918
2319.67	0.8	NonTarget	1	463934
2319.755	0.8	NonTarget	1	463951
2319.84	0.8	NonTarget	1	463968
2319.925	0.8	NonTarget	1	463985
2320.005	0.8	NonTarget	1	464001
2320.09	0.8	NonTarget	1	464018
2320.175	0.8	NonTarget	1	464035
2320.275	0.8	NonTarget	1	464055
2320.365	0.8	NonTarget	1	464073
2320.445	0.8	Target	2	464089
2320.54	0.8	NonTarget	1	464108
2320.625	0.8	NonTarget	1	464125
2320.71	0.8	NonTarget	1	464142
2320.795	0.8	NonTarget	1	464159
2320.89	0.8	NonTarget	1	464178
2320.975	0.8	NonTarget	1	464195
2321.075	0.8	NonTarget	1	464215
2321.16	0.8	NonTarget	1	464232
2321.25	0.8	NonTarget	1	464250
2321.33	0.8	NonTarget	1	464266
2321.425	0.8	NonTarget	1	464285
2321.51	0.8	NonTarget	1	464302
2321.59	0.8	NonTarget	1	464318
2321.675	0.8	NonTarget	1	464335
2321.76	0.8	NonTarget	1	464352
2321.845	0.8	NonTarget	1	464369
2321.925	0.8	NonTarget	1	464385
2322.01	0.8	NonTarget	1	464402
2322.095	0.8	NonTarget	1	464419
2322.495	0.8	NonTarget	1	464499
2322.58	0.8	NonTarget	1	464516
2322.68	0.8	NonTarget	1	464536
2322.76	0.8	NonTarget	1	464552
2322.845	0.8	NonTarget	1	464569
2322.93	0.8	NonTarget	1	464586
2323.01	0.8	NonTarget	1	464602
2323.095	0.8	NonTarget	1	464619
2323.195	0.8	NonTarget	1	464639
2323.28	0.8	NonTarget	1	464656
2323.36	0.8	NonTarget	1	464672
2323.445	0.8	NonTarget	1	464689
2323.53	0.8	NonTarget	1	464706
2323.615	0.8	NonTarget	1	464723
2323.695	0.8	NonTarget	1	464739
2323.78	0.8	NonTarget	1	464756
2323.865	0.8	NonTarget	1	464773
2323.965	0.8	NonTarget	1	464793
2324.05	0.8	NonTarget	1	464810
2324.15	0.8	NonTarget	1	464830
2324.235	0.8	Target	2	464847
2324.315	0.8	NonTarget	1	464863
2324.395	0.8	NonTarget	1	464879
2324.485	0.8	NonTarget	1	464897
2324.58	0.8	NonTarget	1	464916
2324.68	0.8	NonTarget	1	464936
2324.765	0.8	NonTarget	1	464953
2324.845	0.8	NonTarget	1	464969
2324.93	0.8	NonTarget	1	464986
2325.015	0.8	NonTarget	1	465003
2325.41	0.8	NonTarget	1	465082
2325.5	0.8	NonTarget	1	465100
2325.585	0.8	NonTarget	1	465117
2325.665	0.8	NonTarget	1	465133
2325.75	0.8	NonTarget	1	465150
2325.835	0.8	NonTarget	1	465167
2325.935	0.8	NonTarget	1	465187
2326.02	0.8	NonTarget	1	465204
2326.115	0.8	NonTarget	1	465223
2326.2	0.8	NonTarget	1	465240
2326.285	0.8	NonTarget	1	465257
2326.37	0.8	NonTarget	1	465274
2326.45	0.8	NonTarget	1	465290
2326.54	0.8	NonTarget	1	465308
2326.625	0.8	NonTarget	1	465325
2326.715	0.8	NonTarget	1	465343
2326.805	0.8	NonTarget	1	465361
2326.89	0.8	NonTarget	1	465378
2326.99	0.8	NonTarget	1	465398
2327.085	0.8	NonTarget	1	465417
2327.185	0.8	Target	2	465437
2327.265	0.8	NonTarget	1	465453
2327.355	0.8	NonTarget	1	465471
2327.455	0.8	NonTarget	1	465491
2327.535	0.8	NonTarget	1	465507
2327.62	0.8	NonTarget	1	465524
2327.7	0.8	NonTarget	1	465540
2327.785	0.8	NonTarget	1	465557
2327.885	0.8	NonTarget	1	465577
2327.975	0.8	NonTarget	1	465595
2328.39	0.8	NonTarget	1	465678
2328.465	0.8	NonTarget	1	465693
2328.555	0.8	NonTarget	1	465711
2328.635	0.8	NonTarget	1	465727
2328.72	0.8	NonTarget	1	465744
2328.81	0.8	NonTarget	1	465762
2328.885	0.8	NonTarget	1	465777
2328.985	0.8	NonTarget	1	465797
2329.075	0.8	NonTarget	1	465815
2329.175	0.8	NonTarget	1	465835
2329.255	0.8	NonTarget	1	465851
2329.355	0.8	NonTarget	1	465871
2329.435	0.8	NonTarget	1	465887
2329.52	0.8	NonTarget	1	465904
2329.61	0.8	NonTarget	1	465922
2329.685	0.8	NonTarget	1	465937
2329.775	0.8	NonTarget	1	465955
2329.875	0.8	NonTarget	1	465975
2329.955	0.8	NonTarget	1	465991
2330.04	0.8	NonTarget	1	466008
2330.125	0.8	Target	2	466025
2330.22	0.8	NonTarget	1	466044
2330.305	0.8	NonTarget	1	466061
2330.395	0.8	NonTarget	1	466079
2330.49	0.8	NonTarget	1	466098
2330.59	0.8	NonTarget	1	466118
2330.675	0.8	NonTarget	1	466135
2330.755	0.8	NonTarget	1	466151
2330.84	0.8	NonTarget	1	466168
2330.94	0.8	NonTarget	1	466188
2331.355	0.8	NonTarget	1	466271
2331.44	0.8	NonTarget	1	466288
2331.525	0.8	NonTarget	1	466305
2331.61	0.8	NonTarget	1	466322
2331.69	0.8	NonTarget	1	466338
2331.78	0.8	NonTarget	1	466356
2331.86	0.8	NonTarget	1	466372
2331.94	0.8	NonTarget	1	466388
2332.025	0.8	NonTarget	1	466405
2332.105	0.8	NonTarget	1	466421
2332.195	0.8	NonTarget	1	466439
2332.3	0.8	NonTarget	1	466460
2332.38	0.8	NonTarget	1	466476
2332.46	0.8	NonTarget	1	466492
2332.54	0.8	NonTarget	1	466508
2332.625	0.8	Target	2	466525
2332.71	0.8	NonTarget	1	466542
2332.81	0.8	NonTarget	1	466562
2332.895	0.8	NonTarget	1	466579
2332.975	0.8	NonTarget	1	466595
2333.065	0.8	NonTarget	1	466613
2333.145	0.8	NonTarget	1	466629
2333.235	0.8	NonTarget	1	466647
2333.325	0.8	NonTarget	1	466665
2333.41	0.8	NonTarget	1	466682
2333.495	0.8	NonTarget	1	466699
2333.58	0.8	NonTarget	1	466716
2333.66	0.8	NonTarget	1	466732
2333.76	0.8	NonTarget	1	466752
2333.85	0.8	NonTarget	1	466770
2334.25	0.8	NonTarget	1	466850
2334.335	0.8	NonTarget	1	466867
2334.415	0.8	NonTarget	1	466883
2334.5	0.8	NonTarget	1	466900
2334.585	0.8	NonTarget	1	466917
2334.67	0.8	NonTarget	1	466934
2334.75	0.8	NonTarget	1	466950
2334.83	0.8	NonTarget	1	466966
2334.915	0.8	NonTarget	1	466983
2335.01	0.8	NonTarget	1	467002
2335.1	0.8	NonTarget	1	467020
2335.195	0.8	NonTarget	1	467039
2335.28	0.8	NonTarget	1	467056
2335.38	0.8	NonTarget	1	467076
2335.465	0.8	NonTarget	1	467093
2335.545	0.8	Target	2	467109
2335.63	0.8	NonTarget	1	467126
2335.715	0.8	NonTarget	1	467143
2335.795	0.8	NonTarget	1	467159
2335.9	0.8	NonTarget	1	467180
2335.985	0.8	NonTarget	1	467197
2336.07	0.8	NonTarget	1	467214
2336.15	0.8	NonTarget	1	467230
2336.23	0.8	NonTarget	1	467246
2336.315	0.8	NonTarget	1	467263
2336.415	0.8	NonTarget	1	467283
2336.505	0.8	NonTarget	1	467301
2336.585	0.8	NonTarget	1	467317
2336.67	0.8	NonTarget	1	467334
2336.755	0.8	NonTarget	1	467351
2337.16	0.8	NonTarget	1	467432
2337.255	0.8	NonTarget	1	467451
2337.35	0.8	NonTarget	1	467470
2337.45	0.8	NonTarget	1	467490
2337.53	0.8	NonTarget	1	467506
2337.615	0.8	NonTarget	1	467523
2337.7	0.8	NonTarget	1	467540
2337.785	0.8	NonTarget	1	467557
2337.865	0.8	NonTarget	1	467573
2337.95	0.8	NonTarget	1	467590
2338.035	0.8	NonTarget	1	467607
2338.115	0.8	NonTarget	1	467623
2338.205	0.8	NonTarget	1	467641
2338.285	0.8	NonTarget	1	467657
2338.37	0.8	NonTarget	1	467674
2338.46	0.8	NonTarget	1	467692
2338.55	0.8	NonTarget	1	467710
2338.635	0.8	NonTarget	1	467727
2338.735	0.8	NonTarget	1	467747
2338.82	0.8	NonTarget	1	467764
2338.905	0.8	NonTarget	1	467781
2339.0	0.8	NonTarget	1	467800
2339.085	0.8	NonTarget	1	467817
2339.17	0.8	NonTarget	1	467834
2339.25	0.8	NonTarget	1	467850
2339.34	0.8	Target	2	467868
2339.435	0.8	NonTarget	1	467887
2339.52	0.8	NonTarget	1	467904
2339.6	0.8	NonTarget	1	467920
2339.685	0.8	NonTarget	1	467937
2340.1	0.8	NonTarget	1	468020
2340.195	0.8	NonTarget	1	468039
2340.275	0.8	NonTarget	1	468055
2340.355	0.8	NonTarget	1	468071
2340.44	0.8	NonTarget	1	468088
2340.52	0.8	NonTarget	1	468104
2340.605	0.8	NonTarget	1	468121
2340.69	0.8	NonTarget	1	468138
2340.77	0.8	NonTarget	1	468154
2340.86	0.8	NonTarget	1	468172
2340.94	0.8	NonTarget	1	468188
2341.04	0.8	NonTarget	1	468208
2341.12	0.8	NonTarget	1	468224
2341.205	0.8	NonTarget	1	468241
2341.29	0.8	NonTarget	1	468258
2341.39	0.8	NonTarget	1	468278
2341.47	0.8	NonTarget	1	468294
2341.56	0.8	NonTarget	1	468312
2341.64	0.8	NonTarget	1	468328
2341.74	0.8	NonTarget	1	468348
2341.825	0.8	Target	2	468365
2341.92	0.8	NonTarget	1	468384
2342.005	0.8	NonTarget	1	468401
2342.09	0.8	NonTarget	1	468418
2342.175	0.8	NonTarget	1	468435
2342.255	0.8	NonTarget	1	468451
2342.34	0.8	NonTarget	1	468468
2342.42	0.8	NonTarget	1	468484
2342.505	0.8	NonTarget	1	468501
2342.59	0.8	NonTarget	1	468518
2343.005	0.8	NonTarget	1	468601
2343.095	0.8	NonTarget	1	468619
2343.175	0.8	NonTarget	1	468635
2343.265	0.8	NonTarget	1	468653
2343.345	0.8	NonTarget	1	468669
2343.44	0.8	NonTarget	1	468688
2343.525	0.8	NonTarget	1	468705
2343.61	0.8	NonTarget	1	468722
2343.71	0.8	NonTarget	1	468742
2343.79	0.8	NonTarget	1	468758
2343.89	0.8	Target	2	468778
2343.99	0.8	NonTarget	1	468798
2344.075	0.8	NonTarget	1	468815
2344.16	0.8	NonTarget	1	468832
2344.26	0.8	NonTarget	1	468852
2344.35	0.8	NonTarget	1	468870
2344.445	0.8	NonTarget	1	468889
2344.525	0.8	NonTarget	1	468905
2344.61	0.8	NonTarget	1	468922
2344.71	0.8	NonTarget	1	468942
2344.79	0.8	NonTarget	1	468958
2344.875	0.8	NonTarget	1	468975
2344.96	0.8	NonTarget	1	468992
2345.045	0.8	NonTarget	1	469009
2345.125	0.8	NonTarget	1	469025
2345.21	0.8	NonTarget	1	469042
2345.295	0.8	NonTarget	1	469059
2345.375	0.8	NonTarget	1	469075
2345.48	0.8	NonTarget	1	469096
2345.575	0.8	NonTarget	1	469115
2345.97	0.8	NonTarget	1	469194
2346.065	0.8	NonTarget	1	469213
2346.145	0.8	NonTarget	1	469229
2346.245	0.8	NonTarget	1	469249
2346.33	0.8	NonTarget	1	469266
2346.435	0.8	NonTarget	1	469287
2346.52	0.8	NonTarget	1	469304
2346.61	0.8	NonTarget	1	469322
2346.695	0.8	NonTarget	1	469339
2346.78	0.8	NonTarget	1	469356
2346.86	0.8	NonTarget	1	469372
2346.945	0.8	NonTarget	1	469389
2347.03	0.8	NonTarget	1	469406
2347.115	0.8	NonTarget	1	469423
2347.195	0.8	NonTarget	1	469439
2347.28	0.8	NonTarget	1	469456
2347.365	0.8	NonTarget	1	469473
2347.45	0.8	NonTarget	1	469490
2347.55	0.8	NonTarget	1	469510
2347.63	0.8	NonTarget	1	469526
2347.715	0.8	NonTarget	1	469543
2347.8	0.8	NonTarget	1	469560
2347.88	0.8	NonTarget	1	469576
2347.965	0.8	NonTarget	1	469593
2348.05	0.8	NonTarget	1	469610
2348.14	0.8	Target	2	469628
2348.23	0.8	NonTarget	1	469646
2348.315	0.8	NonTarget	1	469663
2348.4	0.8	NonTarget	1	469680
2348.485	0.8	NonTarget	1	469697
2357.38	0.8	NonTarget	1	471476
2357.465	0.8	NonTarget	1	471493
2357.555	0.8	NonTarget	1	471511
2357.645	0.8	NonTarget	1	471529
2357.73	0.8	NonTarget	1	471546
2357.815	0.8	NonTarget	1	471563
2357.9	0.8	NonTarget	1	471580
2358.0	0.8	NonTarget	1	471600
2358.095	0.8	NonTarget	1	471619
2358.18	0.8	NonTarget	1	471636
2358.265	0.8	NonTarget	1	471653
2358.36	0.8	NonTarget	1	471672
2358.445	0.8	NonTarget	1	471689
2358.53	0.8	NonTarget	1	471706
2358.615	0.8	NonTarget	1	471723
2358.695	0.8	NonTarget	1	471739
2358.78	0.8	NonTarget	1	471756
2358.865	0.8	NonTarget	1	471773
2358.95	0.8	NonTarget	1	471790
2359.03	0.8	NonTarget	1	471806
2359.11	0.8	NonTarget	1	471822
2359.195	0.8	NonTarget	1	471839
2359.285	0.8	NonTarget	1	471857
2359.36	0.8	NonTarget	1	471872
2359.445	0.8	NonTarget	1	471889
2359.535	0.8	NonTarget	1	471907
2359.62	0.8	Target	2	471924
2359.7	0.8	NonTarget	1	471940
2359.785	0.8	NonTarget	1	471957
2359.88	0.8	NonTarget	1	471976
2360.28	0.8	NonTarget	1	472056
2360.365	0.8	Target	2	472073
2360.455	0.8	NonTarget	1	472091
2360.55	0.8	NonTarget	1	472110
2360.65	0.8	NonTarget	1	472130
2360.735	0.8	NonTarget	1	472147
2360.815	0.8	NonTarget	1	472163
2360.915	0.8	NonTarget	1	472183
2361.0	0.8	NonTarget	1	472200
2361.085	0.8	NonTarget	1	472217
2361.165	0.8	NonTarget	1	472233
2361.255	0.8	NonTarget	1	472251
2361.335	0.8	NonTarget	1	472267
2361.435	0.8	NonTarget	1	472287
2361.515	0.8	NonTarget	1	472303
2361.6	0.8	NonTarget	1	472320
2361.685	0.8	NonTarget	1	472337
2361.765	0.8	NonTarget	1	472353
2361.85	0.8	NonTarget	1	472370
2361.935	0.8	NonTarget	1	472387
2362.02	0.8	NonTarget	1	472404
2362.1	0.8	NonTarget	1	472420
2362.185	0.8	NonTarget	1	472437
2362.27	0.8	NonTarget	1	472454
2362.355	0.8	NonTarget	1	472471
2362.45	0.8	NonTarget	1	472490
2362.535	0.8	NonTarget	1	472507
2362.62	0.8	NonTarget	1	472524
2362.72	0.8	NonTarget	1	472544
2362.805	0.8	NonTarget	1	472561
2363.205	0.8	NonTarget	1	472641
2363.285	0.8	Target	2	472657
2363.38	0.8	NonTarget	1	472676
2363.47	0.8	NonTarget	1	472694
2363.55	0.8	NonTarget	1	472710
2363.635	0.8	NonTarget	1	472727
2363.72	0.8	NonTarget	1	472744
2363.81	0.8	NonTarget	1	472762
2363.9	0.8	NonTarget	1	472780
2363.985	0.8	NonTarget	1	472797
2364.07	0.8	NonTarget	1	472814
2364.16	0.8	NonTarget	1	472832
2364.255	0.8	NonTarget	1	472851
2364.335	0.8	NonTarget	1	472867
2364.42	0.8	NonTarget	1	472884
2364.51	0.8	NonTarget	1	472902
2364.61	0.8	NonTarget	1	472922
2364.705	0.8	NonTarget	1	472941
2364.785	0.8	NonTarget	1	472957
2364.87	0.8	NonTarget	1	472974
2364.955	0.8	NonTarget	1	472991
2365.04	0.8	NonTarget	1	473008
2365.135	0.8	NonTarget	1	473027
2365.22	0.8	NonTarget	1	473044
2365.31	0.8	NonTarget	1	473062
2365.39	0.8	NonTarget	1	473078
2365.475	0.8	NonTarget	1	473095
2365.565	0.8	NonTarget	1	473113
2365.655	0.8	NonTarget	1	473131
2365.74	0.8	NonTarget	1	473148
2366.14	0.8	NonTarget	1	473228
2366.22	0.8	NonTarget	1	473244
2366.3	0.8	NonTarget	1	473260
2366.38	0.8	NonTarget	1	473276
2366.465	0.8	NonTarget	1	473293
2366.545	0.8	NonTarget	1	473309
2366.625	0.8	NonTarget	1	473325
2366.71	0.8	NonTarget	1	473342
2366.81	0.8	NonTarget	1	473362
2366.895	0.8	NonTarget	1	473379
2366.98	0.8	NonTarget	1	473396
2367.06	0.8	NonTarget	1	473412
2367.155	0.8	NonTarget	1	473431
2367.24	0.8	NonTarget	1	473448
2367.325	0.8	NonTarget	1	473465
2367.425	0.8	NonTarget	1	473485
2367.51	0.8	NonTarget	1	473502
2367.595	0.8	NonTarget	1	473519
2367.69	0.8	NonTarget	1	473538
2367.775	0.8	NonTarget	1	473555
2367.86	0.8	NonTarget	1	473572
2367.94	0.8	NonTarget	1	473588
2368.025	0.8	NonTarget	1	473605
2368.11	0.8	NonTarget	1	473622
2368.195	0.8	NonTarget	1	473639
2368.275	0.8	NonTarget	1	473655
2368.36	0.8	Target	2	473672
2368.44	0.8	NonTarget	1	473688
2368.525	0.8	NonTarget	1	473705
2368.61	0.8	NonTarget	1	473722
2369.005	0.8	NonTarget	1	473801
2369.08	0.8	NonTarget	1	473816
2369.165	0.8	NonTarget	1	473833
2369.26	0.8	NonTarget	1	473852
2369.345	0.8	NonTarget	1	473869
2369.435	0.8	NonTarget	1	473887
2369.535	0.8	NonTarget	1	473907
2369.615	0.8	NonTarget	1	473923
2369.71	0.8	NonTarget	1	473942
2369.795	0.8	NonTarget	1	473959
2369.88	0.8	NonTarget	1	473976
2369.98	0.8	NonTarget	1	473996
2370.08	0.8	NonTarget	1	474016
2370.165	0.8	NonTarget	1	474033
2370.245	0.8	NonTarget	1	474049
2370.33	0.8	NonTarget	1	474066
2370.415	0.8	NonTarget	1	474083
2370.5	0.8	NonTarget	1	474100
2370.595	0.8	NonTarget	1	474119
2370.68	0.8	NonTarget	1	474136
2370.765	0.8	NonTarget	1	474153
2370.855	0.8	Target	2	474171
2370.935	0.8	NonTarget	1	474187
2371.035	0.8	NonTarget	1	474207
2371.115	0.8	NonTarget	1	474223
2371.2	0.8	NonTarget	1	474240
2371.285	0.8	NonTarget	1	474257
2371.365	0.8	NonTarget	1	474273
2371.45	0.8	NonTarget	1	474290
2371.53	0.8	NonTarget	1	474306
2371.925	0.8	NonTarget	1	474385
2372.015	0.8	NonTarget	1	474403
2372.1	0.8	NonTarget	1	474420
2372.19	0.8	NonTarget	1	474438
2372.275	0.8	NonTarget	1	474455
2372.36	0.8	NonTarget	1	474472
2372.45	0.8	NonTarget	1	474490
2372.535	0.8	NonTarget	1	474507
2372.635	0.8	NonTarget	1	474527
2372.715	0.8	NonTarget	1	474543
2372.8	0.8	NonTarget	1	474560
2372.885	0.8	Target	2	474577
2372.97	0.8	NonTarget	1	474594
2373.055	0.8	NonTarget	1	474611
2373.15	0.8	NonTarget	1	474630
2373.235	0.8	NonTarget	1	474647
2373.335	0.8	NonTarget	1	474667
2373.425	0.8	NonTarget	1	474685
2373.515	0.8	NonTarget	1	474703
2373.6	0.8	NonTarget	1	474720
2373.7	0.8	NonTarget	1	474740
2373.785	0.8	NonTarget	1	474757
2373.875	0.8	NonTarget	1	474775
2373.97	0.8	NonTarget	1	474794
2374.05	0.8	NonTarget	1	474810
2374.14	0.8	NonTarget	1	474828
2374.235	0.8	NonTarget	1	474847
2374.335	0.8	NonTarget	1	474867
2374.42	0.8	NonTarget	1	474884
2374.5	0.8	NonTarget	1	474900
2374.895	0.8	NonTarget	1	474979
2374.975	0.8	NonTarget	1	474995
2375.055	0.8	NonTarget	1	475011
2375.135	0.8	NonTarget	1	475027
2375.22	0.8	NonTarget	1	475044
2375.325	0.8	NonTarget	1	475065
2375.405	0.8	NonTarget	1	475081
2375.485	0.8	NonTarget	1	475097
2375.59	0.8	NonTarget	1	475118
2375.67	0.8	NonTarget	1	475134
2375.755	0.8	NonTarget	1	475151
2375.835	0.8	NonTarget	1	475167
2375.92	0.8	NonTarget	1	475184
2376.005	0.8	NonTarget	1	475201
2376.085	0.8	NonTarget	1	475217
2376.19	0.8	NonTarget	1	475238
2376.27	0.8	Target	2	475254
2376.355	0.8	NonTarget	1	475271
2376.44	0.8	NonTarget	1	475288
2376.52	0.8	NonTarget	1	475304
2376.605	0.8	NonTarget	1	475321
2376.695	0.8	NonTarget	1	475339
2376.79	0.8	NonTarget	1	475358
2376.875	0.8	NonTarget	1	475375
2376.97	0.8	NonTarget	1	475394
2377.055	0.8	NonTarget	1	475411
2377.14	0.8	NonTarget	1	475428
2377.225	0.8	NonTarget	1	475445
2377.31	0.8	NonTarget	1	475462
2377.405	0.8	NonTarget	1	475481
2377.82	0.8	NonTarget	1	475564
2377.905	0.8	NonTarget	1	475581
2377.99	0.8	NonTarget	1	475598
2378.075	0.8	NonTarget	1	475615
2378.155	0.8	NonTarget	1	475631
2378.24	0.8	NonTarget	1	475648
2378.325	0.8	NonTarget	1	475665
2378.41	0.8	NonTarget	1	475682
2378.49	0.8	NonTarget	1	475698
2378.575	0.8	NonTarget	1	475715
2378.675	0.8	NonTarget	1	475735
2378.76	0.8	NonTarget	1	475752
2378.845	0.8	NonTarget	1	475769
2378.93	0.8	NonTarget	1	475786
2379.01	0.8	NonTarget	1	475802
2379.11	0.8	NonTarget	1	475822
2379.19	0.8	NonTarget	1	475838
2379.275	0.8	NonTarget	1	475855
2379.365	0.8	NonTarget	1	475873
2379.46	0.8	NonTarget	1	475892
2379.56	0.8	NonTarget	1	475912
2379.645	0.8	NonTarget	1	475929
2379.745	0.8	NonTarget	1	475949
2379.84	0.8	NonTarget	1	475968
2379.925	0.8	NonTarget	1	475985
2380.01	0.8	NonTarget	1	476002
2380.095	0.8	Target	2	476019
2380.195	0.8	NonTarget	1	476039
2380.28	0.8	NonTarget	1	476056
2380.36	0.8	NonTarget	1	476072
2380.76	0.8	NonTarget	1	476152
2380.845	0.8	Target	2	476169
2380.945	0.8	NonTarget	1	476189
2381.045	0.8	NonTarget	1	476209
2381.13	0.8	NonTarget	1	476226
2381.23	0.8	NonTarget	1	476246
2381.31	0.8	NonTarget	1	476262
2381.395	0.8	NonTarget	1	476279
2381.48	0.8	NonTarget	1	476296
2381.565	0.8	NonTarget	1	476313
2381.645	0.8	NonTarget	1	476329
2381.73	0.8	NonTarget	1	476346
2381.815	0.8	NonTarget	1	476363
2381.9	0.8	NonTarget	1	476380
2381.995	0.8	NonTarget	1	476399
2382.08	0.8	NonTarget	1	476416
2382.165	0.8	NonTarget	1	476433
2382.265	0.8	NonTarget	1	476453
2382.345	0.8	NonTarget	1	476469
2382.43	0.8	NonTarget	1	476486
2382.53	0.8	NonTarget	1	476506
2382.615	0.8	NonTarget	1	476523
2382.7	0.8	NonTarget	1	476540
2382.785	0.8	NonTarget	1	476557
2382.865	0.8	NonTarget	1	476573
2382.945	0.8	NonTarget	1	476589
2383.05	0.8	NonTarget	1	476610
2383.135	0.8	NonTarget	1	476627
2383.215	0.8	NonTarget	1	476643
2383.3	0.8	NonTarget	1	476660
2383.695	0.8	NonTarget	1	476739
2383.775	0.8	NonTarget	1	476755
2383.855	0.8	NonTarget	1	476771
2383.935	0.8	NonTarget	1	476787
2384.03	0.8	NonTarget	1	476806
2384.115	0.8	NonTarget	1	476823
2384.2	0.8	Target	2	476840
2384.28	0.8	NonTarget	1	476856
2384.365	0.8	NonTarget	1	476873
2384.455	0.8	NonTarget	1	476891
2384.55	0.8	NonTarget	1	476910
2384.635	0.8	NonTarget	1	476927
2384.715	0.8	NonTarget	1	476943
2384.8	0.8	NonTarget	1	476960
2384.89	0.8	NonTarget	1	476978
2384.97	0.8	NonTarget	1	476994
2385.05	0.8	NonTarget	1	477010
2385.135	0.8	NonTarget	1	477027
2385.22	0.8	NonTarget	1	477044
2385.3	0.8	NonTarget	1	477060
2385.4	0.8	NonTarget	1	477080
2385.485	0.8	NonTarget	1	477097
2385.57	0.8	NonTarget	1	477114
2385.67	0.8	NonTarget	1	477134
2385.75	0.8	NonTarget	1	477150
2385.835	0.8	NonTarget	1	477167
2385.925	0.8	NonTarget	1	477185
2386.02	0.8	NonTarget	1	477204
2386.105	0.8	NonTarget	1	477221
2386.185	0.8	NonTarget	1	477237
2395.035	0.8	NonTarget	1	479007
2395.115	0.8	NonTarget	1	479023
2395.195	0.8	NonTarget	1	479039
2395.28	0.8	NonTarget	1	479056
2395.365	0.8	NonTarget	1	479073
2395.45	0.8	NonTarget	1	479090
2395.53	0.8	NonTarget	1	479106
2395.615	0.8	NonTarget	1	479123
2395.705	0.8	NonTarget	1	479141
2395.785	0.8	NonTarget	1	479157
2395.865	0.8	NonTarget	1	479173
2395.97	0.8	NonTarget	1	479194
2396.05	0.8	NonTarget	1	479210
2396.135	0.8	NonTarget	1	479227
2396.225	0.8	NonTarget	1	479245
2396.31	0.8	NonTarget	1	479262
2396.39	0.8	NonTarget	1	479278
2396.485	0.8	NonTarget	1	479297
2396.57	0.8	NonTarget	1	479314
2396.655	0.8	NonTarget	1	479331
2396.735	0.8	NonTarget	1	479347
2396.815	0.8	NonTarget	1	479363
2396.9	0.8	NonTarget	1	479380
2396.985	0.8	Target	2	479397
2397.07	0.8	NonTarget	1	479414
2397.17	0.8	NonTarget	1	479434
2397.25	0.8	NonTarget	1	479450
2397.335	0.8	NonTarget	1	479467
2397.42	0.8	NonTarget	1	479484
2397.5	0.8	NonTarget	1	479500
2397.9	0.8	NonTarget	1	479580
2397.98	0.8	NonTarget	1	479596
2398.07	0.8	NonTarget	1	479614
2398.15	0.8	Target	2	479630
2398.235	0.8	NonTarget	1	479647
2398.32	0.8	NonTarget	1	479664
2398.405	0.8	NonTarget	1	479681
2398.495	0.8	NonTarget	1	479699
2398.57	0.8	NonTarget	1	479714
2398.65	0.8	NonTarget	1	479730
2398.74	0.8	NonTarget	1	479748
2398.82	0.8	NonTarget	1	479764
2398.925	0.8	NonTarget	1	479785
2399.02	0.8	NonTarget	1	479804
2399.105	0.8	NonTarget	1	479821
2399.185	0.8	NonTarget	1	479837
2399.27	0.8	NonTarget	1	479854
2399.36	0.8	NonTarget	1	479872
2399.455	0.8	NonTarget	1	479891
2399.54	0.8	NonTarget	1	479908
2399.62	0.8	NonTarget	1	479924
2399.705	0.8	NonTarget	1	479941
2399.785	0.8	NonTarget	1	479957
2399.875	0.8	NonTarget	1	479975
2399.97	0.8	NonTarget	1	479994
2400.055	0.8	NonTarget	1	480011
2400.14	0.8	NonTarget	1	480028
2400.24	0.8	NonTarget	1	480048
2400.32	0.8	NonTarget	1	480064
2400.405	0.8	NonTarget	1	480081
2400.805	0.8	NonTarget	1	480161
2400.885	0.8	NonTarget	1	480177
2400.98	0.8	NonTarget	1	480196
2401.075	0.8	NonTarget	1	480215
2401.155	0.8	NonTarget	1	480231
2401.26	0.8	NonTarget	1	480252
2401.34	0.8	NonTarget	1	480268
2401.44	0.8	NonTarget	1	480288
2401.525	0.8	NonTarget	1	480305
2401.605	0.8	NonTarget	1	480321
2401.69	0.8	NonTarget	1	480338
2401.775	0.8	NonTarget	1	480355
2401.86	0.8	NonTarget	1	480372
2401.955	0.8	NonTarget	1	480391
2402.04	0.8	NonTarget	1	480408
2402.125	0.8	NonTarget	1	480425
2402.21	0.8	NonTarget	1	480442
2402.295	0.8	NonTarget	1	480459
2402.375	0.8	Target	2	480475
2402.465	0.8	NonTarget	1	480493
2402.565	0.8	NonTarget	1	480513
2402.66	0.8	NonTarget	1	480532
2402.74	0.8	NonTarget	1	480548
2402.825	0.8	NonTarget	1	480565
2402.91	0.8	NonTarget	1	480582
2402.995	0.8	NonTarget	1	480599
2403.085	0.8	NonTarget	1	480617
2403.165	0.8	NonTarget	1	480633
2403.245	0.8	NonTarget	1	480649
2403.32	0.8	NonTarget	1	480664
2403.72	0.8	NonTarget	1	480744
2403.81	0.8	NonTarget	1	480762
2403.91	0.8	NonTarget	1	480782
2403.995	0.8	NonTarget	1	480799
2404.08	0.8	NonTarget	1	480816
2404.16	0.8	NonTarget	1	480832
2404.245	0.8	NonTarget	1	480849
2404.33	0.8	NonTarget	1	480866
2404.41	0.8	NonTarget	1	480882
2404.5	0.8	NonTarget	1	480900
2404.58	0.8	NonTarget	1	480916
2404.66	0.8	NonTarget	1	480932
2404.745	0.8	NonTarget	1	480949
2404.84	0.8	NonTarget	1	480968
2404.925	0.8	NonTarget	1	480985
2405.01	0.8	NonTarget	1	481002
2405.095	0.8	NonTarget	1	481019
2405.18	0.8	NonTarget	1	481036
2405.265	0.8	NonTarget	1	481053
2405.345	0.8	NonTarget	1	481069
2405.43	0.8	NonTarget	1	481086
2405.515	0.8	NonTarget	1	481103
2405.615	0.8	NonTarget	1	481123
2405.7	0.8	NonTarget	1	481140
2405.78	0.8	NonTarget	1	481156
2405.865	0.8	NonTarget	1	481173
2405.955	0.8	NonTarget	1	481191
2406.035	0.8	NonTarget	1	481207
2406.13	0.8	Target	2	481226
2406.215	0.8	NonTarget	1	481243
2406.615	0.8	NonTarget	1	481323
2406.7	0.8	NonTarget	1	481340
2406.78	0.8	NonTarget	1	481356
2406.865	0.8	NonTarget	1	481373
2406.95	0.8	NonTarget	1	481390
2407.03	0.8	NonTarget	1	481406
2407.115	0.8	NonTarget	1	481423
2407.195	0.8	NonTarget	1	481439
2407.285	0.8	Target	2	481457
2407.365	0.8	NonTarget	1	481473
2407.45	0.8	NonTarget	1	481490
2407.53	0.8	NonTarget	1	481506
2407.615	0.8	NonTarget	1	481523
2407.705	0.8	NonTarget	1	481541
2407.8	0.8	NonTarget	1	481560
2407.885	0.8	NonTarget	1	481577
2407.965	0.8	NonTarget	1	481593
2408.05	0.8	NonTarget	1	481610
2408.135	0.8	NonTarget	1	481627
2408.215	0.8	NonTarget	1	481643
2408.315	0.8	NonTarget	1	481663
2408.4	0.8	NonTarget	1	481680
2408.485	0.8	NonTarget	1	481697
2408.57	0.8	NonTarget	1	481714
2408.65	0.8	NonTarget	1	481730
2408.735	0.8	NonTarget	1	481747
2408.815	0.8	NonTarget	1	481763
2408.9	0.8	NonTarget	1	481780
2409.0	0.8	NonTarget	1	481800
2409.09	0.8	NonTarget	1	481818
2409.48	0.8	NonTarget	1	481896
2409.565	0.8	NonTarget	1	481913
2409.645	0.8	NonTarget	1	481929
2409.725	0.8	NonTarget	1	481945
2409.81	0.8	NonTarget	1	481962
2409.905	0.8	NonTarget	1	481981
2409.985	0.8	NonTarget	1	481997
2410.085	0.8	NonTarget	1	482017
2410.185	0.8	NonTarget	1	482037
2410.27	0.8	NonTarget	1	482054
2410.365	0.8	NonTarget	1	482073
2410.455	0.8	NonTarget	1	482091
2410.535	0.8	NonTarget	1	482107
2410.625	0.8	Target	2	482125
2410.72	0.8	NonTarget	1	482144
2410.8	0.8	NonTarget	1	482160
2410.885	0.8	NonTarget	1	482177
2410.97	0.8	NonTarget	1	482194
2411.07	0.8	NonTarget	1	482214
2411.155	0.8	NonTarget	1	482231
2411.24	0.8	NonTarget	1	482248
2411.32	0.8	NonTarget	1	482264
2411.41	0.8	NonTarget	1	482282
2411.495	0.8	NonTarget	1	482299
2411.59	0.8	NonTarget	1	482318
2411.67	0.8	NonTarget	1	482334
2411.755	0.8	NonTarget	1	482351
2411.845	0.8	NonTarget	1	482369
2411.94	0.8	NonTarget	1	482388
2412.02	0.8	NonTarget	1	482404
2412.425	0.8	NonTarget	1	482485
2412.505	0.8	NonTarget	1	482501
2412.585	0.8	NonTarget	1	482517
2412.675	0.8	NonTarget	1	482535
2412.755	0.8	NonTarget	1	482551
2412.84	0.8	NonTarget	1	482568
2412.925	0.8	NonTarget	1	482585
2413.005	0.8	NonTarget	1	482601
2413.09	0.8	NonTarget	1	482618
2413.175	0.8	NonTarget	1	482635
2413.255	0.8	NonTarget	1	482651
2413.345	0.8	NonTarget	1	482669
2413.44	0.8	NonTarget	1	482688
2413.525	0.8	NonTarget	1	482705
2413.605	0.8	NonTarget	1	482721
2413.69	0.8	NonTarget	1	482738
2413.775	0.8	NonTarget	1	482755
2413.86	0.8	NonTarget	1	482772
2413.94	0.8	NonTarget	1	482788
2414.025	0.8	NonTarget	1	482805
2414.125	0.8	NonTarget	1	482825
2414.21	0.8	NonTarget	1	482842
2414.295	0.8	NonTarget	1	482859
2414.38	0.8	Target	2	482876
2414.475	0.8	NonTarget	1	482895
2414.575	0.8	NonTarget	1	482915
2414.675	0.8	NonTarget	1	482935
2414.76	0.8	NonTarget	1	482952
2414.845	0.8	NonTarget	1	482969
2414.945	0.8	NonTarget	1	482989
2415.34	0.8	NonTarget	1	483068
2415.425	0.8	NonTarget	1	483085
2415.505	0.8	NonTarget	1	483101
2415.585	0.8	NonTarget	1	483117
2415.68	0.8	NonTarget	1	483136
2415.775	0.8	NonTarget	1	483155
2415.86	0.8	NonTarget	1	483172
2415.945	0.8	NonTarget	1	483189
2416.025	0.8	NonTarget	1	483205
2416.11	0.8	NonTarget	1	483222
2416.195	0.8	NonTarget	1	483239
2416.295	0.8	NonTarget	1	483259
2416.38	0.8	NonTarget	1	483276
2416.46	0.8	Target	2	483292
2416.545	0.8	NonTarget	1	483309
2416.63	0.8	NonTarget	1	483326
2416.73	0.8	NonTarget	1	483346
2416.815	0.8	NonTarget	1	483363
2416.91	0.8	NonTarget	1	483382
2416.995	0.8	NonTarget	1	483399
2417.08	0.8	NonTarget	1	483416
2417.16	0.8	NonTarget	1	483432
2417.25	0.8	NonTarget	1	483450
2417.345	0.8	NonTarget	1	483469
2417.43	0.8	NonTarget	1	483486
2417.515	0.8	NonTarget	1	483503
2417.615	0.8	NonTarget	1	483523
2417.695	0.8	NonTarget	1	483539
2417.78	0.8	NonTarget	1	483556
2417.865	0.8	NonTarget	1	483573
2418.26	0.8	NonTarget	1	483652
2418.36	0.8	NonTarget	1	483672
2418.44	0.8	NonTarget	1	483688
2418.52	0.8	NonTarget	1	483704
2418.615	0.8	NonTarget	1	483723
2418.705	0.8	NonTarget	1	483741
2418.785	0.8	NonTarget	1	483757
2418.87	0.8	NonTarget	1	483774
2418.965	0.8	NonTarget	1	483793
2419.05	0.8	NonTarget	1	483810
2419.13	0.8	NonTarget	1	483826
2419.22	0.8	NonTarget	1	483844
2419.305	0.8	NonTarget	1	483861
2419.4	0.8	Target	2	483880
2419.485	0.8	NonTarget	1	483897
2419.57	0.8	NonTarget	1	483914
2419.665	0.8	NonTarget	1	483933
2419.745	0.8	NonTarget	1	483949
2419.83	0.8	NonTarget	1	483966
2419.915	0.8	NonTarget	1	483983
2420.0	0.8	NonTarget	1	484000
2420.08	0.8	NonTarget	1	484016
2420.17	0.8	NonTarget	1	484034
2420.255	0.8	NonTarget	1	484051
2420.345	0.8	NonTarget	1	484069
2420.43	0.8	NonTarget	1	484086
2420.515	0.8	NonTarget	1	484103
2420.595	0.8	NonTarget	1	484119
2420.685	0.8	NonTarget	1	484137
2420.765	0.8	NonTarget	1	484153
2421.17	0.8	NonTarget	1	484234
2421.25	0.8	NonTarget	1	484250
2421.335	0.8	NonTarget	1	484267
2421.42	0.8	NonTarget	1	484284
2421.5	0.8	NonTarget	1	484300
2421.585	0.8	NonTarget	1	484317
2421.67	0.8	NonTarget	1	484334
2421.755	0.8	NonTarget	1	484351
2421.835	0.8	NonTarget	1	484367
2421.92	0.8	NonTarget	1	484384
2422.0	0.8	NonTarget	1	484400
2422.11	0.8	NonTarget	1	484422
2422.195	0.8	NonTarget	1	484439
2422.29	0.8	NonTarget	1	484458
2422.37	0.8	NonTarget	1	484474
2422.45	0.8	NonTarget	1	484490
2422.535	0.8	NonTarget	1	484507
2422.625	0.8	NonTarget	1	484525
2422.705	0.8	NonTarget	1	484541
2422.785	0.8	NonTarget	1	484557
2422.87	0.8	NonTarget	1	484574
2422.955	0.8	NonTarget	1	484591
2423.035	0.8	NonTarget	1	484607
2423.12	0.8	NonTarget	1	484624
2423.21	0.8	NonTarget	1	484642
2423.31	0.8	NonTarget	1	484662
2423.4	0.8	NonTarget	1	484680
2423.49	0.8	NonTarget	1	484698
2423.575	0.8	Target	2	484715
2423.66	0.8	NonTarget	1	484732
2432.52	0.8	NonTarget	1	486504
2432.605	0.8	NonTarget	1	486521
2432.69	0.8	NonTarget	1	486538
2432.775	0.8	NonTarget	1	486555
2432.86	0.8	NonTarget	1	486572
2432.955	0.8	NonTarget	1	486591
2433.04	0.8	NonTarget	1	486608
2433.135	0.8	NonTarget	1	486627
2433.22	0.8	NonTarget	1	486644
2433.3	0.8	NonTarget	1	486660
2433.385	0.8	NonTarget	1	486677
2433.47	0.8	NonTarget	1	486694
2433.55	0.8	NonTarget	1	486710
2433.635	0.8	NonTarget	1	486727
2433.72	0.8	NonTarget	1	486744
2433.805	0.8	NonTarget	1	486761
2433.905	0.8	NonTarget	1	486781
2433.99	0.8	NonTarget	1	486798
2434.08	0.8	Target	2	486816
2434.16	0.8	NonTarget	1	486832
2434.25	0.8	NonTarget	1	486850
2434.335	0.8	NonTarget	1	486867
2434.42	0.8	NonTarget	1	486884
2434.505	0.8	NonTarget	1	486901
2434.59	0.8	NonTarget	1	486918
2434.67	0.8	NonTarget	1	486934
2434.75	0.8	NonTarget	1	486950
2434.835	0.8	NonTarget	1	486967
2434.915	0.8	NonTarget	1	486983
2435.005	0.8	NonTarget	1	487001
2435.405	0.8	NonTarget	1	487081
2435.485	0.8	NonTarget	1	487097
2435.57	0.8	NonTarget	1	487114
2435.655	0.8	Target	2	487131
2435.74	0.8	NonTarget	1	487148
2435.82	0.8	NonTarget	1	487164
2435.905	0.8	NonTarget	1	487181
2435.99	0.8	NonTarget	1	487198
2436.075	0.8	NonTarget	1	487215
2436.165	0.8	NonTarget	1	487233
2436.255	0.8	NonTarget	1	487251
2436.34	0.8	NonTarget	1	487268
2436.435	0.8	NonTarget	1	487287
2436.525	0.8	NonTarget	1	487305
2436.61	0.8	NonTarget	1	487322
2436.715	0.8	NonTarget	1	487343
2436.8	0.8	NonTarget	1	487360
2436.89	0.8	NonTarget	1	487378
2436.975	0.8	NonTarget	1	487395
2437.065	0.8	NonTarget	1	487413
2437.15	0.8	NonTarget	1	487430
2437.23	0.8	NonTarget	1	487446
2437.31	0.8	NonTarget	1	487462
2437.39	0.8	NonTarget	1	487478
2437.485	0.8	NonTarget	1	487497
2437.565	0.8	NonTarget	1	487513
2437.645	0.8	NonTarget	1	487529
2437.725	0.8	NonTarget	1	487545
2437.805	0.8	NonTarget	1	487561
2437.89	0.8	NonTarget	1	487578
2438.29	0.8	NonTarget	1	487658
2438.375	0.8	NonTarget	1	487675
2438.455	0.8	NonTarget	1	487691
2438.535	0.8	NonTarget	1	487707
2438.615	0.8	NonTarget	1	487723
2438.71	0.8	NonTarget	1	487742
2438.81	0.8	NonTarget	1	487762
2438.9	0.8	NonTarget	1	487780
2438.98	0.8	NonTarget	1	487796
2439.065	0.8	NonTarget	1	487813
2439.14	0.8	NonTarget	1	487828
2439.23	0.8	NonTarget	1	487846
2439.315	0.8	NonTarget	1	487863
2439.41	0.8	Target	2	487882
2439.495	0.8	NonTarget	1	487899
2439.58	0.8	NonTarget	1	487916
2439.66	0.8	NonTarget	1	487932
2439.75	0.8	NonTarget	1	487950
2439.835	0.8	NonTarget	1	487967
2439.92	0.8	NonTarget	1	487984
2440.01	0.8	NonTarget	1	488002
2440.095	0.8	NonTarget	1	488019
2440.195	0.8	NonTarget	1	488039
2440.28	0.8	NonTarget	1	488056
2440.37	0.8	NonTarget	1	488074
2440.47	0.8	NonTarget	1	488094
2440.555	0.8	NonTarget	1	488111
2440.63	0.8	NonTarget	1	488126
2440.715	0.8	NonTarget	1	488143
2440.805	0.8	NonTarget	1	488161
2441.215	0.8	NonTarget	1	488243
2441.295	0.8	NonTarget	1	488259
2441.385	0.8	NonTarget	1	488277
2441.475	0.8	NonTarget	1	488295
2441.565	0.8	NonTarget	1	488313
2441.645	0.8	NonTarget	1	488329
2441.735	0.8	NonTarget	1	488347
2441.82	0.8	NonTarget	1	488364
2441.905	0.8	NonTarget	1	488381
2441.99	0.8	NonTarget	1	488398
2442.075	0.8	NonTarget	1	488415
2442.155	0.8	NonTarget	1	488431
2442.25	0.8	NonTarget	1	488450
2442.35	0.8	NonTarget	1	488470
2442.43	0.8	NonTarget	1	488486
2442.515	0.8	NonTarget	1	488503
2442.6	0.8	NonTarget	1	488520
2442.69	0.8	NonTarget	1	488538
2442.77	0.8	Target	2	488554
2442.85	0.8	NonTarget	1	488570
2442.945	0.8	NonTarget	1	488589
2443.035	0.8	NonTarget	1	488607
2443.12	0.8	NonTarget	1	488624
2443.2	0.8	NonTarget	1	488640
2443.285	0.8	NonTarget	1	488657
2443.365	0.8	NonTarget	1	488673
2443.45	0.8	NonTarget	1	488690
2443.535	0.8	NonTarget	1	488707
2443.62	0.8	NonTarget	1	488724
2443.715	0.8	NonTarget	1	488743
2444.13	0.8	NonTarget	1	488826
2444.22	0.8	NonTarget	1	488844
2444.3	0.8	NonTarget	1	488860
2444.38	0.8	NonTarget	1	488876
2444.47	0.8	NonTarget	1	488894
2444.555	0.8	NonTarget	1	488911
2444.645	0.8	NonTarget	1	488929
2444.735	0.8	NonTarget	1	488947
2444.815	0.8	Target	2	488963
2444.895	0.8	NonTarget	1	488979
2444.97	0.8	NonTarget	1	488994
2445.055	0.8	NonTarget	1	489011
2445.155	0.8	NonTarget	1	489031
2445.235	0.8	NonTarget	1	489047
2445.32	0.8	NonTarget	1	489064
2445.405	0.8	NonTarget	1	489081
2445.485	0.8	NonTarget	1	489097
2445.57	0.8	NonTarget	1	489114
2445.655	0.8	NonTarget	1	489131
2445.74	0.8	NonTarget	1	489148
2445.835	0.8	NonTarget	1	489167
2445.925	0.8	NonTarget	1	489185
2446.005	0.8	NonTarget	1	489201
2446.1	0.8	NonTarget	1	489220
2446.19	0.8	NonTarget	1	489238
2446.27	0.8	NonTarget	1	489254
2446.375	0.8	NonTarget	1	489275
2446.465	0.8	NonTarget	1	489293
2446.555	0.8	NonTarget	1	489311
2446.64	0.8	NonTarget	1	489328
2447.035	0.8	NonTarget	1	489407
2447.12	0.8	NonTarget	1	489424
2447.205	0.8	NonTarget	1	489441
2447.285	0.8	NonTarget	1	489457
2447.375	0.8	NonTarget	1	489475
2447.46	0.8	NonTarget	1	489492
2447.545	0.8	NonTarget	1	489509
2447.63	0.8	NonTarget	1	489526
2447.71	0.8	Target	2	489542
2447.805	0.8	NonTarget	1	489561
2447.89	0.8	NonTarget	1	489578
2447.975	0.8	NonTarget	1	489595
2448.06	0.8	NonTarget	1	489612
2448.14	0.8	NonTarget	1	489628
2448.225	0.8	NonTarget	1	489645
2448.31	0.8	NonTarget	1	489662
2448.39	0.8	NonTarget	1	489678
2448.475	0.8	NonTarget	1	489695
2448.565	0.8	NonTarget	1	489713
2448.645	0.8	NonTarget	1	489729
2448.725	0.8	NonTarget	1	489745
2448.815	0.8	NonTarget	1	489763
2448.91	0.8	NonTarget	1	489782
2449.01	0.8	NonTarget	1	489802
2449.09	0.8	NonTarget	1	489818
2449.18	0.8	NonTarget	1	489836
2449.275	0.8	NonTarget	1	489855
2449.365	0.8	NonTarget	1	489873
2449.46	0.8	NonTarget	1	489892
2449.555	0.8	NonTarget	1	489911
2449.95	0.8	NonTarget	1	489990
2450.035	0.8	NonTarget	1	490007
2450.115	0.8	NonTarget	1	490023
2450.195	0.8	Target	2	490039
2450.275	0.8	NonTarget	1	490055
2450.36	0.8	NonTarget	1	490072
2450.44	0.8	NonTarget	1	490088
2450.53	0.8	NonTarget	1	490106
2450.61	0.8	NonTarget	1	490122
2450.695	0.8	NonTarget	1	490139
2450.795	0.8	NonTarget	1	490159
2450.875	0.8	NonTarget	1	490175
2450.96	0.8	NonTarget	1	490192
2451.045	0.8	NonTarget	1	490209
2451.13	0.8	NonTarget	1	490226
2451.22	0.8	NonTarget	1	490244
2451.3	0.8	NonTarget	1	490260
2451.385	0.8	NonTarget	1	490277
2451.47	0.8	NonTarget	1	490294
2451.555	0.8	NonTarget	1	490311
2451.63	0.8	NonTarget	1	490326
2451.71	0.8	NonTarget	1	490342
2451.795	0.8	NonTarget	1	490359
2451.88	0.8	NonTarget	1	490376
2451.965	0.8	NonTarget	1	490393
2452.065	0.8	NonTarget	1	490413
2452.15	0.8	NonTarget	1	490430
2452.235	0.8	NonTarget	1	490447
2452.335	0.8	NonTarget	1	490467
2452.415	0.8	NonTarget	1	490483
2452.815	0.8	NonTarget	1	490563
2452.89	0.8	NonTarget	1	490578
2452.98	0.8	NonTarget	1	490596
2453.065	0.8	Target	2	490613
2453.145	0.8	NonTarget	1	490629
2453.23	0.8	NonTarget	1	490646
2453.315	0.8	NonTarget	1	490663
2453.415	0.8	NonTarget	1	490683
2453.5	0.8	NonTarget	1	490700
2453.59	0.8	NonTarget	1	490718
2453.67	0.8	NonTarget	1	490734
2453.765	0.8	NonTarget	1	490753
2453.845	0.8	NonTarget	1	490769
2453.93	0.8	NonTarget	1	490786
2454.015	0.8	NonTarget	1	490803
2454.105	0.8	NonTarget	1	490821
2454.195	0.8	NonTarget	1	490839
2454.28	0.8	NonTarget	1	490856
2454.365	0.8	NonTarget	1	490873
2454.45	0.8	NonTarget	1	490890
2454.53	0.8	NonTarget	1	490906
2454.615	0.8	NonTarget	1	490923
2454.7	0.8	NonTarget	1	490940
2454.785	0.8	NonTarget	1	490957
2454.87	0.8	NonTarget	1	490974
2454.955	0.8	NonTarget	1	490991
2455.05	0.8	NonTarget	1	491010
2455.135	0.8	NonTarget	1	491027
2455.22	0.8	NonTarget	1	491044
2455.305	0.8	NonTarget	1	491061
2455.705	0.8	NonTarget	1	491141
2455.79	0.8	NonTarget	1	491158
2455.87	0.8	NonTarget	1	491174
2455.955	0.8	NonTarget	1	491191
2456.05	0.8	NonTarget	1	491210
2456.135	0.8	NonTarget	1	491227
2456.215	0.8	NonTarget	1	491243
2456.325	0.8	NonTarget	1	491265
2456.41	0.8	NonTarget	1	491282
2456.49	0.8	NonTarget	1	491298
2456.58	0.8	NonTarget	1	491316
2456.66	0.8	NonTarget	1	491332
2456.74	0.8	NonTarget	1	491348
2456.825	0.8	NonTarget	1	491365
2456.91	0.8	NonTarget	1	491382
2456.99	0.8	NonTarget	1	491398
2457.07	0.8	NonTarget	1	491414
2457.155	0.8	NonTarget	1	491431
2457.24	0.8	NonTarget	1	491448
2457.325	0.8	NonTarget	1	491465
2457.41	0.8	NonTarget	1	491482
2457.495	0.8	NonTarget	1	491499
2457.59	0.8	NonTarget	1	491518
2457.675	0.8	Target	2	491535
2457.77	0.8	NonTarget	1	491554
2457.855	0.8	NonTarget	1	491571
2457.935	0.8	NonTarget	1	491587
2458.02	0.8	NonTarget	1	491604
2458.105	0.8	NonTarget	1	491621
2458.185	0.8	NonTarget	1	491637
2458.59	0.8	NonTarget	1	491718
2458.68	0.8	NonTarget	1	491736
2458.77	0.8	NonTarget	1	491754
2458.855	0.8	NonTarget	1	491771
2458.945	0.8	NonTarget	1	491789
2459.04	0.8	NonTarget	1	491808
2459.135	0.8	NonTarget	1	491827
2459.22	0.8	NonTarget	1	491844
2459.305	0.8	Target	2	491861
2459.39	0.8	NonTarget	1	491878
2459.48	0.8	NonTarget	1	491896
2459.565	0.8	NonTarget	1	491913
2459.645	0.8	NonTarget	1	491929
2459.73	0.8	NonTarget	1	491946
2459.81	0.8	NonTarget	1	491962
2459.89	0.8	NonTarget	1	491978
2459.975	0.8	NonTarget	1	491995
2460.06	0.8	NonTarget	1	492012
2460.145	0.8	NonTarget	1	492029
2460.245	0.8	NonTarget	1	492049
2460.33	0.8	NonTarget	1	492066
2460.415	0.8	NonTarget	1	492083
2460.495	0.8	NonTarget	1	492099
2460.58	0.8	NonTarget	1	492116
2460.67	0.8	NonTarget	1	492134
2460.75	0.8	NonTarget	1	492150
2460.84	0.8	NonTarget	1	492168
2460.92	0.8	NonTarget	1	492184
2461.0	0.8	NonTarget	1	492200
2461.1	0.8	NonTarget	1	492220
2469.955	0.8	NonTarget	1	493991
2470.035	0.8	NonTarget	1	494007
2470.115	0.8	NonTarget	1	494023
2470.19	0.8	NonTarget	1	494038
2470.28	0.8	NonTarget	1	494056
2470.37	0.8	NonTarget	1	494074
2470.455	0.8	NonTarget	1	494091
2470.54	0.8	NonTarget	1	494108
2470.625	0.8	NonTarget	1	494125
2470.71	0.8	NonTarget	1	494142
2470.795	0.8	NonTarget	1	494159
2470.88	0.8	Target	2	494176
2470.97	0.8	NonTarget	1	494194
2471.06	0.8	NonTarget	1	494212
2471.145	0.8	NonTarget	1	494229
2471.23	0.8	NonTarget	1	494246
2471.32	0.8	NonTarget	1	494264
2471.405	0.8	NonTarget	1	494281
2471.49	0.8	NonTarget	1	494298
2471.57	0.8	NonTarget	1	494314
2471.665	0.8	NonTarget	1	494333
2471.74	0.8	NonTarget	1	494348
2471.825	0.8	NonTarget	1	494365
2471.905	0.8	NonTarget	1	494381
2471.99	0.8	NonTarget	1	494398
2472.075	0.8	NonTarget	1	494415
2472.155	0.8	NonTarget	1	494431
2472.245	0.8	NonTarget	1	494449
2472.33	0.8	NonTarget	1	494466
2472.41	0.8	NonTarget	1	494482
2472.805	0.8	NonTarget	1	494561
2472.885	0.8	NonTarget	1	494577
2472.975	0.8	NonTarget	1	494595
2473.06	0.8	NonTarget	1	494612
2473.145	0.8	NonTarget	1	494629
2473.225	0.8	NonTarget	1	494645
2473.31	0.8	NonTarget	1	494662
2473.41	0.8	NonTarget	1	494682
2473.5	0.8	NonTarget	1	494700
2473.585	0.8	NonTarget	1	494717
2473.675	0.8	NonTarget	1	494735
2473.76	0.8	NonTarget	1	494752
2473.845	0.8	NonTarget	1	494769
2473.93	0.8	NonTarget	1	494786
2474.01	0.8	NonTarget	1	494802
2474.095	0.8	NonTarget	1	494819
2474.175	0.8	Target	2	494835
2474.26	0.8	NonTarget	1	494852
2474.35	0.8	NonTarget	1	494870
2474.43	0.8	NonTarget	1	494886
2474.51	0.8	NonTarget	1	494902
2474.595	0.8	NonTarget	1	494919
2474.675	0.8	NonTarget	1	494935
2474.76	0.8	NonTarget	1	494952
2474.845	0.8	NonTarget	1	494969
2474.945	0.8	NonTarget	1	494989
2475.025	0.8	NonTarget	1	495005
2475.11	0.8	NonTarget	1	495022
2475.205	0.8	NonTarget	1	495041
2475.285	0.8	NonTarget	1	495057
2475.695	0.8	NonTarget	1	495139
2475.78	0.8	NonTarget	1	495156
2475.86	0.8	NonTarget	1	495172
2475.95	0.8	NonTarget	1	495190
2476.035	0.8	NonTarget	1	495207
2476.12	0.8	NonTarget	1	495224
2476.21	0.8	NonTarget	1	495242
2476.29	0.8	NonTarget	1	495258
2476.38	0.8	NonTarget	1	495276
2476.47	0.8	NonTarget	1	495294
2476.565	0.8	NonTarget	1	495313
2476.645	0.8	NonTarget	1	495329
2476.73	0.8	NonTarget	1	495346
2476.815	0.8	NonTarget	1	495363
2476.9	0.8	NonTarget	1	495380
2477.005	0.8	NonTarget	1	495401
2477.095	0.8	NonTarget	1	495419
2477.18	0.8	NonTarget	1	495436
2477.265	0.8	NonTarget	1	495453
2477.35	0.8	NonTarget	1	495470
2477.43	0.8	NonTarget	1	495486
2477.515	0.8	NonTarget	1	495503
2477.6	0.8	NonTarget	1	495520
2477.68	0.8	NonTarget	1	495536
2477.77	0.8	NonTarget	1	495554
2477.855	0.8	NonTarget	1	495571
2477.95	0.8	Target	2	495590
2478.035	0.8	NonTarget	1	495607
2478.115	0.8	NonTarget	1	495623
2478.2	0.8	NonTarget	1	495640
2478.595	0.8	NonTarget	1	495719
2478.685	0.8	Target	2	495737
2478.765	0.8	NonTarget	1	495753
2478.845	0.8	NonTarget	1	495769
2478.935	0.8	NonTarget	1	495787
2479.02	0.8	NonTarget	1	495804
2479.105	0.8	NonTarget	1	495821
2479.195	0.8	NonTarget	1	495839
2479.285	0.8	NonTarget	1	495857
2479.37	0.8	NonTarget	1	495874
2479.455	0.8	NonTarget	1	495891
2479.535	0.8	NonTarget	1	495907
2479.62	0.8	NonTarget	1	495924
2479.7	0.8	NonTarget	1	495940
2479.785	0.8	NonTarget	1	495957
2479.885	0.8	NonTarget	1	495977
2479.97	0.8	NonTarget	1	495994
2480.055	0.8	NonTarget	1	496011
2480.135	0.8	NonTarget	1	496027
2480.22	0.8	NonTarget	1	496044
2480.3	0.8	NonTarget	1	496060
2480.385	0.8	NonTarget	1	496077
2480.47	0.8	NonTarget	1	496094
2480.57	0.8	NonTarget	1	496114
2480.66	0.8	NonTarget	1	496132
2480.74	0.8	NonTarget	1	496148
2480.835	0.8	NonTarget	1	496167
2480.92	0.8	NonTarget	1	496184
2481.005	0.8	NonTarget	1	496201
2481.085	0.8	NonTarget	1	496217
2481.48	0.8	NonTarget	1	496296
2481.575	0.8	NonTarget	1	496315
2481.655	0.8	NonTarget	1	496331
2481.745	0.8	NonTarget	1	496349
2481.835	0.8	NonTarget	1	496367
2481.915	0.8	NonTarget	1	496383
2482.005	0.8	NonTarget	1	496401
2482.095	0.8	NonTarget	1	496419
2482.185	0.8	NonTarget	1	496437
2482.265	0.8	NonTarget	1	496453
2482.345	0.8	NonTarget	1	496469
2482.425	0.8	NonTarget	1	496485
2482.505	0.8	NonTarget	1	496501
2482.59	0.8	NonTarget	1	496518
2482.69	0.8	NonTarget	1	496538
2482.77	0.8	NonTarget	1	496554
2482.855	0.8	Target	2	496571
2482.94	0.8	NonTarget	1	496588
2483.025	0.8	NonTarget	1	496605
2483.105	0.8	NonTarget	1	496621
2483.195	0.8	NonTarget	1	496639
2483.275	0.8	NonTarget	1	496655
2483.36	0.8	NonTarget	1	496672
2483.445	0.8	NonTarget	1	496689
2483.53	0.8	NonTarget	1	496706
2483.61	0.8	NonTarget	1	496722
2483.705	0.8	NonTarget	1	496741
2483.79	0.8	NonTarget	1	496758
2483.875	0.8	NonTarget	1	496775
2483.96	0.8	NonTarget	1	496792
2484.365	0.8	NonTarget	1	496873
2484.455	0.8	NonTarget	1	496891
2484.54	0.8	NonTarget	1	496908
2484.62	0.8	NonTarget	1	496924
2484.71	0.8	NonTarget	1	496942
2484.795	0.8	NonTarget	1	496959
2484.88	0.8	Target	2	496976
2484.975	0.8	NonTarget	1	496995
2485.075	0.8	NonTarget	1	497015
2485.16	0.8	NonTarget	1	497032
2485.26	0.8	NonTarget	1	497052
2485.34	0.8	NonTarget	1	497068
2485.45	0.8	NonTarget	1	497090
2485.545	0.8	NonTarget	1	497109
2485.625	0.8	NonTarget	1	497125
2485.715	0.8	NonTarget	1	497143
2485.81	0.8	NonTarget	1	497162
2485.895	0.8	NonTarget	1	497179
2486.0	0.8	NonTarget	1	497200
2486.08	0.8	NonTarget	1	497216
2486.175	0.8	NonTarget	1	497235
2486.26	0.8	NonTarget	1	497252
2486.345	0.8	NonTarget	1	497269
2486.425	0.8	NonTarget	1	497285
2486.52	0.8	NonTarget	1	497304
2486.6	0.8	NonTarget	1	497320
2486.68	0.8	NonTarget	1	497336
2486.78	0.8	NonTarget	1	497356
2486.865	0.8	NonTarget	1	497373
2486.955	0.8	NonTarget	1	497391
2487.35	0.8	NonTarget	1	497470
2487.43	0.8	Target	2	497486
2487.51	0.8	NonTarget	1	497502
2487.6	0.8	NonTarget	1	497520
2487.685	0.8	NonTarget	1	497537
2487.765	0.8	NonTarget	1	497553
2487.86	0.8	NonTarget	1	497572
2487.94	0.8	NonTarget	1	497588
2488.03	0.8	NonTarget	1	497606
2488.12	0.8	NonTarget	1	497624
2488.205	0.8	NonTarget	1	497641
2488.285	0.8	NonTarget	1	497657
2488.375	0.8	NonTarget	1	497675
2488.455	0.8	NonTarget	1	497691
2488.535	0.8	NonTarget	1	497707
2488.63	0.8	NonTarget	1	497726
2488.715	0.8	NonTarget	1	497743
2488.805	0.8	NonTarget	1	497761
2488.895	0.8	NonTarget	1	497779
2488.98	0.8	NonTarget	1	497796
2489.065	0.8	NonTarget	1	497813
2489.15	0.8	NonTarget	1	497830
2489.235	0.8	NonTarget	1	497847
2489.32	0.8	NonTarget	1	497864
2489.405	0.8	NonTarget	1	497881
2489.48	0.8	NonTarget	1	497896
2489.565	0.8	NonTarget	1	497913
2489.66	0.8	NonTarget	1	497932
2489.74	0.8	NonTarget	1	497948
2489.825	0.8	NonTarget	1	497965
2490.24	0.8	NonTarget	1	498048
2490.33	0.8	NonTarget	1	498066
2490.42	0.8	NonTarget	1	498084
2490.51	0.8	NonTarget	1	498102
2490.59	0.8	NonTarget	1	498118
2490.67	0.8	NonTarget	1	498134
2490.765	0.8	NonTarget	1	498153
2490.855	0.8	NonTarget	1	498171
2490.935	0.8	NonTarget	1	498187
2491.01	0.8	NonTarget	1	498202
2491.105	0.8	NonTarget	1	498221
2491.195	0.8	NonTarget	1	498239
2491.285	0.8	NonTarget	1	498257
2491.375	0.8	NonTarget	1	498275
2491.455	0.8	NonTarget	1	498291
2491.54	0.8	NonTarget	1	498308
2491.62	0.8	Target	2	498324
2491.7	0.8	NonTarget	1	498340
2491.785	0.8	NonTarget	1	498357
2491.87	0.8	NonTarget	1	498374
2491.955	0.8	NonTarget	1	498391
2492.035	0.8	NonTarget	1	498407
2492.12	0.8	NonTarget	1	498424
2492.205	0.8	NonTarget	1	498441
2492.285	0.8	NonTarget	1	498457
2492.37	0.8	NonTarget	1	498474
2492.455	0.8	NonTarget	1	498491
2492.54	0.8	NonTarget	1	498508
2492.635	0.8	NonTarget	1	498527
2492.725	0.8	NonTarget	1	498545
2493.12	0.8	NonTarget	1	498624
2493.205	0.8	NonTarget	1	498641
2493.29	0.8	NonTarget	1	498658
2493.375	0.8	NonTarget	1	498675
2493.455	0.8	NonTarget	1	498691
2493.545	0.8	NonTarget	1	498709
2493.63	0.8	NonTarget	1	498726
2493.72	0.8	NonTarget	1	498744
2493.8	0.8	NonTarget	1	498760
2493.885	0.8	NonTarget	1	498777
2493.965	0.8	NonTarget	1	498793
2494.045	0.8	NonTarget	1	498809
2494.14	0.8	NonTarget	1	498828
2494.24	0.8	NonTarget	1	498848
2494.34	0.8	NonTarget	1	498868
2494.425	0.8	NonTarget	1	498885
2494.52	0.8	Target	2	498904
2494.605	0.8	NonTarget	1	498921
2494.69	0.8	NonTarget	1	498938
2494.775	0.8	NonTarget	1	498955
2494.88	0.8	NonTarget	1	498976
2494.96	0.8	NonTarget	1	498992
2495.04	0.8	NonTarget	1	499008
2495.14	0.8	NonTarget	1	499028
2495.225	0.8	NonTarget	1	499045
2495.305	0.8	NonTarget	1	499061
2495.39	0.8	NonTarget	1	499078
2495.475	0.8	NonTarget	1	499095
2495.575	0.8	NonTarget	1	499115
2495.675	0.8	NonTarget	1	499135
2496.07	0.8	NonTarget	1	499214
2496.15	0.8	NonTarget	1	499230
2496.24	0.8	NonTarget	1	499248
2496.325	0.8	NonTarget	1	499265
2496.41	0.8	NonTarget	1	499282
2496.495	0.8	NonTarget	1	499299
2496.595	0.8	NonTarget	1	499319
2496.675	0.8	NonTarget	1	499335
2496.76	0.8	NonTarget	1	499352
2496.84	0.8	NonTarget	1	499368
2496.935	0.8	NonTarget	1	499387
2497.02	0.8	NonTarget	1	499404
2497.105	0.8	NonTarget	1	499421
2497.195	0.8	NonTarget	1	499439
2497.285	0.8	NonTarget	1	499457
2497.365	0.8	NonTarget	1	499473
2497.445	0.8	Target	2	499489
2497.545	0.8	NonTarget	1	499509
2497.625	0.8	NonTarget	1	499525
2497.71	0.8	NonTarget	1	499542
2497.79	0.8	NonTarget	1	499558
2497.875	0.8	NonTarget	1	499575
2497.965	0.8	NonTarget	1	499593
2498.06	0.8	NonTarget	1	499612
2498.145	0.8	NonTarget	1	499629
2498.23	0.8	NonTarget	1	499646
2498.325	0.8	NonTarget	1	499665
2498.41	0.8	NonTarget	1	499682
2498.495	0.8	NonTarget	1	499699
2498.575	0.8	NonTarget	1	499715
