onset	duration	trial_type	value	sample
891.49	0.8	NonTarget	1	178298
891.565	0.8	NonTarget	1	178313
891.65	0.8	NonTarget	1	178330
891.735	0.8	NonTarget	1	178347
891.82	0.8	NonTarget	1	178364
891.9	0.8	NonTarget	1	178380
891.985	0.8	NonTarget	1	178397
892.07	0.8	NonTarget	1	178414
892.15	0.8	NonTarget	1	178430
892.235	0.8	NonTarget	1	178447
892.32	0.8	NonTarget	1	178464
892.4	0.8	NonTarget	1	178480
892.485	0.8	NonTarget	1	178497
892.57	0.8	NonTarget	1	178514
892.655	0.8	Target	2	178531
892.735	0.8	NonTarget	1	178547
892.82	0.8	NonTarget	1	178564
892.905	0.8	NonTarget	1	178581
892.985	0.8	NonTarget	1	178597
893.07	0.8	NonTarget	1	178614
893.155	0.8	NonTarget	1	178631
893.235	0.8	NonTarget	1	178647
893.32	0.8	NonTarget	1	178664
893.405	0.8	NonTarget	1	178681
893.485	0.8	NonTarget	1	178697
893.57	0.8	NonTarget	1	178714
893.655	0.8	NonTarget	1	178731
893.74	0.8	NonTarget	1	178748
893.825	0.8	NonTarget	1	178765
893.905	0.8	NonTarget	1	178781
894.305	0.8	NonTarget	1	178861
894.39	0.8	NonTarget	1	178878
894.47	0.8	NonTarget	1	178894
894.555	0.8	NonTarget	1	178911
894.64	0.8	Target	2	178928
894.72	0.8	NonTarget	1	178944
894.805	0.8	NonTarget	1	178961
894.89	0.8	NonTarget	1	178978
894.97	0.8	NonTarget	1	178994
895.055	0.8	NonTarget	1	179011
895.14	0.8	NonTarget	1	179028
895.225	0.8	NonTarget	1	179045
895.31	0.8	NonTarget	1	179062
895.39	0.8	NonTarget	1	179078
895.475	0.8	NonTarget	1	179095
895.555	0.8	NonTarget	1	179111
895.64	0.8	NonTarget	1	179128
895.725	0.8	NonTarget	1	179145
895.805	0.8	NonTarget	1	179161
895.89	0.8	NonTarget	1	179178
895.975	0.8	NonTarget	1	179195
896.055	0.8	NonTarget	1	179211
896.14	0.8	NonTarget	1	179228
896.225	0.8	NonTarget	1	179245
896.31	0.8	NonTarget	1	179262
896.39	0.8	NonTarget	1	179278
896.475	0.8	NonTarget	1	179295
896.56	0.8	NonTarget	1	179312
896.64	0.8	NonTarget	1	179328
896.725	0.8	NonTarget	1	179345
897.125	0.8	NonTarget	1	179425
897.21	0.8	NonTarget	1	179442
897.29	0.8	NonTarget	1	179458
897.375	0.8	NonTarget	1	179475
897.46	0.8	NonTarget	1	179492
897.545	0.8	NonTarget	1	179509
897.625	0.8	NonTarget	1	179525
897.71	0.8	NonTarget	1	179542
897.795	0.8	NonTarget	1	179559
897.875	0.8	NonTarget	1	179575
897.96	0.8	NonTarget	1	179592
898.045	0.8	NonTarget	1	179609
898.125	0.8	NonTarget	1	179625
898.21	0.8	NonTarget	1	179642
898.295	0.8	Target	2	179659
898.38	0.8	NonTarget	1	179676
898.46	0.8	NonTarget	1	179692
898.545	0.8	NonTarget	1	179709
898.63	0.8	NonTarget	1	179726
898.71	0.8	NonTarget	1	179742
898.795	0.8	NonTarget	1	179759
898.88	0.8	NonTarget	1	179776
898.96	0.8	NonTarget	1	179792
899.045	0.8	NonTarget	1	179809
899.13	0.8	NonTarget	1	179826
899.21	0.8	NonTarget	1	179842
899.295	0.8	NonTarget	1	179859
899.38	0.8	NonTarget	1	179876
899.465	0.8	NonTarget	1	179893
899.545	0.8	NonTarget	1	179909
899.945	0.8	NonTarget	1	179989
900.03	0.8	NonTarget	1	180006
900.115	0.8	NonTarget	1	180023
900.195	0.8	NonTarget	1	180039
900.28	0.8	NonTarget	1	180056
900.36	0.8	NonTarget	1	180072
900.445	0.8	NonTarget	1	180089
900.53	0.8	NonTarget	1	180106
900.615	0.8	NonTarget	1	180123
900.695	0.8	NonTarget	1	180139
900.78	0.8	NonTarget	1	180156
900.865	0.8	NonTarget	1	180173
900.95	0.8	NonTarget	1	180190
901.035	0.8	NonTarget	1	180207
901.115	0.8	NonTarget	1	180223
901.2	0.8	NonTarget	1	180240
901.28	0.8	NonTarget	1	180256
901.365	0.8	NonTarget	1	180273
901.45	0.8	NonTarget	1	180290
901.535	0.8	NonTarget	1	180307
901.615	0.8	NonTarget	1	180323
901.7	0.8	NonTarget	1	180340
901.785	0.8	NonTarget	1	180357
901.865	0.8	NonTarget	1	180373
901.95	0.8	NonTarget	1	180390
902.035	0.8	NonTarget	1	180407
902.115	0.8	NonTarget	1	180423
902.2	0.8	NonTarget	1	180440
902.285	0.8	NonTarget	1	180457
902.365	0.8	Target	2	180473
902.765	0.8	NonTarget	1	180553
902.85	0.8	NonTarget	1	180570
902.935	0.8	NonTarget	1	180587
903.015	0.8	NonTarget	1	180603
903.1	0.8	NonTarget	1	180620
903.185	0.8	NonTarget	1	180637
903.27	0.8	NonTarget	1	180654
903.35	0.8	NonTarget	1	180670
903.435	0.8	NonTarget	1	180687
903.52	0.8	NonTarget	1	180704
903.6	0.8	NonTarget	1	180720
903.685	0.8	NonTarget	1	180737
903.77	0.8	NonTarget	1	180754
903.85	0.8	NonTarget	1	180770
903.935	0.8	NonTarget	1	180787
904.02	0.8	NonTarget	1	180804
904.105	0.8	NonTarget	1	180821
904.185	0.8	NonTarget	1	180837
904.27	0.8	NonTarget	1	180854
904.355	0.8	NonTarget	1	180871
904.435	0.8	NonTarget	1	180887
904.52	0.8	NonTarget	1	180904
904.6	0.8	NonTarget	1	180920
904.685	0.8	NonTarget	1	180937
904.77	0.8	NonTarget	1	180954
904.855	0.8	NonTarget	1	180971
904.94	0.8	NonTarget	1	180988
905.02	0.8	NonTarget	1	181004
905.105	0.8	NonTarget	1	181021
905.185	0.8	Target	2	181037
905.59	0.8	NonTarget	1	181118
905.67	0.8	NonTarget	1	181134
905.755	0.8	NonTarget	1	181151
905.84	0.8	NonTarget	1	181168
905.92	0.8	NonTarget	1	181184
906.005	0.8	NonTarget	1	181201
906.09	0.8	NonTarget	1	181218
906.17	0.8	NonTarget	1	181234
906.255	0.8	NonTarget	1	181251
906.34	0.8	NonTarget	1	181268
906.425	0.8	NonTarget	1	181285
906.505	0.8	NonTarget	1	181301
906.59	0.8	NonTarget	1	181318
906.675	0.8	NonTarget	1	181335
906.755	0.8	Target	2	181351
906.84	0.8	NonTarget	1	181368
906.925	0.8	NonTarget	1	181385
907.005	0.8	NonTarget	1	181401
907.09	0.8	NonTarget	1	181418
907.175	0.8	NonTarget	1	181435
907.255	0.8	NonTarget	1	181451
907.34	0.8	NonTarget	1	181468
907.425	0.8	NonTarget	1	181485
907.505	0.8	NonTarget	1	181501
907.595	0.8	NonTarget	1	181519
907.675	0.8	NonTarget	1	181535
907.755	0.8	NonTarget	1	181551
907.84	0.8	NonTarget	1	181568
907.925	0.8	NonTarget	1	181585
908.01	0.8	NonTarget	1	181602
908.41	0.8	NonTarget	1	181682
908.49	0.8	NonTarget	1	181698
908.575	0.8	NonTarget	1	181715
908.66	0.8	NonTarget	1	181732
908.745	0.8	NonTarget	1	181749
908.825	0.8	NonTarget	1	181765
908.91	0.8	NonTarget	1	181782
908.99	0.8	NonTarget	1	181798
909.075	0.8	NonTarget	1	181815
909.16	0.8	NonTarget	1	181832
909.24	0.8	NonTarget	1	181848
909.325	0.8	NonTarget	1	181865
909.41	0.8	NonTarget	1	181882
909.495	0.8	NonTarget	1	181899
909.58	0.8	NonTarget	1	181916
909.66	0.8	NonTarget	1	181932
909.745	0.8	NonTarget	1	181949
909.83	0.8	NonTarget	1	181966
909.91	0.8	NonTarget	1	181982
909.995	0.8	Target	2	181999
910.075	0.8	NonTarget	1	182015
910.16	0.8	NonTarget	1	182032
910.245	0.8	NonTarget	1	182049
910.33	0.8	NonTarget	1	182066
910.41	0.8	NonTarget	1	182082
910.495	0.8	NonTarget	1	182099
910.575	0.8	NonTarget	1	182115
910.66	0.8	NonTarget	1	182132
910.745	0.8	NonTarget	1	182149
910.825	0.8	NonTarget	1	182165
911.23	0.8	NonTarget	1	182246
911.31	0.8	NonTarget	1	182262
911.395	0.8	NonTarget	1	182279
911.48	0.8	NonTarget	1	182296
911.56	0.8	NonTarget	1	182312
911.645	0.8	NonTarget	1	182329
911.73	0.8	NonTarget	1	182346
911.815	0.8	NonTarget	1	182363
911.895	0.8	NonTarget	1	182379
911.98	0.8	NonTarget	1	182396
912.065	0.8	NonTarget	1	182413
912.15	0.8	NonTarget	1	182430
912.23	0.8	NonTarget	1	182446
912.315	0.8	NonTarget	1	182463
912.395	0.8	Target	2	182479
912.48	0.8	NonTarget	1	182496
912.565	0.8	NonTarget	1	182513
912.645	0.8	NonTarget	1	182529
912.73	0.8	NonTarget	1	182546
912.815	0.8	NonTarget	1	182563
912.895	0.8	NonTarget	1	182579
912.98	0.8	NonTarget	1	182596
913.065	0.8	NonTarget	1	182613
913.15	0.8	NonTarget	1	182630
913.235	0.8	NonTarget	1	182647
913.315	0.8	NonTarget	1	182663
913.4	0.8	NonTarget	1	182680
913.48	0.8	NonTarget	1	182696
913.565	0.8	NonTarget	1	182713
913.65	0.8	NonTarget	1	182730
914.05	0.8	NonTarget	1	182810
914.135	0.8	NonTarget	1	182827
914.22	0.8	NonTarget	1	182844
914.3	0.8	NonTarget	1	182860
914.385	0.8	NonTarget	1	182877
914.465	0.8	NonTarget	1	182893
914.55	0.8	NonTarget	1	182910
914.635	0.8	NonTarget	1	182927
914.72	0.8	NonTarget	1	182944
914.8	0.8	NonTarget	1	182960
914.885	0.8	NonTarget	1	182977
914.97	0.8	NonTarget	1	182994
915.05	0.8	NonTarget	1	183010
915.135	0.8	NonTarget	1	183027
915.215	0.8	NonTarget	1	183043
915.3	0.8	NonTarget	1	183060
915.385	0.8	NonTarget	1	183077
915.47	0.8	NonTarget	1	183094
915.555	0.8	NonTarget	1	183111
915.635	0.8	Target	2	183127
915.715	0.8	NonTarget	1	183143
915.8	0.8	NonTarget	1	183160
915.885	0.8	NonTarget	1	183177
915.97	0.8	NonTarget	1	183194
916.05	0.8	NonTarget	1	183210
916.135	0.8	NonTarget	1	183227
916.22	0.8	NonTarget	1	183244
916.305	0.8	NonTarget	1	183261
916.385	0.8	NonTarget	1	183277
916.47	0.8	NonTarget	1	183294
916.87	0.8	NonTarget	1	183374
916.955	0.8	NonTarget	1	183391
917.035	0.8	NonTarget	1	183407
917.12	0.8	NonTarget	1	183424
917.205	0.8	NonTarget	1	183441
917.285	0.8	NonTarget	1	183457
917.37	0.8	NonTarget	1	183474
917.455	0.8	NonTarget	1	183491
917.54	0.8	NonTarget	1	183508
917.62	0.8	NonTarget	1	183524
917.705	0.8	NonTarget	1	183541
917.79	0.8	NonTarget	1	183558
917.87	0.8	NonTarget	1	183574
917.955	0.8	NonTarget	1	183591
918.04	0.8	Target	2	183608
918.125	0.8	NonTarget	1	183625
918.205	0.8	NonTarget	1	183641
918.29	0.8	NonTarget	1	183658
918.37	0.8	NonTarget	1	183674
918.455	0.8	NonTarget	1	183691
918.54	0.8	NonTarget	1	183708
918.625	0.8	NonTarget	1	183725
918.705	0.8	NonTarget	1	183741
918.79	0.8	NonTarget	1	183758
918.875	0.8	NonTarget	1	183775
918.955	0.8	NonTarget	1	183791
919.04	0.8	NonTarget	1	183808
919.125	0.8	NonTarget	1	183825
919.205	0.8	NonTarget	1	183841
919.29	0.8	NonTarget	1	183858
929.24	0.8	NonTarget	1	185848
929.32	0.8	NonTarget	1	185864
929.405	0.8	NonTarget	1	185881
929.49	0.8	NonTarget	1	185898
929.57	0.8	NonTarget	1	185914
929.655	0.8	NonTarget	1	185931
929.74	0.8	NonTarget	1	185948
929.82	0.8	NonTarget	1	185964
929.905	0.8	NonTarget	1	185981
929.99	0.8	NonTarget	1	185998
930.075	0.8	NonTarget	1	186015
930.155	0.8	NonTarget	1	186031
930.24	0.8	NonTarget	1	186048
930.32	0.8	NonTarget	1	186064
930.405	0.8	NonTarget	1	186081
930.49	0.8	NonTarget	1	186098
930.575	0.8	NonTarget	1	186115
930.655	0.8	NonTarget	1	186131
930.74	0.8	NonTarget	1	186148
930.825	0.8	Target	2	186165
930.905	0.8	NonTarget	1	186181
930.99	0.8	NonTarget	1	186198
931.075	0.8	NonTarget	1	186215
931.16	0.8	NonTarget	1	186232
931.24	0.8	NonTarget	1	186248
931.325	0.8	NonTarget	1	186265
931.405	0.8	NonTarget	1	186281
931.49	0.8	NonTarget	1	186298
931.575	0.8	NonTarget	1	186315
931.66	0.8	NonTarget	1	186332
932.06	0.8	NonTarget	1	186412
932.14	0.8	NonTarget	1	186428
932.225	0.8	NonTarget	1	186445
932.31	0.8	NonTarget	1	186462
932.395	0.8	Target	2	186479
932.475	0.8	NonTarget	1	186495
932.56	0.8	NonTarget	1	186512
932.64	0.8	NonTarget	1	186528
932.725	0.8	NonTarget	1	186545
932.81	0.8	NonTarget	1	186562
932.89	0.8	NonTarget	1	186578
932.975	0.8	NonTarget	1	186595
933.06	0.8	NonTarget	1	186612
933.145	0.8	NonTarget	1	186629
933.225	0.8	NonTarget	1	186645
933.31	0.8	NonTarget	1	186662
933.395	0.8	NonTarget	1	186679
933.475	0.8	NonTarget	1	186695
933.56	0.8	NonTarget	1	186712
933.645	0.8	NonTarget	1	186729
933.73	0.8	NonTarget	1	186746
933.81	0.8	NonTarget	1	186762
933.895	0.8	NonTarget	1	186779
933.98	0.8	NonTarget	1	186796
934.06	0.8	NonTarget	1	186812
934.145	0.8	NonTarget	1	186829
934.23	0.8	NonTarget	1	186846
934.315	0.8	NonTarget	1	186863
934.395	0.8	NonTarget	1	186879
934.48	0.8	NonTarget	1	186896
934.88	0.8	NonTarget	1	186976
934.96	0.8	NonTarget	1	186992
935.045	0.8	NonTarget	1	187009
935.13	0.8	NonTarget	1	187026
935.215	0.8	NonTarget	1	187043
935.295	0.8	NonTarget	1	187059
935.38	0.8	NonTarget	1	187076
935.465	0.8	NonTarget	1	187093
935.55	0.8	NonTarget	1	187110
935.63	0.8	NonTarget	1	187126
935.715	0.8	NonTarget	1	187143
935.795	0.8	NonTarget	1	187159
935.88	0.8	NonTarget	1	187176
935.965	0.8	NonTarget	1	187193
936.05	0.8	Target	2	187210
936.13	0.8	NonTarget	1	187226
936.215	0.8	NonTarget	1	187243
936.3	0.8	NonTarget	1	187260
936.38	0.8	NonTarget	1	187276
936.465	0.8	NonTarget	1	187293
936.55	0.8	NonTarget	1	187310
936.63	0.8	NonTarget	1	187326
936.715	0.8	NonTarget	1	187343
936.8	0.8	NonTarget	1	187360
936.88	0.8	NonTarget	1	187376
936.965	0.8	NonTarget	1	187393
937.05	0.8	NonTarget	1	187410
937.135	0.8	NonTarget	1	187427
937.215	0.8	NonTarget	1	187443
937.3	0.8	NonTarget	1	187460
937.7	0.8	NonTarget	1	187540
937.785	0.8	NonTarget	1	187557
937.865	0.8	NonTarget	1	187573
937.95	0.8	NonTarget	1	187590
938.035	0.8	Target	2	187607
938.12	0.8	NonTarget	1	187624
938.2	0.8	NonTarget	1	187640
938.285	0.8	NonTarget	1	187657
938.37	0.8	NonTarget	1	187674
938.45	0.8	NonTarget	1	187690
938.535	0.8	NonTarget	1	187707
938.62	0.8	NonTarget	1	187724
938.7	0.8	NonTarget	1	187740
938.785	0.8	NonTarget	1	187757
938.87	0.8	NonTarget	1	187774
938.955	0.8	NonTarget	1	187791
939.035	0.8	NonTarget	1	187807
939.12	0.8	NonTarget	1	187824
939.205	0.8	NonTarget	1	187841
939.285	0.8	NonTarget	1	187857
939.37	0.8	NonTarget	1	187874
939.45	0.8	NonTarget	1	187890
939.535	0.8	NonTarget	1	187907
939.62	0.8	NonTarget	1	187924
939.705	0.8	NonTarget	1	187941
939.785	0.8	NonTarget	1	187957
939.87	0.8	NonTarget	1	187974
939.955	0.8	NonTarget	1	187991
940.035	0.8	NonTarget	1	188007
940.12	0.8	NonTarget	1	188024
940.52	0.8	NonTarget	1	188104
940.605	0.8	NonTarget	1	188121
940.69	0.8	NonTarget	1	188138
940.77	0.8	NonTarget	1	188154
940.855	0.8	NonTarget	1	188171
940.94	0.8	NonTarget	1	188188
941.02	0.8	NonTarget	1	188204
941.105	0.8	NonTarget	1	188221
941.19	0.8	NonTarget	1	188238
941.275	0.8	NonTarget	1	188255
941.355	0.8	NonTarget	1	188271
941.44	0.8	NonTarget	1	188288
941.52	0.8	NonTarget	1	188304
941.605	0.8	NonTarget	1	188321
941.685	0.8	NonTarget	1	188337
941.77	0.8	NonTarget	1	188354
941.855	0.8	NonTarget	1	188371
941.94	0.8	NonTarget	1	188388
942.025	0.8	NonTarget	1	188405
942.105	0.8	NonTarget	1	188421
942.19	0.8	NonTarget	1	188438
942.275	0.8	NonTarget	1	188455
942.355	0.8	NonTarget	1	188471
942.44	0.8	NonTarget	1	188488
942.525	0.8	Target	2	188505
942.605	0.8	NonTarget	1	188521
942.69	0.8	NonTarget	1	188538
942.775	0.8	NonTarget	1	188555
942.86	0.8	NonTarget	1	188572
942.94	0.8	NonTarget	1	188588
943.34	0.8	NonTarget	1	188668
943.425	0.8	NonTarget	1	188685
943.51	0.8	NonTarget	1	188702
943.59	0.8	NonTarget	1	188718
943.675	0.8	NonTarget	1	188735
943.76	0.8	NonTarget	1	188752
943.84	0.8	NonTarget	1	188768
943.925	0.8	NonTarget	1	188785
944.01	0.8	NonTarget	1	188802
944.095	0.8	Target	2	188819
944.175	0.8	NonTarget	1	188835
944.26	0.8	NonTarget	1	188852
944.345	0.8	NonTarget	1	188869
944.425	0.8	NonTarget	1	188885
944.51	0.8	NonTarget	1	188902
944.595	0.8	NonTarget	1	188919
944.675	0.8	NonTarget	1	188935
944.76	0.8	NonTarget	1	188952
944.845	0.8	NonTarget	1	188969
944.925	0.8	NonTarget	1	188985
945.01	0.8	NonTarget	1	189002
945.095	0.8	NonTarget	1	189019
945.18	0.8	NonTarget	1	189036
945.26	0.8	NonTarget	1	189052
945.345	0.8	NonTarget	1	189069
945.43	0.8	NonTarget	1	189086
945.51	0.8	NonTarget	1	189102
945.595	0.8	NonTarget	1	189119
945.68	0.8	NonTarget	1	189136
945.76	0.8	NonTarget	1	189152
946.16	0.8	NonTarget	1	189232
946.245	0.8	NonTarget	1	189249
946.33	0.8	NonTarget	1	189266
946.41	0.8	NonTarget	1	189282
946.495	0.8	NonTarget	1	189299
946.58	0.8	NonTarget	1	189316
946.66	0.8	NonTarget	1	189332
946.745	0.8	NonTarget	1	189349
946.83	0.8	NonTarget	1	189366
946.915	0.8	NonTarget	1	189383
946.995	0.8	NonTarget	1	189399
947.08	0.8	NonTarget	1	189416
947.165	0.8	NonTarget	1	189433
947.245	0.8	NonTarget	1	189449
947.33	0.8	NonTarget	1	189466
947.415	0.8	NonTarget	1	189483
947.495	0.8	NonTarget	1	189499
947.58	0.8	NonTarget	1	189516
947.665	0.8	NonTarget	1	189533
947.75	0.8	NonTarget	1	189550
947.83	0.8	NonTarget	1	189566
947.915	0.8	NonTarget	1	189583
947.995	0.8	NonTarget	1	189599
948.08	0.8	NonTarget	1	189616
948.165	0.8	Target	2	189633
948.25	0.8	NonTarget	1	189650
948.33	0.8	NonTarget	1	189666
948.415	0.8	NonTarget	1	189683
948.5	0.8	NonTarget	1	189700
948.58	0.8	NonTarget	1	189716
948.98	0.8	NonTarget	1	189796
949.065	0.8	NonTarget	1	189813
949.15	0.8	NonTarget	1	189830
949.235	0.8	NonTarget	1	189847
949.315	0.8	Target	2	189863
949.4	0.8	NonTarget	1	189880
949.485	0.8	NonTarget	1	189897
949.565	0.8	NonTarget	1	189913
949.65	0.8	NonTarget	1	189930
949.735	0.8	NonTarget	1	189947
949.815	0.8	NonTarget	1	189963
949.9	0.8	NonTarget	1	189980
949.985	0.8	NonTarget	1	189997
950.07	0.8	NonTarget	1	190014
950.15	0.8	NonTarget	1	190030
950.235	0.8	NonTarget	1	190047
950.315	0.8	NonTarget	1	190063
950.4	0.8	NonTarget	1	190080
950.485	0.8	NonTarget	1	190097
950.57	0.8	NonTarget	1	190114
950.65	0.8	NonTarget	1	190130
950.735	0.8	NonTarget	1	190147
950.82	0.8	NonTarget	1	190164
950.905	0.8	NonTarget	1	190181
950.985	0.8	NonTarget	1	190197
951.07	0.8	NonTarget	1	190214
951.155	0.8	NonTarget	1	190231
951.235	0.8	NonTarget	1	190247
951.32	0.8	NonTarget	1	190264
951.4	0.8	NonTarget	1	190280
951.805	0.8	NonTarget	1	190361
951.885	0.8	NonTarget	1	190377
951.97	0.8	NonTarget	1	190394
952.055	0.8	NonTarget	1	190411
952.14	0.8	NonTarget	1	190428
952.22	0.8	NonTarget	1	190444
952.305	0.8	NonTarget	1	190461
952.39	0.8	NonTarget	1	190478
952.47	0.8	NonTarget	1	190494
952.555	0.8	NonTarget	1	190511
952.64	0.8	NonTarget	1	190528
952.72	0.8	NonTarget	1	190544
952.805	0.8	NonTarget	1	190561
952.89	0.8	NonTarget	1	190578
952.97	0.8	NonTarget	1	190594
953.055	0.8	NonTarget	1	190611
953.14	0.8	NonTarget	1	190628
953.22	0.8	NonTarget	1	190644
953.305	0.8	NonTarget	1	190661
953.39	0.8	NonTarget	1	190678
953.47	0.8	NonTarget	1	190694
953.555	0.8	NonTarget	1	190711
953.64	0.8	NonTarget	1	190728
953.725	0.8	NonTarget	1	190745
953.805	0.8	NonTarget	1	190761
953.89	0.8	NonTarget	1	190778
953.975	0.8	NonTarget	1	190795
954.055	0.8	NonTarget	1	190811
954.14	0.8	NonTarget	1	190828
954.225	0.8	Target	2	190845
954.625	0.8	NonTarget	1	190925
954.705	0.8	NonTarget	1	190941
954.79	0.8	NonTarget	1	190958
954.875	0.8	NonTarget	1	190975
954.96	0.8	Target	2	190992
955.04	0.8	NonTarget	1	191008
955.125	0.8	NonTarget	1	191025
955.21	0.8	NonTarget	1	191042
955.29	0.8	NonTarget	1	191058
955.375	0.8	NonTarget	1	191075
955.46	0.8	NonTarget	1	191092
955.545	0.8	NonTarget	1	191109
955.63	0.8	NonTarget	1	191126
955.71	0.8	NonTarget	1	191142
955.795	0.8	NonTarget	1	191159
955.875	0.8	NonTarget	1	191175
955.96	0.8	NonTarget	1	191192
956.04	0.8	NonTarget	1	191208
956.125	0.8	NonTarget	1	191225
956.21	0.8	NonTarget	1	191242
956.295	0.8	NonTarget	1	191259
956.375	0.8	NonTarget	1	191275
956.46	0.8	NonTarget	1	191292
956.545	0.8	NonTarget	1	191309
956.625	0.8	NonTarget	1	191325
956.71	0.8	NonTarget	1	191342
956.795	0.8	NonTarget	1	191359
956.875	0.8	NonTarget	1	191375
956.96	0.8	NonTarget	1	191392
957.045	0.8	NonTarget	1	191409
966.96	0.8	NonTarget	1	193392
967.04	0.8	NonTarget	1	193408
967.125	0.8	NonTarget	1	193425
967.21	0.8	NonTarget	1	193442
967.29	0.8	NonTarget	1	193458
967.375	0.8	NonTarget	1	193475
967.46	0.8	NonTarget	1	193492
967.54	0.8	NonTarget	1	193508
967.625	0.8	NonTarget	1	193525
967.71	0.8	NonTarget	1	193542
967.795	0.8	NonTarget	1	193559
967.875	0.8	NonTarget	1	193575
967.96	0.8	NonTarget	1	193592
968.045	0.8	NonTarget	1	193609
968.125	0.8	NonTarget	1	193625
968.21	0.8	NonTarget	1	193642
968.29	0.8	NonTarget	1	193658
968.375	0.8	NonTarget	1	193675
968.46	0.8	NonTarget	1	193692
968.545	0.8	NonTarget	1	193709
968.63	0.8	NonTarget	1	193726
968.71	0.8	NonTarget	1	193742
968.795	0.8	Target	2	193759
968.875	0.8	NonTarget	1	193775
968.96	0.8	NonTarget	1	193792
969.045	0.8	NonTarget	1	193809
969.13	0.8	NonTarget	1	193826
969.21	0.8	NonTarget	1	193842
969.295	0.8	NonTarget	1	193859
969.38	0.8	NonTarget	1	193876
969.78	0.8	NonTarget	1	193956
969.86	0.8	NonTarget	1	193972
969.945	0.8	NonTarget	1	193989
970.03	0.8	NonTarget	1	194006
970.115	0.8	NonTarget	1	194023
970.195	0.8	NonTarget	1	194039
970.28	0.8	NonTarget	1	194056
970.36	0.8	NonTarget	1	194072
970.445	0.8	NonTarget	1	194089
970.53	0.8	NonTarget	1	194106
970.61	0.8	NonTarget	1	194122
970.7	0.8	NonTarget	1	194140
970.78	0.8	NonTarget	1	194156
970.865	0.8	NonTarget	1	194173
970.945	0.8	NonTarget	1	194189
971.03	0.8	NonTarget	1	194206
971.115	0.8	NonTarget	1	194223
971.195	0.8	NonTarget	1	194239
971.28	0.8	NonTarget	1	194256
971.365	0.8	NonTarget	1	194273
971.45	0.8	NonTarget	1	194290
971.53	0.8	NonTarget	1	194306
971.615	0.8	NonTarget	1	194323
971.7	0.8	NonTarget	1	194340
971.78	0.8	NonTarget	1	194356
971.865	0.8	NonTarget	1	194373
971.95	0.8	NonTarget	1	194390
972.035	0.8	Target	2	194407
972.115	0.8	NonTarget	1	194423
972.2	0.8	NonTarget	1	194440
972.6	0.8	NonTarget	1	194520
972.685	0.8	NonTarget	1	194537
972.765	0.8	NonTarget	1	194553
972.85	0.8	NonTarget	1	194570
972.935	0.8	NonTarget	1	194587
973.015	0.8	NonTarget	1	194603
973.1	0.8	NonTarget	1	194620
973.185	0.8	NonTarget	1	194637
973.27	0.8	NonTarget	1	194654
973.35	0.8	NonTarget	1	194670
973.435	0.8	NonTarget	1	194687
973.515	0.8	NonTarget	1	194703
973.6	0.8	NonTarget	1	194720
973.685	0.8	NonTarget	1	194737
973.77	0.8	NonTarget	1	194754
973.85	0.8	NonTarget	1	194770
973.935	0.8	NonTarget	1	194787
974.02	0.8	NonTarget	1	194804
974.1	0.8	NonTarget	1	194820
974.185	0.8	NonTarget	1	194837
974.27	0.8	NonTarget	1	194854
974.355	0.8	NonTarget	1	194871
974.435	0.8	NonTarget	1	194887
974.52	0.8	NonTarget	1	194904
974.6	0.8	NonTarget	1	194920
974.685	0.8	NonTarget	1	194937
974.77	0.8	NonTarget	1	194954
974.855	0.8	Target	2	194971
974.935	0.8	NonTarget	1	194987
975.02	0.8	NonTarget	1	195004
975.42	0.8	NonTarget	1	195084
975.505	0.8	NonTarget	1	195101
975.59	0.8	Target	2	195118
975.67	0.8	NonTarget	1	195134
975.755	0.8	NonTarget	1	195151
975.835	0.8	NonTarget	1	195167
975.92	0.8	NonTarget	1	195184
976.005	0.8	NonTarget	1	195201
976.085	0.8	NonTarget	1	195217
976.17	0.8	NonTarget	1	195234
976.255	0.8	NonTarget	1	195251
976.34	0.8	NonTarget	1	195268
976.42	0.8	NonTarget	1	195284
976.505	0.8	NonTarget	1	195301
976.59	0.8	NonTarget	1	195318
976.67	0.8	NonTarget	1	195334
976.755	0.8	NonTarget	1	195351
976.835	0.8	NonTarget	1	195367
976.92	0.8	NonTarget	1	195384
977.005	0.8	NonTarget	1	195401
977.09	0.8	NonTarget	1	195418
977.17	0.8	NonTarget	1	195434
977.255	0.8	NonTarget	1	195451
977.34	0.8	NonTarget	1	195468
977.42	0.8	NonTarget	1	195484
977.505	0.8	NonTarget	1	195501
977.59	0.8	NonTarget	1	195518
977.675	0.8	NonTarget	1	195535
977.755	0.8	NonTarget	1	195551
977.84	0.8	NonTarget	1	195568
978.24	0.8	NonTarget	1	195648
978.325	0.8	NonTarget	1	195665
978.405	0.8	NonTarget	1	195681
978.49	0.8	NonTarget	1	195698
978.575	0.8	NonTarget	1	195715
978.655	0.8	NonTarget	1	195731
978.74	0.8	NonTarget	1	195748
978.825	0.8	NonTarget	1	195765
978.91	0.8	NonTarget	1	195782
978.99	0.8	NonTarget	1	195798
979.075	0.8	NonTarget	1	195815
979.16	0.8	NonTarget	1	195832
979.24	0.8	NonTarget	1	195848
979.325	0.8	NonTarget	1	195865
979.41	0.8	NonTarget	1	195882
979.49	0.8	NonTarget	1	195898
979.575	0.8	NonTarget	1	195915
979.66	0.8	NonTarget	1	195932
979.745	0.8	NonTarget	1	195949
979.825	0.8	NonTarget	1	195965
979.91	0.8	NonTarget	1	195982
979.995	0.8	NonTarget	1	195999
980.075	0.8	NonTarget	1	196015
980.16	0.8	NonTarget	1	196032
980.245	0.8	NonTarget	1	196049
980.325	0.8	NonTarget	1	196065
980.41	0.8	NonTarget	1	196082
980.495	0.8	Target	2	196099
980.575	0.8	NonTarget	1	196115
980.66	0.8	NonTarget	1	196132
981.06	0.8	NonTarget	1	196212
981.145	0.8	NonTarget	1	196229
981.23	0.8	NonTarget	1	196246
981.31	0.8	NonTarget	1	196262
981.395	0.8	NonTarget	1	196279
981.48	0.8	NonTarget	1	196296
981.56	0.8	NonTarget	1	196312
981.645	0.8	Target	2	196329
981.73	0.8	NonTarget	1	196346
981.81	0.8	NonTarget	1	196362
981.895	0.8	NonTarget	1	196379
981.98	0.8	NonTarget	1	196396
982.065	0.8	NonTarget	1	196413
982.145	0.8	NonTarget	1	196429
982.23	0.8	NonTarget	1	196446
982.315	0.8	NonTarget	1	196463
982.395	0.8	NonTarget	1	196479
982.48	0.8	NonTarget	1	196496
982.565	0.8	NonTarget	1	196513
982.645	0.8	NonTarget	1	196529
982.73	0.8	NonTarget	1	196546
982.815	0.8	NonTarget	1	196563
982.895	0.8	NonTarget	1	196579
982.98	0.8	NonTarget	1	196596
983.065	0.8	NonTarget	1	196613
983.145	0.8	NonTarget	1	196629
983.23	0.8	NonTarget	1	196646
983.315	0.8	NonTarget	1	196663
983.395	0.8	NonTarget	1	196679
983.48	0.8	NonTarget	1	196696
983.88	0.8	NonTarget	1	196776
983.965	0.8	NonTarget	1	196793
984.045	0.8	NonTarget	1	196809
984.13	0.8	NonTarget	1	196826
984.215	0.8	NonTarget	1	196843
984.3	0.8	NonTarget	1	196860
984.385	0.8	NonTarget	1	196877
984.465	0.8	NonTarget	1	196893
984.55	0.8	NonTarget	1	196910
984.635	0.8	NonTarget	1	196927
984.715	0.8	NonTarget	1	196943
984.8	0.8	NonTarget	1	196960
984.885	0.8	NonTarget	1	196977
984.965	0.8	NonTarget	1	196993
985.05	0.8	NonTarget	1	197010
985.135	0.8	NonTarget	1	197027
985.22	0.8	NonTarget	1	197044
985.3	0.8	Target	2	197060
985.385	0.8	NonTarget	1	197077
985.465	0.8	NonTarget	1	197093
985.55	0.8	NonTarget	1	197110
985.635	0.8	NonTarget	1	197127
985.72	0.8	NonTarget	1	197144
985.8	0.8	NonTarget	1	197160
985.885	0.8	NonTarget	1	197177
985.97	0.8	NonTarget	1	197194
986.05	0.8	NonTarget	1	197210
986.135	0.8	NonTarget	1	197227
986.22	0.8	NonTarget	1	197244
986.305	0.8	NonTarget	1	197261
986.705	0.8	NonTarget	1	197341
986.785	0.8	NonTarget	1	197357
986.87	0.8	NonTarget	1	197374
986.955	0.8	NonTarget	1	197391
987.035	0.8	NonTarget	1	197407
987.12	0.8	NonTarget	1	197424
987.205	0.8	NonTarget	1	197441
987.285	0.8	Target	2	197457
987.37	0.8	NonTarget	1	197474
987.455	0.8	NonTarget	1	197491
987.54	0.8	NonTarget	1	197508
987.62	0.8	NonTarget	1	197524
987.705	0.8	NonTarget	1	197541
987.79	0.8	NonTarget	1	197558
987.87	0.8	NonTarget	1	197574
987.955	0.8	NonTarget	1	197591
988.035	0.8	NonTarget	1	197607
988.12	0.8	NonTarget	1	197624
988.205	0.8	NonTarget	1	197641
988.29	0.8	NonTarget	1	197658
988.37	0.8	NonTarget	1	197674
988.455	0.8	NonTarget	1	197691
988.54	0.8	NonTarget	1	197708
988.625	0.8	NonTarget	1	197725
988.705	0.8	NonTarget	1	197741
988.79	0.8	NonTarget	1	197758
988.87	0.8	NonTarget	1	197774
988.955	0.8	NonTarget	1	197791
989.04	0.8	NonTarget	1	197808
989.12	0.8	NonTarget	1	197824
989.525	0.8	NonTarget	1	197905
989.605	0.8	NonTarget	1	197921
989.69	0.8	NonTarget	1	197938
989.775	0.8	NonTarget	1	197955
989.855	0.8	NonTarget	1	197971
989.94	0.8	NonTarget	1	197988
990.025	0.8	NonTarget	1	198005
990.105	0.8	NonTarget	1	198021
990.19	0.8	NonTarget	1	198038
990.275	0.8	NonTarget	1	198055
990.36	0.8	NonTarget	1	198072
990.44	0.8	NonTarget	1	198088
990.525	0.8	NonTarget	1	198105
990.61	0.8	NonTarget	1	198122
990.69	0.8	NonTarget	1	198138
990.775	0.8	NonTarget	1	198155
990.86	0.8	NonTarget	1	198172
990.945	0.8	Target	2	198189
991.025	0.8	NonTarget	1	198205
991.11	0.8	NonTarget	1	198222
991.19	0.8	NonTarget	1	198238
991.275	0.8	NonTarget	1	198255
991.36	0.8	NonTarget	1	198272
991.445	0.8	NonTarget	1	198289
991.525	0.8	NonTarget	1	198305
991.61	0.8	NonTarget	1	198322
991.69	0.8	NonTarget	1	198338
991.775	0.8	NonTarget	1	198355
991.86	0.8	NonTarget	1	198372
991.945	0.8	NonTarget	1	198389
992.345	0.8	NonTarget	1	198469
992.43	0.8	NonTarget	1	198486
992.51	0.8	NonTarget	1	198502
992.595	0.8	NonTarget	1	198519
992.675	0.8	NonTarget	1	198535
992.76	0.8	NonTarget	1	198552
992.845	0.8	NonTarget	1	198569
992.93	0.8	NonTarget	1	198586
993.01	0.8	NonTarget	1	198602
993.095	0.8	NonTarget	1	198619
993.18	0.8	NonTarget	1	198636
993.26	0.8	NonTarget	1	198652
993.345	0.8	NonTarget	1	198669
993.43	0.8	NonTarget	1	198686
993.515	0.8	NonTarget	1	198703
993.595	0.8	NonTarget	1	198719
993.68	0.8	NonTarget	1	198736
993.76	0.8	NonTarget	1	198752
993.845	0.8	NonTarget	1	198769
993.93	0.8	NonTarget	1	198786
994.015	0.8	NonTarget	1	198803
994.095	0.8	NonTarget	1	198819
994.18	0.8	NonTarget	1	198836
994.265	0.8	NonTarget	1	198853
994.345	0.8	NonTarget	1	198869
994.43	0.8	NonTarget	1	198886
994.515	0.8	NonTarget	1	198903
994.595	0.8	Target	2	198919
994.68	0.8	NonTarget	1	198936
994.765	0.8	NonTarget	1	198953
1004.665	0.8	NonTarget	1	200933
1004.745	0.8	NonTarget	1	200949
1004.83	0.8	NonTarget	1	200966
1004.915	0.8	NonTarget	1	200983
1004.995	0.8	NonTarget	1	200999
1005.08	0.8	NonTarget	1	201016
1005.16	0.8	NonTarget	1	201032
1005.245	0.8	NonTarget	1	201049
1005.33	0.8	NonTarget	1	201066
1005.41	0.8	NonTarget	1	201082
1005.495	0.8	NonTarget	1	201099
1005.58	0.8	NonTarget	1	201116
1005.665	0.8	NonTarget	1	201133
1005.745	0.8	NonTarget	1	201149
1005.83	0.8	NonTarget	1	201166
1005.915	0.8	NonTarget	1	201183
1005.995	0.8	NonTarget	1	201199
1006.08	0.8	NonTarget	1	201216
1006.165	0.8	NonTarget	1	201233
1006.245	0.8	NonTarget	1	201249
1006.33	0.8	NonTarget	1	201266
1006.415	0.8	NonTarget	1	201283
1006.5	0.8	NonTarget	1	201300
1006.58	0.8	Target	2	201316
1006.665	0.8	NonTarget	1	201333
1006.75	0.8	NonTarget	1	201350
1006.83	0.8	NonTarget	1	201366
1006.915	0.8	NonTarget	1	201383
1007.0	0.8	NonTarget	1	201400
1007.08	0.8	NonTarget	1	201416
1007.485	0.8	NonTarget	1	201497
1007.565	0.8	NonTarget	1	201513
1007.65	0.8	NonTarget	1	201530
1007.735	0.8	NonTarget	1	201547
1007.815	0.8	NonTarget	1	201563
1007.9	0.8	NonTarget	1	201580
1007.985	0.8	NonTarget	1	201597
1008.065	0.8	NonTarget	1	201613
1008.15	0.8	NonTarget	1	201630
1008.235	0.8	NonTarget	1	201647
1008.315	0.8	NonTarget	1	201663
1008.4	0.8	NonTarget	1	201680
1008.485	0.8	NonTarget	1	201697
1008.565	0.8	Target	2	201713
1008.65	0.8	NonTarget	1	201730
1008.735	0.8	NonTarget	1	201747
1008.82	0.8	NonTarget	1	201764
1008.905	0.8	NonTarget	1	201781
1008.985	0.8	NonTarget	1	201797
1009.07	0.8	NonTarget	1	201814
1009.15	0.8	NonTarget	1	201830
1009.235	0.8	NonTarget	1	201847
1009.315	0.8	NonTarget	1	201863
1009.4	0.8	NonTarget	1	201880
1009.485	0.8	NonTarget	1	201897
1009.57	0.8	NonTarget	1	201914
1009.65	0.8	NonTarget	1	201930
1009.735	0.8	NonTarget	1	201947
1009.82	0.8	NonTarget	1	201964
1009.9	0.8	NonTarget	1	201980
1010.305	0.8	NonTarget	1	202061
1010.385	0.8	NonTarget	1	202077
1010.47	0.8	NonTarget	1	202094
1010.555	0.8	NonTarget	1	202111
1010.635	0.8	NonTarget	1	202127
1010.72	0.8	NonTarget	1	202144
1010.805	0.8	NonTarget	1	202161
1010.885	0.8	NonTarget	1	202177
1010.97	0.8	NonTarget	1	202194
1011.055	0.8	NonTarget	1	202211
1011.14	0.8	NonTarget	1	202228
1011.22	0.8	NonTarget	1	202244
1011.305	0.8	NonTarget	1	202261
1011.39	0.8	NonTarget	1	202278
1011.47	0.8	NonTarget	1	202294
1011.555	0.8	NonTarget	1	202311
1011.64	0.8	NonTarget	1	202328
1011.72	0.8	NonTarget	1	202344
1011.805	0.8	NonTarget	1	202361
1011.89	0.8	NonTarget	1	202378
1011.97	0.8	NonTarget	1	202394
1012.055	0.8	NonTarget	1	202411
1012.14	0.8	NonTarget	1	202428
1012.225	0.8	Target	2	202445
1012.305	0.8	NonTarget	1	202461
1012.39	0.8	NonTarget	1	202478
1012.47	0.8	NonTarget	1	202494
1012.555	0.8	NonTarget	1	202511
1012.64	0.8	NonTarget	1	202528
1012.725	0.8	NonTarget	1	202545
1013.125	0.8	NonTarget	1	202625
1013.205	0.8	NonTarget	1	202641
1013.29	0.8	NonTarget	1	202658
1013.375	0.8	NonTarget	1	202675
1013.455	0.8	NonTarget	1	202691
1013.54	0.8	NonTarget	1	202708
1013.625	0.8	NonTarget	1	202725
1013.71	0.8	NonTarget	1	202742
1013.79	0.8	NonTarget	1	202758
1013.875	0.8	NonTarget	1	202775
1013.96	0.8	NonTarget	1	202792
1014.04	0.8	NonTarget	1	202808
1014.125	0.8	NonTarget	1	202825
1014.21	0.8	NonTarget	1	202842
1014.29	0.8	NonTarget	1	202858
1014.375	0.8	NonTarget	1	202875
1014.455	0.8	NonTarget	1	202891
1014.54	0.8	NonTarget	1	202908
1014.625	0.8	Target	2	202925
1014.71	0.8	NonTarget	1	202942
1014.79	0.8	NonTarget	1	202958
1014.875	0.8	NonTarget	1	202975
1014.96	0.8	NonTarget	1	202992
1015.04	0.8	NonTarget	1	203008
1015.125	0.8	NonTarget	1	203025
1015.21	0.8	NonTarget	1	203042
1015.295	0.8	NonTarget	1	203059
1015.375	0.8	NonTarget	1	203075
1015.46	0.8	NonTarget	1	203092
1015.545	0.8	NonTarget	1	203109
1015.945	0.8	NonTarget	1	203189
1016.025	0.8	NonTarget	1	203205
1016.11	0.8	NonTarget	1	203222
1016.195	0.8	NonTarget	1	203239
1016.275	0.8	NonTarget	1	203255
1016.36	0.8	NonTarget	1	203272
1016.445	0.8	NonTarget	1	203289
1016.53	0.8	NonTarget	1	203306
1016.61	0.8	Target	2	203322
1016.695	0.8	NonTarget	1	203339
1016.78	0.8	NonTarget	1	203356
1016.86	0.8	NonTarget	1	203372
1016.945	0.8	NonTarget	1	203389
1017.03	0.8	NonTarget	1	203406
1017.115	0.8	NonTarget	1	203423
1017.195	0.8	NonTarget	1	203439
1017.28	0.8	NonTarget	1	203456
1017.365	0.8	NonTarget	1	203473
1017.445	0.8	NonTarget	1	203489
1017.53	0.8	NonTarget	1	203506
1017.615	0.8	NonTarget	1	203523
1017.695	0.8	NonTarget	1	203539
1017.78	0.8	NonTarget	1	203556
1017.865	0.8	NonTarget	1	203573
1017.95	0.8	NonTarget	1	203590
1018.03	0.8	NonTarget	1	203606
1018.115	0.8	NonTarget	1	203623
1018.195	0.8	NonTarget	1	203639
1018.28	0.8	NonTarget	1	203656
1018.365	0.8	NonTarget	1	203673
1018.765	0.8	NonTarget	1	203753
1018.85	0.8	NonTarget	1	203770
1018.93	0.8	NonTarget	1	203786
1019.015	0.8	Target	2	203803
1019.1	0.8	NonTarget	1	203820
1019.185	0.8	NonTarget	1	203837
1019.265	0.8	NonTarget	1	203853
1019.35	0.8	NonTarget	1	203870
1019.435	0.8	NonTarget	1	203887
1019.515	0.8	NonTarget	1	203903
1019.6	0.8	NonTarget	1	203920
1019.685	0.8	NonTarget	1	203937
1019.765	0.8	NonTarget	1	203953
1019.85	0.8	NonTarget	1	203970
1019.935	0.8	NonTarget	1	203987
1020.015	0.8	NonTarget	1	204003
1020.1	0.8	NonTarget	1	204020
1020.185	0.8	NonTarget	1	204037
1020.27	0.8	NonTarget	1	204054
1020.35	0.8	NonTarget	1	204070
1020.435	0.8	NonTarget	1	204087
1020.515	0.8	NonTarget	1	204103
1020.6	0.8	NonTarget	1	204120
1020.685	0.8	NonTarget	1	204137
1020.765	0.8	NonTarget	1	204153
1020.85	0.8	NonTarget	1	204170
1020.935	0.8	NonTarget	1	204187
1021.02	0.8	NonTarget	1	204204
1021.1	0.8	NonTarget	1	204220
1021.185	0.8	NonTarget	1	204237
1021.585	0.8	NonTarget	1	204317
1021.67	0.8	NonTarget	1	204334
1021.75	0.8	NonTarget	1	204350
1021.835	0.8	Target	2	204367
1021.92	0.8	NonTarget	1	204384
1022.0	0.8	NonTarget	1	204400
1022.085	0.8	NonTarget	1	204417
1022.17	0.8	NonTarget	1	204434
1022.255	0.8	NonTarget	1	204451
1022.335	0.8	NonTarget	1	204467
1022.42	0.8	NonTarget	1	204484
1022.505	0.8	NonTarget	1	204501
1022.59	0.8	NonTarget	1	204518
1022.67	0.8	NonTarget	1	204534
1022.755	0.8	NonTarget	1	204551
1022.835	0.8	NonTarget	1	204567
1022.92	0.8	NonTarget	1	204584
1023.005	0.8	NonTarget	1	204601
1023.085	0.8	NonTarget	1	204617
1023.17	0.8	NonTarget	1	204634
1023.255	0.8	NonTarget	1	204651
1023.34	0.8	NonTarget	1	204668
1023.42	0.8	NonTarget	1	204684
1023.505	0.8	NonTarget	1	204701
1023.59	0.8	NonTarget	1	204718
1023.675	0.8	NonTarget	1	204735
1023.755	0.8	NonTarget	1	204751
1023.84	0.8	NonTarget	1	204768
1023.925	0.8	NonTarget	1	204785
1024.005	0.8	NonTarget	1	204801
1024.405	0.8	NonTarget	1	204881
1024.49	0.8	NonTarget	1	204898
1024.575	0.8	NonTarget	1	204915
1024.655	0.8	NonTarget	1	204931
1024.74	0.8	NonTarget	1	204948
1024.82	0.8	NonTarget	1	204964
1024.905	0.8	NonTarget	1	204981
1024.99	0.8	NonTarget	1	204998
1025.075	0.8	NonTarget	1	205015
1025.155	0.8	NonTarget	1	205031
1025.24	0.8	NonTarget	1	205048
1025.325	0.8	NonTarget	1	205065
1025.405	0.8	NonTarget	1	205081
1025.49	0.8	Target	2	205098
1025.575	0.8	NonTarget	1	205115
1025.66	0.8	NonTarget	1	205132
1025.74	0.8	NonTarget	1	205148
1025.825	0.8	NonTarget	1	205165
1025.91	0.8	NonTarget	1	205182
1025.99	0.8	NonTarget	1	205198
1026.075	0.8	NonTarget	1	205215
1026.16	0.8	NonTarget	1	205232
1026.24	0.8	NonTarget	1	205248
1026.325	0.8	NonTarget	1	205265
1026.405	0.8	NonTarget	1	205281
1026.495	0.8	NonTarget	1	205299
1026.575	0.8	NonTarget	1	205315
1026.66	0.8	NonTarget	1	205332
1026.745	0.8	NonTarget	1	205349
1026.83	0.8	NonTarget	1	205366
1027.225	0.8	NonTarget	1	205445
1027.31	0.8	NonTarget	1	205462
1027.395	0.8	NonTarget	1	205479
1027.475	0.8	NonTarget	1	205495
1027.56	0.8	NonTarget	1	205512
1027.645	0.8	NonTarget	1	205529
1027.725	0.8	NonTarget	1	205545
1027.81	0.8	NonTarget	1	205562
1027.895	0.8	NonTarget	1	205579
1027.98	0.8	NonTarget	1	205596
1028.06	0.8	NonTarget	1	205612
1028.145	0.8	NonTarget	1	205629
1028.23	0.8	NonTarget	1	205646
1028.31	0.8	NonTarget	1	205662
1028.395	0.8	NonTarget	1	205679
1028.48	0.8	NonTarget	1	205696
1028.565	0.8	NonTarget	1	205713
1028.645	0.8	NonTarget	1	205729
1028.73	0.8	Target	2	205746
1028.815	0.8	NonTarget	1	205763
1028.895	0.8	NonTarget	1	205779
1028.98	0.8	NonTarget	1	205796
1029.065	0.8	NonTarget	1	205813
1029.145	0.8	NonTarget	1	205829
1029.23	0.8	NonTarget	1	205846
1029.315	0.8	NonTarget	1	205863
1029.395	0.8	NonTarget	1	205879
1029.48	0.8	NonTarget	1	205896
1029.565	0.8	NonTarget	1	205913
1029.645	0.8	NonTarget	1	205929
1030.05	0.8	NonTarget	1	206010
1030.13	0.8	NonTarget	1	206026
1030.215	0.8	NonTarget	1	206043
1030.3	0.8	Target	2	206060
1030.38	0.8	NonTarget	1	206076
1030.465	0.8	NonTarget	1	206093
1030.55	0.8	NonTarget	1	206110
1030.63	0.8	NonTarget	1	206126
1030.715	0.8	NonTarget	1	206143
1030.8	0.8	NonTarget	1	206160
1030.88	0.8	NonTarget	1	206176
1030.965	0.8	NonTarget	1	206193
1031.05	0.8	NonTarget	1	206210
1031.13	0.8	NonTarget	1	206226
1031.215	0.8	NonTarget	1	206243
1031.3	0.8	NonTarget	1	206260
1031.385	0.8	NonTarget	1	206277
1031.465	0.8	NonTarget	1	206293
1031.55	0.8	NonTarget	1	206310
1031.63	0.8	NonTarget	1	206326
1031.715	0.8	NonTarget	1	206343
1031.8	0.8	NonTarget	1	206360
1031.885	0.8	NonTarget	1	206377
1031.965	0.8	NonTarget	1	206393
1032.05	0.8	NonTarget	1	206410
1032.135	0.8	NonTarget	1	206427
1032.215	0.8	NonTarget	1	206443
1032.305	0.8	NonTarget	1	206461
1032.385	0.8	NonTarget	1	206477
1032.465	0.8	NonTarget	1	206493
1042.385	0.8	NonTarget	1	208477
1042.465	0.8	NonTarget	1	208493
1042.55	0.8	NonTarget	1	208510
1042.63	0.8	NonTarget	1	208526
1042.715	0.8	NonTarget	1	208543
1042.8	0.8	NonTarget	1	208560
1042.88	0.8	NonTarget	1	208576
1042.965	0.8	Target	2	208593
1043.05	0.8	NonTarget	1	208610
1043.135	0.8	NonTarget	1	208627
1043.215	0.8	NonTarget	1	208643
1043.3	0.8	NonTarget	1	208660
1043.385	0.8	NonTarget	1	208677
1043.465	0.8	NonTarget	1	208693
1043.55	0.8	NonTarget	1	208710
1043.635	0.8	NonTarget	1	208727
1043.715	0.8	NonTarget	1	208743
1043.8	0.8	NonTarget	1	208760
1043.885	0.8	NonTarget	1	208777
1043.965	0.8	NonTarget	1	208793
1044.05	0.8	NonTarget	1	208810
1044.135	0.8	NonTarget	1	208827
1044.22	0.8	NonTarget	1	208844
1044.3	0.8	NonTarget	1	208860
1044.385	0.8	NonTarget	1	208877
1044.47	0.8	NonTarget	1	208894
1044.55	0.8	NonTarget	1	208910
1044.635	0.8	NonTarget	1	208927
1044.72	0.8	NonTarget	1	208944
1044.8	0.8	NonTarget	1	208960
1045.205	0.8	NonTarget	1	209041
1045.285	0.8	NonTarget	1	209057
1045.37	0.8	NonTarget	1	209074
1045.45	0.8	NonTarget	1	209090
1045.535	0.8	NonTarget	1	209107
1045.62	0.8	NonTarget	1	209124
1045.705	0.8	NonTarget	1	209141
1045.785	0.8	NonTarget	1	209157
1045.87	0.8	NonTarget	1	209174
1045.955	0.8	NonTarget	1	209191
1046.035	0.8	NonTarget	1	209207
1046.12	0.8	NonTarget	1	209224
1046.205	0.8	NonTarget	1	209241
1046.285	0.8	NonTarget	1	209257
1046.37	0.8	NonTarget	1	209274
1046.455	0.8	NonTarget	1	209291
1046.54	0.8	NonTarget	1	209308
1046.62	0.8	NonTarget	1	209324
1046.705	0.8	NonTarget	1	209341
1046.79	0.8	NonTarget	1	209358
1046.87	0.8	NonTarget	1	209374
1046.955	0.8	NonTarget	1	209391
1047.035	0.8	Target	2	209407
1047.12	0.8	NonTarget	1	209424
1047.205	0.8	NonTarget	1	209441
1047.29	0.8	NonTarget	1	209458
1047.37	0.8	NonTarget	1	209474
1047.455	0.8	NonTarget	1	209491
1047.54	0.8	NonTarget	1	209508
1047.625	0.8	NonTarget	1	209525
1048.025	0.8	NonTarget	1	209605
1048.105	0.8	NonTarget	1	209621
1048.19	0.8	NonTarget	1	209638
1048.275	0.8	NonTarget	1	209655
1048.355	0.8	NonTarget	1	209671
1048.44	0.8	NonTarget	1	209688
1048.525	0.8	NonTarget	1	209705
1048.605	0.8	NonTarget	1	209721
1048.69	0.8	NonTarget	1	209738
1048.775	0.8	NonTarget	1	209755
1048.86	0.8	NonTarget	1	209772
1048.94	0.8	NonTarget	1	209788
1049.025	0.8	NonTarget	1	209805
1049.11	0.8	NonTarget	1	209822
1049.19	0.8	NonTarget	1	209838
1049.275	0.8	NonTarget	1	209855
1049.36	0.8	NonTarget	1	209872
1049.44	0.8	NonTarget	1	209888
1049.525	0.8	NonTarget	1	209905
1049.61	0.8	NonTarget	1	209922
1049.695	0.8	NonTarget	1	209939
1049.775	0.8	NonTarget	1	209955
1049.86	0.8	NonTarget	1	209972
1049.945	0.8	NonTarget	1	209989
1050.025	0.8	NonTarget	1	210005
1050.11	0.8	NonTarget	1	210022
1050.195	0.8	NonTarget	1	210039
1050.275	0.8	Target	2	210055
1050.36	0.8	NonTarget	1	210072
1050.445	0.8	NonTarget	1	210089
1050.845	0.8	NonTarget	1	210169
1050.925	0.8	NonTarget	1	210185
1051.01	0.8	NonTarget	1	210202
1051.095	0.8	NonTarget	1	210219
1051.175	0.8	NonTarget	1	210235
1051.26	0.8	NonTarget	1	210252
1051.345	0.8	NonTarget	1	210269
1051.43	0.8	NonTarget	1	210286
1051.51	0.8	NonTarget	1	210302
1051.595	0.8	NonTarget	1	210319
1051.68	0.8	NonTarget	1	210336
1051.76	0.8	NonTarget	1	210352
1051.845	0.8	NonTarget	1	210369
1051.93	0.8	NonTarget	1	210386
1052.01	0.8	NonTarget	1	210402
1052.095	0.8	NonTarget	1	210419
1052.18	0.8	NonTarget	1	210436
1052.26	0.8	NonTarget	1	210452
1052.345	0.8	NonTarget	1	210469
1052.43	0.8	NonTarget	1	210486
1052.515	0.8	NonTarget	1	210503
1052.595	0.8	NonTarget	1	210519
1052.68	0.8	Target	2	210536
1052.765	0.8	NonTarget	1	210553
1052.845	0.8	NonTarget	1	210569
1052.93	0.8	NonTarget	1	210586
1053.015	0.8	NonTarget	1	210603
1053.095	0.8	NonTarget	1	210619
1053.18	0.8	NonTarget	1	210636
1053.265	0.8	NonTarget	1	210653
1053.665	0.8	NonTarget	1	210733
1053.75	0.8	NonTarget	1	210750
1053.83	0.8	Target	2	210766
1053.915	0.8	NonTarget	1	210783
1054.0	0.8	NonTarget	1	210800
1054.08	0.8	NonTarget	1	210816
1054.165	0.8	NonTarget	1	210833
1054.25	0.8	NonTarget	1	210850
1054.33	0.8	NonTarget	1	210866
1054.415	0.8	NonTarget	1	210883
1054.5	0.8	NonTarget	1	210900
1054.585	0.8	NonTarget	1	210917
1054.665	0.8	NonTarget	1	210933
1054.75	0.8	NonTarget	1	210950
1054.83	0.8	NonTarget	1	210966
1054.915	0.8	NonTarget	1	210983
1055.0	0.8	NonTarget	1	211000
1055.085	0.8	NonTarget	1	211017
1055.165	0.8	NonTarget	1	211033
1055.25	0.8	NonTarget	1	211050
1055.335	0.8	NonTarget	1	211067
1055.415	0.8	NonTarget	1	211083
1055.5	0.8	NonTarget	1	211100
1055.585	0.8	NonTarget	1	211117
1055.665	0.8	NonTarget	1	211133
1055.75	0.8	NonTarget	1	211150
1055.835	0.8	NonTarget	1	211167
1055.92	0.8	NonTarget	1	211184
1056.0	0.8	NonTarget	1	211200
1056.085	0.8	NonTarget	1	211217
1056.485	0.8	NonTarget	1	211297
1056.565	0.8	NonTarget	1	211313
1056.65	0.8	Target	2	211330
1056.735	0.8	NonTarget	1	211347
1056.82	0.8	NonTarget	1	211364
1056.9	0.8	NonTarget	1	211380
1056.985	0.8	NonTarget	1	211397
1057.07	0.8	NonTarget	1	211414
1057.155	0.8	NonTarget	1	211431
1057.235	0.8	NonTarget	1	211447
1057.32	0.8	NonTarget	1	211464
1057.4	0.8	NonTarget	1	211480
1057.485	0.8	NonTarget	1	211497
1057.57	0.8	NonTarget	1	211514
1057.655	0.8	NonTarget	1	211531
1057.735	0.8	NonTarget	1	211547
1057.82	0.8	NonTarget	1	211564
1057.905	0.8	NonTarget	1	211581
1057.99	0.8	NonTarget	1	211598
1058.07	0.8	NonTarget	1	211614
1058.155	0.8	NonTarget	1	211631
1058.235	0.8	NonTarget	1	211647
1058.32	0.8	NonTarget	1	211664
1058.405	0.8	NonTarget	1	211681
1058.485	0.8	NonTarget	1	211697
1058.57	0.8	NonTarget	1	211714
1058.655	0.8	NonTarget	1	211731
1058.74	0.8	NonTarget	1	211748
1058.82	0.8	NonTarget	1	211764
1058.905	0.8	NonTarget	1	211781
1059.305	0.8	NonTarget	1	211861
1059.39	0.8	NonTarget	1	211878
1059.47	0.8	NonTarget	1	211894
1059.555	0.8	NonTarget	1	211911
1059.64	0.8	NonTarget	1	211928
1059.72	0.8	NonTarget	1	211944
1059.805	0.8	NonTarget	1	211961
1059.89	0.8	Target	2	211978
1059.975	0.8	NonTarget	1	211995
1060.055	0.8	NonTarget	1	212011
1060.14	0.8	NonTarget	1	212028
1060.225	0.8	NonTarget	1	212045
1060.31	0.8	NonTarget	1	212062
1060.39	0.8	NonTarget	1	212078
1060.475	0.8	NonTarget	1	212095
1060.555	0.8	NonTarget	1	212111
1060.64	0.8	NonTarget	1	212128
1060.725	0.8	NonTarget	1	212145
1060.81	0.8	NonTarget	1	212162
1060.89	0.8	NonTarget	1	212178
1060.975	0.8	NonTarget	1	212195
1061.06	0.8	NonTarget	1	212212
1061.14	0.8	NonTarget	1	212228
1061.225	0.8	NonTarget	1	212245
1061.305	0.8	NonTarget	1	212261
1061.39	0.8	NonTarget	1	212278
1061.475	0.8	NonTarget	1	212295
1061.56	0.8	NonTarget	1	212312
1061.645	0.8	NonTarget	1	212329
1061.725	0.8	NonTarget	1	212345
1062.125	0.8	NonTarget	1	212425
1062.21	0.8	NonTarget	1	212442
1062.295	0.8	NonTarget	1	212459
1062.375	0.8	NonTarget	1	212475
1062.46	0.8	NonTarget	1	212492
1062.54	0.8	NonTarget	1	212508
1062.625	0.8	NonTarget	1	212525
1062.71	0.8	NonTarget	1	212542
1062.795	0.8	NonTarget	1	212559
1062.875	0.8	NonTarget	1	212575
1062.96	0.8	NonTarget	1	212592
1063.045	0.8	NonTarget	1	212609
1063.125	0.8	Target	2	212625
1063.21	0.8	NonTarget	1	212642
1063.295	0.8	NonTarget	1	212659
1063.38	0.8	NonTarget	1	212676
1063.46	0.8	NonTarget	1	212692
1063.545	0.8	NonTarget	1	212709
1063.63	0.8	NonTarget	1	212726
1063.715	0.8	NonTarget	1	212743
1063.795	0.8	NonTarget	1	212759
1063.88	0.8	NonTarget	1	212776
1063.96	0.8	NonTarget	1	212792
1064.045	0.8	NonTarget	1	212809
1064.13	0.8	NonTarget	1	212826
1064.21	0.8	NonTarget	1	212842
1064.295	0.8	NonTarget	1	212859
1064.38	0.8	NonTarget	1	212876
1064.465	0.8	NonTarget	1	212893
1064.545	0.8	NonTarget	1	212909
1064.945	0.8	NonTarget	1	212989
1065.03	0.8	NonTarget	1	213006
1065.115	0.8	NonTarget	1	213023
1065.195	0.8	NonTarget	1	213039
1065.28	0.8	NonTarget	1	213056
1065.365	0.8	NonTarget	1	213073
1065.445	0.8	NonTarget	1	213089
1065.53	0.8	NonTarget	1	213106
1065.615	0.8	NonTarget	1	213123
1065.7	0.8	NonTarget	1	213140
1065.78	0.8	NonTarget	1	213156
1065.865	0.8	NonTarget	1	213173
1065.95	0.8	NonTarget	1	213190
1066.03	0.8	NonTarget	1	213206
1066.115	0.8	NonTarget	1	213223
1066.2	0.8	NonTarget	1	213240
1066.28	0.8	NonTarget	1	213256
1066.365	0.8	NonTarget	1	213273
1066.45	0.8	NonTarget	1	213290
1066.53	0.8	NonTarget	1	213306
1066.615	0.8	NonTarget	1	213323
1066.7	0.8	NonTarget	1	213340
1066.785	0.8	Target	2	213357
1066.865	0.8	NonTarget	1	213373
1066.95	0.8	NonTarget	1	213390
1067.035	0.8	NonTarget	1	213407
1067.115	0.8	NonTarget	1	213423
1067.2	0.8	NonTarget	1	213440
1067.285	0.8	NonTarget	1	213457
1067.365	0.8	NonTarget	1	213473
1067.765	0.8	NonTarget	1	213553
1067.85	0.8	NonTarget	1	213570
1067.935	0.8	NonTarget	1	213587
1068.02	0.8	NonTarget	1	213604
1068.1	0.8	NonTarget	1	213620
1068.185	0.8	NonTarget	1	213637
1068.27	0.8	NonTarget	1	213654
1068.35	0.8	NonTarget	1	213670
1068.435	0.8	NonTarget	1	213687
1068.52	0.8	NonTarget	1	213704
1068.6	0.8	NonTarget	1	213720
1068.685	0.8	NonTarget	1	213737
1068.77	0.8	NonTarget	1	213754
1068.855	0.8	NonTarget	1	213771
1068.935	0.8	NonTarget	1	213787
1069.02	0.8	NonTarget	1	213804
1069.105	0.8	NonTarget	1	213821
1069.185	0.8	NonTarget	1	213837
1069.27	0.8	NonTarget	1	213854
1069.35	0.8	NonTarget	1	213870
1069.435	0.8	NonTarget	1	213887
1069.52	0.8	NonTarget	1	213904
1069.605	0.8	Target	2	213921
1069.685	0.8	NonTarget	1	213937
1069.77	0.8	NonTarget	1	213954
1069.855	0.8	NonTarget	1	213971
1069.935	0.8	NonTarget	1	213987
1070.02	0.8	NonTarget	1	214004
1070.105	0.8	NonTarget	1	214021
1070.19	0.8	NonTarget	1	214038
1080.125	0.8	NonTarget	1	216025
1080.2	0.8	NonTarget	1	216040
1080.285	0.8	NonTarget	1	216057
1080.37	0.8	NonTarget	1	216074
1080.45	0.8	NonTarget	1	216090
1080.535	0.8	NonTarget	1	216107
1080.62	0.8	NonTarget	1	216124
1080.7	0.8	NonTarget	1	216140
1080.785	0.8	NonTarget	1	216157
1080.87	0.8	NonTarget	1	216174
1080.955	0.8	NonTarget	1	216191
1081.035	0.8	NonTarget	1	216207
1081.12	0.8	NonTarget	1	216224
1081.205	0.8	NonTarget	1	216241
1081.285	0.8	NonTarget	1	216257
1081.37	0.8	NonTarget	1	216274
1081.455	0.8	NonTarget	1	216291
1081.535	0.8	NonTarget	1	216307
1081.62	0.8	NonTarget	1	216324
1081.705	0.8	NonTarget	1	216341
1081.79	0.8	NonTarget	1	216358
1081.87	0.8	NonTarget	1	216374
1081.955	0.8	NonTarget	1	216391
1082.04	0.8	NonTarget	1	216408
1082.12	0.8	NonTarget	1	216424
1082.205	0.8	NonTarget	1	216441
1082.29	0.8	NonTarget	1	216458
1082.375	0.8	Target	2	216475
1082.455	0.8	NonTarget	1	216491
1082.54	0.8	NonTarget	1	216508
1082.94	0.8	NonTarget	1	216588
1083.025	0.8	NonTarget	1	216605
1083.105	0.8	NonTarget	1	216621
1083.19	0.8	NonTarget	1	216638
1083.27	0.8	NonTarget	1	216654
1083.355	0.8	NonTarget	1	216671
1083.44	0.8	NonTarget	1	216688
1083.52	0.8	NonTarget	1	216704
1083.605	0.8	NonTarget	1	216721
1083.69	0.8	NonTarget	1	216738
1083.775	0.8	NonTarget	1	216755
1083.855	0.8	NonTarget	1	216771
1083.94	0.8	NonTarget	1	216788
1084.025	0.8	NonTarget	1	216805
1084.105	0.8	NonTarget	1	216821
1084.195	0.8	NonTarget	1	216839
1084.275	0.8	NonTarget	1	216855
1084.36	0.8	Target	2	216872
1084.44	0.8	NonTarget	1	216888
1084.525	0.8	NonTarget	1	216905
1084.605	0.8	NonTarget	1	216921
1084.69	0.8	NonTarget	1	216938
1084.775	0.8	NonTarget	1	216955
1084.86	0.8	NonTarget	1	216972
1084.94	0.8	NonTarget	1	216988
1085.025	0.8	NonTarget	1	217005
1085.11	0.8	NonTarget	1	217022
1085.19	0.8	NonTarget	1	217038
1085.275	0.8	NonTarget	1	217055
1085.36	0.8	NonTarget	1	217072
1085.76	0.8	NonTarget	1	217152
1085.84	0.8	NonTarget	1	217168
1085.925	0.8	NonTarget	1	217185
1086.01	0.8	NonTarget	1	217202
1086.095	0.8	NonTarget	1	217219
1086.175	0.8	NonTarget	1	217235
1086.26	0.8	NonTarget	1	217252
1086.345	0.8	NonTarget	1	217269
1086.43	0.8	NonTarget	1	217286
1086.51	0.8	NonTarget	1	217302
1086.595	0.8	NonTarget	1	217319
1086.675	0.8	NonTarget	1	217335
1086.76	0.8	NonTarget	1	217352
1086.845	0.8	NonTarget	1	217369
1086.925	0.8	NonTarget	1	217385
1087.01	0.8	NonTarget	1	217402
1087.095	0.8	NonTarget	1	217419
1087.18	0.8	NonTarget	1	217436
1087.26	0.8	NonTarget	1	217452
1087.345	0.8	NonTarget	1	217469
1087.43	0.8	NonTarget	1	217486
1087.51	0.8	NonTarget	1	217502
1087.595	0.8	NonTarget	1	217519
1087.68	0.8	NonTarget	1	217536
1087.765	0.8	NonTarget	1	217553
1087.845	0.8	NonTarget	1	217569
1087.93	0.8	NonTarget	1	217586
1088.015	0.8	Target	2	217603
1088.095	0.8	NonTarget	1	217619
1088.18	0.8	NonTarget	1	217636
1088.58	0.8	NonTarget	1	217716
1088.665	0.8	NonTarget	1	217733
1088.75	0.8	NonTarget	1	217750
1088.83	0.8	NonTarget	1	217766
1088.915	0.8	NonTarget	1	217783
1089.0	0.8	NonTarget	1	217800
1089.08	0.8	NonTarget	1	217816
1089.165	0.8	NonTarget	1	217833
1089.25	0.8	NonTarget	1	217850
1089.33	0.8	NonTarget	1	217866
1089.415	0.8	NonTarget	1	217883
1089.495	0.8	NonTarget	1	217899
1089.58	0.8	NonTarget	1	217916
1089.665	0.8	NonTarget	1	217933
1089.75	0.8	NonTarget	1	217950
1089.835	0.8	NonTarget	1	217967
1089.915	0.8	NonTarget	1	217983
1090.0	0.8	NonTarget	1	218000
1090.085	0.8	NonTarget	1	218017
1090.165	0.8	NonTarget	1	218033
1090.25	0.8	NonTarget	1	218050
1090.33	0.8	NonTarget	1	218066
1090.415	0.8	NonTarget	1	218083
1090.5	0.8	NonTarget	1	218100
1090.585	0.8	NonTarget	1	218117
1090.665	0.8	NonTarget	1	218133
1090.75	0.8	NonTarget	1	218150
1090.835	0.8	Target	2	218167
1090.915	0.8	NonTarget	1	218183
1091.0	0.8	NonTarget	1	218200
1091.4	0.8	NonTarget	1	218280
1091.485	0.8	NonTarget	1	218297
1091.565	0.8	NonTarget	1	218313
1091.655	0.8	NonTarget	1	218331
1091.735	0.8	NonTarget	1	218347
1091.815	0.8	NonTarget	1	218363
1091.9	0.8	NonTarget	1	218380
1091.985	0.8	NonTarget	1	218397
1092.07	0.8	NonTarget	1	218414
1092.15	0.8	NonTarget	1	218430
1092.235	0.8	NonTarget	1	218447
1092.32	0.8	NonTarget	1	218464
1092.4	0.8	NonTarget	1	218480
1092.485	0.8	NonTarget	1	218497
1092.57	0.8	NonTarget	1	218514
1092.65	0.8	NonTarget	1	218530
1092.735	0.8	NonTarget	1	218547
1092.82	0.8	NonTarget	1	218564
1092.905	0.8	NonTarget	1	218581
1092.985	0.8	NonTarget	1	218597
1093.07	0.8	NonTarget	1	218614
1093.155	0.8	NonTarget	1	218631
1093.235	0.8	NonTarget	1	218647
1093.32	0.8	NonTarget	1	218664
1093.405	0.8	NonTarget	1	218681
1093.49	0.8	NonTarget	1	218698
1093.57	0.8	NonTarget	1	218714
1093.655	0.8	Target	2	218731
1093.74	0.8	NonTarget	1	218748
1093.82	0.8	NonTarget	1	218764
1094.225	0.8	NonTarget	1	218845
1094.305	0.8	NonTarget	1	218861
1094.39	0.8	Target	2	218878
1094.47	0.8	NonTarget	1	218894
1094.555	0.8	NonTarget	1	218911
1094.64	0.8	NonTarget	1	218928
1094.725	0.8	NonTarget	1	218945
1094.805	0.8	NonTarget	1	218961
1094.89	0.8	NonTarget	1	218978
1094.97	0.8	NonTarget	1	218994
1095.055	0.8	NonTarget	1	219011
1095.14	0.8	NonTarget	1	219028
1095.225	0.8	NonTarget	1	219045
1095.305	0.8	NonTarget	1	219061
1095.39	0.8	NonTarget	1	219078
1095.475	0.8	NonTarget	1	219095
1095.555	0.8	NonTarget	1	219111
1095.64	0.8	NonTarget	1	219128
1095.725	0.8	NonTarget	1	219145
1095.805	0.8	NonTarget	1	219161
1095.89	0.8	NonTarget	1	219178
1095.975	0.8	NonTarget	1	219195
1096.06	0.8	NonTarget	1	219212
1096.14	0.8	NonTarget	1	219228
1096.225	0.8	NonTarget	1	219245
1096.305	0.8	NonTarget	1	219261
1096.395	0.8	NonTarget	1	219279
1096.475	0.8	NonTarget	1	219295
1096.56	0.8	NonTarget	1	219312
1096.64	0.8	NonTarget	1	219328
1097.045	0.8	NonTarget	1	219409
1097.125	0.8	NonTarget	1	219425
1097.21	0.8	Target	2	219442
1097.295	0.8	NonTarget	1	219459
1097.375	0.8	NonTarget	1	219475
1097.46	0.8	NonTarget	1	219492
1097.545	0.8	NonTarget	1	219509
1097.625	0.8	NonTarget	1	219525
1097.71	0.8	NonTarget	1	219542
1097.795	0.8	NonTarget	1	219559
1097.875	0.8	NonTarget	1	219575
1097.96	0.8	NonTarget	1	219592
1098.045	0.8	NonTarget	1	219609
1098.13	0.8	NonTarget	1	219626
1098.21	0.8	NonTarget	1	219642
1098.295	0.8	NonTarget	1	219659
1098.375	0.8	NonTarget	1	219675
1098.46	0.8	NonTarget	1	219692
1098.545	0.8	NonTarget	1	219709
1098.63	0.8	NonTarget	1	219726
1098.71	0.8	NonTarget	1	219742
1098.795	0.8	NonTarget	1	219759
1098.88	0.8	NonTarget	1	219776
1098.96	0.8	NonTarget	1	219792
1099.045	0.8	NonTarget	1	219809
1099.13	0.8	NonTarget	1	219826
1099.215	0.8	NonTarget	1	219843
1099.295	0.8	NonTarget	1	219859
1099.38	0.8	NonTarget	1	219876
1099.465	0.8	NonTarget	1	219893
1099.865	0.8	NonTarget	1	219973
1099.945	0.8	NonTarget	1	219989
1100.03	0.8	Target	2	220006
1100.115	0.8	NonTarget	1	220023
1100.195	0.8	NonTarget	1	220039
1100.28	0.8	NonTarget	1	220056
1100.365	0.8	NonTarget	1	220073
1100.445	0.8	NonTarget	1	220089
1100.53	0.8	NonTarget	1	220106
1100.615	0.8	NonTarget	1	220123
1100.695	0.8	NonTarget	1	220139
1100.78	0.8	NonTarget	1	220156
1100.865	0.8	NonTarget	1	220173
1100.95	0.8	NonTarget	1	220190
1101.03	0.8	NonTarget	1	220206
1101.115	0.8	NonTarget	1	220223
1101.2	0.8	NonTarget	1	220240
1101.28	0.8	NonTarget	1	220256
1101.365	0.8	NonTarget	1	220273
1101.45	0.8	NonTarget	1	220290
1101.535	0.8	NonTarget	1	220307
1101.615	0.8	NonTarget	1	220323
1101.7	0.8	NonTarget	1	220340
1101.785	0.8	NonTarget	1	220357
1101.865	0.8	NonTarget	1	220373
1101.95	0.8	NonTarget	1	220390
1102.035	0.8	NonTarget	1	220407
1102.115	0.8	NonTarget	1	220423
1102.2	0.8	NonTarget	1	220440
1102.28	0.8	NonTarget	1	220456
1102.685	0.8	NonTarget	1	220537
1102.765	0.8	NonTarget	1	220553
1102.85	0.8	NonTarget	1	220570
1102.935	0.8	NonTarget	1	220587
1103.015	0.8	NonTarget	1	220603
1103.1	0.8	NonTarget	1	220620
1103.185	0.8	NonTarget	1	220637
1103.265	0.8	NonTarget	1	220653
1103.35	0.8	NonTarget	1	220670
1103.435	0.8	NonTarget	1	220687
1103.52	0.8	NonTarget	1	220704
1103.6	0.8	NonTarget	1	220720
1103.685	0.8	NonTarget	1	220737
1103.77	0.8	NonTarget	1	220754
1103.85	0.8	NonTarget	1	220770
1103.935	0.8	NonTarget	1	220787
1104.02	0.8	NonTarget	1	220804
1104.105	0.8	Target	2	220821
1104.185	0.8	NonTarget	1	220837
1104.27	0.8	NonTarget	1	220854
1104.355	0.8	NonTarget	1	220871
1104.435	0.8	NonTarget	1	220887
1104.52	0.8	NonTarget	1	220904
1104.605	0.8	NonTarget	1	220921
1104.685	0.8	NonTarget	1	220937
1104.77	0.8	NonTarget	1	220954
1104.855	0.8	NonTarget	1	220971
1104.935	0.8	NonTarget	1	220987
1105.02	0.8	NonTarget	1	221004
1105.105	0.8	NonTarget	1	221021
1105.505	0.8	NonTarget	1	221101
1105.59	0.8	NonTarget	1	221118
1105.67	0.8	NonTarget	1	221134
1105.755	0.8	NonTarget	1	221151
1105.84	0.8	NonTarget	1	221168
1105.92	0.8	NonTarget	1	221184
1106.005	0.8	NonTarget	1	221201
1106.09	0.8	Target	2	221218
1106.17	0.8	NonTarget	1	221234
1106.255	0.8	NonTarget	1	221251
1106.34	0.8	NonTarget	1	221268
1106.42	0.8	NonTarget	1	221284
1106.505	0.8	NonTarget	1	221301
1106.59	0.8	NonTarget	1	221318
1106.675	0.8	NonTarget	1	221335
1106.755	0.8	NonTarget	1	221351
1106.84	0.8	NonTarget	1	221368
1106.92	0.8	NonTarget	1	221384
1107.005	0.8	NonTarget	1	221401
1107.09	0.8	NonTarget	1	221418
1107.175	0.8	NonTarget	1	221435
1107.255	0.8	NonTarget	1	221451
1107.34	0.8	NonTarget	1	221468
1107.425	0.8	NonTarget	1	221485
1107.505	0.8	NonTarget	1	221501
1107.59	0.8	NonTarget	1	221518
1107.675	0.8	NonTarget	1	221535
1107.755	0.8	NonTarget	1	221551
1107.84	0.8	NonTarget	1	221568
1107.925	0.8	NonTarget	1	221585
1117.825	0.8	NonTarget	1	223565
1117.905	0.8	NonTarget	1	223581
1117.99	0.8	NonTarget	1	223598
1118.075	0.8	NonTarget	1	223615
1118.155	0.8	NonTarget	1	223631
1118.24	0.8	NonTarget	1	223648
1118.32	0.8	NonTarget	1	223664
1118.405	0.8	NonTarget	1	223681
1118.49	0.8	NonTarget	1	223698
1118.575	0.8	Target	2	223715
1118.655	0.8	NonTarget	1	223731
1118.74	0.8	NonTarget	1	223748
1118.825	0.8	NonTarget	1	223765
1118.905	0.8	NonTarget	1	223781
1118.99	0.8	NonTarget	1	223798
1119.075	0.8	NonTarget	1	223815
1119.155	0.8	NonTarget	1	223831
1119.24	0.8	NonTarget	1	223848
1119.325	0.8	NonTarget	1	223865
1119.405	0.8	NonTarget	1	223881
1119.49	0.8	NonTarget	1	223898
1119.575	0.8	NonTarget	1	223915
1119.66	0.8	NonTarget	1	223932
1119.74	0.8	NonTarget	1	223948
1119.825	0.8	NonTarget	1	223965
1119.91	0.8	NonTarget	1	223982
1119.99	0.8	NonTarget	1	223998
1120.075	0.8	NonTarget	1	224015
1120.16	0.8	NonTarget	1	224032
1120.24	0.8	NonTarget	1	224048
1120.64	0.8	NonTarget	1	224128
1120.725	0.8	NonTarget	1	224145
1120.81	0.8	NonTarget	1	224162
1120.895	0.8	NonTarget	1	224179
1120.975	0.8	NonTarget	1	224195
1121.06	0.8	NonTarget	1	224212
1121.145	0.8	NonTarget	1	224229
1121.225	0.8	NonTarget	1	224245
1121.31	0.8	NonTarget	1	224262
1121.395	0.8	NonTarget	1	224279
1121.475	0.8	NonTarget	1	224295
1121.56	0.8	NonTarget	1	224312
1121.645	0.8	NonTarget	1	224329
1121.725	0.8	NonTarget	1	224345
1121.81	0.8	Target	2	224362
1121.895	0.8	NonTarget	1	224379
1121.98	0.8	NonTarget	1	224396
1122.06	0.8	NonTarget	1	224412
1122.145	0.8	NonTarget	1	224429
1122.23	0.8	NonTarget	1	224446
1122.315	0.8	NonTarget	1	224463
1122.395	0.8	NonTarget	1	224479
1122.48	0.8	NonTarget	1	224496
1122.56	0.8	NonTarget	1	224512
1122.645	0.8	NonTarget	1	224529
1122.725	0.8	NonTarget	1	224545
1122.81	0.8	NonTarget	1	224562
1122.895	0.8	NonTarget	1	224579
1122.98	0.8	NonTarget	1	224596
1123.06	0.8	NonTarget	1	224612
1123.465	0.8	NonTarget	1	224693
1123.545	0.8	NonTarget	1	224709
1123.63	0.8	NonTarget	1	224726
1123.715	0.8	NonTarget	1	224743
1123.795	0.8	Target	2	224759
1123.88	0.8	NonTarget	1	224776
1123.965	0.8	NonTarget	1	224793
1124.045	0.8	NonTarget	1	224809
1124.13	0.8	NonTarget	1	224826
1124.215	0.8	NonTarget	1	224843
1124.3	0.8	NonTarget	1	224860
1124.38	0.8	NonTarget	1	224876
1124.465	0.8	NonTarget	1	224893
1124.55	0.8	NonTarget	1	224910
1124.63	0.8	NonTarget	1	224926
1124.715	0.8	NonTarget	1	224943
1124.8	0.8	NonTarget	1	224960
1124.88	0.8	NonTarget	1	224976
1124.965	0.8	NonTarget	1	224993
1125.05	0.8	NonTarget	1	225010
1125.13	0.8	NonTarget	1	225026
1125.215	0.8	NonTarget	1	225043
1125.3	0.8	NonTarget	1	225060
1125.385	0.8	NonTarget	1	225077
1125.465	0.8	NonTarget	1	225093
1125.55	0.8	NonTarget	1	225110
1125.635	0.8	NonTarget	1	225127
1125.715	0.8	NonTarget	1	225143
1125.8	0.8	NonTarget	1	225160
1125.885	0.8	NonTarget	1	225177
1126.285	0.8	NonTarget	1	225257
1126.365	0.8	NonTarget	1	225273
1126.45	0.8	NonTarget	1	225290
1126.535	0.8	NonTarget	1	225307
1126.615	0.8	NonTarget	1	225323
1126.7	0.8	NonTarget	1	225340
1126.785	0.8	NonTarget	1	225357
1126.87	0.8	NonTarget	1	225374
1126.95	0.8	NonTarget	1	225390
1127.035	0.8	NonTarget	1	225407
1127.12	0.8	NonTarget	1	225424
1127.2	0.8	NonTarget	1	225440
1127.285	0.8	NonTarget	1	225457
1127.37	0.8	NonTarget	1	225474
1127.45	0.8	NonTarget	1	225490
1127.535	0.8	NonTarget	1	225507
1127.62	0.8	NonTarget	1	225524
1127.7	0.8	NonTarget	1	225540
1127.785	0.8	NonTarget	1	225557
1127.87	0.8	Target	2	225574
1127.95	0.8	NonTarget	1	225590
1128.035	0.8	NonTarget	1	225607
1128.12	0.8	NonTarget	1	225624
1128.2	0.8	NonTarget	1	225640
1128.285	0.8	NonTarget	1	225657
1128.37	0.8	NonTarget	1	225674
1128.455	0.8	NonTarget	1	225691
1128.535	0.8	NonTarget	1	225707
1128.62	0.8	NonTarget	1	225724
1128.705	0.8	NonTarget	1	225741
1129.105	0.8	NonTarget	1	225821
1129.19	0.8	NonTarget	1	225838
1129.27	0.8	NonTarget	1	225854
1129.355	0.8	NonTarget	1	225871
1129.44	0.8	NonTarget	1	225888
1129.52	0.8	NonTarget	1	225904
1129.605	0.8	NonTarget	1	225921
1129.69	0.8	NonTarget	1	225938
1129.77	0.8	NonTarget	1	225954
1129.855	0.8	NonTarget	1	225971
1129.94	0.8	NonTarget	1	225988
1130.025	0.8	NonTarget	1	226005
1130.105	0.8	NonTarget	1	226021
1130.19	0.8	NonTarget	1	226038
1130.27	0.8	NonTarget	1	226054
1130.355	0.8	NonTarget	1	226071
1130.44	0.8	NonTarget	1	226088
1130.525	0.8	NonTarget	1	226105
1130.605	0.8	NonTarget	1	226121
1130.69	0.8	NonTarget	1	226138
1130.775	0.8	NonTarget	1	226155
1130.855	0.8	NonTarget	1	226171
1130.94	0.8	NonTarget	1	226188
1131.025	0.8	NonTarget	1	226205
1131.11	0.8	NonTarget	1	226222
1131.19	0.8	NonTarget	1	226238
1131.275	0.8	NonTarget	1	226255
1131.355	0.8	NonTarget	1	226271
1131.44	0.8	NonTarget	1	226288
1131.525	0.8	Target	2	226305
1131.925	0.8	NonTarget	1	226385
1132.01	0.8	NonTarget	1	226402
1132.09	0.8	NonTarget	1	226418
1132.175	0.8	NonTarget	1	226435
1132.26	0.8	NonTarget	1	226452
1132.34	0.8	NonTarget	1	226468
1132.425	0.8	NonTarget	1	226485
1132.51	0.8	NonTarget	1	226502
1132.595	0.8	NonTarget	1	226519
1132.675	0.8	NonTarget	1	226535
1132.76	0.8	NonTarget	1	226552
1132.845	0.8	NonTarget	1	226569
1132.925	0.8	NonTarget	1	226585
1133.01	0.8	NonTarget	1	226602
1133.095	0.8	NonTarget	1	226619
1133.175	0.8	NonTarget	1	226635
1133.26	0.8	NonTarget	1	226652
1133.345	0.8	NonTarget	1	226669
1133.425	0.8	NonTarget	1	226685
1133.51	0.8	NonTarget	1	226702
1133.595	0.8	NonTarget	1	226719
1133.675	0.8	NonTarget	1	226735
1133.76	0.8	NonTarget	1	226752
1133.845	0.8	NonTarget	1	226769
1133.93	0.8	NonTarget	1	226786
1134.01	0.8	NonTarget	1	226802
1134.095	0.8	NonTarget	1	226819
1134.18	0.8	NonTarget	1	226836
1134.26	0.8	NonTarget	1	226852
1134.345	0.8	Target	2	226869
1134.745	0.8	NonTarget	1	226949
1134.83	0.8	NonTarget	1	226966
1134.915	0.8	NonTarget	1	226983
1134.995	0.8	NonTarget	1	226999
1135.08	0.8	NonTarget	1	227016
1135.16	0.8	NonTarget	1	227032
1135.245	0.8	NonTarget	1	227049
1135.33	0.8	NonTarget	1	227066
1135.415	0.8	NonTarget	1	227083
1135.495	0.8	Target	2	227099
1135.58	0.8	NonTarget	1	227116
1135.665	0.8	NonTarget	1	227133
1135.75	0.8	NonTarget	1	227150
1135.83	0.8	NonTarget	1	227166
1135.915	0.8	NonTarget	1	227183
1135.995	0.8	NonTarget	1	227199
1136.08	0.8	NonTarget	1	227216
1136.165	0.8	NonTarget	1	227233
1136.245	0.8	NonTarget	1	227249
1136.33	0.8	NonTarget	1	227266
1136.415	0.8	NonTarget	1	227283
1136.5	0.8	NonTarget	1	227300
1136.58	0.8	NonTarget	1	227316
1136.665	0.8	NonTarget	1	227333
1136.75	0.8	NonTarget	1	227350
1136.835	0.8	NonTarget	1	227367
1136.915	0.8	NonTarget	1	227383
1137.0	0.8	NonTarget	1	227400
1137.085	0.8	NonTarget	1	227417
1137.165	0.8	NonTarget	1	227433
1137.57	0.8	NonTarget	1	227514
1137.65	0.8	NonTarget	1	227530
1137.735	0.8	NonTarget	1	227547
1137.815	0.8	NonTarget	1	227563
1137.9	0.8	NonTarget	1	227580
1137.985	0.8	NonTarget	1	227597
1138.07	0.8	NonTarget	1	227614
1138.15	0.8	NonTarget	1	227630
1138.235	0.8	NonTarget	1	227647
1138.315	0.8	NonTarget	1	227663
1138.4	0.8	NonTarget	1	227680
1138.485	0.8	NonTarget	1	227697
1138.565	0.8	NonTarget	1	227713
1138.65	0.8	NonTarget	1	227730
1138.735	0.8	NonTarget	1	227747
1138.815	0.8	NonTarget	1	227763
1138.9	0.8	NonTarget	1	227780
1138.985	0.8	NonTarget	1	227797
1139.07	0.8	NonTarget	1	227814
1139.155	0.8	NonTarget	1	227831
1139.235	0.8	NonTarget	1	227847
1139.32	0.8	NonTarget	1	227864
1139.4	0.8	NonTarget	1	227880
1139.485	0.8	NonTarget	1	227897
1139.57	0.8	NonTarget	1	227914
1139.655	0.8	NonTarget	1	227931
1139.735	0.8	NonTarget	1	227947
1139.82	0.8	NonTarget	1	227964
1139.905	0.8	NonTarget	1	227981
1139.985	0.8	Target	2	227997
1140.385	0.8	NonTarget	1	228077
1140.47	0.8	NonTarget	1	228094
1140.555	0.8	NonTarget	1	228111
1140.635	0.8	NonTarget	1	228127
1140.72	0.8	NonTarget	1	228144
1140.805	0.8	NonTarget	1	228161
1140.89	0.8	NonTarget	1	228178
1140.97	0.8	NonTarget	1	228194
1141.055	0.8	NonTarget	1	228211
1141.135	0.8	NonTarget	1	228227
1141.22	0.8	NonTarget	1	228244
1141.305	0.8	NonTarget	1	228261
1141.39	0.8	NonTarget	1	228278
1141.475	0.8	NonTarget	1	228295
1141.555	0.8	Target	2	228311
1141.64	0.8	NonTarget	1	228328
1141.72	0.8	NonTarget	1	228344
1141.805	0.8	NonTarget	1	228361
1141.89	0.8	NonTarget	1	228378
1141.97	0.8	NonTarget	1	228394
1142.055	0.8	NonTarget	1	228411
1142.14	0.8	NonTarget	1	228428
1142.22	0.8	NonTarget	1	228444
1142.31	0.8	NonTarget	1	228462
1142.39	0.8	NonTarget	1	228478
1142.475	0.8	NonTarget	1	228495
1142.555	0.8	NonTarget	1	228511
1142.64	0.8	NonTarget	1	228528
1142.725	0.8	NonTarget	1	228545
1142.805	0.8	NonTarget	1	228561
1143.21	0.8	NonTarget	1	228642
1143.29	0.8	NonTarget	1	228658
1143.375	0.8	NonTarget	1	228675
1143.46	0.8	NonTarget	1	228692
1143.54	0.8	NonTarget	1	228708
1143.625	0.8	NonTarget	1	228725
1143.71	0.8	NonTarget	1	228742
1143.79	0.8	NonTarget	1	228758
1143.875	0.8	NonTarget	1	228775
1143.96	0.8	NonTarget	1	228792
1144.04	0.8	NonTarget	1	228808
1144.125	0.8	NonTarget	1	228825
1144.21	0.8	NonTarget	1	228842
1144.295	0.8	NonTarget	1	228859
1144.375	0.8	NonTarget	1	228875
1144.46	0.8	NonTarget	1	228892
1144.545	0.8	NonTarget	1	228909
1144.625	0.8	NonTarget	1	228925
1144.71	0.8	NonTarget	1	228942
1144.795	0.8	NonTarget	1	228959
1144.875	0.8	NonTarget	1	228975
1144.96	0.8	NonTarget	1	228992
1145.045	0.8	NonTarget	1	229009
1145.13	0.8	NonTarget	1	229026
1145.21	0.8	NonTarget	1	229042
1145.295	0.8	NonTarget	1	229059
1145.38	0.8	NonTarget	1	229076
1145.46	0.8	NonTarget	1	229092
1145.545	0.8	NonTarget	1	229109
1145.63	0.8	Target	2	229126
1155.545	0.8	NonTarget	1	231109
1155.625	0.8	NonTarget	1	231125
1155.71	0.8	NonTarget	1	231142
1155.795	0.8	NonTarget	1	231159
1155.875	0.8	NonTarget	1	231175
1155.96	0.8	Target	2	231192
1156.04	0.8	NonTarget	1	231208
1156.125	0.8	NonTarget	1	231225
1156.21	0.8	NonTarget	1	231242
1156.295	0.8	NonTarget	1	231259
1156.375	0.8	NonTarget	1	231275
1156.46	0.8	NonTarget	1	231292
1156.545	0.8	NonTarget	1	231309
1156.625	0.8	NonTarget	1	231325
1156.715	0.8	NonTarget	1	231343
1156.795	0.8	NonTarget	1	231359
1156.875	0.8	NonTarget	1	231375
1156.96	0.8	NonTarget	1	231392
1157.045	0.8	NonTarget	1	231409
1157.13	0.8	NonTarget	1	231426
1157.21	0.8	NonTarget	1	231442
1157.295	0.8	NonTarget	1	231459
1157.375	0.8	NonTarget	1	231475
1157.46	0.8	NonTarget	1	231492
1157.545	0.8	NonTarget	1	231509
1157.63	0.8	NonTarget	1	231526
1157.71	0.8	NonTarget	1	231542
1157.795	0.8	NonTarget	1	231559
1157.88	0.8	NonTarget	1	231576
1157.96	0.8	NonTarget	1	231592
1158.36	0.8	NonTarget	1	231672
1158.445	0.8	NonTarget	1	231689
1158.53	0.8	NonTarget	1	231706
1158.61	0.8	NonTarget	1	231722
1158.695	0.8	NonTarget	1	231739
1158.78	0.8	Target	2	231756
1158.865	0.8	NonTarget	1	231773
1158.945	0.8	NonTarget	1	231789
1159.03	0.8	NonTarget	1	231806
1159.115	0.8	NonTarget	1	231823
1159.195	0.8	NonTarget	1	231839
1159.28	0.8	NonTarget	1	231856
1159.365	0.8	NonTarget	1	231873
1159.45	0.8	NonTarget	1	231890
1159.53	0.8	NonTarget	1	231906
1159.615	0.8	NonTarget	1	231923
1159.695	0.8	NonTarget	1	231939
1159.78	0.8	NonTarget	1	231956
1159.865	0.8	NonTarget	1	231973
1159.95	0.8	NonTarget	1	231990
1160.03	0.8	NonTarget	1	232006
1160.115	0.8	NonTarget	1	232023
1160.2	0.8	NonTarget	1	232040
1160.28	0.8	NonTarget	1	232056
1160.365	0.8	NonTarget	1	232073
1160.45	0.8	NonTarget	1	232090
1160.53	0.8	NonTarget	1	232106
1160.615	0.8	NonTarget	1	232123
1160.7	0.8	NonTarget	1	232140
1160.785	0.8	NonTarget	1	232157
1161.185	0.8	NonTarget	1	232237
1161.265	0.8	NonTarget	1	232253
1161.35	0.8	NonTarget	1	232270
1161.435	0.8	NonTarget	1	232287
1161.515	0.8	NonTarget	1	232303
1161.6	0.8	NonTarget	1	232320
1161.685	0.8	NonTarget	1	232337
1161.765	0.8	NonTarget	1	232353
1161.85	0.8	NonTarget	1	232370
1161.935	0.8	NonTarget	1	232387
1162.02	0.8	NonTarget	1	232404
1162.1	0.8	NonTarget	1	232420
1162.185	0.8	NonTarget	1	232437
1162.27	0.8	NonTarget	1	232454
1162.35	0.8	NonTarget	1	232470
1162.435	0.8	NonTarget	1	232487
1162.52	0.8	NonTarget	1	232504
1162.6	0.8	NonTarget	1	232520
1162.685	0.8	NonTarget	1	232537
1162.77	0.8	NonTarget	1	232554
1162.85	0.8	NonTarget	1	232570
1162.935	0.8	NonTarget	1	232587
1163.02	0.8	NonTarget	1	232604
1163.105	0.8	NonTarget	1	232621
1163.185	0.8	NonTarget	1	232637
1163.27	0.8	Target	2	232654
1163.355	0.8	NonTarget	1	232671
1163.435	0.8	NonTarget	1	232687
1163.52	0.8	NonTarget	1	232704
1163.605	0.8	NonTarget	1	232721
1164.005	0.8	NonTarget	1	232801
1164.085	0.8	NonTarget	1	232817
1164.17	0.8	NonTarget	1	232834
1164.255	0.8	NonTarget	1	232851
1164.335	0.8	NonTarget	1	232867
1164.42	0.8	NonTarget	1	232884
1164.505	0.8	NonTarget	1	232901
1164.59	0.8	NonTarget	1	232918
1164.67	0.8	NonTarget	1	232934
1164.755	0.8	NonTarget	1	232951
1164.84	0.8	Target	2	232968
1164.92	0.8	NonTarget	1	232984
1165.005	0.8	NonTarget	1	233001
1165.09	0.8	NonTarget	1	233018
1165.17	0.8	NonTarget	1	233034
1165.255	0.8	NonTarget	1	233051
1165.34	0.8	NonTarget	1	233068
1165.42	0.8	NonTarget	1	233084
1165.505	0.8	NonTarget	1	233101
1165.59	0.8	NonTarget	1	233118
1165.675	0.8	NonTarget	1	233135
1165.755	0.8	NonTarget	1	233151
1165.84	0.8	NonTarget	1	233168
1165.925	0.8	NonTarget	1	233185
1166.005	0.8	NonTarget	1	233201
1166.09	0.8	NonTarget	1	233218
1166.175	0.8	NonTarget	1	233235
1166.255	0.8	NonTarget	1	233251
1166.34	0.8	NonTarget	1	233268
1166.425	0.8	NonTarget	1	233285
1166.825	0.8	NonTarget	1	233365
1166.91	0.8	NonTarget	1	233382
1166.99	0.8	NonTarget	1	233398
1167.075	0.8	NonTarget	1	233415
1167.16	0.8	NonTarget	1	233432
1167.24	0.8	NonTarget	1	233448
1167.325	0.8	NonTarget	1	233465
1167.41	0.8	NonTarget	1	233482
1167.49	0.8	NonTarget	1	233498
1167.575	0.8	NonTarget	1	233515
1167.66	0.8	NonTarget	1	233532
1167.74	0.8	NonTarget	1	233548
1167.825	0.8	NonTarget	1	233565
1167.91	0.8	NonTarget	1	233582
1167.99	0.8	NonTarget	1	233598
1168.075	0.8	NonTarget	1	233615
1168.16	0.8	NonTarget	1	233632
1168.245	0.8	NonTarget	1	233649
1168.325	0.8	NonTarget	1	233665
1168.41	0.8	NonTarget	1	233682
1168.495	0.8	Target	2	233699
1168.575	0.8	NonTarget	1	233715
1168.66	0.8	NonTarget	1	233732
1168.745	0.8	NonTarget	1	233749
1168.83	0.8	NonTarget	1	233766
1168.91	0.8	NonTarget	1	233782
1168.995	0.8	NonTarget	1	233799
1169.075	0.8	NonTarget	1	233815
1169.16	0.8	NonTarget	1	233832
1169.245	0.8	NonTarget	1	233849
1169.645	0.8	Target	2	233929
1169.73	0.8	NonTarget	1	233946
1169.81	0.8	NonTarget	1	233962
1169.895	0.8	NonTarget	1	233979
1169.98	0.8	NonTarget	1	233996
1170.06	0.8	NonTarget	1	234012
1170.145	0.8	NonTarget	1	234029
1170.23	0.8	NonTarget	1	234046
1170.315	0.8	NonTarget	1	234063
1170.395	0.8	NonTarget	1	234079
1170.48	0.8	NonTarget	1	234096
1170.565	0.8	NonTarget	1	234113
1170.645	0.8	NonTarget	1	234129
1170.73	0.8	NonTarget	1	234146
1170.815	0.8	NonTarget	1	234163
1170.895	0.8	NonTarget	1	234179
1170.98	0.8	NonTarget	1	234196
1171.065	0.8	NonTarget	1	234213
1171.15	0.8	NonTarget	1	234230
1171.23	0.8	NonTarget	1	234246
1171.315	0.8	NonTarget	1	234263
1171.395	0.8	NonTarget	1	234279
1171.48	0.8	NonTarget	1	234296
1171.565	0.8	NonTarget	1	234313
1171.645	0.8	NonTarget	1	234329
1171.73	0.8	NonTarget	1	234346
1171.815	0.8	NonTarget	1	234363
1171.9	0.8	NonTarget	1	234380
1171.98	0.8	NonTarget	1	234396
1172.065	0.8	NonTarget	1	234413
1172.465	0.8	NonTarget	1	234493
1172.55	0.8	NonTarget	1	234510
1172.63	0.8	NonTarget	1	234526
1172.715	0.8	NonTarget	1	234543
1172.8	0.8	NonTarget	1	234560
1172.88	0.8	Target	2	234576
1172.965	0.8	NonTarget	1	234593
1173.05	0.8	NonTarget	1	234610
1173.135	0.8	NonTarget	1	234627
1173.215	0.8	NonTarget	1	234643
1173.3	0.8	NonTarget	1	234660
1173.385	0.8	NonTarget	1	234677
1173.47	0.8	NonTarget	1	234694
1173.55	0.8	NonTarget	1	234710
1173.635	0.8	NonTarget	1	234727
1173.715	0.8	NonTarget	1	234743
1173.8	0.8	NonTarget	1	234760
1173.885	0.8	NonTarget	1	234777
1173.965	0.8	NonTarget	1	234793
1174.05	0.8	NonTarget	1	234810
1174.135	0.8	NonTarget	1	234827
1174.22	0.8	NonTarget	1	234844
1174.3	0.8	NonTarget	1	234860
1174.385	0.8	NonTarget	1	234877
1174.47	0.8	NonTarget	1	234894
1174.555	0.8	NonTarget	1	234911
1174.635	0.8	NonTarget	1	234927
1174.72	0.8	NonTarget	1	234944
1174.8	0.8	NonTarget	1	234960
1174.885	0.8	NonTarget	1	234977
1175.285	0.8	Target	2	235057
1175.37	0.8	NonTarget	1	235074
1175.455	0.8	NonTarget	1	235091
1175.535	0.8	NonTarget	1	235107
1175.62	0.8	NonTarget	1	235124
1175.705	0.8	NonTarget	1	235141
1175.785	0.8	NonTarget	1	235157
1175.87	0.8	NonTarget	1	235174
1175.955	0.8	NonTarget	1	235191
1176.035	0.8	NonTarget	1	235207
1176.12	0.8	NonTarget	1	235224
1176.205	0.8	NonTarget	1	235241
1176.285	0.8	NonTarget	1	235257
1176.37	0.8	NonTarget	1	235274
1176.455	0.8	NonTarget	1	235291
1176.535	0.8	NonTarget	1	235307
1176.62	0.8	NonTarget	1	235324
1176.705	0.8	NonTarget	1	235341
1176.79	0.8	NonTarget	1	235358
1176.875	0.8	NonTarget	1	235375
1176.955	0.8	NonTarget	1	235391
1177.04	0.8	NonTarget	1	235408
1177.12	0.8	NonTarget	1	235424
1177.205	0.8	NonTarget	1	235441
1177.29	0.8	NonTarget	1	235458
1177.375	0.8	NonTarget	1	235475
1177.455	0.8	NonTarget	1	235491
1177.54	0.8	NonTarget	1	235508
1177.625	0.8	NonTarget	1	235525
1177.71	0.8	NonTarget	1	235542
1178.105	0.8	Target	2	235621
1178.19	0.8	NonTarget	1	235638
1178.275	0.8	NonTarget	1	235655
1178.36	0.8	NonTarget	1	235672
1178.44	0.8	NonTarget	1	235688
1178.525	0.8	NonTarget	1	235705
1178.61	0.8	NonTarget	1	235722
1178.69	0.8	NonTarget	1	235738
1178.775	0.8	NonTarget	1	235755
1178.855	0.8	NonTarget	1	235771
1178.94	0.8	NonTarget	1	235788
1179.025	0.8	NonTarget	1	235805
1179.11	0.8	NonTarget	1	235822
1179.19	0.8	NonTarget	1	235838
1179.275	0.8	NonTarget	1	235855
1179.36	0.8	NonTarget	1	235872
1179.44	0.8	NonTarget	1	235888
1179.525	0.8	NonTarget	1	235905
1179.61	0.8	NonTarget	1	235922
1179.695	0.8	NonTarget	1	235939
1179.775	0.8	NonTarget	1	235955
1179.86	0.8	NonTarget	1	235972
1179.945	0.8	NonTarget	1	235989
1180.025	0.8	NonTarget	1	236005
1180.11	0.8	NonTarget	1	236022
1180.195	0.8	NonTarget	1	236039
1180.275	0.8	NonTarget	1	236055
1180.36	0.8	NonTarget	1	236072
1180.445	0.8	NonTarget	1	236089
1180.525	0.8	NonTarget	1	236105
1180.93	0.8	Target	2	236186
1181.01	0.8	NonTarget	1	236202
1181.095	0.8	NonTarget	1	236219
1181.18	0.8	NonTarget	1	236236
1181.26	0.8	NonTarget	1	236252
1181.345	0.8	NonTarget	1	236269
1181.425	0.8	NonTarget	1	236285
1181.51	0.8	NonTarget	1	236302
1181.595	0.8	NonTarget	1	236319
1181.68	0.8	NonTarget	1	236336
1181.76	0.8	NonTarget	1	236352
1181.845	0.8	NonTarget	1	236369
1181.93	0.8	NonTarget	1	236386
1182.015	0.8	NonTarget	1	236403
1182.095	0.8	NonTarget	1	236419
1182.18	0.8	NonTarget	1	236436
1182.265	0.8	NonTarget	1	236453
1182.35	0.8	NonTarget	1	236470
1182.43	0.8	NonTarget	1	236486
1182.515	0.8	NonTarget	1	236503
1182.595	0.8	NonTarget	1	236519
1182.68	0.8	NonTarget	1	236536
1182.765	0.8	NonTarget	1	236553
1182.845	0.8	NonTarget	1	236569
1182.93	0.8	NonTarget	1	236586
1183.015	0.8	NonTarget	1	236603
1183.1	0.8	NonTarget	1	236620
1183.18	0.8	NonTarget	1	236636
1183.265	0.8	NonTarget	1	236653
1183.35	0.8	NonTarget	1	236670
1193.265	0.8	NonTarget	1	238653
1193.345	0.8	NonTarget	1	238669
1193.43	0.8	NonTarget	1	238686
1193.51	0.8	NonTarget	1	238702
1193.595	0.8	NonTarget	1	238719
1193.68	0.8	NonTarget	1	238736
1193.76	0.8	NonTarget	1	238752
1193.845	0.8	NonTarget	1	238769
1193.93	0.8	NonTarget	1	238786
1194.015	0.8	NonTarget	1	238803
1194.095	0.8	Target	2	238819
1194.18	0.8	NonTarget	1	238836
1194.265	0.8	NonTarget	1	238853
1194.35	0.8	NonTarget	1	238870
1194.43	0.8	NonTarget	1	238886
1194.515	0.8	NonTarget	1	238903
1194.595	0.8	NonTarget	1	238919
1194.68	0.8	NonTarget	1	238936
1194.765	0.8	NonTarget	1	238953
1194.85	0.8	NonTarget	1	238970
1194.93	0.8	NonTarget	1	238986
1195.015	0.8	NonTarget	1	239003
1195.095	0.8	NonTarget	1	239019
1195.18	0.8	NonTarget	1	239036
1195.265	0.8	NonTarget	1	239053
1195.35	0.8	NonTarget	1	239070
1195.43	0.8	NonTarget	1	239086
1195.515	0.8	NonTarget	1	239103
1195.6	0.8	NonTarget	1	239120
1195.68	0.8	NonTarget	1	239136
1196.085	0.8	Target	2	239217
1196.165	0.8	NonTarget	1	239233
1196.25	0.8	NonTarget	1	239250
1196.335	0.8	NonTarget	1	239267
1196.415	0.8	NonTarget	1	239283
1196.5	0.8	NonTarget	1	239300
1196.585	0.8	NonTarget	1	239317
1196.665	0.8	NonTarget	1	239333
1196.75	0.8	NonTarget	1	239350
1196.835	0.8	NonTarget	1	239367
1196.915	0.8	NonTarget	1	239383
1197.0	0.8	NonTarget	1	239400
1197.08	0.8	NonTarget	1	239416
1197.17	0.8	NonTarget	1	239434
1197.25	0.8	NonTarget	1	239450
1197.335	0.8	NonTarget	1	239467
1197.42	0.8	NonTarget	1	239484
1197.5	0.8	NonTarget	1	239500
1197.585	0.8	NonTarget	1	239517
1197.67	0.8	NonTarget	1	239534
1197.75	0.8	NonTarget	1	239550
1197.835	0.8	NonTarget	1	239567
1197.92	0.8	NonTarget	1	239584
1198.0	0.8	NonTarget	1	239600
1198.085	0.8	NonTarget	1	239617
1198.17	0.8	NonTarget	1	239634
1198.255	0.8	NonTarget	1	239651
1198.335	0.8	NonTarget	1	239667
1198.42	0.8	NonTarget	1	239684
1198.505	0.8	NonTarget	1	239701
1198.905	0.8	NonTarget	1	239781
1198.985	0.8	NonTarget	1	239797
1199.07	0.8	NonTarget	1	239814
1199.155	0.8	NonTarget	1	239831
1199.235	0.8	NonTarget	1	239847
1199.32	0.8	NonTarget	1	239864
1199.4	0.8	NonTarget	1	239880
1199.485	0.8	NonTarget	1	239897
1199.57	0.8	NonTarget	1	239914
1199.655	0.8	NonTarget	1	239931
1199.74	0.8	NonTarget	1	239948
1199.825	0.8	NonTarget	1	239965
1199.905	0.8	NonTarget	1	239981
1199.99	0.8	NonTarget	1	239998
1200.07	0.8	NonTarget	1	240014
1200.155	0.8	Target	2	240031
1200.24	0.8	NonTarget	1	240048
1200.32	0.8	NonTarget	1	240064
1200.405	0.8	NonTarget	1	240081
1200.49	0.8	NonTarget	1	240098
1200.57	0.8	NonTarget	1	240114
1200.655	0.8	NonTarget	1	240131
1200.74	0.8	NonTarget	1	240148
1200.825	0.8	NonTarget	1	240165
1200.905	0.8	NonTarget	1	240181
1200.99	0.8	NonTarget	1	240198
1201.075	0.8	NonTarget	1	240215
1201.155	0.8	NonTarget	1	240231
1201.24	0.8	NonTarget	1	240248
1201.325	0.8	NonTarget	1	240265
1201.725	0.8	Target	2	240345
1201.81	0.8	NonTarget	1	240362
1201.89	0.8	NonTarget	1	240378
1201.975	0.8	NonTarget	1	240395
1202.055	0.8	NonTarget	1	240411
1202.14	0.8	NonTarget	1	240428
1202.225	0.8	NonTarget	1	240445
1202.31	0.8	NonTarget	1	240462
1202.39	0.8	NonTarget	1	240478
1202.475	0.8	NonTarget	1	240495
1202.56	0.8	NonTarget	1	240512
1202.64	0.8	NonTarget	1	240528
1202.725	0.8	NonTarget	1	240545
1202.81	0.8	NonTarget	1	240562
1202.89	0.8	NonTarget	1	240578
1202.975	0.8	NonTarget	1	240595
1203.06	0.8	NonTarget	1	240612
1203.145	0.8	NonTarget	1	240629
1203.225	0.8	NonTarget	1	240645
1203.31	0.8	NonTarget	1	240662
1203.395	0.8	NonTarget	1	240679
1203.475	0.8	NonTarget	1	240695
1203.56	0.8	NonTarget	1	240712
1203.645	0.8	NonTarget	1	240729
1203.725	0.8	NonTarget	1	240745
1203.81	0.8	NonTarget	1	240762
1203.895	0.8	NonTarget	1	240779
1203.975	0.8	NonTarget	1	240795
1204.06	0.8	NonTarget	1	240812
1204.145	0.8	NonTarget	1	240829
1204.545	0.8	NonTarget	1	240909
1204.63	0.8	NonTarget	1	240926
1204.71	0.8	NonTarget	1	240942
1204.795	0.8	NonTarget	1	240959
1204.88	0.8	NonTarget	1	240976
1204.96	0.8	Target	2	240992
1205.045	0.8	NonTarget	1	241009
1205.13	0.8	NonTarget	1	241026
1205.215	0.8	NonTarget	1	241043
1205.295	0.8	NonTarget	1	241059
1205.38	0.8	NonTarget	1	241076
1205.465	0.8	NonTarget	1	241093
1205.545	0.8	NonTarget	1	241109
1205.63	0.8	NonTarget	1	241126
1205.715	0.8	NonTarget	1	241143
1205.795	0.8	NonTarget	1	241159
1205.88	0.8	NonTarget	1	241176
1205.965	0.8	NonTarget	1	241193
1206.045	0.8	NonTarget	1	241209
1206.13	0.8	NonTarget	1	241226
1206.215	0.8	NonTarget	1	241243
1206.295	0.8	NonTarget	1	241259
1206.38	0.8	NonTarget	1	241276
1206.465	0.8	NonTarget	1	241293
1206.55	0.8	NonTarget	1	241310
1206.63	0.8	NonTarget	1	241326
1206.715	0.8	NonTarget	1	241343
1206.795	0.8	NonTarget	1	241359
1206.88	0.8	NonTarget	1	241376
1206.965	0.8	NonTarget	1	241393
1207.365	0.8	NonTarget	1	241473
1207.45	0.8	NonTarget	1	241490
1207.535	0.8	NonTarget	1	241507
1207.615	0.8	NonTarget	1	241523
1207.7	0.8	NonTarget	1	241540
1207.785	0.8	NonTarget	1	241557
1207.865	0.8	NonTarget	1	241573
1207.95	0.8	NonTarget	1	241590
1208.035	0.8	NonTarget	1	241607
1208.115	0.8	NonTarget	1	241623
1208.2	0.8	NonTarget	1	241640
1208.285	0.8	NonTarget	1	241657
1208.365	0.8	NonTarget	1	241673
1208.45	0.8	NonTarget	1	241690
1208.535	0.8	NonTarget	1	241707
1208.615	0.8	Target	2	241723
1208.7	0.8	NonTarget	1	241740
1208.785	0.8	NonTarget	1	241757
1208.87	0.8	NonTarget	1	241774
1208.95	0.8	NonTarget	1	241790
1209.035	0.8	NonTarget	1	241807
1209.115	0.8	NonTarget	1	241823
1209.2	0.8	NonTarget	1	241840
1209.285	0.8	NonTarget	1	241857
1209.365	0.8	NonTarget	1	241873
1209.45	0.8	NonTarget	1	241890
1209.535	0.8	NonTarget	1	241907
1209.62	0.8	NonTarget	1	241924
1209.7	0.8	NonTarget	1	241940
1209.785	0.8	NonTarget	1	241957
1210.185	0.8	NonTarget	1	242037
1210.27	0.8	NonTarget	1	242054
1210.355	0.8	NonTarget	1	242071
1210.435	0.8	NonTarget	1	242087
1210.52	0.8	NonTarget	1	242104
1210.605	0.8	Target	2	242121
1210.685	0.8	NonTarget	1	242137
1210.77	0.8	NonTarget	1	242154
1210.855	0.8	NonTarget	1	242171
1210.935	0.8	NonTarget	1	242187
1211.02	0.8	NonTarget	1	242204
1211.105	0.8	NonTarget	1	242221
1211.19	0.8	NonTarget	1	242238
1211.275	0.8	NonTarget	1	242255
1211.355	0.8	NonTarget	1	242271
1211.435	0.8	NonTarget	1	242287
1211.52	0.8	NonTarget	1	242304
1211.605	0.8	NonTarget	1	242321
1211.69	0.8	NonTarget	1	242338
1211.77	0.8	NonTarget	1	242354
1211.855	0.8	NonTarget	1	242371
1211.94	0.8	NonTarget	1	242388
1212.02	0.8	NonTarget	1	242404
1212.105	0.8	NonTarget	1	242421
1212.19	0.8	NonTarget	1	242438
1212.27	0.8	NonTarget	1	242454
1212.355	0.8	NonTarget	1	242471
1212.44	0.8	NonTarget	1	242488
1212.52	0.8	NonTarget	1	242504
1212.605	0.8	NonTarget	1	242521
1213.005	0.8	NonTarget	1	242601
1213.09	0.8	NonTarget	1	242618
1213.175	0.8	NonTarget	1	242635
1213.255	0.8	NonTarget	1	242651
1213.34	0.8	NonTarget	1	242668
1213.425	0.8	Target	2	242685
1213.505	0.8	NonTarget	1	242701
1213.59	0.8	NonTarget	1	242718
1213.675	0.8	NonTarget	1	242735
1213.755	0.8	NonTarget	1	242751
1213.84	0.8	NonTarget	1	242768
1213.925	0.8	NonTarget	1	242785
1214.01	0.8	NonTarget	1	242802
1214.09	0.8	NonTarget	1	242818
1214.175	0.8	NonTarget	1	242835
1214.26	0.8	NonTarget	1	242852
1214.345	0.8	NonTarget	1	242869
1214.425	0.8	NonTarget	1	242885
1214.51	0.8	NonTarget	1	242902
1214.59	0.8	NonTarget	1	242918
1214.675	0.8	NonTarget	1	242935
1214.76	0.8	NonTarget	1	242952
1214.84	0.8	NonTarget	1	242968
1214.925	0.8	NonTarget	1	242985
1215.01	0.8	NonTarget	1	243002
1215.095	0.8	NonTarget	1	243019
1215.175	0.8	NonTarget	1	243035
1215.26	0.8	NonTarget	1	243052
1215.345	0.8	NonTarget	1	243069
1215.425	0.8	NonTarget	1	243085
1215.825	0.8	NonTarget	1	243165
1215.91	0.8	NonTarget	1	243182
1215.995	0.8	NonTarget	1	243199
1216.08	0.8	NonTarget	1	243216
1216.16	0.8	NonTarget	1	243232
1216.245	0.8	NonTarget	1	243249
1216.325	0.8	NonTarget	1	243265
1216.41	0.8	NonTarget	1	243282
1216.495	0.8	NonTarget	1	243299
1216.58	0.8	NonTarget	1	243316
1216.665	0.8	NonTarget	1	243333
1216.745	0.8	NonTarget	1	243349
1216.83	0.8	NonTarget	1	243366
1216.915	0.8	NonTarget	1	243383
1216.995	0.8	NonTarget	1	243399
1217.08	0.8	Target	2	243416
1217.165	0.8	NonTarget	1	243433
1217.245	0.8	NonTarget	1	243449
1217.33	0.8	NonTarget	1	243466
1217.41	0.8	NonTarget	1	243482
1217.495	0.8	NonTarget	1	243499
1217.58	0.8	NonTarget	1	243516
1217.665	0.8	NonTarget	1	243533
1217.745	0.8	NonTarget	1	243549
1217.83	0.8	NonTarget	1	243566
1217.915	0.8	NonTarget	1	243583
1217.995	0.8	NonTarget	1	243599
1218.08	0.8	NonTarget	1	243616
1218.165	0.8	NonTarget	1	243633
1218.25	0.8	NonTarget	1	243650
1218.645	0.8	NonTarget	1	243729
1218.73	0.8	NonTarget	1	243746
1218.815	0.8	NonTarget	1	243763
1218.9	0.8	NonTarget	1	243780
1218.98	0.8	NonTarget	1	243796
1219.065	0.8	NonTarget	1	243813
1219.15	0.8	NonTarget	1	243830
1219.23	0.8	NonTarget	1	243846
1219.315	0.8	NonTarget	1	243863
1219.4	0.8	NonTarget	1	243880
1219.48	0.8	NonTarget	1	243896
1219.565	0.8	NonTarget	1	243913
1219.65	0.8	NonTarget	1	243930
1219.735	0.8	NonTarget	1	243947
1219.82	0.8	NonTarget	1	243964
1219.9	0.8	Target	2	243980
1219.985	0.8	NonTarget	1	243997
1220.065	0.8	NonTarget	1	244013
1220.15	0.8	NonTarget	1	244030
1220.235	0.8	NonTarget	1	244047
1220.32	0.8	NonTarget	1	244064
1220.4	0.8	NonTarget	1	244080
1220.48	0.8	NonTarget	1	244096
1220.57	0.8	NonTarget	1	244114
1220.65	0.8	NonTarget	1	244130
1220.735	0.8	NonTarget	1	244147
1220.82	0.8	NonTarget	1	244164
1220.9	0.8	NonTarget	1	244180
1220.985	0.8	NonTarget	1	244197
1221.065	0.8	NonTarget	1	244213
1230.985	0.8	NonTarget	1	246197
1231.065	0.8	NonTarget	1	246213
1231.15	0.8	NonTarget	1	246230
1231.23	0.8	NonTarget	1	246246
1231.315	0.8	NonTarget	1	246263
1231.4	0.8	NonTarget	1	246280
1231.48	0.8	NonTarget	1	246296
1231.565	0.8	NonTarget	1	246313
1231.65	0.8	NonTarget	1	246330
1231.735	0.8	NonTarget	1	246347
1231.815	0.8	Target	2	246363
1231.9	0.8	NonTarget	1	246380
1231.985	0.8	NonTarget	1	246397
1232.065	0.8	NonTarget	1	246413
1232.15	0.8	NonTarget	1	246430
1232.235	0.8	NonTarget	1	246447
1232.315	0.8	NonTarget	1	246463
1232.4	0.8	NonTarget	1	246480
1232.485	0.8	NonTarget	1	246497
1232.57	0.8	NonTarget	1	246514
1232.65	0.8	NonTarget	1	246530
1232.735	0.8	NonTarget	1	246547
1232.815	0.8	NonTarget	1	246563
1232.9	0.8	NonTarget	1	246580
1232.985	0.8	NonTarget	1	246597
1233.07	0.8	NonTarget	1	246614
1233.155	0.8	NonTarget	1	246631
1233.235	0.8	NonTarget	1	246647
1233.32	0.8	NonTarget	1	246664
1233.4	0.8	NonTarget	1	246680
1233.8	0.8	NonTarget	1	246760
1233.885	0.8	NonTarget	1	246777
1233.97	0.8	NonTarget	1	246794
1234.08	0.8	NonTarget	1	246816
1234.17	0.8	NonTarget	1	246834
1234.255	0.8	Target	2	246851
1234.335	0.8	NonTarget	1	246867
1234.42	0.8	NonTarget	1	246884
1234.505	0.8	NonTarget	1	246901
1234.59	0.8	NonTarget	1	246918
1234.67	0.8	NonTarget	1	246934
1234.755	0.8	NonTarget	1	246951
1234.84	0.8	NonTarget	1	246968
1234.92	0.8	NonTarget	1	246984
1235.005	0.8	NonTarget	1	247001
1235.085	0.8	NonTarget	1	247017
1235.17	0.8	NonTarget	1	247034
1235.255	0.8	NonTarget	1	247051
1235.34	0.8	NonTarget	1	247068
1235.42	0.8	NonTarget	1	247084
1235.505	0.8	NonTarget	1	247101
1235.59	0.8	NonTarget	1	247118
1235.67	0.8	NonTarget	1	247134
1235.755	0.8	NonTarget	1	247151
1235.84	0.8	NonTarget	1	247168
1235.92	0.8	NonTarget	1	247184
1236.005	0.8	NonTarget	1	247201
1236.09	0.8	NonTarget	1	247218
1236.17	0.8	NonTarget	1	247234
1236.255	0.8	NonTarget	1	247251
1236.655	0.8	NonTarget	1	247331
1236.74	0.8	NonTarget	1	247348
1236.825	0.8	NonTarget	1	247365
1236.905	0.8	NonTarget	1	247381
1236.99	0.8	NonTarget	1	247398
1237.075	0.8	NonTarget	1	247415
1237.155	0.8	NonTarget	1	247431
1237.24	0.8	NonTarget	1	247448
1237.325	0.8	NonTarget	1	247465
1237.41	0.8	NonTarget	1	247482
1237.49	0.8	NonTarget	1	247498
1237.575	0.8	NonTarget	1	247515
1237.66	0.8	NonTarget	1	247532
1237.74	0.8	NonTarget	1	247548
1237.825	0.8	NonTarget	1	247565
1237.91	0.8	NonTarget	1	247582
1237.99	0.8	NonTarget	1	247598
1238.075	0.8	NonTarget	1	247615
1238.16	0.8	NonTarget	1	247632
1238.24	0.8	NonTarget	1	247648
1238.325	0.8	Target	2	247665
1238.41	0.8	NonTarget	1	247682
1238.495	0.8	NonTarget	1	247699
1238.575	0.8	NonTarget	1	247715
1238.66	0.8	NonTarget	1	247732
1238.745	0.8	NonTarget	1	247749
1238.825	0.8	NonTarget	1	247765
1238.91	0.8	NonTarget	1	247782
1238.995	0.8	NonTarget	1	247799
1239.075	0.8	NonTarget	1	247815
1239.475	0.8	Target	2	247895
1239.56	0.8	NonTarget	1	247912
1239.645	0.8	NonTarget	1	247929
1239.725	0.8	NonTarget	1	247945
1239.81	0.8	NonTarget	1	247962
1239.895	0.8	NonTarget	1	247979
1239.98	0.8	NonTarget	1	247996
1240.06	0.8	NonTarget	1	248012
1240.145	0.8	NonTarget	1	248029
1240.23	0.8	NonTarget	1	248046
1240.315	0.8	NonTarget	1	248063
1240.395	0.8	NonTarget	1	248079
1240.48	0.8	NonTarget	1	248096
1240.56	0.8	NonTarget	1	248112
1240.645	0.8	NonTarget	1	248129
1240.73	0.8	NonTarget	1	248146
1240.81	0.8	NonTarget	1	248162
1240.895	0.8	NonTarget	1	248179
1240.98	0.8	NonTarget	1	248196
1241.065	0.8	NonTarget	1	248213
1241.145	0.8	NonTarget	1	248229
1241.23	0.8	NonTarget	1	248246
1241.31	0.8	NonTarget	1	248262
1241.395	0.8	NonTarget	1	248279
1241.48	0.8	NonTarget	1	248296
1241.565	0.8	NonTarget	1	248313
1241.645	0.8	NonTarget	1	248329
1241.73	0.8	NonTarget	1	248346
1241.815	0.8	NonTarget	1	248363
1241.9	0.8	NonTarget	1	248380
1242.3	0.8	NonTarget	1	248460
1242.38	0.8	NonTarget	1	248476
1242.465	0.8	NonTarget	1	248493
1242.55	0.8	NonTarget	1	248510
1242.63	0.8	NonTarget	1	248526
1242.715	0.8	Target	2	248543
1242.795	0.8	NonTarget	1	248559
1242.88	0.8	NonTarget	1	248576
1242.965	0.8	NonTarget	1	248593
1243.05	0.8	NonTarget	1	248610
1243.13	0.8	NonTarget	1	248626
1243.215	0.8	NonTarget	1	248643
1243.3	0.8	NonTarget	1	248660
1243.385	0.8	NonTarget	1	248677
1243.465	0.8	NonTarget	1	248693
1243.55	0.8	NonTarget	1	248710
1243.635	0.8	NonTarget	1	248727
1243.715	0.8	NonTarget	1	248743
1243.8	0.8	NonTarget	1	248760
1243.885	0.8	NonTarget	1	248777
1243.965	0.8	NonTarget	1	248793
1244.05	0.8	NonTarget	1	248810
1244.135	0.8	NonTarget	1	248827
1244.215	0.8	NonTarget	1	248843
1244.3	0.8	NonTarget	1	248860
1244.385	0.8	NonTarget	1	248877
1244.47	0.8	NonTarget	1	248894
1244.55	0.8	NonTarget	1	248910
1244.635	0.8	NonTarget	1	248927
1244.72	0.8	NonTarget	1	248944
1245.12	0.8	NonTarget	1	249024
1245.2	0.8	NonTarget	1	249040
1245.285	0.8	NonTarget	1	249057
1245.37	0.8	NonTarget	1	249074
1245.455	0.8	NonTarget	1	249091
1245.535	0.8	Target	2	249107
1245.62	0.8	NonTarget	1	249124
1245.7	0.8	NonTarget	1	249140
1245.785	0.8	NonTarget	1	249157
1245.87	0.8	NonTarget	1	249174
1245.955	0.8	NonTarget	1	249191
1246.035	0.8	NonTarget	1	249207
1246.12	0.8	NonTarget	1	249224
1246.205	0.8	NonTarget	1	249241
1246.285	0.8	NonTarget	1	249257
1246.37	0.8	NonTarget	1	249274
1246.455	0.8	NonTarget	1	249291
1246.54	0.8	NonTarget	1	249308
1246.62	0.8	NonTarget	1	249324
1246.705	0.8	NonTarget	1	249341
1246.79	0.8	NonTarget	1	249358
1246.87	0.8	NonTarget	1	249374
1246.955	0.8	NonTarget	1	249391
1247.04	0.8	NonTarget	1	249408
1247.12	0.8	NonTarget	1	249424
1247.205	0.8	NonTarget	1	249441
1247.29	0.8	NonTarget	1	249458
1247.37	0.8	NonTarget	1	249474
1247.455	0.8	NonTarget	1	249491
1247.54	0.8	NonTarget	1	249508
1247.94	0.8	Target	2	249588
1248.025	0.8	NonTarget	1	249605
1248.105	0.8	NonTarget	1	249621
1248.19	0.8	NonTarget	1	249638
1248.27	0.8	NonTarget	1	249654
1248.355	0.8	NonTarget	1	249671
1248.44	0.8	NonTarget	1	249688
1248.525	0.8	NonTarget	1	249705
1248.605	0.8	NonTarget	1	249721
1248.69	0.8	NonTarget	1	249738
1248.775	0.8	NonTarget	1	249755
1248.855	0.8	NonTarget	1	249771
1248.94	0.8	NonTarget	1	249788
1249.025	0.8	NonTarget	1	249805
1249.11	0.8	NonTarget	1	249822
1249.19	0.8	NonTarget	1	249838
1249.275	0.8	NonTarget	1	249855
1249.355	0.8	NonTarget	1	249871
1249.44	0.8	NonTarget	1	249888
1249.525	0.8	NonTarget	1	249905
1249.61	0.8	NonTarget	1	249922
1249.69	0.8	NonTarget	1	249938
1249.775	0.8	NonTarget	1	249955
1249.86	0.8	NonTarget	1	249972
1249.945	0.8	NonTarget	1	249989
1250.025	0.8	NonTarget	1	250005
1250.11	0.8	NonTarget	1	250022
1250.195	0.8	NonTarget	1	250039
1250.275	0.8	NonTarget	1	250055
1250.36	0.8	NonTarget	1	250072
1250.76	0.8	NonTarget	1	250152
1250.84	0.8	NonTarget	1	250168
1250.925	0.8	NonTarget	1	250185
1251.01	0.8	NonTarget	1	250202
1251.095	0.8	NonTarget	1	250219
1251.175	0.8	NonTarget	1	250235
1251.26	0.8	NonTarget	1	250252
1251.345	0.8	NonTarget	1	250269
1251.43	0.8	NonTarget	1	250286
1251.51	0.8	NonTarget	1	250302
1251.595	0.8	NonTarget	1	250319
1251.68	0.8	NonTarget	1	250336
1251.76	0.8	NonTarget	1	250352
1251.845	0.8	NonTarget	1	250369
1251.93	0.8	NonTarget	1	250386
1252.01	0.8	NonTarget	1	250402
1252.095	0.8	NonTarget	1	250419
1252.18	0.8	NonTarget	1	250436
1252.265	0.8	NonTarget	1	250453
1252.345	0.8	NonTarget	1	250469
1252.43	0.8	NonTarget	1	250486
1252.515	0.8	NonTarget	1	250503
1252.595	0.8	NonTarget	1	250519
1252.68	0.8	NonTarget	1	250536
1252.76	0.8	NonTarget	1	250552
1252.845	0.8	Target	2	250569
1252.93	0.8	NonTarget	1	250586
1253.015	0.8	NonTarget	1	250603
1253.1	0.8	NonTarget	1	250620
1253.18	0.8	NonTarget	1	250636
1253.58	0.8	NonTarget	1	250716
1253.665	0.8	NonTarget	1	250733
1253.745	0.8	NonTarget	1	250749
1253.83	0.8	NonTarget	1	250766
1253.915	0.8	NonTarget	1	250783
1254.0	0.8	NonTarget	1	250800
1254.08	0.8	NonTarget	1	250816
1254.165	0.8	NonTarget	1	250833
1254.25	0.8	NonTarget	1	250850
1254.33	0.8	NonTarget	1	250866
1254.415	0.8	Target	2	250883
1254.5	0.8	NonTarget	1	250900
1254.58	0.8	NonTarget	1	250916
1254.665	0.8	NonTarget	1	250933
1254.75	0.8	NonTarget	1	250950
1254.835	0.8	NonTarget	1	250967
1254.915	0.8	NonTarget	1	250983
1255.0	0.8	NonTarget	1	251000
1255.08	0.8	NonTarget	1	251016
1255.165	0.8	NonTarget	1	251033
1255.25	0.8	NonTarget	1	251050
1255.335	0.8	NonTarget	1	251067
1255.415	0.8	NonTarget	1	251083
1255.5	0.8	NonTarget	1	251100
1255.585	0.8	NonTarget	1	251117
1255.665	0.8	NonTarget	1	251133
1255.75	0.8	NonTarget	1	251150
1255.835	0.8	NonTarget	1	251167
1255.915	0.8	NonTarget	1	251183
1256.0	0.8	NonTarget	1	251200
1256.4	0.8	NonTarget	1	251280
1256.485	0.8	NonTarget	1	251297
1256.57	0.8	NonTarget	1	251314
1256.65	0.8	NonTarget	1	251330
1256.735	0.8	NonTarget	1	251347
1256.82	0.8	Target	2	251364
1256.9	0.8	NonTarget	1	251380
1256.985	0.8	NonTarget	1	251397
1257.07	0.8	NonTarget	1	251414
1257.15	0.8	NonTarget	1	251430
1257.235	0.8	NonTarget	1	251447
1257.32	0.8	NonTarget	1	251464
1257.405	0.8	NonTarget	1	251481
1257.485	0.8	NonTarget	1	251497
1257.57	0.8	NonTarget	1	251514
1257.655	0.8	NonTarget	1	251531
1257.735	0.8	NonTarget	1	251547
1257.82	0.8	NonTarget	1	251564
1257.905	0.8	NonTarget	1	251581
1257.985	0.8	NonTarget	1	251597
1258.07	0.8	NonTarget	1	251614
1258.155	0.8	NonTarget	1	251631
1258.235	0.8	NonTarget	1	251647
1258.32	0.8	NonTarget	1	251664
1258.405	0.8	NonTarget	1	251681
1258.49	0.8	NonTarget	1	251698
1258.57	0.8	NonTarget	1	251714
1258.655	0.8	NonTarget	1	251731
1258.74	0.8	NonTarget	1	251748
1258.825	0.8	NonTarget	1	251765
1268.755	0.8	NonTarget	1	253751
1268.835	0.8	NonTarget	1	253767
1268.92	0.8	NonTarget	1	253784
1269.0	0.8	NonTarget	1	253800
1269.085	0.8	NonTarget	1	253817
1269.17	0.8	NonTarget	1	253834
1269.255	0.8	NonTarget	1	253851
1269.335	0.8	NonTarget	1	253867
1269.42	0.8	NonTarget	1	253884
1269.5	0.8	NonTarget	1	253900
1269.585	0.8	NonTarget	1	253917
1269.67	0.8	NonTarget	1	253934
1269.755	0.8	NonTarget	1	253951
1269.835	0.8	NonTarget	1	253967
1269.92	0.8	NonTarget	1	253984
1270.005	0.8	NonTarget	1	254001
1270.09	0.8	NonTarget	1	254018
1270.17	0.8	NonTarget	1	254034
1270.255	0.8	NonTarget	1	254051
1270.34	0.8	NonTarget	1	254068
1270.42	0.8	NonTarget	1	254084
1270.505	0.8	NonTarget	1	254101
1270.59	0.8	Target	2	254118
1270.675	0.8	NonTarget	1	254135
1270.755	0.8	NonTarget	1	254151
1270.835	0.8	NonTarget	1	254167
1270.92	0.8	NonTarget	1	254184
1271.005	0.8	NonTarget	1	254201
1271.09	0.8	NonTarget	1	254218
1271.175	0.8	NonTarget	1	254235
1271.575	0.8	NonTarget	1	254315
1271.655	0.8	NonTarget	1	254331
1271.74	0.8	NonTarget	1	254348
1271.825	0.8	NonTarget	1	254365
1271.905	0.8	NonTarget	1	254381
1271.99	0.8	NonTarget	1	254398
1272.075	0.8	NonTarget	1	254415
1272.155	0.8	NonTarget	1	254431
1272.24	0.8	NonTarget	1	254448
1272.325	0.8	NonTarget	1	254465
1272.41	0.8	NonTarget	1	254482
1272.49	0.8	NonTarget	1	254498
1272.575	0.8	NonTarget	1	254515
1272.66	0.8	NonTarget	1	254532
1272.74	0.8	NonTarget	1	254548
1272.825	0.8	NonTarget	1	254565
1272.91	0.8	NonTarget	1	254582
1272.995	0.8	Target	2	254599
1273.075	0.8	NonTarget	1	254615
1273.16	0.8	NonTarget	1	254632
1273.24	0.8	NonTarget	1	254648
1273.325	0.8	NonTarget	1	254665
1273.41	0.8	NonTarget	1	254682
1273.49	0.8	NonTarget	1	254698
1273.575	0.8	NonTarget	1	254715
1273.66	0.8	NonTarget	1	254732
1273.745	0.8	NonTarget	1	254749
1273.825	0.8	NonTarget	1	254765
1273.91	0.8	NonTarget	1	254782
1273.995	0.8	NonTarget	1	254799
1274.395	0.8	NonTarget	1	254879
1274.475	0.8	NonTarget	1	254895
1274.56	0.8	NonTarget	1	254912
1274.645	0.8	NonTarget	1	254929
1274.73	0.8	NonTarget	1	254946
1274.81	0.8	NonTarget	1	254962
1274.895	0.8	NonTarget	1	254979
1274.98	0.8	NonTarget	1	254996
1275.06	0.8	NonTarget	1	255012
1275.145	0.8	NonTarget	1	255029
1275.225	0.8	NonTarget	1	255045
1275.31	0.8	NonTarget	1	255062
1275.395	0.8	NonTarget	1	255079
1275.48	0.8	NonTarget	1	255096
1275.56	0.8	NonTarget	1	255112
1275.645	0.8	NonTarget	1	255129
1275.73	0.8	NonTarget	1	255146
1275.815	0.8	NonTarget	1	255163
1275.895	0.8	NonTarget	1	255179
1275.98	0.8	NonTarget	1	255196
1276.065	0.8	NonTarget	1	255213
1276.145	0.8	NonTarget	1	255229
1276.23	0.8	Target	2	255246
1276.315	0.8	NonTarget	1	255263
1276.395	0.8	NonTarget	1	255279
1276.48	0.8	NonTarget	1	255296
1276.565	0.8	NonTarget	1	255313
1276.645	0.8	NonTarget	1	255329
1276.73	0.8	NonTarget	1	255346
1276.815	0.8	NonTarget	1	255363
1277.215	0.8	NonTarget	1	255443
1277.295	0.8	NonTarget	1	255459
1277.38	0.8	NonTarget	1	255476
1277.465	0.8	NonTarget	1	255493
1277.545	0.8	NonTarget	1	255509
1277.63	0.8	NonTarget	1	255526
1277.715	0.8	NonTarget	1	255543
1277.8	0.8	NonTarget	1	255560
1277.88	0.8	NonTarget	1	255576
1277.965	0.8	NonTarget	1	255593
1278.05	0.8	NonTarget	1	255610
1278.13	0.8	NonTarget	1	255626
1278.215	0.8	NonTarget	1	255643
1278.3	0.8	NonTarget	1	255660
1278.385	0.8	NonTarget	1	255677
1278.465	0.8	NonTarget	1	255693
1278.55	0.8	NonTarget	1	255710
1278.635	0.8	Target	2	255727
1278.715	0.8	NonTarget	1	255743
1278.8	0.8	NonTarget	1	255760
1278.885	0.8	NonTarget	1	255777
1278.965	0.8	NonTarget	1	255793
1279.05	0.8	NonTarget	1	255810
1279.135	0.8	NonTarget	1	255827
1279.22	0.8	NonTarget	1	255844
1279.3	0.8	NonTarget	1	255860
1279.385	0.8	NonTarget	1	255877
1279.465	0.8	NonTarget	1	255893
1279.55	0.8	NonTarget	1	255910
1279.635	0.8	NonTarget	1	255927
1280.035	0.8	NonTarget	1	256007
1280.12	0.8	NonTarget	1	256024
1280.2	0.8	NonTarget	1	256040
1280.285	0.8	NonTarget	1	256057
1280.37	0.8	NonTarget	1	256074
1280.45	0.8	NonTarget	1	256090
1280.535	0.8	NonTarget	1	256107
1280.62	0.8	NonTarget	1	256124
1280.7	0.8	NonTarget	1	256140
1280.785	0.8	NonTarget	1	256157
1280.87	0.8	NonTarget	1	256174
1280.95	0.8	NonTarget	1	256190
1281.035	0.8	Target	2	256207
1281.12	0.8	NonTarget	1	256224
1281.205	0.8	NonTarget	1	256241
1281.29	0.8	NonTarget	1	256258
1281.37	0.8	NonTarget	1	256274
1281.455	0.8	NonTarget	1	256291
1281.535	0.8	NonTarget	1	256307
1281.62	0.8	NonTarget	1	256324
1281.705	0.8	NonTarget	1	256341
1281.785	0.8	NonTarget	1	256357
1281.87	0.8	NonTarget	1	256374
1281.955	0.8	NonTarget	1	256391
1282.04	0.8	NonTarget	1	256408
1282.12	0.8	NonTarget	1	256424
1282.205	0.8	NonTarget	1	256441
1282.29	0.8	NonTarget	1	256458
1282.375	0.8	NonTarget	1	256475
1282.455	0.8	NonTarget	1	256491
1282.855	0.8	NonTarget	1	256571
1282.94	0.8	NonTarget	1	256588
1283.025	0.8	NonTarget	1	256605
1283.105	0.8	NonTarget	1	256621
1283.19	0.8	NonTarget	1	256638
1283.27	0.8	NonTarget	1	256654
1283.355	0.8	NonTarget	1	256671
1283.44	0.8	NonTarget	1	256688
1283.525	0.8	NonTarget	1	256705
1283.605	0.8	NonTarget	1	256721
1283.69	0.8	NonTarget	1	256738
1283.775	0.8	NonTarget	1	256755
1283.855	0.8	NonTarget	1	256771
1283.945	0.8	NonTarget	1	256789
1284.025	0.8	NonTarget	1	256805
1284.105	0.8	NonTarget	1	256821
1284.19	0.8	NonTarget	1	256838
1284.275	0.8	NonTarget	1	256855
1284.36	0.8	NonTarget	1	256872
1284.44	0.8	NonTarget	1	256888
1284.525	0.8	NonTarget	1	256905
1284.61	0.8	NonTarget	1	256922
1284.69	0.8	Target	2	256938
1284.775	0.8	NonTarget	1	256955
1284.86	0.8	NonTarget	1	256972
1284.94	0.8	NonTarget	1	256988
1285.025	0.8	NonTarget	1	257005
1285.11	0.8	NonTarget	1	257022
1285.195	0.8	NonTarget	1	257039
1285.275	0.8	NonTarget	1	257055
1285.675	0.8	NonTarget	1	257135
1285.76	0.8	NonTarget	1	257152
1285.845	0.8	NonTarget	1	257169
1285.925	0.8	NonTarget	1	257185
1286.01	0.8	NonTarget	1	257202
1286.095	0.8	NonTarget	1	257219
1286.175	0.8	NonTarget	1	257235
1286.26	0.8	NonTarget	1	257252
1286.345	0.8	NonTarget	1	257269
1286.43	0.8	NonTarget	1	257286
1286.51	0.8	NonTarget	1	257302
1286.595	0.8	NonTarget	1	257319
1286.675	0.8	NonTarget	1	257335
1286.76	0.8	NonTarget	1	257352
1286.845	0.8	NonTarget	1	257369
1286.93	0.8	NonTarget	1	257386
1287.01	0.8	NonTarget	1	257402
1287.095	0.8	NonTarget	1	257419
1287.18	0.8	NonTarget	1	257436
1287.265	0.8	NonTarget	1	257453
1287.345	0.8	NonTarget	1	257469
1287.43	0.8	NonTarget	1	257486
1287.51	0.8	Target	2	257502
1287.595	0.8	NonTarget	1	257519
1287.68	0.8	NonTarget	1	257536
1287.76	0.8	NonTarget	1	257552
1287.845	0.8	NonTarget	1	257569
1287.93	0.8	NonTarget	1	257586
1288.015	0.8	NonTarget	1	257603
1288.095	0.8	NonTarget	1	257619
1288.5	0.8	NonTarget	1	257700
1288.58	0.8	NonTarget	1	257716
1288.665	0.8	NonTarget	1	257733
1288.745	0.8	NonTarget	1	257749
1288.83	0.8	NonTarget	1	257766
1288.915	0.8	NonTarget	1	257783
1288.995	0.8	NonTarget	1	257799
1289.08	0.8	NonTarget	1	257816
1289.165	0.8	NonTarget	1	257833
1289.245	0.8	NonTarget	1	257849
1289.33	0.8	NonTarget	1	257866
1289.415	0.8	NonTarget	1	257883
1289.5	0.8	NonTarget	1	257900
1289.58	0.8	NonTarget	1	257916
1289.665	0.8	NonTarget	1	257933
1289.75	0.8	NonTarget	1	257950
1289.835	0.8	NonTarget	1	257967
1289.915	0.8	NonTarget	1	257983
1290.0	0.8	NonTarget	1	258000
1290.08	0.8	NonTarget	1	258016
1290.165	0.8	NonTarget	1	258033
1290.25	0.8	NonTarget	1	258050
1290.335	0.8	NonTarget	1	258067
1290.415	0.8	NonTarget	1	258083
1290.5	0.8	NonTarget	1	258100
1290.585	0.8	NonTarget	1	258117
1290.67	0.8	NonTarget	1	258134
1290.75	0.8	Target	2	258150
1290.835	0.8	NonTarget	1	258167
1290.915	0.8	NonTarget	1	258183
1291.32	0.8	NonTarget	1	258264
1291.4	0.8	NonTarget	1	258280
1291.485	0.8	NonTarget	1	258297
1291.57	0.8	NonTarget	1	258314
1291.65	0.8	NonTarget	1	258330
1291.735	0.8	NonTarget	1	258347
1291.82	0.8	NonTarget	1	258364
1291.9	0.8	Target	2	258380
1291.985	0.8	NonTarget	1	258397
1292.07	0.8	NonTarget	1	258414
1292.15	0.8	NonTarget	1	258430
1292.235	0.8	NonTarget	1	258447
1292.32	0.8	NonTarget	1	258464
1292.4	0.8	NonTarget	1	258480
1292.485	0.8	NonTarget	1	258497
1292.57	0.8	NonTarget	1	258514
1292.655	0.8	NonTarget	1	258531
1292.735	0.8	NonTarget	1	258547
1292.82	0.8	NonTarget	1	258564
1292.905	0.8	NonTarget	1	258581
1292.985	0.8	NonTarget	1	258597
1293.07	0.8	NonTarget	1	258614
1293.155	0.8	NonTarget	1	258631
1293.235	0.8	NonTarget	1	258647
1293.32	0.8	NonTarget	1	258664
1293.405	0.8	NonTarget	1	258681
1293.49	0.8	NonTarget	1	258698
1293.57	0.8	NonTarget	1	258714
1293.655	0.8	NonTarget	1	258731
1293.74	0.8	NonTarget	1	258748
1294.14	0.8	NonTarget	1	258828
1294.22	0.8	NonTarget	1	258844
1294.305	0.8	NonTarget	1	258861
1294.39	0.8	NonTarget	1	258878
1294.47	0.8	NonTarget	1	258894
1294.555	0.8	NonTarget	1	258911
1294.64	0.8	NonTarget	1	258928
1294.72	0.8	NonTarget	1	258944
1294.805	0.8	NonTarget	1	258961
1294.89	0.8	NonTarget	1	258978
1294.97	0.8	NonTarget	1	258994
1295.055	0.8	NonTarget	1	259011
1295.14	0.8	NonTarget	1	259028
1295.225	0.8	NonTarget	1	259045
1295.305	0.8	NonTarget	1	259061
1295.39	0.8	NonTarget	1	259078
1295.475	0.8	NonTarget	1	259095
1295.555	0.8	NonTarget	1	259111
1295.64	0.8	NonTarget	1	259128
1295.725	0.8	NonTarget	1	259145
1295.805	0.8	NonTarget	1	259161
1295.89	0.8	NonTarget	1	259178
1295.975	0.8	NonTarget	1	259195
1296.06	0.8	NonTarget	1	259212
1296.14	0.8	NonTarget	1	259228
1296.225	0.8	NonTarget	1	259245
1296.31	0.8	NonTarget	1	259262
1296.39	0.8	Target	2	259278
1296.475	0.8	NonTarget	1	259295
1296.56	0.8	NonTarget	1	259312
1306.475	0.8	NonTarget	1	261295
1306.555	0.8	NonTarget	1	261311
1306.64	0.8	NonTarget	1	261328
1306.72	0.8	NonTarget	1	261344
1306.805	0.8	NonTarget	1	261361
1306.89	0.8	NonTarget	1	261378
1306.975	0.8	NonTarget	1	261395
1307.055	0.8	NonTarget	1	261411
1307.14	0.8	Target	2	261428
1307.22	0.8	NonTarget	1	261444
1307.31	0.8	NonTarget	1	261462
1307.39	0.8	NonTarget	1	261478
1307.475	0.8	NonTarget	1	261495
1307.555	0.8	NonTarget	1	261511
1307.64	0.8	NonTarget	1	261528
1307.725	0.8	NonTarget	1	261545
1307.81	0.8	NonTarget	1	261562
1307.89	0.8	NonTarget	1	261578
1307.975	0.8	NonTarget	1	261595
1308.06	0.8	NonTarget	1	261612
1308.14	0.8	NonTarget	1	261628
1308.225	0.8	NonTarget	1	261645
1308.31	0.8	NonTarget	1	261662
1308.39	0.8	NonTarget	1	261678
1308.475	0.8	NonTarget	1	261695
1308.56	0.8	NonTarget	1	261712
1308.64	0.8	NonTarget	1	261728
1308.725	0.8	NonTarget	1	261745
1308.81	0.8	NonTarget	1	261762
1308.89	0.8	NonTarget	1	261778
1309.295	0.8	NonTarget	1	261859
1309.375	0.8	NonTarget	1	261875
1309.46	0.8	NonTarget	1	261892
1309.545	0.8	NonTarget	1	261909
1309.625	0.8	NonTarget	1	261925
1309.71	0.8	NonTarget	1	261942
1309.795	0.8	NonTarget	1	261959
1309.875	0.8	NonTarget	1	261975
1309.96	0.8	NonTarget	1	261992
1310.045	0.8	NonTarget	1	262009
1310.125	0.8	NonTarget	1	262025
1310.21	0.8	NonTarget	1	262042
1310.295	0.8	NonTarget	1	262059
1310.38	0.8	NonTarget	1	262076
1310.46	0.8	NonTarget	1	262092
1310.545	0.8	NonTarget	1	262109
1310.63	0.8	NonTarget	1	262126
1310.71	0.8	NonTarget	1	262142
1310.795	0.8	NonTarget	1	262159
1310.88	0.8	NonTarget	1	262176
1310.96	0.8	NonTarget	1	262192
1311.045	0.8	NonTarget	1	262209
1311.13	0.8	NonTarget	1	262226
1311.21	0.8	Target	2	262242
1311.295	0.8	NonTarget	1	262259
1311.38	0.8	NonTarget	1	262276
1311.465	0.8	NonTarget	1	262293
1311.545	0.8	NonTarget	1	262309
1311.63	0.8	NonTarget	1	262326
1311.715	0.8	NonTarget	1	262343
1312.115	0.8	NonTarget	1	262423
1312.195	0.8	NonTarget	1	262439
1312.28	0.8	NonTarget	1	262456
1312.365	0.8	NonTarget	1	262473
1312.445	0.8	NonTarget	1	262489
1312.53	0.8	NonTarget	1	262506
1312.615	0.8	NonTarget	1	262523
1312.7	0.8	NonTarget	1	262540
1312.78	0.8	Target	2	262556
1312.865	0.8	NonTarget	1	262573
1312.95	0.8	NonTarget	1	262590
1313.03	0.8	NonTarget	1	262606
1313.115	0.8	NonTarget	1	262623
1313.2	0.8	NonTarget	1	262640
1313.28	0.8	NonTarget	1	262656
1313.365	0.8	NonTarget	1	262673
1313.45	0.8	NonTarget	1	262690
1313.535	0.8	NonTarget	1	262707
1313.615	0.8	NonTarget	1	262723
1313.7	0.8	NonTarget	1	262740
1313.78	0.8	NonTarget	1	262756
1313.865	0.8	NonTarget	1	262773
1313.95	0.8	NonTarget	1	262790
1314.035	0.8	NonTarget	1	262807
1314.115	0.8	NonTarget	1	262823
1314.2	0.8	NonTarget	1	262840
1314.285	0.8	NonTarget	1	262857
1314.365	0.8	NonTarget	1	262873
1314.45	0.8	NonTarget	1	262890
1314.535	0.8	NonTarget	1	262907
1314.935	0.8	NonTarget	1	262987
1315.02	0.8	NonTarget	1	263004
1315.1	0.8	NonTarget	1	263020
1315.185	0.8	NonTarget	1	263037
1315.27	0.8	NonTarget	1	263054
1315.35	0.8	NonTarget	1	263070
1315.435	0.8	NonTarget	1	263087
1315.52	0.8	NonTarget	1	263104
1315.6	0.8	NonTarget	1	263120
1315.685	0.8	NonTarget	1	263137
1315.77	0.8	NonTarget	1	263154
1315.85	0.8	NonTarget	1	263170
1315.935	0.8	NonTarget	1	263187
1316.02	0.8	NonTarget	1	263204
1316.105	0.8	NonTarget	1	263221
1316.185	0.8	NonTarget	1	263237
1316.27	0.8	NonTarget	1	263254
1316.355	0.8	NonTarget	1	263271
1316.435	0.8	NonTarget	1	263287
1316.52	0.8	NonTarget	1	263304
1316.605	0.8	NonTarget	1	263321
1316.685	0.8	NonTarget	1	263337
1316.77	0.8	NonTarget	1	263354
1316.855	0.8	NonTarget	1	263371
1316.935	0.8	NonTarget	1	263387
1317.02	0.8	NonTarget	1	263404
1317.105	0.8	NonTarget	1	263421
1317.185	0.8	NonTarget	1	263437
1317.27	0.8	Target	2	263454
1317.355	0.8	NonTarget	1	263471
1317.755	0.8	NonTarget	1	263551
1317.835	0.8	NonTarget	1	263567
1317.92	0.8	NonTarget	1	263584
1318.005	0.8	NonTarget	1	263601
1318.09	0.8	NonTarget	1	263618
1318.17	0.8	NonTarget	1	263634
1318.255	0.8	NonTarget	1	263651
1318.34	0.8	NonTarget	1	263668
1318.425	0.8	Target	2	263685
1318.505	0.8	NonTarget	1	263701
1318.59	0.8	NonTarget	1	263718
1318.675	0.8	NonTarget	1	263735
1318.755	0.8	NonTarget	1	263751
1318.84	0.8	NonTarget	1	263768
1318.925	0.8	NonTarget	1	263785
1319.005	0.8	NonTarget	1	263801
1319.09	0.8	NonTarget	1	263818
1319.175	0.8	NonTarget	1	263835
1319.255	0.8	NonTarget	1	263851
1319.34	0.8	NonTarget	1	263868
1319.425	0.8	NonTarget	1	263885
1319.51	0.8	NonTarget	1	263902
1319.59	0.8	NonTarget	1	263918
1319.675	0.8	NonTarget	1	263935
1319.76	0.8	NonTarget	1	263952
1319.84	0.8	NonTarget	1	263968
1319.925	0.8	NonTarget	1	263985
1320.005	0.8	NonTarget	1	264001
1320.09	0.8	NonTarget	1	264018
1320.175	0.8	NonTarget	1	264035
1320.575	0.8	NonTarget	1	264115
1320.66	0.8	NonTarget	1	264132
1320.745	0.8	NonTarget	1	264149
1320.825	0.8	Target	2	264165
1320.91	0.8	NonTarget	1	264182
1320.995	0.8	NonTarget	1	264199
1321.075	0.8	NonTarget	1	264215
1321.16	0.8	NonTarget	1	264232
1321.245	0.8	NonTarget	1	264249
1321.325	0.8	NonTarget	1	264265
1321.41	0.8	NonTarget	1	264282
1321.495	0.8	NonTarget	1	264299
1321.575	0.8	NonTarget	1	264315
1321.66	0.8	NonTarget	1	264332
1321.745	0.8	NonTarget	1	264349
1321.83	0.8	NonTarget	1	264366
1321.91	0.8	NonTarget	1	264382
1321.995	0.8	NonTarget	1	264399
1322.08	0.8	NonTarget	1	264416
1322.16	0.8	NonTarget	1	264432
1322.245	0.8	NonTarget	1	264449
1322.33	0.8	NonTarget	1	264466
1322.41	0.8	NonTarget	1	264482
1322.495	0.8	NonTarget	1	264499
1322.58	0.8	NonTarget	1	264516
1322.66	0.8	NonTarget	1	264532
1322.745	0.8	NonTarget	1	264549
1322.83	0.8	NonTarget	1	264566
1322.915	0.8	NonTarget	1	264583
1322.995	0.8	NonTarget	1	264599
1323.395	0.8	NonTarget	1	264679
1323.48	0.8	NonTarget	1	264696
1323.565	0.8	NonTarget	1	264713
1323.645	0.8	NonTarget	1	264729
1323.73	0.8	NonTarget	1	264746
1323.81	0.8	NonTarget	1	264762
1323.895	0.8	NonTarget	1	264779
1323.98	0.8	NonTarget	1	264796
1324.065	0.8	NonTarget	1	264813
1324.15	0.8	NonTarget	1	264830
1324.23	0.8	NonTarget	1	264846
1324.315	0.8	NonTarget	1	264863
1324.395	0.8	NonTarget	1	264879
1324.48	0.8	NonTarget	1	264896
1324.565	0.8	NonTarget	1	264913
1324.65	0.8	NonTarget	1	264930
1324.73	0.8	NonTarget	1	264946
1324.815	0.8	NonTarget	1	264963
1324.9	0.8	NonTarget	1	264980
1324.98	0.8	NonTarget	1	264996
1325.065	0.8	NonTarget	1	265013
1325.15	0.8	NonTarget	1	265030
1325.235	0.8	NonTarget	1	265047
1325.315	0.8	Target	2	265063
1325.4	0.8	NonTarget	1	265080
1325.48	0.8	NonTarget	1	265096
1325.565	0.8	NonTarget	1	265113
1325.65	0.8	NonTarget	1	265130
1325.735	0.8	NonTarget	1	265147
1325.815	0.8	NonTarget	1	265163
1326.215	0.8	NonTarget	1	265243
1326.3	0.8	NonTarget	1	265260
1326.38	0.8	NonTarget	1	265276
1326.465	0.8	NonTarget	1	265293
1326.55	0.8	NonTarget	1	265310
1326.635	0.8	NonTarget	1	265327
1326.715	0.8	NonTarget	1	265343
1326.8	0.8	NonTarget	1	265360
1326.885	0.8	NonTarget	1	265377
1326.97	0.8	NonTarget	1	265394
1327.05	0.8	NonTarget	1	265410
1327.135	0.8	NonTarget	1	265427
1327.22	0.8	NonTarget	1	265444
1327.305	0.8	NonTarget	1	265461
1327.385	0.8	NonTarget	1	265477
1327.47	0.8	NonTarget	1	265494
1327.555	0.8	NonTarget	1	265511
1327.635	0.8	NonTarget	1	265527
1327.72	0.8	NonTarget	1	265544
1327.8	0.8	NonTarget	1	265560
1327.885	0.8	NonTarget	1	265577
1327.97	0.8	NonTarget	1	265594
1328.055	0.8	NonTarget	1	265611
1328.135	0.8	NonTarget	1	265627
1328.22	0.8	NonTarget	1	265644
1328.305	0.8	NonTarget	1	265661
1328.385	0.8	NonTarget	1	265677
1328.47	0.8	NonTarget	1	265694
1328.555	0.8	Target	2	265711
1328.635	0.8	NonTarget	1	265727
1329.04	0.8	NonTarget	1	265808
1329.12	0.8	NonTarget	1	265824
1329.205	0.8	NonTarget	1	265841
1329.285	0.8	NonTarget	1	265857
1329.37	0.8	NonTarget	1	265874
1329.455	0.8	NonTarget	1	265891
1329.54	0.8	NonTarget	1	265908
1329.62	0.8	NonTarget	1	265924
1329.705	0.8	NonTarget	1	265941
1329.79	0.8	NonTarget	1	265958
1329.87	0.8	NonTarget	1	265974
1329.955	0.8	NonTarget	1	265991
1330.04	0.8	NonTarget	1	266008
1330.125	0.8	Target	2	266025
1330.205	0.8	NonTarget	1	266041
1330.29	0.8	NonTarget	1	266058
1330.375	0.8	NonTarget	1	266075
1330.455	0.8	NonTarget	1	266091
1330.54	0.8	NonTarget	1	266108
1330.625	0.8	NonTarget	1	266125
1330.705	0.8	NonTarget	1	266141
1330.79	0.8	NonTarget	1	266158
1330.875	0.8	NonTarget	1	266175
1330.955	0.8	NonTarget	1	266191
1331.04	0.8	NonTarget	1	266208
1331.125	0.8	NonTarget	1	266225
1331.205	0.8	NonTarget	1	266241
1331.29	0.8	NonTarget	1	266258
1331.375	0.8	NonTarget	1	266275
1331.46	0.8	NonTarget	1	266292
1331.86	0.8	NonTarget	1	266372
1331.94	0.8	NonTarget	1	266388
1332.025	0.8	NonTarget	1	266405
1332.11	0.8	NonTarget	1	266422
1332.19	0.8	NonTarget	1	266438
1332.275	0.8	NonTarget	1	266455
1332.36	0.8	NonTarget	1	266472
1332.445	0.8	NonTarget	1	266489
1332.525	0.8	Target	2	266505
1332.61	0.8	NonTarget	1	266522
1332.695	0.8	NonTarget	1	266539
1332.775	0.8	NonTarget	1	266555
1332.86	0.8	NonTarget	1	266572
1332.945	0.8	NonTarget	1	266589
1333.025	0.8	NonTarget	1	266605
1333.11	0.8	NonTarget	1	266622
1333.195	0.8	NonTarget	1	266639
1333.275	0.8	NonTarget	1	266655
1333.36	0.8	NonTarget	1	266672
1333.445	0.8	NonTarget	1	266689
1333.53	0.8	NonTarget	1	266706
1333.61	0.8	NonTarget	1	266722
1333.695	0.8	NonTarget	1	266739
1333.78	0.8	NonTarget	1	266756
1333.86	0.8	NonTarget	1	266772
1333.945	0.8	NonTarget	1	266789
1334.03	0.8	NonTarget	1	266806
1334.11	0.8	NonTarget	1	266822
1334.195	0.8	NonTarget	1	266839
1334.28	0.8	NonTarget	1	266856
1344.195	0.8	NonTarget	1	268839
1344.275	0.8	NonTarget	1	268855
1344.36	0.8	NonTarget	1	268872
1344.445	0.8	NonTarget	1	268889
1344.525	0.8	NonTarget	1	268905
1344.61	0.8	NonTarget	1	268922
1344.69	0.8	NonTarget	1	268938
1344.775	0.8	NonTarget	1	268955
1344.86	0.8	NonTarget	1	268972
1344.945	0.8	NonTarget	1	268989
1345.025	0.8	NonTarget	1	269005
1345.11	0.8	Target	2	269022
1345.195	0.8	NonTarget	1	269039
1345.275	0.8	NonTarget	1	269055
1345.36	0.8	NonTarget	1	269072
1345.445	0.8	NonTarget	1	269089
1345.525	0.8	NonTarget	1	269105
1345.61	0.8	NonTarget	1	269122
1345.695	0.8	NonTarget	1	269139
1345.78	0.8	NonTarget	1	269156
1345.86	0.8	NonTarget	1	269172
1345.945	0.8	NonTarget	1	269189
1346.03	0.8	NonTarget	1	269206
1346.11	0.8	NonTarget	1	269222
1346.195	0.8	NonTarget	1	269239
1346.28	0.8	NonTarget	1	269256
1346.36	0.8	NonTarget	1	269272
1346.445	0.8	NonTarget	1	269289
1346.53	0.8	NonTarget	1	269306
1346.615	0.8	NonTarget	1	269323
1347.015	0.8	NonTarget	1	269403
1347.095	0.8	NonTarget	1	269419
1347.18	0.8	NonTarget	1	269436
1347.265	0.8	NonTarget	1	269453
1347.345	0.8	NonTarget	1	269469
1347.43	0.8	NonTarget	1	269486
1347.515	0.8	NonTarget	1	269503
1347.595	0.8	NonTarget	1	269519
1347.68	0.8	NonTarget	1	269536
1347.765	0.8	NonTarget	1	269553
1347.85	0.8	NonTarget	1	269570
1347.93	0.8	Target	2	269586
1348.015	0.8	NonTarget	1	269603
1348.1	0.8	NonTarget	1	269620
1348.18	0.8	NonTarget	1	269636
1348.265	0.8	NonTarget	1	269653
1348.35	0.8	NonTarget	1	269670
1348.43	0.8	NonTarget	1	269686
1348.515	0.8	NonTarget	1	269703
1348.6	0.8	NonTarget	1	269720
1348.68	0.8	NonTarget	1	269736
1348.765	0.8	NonTarget	1	269753
1348.85	0.8	NonTarget	1	269770
1348.93	0.8	NonTarget	1	269786
1349.015	0.8	NonTarget	1	269803
1349.1	0.8	NonTarget	1	269820
1349.185	0.8	NonTarget	1	269837
1349.265	0.8	NonTarget	1	269853
1349.35	0.8	NonTarget	1	269870
1349.43	0.8	NonTarget	1	269886
1349.835	0.8	NonTarget	1	269967
1349.915	0.8	NonTarget	1	269983
1350.0	0.8	NonTarget	1	270000
1350.085	0.8	NonTarget	1	270017
1350.165	0.8	NonTarget	1	270033
1350.25	0.8	NonTarget	1	270050
1350.335	0.8	Target	2	270067
1350.415	0.8	NonTarget	1	270083
1350.5	0.8	NonTarget	1	270100
1350.585	0.8	NonTarget	1	270117
1350.67	0.8	NonTarget	1	270134
1350.75	0.8	NonTarget	1	270150
1350.835	0.8	NonTarget	1	270167
1350.92	0.8	NonTarget	1	270184
1351.0	0.8	NonTarget	1	270200
1351.085	0.8	NonTarget	1	270217
1351.17	0.8	NonTarget	1	270234
1351.255	0.8	NonTarget	1	270251
1351.335	0.8	NonTarget	1	270267
1351.42	0.8	NonTarget	1	270284
1351.505	0.8	NonTarget	1	270301
1351.585	0.8	NonTarget	1	270317
1351.67	0.8	NonTarget	1	270334
1351.755	0.8	NonTarget	1	270351
1351.835	0.8	NonTarget	1	270367
1351.92	0.8	NonTarget	1	270384
1352.005	0.8	NonTarget	1	270401
1352.085	0.8	NonTarget	1	270417
1352.17	0.8	NonTarget	1	270434
1352.255	0.8	NonTarget	1	270451
1352.655	0.8	NonTarget	1	270531
1352.735	0.8	NonTarget	1	270547
1352.82	0.8	NonTarget	1	270564
1352.905	0.8	NonTarget	1	270581
1352.99	0.8	NonTarget	1	270598
1353.075	0.8	NonTarget	1	270615
1353.155	0.8	NonTarget	1	270631
1353.24	0.8	NonTarget	1	270648
1353.32	0.8	NonTarget	1	270664
1353.405	0.8	NonTarget	1	270681
1353.49	0.8	NonTarget	1	270698
1353.57	0.8	NonTarget	1	270714
1353.655	0.8	NonTarget	1	270731
1353.74	0.8	NonTarget	1	270748
1353.825	0.8	NonTarget	1	270765
1353.905	0.8	NonTarget	1	270781
1353.99	0.8	NonTarget	1	270798
1354.075	0.8	NonTarget	1	270815
1354.155	0.8	NonTarget	1	270831
1354.24	0.8	NonTarget	1	270848
1354.325	0.8	NonTarget	1	270865
1354.405	0.8	Target	2	270881
1354.49	0.8	NonTarget	1	270898
1354.575	0.8	NonTarget	1	270915
1354.66	0.8	NonTarget	1	270932
1354.74	0.8	NonTarget	1	270948
1354.825	0.8	NonTarget	1	270965
1354.91	0.8	NonTarget	1	270982
1354.99	0.8	NonTarget	1	270998
1355.075	0.8	NonTarget	1	271015
1355.475	0.8	NonTarget	1	271095
1355.56	0.8	NonTarget	1	271112
1355.64	0.8	NonTarget	1	271128
1355.725	0.8	NonTarget	1	271145
1355.81	0.8	NonTarget	1	271162
1355.89	0.8	NonTarget	1	271178
1355.975	0.8	NonTarget	1	271195
1356.06	0.8	NonTarget	1	271212
1356.145	0.8	NonTarget	1	271229
1356.225	0.8	NonTarget	1	271245
1356.31	0.8	NonTarget	1	271262
1356.395	0.8	NonTarget	1	271279
1356.475	0.8	NonTarget	1	271295
1356.56	0.8	NonTarget	1	271312
1356.64	0.8	NonTarget	1	271328
1356.73	0.8	NonTarget	1	271346
1356.81	0.8	Target	2	271362
1356.895	0.8	NonTarget	1	271379
1356.975	0.8	NonTarget	1	271395
1357.06	0.8	NonTarget	1	271412
1357.145	0.8	NonTarget	1	271429
1357.23	0.8	NonTarget	1	271446
1357.31	0.8	NonTarget	1	271462
1357.395	0.8	NonTarget	1	271479
1357.48	0.8	NonTarget	1	271496
1357.56	0.8	NonTarget	1	271512
1357.645	0.8	NonTarget	1	271529
1357.73	0.8	NonTarget	1	271546
1357.81	0.8	NonTarget	1	271562
1357.895	0.8	NonTarget	1	271579
1358.295	0.8	NonTarget	1	271659
1358.38	0.8	NonTarget	1	271676
1358.465	0.8	NonTarget	1	271693
1358.545	0.8	NonTarget	1	271709
1358.63	0.8	NonTarget	1	271726
1358.715	0.8	NonTarget	1	271743
1358.795	0.8	NonTarget	1	271759
1358.88	0.8	NonTarget	1	271776
1358.965	0.8	NonTarget	1	271793
1359.045	0.8	NonTarget	1	271809
1359.13	0.8	NonTarget	1	271826
1359.215	0.8	NonTarget	1	271843
1359.3	0.8	NonTarget	1	271860
1359.385	0.8	NonTarget	1	271877
1359.465	0.8	NonTarget	1	271893
1359.545	0.8	NonTarget	1	271909
1359.63	0.8	NonTarget	1	271926
1359.715	0.8	NonTarget	1	271943
1359.795	0.8	NonTarget	1	271959
1359.88	0.8	NonTarget	1	271976
1359.965	0.8	NonTarget	1	271993
1360.045	0.8	NonTarget	1	272009
1360.13	0.8	NonTarget	1	272026
1360.215	0.8	NonTarget	1	272043
1360.3	0.8	NonTarget	1	272060
1360.385	0.8	NonTarget	1	272077
1360.465	0.8	Target	2	272093
1360.55	0.8	NonTarget	1	272110
1360.635	0.8	NonTarget	1	272127
1360.715	0.8	NonTarget	1	272143
1361.115	0.8	NonTarget	1	272223
1361.2	0.8	Target	2	272240
1361.285	0.8	NonTarget	1	272257
1361.365	0.8	NonTarget	1	272273
1361.45	0.8	NonTarget	1	272290
1361.535	0.8	NonTarget	1	272307
1361.615	0.8	NonTarget	1	272323
1361.7	0.8	NonTarget	1	272340
1361.785	0.8	NonTarget	1	272357
1361.87	0.8	NonTarget	1	272374
1361.95	0.8	NonTarget	1	272390
1362.035	0.8	NonTarget	1	272407
1362.12	0.8	NonTarget	1	272424
1362.2	0.8	NonTarget	1	272440
1362.285	0.8	NonTarget	1	272457
1362.37	0.8	NonTarget	1	272474
1362.45	0.8	NonTarget	1	272490
1362.535	0.8	NonTarget	1	272507
1362.62	0.8	NonTarget	1	272524
1362.7	0.8	NonTarget	1	272540
1362.785	0.8	NonTarget	1	272557
1362.87	0.8	NonTarget	1	272574
1362.95	0.8	NonTarget	1	272590
1363.035	0.8	NonTarget	1	272607
1363.12	0.8	NonTarget	1	272624
1363.205	0.8	NonTarget	1	272641
1363.285	0.8	NonTarget	1	272657
1363.37	0.8	NonTarget	1	272674
1363.455	0.8	NonTarget	1	272691
1363.535	0.8	NonTarget	1	272707
1363.935	0.8	NonTarget	1	272787
1364.02	0.8	NonTarget	1	272804
1364.105	0.8	NonTarget	1	272821
1364.185	0.8	NonTarget	1	272837
1364.27	0.8	NonTarget	1	272854
1364.355	0.8	NonTarget	1	272871
1364.44	0.8	NonTarget	1	272888
1364.52	0.8	NonTarget	1	272904
1364.605	0.8	NonTarget	1	272921
1364.69	0.8	NonTarget	1	272938
1364.77	0.8	NonTarget	1	272954
1364.855	0.8	NonTarget	1	272971
1364.94	0.8	NonTarget	1	272988
1365.02	0.8	NonTarget	1	273004
1365.105	0.8	NonTarget	1	273021
1365.19	0.8	NonTarget	1	273038
1365.275	0.8	NonTarget	1	273055
1365.355	0.8	NonTarget	1	273071
1365.44	0.8	NonTarget	1	273088
1365.52	0.8	NonTarget	1	273104
1365.605	0.8	NonTarget	1	273121
1365.69	0.8	Target	2	273138
1365.775	0.8	NonTarget	1	273155
1365.855	0.8	NonTarget	1	273171
1365.94	0.8	NonTarget	1	273188
1366.025	0.8	NonTarget	1	273205
1366.105	0.8	NonTarget	1	273221
1366.19	0.8	NonTarget	1	273238
1366.275	0.8	NonTarget	1	273255
1366.355	0.8	NonTarget	1	273271
1366.755	0.8	NonTarget	1	273351
1366.84	0.8	NonTarget	1	273368
1366.925	0.8	NonTarget	1	273385
1367.01	0.8	NonTarget	1	273402
1367.09	0.8	NonTarget	1	273418
1367.175	0.8	NonTarget	1	273435
1367.26	0.8	NonTarget	1	273452
1367.34	0.8	NonTarget	1	273468
1367.425	0.8	NonTarget	1	273485
1367.51	0.8	NonTarget	1	273502
1367.595	0.8	NonTarget	1	273519
1367.675	0.8	NonTarget	1	273535
1367.76	0.8	NonTarget	1	273552
1367.84	0.8	NonTarget	1	273568
1367.925	0.8	NonTarget	1	273585
1368.01	0.8	NonTarget	1	273602
1368.095	0.8	Target	2	273619
1368.175	0.8	NonTarget	1	273635
1368.26	0.8	NonTarget	1	273652
1368.345	0.8	NonTarget	1	273669
1368.425	0.8	NonTarget	1	273685
1368.51	0.8	NonTarget	1	273702
1368.595	0.8	NonTarget	1	273719
1368.68	0.8	NonTarget	1	273736
1368.76	0.8	NonTarget	1	273752
1368.845	0.8	NonTarget	1	273769
1368.925	0.8	NonTarget	1	273785
1369.01	0.8	NonTarget	1	273802
1369.095	0.8	NonTarget	1	273819
1369.18	0.8	NonTarget	1	273836
1369.58	0.8	NonTarget	1	273916
1369.66	0.8	NonTarget	1	273932
1369.745	0.8	NonTarget	1	273949
1369.83	0.8	NonTarget	1	273966
1369.91	0.8	NonTarget	1	273982
1369.995	0.8	NonTarget	1	273999
1370.08	0.8	NonTarget	1	274016
1370.165	0.8	NonTarget	1	274033
1370.245	0.8	NonTarget	1	274049
1370.33	0.8	NonTarget	1	274066
1370.415	0.8	NonTarget	1	274083
1370.495	0.8	Target	2	274099
1370.58	0.8	NonTarget	1	274116
1370.665	0.8	NonTarget	1	274133
1370.75	0.8	NonTarget	1	274150
1370.83	0.8	NonTarget	1	274166
1370.915	0.8	NonTarget	1	274183
1370.995	0.8	NonTarget	1	274199
1371.08	0.8	NonTarget	1	274216
1371.165	0.8	NonTarget	1	274233
1371.245	0.8	NonTarget	1	274249
1371.33	0.8	NonTarget	1	274266
1371.415	0.8	NonTarget	1	274283
1371.5	0.8	NonTarget	1	274300
1371.585	0.8	NonTarget	1	274317
1371.665	0.8	NonTarget	1	274333
1371.75	0.8	NonTarget	1	274350
1371.835	0.8	NonTarget	1	274367
1371.915	0.8	NonTarget	1	274383
1372.0	0.8	NonTarget	1	274400
1381.9	0.8	NonTarget	1	276380
1381.98	0.8	NonTarget	1	276396
1382.065	0.8	NonTarget	1	276413
1382.145	0.8	NonTarget	1	276429
1382.23	0.8	NonTarget	1	276446
1382.31	0.8	NonTarget	1	276462
1382.395	0.8	NonTarget	1	276479
1382.48	0.8	NonTarget	1	276496
1382.565	0.8	NonTarget	1	276513
1382.645	0.8	NonTarget	1	276529
1382.73	0.8	NonTarget	1	276546
1382.81	0.8	NonTarget	1	276562
1382.895	0.8	NonTarget	1	276579
1382.98	0.8	NonTarget	1	276596
1383.065	0.8	NonTarget	1	276613
1383.15	0.8	NonTarget	1	276630
1383.23	0.8	NonTarget	1	276646
1383.315	0.8	Target	2	276663
1383.4	0.8	NonTarget	1	276680
1383.48	0.8	NonTarget	1	276696
1383.565	0.8	NonTarget	1	276713
1383.65	0.8	NonTarget	1	276730
1383.73	0.8	NonTarget	1	276746
1383.815	0.8	NonTarget	1	276763
1383.9	0.8	NonTarget	1	276780
1383.98	0.8	NonTarget	1	276796
1384.065	0.8	NonTarget	1	276813
1384.15	0.8	NonTarget	1	276830
1384.235	0.8	NonTarget	1	276847
1384.315	0.8	NonTarget	1	276863
1384.715	0.8	NonTarget	1	276943
1384.8	0.8	NonTarget	1	276960
1384.885	0.8	NonTarget	1	276977
1384.965	0.8	NonTarget	1	276993
1385.05	0.8	NonTarget	1	277010
1385.135	0.8	NonTarget	1	277027
1385.215	0.8	NonTarget	1	277043
1385.3	0.8	NonTarget	1	277060
1385.385	0.8	NonTarget	1	277077
1385.465	0.8	NonTarget	1	277093
1385.55	0.8	NonTarget	1	277110
1385.635	0.8	NonTarget	1	277127
1385.715	0.8	Target	2	277143
1385.8	0.8	NonTarget	1	277160
1385.885	0.8	NonTarget	1	277177
1385.97	0.8	NonTarget	1	277194
1386.05	0.8	NonTarget	1	277210
1386.135	0.8	NonTarget	1	277227
1386.22	0.8	NonTarget	1	277244
1386.3	0.8	NonTarget	1	277260
1386.385	0.8	NonTarget	1	277277
1386.47	0.8	NonTarget	1	277294
1386.555	0.8	NonTarget	1	277311
1386.635	0.8	NonTarget	1	277327
1386.72	0.8	NonTarget	1	277344
1386.805	0.8	NonTarget	1	277361
1386.885	0.8	NonTarget	1	277377
1386.97	0.8	NonTarget	1	277394
1387.055	0.8	NonTarget	1	277411
1387.135	0.8	NonTarget	1	277427
1387.54	0.8	NonTarget	1	277508
1387.62	0.8	NonTarget	1	277524
1387.705	0.8	NonTarget	1	277541
1387.785	0.8	NonTarget	1	277557
1387.87	0.8	NonTarget	1	277574
1387.955	0.8	NonTarget	1	277591
1388.035	0.8	NonTarget	1	277607
1388.12	0.8	NonTarget	1	277624
1388.205	0.8	NonTarget	1	277641
1388.29	0.8	NonTarget	1	277658
1388.37	0.8	NonTarget	1	277674
1388.455	0.8	NonTarget	1	277691
1388.54	0.8	Target	2	277708
1388.625	0.8	NonTarget	1	277725
1388.705	0.8	NonTarget	1	277741
1388.79	0.8	NonTarget	1	277758
1388.87	0.8	NonTarget	1	277774
1388.955	0.8	NonTarget	1	277791
1389.04	0.8	NonTarget	1	277808
1389.125	0.8	NonTarget	1	277825
1389.205	0.8	NonTarget	1	277841
1389.29	0.8	NonTarget	1	277858
1389.37	0.8	NonTarget	1	277874
1389.455	0.8	NonTarget	1	277891
1389.54	0.8	NonTarget	1	277908
1389.625	0.8	NonTarget	1	277925
1389.705	0.8	NonTarget	1	277941
1389.79	0.8	NonTarget	1	277958
1389.875	0.8	NonTarget	1	277975
1389.955	0.8	NonTarget	1	277991
1390.355	0.8	NonTarget	1	278071
1390.44	0.8	NonTarget	1	278088
1390.525	0.8	Target	2	278105
1390.61	0.8	NonTarget	1	278122
1390.69	0.8	NonTarget	1	278138
1390.775	0.8	NonTarget	1	278155
1390.86	0.8	NonTarget	1	278172
1390.945	0.8	NonTarget	1	278189
1391.025	0.8	NonTarget	1	278205
1391.11	0.8	NonTarget	1	278222
1391.195	0.8	NonTarget	1	278239
1391.275	0.8	NonTarget	1	278255
1391.36	0.8	NonTarget	1	278272
1391.445	0.8	NonTarget	1	278289
1391.525	0.8	NonTarget	1	278305
1391.61	0.8	NonTarget	1	278322
1391.69	0.8	NonTarget	1	278338
1391.78	0.8	NonTarget	1	278356
1391.86	0.8	NonTarget	1	278372
1391.945	0.8	NonTarget	1	278389
1392.03	0.8	NonTarget	1	278406
1392.11	0.8	NonTarget	1	278422
1392.195	0.8	NonTarget	1	278439
1392.275	0.8	NonTarget	1	278455
1392.36	0.8	NonTarget	1	278472
1392.445	0.8	NonTarget	1	278489
1392.53	0.8	NonTarget	1	278506
1392.61	0.8	NonTarget	1	278522
1392.695	0.8	NonTarget	1	278539
1392.78	0.8	NonTarget	1	278556
1393.18	0.8	NonTarget	1	278636
1393.26	0.8	NonTarget	1	278652
1393.345	0.8	NonTarget	1	278669
1393.43	0.8	NonTarget	1	278686
1393.515	0.8	NonTarget	1	278703
1393.595	0.8	NonTarget	1	278719
1393.68	0.8	NonTarget	1	278736
1393.765	0.8	NonTarget	1	278753
1393.845	0.8	NonTarget	1	278769
1393.93	0.8	NonTarget	1	278786
1394.01	0.8	NonTarget	1	278802
1394.1	0.8	NonTarget	1	278820
1394.18	0.8	NonTarget	1	278836
1394.265	0.8	NonTarget	1	278853
1394.345	0.8	NonTarget	1	278869
1394.43	0.8	NonTarget	1	278886
1394.515	0.8	NonTarget	1	278903
1394.595	0.8	NonTarget	1	278919
1394.68	0.8	NonTarget	1	278936
1394.765	0.8	NonTarget	1	278953
1394.845	0.8	NonTarget	1	278969
1394.93	0.8	NonTarget	1	278986
1395.015	0.8	Target	2	279003
1395.1	0.8	NonTarget	1	279020
1395.18	0.8	NonTarget	1	279036
1395.265	0.8	NonTarget	1	279053
1395.35	0.8	NonTarget	1	279070
1395.435	0.8	NonTarget	1	279087
1395.515	0.8	NonTarget	1	279103
1395.6	0.8	NonTarget	1	279120
1396.0	0.8	NonTarget	1	279200
1396.08	0.8	NonTarget	1	279216
1396.165	0.8	NonTarget	1	279233
1396.25	0.8	NonTarget	1	279250
1396.33	0.8	NonTarget	1	279266
1396.415	0.8	NonTarget	1	279283
1396.5	0.8	NonTarget	1	279300
1396.585	0.8	NonTarget	1	279317
1396.67	0.8	NonTarget	1	279334
1396.75	0.8	NonTarget	1	279350
1396.835	0.8	NonTarget	1	279367
1396.915	0.8	NonTarget	1	279383
1397.0	0.8	NonTarget	1	279400
1397.085	0.8	NonTarget	1	279417
1397.165	0.8	NonTarget	1	279433
1397.25	0.8	NonTarget	1	279450
1397.335	0.8	NonTarget	1	279467
1397.42	0.8	NonTarget	1	279484
1397.5	0.8	NonTarget	1	279500
1397.585	0.8	NonTarget	1	279517
1397.67	0.8	NonTarget	1	279534
1397.75	0.8	NonTarget	1	279550
1397.835	0.8	NonTarget	1	279567
1397.92	0.8	NonTarget	1	279584
1398.0	0.8	NonTarget	1	279600
1398.085	0.8	NonTarget	1	279617
1398.17	0.8	NonTarget	1	279634
1398.255	0.8	Target	2	279651
1398.335	0.8	NonTarget	1	279667
1398.42	0.8	NonTarget	1	279684
1398.82	0.8	NonTarget	1	279764
1398.905	0.8	NonTarget	1	279781
1398.985	0.8	NonTarget	1	279797
1399.07	0.8	NonTarget	1	279814
1399.155	0.8	NonTarget	1	279831
1399.235	0.8	NonTarget	1	279847
1399.32	0.8	NonTarget	1	279864
1399.405	0.8	NonTarget	1	279881
1399.485	0.8	NonTarget	1	279897
1399.575	0.8	NonTarget	1	279915
1399.655	0.8	NonTarget	1	279931
1399.735	0.8	NonTarget	1	279947
1399.82	0.8	NonTarget	1	279964
1399.905	0.8	NonTarget	1	279981
1399.99	0.8	NonTarget	1	279998
1400.07	0.8	NonTarget	1	280014
1400.155	0.8	NonTarget	1	280031
1400.24	0.8	NonTarget	1	280048
1400.32	0.8	NonTarget	1	280064
1400.405	0.8	NonTarget	1	280081
1400.49	0.8	NonTarget	1	280098
1400.575	0.8	NonTarget	1	280115
1400.655	0.8	NonTarget	1	280131
1400.74	0.8	NonTarget	1	280148
1400.825	0.8	NonTarget	1	280165
1400.905	0.8	NonTarget	1	280181
1400.99	0.8	NonTarget	1	280198
1401.075	0.8	Target	2	280215
1401.155	0.8	NonTarget	1	280231
1401.24	0.8	NonTarget	1	280248
1401.64	0.8	NonTarget	1	280328
1401.725	0.8	NonTarget	1	280345
1401.81	0.8	NonTarget	1	280362
1401.89	0.8	NonTarget	1	280378
1401.975	0.8	NonTarget	1	280395
1402.055	0.8	NonTarget	1	280411
1402.14	0.8	NonTarget	1	280428
1402.225	0.8	NonTarget	1	280445
1402.31	0.8	NonTarget	1	280462
1402.395	0.8	NonTarget	1	280479
1402.475	0.8	NonTarget	1	280495
1402.56	0.8	NonTarget	1	280512
1402.64	0.8	NonTarget	1	280528
1402.725	0.8	NonTarget	1	280545
1402.81	0.8	NonTarget	1	280562
1402.895	0.8	NonTarget	1	280579
1402.975	0.8	NonTarget	1	280595
1403.06	0.8	NonTarget	1	280612
1403.14	0.8	NonTarget	1	280628
1403.225	0.8	NonTarget	1	280645
1403.31	0.8	NonTarget	1	280662
1403.395	0.8	NonTarget	1	280679
1403.475	0.8	NonTarget	1	280695
1403.56	0.8	NonTarget	1	280712
1403.64	0.8	NonTarget	1	280728
1403.725	0.8	NonTarget	1	280745
1403.81	0.8	NonTarget	1	280762
1403.895	0.8	Target	2	280779
1403.98	0.8	NonTarget	1	280796
1404.06	0.8	NonTarget	1	280812
1404.46	0.8	NonTarget	1	280892
1404.545	0.8	NonTarget	1	280909
1404.63	0.8	NonTarget	1	280926
1404.71	0.8	NonTarget	1	280942
1404.795	0.8	NonTarget	1	280959
1404.88	0.8	NonTarget	1	280976
1404.96	0.8	NonTarget	1	280992
1405.045	0.8	NonTarget	1	281009
1405.13	0.8	NonTarget	1	281026
1405.21	0.8	NonTarget	1	281042
1405.295	0.8	NonTarget	1	281059
1405.38	0.8	NonTarget	1	281076
1405.465	0.8	Target	2	281093
1405.55	0.8	NonTarget	1	281110
1405.63	0.8	NonTarget	1	281126
1405.715	0.8	NonTarget	1	281143
1405.795	0.8	NonTarget	1	281159
1405.88	0.8	NonTarget	1	281176
1405.965	0.8	NonTarget	1	281193
1406.045	0.8	NonTarget	1	281209
1406.13	0.8	NonTarget	1	281226
1406.21	0.8	NonTarget	1	281242
1406.295	0.8	NonTarget	1	281259
1406.38	0.8	NonTarget	1	281276
1406.465	0.8	NonTarget	1	281293
1406.55	0.8	NonTarget	1	281310
1406.63	0.8	NonTarget	1	281326
1406.715	0.8	NonTarget	1	281343
1406.8	0.8	NonTarget	1	281360
1406.88	0.8	NonTarget	1	281376
1407.28	0.8	NonTarget	1	281456
1407.365	0.8	NonTarget	1	281473
1407.45	0.8	Target	2	281490
1407.53	0.8	NonTarget	1	281506
1407.615	0.8	NonTarget	1	281523
1407.7	0.8	NonTarget	1	281540
1407.78	0.8	NonTarget	1	281556
1407.865	0.8	NonTarget	1	281573
1407.95	0.8	NonTarget	1	281590
1408.035	0.8	NonTarget	1	281607
1408.115	0.8	NonTarget	1	281623
1408.2	0.8	NonTarget	1	281640
1408.285	0.8	NonTarget	1	281657
1408.365	0.8	NonTarget	1	281673
1408.45	0.8	NonTarget	1	281690
1408.535	0.8	NonTarget	1	281707
1408.62	0.8	NonTarget	1	281724
1408.7	0.8	NonTarget	1	281740
1408.785	0.8	NonTarget	1	281757
1408.865	0.8	NonTarget	1	281773
1408.95	0.8	NonTarget	1	281790
1409.035	0.8	NonTarget	1	281807
1409.12	0.8	NonTarget	1	281824
1409.2	0.8	NonTarget	1	281840
1409.285	0.8	NonTarget	1	281857
1409.37	0.8	NonTarget	1	281874
1409.45	0.8	NonTarget	1	281890
1409.535	0.8	NonTarget	1	281907
1409.62	0.8	NonTarget	1	281924
1409.7	0.8	NonTarget	1	281940
1419.635	0.8	NonTarget	1	283927
1419.715	0.8	NonTarget	1	283943
1419.8	0.8	NonTarget	1	283960
1419.885	0.8	NonTarget	1	283977
1419.965	0.8	NonTarget	1	283993
1420.05	0.8	NonTarget	1	284010
1420.13	0.8	NonTarget	1	284026
1420.215	0.8	NonTarget	1	284043
1420.3	0.8	Target	2	284060
1420.385	0.8	NonTarget	1	284077
1420.47	0.8	NonTarget	1	284094
1420.55	0.8	NonTarget	1	284110
1420.635	0.8	NonTarget	1	284127
1420.715	0.8	NonTarget	1	284143
1420.8	0.8	NonTarget	1	284160
1420.885	0.8	NonTarget	1	284177
1420.97	0.8	NonTarget	1	284194
1421.05	0.8	NonTarget	1	284210
1421.135	0.8	NonTarget	1	284227
1421.22	0.8	NonTarget	1	284244
1421.3	0.8	NonTarget	1	284260
1421.385	0.8	NonTarget	1	284277
1421.47	0.8	NonTarget	1	284294
1421.555	0.8	NonTarget	1	284311
1421.635	0.8	NonTarget	1	284327
1421.72	0.8	NonTarget	1	284344
1421.8	0.8	NonTarget	1	284360
1421.885	0.8	NonTarget	1	284377
1421.97	0.8	NonTarget	1	284394
1422.05	0.8	NonTarget	1	284410
1422.455	0.8	NonTarget	1	284491
1422.535	0.8	NonTarget	1	284507
1422.62	0.8	NonTarget	1	284524
1422.705	0.8	NonTarget	1	284541
1422.785	0.8	NonTarget	1	284557
1422.87	0.8	NonTarget	1	284574
1422.955	0.8	NonTarget	1	284591
1423.035	0.8	NonTarget	1	284607
1423.12	0.8	NonTarget	1	284624
1423.205	0.8	NonTarget	1	284641
1423.285	0.8	NonTarget	1	284657
1423.37	0.8	NonTarget	1	284674
1423.455	0.8	NonTarget	1	284691
1423.54	0.8	Target	2	284708
1423.62	0.8	NonTarget	1	284724
1423.705	0.8	NonTarget	1	284741
1423.79	0.8	NonTarget	1	284758
1423.875	0.8	NonTarget	1	284775
1423.955	0.8	NonTarget	1	284791
1424.04	0.8	NonTarget	1	284808
1424.12	0.8	NonTarget	1	284824
1424.205	0.8	NonTarget	1	284841
1424.29	0.8	NonTarget	1	284858
1424.375	0.8	NonTarget	1	284875
1424.455	0.8	NonTarget	1	284891
1424.54	0.8	NonTarget	1	284908
1424.625	0.8	NonTarget	1	284925
1424.705	0.8	NonTarget	1	284941
1424.79	0.8	NonTarget	1	284958
1424.875	0.8	NonTarget	1	284975
1425.275	0.8	NonTarget	1	285055
1425.355	0.8	NonTarget	1	285071
1425.44	0.8	NonTarget	1	285088
1425.525	0.8	NonTarget	1	285105
1425.605	0.8	NonTarget	1	285121
1425.69	0.8	NonTarget	1	285138
1425.775	0.8	NonTarget	1	285155
1425.86	0.8	NonTarget	1	285172
1425.945	0.8	NonTarget	1	285189
1426.025	0.8	NonTarget	1	285205
1426.11	0.8	NonTarget	1	285222
1426.195	0.8	NonTarget	1	285239
1426.275	0.8	NonTarget	1	285255
1426.36	0.8	NonTarget	1	285272
1426.44	0.8	NonTarget	1	285288
1426.525	0.8	NonTarget	1	285305
1426.61	0.8	NonTarget	1	285322
1426.695	0.8	NonTarget	1	285339
1426.775	0.8	Target	2	285355
1426.86	0.8	NonTarget	1	285372
1426.945	0.8	NonTarget	1	285389
1427.025	0.8	NonTarget	1	285405
1427.11	0.8	NonTarget	1	285422
1427.195	0.8	NonTarget	1	285439
1427.275	0.8	NonTarget	1	285455
1427.36	0.8	NonTarget	1	285472
1427.445	0.8	NonTarget	1	285489
1427.525	0.8	NonTarget	1	285505
1427.61	0.8	NonTarget	1	285522
1427.695	0.8	NonTarget	1	285539
1428.095	0.8	NonTarget	1	285619
1428.18	0.8	NonTarget	1	285636
1428.26	0.8	NonTarget	1	285652
1428.345	0.8	NonTarget	1	285669
1428.43	0.8	NonTarget	1	285686
1428.51	0.8	NonTarget	1	285702
1428.595	0.8	NonTarget	1	285719
1428.68	0.8	NonTarget	1	285736
1428.76	0.8	NonTarget	1	285752
1428.845	0.8	NonTarget	1	285769
1428.93	0.8	NonTarget	1	285786
1429.01	0.8	NonTarget	1	285802
1429.095	0.8	NonTarget	1	285819
1429.18	0.8	Target	2	285836
1429.265	0.8	NonTarget	1	285853
1429.345	0.8	NonTarget	1	285869
1429.43	0.8	NonTarget	1	285886
1429.515	0.8	NonTarget	1	285903
1429.595	0.8	NonTarget	1	285919
1429.68	0.8	NonTarget	1	285936
1429.765	0.8	NonTarget	1	285953
1429.845	0.8	NonTarget	1	285969
1429.93	0.8	NonTarget	1	285986
1430.015	0.8	NonTarget	1	286003
1430.095	0.8	NonTarget	1	286019
1430.185	0.8	NonTarget	1	286037
1430.265	0.8	NonTarget	1	286053
1430.35	0.8	NonTarget	1	286070
1430.43	0.8	NonTarget	1	286086
1430.515	0.8	NonTarget	1	286103
1430.915	0.8	NonTarget	1	286183
1431.0	0.8	NonTarget	1	286200
1431.08	0.8	NonTarget	1	286216
1431.165	0.8	NonTarget	1	286233
1431.25	0.8	NonTarget	1	286250
1431.33	0.8	NonTarget	1	286266
1431.415	0.8	NonTarget	1	286283
1431.5	0.8	NonTarget	1	286300
1431.585	0.8	NonTarget	1	286317
1431.665	0.8	NonTarget	1	286333
1431.75	0.8	NonTarget	1	286350
1431.835	0.8	NonTarget	1	286367
1431.915	0.8	NonTarget	1	286383
1432.0	0.8	NonTarget	1	286400
1432.08	0.8	NonTarget	1	286416
1432.165	0.8	NonTarget	1	286433
1432.25	0.8	NonTarget	1	286450
1432.335	0.8	NonTarget	1	286467
1432.42	0.8	NonTarget	1	286484
1432.5	0.8	NonTarget	1	286500
1432.585	0.8	NonTarget	1	286517
1432.67	0.8	NonTarget	1	286534
1432.75	0.8	NonTarget	1	286550
1432.835	0.8	Target	2	286567
1432.92	0.8	NonTarget	1	286584
1433.0	0.8	NonTarget	1	286600
1433.085	0.8	NonTarget	1	286617
1433.17	0.8	NonTarget	1	286634
1433.25	0.8	NonTarget	1	286650
1433.335	0.8	NonTarget	1	286667
1433.735	0.8	NonTarget	1	286747
1433.82	0.8	NonTarget	1	286764
1433.9	0.8	NonTarget	1	286780
1433.985	0.8	Target	2	286797
1434.07	0.8	NonTarget	1	286814
1434.155	0.8	NonTarget	1	286831
1434.235	0.8	NonTarget	1	286847
1434.32	0.8	NonTarget	1	286864
1434.405	0.8	NonTarget	1	286881
1434.485	0.8	NonTarget	1	286897
1434.57	0.8	NonTarget	1	286914
1434.655	0.8	NonTarget	1	286931
1434.74	0.8	NonTarget	1	286948
1434.82	0.8	NonTarget	1	286964
1434.905	0.8	NonTarget	1	286981
1434.985	0.8	NonTarget	1	286997
1435.07	0.8	NonTarget	1	287014
1435.155	0.8	NonTarget	1	287031
1435.235	0.8	NonTarget	1	287047
1435.32	0.8	NonTarget	1	287064
1435.405	0.8	NonTarget	1	287081
1435.485	0.8	NonTarget	1	287097
1435.575	0.8	NonTarget	1	287115
1435.655	0.8	NonTarget	1	287131
1435.74	0.8	NonTarget	1	287148
1435.825	0.8	NonTarget	1	287165
1435.905	0.8	NonTarget	1	287181
1435.99	0.8	NonTarget	1	287198
1436.075	0.8	NonTarget	1	287215
1436.155	0.8	NonTarget	1	287231
1436.555	0.8	NonTarget	1	287311
1436.64	0.8	NonTarget	1	287328
1436.725	0.8	NonTarget	1	287345
1436.805	0.8	NonTarget	1	287361
1436.89	0.8	NonTarget	1	287378
1436.975	0.8	NonTarget	1	287395
1437.06	0.8	NonTarget	1	287412
1437.14	0.8	NonTarget	1	287428
1437.225	0.8	Target	2	287445
1437.305	0.8	NonTarget	1	287461
1437.39	0.8	NonTarget	1	287478
1437.475	0.8	NonTarget	1	287495
1437.56	0.8	NonTarget	1	287512
1437.64	0.8	NonTarget	1	287528
1437.725	0.8	NonTarget	1	287545
1437.81	0.8	NonTarget	1	287562
1437.89	0.8	NonTarget	1	287578
1437.975	0.8	NonTarget	1	287595
1438.06	0.8	NonTarget	1	287612
1438.14	0.8	NonTarget	1	287628
1438.225	0.8	NonTarget	1	287645
1438.31	0.8	NonTarget	1	287662
1438.395	0.8	NonTarget	1	287679
1438.475	0.8	NonTarget	1	287695
1438.56	0.8	NonTarget	1	287712
1438.64	0.8	NonTarget	1	287728
1438.725	0.8	NonTarget	1	287745
1438.81	0.8	NonTarget	1	287762
1438.895	0.8	NonTarget	1	287779
1438.975	0.8	NonTarget	1	287795
1439.375	0.8	NonTarget	1	287875
1439.46	0.8	NonTarget	1	287892
1439.545	0.8	NonTarget	1	287909
1439.63	0.8	NonTarget	1	287926
1439.71	0.8	NonTarget	1	287942
1439.795	0.8	NonTarget	1	287959
1439.875	0.8	NonTarget	1	287975
1439.96	0.8	NonTarget	1	287992
1440.045	0.8	NonTarget	1	288009
1440.13	0.8	NonTarget	1	288026
1440.21	0.8	NonTarget	1	288042
1440.295	0.8	NonTarget	1	288059
1440.38	0.8	NonTarget	1	288076
1440.46	0.8	NonTarget	1	288092
1440.545	0.8	NonTarget	1	288109
1440.63	0.8	NonTarget	1	288126
1440.715	0.8	NonTarget	1	288143
1440.795	0.8	NonTarget	1	288159
1440.88	0.8	NonTarget	1	288176
1440.965	0.8	NonTarget	1	288193
1441.045	0.8	NonTarget	1	288209
1441.13	0.8	NonTarget	1	288226
1441.215	0.8	NonTarget	1	288243
1441.295	0.8	Target	2	288259
1441.38	0.8	NonTarget	1	288276
1441.465	0.8	NonTarget	1	288293
1441.55	0.8	NonTarget	1	288310
1441.63	0.8	NonTarget	1	288326
1441.715	0.8	NonTarget	1	288343
1441.795	0.8	NonTarget	1	288359
1442.2	0.8	NonTarget	1	288440
1442.28	0.8	NonTarget	1	288456
1442.365	0.8	NonTarget	1	288473
1442.45	0.8	NonTarget	1	288490
1442.53	0.8	NonTarget	1	288506
1442.615	0.8	NonTarget	1	288523
1442.7	0.8	NonTarget	1	288540
1442.78	0.8	NonTarget	1	288556
1442.865	0.8	NonTarget	1	288573
1442.95	0.8	NonTarget	1	288590
1443.035	0.8	NonTarget	1	288607
1443.115	0.8	NonTarget	1	288623
1443.2	0.8	NonTarget	1	288640
1443.28	0.8	NonTarget	1	288656
1443.37	0.8	NonTarget	1	288674
1443.45	0.8	NonTarget	1	288690
1443.53	0.8	NonTarget	1	288706
1443.615	0.8	NonTarget	1	288723
1443.7	0.8	NonTarget	1	288740
1443.785	0.8	NonTarget	1	288757
1443.865	0.8	NonTarget	1	288773
1443.95	0.8	NonTarget	1	288790
1444.035	0.8	NonTarget	1	288807
1444.115	0.8	NonTarget	1	288823
1444.2	0.8	NonTarget	1	288840
1444.285	0.8	NonTarget	1	288857
1444.365	0.8	NonTarget	1	288873
1444.45	0.8	NonTarget	1	288890
1444.535	0.8	Target	2	288907
1444.62	0.8	NonTarget	1	288924
1445.02	0.8	NonTarget	1	289004
1445.1	0.8	NonTarget	1	289020
1445.185	0.8	NonTarget	1	289037
1445.27	0.8	NonTarget	1	289054
1445.35	0.8	NonTarget	1	289070
1445.435	0.8	NonTarget	1	289087
1445.52	0.8	NonTarget	1	289104
1445.6	0.8	NonTarget	1	289120
1445.685	0.8	NonTarget	1	289137
1445.77	0.8	NonTarget	1	289154
1445.855	0.8	NonTarget	1	289171
1445.935	0.8	NonTarget	1	289187
1446.02	0.8	NonTarget	1	289204
1446.105	0.8	Target	2	289221
1446.185	0.8	NonTarget	1	289237
1446.27	0.8	NonTarget	1	289254
1446.355	0.8	NonTarget	1	289271
1446.435	0.8	NonTarget	1	289287
1446.52	0.8	NonTarget	1	289304
1446.605	0.8	NonTarget	1	289321
1446.685	0.8	NonTarget	1	289337
1446.77	0.8	NonTarget	1	289354
1446.855	0.8	NonTarget	1	289371
1446.94	0.8	NonTarget	1	289388
1447.02	0.8	NonTarget	1	289404
1447.105	0.8	NonTarget	1	289421
1447.19	0.8	NonTarget	1	289438
1447.27	0.8	NonTarget	1	289454
1447.355	0.8	NonTarget	1	289471
1447.44	0.8	NonTarget	1	289488
1457.37	0.8	NonTarget	1	291474
1457.455	0.8	NonTarget	1	291491
1457.535	0.8	NonTarget	1	291507
1457.62	0.8	NonTarget	1	291524
1457.705	0.8	NonTarget	1	291541
1457.785	0.8	NonTarget	1	291557
1457.87	0.8	NonTarget	1	291574
1457.955	0.8	NonTarget	1	291591
1458.035	0.8	Target	2	291607
1458.12	0.8	NonTarget	1	291624
1458.205	0.8	NonTarget	1	291641
1458.285	0.8	NonTarget	1	291657
1458.37	0.8	NonTarget	1	291674
1458.455	0.8	NonTarget	1	291691
1458.54	0.8	NonTarget	1	291708
1458.62	0.8	NonTarget	1	291724
1458.705	0.8	NonTarget	1	291741
1458.79	0.8	NonTarget	1	291758
1458.87	0.8	NonTarget	1	291774
1458.955	0.8	NonTarget	1	291791
1459.04	0.8	NonTarget	1	291808
1459.12	0.8	NonTarget	1	291824
1459.205	0.8	NonTarget	1	291841
1459.29	0.8	NonTarget	1	291858
1459.37	0.8	NonTarget	1	291874
1459.455	0.8	NonTarget	1	291891
1459.54	0.8	NonTarget	1	291908
1459.62	0.8	NonTarget	1	291924
1459.705	0.8	NonTarget	1	291941
1459.79	0.8	NonTarget	1	291958
1460.19	0.8	NonTarget	1	292038
1460.275	0.8	NonTarget	1	292055
1460.355	0.8	NonTarget	1	292071
1460.44	0.8	NonTarget	1	292088
1460.525	0.8	NonTarget	1	292105
1460.605	0.8	NonTarget	1	292121
1460.69	0.8	NonTarget	1	292138
1460.775	0.8	NonTarget	1	292155
1460.86	0.8	NonTarget	1	292172
1460.94	0.8	NonTarget	1	292188
1461.025	0.8	NonTarget	1	292205
1461.11	0.8	NonTarget	1	292222
1461.195	0.8	NonTarget	1	292239
1461.275	0.8	NonTarget	1	292255
1461.36	0.8	NonTarget	1	292272
1461.44	0.8	NonTarget	1	292288
1461.525	0.8	NonTarget	1	292305
1461.61	0.8	NonTarget	1	292322
1461.69	0.8	Target	2	292338
1461.775	0.8	NonTarget	1	292355
1461.86	0.8	NonTarget	1	292372
1461.945	0.8	NonTarget	1	292389
1462.025	0.8	NonTarget	1	292405
1462.11	0.8	NonTarget	1	292422
1462.19	0.8	NonTarget	1	292438
1462.275	0.8	NonTarget	1	292455
1462.36	0.8	NonTarget	1	292472
1462.445	0.8	NonTarget	1	292489
1462.525	0.8	NonTarget	1	292505
1462.61	0.8	NonTarget	1	292522
1463.01	0.8	NonTarget	1	292602
1463.095	0.8	NonTarget	1	292619
1463.175	0.8	NonTarget	1	292635
1463.26	0.8	NonTarget	1	292652
1463.345	0.8	NonTarget	1	292669
1463.425	0.8	NonTarget	1	292685
1463.51	0.8	NonTarget	1	292702
1463.595	0.8	NonTarget	1	292719
1463.68	0.8	NonTarget	1	292736
1463.76	0.8	NonTarget	1	292752
1463.845	0.8	NonTarget	1	292769
1463.93	0.8	NonTarget	1	292786
1464.015	0.8	NonTarget	1	292803
1464.095	0.8	NonTarget	1	292819
1464.18	0.8	NonTarget	1	292836
1464.265	0.8	NonTarget	1	292853
1464.345	0.8	NonTarget	1	292869
1464.43	0.8	NonTarget	1	292886
1464.515	0.8	NonTarget	1	292903
1464.595	0.8	NonTarget	1	292919
1464.68	0.8	NonTarget	1	292936
1464.765	0.8	NonTarget	1	292953
1464.845	0.8	NonTarget	1	292969
1464.93	0.8	Target	2	292986
1465.015	0.8	NonTarget	1	293003
1465.095	0.8	NonTarget	1	293019
1465.18	0.8	NonTarget	1	293036
1465.265	0.8	NonTarget	1	293053
1465.35	0.8	NonTarget	1	293070
1465.43	0.8	NonTarget	1	293086
1465.83	0.8	NonTarget	1	293166
1465.915	0.8	NonTarget	1	293183
1465.995	0.8	NonTarget	1	293199
1466.08	0.8	NonTarget	1	293216
1466.165	0.8	NonTarget	1	293233
1466.25	0.8	NonTarget	1	293250
1466.33	0.8	NonTarget	1	293266
1466.415	0.8	NonTarget	1	293283
1466.5	0.8	NonTarget	1	293300
1466.58	0.8	NonTarget	1	293316
1466.67	0.8	NonTarget	1	293334
1466.75	0.8	NonTarget	1	293350
1466.835	0.8	NonTarget	1	293367
1466.915	0.8	NonTarget	1	293383
1467.0	0.8	NonTarget	1	293400
1467.085	0.8	NonTarget	1	293417
1467.165	0.8	NonTarget	1	293433
1467.25	0.8	NonTarget	1	293450
1467.335	0.8	Target	2	293467
1467.415	0.8	NonTarget	1	293483
1467.5	0.8	NonTarget	1	293500
1467.585	0.8	NonTarget	1	293517
1467.665	0.8	NonTarget	1	293533
1467.75	0.8	NonTarget	1	293550
1467.835	0.8	NonTarget	1	293567
1467.915	0.8	NonTarget	1	293583
1468.0	0.8	NonTarget	1	293600
1468.085	0.8	NonTarget	1	293617
1468.17	0.8	NonTarget	1	293634
1468.25	0.8	NonTarget	1	293650
1468.65	0.8	NonTarget	1	293730
1468.735	0.8	NonTarget	1	293747
1468.82	0.8	NonTarget	1	293764
1468.9	0.8	NonTarget	1	293780
1468.985	0.8	NonTarget	1	293797
1469.07	0.8	NonTarget	1	293814
1469.155	0.8	NonTarget	1	293831
1469.235	0.8	NonTarget	1	293847
1469.32	0.8	NonTarget	1	293864
1469.405	0.8	NonTarget	1	293881
1469.485	0.8	NonTarget	1	293897
1469.57	0.8	NonTarget	1	293914
1469.65	0.8	NonTarget	1	293930
1469.74	0.8	NonTarget	1	293948
1469.82	0.8	NonTarget	1	293964
1469.905	0.8	NonTarget	1	293981
1469.985	0.8	NonTarget	1	293997
1470.07	0.8	NonTarget	1	294014
1470.155	0.8	Target	2	294031
1470.24	0.8	NonTarget	1	294048
1470.32	0.8	NonTarget	1	294064
1470.405	0.8	NonTarget	1	294081
1470.49	0.8	NonTarget	1	294098
1470.57	0.8	NonTarget	1	294114
1470.655	0.8	NonTarget	1	294131
1470.74	0.8	NonTarget	1	294148
1470.82	0.8	NonTarget	1	294164
1470.905	0.8	NonTarget	1	294181
1470.99	0.8	NonTarget	1	294198
1471.07	0.8	NonTarget	1	294214
1471.475	0.8	NonTarget	1	294295
1471.555	0.8	NonTarget	1	294311
1471.64	0.8	NonTarget	1	294328
1471.725	0.8	NonTarget	1	294345
1471.805	0.8	NonTarget	1	294361
1471.89	0.8	NonTarget	1	294378
1471.975	0.8	NonTarget	1	294395
1472.06	0.8	NonTarget	1	294412
1472.14	0.8	Target	2	294428
1472.225	0.8	NonTarget	1	294445
1472.305	0.8	NonTarget	1	294461
1472.39	0.8	NonTarget	1	294478
1472.475	0.8	NonTarget	1	294495
1472.56	0.8	NonTarget	1	294512
1472.64	0.8	NonTarget	1	294528
1472.725	0.8	NonTarget	1	294545
1472.81	0.8	NonTarget	1	294562
1472.89	0.8	NonTarget	1	294578
1472.975	0.8	NonTarget	1	294595
1473.06	0.8	NonTarget	1	294612
1473.145	0.8	NonTarget	1	294629
1473.225	0.8	NonTarget	1	294645
1473.31	0.8	NonTarget	1	294662
1473.395	0.8	NonTarget	1	294679
1473.475	0.8	NonTarget	1	294695
1473.555	0.8	NonTarget	1	294711
1473.64	0.8	NonTarget	1	294728
1473.725	0.8	NonTarget	1	294745
1473.81	0.8	NonTarget	1	294762
1473.89	0.8	NonTarget	1	294778
1474.29	0.8	NonTarget	1	294858
1474.375	0.8	NonTarget	1	294875
1474.46	0.8	NonTarget	1	294892
1474.545	0.8	NonTarget	1	294909
1474.625	0.8	NonTarget	1	294925
1474.71	0.8	NonTarget	1	294942
1474.795	0.8	NonTarget	1	294959
1474.875	0.8	NonTarget	1	294975
1474.96	0.8	NonTarget	1	294992
1475.045	0.8	NonTarget	1	295009
1475.125	0.8	NonTarget	1	295025
1475.21	0.8	NonTarget	1	295042
1475.295	0.8	NonTarget	1	295059
1475.38	0.8	Target	2	295076
1475.465	0.8	NonTarget	1	295093
1475.545	0.8	NonTarget	1	295109
1475.63	0.8	NonTarget	1	295126
1475.715	0.8	NonTarget	1	295143
1475.795	0.8	NonTarget	1	295159
1475.88	0.8	NonTarget	1	295176
1475.96	0.8	NonTarget	1	295192
1476.045	0.8	NonTarget	1	295209
1476.13	0.8	NonTarget	1	295226
1476.215	0.8	NonTarget	1	295243
1476.295	0.8	NonTarget	1	295259
1476.38	0.8	NonTarget	1	295276
1476.465	0.8	NonTarget	1	295293
1476.545	0.8	NonTarget	1	295309
1476.63	0.8	NonTarget	1	295326
1476.715	0.8	NonTarget	1	295343
1477.115	0.8	NonTarget	1	295423
1477.2	0.8	NonTarget	1	295440
1477.28	0.8	NonTarget	1	295456
1477.365	0.8	NonTarget	1	295473
1477.45	0.8	NonTarget	1	295490
1477.53	0.8	NonTarget	1	295506
1477.615	0.8	NonTarget	1	295523
1477.7	0.8	NonTarget	1	295540
1477.78	0.8	NonTarget	1	295556
1477.865	0.8	NonTarget	1	295573
1477.95	0.8	NonTarget	1	295590
1478.03	0.8	NonTarget	1	295606
1478.115	0.8	NonTarget	1	295623
1478.2	0.8	NonTarget	1	295640
1478.285	0.8	NonTarget	1	295657
1478.365	0.8	NonTarget	1	295673
1478.45	0.8	NonTarget	1	295690
1478.53	0.8	NonTarget	1	295706
1478.615	0.8	Target	2	295723
1478.7	0.8	NonTarget	1	295740
1478.785	0.8	NonTarget	1	295757
1478.865	0.8	NonTarget	1	295773
1478.95	0.8	NonTarget	1	295790
1479.035	0.8	NonTarget	1	295807
1479.115	0.8	NonTarget	1	295823
1479.2	0.8	NonTarget	1	295840
1479.285	0.8	NonTarget	1	295857
1479.365	0.8	NonTarget	1	295873
1479.45	0.8	NonTarget	1	295890
1479.535	0.8	NonTarget	1	295907
1479.935	0.8	NonTarget	1	295987
1480.02	0.8	NonTarget	1	296004
1480.1	0.8	NonTarget	1	296020
1480.185	0.8	NonTarget	1	296037
1480.27	0.8	NonTarget	1	296054
1480.35	0.8	NonTarget	1	296070
1480.435	0.8	NonTarget	1	296087
1480.52	0.8	NonTarget	1	296104
1480.6	0.8	NonTarget	1	296120
1480.685	0.8	NonTarget	1	296137
1480.77	0.8	NonTarget	1	296154
1480.85	0.8	NonTarget	1	296170
1480.935	0.8	NonTarget	1	296187
1481.02	0.8	Target	2	296204
1481.105	0.8	NonTarget	1	296221
1481.19	0.8	NonTarget	1	296238
1481.27	0.8	NonTarget	1	296254
1481.355	0.8	NonTarget	1	296271
1481.435	0.8	NonTarget	1	296287
1481.52	0.8	NonTarget	1	296304
1481.605	0.8	NonTarget	1	296321
1481.685	0.8	NonTarget	1	296337
1481.77	0.8	NonTarget	1	296354
1481.855	0.8	NonTarget	1	296371
1481.935	0.8	NonTarget	1	296387
1482.02	0.8	NonTarget	1	296404
1482.105	0.8	NonTarget	1	296421
1482.19	0.8	NonTarget	1	296438
1482.27	0.8	NonTarget	1	296454
1482.355	0.8	NonTarget	1	296471
1482.755	0.8	NonTarget	1	296551
1482.84	0.8	NonTarget	1	296568
1482.925	0.8	NonTarget	1	296585
1483.005	0.8	NonTarget	1	296601
1483.09	0.8	NonTarget	1	296618
1483.175	0.8	NonTarget	1	296635
1483.255	0.8	NonTarget	1	296651
1483.34	0.8	NonTarget	1	296668
1483.425	0.8	Target	2	296685
1483.505	0.8	NonTarget	1	296701
1483.59	0.8	NonTarget	1	296718
1483.675	0.8	NonTarget	1	296735
1483.755	0.8	NonTarget	1	296751
1483.84	0.8	NonTarget	1	296768
1483.92	0.8	NonTarget	1	296784
1484.005	0.8	NonTarget	1	296801
1484.09	0.8	NonTarget	1	296818
1484.175	0.8	NonTarget	1	296835
1484.26	0.8	NonTarget	1	296852
1484.34	0.8	NonTarget	1	296868
1484.425	0.8	NonTarget	1	296885
1484.51	0.8	NonTarget	1	296902
1484.595	0.8	NonTarget	1	296919
1484.675	0.8	NonTarget	1	296935
1484.76	0.8	NonTarget	1	296952
1484.84	0.8	NonTarget	1	296968
1484.925	0.8	NonTarget	1	296985
1485.01	0.8	NonTarget	1	297002
1485.09	0.8	NonTarget	1	297018
1485.175	0.8	NonTarget	1	297035
1495.11	0.8	NonTarget	1	299022
1495.19	0.8	NonTarget	1	299038
1495.275	0.8	NonTarget	1	299055
1495.355	0.8	NonTarget	1	299071
1495.44	0.8	NonTarget	1	299088
1495.525	0.8	NonTarget	1	299105
1495.605	0.8	NonTarget	1	299121
1495.69	0.8	NonTarget	1	299138
1495.775	0.8	NonTarget	1	299155
1495.855	0.8	NonTarget	1	299171
1495.94	0.8	NonTarget	1	299188
1496.025	0.8	NonTarget	1	299205
1496.11	0.8	NonTarget	1	299222
1496.19	0.8	NonTarget	1	299238
1496.275	0.8	NonTarget	1	299255
1496.36	0.8	NonTarget	1	299272
1496.44	0.8	Target	2	299288
1496.525	0.8	NonTarget	1	299305
1496.61	0.8	NonTarget	1	299322
1496.69	0.8	NonTarget	1	299338
1496.775	0.8	NonTarget	1	299355
1496.86	0.8	NonTarget	1	299372
1496.945	0.8	NonTarget	1	299389
1497.025	0.8	NonTarget	1	299405
1497.11	0.8	NonTarget	1	299422
1497.195	0.8	NonTarget	1	299439
1497.275	0.8	NonTarget	1	299455
1497.36	0.8	NonTarget	1	299472
1497.445	0.8	NonTarget	1	299489
1497.525	0.8	NonTarget	1	299505
1497.925	0.8	NonTarget	1	299585
1498.01	0.8	NonTarget	1	299602
1498.095	0.8	NonTarget	1	299619
1498.175	0.8	NonTarget	1	299635
1498.26	0.8	NonTarget	1	299652
1498.345	0.8	NonTarget	1	299669
1498.43	0.8	NonTarget	1	299686
1498.51	0.8	NonTarget	1	299702
1498.595	0.8	NonTarget	1	299719
1498.675	0.8	NonTarget	1	299735
1498.76	0.8	NonTarget	1	299752
1498.845	0.8	Target	2	299769
1498.93	0.8	NonTarget	1	299786
1499.01	0.8	NonTarget	1	299802
1499.095	0.8	NonTarget	1	299819
1499.18	0.8	NonTarget	1	299836
1499.26	0.8	NonTarget	1	299852
1499.345	0.8	NonTarget	1	299869
1499.43	0.8	NonTarget	1	299886
1499.515	0.8	NonTarget	1	299903
1499.595	0.8	NonTarget	1	299919
1499.68	0.8	NonTarget	1	299936
1499.76	0.8	NonTarget	1	299952
1499.845	0.8	NonTarget	1	299969
1499.93	0.8	NonTarget	1	299986
1500.015	0.8	NonTarget	1	300003
1500.095	0.8	NonTarget	1	300019
1500.18	0.8	NonTarget	1	300036
1500.265	0.8	NonTarget	1	300053
1500.35	0.8	NonTarget	1	300070
1500.75	0.8	NonTarget	1	300150
1500.83	0.8	NonTarget	1	300166
1500.915	0.8	NonTarget	1	300183
1501.0	0.8	NonTarget	1	300200
1501.08	0.8	NonTarget	1	300216
1501.165	0.8	NonTarget	1	300233
1501.25	0.8	NonTarget	1	300250
1501.33	0.8	NonTarget	1	300266
1501.415	0.8	NonTarget	1	300283
1501.5	0.8	NonTarget	1	300300
1501.58	0.8	NonTarget	1	300316
1501.665	0.8	NonTarget	1	300333
1501.75	0.8	NonTarget	1	300350
1501.835	0.8	NonTarget	1	300367
1501.915	0.8	NonTarget	1	300383
1502.0	0.8	NonTarget	1	300400
1502.08	0.8	Target	2	300416
1502.165	0.8	NonTarget	1	300433
1502.25	0.8	NonTarget	1	300450
1502.335	0.8	NonTarget	1	300467
1502.415	0.8	NonTarget	1	300483
1502.5	0.8	NonTarget	1	300500
1502.585	0.8	NonTarget	1	300517
1502.67	0.8	NonTarget	1	300534
1502.75	0.8	NonTarget	1	300550
1502.835	0.8	NonTarget	1	300567
1502.92	0.8	NonTarget	1	300584
1503.0	0.8	NonTarget	1	300600
1503.085	0.8	NonTarget	1	300617
1503.165	0.8	NonTarget	1	300633
1503.57	0.8	NonTarget	1	300714
1503.65	0.8	NonTarget	1	300730
1503.735	0.8	NonTarget	1	300747
1503.82	0.8	NonTarget	1	300764
1503.905	0.8	NonTarget	1	300781
1503.985	0.8	NonTarget	1	300797
1504.07	0.8	NonTarget	1	300814
1504.15	0.8	NonTarget	1	300830
1504.235	0.8	NonTarget	1	300847
1504.32	0.8	NonTarget	1	300864
1504.4	0.8	NonTarget	1	300880
1504.485	0.8	Target	2	300897
1504.57	0.8	NonTarget	1	300914
1504.655	0.8	NonTarget	1	300931
1504.735	0.8	NonTarget	1	300947
1504.82	0.8	NonTarget	1	300964
1504.905	0.8	NonTarget	1	300981
1504.99	0.8	NonTarget	1	300998
1505.07	0.8	NonTarget	1	301014
1505.155	0.8	NonTarget	1	301031
1505.235	0.8	NonTarget	1	301047
1505.32	0.8	NonTarget	1	301064
1505.405	0.8	NonTarget	1	301081
1505.485	0.8	NonTarget	1	301097
1505.57	0.8	NonTarget	1	301114
1505.655	0.8	NonTarget	1	301131
1505.74	0.8	NonTarget	1	301148
1505.82	0.8	NonTarget	1	301164
1505.905	0.8	NonTarget	1	301181
1505.99	0.8	NonTarget	1	301198
1506.39	0.8	NonTarget	1	301278
1506.47	0.8	NonTarget	1	301294
1506.555	0.8	NonTarget	1	301311
1506.64	0.8	NonTarget	1	301328
1506.725	0.8	NonTarget	1	301345
1506.805	0.8	NonTarget	1	301361
1506.89	0.8	NonTarget	1	301378
1506.975	0.8	NonTarget	1	301395
1507.055	0.8	NonTarget	1	301411
1507.14	0.8	NonTarget	1	301428
1507.225	0.8	NonTarget	1	301445
1507.305	0.8	Target	2	301461
1507.39	0.8	NonTarget	1	301478
1507.475	0.8	NonTarget	1	301495
1507.555	0.8	NonTarget	1	301511
1507.64	0.8	NonTarget	1	301528
1507.725	0.8	NonTarget	1	301545
1507.805	0.8	NonTarget	1	301561
1507.89	0.8	NonTarget	1	301578
1507.975	0.8	NonTarget	1	301595
1508.06	0.8	NonTarget	1	301612
1508.145	0.8	NonTarget	1	301629
1508.225	0.8	NonTarget	1	301645
1508.31	0.8	NonTarget	1	301662
1508.395	0.8	NonTarget	1	301679
1508.475	0.8	NonTarget	1	301695
1508.56	0.8	NonTarget	1	301712
1508.64	0.8	NonTarget	1	301728
1508.725	0.8	NonTarget	1	301745
1508.805	0.8	NonTarget	1	301761
1509.21	0.8	NonTarget	1	301842
1509.295	0.8	NonTarget	1	301859
1509.375	0.8	NonTarget	1	301875
1509.46	0.8	NonTarget	1	301892
1509.545	0.8	NonTarget	1	301909
1509.625	0.8	NonTarget	1	301925
1509.71	0.8	NonTarget	1	301942
1509.795	0.8	NonTarget	1	301959
1509.875	0.8	NonTarget	1	301975
1509.96	0.8	NonTarget	1	301992
1510.045	0.8	NonTarget	1	302009
1510.125	0.8	NonTarget	1	302025
1510.21	0.8	NonTarget	1	302042
1510.295	0.8	NonTarget	1	302059
1510.375	0.8	NonTarget	1	302075
1510.46	0.8	NonTarget	1	302092
1510.545	0.8	Target	2	302109
1510.63	0.8	NonTarget	1	302126
1510.71	0.8	NonTarget	1	302142
1510.795	0.8	NonTarget	1	302159
1510.88	0.8	NonTarget	1	302176
1510.96	0.8	NonTarget	1	302192
1511.045	0.8	NonTarget	1	302209
1511.13	0.8	NonTarget	1	302226
1511.21	0.8	NonTarget	1	302242
1511.295	0.8	NonTarget	1	302259
1511.38	0.8	NonTarget	1	302276
1511.465	0.8	NonTarget	1	302293
1511.545	0.8	NonTarget	1	302309
1511.63	0.8	NonTarget	1	302326
1512.03	0.8	NonTarget	1	302406
1512.115	0.8	NonTarget	1	302423
1512.195	0.8	NonTarget	1	302439
1512.28	0.8	NonTarget	1	302456
1512.365	0.8	NonTarget	1	302473
1512.445	0.8	NonTarget	1	302489
1512.53	0.8	NonTarget	1	302506
1512.615	0.8	NonTarget	1	302523
1512.7	0.8	NonTarget	1	302540
1512.78	0.8	NonTarget	1	302556
1512.865	0.8	NonTarget	1	302573
1512.95	0.8	NonTarget	1	302590
1513.03	0.8	NonTarget	1	302606
1513.115	0.8	NonTarget	1	302623
1513.2	0.8	NonTarget	1	302640
1513.28	0.8	NonTarget	1	302656
1513.365	0.8	Target	2	302673
1513.45	0.8	NonTarget	1	302690
1513.535	0.8	NonTarget	1	302707
1513.615	0.8	NonTarget	1	302723
1513.7	0.8	NonTarget	1	302740
1513.78	0.8	NonTarget	1	302756
1513.87	0.8	NonTarget	1	302774
1513.95	0.8	NonTarget	1	302790
1514.035	0.8	NonTarget	1	302807
1514.115	0.8	NonTarget	1	302823
1514.2	0.8	NonTarget	1	302840
1514.285	0.8	NonTarget	1	302857
1514.365	0.8	NonTarget	1	302873
1514.45	0.8	NonTarget	1	302890
1514.85	0.8	NonTarget	1	302970
1514.935	0.8	NonTarget	1	302987
1515.02	0.8	NonTarget	1	303004
1515.1	0.8	NonTarget	1	303020
1515.185	0.8	NonTarget	1	303037
1515.265	0.8	NonTarget	1	303053
1515.35	0.8	NonTarget	1	303070
1515.435	0.8	NonTarget	1	303087
1515.52	0.8	NonTarget	1	303104
1515.6	0.8	NonTarget	1	303120
1515.685	0.8	NonTarget	1	303137
1515.77	0.8	NonTarget	1	303154
1515.855	0.8	NonTarget	1	303171
1515.935	0.8	NonTarget	1	303187
1516.02	0.8	NonTarget	1	303204
1516.105	0.8	NonTarget	1	303221
1516.185	0.8	NonTarget	1	303237
1516.27	0.8	NonTarget	1	303254
1516.355	0.8	NonTarget	1	303271
1516.435	0.8	NonTarget	1	303287
1516.52	0.8	NonTarget	1	303304
1516.605	0.8	NonTarget	1	303321
1516.685	0.8	NonTarget	1	303337
1516.77	0.8	NonTarget	1	303354
1516.855	0.8	NonTarget	1	303371
1516.935	0.8	NonTarget	1	303387
1517.02	0.8	Target	2	303404
1517.105	0.8	NonTarget	1	303421
1517.19	0.8	NonTarget	1	303438
1517.27	0.8	NonTarget	1	303454
1517.67	0.8	NonTarget	1	303534
1517.755	0.8	NonTarget	1	303551
1517.84	0.8	NonTarget	1	303568
1517.92	0.8	NonTarget	1	303584
1518.005	0.8	NonTarget	1	303601
1518.09	0.8	NonTarget	1	303618
1518.17	0.8	NonTarget	1	303634
1518.255	0.8	NonTarget	1	303651
1518.34	0.8	NonTarget	1	303668
1518.425	0.8	NonTarget	1	303685
1518.505	0.8	NonTarget	1	303701
1518.59	0.8	NonTarget	1	303718
1518.675	0.8	NonTarget	1	303735
1518.755	0.8	NonTarget	1	303751
1518.84	0.8	NonTarget	1	303768
1518.925	0.8	NonTarget	1	303785
1519.005	0.8	NonTarget	1	303801
1519.09	0.8	NonTarget	1	303818
1519.175	0.8	NonTarget	1	303835
1519.255	0.8	NonTarget	1	303851
1519.34	0.8	NonTarget	1	303868
1519.425	0.8	NonTarget	1	303885
1519.51	0.8	NonTarget	1	303902
1519.59	0.8	NonTarget	1	303918
1519.675	0.8	NonTarget	1	303935
1519.76	0.8	NonTarget	1	303952
1519.84	0.8	Target	2	303968
1519.925	0.8	NonTarget	1	303985
1520.01	0.8	NonTarget	1	304002
1520.09	0.8	NonTarget	1	304018
1520.49	0.8	NonTarget	1	304098
1520.575	0.8	NonTarget	1	304115
1520.66	0.8	NonTarget	1	304132
1520.745	0.8	NonTarget	1	304149
1520.825	0.8	NonTarget	1	304165
1520.91	0.8	NonTarget	1	304182
1520.995	0.8	NonTarget	1	304199
1521.075	0.8	NonTarget	1	304215
1521.16	0.8	NonTarget	1	304232
1521.245	0.8	NonTarget	1	304249
1521.325	0.8	NonTarget	1	304265
1521.41	0.8	NonTarget	1	304282
1521.495	0.8	NonTarget	1	304299
1521.58	0.8	NonTarget	1	304316
1521.66	0.8	NonTarget	1	304332
1521.745	0.8	NonTarget	1	304349
1521.83	0.8	NonTarget	1	304366
1521.91	0.8	NonTarget	1	304382
1521.995	0.8	NonTarget	1	304399
1522.075	0.8	NonTarget	1	304415
1522.16	0.8	NonTarget	1	304432
1522.245	0.8	NonTarget	1	304449
1522.33	0.8	NonTarget	1	304466
1522.41	0.8	NonTarget	1	304482
1522.495	0.8	NonTarget	1	304499
1522.58	0.8	NonTarget	1	304516
1522.66	0.8	Target	2	304532
1522.745	0.8	NonTarget	1	304549
1522.83	0.8	NonTarget	1	304566
1522.91	0.8	NonTarget	1	304582
1532.83	0.8	NonTarget	1	306566
1532.91	0.8	NonTarget	1	306582
1532.995	0.8	NonTarget	1	306599
1533.075	0.8	NonTarget	1	306615
1533.16	0.8	NonTarget	1	306632
1533.24	0.8	NonTarget	1	306648
1533.325	0.8	Target	2	306665
1533.41	0.8	NonTarget	1	306682
1533.495	0.8	NonTarget	1	306699
1533.575	0.8	NonTarget	1	306715
1533.66	0.8	NonTarget	1	306732
1533.745	0.8	NonTarget	1	306749
1533.83	0.8	NonTarget	1	306766
1533.915	0.8	NonTarget	1	306783
1533.995	0.8	NonTarget	1	306799
1534.08	0.8	NonTarget	1	306816
1534.16	0.8	NonTarget	1	306832
1534.245	0.8	NonTarget	1	306849
1534.33	0.8	NonTarget	1	306866
1534.41	0.8	NonTarget	1	306882
1534.495	0.8	NonTarget	1	306899
1534.58	0.8	NonTarget	1	306916
1534.66	0.8	NonTarget	1	306932
1534.745	0.8	NonTarget	1	306949
1534.83	0.8	NonTarget	1	306966
1534.915	0.8	NonTarget	1	306983
1534.995	0.8	NonTarget	1	306999
1535.08	0.8	NonTarget	1	307016
1535.165	0.8	NonTarget	1	307033
1535.245	0.8	NonTarget	1	307049
1535.645	0.8	NonTarget	1	307129
1535.73	0.8	NonTarget	1	307146
1535.815	0.8	NonTarget	1	307163
1535.9	0.8	NonTarget	1	307180
1535.98	0.8	NonTarget	1	307196
1536.065	0.8	NonTarget	1	307213
1536.145	0.8	NonTarget	1	307229
1536.23	0.8	NonTarget	1	307246
1536.315	0.8	NonTarget	1	307263
1536.395	0.8	NonTarget	1	307279
1536.48	0.8	NonTarget	1	307296
1536.565	0.8	Target	2	307313
1536.65	0.8	NonTarget	1	307330
1536.73	0.8	NonTarget	1	307346
1536.815	0.8	NonTarget	1	307363
1536.9	0.8	NonTarget	1	307380
1536.985	0.8	NonTarget	1	307397
1537.065	0.8	NonTarget	1	307413
1537.15	0.8	NonTarget	1	307430
1537.235	0.8	NonTarget	1	307447
1537.315	0.8	NonTarget	1	307463
1537.4	0.8	NonTarget	1	307480
1537.48	0.8	NonTarget	1	307496
1537.565	0.8	NonTarget	1	307513
1537.65	0.8	NonTarget	1	307530
1537.735	0.8	NonTarget	1	307547
1537.815	0.8	NonTarget	1	307563
1537.9	0.8	NonTarget	1	307580
1537.985	0.8	NonTarget	1	307597
1538.07	0.8	NonTarget	1	307614
1538.465	0.8	NonTarget	1	307693
1538.55	0.8	Target	2	307710
1538.635	0.8	NonTarget	1	307727
1538.72	0.8	NonTarget	1	307744
1538.8	0.8	NonTarget	1	307760
1538.885	0.8	NonTarget	1	307777
1538.97	0.8	NonTarget	1	307794
1539.05	0.8	NonTarget	1	307810
1539.135	0.8	NonTarget	1	307827
1539.22	0.8	NonTarget	1	307844
1539.305	0.8	NonTarget	1	307861
1539.385	0.8	NonTarget	1	307877
1539.47	0.8	NonTarget	1	307894
1539.555	0.8	NonTarget	1	307911
1539.635	0.8	NonTarget	1	307927
1539.72	0.8	NonTarget	1	307944
1539.8	0.8	NonTarget	1	307960
1539.885	0.8	NonTarget	1	307977
1539.97	0.8	NonTarget	1	307994
1540.055	0.8	NonTarget	1	308011
1540.135	0.8	NonTarget	1	308027
1540.22	0.8	NonTarget	1	308044
1540.305	0.8	NonTarget	1	308061
1540.39	0.8	NonTarget	1	308078
1540.47	0.8	NonTarget	1	308094
1540.555	0.8	NonTarget	1	308111
1540.635	0.8	NonTarget	1	308127
1540.72	0.8	NonTarget	1	308144
1540.805	0.8	NonTarget	1	308161
1540.885	0.8	NonTarget	1	308177
1541.29	0.8	NonTarget	1	308258
1541.37	0.8	NonTarget	1	308274
1541.455	0.8	NonTarget	1	308291
1541.54	0.8	NonTarget	1	308308
1541.625	0.8	NonTarget	1	308325
1541.705	0.8	NonTarget	1	308341
1541.79	0.8	NonTarget	1	308358
1541.875	0.8	NonTarget	1	308375
1541.955	0.8	NonTarget	1	308391
1542.04	0.8	NonTarget	1	308408
1542.12	0.8	NonTarget	1	308424
1542.205	0.8	Target	2	308441
1542.29	0.8	NonTarget	1	308458
1542.375	0.8	NonTarget	1	308475
1542.455	0.8	NonTarget	1	308491
1542.54	0.8	NonTarget	1	308508
1542.625	0.8	NonTarget	1	308525
1542.705	0.8	NonTarget	1	308541
1542.795	0.8	NonTarget	1	308559
1542.875	0.8	NonTarget	1	308575
1542.955	0.8	NonTarget	1	308591
1543.04	0.8	NonTarget	1	308608
1543.125	0.8	NonTarget	1	308625
1543.205	0.8	NonTarget	1	308641
1543.29	0.8	NonTarget	1	308658
1543.375	0.8	NonTarget	1	308675
1543.46	0.8	NonTarget	1	308692
1543.54	0.8	NonTarget	1	308708
1543.625	0.8	NonTarget	1	308725
1543.71	0.8	NonTarget	1	308742
1544.11	0.8	NonTarget	1	308822
1544.19	0.8	NonTarget	1	308838
1544.275	0.8	NonTarget	1	308855
1544.36	0.8	NonTarget	1	308872
1544.44	0.8	NonTarget	1	308888
1544.525	0.8	NonTarget	1	308905
1544.61	0.8	NonTarget	1	308922
1544.695	0.8	NonTarget	1	308939
1544.775	0.8	NonTarget	1	308955
1544.86	0.8	NonTarget	1	308972
1544.945	0.8	NonTarget	1	308989
1545.025	0.8	NonTarget	1	309005
1545.11	0.8	NonTarget	1	309022
1545.195	0.8	NonTarget	1	309039
1545.275	0.8	NonTarget	1	309055
1545.36	0.8	NonTarget	1	309072
1545.445	0.8	NonTarget	1	309089
1545.53	0.8	NonTarget	1	309106
1545.61	0.8	NonTarget	1	309122
1545.695	0.8	NonTarget	1	309139
1545.775	0.8	NonTarget	1	309155
1545.86	0.8	Target	2	309172
1545.95	0.8	NonTarget	1	309190
1546.03	0.8	NonTarget	1	309206
1546.11	0.8	NonTarget	1	309222
1546.195	0.8	NonTarget	1	309239
1546.28	0.8	NonTarget	1	309256
1546.36	0.8	NonTarget	1	309272
1546.445	0.8	NonTarget	1	309289
1546.53	0.8	NonTarget	1	309306
1546.93	0.8	NonTarget	1	309386
1547.015	0.8	NonTarget	1	309403
1547.095	0.8	NonTarget	1	309419
1547.18	0.8	NonTarget	1	309436
1547.265	0.8	NonTarget	1	309453
1547.345	0.8	NonTarget	1	309469
1547.43	0.8	NonTarget	1	309486
1547.515	0.8	NonTarget	1	309503
1547.595	0.8	NonTarget	1	309519
1547.68	0.8	NonTarget	1	309536
1547.765	0.8	NonTarget	1	309553
1547.845	0.8	NonTarget	1	309569
1547.93	0.8	NonTarget	1	309586
1548.015	0.8	NonTarget	1	309603
1548.1	0.8	NonTarget	1	309620
1548.18	0.8	NonTarget	1	309636
1548.265	0.8	NonTarget	1	309653
1548.35	0.8	NonTarget	1	309670
1548.435	0.8	NonTarget	1	309687
1548.515	0.8	NonTarget	1	309703
1548.6	0.8	NonTarget	1	309720
1548.68	0.8	Target	2	309736
1548.765	0.8	NonTarget	1	309753
1548.85	0.8	NonTarget	1	309770
1548.93	0.8	NonTarget	1	309786
1549.015	0.8	NonTarget	1	309803
1549.1	0.8	NonTarget	1	309820
1549.18	0.8	NonTarget	1	309836
1549.265	0.8	NonTarget	1	309853
1549.35	0.8	NonTarget	1	309870
1549.75	0.8	NonTarget	1	309950
1549.835	0.8	NonTarget	1	309967
1549.915	0.8	NonTarget	1	309983
1550.0	0.8	NonTarget	1	310000
1550.085	0.8	NonTarget	1	310017
1550.17	0.8	NonTarget	1	310034
1550.25	0.8	NonTarget	1	310050
1550.335	0.8	NonTarget	1	310067
1550.42	0.8	NonTarget	1	310084
1550.505	0.8	NonTarget	1	310101
1550.585	0.8	NonTarget	1	310117
1550.67	0.8	NonTarget	1	310134
1550.75	0.8	NonTarget	1	310150
1550.835	0.8	NonTarget	1	310167
1550.915	0.8	NonTarget	1	310183
1551.0	0.8	NonTarget	1	310200
1551.085	0.8	Target	2	310217
1551.17	0.8	NonTarget	1	310234
1551.255	0.8	NonTarget	1	310251
1551.335	0.8	NonTarget	1	310267
1551.42	0.8	NonTarget	1	310284
1551.505	0.8	NonTarget	1	310301
1551.585	0.8	NonTarget	1	310317
1551.67	0.8	NonTarget	1	310334
1551.755	0.8	NonTarget	1	310351
1551.835	0.8	NonTarget	1	310367
1551.92	0.8	NonTarget	1	310384
1552.005	0.8	NonTarget	1	310401
1552.085	0.8	NonTarget	1	310417
1552.17	0.8	NonTarget	1	310434
1552.575	0.8	NonTarget	1	310515
1552.655	0.8	NonTarget	1	310531
1552.735	0.8	NonTarget	1	310547
1552.82	0.8	NonTarget	1	310564
1552.905	0.8	NonTarget	1	310581
1552.99	0.8	NonTarget	1	310598
1553.07	0.8	NonTarget	1	310614
1553.155	0.8	NonTarget	1	310631
1553.24	0.8	NonTarget	1	310648
1553.32	0.8	NonTarget	1	310664
1553.405	0.8	NonTarget	1	310681
1553.49	0.8	NonTarget	1	310698
1553.57	0.8	NonTarget	1	310714
1553.655	0.8	NonTarget	1	310731
1553.74	0.8	NonTarget	1	310748
1553.825	0.8	NonTarget	1	310765
1553.905	0.8	Target	2	310781
1553.99	0.8	NonTarget	1	310798
1554.075	0.8	NonTarget	1	310815
1554.155	0.8	NonTarget	1	310831
1554.24	0.8	NonTarget	1	310848
1554.325	0.8	NonTarget	1	310865
1554.405	0.8	NonTarget	1	310881
1554.49	0.8	NonTarget	1	310898
1554.575	0.8	NonTarget	1	310915
1554.66	0.8	NonTarget	1	310932
1554.74	0.8	NonTarget	1	310948
1554.825	0.8	NonTarget	1	310965
1554.91	0.8	NonTarget	1	310982
1554.99	0.8	NonTarget	1	310998
1555.395	0.8	NonTarget	1	311079
1555.475	0.8	NonTarget	1	311095
1555.56	0.8	NonTarget	1	311112
1555.64	0.8	NonTarget	1	311128
1555.725	0.8	NonTarget	1	311145
1555.81	0.8	NonTarget	1	311162
1555.89	0.8	Target	2	311178
1555.975	0.8	NonTarget	1	311195
1556.06	0.8	NonTarget	1	311212
1556.14	0.8	NonTarget	1	311228
1556.225	0.8	NonTarget	1	311245
1556.31	0.8	NonTarget	1	311262
1556.395	0.8	NonTarget	1	311279
1556.475	0.8	NonTarget	1	311295
1556.56	0.8	NonTarget	1	311312
1556.645	0.8	NonTarget	1	311329
1556.725	0.8	NonTarget	1	311345
1556.81	0.8	NonTarget	1	311362
1556.895	0.8	NonTarget	1	311379
1556.975	0.8	NonTarget	1	311395
1557.06	0.8	NonTarget	1	311412
1557.145	0.8	NonTarget	1	311429
1557.23	0.8	NonTarget	1	311446
1557.31	0.8	NonTarget	1	311462
1557.395	0.8	NonTarget	1	311479
1557.48	0.8	NonTarget	1	311496
1557.56	0.8	NonTarget	1	311512
1557.645	0.8	NonTarget	1	311529
1557.73	0.8	NonTarget	1	311546
1557.815	0.8	NonTarget	1	311563
1558.21	0.8	NonTarget	1	311642
1558.295	0.8	NonTarget	1	311659
1558.38	0.8	NonTarget	1	311676
1558.465	0.8	NonTarget	1	311693
1558.545	0.8	NonTarget	1	311709
1558.63	0.8	NonTarget	1	311726
1558.71	0.8	NonTarget	1	311742
1558.795	0.8	NonTarget	1	311759
1558.88	0.8	NonTarget	1	311776
1558.965	0.8	NonTarget	1	311793
1559.045	0.8	NonTarget	1	311809
1559.13	0.8	NonTarget	1	311826
1559.215	0.8	NonTarget	1	311843
1559.3	0.8	NonTarget	1	311860
1559.38	0.8	NonTarget	1	311876
1559.465	0.8	NonTarget	1	311893
1559.55	0.8	Target	2	311910
1559.63	0.8	NonTarget	1	311926
1559.715	0.8	NonTarget	1	311943
1559.795	0.8	NonTarget	1	311959
1559.88	0.8	NonTarget	1	311976
1559.965	0.8	NonTarget	1	311993
1560.045	0.8	NonTarget	1	312009
1560.13	0.8	NonTarget	1	312026
1560.215	0.8	NonTarget	1	312043
1560.3	0.8	NonTarget	1	312060
1560.385	0.8	NonTarget	1	312077
1560.465	0.8	NonTarget	1	312093
1560.55	0.8	NonTarget	1	312110
1560.63	0.8	NonTarget	1	312126
1570.55	0.8	NonTarget	1	314110
1570.63	0.8	NonTarget	1	314126
1570.715	0.8	NonTarget	1	314143
1570.795	0.8	NonTarget	1	314159
1570.88	0.8	NonTarget	1	314176
1570.965	0.8	NonTarget	1	314193
1571.045	0.8	NonTarget	1	314209
1571.13	0.8	NonTarget	1	314226
1571.215	0.8	NonTarget	1	314243
1571.3	0.8	NonTarget	1	314260
1571.38	0.8	Target	2	314276
1571.465	0.8	NonTarget	1	314293
1571.55	0.8	NonTarget	1	314310
1571.63	0.8	NonTarget	1	314326
1571.715	0.8	NonTarget	1	314343
1571.8	0.8	NonTarget	1	314360
1571.88	0.8	NonTarget	1	314376
1571.965	0.8	NonTarget	1	314393
1572.05	0.8	NonTarget	1	314410
1572.13	0.8	NonTarget	1	314426
1572.215	0.8	NonTarget	1	314443
1572.3	0.8	NonTarget	1	314460
1572.38	0.8	NonTarget	1	314476
1572.465	0.8	NonTarget	1	314493
1572.55	0.8	NonTarget	1	314510
1572.635	0.8	NonTarget	1	314527
1572.715	0.8	NonTarget	1	314543
1572.8	0.8	NonTarget	1	314560
1572.885	0.8	NonTarget	1	314577
1572.965	0.8	NonTarget	1	314593
1573.37	0.8	NonTarget	1	314674
1573.45	0.8	NonTarget	1	314690
1573.535	0.8	NonTarget	1	314707
1573.62	0.8	NonTarget	1	314724
1573.7	0.8	NonTarget	1	314740
1573.785	0.8	NonTarget	1	314757
1573.87	0.8	NonTarget	1	314774
1573.95	0.8	NonTarget	1	314790
1574.035	0.8	NonTarget	1	314807
1574.12	0.8	NonTarget	1	314824
1574.2	0.8	NonTarget	1	314840
1574.285	0.8	NonTarget	1	314857
1574.37	0.8	NonTarget	1	314874
1574.45	0.8	NonTarget	1	314890
1574.535	0.8	NonTarget	1	314907
1574.62	0.8	Target	2	314924
1574.705	0.8	NonTarget	1	314941
1574.785	0.8	NonTarget	1	314957
1574.87	0.8	NonTarget	1	314974
1574.955	0.8	NonTarget	1	314991
1575.035	0.8	NonTarget	1	315007
1575.12	0.8	NonTarget	1	315024
1575.205	0.8	NonTarget	1	315041
1575.285	0.8	NonTarget	1	315057
1575.37	0.8	NonTarget	1	315074
1575.455	0.8	NonTarget	1	315091
1575.535	0.8	NonTarget	1	315107
1575.62	0.8	NonTarget	1	315124
1575.705	0.8	NonTarget	1	315141
1575.785	0.8	NonTarget	1	315157
1576.19	0.8	Target	2	315238
1576.27	0.8	NonTarget	1	315254
1576.355	0.8	NonTarget	1	315271
1576.44	0.8	NonTarget	1	315288
1576.52	0.8	NonTarget	1	315304
1576.605	0.8	NonTarget	1	315321
1576.685	0.8	NonTarget	1	315337
1576.77	0.8	NonTarget	1	315354
1576.855	0.8	NonTarget	1	315371
1576.94	0.8	NonTarget	1	315388
1577.025	0.8	NonTarget	1	315405
1577.105	0.8	NonTarget	1	315421
1577.19	0.8	NonTarget	1	315438
1577.275	0.8	NonTarget	1	315455
1577.355	0.8	NonTarget	1	315471
1577.44	0.8	NonTarget	1	315488
1577.525	0.8	NonTarget	1	315505
1577.605	0.8	NonTarget	1	315521
1577.69	0.8	NonTarget	1	315538
1577.775	0.8	NonTarget	1	315555
1577.855	0.8	NonTarget	1	315571
1577.94	0.8	NonTarget	1	315588
1578.025	0.8	NonTarget	1	315605
1578.11	0.8	NonTarget	1	315622
1578.19	0.8	NonTarget	1	315638
1578.275	0.8	NonTarget	1	315655
1578.355	0.8	NonTarget	1	315671
1578.44	0.8	NonTarget	1	315688
1578.525	0.8	NonTarget	1	315705
1578.61	0.8	NonTarget	1	315722
1579.01	0.8	NonTarget	1	315802
1579.095	0.8	NonTarget	1	315819
1579.175	0.8	NonTarget	1	315835
1579.26	0.8	NonTarget	1	315852
1579.34	0.8	NonTarget	1	315868
1579.425	0.8	Target	2	315885
1579.51	0.8	NonTarget	1	315902
1579.59	0.8	NonTarget	1	315918
1579.675	0.8	NonTarget	1	315935
1579.76	0.8	NonTarget	1	315952
1579.845	0.8	NonTarget	1	315969
1579.925	0.8	NonTarget	1	315985
1580.01	0.8	NonTarget	1	316002
1580.095	0.8	NonTarget	1	316019
1580.175	0.8	NonTarget	1	316035
1580.26	0.8	NonTarget	1	316052
1580.345	0.8	NonTarget	1	316069
1580.425	0.8	NonTarget	1	316085
1580.51	0.8	NonTarget	1	316102
1580.595	0.8	NonTarget	1	316119
1580.675	0.8	NonTarget	1	316135
1580.76	0.8	NonTarget	1	316152
1580.845	0.8	NonTarget	1	316169
1580.93	0.8	NonTarget	1	316186
1581.01	0.8	NonTarget	1	316202
1581.095	0.8	NonTarget	1	316219
1581.18	0.8	NonTarget	1	316236
1581.26	0.8	NonTarget	1	316252
1581.345	0.8	NonTarget	1	316269
1581.43	0.8	NonTarget	1	316286
1581.83	0.8	NonTarget	1	316366
1581.915	0.8	NonTarget	1	316383
1581.995	0.8	NonTarget	1	316399
1582.08	0.8	NonTarget	1	316416
1582.165	0.8	NonTarget	1	316433
1582.245	0.8	NonTarget	1	316449
1582.33	0.8	NonTarget	1	316466
1582.415	0.8	NonTarget	1	316483
1582.495	0.8	NonTarget	1	316499
1582.58	0.8	NonTarget	1	316516
1582.665	0.8	Target	2	316533
1582.75	0.8	NonTarget	1	316550
1582.83	0.8	NonTarget	1	316566
1582.915	0.8	NonTarget	1	316583
1582.995	0.8	NonTarget	1	316599
1583.08	0.8	NonTarget	1	316616
1583.165	0.8	NonTarget	1	316633
1583.25	0.8	NonTarget	1	316650
1583.33	0.8	NonTarget	1	316666
1583.415	0.8	NonTarget	1	316683
1583.5	0.8	NonTarget	1	316700
1583.58	0.8	NonTarget	1	316716
1583.665	0.8	NonTarget	1	316733
1583.75	0.8	NonTarget	1	316750
1583.83	0.8	NonTarget	1	316766
1583.915	0.8	NonTarget	1	316783
1584.0	0.8	NonTarget	1	316800
1584.08	0.8	NonTarget	1	316816
1584.165	0.8	NonTarget	1	316833
1584.25	0.8	NonTarget	1	316850
1584.65	0.8	NonTarget	1	316930
1584.735	0.8	NonTarget	1	316947
1584.815	0.8	NonTarget	1	316963
1584.9	0.8	NonTarget	1	316980
1584.985	0.8	NonTarget	1	316997
1585.065	0.8	NonTarget	1	317013
1585.15	0.8	NonTarget	1	317030
1585.235	0.8	NonTarget	1	317047
1585.315	0.8	NonTarget	1	317063
1585.4	0.8	NonTarget	1	317080
1585.485	0.8	NonTarget	1	317097
1585.565	0.8	NonTarget	1	317113
1585.65	0.8	NonTarget	1	317130
1585.735	0.8	NonTarget	1	317147
1585.82	0.8	NonTarget	1	317164
1585.9	0.8	Target	2	317180
1585.985	0.8	NonTarget	1	317197
1586.07	0.8	NonTarget	1	317214
1586.155	0.8	NonTarget	1	317231
1586.235	0.8	NonTarget	1	317247
1586.32	0.8	NonTarget	1	317264
1586.4	0.8	NonTarget	1	317280
1586.485	0.8	NonTarget	1	317297
1586.57	0.8	NonTarget	1	317314
1586.65	0.8	NonTarget	1	317330
1586.735	0.8	NonTarget	1	317347
1586.82	0.8	NonTarget	1	317364
1586.905	0.8	NonTarget	1	317381
1586.985	0.8	NonTarget	1	317397
1587.07	0.8	NonTarget	1	317414
1587.47	0.8	NonTarget	1	317494
1587.555	0.8	NonTarget	1	317511
1587.635	0.8	NonTarget	1	317527
1587.72	0.8	NonTarget	1	317544
1587.805	0.8	NonTarget	1	317561
1587.885	0.8	NonTarget	1	317577
1587.97	0.8	NonTarget	1	317594
1588.055	0.8	NonTarget	1	317611
1588.14	0.8	NonTarget	1	317628
1588.225	0.8	NonTarget	1	317645
1588.305	0.8	NonTarget	1	317661
1588.39	0.8	NonTarget	1	317678
1588.475	0.8	NonTarget	1	317695
1588.555	0.8	NonTarget	1	317711
1588.64	0.8	NonTarget	1	317728
1588.72	0.8	NonTarget	1	317744
1588.805	0.8	NonTarget	1	317761
1588.89	0.8	NonTarget	1	317778
1588.975	0.8	NonTarget	1	317795
1589.055	0.8	NonTarget	1	317811
1589.14	0.8	Target	2	317828
1589.225	0.8	NonTarget	1	317845
1589.305	0.8	NonTarget	1	317861
1589.39	0.8	NonTarget	1	317878
1589.475	0.8	NonTarget	1	317895
1589.555	0.8	NonTarget	1	317911
1589.64	0.8	NonTarget	1	317928
1589.725	0.8	NonTarget	1	317945
1589.81	0.8	NonTarget	1	317962
1589.89	0.8	NonTarget	1	317978
1590.29	0.8	NonTarget	1	318058
1590.375	0.8	NonTarget	1	318075
1590.46	0.8	NonTarget	1	318092
1590.54	0.8	NonTarget	1	318108
1590.625	0.8	NonTarget	1	318125
1590.71	0.8	NonTarget	1	318142
1590.79	0.8	NonTarget	1	318158
1590.875	0.8	NonTarget	1	318175
1590.96	0.8	NonTarget	1	318192
1591.04	0.8	NonTarget	1	318208
1591.125	0.8	NonTarget	1	318225
1591.21	0.8	NonTarget	1	318242
1591.29	0.8	NonTarget	1	318258
1591.375	0.8	NonTarget	1	318275
1591.46	0.8	NonTarget	1	318292
1591.54	0.8	NonTarget	1	318308
1591.625	0.8	NonTarget	1	318325
1591.71	0.8	NonTarget	1	318342
1591.795	0.8	NonTarget	1	318359
1591.875	0.8	NonTarget	1	318375
1591.96	0.8	Target	2	318392
1592.04	0.8	NonTarget	1	318408
1592.125	0.8	NonTarget	1	318425
1592.21	0.8	NonTarget	1	318442
1592.29	0.8	NonTarget	1	318458
1592.375	0.8	NonTarget	1	318475
1592.46	0.8	NonTarget	1	318492
1592.545	0.8	NonTarget	1	318509
1592.63	0.8	NonTarget	1	318526
1592.71	0.8	NonTarget	1	318542
1593.11	0.8	NonTarget	1	318622
1593.195	0.8	NonTarget	1	318639
1593.28	0.8	NonTarget	1	318656
1593.36	0.8	NonTarget	1	318672
1593.445	0.8	NonTarget	1	318689
1593.53	0.8	NonTarget	1	318706
1593.61	0.8	NonTarget	1	318722
1593.695	0.8	NonTarget	1	318739
1593.78	0.8	NonTarget	1	318756
1593.865	0.8	NonTarget	1	318773
1593.945	0.8	NonTarget	1	318789
1594.03	0.8	NonTarget	1	318806
1594.115	0.8	NonTarget	1	318823
1594.195	0.8	NonTarget	1	318839
1594.28	0.8	NonTarget	1	318856
1594.365	0.8	NonTarget	1	318873
1594.445	0.8	NonTarget	1	318889
1594.53	0.8	NonTarget	1	318906
1594.615	0.8	NonTarget	1	318923
1594.695	0.8	NonTarget	1	318939
1594.78	0.8	NonTarget	1	318956
1594.865	0.8	NonTarget	1	318973
1594.95	0.8	NonTarget	1	318990
1595.03	0.8	NonTarget	1	319006
1595.115	0.8	NonTarget	1	319023
1595.2	0.8	Target	2	319040
1595.28	0.8	NonTarget	1	319056
1595.365	0.8	NonTarget	1	319073
1595.45	0.8	NonTarget	1	319090
1595.53	0.8	NonTarget	1	319106
1595.93	0.8	Target	2	319186
1596.015	0.8	NonTarget	1	319203
1596.1	0.8	NonTarget	1	319220
1596.185	0.8	NonTarget	1	319237
1596.265	0.8	NonTarget	1	319253
1596.35	0.8	NonTarget	1	319270
1596.43	0.8	NonTarget	1	319286
1596.515	0.8	NonTarget	1	319303
1596.6	0.8	NonTarget	1	319320
1596.685	0.8	NonTarget	1	319337
1596.765	0.8	NonTarget	1	319353
1596.85	0.8	NonTarget	1	319370
1596.935	0.8	NonTarget	1	319387
1597.015	0.8	NonTarget	1	319403
1597.1	0.8	NonTarget	1	319420
1597.185	0.8	NonTarget	1	319437
1597.27	0.8	NonTarget	1	319454
1597.35	0.8	NonTarget	1	319470
1597.435	0.8	NonTarget	1	319487
1597.515	0.8	NonTarget	1	319503
1597.6	0.8	NonTarget	1	319520
1597.685	0.8	NonTarget	1	319537
1597.77	0.8	NonTarget	1	319554
1597.85	0.8	NonTarget	1	319570
1597.935	0.8	NonTarget	1	319587
1598.015	0.8	NonTarget	1	319603
1598.1	0.8	NonTarget	1	319620
1598.185	0.8	NonTarget	1	319637
1598.27	0.8	NonTarget	1	319654
1598.355	0.8	NonTarget	1	319671
1608.27	0.8	NonTarget	1	321654
1608.35	0.8	NonTarget	1	321670
1608.435	0.8	NonTarget	1	321687
1608.515	0.8	NonTarget	1	321703
1608.6	0.8	NonTarget	1	321720
1608.685	0.8	NonTarget	1	321737
1608.765	0.8	NonTarget	1	321753
1608.85	0.8	NonTarget	1	321770
1608.935	0.8	NonTarget	1	321787
1609.02	0.8	NonTarget	1	321804
1609.1	0.8	NonTarget	1	321820
1609.185	0.8	NonTarget	1	321837
1609.27	0.8	NonTarget	1	321854
1609.35	0.8	NonTarget	1	321870
1609.435	0.8	NonTarget	1	321887
1609.515	0.8	NonTarget	1	321903
1609.6	0.8	NonTarget	1	321920
1609.685	0.8	NonTarget	1	321937
1609.77	0.8	NonTarget	1	321954
1609.85	0.8	NonTarget	1	321970
1609.935	0.8	NonTarget	1	321987
1610.02	0.8	Target	2	322004
1610.1	0.8	NonTarget	1	322020
1610.185	0.8	NonTarget	1	322037
1610.27	0.8	NonTarget	1	322054
1610.355	0.8	NonTarget	1	322071
1610.435	0.8	NonTarget	1	322087
1610.52	0.8	NonTarget	1	322104
1610.605	0.8	NonTarget	1	322121
1610.685	0.8	NonTarget	1	322137
1611.085	0.8	NonTarget	1	322217
1611.17	0.8	NonTarget	1	322234
1611.255	0.8	NonTarget	1	322251
1611.34	0.8	NonTarget	1	322268
1611.42	0.8	NonTarget	1	322284
1611.505	0.8	NonTarget	1	322301
1611.585	0.8	Target	2	322317
1611.67	0.8	NonTarget	1	322334
1611.755	0.8	NonTarget	1	322351
1611.84	0.8	NonTarget	1	322368
1611.92	0.8	NonTarget	1	322384
1612.005	0.8	NonTarget	1	322401
1612.09	0.8	NonTarget	1	322418
1612.17	0.8	NonTarget	1	322434
1612.255	0.8	NonTarget	1	322451
1612.34	0.8	NonTarget	1	322468
1612.42	0.8	NonTarget	1	322484
1612.505	0.8	NonTarget	1	322501
1612.59	0.8	NonTarget	1	322518
1612.675	0.8	NonTarget	1	322535
1612.755	0.8	NonTarget	1	322551
1612.84	0.8	NonTarget	1	322568
1612.925	0.8	NonTarget	1	322585
1613.005	0.8	NonTarget	1	322601
1613.09	0.8	NonTarget	1	322618
1613.175	0.8	NonTarget	1	322635
1613.255	0.8	NonTarget	1	322651
1613.34	0.8	NonTarget	1	322668
1613.425	0.8	NonTarget	1	322685
1613.505	0.8	NonTarget	1	322701
1613.905	0.8	NonTarget	1	322781
1613.99	0.8	NonTarget	1	322798
1614.075	0.8	NonTarget	1	322815
1614.16	0.8	NonTarget	1	322832
1614.24	0.8	NonTarget	1	322848
1614.325	0.8	NonTarget	1	322865
1614.41	0.8	NonTarget	1	322882
1614.49	0.8	NonTarget	1	322898
1614.575	0.8	NonTarget	1	322915
1614.66	0.8	NonTarget	1	322932
1614.745	0.8	NonTarget	1	322949
1614.825	0.8	NonTarget	1	322965
1614.91	0.8	NonTarget	1	322982
1614.995	0.8	NonTarget	1	322999
1615.075	0.8	NonTarget	1	323015
1615.16	0.8	NonTarget	1	323032
1615.245	0.8	NonTarget	1	323049
1615.325	0.8	NonTarget	1	323065
1615.41	0.8	NonTarget	1	323082
1615.495	0.8	NonTarget	1	323099
1615.58	0.8	NonTarget	1	323116
1615.66	0.8	NonTarget	1	323132
1615.745	0.8	NonTarget	1	323149
1615.83	0.8	NonTarget	1	323166
1615.91	0.8	NonTarget	1	323182
1615.995	0.8	NonTarget	1	323199
1616.075	0.8	Target	2	323215
1616.16	0.8	NonTarget	1	323232
1616.245	0.8	NonTarget	1	323249
1616.325	0.8	NonTarget	1	323265
1616.73	0.8	NonTarget	1	323346
1616.81	0.8	Target	2	323362
1616.895	0.8	NonTarget	1	323379
1616.98	0.8	NonTarget	1	323396
1617.06	0.8	NonTarget	1	323412
1617.145	0.8	NonTarget	1	323429
1617.23	0.8	NonTarget	1	323446
1617.31	0.8	NonTarget	1	323462
1617.395	0.8	NonTarget	1	323479
1617.48	0.8	NonTarget	1	323496
1617.565	0.8	NonTarget	1	323513
1617.645	0.8	NonTarget	1	323529
1617.73	0.8	NonTarget	1	323546
1617.815	0.8	NonTarget	1	323563
1617.895	0.8	NonTarget	1	323579
1617.98	0.8	NonTarget	1	323596
1618.065	0.8	NonTarget	1	323613
1618.145	0.8	NonTarget	1	323629
1618.23	0.8	NonTarget	1	323646
1618.315	0.8	NonTarget	1	323663
1618.395	0.8	NonTarget	1	323679
1618.48	0.8	NonTarget	1	323696
1618.565	0.8	NonTarget	1	323713
1618.645	0.8	NonTarget	1	323729
1618.73	0.8	NonTarget	1	323746
1618.815	0.8	NonTarget	1	323763
1618.9	0.8	NonTarget	1	323780
1618.985	0.8	NonTarget	1	323797
1619.065	0.8	NonTarget	1	323813
1619.15	0.8	NonTarget	1	323830
1619.55	0.8	NonTarget	1	323910
1619.63	0.8	NonTarget	1	323926
1619.715	0.8	NonTarget	1	323943
1619.8	0.8	NonTarget	1	323960
1619.88	0.8	NonTarget	1	323976
1619.965	0.8	NonTarget	1	323993
1620.05	0.8	Target	2	324010
1620.135	0.8	NonTarget	1	324027
1620.22	0.8	NonTarget	1	324044
1620.3	0.8	NonTarget	1	324060
1620.385	0.8	NonTarget	1	324077
1620.47	0.8	NonTarget	1	324094
1620.55	0.8	NonTarget	1	324110
1620.635	0.8	NonTarget	1	324127
1620.72	0.8	NonTarget	1	324144
1620.8	0.8	NonTarget	1	324160
1620.885	0.8	NonTarget	1	324177
1620.97	0.8	NonTarget	1	324194
1621.05	0.8	NonTarget	1	324210
1621.135	0.8	NonTarget	1	324227
1621.215	0.8	NonTarget	1	324243
1621.305	0.8	NonTarget	1	324261
1621.385	0.8	NonTarget	1	324277
1621.47	0.8	NonTarget	1	324294
1621.55	0.8	NonTarget	1	324310
1621.635	0.8	NonTarget	1	324327
1621.72	0.8	NonTarget	1	324344
1621.8	0.8	NonTarget	1	324360
1621.885	0.8	NonTarget	1	324377
1621.97	0.8	NonTarget	1	324394
1622.37	0.8	NonTarget	1	324474
1622.45	0.8	Target	2	324490
1622.535	0.8	NonTarget	1	324507
1622.62	0.8	NonTarget	1	324524
1622.705	0.8	NonTarget	1	324541
1622.785	0.8	NonTarget	1	324557
1622.87	0.8	NonTarget	1	324574
1622.95	0.8	NonTarget	1	324590
1623.035	0.8	NonTarget	1	324607
1623.12	0.8	NonTarget	1	324624
1623.205	0.8	NonTarget	1	324641
1623.285	0.8	NonTarget	1	324657
1623.37	0.8	NonTarget	1	324674
1623.455	0.8	NonTarget	1	324691
1623.54	0.8	NonTarget	1	324708
1623.625	0.8	NonTarget	1	324725
1623.705	0.8	NonTarget	1	324741
1623.79	0.8	NonTarget	1	324758
1623.875	0.8	NonTarget	1	324775
1623.955	0.8	NonTarget	1	324791
1624.04	0.8	NonTarget	1	324808
1624.12	0.8	NonTarget	1	324824
1624.205	0.8	NonTarget	1	324841
1624.29	0.8	NonTarget	1	324858
1624.37	0.8	NonTarget	1	324874
1624.455	0.8	NonTarget	1	324891
1624.54	0.8	NonTarget	1	324908
1624.625	0.8	NonTarget	1	324925
1624.705	0.8	NonTarget	1	324941
1624.79	0.8	NonTarget	1	324958
1625.19	0.8	NonTarget	1	325038
1625.275	0.8	NonTarget	1	325055
1625.355	0.8	NonTarget	1	325071
1625.44	0.8	NonTarget	1	325088
1625.525	0.8	NonTarget	1	325105
1625.605	0.8	NonTarget	1	325121
1625.69	0.8	Target	2	325138
1625.775	0.8	NonTarget	1	325155
1625.86	0.8	NonTarget	1	325172
1625.94	0.8	NonTarget	1	325188
1626.025	0.8	NonTarget	1	325205
1626.11	0.8	NonTarget	1	325222
1626.19	0.8	NonTarget	1	325238
1626.275	0.8	NonTarget	1	325255
1626.36	0.8	NonTarget	1	325272
1626.44	0.8	NonTarget	1	325288
1626.525	0.8	NonTarget	1	325305
1626.61	0.8	NonTarget	1	325322
1626.695	0.8	NonTarget	1	325339
1626.775	0.8	NonTarget	1	325355
1626.86	0.8	NonTarget	1	325372
1626.945	0.8	NonTarget	1	325389
1627.03	0.8	NonTarget	1	325406
1627.11	0.8	NonTarget	1	325422
1627.195	0.8	NonTarget	1	325439
1627.275	0.8	NonTarget	1	325455
1627.36	0.8	NonTarget	1	325472
1627.445	0.8	NonTarget	1	325489
1627.525	0.8	NonTarget	1	325505
1627.61	0.8	NonTarget	1	325522
1628.01	0.8	NonTarget	1	325602
1628.095	0.8	NonTarget	1	325619
1628.175	0.8	NonTarget	1	325635
1628.26	0.8	NonTarget	1	325652
1628.345	0.8	NonTarget	1	325669
1628.43	0.8	NonTarget	1	325686
1628.51	0.8	NonTarget	1	325702
1628.595	0.8	NonTarget	1	325719
1628.68	0.8	NonTarget	1	325736
1628.76	0.8	NonTarget	1	325752
1628.845	0.8	NonTarget	1	325769
1628.93	0.8	Target	2	325786
1629.015	0.8	NonTarget	1	325803
1629.095	0.8	NonTarget	1	325819
1629.18	0.8	NonTarget	1	325836
1629.265	0.8	NonTarget	1	325853
1629.345	0.8	NonTarget	1	325869
1629.43	0.8	NonTarget	1	325886
1629.515	0.8	NonTarget	1	325903
1629.595	0.8	NonTarget	1	325919
1629.68	0.8	NonTarget	1	325936
1629.765	0.8	NonTarget	1	325953
1629.845	0.8	NonTarget	1	325969
1629.93	0.8	NonTarget	1	325986
1630.015	0.8	NonTarget	1	326003
1630.095	0.8	NonTarget	1	326019
1630.18	0.8	NonTarget	1	326036
1630.265	0.8	NonTarget	1	326053
1630.35	0.8	NonTarget	1	326070
1630.435	0.8	NonTarget	1	326087
1630.83	0.8	NonTarget	1	326166
1630.915	0.8	NonTarget	1	326183
1631.0	0.8	NonTarget	1	326200
1631.085	0.8	NonTarget	1	326217
1631.165	0.8	NonTarget	1	326233
1631.25	0.8	NonTarget	1	326250
1631.335	0.8	NonTarget	1	326267
1631.415	0.8	NonTarget	1	326283
1631.5	0.8	NonTarget	1	326300
1631.585	0.8	NonTarget	1	326317
1631.665	0.8	NonTarget	1	326333
1631.75	0.8	NonTarget	1	326350
1631.835	0.8	NonTarget	1	326367
1631.915	0.8	NonTarget	1	326383
1632.0	0.8	NonTarget	1	326400
1632.085	0.8	NonTarget	1	326417
1632.165	0.8	NonTarget	1	326433
1632.25	0.8	NonTarget	1	326450
1632.335	0.8	NonTarget	1	326467
1632.42	0.8	NonTarget	1	326484
1632.5	0.8	NonTarget	1	326500
1632.585	0.8	NonTarget	1	326517
1632.665	0.8	NonTarget	1	326533
1632.75	0.8	NonTarget	1	326550
1632.835	0.8	NonTarget	1	326567
1632.92	0.8	NonTarget	1	326584
1633.0	0.8	Target	2	326600
1633.085	0.8	NonTarget	1	326617
1633.17	0.8	NonTarget	1	326634
1633.25	0.8	NonTarget	1	326650
1633.655	0.8	NonTarget	1	326731
1633.735	0.8	NonTarget	1	326747
1633.82	0.8	NonTarget	1	326764
1633.905	0.8	NonTarget	1	326781
1633.985	0.8	NonTarget	1	326797
1634.07	0.8	NonTarget	1	326814
1634.155	0.8	NonTarget	1	326831
1634.235	0.8	NonTarget	1	326847
1634.32	0.8	NonTarget	1	326864
1634.4	0.8	NonTarget	1	326880
1634.485	0.8	NonTarget	1	326897
1634.57	0.8	NonTarget	1	326914
1634.655	0.8	NonTarget	1	326931
1634.74	0.8	NonTarget	1	326948
1634.82	0.8	NonTarget	1	326964
1634.905	0.8	NonTarget	1	326981
1634.99	0.8	NonTarget	1	326998
1635.07	0.8	NonTarget	1	327014
1635.155	0.8	NonTarget	1	327031
1635.24	0.8	NonTarget	1	327048
1635.32	0.8	NonTarget	1	327064
1635.405	0.8	Target	2	327081
1635.49	0.8	NonTarget	1	327098
1635.57	0.8	NonTarget	1	327114
1635.655	0.8	NonTarget	1	327131
1635.74	0.8	NonTarget	1	327148
1635.825	0.8	NonTarget	1	327165
1635.905	0.8	NonTarget	1	327181
1635.99	0.8	NonTarget	1	327198
1636.075	0.8	NonTarget	1	327215
1651.84	0.8	NonTarget	1	330368
1651.915	0.8	NonTarget	1	330383
1652.0	0.8	NonTarget	1	330400
1652.085	0.8	NonTarget	1	330417
1652.165	0.8	NonTarget	1	330433
1652.25	0.8	NonTarget	1	330450
1652.335	0.8	NonTarget	1	330467
1652.42	0.8	NonTarget	1	330484
1652.505	0.8	NonTarget	1	330501
1652.585	0.8	NonTarget	1	330517
1652.67	0.8	NonTarget	1	330534
1652.755	0.8	NonTarget	1	330551
1652.835	0.8	NonTarget	1	330567
1652.92	0.8	NonTarget	1	330584
1653.005	0.8	NonTarget	1	330601
1653.085	0.8	NonTarget	1	330617
1653.17	0.8	NonTarget	1	330634
1653.255	0.8	NonTarget	1	330651
1653.34	0.8	NonTarget	1	330668
1653.42	0.8	NonTarget	1	330684
1653.505	0.8	NonTarget	1	330701
1653.59	0.8	NonTarget	1	330718
1653.67	0.8	NonTarget	1	330734
1653.755	0.8	NonTarget	1	330751
1653.835	0.8	NonTarget	1	330767
1653.92	0.8	NonTarget	1	330784
1654.005	0.8	NonTarget	1	330801
1654.085	0.8	Target	2	330817
1654.17	0.8	NonTarget	1	330834
1654.255	0.8	NonTarget	1	330851
1654.655	0.8	NonTarget	1	330931
1654.74	0.8	NonTarget	1	330948
1654.82	0.8	NonTarget	1	330964
1654.905	0.8	NonTarget	1	330981
1654.99	0.8	NonTarget	1	330998
1655.07	0.8	NonTarget	1	331014
1655.155	0.8	NonTarget	1	331031
1655.24	0.8	NonTarget	1	331048
1655.325	0.8	NonTarget	1	331065
1655.405	0.8	NonTarget	1	331081
1655.49	0.8	NonTarget	1	331098
1655.575	0.8	NonTarget	1	331115
1655.655	0.8	Target	2	331131
1655.74	0.8	NonTarget	1	331148
1655.825	0.8	NonTarget	1	331165
1655.905	0.8	NonTarget	1	331181
1655.99	0.8	NonTarget	1	331198
1656.075	0.8	NonTarget	1	331215
1656.155	0.8	NonTarget	1	331231
1656.24	0.8	NonTarget	1	331248
1656.325	0.8	NonTarget	1	331265
1656.405	0.8	NonTarget	1	331281
1656.49	0.8	NonTarget	1	331298
1656.575	0.8	NonTarget	1	331315
1656.655	0.8	NonTarget	1	331331
1656.74	0.8	NonTarget	1	331348
1656.825	0.8	NonTarget	1	331365
1656.91	0.8	NonTarget	1	331382
1656.995	0.8	NonTarget	1	331399
1657.075	0.8	NonTarget	1	331415
1657.475	0.8	NonTarget	1	331495
1657.56	0.8	NonTarget	1	331512
1657.645	0.8	NonTarget	1	331529
1657.725	0.8	NonTarget	1	331545
1657.81	0.8	NonTarget	1	331562
1657.89	0.8	NonTarget	1	331578
1657.975	0.8	NonTarget	1	331595
1658.06	0.8	Target	2	331612
1658.145	0.8	NonTarget	1	331629
1658.225	0.8	NonTarget	1	331645
1658.31	0.8	NonTarget	1	331662
1658.395	0.8	NonTarget	1	331679
1658.475	0.8	NonTarget	1	331695
1658.56	0.8	NonTarget	1	331712
1658.645	0.8	NonTarget	1	331729
1658.725	0.8	NonTarget	1	331745
1658.81	0.8	NonTarget	1	331762
1658.895	0.8	NonTarget	1	331779
1658.98	0.8	NonTarget	1	331796
1659.065	0.8	NonTarget	1	331813
1659.145	0.8	NonTarget	1	331829
1659.23	0.8	NonTarget	1	331846
1659.31	0.8	NonTarget	1	331862
1659.395	0.8	NonTarget	1	331879
1659.48	0.8	NonTarget	1	331896
1659.56	0.8	NonTarget	1	331912
1659.645	0.8	NonTarget	1	331929
1659.73	0.8	NonTarget	1	331946
1659.81	0.8	NonTarget	1	331962
1659.895	0.8	NonTarget	1	331979
1660.295	0.8	NonTarget	1	332059
1660.38	0.8	NonTarget	1	332076
1660.465	0.8	NonTarget	1	332093
1660.545	0.8	NonTarget	1	332109
1660.63	0.8	NonTarget	1	332126
1660.71	0.8	NonTarget	1	332142
1660.795	0.8	NonTarget	1	332159
1660.88	0.8	NonTarget	1	332176
1660.965	0.8	NonTarget	1	332193
1661.045	0.8	NonTarget	1	332209
1661.13	0.8	NonTarget	1	332226
1661.215	0.8	NonTarget	1	332243
1661.3	0.8	NonTarget	1	332260
1661.385	0.8	NonTarget	1	332277
1661.465	0.8	NonTarget	1	332293
1661.55	0.8	NonTarget	1	332310
1661.635	0.8	NonTarget	1	332327
1661.715	0.8	NonTarget	1	332343
1661.8	0.8	NonTarget	1	332360
1661.88	0.8	NonTarget	1	332376
1661.965	0.8	NonTarget	1	332393
1662.05	0.8	NonTarget	1	332410
1662.13	0.8	Target	2	332426
1662.215	0.8	NonTarget	1	332443
1662.3	0.8	NonTarget	1	332460
1662.38	0.8	NonTarget	1	332476
1662.47	0.8	NonTarget	1	332494
1662.55	0.8	NonTarget	1	332510
1662.635	0.8	NonTarget	1	332527
1662.715	0.8	NonTarget	1	332543
1663.115	0.8	NonTarget	1	332623
1663.2	0.8	NonTarget	1	332640
1663.28	0.8	Target	2	332656
1663.365	0.8	NonTarget	1	332673
1663.45	0.8	NonTarget	1	332690
1663.535	0.8	NonTarget	1	332707
1663.615	0.8	NonTarget	1	332723
1663.7	0.8	NonTarget	1	332740
1663.785	0.8	NonTarget	1	332757
1663.87	0.8	NonTarget	1	332774
1663.955	0.8	NonTarget	1	332791
1664.035	0.8	NonTarget	1	332807
1664.12	0.8	NonTarget	1	332824
1664.2	0.8	NonTarget	1	332840
1664.285	0.8	NonTarget	1	332857
1664.37	0.8	NonTarget	1	332874
1664.45	0.8	NonTarget	1	332890
1664.535	0.8	NonTarget	1	332907
1664.62	0.8	NonTarget	1	332924
1664.705	0.8	NonTarget	1	332941
1664.785	0.8	NonTarget	1	332957
1664.87	0.8	NonTarget	1	332974
1664.955	0.8	NonTarget	1	332991
1665.035	0.8	NonTarget	1	333007
1665.12	0.8	NonTarget	1	333024
1665.2	0.8	NonTarget	1	333040
1665.285	0.8	NonTarget	1	333057
1665.37	0.8	NonTarget	1	333074
1665.455	0.8	NonTarget	1	333091
1665.535	0.8	NonTarget	1	333107
1665.94	0.8	NonTarget	1	333188
1666.02	0.8	NonTarget	1	333204
1666.105	0.8	Target	2	333221
1666.19	0.8	NonTarget	1	333238
1666.27	0.8	NonTarget	1	333254
1666.355	0.8	NonTarget	1	333271
1666.435	0.8	NonTarget	1	333287
1666.52	0.8	NonTarget	1	333304
1666.605	0.8	NonTarget	1	333321
1666.69	0.8	NonTarget	1	333338
1666.77	0.8	NonTarget	1	333354
1666.855	0.8	NonTarget	1	333371
1666.94	0.8	NonTarget	1	333388
1667.025	0.8	NonTarget	1	333405
1667.105	0.8	NonTarget	1	333421
1667.19	0.8	NonTarget	1	333438
1667.275	0.8	NonTarget	1	333455
1667.355	0.8	NonTarget	1	333471
1667.44	0.8	NonTarget	1	333488
1667.52	0.8	NonTarget	1	333504
1667.605	0.8	NonTarget	1	333521
1667.69	0.8	NonTarget	1	333538
1667.775	0.8	NonTarget	1	333555
1667.855	0.8	NonTarget	1	333571
1667.94	0.8	NonTarget	1	333588
1668.025	0.8	NonTarget	1	333605
1668.105	0.8	NonTarget	1	333621
1668.19	0.8	NonTarget	1	333638
1668.275	0.8	NonTarget	1	333655
1668.355	0.8	NonTarget	1	333671
1668.76	0.8	NonTarget	1	333752
1668.84	0.8	NonTarget	1	333768
1668.925	0.8	Target	2	333785
1669.01	0.8	NonTarget	1	333802
1669.09	0.8	NonTarget	1	333818
1669.175	0.8	NonTarget	1	333835
1669.26	0.8	NonTarget	1	333852
1669.345	0.8	NonTarget	1	333869
1669.425	0.8	NonTarget	1	333885
1669.51	0.8	NonTarget	1	333902
1669.59	0.8	NonTarget	1	333918
1669.675	0.8	NonTarget	1	333935
1669.76	0.8	NonTarget	1	333952
1669.845	0.8	NonTarget	1	333969
1669.925	0.8	NonTarget	1	333985
1670.01	0.8	NonTarget	1	334002
1670.095	0.8	NonTarget	1	334019
1670.175	0.8	NonTarget	1	334035
1670.26	0.8	NonTarget	1	334052
1670.345	0.8	NonTarget	1	334069
1670.425	0.8	NonTarget	1	334085
1670.51	0.8	NonTarget	1	334102
1670.595	0.8	NonTarget	1	334119
1670.68	0.8	NonTarget	1	334136
1670.76	0.8	NonTarget	1	334152
1670.845	0.8	NonTarget	1	334169
1670.93	0.8	NonTarget	1	334186
1671.015	0.8	NonTarget	1	334203
1671.095	0.8	NonTarget	1	334219
1671.18	0.8	NonTarget	1	334236
1671.58	0.8	NonTarget	1	334316
1671.66	0.8	NonTarget	1	334332
1671.745	0.8	NonTarget	1	334349
1671.83	0.8	NonTarget	1	334366
1671.915	0.8	NonTarget	1	334383
1671.995	0.8	NonTarget	1	334399
1672.08	0.8	NonTarget	1	334416
1672.16	0.8	Target	2	334432
1672.245	0.8	NonTarget	1	334449
1672.33	0.8	NonTarget	1	334466
1672.415	0.8	NonTarget	1	334483
1672.495	0.8	NonTarget	1	334499
1672.58	0.8	NonTarget	1	334516
1672.665	0.8	NonTarget	1	334533
1672.745	0.8	NonTarget	1	334549
1672.83	0.8	NonTarget	1	334566
1672.915	0.8	NonTarget	1	334583
1673.0	0.8	NonTarget	1	334600
1673.08	0.8	NonTarget	1	334616
1673.165	0.8	NonTarget	1	334633
1673.245	0.8	NonTarget	1	334649
1673.33	0.8	NonTarget	1	334666
1673.415	0.8	NonTarget	1	334683
1673.5	0.8	NonTarget	1	334700
1673.58	0.8	NonTarget	1	334716
1673.665	0.8	NonTarget	1	334733
1673.75	0.8	NonTarget	1	334750
1673.83	0.8	NonTarget	1	334766
1673.915	0.8	NonTarget	1	334783
1674.0	0.8	NonTarget	1	334800
1674.4	0.8	NonTarget	1	334880
1674.48	0.8	NonTarget	1	334896
1674.565	0.8	Target	2	334913
1674.65	0.8	NonTarget	1	334930
1674.735	0.8	NonTarget	1	334947
1674.815	0.8	NonTarget	1	334963
1674.9	0.8	NonTarget	1	334980
1674.985	0.8	NonTarget	1	334997
1675.07	0.8	NonTarget	1	335014
1675.15	0.8	NonTarget	1	335030
1675.235	0.8	NonTarget	1	335047
1675.315	0.8	NonTarget	1	335063
1675.4	0.8	NonTarget	1	335080
1675.485	0.8	NonTarget	1	335097
1675.57	0.8	NonTarget	1	335114
1675.65	0.8	NonTarget	1	335130
1675.735	0.8	NonTarget	1	335147
1675.82	0.8	NonTarget	1	335164
1675.9	0.8	NonTarget	1	335180
1675.985	0.8	NonTarget	1	335197
1676.07	0.8	NonTarget	1	335214
1676.15	0.8	NonTarget	1	335230
1676.235	0.8	NonTarget	1	335247
1676.32	0.8	NonTarget	1	335264
1676.4	0.8	NonTarget	1	335280
1676.485	0.8	NonTarget	1	335297
1676.57	0.8	NonTarget	1	335314
1676.655	0.8	NonTarget	1	335331
1676.735	0.8	NonTarget	1	335347
1676.82	0.8	NonTarget	1	335364
1677.22	0.8	NonTarget	1	335444
1677.305	0.8	NonTarget	1	335461
1677.39	0.8	NonTarget	1	335478
1677.47	0.8	NonTarget	1	335494
1677.555	0.8	NonTarget	1	335511
1677.635	0.8	NonTarget	1	335527
1677.72	0.8	NonTarget	1	335544
1677.805	0.8	NonTarget	1	335561
1677.885	0.8	NonTarget	1	335577
1677.97	0.8	NonTarget	1	335594
1678.055	0.8	NonTarget	1	335611
1678.14	0.8	NonTarget	1	335628
1678.22	0.8	NonTarget	1	335644
1678.305	0.8	NonTarget	1	335661
1678.39	0.8	NonTarget	1	335678
1678.475	0.8	NonTarget	1	335695
1678.555	0.8	NonTarget	1	335711
1678.64	0.8	NonTarget	1	335728
1678.72	0.8	NonTarget	1	335744
1678.805	0.8	NonTarget	1	335761
1678.89	0.8	NonTarget	1	335778
1678.97	0.8	NonTarget	1	335794
1679.06	0.8	NonTarget	1	335812
1679.14	0.8	NonTarget	1	335828
1679.225	0.8	NonTarget	1	335845
1679.305	0.8	NonTarget	1	335861
1679.39	0.8	NonTarget	1	335878
1679.47	0.8	Target	2	335894
1679.555	0.8	NonTarget	1	335911
1679.64	0.8	NonTarget	1	335928
1688.625	0.8	NonTarget	1	337725
1688.705	0.8	NonTarget	1	337741
1688.785	0.8	NonTarget	1	337757
1688.87	0.8	NonTarget	1	337774
1688.955	0.8	NonTarget	1	337791
1689.035	0.8	NonTarget	1	337807
1689.12	0.8	NonTarget	1	337824
1689.205	0.8	NonTarget	1	337841
1689.285	0.8	NonTarget	1	337857
1689.37	0.8	NonTarget	1	337874
1689.455	0.8	NonTarget	1	337891
1689.54	0.8	NonTarget	1	337908
1689.62	0.8	NonTarget	1	337924
1689.705	0.8	NonTarget	1	337941
1689.79	0.8	NonTarget	1	337958
1689.87	0.8	NonTarget	1	337974
1689.955	0.8	NonTarget	1	337991
1690.04	0.8	NonTarget	1	338008
1690.12	0.8	NonTarget	1	338024
1690.205	0.8	NonTarget	1	338041
1690.285	0.8	NonTarget	1	338057
1690.37	0.8	NonTarget	1	338074
1690.455	0.8	Target	2	338091
1690.54	0.8	NonTarget	1	338108
1690.62	0.8	NonTarget	1	338124
1690.705	0.8	NonTarget	1	338141
1690.79	0.8	NonTarget	1	338158
1690.875	0.8	NonTarget	1	338175
1690.955	0.8	NonTarget	1	338191
1691.04	0.8	NonTarget	1	338208
1691.44	0.8	NonTarget	1	338288
1691.525	0.8	NonTarget	1	338305
1691.605	0.8	Target	2	338321
1691.69	0.8	NonTarget	1	338338
1691.775	0.8	NonTarget	1	338355
1691.855	0.8	NonTarget	1	338371
1691.94	0.8	NonTarget	1	338388
1692.025	0.8	NonTarget	1	338405
1692.11	0.8	NonTarget	1	338422
1692.19	0.8	NonTarget	1	338438
1692.275	0.8	NonTarget	1	338455
1692.36	0.8	NonTarget	1	338472
1692.44	0.8	NonTarget	1	338488
1692.525	0.8	NonTarget	1	338505
1692.605	0.8	NonTarget	1	338521
1692.69	0.8	NonTarget	1	338538
1692.775	0.8	NonTarget	1	338555
1692.86	0.8	NonTarget	1	338572
1692.945	0.8	NonTarget	1	338589
1693.025	0.8	NonTarget	1	338605
1693.11	0.8	NonTarget	1	338622
1693.195	0.8	NonTarget	1	338639
1693.275	0.8	NonTarget	1	338655
1693.36	0.8	NonTarget	1	338672
1693.445	0.8	NonTarget	1	338689
1693.525	0.8	NonTarget	1	338705
1693.61	0.8	NonTarget	1	338722
1693.695	0.8	NonTarget	1	338739
1693.775	0.8	NonTarget	1	338755
1693.86	0.8	NonTarget	1	338772
1694.26	0.8	NonTarget	1	338852
1694.345	0.8	NonTarget	1	338869
1694.425	0.8	NonTarget	1	338885
1694.51	0.8	NonTarget	1	338902
1694.595	0.8	NonTarget	1	338919
1694.675	0.8	NonTarget	1	338935
1694.76	0.8	NonTarget	1	338952
1694.845	0.8	NonTarget	1	338969
1694.93	0.8	NonTarget	1	338986
1695.01	0.8	NonTarget	1	339002
1695.095	0.8	NonTarget	1	339019
1695.18	0.8	NonTarget	1	339036
1695.265	0.8	NonTarget	1	339053
1695.345	0.8	NonTarget	1	339069
1695.43	0.8	NonTarget	1	339086
1695.515	0.8	NonTarget	1	339103
1695.595	0.8	NonTarget	1	339119
1695.68	0.8	NonTarget	1	339136
1695.765	0.8	NonTarget	1	339153
1695.845	0.8	NonTarget	1	339169
1695.93	0.8	NonTarget	1	339186
1696.015	0.8	NonTarget	1	339203
1696.1	0.8	NonTarget	1	339220
1696.18	0.8	NonTarget	1	339236
1696.265	0.8	NonTarget	1	339253
1696.35	0.8	NonTarget	1	339270
1696.43	0.8	NonTarget	1	339286
1696.515	0.8	Target	2	339303
1696.595	0.8	NonTarget	1	339319
1696.68	0.8	NonTarget	1	339336
1697.08	0.8	NonTarget	1	339416
1697.165	0.8	NonTarget	1	339433
1697.25	0.8	NonTarget	1	339450
1697.33	0.8	NonTarget	1	339466
1697.415	0.8	NonTarget	1	339483
1697.5	0.8	NonTarget	1	339500
1697.58	0.8	NonTarget	1	339516
1697.665	0.8	NonTarget	1	339533
1697.75	0.8	NonTarget	1	339550
1697.83	0.8	NonTarget	1	339566
1697.915	0.8	NonTarget	1	339583
1698.0	0.8	NonTarget	1	339600
1698.08	0.8	NonTarget	1	339616
1698.165	0.8	NonTarget	1	339633
1698.25	0.8	NonTarget	1	339650
1698.335	0.8	NonTarget	1	339667
1698.415	0.8	NonTarget	1	339683
1698.5	0.8	NonTarget	1	339700
1698.585	0.8	NonTarget	1	339717
1698.67	0.8	NonTarget	1	339734
1698.75	0.8	NonTarget	1	339750
1698.835	0.8	NonTarget	1	339767
1698.92	0.8	NonTarget	1	339784
1699.0	0.8	NonTarget	1	339800
1699.085	0.8	NonTarget	1	339817
1699.165	0.8	NonTarget	1	339833
1699.25	0.8	NonTarget	1	339850
1699.335	0.8	Target	2	339867
1699.42	0.8	NonTarget	1	339884
1699.5	0.8	NonTarget	1	339900
1699.905	0.8	NonTarget	1	339981
1699.985	0.8	NonTarget	1	339997
1700.07	0.8	NonTarget	1	340014
1700.155	0.8	NonTarget	1	340031
1700.235	0.8	NonTarget	1	340047
1700.32	0.8	NonTarget	1	340064
1700.4	0.8	NonTarget	1	340080
1700.485	0.8	NonTarget	1	340097
1700.57	0.8	NonTarget	1	340114
1700.655	0.8	NonTarget	1	340131
1700.735	0.8	NonTarget	1	340147
1700.82	0.8	NonTarget	1	340164
1700.905	0.8	NonTarget	1	340181
1700.99	0.8	NonTarget	1	340198
1701.07	0.8	NonTarget	1	340214
1701.155	0.8	NonTarget	1	340231
1701.235	0.8	NonTarget	1	340247
1701.32	0.8	Target	2	340264
1701.405	0.8	NonTarget	1	340281
1701.49	0.8	NonTarget	1	340298
1701.57	0.8	NonTarget	1	340314
1701.655	0.8	NonTarget	1	340331
1701.74	0.8	NonTarget	1	340348
1701.82	0.8	NonTarget	1	340364
1701.905	0.8	NonTarget	1	340381
1701.99	0.8	NonTarget	1	340398
1702.07	0.8	NonTarget	1	340414
1702.155	0.8	NonTarget	1	340431
1702.24	0.8	NonTarget	1	340448
1702.32	0.8	NonTarget	1	340464
1702.725	0.8	NonTarget	1	340545
1702.805	0.8	NonTarget	1	340561
1702.89	0.8	NonTarget	1	340578
1702.975	0.8	NonTarget	1	340595
1703.055	0.8	NonTarget	1	340611
1703.14	0.8	NonTarget	1	340628
1703.225	0.8	NonTarget	1	340645
1703.305	0.8	NonTarget	1	340661
1703.39	0.8	NonTarget	1	340678
1703.475	0.8	NonTarget	1	340695
1703.555	0.8	NonTarget	1	340711
1703.64	0.8	NonTarget	1	340728
1703.725	0.8	NonTarget	1	340745
1703.805	0.8	NonTarget	1	340761
1703.89	0.8	NonTarget	1	340778
1703.975	0.8	NonTarget	1	340795
1704.06	0.8	NonTarget	1	340812
1704.14	0.8	Target	2	340828
1704.225	0.8	NonTarget	1	340845
1704.31	0.8	NonTarget	1	340862
1704.39	0.8	NonTarget	1	340878
1704.475	0.8	NonTarget	1	340895
1704.56	0.8	NonTarget	1	340912
1704.645	0.8	NonTarget	1	340929
1704.725	0.8	NonTarget	1	340945
1704.81	0.8	NonTarget	1	340962
1704.89	0.8	NonTarget	1	340978
1704.975	0.8	NonTarget	1	340995
1705.06	0.8	NonTarget	1	341012
1705.145	0.8	NonTarget	1	341029
1705.545	0.8	NonTarget	1	341109
1705.625	0.8	NonTarget	1	341125
1705.71	0.8	NonTarget	1	341142
1705.795	0.8	NonTarget	1	341159
1705.875	0.8	NonTarget	1	341175
1705.96	0.8	NonTarget	1	341192
1706.045	0.8	NonTarget	1	341209
1706.125	0.8	NonTarget	1	341225
1706.21	0.8	NonTarget	1	341242
1706.295	0.8	NonTarget	1	341259
1706.38	0.8	NonTarget	1	341276
1706.46	0.8	NonTarget	1	341292
1706.545	0.8	NonTarget	1	341309
1706.63	0.8	NonTarget	1	341326
1706.71	0.8	NonTarget	1	341342
1706.795	0.8	NonTarget	1	341359
1706.88	0.8	NonTarget	1	341376
1706.965	0.8	NonTarget	1	341393
1707.045	0.8	NonTarget	1	341409
1707.13	0.8	NonTarget	1	341426
1707.21	0.8	NonTarget	1	341442
1707.295	0.8	NonTarget	1	341459
1707.38	0.8	NonTarget	1	341476
1707.465	0.8	NonTarget	1	341493
1707.545	0.8	NonTarget	1	341509
1707.63	0.8	NonTarget	1	341526
1707.715	0.8	NonTarget	1	341543
1707.795	0.8	Target	2	341559
1707.88	0.8	NonTarget	1	341576
1707.965	0.8	NonTarget	1	341593
1708.365	0.8	NonTarget	1	341673
1708.45	0.8	NonTarget	1	341690
1708.53	0.8	Target	2	341706
1708.615	0.8	NonTarget	1	341723
1708.7	0.8	NonTarget	1	341740
1708.78	0.8	NonTarget	1	341756
1708.865	0.8	NonTarget	1	341773
1708.95	0.8	NonTarget	1	341790
1709.035	0.8	NonTarget	1	341807
1709.115	0.8	NonTarget	1	341823
1709.195	0.8	NonTarget	1	341839
1709.28	0.8	NonTarget	1	341856
1709.365	0.8	NonTarget	1	341873
1709.45	0.8	NonTarget	1	341890
1709.535	0.8	NonTarget	1	341907
1709.615	0.8	NonTarget	1	341923
1709.7	0.8	NonTarget	1	341940
1709.785	0.8	NonTarget	1	341957
1709.87	0.8	NonTarget	1	341974
1709.95	0.8	NonTarget	1	341990
1710.035	0.8	NonTarget	1	342007
1710.115	0.8	NonTarget	1	342023
1710.2	0.8	NonTarget	1	342040
1710.285	0.8	NonTarget	1	342057
1710.365	0.8	NonTarget	1	342073
1710.45	0.8	NonTarget	1	342090
1710.535	0.8	NonTarget	1	342107
1710.615	0.8	NonTarget	1	342123
1710.7	0.8	NonTarget	1	342140
1710.785	0.8	NonTarget	1	342157
1711.185	0.8	NonTarget	1	342237
1711.27	0.8	NonTarget	1	342254
1711.35	0.8	NonTarget	1	342270
1711.435	0.8	NonTarget	1	342287
1711.52	0.8	NonTarget	1	342304
1711.6	0.8	NonTarget	1	342320
1711.685	0.8	NonTarget	1	342337
1711.77	0.8	NonTarget	1	342354
1711.855	0.8	NonTarget	1	342371
1711.935	0.8	NonTarget	1	342387
1712.02	0.8	NonTarget	1	342404
1712.105	0.8	NonTarget	1	342421
1712.19	0.8	NonTarget	1	342438
1712.27	0.8	NonTarget	1	342454
1712.35	0.8	NonTarget	1	342470
1712.435	0.8	NonTarget	1	342487
1712.52	0.8	NonTarget	1	342504
1712.6	0.8	NonTarget	1	342520
1712.685	0.8	NonTarget	1	342537
1712.77	0.8	NonTarget	1	342554
1712.855	0.8	NonTarget	1	342571
1712.94	0.8	NonTarget	1	342588
1713.02	0.8	NonTarget	1	342604
1713.105	0.8	NonTarget	1	342621
1713.19	0.8	NonTarget	1	342638
1713.27	0.8	NonTarget	1	342654
1713.355	0.8	NonTarget	1	342671
1713.435	0.8	Target	2	342687
1713.52	0.8	NonTarget	1	342704
1713.605	0.8	NonTarget	1	342721
1714.005	0.8	NonTarget	1	342801
1714.09	0.8	NonTarget	1	342818
1714.17	0.8	NonTarget	1	342834
1714.255	0.8	NonTarget	1	342851
1714.34	0.8	NonTarget	1	342868
1714.425	0.8	NonTarget	1	342885
1714.505	0.8	NonTarget	1	342901
1714.59	0.8	NonTarget	1	342918
1714.675	0.8	NonTarget	1	342935
1714.755	0.8	NonTarget	1	342951
1714.84	0.8	NonTarget	1	342968
1714.925	0.8	NonTarget	1	342985
1715.005	0.8	NonTarget	1	343001
1715.09	0.8	NonTarget	1	343018
1715.175	0.8	NonTarget	1	343035
1715.26	0.8	NonTarget	1	343052
1715.34	0.8	NonTarget	1	343068
1715.425	0.8	NonTarget	1	343085
1715.51	0.8	NonTarget	1	343102
1715.59	0.8	NonTarget	1	343118
1715.675	0.8	NonTarget	1	343135
1715.755	0.8	NonTarget	1	343151
1715.84	0.8	NonTarget	1	343168
1715.925	0.8	NonTarget	1	343185
1716.01	0.8	NonTarget	1	343202
1716.09	0.8	NonTarget	1	343218
1716.175	0.8	NonTarget	1	343235
1716.26	0.8	Target	2	343252
1716.34	0.8	NonTarget	1	343268
1716.425	0.8	NonTarget	1	343285
1725.41	0.8	NonTarget	1	345082
1725.485	0.8	NonTarget	1	345097
1725.57	0.8	NonTarget	1	345114
1725.655	0.8	NonTarget	1	345131
1725.74	0.8	NonTarget	1	345148
1725.82	0.8	NonTarget	1	345164
1725.905	0.8	NonTarget	1	345181
1725.99	0.8	NonTarget	1	345198
1726.075	0.8	NonTarget	1	345215
1726.155	0.8	NonTarget	1	345231
1726.24	0.8	NonTarget	1	345248
1726.325	0.8	NonTarget	1	345265
1726.405	0.8	NonTarget	1	345281
1726.49	0.8	NonTarget	1	345298
1726.575	0.8	NonTarget	1	345315
1726.655	0.8	NonTarget	1	345331
1726.74	0.8	NonTarget	1	345348
1726.825	0.8	NonTarget	1	345365
1726.91	0.8	Target	2	345382
1726.99	0.8	NonTarget	1	345398
1727.075	0.8	NonTarget	1	345415
1727.155	0.8	NonTarget	1	345431
1727.24	0.8	NonTarget	1	345448
1727.325	0.8	NonTarget	1	345465
1727.41	0.8	NonTarget	1	345482
1727.49	0.8	NonTarget	1	345498
1727.575	0.8	NonTarget	1	345515
1727.66	0.8	NonTarget	1	345532
1727.74	0.8	NonTarget	1	345548
1727.825	0.8	NonTarget	1	345565
1728.225	0.8	NonTarget	1	345645
1728.31	0.8	NonTarget	1	345662
1728.395	0.8	NonTarget	1	345679
1728.475	0.8	Target	2	345695
1728.56	0.8	NonTarget	1	345712
1728.64	0.8	NonTarget	1	345728
1728.725	0.8	NonTarget	1	345745
1728.81	0.8	NonTarget	1	345762
1728.895	0.8	NonTarget	1	345779
1728.975	0.8	NonTarget	1	345795
1729.06	0.8	NonTarget	1	345812
1729.145	0.8	NonTarget	1	345829
1729.23	0.8	NonTarget	1	345846
1729.31	0.8	NonTarget	1	345862
1729.395	0.8	NonTarget	1	345879
1729.475	0.8	NonTarget	1	345895
1729.56	0.8	NonTarget	1	345912
1729.645	0.8	NonTarget	1	345929
1729.73	0.8	NonTarget	1	345946
1729.81	0.8	NonTarget	1	345962
1729.895	0.8	NonTarget	1	345979
1729.98	0.8	NonTarget	1	345996
1730.06	0.8	NonTarget	1	346012
1730.145	0.8	NonTarget	1	346029
1730.23	0.8	NonTarget	1	346046
1730.315	0.8	NonTarget	1	346063
1730.395	0.8	NonTarget	1	346079
1730.48	0.8	NonTarget	1	346096
1730.56	0.8	NonTarget	1	346112
1730.645	0.8	NonTarget	1	346129
1731.045	0.8	NonTarget	1	346209
1731.13	0.8	NonTarget	1	346226
1731.215	0.8	NonTarget	1	346243
1731.295	0.8	NonTarget	1	346259
1731.38	0.8	NonTarget	1	346276
1731.465	0.8	NonTarget	1	346293
1731.545	0.8	NonTarget	1	346309
1731.63	0.8	NonTarget	1	346326
1731.715	0.8	NonTarget	1	346343
1731.795	0.8	NonTarget	1	346359
1731.88	0.8	NonTarget	1	346376
1731.965	0.8	NonTarget	1	346393
1732.05	0.8	NonTarget	1	346410
1732.13	0.8	NonTarget	1	346426
1732.215	0.8	NonTarget	1	346443
1732.3	0.8	NonTarget	1	346460
1732.38	0.8	NonTarget	1	346476
1732.465	0.8	NonTarget	1	346493
1732.55	0.8	NonTarget	1	346510
1732.63	0.8	NonTarget	1	346526
1732.715	0.8	NonTarget	1	346543
1732.8	0.8	NonTarget	1	346560
1732.88	0.8	NonTarget	1	346576
1732.965	0.8	Target	2	346593
1733.05	0.8	NonTarget	1	346610
1733.135	0.8	NonTarget	1	346627
1733.215	0.8	NonTarget	1	346643
1733.3	0.8	NonTarget	1	346660
1733.385	0.8	NonTarget	1	346677
1733.47	0.8	NonTarget	1	346694
1733.865	0.8	NonTarget	1	346773
1733.95	0.8	NonTarget	1	346790
1734.035	0.8	NonTarget	1	346807
1734.115	0.8	NonTarget	1	346823
1734.2	0.8	NonTarget	1	346840
1734.285	0.8	NonTarget	1	346857
1734.37	0.8	NonTarget	1	346874
1734.45	0.8	NonTarget	1	346890
1734.535	0.8	Target	2	346907
1734.62	0.8	NonTarget	1	346924
1734.7	0.8	NonTarget	1	346940
1734.785	0.8	NonTarget	1	346957
1734.87	0.8	NonTarget	1	346974
1734.955	0.8	NonTarget	1	346991
1735.035	0.8	NonTarget	1	347007
1735.12	0.8	NonTarget	1	347024
1735.2	0.8	NonTarget	1	347040
1735.285	0.8	NonTarget	1	347057
1735.37	0.8	NonTarget	1	347074
1735.45	0.8	NonTarget	1	347090
1735.535	0.8	NonTarget	1	347107
1735.62	0.8	NonTarget	1	347124
1735.7	0.8	NonTarget	1	347140
1735.785	0.8	NonTarget	1	347157
1735.87	0.8	NonTarget	1	347174
1735.955	0.8	NonTarget	1	347191
1736.035	0.8	NonTarget	1	347207
1736.12	0.8	NonTarget	1	347224
1736.205	0.8	NonTarget	1	347241
1736.285	0.8	NonTarget	1	347257
1736.69	0.8	NonTarget	1	347338
1736.77	0.8	NonTarget	1	347354
1736.855	0.8	NonTarget	1	347371
1736.94	0.8	NonTarget	1	347388
1737.02	0.8	NonTarget	1	347404
1737.105	0.8	NonTarget	1	347421
1737.19	0.8	NonTarget	1	347438
1737.275	0.8	NonTarget	1	347455
1737.355	0.8	NonTarget	1	347471
1737.44	0.8	NonTarget	1	347488
1737.52	0.8	NonTarget	1	347504
1737.605	0.8	NonTarget	1	347521
1737.69	0.8	NonTarget	1	347538
1737.77	0.8	NonTarget	1	347554
1737.855	0.8	NonTarget	1	347571
1737.94	0.8	NonTarget	1	347588
1738.025	0.8	NonTarget	1	347605
1738.11	0.8	NonTarget	1	347622
1738.19	0.8	NonTarget	1	347638
1738.275	0.8	NonTarget	1	347655
1738.355	0.8	NonTarget	1	347671
1738.44	0.8	NonTarget	1	347688
1738.52	0.8	NonTarget	1	347704
1738.605	0.8	NonTarget	1	347721
1738.69	0.8	NonTarget	1	347738
1738.775	0.8	NonTarget	1	347755
1738.86	0.8	NonTarget	1	347772
1738.94	0.8	NonTarget	1	347788
1739.025	0.8	Target	2	347805
1739.105	0.8	NonTarget	1	347821
1739.51	0.8	NonTarget	1	347902
1739.59	0.8	NonTarget	1	347918
1739.675	0.8	NonTarget	1	347935
1739.76	0.8	Target	2	347952
1739.84	0.8	NonTarget	1	347968
1739.925	0.8	NonTarget	1	347985
1740.01	0.8	NonTarget	1	348002
1740.09	0.8	NonTarget	1	348018
1740.175	0.8	NonTarget	1	348035
1740.26	0.8	NonTarget	1	348052
1740.34	0.8	NonTarget	1	348068
1740.425	0.8	NonTarget	1	348085
1740.51	0.8	NonTarget	1	348102
1740.595	0.8	NonTarget	1	348119
1740.675	0.8	NonTarget	1	348135
1740.76	0.8	NonTarget	1	348152
1740.845	0.8	NonTarget	1	348169
1740.925	0.8	NonTarget	1	348185
1741.01	0.8	NonTarget	1	348202
1741.095	0.8	NonTarget	1	348219
1741.175	0.8	NonTarget	1	348235
1741.26	0.8	NonTarget	1	348252
1741.345	0.8	NonTarget	1	348269
1741.43	0.8	NonTarget	1	348286
1741.51	0.8	NonTarget	1	348302
1741.595	0.8	NonTarget	1	348319
1741.675	0.8	NonTarget	1	348335
1741.76	0.8	NonTarget	1	348352
1741.845	0.8	NonTarget	1	348369
1741.93	0.8	NonTarget	1	348386
1742.33	0.8	NonTarget	1	348466
1742.41	0.8	NonTarget	1	348482
1742.495	0.8	NonTarget	1	348499
1742.58	0.8	Target	2	348516
1742.665	0.8	NonTarget	1	348533
1742.745	0.8	NonTarget	1	348549
1742.83	0.8	NonTarget	1	348566
1742.915	0.8	NonTarget	1	348583
1742.995	0.8	NonTarget	1	348599
1743.08	0.8	NonTarget	1	348616
1743.165	0.8	NonTarget	1	348633
1743.245	0.8	NonTarget	1	348649
1743.33	0.8	NonTarget	1	348666
1743.415	0.8	NonTarget	1	348683
1743.495	0.8	NonTarget	1	348699
1743.58	0.8	NonTarget	1	348716
1743.665	0.8	NonTarget	1	348733
1743.75	0.8	NonTarget	1	348750
1743.83	0.8	NonTarget	1	348766
1743.915	0.8	NonTarget	1	348783
1744.0	0.8	NonTarget	1	348800
1744.08	0.8	NonTarget	1	348816
1744.165	0.8	NonTarget	1	348833
1744.25	0.8	NonTarget	1	348850
1744.33	0.8	NonTarget	1	348866
1744.415	0.8	NonTarget	1	348883
1744.5	0.8	NonTarget	1	348900
1744.585	0.8	NonTarget	1	348917
1744.665	0.8	NonTarget	1	348933
1744.75	0.8	NonTarget	1	348950
1745.15	0.8	NonTarget	1	349030
1745.23	0.8	NonTarget	1	349046
1745.315	0.8	NonTarget	1	349063
1745.4	0.8	NonTarget	1	349080
1745.485	0.8	NonTarget	1	349097
1745.565	0.8	NonTarget	1	349113
1745.65	0.8	NonTarget	1	349130
1745.735	0.8	NonTarget	1	349147
1745.82	0.8	Target	2	349164
1745.9	0.8	NonTarget	1	349180
1745.985	0.8	NonTarget	1	349197
1746.07	0.8	NonTarget	1	349214
1746.15	0.8	NonTarget	1	349230
1746.235	0.8	NonTarget	1	349247
1746.315	0.8	NonTarget	1	349263
1746.4	0.8	NonTarget	1	349280
1746.485	0.8	NonTarget	1	349297
1746.57	0.8	NonTarget	1	349314
1746.65	0.8	NonTarget	1	349330
1746.735	0.8	NonTarget	1	349347
1746.82	0.8	NonTarget	1	349364
1746.9	0.8	NonTarget	1	349380
1746.985	0.8	NonTarget	1	349397
1747.07	0.8	NonTarget	1	349414
1747.155	0.8	NonTarget	1	349431
1747.235	0.8	NonTarget	1	349447
1747.32	0.8	NonTarget	1	349464
1747.4	0.8	NonTarget	1	349480
1747.485	0.8	NonTarget	1	349497
1747.57	0.8	NonTarget	1	349514
1747.97	0.8	NonTarget	1	349594
1748.055	0.8	NonTarget	1	349611
1748.135	0.8	NonTarget	1	349627
1748.22	0.8	NonTarget	1	349644
1748.305	0.8	NonTarget	1	349661
1748.39	0.8	NonTarget	1	349678
1748.47	0.8	NonTarget	1	349694
1748.555	0.8	NonTarget	1	349711
1748.64	0.8	Target	2	349728
1748.72	0.8	NonTarget	1	349744
1748.805	0.8	NonTarget	1	349761
1748.89	0.8	NonTarget	1	349778
1748.97	0.8	NonTarget	1	349794
1749.055	0.8	NonTarget	1	349811
1749.14	0.8	NonTarget	1	349828
1749.225	0.8	NonTarget	1	349845
1749.305	0.8	NonTarget	1	349861
1749.39	0.8	NonTarget	1	349878
1749.475	0.8	NonTarget	1	349895
1749.555	0.8	NonTarget	1	349911
1749.64	0.8	NonTarget	1	349928
1749.72	0.8	NonTarget	1	349944
1749.805	0.8	NonTarget	1	349961
1749.89	0.8	NonTarget	1	349978
1749.975	0.8	NonTarget	1	349995
1750.055	0.8	NonTarget	1	350011
1750.14	0.8	NonTarget	1	350028
1750.225	0.8	NonTarget	1	350045
1750.31	0.8	NonTarget	1	350062
1750.39	0.8	NonTarget	1	350078
1750.79	0.8	NonTarget	1	350158
1750.875	0.8	NonTarget	1	350175
1750.96	0.8	NonTarget	1	350192
1751.04	0.8	NonTarget	1	350208
1751.125	0.8	NonTarget	1	350225
1751.21	0.8	NonTarget	1	350242
1751.29	0.8	NonTarget	1	350258
1751.375	0.8	NonTarget	1	350275
1751.46	0.8	NonTarget	1	350292
1751.545	0.8	NonTarget	1	350309
1751.625	0.8	NonTarget	1	350325
1751.71	0.8	NonTarget	1	350342
1751.795	0.8	NonTarget	1	350359
1751.875	0.8	NonTarget	1	350375
1751.96	0.8	NonTarget	1	350392
1752.04	0.8	NonTarget	1	350408
1752.125	0.8	NonTarget	1	350425
1752.21	0.8	NonTarget	1	350442
1752.295	0.8	Target	2	350459
1752.375	0.8	NonTarget	1	350475
1752.46	0.8	NonTarget	1	350492
1752.545	0.8	NonTarget	1	350509
1752.625	0.8	NonTarget	1	350525
1752.71	0.8	NonTarget	1	350542
1752.795	0.8	NonTarget	1	350559
1752.875	0.8	NonTarget	1	350575
1752.96	0.8	NonTarget	1	350592
1753.045	0.8	NonTarget	1	350609
1753.125	0.8	NonTarget	1	350625
1753.21	0.8	NonTarget	1	350642
1762.225	0.8	NonTarget	1	352445
1762.305	0.8	NonTarget	1	352461
1762.39	0.8	NonTarget	1	352478
1762.475	0.8	NonTarget	1	352495
1762.555	0.8	NonTarget	1	352511
1762.64	0.8	NonTarget	1	352528
1762.725	0.8	NonTarget	1	352545
1762.805	0.8	NonTarget	1	352561
1762.89	0.8	NonTarget	1	352578
1762.975	0.8	NonTarget	1	352595
1763.06	0.8	NonTarget	1	352612
1763.14	0.8	NonTarget	1	352628
1763.225	0.8	NonTarget	1	352645
1763.31	0.8	NonTarget	1	352662
1763.39	0.8	NonTarget	1	352678
1763.475	0.8	NonTarget	1	352695
1763.56	0.8	NonTarget	1	352712
1763.64	0.8	Target	2	352728
1763.725	0.8	NonTarget	1	352745
1763.81	0.8	NonTarget	1	352762
1763.89	0.8	NonTarget	1	352778
1763.975	0.8	NonTarget	1	352795
1764.06	0.8	NonTarget	1	352812
1764.145	0.8	NonTarget	1	352829
1764.225	0.8	NonTarget	1	352845
1764.31	0.8	NonTarget	1	352862
1764.395	0.8	NonTarget	1	352879
1764.475	0.8	NonTarget	1	352895
1764.56	0.8	NonTarget	1	352912
1764.645	0.8	NonTarget	1	352929
1765.045	0.8	NonTarget	1	353009
1765.125	0.8	NonTarget	1	353025
1765.21	0.8	NonTarget	1	353042
1765.295	0.8	NonTarget	1	353059
1765.38	0.8	NonTarget	1	353076
1765.46	0.8	NonTarget	1	353092
1765.545	0.8	NonTarget	1	353109
1765.63	0.8	NonTarget	1	353126
1765.715	0.8	NonTarget	1	353143
1765.795	0.8	NonTarget	1	353159
1765.88	0.8	NonTarget	1	353176
1765.96	0.8	NonTarget	1	353192
1766.045	0.8	NonTarget	1	353209
1766.13	0.8	NonTarget	1	353226
1766.215	0.8	NonTarget	1	353243
1766.295	0.8	NonTarget	1	353259
1766.38	0.8	NonTarget	1	353276
1766.465	0.8	NonTarget	1	353293
1766.545	0.8	NonTarget	1	353309
1766.63	0.8	NonTarget	1	353326
1766.715	0.8	NonTarget	1	353343
1766.795	0.8	NonTarget	1	353359
1766.88	0.8	NonTarget	1	353376
1766.965	0.8	NonTarget	1	353393
1767.045	0.8	NonTarget	1	353409
1767.13	0.8	NonTarget	1	353426
1767.215	0.8	NonTarget	1	353443
1767.3	0.8	Target	2	353460
1767.38	0.8	NonTarget	1	353476
1767.465	0.8	NonTarget	1	353493
1767.865	0.8	NonTarget	1	353573
1767.95	0.8	NonTarget	1	353590
1768.03	0.8	NonTarget	1	353606
1768.115	0.8	NonTarget	1	353623
1768.2	0.8	NonTarget	1	353640
1768.28	0.8	NonTarget	1	353656
1768.365	0.8	NonTarget	1	353673
1768.45	0.8	NonTarget	1	353690
1768.535	0.8	NonTarget	1	353707
1768.615	0.8	NonTarget	1	353723
1768.7	0.8	NonTarget	1	353740
1768.785	0.8	NonTarget	1	353757
1768.865	0.8	Target	2	353773
1768.95	0.8	NonTarget	1	353790
1769.035	0.8	NonTarget	1	353807
1769.115	0.8	NonTarget	1	353823
1769.2	0.8	NonTarget	1	353840
1769.285	0.8	NonTarget	1	353857
1769.365	0.8	NonTarget	1	353873
1769.45	0.8	NonTarget	1	353890
1769.535	0.8	NonTarget	1	353907
1769.62	0.8	NonTarget	1	353924
1769.7	0.8	NonTarget	1	353940
1769.785	0.8	NonTarget	1	353957
1769.87	0.8	NonTarget	1	353974
1769.95	0.8	NonTarget	1	353990
1770.035	0.8	NonTarget	1	354007
1770.12	0.8	NonTarget	1	354024
1770.2	0.8	NonTarget	1	354040
1770.285	0.8	NonTarget	1	354057
1770.685	0.8	NonTarget	1	354137
1770.77	0.8	NonTarget	1	354154
1770.85	0.8	NonTarget	1	354170
1770.935	0.8	NonTarget	1	354187
1771.02	0.8	NonTarget	1	354204
1771.105	0.8	NonTarget	1	354221
1771.185	0.8	NonTarget	1	354237
1771.27	0.8	NonTarget	1	354254
1771.355	0.8	NonTarget	1	354271
1771.435	0.8	NonTarget	1	354287
1771.52	0.8	NonTarget	1	354304
1771.605	0.8	NonTarget	1	354321
1771.685	0.8	NonTarget	1	354337
1771.77	0.8	NonTarget	1	354354
1771.855	0.8	NonTarget	1	354371
1771.94	0.8	NonTarget	1	354388
1772.02	0.8	NonTarget	1	354404
1772.105	0.8	NonTarget	1	354421
1772.19	0.8	NonTarget	1	354438
1772.27	0.8	NonTarget	1	354454
1772.355	0.8	NonTarget	1	354471
1772.435	0.8	NonTarget	1	354487
1772.52	0.8	NonTarget	1	354504
1772.605	0.8	NonTarget	1	354521
1772.69	0.8	NonTarget	1	354538
1772.77	0.8	NonTarget	1	354554
1772.855	0.8	NonTarget	1	354571
1772.94	0.8	Target	2	354588
1773.025	0.8	NonTarget	1	354605
1773.11	0.8	NonTarget	1	354622
1773.505	0.8	NonTarget	1	354701
1773.59	0.8	NonTarget	1	354718
1773.675	0.8	NonTarget	1	354735
1773.755	0.8	NonTarget	1	354751
1773.84	0.8	NonTarget	1	354768
1773.925	0.8	NonTarget	1	354785
1774.005	0.8	NonTarget	1	354801
1774.09	0.8	NonTarget	1	354818
1774.175	0.8	NonTarget	1	354835
1774.26	0.8	NonTarget	1	354852
1774.34	0.8	NonTarget	1	354868
1774.425	0.8	NonTarget	1	354885
1774.51	0.8	Target	2	354902
1774.59	0.8	NonTarget	1	354918
1774.675	0.8	NonTarget	1	354935
1774.76	0.8	NonTarget	1	354952
1774.84	0.8	NonTarget	1	354968
1774.925	0.8	NonTarget	1	354985
1775.01	0.8	NonTarget	1	355002
1775.09	0.8	NonTarget	1	355018
1775.175	0.8	NonTarget	1	355035
1775.26	0.8	NonTarget	1	355052
1775.345	0.8	NonTarget	1	355069
1775.425	0.8	NonTarget	1	355085
1775.51	0.8	NonTarget	1	355102
1775.595	0.8	NonTarget	1	355119
1775.675	0.8	NonTarget	1	355135
1775.76	0.8	NonTarget	1	355152
1775.845	0.8	NonTarget	1	355169
1775.925	0.8	NonTarget	1	355185
1776.325	0.8	NonTarget	1	355265
1776.41	0.8	NonTarget	1	355282
1776.495	0.8	Target	2	355299
1776.575	0.8	NonTarget	1	355315
1776.66	0.8	NonTarget	1	355332
1776.745	0.8	NonTarget	1	355349
1776.83	0.8	NonTarget	1	355366
1776.91	0.8	NonTarget	1	355382
1776.995	0.8	NonTarget	1	355399
1777.08	0.8	NonTarget	1	355416
1777.16	0.8	NonTarget	1	355432
1777.245	0.8	NonTarget	1	355449
1777.33	0.8	NonTarget	1	355466
1777.415	0.8	NonTarget	1	355483
1777.495	0.8	NonTarget	1	355499
1777.58	0.8	NonTarget	1	355516
1777.665	0.8	NonTarget	1	355533
1777.745	0.8	NonTarget	1	355549
1777.83	0.8	NonTarget	1	355566
1777.91	0.8	NonTarget	1	355582
1777.995	0.8	NonTarget	1	355599
1778.08	0.8	NonTarget	1	355616
1778.16	0.8	NonTarget	1	355632
1778.245	0.8	NonTarget	1	355649
1778.33	0.8	NonTarget	1	355666
1778.415	0.8	NonTarget	1	355683
1778.495	0.8	NonTarget	1	355699
1778.58	0.8	NonTarget	1	355716
1778.665	0.8	NonTarget	1	355733
1778.75	0.8	NonTarget	1	355750
1779.15	0.8	NonTarget	1	355830
1779.23	0.8	NonTarget	1	355846
1779.315	0.8	NonTarget	1	355863
1779.4	0.8	NonTarget	1	355880
1779.48	0.8	NonTarget	1	355896
1779.565	0.8	NonTarget	1	355913
1779.65	0.8	NonTarget	1	355930
1779.73	0.8	NonTarget	1	355946
1779.815	0.8	NonTarget	1	355963
1779.9	0.8	NonTarget	1	355980
1779.985	0.8	NonTarget	1	355997
1780.065	0.8	NonTarget	1	356013
1780.15	0.8	Target	2	356030
1780.235	0.8	NonTarget	1	356047
1780.315	0.8	NonTarget	1	356063
1780.4	0.8	NonTarget	1	356080
1780.485	0.8	NonTarget	1	356097
1780.565	0.8	NonTarget	1	356113
1780.65	0.8	NonTarget	1	356130
1780.735	0.8	NonTarget	1	356147
1780.815	0.8	NonTarget	1	356163
1780.9	0.8	NonTarget	1	356180
1780.985	0.8	NonTarget	1	356197
1781.07	0.8	NonTarget	1	356214
1781.155	0.8	NonTarget	1	356231
1781.235	0.8	NonTarget	1	356247
1781.32	0.8	NonTarget	1	356264
1781.4	0.8	NonTarget	1	356280
1781.485	0.8	NonTarget	1	356297
1781.565	0.8	NonTarget	1	356313
1781.97	0.8	NonTarget	1	356394
1782.05	0.8	NonTarget	1	356410
1782.135	0.8	NonTarget	1	356427
1782.22	0.8	NonTarget	1	356444
1782.3	0.8	NonTarget	1	356460
1782.385	0.8	NonTarget	1	356477
1782.47	0.8	NonTarget	1	356494
1782.555	0.8	Target	2	356511
1782.635	0.8	NonTarget	1	356527
1782.72	0.8	NonTarget	1	356544
1782.805	0.8	NonTarget	1	356561
1782.885	0.8	NonTarget	1	356577
1782.97	0.8	NonTarget	1	356594
1783.055	0.8	NonTarget	1	356611
1783.14	0.8	NonTarget	1	356628
1783.22	0.8	NonTarget	1	356644
1783.305	0.8	NonTarget	1	356661
1783.385	0.8	NonTarget	1	356677
1783.47	0.8	NonTarget	1	356694
1783.555	0.8	NonTarget	1	356711
1783.635	0.8	NonTarget	1	356727
1783.72	0.8	NonTarget	1	356744
1783.805	0.8	NonTarget	1	356761
1783.885	0.8	NonTarget	1	356777
1783.97	0.8	NonTarget	1	356794
1784.055	0.8	NonTarget	1	356811
1784.14	0.8	NonTarget	1	356828
1784.22	0.8	NonTarget	1	356844
1784.305	0.8	NonTarget	1	356861
1784.39	0.8	NonTarget	1	356878
1784.79	0.8	NonTarget	1	356958
1784.87	0.8	NonTarget	1	356974
1784.955	0.8	NonTarget	1	356991
1785.04	0.8	NonTarget	1	357008
1785.125	0.8	NonTarget	1	357025
1785.205	0.8	NonTarget	1	357041
1785.29	0.8	NonTarget	1	357058
1785.375	0.8	NonTarget	1	357075
1785.455	0.8	NonTarget	1	357091
1785.54	0.8	NonTarget	1	357108
1785.625	0.8	NonTarget	1	357125
1785.71	0.8	NonTarget	1	357142
1785.79	0.8	NonTarget	1	357158
1785.875	0.8	NonTarget	1	357175
1785.955	0.8	NonTarget	1	357191
1786.04	0.8	NonTarget	1	357208
1786.125	0.8	NonTarget	1	357225
1786.205	0.8	Target	2	357241
1786.29	0.8	NonTarget	1	357258
1786.375	0.8	NonTarget	1	357275
1786.46	0.8	NonTarget	1	357292
1786.545	0.8	NonTarget	1	357309
1786.625	0.8	NonTarget	1	357325
1786.71	0.8	NonTarget	1	357342
1786.79	0.8	NonTarget	1	357358
1786.875	0.8	NonTarget	1	357375
1786.955	0.8	NonTarget	1	357391
1787.04	0.8	NonTarget	1	357408
1787.125	0.8	NonTarget	1	357425
1787.21	0.8	NonTarget	1	357442
1787.61	0.8	NonTarget	1	357522
1787.695	0.8	NonTarget	1	357539
1787.775	0.8	Target	2	357555
1787.86	0.8	NonTarget	1	357572
1787.945	0.8	NonTarget	1	357589
1788.025	0.8	NonTarget	1	357605
1788.11	0.8	NonTarget	1	357622
1788.195	0.8	NonTarget	1	357639
1788.275	0.8	NonTarget	1	357655
1788.36	0.8	NonTarget	1	357672
1788.445	0.8	NonTarget	1	357689
1788.525	0.8	NonTarget	1	357705
1788.61	0.8	NonTarget	1	357722
1788.695	0.8	NonTarget	1	357739
1788.775	0.8	NonTarget	1	357755
1788.86	0.8	NonTarget	1	357772
1788.945	0.8	NonTarget	1	357789
1789.03	0.8	NonTarget	1	357806
1789.11	0.8	NonTarget	1	357822
1789.195	0.8	NonTarget	1	357839
1789.28	0.8	NonTarget	1	357856
1789.36	0.8	NonTarget	1	357872
1789.445	0.8	NonTarget	1	357889
1789.53	0.8	NonTarget	1	357906
1789.61	0.8	NonTarget	1	357922
1789.695	0.8	NonTarget	1	357939
1789.78	0.8	NonTarget	1	357956
1789.865	0.8	NonTarget	1	357973
1789.945	0.8	NonTarget	1	357989
1790.03	0.8	NonTarget	1	358006
1799.015	0.8	NonTarget	1	359803
1799.095	0.8	NonTarget	1	359819
1799.175	0.8	NonTarget	1	359835
1799.26	0.8	NonTarget	1	359852
1799.345	0.8	NonTarget	1	359869
1799.425	0.8	Target	2	359885
1799.51	0.8	NonTarget	1	359902
1799.59	0.8	NonTarget	1	359918
1799.675	0.8	NonTarget	1	359935
1799.76	0.8	NonTarget	1	359952
1799.84	0.8	NonTarget	1	359968
1799.925	0.8	NonTarget	1	359985
1800.015	0.8	NonTarget	1	360003
1800.095	0.8	NonTarget	1	360019
1800.175	0.8	NonTarget	1	360035
1800.26	0.8	NonTarget	1	360052
1800.345	0.8	NonTarget	1	360069
1800.43	0.8	NonTarget	1	360086
1800.51	0.8	NonTarget	1	360102
1800.595	0.8	NonTarget	1	360119
1800.68	0.8	NonTarget	1	360136
1800.76	0.8	NonTarget	1	360152
1800.845	0.8	NonTarget	1	360169
1800.93	0.8	NonTarget	1	360186
1801.015	0.8	NonTarget	1	360203
1801.095	0.8	NonTarget	1	360219
1801.18	0.8	NonTarget	1	360236
1801.265	0.8	NonTarget	1	360253
1801.345	0.8	NonTarget	1	360269
1801.43	0.8	NonTarget	1	360286
1801.83	0.8	NonTarget	1	360366
1801.915	0.8	NonTarget	1	360383
1801.995	0.8	NonTarget	1	360399
1802.08	0.8	NonTarget	1	360416
1802.165	0.8	NonTarget	1	360433
1802.245	0.8	NonTarget	1	360449
1802.33	0.8	NonTarget	1	360466
1802.415	0.8	NonTarget	1	360483
1802.5	0.8	NonTarget	1	360500
1802.58	0.8	NonTarget	1	360516
1802.665	0.8	NonTarget	1	360533
1802.75	0.8	NonTarget	1	360550
1802.83	0.8	NonTarget	1	360566
1802.915	0.8	NonTarget	1	360583
1803.0	0.8	NonTarget	1	360600
1803.08	0.8	NonTarget	1	360616
1803.165	0.8	NonTarget	1	360633
1803.25	0.8	NonTarget	1	360650
1803.33	0.8	NonTarget	1	360666
1803.415	0.8	NonTarget	1	360683
1803.5	0.8	Target	2	360700
1803.585	0.8	NonTarget	1	360717
1803.665	0.8	NonTarget	1	360733
1803.75	0.8	NonTarget	1	360750
1803.835	0.8	NonTarget	1	360767
1803.915	0.8	NonTarget	1	360783
1804.0	0.8	NonTarget	1	360800
1804.085	0.8	NonTarget	1	360817
1804.165	0.8	NonTarget	1	360833
1804.25	0.8	NonTarget	1	360850
1804.65	0.8	NonTarget	1	360930
1804.735	0.8	NonTarget	1	360947
1804.82	0.8	NonTarget	1	360964
1804.9	0.8	NonTarget	1	360980
1804.985	0.8	NonTarget	1	360997
1805.065	0.8	NonTarget	1	361013
1805.15	0.8	NonTarget	1	361030
1805.235	0.8	NonTarget	1	361047
1805.32	0.8	NonTarget	1	361064
1805.4	0.8	NonTarget	1	361080
1805.485	0.8	NonTarget	1	361097
1805.57	0.8	NonTarget	1	361114
1805.655	0.8	NonTarget	1	361131
1805.735	0.8	NonTarget	1	361147
1805.82	0.8	NonTarget	1	361164
1805.905	0.8	NonTarget	1	361181
1805.99	0.8	NonTarget	1	361198
1806.07	0.8	NonTarget	1	361214
1806.155	0.8	NonTarget	1	361231
1806.235	0.8	NonTarget	1	361247
1806.32	0.8	Target	2	361264
1806.405	0.8	NonTarget	1	361281
1806.485	0.8	NonTarget	1	361297
1806.57	0.8	NonTarget	1	361314
1806.655	0.8	NonTarget	1	361331
1806.735	0.8	NonTarget	1	361347
1806.825	0.8	NonTarget	1	361365
1806.905	0.8	NonTarget	1	361381
1806.99	0.8	NonTarget	1	361398
1807.075	0.8	NonTarget	1	361415
1807.47	0.8	NonTarget	1	361494
1807.555	0.8	NonTarget	1	361511
1807.64	0.8	NonTarget	1	361528
1807.725	0.8	NonTarget	1	361545
1807.805	0.8	NonTarget	1	361561
1807.89	0.8	NonTarget	1	361578
1807.97	0.8	NonTarget	1	361594
1808.055	0.8	NonTarget	1	361611
1808.14	0.8	NonTarget	1	361628
1808.225	0.8	NonTarget	1	361645
1808.305	0.8	NonTarget	1	361661
1808.39	0.8	NonTarget	1	361678
1808.47	0.8	NonTarget	1	361694
1808.555	0.8	NonTarget	1	361711
1808.64	0.8	NonTarget	1	361728
1808.725	0.8	NonTarget	1	361745
1808.805	0.8	NonTarget	1	361761
1808.89	0.8	NonTarget	1	361778
1808.975	0.8	NonTarget	1	361795
1809.06	0.8	NonTarget	1	361812
1809.14	0.8	Target	2	361828
1809.225	0.8	NonTarget	1	361845
1809.31	0.8	NonTarget	1	361862
1809.39	0.8	NonTarget	1	361878
1809.475	0.8	NonTarget	1	361895
1809.555	0.8	NonTarget	1	361911
1809.64	0.8	NonTarget	1	361928
1809.725	0.8	NonTarget	1	361945
1809.81	0.8	NonTarget	1	361962
1809.89	0.8	NonTarget	1	361978
1810.295	0.8	NonTarget	1	362059
1810.375	0.8	NonTarget	1	362075
1810.46	0.8	NonTarget	1	362092
1810.545	0.8	NonTarget	1	362109
1810.625	0.8	NonTarget	1	362125
1810.71	0.8	NonTarget	1	362142
1810.79	0.8	NonTarget	1	362158
1810.875	0.8	NonTarget	1	362175
1810.96	0.8	NonTarget	1	362192
1811.045	0.8	NonTarget	1	362209
1811.125	0.8	NonTarget	1	362225
1811.21	0.8	NonTarget	1	362242
1811.295	0.8	NonTarget	1	362259
1811.375	0.8	NonTarget	1	362275
1811.46	0.8	NonTarget	1	362292
1811.545	0.8	NonTarget	1	362309
1811.63	0.8	NonTarget	1	362326
1811.71	0.8	NonTarget	1	362342
1811.795	0.8	NonTarget	1	362359
1811.875	0.8	NonTarget	1	362375
1811.96	0.8	NonTarget	1	362392
1812.045	0.8	NonTarget	1	362409
1812.13	0.8	NonTarget	1	362426
1812.21	0.8	NonTarget	1	362442
1812.295	0.8	NonTarget	1	362459
1812.38	0.8	Target	2	362476
1812.46	0.8	NonTarget	1	362492
1812.545	0.8	NonTarget	1	362509
1812.63	0.8	NonTarget	1	362526
1812.71	0.8	NonTarget	1	362542
1813.11	0.8	NonTarget	1	362622
1813.195	0.8	NonTarget	1	362639
1813.28	0.8	NonTarget	1	362656
1813.365	0.8	NonTarget	1	362673
1813.445	0.8	NonTarget	1	362689
1813.53	0.8	NonTarget	1	362706
1813.615	0.8	NonTarget	1	362723
1813.695	0.8	NonTarget	1	362739
1813.78	0.8	NonTarget	1	362756
1813.865	0.8	NonTarget	1	362773
1813.95	0.8	NonTarget	1	362790
1814.03	0.8	NonTarget	1	362806
1814.115	0.8	NonTarget	1	362823
1814.2	0.8	NonTarget	1	362840
1814.28	0.8	NonTarget	1	362856
1814.365	0.8	Target	2	362873
1814.445	0.8	NonTarget	1	362889
1814.53	0.8	NonTarget	1	362906
1814.615	0.8	NonTarget	1	362923
1814.7	0.8	NonTarget	1	362940
1814.78	0.8	NonTarget	1	362956
1814.865	0.8	NonTarget	1	362973
1814.95	0.8	NonTarget	1	362990
1815.035	0.8	NonTarget	1	363007
1815.115	0.8	NonTarget	1	363023
1815.2	0.8	NonTarget	1	363040
1815.28	0.8	NonTarget	1	363056
1815.365	0.8	NonTarget	1	363073
1815.45	0.8	NonTarget	1	363090
1815.53	0.8	NonTarget	1	363106
1815.935	0.8	NonTarget	1	363187
1816.02	0.8	NonTarget	1	363204
1816.1	0.8	NonTarget	1	363220
1816.185	0.8	NonTarget	1	363237
1816.265	0.8	NonTarget	1	363253
1816.35	0.8	Target	2	363270
1816.435	0.8	NonTarget	1	363287
1816.515	0.8	NonTarget	1	363303
1816.6	0.8	NonTarget	1	363320
1816.685	0.8	NonTarget	1	363337
1816.77	0.8	NonTarget	1	363354
1816.85	0.8	NonTarget	1	363370
1816.935	0.8	NonTarget	1	363387
1817.02	0.8	NonTarget	1	363404
1817.1	0.8	NonTarget	1	363420
1817.185	0.8	NonTarget	1	363437
1817.27	0.8	NonTarget	1	363454
1817.355	0.8	NonTarget	1	363471
1817.435	0.8	NonTarget	1	363487
1817.52	0.8	NonTarget	1	363504
1817.6	0.8	NonTarget	1	363520
1817.685	0.8	NonTarget	1	363537
1817.77	0.8	NonTarget	1	363554
1817.855	0.8	NonTarget	1	363571
1817.935	0.8	NonTarget	1	363587
1818.02	0.8	NonTarget	1	363604
1818.105	0.8	NonTarget	1	363621
1818.185	0.8	NonTarget	1	363637
1818.27	0.8	NonTarget	1	363654
1818.355	0.8	NonTarget	1	363671
1818.755	0.8	NonTarget	1	363751
1818.84	0.8	NonTarget	1	363768
1818.92	0.8	NonTarget	1	363784
1819.005	0.8	NonTarget	1	363801
1819.09	0.8	NonTarget	1	363818
1819.17	0.8	NonTarget	1	363834
1819.255	0.8	NonTarget	1	363851
1819.34	0.8	NonTarget	1	363868
1819.425	0.8	NonTarget	1	363885
1819.505	0.8	NonTarget	1	363901
1819.59	0.8	NonTarget	1	363918
1819.67	0.8	NonTarget	1	363934
1819.755	0.8	NonTarget	1	363951
1819.84	0.8	NonTarget	1	363968
1819.92	0.8	NonTarget	1	363984
1820.005	0.8	NonTarget	1	364001
1820.09	0.8	NonTarget	1	364018
1820.175	0.8	NonTarget	1	364035
1820.255	0.8	NonTarget	1	364051
1820.34	0.8	NonTarget	1	364068
1820.425	0.8	NonTarget	1	364085
1820.51	0.8	NonTarget	1	364102
1820.59	0.8	NonTarget	1	364118
1820.675	0.8	NonTarget	1	364135
1820.755	0.8	NonTarget	1	364151
1820.84	0.8	Target	2	364168
1820.925	0.8	NonTarget	1	364185
1821.005	0.8	NonTarget	1	364201
1821.09	0.8	NonTarget	1	364218
1821.175	0.8	NonTarget	1	364235
1821.575	0.8	NonTarget	1	364315
1821.66	0.8	NonTarget	1	364332
1821.745	0.8	NonTarget	1	364349
1821.825	0.8	NonTarget	1	364365
1821.91	0.8	NonTarget	1	364382
1821.99	0.8	NonTarget	1	364398
1822.075	0.8	NonTarget	1	364415
1822.155	0.8	NonTarget	1	364431
1822.24	0.8	NonTarget	1	364448
1822.325	0.8	NonTarget	1	364465
1822.41	0.8	Target	2	364482
1822.49	0.8	NonTarget	1	364498
1822.575	0.8	NonTarget	1	364515
1822.66	0.8	NonTarget	1	364532
1822.745	0.8	NonTarget	1	364549
1822.825	0.8	NonTarget	1	364565
1822.91	0.8	NonTarget	1	364582
1822.995	0.8	NonTarget	1	364599
1823.075	0.8	NonTarget	1	364615
1823.16	0.8	NonTarget	1	364632
1823.245	0.8	NonTarget	1	364649
1823.33	0.8	NonTarget	1	364666
1823.41	0.8	NonTarget	1	364682
1823.495	0.8	NonTarget	1	364699
1823.575	0.8	NonTarget	1	364715
1823.66	0.8	NonTarget	1	364732
1823.745	0.8	NonTarget	1	364749
1823.83	0.8	NonTarget	1	364766
1823.91	0.8	NonTarget	1	364782
1823.995	0.8	NonTarget	1	364799
1824.395	0.8	NonTarget	1	364879
1824.48	0.8	NonTarget	1	364896
1824.56	0.8	NonTarget	1	364912
1824.645	0.8	NonTarget	1	364929
1824.73	0.8	NonTarget	1	364946
1824.81	0.8	NonTarget	1	364962
1824.895	0.8	NonTarget	1	364979
1824.98	0.8	NonTarget	1	364996
1825.065	0.8	NonTarget	1	365013
1825.145	0.8	NonTarget	1	365029
1825.23	0.8	NonTarget	1	365046
1825.315	0.8	NonTarget	1	365063
1825.395	0.8	NonTarget	1	365079
1825.48	0.8	NonTarget	1	365096
1825.565	0.8	NonTarget	1	365113
1825.645	0.8	NonTarget	1	365129
1825.73	0.8	NonTarget	1	365146
1825.815	0.8	NonTarget	1	365163
1825.9	0.8	NonTarget	1	365180
1825.98	0.8	NonTarget	1	365196
1826.065	0.8	NonTarget	1	365213
1826.15	0.8	NonTarget	1	365230
1826.23	0.8	NonTarget	1	365246
1826.315	0.8	NonTarget	1	365263
1826.4	0.8	NonTarget	1	365280
1826.48	0.8	Target	2	365296
1826.565	0.8	NonTarget	1	365313
1826.65	0.8	NonTarget	1	365330
1826.73	0.8	NonTarget	1	365346
1826.815	0.8	NonTarget	1	365363
1835.815	0.8	NonTarget	1	367163
1835.895	0.8	NonTarget	1	367179
1835.98	0.8	NonTarget	1	367196
1836.06	0.8	NonTarget	1	367212
1836.145	0.8	NonTarget	1	367229
1836.23	0.8	NonTarget	1	367246
1836.31	0.8	NonTarget	1	367262
1836.395	0.8	NonTarget	1	367279
1836.48	0.8	NonTarget	1	367296
1836.56	0.8	NonTarget	1	367312
1836.645	0.8	NonTarget	1	367329
1836.73	0.8	NonTarget	1	367346
1836.81	0.8	Target	2	367362
1836.895	0.8	NonTarget	1	367379
1836.98	0.8	NonTarget	1	367396
1837.065	0.8	NonTarget	1	367413
1837.145	0.8	NonTarget	1	367429
1837.23	0.8	NonTarget	1	367446
1837.315	0.8	NonTarget	1	367463
1837.395	0.8	NonTarget	1	367479
1837.48	0.8	NonTarget	1	367496
1837.565	0.8	NonTarget	1	367513
1837.645	0.8	NonTarget	1	367529
1837.73	0.8	NonTarget	1	367546
1837.815	0.8	NonTarget	1	367563
1837.895	0.8	NonTarget	1	367579
1837.98	0.8	NonTarget	1	367596
1838.065	0.8	NonTarget	1	367613
1838.15	0.8	NonTarget	1	367630
1838.23	0.8	NonTarget	1	367646
1838.63	0.8	NonTarget	1	367726
1838.715	0.8	NonTarget	1	367743
1838.8	0.8	NonTarget	1	367760
1838.88	0.8	NonTarget	1	367776
1838.965	0.8	NonTarget	1	367793
1839.05	0.8	NonTarget	1	367810
1839.13	0.8	NonTarget	1	367826
1839.215	0.8	NonTarget	1	367843
1839.3	0.8	NonTarget	1	367860
1839.385	0.8	NonTarget	1	367877
1839.47	0.8	NonTarget	1	367894
1839.55	0.8	NonTarget	1	367910
1839.635	0.8	NonTarget	1	367927
1839.715	0.8	NonTarget	1	367943
1839.8	0.8	NonTarget	1	367960
1839.885	0.8	NonTarget	1	367977
1839.965	0.8	NonTarget	1	367993
1840.05	0.8	NonTarget	1	368010
1840.135	0.8	NonTarget	1	368027
1840.215	0.8	NonTarget	1	368043
1840.3	0.8	NonTarget	1	368060
1840.385	0.8	NonTarget	1	368077
1840.47	0.8	NonTarget	1	368094
1840.555	0.8	NonTarget	1	368111
1840.635	0.8	NonTarget	1	368127
1840.72	0.8	NonTarget	1	368144
1840.8	0.8	NonTarget	1	368160
1840.885	0.8	Target	2	368177
1840.97	0.8	NonTarget	1	368194
1841.055	0.8	NonTarget	1	368211
1841.455	0.8	NonTarget	1	368291
1841.535	0.8	NonTarget	1	368307
1841.62	0.8	NonTarget	1	368324
1841.705	0.8	NonTarget	1	368341
1841.785	0.8	NonTarget	1	368357
1841.87	0.8	NonTarget	1	368374
1841.955	0.8	NonTarget	1	368391
1842.035	0.8	NonTarget	1	368407
1842.12	0.8	NonTarget	1	368424
1842.205	0.8	NonTarget	1	368441
1842.285	0.8	NonTarget	1	368457
1842.37	0.8	NonTarget	1	368474
1842.455	0.8	NonTarget	1	368491
1842.54	0.8	NonTarget	1	368508
1842.62	0.8	NonTarget	1	368524
1842.705	0.8	NonTarget	1	368541
1842.79	0.8	NonTarget	1	368558
1842.875	0.8	NonTarget	1	368575
1842.955	0.8	NonTarget	1	368591
1843.035	0.8	NonTarget	1	368607
1843.12	0.8	NonTarget	1	368624
1843.205	0.8	NonTarget	1	368641
1843.29	0.8	Target	2	368658
1843.37	0.8	NonTarget	1	368674
1843.455	0.8	NonTarget	1	368691
1843.54	0.8	NonTarget	1	368708
1843.62	0.8	NonTarget	1	368724
1843.705	0.8	NonTarget	1	368741
1843.79	0.8	NonTarget	1	368758
1843.875	0.8	NonTarget	1	368775
1844.275	0.8	NonTarget	1	368855
1844.355	0.8	NonTarget	1	368871
1844.44	0.8	NonTarget	1	368888
1844.525	0.8	NonTarget	1	368905
1844.605	0.8	NonTarget	1	368921
1844.69	0.8	NonTarget	1	368938
1844.775	0.8	NonTarget	1	368955
1844.855	0.8	NonTarget	1	368971
1844.94	0.8	NonTarget	1	368988
1845.025	0.8	NonTarget	1	369005
1845.11	0.8	NonTarget	1	369022
1845.195	0.8	NonTarget	1	369039
1845.275	0.8	Target	2	369055
1845.36	0.8	NonTarget	1	369072
1845.44	0.8	NonTarget	1	369088
1845.525	0.8	NonTarget	1	369105
1845.605	0.8	NonTarget	1	369121
1845.69	0.8	NonTarget	1	369138
1845.775	0.8	NonTarget	1	369155
1845.86	0.8	NonTarget	1	369172
1845.945	0.8	NonTarget	1	369189
1846.025	0.8	NonTarget	1	369205
1846.11	0.8	NonTarget	1	369222
1846.195	0.8	NonTarget	1	369239
1846.275	0.8	NonTarget	1	369255
1846.36	0.8	NonTarget	1	369272
1846.445	0.8	NonTarget	1	369289
1846.525	0.8	NonTarget	1	369305
1846.61	0.8	NonTarget	1	369322
1846.695	0.8	NonTarget	1	369339
1847.095	0.8	NonTarget	1	369419
1847.18	0.8	NonTarget	1	369436
1847.26	0.8	NonTarget	1	369452
1847.345	0.8	NonTarget	1	369469
1847.43	0.8	NonTarget	1	369486
1847.51	0.8	NonTarget	1	369502
1847.595	0.8	NonTarget	1	369519
1847.68	0.8	NonTarget	1	369536
1847.76	0.8	NonTarget	1	369552
1847.845	0.8	NonTarget	1	369569
1847.925	0.8	NonTarget	1	369585
1848.01	0.8	NonTarget	1	369602
1848.095	0.8	NonTarget	1	369619
1848.18	0.8	NonTarget	1	369636
1848.265	0.8	NonTarget	1	369653
1848.345	0.8	NonTarget	1	369669
1848.43	0.8	NonTarget	1	369686
1848.515	0.8	NonTarget	1	369703
1848.6	0.8	NonTarget	1	369720
1848.68	0.8	NonTarget	1	369736
1848.765	0.8	NonTarget	1	369753
1848.845	0.8	NonTarget	1	369769
1848.93	0.8	NonTarget	1	369786
1849.015	0.8	NonTarget	1	369803
1849.095	0.8	NonTarget	1	369819
1849.18	0.8	NonTarget	1	369836
1849.265	0.8	NonTarget	1	369853
1849.35	0.8	Target	2	369870
1849.43	0.8	NonTarget	1	369886
1849.515	0.8	NonTarget	1	369903
1849.915	0.8	NonTarget	1	369983
1849.995	0.8	NonTarget	1	369999
1850.08	0.8	NonTarget	1	370016
1850.165	0.8	NonTarget	1	370033
1850.25	0.8	NonTarget	1	370050
1850.33	0.8	NonTarget	1	370066
1850.415	0.8	NonTarget	1	370083
1850.5	0.8	NonTarget	1	370100
1850.585	0.8	NonTarget	1	370117
1850.665	0.8	NonTarget	1	370133
1850.75	0.8	NonTarget	1	370150
1850.835	0.8	NonTarget	1	370167
1850.915	0.8	NonTarget	1	370183
1851.0	0.8	NonTarget	1	370200
1851.085	0.8	NonTarget	1	370217
1851.165	0.8	NonTarget	1	370233
1851.25	0.8	NonTarget	1	370250
1851.335	0.8	Target	2	370267
1851.415	0.8	NonTarget	1	370283
1851.5	0.8	NonTarget	1	370300
1851.585	0.8	NonTarget	1	370317
1851.665	0.8	NonTarget	1	370333
1851.75	0.8	NonTarget	1	370350
1851.835	0.8	NonTarget	1	370367
1851.915	0.8	NonTarget	1	370383
1852.0	0.8	NonTarget	1	370400
1852.085	0.8	NonTarget	1	370417
1852.165	0.8	NonTarget	1	370433
1852.25	0.8	NonTarget	1	370450
1852.335	0.8	NonTarget	1	370467
1852.735	0.8	NonTarget	1	370547
1852.82	0.8	NonTarget	1	370564
1852.9	0.8	Target	2	370580
1852.985	0.8	NonTarget	1	370597
1853.07	0.8	NonTarget	1	370614
1853.155	0.8	NonTarget	1	370631
1853.235	0.8	NonTarget	1	370647
1853.32	0.8	NonTarget	1	370664
1853.405	0.8	NonTarget	1	370681
1853.485	0.8	NonTarget	1	370697
1853.57	0.8	NonTarget	1	370714
1853.655	0.8	NonTarget	1	370731
1853.735	0.8	NonTarget	1	370747
1853.82	0.8	NonTarget	1	370764
1853.905	0.8	NonTarget	1	370781
1853.985	0.8	NonTarget	1	370797
1854.07	0.8	NonTarget	1	370814
1854.155	0.8	NonTarget	1	370831
1854.235	0.8	NonTarget	1	370847
1854.32	0.8	NonTarget	1	370864
1854.405	0.8	NonTarget	1	370881
1854.485	0.8	NonTarget	1	370897
1854.57	0.8	NonTarget	1	370914
1854.655	0.8	NonTarget	1	370931
1854.74	0.8	NonTarget	1	370948
1854.825	0.8	NonTarget	1	370965
1854.905	0.8	NonTarget	1	370981
1854.99	0.8	NonTarget	1	370998
1855.07	0.8	NonTarget	1	371014
1855.155	0.8	NonTarget	1	371031
1855.555	0.8	NonTarget	1	371111
1855.64	0.8	NonTarget	1	371128
1855.72	0.8	NonTarget	1	371144
1855.805	0.8	NonTarget	1	371161
1855.89	0.8	NonTarget	1	371178
1855.97	0.8	NonTarget	1	371194
1856.055	0.8	NonTarget	1	371211
1856.14	0.8	NonTarget	1	371228
1856.225	0.8	NonTarget	1	371245
1856.305	0.8	NonTarget	1	371261
1856.395	0.8	NonTarget	1	371279
1856.475	0.8	NonTarget	1	371295
1856.555	0.8	NonTarget	1	371311
1856.64	0.8	NonTarget	1	371328
1856.725	0.8	NonTarget	1	371345
1856.805	0.8	NonTarget	1	371361
1856.89	0.8	NonTarget	1	371378
1856.975	0.8	Target	2	371395
1857.06	0.8	NonTarget	1	371412
1857.14	0.8	NonTarget	1	371428
1857.225	0.8	NonTarget	1	371445
1857.31	0.8	NonTarget	1	371462
1857.39	0.8	NonTarget	1	371478
1857.475	0.8	NonTarget	1	371495
1857.555	0.8	NonTarget	1	371511
1857.645	0.8	NonTarget	1	371529
1857.725	0.8	NonTarget	1	371545
1857.81	0.8	NonTarget	1	371562
1857.895	0.8	NonTarget	1	371579
1857.975	0.8	NonTarget	1	371595
1858.375	0.8	NonTarget	1	371675
1858.46	0.8	NonTarget	1	371692
1858.545	0.8	NonTarget	1	371709
1858.625	0.8	NonTarget	1	371725
1858.71	0.8	NonTarget	1	371742
1858.795	0.8	NonTarget	1	371759
1858.875	0.8	NonTarget	1	371775
1858.96	0.8	Target	2	371792
1859.045	0.8	NonTarget	1	371809
1859.125	0.8	NonTarget	1	371825
1859.21	0.8	NonTarget	1	371842
1859.295	0.8	NonTarget	1	371859
1859.38	0.8	NonTarget	1	371876
1859.465	0.8	NonTarget	1	371893
1859.545	0.8	NonTarget	1	371909
1859.63	0.8	NonTarget	1	371926
1859.715	0.8	NonTarget	1	371943
1859.795	0.8	NonTarget	1	371959
1859.88	0.8	NonTarget	1	371976
1859.96	0.8	NonTarget	1	371992
1860.045	0.8	NonTarget	1	372009
1860.13	0.8	NonTarget	1	372026
1860.215	0.8	NonTarget	1	372043
1860.295	0.8	NonTarget	1	372059
1860.38	0.8	NonTarget	1	372076
1860.465	0.8	NonTarget	1	372093
1860.545	0.8	NonTarget	1	372109
1860.63	0.8	NonTarget	1	372126
1860.715	0.8	NonTarget	1	372143
1860.795	0.8	NonTarget	1	372159
1861.195	0.8	NonTarget	1	372239
1861.28	0.8	NonTarget	1	372256
1861.365	0.8	NonTarget	1	372273
1861.445	0.8	NonTarget	1	372289
1861.53	0.8	NonTarget	1	372306
1861.615	0.8	NonTarget	1	372323
1861.695	0.8	NonTarget	1	372339
1861.78	0.8	NonTarget	1	372356
1861.865	0.8	NonTarget	1	372373
1861.95	0.8	NonTarget	1	372390
1862.03	0.8	NonTarget	1	372406
1862.115	0.8	NonTarget	1	372423
1862.2	0.8	NonTarget	1	372440
1862.28	0.8	NonTarget	1	372456
1862.365	0.8	NonTarget	1	372473
1862.45	0.8	NonTarget	1	372490
1862.53	0.8	NonTarget	1	372506
1862.615	0.8	NonTarget	1	372523
1862.7	0.8	NonTarget	1	372540
1862.785	0.8	NonTarget	1	372557
1862.865	0.8	NonTarget	1	372573
1862.95	0.8	NonTarget	1	372590
1863.03	0.8	NonTarget	1	372606
1863.115	0.8	NonTarget	1	372623
1863.2	0.8	NonTarget	1	372640
1863.285	0.8	NonTarget	1	372657
1863.365	0.8	NonTarget	1	372673
1863.45	0.8	Target	2	372690
1863.535	0.8	NonTarget	1	372707
1863.615	0.8	NonTarget	1	372723
1872.615	0.8	NonTarget	1	374523
1872.695	0.8	NonTarget	1	374539
1872.78	0.8	NonTarget	1	374556
1872.865	0.8	NonTarget	1	374573
1872.95	0.8	NonTarget	1	374590
1873.03	0.8	NonTarget	1	374606
1873.115	0.8	NonTarget	1	374623
1873.195	0.8	NonTarget	1	374639
1873.28	0.8	Target	2	374656
1873.365	0.8	NonTarget	1	374673
1873.445	0.8	NonTarget	1	374689
1873.53	0.8	NonTarget	1	374706
1873.615	0.8	NonTarget	1	374723
1873.7	0.8	NonTarget	1	374740
1873.78	0.8	NonTarget	1	374756
1873.865	0.8	NonTarget	1	374773
1873.95	0.8	NonTarget	1	374790
1874.035	0.8	NonTarget	1	374807
1874.115	0.8	NonTarget	1	374823
1874.2	0.8	NonTarget	1	374840
1874.285	0.8	NonTarget	1	374857
1874.365	0.8	NonTarget	1	374873
1874.45	0.8	NonTarget	1	374890
1874.53	0.8	NonTarget	1	374906
1874.615	0.8	NonTarget	1	374923
1874.7	0.8	NonTarget	1	374940
1874.785	0.8	NonTarget	1	374957
1874.87	0.8	NonTarget	1	374974
1874.95	0.8	NonTarget	1	374990
1875.035	0.8	NonTarget	1	375007
1875.435	0.8	NonTarget	1	375087
1875.515	0.8	NonTarget	1	375103
1875.6	0.8	NonTarget	1	375120
1875.685	0.8	Target	2	375137
1875.765	0.8	NonTarget	1	375153
1875.85	0.8	NonTarget	1	375170
1875.935	0.8	NonTarget	1	375187
1876.02	0.8	NonTarget	1	375204
1876.105	0.8	NonTarget	1	375221
1876.185	0.8	NonTarget	1	375237
1876.27	0.8	NonTarget	1	375254
1876.355	0.8	NonTarget	1	375271
1876.435	0.8	NonTarget	1	375287
1876.52	0.8	NonTarget	1	375304
1876.6	0.8	NonTarget	1	375320
1876.685	0.8	NonTarget	1	375337
1876.77	0.8	NonTarget	1	375354
1876.85	0.8	NonTarget	1	375370
1876.935	0.8	NonTarget	1	375387
1877.02	0.8	NonTarget	1	375404
1877.105	0.8	NonTarget	1	375421
1877.185	0.8	NonTarget	1	375437
1877.27	0.8	NonTarget	1	375454
1877.355	0.8	NonTarget	1	375471
1877.435	0.8	NonTarget	1	375487
1877.52	0.8	NonTarget	1	375504
1877.605	0.8	NonTarget	1	375521
1877.69	0.8	NonTarget	1	375538
1877.77	0.8	NonTarget	1	375554
1877.855	0.8	NonTarget	1	375571
1878.255	0.8	NonTarget	1	375651
1878.34	0.8	NonTarget	1	375668
1878.42	0.8	NonTarget	1	375684
1878.505	0.8	Target	2	375701
1878.59	0.8	NonTarget	1	375718
1878.67	0.8	NonTarget	1	375734
1878.755	0.8	NonTarget	1	375751
1878.84	0.8	NonTarget	1	375768
1878.92	0.8	NonTarget	1	375784
1879.005	0.8	NonTarget	1	375801
1879.09	0.8	NonTarget	1	375818
1879.17	0.8	NonTarget	1	375834
1879.26	0.8	NonTarget	1	375852
1879.34	0.8	NonTarget	1	375868
1879.425	0.8	NonTarget	1	375885
1879.505	0.8	NonTarget	1	375901
1879.59	0.8	NonTarget	1	375918
1879.675	0.8	NonTarget	1	375935
1879.755	0.8	NonTarget	1	375951
1879.84	0.8	NonTarget	1	375968
1879.925	0.8	NonTarget	1	375985
1880.01	0.8	NonTarget	1	376002
1880.09	0.8	NonTarget	1	376018
1880.175	0.8	NonTarget	1	376035
1880.255	0.8	NonTarget	1	376051
1880.34	0.8	NonTarget	1	376068
1880.425	0.8	NonTarget	1	376085
1880.51	0.8	NonTarget	1	376102
1880.59	0.8	NonTarget	1	376118
1880.675	0.8	NonTarget	1	376135
1881.075	0.8	NonTarget	1	376215
1881.16	0.8	NonTarget	1	376232
1881.245	0.8	NonTarget	1	376249
1881.325	0.8	NonTarget	1	376265
1881.41	0.8	NonTarget	1	376282
1881.49	0.8	NonTarget	1	376298
1881.575	0.8	NonTarget	1	376315
1881.66	0.8	NonTarget	1	376332
1881.745	0.8	NonTarget	1	376349
1881.825	0.8	NonTarget	1	376365
1881.91	0.8	NonTarget	1	376382
1881.995	0.8	NonTarget	1	376399
1882.075	0.8	NonTarget	1	376415
1882.16	0.8	NonTarget	1	376432
1882.245	0.8	NonTarget	1	376449
1882.325	0.8	NonTarget	1	376465
1882.41	0.8	NonTarget	1	376482
1882.495	0.8	NonTarget	1	376499
1882.58	0.8	NonTarget	1	376516
1882.665	0.8	NonTarget	1	376533
1882.745	0.8	NonTarget	1	376549
1882.83	0.8	NonTarget	1	376566
1882.91	0.8	NonTarget	1	376582
1882.995	0.8	Target	2	376599
1883.08	0.8	NonTarget	1	376616
1883.16	0.8	NonTarget	1	376632
1883.245	0.8	NonTarget	1	376649
1883.33	0.8	NonTarget	1	376666
1883.41	0.8	NonTarget	1	376682
1883.495	0.8	NonTarget	1	376699
1883.9	0.8	NonTarget	1	376780
1883.98	0.8	NonTarget	1	376796
1884.065	0.8	NonTarget	1	376813
1884.145	0.8	NonTarget	1	376829
1884.23	0.8	NonTarget	1	376846
1884.315	0.8	NonTarget	1	376863
1884.395	0.8	NonTarget	1	376879
1884.48	0.8	NonTarget	1	376896
1884.565	0.8	NonTarget	1	376913
1884.65	0.8	NonTarget	1	376930
1884.73	0.8	NonTarget	1	376946
1884.815	0.8	NonTarget	1	376963
1884.895	0.8	NonTarget	1	376979
1884.98	0.8	Target	2	376996
1885.065	0.8	NonTarget	1	377013
1885.145	0.8	NonTarget	1	377029
1885.23	0.8	NonTarget	1	377046
1885.315	0.8	NonTarget	1	377063
1885.4	0.8	NonTarget	1	377080
1885.48	0.8	NonTarget	1	377096
1885.565	0.8	NonTarget	1	377113
1885.65	0.8	NonTarget	1	377130
1885.73	0.8	NonTarget	1	377146
1885.815	0.8	NonTarget	1	377163
1885.9	0.8	NonTarget	1	377180
1885.985	0.8	NonTarget	1	377197
1886.07	0.8	NonTarget	1	377214
1886.15	0.8	NonTarget	1	377230
1886.235	0.8	NonTarget	1	377247
1886.315	0.8	NonTarget	1	377263
1886.715	0.8	NonTarget	1	377343
1886.8	0.8	NonTarget	1	377360
1886.88	0.8	NonTarget	1	377376
1886.965	0.8	NonTarget	1	377393
1887.05	0.8	NonTarget	1	377410
1887.135	0.8	NonTarget	1	377427
1887.215	0.8	NonTarget	1	377443
1887.3	0.8	NonTarget	1	377460
1887.385	0.8	NonTarget	1	377477
1887.465	0.8	NonTarget	1	377493
1887.55	0.8	NonTarget	1	377510
1887.635	0.8	NonTarget	1	377527
1887.72	0.8	NonTarget	1	377544
1887.8	0.8	NonTarget	1	377560
1887.885	0.8	NonTarget	1	377577
1887.97	0.8	NonTarget	1	377594
1888.05	0.8	NonTarget	1	377610
1888.135	0.8	NonTarget	1	377627
1888.22	0.8	NonTarget	1	377644
1888.305	0.8	NonTarget	1	377661
1888.385	0.8	NonTarget	1	377677
1888.47	0.8	NonTarget	1	377694
1888.555	0.8	NonTarget	1	377711
1888.635	0.8	NonTarget	1	377727
1888.72	0.8	NonTarget	1	377744
1888.805	0.8	NonTarget	1	377761
1888.885	0.8	NonTarget	1	377777
1888.97	0.8	NonTarget	1	377794
1889.055	0.8	Target	2	377811
1889.135	0.8	NonTarget	1	377827
1889.54	0.8	NonTarget	1	377908
1889.62	0.8	NonTarget	1	377924
1889.705	0.8	NonTarget	1	377941
1889.79	0.8	NonTarget	1	377958
1889.87	0.8	NonTarget	1	377974
1889.955	0.8	NonTarget	1	377991
1890.04	0.8	NonTarget	1	378008
1890.12	0.8	NonTarget	1	378024
1890.205	0.8	NonTarget	1	378041
1890.29	0.8	NonTarget	1	378058
1890.375	0.8	NonTarget	1	378075
1890.455	0.8	NonTarget	1	378091
1890.54	0.8	NonTarget	1	378108
1890.62	0.8	NonTarget	1	378124
1890.705	0.8	NonTarget	1	378141
1890.79	0.8	NonTarget	1	378158
1890.875	0.8	NonTarget	1	378175
1890.955	0.8	NonTarget	1	378191
1891.04	0.8	NonTarget	1	378208
1891.12	0.8	NonTarget	1	378224
1891.205	0.8	NonTarget	1	378241
1891.29	0.8	NonTarget	1	378258
1891.375	0.8	NonTarget	1	378275
1891.455	0.8	NonTarget	1	378291
1891.54	0.8	NonTarget	1	378308
1891.625	0.8	NonTarget	1	378325
1891.71	0.8	NonTarget	1	378342
1891.79	0.8	NonTarget	1	378358
1891.875	0.8	Target	2	378375
1891.955	0.8	NonTarget	1	378391
1892.36	0.8	NonTarget	1	378472
1892.44	0.8	NonTarget	1	378488
1892.525	0.8	NonTarget	1	378505
1892.61	0.8	NonTarget	1	378522
1892.69	0.8	NonTarget	1	378538
1892.775	0.8	NonTarget	1	378555
1892.86	0.8	NonTarget	1	378572
1892.94	0.8	NonTarget	1	378588
1893.025	0.8	NonTarget	1	378605
1893.11	0.8	NonTarget	1	378622
1893.195	0.8	NonTarget	1	378639
1893.275	0.8	NonTarget	1	378655
1893.36	0.8	NonTarget	1	378672
1893.445	0.8	NonTarget	1	378689
1893.525	0.8	NonTarget	1	378705
1893.61	0.8	NonTarget	1	378722
1893.695	0.8	NonTarget	1	378739
1893.78	0.8	NonTarget	1	378756
1893.86	0.8	NonTarget	1	378772
1893.945	0.8	NonTarget	1	378789
1894.025	0.8	NonTarget	1	378805
1894.11	0.8	NonTarget	1	378822
1894.195	0.8	NonTarget	1	378839
1894.275	0.8	NonTarget	1	378855
1894.36	0.8	NonTarget	1	378872
1894.445	0.8	NonTarget	1	378889
1894.53	0.8	NonTarget	1	378906
1894.615	0.8	NonTarget	1	378923
1894.695	0.8	Target	2	378939
1894.78	0.8	NonTarget	1	378956
1895.18	0.8	NonTarget	1	379036
1895.26	0.8	NonTarget	1	379052
1895.345	0.8	NonTarget	1	379069
1895.43	0.8	NonTarget	1	379086
1895.515	0.8	NonTarget	1	379103
1895.595	0.8	NonTarget	1	379119
1895.68	0.8	NonTarget	1	379136
1895.76	0.8	NonTarget	1	379152
1895.845	0.8	Target	2	379169
1895.93	0.8	NonTarget	1	379186
1896.015	0.8	NonTarget	1	379203
1896.095	0.8	NonTarget	1	379219
1896.18	0.8	NonTarget	1	379236
1896.265	0.8	NonTarget	1	379253
1896.35	0.8	NonTarget	1	379270
1896.43	0.8	NonTarget	1	379286
1896.515	0.8	NonTarget	1	379303
1896.595	0.8	NonTarget	1	379319
1896.68	0.8	NonTarget	1	379336
1896.765	0.8	NonTarget	1	379353
1896.845	0.8	NonTarget	1	379369
1896.93	0.8	NonTarget	1	379386
1897.015	0.8	NonTarget	1	379403
1897.1	0.8	NonTarget	1	379420
1897.18	0.8	NonTarget	1	379436
1897.265	0.8	NonTarget	1	379453
1897.35	0.8	NonTarget	1	379470
1897.43	0.8	NonTarget	1	379486
1897.515	0.8	NonTarget	1	379503
1897.6	0.8	NonTarget	1	379520
1898.0	0.8	NonTarget	1	379600
1898.085	0.8	NonTarget	1	379617
1898.165	0.8	NonTarget	1	379633
1898.25	0.8	NonTarget	1	379650
1898.335	0.8	NonTarget	1	379667
1898.415	0.8	NonTarget	1	379683
1898.5	0.8	NonTarget	1	379700
1898.585	0.8	NonTarget	1	379717
1898.67	0.8	NonTarget	1	379734
1898.75	0.8	NonTarget	1	379750
1898.835	0.8	NonTarget	1	379767
1898.915	0.8	NonTarget	1	379783
1899.0	0.8	NonTarget	1	379800
1899.085	0.8	Target	2	379817
1899.165	0.8	NonTarget	1	379833
1899.25	0.8	NonTarget	1	379850
1899.335	0.8	NonTarget	1	379867
1899.42	0.8	NonTarget	1	379884
1899.505	0.8	NonTarget	1	379901
1899.585	0.8	NonTarget	1	379917
1899.67	0.8	NonTarget	1	379934
1899.755	0.8	NonTarget	1	379951
1899.835	0.8	NonTarget	1	379967
1899.92	0.8	NonTarget	1	379984
1900.0	0.8	NonTarget	1	380000
1900.085	0.8	NonTarget	1	380017
1900.17	0.8	NonTarget	1	380034
1900.25	0.8	NonTarget	1	380050
1900.335	0.8	NonTarget	1	380067
1900.42	0.8	NonTarget	1	380084
1909.42	0.8	NonTarget	1	381884
1909.5	0.8	NonTarget	1	381900
1909.58	0.8	NonTarget	1	381916
1909.665	0.8	NonTarget	1	381933
1909.75	0.8	NonTarget	1	381950
1909.83	0.8	NonTarget	1	381966
1909.915	0.8	NonTarget	1	381983
1910.0	0.8	NonTarget	1	382000
1910.085	0.8	NonTarget	1	382017
1910.165	0.8	NonTarget	1	382033
1910.25	0.8	NonTarget	1	382050
1910.335	0.8	NonTarget	1	382067
1910.415	0.8	NonTarget	1	382083
1910.5	0.8	NonTarget	1	382100
1910.585	0.8	Target	2	382117
1910.67	0.8	NonTarget	1	382134
1910.755	0.8	NonTarget	1	382151
1910.835	0.8	NonTarget	1	382167
1910.92	0.8	NonTarget	1	382184
1911.0	0.8	NonTarget	1	382200
1911.085	0.8	NonTarget	1	382217
1911.165	0.8	NonTarget	1	382233
1911.25	0.8	NonTarget	1	382250
1911.335	0.8	NonTarget	1	382267
1911.42	0.8	NonTarget	1	382284
1911.505	0.8	NonTarget	1	382301
1911.585	0.8	NonTarget	1	382317
1911.67	0.8	NonTarget	1	382334
1911.755	0.8	NonTarget	1	382351
1911.835	0.8	NonTarget	1	382367
1912.235	0.8	NonTarget	1	382447
1912.32	0.8	NonTarget	1	382464
1912.405	0.8	NonTarget	1	382481
1912.485	0.8	NonTarget	1	382497
1912.57	0.8	NonTarget	1	382514
1912.655	0.8	NonTarget	1	382531
1912.735	0.8	NonTarget	1	382547
1912.82	0.8	NonTarget	1	382564
1912.905	0.8	NonTarget	1	382581
1912.99	0.8	NonTarget	1	382598
1913.07	0.8	NonTarget	1	382614
1913.155	0.8	NonTarget	1	382631
1913.235	0.8	NonTarget	1	382647
1913.32	0.8	NonTarget	1	382664
1913.405	0.8	NonTarget	1	382681
1913.485	0.8	NonTarget	1	382697
1913.57	0.8	NonTarget	1	382714
1913.655	0.8	NonTarget	1	382731
1913.74	0.8	NonTarget	1	382748
1913.825	0.8	Target	2	382765
1913.905	0.8	NonTarget	1	382781
1913.99	0.8	NonTarget	1	382798
1914.07	0.8	NonTarget	1	382814
1914.155	0.8	NonTarget	1	382831
1914.24	0.8	NonTarget	1	382848
1914.32	0.8	NonTarget	1	382864
1914.405	0.8	NonTarget	1	382881
1914.49	0.8	NonTarget	1	382898
1914.575	0.8	NonTarget	1	382915
1914.655	0.8	NonTarget	1	382931
1915.055	0.8	NonTarget	1	383011
1915.14	0.8	NonTarget	1	383028
1915.225	0.8	NonTarget	1	383045
1915.305	0.8	NonTarget	1	383061
1915.39	0.8	NonTarget	1	383078
1915.475	0.8	NonTarget	1	383095
1915.555	0.8	NonTarget	1	383111
1915.64	0.8	NonTarget	1	383128
1915.725	0.8	NonTarget	1	383145
1915.81	0.8	NonTarget	1	383162
1915.89	0.8	NonTarget	1	383178
1915.975	0.8	NonTarget	1	383195
1916.06	0.8	NonTarget	1	383212
1916.145	0.8	NonTarget	1	383229
1916.225	0.8	NonTarget	1	383245
1916.31	0.8	NonTarget	1	383262
1916.395	0.8	NonTarget	1	383279
1916.475	0.8	NonTarget	1	383295
1916.56	0.8	NonTarget	1	383312
1916.645	0.8	Target	2	383329
1916.725	0.8	NonTarget	1	383345
1916.81	0.8	NonTarget	1	383362
1916.895	0.8	NonTarget	1	383379
1916.98	0.8	NonTarget	1	383396
1917.06	0.8	NonTarget	1	383412
1917.145	0.8	NonTarget	1	383429
1917.225	0.8	NonTarget	1	383445
1917.31	0.8	NonTarget	1	383462
1917.395	0.8	NonTarget	1	383479
1917.475	0.8	NonTarget	1	383495
1917.88	0.8	NonTarget	1	383576
1917.96	0.8	NonTarget	1	383592
1918.045	0.8	NonTarget	1	383609
1918.13	0.8	NonTarget	1	383626
1918.21	0.8	NonTarget	1	383642
1918.295	0.8	NonTarget	1	383659
1918.38	0.8	NonTarget	1	383676
1918.46	0.8	NonTarget	1	383692
1918.545	0.8	NonTarget	1	383709
1918.63	0.8	Target	2	383726
1918.71	0.8	NonTarget	1	383742
1918.795	0.8	NonTarget	1	383759
1918.88	0.8	NonTarget	1	383776
1918.96	0.8	NonTarget	1	383792
1919.045	0.8	NonTarget	1	383809
1919.13	0.8	NonTarget	1	383826
1919.215	0.8	NonTarget	1	383843
1919.295	0.8	NonTarget	1	383859
1919.38	0.8	NonTarget	1	383876
1919.465	0.8	NonTarget	1	383893
1919.55	0.8	NonTarget	1	383910
1919.63	0.8	NonTarget	1	383926
1919.715	0.8	NonTarget	1	383943
1919.795	0.8	NonTarget	1	383959
1919.88	0.8	NonTarget	1	383976
1919.965	0.8	NonTarget	1	383993
1920.045	0.8	NonTarget	1	384009
1920.13	0.8	NonTarget	1	384026
1920.215	0.8	NonTarget	1	384043
1920.3	0.8	NonTarget	1	384060
1920.7	0.8	NonTarget	1	384140
1920.78	0.8	NonTarget	1	384156
1920.865	0.8	NonTarget	1	384173
1920.95	0.8	NonTarget	1	384190
1921.03	0.8	NonTarget	1	384206
1921.115	0.8	NonTarget	1	384223
1921.2	0.8	NonTarget	1	384240
1921.28	0.8	NonTarget	1	384256
1921.365	0.8	NonTarget	1	384273
1921.45	0.8	Target	2	384290
1921.535	0.8	NonTarget	1	384307
1921.615	0.8	NonTarget	1	384323
1921.7	0.8	NonTarget	1	384340
1921.785	0.8	NonTarget	1	384357
1921.865	0.8	NonTarget	1	384373
1921.95	0.8	NonTarget	1	384390
1922.035	0.8	NonTarget	1	384407
1922.115	0.8	NonTarget	1	384423
1922.2	0.8	NonTarget	1	384440
1922.28	0.8	NonTarget	1	384456
1922.365	0.8	NonTarget	1	384473
1922.45	0.8	NonTarget	1	384490
1922.535	0.8	NonTarget	1	384507
1922.62	0.8	NonTarget	1	384524
1922.7	0.8	NonTarget	1	384540
1922.785	0.8	NonTarget	1	384557
1922.87	0.8	NonTarget	1	384574
1922.955	0.8	NonTarget	1	384591
1923.035	0.8	NonTarget	1	384607
1923.12	0.8	NonTarget	1	384624
1923.52	0.8	NonTarget	1	384704
1923.6	0.8	NonTarget	1	384720
1923.685	0.8	NonTarget	1	384737
1923.77	0.8	NonTarget	1	384754
1923.855	0.8	Target	2	384771
1923.935	0.8	NonTarget	1	384787
1924.02	0.8	NonTarget	1	384804
1924.105	0.8	NonTarget	1	384821
1924.185	0.8	NonTarget	1	384837
1924.27	0.8	NonTarget	1	384854
1924.355	0.8	NonTarget	1	384871
1924.435	0.8	NonTarget	1	384887
1924.52	0.8	NonTarget	1	384904
1924.605	0.8	NonTarget	1	384921
1924.685	0.8	NonTarget	1	384937
1924.77	0.8	NonTarget	1	384954
1924.855	0.8	NonTarget	1	384971
1924.94	0.8	NonTarget	1	384988
1925.02	0.8	NonTarget	1	385004
1925.105	0.8	NonTarget	1	385021
1925.19	0.8	NonTarget	1	385038
1925.275	0.8	NonTarget	1	385055
1925.355	0.8	NonTarget	1	385071
1925.44	0.8	NonTarget	1	385088
1925.52	0.8	NonTarget	1	385104
1925.605	0.8	NonTarget	1	385121
1925.685	0.8	NonTarget	1	385137
1925.775	0.8	NonTarget	1	385155
1925.855	0.8	NonTarget	1	385171
1925.94	0.8	NonTarget	1	385188
1926.34	0.8	NonTarget	1	385268
1926.425	0.8	NonTarget	1	385285
1926.505	0.8	NonTarget	1	385301
1926.59	0.8	NonTarget	1	385318
1926.675	0.8	NonTarget	1	385335
1926.755	0.8	NonTarget	1	385351
1926.84	0.8	NonTarget	1	385368
1926.925	0.8	NonTarget	1	385385
1927.005	0.8	NonTarget	1	385401
1927.09	0.8	NonTarget	1	385418
1927.175	0.8	NonTarget	1	385435
1927.26	0.8	NonTarget	1	385452
1927.34	0.8	NonTarget	1	385468
1927.425	0.8	NonTarget	1	385485
1927.505	0.8	NonTarget	1	385501
1927.59	0.8	NonTarget	1	385518
1927.675	0.8	NonTarget	1	385535
1927.76	0.8	NonTarget	1	385552
1927.84	0.8	NonTarget	1	385568
1927.925	0.8	NonTarget	1	385585
1928.01	0.8	NonTarget	1	385602
1928.09	0.8	NonTarget	1	385618
1928.175	0.8	NonTarget	1	385635
1928.26	0.8	NonTarget	1	385652
1928.34	0.8	NonTarget	1	385668
1928.425	0.8	NonTarget	1	385685
1928.51	0.8	NonTarget	1	385702
1928.595	0.8	NonTarget	1	385719
1928.675	0.8	NonTarget	1	385735
1928.76	0.8	Target	2	385752
1929.16	0.8	NonTarget	1	385832
1929.245	0.8	NonTarget	1	385849
1929.325	0.8	NonTarget	1	385865
1929.41	0.8	NonTarget	1	385882
1929.495	0.8	NonTarget	1	385899
1929.58	0.8	NonTarget	1	385916
1929.66	0.8	NonTarget	1	385932
1929.745	0.8	NonTarget	1	385949
1929.83	0.8	NonTarget	1	385966
1929.91	0.8	NonTarget	1	385982
1929.995	0.8	NonTarget	1	385999
1930.08	0.8	NonTarget	1	386016
1930.16	0.8	NonTarget	1	386032
1930.245	0.8	NonTarget	1	386049
1930.33	0.8	NonTarget	1	386066
1930.41	0.8	NonTarget	1	386082
1930.495	0.8	NonTarget	1	386099
1930.58	0.8	NonTarget	1	386116
1930.665	0.8	NonTarget	1	386133
1930.745	0.8	NonTarget	1	386149
1930.83	0.8	NonTarget	1	386166
1930.915	0.8	NonTarget	1	386183
1930.995	0.8	NonTarget	1	386199
1931.08	0.8	NonTarget	1	386216
1931.165	0.8	NonTarget	1	386233
1931.245	0.8	NonTarget	1	386249
1931.33	0.8	NonTarget	1	386266
1931.415	0.8	NonTarget	1	386283
1931.5	0.8	NonTarget	1	386300
1931.58	0.8	Target	2	386316
1931.98	0.8	NonTarget	1	386396
1932.065	0.8	NonTarget	1	386413
1932.15	0.8	NonTarget	1	386430
1932.23	0.8	NonTarget	1	386446
1932.315	0.8	NonTarget	1	386463
1932.4	0.8	NonTarget	1	386480
1932.48	0.8	NonTarget	1	386496
1932.565	0.8	NonTarget	1	386513
1932.65	0.8	NonTarget	1	386530
1932.73	0.8	NonTarget	1	386546
1932.815	0.8	NonTarget	1	386563
1932.9	0.8	NonTarget	1	386580
1932.98	0.8	NonTarget	1	386596
1933.065	0.8	NonTarget	1	386613
1933.15	0.8	NonTarget	1	386630
1933.235	0.8	NonTarget	1	386647
1933.315	0.8	NonTarget	1	386663
1933.4	0.8	NonTarget	1	386680
1933.485	0.8	NonTarget	1	386697
1933.565	0.8	Target	2	386713
1933.65	0.8	NonTarget	1	386730
1933.735	0.8	NonTarget	1	386747
1933.82	0.8	NonTarget	1	386764
1933.9	0.8	NonTarget	1	386780
1933.985	0.8	NonTarget	1	386797
1934.07	0.8	NonTarget	1	386814
1934.15	0.8	NonTarget	1	386830
1934.235	0.8	NonTarget	1	386847
1934.32	0.8	NonTarget	1	386864
1934.4	0.8	NonTarget	1	386880
1934.805	0.8	NonTarget	1	386961
1934.885	0.8	NonTarget	1	386977
1934.97	0.8	NonTarget	1	386994
1935.05	0.8	NonTarget	1	387010
1935.135	0.8	NonTarget	1	387027
1935.22	0.8	NonTarget	1	387044
1935.3	0.8	NonTarget	1	387060
1935.385	0.8	NonTarget	1	387077
1935.47	0.8	NonTarget	1	387094
1935.555	0.8	Target	2	387111
1935.635	0.8	NonTarget	1	387127
1935.72	0.8	NonTarget	1	387144
1935.805	0.8	NonTarget	1	387161
1935.885	0.8	NonTarget	1	387177
1935.97	0.8	NonTarget	1	387194
1936.055	0.8	NonTarget	1	387211
1936.135	0.8	NonTarget	1	387227
1936.22	0.8	NonTarget	1	387244
1936.305	0.8	NonTarget	1	387261
1936.385	0.8	NonTarget	1	387277
1936.47	0.8	NonTarget	1	387294
1936.555	0.8	NonTarget	1	387311
1936.635	0.8	NonTarget	1	387327
1936.72	0.8	NonTarget	1	387344
1936.805	0.8	NonTarget	1	387361
1936.89	0.8	NonTarget	1	387378
1936.97	0.8	NonTarget	1	387394
1937.055	0.8	NonTarget	1	387411
1937.14	0.8	NonTarget	1	387428
1937.225	0.8	NonTarget	1	387445
1946.24	0.8	NonTarget	1	389248
1946.315	0.8	NonTarget	1	389263
1946.4	0.8	NonTarget	1	389280
1946.485	0.8	NonTarget	1	389297
1946.57	0.8	Target	2	389314
1946.65	0.8	NonTarget	1	389330
1946.735	0.8	NonTarget	1	389347
1946.82	0.8	NonTarget	1	389364
1946.905	0.8	NonTarget	1	389381
1946.985	0.8	NonTarget	1	389397
1947.07	0.8	NonTarget	1	389414
1947.155	0.8	NonTarget	1	389431
1947.235	0.8	NonTarget	1	389447
1947.32	0.8	NonTarget	1	389464
1947.4	0.8	NonTarget	1	389480
1947.485	0.8	NonTarget	1	389497
1947.57	0.8	NonTarget	1	389514
1947.655	0.8	NonTarget	1	389531
1947.735	0.8	NonTarget	1	389547
1947.82	0.8	NonTarget	1	389564
1947.905	0.8	NonTarget	1	389581
1947.985	0.8	NonTarget	1	389597
1948.07	0.8	NonTarget	1	389614
1948.155	0.8	NonTarget	1	389631
1948.235	0.8	NonTarget	1	389647
1948.32	0.8	NonTarget	1	389664
1948.405	0.8	NonTarget	1	389681
1948.485	0.8	NonTarget	1	389697
1948.57	0.8	NonTarget	1	389714
1948.655	0.8	NonTarget	1	389731
1949.055	0.8	NonTarget	1	389811
1949.14	0.8	NonTarget	1	389828
1949.22	0.8	NonTarget	1	389844
1949.305	0.8	NonTarget	1	389861
1949.39	0.8	Target	2	389878
1949.47	0.8	NonTarget	1	389894
1949.555	0.8	NonTarget	1	389911
1949.64	0.8	NonTarget	1	389928
1949.72	0.8	NonTarget	1	389944
1949.805	0.8	NonTarget	1	389961
1949.89	0.8	NonTarget	1	389978
1949.975	0.8	NonTarget	1	389995
1950.055	0.8	NonTarget	1	390011
1950.14	0.8	NonTarget	1	390028
1950.22	0.8	NonTarget	1	390044
1950.305	0.8	NonTarget	1	390061
1950.39	0.8	NonTarget	1	390078
1950.475	0.8	NonTarget	1	390095
1950.555	0.8	NonTarget	1	390111
1950.64	0.8	NonTarget	1	390128
1950.725	0.8	NonTarget	1	390145
1950.805	0.8	NonTarget	1	390161
1950.89	0.8	NonTarget	1	390178
1950.975	0.8	NonTarget	1	390195
1951.085	0.8	NonTarget	1	390217
1951.175	0.8	NonTarget	1	390235
1951.26	0.8	NonTarget	1	390252
1951.345	0.8	NonTarget	1	390269
1951.425	0.8	NonTarget	1	390285
1951.51	0.8	NonTarget	1	390302
1951.91	0.8	NonTarget	1	390382
1951.995	0.8	NonTarget	1	390399
1952.075	0.8	NonTarget	1	390415
1952.16	0.8	NonTarget	1	390432
1952.245	0.8	Target	2	390449
1952.325	0.8	NonTarget	1	390465
1952.41	0.8	NonTarget	1	390482
1952.49	0.8	NonTarget	1	390498
1952.575	0.8	NonTarget	1	390515
1952.66	0.8	NonTarget	1	390532
1952.745	0.8	NonTarget	1	390549
1952.825	0.8	NonTarget	1	390565
1952.91	0.8	NonTarget	1	390582
1952.995	0.8	NonTarget	1	390599
1953.075	0.8	NonTarget	1	390615
1953.16	0.8	NonTarget	1	390632
1953.245	0.8	NonTarget	1	390649
1953.325	0.8	NonTarget	1	390665
1953.41	0.8	NonTarget	1	390682
1953.495	0.8	NonTarget	1	390699
1953.58	0.8	NonTarget	1	390716
1953.665	0.8	NonTarget	1	390733
1953.745	0.8	NonTarget	1	390749
1953.83	0.8	NonTarget	1	390766
1953.915	0.8	NonTarget	1	390783
1953.995	0.8	NonTarget	1	390799
1954.075	0.8	NonTarget	1	390815
1954.16	0.8	NonTarget	1	390832
1954.245	0.8	NonTarget	1	390849
1954.33	0.8	NonTarget	1	390866
1954.73	0.8	NonTarget	1	390946
1954.815	0.8	NonTarget	1	390963
1954.895	0.8	NonTarget	1	390979
1954.98	0.8	NonTarget	1	390996
1955.065	0.8	NonTarget	1	391013
1955.145	0.8	NonTarget	1	391029
1955.23	0.8	NonTarget	1	391046
1955.315	0.8	NonTarget	1	391063
1955.395	0.8	NonTarget	1	391079
1955.48	0.8	Target	2	391096
1955.565	0.8	NonTarget	1	391113
1955.65	0.8	NonTarget	1	391130
1955.73	0.8	NonTarget	1	391146
1955.815	0.8	NonTarget	1	391163
1955.9	0.8	NonTarget	1	391180
1955.98	0.8	NonTarget	1	391196
1956.065	0.8	NonTarget	1	391213
1956.15	0.8	NonTarget	1	391230
1956.23	0.8	NonTarget	1	391246
1956.315	0.8	NonTarget	1	391263
1956.4	0.8	NonTarget	1	391280
1956.48	0.8	NonTarget	1	391296
1956.565	0.8	NonTarget	1	391313
1956.65	0.8	NonTarget	1	391330
1956.735	0.8	NonTarget	1	391347
1956.815	0.8	NonTarget	1	391363
1956.9	0.8	NonTarget	1	391380
1956.985	0.8	NonTarget	1	391397
1957.065	0.8	NonTarget	1	391413
1957.15	0.8	NonTarget	1	391430
1957.55	0.8	NonTarget	1	391510
1957.635	0.8	NonTarget	1	391527
1957.72	0.8	NonTarget	1	391544
1957.8	0.8	NonTarget	1	391560
1957.885	0.8	NonTarget	1	391577
1957.965	0.8	NonTarget	1	391593
1958.05	0.8	NonTarget	1	391610
1958.135	0.8	NonTarget	1	391627
1958.22	0.8	NonTarget	1	391644
1958.3	0.8	Target	2	391660
1958.385	0.8	NonTarget	1	391677
1958.47	0.8	NonTarget	1	391694
1958.55	0.8	NonTarget	1	391710
1958.64	0.8	NonTarget	1	391728
1958.72	0.8	NonTarget	1	391744
1958.8	0.8	NonTarget	1	391760
1958.885	0.8	NonTarget	1	391777
1958.97	0.8	NonTarget	1	391794
1959.05	0.8	NonTarget	1	391810
1959.135	0.8	NonTarget	1	391827
1959.22	0.8	NonTarget	1	391844
1959.3	0.8	NonTarget	1	391860
1959.385	0.8	NonTarget	1	391877
1959.47	0.8	NonTarget	1	391894
1959.55	0.8	NonTarget	1	391910
1959.635	0.8	NonTarget	1	391927
1959.72	0.8	NonTarget	1	391944
1959.805	0.8	NonTarget	1	391961
1959.885	0.8	NonTarget	1	391977
1959.97	0.8	NonTarget	1	391994
1960.375	0.8	NonTarget	1	392075
1960.455	0.8	NonTarget	1	392091
1960.54	0.8	NonTarget	1	392108
1960.62	0.8	NonTarget	1	392124
1960.705	0.8	NonTarget	1	392141
1960.79	0.8	NonTarget	1	392158
1960.87	0.8	NonTarget	1	392174
1960.955	0.8	NonTarget	1	392191
1961.04	0.8	NonTarget	1	392208
1961.12	0.8	NonTarget	1	392224
1961.205	0.8	NonTarget	1	392241
1961.29	0.8	NonTarget	1	392258
1961.37	0.8	NonTarget	1	392274
1961.455	0.8	NonTarget	1	392291
1961.54	0.8	NonTarget	1	392308
1961.625	0.8	NonTarget	1	392325
1961.705	0.8	NonTarget	1	392341
1961.79	0.8	NonTarget	1	392358
1961.875	0.8	NonTarget	1	392375
1961.955	0.8	NonTarget	1	392391
1962.04	0.8	NonTarget	1	392408
1962.125	0.8	NonTarget	1	392425
1962.205	0.8	NonTarget	1	392441
1962.29	0.8	NonTarget	1	392458
1962.375	0.8	Target	2	392475
1962.455	0.8	NonTarget	1	392491
1962.54	0.8	NonTarget	1	392508
1962.625	0.8	NonTarget	1	392525
1962.71	0.8	NonTarget	1	392542
1962.79	0.8	NonTarget	1	392558
1963.19	0.8	NonTarget	1	392638
1963.275	0.8	NonTarget	1	392655
1963.36	0.8	NonTarget	1	392672
1963.44	0.8	NonTarget	1	392688
1963.525	0.8	NonTarget	1	392705
1963.61	0.8	NonTarget	1	392722
1963.69	0.8	NonTarget	1	392738
1963.775	0.8	NonTarget	1	392755
1963.86	0.8	NonTarget	1	392772
1963.94	0.8	NonTarget	1	392788
1964.025	0.8	NonTarget	1	392805
1964.11	0.8	NonTarget	1	392822
1964.195	0.8	NonTarget	1	392839
1964.275	0.8	NonTarget	1	392855
1964.36	0.8	Target	2	392872
1964.445	0.8	NonTarget	1	392889
1964.525	0.8	NonTarget	1	392905
1964.61	0.8	NonTarget	1	392922
1964.695	0.8	NonTarget	1	392939
1964.775	0.8	NonTarget	1	392955
1964.86	0.8	NonTarget	1	392972
1964.945	0.8	NonTarget	1	392989
1965.03	0.8	NonTarget	1	393006
1965.115	0.8	NonTarget	1	393023
1965.195	0.8	NonTarget	1	393039
1965.275	0.8	NonTarget	1	393055
1965.36	0.8	NonTarget	1	393072
1965.445	0.8	NonTarget	1	393089
1965.53	0.8	NonTarget	1	393106
1965.61	0.8	NonTarget	1	393122
1966.015	0.8	NonTarget	1	393203
1966.095	0.8	NonTarget	1	393219
1966.18	0.8	NonTarget	1	393236
1966.265	0.8	NonTarget	1	393253
1966.345	0.8	NonTarget	1	393269
1966.43	0.8	NonTarget	1	393286
1966.515	0.8	NonTarget	1	393303
1966.595	0.8	NonTarget	1	393319
1966.68	0.8	NonTarget	1	393336
1966.765	0.8	NonTarget	1	393353
1966.845	0.8	NonTarget	1	393369
1966.93	0.8	NonTarget	1	393386
1967.015	0.8	NonTarget	1	393403
1967.1	0.8	NonTarget	1	393420
1967.18	0.8	Target	2	393436
1967.265	0.8	NonTarget	1	393453
1967.35	0.8	NonTarget	1	393470
1967.43	0.8	NonTarget	1	393486
1967.515	0.8	NonTarget	1	393503
1967.595	0.8	NonTarget	1	393519
1967.68	0.8	NonTarget	1	393536
1967.765	0.8	NonTarget	1	393553
1967.845	0.8	NonTarget	1	393569
1967.93	0.8	NonTarget	1	393586
1968.015	0.8	NonTarget	1	393603
1968.1	0.8	NonTarget	1	393620
1968.185	0.8	NonTarget	1	393637
1968.265	0.8	NonTarget	1	393653
1968.35	0.8	NonTarget	1	393670
1968.435	0.8	NonTarget	1	393687
1968.835	0.8	NonTarget	1	393767
1968.915	0.8	NonTarget	1	393783
1969.0	0.8	NonTarget	1	393800
1969.085	0.8	NonTarget	1	393817
1969.165	0.8	NonTarget	1	393833
1969.25	0.8	NonTarget	1	393850
1969.335	0.8	NonTarget	1	393867
1969.415	0.8	NonTarget	1	393883
1969.5	0.8	NonTarget	1	393900
1969.585	0.8	NonTarget	1	393917
1969.67	0.8	NonTarget	1	393934
1969.75	0.8	NonTarget	1	393950
1969.835	0.8	NonTarget	1	393967
1969.92	0.8	NonTarget	1	393984
1970.0	0.8	Target	2	394000
1970.085	0.8	NonTarget	1	394017
1970.17	0.8	NonTarget	1	394034
1970.25	0.8	NonTarget	1	394050
1970.335	0.8	NonTarget	1	394067
1970.42	0.8	NonTarget	1	394084
1970.5	0.8	NonTarget	1	394100
1970.59	0.8	NonTarget	1	394118
1970.67	0.8	NonTarget	1	394134
1970.755	0.8	NonTarget	1	394151
1970.835	0.8	NonTarget	1	394167
1970.92	0.8	NonTarget	1	394184
1971.005	0.8	NonTarget	1	394201
1971.085	0.8	NonTarget	1	394217
1971.17	0.8	NonTarget	1	394234
1971.255	0.8	NonTarget	1	394251
1971.655	0.8	NonTarget	1	394331
1971.74	0.8	NonTarget	1	394348
1971.82	0.8	NonTarget	1	394364
1971.905	0.8	NonTarget	1	394381
1971.99	0.8	NonTarget	1	394398
1972.07	0.8	NonTarget	1	394414
1972.155	0.8	NonTarget	1	394431
1972.24	0.8	NonTarget	1	394448
1972.32	0.8	NonTarget	1	394464
1972.405	0.8	Target	2	394481
1972.49	0.8	NonTarget	1	394498
1972.57	0.8	NonTarget	1	394514
1972.655	0.8	NonTarget	1	394531
1972.74	0.8	NonTarget	1	394548
1972.82	0.8	NonTarget	1	394564
1972.905	0.8	NonTarget	1	394581
1972.99	0.8	NonTarget	1	394598
1973.075	0.8	NonTarget	1	394615
1973.155	0.8	NonTarget	1	394631
1973.24	0.8	NonTarget	1	394648
1973.32	0.8	NonTarget	1	394664
1973.405	0.8	NonTarget	1	394681
1973.49	0.8	NonTarget	1	394698
1973.575	0.8	NonTarget	1	394715
1973.655	0.8	NonTarget	1	394731
1973.74	0.8	NonTarget	1	394748
1973.825	0.8	NonTarget	1	394765
1973.905	0.8	NonTarget	1	394781
1973.99	0.8	NonTarget	1	394798
1974.075	0.8	NonTarget	1	394815
1983.06	0.8	NonTarget	1	396612
1983.135	0.8	NonTarget	1	396627
1983.22	0.8	Target	2	396644
1983.305	0.8	NonTarget	1	396661
1983.385	0.8	NonTarget	1	396677
1983.47	0.8	NonTarget	1	396694
1983.555	0.8	NonTarget	1	396711
1983.635	0.8	NonTarget	1	396727
1983.72	0.8	NonTarget	1	396744
1983.805	0.8	NonTarget	1	396761
1983.885	0.8	NonTarget	1	396777
1983.97	0.8	NonTarget	1	396794
1984.055	0.8	NonTarget	1	396811
1984.14	0.8	NonTarget	1	396828
1984.22	0.8	NonTarget	1	396844
1984.305	0.8	NonTarget	1	396861
1984.39	0.8	NonTarget	1	396878
1984.47	0.8	NonTarget	1	396894
1984.555	0.8	NonTarget	1	396911
1984.64	0.8	NonTarget	1	396928
1984.72	0.8	NonTarget	1	396944
1984.805	0.8	NonTarget	1	396961
1984.89	0.8	NonTarget	1	396978
1984.975	0.8	NonTarget	1	396995
1985.06	0.8	NonTarget	1	397012
1985.14	0.8	NonTarget	1	397028
1985.22	0.8	NonTarget	1	397044
1985.305	0.8	NonTarget	1	397061
1985.39	0.8	NonTarget	1	397078
1985.475	0.8	NonTarget	1	397095
1985.875	0.8	NonTarget	1	397175
1985.955	0.8	NonTarget	1	397191
1986.04	0.8	NonTarget	1	397208
1986.125	0.8	NonTarget	1	397225
1986.21	0.8	NonTarget	1	397242
1986.29	0.8	NonTarget	1	397258
1986.375	0.8	NonTarget	1	397275
1986.46	0.8	Target	2	397292
1986.54	0.8	NonTarget	1	397308
1986.625	0.8	NonTarget	1	397325
1986.71	0.8	NonTarget	1	397342
1986.795	0.8	NonTarget	1	397359
1986.875	0.8	NonTarget	1	397375
1986.96	0.8	NonTarget	1	397392
1987.04	0.8	NonTarget	1	397408
1987.125	0.8	NonTarget	1	397425
1987.21	0.8	NonTarget	1	397442
1987.29	0.8	NonTarget	1	397458
1987.38	0.8	NonTarget	1	397476
1987.46	0.8	NonTarget	1	397492
1987.545	0.8	NonTarget	1	397509
1987.63	0.8	NonTarget	1	397526
1987.71	0.8	NonTarget	1	397542
1987.795	0.8	NonTarget	1	397559
1987.875	0.8	NonTarget	1	397575
1987.96	0.8	NonTarget	1	397592
1988.045	0.8	NonTarget	1	397609
1988.125	0.8	NonTarget	1	397625
1988.21	0.8	NonTarget	1	397642
1988.295	0.8	NonTarget	1	397659
1988.695	0.8	NonTarget	1	397739
1988.78	0.8	NonTarget	1	397756
1988.86	0.8	NonTarget	1	397772
1988.945	0.8	NonTarget	1	397789
1989.025	0.8	NonTarget	1	397805
1989.11	0.8	NonTarget	1	397822
1989.195	0.8	NonTarget	1	397839
1989.28	0.8	NonTarget	1	397856
1989.36	0.8	NonTarget	1	397872
1989.445	0.8	NonTarget	1	397889
1989.53	0.8	NonTarget	1	397906
1989.61	0.8	NonTarget	1	397922
1989.695	0.8	Target	2	397939
1989.78	0.8	NonTarget	1	397956
1989.865	0.8	NonTarget	1	397973
1989.945	0.8	NonTarget	1	397989
1990.03	0.8	NonTarget	1	398006
1990.115	0.8	NonTarget	1	398023
1990.195	0.8	NonTarget	1	398039
1990.28	0.8	NonTarget	1	398056
1990.365	0.8	NonTarget	1	398073
1990.445	0.8	NonTarget	1	398089
1990.53	0.8	NonTarget	1	398106
1990.615	0.8	NonTarget	1	398123
1990.7	0.8	NonTarget	1	398140
1990.785	0.8	NonTarget	1	398157
1990.865	0.8	NonTarget	1	398173
1990.945	0.8	NonTarget	1	398189
1991.035	0.8	NonTarget	1	398207
1991.115	0.8	NonTarget	1	398223
1991.515	0.8	NonTarget	1	398303
1991.6	0.8	NonTarget	1	398320
1991.68	0.8	Target	2	398336
1991.765	0.8	NonTarget	1	398353
1991.85	0.8	NonTarget	1	398370
1991.93	0.8	NonTarget	1	398386
1992.015	0.8	NonTarget	1	398403
1992.1	0.8	NonTarget	1	398420
1992.185	0.8	NonTarget	1	398437
1992.27	0.8	NonTarget	1	398454
1992.35	0.8	NonTarget	1	398470
1992.43	0.8	NonTarget	1	398486
1992.515	0.8	NonTarget	1	398503
1992.6	0.8	NonTarget	1	398520
1992.68	0.8	NonTarget	1	398536
1992.765	0.8	NonTarget	1	398553
1992.85	0.8	NonTarget	1	398570
1992.935	0.8	NonTarget	1	398587
1993.02	0.8	NonTarget	1	398604
1993.1	0.8	NonTarget	1	398620
1993.185	0.8	NonTarget	1	398637
1993.27	0.8	NonTarget	1	398654
1993.35	0.8	NonTarget	1	398670
1993.435	0.8	NonTarget	1	398687
1993.52	0.8	NonTarget	1	398704
1993.6	0.8	NonTarget	1	398720
1993.685	0.8	NonTarget	1	398737
1993.77	0.8	NonTarget	1	398754
1993.85	0.8	NonTarget	1	398770
1993.935	0.8	NonTarget	1	398787
1994.34	0.8	NonTarget	1	398868
1994.42	0.8	NonTarget	1	398884
1994.505	0.8	NonTarget	1	398901
1994.585	0.8	NonTarget	1	398917
1994.67	0.8	NonTarget	1	398934
1994.755	0.8	NonTarget	1	398951
1994.835	0.8	NonTarget	1	398967
1994.92	0.8	NonTarget	1	398984
1995.005	0.8	NonTarget	1	399001
1995.085	0.8	NonTarget	1	399017
1995.17	0.8	NonTarget	1	399034
1995.255	0.8	NonTarget	1	399051
1995.335	0.8	NonTarget	1	399067
1995.42	0.8	NonTarget	1	399084
1995.505	0.8	NonTarget	1	399101
1995.59	0.8	NonTarget	1	399118
1995.67	0.8	NonTarget	1	399134
1995.755	0.8	NonTarget	1	399151
1995.84	0.8	NonTarget	1	399168
1995.92	0.8	NonTarget	1	399184
1996.005	0.8	NonTarget	1	399201
1996.085	0.8	NonTarget	1	399217
1996.17	0.8	Target	2	399234
1996.255	0.8	NonTarget	1	399251
1996.34	0.8	NonTarget	1	399268
1996.425	0.8	NonTarget	1	399285
1996.505	0.8	NonTarget	1	399301
1996.59	0.8	NonTarget	1	399318
1996.675	0.8	NonTarget	1	399335
1996.755	0.8	NonTarget	1	399351
1997.155	0.8	NonTarget	1	399431
1997.24	0.8	NonTarget	1	399448
1997.325	0.8	Target	2	399465
1997.405	0.8	NonTarget	1	399481
1997.49	0.8	NonTarget	1	399498
1997.575	0.8	NonTarget	1	399515
1997.655	0.8	NonTarget	1	399531
1997.74	0.8	NonTarget	1	399548
1997.825	0.8	NonTarget	1	399565
1997.91	0.8	NonTarget	1	399582
1997.995	0.8	NonTarget	1	399599
1998.075	0.8	NonTarget	1	399615
1998.155	0.8	NonTarget	1	399631
1998.24	0.8	NonTarget	1	399648
1998.325	0.8	NonTarget	1	399665
1998.41	0.8	NonTarget	1	399682
1998.49	0.8	NonTarget	1	399698
1998.575	0.8	NonTarget	1	399715
1998.66	0.8	NonTarget	1	399732
1998.745	0.8	NonTarget	1	399749
1998.825	0.8	NonTarget	1	399765
1998.91	0.8	NonTarget	1	399782
1998.995	0.8	NonTarget	1	399799
1999.075	0.8	NonTarget	1	399815
1999.16	0.8	NonTarget	1	399832
1999.245	0.8	NonTarget	1	399849
1999.325	0.8	NonTarget	1	399865
1999.41	0.8	NonTarget	1	399882
1999.495	0.8	NonTarget	1	399899
1999.575	0.8	NonTarget	1	399915
1999.975	0.8	NonTarget	1	399995
2000.06	0.8	NonTarget	1	400012
2000.145	0.8	NonTarget	1	400029
2000.23	0.8	NonTarget	1	400046
2000.31	0.8	NonTarget	1	400062
2000.395	0.8	NonTarget	1	400079
2000.475	0.8	NonTarget	1	400095
2000.56	0.8	NonTarget	1	400112
2000.645	0.8	NonTarget	1	400129
2000.73	0.8	NonTarget	1	400146
2000.81	0.8	NonTarget	1	400162
2000.895	0.8	NonTarget	1	400179
2000.98	0.8	Target	2	400196
2001.065	0.8	NonTarget	1	400213
2001.15	0.8	NonTarget	1	400230
2001.23	0.8	NonTarget	1	400246
2001.315	0.8	NonTarget	1	400263
2001.395	0.8	NonTarget	1	400279
2001.48	0.8	NonTarget	1	400296
2001.56	0.8	NonTarget	1	400312
2001.645	0.8	NonTarget	1	400329
2001.73	0.8	NonTarget	1	400346
2001.81	0.8	NonTarget	1	400362
2001.895	0.8	NonTarget	1	400379
2001.98	0.8	NonTarget	1	400396
2002.065	0.8	NonTarget	1	400413
2002.145	0.8	NonTarget	1	400429
2002.23	0.8	NonTarget	1	400446
2002.315	0.8	NonTarget	1	400463
2002.395	0.8	NonTarget	1	400479
2002.8	0.8	NonTarget	1	400560
2002.88	0.8	NonTarget	1	400576
2002.965	0.8	Target	2	400593
2003.05	0.8	NonTarget	1	400610
2003.13	0.8	NonTarget	1	400626
2003.215	0.8	NonTarget	1	400643
2003.3	0.8	NonTarget	1	400660
2003.385	0.8	NonTarget	1	400677
2003.465	0.8	NonTarget	1	400693
2003.55	0.8	NonTarget	1	400710
2003.635	0.8	NonTarget	1	400727
2003.715	0.8	NonTarget	1	400743
2003.8	0.8	NonTarget	1	400760
2003.885	0.8	NonTarget	1	400777
2003.965	0.8	NonTarget	1	400793
2004.05	0.8	NonTarget	1	400810
2004.135	0.8	NonTarget	1	400827
2004.215	0.8	NonTarget	1	400843
2004.3	0.8	NonTarget	1	400860
2004.385	0.8	NonTarget	1	400877
2004.465	0.8	NonTarget	1	400893
2004.55	0.8	NonTarget	1	400910
2004.635	0.8	NonTarget	1	400927
2004.715	0.8	NonTarget	1	400943
2004.8	0.8	NonTarget	1	400960
2004.885	0.8	NonTarget	1	400977
2004.965	0.8	NonTarget	1	400993
2005.05	0.8	NonTarget	1	401010
2005.135	0.8	NonTarget	1	401027
2005.22	0.8	NonTarget	1	401044
2005.62	0.8	NonTarget	1	401124
2005.705	0.8	NonTarget	1	401141
2005.785	0.8	NonTarget	1	401157
2005.87	0.8	NonTarget	1	401174
2005.95	0.8	NonTarget	1	401190
2006.035	0.8	NonTarget	1	401207
2006.12	0.8	NonTarget	1	401224
2006.2	0.8	NonTarget	1	401240
2006.285	0.8	NonTarget	1	401257
2006.37	0.8	NonTarget	1	401274
2006.455	0.8	NonTarget	1	401291
2006.535	0.8	NonTarget	1	401307
2006.62	0.8	Target	2	401324
2006.705	0.8	NonTarget	1	401341
2006.785	0.8	NonTarget	1	401357
2006.87	0.8	NonTarget	1	401374
2006.955	0.8	NonTarget	1	401391
2007.035	0.8	NonTarget	1	401407
2007.12	0.8	NonTarget	1	401424
2007.205	0.8	NonTarget	1	401441
2007.285	0.8	NonTarget	1	401457
2007.37	0.8	NonTarget	1	401474
2007.455	0.8	NonTarget	1	401491
2007.54	0.8	NonTarget	1	401508
2007.62	0.8	NonTarget	1	401524
2007.705	0.8	NonTarget	1	401541
2007.79	0.8	NonTarget	1	401558
2007.87	0.8	NonTarget	1	401574
2007.955	0.8	NonTarget	1	401591
2008.04	0.8	NonTarget	1	401608
2008.44	0.8	NonTarget	1	401688
2008.52	0.8	NonTarget	1	401704
2008.605	0.8	NonTarget	1	401721
2008.69	0.8	NonTarget	1	401738
2008.775	0.8	NonTarget	1	401755
2008.855	0.8	NonTarget	1	401771
2008.94	0.8	NonTarget	1	401788
2009.025	0.8	NonTarget	1	401805
2009.11	0.8	NonTarget	1	401822
2009.19	0.8	NonTarget	1	401838
2009.275	0.8	NonTarget	1	401855
2009.355	0.8	NonTarget	1	401871
2009.44	0.8	NonTarget	1	401888
2009.525	0.8	NonTarget	1	401905
2009.605	0.8	NonTarget	1	401921
2009.69	0.8	NonTarget	1	401938
2009.775	0.8	NonTarget	1	401955
2009.86	0.8	NonTarget	1	401972
2009.945	0.8	NonTarget	1	401989
2010.025	0.8	NonTarget	1	402005
2010.11	0.8	NonTarget	1	402022
2010.195	0.8	NonTarget	1	402039
2010.275	0.8	NonTarget	1	402055
2010.36	0.8	NonTarget	1	402072
2010.44	0.8	NonTarget	1	402088
2010.525	0.8	NonTarget	1	402105
2010.61	0.8	NonTarget	1	402122
2010.69	0.8	Target	2	402138
2010.775	0.8	NonTarget	1	402155
2010.86	0.8	NonTarget	1	402172
2019.875	0.8	NonTarget	1	403975
2019.955	0.8	NonTarget	1	403991
2020.04	0.8	NonTarget	1	404008
2020.12	0.8	NonTarget	1	404024
2020.205	0.8	NonTarget	1	404041
2020.29	0.8	NonTarget	1	404058
2020.375	0.8	NonTarget	1	404075
2020.455	0.8	NonTarget	1	404091
2020.545	0.8	NonTarget	1	404109
2020.625	0.8	NonTarget	1	404125
2020.705	0.8	NonTarget	1	404141
2020.79	0.8	NonTarget	1	404158
2020.875	0.8	NonTarget	1	404175
2020.955	0.8	Target	2	404191
2021.04	0.8	NonTarget	1	404208
2021.125	0.8	NonTarget	1	404225
2021.205	0.8	NonTarget	1	404241
2021.29	0.8	NonTarget	1	404258
2021.375	0.8	NonTarget	1	404275
2021.46	0.8	NonTarget	1	404292
2021.54	0.8	NonTarget	1	404308
2021.625	0.8	NonTarget	1	404325
2021.705	0.8	NonTarget	1	404341
2021.795	0.8	NonTarget	1	404359
2021.875	0.8	NonTarget	1	404375
2021.96	0.8	NonTarget	1	404392
2022.04	0.8	NonTarget	1	404408
2022.125	0.8	NonTarget	1	404425
2022.21	0.8	NonTarget	1	404442
2022.29	0.8	NonTarget	1	404458
2022.695	0.8	NonTarget	1	404539
2022.775	0.8	NonTarget	1	404555
2022.86	0.8	NonTarget	1	404572
2022.945	0.8	NonTarget	1	404589
2023.025	0.8	NonTarget	1	404605
2023.11	0.8	NonTarget	1	404622
2023.195	0.8	NonTarget	1	404639
2023.275	0.8	NonTarget	1	404655
2023.36	0.8	NonTarget	1	404672
2023.445	0.8	NonTarget	1	404689
2023.53	0.8	NonTarget	1	404706
2023.61	0.8	NonTarget	1	404722
2023.695	0.8	NonTarget	1	404739
2023.78	0.8	NonTarget	1	404756
2023.86	0.8	NonTarget	1	404772
2023.945	0.8	NonTarget	1	404789
2024.03	0.8	NonTarget	1	404806
2024.11	0.8	NonTarget	1	404822
2024.195	0.8	Target	2	404839
2024.275	0.8	NonTarget	1	404855
2024.36	0.8	NonTarget	1	404872
2024.445	0.8	NonTarget	1	404889
2024.53	0.8	NonTarget	1	404906
2024.61	0.8	NonTarget	1	404922
2024.7	0.8	NonTarget	1	404940
2024.78	0.8	NonTarget	1	404956
2024.865	0.8	NonTarget	1	404973
2024.945	0.8	NonTarget	1	404989
2025.03	0.8	NonTarget	1	405006
2025.115	0.8	NonTarget	1	405023
2025.515	0.8	NonTarget	1	405103
2025.595	0.8	NonTarget	1	405119
2025.68	0.8	NonTarget	1	405136
2025.765	0.8	Target	2	405153
2025.845	0.8	NonTarget	1	405169
2025.93	0.8	NonTarget	1	405186
2026.015	0.8	NonTarget	1	405203
2026.1	0.8	NonTarget	1	405220
2026.18	0.8	NonTarget	1	405236
2026.265	0.8	NonTarget	1	405253
2026.35	0.8	NonTarget	1	405270
2026.43	0.8	NonTarget	1	405286
2026.515	0.8	NonTarget	1	405303
2026.6	0.8	NonTarget	1	405320
2026.68	0.8	NonTarget	1	405336
2026.765	0.8	NonTarget	1	405353
2026.85	0.8	NonTarget	1	405370
2026.935	0.8	NonTarget	1	405387
2027.015	0.8	NonTarget	1	405403
2027.1	0.8	NonTarget	1	405420
2027.185	0.8	NonTarget	1	405437
2027.265	0.8	NonTarget	1	405453
2027.35	0.8	NonTarget	1	405470
2027.435	0.8	NonTarget	1	405487
2027.515	0.8	NonTarget	1	405503
2027.6	0.8	NonTarget	1	405520
2027.685	0.8	NonTarget	1	405537
2027.765	0.8	NonTarget	1	405553
2027.85	0.8	NonTarget	1	405570
2027.935	0.8	NonTarget	1	405587
2028.335	0.8	NonTarget	1	405667
2028.42	0.8	NonTarget	1	405684
2028.5	0.8	NonTarget	1	405700
2028.585	0.8	NonTarget	1	405717
2028.665	0.8	NonTarget	1	405733
2028.75	0.8	NonTarget	1	405750
2028.835	0.8	NonTarget	1	405767
2028.92	0.8	NonTarget	1	405784
2029.0	0.8	NonTarget	1	405800
2029.085	0.8	NonTarget	1	405817
2029.17	0.8	NonTarget	1	405834
2029.255	0.8	NonTarget	1	405851
2029.335	0.8	NonTarget	1	405867
2029.42	0.8	NonTarget	1	405884
2029.505	0.8	NonTarget	1	405901
2029.59	0.8	NonTarget	1	405918
2029.67	0.8	NonTarget	1	405934
2029.755	0.8	NonTarget	1	405951
2029.835	0.8	NonTarget	1	405967
2029.92	0.8	NonTarget	1	405984
2030.005	0.8	NonTarget	1	406001
2030.085	0.8	NonTarget	1	406017
2030.17	0.8	NonTarget	1	406034
2030.255	0.8	Target	2	406051
2030.34	0.8	NonTarget	1	406068
2030.42	0.8	NonTarget	1	406084
2030.505	0.8	NonTarget	1	406101
2030.59	0.8	NonTarget	1	406118
2030.67	0.8	NonTarget	1	406134
2030.755	0.8	NonTarget	1	406151
2031.155	0.8	NonTarget	1	406231
2031.24	0.8	NonTarget	1	406248
2031.325	0.8	NonTarget	1	406265
2031.405	0.8	NonTarget	1	406281
2031.49	0.8	NonTarget	1	406298
2031.57	0.8	NonTarget	1	406314
2031.655	0.8	NonTarget	1	406331
2031.74	0.8	NonTarget	1	406348
2031.825	0.8	NonTarget	1	406365
2031.905	0.8	NonTarget	1	406381
2031.99	0.8	NonTarget	1	406398
2032.075	0.8	NonTarget	1	406415
2032.155	0.8	NonTarget	1	406431
2032.24	0.8	NonTarget	1	406448
2032.325	0.8	NonTarget	1	406465
2032.405	0.8	NonTarget	1	406481
2032.49	0.8	NonTarget	1	406498
2032.575	0.8	NonTarget	1	406515
2032.655	0.8	Target	2	406531
2032.74	0.8	NonTarget	1	406548
2032.825	0.8	NonTarget	1	406565
2032.91	0.8	NonTarget	1	406582
2032.99	0.8	NonTarget	1	406598
2033.075	0.8	NonTarget	1	406615
2033.16	0.8	NonTarget	1	406632
2033.24	0.8	NonTarget	1	406648
2033.325	0.8	NonTarget	1	406665
2033.41	0.8	NonTarget	1	406682
2033.49	0.8	NonTarget	1	406698
2033.575	0.8	NonTarget	1	406715
2033.975	0.8	NonTarget	1	406795
2034.06	0.8	NonTarget	1	406812
2034.145	0.8	NonTarget	1	406829
2034.225	0.8	NonTarget	1	406845
2034.31	0.8	NonTarget	1	406862
2034.395	0.8	NonTarget	1	406879
2034.475	0.8	NonTarget	1	406895
2034.56	0.8	NonTarget	1	406912
2034.645	0.8	NonTarget	1	406929
2034.725	0.8	NonTarget	1	406945
2034.81	0.8	NonTarget	1	406962
2034.895	0.8	NonTarget	1	406979
2034.975	0.8	NonTarget	1	406995
2035.06	0.8	NonTarget	1	407012
2035.145	0.8	NonTarget	1	407029
2035.225	0.8	NonTarget	1	407045
2035.31	0.8	NonTarget	1	407062
2035.395	0.8	NonTarget	1	407079
2035.48	0.8	NonTarget	1	407096
2035.565	0.8	NonTarget	1	407113
2035.645	0.8	NonTarget	1	407129
2035.73	0.8	NonTarget	1	407146
2035.81	0.8	NonTarget	1	407162
2035.895	0.8	NonTarget	1	407179
2035.98	0.8	NonTarget	1	407196
2036.065	0.8	NonTarget	1	407213
2036.145	0.8	NonTarget	1	407229
2036.23	0.8	NonTarget	1	407246
2036.315	0.8	Target	2	407263
2036.395	0.8	NonTarget	1	407279
2036.8	0.8	NonTarget	1	407360
2036.88	0.8	NonTarget	1	407376
2036.965	0.8	NonTarget	1	407393
2037.045	0.8	NonTarget	1	407409
2037.13	0.8	NonTarget	1	407426
2037.215	0.8	NonTarget	1	407443
2037.295	0.8	NonTarget	1	407459
2037.38	0.8	NonTarget	1	407476
2037.465	0.8	NonTarget	1	407493
2037.55	0.8	NonTarget	1	407510
2037.63	0.8	NonTarget	1	407526
2037.715	0.8	NonTarget	1	407543
2037.8	0.8	NonTarget	1	407560
2037.88	0.8	Target	2	407576
2037.965	0.8	NonTarget	1	407593
2038.045	0.8	NonTarget	1	407609
2038.13	0.8	NonTarget	1	407626
2038.215	0.8	NonTarget	1	407643
2038.3	0.8	NonTarget	1	407660
2038.38	0.8	NonTarget	1	407676
2038.465	0.8	NonTarget	1	407693
2038.55	0.8	NonTarget	1	407710
2038.635	0.8	NonTarget	1	407727
2038.715	0.8	NonTarget	1	407743
2038.8	0.8	NonTarget	1	407760
2038.885	0.8	NonTarget	1	407777
2038.965	0.8	NonTarget	1	407793
2039.05	0.8	NonTarget	1	407810
2039.135	0.8	NonTarget	1	407827
2039.215	0.8	NonTarget	1	407843
2039.62	0.8	NonTarget	1	407924
2039.7	0.8	NonTarget	1	407940
2039.785	0.8	NonTarget	1	407957
2039.87	0.8	NonTarget	1	407974
2039.95	0.8	NonTarget	1	407990
2040.035	0.8	NonTarget	1	408007
2040.115	0.8	NonTarget	1	408023
2040.2	0.8	NonTarget	1	408040
2040.285	0.8	Target	2	408057
2040.37	0.8	NonTarget	1	408074
2040.45	0.8	NonTarget	1	408090
2040.535	0.8	NonTarget	1	408107
2040.62	0.8	NonTarget	1	408124
2040.7	0.8	NonTarget	1	408140
2040.785	0.8	NonTarget	1	408157
2040.87	0.8	NonTarget	1	408174
2040.95	0.8	NonTarget	1	408190
2041.035	0.8	NonTarget	1	408207
2041.12	0.8	NonTarget	1	408224
2041.2	0.8	NonTarget	1	408240
2041.285	0.8	NonTarget	1	408257
2041.37	0.8	NonTarget	1	408274
2041.45	0.8	NonTarget	1	408290
2041.54	0.8	NonTarget	1	408308
2041.62	0.8	NonTarget	1	408324
2041.705	0.8	NonTarget	1	408341
2041.79	0.8	NonTarget	1	408358
2041.875	0.8	NonTarget	1	408375
2041.955	0.8	NonTarget	1	408391
2042.035	0.8	NonTarget	1	408407
2042.44	0.8	NonTarget	1	408488
2042.52	0.8	NonTarget	1	408504
2042.605	0.8	NonTarget	1	408521
2042.69	0.8	NonTarget	1	408538
2042.77	0.8	NonTarget	1	408554
2042.855	0.8	NonTarget	1	408571
2042.94	0.8	NonTarget	1	408588
2043.025	0.8	NonTarget	1	408605
2043.105	0.8	Target	2	408621
2043.19	0.8	NonTarget	1	408638
2043.275	0.8	NonTarget	1	408655
2043.355	0.8	NonTarget	1	408671
2043.44	0.8	NonTarget	1	408688
2043.525	0.8	NonTarget	1	408705
2043.605	0.8	NonTarget	1	408721
2043.69	0.8	NonTarget	1	408738
2043.775	0.8	NonTarget	1	408755
2043.855	0.8	NonTarget	1	408771
2043.94	0.8	NonTarget	1	408788
2044.025	0.8	NonTarget	1	408805
2044.11	0.8	NonTarget	1	408822
2044.19	0.8	NonTarget	1	408838
2044.275	0.8	NonTarget	1	408855
2044.36	0.8	NonTarget	1	408872
2044.44	0.8	NonTarget	1	408888
2044.525	0.8	NonTarget	1	408905
2044.61	0.8	NonTarget	1	408922
2044.69	0.8	NonTarget	1	408938
2044.775	0.8	NonTarget	1	408955
2044.86	0.8	NonTarget	1	408972
2045.26	0.8	NonTarget	1	409052
2045.345	0.8	NonTarget	1	409069
2045.425	0.8	NonTarget	1	409085
2045.51	0.8	NonTarget	1	409102
2045.595	0.8	NonTarget	1	409119
2045.675	0.8	NonTarget	1	409135
2045.76	0.8	NonTarget	1	409152
2045.84	0.8	NonTarget	1	409168
2045.925	0.8	NonTarget	1	409185
2046.01	0.8	NonTarget	1	409202
2046.09	0.8	NonTarget	1	409218
2046.175	0.8	NonTarget	1	409235
2046.26	0.8	NonTarget	1	409252
2046.345	0.8	NonTarget	1	409269
2046.43	0.8	NonTarget	1	409286
2046.51	0.8	NonTarget	1	409302
2046.595	0.8	NonTarget	1	409319
2046.675	0.8	NonTarget	1	409335
2046.76	0.8	NonTarget	1	409352
2046.845	0.8	NonTarget	1	409369
2046.93	0.8	NonTarget	1	409386
2047.01	0.8	NonTarget	1	409402
2047.095	0.8	NonTarget	1	409419
2047.18	0.8	Target	2	409436
2047.26	0.8	NonTarget	1	409452
2047.345	0.8	NonTarget	1	409469
2047.43	0.8	NonTarget	1	409486
2047.515	0.8	NonTarget	1	409503
2047.595	0.8	NonTarget	1	409519
2047.68	0.8	NonTarget	1	409536
2056.68	0.8	NonTarget	1	411336
2056.76	0.8	NonTarget	1	411352
2056.84	0.8	NonTarget	1	411368
2056.925	0.8	NonTarget	1	411385
2057.01	0.8	NonTarget	1	411402
2057.095	0.8	NonTarget	1	411419
2057.175	0.8	NonTarget	1	411435
2057.26	0.8	Target	2	411452
2057.345	0.8	NonTarget	1	411469
2057.425	0.8	NonTarget	1	411485
2057.51	0.8	NonTarget	1	411502
2057.595	0.8	NonTarget	1	411519
2057.675	0.8	NonTarget	1	411535
2057.76	0.8	NonTarget	1	411552
2057.845	0.8	NonTarget	1	411569
2057.925	0.8	NonTarget	1	411585
2058.01	0.8	NonTarget	1	411602
2058.095	0.8	NonTarget	1	411619
2058.175	0.8	NonTarget	1	411635
2058.26	0.8	NonTarget	1	411652
2058.345	0.8	NonTarget	1	411669
2058.43	0.8	NonTarget	1	411686
2058.51	0.8	NonTarget	1	411702
2058.595	0.8	NonTarget	1	411719
2058.68	0.8	NonTarget	1	411736
2058.76	0.8	NonTarget	1	411752
2058.845	0.8	NonTarget	1	411769
2058.93	0.8	NonTarget	1	411786
2059.01	0.8	NonTarget	1	411802
2059.095	0.8	NonTarget	1	411819
2059.495	0.8	NonTarget	1	411899
2059.58	0.8	NonTarget	1	411916
2059.665	0.8	NonTarget	1	411933
2059.745	0.8	NonTarget	1	411949
2059.83	0.8	NonTarget	1	411966
2059.915	0.8	NonTarget	1	411983
2059.995	0.8	NonTarget	1	411999
2060.08	0.8	NonTarget	1	412016
2060.165	0.8	NonTarget	1	412033
2060.25	0.8	NonTarget	1	412050
2060.33	0.8	NonTarget	1	412066
2060.415	0.8	NonTarget	1	412083
2060.495	0.8	NonTarget	1	412099
2060.58	0.8	NonTarget	1	412116
2060.665	0.8	NonTarget	1	412133
2060.75	0.8	NonTarget	1	412150
2060.83	0.8	NonTarget	1	412166
2060.915	0.8	Target	2	412183
2061.0	0.8	NonTarget	1	412200
2061.08	0.8	NonTarget	1	412216
2061.165	0.8	NonTarget	1	412233
2061.25	0.8	NonTarget	1	412250
2061.33	0.8	NonTarget	1	412266
2061.415	0.8	NonTarget	1	412283
2061.5	0.8	NonTarget	1	412300
2061.585	0.8	NonTarget	1	412317
2061.665	0.8	NonTarget	1	412333
2061.75	0.8	NonTarget	1	412350
2061.835	0.8	NonTarget	1	412367
2061.915	0.8	NonTarget	1	412383
2062.315	0.8	NonTarget	1	412463
2062.4	0.8	NonTarget	1	412480
2062.485	0.8	NonTarget	1	412497
2062.565	0.8	NonTarget	1	412513
2062.65	0.8	NonTarget	1	412530
2062.735	0.8	NonTarget	1	412547
2062.815	0.8	NonTarget	1	412563
2062.9	0.8	NonTarget	1	412580
2062.985	0.8	NonTarget	1	412597
2063.07	0.8	NonTarget	1	412614
2063.15	0.8	NonTarget	1	412630
2063.235	0.8	NonTarget	1	412647
2063.315	0.8	Target	2	412663
2063.4	0.8	NonTarget	1	412680
2063.485	0.8	NonTarget	1	412697
2063.57	0.8	NonTarget	1	412714
2063.65	0.8	NonTarget	1	412730
2063.735	0.8	NonTarget	1	412747
2063.82	0.8	NonTarget	1	412764
2063.905	0.8	NonTarget	1	412781
2063.985	0.8	NonTarget	1	412797
2064.07	0.8	NonTarget	1	412814
2064.15	0.8	NonTarget	1	412830
2064.235	0.8	NonTarget	1	412847
2064.32	0.8	NonTarget	1	412864
2064.4	0.8	NonTarget	1	412880
2064.485	0.8	NonTarget	1	412897
2064.57	0.8	NonTarget	1	412914
2064.655	0.8	NonTarget	1	412931
2064.735	0.8	NonTarget	1	412947
2065.135	0.8	NonTarget	1	413027
2065.22	0.8	NonTarget	1	413044
2065.305	0.8	NonTarget	1	413061
2065.39	0.8	NonTarget	1	413078
2065.47	0.8	NonTarget	1	413094
2065.555	0.8	NonTarget	1	413111
2065.64	0.8	NonTarget	1	413128
2065.72	0.8	NonTarget	1	413144
2065.805	0.8	NonTarget	1	413161
2065.885	0.8	NonTarget	1	413177
2065.97	0.8	NonTarget	1	413194
2066.055	0.8	NonTarget	1	413211
2066.135	0.8	Target	2	413227
2066.22	0.8	NonTarget	1	413244
2066.305	0.8	NonTarget	1	413261
2066.39	0.8	NonTarget	1	413278
2066.47	0.8	NonTarget	1	413294
2066.555	0.8	NonTarget	1	413311
2066.64	0.8	NonTarget	1	413328
2066.725	0.8	NonTarget	1	413345
2066.805	0.8	NonTarget	1	413361
2066.89	0.8	NonTarget	1	413378
2066.975	0.8	NonTarget	1	413395
2067.055	0.8	NonTarget	1	413411
2067.14	0.8	NonTarget	1	413428
2067.225	0.8	NonTarget	1	413445
2067.31	0.8	NonTarget	1	413462
2067.39	0.8	NonTarget	1	413478
2067.475	0.8	NonTarget	1	413495
2067.555	0.8	NonTarget	1	413511
2067.96	0.8	NonTarget	1	413592
2068.04	0.8	NonTarget	1	413608
2068.125	0.8	NonTarget	1	413625
2068.21	0.8	NonTarget	1	413642
2068.29	0.8	NonTarget	1	413658
2068.375	0.8	NonTarget	1	413675
2068.46	0.8	NonTarget	1	413692
2068.54	0.8	NonTarget	1	413708
2068.625	0.8	NonTarget	1	413725
2068.71	0.8	NonTarget	1	413742
2068.795	0.8	NonTarget	1	413759
2068.875	0.8	NonTarget	1	413775
2068.96	0.8	NonTarget	1	413792
2069.045	0.8	NonTarget	1	413809
2069.125	0.8	NonTarget	1	413825
2069.21	0.8	NonTarget	1	413842
2069.295	0.8	NonTarget	1	413859
2069.375	0.8	Target	2	413875
2069.46	0.8	NonTarget	1	413892
2069.545	0.8	NonTarget	1	413909
2069.625	0.8	NonTarget	1	413925
2069.71	0.8	NonTarget	1	413942
2069.795	0.8	NonTarget	1	413959
2069.875	0.8	NonTarget	1	413975
2069.96	0.8	NonTarget	1	413992
2070.045	0.8	NonTarget	1	414009
2070.125	0.8	NonTarget	1	414025
2070.21	0.8	NonTarget	1	414042
2070.295	0.8	NonTarget	1	414059
2070.38	0.8	NonTarget	1	414076
2070.78	0.8	NonTarget	1	414156
2070.86	0.8	NonTarget	1	414172
2070.945	0.8	Target	2	414189
2071.03	0.8	NonTarget	1	414206
2071.11	0.8	NonTarget	1	414222
2071.195	0.8	NonTarget	1	414239
2071.28	0.8	NonTarget	1	414256
2071.365	0.8	NonTarget	1	414273
2071.445	0.8	NonTarget	1	414289
2071.53	0.8	NonTarget	1	414306
2071.615	0.8	NonTarget	1	414323
2071.695	0.8	NonTarget	1	414339
2071.78	0.8	NonTarget	1	414356
2071.865	0.8	NonTarget	1	414373
2071.945	0.8	NonTarget	1	414389
2072.03	0.8	NonTarget	1	414406
2072.115	0.8	NonTarget	1	414423
2072.195	0.8	NonTarget	1	414439
2072.28	0.8	NonTarget	1	414456
2072.365	0.8	NonTarget	1	414473
2072.445	0.8	NonTarget	1	414489
2072.53	0.8	NonTarget	1	414506
2072.615	0.8	NonTarget	1	414523
2072.7	0.8	NonTarget	1	414540
2072.78	0.8	NonTarget	1	414556
2072.865	0.8	NonTarget	1	414573
2072.95	0.8	NonTarget	1	414590
2073.035	0.8	NonTarget	1	414607
2073.115	0.8	NonTarget	1	414623
2073.2	0.8	NonTarget	1	414640
2073.6	0.8	NonTarget	1	414720
2073.68	0.8	NonTarget	1	414736
2073.765	0.8	Target	2	414753
2073.85	0.8	NonTarget	1	414770
2073.93	0.8	NonTarget	1	414786
2074.015	0.8	NonTarget	1	414803
2074.1	0.8	NonTarget	1	414820
2074.185	0.8	NonTarget	1	414837
2074.27	0.8	NonTarget	1	414854
2074.35	0.8	NonTarget	1	414870
2074.435	0.8	NonTarget	1	414887
2074.515	0.8	NonTarget	1	414903
2074.6	0.8	NonTarget	1	414920
2074.685	0.8	NonTarget	1	414937
2074.765	0.8	NonTarget	1	414953
2074.85	0.8	NonTarget	1	414970
2074.935	0.8	NonTarget	1	414987
2075.02	0.8	NonTarget	1	415004
2075.1	0.8	NonTarget	1	415020
2075.185	0.8	NonTarget	1	415037
2075.27	0.8	NonTarget	1	415054
2075.35	0.8	NonTarget	1	415070
2075.435	0.8	NonTarget	1	415087
2075.52	0.8	NonTarget	1	415104
2075.6	0.8	NonTarget	1	415120
2075.685	0.8	NonTarget	1	415137
2075.77	0.8	NonTarget	1	415154
2075.85	0.8	NonTarget	1	415170
2075.935	0.8	NonTarget	1	415187
2076.02	0.8	NonTarget	1	415204
2076.42	0.8	NonTarget	1	415284
2076.505	0.8	NonTarget	1	415301
2076.585	0.8	NonTarget	1	415317
2076.67	0.8	NonTarget	1	415334
2076.755	0.8	NonTarget	1	415351
2076.835	0.8	NonTarget	1	415367
2076.92	0.8	NonTarget	1	415384
2077.005	0.8	NonTarget	1	415401
2077.085	0.8	NonTarget	1	415417
2077.17	0.8	NonTarget	1	415434
2077.255	0.8	NonTarget	1	415451
2077.335	0.8	NonTarget	1	415467
2077.42	0.8	NonTarget	1	415484
2077.505	0.8	NonTarget	1	415501
2077.59	0.8	NonTarget	1	415518
2077.67	0.8	NonTarget	1	415534
2077.755	0.8	NonTarget	1	415551
2077.84	0.8	NonTarget	1	415568
2077.92	0.8	NonTarget	1	415584
2078.005	0.8	NonTarget	1	415601
2078.09	0.8	NonTarget	1	415618
2078.175	0.8	NonTarget	1	415635
2078.255	0.8	NonTarget	1	415651
2078.34	0.8	NonTarget	1	415668
2078.42	0.8	NonTarget	1	415684
2078.505	0.8	NonTarget	1	415701
2078.59	0.8	NonTarget	1	415718
2078.675	0.8	Target	2	415735
2078.755	0.8	NonTarget	1	415751
2078.84	0.8	NonTarget	1	415768
2079.24	0.8	NonTarget	1	415848
2079.325	0.8	NonTarget	1	415865
2079.405	0.8	NonTarget	1	415881
2079.49	0.8	NonTarget	1	415898
2079.575	0.8	NonTarget	1	415915
2079.66	0.8	NonTarget	1	415932
2079.74	0.8	NonTarget	1	415948
2079.825	0.8	Target	2	415965
2079.91	0.8	NonTarget	1	415982
2079.99	0.8	NonTarget	1	415998
2080.075	0.8	NonTarget	1	416015
2080.155	0.8	NonTarget	1	416031
2080.24	0.8	NonTarget	1	416048
2080.325	0.8	NonTarget	1	416065
2080.41	0.8	NonTarget	1	416082
2080.495	0.8	NonTarget	1	416099
2080.575	0.8	NonTarget	1	416115
2080.66	0.8	NonTarget	1	416132
2080.74	0.8	NonTarget	1	416148
2080.825	0.8	NonTarget	1	416165
2080.91	0.8	NonTarget	1	416182
2080.995	0.8	NonTarget	1	416199
2081.075	0.8	NonTarget	1	416215
2081.16	0.8	NonTarget	1	416232
2081.245	0.8	NonTarget	1	416249
2081.325	0.8	NonTarget	1	416265
2081.41	0.8	NonTarget	1	416282
2081.495	0.8	NonTarget	1	416299
2081.575	0.8	NonTarget	1	416315
2081.66	0.8	NonTarget	1	416332
2082.06	0.8	NonTarget	1	416412
2082.145	0.8	NonTarget	1	416429
2082.23	0.8	NonTarget	1	416446
2082.31	0.8	NonTarget	1	416462
2082.395	0.8	NonTarget	1	416479
2082.475	0.8	NonTarget	1	416495
2082.56	0.8	NonTarget	1	416512
2082.645	0.8	NonTarget	1	416529
2082.73	0.8	NonTarget	1	416546
2082.81	0.8	NonTarget	1	416562
2082.895	0.8	NonTarget	1	416579
2082.98	0.8	NonTarget	1	416596
2083.06	0.8	Target	2	416612
2083.145	0.8	NonTarget	1	416629
2083.23	0.8	NonTarget	1	416646
2083.315	0.8	NonTarget	1	416663
2083.395	0.8	NonTarget	1	416679
2083.48	0.8	NonTarget	1	416696
2083.565	0.8	NonTarget	1	416713
2083.645	0.8	NonTarget	1	416729
2083.73	0.8	NonTarget	1	416746
2083.815	0.8	NonTarget	1	416763
2083.895	0.8	NonTarget	1	416779
2083.98	0.8	NonTarget	1	416796
2084.065	0.8	NonTarget	1	416813
2084.15	0.8	NonTarget	1	416830
2084.235	0.8	NonTarget	1	416847
2084.315	0.8	NonTarget	1	416863
2084.395	0.8	NonTarget	1	416879
2084.48	0.8	NonTarget	1	416896
2093.48	0.8	NonTarget	1	418696
2093.56	0.8	NonTarget	1	418712
2093.645	0.8	NonTarget	1	418729
2093.73	0.8	NonTarget	1	418746
2093.81	0.8	NonTarget	1	418762
2093.895	0.8	NonTarget	1	418779
2093.98	0.8	NonTarget	1	418796
2094.06	0.8	NonTarget	1	418812
2094.145	0.8	NonTarget	1	418829
2094.23	0.8	NonTarget	1	418846
2094.31	0.8	Target	2	418862
2094.395	0.8	NonTarget	1	418879
2094.475	0.8	NonTarget	1	418895
2094.56	0.8	NonTarget	1	418912
2094.645	0.8	NonTarget	1	418929
2094.73	0.8	NonTarget	1	418946
2094.81	0.8	NonTarget	1	418962
2094.895	0.8	NonTarget	1	418979
2094.98	0.8	NonTarget	1	418996
2095.065	0.8	NonTarget	1	419013
2095.145	0.8	NonTarget	1	419029
2095.23	0.8	NonTarget	1	419046
2095.315	0.8	NonTarget	1	419063
2095.395	0.8	NonTarget	1	419079
2095.48	0.8	NonTarget	1	419096
2095.565	0.8	NonTarget	1	419113
2095.645	0.8	NonTarget	1	419129
2095.73	0.8	NonTarget	1	419146
2095.815	0.8	NonTarget	1	419163
2095.895	0.8	NonTarget	1	419179
2096.3	0.8	NonTarget	1	419260
2096.38	0.8	NonTarget	1	419276
2096.465	0.8	NonTarget	1	419293
2096.55	0.8	NonTarget	1	419310
2096.63	0.8	NonTarget	1	419326
2096.715	0.8	NonTarget	1	419343
2096.8	0.8	NonTarget	1	419360
2096.88	0.8	NonTarget	1	419376
2096.965	0.8	NonTarget	1	419393
2097.05	0.8	NonTarget	1	419410
2097.13	0.8	NonTarget	1	419426
2097.215	0.8	NonTarget	1	419443
2097.3	0.8	NonTarget	1	419460
2097.385	0.8	NonTarget	1	419477
2097.465	0.8	NonTarget	1	419493
2097.55	0.8	Target	2	419510
2097.635	0.8	NonTarget	1	419527
2097.715	0.8	NonTarget	1	419543
2097.8	0.8	NonTarget	1	419560
2097.885	0.8	NonTarget	1	419577
2097.965	0.8	NonTarget	1	419593
2098.05	0.8	NonTarget	1	419610
2098.135	0.8	NonTarget	1	419627
2098.22	0.8	NonTarget	1	419644
2098.3	0.8	NonTarget	1	419660
2098.385	0.8	NonTarget	1	419677
2098.47	0.8	NonTarget	1	419694
2098.55	0.8	NonTarget	1	419710
2098.635	0.8	NonTarget	1	419727
2098.715	0.8	NonTarget	1	419743
2099.12	0.8	Target	2	419824
2099.2	0.8	NonTarget	1	419840
2099.285	0.8	NonTarget	1	419857
2099.37	0.8	NonTarget	1	419874
2099.45	0.8	NonTarget	1	419890
2099.535	0.8	NonTarget	1	419907
2099.62	0.8	NonTarget	1	419924
2099.705	0.8	NonTarget	1	419941
2099.79	0.8	NonTarget	1	419958
2099.87	0.8	NonTarget	1	419974
2099.955	0.8	NonTarget	1	419991
2100.035	0.8	NonTarget	1	420007
2100.12	0.8	NonTarget	1	420024
2100.205	0.8	NonTarget	1	420041
2100.285	0.8	NonTarget	1	420057
2100.37	0.8	NonTarget	1	420074
2100.455	0.8	NonTarget	1	420091
2100.535	0.8	NonTarget	1	420107
2100.62	0.8	NonTarget	1	420124
2100.705	0.8	NonTarget	1	420141
2100.79	0.8	NonTarget	1	420158
2100.87	0.8	NonTarget	1	420174
2100.955	0.8	NonTarget	1	420191
2101.04	0.8	NonTarget	1	420208
2101.12	0.8	NonTarget	1	420224
2101.205	0.8	NonTarget	1	420241
2101.29	0.8	NonTarget	1	420258
2101.37	0.8	NonTarget	1	420274
2101.455	0.8	NonTarget	1	420291
2101.535	0.8	NonTarget	1	420307
2101.94	0.8	NonTarget	1	420388
2102.025	0.8	NonTarget	1	420405
2102.105	0.8	NonTarget	1	420421
2102.19	0.8	NonTarget	1	420438
2102.27	0.8	NonTarget	1	420454
2102.355	0.8	NonTarget	1	420471
2102.44	0.8	NonTarget	1	420488
2102.525	0.8	NonTarget	1	420505
2102.605	0.8	NonTarget	1	420521
2102.69	0.8	NonTarget	1	420538
2102.775	0.8	NonTarget	1	420555
2102.86	0.8	NonTarget	1	420572
2102.94	0.8	NonTarget	1	420588
2103.025	0.8	NonTarget	1	420605
2103.11	0.8	NonTarget	1	420622
2103.19	0.8	NonTarget	1	420638
2103.275	0.8	NonTarget	1	420655
2103.36	0.8	NonTarget	1	420672
2103.44	0.8	NonTarget	1	420688
2103.525	0.8	NonTarget	1	420705
2103.61	0.8	Target	2	420722
2103.69	0.8	NonTarget	1	420738
2103.775	0.8	NonTarget	1	420755
2103.86	0.8	NonTarget	1	420772
2103.94	0.8	NonTarget	1	420788
2104.025	0.8	NonTarget	1	420805
2104.11	0.8	NonTarget	1	420822
2104.195	0.8	NonTarget	1	420839
2104.275	0.8	NonTarget	1	420855
2104.36	0.8	NonTarget	1	420872
2104.76	0.8	NonTarget	1	420952
2104.845	0.8	NonTarget	1	420969
2104.925	0.8	NonTarget	1	420985
2105.01	0.8	NonTarget	1	421002
2105.095	0.8	NonTarget	1	421019
2105.18	0.8	NonTarget	1	421036
2105.26	0.8	NonTarget	1	421052
2105.345	0.8	NonTarget	1	421069
2105.43	0.8	NonTarget	1	421086
2105.51	0.8	NonTarget	1	421102
2105.595	0.8	Target	2	421119
2105.675	0.8	NonTarget	1	421135
2105.76	0.8	NonTarget	1	421152
2105.845	0.8	NonTarget	1	421169
2105.93	0.8	NonTarget	1	421186
2106.01	0.8	NonTarget	1	421202
2106.095	0.8	NonTarget	1	421219
2106.18	0.8	NonTarget	1	421236
2106.265	0.8	NonTarget	1	421253
2106.345	0.8	NonTarget	1	421269
2106.43	0.8	NonTarget	1	421286
2106.51	0.8	NonTarget	1	421302
2106.595	0.8	NonTarget	1	421319
2106.68	0.8	NonTarget	1	421336
2106.76	0.8	NonTarget	1	421352
2106.845	0.8	NonTarget	1	421369
2106.93	0.8	NonTarget	1	421386
2107.015	0.8	NonTarget	1	421403
2107.095	0.8	NonTarget	1	421419
2107.18	0.8	NonTarget	1	421436
2107.58	0.8	NonTarget	1	421516
2107.665	0.8	NonTarget	1	421533
2107.745	0.8	NonTarget	1	421549
2107.83	0.8	NonTarget	1	421566
2107.915	0.8	NonTarget	1	421583
2107.995	0.8	NonTarget	1	421599
2108.08	0.8	NonTarget	1	421616
2108.165	0.8	NonTarget	1	421633
2108.25	0.8	NonTarget	1	421650
2108.33	0.8	NonTarget	1	421666
2108.415	0.8	Target	2	421683
2108.5	0.8	NonTarget	1	421700
2108.58	0.8	NonTarget	1	421716
2108.665	0.8	NonTarget	1	421733
2108.75	0.8	NonTarget	1	421750
2108.835	0.8	NonTarget	1	421767
2108.915	0.8	NonTarget	1	421783
2109.0	0.8	NonTarget	1	421800
2109.08	0.8	NonTarget	1	421816
2109.165	0.8	NonTarget	1	421833
2109.25	0.8	NonTarget	1	421850
2109.335	0.8	NonTarget	1	421867
2109.415	0.8	NonTarget	1	421883
2109.5	0.8	NonTarget	1	421900
2109.585	0.8	NonTarget	1	421917
2109.67	0.8	NonTarget	1	421934
2109.75	0.8	NonTarget	1	421950
2109.835	0.8	NonTarget	1	421967
2109.92	0.8	NonTarget	1	421984
2110.0	0.8	NonTarget	1	422000
2110.405	0.8	NonTarget	1	422081
2110.485	0.8	NonTarget	1	422097
2110.565	0.8	NonTarget	1	422113
2110.65	0.8	NonTarget	1	422130
2110.735	0.8	NonTarget	1	422147
2110.82	0.8	NonTarget	1	422164
2110.9	0.8	NonTarget	1	422180
2110.985	0.8	NonTarget	1	422197
2111.07	0.8	NonTarget	1	422214
2111.155	0.8	NonTarget	1	422231
2111.235	0.8	NonTarget	1	422247
2111.32	0.8	NonTarget	1	422264
2111.405	0.8	NonTarget	1	422281
2111.485	0.8	NonTarget	1	422297
2111.57	0.8	NonTarget	1	422314
2111.655	0.8	NonTarget	1	422331
2111.735	0.8	NonTarget	1	422347
2111.82	0.8	NonTarget	1	422364
2111.905	0.8	NonTarget	1	422381
2111.99	0.8	NonTarget	1	422398
2112.07	0.8	NonTarget	1	422414
2112.155	0.8	NonTarget	1	422431
2112.235	0.8	NonTarget	1	422447
2112.32	0.8	NonTarget	1	422464
2112.4	0.8	NonTarget	1	422480
2112.485	0.8	Target	2	422497
2112.57	0.8	NonTarget	1	422514
2112.655	0.8	NonTarget	1	422531
2112.74	0.8	NonTarget	1	422548
2112.82	0.8	NonTarget	1	422564
2113.22	0.8	NonTarget	1	422644
2113.305	0.8	NonTarget	1	422661
2113.39	0.8	NonTarget	1	422678
2113.47	0.8	NonTarget	1	422694
2113.555	0.8	NonTarget	1	422711
2113.64	0.8	NonTarget	1	422728
2113.725	0.8	NonTarget	1	422745
2113.805	0.8	NonTarget	1	422761
2113.89	0.8	NonTarget	1	422778
2113.97	0.8	NonTarget	1	422794
2114.055	0.8	Target	2	422811
2114.14	0.8	NonTarget	1	422828
2114.225	0.8	NonTarget	1	422845
2114.305	0.8	NonTarget	1	422861
2114.39	0.8	NonTarget	1	422878
2114.475	0.8	NonTarget	1	422895
2114.56	0.8	NonTarget	1	422912
2114.64	0.8	NonTarget	1	422928
2114.725	0.8	NonTarget	1	422945
2114.805	0.8	NonTarget	1	422961
2114.89	0.8	NonTarget	1	422978
2114.975	0.8	NonTarget	1	422995
2115.06	0.8	NonTarget	1	423012
2115.14	0.8	NonTarget	1	423028
2115.225	0.8	NonTarget	1	423045
2115.31	0.8	NonTarget	1	423062
2115.39	0.8	NonTarget	1	423078
2115.475	0.8	NonTarget	1	423095
2115.56	0.8	NonTarget	1	423112
2115.64	0.8	NonTarget	1	423128
2116.04	0.8	NonTarget	1	423208
2116.125	0.8	NonTarget	1	423225
2116.21	0.8	NonTarget	1	423242
2116.295	0.8	NonTarget	1	423259
2116.375	0.8	NonTarget	1	423275
2116.46	0.8	NonTarget	1	423292
2116.545	0.8	NonTarget	1	423309
2116.625	0.8	NonTarget	1	423325
2116.71	0.8	NonTarget	1	423342
2116.795	0.8	NonTarget	1	423359
2116.875	0.8	NonTarget	1	423375
2116.96	0.8	NonTarget	1	423392
2117.045	0.8	NonTarget	1	423409
2117.125	0.8	NonTarget	1	423425
2117.21	0.8	NonTarget	1	423442
2117.295	0.8	Target	2	423459
2117.375	0.8	NonTarget	1	423475
2117.46	0.8	NonTarget	1	423492
2117.545	0.8	NonTarget	1	423509
2117.63	0.8	NonTarget	1	423526
2117.715	0.8	NonTarget	1	423543
2117.795	0.8	NonTarget	1	423559
2117.88	0.8	NonTarget	1	423576
2117.96	0.8	NonTarget	1	423592
2118.045	0.8	NonTarget	1	423609
2118.13	0.8	NonTarget	1	423626
2118.21	0.8	NonTarget	1	423642
2118.295	0.8	NonTarget	1	423659
2118.38	0.8	NonTarget	1	423676
2118.465	0.8	NonTarget	1	423693
2118.865	0.8	NonTarget	1	423773
2118.945	0.8	NonTarget	1	423789
2119.03	0.8	NonTarget	1	423806
2119.115	0.8	NonTarget	1	423823
2119.195	0.8	NonTarget	1	423839
2119.28	0.8	Target	2	423856
2119.365	0.8	NonTarget	1	423873
2119.445	0.8	NonTarget	1	423889
2119.53	0.8	NonTarget	1	423906
2119.615	0.8	NonTarget	1	423923
2119.7	0.8	NonTarget	1	423940
2119.78	0.8	NonTarget	1	423956
2119.865	0.8	NonTarget	1	423973
2119.95	0.8	NonTarget	1	423990
2120.03	0.8	NonTarget	1	424006
2120.115	0.8	NonTarget	1	424023
2120.2	0.8	NonTarget	1	424040
2120.28	0.8	NonTarget	1	424056
2120.365	0.8	NonTarget	1	424073
2120.45	0.8	NonTarget	1	424090
2120.53	0.8	NonTarget	1	424106
2120.615	0.8	NonTarget	1	424123
2120.7	0.8	NonTarget	1	424140
2120.785	0.8	NonTarget	1	424157
2120.865	0.8	NonTarget	1	424173
2120.95	0.8	NonTarget	1	424190
2121.035	0.8	NonTarget	1	424207
2121.115	0.8	NonTarget	1	424223
2121.2	0.8	NonTarget	1	424240
2121.28	0.8	NonTarget	1	424256
2130.3	0.8	NonTarget	1	426060
2130.38	0.8	NonTarget	1	426076
2130.465	0.8	NonTarget	1	426093
2130.545	0.8	NonTarget	1	426109
2130.63	0.8	NonTarget	1	426126
2130.715	0.8	NonTarget	1	426143
2130.795	0.8	NonTarget	1	426159
2130.88	0.8	NonTarget	1	426176
2130.965	0.8	NonTarget	1	426193
2131.045	0.8	NonTarget	1	426209
2131.13	0.8	NonTarget	1	426226
2131.215	0.8	NonTarget	1	426243
2131.3	0.8	NonTarget	1	426260
2131.38	0.8	NonTarget	1	426276
2131.465	0.8	NonTarget	1	426293
2131.55	0.8	NonTarget	1	426310
2131.63	0.8	NonTarget	1	426326
2131.715	0.8	NonTarget	1	426343
2131.8	0.8	NonTarget	1	426360
2131.88	0.8	NonTarget	1	426376
2131.965	0.8	NonTarget	1	426393
2132.05	0.8	NonTarget	1	426410
2132.13	0.8	NonTarget	1	426426
2132.215	0.8	NonTarget	1	426443
2132.3	0.8	NonTarget	1	426460
2132.38	0.8	NonTarget	1	426476
2132.465	0.8	Target	2	426493
2132.55	0.8	NonTarget	1	426510
2132.635	0.8	NonTarget	1	426527
2132.715	0.8	NonTarget	1	426543
2133.12	0.8	NonTarget	1	426624
2133.2	0.8	Target	2	426640
2133.285	0.8	NonTarget	1	426657
2133.365	0.8	NonTarget	1	426673
2133.45	0.8	NonTarget	1	426690
2133.535	0.8	NonTarget	1	426707
2133.615	0.8	NonTarget	1	426723
2133.7	0.8	NonTarget	1	426740
2133.785	0.8	NonTarget	1	426757
2133.87	0.8	NonTarget	1	426774
2133.95	0.8	NonTarget	1	426790
2134.035	0.8	NonTarget	1	426807
2134.12	0.8	NonTarget	1	426824
2134.2	0.8	NonTarget	1	426840
2134.285	0.8	NonTarget	1	426857
2134.37	0.8	NonTarget	1	426874
2134.45	0.8	NonTarget	1	426890
2134.535	0.8	NonTarget	1	426907
2134.62	0.8	NonTarget	1	426924
2134.7	0.8	NonTarget	1	426940
2134.785	0.8	NonTarget	1	426957
2134.87	0.8	NonTarget	1	426974
2134.955	0.8	NonTarget	1	426991
2135.035	0.8	NonTarget	1	427007
2135.12	0.8	NonTarget	1	427024
2135.2	0.8	NonTarget	1	427040
2135.285	0.8	NonTarget	1	427057
2135.37	0.8	NonTarget	1	427074
2135.455	0.8	NonTarget	1	427091
2135.535	0.8	NonTarget	1	427107
2135.935	0.8	NonTarget	1	427187
2136.02	0.8	NonTarget	1	427204
2136.105	0.8	NonTarget	1	427221
2136.19	0.8	NonTarget	1	427238
2136.27	0.8	NonTarget	1	427254
2136.355	0.8	NonTarget	1	427271
2136.44	0.8	NonTarget	1	427288
2136.52	0.8	NonTarget	1	427304
2136.605	0.8	NonTarget	1	427321
2136.69	0.8	NonTarget	1	427338
2136.775	0.8	NonTarget	1	427355
2136.855	0.8	NonTarget	1	427371
2136.94	0.8	NonTarget	1	427388
2137.025	0.8	NonTarget	1	427405
2137.105	0.8	NonTarget	1	427421
2137.19	0.8	NonTarget	1	427438
2137.275	0.8	NonTarget	1	427455
2137.355	0.8	NonTarget	1	427471
2137.44	0.8	NonTarget	1	427488
2137.525	0.8	NonTarget	1	427505
2137.605	0.8	NonTarget	1	427521
2137.69	0.8	NonTarget	1	427538
2137.775	0.8	NonTarget	1	427555
2137.855	0.8	NonTarget	1	427571
2137.94	0.8	NonTarget	1	427588
2138.025	0.8	NonTarget	1	427605
2138.11	0.8	Target	2	427622
2138.19	0.8	NonTarget	1	427638
2138.275	0.8	NonTarget	1	427655
2138.355	0.8	NonTarget	1	427671
2138.755	0.8	NonTarget	1	427751
2138.84	0.8	Target	2	427768
2138.925	0.8	NonTarget	1	427785
2139.01	0.8	NonTarget	1	427802
2139.09	0.8	NonTarget	1	427818
2139.175	0.8	NonTarget	1	427835
2139.26	0.8	NonTarget	1	427852
2139.345	0.8	NonTarget	1	427869
2139.425	0.8	NonTarget	1	427885
2139.51	0.8	NonTarget	1	427902
2139.595	0.8	NonTarget	1	427919
2139.675	0.8	NonTarget	1	427935
2139.76	0.8	NonTarget	1	427952
2139.845	0.8	NonTarget	1	427969
2139.925	0.8	NonTarget	1	427985
2140.01	0.8	NonTarget	1	428002
2140.095	0.8	NonTarget	1	428019
2140.175	0.8	NonTarget	1	428035
2140.26	0.8	NonTarget	1	428052
2140.345	0.8	NonTarget	1	428069
2140.43	0.8	NonTarget	1	428086
2140.51	0.8	NonTarget	1	428102
2140.595	0.8	NonTarget	1	428119
2140.675	0.8	NonTarget	1	428135
2140.76	0.8	NonTarget	1	428152
2140.845	0.8	NonTarget	1	428169
2140.925	0.8	NonTarget	1	428185
2141.01	0.8	NonTarget	1	428202
2141.095	0.8	NonTarget	1	428219
2141.175	0.8	NonTarget	1	428235
2141.58	0.8	NonTarget	1	428316
2141.665	0.8	NonTarget	1	428333
2141.745	0.8	NonTarget	1	428349
2141.83	0.8	NonTarget	1	428366
2141.915	0.8	NonTarget	1	428383
2141.995	0.8	NonTarget	1	428399
2142.08	0.8	NonTarget	1	428416
2142.165	0.8	NonTarget	1	428433
2142.245	0.8	NonTarget	1	428449
2142.33	0.8	NonTarget	1	428466
2142.415	0.8	NonTarget	1	428483
2142.495	0.8	Target	2	428499
2142.58	0.8	NonTarget	1	428516
2142.665	0.8	NonTarget	1	428533
2142.75	0.8	NonTarget	1	428550
2142.83	0.8	NonTarget	1	428566
2142.915	0.8	NonTarget	1	428583
2142.995	0.8	NonTarget	1	428599
2143.08	0.8	NonTarget	1	428616
2143.165	0.8	NonTarget	1	428633
2143.245	0.8	NonTarget	1	428649
2143.33	0.8	NonTarget	1	428666
2143.415	0.8	NonTarget	1	428683
2143.5	0.8	NonTarget	1	428700
2143.58	0.8	NonTarget	1	428716
2143.665	0.8	NonTarget	1	428733
2143.75	0.8	NonTarget	1	428750
2143.835	0.8	NonTarget	1	428767
2143.915	0.8	NonTarget	1	428783
2144.0	0.8	NonTarget	1	428800
2144.4	0.8	NonTarget	1	428880
2144.48	0.8	NonTarget	1	428896
2144.565	0.8	NonTarget	1	428913
2144.65	0.8	NonTarget	1	428930
2144.73	0.8	NonTarget	1	428946
2144.815	0.8	NonTarget	1	428963
2144.9	0.8	NonTarget	1	428980
2144.98	0.8	NonTarget	1	428996
2145.065	0.8	NonTarget	1	429013
2145.15	0.8	NonTarget	1	429030
2145.235	0.8	NonTarget	1	429047
2145.315	0.8	NonTarget	1	429063
2145.4	0.8	NonTarget	1	429080
2145.485	0.8	NonTarget	1	429097
2145.57	0.8	NonTarget	1	429114
2145.65	0.8	NonTarget	1	429130
2145.735	0.8	Target	2	429147
2145.82	0.8	NonTarget	1	429164
2145.905	0.8	NonTarget	1	429181
2145.985	0.8	NonTarget	1	429197
2146.07	0.8	NonTarget	1	429214
2146.15	0.8	NonTarget	1	429230
2146.235	0.8	NonTarget	1	429247
2146.32	0.8	NonTarget	1	429264
2146.4	0.8	NonTarget	1	429280
2146.485	0.8	NonTarget	1	429297
2146.57	0.8	NonTarget	1	429314
2146.65	0.8	NonTarget	1	429330
2146.735	0.8	NonTarget	1	429347
2146.82	0.8	NonTarget	1	429364
2147.22	0.8	NonTarget	1	429444
2147.305	0.8	NonTarget	1	429461
2147.39	0.8	NonTarget	1	429478
2147.47	0.8	NonTarget	1	429494
2147.555	0.8	NonTarget	1	429511
2147.635	0.8	NonTarget	1	429527
2147.72	0.8	NonTarget	1	429544
2147.805	0.8	NonTarget	1	429561
2147.89	0.8	NonTarget	1	429578
2147.97	0.8	NonTarget	1	429594
2148.055	0.8	NonTarget	1	429611
2148.135	0.8	NonTarget	1	429627
2148.22	0.8	NonTarget	1	429644
2148.305	0.8	NonTarget	1	429661
2148.39	0.8	NonTarget	1	429678
2148.475	0.8	NonTarget	1	429695
2148.555	0.8	NonTarget	1	429711
2148.64	0.8	NonTarget	1	429728
2148.72	0.8	NonTarget	1	429744
2148.805	0.8	NonTarget	1	429761
2148.89	0.8	NonTarget	1	429778
2148.97	0.8	Target	2	429794
2149.055	0.8	NonTarget	1	429811
2149.14	0.8	NonTarget	1	429828
2149.225	0.8	NonTarget	1	429845
2149.31	0.8	NonTarget	1	429862
2149.39	0.8	NonTarget	1	429878
2149.475	0.8	NonTarget	1	429895
2149.555	0.8	NonTarget	1	429911
2149.64	0.8	NonTarget	1	429928
2150.04	0.8	NonTarget	1	430008
2150.125	0.8	NonTarget	1	430025
2150.21	0.8	NonTarget	1	430042
2150.29	0.8	NonTarget	1	430058
2150.375	0.8	NonTarget	1	430075
2150.46	0.8	NonTarget	1	430092
2150.54	0.8	NonTarget	1	430108
2150.625	0.8	NonTarget	1	430125
2150.71	0.8	NonTarget	1	430142
2150.795	0.8	NonTarget	1	430159
2150.875	0.8	NonTarget	1	430175
2150.96	0.8	NonTarget	1	430192
2151.04	0.8	NonTarget	1	430208
2151.125	0.8	NonTarget	1	430225
2151.21	0.8	NonTarget	1	430242
2151.29	0.8	NonTarget	1	430258
2151.375	0.8	NonTarget	1	430275
2151.455	0.8	NonTarget	1	430291
2151.545	0.8	NonTarget	1	430309
2151.625	0.8	NonTarget	1	430325
2151.71	0.8	NonTarget	1	430342
2151.795	0.8	Target	2	430359
2151.875	0.8	NonTarget	1	430375
2151.96	0.8	NonTarget	1	430392
2152.045	0.8	NonTarget	1	430409
2152.125	0.8	NonTarget	1	430425
2152.21	0.8	NonTarget	1	430442
2152.295	0.8	NonTarget	1	430459
2152.375	0.8	NonTarget	1	430475
2152.46	0.8	NonTarget	1	430492
2152.86	0.8	NonTarget	1	430572
2152.945	0.8	NonTarget	1	430589
2153.03	0.8	NonTarget	1	430606
2153.11	0.8	NonTarget	1	430622
2153.195	0.8	NonTarget	1	430639
2153.275	0.8	NonTarget	1	430655
2153.36	0.8	NonTarget	1	430672
2153.445	0.8	NonTarget	1	430689
2153.53	0.8	NonTarget	1	430706
2153.615	0.8	NonTarget	1	430723
2153.695	0.8	NonTarget	1	430739
2153.78	0.8	NonTarget	1	430756
2153.865	0.8	NonTarget	1	430773
2153.95	0.8	NonTarget	1	430790
2154.03	0.8	NonTarget	1	430806
2154.115	0.8	NonTarget	1	430823
2154.195	0.8	NonTarget	1	430839
2154.28	0.8	NonTarget	1	430856
2154.365	0.8	NonTarget	1	430873
2154.445	0.8	NonTarget	1	430889
2154.53	0.8	NonTarget	1	430906
2154.615	0.8	Target	2	430923
2154.695	0.8	NonTarget	1	430939
2154.785	0.8	NonTarget	1	430957
2154.865	0.8	NonTarget	1	430973
2154.95	0.8	NonTarget	1	430990
2155.03	0.8	NonTarget	1	431006
2155.115	0.8	NonTarget	1	431023
2155.195	0.8	NonTarget	1	431039
2155.28	0.8	NonTarget	1	431056
2155.685	0.8	NonTarget	1	431137
2155.765	0.8	NonTarget	1	431153
2155.85	0.8	NonTarget	1	431170
2155.93	0.8	NonTarget	1	431186
2156.015	0.8	NonTarget	1	431203
2156.1	0.8	NonTarget	1	431220
2156.185	0.8	NonTarget	1	431237
2156.265	0.8	NonTarget	1	431253
2156.35	0.8	NonTarget	1	431270
2156.43	0.8	NonTarget	1	431286
2156.515	0.8	NonTarget	1	431303
2156.6	0.8	NonTarget	1	431320
2156.685	0.8	NonTarget	1	431337
2156.765	0.8	NonTarget	1	431353
2156.85	0.8	NonTarget	1	431370
2156.935	0.8	NonTarget	1	431387
2157.015	0.8	NonTarget	1	431403
2157.1	0.8	NonTarget	1	431420
2157.185	0.8	NonTarget	1	431437
2157.27	0.8	NonTarget	1	431454
2157.355	0.8	NonTarget	1	431471
2157.435	0.8	Target	2	431487
2157.515	0.8	NonTarget	1	431503
2157.6	0.8	NonTarget	1	431520
2157.685	0.8	NonTarget	1	431537
2157.77	0.8	NonTarget	1	431554
2157.85	0.8	NonTarget	1	431570
2157.935	0.8	NonTarget	1	431587
2158.02	0.8	NonTarget	1	431604
2158.105	0.8	NonTarget	1	431621
2167.135	0.8	NonTarget	1	433427
2167.215	0.8	NonTarget	1	433443
2167.3	0.8	NonTarget	1	433460
2167.38	0.8	NonTarget	1	433476
2167.465	0.8	Target	2	433493
2167.55	0.8	NonTarget	1	433510
2167.63	0.8	NonTarget	1	433526
2167.715	0.8	NonTarget	1	433543
2167.8	0.8	NonTarget	1	433560
2167.88	0.8	NonTarget	1	433576
2167.965	0.8	NonTarget	1	433593
2168.05	0.8	NonTarget	1	433610
2168.135	0.8	NonTarget	1	433627
2168.215	0.8	NonTarget	1	433643
2168.3	0.8	NonTarget	1	433660
2168.385	0.8	NonTarget	1	433677
2168.47	0.8	NonTarget	1	433694
2168.55	0.8	NonTarget	1	433710
2168.635	0.8	NonTarget	1	433727
2168.715	0.8	NonTarget	1	433743
2168.8	0.8	NonTarget	1	433760
2168.885	0.8	NonTarget	1	433777
2168.965	0.8	NonTarget	1	433793
2169.05	0.8	NonTarget	1	433810
2169.135	0.8	NonTarget	1	433827
2169.22	0.8	NonTarget	1	433844
2169.3	0.8	NonTarget	1	433860
2169.385	0.8	NonTarget	1	433877
2169.47	0.8	NonTarget	1	433894
2169.555	0.8	NonTarget	1	433911
2169.955	0.8	NonTarget	1	433991
2170.035	0.8	NonTarget	1	434007
2170.12	0.8	NonTarget	1	434024
2170.205	0.8	NonTarget	1	434041
2170.285	0.8	NonTarget	1	434057
2170.37	0.8	NonTarget	1	434074
2170.455	0.8	NonTarget	1	434091
2170.535	0.8	NonTarget	1	434107
2170.62	0.8	NonTarget	1	434124
2170.705	0.8	NonTarget	1	434141
2170.785	0.8	NonTarget	1	434157
2170.87	0.8	NonTarget	1	434174
2170.95	0.8	NonTarget	1	434190
2171.035	0.8	NonTarget	1	434207
2171.12	0.8	NonTarget	1	434224
2171.205	0.8	NonTarget	1	434241
2171.285	0.8	NonTarget	1	434257
2171.37	0.8	NonTarget	1	434274
2171.455	0.8	NonTarget	1	434291
2171.54	0.8	NonTarget	1	434308
2171.62	0.8	NonTarget	1	434324
2171.705	0.8	NonTarget	1	434341
2171.79	0.8	NonTarget	1	434358
2171.875	0.8	NonTarget	1	434375
2171.955	0.8	Target	2	434391
2172.04	0.8	NonTarget	1	434408
2172.12	0.8	NonTarget	1	434424
2172.205	0.8	NonTarget	1	434441
2172.29	0.8	NonTarget	1	434458
2172.375	0.8	NonTarget	1	434475
2172.775	0.8	NonTarget	1	434555
2172.855	0.8	NonTarget	1	434571
2172.94	0.8	NonTarget	1	434588
2173.025	0.8	NonTarget	1	434605
2173.105	0.8	Target	2	434621
2173.19	0.8	NonTarget	1	434638
2173.275	0.8	NonTarget	1	434655
2173.355	0.8	NonTarget	1	434671
2173.44	0.8	NonTarget	1	434688
2173.525	0.8	NonTarget	1	434705
2173.605	0.8	NonTarget	1	434721
2173.69	0.8	NonTarget	1	434738
2173.775	0.8	NonTarget	1	434755
2173.855	0.8	NonTarget	1	434771
2173.94	0.8	NonTarget	1	434788
2174.025	0.8	NonTarget	1	434805
2174.11	0.8	NonTarget	1	434822
2174.19	0.8	NonTarget	1	434838
2174.275	0.8	NonTarget	1	434855
2174.355	0.8	NonTarget	1	434871
2174.44	0.8	NonTarget	1	434888
2174.525	0.8	NonTarget	1	434905
2174.605	0.8	NonTarget	1	434921
2174.695	0.8	NonTarget	1	434939
2174.775	0.8	NonTarget	1	434955
2174.86	0.8	NonTarget	1	434972
2174.945	0.8	NonTarget	1	434989
2175.03	0.8	NonTarget	1	435006
2175.11	0.8	NonTarget	1	435022
2175.195	0.8	NonTarget	1	435039
2175.59	0.8	NonTarget	1	435118
2175.675	0.8	NonTarget	1	435135
2175.76	0.8	NonTarget	1	435152
2175.845	0.8	NonTarget	1	435169
2175.925	0.8	NonTarget	1	435185
2176.01	0.8	NonTarget	1	435202
2176.095	0.8	NonTarget	1	435219
2176.18	0.8	NonTarget	1	435236
2176.26	0.8	NonTarget	1	435252
2176.345	0.8	NonTarget	1	435269
2176.43	0.8	NonTarget	1	435286
2176.51	0.8	NonTarget	1	435302
2176.595	0.8	NonTarget	1	435319
2176.68	0.8	NonTarget	1	435336
2176.765	0.8	NonTarget	1	435353
2176.845	0.8	NonTarget	1	435369
2176.93	0.8	NonTarget	1	435386
2177.01	0.8	NonTarget	1	435402
2177.095	0.8	NonTarget	1	435419
2177.18	0.8	Target	2	435436
2177.26	0.8	NonTarget	1	435452
2177.345	0.8	NonTarget	1	435469
2177.43	0.8	NonTarget	1	435486
2177.515	0.8	NonTarget	1	435503
2177.595	0.8	NonTarget	1	435519
2177.68	0.8	NonTarget	1	435536
2177.765	0.8	NonTarget	1	435553
2177.85	0.8	NonTarget	1	435570
2177.93	0.8	NonTarget	1	435586
2178.015	0.8	NonTarget	1	435603
2178.415	0.8	NonTarget	1	435683
2178.5	0.8	NonTarget	1	435700
2178.58	0.8	NonTarget	1	435716
2178.665	0.8	NonTarget	1	435733
2178.745	0.8	NonTarget	1	435749
2178.83	0.8	NonTarget	1	435766
2178.915	0.8	NonTarget	1	435783
2179.0	0.8	NonTarget	1	435800
2179.08	0.8	NonTarget	1	435816
2179.165	0.8	NonTarget	1	435833
2179.25	0.8	NonTarget	1	435850
2179.33	0.8	NonTarget	1	435866
2179.415	0.8	NonTarget	1	435883
2179.5	0.8	NonTarget	1	435900
2179.585	0.8	NonTarget	1	435917
2179.665	0.8	NonTarget	1	435933
2179.75	0.8	NonTarget	1	435950
2179.835	0.8	NonTarget	1	435967
2179.915	0.8	NonTarget	1	435983
2180.0	0.8	NonTarget	1	436000
2180.085	0.8	NonTarget	1	436017
2180.165	0.8	NonTarget	1	436033
2180.25	0.8	NonTarget	1	436050
2180.335	0.8	NonTarget	1	436067
2180.415	0.8	NonTarget	1	436083
2180.5	0.8	NonTarget	1	436100
2180.585	0.8	NonTarget	1	436117
2180.67	0.8	NonTarget	1	436134
2180.75	0.8	NonTarget	1	436150
2180.835	0.8	Target	2	436167
2181.235	0.8	NonTarget	1	436247
2181.315	0.8	NonTarget	1	436263
2181.4	0.8	NonTarget	1	436280
2181.485	0.8	NonTarget	1	436297
2181.57	0.8	NonTarget	1	436314
2181.65	0.8	NonTarget	1	436330
2181.735	0.8	NonTarget	1	436347
2181.82	0.8	NonTarget	1	436364
2181.9	0.8	NonTarget	1	436380
2181.99	0.8	NonTarget	1	436398
2182.07	0.8	NonTarget	1	436414
2182.155	0.8	NonTarget	1	436431
2182.235	0.8	NonTarget	1	436447
2182.32	0.8	NonTarget	1	436464
2182.4	0.8	NonTarget	1	436480
2182.485	0.8	NonTarget	1	436497
2182.57	0.8	NonTarget	1	436514
2182.655	0.8	NonTarget	1	436531
2182.74	0.8	NonTarget	1	436548
2182.82	0.8	NonTarget	1	436564
2182.905	0.8	NonTarget	1	436581
2182.985	0.8	NonTarget	1	436597
2183.07	0.8	NonTarget	1	436614
2183.155	0.8	NonTarget	1	436631
2183.235	0.8	Target	2	436647
2183.32	0.8	NonTarget	1	436664
2183.405	0.8	NonTarget	1	436681
2183.485	0.8	NonTarget	1	436697
2183.57	0.8	NonTarget	1	436714
2183.655	0.8	NonTarget	1	436731
2184.055	0.8	NonTarget	1	436811
2184.14	0.8	NonTarget	1	436828
2184.22	0.8	NonTarget	1	436844
2184.305	0.8	NonTarget	1	436861
2184.39	0.8	Target	2	436878
2184.47	0.8	NonTarget	1	436894
2184.555	0.8	NonTarget	1	436911
2184.64	0.8	NonTarget	1	436928
2184.725	0.8	NonTarget	1	436945
2184.805	0.8	NonTarget	1	436961
2184.89	0.8	NonTarget	1	436978
2184.975	0.8	NonTarget	1	436995
2185.06	0.8	NonTarget	1	437012
2185.14	0.8	NonTarget	1	437028
2185.225	0.8	NonTarget	1	437045
2185.31	0.8	NonTarget	1	437062
2185.39	0.8	NonTarget	1	437078
2185.475	0.8	NonTarget	1	437095
2185.555	0.8	NonTarget	1	437111
2185.64	0.8	NonTarget	1	437128
2185.725	0.8	NonTarget	1	437145
2185.805	0.8	NonTarget	1	437161
2185.89	0.8	NonTarget	1	437178
2185.975	0.8	NonTarget	1	437195
2186.06	0.8	NonTarget	1	437212
2186.14	0.8	NonTarget	1	437228
2186.225	0.8	NonTarget	1	437245
2186.31	0.8	NonTarget	1	437262
2186.39	0.8	NonTarget	1	437278
2186.475	0.8	NonTarget	1	437295
2186.875	0.8	NonTarget	1	437375
2186.96	0.8	NonTarget	1	437392
2187.04	0.8	NonTarget	1	437408
2187.125	0.8	NonTarget	1	437425
2187.21	0.8	NonTarget	1	437442
2187.295	0.8	NonTarget	1	437459
2187.375	0.8	NonTarget	1	437475
2187.46	0.8	NonTarget	1	437492
2187.545	0.8	NonTarget	1	437509
2187.63	0.8	NonTarget	1	437526
2187.71	0.8	NonTarget	1	437542
2187.795	0.8	NonTarget	1	437559
2187.875	0.8	NonTarget	1	437575
2187.96	0.8	NonTarget	1	437592
2188.045	0.8	NonTarget	1	437609
2188.13	0.8	NonTarget	1	437626
2188.21	0.8	NonTarget	1	437642
2188.295	0.8	NonTarget	1	437659
2188.375	0.8	NonTarget	1	437675
2188.465	0.8	NonTarget	1	437693
2188.545	0.8	NonTarget	1	437709
2188.63	0.8	NonTarget	1	437726
2188.715	0.8	NonTarget	1	437743
2188.795	0.8	NonTarget	1	437759
2188.88	0.8	NonTarget	1	437776
2188.96	0.8	NonTarget	1	437792
2189.045	0.8	NonTarget	1	437809
2189.13	0.8	NonTarget	1	437826
2189.21	0.8	NonTarget	1	437842
2189.295	0.8	Target	2	437859
2189.7	0.8	NonTarget	1	437940
2189.78	0.8	NonTarget	1	437956
2189.865	0.8	NonTarget	1	437973
2189.95	0.8	NonTarget	1	437990
2190.03	0.8	NonTarget	1	438006
2190.115	0.8	NonTarget	1	438023
2190.195	0.8	NonTarget	1	438039
2190.28	0.8	NonTarget	1	438056
2190.365	0.8	NonTarget	1	438073
2190.45	0.8	NonTarget	1	438090
2190.53	0.8	NonTarget	1	438106
2190.615	0.8	NonTarget	1	438123
2190.7	0.8	NonTarget	1	438140
2190.78	0.8	NonTarget	1	438156
2190.865	0.8	NonTarget	1	438173
2190.95	0.8	NonTarget	1	438190
2191.03	0.8	NonTarget	1	438206
2191.115	0.8	NonTarget	1	438223
2191.2	0.8	NonTarget	1	438240
2191.28	0.8	NonTarget	1	438256
2191.365	0.8	NonTarget	1	438273
2191.45	0.8	NonTarget	1	438290
2191.53	0.8	NonTarget	1	438306
2191.615	0.8	NonTarget	1	438323
2191.7	0.8	NonTarget	1	438340
2191.785	0.8	NonTarget	1	438357
2191.865	0.8	NonTarget	1	438373
2191.95	0.8	NonTarget	1	438390
2192.035	0.8	NonTarget	1	438407
2192.115	0.8	Target	2	438423
2192.52	0.8	NonTarget	1	438504
2192.6	0.8	NonTarget	1	438520
2192.685	0.8	NonTarget	1	438537
2192.765	0.8	NonTarget	1	438553
2192.85	0.8	NonTarget	1	438570
2192.935	0.8	NonTarget	1	438587
2193.02	0.8	NonTarget	1	438604
2193.1	0.8	NonTarget	1	438620
2193.185	0.8	NonTarget	1	438637
2193.27	0.8	Target	2	438654
2193.35	0.8	NonTarget	1	438670
2193.435	0.8	NonTarget	1	438687
2193.515	0.8	NonTarget	1	438703
2193.6	0.8	NonTarget	1	438720
2193.685	0.8	NonTarget	1	438737
2193.77	0.8	NonTarget	1	438754
2193.855	0.8	NonTarget	1	438771
2193.935	0.8	NonTarget	1	438787
2194.02	0.8	NonTarget	1	438804
2194.105	0.8	NonTarget	1	438821
2194.185	0.8	NonTarget	1	438837
2194.27	0.8	NonTarget	1	438854
2194.355	0.8	NonTarget	1	438871
2194.44	0.8	NonTarget	1	438888
2194.52	0.8	NonTarget	1	438904
2194.605	0.8	NonTarget	1	438921
2194.685	0.8	NonTarget	1	438937
2194.77	0.8	NonTarget	1	438954
2194.855	0.8	NonTarget	1	438971
2194.935	0.8	NonTarget	1	438987
2203.955	0.8	NonTarget	1	440791
2204.035	0.8	NonTarget	1	440807
2204.115	0.8	NonTarget	1	440823
2204.2	0.8	NonTarget	1	440840
2204.285	0.8	NonTarget	1	440857
2204.365	0.8	NonTarget	1	440873
2204.45	0.8	NonTarget	1	440890
2204.535	0.8	NonTarget	1	440907
2204.615	0.8	NonTarget	1	440923
2204.7	0.8	NonTarget	1	440940
2204.785	0.8	NonTarget	1	440957
2204.87	0.8	NonTarget	1	440974
2204.95	0.8	NonTarget	1	440990
2205.035	0.8	NonTarget	1	441007
2205.12	0.8	NonTarget	1	441024
2205.2	0.8	NonTarget	1	441040
2205.285	0.8	NonTarget	1	441057
2205.37	0.8	NonTarget	1	441074
2205.45	0.8	NonTarget	1	441090
2205.535	0.8	NonTarget	1	441107
2205.62	0.8	Target	2	441124
2205.705	0.8	NonTarget	1	441141
2205.785	0.8	NonTarget	1	441157
2205.87	0.8	NonTarget	1	441174
2205.955	0.8	NonTarget	1	441191
2206.035	0.8	NonTarget	1	441207
2206.12	0.8	NonTarget	1	441224
2206.205	0.8	NonTarget	1	441241
2206.285	0.8	NonTarget	1	441257
2206.37	0.8	NonTarget	1	441274
2206.77	0.8	Target	2	441354
2206.855	0.8	NonTarget	1	441371
2206.94	0.8	NonTarget	1	441388
2207.02	0.8	NonTarget	1	441404
2207.105	0.8	NonTarget	1	441421
2207.19	0.8	NonTarget	1	441438
2207.27	0.8	NonTarget	1	441454
2207.355	0.8	NonTarget	1	441471
2207.44	0.8	NonTarget	1	441488
2207.52	0.8	NonTarget	1	441504
2207.605	0.8	NonTarget	1	441521
2207.69	0.8	NonTarget	1	441538
2207.77	0.8	NonTarget	1	441554
2207.855	0.8	NonTarget	1	441571
2207.94	0.8	NonTarget	1	441588
2208.02	0.8	NonTarget	1	441604
2208.105	0.8	NonTarget	1	441621
2208.19	0.8	NonTarget	1	441638
2208.275	0.8	NonTarget	1	441655
2208.355	0.8	NonTarget	1	441671
2208.44	0.8	NonTarget	1	441688
2208.525	0.8	NonTarget	1	441705
2208.605	0.8	NonTarget	1	441721
2208.69	0.8	NonTarget	1	441738
2208.775	0.8	NonTarget	1	441755
2208.855	0.8	NonTarget	1	441771
2208.94	0.8	NonTarget	1	441788
2209.025	0.8	NonTarget	1	441805
2209.11	0.8	NonTarget	1	441822
2209.19	0.8	NonTarget	1	441838
2209.59	0.8	NonTarget	1	441918
2209.675	0.8	NonTarget	1	441935
2209.76	0.8	NonTarget	1	441952
2209.84	0.8	NonTarget	1	441968
2209.925	0.8	NonTarget	1	441985
2210.01	0.8	NonTarget	1	442002
2210.095	0.8	NonTarget	1	442019
2210.175	0.8	NonTarget	1	442035
2210.26	0.8	NonTarget	1	442052
2210.34	0.8	NonTarget	1	442068
2210.425	0.8	Target	2	442085
2210.51	0.8	NonTarget	1	442102
2210.595	0.8	NonTarget	1	442119
2210.675	0.8	NonTarget	1	442135
2210.76	0.8	NonTarget	1	442152
2210.845	0.8	NonTarget	1	442169
2210.925	0.8	NonTarget	1	442185
2211.01	0.8	NonTarget	1	442202
2211.095	0.8	NonTarget	1	442219
2211.18	0.8	NonTarget	1	442236
2211.26	0.8	NonTarget	1	442252
2211.345	0.8	NonTarget	1	442269
2211.43	0.8	NonTarget	1	442286
2211.515	0.8	NonTarget	1	442303
2211.595	0.8	NonTarget	1	442319
2211.68	0.8	NonTarget	1	442336
2211.76	0.8	NonTarget	1	442352
2211.845	0.8	NonTarget	1	442369
2211.93	0.8	NonTarget	1	442386
2212.01	0.8	NonTarget	1	442402
2212.415	0.8	NonTarget	1	442483
2212.495	0.8	NonTarget	1	442499
2212.58	0.8	NonTarget	1	442516
2212.665	0.8	NonTarget	1	442533
2212.745	0.8	NonTarget	1	442549
2212.83	0.8	NonTarget	1	442566
2212.915	0.8	NonTarget	1	442583
2212.995	0.8	NonTarget	1	442599
2213.08	0.8	NonTarget	1	442616
2213.16	0.8	NonTarget	1	442632
2213.245	0.8	NonTarget	1	442649
2213.33	0.8	NonTarget	1	442666
2213.415	0.8	NonTarget	1	442683
2213.495	0.8	NonTarget	1	442699
2213.585	0.8	NonTarget	1	442717
2213.665	0.8	NonTarget	1	442733
2213.75	0.8	NonTarget	1	442750
2213.83	0.8	NonTarget	1	442766
2213.915	0.8	NonTarget	1	442783
2213.995	0.8	NonTarget	1	442799
2214.08	0.8	Target	2	442816
2214.165	0.8	NonTarget	1	442833
2214.245	0.8	NonTarget	1	442849
2214.33	0.8	NonTarget	1	442866
2214.415	0.8	NonTarget	1	442883
2214.495	0.8	NonTarget	1	442899
2214.585	0.8	NonTarget	1	442917
2214.665	0.8	NonTarget	1	442933
2214.75	0.8	NonTarget	1	442950
2214.835	0.8	NonTarget	1	442967
2215.235	0.8	Target	2	443047
2215.315	0.8	NonTarget	1	443063
2215.4	0.8	NonTarget	1	443080
2215.485	0.8	NonTarget	1	443097
2215.565	0.8	NonTarget	1	443113
2215.65	0.8	NonTarget	1	443130
2215.735	0.8	NonTarget	1	443147
2215.82	0.8	NonTarget	1	443164
2215.9	0.8	NonTarget	1	443180
2215.985	0.8	NonTarget	1	443197
2216.07	0.8	NonTarget	1	443214
2216.15	0.8	NonTarget	1	443230
2216.235	0.8	NonTarget	1	443247
2216.32	0.8	NonTarget	1	443264
2216.4	0.8	NonTarget	1	443280
2216.485	0.8	NonTarget	1	443297
2216.57	0.8	NonTarget	1	443314
2216.65	0.8	NonTarget	1	443330
2216.735	0.8	NonTarget	1	443347
2216.82	0.8	NonTarget	1	443364
2216.9	0.8	NonTarget	1	443380
2216.985	0.8	NonTarget	1	443397
2217.07	0.8	NonTarget	1	443414
2217.15	0.8	NonTarget	1	443430
2217.235	0.8	NonTarget	1	443447
2217.32	0.8	NonTarget	1	443464
2217.4	0.8	NonTarget	1	443480
2217.485	0.8	NonTarget	1	443497
2217.57	0.8	NonTarget	1	443514
2217.655	0.8	NonTarget	1	443531
2218.055	0.8	NonTarget	1	443611
2218.135	0.8	NonTarget	1	443627
2218.22	0.8	NonTarget	1	443644
2218.305	0.8	NonTarget	1	443661
2218.385	0.8	NonTarget	1	443677
2218.47	0.8	NonTarget	1	443694
2218.555	0.8	NonTarget	1	443711
2218.635	0.8	NonTarget	1	443727
2218.72	0.8	NonTarget	1	443744
2218.805	0.8	NonTarget	1	443761
2218.89	0.8	Target	2	443778
2218.975	0.8	NonTarget	1	443795
2219.055	0.8	NonTarget	1	443811
2219.14	0.8	NonTarget	1	443828
2219.225	0.8	NonTarget	1	443845
2219.305	0.8	NonTarget	1	443861
2219.39	0.8	NonTarget	1	443878
2219.47	0.8	NonTarget	1	443894
2219.555	0.8	NonTarget	1	443911
2219.64	0.8	NonTarget	1	443928
2219.725	0.8	NonTarget	1	443945
2219.805	0.8	NonTarget	1	443961
2219.89	0.8	NonTarget	1	443978
2219.975	0.8	NonTarget	1	443995
2220.055	0.8	NonTarget	1	444011
2220.14	0.8	NonTarget	1	444028
2220.225	0.8	NonTarget	1	444045
2220.31	0.8	NonTarget	1	444062
2220.39	0.8	NonTarget	1	444078
2220.475	0.8	NonTarget	1	444095
2220.87	0.8	NonTarget	1	444174
2220.955	0.8	NonTarget	1	444191
2221.04	0.8	NonTarget	1	444208
2221.125	0.8	NonTarget	1	444225
2221.205	0.8	NonTarget	1	444241
2221.29	0.8	NonTarget	1	444258
2221.375	0.8	NonTarget	1	444275
2221.46	0.8	NonTarget	1	444292
2221.545	0.8	NonTarget	1	444309
2221.625	0.8	NonTarget	1	444325
2221.71	0.8	NonTarget	1	444342
2221.795	0.8	NonTarget	1	444359
2221.875	0.8	NonTarget	1	444375
2221.96	0.8	NonTarget	1	444392
2222.04	0.8	NonTarget	1	444408
2222.125	0.8	NonTarget	1	444425
2222.21	0.8	NonTarget	1	444442
2222.295	0.8	NonTarget	1	444459
2222.375	0.8	NonTarget	1	444475
2222.46	0.8	NonTarget	1	444492
2222.545	0.8	Target	2	444509
2222.625	0.8	NonTarget	1	444525
2222.71	0.8	NonTarget	1	444542
2222.795	0.8	NonTarget	1	444559
2222.875	0.8	NonTarget	1	444575
2222.96	0.8	NonTarget	1	444592
2223.045	0.8	NonTarget	1	444609
2223.125	0.8	NonTarget	1	444625
2223.21	0.8	NonTarget	1	444642
2223.295	0.8	NonTarget	1	444659
2223.695	0.8	NonTarget	1	444739
2223.78	0.8	NonTarget	1	444756
2223.86	0.8	NonTarget	1	444772
2223.945	0.8	NonTarget	1	444789
2224.03	0.8	NonTarget	1	444806
2224.11	0.8	NonTarget	1	444822
2224.195	0.8	NonTarget	1	444839
2224.28	0.8	NonTarget	1	444856
2224.365	0.8	NonTarget	1	444873
2224.445	0.8	NonTarget	1	444889
2224.53	0.8	NonTarget	1	444906
2224.615	0.8	NonTarget	1	444923
2224.695	0.8	NonTarget	1	444939
2224.78	0.8	NonTarget	1	444956
2224.865	0.8	NonTarget	1	444973
2224.95	0.8	NonTarget	1	444990
2225.03	0.8	NonTarget	1	445006
2225.115	0.8	NonTarget	1	445023
2225.195	0.8	NonTarget	1	445039
2225.28	0.8	NonTarget	1	445056
2225.365	0.8	Target	2	445073
2225.445	0.8	NonTarget	1	445089
2225.53	0.8	NonTarget	1	445106
2225.615	0.8	NonTarget	1	445123
2225.7	0.8	NonTarget	1	445140
2225.78	0.8	NonTarget	1	445156
2225.865	0.8	NonTarget	1	445173
2225.95	0.8	NonTarget	1	445190
2226.035	0.8	NonTarget	1	445207
2226.115	0.8	NonTarget	1	445223
2226.515	0.8	NonTarget	1	445303
2226.6	0.8	NonTarget	1	445320
2226.68	0.8	NonTarget	1	445336
2226.765	0.8	NonTarget	1	445353
2226.85	0.8	NonTarget	1	445370
2226.93	0.8	Target	2	445386
2227.015	0.8	NonTarget	1	445403
2227.1	0.8	NonTarget	1	445420
2227.185	0.8	NonTarget	1	445437
2227.27	0.8	NonTarget	1	445454
2227.35	0.8	NonTarget	1	445470
2227.43	0.8	NonTarget	1	445486
2227.515	0.8	NonTarget	1	445503
2227.6	0.8	NonTarget	1	445520
2227.685	0.8	NonTarget	1	445537
2227.77	0.8	NonTarget	1	445554
2227.85	0.8	NonTarget	1	445570
2227.935	0.8	NonTarget	1	445587
2228.015	0.8	NonTarget	1	445603
2228.105	0.8	NonTarget	1	445621
2228.185	0.8	NonTarget	1	445637
2228.27	0.8	NonTarget	1	445654
2228.35	0.8	NonTarget	1	445670
2228.435	0.8	NonTarget	1	445687
2228.52	0.8	NonTarget	1	445704
2228.6	0.8	NonTarget	1	445720
2228.685	0.8	NonTarget	1	445737
2228.77	0.8	NonTarget	1	445754
2228.85	0.8	NonTarget	1	445770
2228.935	0.8	NonTarget	1	445787
2229.335	0.8	NonTarget	1	445867
2229.42	0.8	NonTarget	1	445884
2229.505	0.8	NonTarget	1	445901
2229.585	0.8	NonTarget	1	445917
2229.67	0.8	NonTarget	1	445934
2229.755	0.8	NonTarget	1	445951
2229.835	0.8	NonTarget	1	445967
2229.92	0.8	NonTarget	1	445984
2230.005	0.8	NonTarget	1	446001
2230.085	0.8	NonTarget	1	446017
2230.17	0.8	NonTarget	1	446034
2230.255	0.8	NonTarget	1	446051
2230.34	0.8	NonTarget	1	446068
2230.42	0.8	NonTarget	1	446084
2230.505	0.8	NonTarget	1	446101
2230.59	0.8	Target	2	446118
2230.67	0.8	NonTarget	1	446134
2230.755	0.8	NonTarget	1	446151
2230.84	0.8	NonTarget	1	446168
2230.92	0.8	NonTarget	1	446184
2231.005	0.8	NonTarget	1	446201
2231.09	0.8	NonTarget	1	446218
2231.17	0.8	NonTarget	1	446234
2231.255	0.8	NonTarget	1	446251
2231.34	0.8	NonTarget	1	446268
2231.425	0.8	NonTarget	1	446285
2231.505	0.8	NonTarget	1	446301
2231.59	0.8	NonTarget	1	446318
2231.675	0.8	NonTarget	1	446335
2231.755	0.8	NonTarget	1	446351
2240.755	0.8	NonTarget	1	448151
2240.835	0.8	NonTarget	1	448167
2240.92	0.8	NonTarget	1	448184
2241.005	0.8	NonTarget	1	448201
2241.085	0.8	NonTarget	1	448217
2241.17	0.8	NonTarget	1	448234
2241.255	0.8	NonTarget	1	448251
2241.335	0.8	NonTarget	1	448267
2241.42	0.8	NonTarget	1	448284
2241.505	0.8	Target	2	448301
2241.59	0.8	NonTarget	1	448318
2241.67	0.8	NonTarget	1	448334
2241.755	0.8	NonTarget	1	448351
2241.835	0.8	NonTarget	1	448367
2241.92	0.8	NonTarget	1	448384
2242.005	0.8	NonTarget	1	448401
2242.085	0.8	NonTarget	1	448417
2242.17	0.8	NonTarget	1	448434
2242.255	0.8	NonTarget	1	448451
2242.34	0.8	NonTarget	1	448468
2242.425	0.8	NonTarget	1	448485
2242.505	0.8	NonTarget	1	448501
2242.59	0.8	NonTarget	1	448518
2242.675	0.8	NonTarget	1	448535
2242.755	0.8	NonTarget	1	448551
2242.84	0.8	NonTarget	1	448568
2242.92	0.8	NonTarget	1	448584
2243.005	0.8	NonTarget	1	448601
2243.09	0.8	NonTarget	1	448618
2243.175	0.8	NonTarget	1	448635
2243.575	0.8	NonTarget	1	448715
2243.655	0.8	NonTarget	1	448731
2243.74	0.8	NonTarget	1	448748
2243.825	0.8	NonTarget	1	448765
2243.905	0.8	NonTarget	1	448781
2243.99	0.8	NonTarget	1	448798
2244.07	0.8	NonTarget	1	448814
2244.155	0.8	NonTarget	1	448831
2244.24	0.8	NonTarget	1	448848
2244.32	0.8	NonTarget	1	448864
2244.405	0.8	NonTarget	1	448881
2244.49	0.8	NonTarget	1	448898
2244.575	0.8	NonTarget	1	448915
2244.66	0.8	NonTarget	1	448932
2244.74	0.8	NonTarget	1	448948
2244.825	0.8	NonTarget	1	448965
2244.91	0.8	NonTarget	1	448982
2244.99	0.8	NonTarget	1	448998
2245.075	0.8	NonTarget	1	449015
2245.16	0.8	Target	2	449032
2245.24	0.8	NonTarget	1	449048
2245.325	0.8	NonTarget	1	449065
2245.41	0.8	NonTarget	1	449082
2245.49	0.8	NonTarget	1	449098
2245.575	0.8	NonTarget	1	449115
2245.66	0.8	NonTarget	1	449132
2245.745	0.8	NonTarget	1	449149
2245.825	0.8	NonTarget	1	449165
2245.91	0.8	NonTarget	1	449182
2245.995	0.8	NonTarget	1	449199
2246.395	0.8	NonTarget	1	449279
2246.48	0.8	NonTarget	1	449296
2246.56	0.8	NonTarget	1	449312
2246.645	0.8	NonTarget	1	449329
2246.725	0.8	NonTarget	1	449345
2246.81	0.8	NonTarget	1	449362
2246.895	0.8	NonTarget	1	449379
2246.975	0.8	NonTarget	1	449395
2247.06	0.8	NonTarget	1	449412
2247.145	0.8	NonTarget	1	449429
2247.23	0.8	NonTarget	1	449446
2247.31	0.8	NonTarget	1	449462
2247.395	0.8	NonTarget	1	449479
2247.48	0.8	NonTarget	1	449496
2247.56	0.8	NonTarget	1	449512
2247.645	0.8	NonTarget	1	449529
2247.73	0.8	NonTarget	1	449546
2247.81	0.8	NonTarget	1	449562
2247.895	0.8	NonTarget	1	449579
2247.98	0.8	NonTarget	1	449596
2248.065	0.8	NonTarget	1	449613
2248.145	0.8	NonTarget	1	449629
2248.23	0.8	NonTarget	1	449646
2248.315	0.8	NonTarget	1	449663
2248.395	0.8	NonTarget	1	449679
2248.48	0.8	NonTarget	1	449696
2248.56	0.8	NonTarget	1	449712
2248.645	0.8	NonTarget	1	449729
2248.73	0.8	NonTarget	1	449746
2248.815	0.8	Target	2	449763
2249.21	0.8	NonTarget	1	449842
2249.295	0.8	NonTarget	1	449859
2249.38	0.8	NonTarget	1	449876
2249.465	0.8	NonTarget	1	449893
2249.55	0.8	NonTarget	1	449910
2249.63	0.8	NonTarget	1	449926
2249.715	0.8	NonTarget	1	449943
2249.8	0.8	NonTarget	1	449960
2249.88	0.8	NonTarget	1	449976
2249.965	0.8	NonTarget	1	449993
2250.05	0.8	NonTarget	1	450010
2250.13	0.8	NonTarget	1	450026
2250.215	0.8	NonTarget	1	450043
2250.3	0.8	NonTarget	1	450060
2250.385	0.8	NonTarget	1	450077
2250.465	0.8	NonTarget	1	450093
2250.55	0.8	NonTarget	1	450110
2250.63	0.8	NonTarget	1	450126
2250.715	0.8	NonTarget	1	450143
2250.8	0.8	NonTarget	1	450160
2250.885	0.8	NonTarget	1	450177
2250.965	0.8	NonTarget	1	450193
2251.05	0.8	NonTarget	1	450210
2251.135	0.8	NonTarget	1	450227
2251.22	0.8	Target	2	450244
2251.3	0.8	NonTarget	1	450260
2251.385	0.8	NonTarget	1	450277
2251.47	0.8	NonTarget	1	450294
2251.55	0.8	NonTarget	1	450310
2251.635	0.8	NonTarget	1	450327
2252.035	0.8	NonTarget	1	450407
2252.115	0.8	NonTarget	1	450423
2252.2	0.8	NonTarget	1	450440
2252.285	0.8	NonTarget	1	450457
2252.37	0.8	NonTarget	1	450474
2252.45	0.8	NonTarget	1	450490
2252.535	0.8	NonTarget	1	450507
2252.62	0.8	NonTarget	1	450524
2252.705	0.8	NonTarget	1	450541
2252.785	0.8	NonTarget	1	450557
2252.87	0.8	NonTarget	1	450574
2252.955	0.8	NonTarget	1	450591
2253.035	0.8	NonTarget	1	450607
2253.12	0.8	NonTarget	1	450624
2253.2	0.8	NonTarget	1	450640
2253.285	0.8	NonTarget	1	450657
2253.37	0.8	NonTarget	1	450674
2253.455	0.8	NonTarget	1	450691
2253.535	0.8	NonTarget	1	450707
2253.62	0.8	Target	2	450724
2253.705	0.8	NonTarget	1	450741
2253.79	0.8	NonTarget	1	450758
2253.87	0.8	NonTarget	1	450774
2253.955	0.8	NonTarget	1	450791
2254.035	0.8	NonTarget	1	450807
2254.12	0.8	NonTarget	1	450824
2254.205	0.8	NonTarget	1	450841
2254.285	0.8	NonTarget	1	450857
2254.37	0.8	NonTarget	1	450874
2254.455	0.8	NonTarget	1	450891
2254.855	0.8	NonTarget	1	450971
2254.94	0.8	NonTarget	1	450988
2255.02	0.8	NonTarget	1	451004
2255.105	0.8	NonTarget	1	451021
2255.19	0.8	NonTarget	1	451038
2255.27	0.8	NonTarget	1	451054
2255.355	0.8	NonTarget	1	451071
2255.44	0.8	NonTarget	1	451088
2255.525	0.8	NonTarget	1	451105
2255.605	0.8	NonTarget	1	451121
2255.69	0.8	NonTarget	1	451138
2255.77	0.8	NonTarget	1	451154
2255.855	0.8	NonTarget	1	451171
2255.94	0.8	NonTarget	1	451188
2256.025	0.8	Target	2	451205
2256.11	0.8	NonTarget	1	451222
2256.19	0.8	NonTarget	1	451238
2256.275	0.8	NonTarget	1	451255
2256.36	0.8	NonTarget	1	451272
2256.44	0.8	NonTarget	1	451288
2256.525	0.8	NonTarget	1	451305
2256.61	0.8	NonTarget	1	451322
2256.69	0.8	NonTarget	1	451338
2256.775	0.8	NonTarget	1	451355
2256.86	0.8	NonTarget	1	451372
2256.945	0.8	NonTarget	1	451389
2257.025	0.8	NonTarget	1	451405
2257.11	0.8	NonTarget	1	451422
2257.195	0.8	NonTarget	1	451439
2257.275	0.8	NonTarget	1	451455
2257.675	0.8	NonTarget	1	451535
2257.76	0.8	NonTarget	1	451552
2257.845	0.8	NonTarget	1	451569
2257.925	0.8	NonTarget	1	451585
2258.01	0.8	NonTarget	1	451602
2258.095	0.8	NonTarget	1	451619
2258.175	0.8	NonTarget	1	451635
2258.26	0.8	NonTarget	1	451652
2258.345	0.8	NonTarget	1	451669
2258.43	0.8	NonTarget	1	451686
2258.51	0.8	NonTarget	1	451702
2258.595	0.8	NonTarget	1	451719
2258.675	0.8	NonTarget	1	451735
2258.76	0.8	NonTarget	1	451752
2258.845	0.8	Target	2	451769
2258.925	0.8	NonTarget	1	451785
2259.01	0.8	NonTarget	1	451802
2259.095	0.8	NonTarget	1	451819
2259.18	0.8	NonTarget	1	451836
2259.26	0.8	NonTarget	1	451852
2259.345	0.8	NonTarget	1	451869
2259.43	0.8	NonTarget	1	451886
2259.515	0.8	NonTarget	1	451903
2259.595	0.8	NonTarget	1	451919
2259.68	0.8	NonTarget	1	451936
2259.765	0.8	NonTarget	1	451953
2259.845	0.8	NonTarget	1	451969
2259.93	0.8	NonTarget	1	451986
2260.015	0.8	NonTarget	1	452003
2260.095	0.8	NonTarget	1	452019
2260.495	0.8	NonTarget	1	452099
2260.58	0.8	NonTarget	1	452116
2260.665	0.8	NonTarget	1	452133
2260.75	0.8	NonTarget	1	452150
2260.83	0.8	NonTarget	1	452166
2260.915	0.8	NonTarget	1	452183
2260.995	0.8	NonTarget	1	452199
2261.08	0.8	NonTarget	1	452216
2261.165	0.8	NonTarget	1	452233
2261.245	0.8	NonTarget	1	452249
2261.33	0.8	NonTarget	1	452266
2261.415	0.8	NonTarget	1	452283
2261.495	0.8	NonTarget	1	452299
2261.58	0.8	NonTarget	1	452316
2261.665	0.8	Target	2	452333
2261.75	0.8	NonTarget	1	452350
2261.83	0.8	NonTarget	1	452366
2261.915	0.8	NonTarget	1	452383
2262.0	0.8	NonTarget	1	452400
2262.08	0.8	NonTarget	1	452416
2262.165	0.8	NonTarget	1	452433
2262.25	0.8	NonTarget	1	452450
2262.335	0.8	NonTarget	1	452467
2262.415	0.8	NonTarget	1	452483
2262.5	0.8	NonTarget	1	452500
2262.585	0.8	NonTarget	1	452517
2262.67	0.8	NonTarget	1	452534
2262.75	0.8	NonTarget	1	452550
2262.835	0.8	NonTarget	1	452567
2262.92	0.8	NonTarget	1	452584
2263.315	0.8	NonTarget	1	452663
2263.4	0.8	NonTarget	1	452680
2263.485	0.8	NonTarget	1	452697
2263.565	0.8	NonTarget	1	452713
2263.65	0.8	Target	2	452730
2263.735	0.8	NonTarget	1	452747
2263.82	0.8	NonTarget	1	452764
2263.9	0.8	NonTarget	1	452780
2263.985	0.8	NonTarget	1	452797
2264.07	0.8	NonTarget	1	452814
2264.155	0.8	NonTarget	1	452831
2264.235	0.8	NonTarget	1	452847
2264.32	0.8	NonTarget	1	452864
2264.4	0.8	NonTarget	1	452880
2264.485	0.8	NonTarget	1	452897
2264.57	0.8	NonTarget	1	452914
2264.655	0.8	NonTarget	1	452931
2264.735	0.8	NonTarget	1	452947
2264.82	0.8	NonTarget	1	452964
2264.905	0.8	NonTarget	1	452981
2264.985	0.8	NonTarget	1	452997
2265.07	0.8	NonTarget	1	453014
2265.155	0.8	NonTarget	1	453031
2265.235	0.8	NonTarget	1	453047
2265.32	0.8	NonTarget	1	453064
2265.405	0.8	NonTarget	1	453081
2265.485	0.8	NonTarget	1	453097
2265.57	0.8	NonTarget	1	453114
2265.655	0.8	NonTarget	1	453131
2265.74	0.8	NonTarget	1	453148
2266.14	0.8	NonTarget	1	453228
2266.22	0.8	NonTarget	1	453244
2266.305	0.8	NonTarget	1	453261
2266.39	0.8	NonTarget	1	453278
2266.47	0.8	NonTarget	1	453294
2266.555	0.8	NonTarget	1	453311
2266.64	0.8	NonTarget	1	453328
2266.72	0.8	NonTarget	1	453344
2266.805	0.8	NonTarget	1	453361
2266.89	0.8	NonTarget	1	453378
2266.97	0.8	NonTarget	1	453394
2267.055	0.8	NonTarget	1	453411
2267.14	0.8	NonTarget	1	453428
2267.225	0.8	NonTarget	1	453445
2267.31	0.8	NonTarget	1	453462
2267.39	0.8	NonTarget	1	453478
2267.475	0.8	NonTarget	1	453495
2267.56	0.8	NonTarget	1	453512
2267.64	0.8	NonTarget	1	453528
2267.725	0.8	Target	2	453545
2267.805	0.8	NonTarget	1	453561
2267.89	0.8	NonTarget	1	453578
2267.975	0.8	NonTarget	1	453595
2268.06	0.8	NonTarget	1	453612
2268.14	0.8	NonTarget	1	453628
2268.225	0.8	NonTarget	1	453645
2268.31	0.8	NonTarget	1	453662
2268.39	0.8	NonTarget	1	453678
2268.475	0.8	NonTarget	1	453695
2268.555	0.8	NonTarget	1	453711
2277.54	0.8	NonTarget	1	455508
2277.62	0.8	NonTarget	1	455524
2277.705	0.8	Target	2	455541
2277.79	0.8	NonTarget	1	455558
2277.87	0.8	NonTarget	1	455574
2277.955	0.8	NonTarget	1	455591
2278.04	0.8	NonTarget	1	455608
2278.12	0.8	NonTarget	1	455624
2278.205	0.8	NonTarget	1	455641
2278.29	0.8	NonTarget	1	455658
2278.37	0.8	NonTarget	1	455674
2278.455	0.8	NonTarget	1	455691
2278.54	0.8	NonTarget	1	455708
2278.625	0.8	NonTarget	1	455725
2278.705	0.8	NonTarget	1	455741
2278.79	0.8	NonTarget	1	455758
2278.875	0.8	NonTarget	1	455775
2278.955	0.8	NonTarget	1	455791
2279.04	0.8	NonTarget	1	455808
2279.125	0.8	NonTarget	1	455825
2279.205	0.8	NonTarget	1	455841
2279.29	0.8	NonTarget	1	455858
2279.375	0.8	NonTarget	1	455875
2279.46	0.8	NonTarget	1	455892
2279.54	0.8	NonTarget	1	455908
2279.625	0.8	NonTarget	1	455925
2279.71	0.8	NonTarget	1	455942
2279.79	0.8	NonTarget	1	455958
2279.875	0.8	NonTarget	1	455975
2279.955	0.8	NonTarget	1	455991
2280.36	0.8	NonTarget	1	456072
2280.44	0.8	NonTarget	1	456088
2280.525	0.8	NonTarget	1	456105
2280.61	0.8	NonTarget	1	456122
2280.695	0.8	NonTarget	1	456139
2280.775	0.8	NonTarget	1	456155
2280.86	0.8	NonTarget	1	456172
2280.945	0.8	NonTarget	1	456189
2281.025	0.8	NonTarget	1	456205
2281.11	0.8	NonTarget	1	456222
2281.195	0.8	NonTarget	1	456239
2281.275	0.8	NonTarget	1	456255
2281.36	0.8	Target	2	456272
2281.445	0.8	NonTarget	1	456289
2281.525	0.8	NonTarget	1	456305
2281.61	0.8	NonTarget	1	456322
2281.695	0.8	NonTarget	1	456339
2281.78	0.8	NonTarget	1	456356
2281.86	0.8	NonTarget	1	456372
2281.945	0.8	NonTarget	1	456389
2282.03	0.8	NonTarget	1	456406
2282.11	0.8	NonTarget	1	456422
2282.195	0.8	NonTarget	1	456439
2282.28	0.8	NonTarget	1	456456
2282.36	0.8	NonTarget	1	456472
2282.445	0.8	NonTarget	1	456489
2282.53	0.8	NonTarget	1	456506
2282.61	0.8	NonTarget	1	456522
2282.695	0.8	NonTarget	1	456539
2282.78	0.8	NonTarget	1	456556
2283.18	0.8	NonTarget	1	456636
2283.26	0.8	NonTarget	1	456652
2283.345	0.8	NonTarget	1	456669
2283.43	0.8	NonTarget	1	456686
2283.515	0.8	NonTarget	1	456703
2283.595	0.8	NonTarget	1	456719
2283.68	0.8	NonTarget	1	456736
2283.765	0.8	NonTarget	1	456753
2283.845	0.8	NonTarget	1	456769
2283.93	0.8	NonTarget	1	456786
2284.015	0.8	NonTarget	1	456803
2284.1	0.8	NonTarget	1	456820
2284.18	0.8	Target	2	456836
2284.265	0.8	NonTarget	1	456853
2284.35	0.8	NonTarget	1	456870
2284.43	0.8	NonTarget	1	456886
2284.515	0.8	NonTarget	1	456903
2284.6	0.8	NonTarget	1	456920
2284.68	0.8	NonTarget	1	456936
2284.765	0.8	NonTarget	1	456953
2284.85	0.8	NonTarget	1	456970
2284.93	0.8	NonTarget	1	456986
2285.015	0.8	NonTarget	1	457003
2285.1	0.8	NonTarget	1	457020
2285.18	0.8	NonTarget	1	457036
2285.265	0.8	NonTarget	1	457053
2285.35	0.8	NonTarget	1	457070
2285.435	0.8	NonTarget	1	457087
2285.515	0.8	NonTarget	1	457103
2285.6	0.8	NonTarget	1	457120
2286.0	0.8	NonTarget	1	457200
2286.085	0.8	NonTarget	1	457217
2286.165	0.8	NonTarget	1	457233
2286.25	0.8	NonTarget	1	457250
2286.335	0.8	NonTarget	1	457267
2286.415	0.8	NonTarget	1	457283
2286.5	0.8	NonTarget	1	457300
2286.585	0.8	NonTarget	1	457317
2286.665	0.8	NonTarget	1	457333
2286.75	0.8	NonTarget	1	457350
2286.835	0.8	NonTarget	1	457367
2286.915	0.8	NonTarget	1	457383
2287.0	0.8	NonTarget	1	457400
2287.085	0.8	NonTarget	1	457417
2287.17	0.8	NonTarget	1	457434
2287.25	0.8	NonTarget	1	457450
2287.335	0.8	NonTarget	1	457467
2287.42	0.8	Target	2	457484
2287.505	0.8	NonTarget	1	457501
2287.585	0.8	NonTarget	1	457517
2287.67	0.8	NonTarget	1	457534
2287.75	0.8	NonTarget	1	457550
2287.835	0.8	NonTarget	1	457567
2287.92	0.8	NonTarget	1	457584
2288.0	0.8	NonTarget	1	457600
2288.085	0.8	NonTarget	1	457617
2288.17	0.8	NonTarget	1	457634
2288.25	0.8	NonTarget	1	457650
2288.335	0.8	NonTarget	1	457667
2288.42	0.8	NonTarget	1	457684
2288.82	0.8	NonTarget	1	457764
2288.905	0.8	NonTarget	1	457781
2288.985	0.8	NonTarget	1	457797
2289.07	0.8	NonTarget	1	457814
2289.155	0.8	NonTarget	1	457831
2289.235	0.8	NonTarget	1	457847
2289.32	0.8	NonTarget	1	457864
2289.405	0.8	NonTarget	1	457881
2289.49	0.8	NonTarget	1	457898
2289.57	0.8	NonTarget	1	457914
2289.655	0.8	NonTarget	1	457931
2289.74	0.8	NonTarget	1	457948
2289.82	0.8	NonTarget	1	457964
2289.905	0.8	NonTarget	1	457981
2289.99	0.8	NonTarget	1	457998
2290.07	0.8	NonTarget	1	458014
2290.155	0.8	NonTarget	1	458031
2290.24	0.8	NonTarget	1	458048
2290.325	0.8	NonTarget	1	458065
2290.405	0.8	NonTarget	1	458081
2290.49	0.8	NonTarget	1	458098
2290.57	0.8	NonTarget	1	458114
2290.655	0.8	NonTarget	1	458131
2290.74	0.8	NonTarget	1	458148
2290.825	0.8	NonTarget	1	458165
2290.905	0.8	NonTarget	1	458181
2290.99	0.8	NonTarget	1	458198
2291.075	0.8	Target	2	458215
2291.155	0.8	NonTarget	1	458231
2291.24	0.8	NonTarget	1	458248
2291.64	0.8	NonTarget	1	458328
2291.725	0.8	NonTarget	1	458345
2291.805	0.8	NonTarget	1	458361
2291.89	0.8	NonTarget	1	458378
2291.975	0.8	NonTarget	1	458395
2292.06	0.8	NonTarget	1	458412
2292.14	0.8	NonTarget	1	458428
2292.225	0.8	NonTarget	1	458445
2292.31	0.8	NonTarget	1	458462
2292.39	0.8	NonTarget	1	458478
2292.475	0.8	NonTarget	1	458495
2292.56	0.8	NonTarget	1	458512
2292.64	0.8	NonTarget	1	458528
2292.725	0.8	NonTarget	1	458545
2292.805	0.8	NonTarget	1	458561
2292.895	0.8	NonTarget	1	458579
2292.975	0.8	NonTarget	1	458595
2293.06	0.8	NonTarget	1	458612
2293.145	0.8	NonTarget	1	458629
2293.225	0.8	NonTarget	1	458645
2293.31	0.8	NonTarget	1	458662
2293.395	0.8	NonTarget	1	458679
2293.475	0.8	NonTarget	1	458695
2293.56	0.8	NonTarget	1	458712
2293.645	0.8	NonTarget	1	458729
2293.725	0.8	NonTarget	1	458745
2293.81	0.8	NonTarget	1	458762
2293.895	0.8	Target	2	458779
2293.975	0.8	NonTarget	1	458795
2294.06	0.8	NonTarget	1	458812
2294.46	0.8	NonTarget	1	458892
2294.545	0.8	NonTarget	1	458909
2294.63	0.8	NonTarget	1	458926
2294.715	0.8	NonTarget	1	458943
2294.795	0.8	NonTarget	1	458959
2294.88	0.8	NonTarget	1	458976
2294.96	0.8	NonTarget	1	458992
2295.045	0.8	Target	2	459009
2295.13	0.8	NonTarget	1	459026
2295.21	0.8	NonTarget	1	459042
2295.295	0.8	NonTarget	1	459059
2295.38	0.8	NonTarget	1	459076
2295.465	0.8	NonTarget	1	459093
2295.55	0.8	NonTarget	1	459110
2295.63	0.8	NonTarget	1	459126
2295.715	0.8	NonTarget	1	459143
2295.8	0.8	NonTarget	1	459160
2295.88	0.8	NonTarget	1	459176
2295.965	0.8	NonTarget	1	459193
2296.05	0.8	NonTarget	1	459210
2296.13	0.8	NonTarget	1	459226
2296.215	0.8	NonTarget	1	459243
2296.295	0.8	NonTarget	1	459259
2296.38	0.8	NonTarget	1	459276
2296.465	0.8	NonTarget	1	459293
2296.55	0.8	NonTarget	1	459310
2296.635	0.8	NonTarget	1	459327
2296.715	0.8	NonTarget	1	459343
2296.8	0.8	NonTarget	1	459360
2296.88	0.8	NonTarget	1	459376
2297.285	0.8	NonTarget	1	459457
2297.365	0.8	NonTarget	1	459473
2297.45	0.8	NonTarget	1	459490
2297.535	0.8	NonTarget	1	459507
2297.615	0.8	NonTarget	1	459523
2297.7	0.8	NonTarget	1	459540
2297.785	0.8	NonTarget	1	459557
2297.865	0.8	NonTarget	1	459573
2297.955	0.8	NonTarget	1	459591
2298.035	0.8	NonTarget	1	459607
2298.115	0.8	NonTarget	1	459623
2298.2	0.8	NonTarget	1	459640
2298.285	0.8	NonTarget	1	459657
2298.365	0.8	NonTarget	1	459673
2298.45	0.8	NonTarget	1	459690
2298.535	0.8	NonTarget	1	459707
2298.615	0.8	NonTarget	1	459723
2298.7	0.8	Target	2	459740
2298.785	0.8	NonTarget	1	459757
2298.87	0.8	NonTarget	1	459774
2298.95	0.8	NonTarget	1	459790
2299.035	0.8	NonTarget	1	459807
2299.12	0.8	NonTarget	1	459824
2299.2	0.8	NonTarget	1	459840
2299.285	0.8	NonTarget	1	459857
2299.37	0.8	NonTarget	1	459874
2299.45	0.8	NonTarget	1	459890
2299.535	0.8	NonTarget	1	459907
2299.62	0.8	NonTarget	1	459924
2299.7	0.8	NonTarget	1	459940
2300.1	0.8	NonTarget	1	460020
2300.185	0.8	NonTarget	1	460037
2300.27	0.8	NonTarget	1	460054
2300.355	0.8	NonTarget	1	460071
2300.435	0.8	NonTarget	1	460087
2300.52	0.8	NonTarget	1	460104
2300.605	0.8	NonTarget	1	460121
2300.685	0.8	NonTarget	1	460137
2300.77	0.8	NonTarget	1	460154
2300.855	0.8	NonTarget	1	460171
2300.94	0.8	NonTarget	1	460188
2301.02	0.8	NonTarget	1	460204
2301.105	0.8	NonTarget	1	460221
2301.19	0.8	NonTarget	1	460238
2301.275	0.8	NonTarget	1	460255
2301.355	0.8	NonTarget	1	460271
2301.435	0.8	NonTarget	1	460287
2301.52	0.8	NonTarget	1	460304
2301.605	0.8	NonTarget	1	460321
2301.69	0.8	NonTarget	1	460338
2301.77	0.8	NonTarget	1	460354
2301.855	0.8	NonTarget	1	460371
2301.94	0.8	NonTarget	1	460388
2302.025	0.8	NonTarget	1	460405
2302.105	0.8	NonTarget	1	460421
2302.19	0.8	NonTarget	1	460438
2302.275	0.8	NonTarget	1	460455
2302.355	0.8	Target	2	460471
2302.44	0.8	NonTarget	1	460488
2302.52	0.8	NonTarget	1	460504
2302.925	0.8	NonTarget	1	460585
2303.01	0.8	NonTarget	1	460602
2303.09	0.8	NonTarget	1	460618
2303.175	0.8	NonTarget	1	460635
2303.26	0.8	NonTarget	1	460652
2303.34	0.8	NonTarget	1	460668
2303.425	0.8	NonTarget	1	460685
2303.51	0.8	NonTarget	1	460702
2303.59	0.8	NonTarget	1	460718
2303.675	0.8	NonTarget	1	460735
2303.755	0.8	NonTarget	1	460751
2303.84	0.8	NonTarget	1	460768
2303.925	0.8	Target	2	460785
2304.01	0.8	NonTarget	1	460802
2304.09	0.8	NonTarget	1	460818
2304.175	0.8	NonTarget	1	460835
2304.26	0.8	NonTarget	1	460852
2304.345	0.8	NonTarget	1	460869
2304.43	0.8	NonTarget	1	460886
2304.51	0.8	NonTarget	1	460902
2304.595	0.8	NonTarget	1	460919
2304.675	0.8	NonTarget	1	460935
2304.76	0.8	NonTarget	1	460952
2304.845	0.8	NonTarget	1	460969
2304.925	0.8	NonTarget	1	460985
2305.01	0.8	NonTarget	1	461002
2305.095	0.8	NonTarget	1	461019
2305.175	0.8	NonTarget	1	461035
2305.26	0.8	NonTarget	1	461052
2305.345	0.8	NonTarget	1	461069
2314.375	0.8	NonTarget	1	462875
2314.46	0.8	NonTarget	1	462892
2314.54	0.8	NonTarget	1	462908
2314.625	0.8	NonTarget	1	462925
2314.705	0.8	NonTarget	1	462941
2314.79	0.8	NonTarget	1	462958
2314.87	0.8	NonTarget	1	462974
2314.955	0.8	NonTarget	1	462991
2315.04	0.8	NonTarget	1	463008
2315.125	0.8	NonTarget	1	463025
2315.205	0.8	NonTarget	1	463041
2315.29	0.8	NonTarget	1	463058
2315.375	0.8	NonTarget	1	463075
2315.46	0.8	NonTarget	1	463092
2315.54	0.8	NonTarget	1	463108
2315.625	0.8	NonTarget	1	463125
2315.71	0.8	NonTarget	1	463142
2315.79	0.8	NonTarget	1	463158
2315.875	0.8	NonTarget	1	463175
2315.955	0.8	NonTarget	1	463191
2316.045	0.8	NonTarget	1	463209
2316.125	0.8	NonTarget	1	463225
2316.21	0.8	NonTarget	1	463242
2316.29	0.8	Target	2	463258
2316.375	0.8	NonTarget	1	463275
2316.46	0.8	NonTarget	1	463292
2316.545	0.8	NonTarget	1	463309
2316.63	0.8	NonTarget	1	463326
2316.71	0.8	NonTarget	1	463342
2316.795	0.8	NonTarget	1	463359
2317.195	0.8	NonTarget	1	463439
2317.275	0.8	NonTarget	1	463455
2317.36	0.8	NonTarget	1	463472
2317.445	0.8	NonTarget	1	463489
2317.525	0.8	NonTarget	1	463505
2317.61	0.8	NonTarget	1	463522
2317.695	0.8	NonTarget	1	463539
2317.78	0.8	NonTarget	1	463556
2317.86	0.8	NonTarget	1	463572
2317.945	0.8	NonTarget	1	463589
2318.03	0.8	NonTarget	1	463606
2318.115	0.8	NonTarget	1	463623
2318.195	0.8	NonTarget	1	463639
2318.28	0.8	NonTarget	1	463656
2318.36	0.8	NonTarget	1	463672
2318.445	0.8	NonTarget	1	463689
2318.53	0.8	NonTarget	1	463706
2318.61	0.8	NonTarget	1	463722
2318.695	0.8	NonTarget	1	463739
2318.78	0.8	NonTarget	1	463756
2318.86	0.8	NonTarget	1	463772
2318.945	0.8	NonTarget	1	463789
2319.03	0.8	NonTarget	1	463806
2319.115	0.8	Target	2	463823
2319.195	0.8	NonTarget	1	463839
2319.28	0.8	NonTarget	1	463856
2319.365	0.8	NonTarget	1	463873
2319.445	0.8	NonTarget	1	463889
2319.53	0.8	NonTarget	1	463906
2319.615	0.8	NonTarget	1	463923
2320.015	0.8	NonTarget	1	464003
2320.1	0.8	NonTarget	1	464020
2320.18	0.8	NonTarget	1	464036
2320.265	0.8	NonTarget	1	464053
2320.35	0.8	NonTarget	1	464070
2320.43	0.8	NonTarget	1	464086
2320.515	0.8	NonTarget	1	464103
2320.6	0.8	NonTarget	1	464120
2320.68	0.8	NonTarget	1	464136
2320.765	0.8	NonTarget	1	464153
2320.845	0.8	NonTarget	1	464169
2320.93	0.8	NonTarget	1	464186
2321.015	0.8	NonTarget	1	464203
2321.1	0.8	NonTarget	1	464220
2321.18	0.8	NonTarget	1	464236
2321.265	0.8	NonTarget	1	464253
2321.35	0.8	NonTarget	1	464270
2321.435	0.8	NonTarget	1	464287
2321.515	0.8	NonTarget	1	464303
2321.6	0.8	NonTarget	1	464320
2321.685	0.8	NonTarget	1	464337
2321.765	0.8	NonTarget	1	464353
2321.85	0.8	NonTarget	1	464370
2321.935	0.8	Target	2	464387
2322.015	0.8	NonTarget	1	464403
2322.1	0.8	NonTarget	1	464420
2322.185	0.8	NonTarget	1	464437
2322.27	0.8	NonTarget	1	464454
2322.35	0.8	NonTarget	1	464470
2322.435	0.8	NonTarget	1	464487
2322.835	0.8	NonTarget	1	464567
2322.915	0.8	NonTarget	1	464583
2323.005	0.8	NonTarget	1	464601
2323.085	0.8	NonTarget	1	464617
2323.17	0.8	NonTarget	1	464634
2323.25	0.8	NonTarget	1	464650
2323.335	0.8	NonTarget	1	464667
2323.42	0.8	NonTarget	1	464684
2323.505	0.8	NonTarget	1	464701
2323.585	0.8	NonTarget	1	464717
2323.67	0.8	NonTarget	1	464734
2323.755	0.8	NonTarget	1	464751
2323.835	0.8	NonTarget	1	464767
2323.92	0.8	NonTarget	1	464784
2324.005	0.8	NonTarget	1	464801
2324.085	0.8	NonTarget	1	464817
2324.17	0.8	NonTarget	1	464834
2324.25	0.8	NonTarget	1	464850
2324.335	0.8	NonTarget	1	464867
2324.42	0.8	NonTarget	1	464884
2324.505	0.8	NonTarget	1	464901
2324.59	0.8	NonTarget	1	464918
2324.67	0.8	NonTarget	1	464934
2324.755	0.8	NonTarget	1	464951
2324.84	0.8	NonTarget	1	464968
2324.92	0.8	NonTarget	1	464984
2325.005	0.8	NonTarget	1	465001
2325.085	0.8	NonTarget	1	465017
2325.17	0.8	Target	2	465034
2325.255	0.8	NonTarget	1	465051
2325.655	0.8	NonTarget	1	465131
2325.74	0.8	NonTarget	1	465148
2325.825	0.8	NonTarget	1	465165
2325.905	0.8	NonTarget	1	465181
2325.99	0.8	NonTarget	1	465198
2326.07	0.8	NonTarget	1	465214
2326.155	0.8	NonTarget	1	465231
2326.24	0.8	NonTarget	1	465248
2326.325	0.8	NonTarget	1	465265
2326.405	0.8	NonTarget	1	465281
2326.49	0.8	NonTarget	1	465298
2326.575	0.8	NonTarget	1	465315
2326.655	0.8	NonTarget	1	465331
2326.74	0.8	NonTarget	1	465348
2326.825	0.8	NonTarget	1	465365
2326.91	0.8	NonTarget	1	465382
2326.99	0.8	NonTarget	1	465398
2327.075	0.8	NonTarget	1	465415
2327.16	0.8	Target	2	465432
2327.24	0.8	NonTarget	1	465448
2327.325	0.8	NonTarget	1	465465
2327.405	0.8	NonTarget	1	465481
2327.49	0.8	NonTarget	1	465498
2327.575	0.8	NonTarget	1	465515
2327.66	0.8	NonTarget	1	465532
2327.745	0.8	NonTarget	1	465549
2327.825	0.8	NonTarget	1	465565
2327.91	0.8	NonTarget	1	465582
2327.995	0.8	NonTarget	1	465599
2328.075	0.8	NonTarget	1	465615
2328.475	0.8	NonTarget	1	465695
2328.56	0.8	NonTarget	1	465712
2328.645	0.8	NonTarget	1	465729
2328.725	0.8	Target	2	465745
2328.81	0.8	NonTarget	1	465762
2328.895	0.8	NonTarget	1	465779
2328.975	0.8	NonTarget	1	465795
2329.06	0.8	NonTarget	1	465812
2329.145	0.8	NonTarget	1	465829
2329.23	0.8	NonTarget	1	465846
2329.31	0.8	NonTarget	1	465862
2329.395	0.8	NonTarget	1	465879
2329.475	0.8	NonTarget	1	465895
2329.56	0.8	NonTarget	1	465912
2329.645	0.8	NonTarget	1	465929
2329.73	0.8	NonTarget	1	465946
2329.81	0.8	NonTarget	1	465962
2329.895	0.8	NonTarget	1	465979
2329.98	0.8	NonTarget	1	465996
2330.06	0.8	NonTarget	1	466012
2330.145	0.8	NonTarget	1	466029
2330.23	0.8	NonTarget	1	466046
2330.315	0.8	NonTarget	1	466063
2330.395	0.8	NonTarget	1	466079
2330.48	0.8	NonTarget	1	466096
2330.56	0.8	NonTarget	1	466112
2330.645	0.8	NonTarget	1	466129
2330.73	0.8	NonTarget	1	466146
2330.815	0.8	NonTarget	1	466163
2330.9	0.8	NonTarget	1	466180
2331.295	0.8	NonTarget	1	466259
2331.38	0.8	NonTarget	1	466276
2331.465	0.8	NonTarget	1	466293
2331.55	0.8	NonTarget	1	466310
2331.63	0.8	NonTarget	1	466326
2331.715	0.8	NonTarget	1	466343
2331.8	0.8	NonTarget	1	466360
2331.88	0.8	NonTarget	1	466376
2331.965	0.8	NonTarget	1	466393
2332.05	0.8	NonTarget	1	466410
2332.135	0.8	NonTarget	1	466427
2332.215	0.8	NonTarget	1	466443
2332.3	0.8	NonTarget	1	466460
2332.385	0.8	NonTarget	1	466477
2332.465	0.8	NonTarget	1	466493
2332.55	0.8	NonTarget	1	466510
2332.63	0.8	NonTarget	1	466526
2332.715	0.8	NonTarget	1	466543
2332.8	0.8	Target	2	466560
2332.88	0.8	NonTarget	1	466576
2332.965	0.8	NonTarget	1	466593
2333.05	0.8	NonTarget	1	466610
2333.13	0.8	NonTarget	1	466626
2333.22	0.8	NonTarget	1	466644
2333.3	0.8	NonTarget	1	466660
2333.385	0.8	NonTarget	1	466677
2333.47	0.8	NonTarget	1	466694
2333.55	0.8	NonTarget	1	466710
2333.635	0.8	NonTarget	1	466727
2333.715	0.8	NonTarget	1	466743
2334.115	0.8	NonTarget	1	466823
2334.2	0.8	NonTarget	1	466840
2334.285	0.8	NonTarget	1	466857
2334.37	0.8	Target	2	466874
2334.45	0.8	NonTarget	1	466890
2334.535	0.8	NonTarget	1	466907
2334.62	0.8	NonTarget	1	466924
2334.7	0.8	NonTarget	1	466940
2334.785	0.8	NonTarget	1	466957
2334.87	0.8	NonTarget	1	466974
2334.955	0.8	NonTarget	1	466991
2335.035	0.8	NonTarget	1	467007
2335.12	0.8	NonTarget	1	467024
2335.205	0.8	NonTarget	1	467041
2335.285	0.8	NonTarget	1	467057
2335.37	0.8	NonTarget	1	467074
2335.455	0.8	NonTarget	1	467091
2335.535	0.8	NonTarget	1	467107
2335.62	0.8	NonTarget	1	467124
2335.705	0.8	NonTarget	1	467141
2335.785	0.8	NonTarget	1	467157
2335.87	0.8	NonTarget	1	467174
2335.955	0.8	NonTarget	1	467191
2336.035	0.8	NonTarget	1	467207
2336.12	0.8	NonTarget	1	467224
2336.205	0.8	NonTarget	1	467241
2336.285	0.8	NonTarget	1	467257
2336.37	0.8	NonTarget	1	467274
2336.455	0.8	NonTarget	1	467291
2336.54	0.8	NonTarget	1	467308
2336.94	0.8	NonTarget	1	467388
2337.02	0.8	NonTarget	1	467404
2337.105	0.8	NonTarget	1	467421
2337.19	0.8	NonTarget	1	467438
2337.275	0.8	NonTarget	1	467455
2337.355	0.8	NonTarget	1	467471
2337.44	0.8	NonTarget	1	467488
2337.525	0.8	NonTarget	1	467505
2337.605	0.8	NonTarget	1	467521
2337.69	0.8	NonTarget	1	467538
2337.77	0.8	NonTarget	1	467554
2337.855	0.8	NonTarget	1	467571
2337.94	0.8	NonTarget	1	467588
2338.025	0.8	NonTarget	1	467605
2338.105	0.8	NonTarget	1	467621
2338.19	0.8	NonTarget	1	467638
2338.275	0.8	NonTarget	1	467655
2338.355	0.8	NonTarget	1	467671
2338.44	0.8	NonTarget	1	467688
2338.525	0.8	NonTarget	1	467705
2338.61	0.8	NonTarget	1	467722
2338.69	0.8	NonTarget	1	467738
2338.775	0.8	NonTarget	1	467755
2338.86	0.8	Target	2	467772
2338.94	0.8	NonTarget	1	467788
2339.025	0.8	NonTarget	1	467805
2339.11	0.8	NonTarget	1	467822
2339.19	0.8	NonTarget	1	467838
2339.275	0.8	NonTarget	1	467855
2339.36	0.8	NonTarget	1	467872
2339.76	0.8	NonTarget	1	467952
2339.84	0.8	NonTarget	1	467968
2339.925	0.8	NonTarget	1	467985
2340.01	0.8	NonTarget	1	468002
2340.095	0.8	NonTarget	1	468019
2340.175	0.8	NonTarget	1	468035
2340.26	0.8	NonTarget	1	468052
2340.345	0.8	NonTarget	1	468069
2340.43	0.8	NonTarget	1	468086
2340.51	0.8	NonTarget	1	468102
2340.595	0.8	NonTarget	1	468119
2340.675	0.8	NonTarget	1	468135
2340.76	0.8	NonTarget	1	468152
2340.845	0.8	NonTarget	1	468169
2340.925	0.8	NonTarget	1	468185
2341.01	0.8	NonTarget	1	468202
2341.095	0.8	NonTarget	1	468219
2341.175	0.8	NonTarget	1	468235
2341.26	0.8	Target	2	468252
2341.345	0.8	NonTarget	1	468269
2341.43	0.8	NonTarget	1	468286
2341.51	0.8	NonTarget	1	468302
2341.595	0.8	NonTarget	1	468319
2341.68	0.8	NonTarget	1	468336
2341.76	0.8	NonTarget	1	468352
2341.845	0.8	NonTarget	1	468369
2341.925	0.8	NonTarget	1	468385
2342.01	0.8	NonTarget	1	468402
2342.1	0.8	NonTarget	1	468420
2342.18	0.8	NonTarget	1	468436
2351.195	0.8	NonTarget	1	470239
2351.275	0.8	NonTarget	1	470255
2351.36	0.8	NonTarget	1	470272
2351.44	0.8	NonTarget	1	470288
2351.525	0.8	NonTarget	1	470305
2351.61	0.8	NonTarget	1	470322
2351.695	0.8	NonTarget	1	470339
2351.775	0.8	NonTarget	1	470355
2351.86	0.8	NonTarget	1	470372
2351.945	0.8	NonTarget	1	470389
2352.025	0.8	NonTarget	1	470405
2352.11	0.8	NonTarget	1	470422
2352.195	0.8	NonTarget	1	470439
2352.275	0.8	NonTarget	1	470455
2352.36	0.8	NonTarget	1	470472
2352.44	0.8	NonTarget	1	470488
2352.525	0.8	NonTarget	1	470505
2352.61	0.8	NonTarget	1	470522
2352.695	0.8	NonTarget	1	470539
2352.78	0.8	NonTarget	1	470556
2352.86	0.8	NonTarget	1	470572
2352.945	0.8	NonTarget	1	470589
2353.03	0.8	NonTarget	1	470606
2353.115	0.8	NonTarget	1	470623
2353.195	0.8	Target	2	470639
2353.28	0.8	NonTarget	1	470656
2353.36	0.8	NonTarget	1	470672
2353.445	0.8	NonTarget	1	470689
2353.53	0.8	NonTarget	1	470706
2353.61	0.8	NonTarget	1	470722
2354.015	0.8	NonTarget	1	470803
2354.095	0.8	NonTarget	1	470819
2354.18	0.8	NonTarget	1	470836
2354.265	0.8	NonTarget	1	470853
2354.345	0.8	NonTarget	1	470869
2354.43	0.8	NonTarget	1	470886
2354.515	0.8	NonTarget	1	470903
2354.595	0.8	NonTarget	1	470919
2354.68	0.8	NonTarget	1	470936
2354.76	0.8	NonTarget	1	470952
2354.845	0.8	NonTarget	1	470969
2354.93	0.8	NonTarget	1	470986
2355.015	0.8	NonTarget	1	471003
2355.1	0.8	NonTarget	1	471020
2355.185	0.8	NonTarget	1	471037
2355.265	0.8	NonTarget	1	471053
2355.345	0.8	NonTarget	1	471069
2355.435	0.8	NonTarget	1	471087
2355.515	0.8	NonTarget	1	471103
2355.6	0.8	NonTarget	1	471120
2355.68	0.8	NonTarget	1	471136
2355.765	0.8	NonTarget	1	471153
2355.85	0.8	NonTarget	1	471170
2355.93	0.8	NonTarget	1	471186
2356.015	0.8	NonTarget	1	471203
2356.1	0.8	NonTarget	1	471220
2356.185	0.8	NonTarget	1	471237
2356.27	0.8	NonTarget	1	471254
2356.35	0.8	NonTarget	1	471270
2356.435	0.8	Target	2	471287
2356.835	0.8	NonTarget	1	471367
2356.915	0.8	NonTarget	1	471383
2357.0	0.8	NonTarget	1	471400
2357.085	0.8	NonTarget	1	471417
2357.165	0.8	NonTarget	1	471433
2357.25	0.8	NonTarget	1	471450
2357.335	0.8	NonTarget	1	471467
2357.42	0.8	NonTarget	1	471484
2357.5	0.8	NonTarget	1	471500
2357.585	0.8	NonTarget	1	471517
2357.67	0.8	NonTarget	1	471534
2357.75	0.8	NonTarget	1	471550
2357.835	0.8	NonTarget	1	471567
2357.92	0.8	NonTarget	1	471584
2358.0	0.8	NonTarget	1	471600
2358.085	0.8	NonTarget	1	471617
2358.17	0.8	NonTarget	1	471634
2358.25	0.8	NonTarget	1	471650
2358.335	0.8	NonTarget	1	471667
2358.42	0.8	NonTarget	1	471684
2358.505	0.8	NonTarget	1	471701
2358.585	0.8	NonTarget	1	471717
2358.67	0.8	NonTarget	1	471734
2358.755	0.8	NonTarget	1	471751
2358.84	0.8	Target	2	471768
2358.92	0.8	NonTarget	1	471784
2359.005	0.8	NonTarget	1	471801
2359.085	0.8	NonTarget	1	471817
2359.17	0.8	NonTarget	1	471834
2359.255	0.8	NonTarget	1	471851
2359.655	0.8	NonTarget	1	471931
2359.735	0.8	NonTarget	1	471947
2359.82	0.8	NonTarget	1	471964
2359.905	0.8	NonTarget	1	471981
2359.99	0.8	NonTarget	1	471998
2360.07	0.8	NonTarget	1	472014
2360.155	0.8	NonTarget	1	472031
2360.24	0.8	NonTarget	1	472048
2360.32	0.8	NonTarget	1	472064
2360.405	0.8	NonTarget	1	472081
2360.49	0.8	NonTarget	1	472098
2360.57	0.8	NonTarget	1	472114
2360.655	0.8	NonTarget	1	472131
2360.74	0.8	NonTarget	1	472148
2360.82	0.8	NonTarget	1	472164
2360.905	0.8	NonTarget	1	472181
2360.99	0.8	NonTarget	1	472198
2361.075	0.8	NonTarget	1	472215
2361.155	0.8	NonTarget	1	472231
2361.24	0.8	Target	2	472248
2361.32	0.8	NonTarget	1	472264
2361.405	0.8	NonTarget	1	472281
2361.49	0.8	NonTarget	1	472298
2361.575	0.8	NonTarget	1	472315
2361.655	0.8	NonTarget	1	472331
2361.74	0.8	NonTarget	1	472348
2361.825	0.8	NonTarget	1	472365
2361.905	0.8	NonTarget	1	472381
2361.99	0.8	NonTarget	1	472398
2362.075	0.8	NonTarget	1	472415
2362.475	0.8	NonTarget	1	472495
2362.56	0.8	NonTarget	1	472512
2362.64	0.8	NonTarget	1	472528
2362.725	0.8	NonTarget	1	472545
2362.805	0.8	NonTarget	1	472561
2362.89	0.8	NonTarget	1	472578
2362.975	0.8	NonTarget	1	472595
2363.06	0.8	NonTarget	1	472612
2363.14	0.8	NonTarget	1	472628
2363.225	0.8	NonTarget	1	472645
2363.31	0.8	NonTarget	1	472662
2363.39	0.8	NonTarget	1	472678
2363.475	0.8	NonTarget	1	472695
2363.56	0.8	NonTarget	1	472712
2363.64	0.8	NonTarget	1	472728
2363.725	0.8	NonTarget	1	472745
2363.81	0.8	NonTarget	1	472762
2363.895	0.8	NonTarget	1	472779
2363.975	0.8	NonTarget	1	472795
2364.06	0.8	Target	2	472812
2364.145	0.8	NonTarget	1	472829
2364.225	0.8	NonTarget	1	472845
2364.31	0.8	NonTarget	1	472862
2364.395	0.8	NonTarget	1	472879
2364.475	0.8	NonTarget	1	472895
2364.56	0.8	NonTarget	1	472912
2364.645	0.8	NonTarget	1	472929
2364.725	0.8	NonTarget	1	472945
2364.81	0.8	NonTarget	1	472962
2364.895	0.8	NonTarget	1	472979
2365.3	0.8	NonTarget	1	473060
2365.38	0.8	NonTarget	1	473076
2365.46	0.8	NonTarget	1	473092
2365.545	0.8	NonTarget	1	473109
2365.63	0.8	Target	2	473126
2365.71	0.8	NonTarget	1	473142
2365.795	0.8	NonTarget	1	473159
2365.88	0.8	NonTarget	1	473176
2365.965	0.8	NonTarget	1	473193
2366.045	0.8	NonTarget	1	473209
2366.13	0.8	NonTarget	1	473226
2366.21	0.8	NonTarget	1	473242
2366.3	0.8	NonTarget	1	473260
2366.38	0.8	NonTarget	1	473276
2366.465	0.8	NonTarget	1	473293
2366.55	0.8	NonTarget	1	473310
2366.63	0.8	NonTarget	1	473326
2366.715	0.8	NonTarget	1	473343
2366.795	0.8	NonTarget	1	473359
2366.88	0.8	NonTarget	1	473376
2366.965	0.8	NonTarget	1	473393
2367.045	0.8	NonTarget	1	473409
2367.13	0.8	NonTarget	1	473426
2367.215	0.8	NonTarget	1	473443
2367.3	0.8	NonTarget	1	473460
2367.38	0.8	NonTarget	1	473476
2367.465	0.8	NonTarget	1	473493
2367.55	0.8	NonTarget	1	473510
2367.635	0.8	NonTarget	1	473527
2367.715	0.8	NonTarget	1	473543
2368.115	0.8	NonTarget	1	473623
2368.2	0.8	NonTarget	1	473640
2368.28	0.8	NonTarget	1	473656
2368.365	0.8	NonTarget	1	473673
2368.45	0.8	NonTarget	1	473690
2368.535	0.8	NonTarget	1	473707
2368.615	0.8	NonTarget	1	473723
2368.7	0.8	NonTarget	1	473740
2368.785	0.8	NonTarget	1	473757
2368.87	0.8	Target	2	473774
2368.95	0.8	NonTarget	1	473790
2369.035	0.8	NonTarget	1	473807
2369.12	0.8	NonTarget	1	473824
2369.2	0.8	NonTarget	1	473840
2369.285	0.8	NonTarget	1	473857
2369.37	0.8	NonTarget	1	473874
2369.45	0.8	NonTarget	1	473890
2369.535	0.8	NonTarget	1	473907
2369.62	0.8	NonTarget	1	473924
2369.7	0.8	NonTarget	1	473940
2369.785	0.8	NonTarget	1	473957
2369.87	0.8	NonTarget	1	473974
2369.95	0.8	NonTarget	1	473990
2370.035	0.8	NonTarget	1	474007
2370.12	0.8	NonTarget	1	474024
2370.2	0.8	NonTarget	1	474040
2370.285	0.8	NonTarget	1	474057
2370.37	0.8	NonTarget	1	474074
2370.455	0.8	NonTarget	1	474091
2370.535	0.8	NonTarget	1	474107
2370.935	0.8	NonTarget	1	474187
2371.02	0.8	NonTarget	1	474204
2371.105	0.8	NonTarget	1	474221
2371.185	0.8	NonTarget	1	474237
2371.27	0.8	NonTarget	1	474254
2371.355	0.8	NonTarget	1	474271
2371.435	0.8	NonTarget	1	474287
2371.52	0.8	NonTarget	1	474304
2371.605	0.8	NonTarget	1	474321
2371.685	0.8	NonTarget	1	474337
2371.77	0.8	NonTarget	1	474354
2371.855	0.8	NonTarget	1	474371
2371.94	0.8	NonTarget	1	474388
2372.025	0.8	NonTarget	1	474405
2372.105	0.8	Target	2	474421
2372.19	0.8	NonTarget	1	474438
2372.27	0.8	NonTarget	1	474454
2372.355	0.8	NonTarget	1	474471
2372.44	0.8	NonTarget	1	474488
2372.525	0.8	NonTarget	1	474505
2372.605	0.8	NonTarget	1	474521
2372.69	0.8	NonTarget	1	474538
2372.77	0.8	NonTarget	1	474554
2372.855	0.8	NonTarget	1	474571
2372.94	0.8	NonTarget	1	474588
2373.025	0.8	NonTarget	1	474605
2373.105	0.8	NonTarget	1	474621
2373.19	0.8	NonTarget	1	474638
2373.275	0.8	NonTarget	1	474655
2373.355	0.8	NonTarget	1	474671
2373.76	0.8	NonTarget	1	474752
2373.84	0.8	NonTarget	1	474768
2373.925	0.8	NonTarget	1	474785
2374.01	0.8	NonTarget	1	474802
2374.09	0.8	NonTarget	1	474818
2374.175	0.8	NonTarget	1	474835
2374.255	0.8	NonTarget	1	474851
2374.34	0.8	NonTarget	1	474868
2374.425	0.8	NonTarget	1	474885
2374.51	0.8	NonTarget	1	474902
2374.59	0.8	NonTarget	1	474918
2374.675	0.8	NonTarget	1	474935
2374.76	0.8	NonTarget	1	474952
2374.84	0.8	NonTarget	1	474968
2374.925	0.8	NonTarget	1	474985
2375.01	0.8	NonTarget	1	475002
2375.095	0.8	NonTarget	1	475019
2375.175	0.8	NonTarget	1	475035
2375.26	0.8	NonTarget	1	475052
2375.345	0.8	NonTarget	1	475069
2375.425	0.8	NonTarget	1	475085
2375.51	0.8	NonTarget	1	475102
2375.595	0.8	NonTarget	1	475119
2375.675	0.8	NonTarget	1	475135
2375.76	0.8	NonTarget	1	475152
2375.845	0.8	NonTarget	1	475169
2375.925	0.8	NonTarget	1	475185
2376.01	0.8	NonTarget	1	475202
2376.095	0.8	NonTarget	1	475219
2376.18	0.8	Target	2	475236
2376.575	0.8	NonTarget	1	475315
2376.66	0.8	NonTarget	1	475332
2376.745	0.8	NonTarget	1	475349
2376.83	0.8	NonTarget	1	475366
2376.91	0.8	NonTarget	1	475382
2376.995	0.8	NonTarget	1	475399
2377.08	0.8	NonTarget	1	475416
2377.16	0.8	NonTarget	1	475432
2377.245	0.8	NonTarget	1	475449
2377.33	0.8	NonTarget	1	475466
2377.41	0.8	NonTarget	1	475482
2377.495	0.8	NonTarget	1	475499
2377.58	0.8	NonTarget	1	475516
2377.665	0.8	NonTarget	1	475533
2377.745	0.8	NonTarget	1	475549
2377.83	0.8	NonTarget	1	475566
2377.915	0.8	NonTarget	1	475583
2377.995	0.8	NonTarget	1	475599
2378.08	0.8	NonTarget	1	475616
2378.165	0.8	Target	2	475633
2378.245	0.8	NonTarget	1	475649
2378.33	0.8	NonTarget	1	475666
2378.415	0.8	NonTarget	1	475683
2378.5	0.8	NonTarget	1	475700
2378.58	0.8	NonTarget	1	475716
2378.665	0.8	NonTarget	1	475733
2378.75	0.8	NonTarget	1	475750
2378.83	0.8	NonTarget	1	475766
2378.915	0.8	NonTarget	1	475783
2378.995	0.8	NonTarget	1	475799
2388.03	0.8	NonTarget	1	477606
2388.11	0.8	NonTarget	1	477622
2388.195	0.8	Target	2	477639
2388.28	0.8	NonTarget	1	477656
2388.36	0.8	NonTarget	1	477672
2388.445	0.8	NonTarget	1	477689
2388.53	0.8	NonTarget	1	477706
2388.615	0.8	NonTarget	1	477723
2388.695	0.8	NonTarget	1	477739
2388.78	0.8	NonTarget	1	477756
2388.86	0.8	NonTarget	1	477772
2388.945	0.8	NonTarget	1	477789
2389.03	0.8	NonTarget	1	477806
2389.115	0.8	NonTarget	1	477823
2389.195	0.8	NonTarget	1	477839
2389.28	0.8	NonTarget	1	477856
2389.36	0.8	NonTarget	1	477872
2389.445	0.8	NonTarget	1	477889
2389.53	0.8	NonTarget	1	477906
2389.615	0.8	NonTarget	1	477923
2389.695	0.8	NonTarget	1	477939
2389.78	0.8	NonTarget	1	477956
2389.865	0.8	NonTarget	1	477973
2389.95	0.8	NonTarget	1	477990
2390.03	0.8	NonTarget	1	478006
2390.115	0.8	NonTarget	1	478023
2390.2	0.8	NonTarget	1	478040
2390.28	0.8	NonTarget	1	478056
2390.365	0.8	NonTarget	1	478073
2390.445	0.8	NonTarget	1	478089
2390.85	0.8	NonTarget	1	478170
2390.93	0.8	NonTarget	1	478186
2391.015	0.8	Target	2	478203
2391.1	0.8	NonTarget	1	478220
2391.185	0.8	NonTarget	1	478237
2391.265	0.8	NonTarget	1	478253
2391.35	0.8	NonTarget	1	478270
2391.43	0.8	NonTarget	1	478286
2391.515	0.8	NonTarget	1	478303
2391.6	0.8	NonTarget	1	478320
2391.68	0.8	NonTarget	1	478336
2391.765	0.8	NonTarget	1	478353
2391.85	0.8	NonTarget	1	478370
2391.935	0.8	NonTarget	1	478387
2392.015	0.8	NonTarget	1	478403
2392.1	0.8	NonTarget	1	478420
2392.185	0.8	NonTarget	1	478437
2392.265	0.8	NonTarget	1	478453
2392.35	0.8	NonTarget	1	478470
2392.435	0.8	NonTarget	1	478487
2392.515	0.8	NonTarget	1	478503
2392.6	0.8	NonTarget	1	478520
2392.685	0.8	NonTarget	1	478537
2392.765	0.8	NonTarget	1	478553
2392.85	0.8	NonTarget	1	478570
2392.935	0.8	NonTarget	1	478587
2393.02	0.8	NonTarget	1	478604
2393.1	0.8	NonTarget	1	478620
2393.185	0.8	NonTarget	1	478637
2393.27	0.8	NonTarget	1	478654
2393.67	0.8	NonTarget	1	478734
2393.75	0.8	NonTarget	1	478750
2393.835	0.8	NonTarget	1	478767
2393.92	0.8	NonTarget	1	478784
2394.0	0.8	NonTarget	1	478800
2394.085	0.8	NonTarget	1	478817
2394.17	0.8	NonTarget	1	478834
2394.255	0.8	NonTarget	1	478851
2394.335	0.8	NonTarget	1	478867
2394.42	0.8	NonTarget	1	478884
2394.505	0.8	NonTarget	1	478901
2394.585	0.8	NonTarget	1	478917
2394.67	0.8	NonTarget	1	478934
2394.755	0.8	NonTarget	1	478951
2394.835	0.8	NonTarget	1	478967
2394.92	0.8	NonTarget	1	478984
2395.005	0.8	NonTarget	1	479001
2395.085	0.8	NonTarget	1	479017
2395.17	0.8	NonTarget	1	479034
2395.255	0.8	NonTarget	1	479051
2395.34	0.8	NonTarget	1	479068
2395.42	0.8	NonTarget	1	479084
2395.505	0.8	Target	2	479101
2395.59	0.8	NonTarget	1	479118
2395.675	0.8	NonTarget	1	479135
2395.755	0.8	NonTarget	1	479151
2395.84	0.8	NonTarget	1	479168
2395.925	0.8	NonTarget	1	479185
2396.005	0.8	NonTarget	1	479201
2396.09	0.8	NonTarget	1	479218
2396.49	0.8	NonTarget	1	479298
2396.57	0.8	NonTarget	1	479314
2396.655	0.8	Target	2	479331
2396.74	0.8	NonTarget	1	479348
2396.82	0.8	NonTarget	1	479364
2396.91	0.8	NonTarget	1	479382
2396.99	0.8	NonTarget	1	479398
2397.075	0.8	NonTarget	1	479415
2397.155	0.8	NonTarget	1	479431
2397.24	0.8	NonTarget	1	479448
2397.325	0.8	NonTarget	1	479465
2397.405	0.8	NonTarget	1	479481
2397.49	0.8	NonTarget	1	479498
2397.575	0.8	NonTarget	1	479515
2397.66	0.8	NonTarget	1	479532
2397.74	0.8	NonTarget	1	479548
2397.825	0.8	NonTarget	1	479565
2397.91	0.8	NonTarget	1	479582
2397.99	0.8	NonTarget	1	479598
2398.075	0.8	NonTarget	1	479615
2398.155	0.8	NonTarget	1	479631
2398.24	0.8	NonTarget	1	479648
2398.325	0.8	NonTarget	1	479665
2398.41	0.8	NonTarget	1	479682
2398.49	0.8	NonTarget	1	479698
2398.575	0.8	NonTarget	1	479715
2398.66	0.8	NonTarget	1	479732
2398.745	0.8	NonTarget	1	479749
2398.83	0.8	NonTarget	1	479766
2398.91	0.8	NonTarget	1	479782
2399.31	0.8	NonTarget	1	479862
2399.395	0.8	NonTarget	1	479879
2399.48	0.8	NonTarget	1	479896
2399.56	0.8	NonTarget	1	479912
2399.645	0.8	NonTarget	1	479929
2399.725	0.8	NonTarget	1	479945
2399.81	0.8	NonTarget	1	479962
2399.895	0.8	NonTarget	1	479979
2399.98	0.8	NonTarget	1	479996
2400.06	0.8	NonTarget	1	480012
2400.145	0.8	NonTarget	1	480029
2400.23	0.8	NonTarget	1	480046
2400.31	0.8	NonTarget	1	480062
2400.395	0.8	NonTarget	1	480079
2400.48	0.8	NonTarget	1	480096
2400.56	0.8	NonTarget	1	480112
2400.645	0.8	NonTarget	1	480129
2400.73	0.8	NonTarget	1	480146
2400.815	0.8	NonTarget	1	480163
2400.895	0.8	NonTarget	1	480179
2400.98	0.8	NonTarget	1	480196
2401.06	0.8	NonTarget	1	480212
2401.145	0.8	Target	2	480229
2401.23	0.8	NonTarget	1	480246
2401.315	0.8	NonTarget	1	480263
2401.395	0.8	NonTarget	1	480279
2401.48	0.8	NonTarget	1	480296
2401.565	0.8	NonTarget	1	480313
2401.645	0.8	NonTarget	1	480329
2401.73	0.8	NonTarget	1	480346
2402.13	0.8	NonTarget	1	480426
2402.215	0.8	NonTarget	1	480443
2402.3	0.8	Target	2	480460
2402.38	0.8	NonTarget	1	480476
2402.465	0.8	NonTarget	1	480493
2402.55	0.8	NonTarget	1	480510
2402.63	0.8	NonTarget	1	480526
2402.715	0.8	NonTarget	1	480543
2402.8	0.8	NonTarget	1	480560
2402.88	0.8	NonTarget	1	480576
2402.965	0.8	NonTarget	1	480593
2403.05	0.8	NonTarget	1	480610
2403.13	0.8	NonTarget	1	480626
2403.215	0.8	NonTarget	1	480643
2403.3	0.8	NonTarget	1	480660
2403.385	0.8	NonTarget	1	480677
2403.47	0.8	NonTarget	1	480694
2403.55	0.8	NonTarget	1	480710
2403.635	0.8	NonTarget	1	480727
2403.72	0.8	NonTarget	1	480744
2403.8	0.8	NonTarget	1	480760
2403.885	0.8	NonTarget	1	480777
2403.965	0.8	NonTarget	1	480793
2404.05	0.8	NonTarget	1	480810
2404.135	0.8	NonTarget	1	480827
2404.22	0.8	NonTarget	1	480844
2404.3	0.8	NonTarget	1	480860
2404.385	0.8	NonTarget	1	480877
2404.47	0.8	NonTarget	1	480894
2404.55	0.8	NonTarget	1	480910
2404.95	0.8	NonTarget	1	480990
2405.035	0.8	NonTarget	1	481007
2405.12	0.8	NonTarget	1	481024
2405.2	0.8	NonTarget	1	481040
2405.285	0.8	NonTarget	1	481057
2405.37	0.8	NonTarget	1	481074
2405.45	0.8	NonTarget	1	481090
2405.535	0.8	NonTarget	1	481107
2405.62	0.8	NonTarget	1	481124
2405.705	0.8	NonTarget	1	481141
2405.785	0.8	NonTarget	1	481157
2405.87	0.8	NonTarget	1	481174
2405.955	0.8	NonTarget	1	481191
2406.035	0.8	NonTarget	1	481207
2406.12	0.8	NonTarget	1	481224
2406.205	0.8	NonTarget	1	481241
2406.285	0.8	NonTarget	1	481257
2406.37	0.8	Target	2	481274
2406.455	0.8	NonTarget	1	481291
2406.535	0.8	NonTarget	1	481307
2406.62	0.8	NonTarget	1	481324
2406.705	0.8	NonTarget	1	481341
2406.785	0.8	NonTarget	1	481357
2406.87	0.8	NonTarget	1	481374
2406.955	0.8	NonTarget	1	481391
2407.04	0.8	NonTarget	1	481408
2407.12	0.8	NonTarget	1	481424
2407.205	0.8	NonTarget	1	481441
2407.29	0.8	NonTarget	1	481458
2407.37	0.8	NonTarget	1	481474
2407.77	0.8	NonTarget	1	481554
2407.855	0.8	NonTarget	1	481571
2407.94	0.8	NonTarget	1	481588
2408.02	0.8	NonTarget	1	481604
2408.105	0.8	NonTarget	1	481621
2408.19	0.8	NonTarget	1	481638
2408.275	0.8	NonTarget	1	481655
2408.355	0.8	NonTarget	1	481671
2408.44	0.8	NonTarget	1	481688
2408.525	0.8	NonTarget	1	481705
2408.605	0.8	NonTarget	1	481721
2408.69	0.8	NonTarget	1	481738
2408.775	0.8	NonTarget	1	481755
2408.855	0.8	NonTarget	1	481771
2408.94	0.8	NonTarget	1	481788
2409.025	0.8	NonTarget	1	481805
2409.11	0.8	NonTarget	1	481822
2409.19	0.8	NonTarget	1	481838
2409.275	0.8	NonTarget	1	481855
2409.355	0.8	NonTarget	1	481871
2409.44	0.8	NonTarget	1	481888
2409.525	0.8	NonTarget	1	481905
2409.61	0.8	Target	2	481922
2409.69	0.8	NonTarget	1	481938
2409.775	0.8	NonTarget	1	481955
2409.86	0.8	NonTarget	1	481972
2409.94	0.8	NonTarget	1	481988
2410.025	0.8	NonTarget	1	482005
2410.11	0.8	NonTarget	1	482022
2410.195	0.8	NonTarget	1	482039
2410.59	0.8	NonTarget	1	482118
2410.675	0.8	NonTarget	1	482135
2410.76	0.8	NonTarget	1	482152
2410.845	0.8	NonTarget	1	482169
2410.925	0.8	NonTarget	1	482185
2411.01	0.8	NonTarget	1	482202
2411.095	0.8	NonTarget	1	482219
2411.18	0.8	NonTarget	1	482236
2411.26	0.8	NonTarget	1	482252
2411.345	0.8	NonTarget	1	482269
2411.43	0.8	NonTarget	1	482286
2411.51	0.8	NonTarget	1	482302
2411.595	0.8	NonTarget	1	482319
2411.68	0.8	NonTarget	1	482336
2411.76	0.8	NonTarget	1	482352
2411.845	0.8	NonTarget	1	482369
2411.925	0.8	NonTarget	1	482385
2412.01	0.8	NonTarget	1	482402
2412.095	0.8	NonTarget	1	482419
2412.175	0.8	NonTarget	1	482435
2412.265	0.8	NonTarget	1	482453
2412.345	0.8	NonTarget	1	482469
2412.43	0.8	NonTarget	1	482486
2412.515	0.8	NonTarget	1	482503
2412.595	0.8	NonTarget	1	482519
2412.68	0.8	NonTarget	1	482536
2412.765	0.8	NonTarget	1	482553
2412.845	0.8	Target	2	482569
2412.93	0.8	NonTarget	1	482586
2413.01	0.8	NonTarget	1	482602
2413.415	0.8	NonTarget	1	482683
2413.495	0.8	NonTarget	1	482699
2413.58	0.8	Target	2	482716
2413.665	0.8	NonTarget	1	482733
2413.75	0.8	NonTarget	1	482750
2413.83	0.8	NonTarget	1	482766
2413.915	0.8	NonTarget	1	482783
2413.995	0.8	NonTarget	1	482799
2414.08	0.8	NonTarget	1	482816
2414.165	0.8	NonTarget	1	482833
2414.25	0.8	NonTarget	1	482850
2414.33	0.8	NonTarget	1	482866
2414.415	0.8	NonTarget	1	482883
2414.5	0.8	NonTarget	1	482900
2414.585	0.8	NonTarget	1	482917
2414.665	0.8	NonTarget	1	482933
2414.75	0.8	NonTarget	1	482950
2414.835	0.8	NonTarget	1	482967
2414.915	0.8	NonTarget	1	482983
2415.0	0.8	NonTarget	1	483000
2415.08	0.8	NonTarget	1	483016
2415.165	0.8	NonTarget	1	483033
2415.25	0.8	NonTarget	1	483050
2415.335	0.8	NonTarget	1	483067
2415.415	0.8	NonTarget	1	483083
2415.5	0.8	NonTarget	1	483100
2415.585	0.8	NonTarget	1	483117
2415.67	0.8	NonTarget	1	483134
2415.75	0.8	NonTarget	1	483150
2415.835	0.8	NonTarget	1	483167
2424.85	0.8	NonTarget	1	484970
2424.93	0.8	NonTarget	1	484986
2425.015	0.8	NonTarget	1	485003
2425.1	0.8	NonTarget	1	485020
2425.18	0.8	NonTarget	1	485036
2425.265	0.8	NonTarget	1	485053
2425.345	0.8	NonTarget	1	485069
2425.43	0.8	NonTarget	1	485086
2425.515	0.8	NonTarget	1	485103
2425.595	0.8	NonTarget	1	485119
2425.68	0.8	NonTarget	1	485136
2425.765	0.8	NonTarget	1	485153
2425.85	0.8	NonTarget	1	485170
2425.93	0.8	NonTarget	1	485186
2426.015	0.8	NonTarget	1	485203
2426.1	0.8	NonTarget	1	485220
2426.185	0.8	NonTarget	1	485237
2426.265	0.8	NonTarget	1	485253
2426.35	0.8	NonTarget	1	485270
2426.43	0.8	NonTarget	1	485286
2426.515	0.8	NonTarget	1	485303
2426.6	0.8	NonTarget	1	485320
2426.68	0.8	NonTarget	1	485336
2426.765	0.8	Target	2	485353
2426.85	0.8	NonTarget	1	485370
2426.935	0.8	NonTarget	1	485387
2427.015	0.8	NonTarget	1	485403
2427.1	0.8	NonTarget	1	485420
2427.185	0.8	NonTarget	1	485437
2427.265	0.8	NonTarget	1	485453
2427.67	0.8	NonTarget	1	485534
2427.75	0.8	NonTarget	1	485550
2427.835	0.8	NonTarget	1	485567
2427.92	0.8	Target	2	485584
2428.0	0.8	NonTarget	1	485600
2428.085	0.8	NonTarget	1	485617
2428.17	0.8	NonTarget	1	485634
2428.25	0.8	NonTarget	1	485650
2428.335	0.8	NonTarget	1	485667
2428.42	0.8	NonTarget	1	485684
2428.5	0.8	NonTarget	1	485700
2428.585	0.8	NonTarget	1	485717
2428.67	0.8	NonTarget	1	485734
2428.755	0.8	NonTarget	1	485751
2428.835	0.8	NonTarget	1	485767
2428.915	0.8	NonTarget	1	485783
2429.0	0.8	NonTarget	1	485800
2429.085	0.8	NonTarget	1	485817
2429.17	0.8	NonTarget	1	485834
2429.25	0.8	NonTarget	1	485850
2429.34	0.8	NonTarget	1	485868
2429.42	0.8	NonTarget	1	485884
2429.505	0.8	NonTarget	1	485901
2429.59	0.8	NonTarget	1	485918
2429.67	0.8	NonTarget	1	485934
2429.755	0.8	NonTarget	1	485951
2429.835	0.8	NonTarget	1	485967
2429.92	0.8	NonTarget	1	485984
2430.005	0.8	NonTarget	1	486001
2430.09	0.8	NonTarget	1	486018
2430.49	0.8	NonTarget	1	486098
2430.57	0.8	NonTarget	1	486114
2430.655	0.8	NonTarget	1	486131
2430.74	0.8	NonTarget	1	486148
2430.82	0.8	NonTarget	1	486164
2430.905	0.8	NonTarget	1	486181
2430.99	0.8	NonTarget	1	486198
2431.07	0.8	NonTarget	1	486214
2431.155	0.8	Target	2	486231
2431.24	0.8	NonTarget	1	486248
2431.32	0.8	NonTarget	1	486264
2431.405	0.8	NonTarget	1	486281
2431.49	0.8	NonTarget	1	486298
2431.575	0.8	NonTarget	1	486315
2431.655	0.8	NonTarget	1	486331
2431.74	0.8	NonTarget	1	486348
2431.82	0.8	NonTarget	1	486364
2431.91	0.8	NonTarget	1	486382
2431.99	0.8	NonTarget	1	486398
2432.075	0.8	NonTarget	1	486415
2432.155	0.8	NonTarget	1	486431
2432.24	0.8	NonTarget	1	486448
2432.325	0.8	NonTarget	1	486465
2432.405	0.8	NonTarget	1	486481
2432.49	0.8	NonTarget	1	486498
2432.575	0.8	NonTarget	1	486515
2432.655	0.8	NonTarget	1	486531
2432.74	0.8	NonTarget	1	486548
2432.825	0.8	NonTarget	1	486565
2432.91	0.8	NonTarget	1	486582
2433.31	0.8	NonTarget	1	486662
2433.39	0.8	NonTarget	1	486678
2433.475	0.8	NonTarget	1	486695
2433.56	0.8	NonTarget	1	486712
2433.64	0.8	NonTarget	1	486728
2433.725	0.8	NonTarget	1	486745
2433.81	0.8	NonTarget	1	486762
2433.895	0.8	NonTarget	1	486779
2433.975	0.8	NonTarget	1	486795
2434.06	0.8	NonTarget	1	486812
2434.145	0.8	NonTarget	1	486829
2434.225	0.8	NonTarget	1	486845
2434.31	0.8	NonTarget	1	486862
2434.395	0.8	NonTarget	1	486879
2434.475	0.8	NonTarget	1	486895
2434.56	0.8	NonTarget	1	486912
2434.645	0.8	NonTarget	1	486929
2434.725	0.8	NonTarget	1	486945
2434.81	0.8	Target	2	486962
2434.895	0.8	NonTarget	1	486979
2434.98	0.8	NonTarget	1	486996
2435.06	0.8	NonTarget	1	487012
2435.145	0.8	NonTarget	1	487029
2435.23	0.8	NonTarget	1	487046
2435.31	0.8	NonTarget	1	487062
2435.395	0.8	NonTarget	1	487079
2435.48	0.8	NonTarget	1	487096
2435.56	0.8	NonTarget	1	487112
2435.645	0.8	NonTarget	1	487129
2435.73	0.8	NonTarget	1	487146
2436.13	0.8	NonTarget	1	487226
2436.21	0.8	NonTarget	1	487242
2436.295	0.8	NonTarget	1	487259
2436.38	0.8	NonTarget	1	487276
2436.465	0.8	NonTarget	1	487293
2436.545	0.8	NonTarget	1	487309
2436.63	0.8	NonTarget	1	487326
2436.715	0.8	NonTarget	1	487343
2436.8	0.8	NonTarget	1	487360
2436.88	0.8	NonTarget	1	487376
2436.96	0.8	NonTarget	1	487392
2437.045	0.8	NonTarget	1	487409
2437.13	0.8	NonTarget	1	487426
2437.215	0.8	NonTarget	1	487443
2437.295	0.8	NonTarget	1	487459
2437.38	0.8	NonTarget	1	487476
2437.465	0.8	NonTarget	1	487493
2437.55	0.8	NonTarget	1	487510
2437.635	0.8	Target	2	487527
2437.715	0.8	NonTarget	1	487543
2437.8	0.8	NonTarget	1	487560
2437.88	0.8	NonTarget	1	487576
2437.965	0.8	NonTarget	1	487593
2438.05	0.8	NonTarget	1	487610
2438.13	0.8	NonTarget	1	487626
2438.215	0.8	NonTarget	1	487643
2438.3	0.8	NonTarget	1	487660
2438.385	0.8	NonTarget	1	487677
2438.465	0.8	NonTarget	1	487693
2438.55	0.8	NonTarget	1	487710
2438.95	0.8	NonTarget	1	487790
2439.035	0.8	NonTarget	1	487807
2439.12	0.8	NonTarget	1	487824
2439.2	0.8	NonTarget	1	487840
2439.285	0.8	NonTarget	1	487857
2439.37	0.8	NonTarget	1	487874
2439.45	0.8	NonTarget	1	487890
2439.535	0.8	NonTarget	1	487907
2439.62	0.8	NonTarget	1	487924
2439.7	0.8	NonTarget	1	487940
2439.785	0.8	NonTarget	1	487957
2439.87	0.8	NonTarget	1	487974
2439.95	0.8	NonTarget	1	487990
2440.035	0.8	Target	2	488007
2440.12	0.8	NonTarget	1	488024
2440.2	0.8	NonTarget	1	488040
2440.285	0.8	NonTarget	1	488057
2440.365	0.8	NonTarget	1	488073
2440.45	0.8	NonTarget	1	488090
2440.535	0.8	NonTarget	1	488107
2440.62	0.8	NonTarget	1	488124
2440.705	0.8	NonTarget	1	488141
2440.785	0.8	NonTarget	1	488157
2440.87	0.8	NonTarget	1	488174
2440.955	0.8	NonTarget	1	488191
2441.04	0.8	NonTarget	1	488208
2441.12	0.8	NonTarget	1	488224
2441.205	0.8	NonTarget	1	488241
2441.285	0.8	NonTarget	1	488257
2441.37	0.8	NonTarget	1	488274
2441.77	0.8	NonTarget	1	488354
2441.855	0.8	NonTarget	1	488371
2441.935	0.8	NonTarget	1	488387
2442.02	0.8	NonTarget	1	488404
2442.105	0.8	NonTarget	1	488421
2442.19	0.8	NonTarget	1	488438
2442.27	0.8	NonTarget	1	488454
2442.355	0.8	NonTarget	1	488471
2442.44	0.8	NonTarget	1	488488
2442.52	0.8	NonTarget	1	488504
2442.605	0.8	NonTarget	1	488521
2442.69	0.8	NonTarget	1	488538
2442.775	0.8	NonTarget	1	488555
2442.855	0.8	NonTarget	1	488571
2442.94	0.8	NonTarget	1	488588
2443.025	0.8	NonTarget	1	488605
2443.105	0.8	NonTarget	1	488621
2443.19	0.8	NonTarget	1	488638
2443.275	0.8	Target	2	488655
2443.355	0.8	NonTarget	1	488671
2443.44	0.8	NonTarget	1	488688
2443.525	0.8	NonTarget	1	488705
2443.605	0.8	NonTarget	1	488721
2443.69	0.8	NonTarget	1	488738
2443.775	0.8	NonTarget	1	488755
2443.855	0.8	NonTarget	1	488771
2443.94	0.8	NonTarget	1	488788
2444.025	0.8	NonTarget	1	488805
2444.11	0.8	NonTarget	1	488822
2444.19	0.8	NonTarget	1	488838
2444.59	0.8	NonTarget	1	488918
2444.675	0.8	NonTarget	1	488935
2444.76	0.8	NonTarget	1	488952
2444.84	0.8	Target	2	488968
2444.925	0.8	NonTarget	1	488985
2445.01	0.8	NonTarget	1	489002
2445.09	0.8	NonTarget	1	489018
2445.175	0.8	NonTarget	1	489035
2445.26	0.8	NonTarget	1	489052
2445.345	0.8	NonTarget	1	489069
2445.425	0.8	NonTarget	1	489085
2445.51	0.8	NonTarget	1	489102
2445.595	0.8	NonTarget	1	489119
2445.675	0.8	NonTarget	1	489135
2445.76	0.8	NonTarget	1	489152
2445.845	0.8	NonTarget	1	489169
2445.925	0.8	NonTarget	1	489185
2446.01	0.8	NonTarget	1	489202
2446.095	0.8	NonTarget	1	489219
2446.18	0.8	NonTarget	1	489236
2446.26	0.8	NonTarget	1	489252
2446.345	0.8	NonTarget	1	489269
2446.43	0.8	NonTarget	1	489286
2446.51	0.8	NonTarget	1	489302
2446.595	0.8	NonTarget	1	489319
2446.675	0.8	NonTarget	1	489335
2446.76	0.8	NonTarget	1	489352
2446.845	0.8	NonTarget	1	489369
2446.925	0.8	NonTarget	1	489385
2447.01	0.8	NonTarget	1	489402
2447.41	0.8	NonTarget	1	489482
2447.495	0.8	NonTarget	1	489499
2447.58	0.8	NonTarget	1	489516
2447.66	0.8	NonTarget	1	489532
2447.745	0.8	NonTarget	1	489549
2447.83	0.8	NonTarget	1	489566
2447.915	0.8	NonTarget	1	489583
2447.995	0.8	NonTarget	1	489599
2448.08	0.8	NonTarget	1	489616
2448.16	0.8	NonTarget	1	489632
2448.245	0.8	NonTarget	1	489649
2448.33	0.8	NonTarget	1	489666
2448.415	0.8	NonTarget	1	489683
2448.495	0.8	NonTarget	1	489699
2448.58	0.8	NonTarget	1	489716
2448.665	0.8	NonTarget	1	489733
2448.75	0.8	NonTarget	1	489750
2448.83	0.8	NonTarget	1	489766
2448.915	0.8	NonTarget	1	489783
2448.995	0.8	NonTarget	1	489799
2449.08	0.8	NonTarget	1	489816
2449.165	0.8	NonTarget	1	489833
2449.245	0.8	NonTarget	1	489849
2449.33	0.8	Target	2	489866
2449.415	0.8	NonTarget	1	489883
2449.5	0.8	NonTarget	1	489900
2449.58	0.8	NonTarget	1	489916
2449.665	0.8	NonTarget	1	489933
2449.75	0.8	NonTarget	1	489950
2449.835	0.8	NonTarget	1	489967
2450.235	0.8	NonTarget	1	490047
2450.315	0.8	NonTarget	1	490063
2450.4	0.8	NonTarget	1	490080
2450.485	0.8	NonTarget	1	490097
2450.565	0.8	NonTarget	1	490113
2450.65	0.8	NonTarget	1	490130
2450.73	0.8	NonTarget	1	490146
2450.82	0.8	NonTarget	1	490164
2450.9	0.8	NonTarget	1	490180
2450.985	0.8	NonTarget	1	490197
2451.07	0.8	NonTarget	1	490214
2451.15	0.8	NonTarget	1	490230
2451.235	0.8	NonTarget	1	490247
2451.315	0.8	Target	2	490263
2451.4	0.8	NonTarget	1	490280
2451.485	0.8	NonTarget	1	490297
2451.57	0.8	NonTarget	1	490314
2451.65	0.8	NonTarget	1	490330
2451.735	0.8	NonTarget	1	490347
2451.815	0.8	NonTarget	1	490363
2451.9	0.8	NonTarget	1	490380
2451.985	0.8	NonTarget	1	490397
2452.07	0.8	NonTarget	1	490414
2452.155	0.8	NonTarget	1	490431
2452.235	0.8	NonTarget	1	490447
2452.32	0.8	NonTarget	1	490464
2452.405	0.8	NonTarget	1	490481
2452.485	0.8	NonTarget	1	490497
2452.57	0.8	NonTarget	1	490514
2452.655	0.8	NonTarget	1	490531
2461.685	0.8	NonTarget	1	492337
2461.765	0.8	NonTarget	1	492353
2461.85	0.8	NonTarget	1	492370
2461.93	0.8	NonTarget	1	492386
2462.015	0.8	NonTarget	1	492403
2462.1	0.8	NonTarget	1	492420
2462.185	0.8	NonTarget	1	492437
2462.265	0.8	NonTarget	1	492453
2462.35	0.8	NonTarget	1	492470
2462.435	0.8	NonTarget	1	492487
2462.515	0.8	NonTarget	1	492503
2462.6	0.8	NonTarget	1	492520
2462.685	0.8	NonTarget	1	492537
2462.765	0.8	NonTarget	1	492553
2462.85	0.8	NonTarget	1	492570
2462.935	0.8	NonTarget	1	492587
2463.02	0.8	NonTarget	1	492604
2463.1	0.8	NonTarget	1	492620
2463.185	0.8	NonTarget	1	492637
2463.27	0.8	NonTarget	1	492654
2463.35	0.8	NonTarget	1	492670
2463.435	0.8	NonTarget	1	492687
2463.515	0.8	NonTarget	1	492703
2463.6	0.8	Target	2	492720
2463.685	0.8	NonTarget	1	492737
2463.77	0.8	NonTarget	1	492754
2463.85	0.8	NonTarget	1	492770
2463.935	0.8	NonTarget	1	492787
2464.02	0.8	NonTarget	1	492804
2464.1	0.8	NonTarget	1	492820
2464.505	0.8	NonTarget	1	492901
2464.585	0.8	NonTarget	1	492917
2464.67	0.8	NonTarget	1	492934
2464.755	0.8	NonTarget	1	492951
2464.835	0.8	NonTarget	1	492967
2464.92	0.8	NonTarget	1	492984
2465.005	0.8	NonTarget	1	493001
2465.085	0.8	NonTarget	1	493017
2465.17	0.8	Target	2	493034
2465.255	0.8	NonTarget	1	493051
2465.34	0.8	NonTarget	1	493068
2465.42	0.8	NonTarget	1	493084
2465.505	0.8	NonTarget	1	493101
2465.59	0.8	NonTarget	1	493118
2465.67	0.8	NonTarget	1	493134
2465.755	0.8	NonTarget	1	493151
2465.84	0.8	NonTarget	1	493168
2465.92	0.8	NonTarget	1	493184
2466.005	0.8	NonTarget	1	493201
2466.09	0.8	NonTarget	1	493218
2466.17	0.8	NonTarget	1	493234
2466.255	0.8	NonTarget	1	493251
2466.34	0.8	NonTarget	1	493268
2466.425	0.8	NonTarget	1	493285
2466.51	0.8	NonTarget	1	493302
2466.59	0.8	NonTarget	1	493318
2466.67	0.8	NonTarget	1	493334
2466.755	0.8	NonTarget	1	493351
2466.84	0.8	NonTarget	1	493368
2466.92	0.8	NonTarget	1	493384
2467.325	0.8	NonTarget	1	493465
2467.405	0.8	NonTarget	1	493481
2467.49	0.8	NonTarget	1	493498
2467.575	0.8	NonTarget	1	493515
2467.655	0.8	NonTarget	1	493531
2467.74	0.8	NonTarget	1	493548
2467.825	0.8	NonTarget	1	493565
2467.91	0.8	NonTarget	1	493582
2467.99	0.8	NonTarget	1	493598
2468.075	0.8	NonTarget	1	493615
2468.16	0.8	NonTarget	1	493632
2468.24	0.8	NonTarget	1	493648
2468.325	0.8	NonTarget	1	493665
2468.41	0.8	NonTarget	1	493682
2468.49	0.8	NonTarget	1	493698
2468.575	0.8	NonTarget	1	493715
2468.66	0.8	NonTarget	1	493732
2468.74	0.8	NonTarget	1	493748
2468.825	0.8	Target	2	493765
2468.91	0.8	NonTarget	1	493782
2468.99	0.8	NonTarget	1	493798
2469.075	0.8	NonTarget	1	493815
2469.16	0.8	NonTarget	1	493832
2469.245	0.8	NonTarget	1	493849
2469.325	0.8	NonTarget	1	493865
2469.41	0.8	NonTarget	1	493882
2469.49	0.8	NonTarget	1	493898
2469.575	0.8	NonTarget	1	493915
2469.66	0.8	NonTarget	1	493932
2469.745	0.8	NonTarget	1	493949
2470.145	0.8	NonTarget	1	494029
2470.23	0.8	NonTarget	1	494046
2470.31	0.8	NonTarget	1	494062
2470.395	0.8	NonTarget	1	494079
2470.475	0.8	NonTarget	1	494095
2470.56	0.8	NonTarget	1	494112
2470.645	0.8	NonTarget	1	494129
2470.73	0.8	NonTarget	1	494146
2470.81	0.8	Target	2	494162
2470.895	0.8	NonTarget	1	494179
2470.98	0.8	NonTarget	1	494196
2471.06	0.8	NonTarget	1	494212
2471.145	0.8	NonTarget	1	494229
2471.23	0.8	NonTarget	1	494246
2471.315	0.8	NonTarget	1	494263
2471.395	0.8	NonTarget	1	494279
2471.48	0.8	NonTarget	1	494296
2471.56	0.8	NonTarget	1	494312
2471.645	0.8	NonTarget	1	494329
2471.73	0.8	NonTarget	1	494346
2471.815	0.8	NonTarget	1	494363
2471.895	0.8	NonTarget	1	494379
2471.98	0.8	NonTarget	1	494396
2472.065	0.8	NonTarget	1	494413
2472.145	0.8	NonTarget	1	494429
2472.23	0.8	NonTarget	1	494446
2472.315	0.8	NonTarget	1	494463
2472.4	0.8	NonTarget	1	494480
2472.48	0.8	NonTarget	1	494496
2472.565	0.8	NonTarget	1	494513
2472.965	0.8	NonTarget	1	494593
2473.05	0.8	NonTarget	1	494610
2473.13	0.8	NonTarget	1	494626
2473.215	0.8	NonTarget	1	494643
2473.3	0.8	NonTarget	1	494660
2473.385	0.8	NonTarget	1	494677
2473.465	0.8	NonTarget	1	494693
2473.55	0.8	NonTarget	1	494710
2473.635	0.8	NonTarget	1	494727
2473.715	0.8	NonTarget	1	494743
2473.8	0.8	NonTarget	1	494760
2473.885	0.8	NonTarget	1	494777
2473.965	0.8	NonTarget	1	494793
2474.05	0.8	NonTarget	1	494810
2474.135	0.8	NonTarget	1	494827
2474.215	0.8	NonTarget	1	494843
2474.3	0.8	NonTarget	1	494860
2474.385	0.8	NonTarget	1	494877
2474.47	0.8	Target	2	494894
2474.55	0.8	NonTarget	1	494910
2474.635	0.8	NonTarget	1	494927
2474.715	0.8	NonTarget	1	494943
2474.8	0.8	NonTarget	1	494960
2474.885	0.8	NonTarget	1	494977
2474.97	0.8	NonTarget	1	494994
2475.05	0.8	NonTarget	1	495010
2475.135	0.8	NonTarget	1	495027
2475.22	0.8	NonTarget	1	495044
2475.3	0.8	NonTarget	1	495060
2475.385	0.8	NonTarget	1	495077
2475.785	0.8	NonTarget	1	495157
2475.87	0.8	NonTarget	1	495174
2475.955	0.8	NonTarget	1	495191
2476.035	0.8	NonTarget	1	495207
2476.12	0.8	NonTarget	1	495224
2476.2	0.8	NonTarget	1	495240
2476.285	0.8	NonTarget	1	495257
2476.37	0.8	NonTarget	1	495274
2476.455	0.8	NonTarget	1	495291
2476.535	0.8	NonTarget	1	495307
2476.62	0.8	NonTarget	1	495324
2476.705	0.8	NonTarget	1	495341
2476.79	0.8	NonTarget	1	495358
2476.87	0.8	NonTarget	1	495374
2476.955	0.8	NonTarget	1	495391
2477.04	0.8	NonTarget	1	495408
2477.12	0.8	NonTarget	1	495424
2477.205	0.8	NonTarget	1	495441
2477.285	0.8	Target	2	495457
2477.37	0.8	NonTarget	1	495474
2477.455	0.8	NonTarget	1	495491
2477.54	0.8	NonTarget	1	495508
2477.62	0.8	NonTarget	1	495524
2477.705	0.8	NonTarget	1	495541
2477.79	0.8	NonTarget	1	495558
2477.875	0.8	NonTarget	1	495575
2477.955	0.8	NonTarget	1	495591
2478.04	0.8	NonTarget	1	495608
2478.12	0.8	NonTarget	1	495624
2478.205	0.8	NonTarget	1	495641
2478.605	0.8	NonTarget	1	495721
2478.69	0.8	NonTarget	1	495738
2478.775	0.8	NonTarget	1	495755
2478.855	0.8	NonTarget	1	495771
2478.94	0.8	NonTarget	1	495788
2479.025	0.8	NonTarget	1	495805
2479.105	0.8	NonTarget	1	495821
2479.19	0.8	NonTarget	1	495838
2479.275	0.8	NonTarget	1	495855
2479.355	0.8	NonTarget	1	495871
2479.44	0.8	NonTarget	1	495888
2479.525	0.8	NonTarget	1	495905
2479.61	0.8	NonTarget	1	495922
2479.69	0.8	NonTarget	1	495938
2479.775	0.8	NonTarget	1	495955
2479.86	0.8	NonTarget	1	495972
2479.945	0.8	NonTarget	1	495989
2480.025	0.8	NonTarget	1	496005
2480.11	0.8	NonTarget	1	496022
2480.19	0.8	NonTarget	1	496038
2480.275	0.8	NonTarget	1	496055
2480.36	0.8	NonTarget	1	496072
2480.44	0.8	NonTarget	1	496088
2480.525	0.8	Target	2	496105
2480.61	0.8	NonTarget	1	496122
2480.695	0.8	NonTarget	1	496139
2480.775	0.8	NonTarget	1	496155
2480.86	0.8	NonTarget	1	496172
2480.945	0.8	NonTarget	1	496189
2481.03	0.8	NonTarget	1	496206
2481.425	0.8	NonTarget	1	496285
2481.51	0.8	NonTarget	1	496302
2481.595	0.8	NonTarget	1	496319
2481.675	0.8	NonTarget	1	496335
2481.76	0.8	NonTarget	1	496352
2481.845	0.8	NonTarget	1	496369
2481.925	0.8	NonTarget	1	496385
2482.01	0.8	NonTarget	1	496402
2482.095	0.8	NonTarget	1	496419
2482.18	0.8	NonTarget	1	496436
2482.26	0.8	NonTarget	1	496452
2482.345	0.8	NonTarget	1	496469
2482.43	0.8	NonTarget	1	496486
2482.51	0.8	NonTarget	1	496502
2482.595	0.8	NonTarget	1	496519
2482.68	0.8	NonTarget	1	496536
2482.76	0.8	NonTarget	1	496552
2482.845	0.8	NonTarget	1	496569
2482.93	0.8	NonTarget	1	496586
2483.01	0.8	NonTarget	1	496602
2483.095	0.8	NonTarget	1	496619
2483.18	0.8	NonTarget	1	496636
2483.26	0.8	NonTarget	1	496652
2483.35	0.8	Target	2	496670
2483.43	0.8	NonTarget	1	496686
2483.515	0.8	NonTarget	1	496703
2483.595	0.8	NonTarget	1	496719
2483.68	0.8	NonTarget	1	496736
2483.765	0.8	NonTarget	1	496753
2483.845	0.8	NonTarget	1	496769
2484.25	0.8	NonTarget	1	496850
2484.33	0.8	NonTarget	1	496866
2484.415	0.8	NonTarget	1	496883
2484.5	0.8	Target	2	496900
2484.58	0.8	NonTarget	1	496916
2484.665	0.8	NonTarget	1	496933
2484.75	0.8	NonTarget	1	496950
2484.83	0.8	NonTarget	1	496966
2484.915	0.8	NonTarget	1	496983
2485.0	0.8	NonTarget	1	497000
2485.08	0.8	NonTarget	1	497016
2485.165	0.8	NonTarget	1	497033
2485.25	0.8	NonTarget	1	497050
2485.335	0.8	NonTarget	1	497067
2485.415	0.8	NonTarget	1	497083
2485.5	0.8	NonTarget	1	497100
2485.585	0.8	NonTarget	1	497117
2485.665	0.8	NonTarget	1	497133
2485.75	0.8	NonTarget	1	497150
2485.835	0.8	NonTarget	1	497167
2485.915	0.8	NonTarget	1	497183
2486.0	0.8	NonTarget	1	497200
2486.085	0.8	NonTarget	1	497217
2486.165	0.8	NonTarget	1	497233
2486.25	0.8	NonTarget	1	497250
2486.335	0.8	NonTarget	1	497267
2486.42	0.8	NonTarget	1	497284
2486.5	0.8	NonTarget	1	497300
2486.585	0.8	NonTarget	1	497317
2486.67	0.8	NonTarget	1	497334
2487.07	0.8	NonTarget	1	497414
2487.15	0.8	NonTarget	1	497430
2487.235	0.8	NonTarget	1	497447
2487.32	0.8	NonTarget	1	497464
2487.4	0.8	NonTarget	1	497480
2487.485	0.8	NonTarget	1	497497
2487.565	0.8	NonTarget	1	497513
2487.65	0.8	NonTarget	1	497530
2487.735	0.8	NonTarget	1	497547
2487.82	0.8	NonTarget	1	497564
2487.905	0.8	NonTarget	1	497581
2487.985	0.8	NonTarget	1	497597
2488.07	0.8	NonTarget	1	497614
2488.155	0.8	NonTarget	1	497631
2488.24	0.8	NonTarget	1	497648
2488.32	0.8	NonTarget	1	497664
2488.405	0.8	NonTarget	1	497681
2488.485	0.8	NonTarget	1	497697
2488.57	0.8	NonTarget	1	497714
2488.655	0.8	NonTarget	1	497731
2488.735	0.8	NonTarget	1	497747
2488.82	0.8	NonTarget	1	497764
2488.905	0.8	NonTarget	1	497781
2488.99	0.8	Target	2	497798
2489.07	0.8	NonTarget	1	497814
2489.155	0.8	NonTarget	1	497831
2489.235	0.8	NonTarget	1	497847
2489.32	0.8	NonTarget	1	497864
2489.405	0.8	NonTarget	1	497881
2489.49	0.8	NonTarget	1	497898
2498.555	0.8	NonTarget	1	499711
2498.635	0.8	NonTarget	1	499727
2498.72	0.8	NonTarget	1	499744
2498.8	0.8	NonTarget	1	499760
2498.885	0.8	NonTarget	1	499777
2498.97	0.8	NonTarget	1	499794
2499.05	0.8	NonTarget	1	499810
2499.135	0.8	NonTarget	1	499827
2499.22	0.8	NonTarget	1	499844
2499.305	0.8	NonTarget	1	499861
2499.385	0.8	NonTarget	1	499877
2499.47	0.8	NonTarget	1	499894
2499.555	0.8	NonTarget	1	499911
2499.635	0.8	NonTarget	1	499927
2499.72	0.8	NonTarget	1	499944
2499.805	0.8	NonTarget	1	499961
2499.885	0.8	NonTarget	1	499977
2499.97	0.8	NonTarget	1	499994
2500.055	0.8	NonTarget	1	500011
2500.135	0.8	NonTarget	1	500027
2500.22	0.8	NonTarget	1	500044
2500.305	0.8	NonTarget	1	500061
2500.385	0.8	NonTarget	1	500077
2500.47	0.8	NonTarget	1	500094
2500.555	0.8	NonTarget	1	500111
2500.635	0.8	NonTarget	1	500127
2500.72	0.8	NonTarget	1	500144
2500.805	0.8	Target	2	500161
2500.885	0.8	NonTarget	1	500177
2500.97	0.8	NonTarget	1	500194
2501.37	0.8	NonTarget	1	500274
2501.455	0.8	NonTarget	1	500291
2501.54	0.8	NonTarget	1	500308
2501.62	0.8	NonTarget	1	500324
2501.705	0.8	NonTarget	1	500341
2501.79	0.8	NonTarget	1	500358
2501.87	0.8	NonTarget	1	500374
2501.955	0.8	Target	2	500391
2502.04	0.8	NonTarget	1	500408
2502.12	0.8	NonTarget	1	500424
2502.205	0.8	NonTarget	1	500441
2502.29	0.8	NonTarget	1	500458
2502.375	0.8	NonTarget	1	500475
2502.455	0.8	NonTarget	1	500491
2502.54	0.8	NonTarget	1	500508
2502.625	0.8	NonTarget	1	500525
2502.71	0.8	NonTarget	1	500542
2502.79	0.8	NonTarget	1	500558
2502.875	0.8	NonTarget	1	500575
2502.955	0.8	NonTarget	1	500591
2503.04	0.8	NonTarget	1	500608
2503.125	0.8	NonTarget	1	500625
2503.205	0.8	NonTarget	1	500641
2503.29	0.8	NonTarget	1	500658
2503.375	0.8	NonTarget	1	500675
2503.46	0.8	NonTarget	1	500692
2503.54	0.8	NonTarget	1	500708
2503.625	0.8	NonTarget	1	500725
2503.71	0.8	NonTarget	1	500742
2503.79	0.8	NonTarget	1	500758
2504.195	0.8	NonTarget	1	500839
2504.275	0.8	NonTarget	1	500855
2504.36	0.8	NonTarget	1	500872
2504.44	0.8	NonTarget	1	500888
2504.53	0.8	NonTarget	1	500906
2504.61	0.8	NonTarget	1	500922
2504.695	0.8	NonTarget	1	500939
2504.775	0.8	Target	2	500955
2504.86	0.8	NonTarget	1	500972
2504.945	0.8	NonTarget	1	500989
2505.025	0.8	NonTarget	1	501005
2505.11	0.8	NonTarget	1	501022
2505.195	0.8	NonTarget	1	501039
2505.28	0.8	NonTarget	1	501056
2505.36	0.8	NonTarget	1	501072
2505.445	0.8	NonTarget	1	501089
2505.525	0.8	NonTarget	1	501105
2505.61	0.8	NonTarget	1	501122
2505.695	0.8	NonTarget	1	501139
2505.78	0.8	NonTarget	1	501156
2505.86	0.8	NonTarget	1	501172
2505.945	0.8	NonTarget	1	501189
2506.03	0.8	NonTarget	1	501206
2506.11	0.8	NonTarget	1	501222
2506.195	0.8	NonTarget	1	501239
2506.28	0.8	NonTarget	1	501256
2506.36	0.8	NonTarget	1	501272
2506.445	0.8	NonTarget	1	501289
2506.53	0.8	NonTarget	1	501306
2506.615	0.8	NonTarget	1	501323
2507.01	0.8	NonTarget	1	501402
2507.095	0.8	NonTarget	1	501419
2507.18	0.8	NonTarget	1	501436
2507.265	0.8	NonTarget	1	501453
2507.345	0.8	NonTarget	1	501469
2507.43	0.8	NonTarget	1	501486
2507.515	0.8	NonTarget	1	501503
2507.595	0.8	Target	2	501519
2507.68	0.8	NonTarget	1	501536
2507.765	0.8	NonTarget	1	501553
2507.85	0.8	NonTarget	1	501570
2507.93	0.8	NonTarget	1	501586
2508.015	0.8	NonTarget	1	501603
2508.1	0.8	NonTarget	1	501620
2508.18	0.8	NonTarget	1	501636
2508.265	0.8	NonTarget	1	501653
2508.345	0.8	NonTarget	1	501669
2508.43	0.8	NonTarget	1	501686
2508.515	0.8	NonTarget	1	501703
2508.6	0.8	NonTarget	1	501720
2508.68	0.8	NonTarget	1	501736
2508.765	0.8	NonTarget	1	501753
2508.85	0.8	NonTarget	1	501770
2508.935	0.8	NonTarget	1	501787
2509.015	0.8	NonTarget	1	501803
2509.1	0.8	NonTarget	1	501820
2509.185	0.8	NonTarget	1	501837
2509.265	0.8	NonTarget	1	501853
2509.35	0.8	NonTarget	1	501870
2509.435	0.8	NonTarget	1	501887
2509.83	0.8	NonTarget	1	501966
2509.915	0.8	NonTarget	1	501983
2510.0	0.8	NonTarget	1	502000
2510.085	0.8	NonTarget	1	502017
2510.165	0.8	NonTarget	1	502033
2510.25	0.8	NonTarget	1	502050
2510.335	0.8	NonTarget	1	502067
2510.415	0.8	NonTarget	1	502083
2510.5	0.8	NonTarget	1	502100
2510.585	0.8	NonTarget	1	502117
2510.67	0.8	NonTarget	1	502134
2510.75	0.8	NonTarget	1	502150
2510.835	0.8	NonTarget	1	502167
2510.92	0.8	NonTarget	1	502184
2511.0	0.8	NonTarget	1	502200
2511.085	0.8	NonTarget	1	502217
2511.17	0.8	NonTarget	1	502234
2511.25	0.8	NonTarget	1	502250
2511.335	0.8	NonTarget	1	502267
2511.42	0.8	NonTarget	1	502284
2511.505	0.8	NonTarget	1	502301
2511.585	0.8	NonTarget	1	502317
2511.67	0.8	NonTarget	1	502334
2511.755	0.8	NonTarget	1	502351
2511.835	0.8	NonTarget	1	502367
2511.92	0.8	NonTarget	1	502384
2512.005	0.8	NonTarget	1	502401
2512.085	0.8	Target	2	502417
2512.17	0.8	NonTarget	1	502434
2512.255	0.8	NonTarget	1	502451
2512.655	0.8	NonTarget	1	502531
2512.735	0.8	NonTarget	1	502547
2512.82	0.8	NonTarget	1	502564
2512.905	0.8	NonTarget	1	502581
2512.99	0.8	NonTarget	1	502598
2513.07	0.8	NonTarget	1	502614
2513.155	0.8	NonTarget	1	502631
2513.235	0.8	Target	2	502647
2513.32	0.8	NonTarget	1	502664
2513.405	0.8	NonTarget	1	502681
2513.49	0.8	NonTarget	1	502698
2513.57	0.8	NonTarget	1	502714
2513.655	0.8	NonTarget	1	502731
2513.74	0.8	NonTarget	1	502748
2513.825	0.8	NonTarget	1	502765
2513.905	0.8	NonTarget	1	502781
2513.99	0.8	NonTarget	1	502798
2514.075	0.8	NonTarget	1	502815
2514.155	0.8	NonTarget	1	502831
2514.24	0.8	NonTarget	1	502848
2514.325	0.8	NonTarget	1	502865
2514.405	0.8	NonTarget	1	502881
2514.49	0.8	NonTarget	1	502898
2514.575	0.8	NonTarget	1	502915
2514.655	0.8	NonTarget	1	502931
2514.74	0.8	NonTarget	1	502948
2514.825	0.8	NonTarget	1	502965
2514.91	0.8	NonTarget	1	502982
2514.99	0.8	NonTarget	1	502998
2515.075	0.8	NonTarget	1	503015
2515.475	0.8	NonTarget	1	503095
2515.56	0.8	NonTarget	1	503112
2515.64	0.8	NonTarget	1	503128
2515.725	0.8	NonTarget	1	503145
2515.81	0.8	NonTarget	1	503162
2515.89	0.8	NonTarget	1	503178
2515.975	0.8	NonTarget	1	503195
2516.06	0.8	NonTarget	1	503212
2516.145	0.8	NonTarget	1	503229
2516.225	0.8	NonTarget	1	503245
2516.31	0.8	NonTarget	1	503262
2516.395	0.8	NonTarget	1	503279
2516.475	0.8	NonTarget	1	503295
2516.56	0.8	NonTarget	1	503312
2516.645	0.8	NonTarget	1	503329
2516.725	0.8	NonTarget	1	503345
2516.81	0.8	NonTarget	1	503362
2516.895	0.8	NonTarget	1	503379
2516.975	0.8	NonTarget	1	503395
2517.06	0.8	NonTarget	1	503412
2517.145	0.8	NonTarget	1	503429
2517.225	0.8	NonTarget	1	503445
2517.31	0.8	Target	2	503462
2517.395	0.8	NonTarget	1	503479
2517.475	0.8	NonTarget	1	503495
2517.56	0.8	NonTarget	1	503512
2517.645	0.8	NonTarget	1	503529
2517.73	0.8	NonTarget	1	503546
2517.81	0.8	NonTarget	1	503562
2517.895	0.8	NonTarget	1	503579
2518.295	0.8	NonTarget	1	503659
2518.38	0.8	NonTarget	1	503676
2518.465	0.8	NonTarget	1	503693
2518.545	0.8	NonTarget	1	503709
2518.63	0.8	NonTarget	1	503726
2518.715	0.8	NonTarget	1	503743
2518.795	0.8	NonTarget	1	503759
2518.88	0.8	NonTarget	1	503776
2518.965	0.8	NonTarget	1	503793
2519.045	0.8	NonTarget	1	503809
2519.13	0.8	NonTarget	1	503826
2519.215	0.8	NonTarget	1	503843
2519.295	0.8	Target	2	503859
2519.38	0.8	NonTarget	1	503876
2519.465	0.8	NonTarget	1	503893
2519.55	0.8	NonTarget	1	503910
2519.63	0.8	NonTarget	1	503926
2519.715	0.8	NonTarget	1	503943
2519.795	0.8	NonTarget	1	503959
2519.88	0.8	NonTarget	1	503976
2519.965	0.8	NonTarget	1	503993
2520.05	0.8	NonTarget	1	504010
2520.13	0.8	NonTarget	1	504026
2520.215	0.8	NonTarget	1	504043
2520.3	0.8	NonTarget	1	504060
2520.38	0.8	NonTarget	1	504076
2520.465	0.8	NonTarget	1	504093
2520.55	0.8	NonTarget	1	504110
2520.635	0.8	NonTarget	1	504127
2520.715	0.8	NonTarget	1	504143
2521.115	0.8	NonTarget	1	504223
2521.2	0.8	NonTarget	1	504240
2521.285	0.8	NonTarget	1	504257
2521.365	0.8	NonTarget	1	504273
2521.45	0.8	NonTarget	1	504290
2521.535	0.8	NonTarget	1	504307
2521.615	0.8	NonTarget	1	504323
2521.7	0.8	NonTarget	1	504340
2521.785	0.8	NonTarget	1	504357
2521.865	0.8	NonTarget	1	504373
2521.95	0.8	NonTarget	1	504390
2522.035	0.8	NonTarget	1	504407
2522.115	0.8	Target	2	504423
2522.2	0.8	NonTarget	1	504440
2522.285	0.8	NonTarget	1	504457
2522.37	0.8	NonTarget	1	504474
2522.45	0.8	NonTarget	1	504490
2522.535	0.8	NonTarget	1	504507
2522.62	0.8	NonTarget	1	504524
2522.7	0.8	NonTarget	1	504540
2522.785	0.8	NonTarget	1	504557
2522.87	0.8	NonTarget	1	504574
2522.955	0.8	NonTarget	1	504591
2523.035	0.8	NonTarget	1	504607
2523.12	0.8	NonTarget	1	504624
2523.205	0.8	NonTarget	1	504641
2523.285	0.8	NonTarget	1	504657
2523.37	0.8	NonTarget	1	504674
2523.45	0.8	NonTarget	1	504690
2523.535	0.8	NonTarget	1	504707
2523.935	0.8	NonTarget	1	504787
2524.02	0.8	NonTarget	1	504804
2524.105	0.8	NonTarget	1	504821
2524.185	0.8	NonTarget	1	504837
2524.27	0.8	NonTarget	1	504854
2524.355	0.8	NonTarget	1	504871
2524.435	0.8	NonTarget	1	504887
2524.52	0.8	NonTarget	1	504904
2524.605	0.8	NonTarget	1	504921
2524.685	0.8	NonTarget	1	504937
2524.77	0.8	NonTarget	1	504954
2524.855	0.8	NonTarget	1	504971
2524.94	0.8	NonTarget	1	504988
2525.02	0.8	NonTarget	1	505004
2525.105	0.8	NonTarget	1	505021
2525.19	0.8	NonTarget	1	505038
2525.27	0.8	NonTarget	1	505054
2525.355	0.8	Target	2	505071
2525.44	0.8	NonTarget	1	505088
2525.525	0.8	NonTarget	1	505105
2525.605	0.8	NonTarget	1	505121
2525.69	0.8	NonTarget	1	505138
2525.775	0.8	NonTarget	1	505155
2525.855	0.8	NonTarget	1	505171
2525.94	0.8	NonTarget	1	505188
2526.025	0.8	NonTarget	1	505205
2526.11	0.8	NonTarget	1	505222
2526.19	0.8	NonTarget	1	505238
2526.275	0.8	NonTarget	1	505255
2526.355	0.8	NonTarget	1	505271
2535.355	0.8	NonTarget	1	507071
2535.435	0.8	NonTarget	1	507087
2535.52	0.8	NonTarget	1	507104
2535.605	0.8	NonTarget	1	507121
2535.685	0.8	NonTarget	1	507137
2535.77	0.8	NonTarget	1	507154
2535.855	0.8	NonTarget	1	507171
2535.935	0.8	NonTarget	1	507187
2536.02	0.8	NonTarget	1	507204
2536.105	0.8	NonTarget	1	507221
2536.19	0.8	NonTarget	1	507238
2536.27	0.8	NonTarget	1	507254
2536.355	0.8	Target	2	507271
2536.44	0.8	NonTarget	1	507288
2536.52	0.8	NonTarget	1	507304
2536.605	0.8	NonTarget	1	507321
2536.69	0.8	NonTarget	1	507338
2536.77	0.8	NonTarget	1	507354
2536.855	0.8	NonTarget	1	507371
2536.94	0.8	NonTarget	1	507388
2537.025	0.8	NonTarget	1	507405
2537.105	0.8	NonTarget	1	507421
2537.19	0.8	NonTarget	1	507438
2537.275	0.8	NonTarget	1	507455
2537.355	0.8	NonTarget	1	507471
2537.44	0.8	NonTarget	1	507488
2537.525	0.8	NonTarget	1	507505
2537.605	0.8	NonTarget	1	507521
2537.69	0.8	NonTarget	1	507538
2537.775	0.8	NonTarget	1	507555
2538.175	0.8	NonTarget	1	507635
2538.255	0.8	NonTarget	1	507651
2538.34	0.8	NonTarget	1	507668
2538.425	0.8	NonTarget	1	507685
2538.51	0.8	NonTarget	1	507702
2538.59	0.8	NonTarget	1	507718
2538.675	0.8	NonTarget	1	507735
2538.76	0.8	NonTarget	1	507752
2538.84	0.8	NonTarget	1	507768
2538.925	0.8	NonTarget	1	507785
2539.01	0.8	NonTarget	1	507802
2539.09	0.8	NonTarget	1	507818
2539.175	0.8	NonTarget	1	507835
2539.26	0.8	NonTarget	1	507852
2539.34	0.8	NonTarget	1	507868
2539.425	0.8	NonTarget	1	507885
2539.51	0.8	NonTarget	1	507902
2539.595	0.8	NonTarget	1	507919
2539.675	0.8	NonTarget	1	507935
2539.76	0.8	NonTarget	1	507952
2539.845	0.8	NonTarget	1	507969
2539.925	0.8	NonTarget	1	507985
2540.01	0.8	NonTarget	1	508002
2540.095	0.8	NonTarget	1	508019
2540.175	0.8	NonTarget	1	508035
2540.26	0.8	NonTarget	1	508052
2540.345	0.8	NonTarget	1	508069
2540.425	0.8	Target	2	508085
2540.51	0.8	NonTarget	1	508102
2540.595	0.8	NonTarget	1	508119
2540.995	0.8	NonTarget	1	508199
2541.08	0.8	NonTarget	1	508216
2541.16	0.8	NonTarget	1	508232
2541.245	0.8	NonTarget	1	508249
2541.33	0.8	NonTarget	1	508266
2541.41	0.8	NonTarget	1	508282
2541.495	0.8	NonTarget	1	508299
2541.58	0.8	NonTarget	1	508316
2541.665	0.8	NonTarget	1	508333
2541.745	0.8	NonTarget	1	508349
2541.83	0.8	NonTarget	1	508366
2541.91	0.8	NonTarget	1	508382
2541.995	0.8	NonTarget	1	508399
2542.08	0.8	NonTarget	1	508416
2542.165	0.8	NonTarget	1	508433
2542.245	0.8	NonTarget	1	508449
2542.33	0.8	NonTarget	1	508466
2542.415	0.8	Target	2	508483
2542.495	0.8	NonTarget	1	508499
2542.58	0.8	NonTarget	1	508516
2542.665	0.8	NonTarget	1	508533
2542.745	0.8	NonTarget	1	508549
2542.83	0.8	NonTarget	1	508566
2542.915	0.8	NonTarget	1	508583
2542.995	0.8	NonTarget	1	508599
2543.08	0.8	NonTarget	1	508616
2543.165	0.8	NonTarget	1	508633
2543.25	0.8	NonTarget	1	508650
2543.33	0.8	NonTarget	1	508666
2543.415	0.8	NonTarget	1	508683
2543.815	0.8	NonTarget	1	508763
2543.9	0.8	NonTarget	1	508780
2543.98	0.8	NonTarget	1	508796
2544.065	0.8	NonTarget	1	508813
2544.15	0.8	NonTarget	1	508830
2544.235	0.8	NonTarget	1	508847
2544.315	0.8	NonTarget	1	508863
2544.4	0.8	NonTarget	1	508880
2544.48	0.8	NonTarget	1	508896
2544.565	0.8	NonTarget	1	508913
2544.65	0.8	NonTarget	1	508930
2544.735	0.8	NonTarget	1	508947
2544.815	0.8	NonTarget	1	508963
2544.9	0.8	NonTarget	1	508980
2544.985	0.8	NonTarget	1	508997
2545.065	0.8	NonTarget	1	509013
2545.15	0.8	NonTarget	1	509030
2545.235	0.8	NonTarget	1	509047
2545.315	0.8	NonTarget	1	509063
2545.4	0.8	NonTarget	1	509080
2545.485	0.8	NonTarget	1	509097
2545.565	0.8	NonTarget	1	509113
2545.65	0.8	NonTarget	1	509130
2545.735	0.8	NonTarget	1	509147
2545.82	0.8	NonTarget	1	509164
2545.9	0.8	NonTarget	1	509180
2545.985	0.8	NonTarget	1	509197
2546.07	0.8	Target	2	509214
2546.15	0.8	NonTarget	1	509230
2546.235	0.8	NonTarget	1	509247
2546.635	0.8	NonTarget	1	509327
2546.72	0.8	NonTarget	1	509344
2546.805	0.8	NonTarget	1	509361
2546.885	0.8	NonTarget	1	509377
2546.97	0.8	NonTarget	1	509394
2547.05	0.8	NonTarget	1	509410
2547.135	0.8	NonTarget	1	509427
2547.22	0.8	NonTarget	1	509444
2547.305	0.8	NonTarget	1	509461
2547.39	0.8	NonTarget	1	509478
2547.47	0.8	NonTarget	1	509494
2547.555	0.8	NonTarget	1	509511
2547.635	0.8	NonTarget	1	509527
2547.72	0.8	NonTarget	1	509544
2547.8	0.8	NonTarget	1	509560
2547.89	0.8	NonTarget	1	509578
2547.97	0.8	NonTarget	1	509594
2548.055	0.8	Target	2	509611
2548.14	0.8	NonTarget	1	509628
2548.22	0.8	NonTarget	1	509644
2548.305	0.8	NonTarget	1	509661
2548.39	0.8	NonTarget	1	509678
2548.47	0.8	NonTarget	1	509694
2548.555	0.8	NonTarget	1	509711
2548.64	0.8	NonTarget	1	509728
2548.72	0.8	NonTarget	1	509744
2548.805	0.8	NonTarget	1	509761
2548.885	0.8	NonTarget	1	509777
2548.975	0.8	NonTarget	1	509795
2549.055	0.8	NonTarget	1	509811
2549.455	0.8	NonTarget	1	509891
2549.54	0.8	NonTarget	1	509908
2549.625	0.8	NonTarget	1	509925
2549.705	0.8	NonTarget	1	509941
2549.79	0.8	NonTarget	1	509958
2549.875	0.8	NonTarget	1	509975
2549.955	0.8	NonTarget	1	509991
2550.04	0.8	NonTarget	1	510008
2550.125	0.8	NonTarget	1	510025
2550.205	0.8	NonTarget	1	510041
2550.29	0.8	NonTarget	1	510058
2550.375	0.8	NonTarget	1	510075
2550.46	0.8	NonTarget	1	510092
2550.54	0.8	NonTarget	1	510108
2550.625	0.8	NonTarget	1	510125
2550.71	0.8	NonTarget	1	510142
2550.79	0.8	NonTarget	1	510158
2550.875	0.8	NonTarget	1	510175
2550.96	0.8	NonTarget	1	510192
2551.04	0.8	NonTarget	1	510208
2551.125	0.8	NonTarget	1	510225
2551.21	0.8	NonTarget	1	510242
2551.29	0.8	Target	2	510258
2551.375	0.8	NonTarget	1	510275
2551.46	0.8	NonTarget	1	510292
2551.545	0.8	NonTarget	1	510309
2551.625	0.8	NonTarget	1	510325
2551.71	0.8	NonTarget	1	510342
2551.795	0.8	NonTarget	1	510359
2551.875	0.8	NonTarget	1	510375
2552.28	0.8	NonTarget	1	510456
2552.36	0.8	NonTarget	1	510472
2552.445	0.8	NonTarget	1	510489
2552.525	0.8	NonTarget	1	510505
2552.61	0.8	NonTarget	1	510522
2552.695	0.8	NonTarget	1	510539
2552.78	0.8	NonTarget	1	510556
2552.86	0.8	NonTarget	1	510572
2552.945	0.8	NonTarget	1	510589
2553.03	0.8	NonTarget	1	510606
2553.115	0.8	NonTarget	1	510623
2553.195	0.8	NonTarget	1	510639
2553.28	0.8	Target	2	510656
2553.36	0.8	NonTarget	1	510672
2553.445	0.8	NonTarget	1	510689
2553.53	0.8	NonTarget	1	510706
2553.615	0.8	NonTarget	1	510723
2553.695	0.8	NonTarget	1	510739
2553.78	0.8	NonTarget	1	510756
2553.865	0.8	NonTarget	1	510773
2553.945	0.8	NonTarget	1	510789
2554.03	0.8	NonTarget	1	510806
2554.115	0.8	NonTarget	1	510823
2554.195	0.8	NonTarget	1	510839
2554.28	0.8	NonTarget	1	510856
2554.365	0.8	NonTarget	1	510873
2554.445	0.8	NonTarget	1	510889
2554.53	0.8	NonTarget	1	510906
2554.615	0.8	NonTarget	1	510923
2554.695	0.8	NonTarget	1	510939
2555.1	0.8	NonTarget	1	511020
2555.18	0.8	NonTarget	1	511036
2555.265	0.8	NonTarget	1	511053
2555.35	0.8	NonTarget	1	511070
2555.43	0.8	NonTarget	1	511086
2555.515	0.8	NonTarget	1	511103
2555.6	0.8	NonTarget	1	511120
2555.68	0.8	NonTarget	1	511136
2555.765	0.8	NonTarget	1	511153
2555.85	0.8	NonTarget	1	511170
2555.93	0.8	NonTarget	1	511186
2556.015	0.8	NonTarget	1	511203
2556.1	0.8	NonTarget	1	511220
2556.185	0.8	NonTarget	1	511237
2556.265	0.8	NonTarget	1	511253
2556.35	0.8	NonTarget	1	511270
2556.435	0.8	NonTarget	1	511287
2556.515	0.8	Target	2	511303
2556.6	0.8	NonTarget	1	511320
2556.685	0.8	NonTarget	1	511337
2556.765	0.8	NonTarget	1	511353
2556.85	0.8	NonTarget	1	511370
2556.935	0.8	NonTarget	1	511387
2557.015	0.8	NonTarget	1	511403
2557.1	0.8	NonTarget	1	511420
2557.185	0.8	NonTarget	1	511437
2557.27	0.8	NonTarget	1	511454
2557.35	0.8	NonTarget	1	511470
2557.435	0.8	NonTarget	1	511487
2557.52	0.8	NonTarget	1	511504
2557.92	0.8	NonTarget	1	511584
2558.0	0.8	NonTarget	1	511600
2558.085	0.8	NonTarget	1	511617
2558.17	0.8	NonTarget	1	511634
2558.25	0.8	NonTarget	1	511650
2558.335	0.8	NonTarget	1	511667
2558.42	0.8	NonTarget	1	511684
2558.5	0.8	NonTarget	1	511700
2558.585	0.8	NonTarget	1	511717
2558.67	0.8	NonTarget	1	511734
2558.755	0.8	NonTarget	1	511751
2558.835	0.8	NonTarget	1	511767
2558.92	0.8	NonTarget	1	511784
2559.005	0.8	NonTarget	1	511801
2559.085	0.8	NonTarget	1	511817
2559.17	0.8	NonTarget	1	511834
2559.255	0.8	NonTarget	1	511851
2559.335	0.8	Target	2	511867
2559.42	0.8	NonTarget	1	511884
2559.505	0.8	NonTarget	1	511901
2559.59	0.8	NonTarget	1	511918
2559.67	0.8	NonTarget	1	511934
2559.755	0.8	NonTarget	1	511951
2559.835	0.8	NonTarget	1	511967
2559.92	0.8	NonTarget	1	511984
2560.005	0.8	NonTarget	1	512001
2560.09	0.8	NonTarget	1	512018
2560.17	0.8	NonTarget	1	512034
2560.255	0.8	NonTarget	1	512051
2560.34	0.8	NonTarget	1	512068
2560.74	0.8	NonTarget	1	512148
2560.82	0.8	NonTarget	1	512164
2560.905	0.8	Target	2	512181
2560.99	0.8	NonTarget	1	512198
2561.075	0.8	NonTarget	1	512215
2561.155	0.8	NonTarget	1	512231
2561.24	0.8	NonTarget	1	512248
2561.32	0.8	NonTarget	1	512264
2561.405	0.8	NonTarget	1	512281
2561.49	0.8	NonTarget	1	512298
2561.575	0.8	NonTarget	1	512315
2561.66	0.8	NonTarget	1	512332
2561.745	0.8	NonTarget	1	512349
2561.825	0.8	NonTarget	1	512365
2561.905	0.8	NonTarget	1	512381
2561.99	0.8	NonTarget	1	512398
2562.075	0.8	NonTarget	1	512415
2562.155	0.8	NonTarget	1	512431
2562.24	0.8	NonTarget	1	512448
2562.325	0.8	NonTarget	1	512465
2562.405	0.8	NonTarget	1	512481
2562.49	0.8	NonTarget	1	512498
2562.575	0.8	NonTarget	1	512515
2562.66	0.8	NonTarget	1	512532
2562.745	0.8	NonTarget	1	512549
2562.825	0.8	NonTarget	1	512565
2562.91	0.8	NonTarget	1	512582
2562.995	0.8	NonTarget	1	512599
2563.075	0.8	NonTarget	1	512615
2563.16	0.8	NonTarget	1	512632
2572.195	0.8	NonTarget	1	514439
2572.275	0.8	NonTarget	1	514455
2572.355	0.8	NonTarget	1	514471
2572.44	0.8	NonTarget	1	514488
2572.52	0.8	NonTarget	1	514504
2572.605	0.8	Target	2	514521
2572.69	0.8	NonTarget	1	514538
2572.77	0.8	NonTarget	1	514554
2572.855	0.8	NonTarget	1	514571
2572.94	0.8	NonTarget	1	514588
2573.025	0.8	NonTarget	1	514605
2573.105	0.8	NonTarget	1	514621
2573.19	0.8	NonTarget	1	514638
2573.275	0.8	NonTarget	1	514655
2573.355	0.8	NonTarget	1	514671
2573.44	0.8	NonTarget	1	514688
2573.525	0.8	NonTarget	1	514705
2573.605	0.8	NonTarget	1	514721
2573.69	0.8	NonTarget	1	514738
2573.775	0.8	NonTarget	1	514755
2573.86	0.8	NonTarget	1	514772
2573.945	0.8	NonTarget	1	514789
2574.025	0.8	NonTarget	1	514805
2574.11	0.8	NonTarget	1	514822
2574.195	0.8	NonTarget	1	514839
2574.275	0.8	NonTarget	1	514855
2574.36	0.8	NonTarget	1	514872
2574.44	0.8	NonTarget	1	514888
2574.525	0.8	NonTarget	1	514905
2574.61	0.8	NonTarget	1	514922
2575.01	0.8	NonTarget	1	515002
2575.09	0.8	NonTarget	1	515018
2575.175	0.8	NonTarget	1	515035
2575.26	0.8	NonTarget	1	515052
2575.345	0.8	NonTarget	1	515069
2575.43	0.8	NonTarget	1	515086
2575.51	0.8	NonTarget	1	515102
2575.595	0.8	NonTarget	1	515119
2575.675	0.8	NonTarget	1	515135
2575.76	0.8	NonTarget	1	515152
2575.845	0.8	NonTarget	1	515169
2575.925	0.8	NonTarget	1	515185
2576.01	0.8	NonTarget	1	515202
2576.095	0.8	NonTarget	1	515219
2576.18	0.8	NonTarget	1	515236
2576.265	0.8	Target	2	515253
2576.345	0.8	NonTarget	1	515269
2576.43	0.8	NonTarget	1	515286
2576.51	0.8	NonTarget	1	515302
2576.595	0.8	NonTarget	1	515319
2576.68	0.8	NonTarget	1	515336
2576.76	0.8	NonTarget	1	515352
2576.845	0.8	NonTarget	1	515369
2576.93	0.8	NonTarget	1	515386
2577.01	0.8	NonTarget	1	515402
2577.095	0.8	NonTarget	1	515419
2577.18	0.8	NonTarget	1	515436
2577.265	0.8	NonTarget	1	515453
2577.35	0.8	NonTarget	1	515470
2577.43	0.8	NonTarget	1	515486
2577.83	0.8	NonTarget	1	515566
2577.915	0.8	NonTarget	1	515583
2577.995	0.8	NonTarget	1	515599
2578.08	0.8	NonTarget	1	515616
2578.165	0.8	NonTarget	1	515633
2578.25	0.8	NonTarget	1	515650
2578.33	0.8	NonTarget	1	515666
2578.415	0.8	NonTarget	1	515683
2578.5	0.8	NonTarget	1	515700
2578.58	0.8	NonTarget	1	515716
2578.665	0.8	NonTarget	1	515733
2578.75	0.8	NonTarget	1	515750
2578.835	0.8	NonTarget	1	515767
2578.915	0.8	NonTarget	1	515783
2579.0	0.8	NonTarget	1	515800
2579.08	0.8	Target	2	515816
2579.165	0.8	NonTarget	1	515833
2579.25	0.8	NonTarget	1	515850
2579.33	0.8	NonTarget	1	515866
2579.415	0.8	NonTarget	1	515883
2579.5	0.8	NonTarget	1	515900
2579.585	0.8	NonTarget	1	515917
2579.665	0.8	NonTarget	1	515933
2579.75	0.8	NonTarget	1	515950
2579.835	0.8	NonTarget	1	515967
2579.915	0.8	NonTarget	1	515983
2580.0	0.8	NonTarget	1	516000
2580.085	0.8	NonTarget	1	516017
2580.165	0.8	NonTarget	1	516033
2580.25	0.8	NonTarget	1	516050
2580.65	0.8	NonTarget	1	516130
2580.735	0.8	NonTarget	1	516147
2580.815	0.8	NonTarget	1	516163
2580.9	0.8	NonTarget	1	516180
2580.985	0.8	NonTarget	1	516197
2581.07	0.8	NonTarget	1	516214
2581.15	0.8	NonTarget	1	516230
2581.235	0.8	NonTarget	1	516247
2581.32	0.8	NonTarget	1	516264
2581.4	0.8	NonTarget	1	516280
2581.485	0.8	NonTarget	1	516297
2581.57	0.8	NonTarget	1	516314
2581.65	0.8	NonTarget	1	516330
2581.735	0.8	NonTarget	1	516347
2581.82	0.8	NonTarget	1	516364
2581.9	0.8	NonTarget	1	516380
2581.985	0.8	NonTarget	1	516397
2582.07	0.8	NonTarget	1	516414
2582.155	0.8	NonTarget	1	516431
2582.235	0.8	NonTarget	1	516447
2582.32	0.8	Target	2	516464
2582.405	0.8	NonTarget	1	516481
2582.485	0.8	NonTarget	1	516497
2582.57	0.8	NonTarget	1	516514
2582.655	0.8	NonTarget	1	516531
2582.74	0.8	NonTarget	1	516548
2582.82	0.8	NonTarget	1	516564
2582.905	0.8	NonTarget	1	516581
2582.99	0.8	NonTarget	1	516598
2583.07	0.8	NonTarget	1	516614
2583.47	0.8	NonTarget	1	516694
2583.555	0.8	NonTarget	1	516711
2583.64	0.8	NonTarget	1	516728
2583.72	0.8	NonTarget	1	516744
2583.805	0.8	NonTarget	1	516761
2583.89	0.8	NonTarget	1	516778
2583.97	0.8	NonTarget	1	516794
2584.055	0.8	NonTarget	1	516811
2584.14	0.8	NonTarget	1	516828
2584.225	0.8	NonTarget	1	516845
2584.305	0.8	NonTarget	1	516861
2584.39	0.8	NonTarget	1	516878
2584.475	0.8	NonTarget	1	516895
2584.555	0.8	NonTarget	1	516911
2584.64	0.8	NonTarget	1	516928
2584.725	0.8	NonTarget	1	516945
2584.805	0.8	NonTarget	1	516961
2584.89	0.8	NonTarget	1	516978
2584.975	0.8	NonTarget	1	516995
2585.06	0.8	NonTarget	1	517012
2585.14	0.8	NonTarget	1	517028
2585.225	0.8	NonTarget	1	517045
2585.31	0.8	NonTarget	1	517062
2585.39	0.8	NonTarget	1	517078
2585.475	0.8	NonTarget	1	517095
2585.555	0.8	Target	2	517111
2585.64	0.8	NonTarget	1	517128
2585.725	0.8	NonTarget	1	517145
2585.81	0.8	NonTarget	1	517162
2585.89	0.8	NonTarget	1	517178
2586.29	0.8	NonTarget	1	517258
2586.375	0.8	NonTarget	1	517275
2586.46	0.8	NonTarget	1	517292
2586.545	0.8	NonTarget	1	517309
2586.625	0.8	NonTarget	1	517325
2586.71	0.8	Target	2	517342
2586.795	0.8	NonTarget	1	517359
2586.875	0.8	NonTarget	1	517375
2586.96	0.8	NonTarget	1	517392
2587.04	0.8	NonTarget	1	517408
2587.125	0.8	NonTarget	1	517425
2587.21	0.8	NonTarget	1	517442
2587.295	0.8	NonTarget	1	517459
2587.375	0.8	NonTarget	1	517475
2587.46	0.8	NonTarget	1	517492
2587.545	0.8	NonTarget	1	517509
2587.63	0.8	NonTarget	1	517526
2587.71	0.8	NonTarget	1	517542
2587.795	0.8	NonTarget	1	517559
2587.875	0.8	NonTarget	1	517575
2587.96	0.8	NonTarget	1	517592
2588.045	0.8	NonTarget	1	517609
2588.125	0.8	NonTarget	1	517625
2588.21	0.8	NonTarget	1	517642
2588.295	0.8	NonTarget	1	517659
2588.38	0.8	NonTarget	1	517676
2588.46	0.8	NonTarget	1	517692
2588.545	0.8	NonTarget	1	517709
2588.63	0.8	NonTarget	1	517726
2588.715	0.8	NonTarget	1	517743
2589.115	0.8	NonTarget	1	517823
2589.195	0.8	NonTarget	1	517839
2589.28	0.8	NonTarget	1	517856
2589.365	0.8	NonTarget	1	517873
2589.445	0.8	NonTarget	1	517889
2589.53	0.8	Target	2	517906
2589.615	0.8	NonTarget	1	517923
2589.695	0.8	NonTarget	1	517939
2589.78	0.8	NonTarget	1	517956
2589.865	0.8	NonTarget	1	517973
2589.95	0.8	NonTarget	1	517990
2590.03	0.8	NonTarget	1	518006
2590.115	0.8	NonTarget	1	518023
2590.195	0.8	NonTarget	1	518039
2590.28	0.8	NonTarget	1	518056
2590.365	0.8	NonTarget	1	518073
2590.45	0.8	NonTarget	1	518090
2590.53	0.8	NonTarget	1	518106
2590.615	0.8	NonTarget	1	518123
2590.7	0.8	NonTarget	1	518140
2590.78	0.8	NonTarget	1	518156
2590.865	0.8	NonTarget	1	518173
2590.95	0.8	NonTarget	1	518190
2591.035	0.8	NonTarget	1	518207
2591.115	0.8	NonTarget	1	518223
2591.195	0.8	NonTarget	1	518239
2591.28	0.8	NonTarget	1	518256
2591.365	0.8	NonTarget	1	518273
2591.45	0.8	NonTarget	1	518290
2591.53	0.8	NonTarget	1	518306
2591.935	0.8	NonTarget	1	518387
2592.015	0.8	NonTarget	1	518403
2592.1	0.8	NonTarget	1	518420
2592.185	0.8	NonTarget	1	518437
2592.265	0.8	NonTarget	1	518453
2592.35	0.8	NonTarget	1	518470
2592.435	0.8	NonTarget	1	518487
2592.52	0.8	NonTarget	1	518504
2592.6	0.8	NonTarget	1	518520
2592.685	0.8	NonTarget	1	518537
2592.765	0.8	NonTarget	1	518553
2592.85	0.8	NonTarget	1	518570
2592.935	0.8	NonTarget	1	518587
2593.02	0.8	NonTarget	1	518604
2593.1	0.8	NonTarget	1	518620
2593.185	0.8	NonTarget	1	518637
2593.27	0.8	NonTarget	1	518654
2593.35	0.8	NonTarget	1	518670
2593.435	0.8	NonTarget	1	518687
2593.52	0.8	NonTarget	1	518704
2593.6	0.8	NonTarget	1	518720
2593.685	0.8	NonTarget	1	518737
2593.77	0.8	NonTarget	1	518754
2593.855	0.8	NonTarget	1	518771
2593.935	0.8	NonTarget	1	518787
2594.02	0.8	Target	2	518804
2594.105	0.8	NonTarget	1	518821
2594.185	0.8	NonTarget	1	518837
2594.27	0.8	NonTarget	1	518854
2594.355	0.8	NonTarget	1	518871
2594.755	0.8	NonTarget	1	518951
2594.835	0.8	NonTarget	1	518967
2594.92	0.8	NonTarget	1	518984
2595.005	0.8	NonTarget	1	519001
2595.085	0.8	NonTarget	1	519017
2595.17	0.8	NonTarget	1	519034
2595.255	0.8	NonTarget	1	519051
2595.335	0.8	NonTarget	1	519067
2595.425	0.8	NonTarget	1	519085
2595.505	0.8	NonTarget	1	519101
2595.59	0.8	Target	2	519118
2595.675	0.8	NonTarget	1	519135
2595.755	0.8	NonTarget	1	519151
2595.84	0.8	NonTarget	1	519168
2595.92	0.8	NonTarget	1	519184
2596.005	0.8	NonTarget	1	519201
2596.09	0.8	NonTarget	1	519218
2596.175	0.8	NonTarget	1	519235
2596.26	0.8	NonTarget	1	519252
2596.34	0.8	NonTarget	1	519268
2596.425	0.8	NonTarget	1	519285
2596.505	0.8	NonTarget	1	519301
2596.59	0.8	NonTarget	1	519318
2596.675	0.8	NonTarget	1	519335
2596.755	0.8	NonTarget	1	519351
2596.84	0.8	NonTarget	1	519368
2596.92	0.8	NonTarget	1	519384
2597.005	0.8	NonTarget	1	519401
2597.09	0.8	NonTarget	1	519418
2597.175	0.8	NonTarget	1	519435
2597.575	0.8	NonTarget	1	519515
2597.66	0.8	NonTarget	1	519532
2597.74	0.8	NonTarget	1	519548
2597.825	0.8	NonTarget	1	519565
2597.91	0.8	NonTarget	1	519582
2597.99	0.8	NonTarget	1	519598
2598.075	0.8	NonTarget	1	519615
2598.155	0.8	NonTarget	1	519631
2598.245	0.8	NonTarget	1	519649
2598.325	0.8	NonTarget	1	519665
2598.41	0.8	NonTarget	1	519682
2598.49	0.8	NonTarget	1	519698
2598.575	0.8	NonTarget	1	519715
2598.66	0.8	NonTarget	1	519732
2598.745	0.8	NonTarget	1	519749
2598.83	0.8	NonTarget	1	519766
2598.91	0.8	NonTarget	1	519782
2598.995	0.8	NonTarget	1	519799
2599.08	0.8	NonTarget	1	519816
2599.16	0.8	NonTarget	1	519832
2599.245	0.8	Target	2	519849
2599.325	0.8	NonTarget	1	519865
2599.41	0.8	NonTarget	1	519882
2599.495	0.8	NonTarget	1	519899
2599.575	0.8	NonTarget	1	519915
2599.665	0.8	NonTarget	1	519933
2599.745	0.8	NonTarget	1	519949
2599.83	0.8	NonTarget	1	519966
2599.91	0.8	NonTarget	1	519982
2599.995	0.8	NonTarget	1	519999
