onset	duration	trial_type	value	sample
891.655	0.8	NonTarget	1	178331
891.735	0.8	NonTarget	1	178347
891.82	0.8	NonTarget	1	178364
891.9	0.8	NonTarget	1	178380
891.985	0.8	NonTarget	1	178397
892.065	0.8	NonTarget	1	178413
892.15	0.8	NonTarget	1	178430
892.235	0.8	NonTarget	1	178447
892.32	0.8	NonTarget	1	178464
892.4	0.8	Target	2	178480
892.485	0.8	NonTarget	1	178497
892.57	0.8	NonTarget	1	178514
892.655	0.8	NonTarget	1	178531
892.735	0.8	NonTarget	1	178547
892.82	0.8	NonTarget	1	178564
892.905	0.8	NonTarget	1	178581
892.985	0.8	NonTarget	1	178597
893.07	0.8	NonTarget	1	178614
893.155	0.8	NonTarget	1	178631
893.235	0.8	NonTarget	1	178647
893.32	0.8	NonTarget	1	178664
893.405	0.8	NonTarget	1	178681
893.485	0.8	NonTarget	1	178697
893.57	0.8	NonTarget	1	178714
893.655	0.8	NonTarget	1	178731
893.74	0.8	NonTarget	1	178748
893.82	0.8	NonTarget	1	178764
893.905	0.8	NonTarget	1	178781
893.99	0.8	NonTarget	1	178798
894.075	0.8	NonTarget	1	178815
894.47	0.8	NonTarget	1	178894
894.555	0.8	NonTarget	1	178911
894.64	0.8	NonTarget	1	178928
894.725	0.8	NonTarget	1	178945
894.805	0.8	NonTarget	1	178961
894.89	0.8	NonTarget	1	178978
894.975	0.8	NonTarget	1	178995
895.055	0.8	NonTarget	1	179011
895.14	0.8	NonTarget	1	179028
895.225	0.8	NonTarget	1	179045
895.305	0.8	NonTarget	1	179061
895.39	0.8	NonTarget	1	179078
895.475	0.8	NonTarget	1	179095
895.555	0.8	NonTarget	1	179111
895.64	0.8	NonTarget	1	179128
895.725	0.8	NonTarget	1	179145
895.805	0.8	NonTarget	1	179161
895.89	0.8	NonTarget	1	179178
895.975	0.8	NonTarget	1	179195
896.06	0.8	NonTarget	1	179212
896.14	0.8	NonTarget	1	179228
896.225	0.8	NonTarget	1	179245
896.31	0.8	NonTarget	1	179262
896.39	0.8	NonTarget	1	179278
896.475	0.8	Target	2	179295
896.56	0.8	NonTarget	1	179312
896.64	0.8	NonTarget	1	179328
896.725	0.8	NonTarget	1	179345
896.81	0.8	NonTarget	1	179362
896.89	0.8	NonTarget	1	179378
897.295	0.8	NonTarget	1	179459
897.375	0.8	NonTarget	1	179475
897.46	0.8	NonTarget	1	179492
897.545	0.8	NonTarget	1	179509
897.625	0.8	NonTarget	1	179525
897.71	0.8	NonTarget	1	179542
897.795	0.8	NonTarget	1	179559
897.875	0.8	NonTarget	1	179575
897.96	0.8	NonTarget	1	179592
898.045	0.8	NonTarget	1	179609
898.125	0.8	NonTarget	1	179625
898.21	0.8	NonTarget	1	179642
898.295	0.8	NonTarget	1	179659
898.38	0.8	NonTarget	1	179676
898.46	0.8	NonTarget	1	179692
898.545	0.8	NonTarget	1	179709
898.625	0.8	NonTarget	1	179725
898.71	0.8	NonTarget	1	179742
898.795	0.8	NonTarget	1	179759
898.88	0.8	NonTarget	1	179776
898.96	0.8	NonTarget	1	179792
899.045	0.8	NonTarget	1	179809
899.13	0.8	NonTarget	1	179826
899.215	0.8	NonTarget	1	179843
899.295	0.8	NonTarget	1	179859
899.38	0.8	NonTarget	1	179876
899.465	0.8	NonTarget	1	179893
899.545	0.8	NonTarget	1	179909
899.63	0.8	NonTarget	1	179926
899.715	0.8	Target	2	179943
900.115	0.8	NonTarget	1	180023
900.195	0.8	NonTarget	1	180039
900.28	0.8	NonTarget	1	180056
900.365	0.8	NonTarget	1	180073
900.45	0.8	NonTarget	1	180090
900.53	0.8	NonTarget	1	180106
900.615	0.8	NonTarget	1	180123
900.695	0.8	NonTarget	1	180139
900.78	0.8	NonTarget	1	180156
900.865	0.8	NonTarget	1	180173
900.95	0.8	NonTarget	1	180190
901.03	0.8	NonTarget	1	180206
901.115	0.8	NonTarget	1	180223
901.2	0.8	NonTarget	1	180240
901.28	0.8	NonTarget	1	180256
901.365	0.8	NonTarget	1	180273
901.45	0.8	NonTarget	1	180290
901.535	0.8	NonTarget	1	180307
901.615	0.8	NonTarget	1	180323
901.7	0.8	Target	2	180340
901.785	0.8	NonTarget	1	180357
901.865	0.8	NonTarget	1	180373
901.95	0.8	NonTarget	1	180390
902.035	0.8	NonTarget	1	180407
902.115	0.8	NonTarget	1	180423
902.2	0.8	NonTarget	1	180440
902.285	0.8	NonTarget	1	180457
902.365	0.8	NonTarget	1	180473
902.45	0.8	NonTarget	1	180490
902.535	0.8	NonTarget	1	180507
902.935	0.8	NonTarget	1	180587
903.02	0.8	NonTarget	1	180604
903.1	0.8	NonTarget	1	180620
903.185	0.8	NonTarget	1	180637
903.27	0.8	NonTarget	1	180654
903.35	0.8	NonTarget	1	180670
903.435	0.8	NonTarget	1	180687
903.52	0.8	NonTarget	1	180704
903.6	0.8	NonTarget	1	180720
903.685	0.8	NonTarget	1	180737
903.77	0.8	NonTarget	1	180754
903.85	0.8	NonTarget	1	180770
903.935	0.8	NonTarget	1	180787
904.02	0.8	NonTarget	1	180804
904.105	0.8	Target	2	180821
904.185	0.8	NonTarget	1	180837
904.27	0.8	NonTarget	1	180854
904.355	0.8	NonTarget	1	180871
904.435	0.8	NonTarget	1	180887
904.52	0.8	NonTarget	1	180904
904.605	0.8	NonTarget	1	180921
904.685	0.8	NonTarget	1	180937
904.77	0.8	NonTarget	1	180954
904.855	0.8	NonTarget	1	180971
904.935	0.8	NonTarget	1	180987
905.02	0.8	NonTarget	1	181004
905.105	0.8	NonTarget	1	181021
905.19	0.8	NonTarget	1	181038
905.27	0.8	NonTarget	1	181054
905.355	0.8	NonTarget	1	181071
905.755	0.8	NonTarget	1	181151
905.84	0.8	NonTarget	1	181168
905.92	0.8	NonTarget	1	181184
906.005	0.8	NonTarget	1	181201
906.09	0.8	NonTarget	1	181218
906.17	0.8	NonTarget	1	181234
906.255	0.8	NonTarget	1	181251
906.34	0.8	NonTarget	1	181268
906.425	0.8	NonTarget	1	181285
906.505	0.8	NonTarget	1	181301
906.59	0.8	NonTarget	1	181318
906.67	0.8	NonTarget	1	181334
906.755	0.8	NonTarget	1	181351
906.84	0.8	NonTarget	1	181368
906.925	0.8	Target	2	181385
907.005	0.8	NonTarget	1	181401
907.09	0.8	NonTarget	1	181418
907.175	0.8	NonTarget	1	181435
907.26	0.8	NonTarget	1	181452
907.34	0.8	NonTarget	1	181468
907.425	0.8	NonTarget	1	181485
907.505	0.8	NonTarget	1	181501
907.59	0.8	NonTarget	1	181518
907.675	0.8	NonTarget	1	181535
907.755	0.8	NonTarget	1	181551
907.84	0.8	NonTarget	1	181568
907.925	0.8	NonTarget	1	181585
908.01	0.8	NonTarget	1	181602
908.09	0.8	NonTarget	1	181618
908.175	0.8	NonTarget	1	181635
908.575	0.8	NonTarget	1	181715
908.66	0.8	NonTarget	1	181732
908.745	0.8	NonTarget	1	181749
908.825	0.8	NonTarget	1	181765
908.91	0.8	NonTarget	1	181782
908.99	0.8	NonTarget	1	181798
909.075	0.8	NonTarget	1	181815
909.16	0.8	NonTarget	1	181832
909.245	0.8	NonTarget	1	181849
909.325	0.8	NonTarget	1	181865
909.41	0.8	NonTarget	1	181882
909.495	0.8	NonTarget	1	181899
909.58	0.8	NonTarget	1	181916
909.66	0.8	NonTarget	1	181932
909.745	0.8	Target	2	181949
909.83	0.8	NonTarget	1	181966
909.91	0.8	NonTarget	1	181982
909.995	0.8	NonTarget	1	181999
910.075	0.8	NonTarget	1	182015
910.16	0.8	NonTarget	1	182032
910.245	0.8	NonTarget	1	182049
910.33	0.8	NonTarget	1	182066
910.41	0.8	NonTarget	1	182082
910.495	0.8	NonTarget	1	182099
910.58	0.8	NonTarget	1	182116
910.66	0.8	NonTarget	1	182132
910.745	0.8	NonTarget	1	182149
910.83	0.8	NonTarget	1	182166
910.91	0.8	NonTarget	1	182182
910.995	0.8	NonTarget	1	182199
911.395	0.8	NonTarget	1	182279
911.48	0.8	NonTarget	1	182296
911.565	0.8	NonTarget	1	182313
911.645	0.8	NonTarget	1	182329
911.73	0.8	Target	2	182346
911.815	0.8	NonTarget	1	182363
911.895	0.8	NonTarget	1	182379
911.98	0.8	NonTarget	1	182396
912.065	0.8	NonTarget	1	182413
912.145	0.8	NonTarget	1	182429
912.23	0.8	NonTarget	1	182446
912.315	0.8	NonTarget	1	182463
912.4	0.8	NonTarget	1	182480
912.48	0.8	NonTarget	1	182496
912.565	0.8	NonTarget	1	182513
912.65	0.8	NonTarget	1	182530
912.73	0.8	NonTarget	1	182546
912.815	0.8	NonTarget	1	182563
912.9	0.8	NonTarget	1	182580
912.98	0.8	NonTarget	1	182596
913.065	0.8	NonTarget	1	182613
913.15	0.8	NonTarget	1	182630
913.23	0.8	NonTarget	1	182646
913.315	0.8	NonTarget	1	182663
913.4	0.8	NonTarget	1	182680
913.48	0.8	NonTarget	1	182696
913.565	0.8	NonTarget	1	182713
913.65	0.8	NonTarget	1	182730
913.735	0.8	NonTarget	1	182747
913.815	0.8	NonTarget	1	182763
914.215	0.8	NonTarget	1	182843
914.3	0.8	NonTarget	1	182860
914.385	0.8	NonTarget	1	182877
914.47	0.8	NonTarget	1	182894
914.55	0.8	NonTarget	1	182910
914.635	0.8	NonTarget	1	182927
914.715	0.8	NonTarget	1	182943
914.8	0.8	NonTarget	1	182960
914.885	0.8	NonTarget	1	182977
914.97	0.8	Target	2	182994
915.05	0.8	NonTarget	1	183010
915.135	0.8	NonTarget	1	183027
915.22	0.8	NonTarget	1	183044
915.3	0.8	NonTarget	1	183060
915.385	0.8	NonTarget	1	183077
915.47	0.8	NonTarget	1	183094
915.55	0.8	NonTarget	1	183110
915.635	0.8	NonTarget	1	183127
915.72	0.8	NonTarget	1	183144
915.805	0.8	NonTarget	1	183161
915.885	0.8	NonTarget	1	183177
915.97	0.8	NonTarget	1	183194
916.05	0.8	NonTarget	1	183210
916.135	0.8	NonTarget	1	183227
916.22	0.8	NonTarget	1	183244
916.305	0.8	NonTarget	1	183261
916.385	0.8	NonTarget	1	183277
916.47	0.8	NonTarget	1	183294
916.555	0.8	NonTarget	1	183311
916.635	0.8	NonTarget	1	183327
917.035	0.8	NonTarget	1	183407
917.12	0.8	NonTarget	1	183424
917.205	0.8	NonTarget	1	183441
917.29	0.8	NonTarget	1	183458
917.37	0.8	NonTarget	1	183474
917.455	0.8	NonTarget	1	183491
917.54	0.8	NonTarget	1	183508
917.625	0.8	NonTarget	1	183525
917.705	0.8	NonTarget	1	183541
917.79	0.8	NonTarget	1	183558
917.87	0.8	NonTarget	1	183574
917.955	0.8	NonTarget	1	183591
918.04	0.8	NonTarget	1	183608
918.12	0.8	NonTarget	1	183624
918.205	0.8	Target	2	183641
918.29	0.8	NonTarget	1	183658
918.37	0.8	NonTarget	1	183674
918.455	0.8	NonTarget	1	183691
918.54	0.8	NonTarget	1	183708
918.625	0.8	NonTarget	1	183725
918.705	0.8	NonTarget	1	183741
918.79	0.8	NonTarget	1	183758
918.87	0.8	NonTarget	1	183774
918.955	0.8	NonTarget	1	183791
919.04	0.8	NonTarget	1	183808
919.125	0.8	NonTarget	1	183825
919.205	0.8	NonTarget	1	183841
919.29	0.8	NonTarget	1	183858
919.375	0.8	NonTarget	1	183875
919.46	0.8	NonTarget	1	183892
929.525	0.8	NonTarget	1	185905
929.605	0.8	NonTarget	1	185921
929.69	0.8	NonTarget	1	185938
929.77	0.8	NonTarget	1	185954
929.855	0.8	NonTarget	1	185971
929.94	0.8	NonTarget	1	185988
930.025	0.8	NonTarget	1	186005
930.105	0.8	NonTarget	1	186021
930.19	0.8	NonTarget	1	186038
930.275	0.8	NonTarget	1	186055
930.355	0.8	NonTarget	1	186071
930.44	0.8	NonTarget	1	186088
930.525	0.8	NonTarget	1	186105
930.605	0.8	NonTarget	1	186121
930.69	0.8	NonTarget	1	186138
930.775	0.8	NonTarget	1	186155
930.855	0.8	NonTarget	1	186171
930.94	0.8	NonTarget	1	186188
931.025	0.8	NonTarget	1	186205
931.11	0.8	NonTarget	1	186222
931.19	0.8	NonTarget	1	186238
931.275	0.8	NonTarget	1	186255
931.355	0.8	NonTarget	1	186271
931.44	0.8	NonTarget	1	186288
931.525	0.8	NonTarget	1	186305
931.61	0.8	NonTarget	1	186322
931.69	0.8	NonTarget	1	186338
931.775	0.8	NonTarget	1	186355
931.86	0.8	NonTarget	1	186372
931.945	0.8	Target	2	186389
932.34	0.8	NonTarget	1	186468
932.425	0.8	NonTarget	1	186485
932.51	0.8	NonTarget	1	186502
932.59	0.8	NonTarget	1	186518
932.675	0.8	NonTarget	1	186535
932.76	0.8	NonTarget	1	186552
932.845	0.8	NonTarget	1	186569
932.925	0.8	NonTarget	1	186585
933.01	0.8	NonTarget	1	186602
933.095	0.8	NonTarget	1	186619
933.18	0.8	NonTarget	1	186636
933.26	0.8	NonTarget	1	186652
933.345	0.8	NonTarget	1	186669
933.43	0.8	NonTarget	1	186686
933.515	0.8	Target	2	186703
933.595	0.8	NonTarget	1	186719
933.675	0.8	NonTarget	1	186735
933.76	0.8	NonTarget	1	186752
933.845	0.8	NonTarget	1	186769
933.93	0.8	NonTarget	1	186786
934.01	0.8	NonTarget	1	186802
934.095	0.8	NonTarget	1	186819
934.18	0.8	NonTarget	1	186836
934.26	0.8	NonTarget	1	186852
934.345	0.8	NonTarget	1	186869
934.43	0.8	NonTarget	1	186886
934.515	0.8	NonTarget	1	186903
934.595	0.8	NonTarget	1	186919
934.68	0.8	NonTarget	1	186936
934.76	0.8	NonTarget	1	186952
935.165	0.8	NonTarget	1	187033
935.245	0.8	NonTarget	1	187049
935.33	0.8	NonTarget	1	187066
935.415	0.8	NonTarget	1	187083
935.495	0.8	NonTarget	1	187099
935.58	0.8	NonTarget	1	187116
935.665	0.8	NonTarget	1	187133
935.745	0.8	NonTarget	1	187149
935.83	0.8	NonTarget	1	187166
935.915	0.8	NonTarget	1	187183
936.0	0.8	NonTarget	1	187200
936.08	0.8	NonTarget	1	187216
936.165	0.8	NonTarget	1	187233
936.25	0.8	NonTarget	1	187250
936.33	0.8	NonTarget	1	187266
936.415	0.8	NonTarget	1	187283
936.5	0.8	NonTarget	1	187300
936.58	0.8	NonTarget	1	187316
936.665	0.8	NonTarget	1	187333
936.75	0.8	NonTarget	1	187350
936.835	0.8	NonTarget	1	187367
936.915	0.8	NonTarget	1	187383
937.0	0.8	NonTarget	1	187400
937.085	0.8	NonTarget	1	187417
937.165	0.8	Target	2	187433
937.25	0.8	NonTarget	1	187450
937.335	0.8	NonTarget	1	187467
937.415	0.8	NonTarget	1	187483
937.5	0.8	NonTarget	1	187500
937.585	0.8	NonTarget	1	187517
937.985	0.8	NonTarget	1	187597
938.065	0.8	NonTarget	1	187613
938.15	0.8	NonTarget	1	187630
938.235	0.8	NonTarget	1	187647
938.315	0.8	NonTarget	1	187663
938.4	0.8	NonTarget	1	187680
938.485	0.8	NonTarget	1	187697
938.565	0.8	NonTarget	1	187713
938.65	0.8	NonTarget	1	187730
938.735	0.8	NonTarget	1	187747
938.82	0.8	NonTarget	1	187764
938.9	0.8	NonTarget	1	187780
938.985	0.8	NonTarget	1	187797
939.07	0.8	NonTarget	1	187814
939.15	0.8	NonTarget	1	187830
939.235	0.8	NonTarget	1	187847
939.32	0.8	NonTarget	1	187864
939.405	0.8	NonTarget	1	187881
939.485	0.8	NonTarget	1	187897
939.57	0.8	NonTarget	1	187914
939.65	0.8	NonTarget	1	187930
939.735	0.8	NonTarget	1	187947
939.82	0.8	NonTarget	1	187964
939.905	0.8	NonTarget	1	187981
939.985	0.8	NonTarget	1	187997
940.07	0.8	NonTarget	1	188014
940.155	0.8	NonTarget	1	188031
940.235	0.8	NonTarget	1	188047
940.32	0.8	NonTarget	1	188064
940.405	0.8	Target	2	188081
940.805	0.8	NonTarget	1	188161
940.89	0.8	NonTarget	1	188178
940.97	0.8	NonTarget	1	188194
941.055	0.8	NonTarget	1	188211
941.14	0.8	NonTarget	1	188228
941.22	0.8	NonTarget	1	188244
941.305	0.8	NonTarget	1	188261
941.39	0.8	NonTarget	1	188278
941.47	0.8	NonTarget	1	188294
941.555	0.8	Target	2	188311
941.64	0.8	NonTarget	1	188328
941.72	0.8	NonTarget	1	188344
941.805	0.8	NonTarget	1	188361
941.89	0.8	NonTarget	1	188378
941.975	0.8	NonTarget	1	188395
942.055	0.8	NonTarget	1	188411
942.14	0.8	NonTarget	1	188428
942.225	0.8	NonTarget	1	188445
942.305	0.8	NonTarget	1	188461
942.39	0.8	NonTarget	1	188478
942.475	0.8	NonTarget	1	188495
942.555	0.8	NonTarget	1	188511
942.64	0.8	NonTarget	1	188528
942.725	0.8	NonTarget	1	188545
942.81	0.8	NonTarget	1	188562
942.89	0.8	NonTarget	1	188578
942.975	0.8	NonTarget	1	188595
943.055	0.8	NonTarget	1	188611
943.145	0.8	NonTarget	1	188629
943.225	0.8	NonTarget	1	188645
943.625	0.8	NonTarget	1	188725
943.71	0.8	NonTarget	1	188742
943.79	0.8	NonTarget	1	188758
943.875	0.8	NonTarget	1	188775
943.96	0.8	NonTarget	1	188792
944.045	0.8	NonTarget	1	188809
944.125	0.8	NonTarget	1	188825
944.21	0.8	NonTarget	1	188842
944.29	0.8	NonTarget	1	188858
944.38	0.8	Target	2	188876
944.46	0.8	NonTarget	1	188892
944.545	0.8	NonTarget	1	188909
944.63	0.8	NonTarget	1	188926
944.71	0.8	NonTarget	1	188942
944.79	0.8	NonTarget	1	188958
944.875	0.8	NonTarget	1	188975
944.96	0.8	NonTarget	1	188992
945.045	0.8	NonTarget	1	189009
945.125	0.8	NonTarget	1	189025
945.21	0.8	NonTarget	1	189042
945.295	0.8	NonTarget	1	189059
945.38	0.8	NonTarget	1	189076
945.46	0.8	NonTarget	1	189092
945.545	0.8	NonTarget	1	189109
945.63	0.8	NonTarget	1	189126
945.71	0.8	NonTarget	1	189142
945.795	0.8	NonTarget	1	189159
945.88	0.8	NonTarget	1	189176
945.96	0.8	NonTarget	1	189192
946.045	0.8	NonTarget	1	189209
946.445	0.8	NonTarget	1	189289
946.53	0.8	NonTarget	1	189306
946.615	0.8	NonTarget	1	189323
946.695	0.8	NonTarget	1	189339
946.78	0.8	NonTarget	1	189356
946.865	0.8	NonTarget	1	189373
946.945	0.8	NonTarget	1	189389
947.03	0.8	NonTarget	1	189406
947.115	0.8	NonTarget	1	189423
947.195	0.8	NonTarget	1	189439
947.28	0.8	NonTarget	1	189456
947.365	0.8	NonTarget	1	189473
947.445	0.8	NonTarget	1	189489
947.53	0.8	NonTarget	1	189506
947.615	0.8	Target	2	189523
947.695	0.8	NonTarget	1	189539
947.78	0.8	NonTarget	1	189556
947.865	0.8	NonTarget	1	189573
947.95	0.8	NonTarget	1	189590
948.03	0.8	NonTarget	1	189606
948.115	0.8	NonTarget	1	189623
948.195	0.8	NonTarget	1	189639
948.28	0.8	NonTarget	1	189656
948.365	0.8	NonTarget	1	189673
948.45	0.8	NonTarget	1	189690
948.53	0.8	NonTarget	1	189706
948.615	0.8	NonTarget	1	189723
948.7	0.8	NonTarget	1	189740
948.785	0.8	NonTarget	1	189757
948.865	0.8	NonTarget	1	189773
949.265	0.8	NonTarget	1	189853
949.35	0.8	NonTarget	1	189870
949.43	0.8	NonTarget	1	189886
949.515	0.8	NonTarget	1	189903
949.6	0.8	NonTarget	1	189920
949.685	0.8	NonTarget	1	189937
949.77	0.8	NonTarget	1	189954
949.85	0.8	NonTarget	1	189970
949.935	0.8	NonTarget	1	189987
950.02	0.8	NonTarget	1	190004
950.1	0.8	NonTarget	1	190020
950.185	0.8	NonTarget	1	190037
950.27	0.8	NonTarget	1	190054
950.35	0.8	NonTarget	1	190070
950.435	0.8	NonTarget	1	190087
950.52	0.8	NonTarget	1	190104
950.6	0.8	NonTarget	1	190120
950.685	0.8	NonTarget	1	190137
950.77	0.8	NonTarget	1	190154
950.85	0.8	NonTarget	1	190170
950.935	0.8	NonTarget	1	190187
951.02	0.8	NonTarget	1	190204
951.1	0.8	NonTarget	1	190220
951.185	0.8	NonTarget	1	190237
951.27	0.8	Target	2	190254
951.355	0.8	NonTarget	1	190271
951.435	0.8	NonTarget	1	190287
951.52	0.8	NonTarget	1	190304
951.605	0.8	NonTarget	1	190321
951.685	0.8	NonTarget	1	190337
952.09	0.8	NonTarget	1	190418
952.17	0.8	NonTarget	1	190434
952.255	0.8	NonTarget	1	190451
952.34	0.8	NonTarget	1	190468
952.42	0.8	NonTarget	1	190484
952.505	0.8	NonTarget	1	190501
952.59	0.8	NonTarget	1	190518
952.67	0.8	NonTarget	1	190534
952.755	0.8	NonTarget	1	190551
952.84	0.8	Target	2	190568
952.92	0.8	NonTarget	1	190584
953.005	0.8	NonTarget	1	190601
953.09	0.8	NonTarget	1	190618
953.17	0.8	NonTarget	1	190634
953.255	0.8	NonTarget	1	190651
953.34	0.8	NonTarget	1	190668
953.425	0.8	NonTarget	1	190685
953.505	0.8	NonTarget	1	190701
953.59	0.8	NonTarget	1	190718
953.67	0.8	NonTarget	1	190734
953.755	0.8	NonTarget	1	190751
953.84	0.8	NonTarget	1	190768
953.925	0.8	NonTarget	1	190785
954.005	0.8	NonTarget	1	190801
954.09	0.8	NonTarget	1	190818
954.175	0.8	NonTarget	1	190835
954.255	0.8	NonTarget	1	190851
954.34	0.8	NonTarget	1	190868
954.425	0.8	NonTarget	1	190885
954.505	0.8	NonTarget	1	190901
954.905	0.8	NonTarget	1	190981
954.99	0.8	NonTarget	1	190998
955.075	0.8	NonTarget	1	191015
955.16	0.8	NonTarget	1	191032
955.24	0.8	NonTarget	1	191048
955.325	0.8	NonTarget	1	191065
955.41	0.8	NonTarget	1	191082
955.49	0.8	NonTarget	1	191098
955.575	0.8	NonTarget	1	191115
955.66	0.8	NonTarget	1	191132
955.745	0.8	NonTarget	1	191149
955.825	0.8	NonTarget	1	191165
955.91	0.8	NonTarget	1	191182
955.995	0.8	NonTarget	1	191199
956.075	0.8	NonTarget	1	191215
956.16	0.8	NonTarget	1	191232
956.24	0.8	NonTarget	1	191248
956.325	0.8	NonTarget	1	191265
956.41	0.8	NonTarget	1	191282
956.495	0.8	NonTarget	1	191299
956.575	0.8	NonTarget	1	191315
956.66	0.8	NonTarget	1	191332
956.745	0.8	NonTarget	1	191349
956.83	0.8	NonTarget	1	191366
956.91	0.8	NonTarget	1	191382
956.995	0.8	NonTarget	1	191399
957.08	0.8	NonTarget	1	191416
957.16	0.8	NonTarget	1	191432
957.245	0.8	NonTarget	1	191449
957.33	0.8	Target	2	191466
967.35	0.8	NonTarget	1	193470
967.425	0.8	NonTarget	1	193485
967.51	0.8	NonTarget	1	193502
967.595	0.8	NonTarget	1	193519
967.675	0.8	NonTarget	1	193535
967.76	0.8	NonTarget	1	193552
967.84	0.8	NonTarget	1	193568
967.925	0.8	NonTarget	1	193585
968.01	0.8	NonTarget	1	193602
968.095	0.8	NonTarget	1	193619
968.175	0.8	NonTarget	1	193635
968.26	0.8	NonTarget	1	193652
968.345	0.8	Target	2	193669
968.425	0.8	NonTarget	1	193685
968.51	0.8	NonTarget	1	193702
968.595	0.8	NonTarget	1	193719
968.675	0.8	NonTarget	1	193735
968.76	0.8	NonTarget	1	193752
968.845	0.8	NonTarget	1	193769
968.925	0.8	NonTarget	1	193785
969.01	0.8	NonTarget	1	193802
969.095	0.8	NonTarget	1	193819
969.175	0.8	NonTarget	1	193835
969.26	0.8	NonTarget	1	193852
969.345	0.8	NonTarget	1	193869
969.43	0.8	NonTarget	1	193886
969.51	0.8	NonTarget	1	193902
969.595	0.8	NonTarget	1	193919
969.68	0.8	NonTarget	1	193936
969.765	0.8	NonTarget	1	193953
970.165	0.8	NonTarget	1	194033
970.245	0.8	NonTarget	1	194049
970.33	0.8	NonTarget	1	194066
970.415	0.8	NonTarget	1	194083
970.495	0.8	NonTarget	1	194099
970.58	0.8	NonTarget	1	194116
970.665	0.8	NonTarget	1	194133
970.745	0.8	Target	2	194149
970.83	0.8	NonTarget	1	194166
970.915	0.8	NonTarget	1	194183
970.995	0.8	NonTarget	1	194199
971.08	0.8	NonTarget	1	194216
971.165	0.8	NonTarget	1	194233
971.245	0.8	NonTarget	1	194249
971.33	0.8	NonTarget	1	194266
971.415	0.8	NonTarget	1	194283
971.5	0.8	NonTarget	1	194300
971.58	0.8	NonTarget	1	194316
971.665	0.8	NonTarget	1	194333
971.75	0.8	NonTarget	1	194350
971.83	0.8	NonTarget	1	194366
971.915	0.8	NonTarget	1	194383
972.0	0.8	NonTarget	1	194400
972.08	0.8	NonTarget	1	194416
972.165	0.8	NonTarget	1	194433
972.25	0.8	NonTarget	1	194450
972.335	0.8	NonTarget	1	194467
972.415	0.8	NonTarget	1	194483
972.5	0.8	NonTarget	1	194500
972.585	0.8	NonTarget	1	194517
972.98	0.8	NonTarget	1	194596
973.065	0.8	NonTarget	1	194613
973.15	0.8	Target	2	194630
973.235	0.8	NonTarget	1	194647
973.32	0.8	NonTarget	1	194664
973.4	0.8	NonTarget	1	194680
973.485	0.8	NonTarget	1	194697
973.565	0.8	NonTarget	1	194713
973.65	0.8	NonTarget	1	194730
973.735	0.8	NonTarget	1	194747
973.82	0.8	NonTarget	1	194764
973.9	0.8	NonTarget	1	194780
973.985	0.8	NonTarget	1	194797
974.07	0.8	NonTarget	1	194814
974.15	0.8	NonTarget	1	194830
974.235	0.8	NonTarget	1	194847
974.32	0.8	NonTarget	1	194864
974.4	0.8	NonTarget	1	194880
974.485	0.8	NonTarget	1	194897
974.57	0.8	NonTarget	1	194914
974.65	0.8	NonTarget	1	194930
974.735	0.8	NonTarget	1	194947
974.82	0.8	NonTarget	1	194964
974.905	0.8	NonTarget	1	194981
974.985	0.8	NonTarget	1	194997
975.07	0.8	NonTarget	1	195014
975.155	0.8	NonTarget	1	195031
975.235	0.8	NonTarget	1	195047
975.32	0.8	NonTarget	1	195064
975.405	0.8	NonTarget	1	195081
975.805	0.8	NonTarget	1	195161
975.89	0.8	NonTarget	1	195178
975.97	0.8	NonTarget	1	195194
976.055	0.8	NonTarget	1	195211
976.14	0.8	NonTarget	1	195228
976.22	0.8	NonTarget	1	195244
976.305	0.8	NonTarget	1	195261
976.39	0.8	NonTarget	1	195278
976.47	0.8	NonTarget	1	195294
976.555	0.8	NonTarget	1	195311
976.635	0.8	NonTarget	1	195327
976.72	0.8	NonTarget	1	195344
976.805	0.8	Target	2	195361
976.89	0.8	NonTarget	1	195378
976.975	0.8	NonTarget	1	195395
977.055	0.8	NonTarget	1	195411
977.14	0.8	NonTarget	1	195428
977.225	0.8	NonTarget	1	195445
977.305	0.8	NonTarget	1	195461
977.39	0.8	NonTarget	1	195478
977.475	0.8	NonTarget	1	195495
977.555	0.8	NonTarget	1	195511
977.64	0.8	NonTarget	1	195528
977.725	0.8	NonTarget	1	195545
977.805	0.8	NonTarget	1	195561
977.89	0.8	NonTarget	1	195578
977.975	0.8	NonTarget	1	195595
978.06	0.8	NonTarget	1	195612
978.14	0.8	NonTarget	1	195628
978.225	0.8	NonTarget	1	195645
978.625	0.8	NonTarget	1	195725
978.71	0.8	NonTarget	1	195742
978.79	0.8	NonTarget	1	195758
978.875	0.8	NonTarget	1	195775
978.96	0.8	NonTarget	1	195792
979.045	0.8	NonTarget	1	195809
979.125	0.8	NonTarget	1	195825
979.21	0.8	NonTarget	1	195842
979.29	0.8	NonTarget	1	195858
979.375	0.8	NonTarget	1	195875
979.46	0.8	NonTarget	1	195892
979.545	0.8	NonTarget	1	195909
979.625	0.8	NonTarget	1	195925
979.71	0.8	NonTarget	1	195942
979.795	0.8	NonTarget	1	195959
979.875	0.8	NonTarget	1	195975
979.96	0.8	NonTarget	1	195992
980.045	0.8	NonTarget	1	196009
980.125	0.8	NonTarget	1	196025
980.21	0.8	NonTarget	1	196042
980.295	0.8	NonTarget	1	196059
980.375	0.8	NonTarget	1	196075
980.46	0.8	NonTarget	1	196092
980.545	0.8	NonTarget	1	196109
980.63	0.8	NonTarget	1	196126
980.71	0.8	NonTarget	1	196142
980.795	0.8	NonTarget	1	196159
980.88	0.8	Target	2	196176
980.96	0.8	NonTarget	1	196192
981.045	0.8	NonTarget	1	196209
981.445	0.8	NonTarget	1	196289
981.53	0.8	NonTarget	1	196306
981.615	0.8	NonTarget	1	196323
981.695	0.8	NonTarget	1	196339
981.78	0.8	NonTarget	1	196356
981.865	0.8	NonTarget	1	196373
981.945	0.8	NonTarget	1	196389
982.03	0.8	NonTarget	1	196406
982.115	0.8	NonTarget	1	196423
982.195	0.8	NonTarget	1	196439
982.28	0.8	NonTarget	1	196456
982.36	0.8	NonTarget	1	196472
982.445	0.8	NonTarget	1	196489
982.53	0.8	NonTarget	1	196506
982.615	0.8	NonTarget	1	196523
982.7	0.8	NonTarget	1	196540
982.78	0.8	NonTarget	1	196556
982.865	0.8	NonTarget	1	196573
982.95	0.8	NonTarget	1	196590
983.03	0.8	NonTarget	1	196606
983.115	0.8	NonTarget	1	196623
983.2	0.8	NonTarget	1	196640
983.28	0.8	NonTarget	1	196656
983.365	0.8	NonTarget	1	196673
983.45	0.8	NonTarget	1	196690
983.53	0.8	NonTarget	1	196706
983.615	0.8	NonTarget	1	196723
983.7	0.8	Target	2	196740
983.785	0.8	NonTarget	1	196757
983.865	0.8	NonTarget	1	196773
984.265	0.8	NonTarget	1	196853
984.35	0.8	NonTarget	1	196870
984.435	0.8	NonTarget	1	196887
984.515	0.8	NonTarget	1	196903
984.6	0.8	NonTarget	1	196920
984.685	0.8	NonTarget	1	196937
984.765	0.8	NonTarget	1	196953
984.85	0.8	NonTarget	1	196970
984.935	0.8	NonTarget	1	196987
985.015	0.8	NonTarget	1	197003
985.1	0.8	NonTarget	1	197020
985.185	0.8	NonTarget	1	197037
985.27	0.8	Target	2	197054
985.35	0.8	NonTarget	1	197070
985.435	0.8	NonTarget	1	197087
985.515	0.8	NonTarget	1	197103
985.6	0.8	NonTarget	1	197120
985.685	0.8	NonTarget	1	197137
985.77	0.8	NonTarget	1	197154
985.85	0.8	NonTarget	1	197170
985.935	0.8	NonTarget	1	197187
986.02	0.8	NonTarget	1	197204
986.105	0.8	NonTarget	1	197221
986.185	0.8	NonTarget	1	197237
986.27	0.8	NonTarget	1	197254
986.355	0.8	NonTarget	1	197271
986.435	0.8	NonTarget	1	197287
986.52	0.8	NonTarget	1	197304
986.605	0.8	NonTarget	1	197321
986.685	0.8	NonTarget	1	197337
987.085	0.8	NonTarget	1	197417
987.17	0.8	NonTarget	1	197434
987.255	0.8	NonTarget	1	197451
987.34	0.8	NonTarget	1	197468
987.42	0.8	NonTarget	1	197484
987.505	0.8	NonTarget	1	197501
987.585	0.8	NonTarget	1	197517
987.67	0.8	NonTarget	1	197534
987.755	0.8	NonTarget	1	197551
987.84	0.8	NonTarget	1	197568
987.92	0.8	NonTarget	1	197584
988.005	0.8	NonTarget	1	197601
988.09	0.8	NonTarget	1	197618
988.175	0.8	NonTarget	1	197635
988.255	0.8	NonTarget	1	197651
988.34	0.8	NonTarget	1	197668
988.42	0.8	NonTarget	1	197684
988.505	0.8	NonTarget	1	197701
988.59	0.8	NonTarget	1	197718
988.67	0.8	NonTarget	1	197734
988.755	0.8	NonTarget	1	197751
988.84	0.8	NonTarget	1	197768
988.925	0.8	NonTarget	1	197785
989.005	0.8	NonTarget	1	197801
989.09	0.8	NonTarget	1	197818
989.175	0.8	NonTarget	1	197835
989.255	0.8	NonTarget	1	197851
989.34	0.8	Target	2	197868
989.425	0.8	NonTarget	1	197885
989.505	0.8	NonTarget	1	197901
989.905	0.8	NonTarget	1	197981
989.99	0.8	NonTarget	1	197998
990.075	0.8	NonTarget	1	198015
990.16	0.8	NonTarget	1	198032
990.24	0.8	NonTarget	1	198048
990.325	0.8	NonTarget	1	198065
990.41	0.8	NonTarget	1	198082
990.49	0.8	NonTarget	1	198098
990.575	0.8	NonTarget	1	198115
990.66	0.8	NonTarget	1	198132
990.74	0.8	NonTarget	1	198148
990.825	0.8	NonTarget	1	198165
990.91	0.8	NonTarget	1	198182
990.995	0.8	NonTarget	1	198199
991.075	0.8	NonTarget	1	198215
991.16	0.8	NonTarget	1	198232
991.24	0.8	NonTarget	1	198248
991.325	0.8	NonTarget	1	198265
991.41	0.8	NonTarget	1	198282
991.495	0.8	NonTarget	1	198299
991.575	0.8	NonTarget	1	198315
991.66	0.8	NonTarget	1	198332
991.745	0.8	NonTarget	1	198349
991.825	0.8	NonTarget	1	198365
991.91	0.8	NonTarget	1	198382
991.995	0.8	NonTarget	1	198399
992.075	0.8	NonTarget	1	198415
992.16	0.8	Target	2	198432
992.245	0.8	NonTarget	1	198449
992.33	0.8	NonTarget	1	198466
992.73	0.8	NonTarget	1	198546
992.815	0.8	NonTarget	1	198563
992.895	0.8	Target	2	198579
992.98	0.8	NonTarget	1	198596
993.06	0.8	NonTarget	1	198612
993.145	0.8	NonTarget	1	198629
993.225	0.8	NonTarget	1	198645
993.31	0.8	NonTarget	1	198662
993.395	0.8	NonTarget	1	198679
993.48	0.8	NonTarget	1	198696
993.56	0.8	NonTarget	1	198712
993.645	0.8	NonTarget	1	198729
993.73	0.8	NonTarget	1	198746
993.815	0.8	NonTarget	1	198763
993.895	0.8	NonTarget	1	198779
993.98	0.8	NonTarget	1	198796
994.065	0.8	NonTarget	1	198813
994.145	0.8	NonTarget	1	198829
994.23	0.8	NonTarget	1	198846
994.315	0.8	NonTarget	1	198863
994.4	0.8	NonTarget	1	198880
994.48	0.8	NonTarget	1	198896
994.565	0.8	NonTarget	1	198913
994.645	0.8	NonTarget	1	198929
994.73	0.8	NonTarget	1	198946
994.815	0.8	NonTarget	1	198963
994.9	0.8	NonTarget	1	198980
994.98	0.8	NonTarget	1	198996
995.065	0.8	NonTarget	1	199013
995.15	0.8	NonTarget	1	199030
1005.215	0.8	NonTarget	1	201043
1005.295	0.8	NonTarget	1	201059
1005.38	0.8	NonTarget	1	201076
1005.465	0.8	NonTarget	1	201093
1005.545	0.8	NonTarget	1	201109
1005.63	0.8	NonTarget	1	201126
1005.715	0.8	NonTarget	1	201143
1005.795	0.8	NonTarget	1	201159
1005.88	0.8	NonTarget	1	201176
1005.965	0.8	NonTarget	1	201193
1006.045	0.8	NonTarget	1	201209
1006.13	0.8	NonTarget	1	201226
1006.215	0.8	NonTarget	1	201243
1006.3	0.8	NonTarget	1	201260
1006.38	0.8	NonTarget	1	201276
1006.465	0.8	NonTarget	1	201293
1006.55	0.8	NonTarget	1	201310
1006.63	0.8	NonTarget	1	201326
1006.715	0.8	NonTarget	1	201343
1006.8	0.8	NonTarget	1	201360
1006.88	0.8	NonTarget	1	201376
1006.965	0.8	NonTarget	1	201393
1007.05	0.8	NonTarget	1	201410
1007.13	0.8	Target	2	201426
1007.215	0.8	NonTarget	1	201443
1007.3	0.8	NonTarget	1	201460
1007.38	0.8	NonTarget	1	201476
1007.465	0.8	NonTarget	1	201493
1007.55	0.8	NonTarget	1	201510
1007.63	0.8	NonTarget	1	201526
1008.035	0.8	NonTarget	1	201607
1008.115	0.8	NonTarget	1	201623
1008.2	0.8	NonTarget	1	201640
1008.285	0.8	NonTarget	1	201657
1008.365	0.8	NonTarget	1	201673
1008.45	0.8	NonTarget	1	201690
1008.535	0.8	NonTarget	1	201707
1008.615	0.8	NonTarget	1	201723
1008.7	0.8	NonTarget	1	201740
1008.785	0.8	NonTarget	1	201757
1008.865	0.8	NonTarget	1	201773
1008.95	0.8	NonTarget	1	201790
1009.035	0.8	NonTarget	1	201807
1009.115	0.8	NonTarget	1	201823
1009.2	0.8	NonTarget	1	201840
1009.285	0.8	NonTarget	1	201857
1009.37	0.8	NonTarget	1	201874
1009.45	0.8	NonTarget	1	201890
1009.535	0.8	NonTarget	1	201907
1009.62	0.8	NonTarget	1	201924
1009.7	0.8	NonTarget	1	201940
1009.785	0.8	NonTarget	1	201957
1009.87	0.8	NonTarget	1	201974
1009.95	0.8	NonTarget	1	201990
1010.035	0.8	NonTarget	1	202007
1010.12	0.8	NonTarget	1	202024
1010.205	0.8	NonTarget	1	202041
1010.285	0.8	NonTarget	1	202057
1010.37	0.8	Target	2	202074
1010.455	0.8	NonTarget	1	202091
1010.85	0.8	NonTarget	1	202170
1010.935	0.8	NonTarget	1	202187
1011.02	0.8	NonTarget	1	202204
1011.105	0.8	Target	2	202221
1011.185	0.8	NonTarget	1	202237
1011.27	0.8	NonTarget	1	202254
1011.355	0.8	NonTarget	1	202271
1011.435	0.8	NonTarget	1	202287
1011.52	0.8	NonTarget	1	202304
1011.605	0.8	NonTarget	1	202321
1011.69	0.8	NonTarget	1	202338
1011.77	0.8	NonTarget	1	202354
1011.855	0.8	NonTarget	1	202371
1011.94	0.8	NonTarget	1	202388
1012.02	0.8	NonTarget	1	202404
1012.105	0.8	NonTarget	1	202421
1012.19	0.8	NonTarget	1	202438
1012.275	0.8	NonTarget	1	202455
1012.355	0.8	NonTarget	1	202471
1012.44	0.8	NonTarget	1	202488
1012.52	0.8	NonTarget	1	202504
1012.605	0.8	NonTarget	1	202521
1012.69	0.8	NonTarget	1	202538
1012.775	0.8	NonTarget	1	202555
1012.86	0.8	NonTarget	1	202572
1012.94	0.8	NonTarget	1	202588
1013.025	0.8	NonTarget	1	202605
1013.11	0.8	NonTarget	1	202622
1013.19	0.8	NonTarget	1	202638
1013.275	0.8	NonTarget	1	202655
1013.675	0.8	NonTarget	1	202735
1013.76	0.8	NonTarget	1	202752
1013.84	0.8	NonTarget	1	202768
1013.925	0.8	NonTarget	1	202785
1014.01	0.8	NonTarget	1	202802
1014.09	0.8	NonTarget	1	202818
1014.175	0.8	NonTarget	1	202835
1014.26	0.8	NonTarget	1	202852
1014.34	0.8	Target	2	202868
1014.425	0.8	NonTarget	1	202885
1014.51	0.8	NonTarget	1	202902
1014.59	0.8	NonTarget	1	202918
1014.675	0.8	NonTarget	1	202935
1014.76	0.8	NonTarget	1	202952
1014.84	0.8	NonTarget	1	202968
1014.925	0.8	NonTarget	1	202985
1015.01	0.8	NonTarget	1	203002
1015.095	0.8	NonTarget	1	203019
1015.175	0.8	NonTarget	1	203035
1015.26	0.8	NonTarget	1	203052
1015.345	0.8	NonTarget	1	203069
1015.425	0.8	NonTarget	1	203085
1015.51	0.8	NonTarget	1	203102
1015.595	0.8	NonTarget	1	203119
1015.675	0.8	NonTarget	1	203135
1015.76	0.8	NonTarget	1	203152
1015.845	0.8	NonTarget	1	203169
1015.925	0.8	NonTarget	1	203185
1016.01	0.8	NonTarget	1	203202
1016.095	0.8	NonTarget	1	203219
1016.495	0.8	NonTarget	1	203299
1016.58	0.8	NonTarget	1	203316
1016.66	0.8	NonTarget	1	203332
1016.745	0.8	NonTarget	1	203349
1016.83	0.8	NonTarget	1	203366
1016.91	0.8	NonTarget	1	203382
1016.995	0.8	NonTarget	1	203399
1017.08	0.8	NonTarget	1	203416
1017.165	0.8	NonTarget	1	203433
1017.245	0.8	NonTarget	1	203449
1017.33	0.8	NonTarget	1	203466
1017.415	0.8	NonTarget	1	203483
1017.495	0.8	NonTarget	1	203499
1017.58	0.8	NonTarget	1	203516
1017.665	0.8	NonTarget	1	203533
1017.745	0.8	NonTarget	1	203549
1017.83	0.8	NonTarget	1	203566
1017.915	0.8	NonTarget	1	203583
1017.995	0.8	NonTarget	1	203599
1018.08	0.8	NonTarget	1	203616
1018.165	0.8	NonTarget	1	203633
1018.245	0.8	NonTarget	1	203649
1018.33	0.8	NonTarget	1	203666
1018.415	0.8	NonTarget	1	203683
1018.495	0.8	NonTarget	1	203699
1018.58	0.8	NonTarget	1	203716
1018.665	0.8	NonTarget	1	203733
1018.75	0.8	NonTarget	1	203750
1018.835	0.8	Target	2	203767
1018.915	0.8	NonTarget	1	203783
1019.315	0.8	NonTarget	1	203863
1019.4	0.8	NonTarget	1	203880
1019.485	0.8	NonTarget	1	203897
1019.565	0.8	NonTarget	1	203913
1019.65	0.8	NonTarget	1	203930
1019.735	0.8	NonTarget	1	203947
1019.815	0.8	NonTarget	1	203963
1019.9	0.8	NonTarget	1	203980
1019.985	0.8	NonTarget	1	203997
1020.065	0.8	NonTarget	1	204013
1020.15	0.8	NonTarget	1	204030
1020.23	0.8	NonTarget	1	204046
1020.315	0.8	NonTarget	1	204063
1020.4	0.8	Target	2	204080
1020.485	0.8	NonTarget	1	204097
1020.57	0.8	NonTarget	1	204114
1020.65	0.8	NonTarget	1	204130
1020.735	0.8	NonTarget	1	204147
1020.82	0.8	NonTarget	1	204164
1020.9	0.8	NonTarget	1	204180
1020.985	0.8	NonTarget	1	204197
1021.07	0.8	NonTarget	1	204214
1021.15	0.8	NonTarget	1	204230
1021.235	0.8	NonTarget	1	204247
1021.315	0.8	NonTarget	1	204263
1021.4	0.8	NonTarget	1	204280
1021.485	0.8	NonTarget	1	204297
1021.57	0.8	NonTarget	1	204314
1021.65	0.8	NonTarget	1	204330
1021.735	0.8	NonTarget	1	204347
1022.135	0.8	NonTarget	1	204427
1022.22	0.8	NonTarget	1	204444
1022.305	0.8	NonTarget	1	204461
1022.385	0.8	NonTarget	1	204477
1022.47	0.8	NonTarget	1	204494
1022.555	0.8	NonTarget	1	204511
1022.635	0.8	NonTarget	1	204527
1022.72	0.8	NonTarget	1	204544
1022.805	0.8	Target	2	204561
1022.885	0.8	NonTarget	1	204577
1022.97	0.8	NonTarget	1	204594
1023.055	0.8	NonTarget	1	204611
1023.14	0.8	NonTarget	1	204628
1023.22	0.8	NonTarget	1	204644
1023.305	0.8	NonTarget	1	204661
1023.39	0.8	NonTarget	1	204678
1023.47	0.8	NonTarget	1	204694
1023.555	0.8	NonTarget	1	204711
1023.64	0.8	NonTarget	1	204728
1023.725	0.8	NonTarget	1	204745
1023.805	0.8	NonTarget	1	204761
1023.89	0.8	NonTarget	1	204778
1023.975	0.8	NonTarget	1	204795
1024.055	0.8	NonTarget	1	204811
1024.14	0.8	NonTarget	1	204828
1024.225	0.8	NonTarget	1	204845
1024.305	0.8	NonTarget	1	204861
1024.39	0.8	NonTarget	1	204878
1024.475	0.8	NonTarget	1	204895
1024.555	0.8	NonTarget	1	204911
1024.955	0.8	NonTarget	1	204991
1025.04	0.8	NonTarget	1	205008
1025.125	0.8	NonTarget	1	205025
1025.21	0.8	NonTarget	1	205042
1025.29	0.8	NonTarget	1	205058
1025.375	0.8	NonTarget	1	205075
1025.46	0.8	NonTarget	1	205092
1025.54	0.8	NonTarget	1	205108
1025.625	0.8	NonTarget	1	205125
1025.71	0.8	NonTarget	1	205142
1025.79	0.8	NonTarget	1	205158
1025.875	0.8	NonTarget	1	205175
1025.96	0.8	NonTarget	1	205192
1026.04	0.8	NonTarget	1	205208
1026.125	0.8	NonTarget	1	205225
1026.21	0.8	NonTarget	1	205242
1026.29	0.8	NonTarget	1	205258
1026.375	0.8	NonTarget	1	205275
1026.46	0.8	NonTarget	1	205292
1026.545	0.8	NonTarget	1	205309
1026.625	0.8	NonTarget	1	205325
1026.71	0.8	NonTarget	1	205342
1026.79	0.8	NonTarget	1	205358
1026.875	0.8	NonTarget	1	205375
1026.96	0.8	NonTarget	1	205392
1027.04	0.8	NonTarget	1	205408
1027.125	0.8	NonTarget	1	205425
1027.21	0.8	NonTarget	1	205442
1027.295	0.8	Target	2	205459
1027.375	0.8	NonTarget	1	205475
1027.775	0.8	NonTarget	1	205555
1027.86	0.8	NonTarget	1	205572
1027.945	0.8	NonTarget	1	205589
1028.03	0.8	NonTarget	1	205606
1028.115	0.8	NonTarget	1	205623
1028.195	0.8	NonTarget	1	205639
1028.275	0.8	NonTarget	1	205655
1028.36	0.8	NonTarget	1	205672
1028.445	0.8	NonTarget	1	205689
1028.53	0.8	NonTarget	1	205706
1028.61	0.8	NonTarget	1	205722
1028.695	0.8	NonTarget	1	205739
1028.78	0.8	NonTarget	1	205756
1028.865	0.8	NonTarget	1	205773
1028.945	0.8	NonTarget	1	205789
1029.03	0.8	NonTarget	1	205806
1029.115	0.8	NonTarget	1	205823
1029.195	0.8	NonTarget	1	205839
1029.28	0.8	NonTarget	1	205856
1029.365	0.8	NonTarget	1	205873
1029.445	0.8	NonTarget	1	205889
1029.53	0.8	NonTarget	1	205906
1029.61	0.8	NonTarget	1	205922
1029.695	0.8	NonTarget	1	205939
1029.78	0.8	NonTarget	1	205956
1029.865	0.8	NonTarget	1	205973
1029.945	0.8	NonTarget	1	205989
1030.03	0.8	NonTarget	1	206006
1030.115	0.8	Target	2	206023
1030.2	0.8	NonTarget	1	206040
1030.6	0.8	NonTarget	1	206120
1030.685	0.8	NonTarget	1	206137
1030.765	0.8	NonTarget	1	206153
1030.85	0.8	NonTarget	1	206170
1030.93	0.8	NonTarget	1	206186
1031.015	0.8	NonTarget	1	206203
1031.1	0.8	NonTarget	1	206220
1031.185	0.8	NonTarget	1	206237
1031.265	0.8	NonTarget	1	206253
1031.35	0.8	NonTarget	1	206270
1031.43	0.8	NonTarget	1	206286
1031.515	0.8	NonTarget	1	206303
1031.6	0.8	NonTarget	1	206320
1031.685	0.8	Target	2	206337
1031.765	0.8	NonTarget	1	206353
1031.85	0.8	NonTarget	1	206370
1031.935	0.8	NonTarget	1	206387
1032.015	0.8	NonTarget	1	206403
1032.1	0.8	NonTarget	1	206420
1032.185	0.8	NonTarget	1	206437
1032.27	0.8	NonTarget	1	206454
1032.35	0.8	NonTarget	1	206470
1032.435	0.8	NonTarget	1	206487
1032.52	0.8	NonTarget	1	206504
1032.6	0.8	NonTarget	1	206520
1032.685	0.8	NonTarget	1	206537
1032.77	0.8	NonTarget	1	206554
1032.85	0.8	NonTarget	1	206570
1032.935	0.8	NonTarget	1	206587
1033.02	0.8	NonTarget	1	206604
1043.085	0.8	NonTarget	1	208617
1043.165	0.8	NonTarget	1	208633
1043.25	0.8	NonTarget	1	208650
1043.335	0.8	NonTarget	1	208667
1043.415	0.8	NonTarget	1	208683
1043.5	0.8	NonTarget	1	208700
1043.585	0.8	NonTarget	1	208717
1043.67	0.8	NonTarget	1	208734
1043.75	0.8	NonTarget	1	208750
1043.835	0.8	NonTarget	1	208767
1043.92	0.8	NonTarget	1	208784
1044.0	0.8	NonTarget	1	208800
1044.085	0.8	NonTarget	1	208817
1044.17	0.8	NonTarget	1	208834
1044.25	0.8	NonTarget	1	208850
1044.335	0.8	NonTarget	1	208867
1044.415	0.8	NonTarget	1	208883
1044.5	0.8	NonTarget	1	208900
1044.585	0.8	NonTarget	1	208917
1044.67	0.8	NonTarget	1	208934
1044.75	0.8	NonTarget	1	208950
1044.835	0.8	NonTarget	1	208967
1044.92	0.8	NonTarget	1	208984
1045.0	0.8	NonTarget	1	209000
1045.085	0.8	NonTarget	1	209017
1045.17	0.8	NonTarget	1	209034
1045.255	0.8	NonTarget	1	209051
1045.335	0.8	Target	2	209067
1045.42	0.8	NonTarget	1	209084
1045.505	0.8	NonTarget	1	209101
1045.905	0.8	NonTarget	1	209181
1045.985	0.8	NonTarget	1	209197
1046.07	0.8	NonTarget	1	209214
1046.155	0.8	NonTarget	1	209231
1046.24	0.8	NonTarget	1	209248
1046.32	0.8	NonTarget	1	209264
1046.405	0.8	NonTarget	1	209281
1046.485	0.8	NonTarget	1	209297
1046.57	0.8	NonTarget	1	209314
1046.655	0.8	NonTarget	1	209331
1046.74	0.8	NonTarget	1	209348
1046.82	0.8	NonTarget	1	209364
1046.905	0.8	NonTarget	1	209381
1046.99	0.8	NonTarget	1	209398
1047.07	0.8	NonTarget	1	209414
1047.155	0.8	NonTarget	1	209431
1047.24	0.8	NonTarget	1	209448
1047.32	0.8	NonTarget	1	209464
1047.405	0.8	NonTarget	1	209481
1047.49	0.8	NonTarget	1	209498
1047.57	0.8	NonTarget	1	209514
1047.655	0.8	NonTarget	1	209531
1047.74	0.8	NonTarget	1	209548
1047.825	0.8	NonTarget	1	209565
1047.91	0.8	NonTarget	1	209582
1047.99	0.8	NonTarget	1	209598
1048.075	0.8	NonTarget	1	209615
1048.155	0.8	Target	2	209631
1048.24	0.8	NonTarget	1	209648
1048.325	0.8	NonTarget	1	209665
1048.725	0.8	NonTarget	1	209745
1048.805	0.8	NonTarget	1	209761
1048.89	0.8	Target	2	209778
1048.975	0.8	NonTarget	1	209795
1049.055	0.8	NonTarget	1	209811
1049.14	0.8	NonTarget	1	209828
1049.225	0.8	NonTarget	1	209845
1049.31	0.8	NonTarget	1	209862
1049.39	0.8	NonTarget	1	209878
1049.475	0.8	NonTarget	1	209895
1049.56	0.8	NonTarget	1	209912
1049.64	0.8	NonTarget	1	209928
1049.725	0.8	NonTarget	1	209945
1049.81	0.8	NonTarget	1	209962
1049.895	0.8	NonTarget	1	209979
1049.975	0.8	NonTarget	1	209995
1050.06	0.8	NonTarget	1	210012
1050.14	0.8	NonTarget	1	210028
1050.225	0.8	NonTarget	1	210045
1050.31	0.8	NonTarget	1	210062
1050.395	0.8	NonTarget	1	210079
1050.475	0.8	NonTarget	1	210095
1050.56	0.8	NonTarget	1	210112
1050.645	0.8	NonTarget	1	210129
1050.725	0.8	NonTarget	1	210145
1050.81	0.8	NonTarget	1	210162
1050.895	0.8	NonTarget	1	210179
1050.98	0.8	NonTarget	1	210196
1051.06	0.8	NonTarget	1	210212
1051.145	0.8	NonTarget	1	210229
1051.545	0.8	NonTarget	1	210309
1051.63	0.8	NonTarget	1	210326
1051.71	0.8	Target	2	210342
1051.795	0.8	NonTarget	1	210359
1051.88	0.8	NonTarget	1	210376
1051.965	0.8	NonTarget	1	210393
1052.045	0.8	NonTarget	1	210409
1052.13	0.8	NonTarget	1	210426
1052.215	0.8	NonTarget	1	210443
1052.295	0.8	NonTarget	1	210459
1052.38	0.8	NonTarget	1	210476
1052.465	0.8	NonTarget	1	210493
1052.545	0.8	NonTarget	1	210509
1052.63	0.8	NonTarget	1	210526
1052.715	0.8	NonTarget	1	210543
1052.795	0.8	NonTarget	1	210559
1052.88	0.8	NonTarget	1	210576
1052.965	0.8	NonTarget	1	210593
1053.045	0.8	NonTarget	1	210609
1053.13	0.8	NonTarget	1	210626
1053.215	0.8	NonTarget	1	210643
1053.3	0.8	NonTarget	1	210660
1053.38	0.8	NonTarget	1	210676
1053.465	0.8	NonTarget	1	210693
1053.55	0.8	NonTarget	1	210710
1053.63	0.8	NonTarget	1	210726
1053.715	0.8	NonTarget	1	210743
1053.795	0.8	NonTarget	1	210759
1053.88	0.8	NonTarget	1	210776
1053.965	0.8	NonTarget	1	210793
1054.365	0.8	NonTarget	1	210873
1054.45	0.8	NonTarget	1	210890
1054.53	0.8	NonTarget	1	210906
1054.615	0.8	NonTarget	1	210923
1054.7	0.8	NonTarget	1	210940
1054.785	0.8	NonTarget	1	210957
1054.865	0.8	NonTarget	1	210973
1054.95	0.8	NonTarget	1	210990
1055.035	0.8	NonTarget	1	211007
1055.115	0.8	NonTarget	1	211023
1055.2	0.8	NonTarget	1	211040
1055.285	0.8	NonTarget	1	211057
1055.365	0.8	NonTarget	1	211073
1055.45	0.8	NonTarget	1	211090
1055.535	0.8	NonTarget	1	211107
1055.62	0.8	NonTarget	1	211124
1055.7	0.8	NonTarget	1	211140
1055.785	0.8	Target	2	211157
1055.87	0.8	NonTarget	1	211174
1055.95	0.8	NonTarget	1	211190
1056.035	0.8	NonTarget	1	211207
1056.12	0.8	NonTarget	1	211224
1056.2	0.8	NonTarget	1	211240
1056.285	0.8	NonTarget	1	211257
1056.37	0.8	NonTarget	1	211274
1056.45	0.8	NonTarget	1	211290
1056.535	0.8	NonTarget	1	211307
1056.62	0.8	NonTarget	1	211324
1056.705	0.8	NonTarget	1	211341
1056.785	0.8	NonTarget	1	211357
1057.185	0.8	NonTarget	1	211437
1057.27	0.8	NonTarget	1	211454
1057.355	0.8	NonTarget	1	211471
1057.435	0.8	NonTarget	1	211487
1057.52	0.8	NonTarget	1	211504
1057.605	0.8	NonTarget	1	211521
1057.685	0.8	NonTarget	1	211537
1057.77	0.8	NonTarget	1	211554
1057.855	0.8	NonTarget	1	211571
1057.935	0.8	NonTarget	1	211587
1058.02	0.8	NonTarget	1	211604
1058.105	0.8	NonTarget	1	211621
1058.19	0.8	NonTarget	1	211638
1058.27	0.8	NonTarget	1	211654
1058.355	0.8	NonTarget	1	211671
1058.44	0.8	NonTarget	1	211688
1058.52	0.8	NonTarget	1	211704
1058.605	0.8	Target	2	211721
1058.69	0.8	NonTarget	1	211738
1058.77	0.8	NonTarget	1	211754
1058.855	0.8	NonTarget	1	211771
1058.94	0.8	NonTarget	1	211788
1059.02	0.8	NonTarget	1	211804
1059.105	0.8	NonTarget	1	211821
1059.19	0.8	NonTarget	1	211838
1059.275	0.8	NonTarget	1	211855
1059.355	0.8	NonTarget	1	211871
1059.44	0.8	NonTarget	1	211888
1059.525	0.8	NonTarget	1	211905
1059.605	0.8	NonTarget	1	211921
1060.005	0.8	NonTarget	1	212001
1060.09	0.8	NonTarget	1	212018
1060.175	0.8	NonTarget	1	212035
1060.255	0.8	NonTarget	1	212051
1060.34	0.8	NonTarget	1	212068
1060.425	0.8	NonTarget	1	212085
1060.505	0.8	NonTarget	1	212101
1060.59	0.8	Target	2	212118
1060.675	0.8	NonTarget	1	212135
1060.755	0.8	NonTarget	1	212151
1060.84	0.8	NonTarget	1	212168
1060.925	0.8	NonTarget	1	212185
1061.01	0.8	NonTarget	1	212202
1061.09	0.8	NonTarget	1	212218
1061.175	0.8	NonTarget	1	212235
1061.255	0.8	NonTarget	1	212251
1061.34	0.8	NonTarget	1	212268
1061.425	0.8	NonTarget	1	212285
1061.51	0.8	NonTarget	1	212302
1061.59	0.8	NonTarget	1	212318
1061.675	0.8	NonTarget	1	212335
1061.76	0.8	NonTarget	1	212352
1061.84	0.8	NonTarget	1	212368
1061.925	0.8	NonTarget	1	212385
1062.01	0.8	NonTarget	1	212402
1062.095	0.8	NonTarget	1	212419
1062.175	0.8	NonTarget	1	212435
1062.26	0.8	NonTarget	1	212452
1062.345	0.8	NonTarget	1	212469
1062.43	0.8	NonTarget	1	212486
1062.825	0.8	NonTarget	1	212565
1062.91	0.8	NonTarget	1	212582
1062.995	0.8	NonTarget	1	212599
1063.08	0.8	NonTarget	1	212616
1063.16	0.8	NonTarget	1	212632
1063.245	0.8	NonTarget	1	212649
1063.33	0.8	NonTarget	1	212666
1063.41	0.8	NonTarget	1	212682
1063.495	0.8	NonTarget	1	212699
1063.58	0.8	NonTarget	1	212716
1063.66	0.8	NonTarget	1	212732
1063.745	0.8	NonTarget	1	212749
1063.83	0.8	NonTarget	1	212766
1063.91	0.8	NonTarget	1	212782
1063.995	0.8	NonTarget	1	212799
1064.08	0.8	NonTarget	1	212816
1064.16	0.8	NonTarget	1	212832
1064.245	0.8	NonTarget	1	212849
1064.33	0.8	NonTarget	1	212866
1064.41	0.8	NonTarget	1	212882
1064.495	0.8	NonTarget	1	212899
1064.58	0.8	NonTarget	1	212916
1064.665	0.8	NonTarget	1	212933
1064.745	0.8	NonTarget	1	212949
1064.83	0.8	NonTarget	1	212966
1064.915	0.8	NonTarget	1	212983
1065.0	0.8	NonTarget	1	213000
1065.08	0.8	Target	2	213016
1065.165	0.8	NonTarget	1	213033
1065.245	0.8	NonTarget	1	213049
1065.65	0.8	NonTarget	1	213130
1065.73	0.8	NonTarget	1	213146
1065.815	0.8	NonTarget	1	213163
1065.9	0.8	NonTarget	1	213180
1065.98	0.8	NonTarget	1	213196
1066.065	0.8	NonTarget	1	213213
1066.15	0.8	NonTarget	1	213230
1066.23	0.8	NonTarget	1	213246
1066.315	0.8	NonTarget	1	213263
1066.4	0.8	NonTarget	1	213280
1066.485	0.8	NonTarget	1	213297
1066.565	0.8	NonTarget	1	213313
1066.65	0.8	NonTarget	1	213330
1066.735	0.8	NonTarget	1	213347
1066.815	0.8	NonTarget	1	213363
1066.9	0.8	NonTarget	1	213380
1066.985	0.8	NonTarget	1	213397
1067.065	0.8	NonTarget	1	213413
1067.15	0.8	NonTarget	1	213430
1067.235	0.8	NonTarget	1	213447
1067.315	0.8	NonTarget	1	213463
1067.4	0.8	NonTarget	1	213480
1067.485	0.8	Target	2	213497
1067.57	0.8	NonTarget	1	213514
1067.65	0.8	NonTarget	1	213530
1067.735	0.8	NonTarget	1	213547
1067.82	0.8	NonTarget	1	213564
1067.9	0.8	NonTarget	1	213580
1067.985	0.8	NonTarget	1	213597
1068.07	0.8	NonTarget	1	213614
1068.47	0.8	NonTarget	1	213694
1068.55	0.8	NonTarget	1	213710
1068.635	0.8	NonTarget	1	213727
1068.72	0.8	NonTarget	1	213744
1068.805	0.8	NonTarget	1	213761
1068.89	0.8	NonTarget	1	213778
1068.97	0.8	NonTarget	1	213794
1069.055	0.8	NonTarget	1	213811
1069.135	0.8	NonTarget	1	213827
1069.22	0.8	NonTarget	1	213844
1069.305	0.8	NonTarget	1	213861
1069.385	0.8	NonTarget	1	213877
1069.47	0.8	NonTarget	1	213894
1069.555	0.8	NonTarget	1	213911
1069.635	0.8	NonTarget	1	213927
1069.72	0.8	NonTarget	1	213944
1069.805	0.8	NonTarget	1	213961
1069.885	0.8	Target	2	213977
1069.97	0.8	NonTarget	1	213994
1070.055	0.8	NonTarget	1	214011
1070.14	0.8	NonTarget	1	214028
1070.22	0.8	NonTarget	1	214044
1070.305	0.8	NonTarget	1	214061
1070.39	0.8	NonTarget	1	214078
1070.47	0.8	NonTarget	1	214094
1070.555	0.8	NonTarget	1	214111
1070.64	0.8	NonTarget	1	214128
1070.72	0.8	NonTarget	1	214144
1070.805	0.8	NonTarget	1	214161
1070.89	0.8	NonTarget	1	214178
1080.905	0.8	NonTarget	1	216181
1080.985	0.8	NonTarget	1	216197
1081.07	0.8	NonTarget	1	216214
1081.155	0.8	NonTarget	1	216231
1081.235	0.8	NonTarget	1	216247
1081.32	0.8	NonTarget	1	216264
1081.405	0.8	NonTarget	1	216281
1081.49	0.8	Target	2	216298
1081.57	0.8	NonTarget	1	216314
1081.655	0.8	NonTarget	1	216331
1081.74	0.8	NonTarget	1	216348
1081.82	0.8	NonTarget	1	216364
1081.905	0.8	NonTarget	1	216381
1081.985	0.8	NonTarget	1	216397
1082.07	0.8	NonTarget	1	216414
1082.155	0.8	NonTarget	1	216431
1082.24	0.8	NonTarget	1	216448
1082.32	0.8	NonTarget	1	216464
1082.405	0.8	NonTarget	1	216481
1082.49	0.8	NonTarget	1	216498
1082.57	0.8	NonTarget	1	216514
1082.655	0.8	NonTarget	1	216531
1082.74	0.8	NonTarget	1	216548
1082.82	0.8	NonTarget	1	216564
1082.905	0.8	NonTarget	1	216581
1082.99	0.8	NonTarget	1	216598
1083.075	0.8	NonTarget	1	216615
1083.155	0.8	NonTarget	1	216631
1083.24	0.8	NonTarget	1	216648
1083.325	0.8	NonTarget	1	216665
1083.725	0.8	NonTarget	1	216745
1083.81	0.8	NonTarget	1	216762
1083.89	0.8	NonTarget	1	216778
1083.975	0.8	NonTarget	1	216795
1084.055	0.8	NonTarget	1	216811
1084.14	0.8	NonTarget	1	216828
1084.225	0.8	NonTarget	1	216845
1084.31	0.8	NonTarget	1	216862
1084.39	0.8	NonTarget	1	216878
1084.475	0.8	NonTarget	1	216895
1084.555	0.8	NonTarget	1	216911
1084.64	0.8	NonTarget	1	216928
1084.725	0.8	NonTarget	1	216945
1084.81	0.8	NonTarget	1	216962
1084.89	0.8	NonTarget	1	216978
1084.975	0.8	NonTarget	1	216995
1085.06	0.8	NonTarget	1	217012
1085.145	0.8	Target	2	217029
1085.225	0.8	NonTarget	1	217045
1085.31	0.8	NonTarget	1	217062
1085.395	0.8	NonTarget	1	217079
1085.475	0.8	NonTarget	1	217095
1085.56	0.8	NonTarget	1	217112
1085.645	0.8	NonTarget	1	217129
1085.725	0.8	NonTarget	1	217145
1085.81	0.8	NonTarget	1	217162
1085.895	0.8	NonTarget	1	217179
1085.975	0.8	NonTarget	1	217195
1086.06	0.8	NonTarget	1	217212
1086.145	0.8	NonTarget	1	217229
1086.545	0.8	NonTarget	1	217309
1086.63	0.8	NonTarget	1	217326
1086.71	0.8	NonTarget	1	217342
1086.795	0.8	NonTarget	1	217359
1086.875	0.8	NonTarget	1	217375
1086.965	0.8	NonTarget	1	217393
1087.045	0.8	NonTarget	1	217409
1087.13	0.8	NonTarget	1	217426
1087.21	0.8	NonTarget	1	217442
1087.295	0.8	NonTarget	1	217459
1087.38	0.8	NonTarget	1	217476
1087.46	0.8	NonTarget	1	217492
1087.545	0.8	NonTarget	1	217509
1087.63	0.8	NonTarget	1	217526
1087.715	0.8	NonTarget	1	217543
1087.795	0.8	NonTarget	1	217559
1087.88	0.8	NonTarget	1	217576
1087.965	0.8	NonTarget	1	217593
1088.045	0.8	NonTarget	1	217609
1088.13	0.8	NonTarget	1	217626
1088.215	0.8	NonTarget	1	217643
1088.295	0.8	NonTarget	1	217659
1088.38	0.8	NonTarget	1	217676
1088.465	0.8	NonTarget	1	217693
1088.55	0.8	NonTarget	1	217710
1088.63	0.8	NonTarget	1	217726
1088.715	0.8	NonTarget	1	217743
1088.8	0.8	Target	2	217760
1088.88	0.8	NonTarget	1	217776
1088.965	0.8	NonTarget	1	217793
1089.365	0.8	NonTarget	1	217873
1089.45	0.8	NonTarget	1	217890
1089.53	0.8	NonTarget	1	217906
1089.615	0.8	NonTarget	1	217923
1089.7	0.8	NonTarget	1	217940
1089.785	0.8	NonTarget	1	217957
1089.865	0.8	NonTarget	1	217973
1089.95	0.8	NonTarget	1	217990
1090.03	0.8	NonTarget	1	218006
1090.115	0.8	NonTarget	1	218023
1090.2	0.8	NonTarget	1	218040
1090.285	0.8	NonTarget	1	218057
1090.365	0.8	Target	2	218073
1090.45	0.8	NonTarget	1	218090
1090.535	0.8	NonTarget	1	218107
1090.615	0.8	NonTarget	1	218123
1090.7	0.8	NonTarget	1	218140
1090.785	0.8	NonTarget	1	218157
1090.865	0.8	NonTarget	1	218173
1090.95	0.8	NonTarget	1	218190
1091.035	0.8	NonTarget	1	218207
1091.12	0.8	NonTarget	1	218224
1091.2	0.8	NonTarget	1	218240
1091.285	0.8	NonTarget	1	218257
1091.37	0.8	NonTarget	1	218274
1091.45	0.8	NonTarget	1	218290
1091.535	0.8	NonTarget	1	218307
1091.62	0.8	NonTarget	1	218324
1091.7	0.8	NonTarget	1	218340
1091.785	0.8	NonTarget	1	218357
1092.185	0.8	NonTarget	1	218437
1092.27	0.8	NonTarget	1	218454
1092.355	0.8	NonTarget	1	218471
1092.435	0.8	NonTarget	1	218487
1092.52	0.8	NonTarget	1	218504
1092.605	0.8	NonTarget	1	218521
1092.685	0.8	NonTarget	1	218537
1092.77	0.8	NonTarget	1	218554
1092.855	0.8	NonTarget	1	218571
1092.935	0.8	NonTarget	1	218587
1093.02	0.8	NonTarget	1	218604
1093.105	0.8	NonTarget	1	218621
1093.185	0.8	NonTarget	1	218637
1093.27	0.8	NonTarget	1	218654
1093.355	0.8	NonTarget	1	218671
1093.435	0.8	NonTarget	1	218687
1093.52	0.8	NonTarget	1	218704
1093.605	0.8	Target	2	218721
1093.69	0.8	NonTarget	1	218738
1093.77	0.8	NonTarget	1	218754
1093.855	0.8	NonTarget	1	218771
1093.94	0.8	NonTarget	1	218788
1094.02	0.8	NonTarget	1	218804
1094.105	0.8	NonTarget	1	218821
1094.19	0.8	NonTarget	1	218838
1094.275	0.8	NonTarget	1	218855
1094.355	0.8	NonTarget	1	218871
1094.44	0.8	NonTarget	1	218888
1094.525	0.8	NonTarget	1	218905
1094.605	0.8	NonTarget	1	218921
1095.005	0.8	NonTarget	1	219001
1095.09	0.8	NonTarget	1	219018
1095.175	0.8	NonTarget	1	219035
1095.255	0.8	NonTarget	1	219051
1095.34	0.8	NonTarget	1	219068
1095.425	0.8	NonTarget	1	219085
1095.51	0.8	NonTarget	1	219102
1095.59	0.8	Target	2	219118
1095.675	0.8	NonTarget	1	219135
1095.755	0.8	NonTarget	1	219151
1095.84	0.8	NonTarget	1	219168
1095.925	0.8	NonTarget	1	219185
1096.01	0.8	NonTarget	1	219202
1096.09	0.8	NonTarget	1	219218
1096.175	0.8	NonTarget	1	219235
1096.26	0.8	NonTarget	1	219252
1096.34	0.8	NonTarget	1	219268
1096.425	0.8	NonTarget	1	219285
1096.51	0.8	NonTarget	1	219302
1096.59	0.8	NonTarget	1	219318
1096.675	0.8	NonTarget	1	219335
1096.76	0.8	NonTarget	1	219352
1096.84	0.8	NonTarget	1	219368
1096.925	0.8	NonTarget	1	219385
1097.01	0.8	NonTarget	1	219402
1097.095	0.8	NonTarget	1	219419
1097.175	0.8	NonTarget	1	219435
1097.26	0.8	NonTarget	1	219452
1097.345	0.8	NonTarget	1	219469
1097.425	0.8	NonTarget	1	219485
1097.825	0.8	NonTarget	1	219565
1097.91	0.8	NonTarget	1	219582
1097.995	0.8	NonTarget	1	219599
1098.08	0.8	NonTarget	1	219616
1098.16	0.8	NonTarget	1	219632
1098.245	0.8	NonTarget	1	219649
1098.325	0.8	NonTarget	1	219665
1098.41	0.8	NonTarget	1	219682
1098.495	0.8	NonTarget	1	219699
1098.58	0.8	NonTarget	1	219716
1098.66	0.8	NonTarget	1	219732
1098.745	0.8	NonTarget	1	219749
1098.83	0.8	Target	2	219766
1098.91	0.8	NonTarget	1	219782
1098.995	0.8	NonTarget	1	219799
1099.08	0.8	NonTarget	1	219816
1099.16	0.8	NonTarget	1	219832
1099.245	0.8	NonTarget	1	219849
1099.33	0.8	NonTarget	1	219866
1099.415	0.8	NonTarget	1	219883
1099.495	0.8	NonTarget	1	219899
1099.58	0.8	NonTarget	1	219916
1099.665	0.8	NonTarget	1	219933
1099.745	0.8	NonTarget	1	219949
1099.83	0.8	NonTarget	1	219966
1099.915	0.8	NonTarget	1	219983
1099.995	0.8	NonTarget	1	219999
1100.08	0.8	NonTarget	1	220016
1100.165	0.8	NonTarget	1	220033
1100.245	0.8	NonTarget	1	220049
1100.645	0.8	NonTarget	1	220129
1100.73	0.8	NonTarget	1	220146
1100.815	0.8	NonTarget	1	220163
1100.9	0.8	NonTarget	1	220180
1100.98	0.8	NonTarget	1	220196
1101.065	0.8	NonTarget	1	220213
1101.15	0.8	NonTarget	1	220230
1101.23	0.8	NonTarget	1	220246
1101.315	0.8	NonTarget	1	220263
1101.4	0.8	NonTarget	1	220280
1101.485	0.8	NonTarget	1	220297
1101.565	0.8	NonTarget	1	220313
1101.65	0.8	NonTarget	1	220330
1101.73	0.8	NonTarget	1	220346
1101.815	0.8	NonTarget	1	220363
1101.9	0.8	NonTarget	1	220380
1101.98	0.8	NonTarget	1	220396
1102.065	0.8	NonTarget	1	220413
1102.15	0.8	NonTarget	1	220430
1102.235	0.8	NonTarget	1	220447
1102.315	0.8	NonTarget	1	220463
1102.4	0.8	NonTarget	1	220480
1102.485	0.8	Target	2	220497
1102.57	0.8	NonTarget	1	220514
1102.65	0.8	NonTarget	1	220530
1102.735	0.8	NonTarget	1	220547
1102.815	0.8	NonTarget	1	220563
1102.9	0.8	NonTarget	1	220580
1102.985	0.8	NonTarget	1	220597
1103.07	0.8	NonTarget	1	220614
1103.47	0.8	NonTarget	1	220694
1103.55	0.8	NonTarget	1	220710
1103.635	0.8	NonTarget	1	220727
1103.72	0.8	NonTarget	1	220744
1103.805	0.8	NonTarget	1	220761
1103.885	0.8	NonTarget	1	220777
1103.97	0.8	NonTarget	1	220794
1104.055	0.8	Target	2	220811
1104.135	0.8	NonTarget	1	220827
1104.22	0.8	NonTarget	1	220844
1104.305	0.8	NonTarget	1	220861
1104.385	0.8	NonTarget	1	220877
1104.47	0.8	NonTarget	1	220894
1104.555	0.8	NonTarget	1	220911
1104.635	0.8	NonTarget	1	220927
1104.72	0.8	NonTarget	1	220944
1104.805	0.8	NonTarget	1	220961
1104.885	0.8	NonTarget	1	220977
1104.97	0.8	NonTarget	1	220994
1105.055	0.8	NonTarget	1	221011
1105.14	0.8	NonTarget	1	221028
1105.22	0.8	NonTarget	1	221044
1105.305	0.8	NonTarget	1	221061
1105.39	0.8	NonTarget	1	221078
1105.47	0.8	NonTarget	1	221094
1105.555	0.8	NonTarget	1	221111
1105.64	0.8	NonTarget	1	221128
1105.72	0.8	NonTarget	1	221144
1105.805	0.8	NonTarget	1	221161
1105.89	0.8	NonTarget	1	221178
1106.29	0.8	NonTarget	1	221258
1106.375	0.8	NonTarget	1	221275
1106.455	0.8	Target	2	221291
1106.54	0.8	NonTarget	1	221308
1106.62	0.8	NonTarget	1	221324
1106.705	0.8	NonTarget	1	221341
1106.79	0.8	NonTarget	1	221358
1106.87	0.8	NonTarget	1	221374
1106.955	0.8	NonTarget	1	221391
1107.04	0.8	NonTarget	1	221408
1107.125	0.8	NonTarget	1	221425
1107.205	0.8	NonTarget	1	221441
1107.29	0.8	NonTarget	1	221458
1107.375	0.8	NonTarget	1	221475
1107.455	0.8	NonTarget	1	221491
1107.54	0.8	NonTarget	1	221508
1107.625	0.8	NonTarget	1	221525
1107.71	0.8	NonTarget	1	221542
1107.79	0.8	NonTarget	1	221558
1107.875	0.8	NonTarget	1	221575
1107.96	0.8	NonTarget	1	221592
1108.04	0.8	NonTarget	1	221608
1108.125	0.8	NonTarget	1	221625
1108.21	0.8	NonTarget	1	221642
1108.29	0.8	NonTarget	1	221658
1108.375	0.8	NonTarget	1	221675
1108.46	0.8	NonTarget	1	221692
1108.54	0.8	NonTarget	1	221708
1108.625	0.8	NonTarget	1	221725
1108.71	0.8	NonTarget	1	221742
1118.745	0.8	NonTarget	1	223749
1118.825	0.8	NonTarget	1	223765
1118.91	0.8	NonTarget	1	223782
1118.99	0.8	NonTarget	1	223798
1119.075	0.8	NonTarget	1	223815
1119.155	0.8	NonTarget	1	223831
1119.24	0.8	NonTarget	1	223848
1119.325	0.8	NonTarget	1	223865
1119.405	0.8	NonTarget	1	223881
1119.49	0.8	Target	2	223898
1119.575	0.8	NonTarget	1	223915
1119.66	0.8	NonTarget	1	223932
1119.74	0.8	NonTarget	1	223948
1119.825	0.8	NonTarget	1	223965
1119.91	0.8	NonTarget	1	223982
1119.99	0.8	NonTarget	1	223998
1120.075	0.8	NonTarget	1	224015
1120.16	0.8	NonTarget	1	224032
1120.245	0.8	NonTarget	1	224049
1120.325	0.8	NonTarget	1	224065
1120.41	0.8	NonTarget	1	224082
1120.495	0.8	NonTarget	1	224099
1120.575	0.8	NonTarget	1	224115
1120.66	0.8	NonTarget	1	224132
1120.745	0.8	NonTarget	1	224149
1120.825	0.8	NonTarget	1	224165
1120.91	0.8	NonTarget	1	224182
1120.99	0.8	NonTarget	1	224198
1121.075	0.8	NonTarget	1	224215
1121.16	0.8	NonTarget	1	224232
1121.56	0.8	NonTarget	1	224312
1121.645	0.8	NonTarget	1	224329
1121.73	0.8	NonTarget	1	224346
1121.81	0.8	NonTarget	1	224362
1121.895	0.8	NonTarget	1	224379
1121.975	0.8	NonTarget	1	224395
1122.06	0.8	NonTarget	1	224412
1122.145	0.8	NonTarget	1	224429
1122.23	0.8	NonTarget	1	224446
1122.315	0.8	Target	2	224463
1122.395	0.8	NonTarget	1	224479
1122.48	0.8	NonTarget	1	224496
1122.56	0.8	NonTarget	1	224512
1122.645	0.8	NonTarget	1	224529
1122.73	0.8	NonTarget	1	224546
1122.815	0.8	NonTarget	1	224563
1122.895	0.8	NonTarget	1	224579
1122.98	0.8	NonTarget	1	224596
1123.065	0.8	NonTarget	1	224613
1123.145	0.8	NonTarget	1	224629
1123.23	0.8	NonTarget	1	224646
1123.315	0.8	NonTarget	1	224663
1123.395	0.8	NonTarget	1	224679
1123.48	0.8	NonTarget	1	224696
1123.565	0.8	NonTarget	1	224713
1123.645	0.8	NonTarget	1	224729
1123.73	0.8	NonTarget	1	224746
1123.815	0.8	NonTarget	1	224763
1123.9	0.8	NonTarget	1	224780
1123.98	0.8	NonTarget	1	224796
1124.38	0.8	NonTarget	1	224876
1124.465	0.8	NonTarget	1	224893
1124.55	0.8	NonTarget	1	224910
1124.63	0.8	NonTarget	1	224926
1124.715	0.8	NonTarget	1	224943
1124.8	0.8	NonTarget	1	224960
1124.88	0.8	NonTarget	1	224976
1124.965	0.8	NonTarget	1	224993
1125.05	0.8	NonTarget	1	225010
1125.135	0.8	Target	2	225027
1125.215	0.8	NonTarget	1	225043
1125.3	0.8	NonTarget	1	225060
1125.385	0.8	NonTarget	1	225077
1125.465	0.8	NonTarget	1	225093
1125.55	0.8	NonTarget	1	225110
1125.635	0.8	NonTarget	1	225127
1125.715	0.8	NonTarget	1	225143
1125.8	0.8	NonTarget	1	225160
1125.885	0.8	NonTarget	1	225177
1125.965	0.8	NonTarget	1	225193
1126.05	0.8	NonTarget	1	225210
1126.135	0.8	NonTarget	1	225227
1126.22	0.8	NonTarget	1	225244
1126.3	0.8	NonTarget	1	225260
1126.385	0.8	NonTarget	1	225277
1126.465	0.8	NonTarget	1	225293
1126.55	0.8	NonTarget	1	225310
1126.635	0.8	NonTarget	1	225327
1126.715	0.8	NonTarget	1	225343
1126.8	0.8	NonTarget	1	225360
1127.2	0.8	NonTarget	1	225440
1127.285	0.8	NonTarget	1	225457
1127.37	0.8	NonTarget	1	225474
1127.455	0.8	NonTarget	1	225491
1127.535	0.8	NonTarget	1	225507
1127.62	0.8	NonTarget	1	225524
1127.705	0.8	NonTarget	1	225541
1127.785	0.8	NonTarget	1	225557
1127.87	0.8	NonTarget	1	225574
1127.95	0.8	NonTarget	1	225590
1128.035	0.8	NonTarget	1	225607
1128.12	0.8	NonTarget	1	225624
1128.205	0.8	NonTarget	1	225641
1128.285	0.8	NonTarget	1	225657
1128.37	0.8	NonTarget	1	225674
1128.455	0.8	NonTarget	1	225691
1128.535	0.8	NonTarget	1	225707
1128.62	0.8	NonTarget	1	225724
1128.705	0.8	NonTarget	1	225741
1128.79	0.8	Target	2	225758
1128.87	0.8	NonTarget	1	225774
1128.955	0.8	NonTarget	1	225791
1129.035	0.8	NonTarget	1	225807
1129.12	0.8	NonTarget	1	225824
1129.205	0.8	NonTarget	1	225841
1129.29	0.8	NonTarget	1	225858
1129.37	0.8	NonTarget	1	225874
1129.455	0.8	NonTarget	1	225891
1129.54	0.8	NonTarget	1	225908
1129.62	0.8	NonTarget	1	225924
1130.02	0.8	NonTarget	1	226004
1130.105	0.8	NonTarget	1	226021
1130.19	0.8	NonTarget	1	226038
1130.275	0.8	NonTarget	1	226055
1130.355	0.8	NonTarget	1	226071
1130.44	0.8	NonTarget	1	226088
1130.525	0.8	NonTarget	1	226105
1130.605	0.8	NonTarget	1	226121
1130.69	0.8	NonTarget	1	226138
1130.775	0.8	NonTarget	1	226155
1130.86	0.8	NonTarget	1	226172
1130.94	0.8	NonTarget	1	226188
1131.025	0.8	NonTarget	1	226205
1131.11	0.8	NonTarget	1	226222
1131.19	0.8	NonTarget	1	226238
1131.275	0.8	NonTarget	1	226255
1131.355	0.8	NonTarget	1	226271
1131.44	0.8	NonTarget	1	226288
1131.525	0.8	NonTarget	1	226305
1131.61	0.8	Target	2	226322
1131.69	0.8	NonTarget	1	226338
1131.775	0.8	NonTarget	1	226355
1131.86	0.8	NonTarget	1	226372
1131.945	0.8	NonTarget	1	226389
1132.025	0.8	NonTarget	1	226405
1132.11	0.8	NonTarget	1	226422
1132.195	0.8	NonTarget	1	226439
1132.275	0.8	NonTarget	1	226455
1132.36	0.8	NonTarget	1	226472
1132.44	0.8	NonTarget	1	226488
1132.845	0.8	NonTarget	1	226569
1132.925	0.8	NonTarget	1	226585
1133.01	0.8	NonTarget	1	226602
1133.095	0.8	NonTarget	1	226619
1133.175	0.8	NonTarget	1	226635
1133.26	0.8	NonTarget	1	226652
1133.345	0.8	NonTarget	1	226669
1133.425	0.8	NonTarget	1	226685
1133.51	0.8	NonTarget	1	226702
1133.595	0.8	NonTarget	1	226719
1133.675	0.8	NonTarget	1	226735
1133.76	0.8	NonTarget	1	226752
1133.845	0.8	NonTarget	1	226769
1133.93	0.8	NonTarget	1	226786
1134.01	0.8	Target	2	226802
1134.095	0.8	NonTarget	1	226819
1134.18	0.8	NonTarget	1	226836
1134.265	0.8	NonTarget	1	226853
1134.345	0.8	NonTarget	1	226869
1134.43	0.8	NonTarget	1	226886
1134.515	0.8	NonTarget	1	226903
1134.595	0.8	NonTarget	1	226919
1134.68	0.8	NonTarget	1	226936
1134.765	0.8	NonTarget	1	226953
1134.845	0.8	NonTarget	1	226969
1134.93	0.8	NonTarget	1	226986
1135.015	0.8	NonTarget	1	227003
1135.095	0.8	NonTarget	1	227019
1135.18	0.8	NonTarget	1	227036
1135.265	0.8	NonTarget	1	227053
1135.66	0.8	NonTarget	1	227132
1135.745	0.8	NonTarget	1	227149
1135.83	0.8	NonTarget	1	227166
1135.915	0.8	NonTarget	1	227183
1136.0	0.8	Target	2	227200
1136.08	0.8	NonTarget	1	227216
1136.165	0.8	NonTarget	1	227233
1136.245	0.8	NonTarget	1	227249
1136.33	0.8	NonTarget	1	227266
1136.415	0.8	NonTarget	1	227283
1136.5	0.8	NonTarget	1	227300
1136.58	0.8	NonTarget	1	227316
1136.665	0.8	NonTarget	1	227333
1136.75	0.8	NonTarget	1	227350
1136.83	0.8	NonTarget	1	227366
1136.915	0.8	NonTarget	1	227383
1137.0	0.8	NonTarget	1	227400
1137.085	0.8	NonTarget	1	227417
1137.165	0.8	NonTarget	1	227433
1137.25	0.8	NonTarget	1	227450
1137.33	0.8	NonTarget	1	227466
1137.415	0.8	NonTarget	1	227483
1137.5	0.8	NonTarget	1	227500
1137.585	0.8	NonTarget	1	227517
1137.665	0.8	NonTarget	1	227533
1137.75	0.8	NonTarget	1	227550
1137.835	0.8	NonTarget	1	227567
1137.915	0.8	NonTarget	1	227583
1138.0	0.8	NonTarget	1	227600
1138.085	0.8	NonTarget	1	227617
1138.485	0.8	NonTarget	1	227697
1138.57	0.8	NonTarget	1	227714
1138.655	0.8	NonTarget	1	227731
1138.735	0.8	NonTarget	1	227747
1138.82	0.8	NonTarget	1	227764
1138.9	0.8	NonTarget	1	227780
1138.985	0.8	NonTarget	1	227797
1139.07	0.8	NonTarget	1	227814
1139.155	0.8	NonTarget	1	227831
1139.235	0.8	NonTarget	1	227847
1139.32	0.8	NonTarget	1	227864
1139.405	0.8	NonTarget	1	227881
1139.485	0.8	NonTarget	1	227897
1139.57	0.8	NonTarget	1	227914
1139.655	0.8	NonTarget	1	227931
1139.735	0.8	NonTarget	1	227947
1139.82	0.8	NonTarget	1	227964
1139.905	0.8	NonTarget	1	227981
1139.985	0.8	NonTarget	1	227997
1140.07	0.8	Target	2	228014
1140.155	0.8	NonTarget	1	228031
1140.235	0.8	NonTarget	1	228047
1140.32	0.8	NonTarget	1	228064
1140.405	0.8	NonTarget	1	228081
1140.485	0.8	NonTarget	1	228097
1140.57	0.8	NonTarget	1	228114
1140.655	0.8	NonTarget	1	228131
1140.735	0.8	NonTarget	1	228147
1140.82	0.8	NonTarget	1	228164
1140.905	0.8	NonTarget	1	228181
1141.305	0.8	NonTarget	1	228261
1141.39	0.8	NonTarget	1	228278
1141.47	0.8	NonTarget	1	228294
1141.555	0.8	NonTarget	1	228311
1141.64	0.8	NonTarget	1	228328
1141.725	0.8	NonTarget	1	228345
1141.805	0.8	NonTarget	1	228361
1141.89	0.8	NonTarget	1	228378
1141.975	0.8	NonTarget	1	228395
1142.055	0.8	NonTarget	1	228411
1142.14	0.8	NonTarget	1	228428
1142.225	0.8	NonTarget	1	228445
1142.305	0.8	NonTarget	1	228461
1142.39	0.8	NonTarget	1	228478
1142.475	0.8	NonTarget	1	228495
1142.56	0.8	NonTarget	1	228512
1142.64	0.8	NonTarget	1	228528
1142.725	0.8	NonTarget	1	228545
1142.805	0.8	NonTarget	1	228561
1142.89	0.8	Target	2	228578
1142.975	0.8	NonTarget	1	228595
1143.06	0.8	NonTarget	1	228612
1143.14	0.8	NonTarget	1	228628
1143.225	0.8	NonTarget	1	228645
1143.31	0.8	NonTarget	1	228662
1143.39	0.8	NonTarget	1	228678
1143.475	0.8	NonTarget	1	228695
1143.56	0.8	NonTarget	1	228712
1143.64	0.8	NonTarget	1	228728
1143.725	0.8	NonTarget	1	228745
1144.125	0.8	NonTarget	1	228825
1144.21	0.8	NonTarget	1	228842
1144.295	0.8	NonTarget	1	228859
1144.375	0.8	NonTarget	1	228875
1144.46	0.8	NonTarget	1	228892
1144.545	0.8	NonTarget	1	228909
1144.625	0.8	NonTarget	1	228925
1144.71	0.8	NonTarget	1	228942
1144.795	0.8	NonTarget	1	228959
1144.875	0.8	NonTarget	1	228975
1144.96	0.8	NonTarget	1	228992
1145.045	0.8	NonTarget	1	229009
1145.13	0.8	NonTarget	1	229026
1145.21	0.8	NonTarget	1	229042
1145.295	0.8	NonTarget	1	229059
1145.375	0.8	NonTarget	1	229075
1145.46	0.8	NonTarget	1	229092
1145.545	0.8	NonTarget	1	229109
1145.63	0.8	NonTarget	1	229126
1145.71	0.8	NonTarget	1	229142
1145.795	0.8	NonTarget	1	229159
1145.88	0.8	NonTarget	1	229176
1145.96	0.8	NonTarget	1	229192
1146.045	0.8	NonTarget	1	229209
1146.13	0.8	Target	2	229226
1146.215	0.8	NonTarget	1	229243
1146.295	0.8	NonTarget	1	229259
1146.38	0.8	NonTarget	1	229276
1146.465	0.8	NonTarget	1	229293
1146.545	0.8	NonTarget	1	229309
1156.595	0.8	NonTarget	1	231319
1156.675	0.8	NonTarget	1	231335
1156.76	0.8	NonTarget	1	231352
1156.845	0.8	NonTarget	1	231369
1156.925	0.8	NonTarget	1	231385
1157.01	0.8	NonTarget	1	231402
1157.095	0.8	NonTarget	1	231419
1157.18	0.8	NonTarget	1	231436
1157.26	0.8	NonTarget	1	231452
1157.345	0.8	NonTarget	1	231469
1157.43	0.8	Target	2	231486
1157.51	0.8	NonTarget	1	231502
1157.595	0.8	NonTarget	1	231519
1157.68	0.8	NonTarget	1	231536
1157.76	0.8	NonTarget	1	231552
1157.845	0.8	NonTarget	1	231569
1157.93	0.8	NonTarget	1	231586
1158.015	0.8	NonTarget	1	231603
1158.095	0.8	NonTarget	1	231619
1158.18	0.8	NonTarget	1	231636
1158.265	0.8	NonTarget	1	231653
1158.345	0.8	NonTarget	1	231669
1158.43	0.8	NonTarget	1	231686
1158.515	0.8	NonTarget	1	231703
1158.595	0.8	NonTarget	1	231719
1158.68	0.8	NonTarget	1	231736
1158.765	0.8	NonTarget	1	231753
1158.845	0.8	NonTarget	1	231769
1158.93	0.8	NonTarget	1	231786
1159.015	0.8	NonTarget	1	231803
1159.415	0.8	NonTarget	1	231883
1159.495	0.8	NonTarget	1	231899
1159.58	0.8	NonTarget	1	231916
1159.665	0.8	NonTarget	1	231933
1159.75	0.8	NonTarget	1	231950
1159.83	0.8	NonTarget	1	231966
1159.915	0.8	NonTarget	1	231983
1159.995	0.8	NonTarget	1	231999
1160.08	0.8	NonTarget	1	232016
1160.165	0.8	NonTarget	1	232033
1160.25	0.8	NonTarget	1	232050
1160.335	0.8	NonTarget	1	232067
1160.415	0.8	NonTarget	1	232083
1160.5	0.8	NonTarget	1	232100
1160.58	0.8	NonTarget	1	232116
1160.665	0.8	Target	2	232133
1160.75	0.8	NonTarget	1	232150
1160.835	0.8	NonTarget	1	232167
1160.915	0.8	NonTarget	1	232183
1161.0	0.8	NonTarget	1	232200
1161.085	0.8	NonTarget	1	232217
1161.165	0.8	NonTarget	1	232233
1161.25	0.8	NonTarget	1	232250
1161.335	0.8	NonTarget	1	232267
1161.415	0.8	NonTarget	1	232283
1161.5	0.8	NonTarget	1	232300
1161.585	0.8	NonTarget	1	232317
1161.67	0.8	NonTarget	1	232334
1161.75	0.8	NonTarget	1	232350
1161.835	0.8	NonTarget	1	232367
1162.235	0.8	NonTarget	1	232447
1162.32	0.8	NonTarget	1	232464
1162.4	0.8	NonTarget	1	232480
1162.485	0.8	NonTarget	1	232497
1162.57	0.8	NonTarget	1	232514
1162.65	0.8	NonTarget	1	232530
1162.735	0.8	NonTarget	1	232547
1162.82	0.8	NonTarget	1	232564
1162.905	0.8	NonTarget	1	232581
1162.985	0.8	NonTarget	1	232597
1163.07	0.8	NonTarget	1	232614
1163.155	0.8	NonTarget	1	232631
1163.235	0.8	NonTarget	1	232647
1163.32	0.8	NonTarget	1	232664
1163.405	0.8	NonTarget	1	232681
1163.485	0.8	Target	2	232697
1163.57	0.8	NonTarget	1	232714
1163.655	0.8	NonTarget	1	232731
1163.74	0.8	NonTarget	1	232748
1163.82	0.8	NonTarget	1	232764
1163.905	0.8	NonTarget	1	232781
1163.985	0.8	NonTarget	1	232797
1164.07	0.8	NonTarget	1	232814
1164.155	0.8	NonTarget	1	232831
1164.235	0.8	NonTarget	1	232847
1164.32	0.8	NonTarget	1	232864
1164.405	0.8	NonTarget	1	232881
1164.49	0.8	NonTarget	1	232898
1164.57	0.8	NonTarget	1	232914
1164.655	0.8	NonTarget	1	232931
1165.055	0.8	NonTarget	1	233011
1165.14	0.8	NonTarget	1	233028
1165.225	0.8	NonTarget	1	233045
1165.305	0.8	NonTarget	1	233061
1165.39	0.8	NonTarget	1	233078
1165.475	0.8	Target	2	233095
1165.555	0.8	NonTarget	1	233111
1165.64	0.8	NonTarget	1	233128
1165.725	0.8	NonTarget	1	233145
1165.805	0.8	NonTarget	1	233161
1165.89	0.8	NonTarget	1	233178
1165.975	0.8	NonTarget	1	233195
1166.06	0.8	NonTarget	1	233212
1166.14	0.8	NonTarget	1	233228
1166.225	0.8	NonTarget	1	233245
1166.305	0.8	NonTarget	1	233261
1166.39	0.8	NonTarget	1	233278
1166.475	0.8	NonTarget	1	233295
1166.56	0.8	NonTarget	1	233312
1166.64	0.8	NonTarget	1	233328
1166.725	0.8	NonTarget	1	233345
1166.81	0.8	NonTarget	1	233362
1166.89	0.8	NonTarget	1	233378
1166.975	0.8	NonTarget	1	233395
1167.06	0.8	NonTarget	1	233412
1167.14	0.8	NonTarget	1	233428
1167.225	0.8	NonTarget	1	233445
1167.31	0.8	NonTarget	1	233462
1167.39	0.8	NonTarget	1	233478
1167.475	0.8	NonTarget	1	233495
1167.875	0.8	NonTarget	1	233575
1167.96	0.8	NonTarget	1	233592
1168.045	0.8	NonTarget	1	233609
1168.125	0.8	NonTarget	1	233625
1168.21	0.8	NonTarget	1	233642
1168.295	0.8	NonTarget	1	233659
1168.375	0.8	NonTarget	1	233675
1168.46	0.8	NonTarget	1	233692
1168.545	0.8	NonTarget	1	233709
1168.63	0.8	NonTarget	1	233726
1168.71	0.8	Target	2	233742
1168.795	0.8	NonTarget	1	233759
1168.875	0.8	NonTarget	1	233775
1168.96	0.8	NonTarget	1	233792
1169.045	0.8	NonTarget	1	233809
1169.13	0.8	NonTarget	1	233826
1169.21	0.8	NonTarget	1	233842
1169.295	0.8	NonTarget	1	233859
1169.38	0.8	NonTarget	1	233876
1169.465	0.8	NonTarget	1	233893
1169.545	0.8	NonTarget	1	233909
1169.63	0.8	NonTarget	1	233926
1169.71	0.8	NonTarget	1	233942
1169.795	0.8	NonTarget	1	233959
1169.88	0.8	NonTarget	1	233976
1169.96	0.8	NonTarget	1	233992
1170.045	0.8	NonTarget	1	234009
1170.13	0.8	NonTarget	1	234026
1170.215	0.8	NonTarget	1	234043
1170.295	0.8	NonTarget	1	234059
1170.695	0.8	NonTarget	1	234139
1170.78	0.8	NonTarget	1	234156
1170.865	0.8	NonTarget	1	234173
1170.945	0.8	NonTarget	1	234189
1171.03	0.8	NonTarget	1	234206
1171.115	0.8	NonTarget	1	234223
1171.195	0.8	NonTarget	1	234239
1171.28	0.8	NonTarget	1	234256
1171.365	0.8	NonTarget	1	234273
1171.445	0.8	NonTarget	1	234289
1171.53	0.8	NonTarget	1	234306
1171.615	0.8	NonTarget	1	234323
1171.7	0.8	NonTarget	1	234340
1171.785	0.8	NonTarget	1	234357
1171.865	0.8	NonTarget	1	234373
1171.95	0.8	NonTarget	1	234390
1172.03	0.8	NonTarget	1	234406
1172.115	0.8	NonTarget	1	234423
1172.2	0.8	NonTarget	1	234440
1172.285	0.8	NonTarget	1	234457
1172.365	0.8	NonTarget	1	234473
1172.45	0.8	NonTarget	1	234490
1172.535	0.8	NonTarget	1	234507
1172.615	0.8	NonTarget	1	234523
1172.7	0.8	NonTarget	1	234540
1172.785	0.8	Target	2	234557
1172.865	0.8	NonTarget	1	234573
1172.95	0.8	NonTarget	1	234590
1173.035	0.8	NonTarget	1	234607
1173.115	0.8	NonTarget	1	234623
1173.52	0.8	NonTarget	1	234704
1173.6	0.8	NonTarget	1	234720
1173.685	0.8	NonTarget	1	234737
1173.77	0.8	NonTarget	1	234754
1173.85	0.8	NonTarget	1	234770
1173.935	0.8	NonTarget	1	234787
1174.02	0.8	NonTarget	1	234804
1174.1	0.8	NonTarget	1	234820
1174.185	0.8	NonTarget	1	234837
1174.27	0.8	NonTarget	1	234854
1174.35	0.8	NonTarget	1	234870
1174.435	0.8	NonTarget	1	234887
1174.52	0.8	NonTarget	1	234904
1174.605	0.8	NonTarget	1	234921
1174.685	0.8	NonTarget	1	234937
1174.77	0.8	NonTarget	1	234954
1174.855	0.8	NonTarget	1	234971
1174.935	0.8	NonTarget	1	234987
1175.02	0.8	NonTarget	1	235004
1175.105	0.8	NonTarget	1	235021
1175.185	0.8	NonTarget	1	235037
1175.27	0.8	NonTarget	1	235054
1175.355	0.8	NonTarget	1	235071
1175.44	0.8	NonTarget	1	235088
1175.52	0.8	NonTarget	1	235104
1175.605	0.8	Target	2	235121
1175.685	0.8	NonTarget	1	235137
1175.77	0.8	NonTarget	1	235154
1175.855	0.8	NonTarget	1	235171
1175.94	0.8	NonTarget	1	235188
1176.335	0.8	Target	2	235267
1176.42	0.8	NonTarget	1	235284
1176.505	0.8	NonTarget	1	235301
1176.59	0.8	NonTarget	1	235318
1176.67	0.8	NonTarget	1	235334
1176.755	0.8	NonTarget	1	235351
1176.84	0.8	NonTarget	1	235368
1176.92	0.8	NonTarget	1	235384
1177.005	0.8	NonTarget	1	235401
1177.09	0.8	NonTarget	1	235418
1177.175	0.8	NonTarget	1	235435
1177.255	0.8	NonTarget	1	235451
1177.34	0.8	NonTarget	1	235468
1177.425	0.8	NonTarget	1	235485
1177.505	0.8	NonTarget	1	235501
1177.59	0.8	NonTarget	1	235518
1177.675	0.8	NonTarget	1	235535
1177.755	0.8	NonTarget	1	235551
1177.84	0.8	NonTarget	1	235568
1177.925	0.8	NonTarget	1	235585
1178.005	0.8	NonTarget	1	235601
1178.09	0.8	NonTarget	1	235618
1178.175	0.8	NonTarget	1	235635
1178.26	0.8	NonTarget	1	235652
1178.34	0.8	NonTarget	1	235668
1178.425	0.8	NonTarget	1	235685
1178.51	0.8	NonTarget	1	235702
1178.59	0.8	NonTarget	1	235718
1178.675	0.8	NonTarget	1	235735
1178.76	0.8	NonTarget	1	235752
1179.16	0.8	NonTarget	1	235832
1179.24	0.8	NonTarget	1	235848
1179.325	0.8	NonTarget	1	235865
1179.41	0.8	NonTarget	1	235882
1179.495	0.8	NonTarget	1	235899
1179.575	0.8	NonTarget	1	235915
1179.66	0.8	NonTarget	1	235932
1179.745	0.8	NonTarget	1	235949
1179.825	0.8	NonTarget	1	235965
1179.91	0.8	NonTarget	1	235982
1179.995	0.8	NonTarget	1	235999
1180.075	0.8	NonTarget	1	236015
1180.16	0.8	NonTarget	1	236032
1180.245	0.8	NonTarget	1	236049
1180.325	0.8	NonTarget	1	236065
1180.41	0.8	NonTarget	1	236082
1180.495	0.8	NonTarget	1	236099
1180.575	0.8	NonTarget	1	236115
1180.66	0.8	NonTarget	1	236132
1180.745	0.8	NonTarget	1	236149
1180.83	0.8	NonTarget	1	236166
1180.91	0.8	NonTarget	1	236182
1180.995	0.8	NonTarget	1	236199
1181.08	0.8	NonTarget	1	236216
1181.16	0.8	NonTarget	1	236232
1181.245	0.8	Target	2	236249
1181.33	0.8	NonTarget	1	236266
1181.415	0.8	NonTarget	1	236283
1181.495	0.8	NonTarget	1	236299
1181.58	0.8	NonTarget	1	236316
1181.98	0.8	NonTarget	1	236396
1182.065	0.8	NonTarget	1	236413
1182.145	0.8	NonTarget	1	236429
1182.23	0.8	NonTarget	1	236446
1182.315	0.8	NonTarget	1	236463
1182.395	0.8	NonTarget	1	236479
1182.48	0.8	NonTarget	1	236496
1182.565	0.8	NonTarget	1	236513
1182.645	0.8	NonTarget	1	236529
1182.73	0.8	NonTarget	1	236546
1182.815	0.8	NonTarget	1	236563
1182.9	0.8	NonTarget	1	236580
1182.98	0.8	NonTarget	1	236596
1183.065	0.8	NonTarget	1	236613
1183.145	0.8	NonTarget	1	236629
1183.23	0.8	NonTarget	1	236646
1183.315	0.8	NonTarget	1	236663
1183.395	0.8	NonTarget	1	236679
1183.48	0.8	NonTarget	1	236696
1183.565	0.8	NonTarget	1	236713
1183.65	0.8	Target	2	236730
1183.735	0.8	NonTarget	1	236747
1183.815	0.8	NonTarget	1	236763
1183.9	0.8	NonTarget	1	236780
1183.985	0.8	NonTarget	1	236797
1184.065	0.8	NonTarget	1	236813
1184.15	0.8	NonTarget	1	236830
1184.235	0.8	NonTarget	1	236847
1184.315	0.8	NonTarget	1	236863
1184.4	0.8	NonTarget	1	236880
1194.435	0.8	Target	2	238887
1194.515	0.8	NonTarget	1	238903
1194.595	0.8	NonTarget	1	238919
1194.68	0.8	NonTarget	1	238936
1194.765	0.8	NonTarget	1	238953
1194.845	0.8	NonTarget	1	238969
1194.93	0.8	NonTarget	1	238986
1195.015	0.8	NonTarget	1	239003
1195.1	0.8	NonTarget	1	239020
1195.18	0.8	NonTarget	1	239036
1195.265	0.8	NonTarget	1	239053
1195.35	0.8	NonTarget	1	239070
1195.43	0.8	NonTarget	1	239086
1195.515	0.8	NonTarget	1	239103
1195.6	0.8	NonTarget	1	239120
1195.685	0.8	NonTarget	1	239137
1195.765	0.8	NonTarget	1	239153
1195.85	0.8	NonTarget	1	239170
1195.93	0.8	NonTarget	1	239186
1196.015	0.8	NonTarget	1	239203
1196.1	0.8	NonTarget	1	239220
1196.185	0.8	NonTarget	1	239237
1196.265	0.8	NonTarget	1	239253
1196.35	0.8	NonTarget	1	239270
1196.435	0.8	NonTarget	1	239287
1196.515	0.8	NonTarget	1	239303
1196.6	0.8	NonTarget	1	239320
1196.685	0.8	NonTarget	1	239337
1196.77	0.8	NonTarget	1	239354
1196.85	0.8	NonTarget	1	239370
1197.25	0.8	NonTarget	1	239450
1197.335	0.8	NonTarget	1	239467
1197.42	0.8	NonTarget	1	239484
1197.505	0.8	NonTarget	1	239501
1197.585	0.8	NonTarget	1	239517
1197.67	0.8	NonTarget	1	239534
1197.75	0.8	NonTarget	1	239550
1197.835	0.8	NonTarget	1	239567
1197.92	0.8	NonTarget	1	239584
1198.0	0.8	NonTarget	1	239600
1198.085	0.8	NonTarget	1	239617
1198.17	0.8	NonTarget	1	239634
1198.255	0.8	NonTarget	1	239651
1198.335	0.8	NonTarget	1	239667
1198.42	0.8	NonTarget	1	239684
1198.505	0.8	NonTarget	1	239701
1198.585	0.8	NonTarget	1	239717
1198.67	0.8	NonTarget	1	239734
1198.755	0.8	NonTarget	1	239751
1198.835	0.8	NonTarget	1	239767
1198.92	0.8	NonTarget	1	239784
1199.0	0.8	NonTarget	1	239800
1199.085	0.8	NonTarget	1	239817
1199.17	0.8	NonTarget	1	239834
1199.255	0.8	NonTarget	1	239851
1199.34	0.8	Target	2	239868
1199.42	0.8	NonTarget	1	239884
1199.505	0.8	NonTarget	1	239901
1199.59	0.8	NonTarget	1	239918
1199.67	0.8	NonTarget	1	239934
1200.07	0.8	NonTarget	1	240014
1200.155	0.8	NonTarget	1	240031
1200.24	0.8	NonTarget	1	240048
1200.325	0.8	NonTarget	1	240065
1200.405	0.8	NonTarget	1	240081
1200.49	0.8	NonTarget	1	240098
1200.57	0.8	NonTarget	1	240114
1200.655	0.8	NonTarget	1	240131
1200.74	0.8	NonTarget	1	240148
1200.82	0.8	NonTarget	1	240164
1200.905	0.8	Target	2	240181
1200.99	0.8	NonTarget	1	240198
1201.075	0.8	NonTarget	1	240215
1201.155	0.8	NonTarget	1	240231
1201.24	0.8	NonTarget	1	240248
1201.325	0.8	NonTarget	1	240265
1201.405	0.8	NonTarget	1	240281
1201.49	0.8	NonTarget	1	240298
1201.575	0.8	NonTarget	1	240315
1201.655	0.8	NonTarget	1	240331
1201.74	0.8	NonTarget	1	240348
1201.825	0.8	NonTarget	1	240365
1201.905	0.8	NonTarget	1	240381
1201.99	0.8	NonTarget	1	240398
1202.075	0.8	NonTarget	1	240415
1202.16	0.8	NonTarget	1	240432
1202.24	0.8	NonTarget	1	240448
1202.325	0.8	NonTarget	1	240465
1202.41	0.8	NonTarget	1	240482
1202.495	0.8	NonTarget	1	240499
1202.89	0.8	NonTarget	1	240578
1202.975	0.8	NonTarget	1	240595
1203.06	0.8	NonTarget	1	240612
1203.145	0.8	NonTarget	1	240629
1203.225	0.8	NonTarget	1	240645
1203.31	0.8	Target	2	240662
1203.395	0.8	NonTarget	1	240679
1203.475	0.8	NonTarget	1	240695
1203.56	0.8	NonTarget	1	240712
1203.645	0.8	NonTarget	1	240729
1203.725	0.8	NonTarget	1	240745
1203.81	0.8	NonTarget	1	240762
1203.895	0.8	NonTarget	1	240779
1203.975	0.8	NonTarget	1	240795
1204.06	0.8	NonTarget	1	240812
1204.145	0.8	NonTarget	1	240829
1204.23	0.8	NonTarget	1	240846
1204.31	0.8	NonTarget	1	240862
1204.395	0.8	NonTarget	1	240879
1204.48	0.8	NonTarget	1	240896
1204.56	0.8	NonTarget	1	240912
1204.645	0.8	NonTarget	1	240929
1204.73	0.8	NonTarget	1	240946
1204.81	0.8	NonTarget	1	240962
1204.895	0.8	NonTarget	1	240979
1204.98	0.8	NonTarget	1	240996
1205.06	0.8	NonTarget	1	241012
1205.145	0.8	NonTarget	1	241029
1205.23	0.8	NonTarget	1	241046
1205.315	0.8	NonTarget	1	241063
1205.715	0.8	NonTarget	1	241143
1205.795	0.8	NonTarget	1	241159
1205.88	0.8	NonTarget	1	241176
1205.965	0.8	NonTarget	1	241193
1206.045	0.8	NonTarget	1	241209
1206.13	0.8	NonTarget	1	241226
1206.215	0.8	NonTarget	1	241243
1206.3	0.8	NonTarget	1	241260
1206.38	0.8	NonTarget	1	241276
1206.465	0.8	NonTarget	1	241293
1206.545	0.8	NonTarget	1	241309
1206.63	0.8	NonTarget	1	241326
1206.715	0.8	NonTarget	1	241343
1206.8	0.8	NonTarget	1	241360
1206.88	0.8	NonTarget	1	241376
1206.965	0.8	NonTarget	1	241393
1207.05	0.8	NonTarget	1	241410
1207.135	0.8	NonTarget	1	241427
1207.215	0.8	NonTarget	1	241443
1207.3	0.8	NonTarget	1	241460
1207.385	0.8	Target	2	241477
1207.465	0.8	NonTarget	1	241493
1207.55	0.8	NonTarget	1	241510
1207.635	0.8	NonTarget	1	241527
1207.715	0.8	NonTarget	1	241543
1207.8	0.8	NonTarget	1	241560
1207.88	0.8	NonTarget	1	241576
1207.965	0.8	NonTarget	1	241593
1208.05	0.8	NonTarget	1	241610
1208.135	0.8	NonTarget	1	241627
1208.535	0.8	NonTarget	1	241707
1208.615	0.8	NonTarget	1	241723
1208.7	0.8	NonTarget	1	241740
1208.785	0.8	NonTarget	1	241757
1208.865	0.8	NonTarget	1	241773
1208.95	0.8	NonTarget	1	241790
1209.035	0.8	NonTarget	1	241807
1209.12	0.8	NonTarget	1	241824
1209.2	0.8	NonTarget	1	241840
1209.285	0.8	NonTarget	1	241857
1209.37	0.8	NonTarget	1	241874
1209.45	0.8	NonTarget	1	241890
1209.535	0.8	NonTarget	1	241907
1209.62	0.8	NonTarget	1	241924
1209.7	0.8	NonTarget	1	241940
1209.785	0.8	NonTarget	1	241957
1209.87	0.8	NonTarget	1	241974
1209.955	0.8	NonTarget	1	241991
1210.035	0.8	NonTarget	1	242007
1210.12	0.8	NonTarget	1	242024
1210.205	0.8	Target	2	242041
1210.285	0.8	NonTarget	1	242057
1210.37	0.8	NonTarget	1	242074
1210.455	0.8	NonTarget	1	242091
1210.54	0.8	NonTarget	1	242108
1210.62	0.8	NonTarget	1	242124
1210.705	0.8	NonTarget	1	242141
1210.785	0.8	NonTarget	1	242157
1210.87	0.8	NonTarget	1	242174
1210.955	0.8	NonTarget	1	242191
1211.355	0.8	NonTarget	1	242271
1211.44	0.8	NonTarget	1	242288
1211.52	0.8	NonTarget	1	242304
1211.605	0.8	NonTarget	1	242321
1211.69	0.8	NonTarget	1	242338
1211.77	0.8	NonTarget	1	242354
1211.855	0.8	NonTarget	1	242371
1211.94	0.8	NonTarget	1	242388
1212.02	0.8	NonTarget	1	242404
1212.105	0.8	NonTarget	1	242421
1212.19	0.8	NonTarget	1	242438
1212.27	0.8	NonTarget	1	242454
1212.355	0.8	NonTarget	1	242471
1212.44	0.8	NonTarget	1	242488
1212.525	0.8	NonTarget	1	242505
1212.605	0.8	NonTarget	1	242521
1212.69	0.8	NonTarget	1	242538
1212.775	0.8	NonTarget	1	242555
1212.855	0.8	NonTarget	1	242571
1212.94	0.8	NonTarget	1	242588
1213.025	0.8	NonTarget	1	242605
1213.11	0.8	NonTarget	1	242622
1213.19	0.8	NonTarget	1	242638
1213.275	0.8	NonTarget	1	242655
1213.355	0.8	NonTarget	1	242671
1213.44	0.8	Target	2	242688
1213.525	0.8	NonTarget	1	242705
1213.61	0.8	NonTarget	1	242722
1213.69	0.8	NonTarget	1	242738
1213.775	0.8	NonTarget	1	242755
1214.175	0.8	NonTarget	1	242835
1214.26	0.8	NonTarget	1	242852
1214.34	0.8	NonTarget	1	242868
1214.425	0.8	NonTarget	1	242885
1214.51	0.8	NonTarget	1	242902
1214.595	0.8	NonTarget	1	242919
1214.675	0.8	NonTarget	1	242935
1214.76	0.8	NonTarget	1	242952
1214.845	0.8	NonTarget	1	242969
1214.925	0.8	NonTarget	1	242985
1215.01	0.8	Target	2	243002
1215.095	0.8	NonTarget	1	243019
1215.175	0.8	NonTarget	1	243035
1215.26	0.8	NonTarget	1	243052
1215.345	0.8	NonTarget	1	243069
1215.43	0.8	NonTarget	1	243086
1215.51	0.8	NonTarget	1	243102
1215.595	0.8	NonTarget	1	243119
1215.675	0.8	NonTarget	1	243135
1215.76	0.8	NonTarget	1	243152
1215.845	0.8	NonTarget	1	243169
1215.93	0.8	NonTarget	1	243186
1216.01	0.8	NonTarget	1	243202
1216.095	0.8	NonTarget	1	243219
1216.175	0.8	NonTarget	1	243235
1216.26	0.8	NonTarget	1	243252
1216.345	0.8	NonTarget	1	243269
1216.43	0.8	NonTarget	1	243286
1216.51	0.8	NonTarget	1	243302
1216.595	0.8	NonTarget	1	243319
1216.995	0.8	Target	2	243399
1217.08	0.8	NonTarget	1	243416
1217.165	0.8	NonTarget	1	243433
1217.245	0.8	NonTarget	1	243449
1217.33	0.8	NonTarget	1	243466
1217.415	0.8	NonTarget	1	243483
1217.495	0.8	NonTarget	1	243499
1217.58	0.8	NonTarget	1	243516
1217.665	0.8	NonTarget	1	243533
1217.745	0.8	NonTarget	1	243549
1217.83	0.8	NonTarget	1	243566
1217.915	0.8	NonTarget	1	243583
1217.995	0.8	NonTarget	1	243599
1218.08	0.8	NonTarget	1	243616
1218.165	0.8	NonTarget	1	243633
1218.25	0.8	NonTarget	1	243650
1218.33	0.8	NonTarget	1	243666
1218.415	0.8	NonTarget	1	243683
1218.5	0.8	NonTarget	1	243700
1218.58	0.8	NonTarget	1	243716
1218.665	0.8	NonTarget	1	243733
1218.75	0.8	NonTarget	1	243750
1218.83	0.8	NonTarget	1	243766
1218.915	0.8	NonTarget	1	243783
1219.0	0.8	NonTarget	1	243800
1219.08	0.8	NonTarget	1	243816
1219.165	0.8	NonTarget	1	243833
1219.25	0.8	NonTarget	1	243850
1219.335	0.8	NonTarget	1	243867
1219.415	0.8	NonTarget	1	243883
1219.815	0.8	NonTarget	1	243963
1219.9	0.8	NonTarget	1	243980
1219.985	0.8	NonTarget	1	243997
1220.07	0.8	NonTarget	1	244014
1220.15	0.8	NonTarget	1	244030
1220.235	0.8	Target	2	244047
1220.315	0.8	NonTarget	1	244063
1220.4	0.8	NonTarget	1	244080
1220.485	0.8	NonTarget	1	244097
1220.57	0.8	NonTarget	1	244114
1220.65	0.8	NonTarget	1	244130
1220.735	0.8	NonTarget	1	244147
1220.82	0.8	NonTarget	1	244164
1220.9	0.8	NonTarget	1	244180
1220.985	0.8	NonTarget	1	244197
1221.07	0.8	NonTarget	1	244214
1221.15	0.8	NonTarget	1	244230
1221.235	0.8	NonTarget	1	244247
1221.32	0.8	NonTarget	1	244264
1221.4	0.8	NonTarget	1	244280
1221.485	0.8	NonTarget	1	244297
1221.57	0.8	NonTarget	1	244314
1221.655	0.8	NonTarget	1	244331
1221.735	0.8	NonTarget	1	244347
1221.82	0.8	NonTarget	1	244364
1221.905	0.8	NonTarget	1	244381
1221.985	0.8	NonTarget	1	244397
1222.07	0.8	NonTarget	1	244414
1222.155	0.8	NonTarget	1	244431
1222.235	0.8	NonTarget	1	244447
1232.27	0.8	NonTarget	1	246454
1232.35	0.8	NonTarget	1	246470
1232.435	0.8	NonTarget	1	246487
1232.52	0.8	NonTarget	1	246504
1232.6	0.8	NonTarget	1	246520
1232.685	0.8	Target	2	246537
1232.77	0.8	NonTarget	1	246554
1232.85	0.8	NonTarget	1	246570
1232.935	0.8	NonTarget	1	246587
1233.02	0.8	NonTarget	1	246604
1233.1	0.8	NonTarget	1	246620
1233.185	0.8	NonTarget	1	246637
1233.27	0.8	NonTarget	1	246654
1233.355	0.8	NonTarget	1	246671
1233.435	0.8	NonTarget	1	246687
1233.52	0.8	NonTarget	1	246704
1233.6	0.8	NonTarget	1	246720
1233.685	0.8	NonTarget	1	246737
1233.77	0.8	NonTarget	1	246754
1233.855	0.8	NonTarget	1	246771
1233.935	0.8	NonTarget	1	246787
1234.02	0.8	NonTarget	1	246804
1234.105	0.8	NonTarget	1	246821
1234.185	0.8	NonTarget	1	246837
1234.27	0.8	NonTarget	1	246854
1234.355	0.8	NonTarget	1	246871
1234.44	0.8	NonTarget	1	246888
1234.52	0.8	NonTarget	1	246904
1234.605	0.8	NonTarget	1	246921
1234.685	0.8	NonTarget	1	246937
1235.09	0.8	NonTarget	1	247018
1235.17	0.8	NonTarget	1	247034
1235.255	0.8	NonTarget	1	247051
1235.36	0.8	NonTarget	1	247072
1235.455	0.8	NonTarget	1	247091
1235.54	0.8	NonTarget	1	247108
1235.625	0.8	NonTarget	1	247125
1235.705	0.8	NonTarget	1	247141
1235.79	0.8	NonTarget	1	247158
1235.875	0.8	NonTarget	1	247175
1235.955	0.8	NonTarget	1	247191
1236.04	0.8	NonTarget	1	247208
1236.125	0.8	NonTarget	1	247225
1236.205	0.8	NonTarget	1	247241
1236.29	0.8	NonTarget	1	247258
1236.375	0.8	NonTarget	1	247275
1236.455	0.8	NonTarget	1	247291
1236.54	0.8	NonTarget	1	247308
1236.625	0.8	NonTarget	1	247325
1236.705	0.8	NonTarget	1	247341
1236.79	0.8	Target	2	247358
1236.875	0.8	NonTarget	1	247375
1236.96	0.8	NonTarget	1	247392
1237.04	0.8	NonTarget	1	247408
1237.125	0.8	NonTarget	1	247425
1237.205	0.8	NonTarget	1	247441
1237.29	0.8	NonTarget	1	247458
1237.375	0.8	NonTarget	1	247475
1237.46	0.8	NonTarget	1	247492
1237.545	0.8	NonTarget	1	247509
1237.94	0.8	NonTarget	1	247588
1238.025	0.8	NonTarget	1	247605
1238.11	0.8	NonTarget	1	247622
1238.195	0.8	NonTarget	1	247639
1238.275	0.8	NonTarget	1	247655
1238.36	0.8	NonTarget	1	247672
1238.44	0.8	NonTarget	1	247688
1238.525	0.8	NonTarget	1	247705
1238.61	0.8	NonTarget	1	247722
1238.69	0.8	NonTarget	1	247738
1238.78	0.8	NonTarget	1	247756
1238.86	0.8	NonTarget	1	247772
1238.945	0.8	NonTarget	1	247789
1239.025	0.8	NonTarget	1	247805
1239.11	0.8	NonTarget	1	247822
1239.195	0.8	NonTarget	1	247839
1239.28	0.8	NonTarget	1	247856
1239.36	0.8	NonTarget	1	247872
1239.445	0.8	NonTarget	1	247889
1239.53	0.8	NonTarget	1	247906
1239.61	0.8	Target	2	247922
1239.695	0.8	NonTarget	1	247939
1239.78	0.8	NonTarget	1	247956
1239.86	0.8	NonTarget	1	247972
1239.945	0.8	NonTarget	1	247989
1240.03	0.8	NonTarget	1	248006
1240.11	0.8	NonTarget	1	248022
1240.195	0.8	NonTarget	1	248039
1240.28	0.8	NonTarget	1	248056
1240.36	0.8	NonTarget	1	248072
1240.765	0.8	NonTarget	1	248153
1240.845	0.8	NonTarget	1	248169
1240.93	0.8	NonTarget	1	248186
1241.015	0.8	NonTarget	1	248203
1241.095	0.8	NonTarget	1	248219
1241.18	0.8	Target	2	248236
1241.265	0.8	NonTarget	1	248253
1241.345	0.8	NonTarget	1	248269
1241.43	0.8	NonTarget	1	248286
1241.515	0.8	NonTarget	1	248303
1241.595	0.8	NonTarget	1	248319
1241.68	0.8	NonTarget	1	248336
1241.765	0.8	NonTarget	1	248353
1241.845	0.8	NonTarget	1	248369
1241.93	0.8	NonTarget	1	248386
1242.015	0.8	NonTarget	1	248403
1242.1	0.8	NonTarget	1	248420
1242.18	0.8	NonTarget	1	248436
1242.265	0.8	NonTarget	1	248453
1242.35	0.8	NonTarget	1	248470
1242.43	0.8	NonTarget	1	248486
1242.515	0.8	NonTarget	1	248503
1242.595	0.8	NonTarget	1	248519
1242.68	0.8	NonTarget	1	248536
1242.765	0.8	NonTarget	1	248553
1242.85	0.8	NonTarget	1	248570
1242.93	0.8	NonTarget	1	248586
1243.015	0.8	NonTarget	1	248603
1243.1	0.8	NonTarget	1	248620
1243.185	0.8	NonTarget	1	248637
1243.585	0.8	NonTarget	1	248717
1243.67	0.8	NonTarget	1	248734
1243.75	0.8	NonTarget	1	248750
1243.835	0.8	NonTarget	1	248767
1243.92	0.8	NonTarget	1	248784
1244.0	0.8	NonTarget	1	248800
1244.085	0.8	NonTarget	1	248817
1244.165	0.8	NonTarget	1	248833
1244.25	0.8	NonTarget	1	248850
1244.335	0.8	NonTarget	1	248867
1244.42	0.8	NonTarget	1	248884
1244.5	0.8	NonTarget	1	248900
1244.585	0.8	NonTarget	1	248917
1244.67	0.8	NonTarget	1	248934
1244.75	0.8	NonTarget	1	248950
1244.835	0.8	Target	2	248967
1244.92	0.8	NonTarget	1	248984
1245.005	0.8	NonTarget	1	249001
1245.085	0.8	NonTarget	1	249017
1245.17	0.8	NonTarget	1	249034
1245.255	0.8	NonTarget	1	249051
1245.335	0.8	NonTarget	1	249067
1245.42	0.8	NonTarget	1	249084
1245.505	0.8	NonTarget	1	249101
1245.585	0.8	NonTarget	1	249117
1245.67	0.8	NonTarget	1	249134
1245.755	0.8	NonTarget	1	249151
1245.835	0.8	NonTarget	1	249167
1245.92	0.8	NonTarget	1	249184
1246.005	0.8	NonTarget	1	249201
1246.405	0.8	NonTarget	1	249281
1246.49	0.8	NonTarget	1	249298
1246.57	0.8	NonTarget	1	249314
1246.655	0.8	NonTarget	1	249331
1246.74	0.8	NonTarget	1	249348
1246.82	0.8	NonTarget	1	249364
1246.905	0.8	NonTarget	1	249381
1246.99	0.8	NonTarget	1	249398
1247.07	0.8	NonTarget	1	249414
1247.155	0.8	NonTarget	1	249431
1247.24	0.8	Target	2	249448
1247.32	0.8	NonTarget	1	249464
1247.405	0.8	NonTarget	1	249481
1247.49	0.8	NonTarget	1	249498
1247.575	0.8	NonTarget	1	249515
1247.655	0.8	NonTarget	1	249531
1247.74	0.8	NonTarget	1	249548
1247.825	0.8	NonTarget	1	249565
1247.905	0.8	NonTarget	1	249581
1247.99	0.8	NonTarget	1	249598
1248.075	0.8	NonTarget	1	249615
1248.155	0.8	NonTarget	1	249631
1248.24	0.8	NonTarget	1	249648
1248.325	0.8	NonTarget	1	249665
1248.405	0.8	NonTarget	1	249681
1248.49	0.8	NonTarget	1	249698
1248.575	0.8	NonTarget	1	249715
1248.66	0.8	NonTarget	1	249732
1248.74	0.8	NonTarget	1	249748
1248.825	0.8	NonTarget	1	249765
1249.225	0.8	NonTarget	1	249845
1249.31	0.8	NonTarget	1	249862
1249.39	0.8	NonTarget	1	249878
1249.475	0.8	NonTarget	1	249895
1249.56	0.8	NonTarget	1	249912
1249.64	0.8	NonTarget	1	249928
1249.725	0.8	NonTarget	1	249945
1249.81	0.8	NonTarget	1	249962
1249.895	0.8	NonTarget	1	249979
1249.975	0.8	NonTarget	1	249995
1250.06	0.8	NonTarget	1	250012
1250.145	0.8	NonTarget	1	250029
1250.225	0.8	NonTarget	1	250045
1250.31	0.8	NonTarget	1	250062
1250.395	0.8	NonTarget	1	250079
1250.475	0.8	NonTarget	1	250095
1250.56	0.8	NonTarget	1	250112
1250.645	0.8	NonTarget	1	250129
1250.725	0.8	NonTarget	1	250145
1250.81	0.8	NonTarget	1	250162
1250.895	0.8	NonTarget	1	250179
1250.975	0.8	NonTarget	1	250195
1251.06	0.8	NonTarget	1	250212
1251.145	0.8	NonTarget	1	250229
1251.225	0.8	NonTarget	1	250245
1251.31	0.8	Target	2	250262
1251.395	0.8	NonTarget	1	250279
1251.48	0.8	NonTarget	1	250296
1251.56	0.8	NonTarget	1	250312
1251.645	0.8	NonTarget	1	250329
1252.045	0.8	NonTarget	1	250409
1252.13	0.8	NonTarget	1	250426
1252.215	0.8	NonTarget	1	250443
1252.295	0.8	NonTarget	1	250459
1252.38	0.8	NonTarget	1	250476
1252.465	0.8	Target	2	250493
1252.545	0.8	NonTarget	1	250509
1252.63	0.8	NonTarget	1	250526
1252.715	0.8	NonTarget	1	250543
1252.795	0.8	NonTarget	1	250559
1252.88	0.8	NonTarget	1	250576
1252.965	0.8	NonTarget	1	250593
1253.045	0.8	NonTarget	1	250609
1253.13	0.8	NonTarget	1	250626
1253.215	0.8	NonTarget	1	250643
1253.3	0.8	NonTarget	1	250660
1253.38	0.8	NonTarget	1	250676
1253.465	0.8	NonTarget	1	250693
1253.55	0.8	NonTarget	1	250710
1253.63	0.8	NonTarget	1	250726
1253.715	0.8	NonTarget	1	250743
1253.8	0.8	NonTarget	1	250760
1253.88	0.8	NonTarget	1	250776
1253.965	0.8	NonTarget	1	250793
1254.05	0.8	NonTarget	1	250810
1254.13	0.8	NonTarget	1	250826
1254.215	0.8	NonTarget	1	250843
1254.3	0.8	NonTarget	1	250860
1254.385	0.8	NonTarget	1	250877
1254.465	0.8	NonTarget	1	250893
1254.865	0.8	Target	2	250973
1254.95	0.8	NonTarget	1	250990
1255.035	0.8	NonTarget	1	251007
1255.115	0.8	NonTarget	1	251023
1255.2	0.8	NonTarget	1	251040
1255.285	0.8	NonTarget	1	251057
1255.365	0.8	NonTarget	1	251073
1255.45	0.8	NonTarget	1	251090
1255.535	0.8	NonTarget	1	251107
1255.615	0.8	NonTarget	1	251123
1255.7	0.8	NonTarget	1	251140
1255.785	0.8	NonTarget	1	251157
1255.865	0.8	NonTarget	1	251173
1255.95	0.8	NonTarget	1	251190
1256.035	0.8	NonTarget	1	251207
1256.12	0.8	NonTarget	1	251224
1256.2	0.8	NonTarget	1	251240
1256.285	0.8	NonTarget	1	251257
1256.37	0.8	NonTarget	1	251274
1256.45	0.8	NonTarget	1	251290
1256.535	0.8	NonTarget	1	251307
1256.62	0.8	NonTarget	1	251324
1256.7	0.8	NonTarget	1	251340
1256.785	0.8	NonTarget	1	251357
1256.87	0.8	NonTarget	1	251374
1256.95	0.8	NonTarget	1	251390
1257.035	0.8	NonTarget	1	251407
1257.12	0.8	NonTarget	1	251424
1257.2	0.8	NonTarget	1	251440
1257.285	0.8	NonTarget	1	251457
1257.685	0.8	NonTarget	1	251537
1257.77	0.8	NonTarget	1	251554
1257.855	0.8	NonTarget	1	251571
1257.94	0.8	NonTarget	1	251588
1258.02	0.8	NonTarget	1	251604
1258.105	0.8	NonTarget	1	251621
1258.185	0.8	NonTarget	1	251637
1258.27	0.8	NonTarget	1	251654
1258.355	0.8	NonTarget	1	251671
1258.44	0.8	NonTarget	1	251688
1258.52	0.8	Target	2	251704
1258.605	0.8	NonTarget	1	251721
1258.69	0.8	NonTarget	1	251738
1258.77	0.8	NonTarget	1	251754
1258.855	0.8	NonTarget	1	251771
1258.94	0.8	NonTarget	1	251788
1259.025	0.8	NonTarget	1	251805
1259.105	0.8	NonTarget	1	251821
1259.19	0.8	NonTarget	1	251838
1259.27	0.8	NonTarget	1	251854
1259.355	0.8	NonTarget	1	251871
1259.44	0.8	NonTarget	1	251888
1259.52	0.8	NonTarget	1	251904
1259.605	0.8	NonTarget	1	251921
1259.69	0.8	NonTarget	1	251938
1259.77	0.8	NonTarget	1	251954
1259.855	0.8	NonTarget	1	251971
1259.94	0.8	NonTarget	1	251988
1260.025	0.8	NonTarget	1	252005
1260.105	0.8	NonTarget	1	252021
1270.16	0.8	NonTarget	1	254032
1270.24	0.8	NonTarget	1	254048
1270.32	0.8	NonTarget	1	254064
1270.405	0.8	NonTarget	1	254081
1270.49	0.8	NonTarget	1	254098
1270.57	0.8	NonTarget	1	254114
1270.655	0.8	NonTarget	1	254131
1270.74	0.8	NonTarget	1	254148
1270.82	0.8	NonTarget	1	254164
1270.905	0.8	NonTarget	1	254181
1270.99	0.8	NonTarget	1	254198
1271.07	0.8	NonTarget	1	254214
1271.155	0.8	NonTarget	1	254231
1271.24	0.8	NonTarget	1	254248
1271.325	0.8	NonTarget	1	254265
1271.405	0.8	NonTarget	1	254281
1271.49	0.8	NonTarget	1	254298
1271.575	0.8	NonTarget	1	254315
1271.66	0.8	NonTarget	1	254332
1271.74	0.8	NonTarget	1	254348
1271.825	0.8	NonTarget	1	254365
1271.905	0.8	NonTarget	1	254381
1271.99	0.8	Target	2	254398
1272.075	0.8	NonTarget	1	254415
1272.155	0.8	NonTarget	1	254431
1272.24	0.8	NonTarget	1	254448
1272.325	0.8	NonTarget	1	254465
1272.41	0.8	NonTarget	1	254482
1272.495	0.8	NonTarget	1	254499
1272.575	0.8	NonTarget	1	254515
1272.975	0.8	NonTarget	1	254595
1273.06	0.8	NonTarget	1	254612
1273.14	0.8	NonTarget	1	254628
1273.225	0.8	NonTarget	1	254645
1273.31	0.8	NonTarget	1	254662
1273.39	0.8	NonTarget	1	254678
1273.475	0.8	NonTarget	1	254695
1273.56	0.8	Target	2	254712
1273.64	0.8	NonTarget	1	254728
1273.725	0.8	NonTarget	1	254745
1273.81	0.8	NonTarget	1	254762
1273.895	0.8	NonTarget	1	254779
1273.975	0.8	NonTarget	1	254795
1274.06	0.8	NonTarget	1	254812
1274.145	0.8	NonTarget	1	254829
1274.225	0.8	NonTarget	1	254845
1274.31	0.8	NonTarget	1	254862
1274.395	0.8	NonTarget	1	254879
1274.475	0.8	NonTarget	1	254895
1274.56	0.8	NonTarget	1	254912
1274.645	0.8	NonTarget	1	254929
1274.73	0.8	NonTarget	1	254946
1274.81	0.8	NonTarget	1	254962
1274.895	0.8	NonTarget	1	254979
1274.98	0.8	NonTarget	1	254996
1275.06	0.8	NonTarget	1	255012
1275.145	0.8	NonTarget	1	255029
1275.23	0.8	NonTarget	1	255046
1275.31	0.8	NonTarget	1	255062
1275.395	0.8	NonTarget	1	255079
1275.795	0.8	NonTarget	1	255159
1275.88	0.8	NonTarget	1	255176
1275.965	0.8	NonTarget	1	255193
1276.045	0.8	NonTarget	1	255209
1276.13	0.8	NonTarget	1	255226
1276.215	0.8	NonTarget	1	255243
1276.295	0.8	NonTarget	1	255259
1276.38	0.8	NonTarget	1	255276
1276.465	0.8	NonTarget	1	255293
1276.545	0.8	NonTarget	1	255309
1276.63	0.8	NonTarget	1	255326
1276.715	0.8	NonTarget	1	255343
1276.795	0.8	Target	2	255359
1276.88	0.8	NonTarget	1	255376
1276.965	0.8	NonTarget	1	255393
1277.045	0.8	NonTarget	1	255409
1277.13	0.8	NonTarget	1	255426
1277.215	0.8	NonTarget	1	255443
1277.3	0.8	NonTarget	1	255460
1277.38	0.8	NonTarget	1	255476
1277.465	0.8	NonTarget	1	255493
1277.55	0.8	NonTarget	1	255510
1277.63	0.8	NonTarget	1	255526
1277.715	0.8	NonTarget	1	255543
1277.8	0.8	NonTarget	1	255560
1277.88	0.8	NonTarget	1	255576
1277.965	0.8	NonTarget	1	255593
1278.05	0.8	NonTarget	1	255610
1278.13	0.8	NonTarget	1	255626
1278.215	0.8	NonTarget	1	255643
1278.615	0.8	NonTarget	1	255723
1278.7	0.8	NonTarget	1	255740
1278.78	0.8	NonTarget	1	255756
1278.865	0.8	NonTarget	1	255773
1278.95	0.8	NonTarget	1	255790
1279.035	0.8	NonTarget	1	255807
1279.115	0.8	NonTarget	1	255823
1279.2	0.8	NonTarget	1	255840
1279.285	0.8	NonTarget	1	255857
1279.365	0.8	NonTarget	1	255873
1279.45	0.8	NonTarget	1	255890
1279.535	0.8	NonTarget	1	255907
1279.62	0.8	NonTarget	1	255924
1279.7	0.8	NonTarget	1	255940
1279.785	0.8	NonTarget	1	255957
1279.87	0.8	NonTarget	1	255974
1279.95	0.8	NonTarget	1	255990
1280.035	0.8	NonTarget	1	256007
1280.12	0.8	NonTarget	1	256024
1280.205	0.8	NonTarget	1	256041
1280.285	0.8	NonTarget	1	256057
1280.37	0.8	NonTarget	1	256074
1280.45	0.8	NonTarget	1	256090
1280.535	0.8	NonTarget	1	256107
1280.62	0.8	NonTarget	1	256124
1280.705	0.8	NonTarget	1	256141
1280.785	0.8	NonTarget	1	256157
1280.87	0.8	Target	2	256174
1280.955	0.8	NonTarget	1	256191
1281.035	0.8	NonTarget	1	256207
1281.44	0.8	NonTarget	1	256288
1281.52	0.8	NonTarget	1	256304
1281.605	0.8	NonTarget	1	256321
1281.69	0.8	NonTarget	1	256338
1281.77	0.8	NonTarget	1	256354
1281.855	0.8	NonTarget	1	256371
1281.94	0.8	NonTarget	1	256388
1282.02	0.8	NonTarget	1	256404
1282.105	0.8	NonTarget	1	256421
1282.19	0.8	NonTarget	1	256438
1282.27	0.8	NonTarget	1	256454
1282.355	0.8	NonTarget	1	256471
1282.44	0.8	Target	2	256488
1282.52	0.8	NonTarget	1	256504
1282.605	0.8	NonTarget	1	256521
1282.69	0.8	NonTarget	1	256538
1282.77	0.8	NonTarget	1	256554
1282.86	0.8	NonTarget	1	256572
1282.94	0.8	NonTarget	1	256588
1283.02	0.8	NonTarget	1	256604
1283.105	0.8	NonTarget	1	256621
1283.19	0.8	NonTarget	1	256638
1283.275	0.8	NonTarget	1	256655
1283.355	0.8	NonTarget	1	256671
1283.44	0.8	NonTarget	1	256688
1283.52	0.8	NonTarget	1	256704
1283.605	0.8	NonTarget	1	256721
1283.69	0.8	NonTarget	1	256738
1283.775	0.8	NonTarget	1	256755
1283.86	0.8	NonTarget	1	256772
1284.26	0.8	NonTarget	1	256852
1284.34	0.8	NonTarget	1	256868
1284.425	0.8	NonTarget	1	256885
1284.51	0.8	NonTarget	1	256902
1284.59	0.8	NonTarget	1	256918
1284.675	0.8	NonTarget	1	256935
1284.76	0.8	NonTarget	1	256952
1284.84	0.8	NonTarget	1	256968
1284.925	0.8	NonTarget	1	256985
1285.01	0.8	NonTarget	1	257002
1285.09	0.8	NonTarget	1	257018
1285.175	0.8	NonTarget	1	257035
1285.26	0.8	NonTarget	1	257052
1285.345	0.8	NonTarget	1	257069
1285.425	0.8	NonTarget	1	257085
1285.51	0.8	NonTarget	1	257102
1285.595	0.8	NonTarget	1	257119
1285.675	0.8	NonTarget	1	257135
1285.76	0.8	NonTarget	1	257152
1285.845	0.8	NonTarget	1	257169
1285.925	0.8	NonTarget	1	257185
1286.01	0.8	NonTarget	1	257202
1286.095	0.8	NonTarget	1	257219
1286.18	0.8	NonTarget	1	257236
1286.26	0.8	NonTarget	1	257252
1286.345	0.8	NonTarget	1	257269
1286.43	0.8	NonTarget	1	257286
1286.51	0.8	Target	2	257302
1286.595	0.8	NonTarget	1	257319
1286.675	0.8	NonTarget	1	257335
1287.08	0.8	NonTarget	1	257416
1287.165	0.8	NonTarget	1	257433
1287.245	0.8	NonTarget	1	257449
1287.33	0.8	NonTarget	1	257466
1287.415	0.8	NonTarget	1	257483
1287.495	0.8	NonTarget	1	257499
1287.58	0.8	NonTarget	1	257516
1287.665	0.8	NonTarget	1	257533
1287.745	0.8	NonTarget	1	257549
1287.83	0.8	NonTarget	1	257566
1287.915	0.8	NonTarget	1	257583
1287.995	0.8	NonTarget	1	257599
1288.08	0.8	NonTarget	1	257616
1288.165	0.8	NonTarget	1	257633
1288.245	0.8	NonTarget	1	257649
1288.33	0.8	NonTarget	1	257666
1288.415	0.8	NonTarget	1	257683
1288.5	0.8	NonTarget	1	257700
1288.58	0.8	NonTarget	1	257716
1288.665	0.8	NonTarget	1	257733
1288.745	0.8	NonTarget	1	257749
1288.83	0.8	NonTarget	1	257766
1288.915	0.8	Target	2	257783
1288.995	0.8	NonTarget	1	257799
1289.08	0.8	NonTarget	1	257816
1289.165	0.8	NonTarget	1	257833
1289.245	0.8	NonTarget	1	257849
1289.33	0.8	NonTarget	1	257866
1289.415	0.8	NonTarget	1	257883
1289.5	0.8	NonTarget	1	257900
1289.9	0.8	NonTarget	1	257980
1289.985	0.8	NonTarget	1	257997
1290.065	0.8	NonTarget	1	258013
1290.15	0.8	NonTarget	1	258030
1290.23	0.8	NonTarget	1	258046
1290.32	0.8	NonTarget	1	258064
1290.4	0.8	NonTarget	1	258080
1290.485	0.8	NonTarget	1	258097
1290.565	0.8	NonTarget	1	258113
1290.65	0.8	NonTarget	1	258130
1290.735	0.8	NonTarget	1	258147
1290.815	0.8	NonTarget	1	258163
1290.9	0.8	NonTarget	1	258180
1290.985	0.8	NonTarget	1	258197
1291.065	0.8	NonTarget	1	258213
1291.15	0.8	NonTarget	1	258230
1291.235	0.8	NonTarget	1	258247
1291.315	0.8	NonTarget	1	258263
1291.4	0.8	NonTarget	1	258280
1291.485	0.8	NonTarget	1	258297
1291.57	0.8	NonTarget	1	258314
1291.65	0.8	NonTarget	1	258330
1291.735	0.8	Target	2	258347
1291.82	0.8	NonTarget	1	258364
1291.9	0.8	NonTarget	1	258380
1291.985	0.8	NonTarget	1	258397
1292.07	0.8	NonTarget	1	258414
1292.15	0.8	NonTarget	1	258430
1292.235	0.8	NonTarget	1	258447
1292.32	0.8	NonTarget	1	258464
1292.72	0.8	NonTarget	1	258544
1292.805	0.8	NonTarget	1	258561
1292.885	0.8	NonTarget	1	258577
1292.97	0.8	NonTarget	1	258594
1293.055	0.8	NonTarget	1	258611
1293.14	0.8	NonTarget	1	258628
1293.22	0.8	NonTarget	1	258644
1293.305	0.8	Target	2	258661
1293.385	0.8	NonTarget	1	258677
1293.47	0.8	NonTarget	1	258694
1293.555	0.8	NonTarget	1	258711
1293.635	0.8	NonTarget	1	258727
1293.72	0.8	NonTarget	1	258744
1293.805	0.8	NonTarget	1	258761
1293.89	0.8	NonTarget	1	258778
1293.97	0.8	NonTarget	1	258794
1294.055	0.8	NonTarget	1	258811
1294.14	0.8	NonTarget	1	258828
1294.22	0.8	NonTarget	1	258844
1294.305	0.8	NonTarget	1	258861
1294.39	0.8	NonTarget	1	258878
1294.47	0.8	NonTarget	1	258894
1294.555	0.8	NonTarget	1	258911
1294.64	0.8	NonTarget	1	258928
1294.72	0.8	NonTarget	1	258944
1294.805	0.8	NonTarget	1	258961
1294.89	0.8	NonTarget	1	258978
1294.97	0.8	NonTarget	1	258994
1295.055	0.8	NonTarget	1	259011
1295.14	0.8	NonTarget	1	259028
1295.54	0.8	NonTarget	1	259108
1295.625	0.8	NonTarget	1	259125
1295.705	0.8	NonTarget	1	259141
1295.79	0.8	NonTarget	1	259158
1295.875	0.8	NonTarget	1	259175
1295.96	0.8	NonTarget	1	259192
1296.04	0.8	NonTarget	1	259208
1296.125	0.8	NonTarget	1	259225
1296.21	0.8	NonTarget	1	259242
1296.29	0.8	NonTarget	1	259258
1296.375	0.8	NonTarget	1	259275
1296.46	0.8	NonTarget	1	259292
1296.545	0.8	NonTarget	1	259309
1296.625	0.8	NonTarget	1	259325
1296.71	0.8	NonTarget	1	259342
1296.79	0.8	NonTarget	1	259358
1296.875	0.8	NonTarget	1	259375
1296.96	0.8	NonTarget	1	259392
1297.04	0.8	NonTarget	1	259408
1297.125	0.8	NonTarget	1	259425
1297.21	0.8	NonTarget	1	259442
1297.295	0.8	NonTarget	1	259459
1297.375	0.8	Target	2	259475
1297.46	0.8	NonTarget	1	259492
1297.545	0.8	NonTarget	1	259509
1297.625	0.8	NonTarget	1	259525
1297.71	0.8	NonTarget	1	259542
1297.79	0.8	NonTarget	1	259558
1297.875	0.8	NonTarget	1	259575
1297.96	0.8	NonTarget	1	259592
1307.995	0.8	NonTarget	1	261599
1308.075	0.8	NonTarget	1	261615
1308.16	0.8	NonTarget	1	261632
1308.24	0.8	Target	2	261648
1308.325	0.8	NonTarget	1	261665
1308.41	0.8	NonTarget	1	261682
1308.49	0.8	NonTarget	1	261698
1308.575	0.8	NonTarget	1	261715
1308.66	0.8	NonTarget	1	261732
1308.745	0.8	NonTarget	1	261749
1308.825	0.8	NonTarget	1	261765
1308.91	0.8	NonTarget	1	261782
1308.99	0.8	NonTarget	1	261798
1309.075	0.8	NonTarget	1	261815
1309.16	0.8	NonTarget	1	261832
1309.245	0.8	NonTarget	1	261849
1309.325	0.8	NonTarget	1	261865
1309.41	0.8	NonTarget	1	261882
1309.495	0.8	NonTarget	1	261899
1309.575	0.8	NonTarget	1	261915
1309.66	0.8	NonTarget	1	261932
1309.745	0.8	NonTarget	1	261949
1309.83	0.8	NonTarget	1	261966
1309.91	0.8	NonTarget	1	261982
1309.995	0.8	NonTarget	1	261999
1310.08	0.8	NonTarget	1	262016
1310.16	0.8	NonTarget	1	262032
1310.245	0.8	NonTarget	1	262049
1310.325	0.8	NonTarget	1	262065
1310.41	0.8	NonTarget	1	262082
1310.81	0.8	NonTarget	1	262162
1310.895	0.8	NonTarget	1	262179
1310.98	0.8	NonTarget	1	262196
1311.06	0.8	Target	2	262212
1311.145	0.8	NonTarget	1	262229
1311.23	0.8	NonTarget	1	262246
1311.315	0.8	NonTarget	1	262263
1311.395	0.8	NonTarget	1	262279
1311.48	0.8	NonTarget	1	262296
1311.565	0.8	NonTarget	1	262313
1311.645	0.8	NonTarget	1	262329
1311.73	0.8	NonTarget	1	262346
1311.815	0.8	NonTarget	1	262363
1311.9	0.8	NonTarget	1	262380
1311.98	0.8	NonTarget	1	262396
1312.065	0.8	NonTarget	1	262413
1312.145	0.8	NonTarget	1	262429
1312.23	0.8	NonTarget	1	262446
1312.315	0.8	NonTarget	1	262463
1312.4	0.8	NonTarget	1	262480
1312.48	0.8	NonTarget	1	262496
1312.565	0.8	NonTarget	1	262513
1312.65	0.8	NonTarget	1	262530
1312.73	0.8	NonTarget	1	262546
1312.815	0.8	NonTarget	1	262563
1312.9	0.8	NonTarget	1	262580
1312.98	0.8	NonTarget	1	262596
1313.065	0.8	NonTarget	1	262613
1313.15	0.8	NonTarget	1	262630
1313.23	0.8	NonTarget	1	262646
1313.635	0.8	NonTarget	1	262727
1313.715	0.8	NonTarget	1	262743
1313.8	0.8	NonTarget	1	262760
1313.885	0.8	NonTarget	1	262777
1313.965	0.8	NonTarget	1	262793
1314.05	0.8	NonTarget	1	262810
1314.13	0.8	NonTarget	1	262826
1314.215	0.8	NonTarget	1	262843
1314.3	0.8	NonTarget	1	262860
1314.385	0.8	NonTarget	1	262877
1314.465	0.8	NonTarget	1	262893
1314.55	0.8	NonTarget	1	262910
1314.635	0.8	NonTarget	1	262927
1314.72	0.8	NonTarget	1	262944
1314.8	0.8	NonTarget	1	262960
1314.885	0.8	NonTarget	1	262977
1314.97	0.8	NonTarget	1	262994
1315.05	0.8	NonTarget	1	263010
1315.135	0.8	NonTarget	1	263027
1315.22	0.8	NonTarget	1	263044
1315.305	0.8	NonTarget	1	263061
1315.385	0.8	NonTarget	1	263077
1315.47	0.8	NonTarget	1	263094
1315.55	0.8	Target	2	263110
1315.635	0.8	NonTarget	1	263127
1315.72	0.8	NonTarget	1	263144
1315.8	0.8	NonTarget	1	263160
1315.885	0.8	NonTarget	1	263177
1315.97	0.8	NonTarget	1	263194
1316.055	0.8	NonTarget	1	263211
1316.455	0.8	NonTarget	1	263291
1316.535	0.8	NonTarget	1	263307
1316.62	0.8	NonTarget	1	263324
1316.705	0.8	NonTarget	1	263341
1316.785	0.8	NonTarget	1	263357
1316.87	0.8	NonTarget	1	263374
1316.955	0.8	NonTarget	1	263391
1317.035	0.8	NonTarget	1	263407
1317.12	0.8	NonTarget	1	263424
1317.205	0.8	NonTarget	1	263441
1317.29	0.8	NonTarget	1	263458
1317.37	0.8	NonTarget	1	263474
1317.455	0.8	NonTarget	1	263491
1317.54	0.8	NonTarget	1	263508
1317.62	0.8	NonTarget	1	263524
1317.705	0.8	NonTarget	1	263541
1317.79	0.8	NonTarget	1	263558
1317.875	0.8	NonTarget	1	263575
1317.955	0.8	NonTarget	1	263591
1318.04	0.8	NonTarget	1	263608
1318.125	0.8	NonTarget	1	263625
1318.205	0.8	NonTarget	1	263641
1318.29	0.8	NonTarget	1	263658
1318.37	0.8	NonTarget	1	263674
1318.455	0.8	NonTarget	1	263691
1318.54	0.8	NonTarget	1	263708
1318.625	0.8	NonTarget	1	263725
1318.705	0.8	NonTarget	1	263741
1318.79	0.8	Target	2	263758
1318.875	0.8	NonTarget	1	263775
1319.275	0.8	NonTarget	1	263855
1319.36	0.8	NonTarget	1	263872
1319.44	0.8	NonTarget	1	263888
1319.525	0.8	Target	2	263905
1319.61	0.8	NonTarget	1	263922
1319.69	0.8	NonTarget	1	263938
1319.775	0.8	NonTarget	1	263955
1319.86	0.8	NonTarget	1	263972
1319.94	0.8	NonTarget	1	263988
1320.025	0.8	NonTarget	1	264005
1320.11	0.8	NonTarget	1	264022
1320.19	0.8	NonTarget	1	264038
1320.275	0.8	NonTarget	1	264055
1320.36	0.8	NonTarget	1	264072
1320.44	0.8	NonTarget	1	264088
1320.525	0.8	NonTarget	1	264105
1320.61	0.8	NonTarget	1	264122
1320.695	0.8	NonTarget	1	264139
1320.775	0.8	NonTarget	1	264155
1320.86	0.8	NonTarget	1	264172
1320.945	0.8	NonTarget	1	264189
1321.025	0.8	NonTarget	1	264205
1321.11	0.8	NonTarget	1	264222
1321.195	0.8	NonTarget	1	264239
1321.275	0.8	NonTarget	1	264255
1321.36	0.8	NonTarget	1	264272
1321.445	0.8	NonTarget	1	264289
1321.525	0.8	NonTarget	1	264305
1321.61	0.8	NonTarget	1	264322
1321.695	0.8	NonTarget	1	264339
1322.095	0.8	NonTarget	1	264419
1322.18	0.8	NonTarget	1	264436
1322.26	0.8	NonTarget	1	264452
1322.345	0.8	NonTarget	1	264469
1322.43	0.8	NonTarget	1	264486
1322.515	0.8	NonTarget	1	264503
1322.595	0.8	NonTarget	1	264519
1322.68	0.8	NonTarget	1	264536
1322.76	0.8	NonTarget	1	264552
1322.845	0.8	NonTarget	1	264569
1322.93	0.8	NonTarget	1	264586
1323.015	0.8	NonTarget	1	264603
1323.095	0.8	NonTarget	1	264619
1323.18	0.8	NonTarget	1	264636
1323.265	0.8	NonTarget	1	264653
1323.345	0.8	NonTarget	1	264669
1323.43	0.8	NonTarget	1	264686
1323.51	0.8	NonTarget	1	264702
1323.595	0.8	NonTarget	1	264719
1323.68	0.8	NonTarget	1	264736
1323.76	0.8	NonTarget	1	264752
1323.845	0.8	NonTarget	1	264769
1323.93	0.8	NonTarget	1	264786
1324.015	0.8	Target	2	264803
1324.1	0.8	NonTarget	1	264820
1324.18	0.8	NonTarget	1	264836
1324.265	0.8	NonTarget	1	264853
1324.35	0.8	NonTarget	1	264870
1324.43	0.8	NonTarget	1	264886
1324.515	0.8	NonTarget	1	264903
1324.915	0.8	NonTarget	1	264983
1325.0	0.8	NonTarget	1	265000
1325.085	0.8	NonTarget	1	265017
1325.165	0.8	Target	2	265033
1325.25	0.8	NonTarget	1	265050
1325.33	0.8	NonTarget	1	265066
1325.415	0.8	NonTarget	1	265083
1325.5	0.8	NonTarget	1	265100
1325.585	0.8	NonTarget	1	265117
1325.665	0.8	NonTarget	1	265133
1325.75	0.8	NonTarget	1	265150
1325.835	0.8	NonTarget	1	265167
1325.915	0.8	NonTarget	1	265183
1326.0	0.8	NonTarget	1	265200
1326.085	0.8	NonTarget	1	265217
1326.165	0.8	NonTarget	1	265233
1326.25	0.8	NonTarget	1	265250
1326.335	0.8	NonTarget	1	265267
1326.42	0.8	NonTarget	1	265284
1326.5	0.8	NonTarget	1	265300
1326.585	0.8	NonTarget	1	265317
1326.67	0.8	NonTarget	1	265334
1326.75	0.8	NonTarget	1	265350
1326.835	0.8	NonTarget	1	265367
1326.92	0.8	NonTarget	1	265384
1327.0	0.8	NonTarget	1	265400
1327.085	0.8	NonTarget	1	265417
1327.165	0.8	NonTarget	1	265433
1327.255	0.8	NonTarget	1	265451
1327.335	0.8	NonTarget	1	265467
1327.735	0.8	NonTarget	1	265547
1327.82	0.8	NonTarget	1	265564
1327.905	0.8	NonTarget	1	265581
1327.99	0.8	NonTarget	1	265598
1328.07	0.8	NonTarget	1	265614
1328.155	0.8	NonTarget	1	265631
1328.235	0.8	NonTarget	1	265647
1328.32	0.8	NonTarget	1	265664
1328.405	0.8	NonTarget	1	265681
1328.485	0.8	NonTarget	1	265697
1328.57	0.8	NonTarget	1	265714
1328.655	0.8	NonTarget	1	265731
1328.735	0.8	NonTarget	1	265747
1328.82	0.8	NonTarget	1	265764
1328.905	0.8	NonTarget	1	265781
1328.99	0.8	NonTarget	1	265798
1329.07	0.8	NonTarget	1	265814
1329.155	0.8	NonTarget	1	265831
1329.24	0.8	NonTarget	1	265848
1329.32	0.8	NonTarget	1	265864
1329.405	0.8	NonTarget	1	265881
1329.49	0.8	NonTarget	1	265898
1329.575	0.8	NonTarget	1	265915
1329.655	0.8	NonTarget	1	265931
1329.74	0.8	NonTarget	1	265948
1329.825	0.8	NonTarget	1	265965
1329.905	0.8	NonTarget	1	265981
1329.99	0.8	NonTarget	1	265998
1330.075	0.8	Target	2	266015
1330.155	0.8	NonTarget	1	266031
1330.555	0.8	NonTarget	1	266111
1330.64	0.8	NonTarget	1	266128
1330.725	0.8	NonTarget	1	266145
1330.805	0.8	NonTarget	1	266161
1330.89	0.8	NonTarget	1	266178
1330.975	0.8	NonTarget	1	266195
1331.055	0.8	NonTarget	1	266211
1331.14	0.8	NonTarget	1	266228
1331.225	0.8	NonTarget	1	266245
1331.31	0.8	NonTarget	1	266262
1331.39	0.8	NonTarget	1	266278
1331.475	0.8	NonTarget	1	266295
1331.56	0.8	NonTarget	1	266312
1331.64	0.8	NonTarget	1	266328
1331.725	0.8	NonTarget	1	266345
1331.81	0.8	NonTarget	1	266362
1331.89	0.8	NonTarget	1	266378
1331.975	0.8	NonTarget	1	266395
1332.06	0.8	NonTarget	1	266412
1332.14	0.8	NonTarget	1	266428
1332.225	0.8	NonTarget	1	266445
1332.31	0.8	NonTarget	1	266462
1332.39	0.8	NonTarget	1	266478
1332.475	0.8	NonTarget	1	266495
1332.56	0.8	NonTarget	1	266512
1332.645	0.8	NonTarget	1	266529
1332.725	0.8	NonTarget	1	266545
1332.81	0.8	NonTarget	1	266562
1332.895	0.8	Target	2	266579
1332.98	0.8	NonTarget	1	266596
1333.375	0.8	NonTarget	1	266675
1333.46	0.8	NonTarget	1	266692
1333.545	0.8	NonTarget	1	266709
1333.63	0.8	NonTarget	1	266726
1333.71	0.8	NonTarget	1	266742
1333.795	0.8	NonTarget	1	266759
1333.88	0.8	NonTarget	1	266776
1333.96	0.8	NonTarget	1	266792
1334.045	0.8	NonTarget	1	266809
1334.125	0.8	NonTarget	1	266825
1334.21	0.8	NonTarget	1	266842
1334.295	0.8	NonTarget	1	266859
1334.38	0.8	NonTarget	1	266876
1334.465	0.8	Target	2	266893
1334.545	0.8	NonTarget	1	266909
1334.63	0.8	NonTarget	1	266926
1334.71	0.8	NonTarget	1	266942
1334.795	0.8	NonTarget	1	266959
1334.88	0.8	NonTarget	1	266976
1334.965	0.8	NonTarget	1	266993
1335.045	0.8	NonTarget	1	267009
1335.13	0.8	NonTarget	1	267026
1335.215	0.8	NonTarget	1	267043
1335.295	0.8	NonTarget	1	267059
1335.38	0.8	NonTarget	1	267076
1335.465	0.8	NonTarget	1	267093
1335.545	0.8	NonTarget	1	267109
1335.63	0.8	NonTarget	1	267126
1335.715	0.8	NonTarget	1	267143
1335.795	0.8	NonTarget	1	267159
1345.835	0.8	NonTarget	1	269167
1345.91	0.8	Target	2	269182
1345.995	0.8	NonTarget	1	269199
1346.08	0.8	NonTarget	1	269216
1346.16	0.8	NonTarget	1	269232
1346.245	0.8	NonTarget	1	269249
1346.33	0.8	NonTarget	1	269266
1346.415	0.8	NonTarget	1	269283
1346.495	0.8	NonTarget	1	269299
1346.58	0.8	NonTarget	1	269316
1346.665	0.8	NonTarget	1	269333
1346.745	0.8	NonTarget	1	269349
1346.83	0.8	NonTarget	1	269366
1346.915	0.8	NonTarget	1	269383
1346.995	0.8	NonTarget	1	269399
1347.08	0.8	NonTarget	1	269416
1347.165	0.8	NonTarget	1	269433
1347.245	0.8	NonTarget	1	269449
1347.33	0.8	NonTarget	1	269466
1347.415	0.8	NonTarget	1	269483
1347.495	0.8	NonTarget	1	269499
1347.58	0.8	NonTarget	1	269516
1347.665	0.8	NonTarget	1	269533
1347.75	0.8	NonTarget	1	269550
1347.83	0.8	NonTarget	1	269566
1347.915	0.8	NonTarget	1	269583
1348.0	0.8	NonTarget	1	269600
1348.08	0.8	NonTarget	1	269616
1348.165	0.8	NonTarget	1	269633
1348.25	0.8	NonTarget	1	269650
1348.65	0.8	NonTarget	1	269730
1348.735	0.8	NonTarget	1	269747
1348.815	0.8	NonTarget	1	269763
1348.9	0.8	NonTarget	1	269780
1348.985	0.8	NonTarget	1	269797
1349.065	0.8	NonTarget	1	269813
1349.15	0.8	NonTarget	1	269830
1349.235	0.8	NonTarget	1	269847
1349.315	0.8	NonTarget	1	269863
1349.4	0.8	NonTarget	1	269880
1349.485	0.8	NonTarget	1	269897
1349.565	0.8	NonTarget	1	269913
1349.65	0.8	NonTarget	1	269930
1349.735	0.8	NonTarget	1	269947
1349.815	0.8	NonTarget	1	269963
1349.9	0.8	NonTarget	1	269980
1349.985	0.8	NonTarget	1	269997
1350.07	0.8	NonTarget	1	270014
1350.15	0.8	NonTarget	1	270030
1350.235	0.8	NonTarget	1	270047
1350.32	0.8	NonTarget	1	270064
1350.4	0.8	NonTarget	1	270080
1350.485	0.8	NonTarget	1	270097
1350.57	0.8	NonTarget	1	270114
1350.65	0.8	NonTarget	1	270130
1350.735	0.8	NonTarget	1	270147
1350.82	0.8	Target	2	270164
1350.9	0.8	NonTarget	1	270180
1350.985	0.8	NonTarget	1	270197
1351.07	0.8	NonTarget	1	270214
1351.47	0.8	NonTarget	1	270294
1351.555	0.8	Target	2	270311
1351.635	0.8	NonTarget	1	270327
1351.72	0.8	NonTarget	1	270344
1351.805	0.8	NonTarget	1	270361
1351.885	0.8	NonTarget	1	270377
1351.97	0.8	NonTarget	1	270394
1352.055	0.8	NonTarget	1	270411
1352.14	0.8	NonTarget	1	270428
1352.22	0.8	NonTarget	1	270444
1352.305	0.8	NonTarget	1	270461
1352.385	0.8	NonTarget	1	270477
1352.47	0.8	NonTarget	1	270494
1352.555	0.8	NonTarget	1	270511
1352.64	0.8	NonTarget	1	270528
1352.72	0.8	NonTarget	1	270544
1352.805	0.8	NonTarget	1	270561
1352.89	0.8	NonTarget	1	270578
1352.97	0.8	NonTarget	1	270594
1353.055	0.8	NonTarget	1	270611
1353.14	0.8	NonTarget	1	270628
1353.22	0.8	NonTarget	1	270644
1353.305	0.8	NonTarget	1	270661
1353.39	0.8	NonTarget	1	270678
1353.475	0.8	NonTarget	1	270695
1353.555	0.8	NonTarget	1	270711
1353.64	0.8	NonTarget	1	270728
1353.725	0.8	NonTarget	1	270745
1353.805	0.8	NonTarget	1	270761
1353.89	0.8	NonTarget	1	270778
1354.29	0.8	NonTarget	1	270858
1354.375	0.8	NonTarget	1	270875
1354.455	0.8	NonTarget	1	270891
1354.54	0.8	NonTarget	1	270908
1354.625	0.8	NonTarget	1	270925
1354.71	0.8	NonTarget	1	270942
1354.79	0.8	NonTarget	1	270958
1354.875	0.8	NonTarget	1	270975
1354.96	0.8	NonTarget	1	270992
1355.04	0.8	NonTarget	1	271008
1355.125	0.8	NonTarget	1	271025
1355.21	0.8	Target	2	271042
1355.29	0.8	NonTarget	1	271058
1355.375	0.8	NonTarget	1	271075
1355.46	0.8	NonTarget	1	271092
1355.54	0.8	NonTarget	1	271108
1355.625	0.8	NonTarget	1	271125
1355.71	0.8	NonTarget	1	271142
1355.795	0.8	NonTarget	1	271159
1355.875	0.8	NonTarget	1	271175
1355.96	0.8	NonTarget	1	271192
1356.04	0.8	NonTarget	1	271208
1356.125	0.8	NonTarget	1	271225
1356.21	0.8	NonTarget	1	271242
1356.295	0.8	NonTarget	1	271259
1356.38	0.8	NonTarget	1	271276
1356.46	0.8	NonTarget	1	271292
1356.545	0.8	NonTarget	1	271309
1356.625	0.8	NonTarget	1	271325
1356.71	0.8	NonTarget	1	271342
1357.11	0.8	NonTarget	1	271422
1357.195	0.8	NonTarget	1	271439
1357.28	0.8	NonTarget	1	271456
1357.36	0.8	NonTarget	1	271472
1357.445	0.8	NonTarget	1	271489
1357.53	0.8	NonTarget	1	271506
1357.61	0.8	Target	2	271522
1357.695	0.8	NonTarget	1	271539
1357.78	0.8	NonTarget	1	271556
1357.86	0.8	NonTarget	1	271572
1357.945	0.8	NonTarget	1	271589
1358.03	0.8	NonTarget	1	271606
1358.11	0.8	NonTarget	1	271622
1358.195	0.8	NonTarget	1	271639
1358.28	0.8	NonTarget	1	271656
1358.36	0.8	NonTarget	1	271672
1358.445	0.8	NonTarget	1	271689
1358.53	0.8	NonTarget	1	271706
1358.615	0.8	NonTarget	1	271723
1358.695	0.8	NonTarget	1	271739
1358.78	0.8	NonTarget	1	271756
1358.865	0.8	NonTarget	1	271773
1358.95	0.8	NonTarget	1	271790
1359.03	0.8	NonTarget	1	271806
1359.115	0.8	NonTarget	1	271823
1359.195	0.8	NonTarget	1	271839
1359.28	0.8	NonTarget	1	271856
1359.365	0.8	NonTarget	1	271873
1359.445	0.8	NonTarget	1	271889
1359.53	0.8	NonTarget	1	271906
1359.93	0.8	NonTarget	1	271986
1360.015	0.8	NonTarget	1	272003
1360.1	0.8	NonTarget	1	272020
1360.185	0.8	NonTarget	1	272037
1360.265	0.8	NonTarget	1	272053
1360.35	0.8	NonTarget	1	272070
1360.43	0.8	NonTarget	1	272086
1360.515	0.8	NonTarget	1	272103
1360.6	0.8	NonTarget	1	272120
1360.68	0.8	NonTarget	1	272136
1360.765	0.8	NonTarget	1	272153
1360.85	0.8	NonTarget	1	272170
1360.935	0.8	NonTarget	1	272187
1361.015	0.8	NonTarget	1	272203
1361.1	0.8	NonTarget	1	272220
1361.185	0.8	NonTarget	1	272237
1361.265	0.8	Target	2	272253
1361.35	0.8	NonTarget	1	272270
1361.435	0.8	NonTarget	1	272287
1361.52	0.8	NonTarget	1	272304
1361.6	0.8	NonTarget	1	272320
1361.685	0.8	NonTarget	1	272337
1361.77	0.8	NonTarget	1	272354
1361.85	0.8	NonTarget	1	272370
1361.935	0.8	NonTarget	1	272387
1362.02	0.8	NonTarget	1	272404
1362.1	0.8	NonTarget	1	272420
1362.185	0.8	NonTarget	1	272437
1362.27	0.8	NonTarget	1	272454
1362.35	0.8	NonTarget	1	272470
1362.75	0.8	NonTarget	1	272550
1362.835	0.8	NonTarget	1	272567
1362.92	0.8	NonTarget	1	272584
1363.005	0.8	NonTarget	1	272601
1363.085	0.8	NonTarget	1	272617
1363.17	0.8	NonTarget	1	272634
1363.255	0.8	NonTarget	1	272651
1363.34	0.8	NonTarget	1	272668
1363.42	0.8	NonTarget	1	272684
1363.505	0.8	NonTarget	1	272701
1363.585	0.8	NonTarget	1	272717
1363.67	0.8	NonTarget	1	272734
1363.755	0.8	NonTarget	1	272751
1363.835	0.8	NonTarget	1	272767
1363.92	0.8	NonTarget	1	272784
1364.005	0.8	NonTarget	1	272801
1364.09	0.8	Target	2	272818
1364.17	0.8	NonTarget	1	272834
1364.255	0.8	NonTarget	1	272851
1364.34	0.8	NonTarget	1	272868
1364.42	0.8	NonTarget	1	272884
1364.505	0.8	NonTarget	1	272901
1364.59	0.8	NonTarget	1	272918
1364.67	0.8	NonTarget	1	272934
1364.755	0.8	NonTarget	1	272951
1364.84	0.8	NonTarget	1	272968
1364.92	0.8	NonTarget	1	272984
1365.005	0.8	NonTarget	1	273001
1365.09	0.8	NonTarget	1	273018
1365.17	0.8	NonTarget	1	273034
1365.57	0.8	NonTarget	1	273114
1365.655	0.8	NonTarget	1	273131
1365.74	0.8	NonTarget	1	273148
1365.825	0.8	NonTarget	1	273165
1365.905	0.8	NonTarget	1	273181
1365.99	0.8	NonTarget	1	273198
1366.075	0.8	NonTarget	1	273215
1366.155	0.8	NonTarget	1	273231
1366.24	0.8	NonTarget	1	273248
1366.325	0.8	NonTarget	1	273265
1366.405	0.8	NonTarget	1	273281
1366.49	0.8	NonTarget	1	273298
1366.575	0.8	NonTarget	1	273315
1366.66	0.8	NonTarget	1	273332
1366.74	0.8	NonTarget	1	273348
1366.825	0.8	NonTarget	1	273365
1366.91	0.8	NonTarget	1	273382
1366.99	0.8	NonTarget	1	273398
1367.075	0.8	NonTarget	1	273415
1367.16	0.8	NonTarget	1	273432
1367.24	0.8	NonTarget	1	273448
1367.325	0.8	NonTarget	1	273465
1367.41	0.8	NonTarget	1	273482
1367.495	0.8	NonTarget	1	273499
1367.575	0.8	NonTarget	1	273515
1367.66	0.8	NonTarget	1	273532
1367.745	0.8	Target	2	273549
1367.825	0.8	NonTarget	1	273565
1367.91	0.8	NonTarget	1	273582
1367.995	0.8	NonTarget	1	273599
1368.395	0.8	NonTarget	1	273679
1368.475	0.8	Target	2	273695
1368.56	0.8	NonTarget	1	273712
1368.645	0.8	NonTarget	1	273729
1368.73	0.8	NonTarget	1	273746
1368.81	0.8	NonTarget	1	273762
1368.895	0.8	NonTarget	1	273779
1368.975	0.8	NonTarget	1	273795
1369.06	0.8	NonTarget	1	273812
1369.145	0.8	NonTarget	1	273829
1369.23	0.8	NonTarget	1	273846
1369.31	0.8	NonTarget	1	273862
1369.395	0.8	NonTarget	1	273879
1369.48	0.8	NonTarget	1	273896
1369.565	0.8	NonTarget	1	273913
1369.645	0.8	NonTarget	1	273929
1369.73	0.8	NonTarget	1	273946
1369.81	0.8	NonTarget	1	273962
1369.895	0.8	NonTarget	1	273979
1369.98	0.8	NonTarget	1	273996
1370.065	0.8	NonTarget	1	274013
1370.145	0.8	NonTarget	1	274029
1370.23	0.8	NonTarget	1	274046
1370.315	0.8	NonTarget	1	274063
1370.395	0.8	NonTarget	1	274079
1370.48	0.8	NonTarget	1	274096
1370.565	0.8	NonTarget	1	274113
1370.645	0.8	NonTarget	1	274129
1370.73	0.8	NonTarget	1	274146
1370.815	0.8	NonTarget	1	274163
1371.215	0.8	NonTarget	1	274243
1371.3	0.8	NonTarget	1	274260
1371.38	0.8	NonTarget	1	274276
1371.465	0.8	NonTarget	1	274293
1371.55	0.8	NonTarget	1	274310
1371.63	0.8	NonTarget	1	274326
1371.715	0.8	NonTarget	1	274343
1371.8	0.8	NonTarget	1	274360
1371.88	0.8	NonTarget	1	274376
1371.965	0.8	NonTarget	1	274393
1372.05	0.8	NonTarget	1	274410
1372.13	0.8	NonTarget	1	274426
1372.215	0.8	NonTarget	1	274443
1372.3	0.8	NonTarget	1	274460
1372.385	0.8	NonTarget	1	274477
1372.465	0.8	NonTarget	1	274493
1372.55	0.8	NonTarget	1	274510
1372.635	0.8	NonTarget	1	274527
1372.715	0.8	NonTarget	1	274543
1372.8	0.8	NonTarget	1	274560
1372.885	0.8	NonTarget	1	274577
1372.965	0.8	NonTarget	1	274593
1373.05	0.8	NonTarget	1	274610
1373.135	0.8	NonTarget	1	274627
1373.22	0.8	NonTarget	1	274644
1373.3	0.8	NonTarget	1	274660
1373.385	0.8	Target	2	274677
1373.465	0.8	NonTarget	1	274693
1373.55	0.8	NonTarget	1	274710
1373.635	0.8	NonTarget	1	274727
1383.67	0.8	NonTarget	1	276734
1383.75	0.8	NonTarget	1	276750
1383.83	0.8	Target	2	276766
1383.915	0.8	NonTarget	1	276783
1384.0	0.8	NonTarget	1	276800
1384.085	0.8	NonTarget	1	276817
1384.165	0.8	NonTarget	1	276833
1384.25	0.8	NonTarget	1	276850
1384.335	0.8	NonTarget	1	276867
1384.415	0.8	NonTarget	1	276883
1384.5	0.8	NonTarget	1	276900
1384.585	0.8	NonTarget	1	276917
1384.67	0.8	NonTarget	1	276934
1384.75	0.8	NonTarget	1	276950
1384.83	0.8	NonTarget	1	276966
1384.92	0.8	NonTarget	1	276984
1385.0	0.8	NonTarget	1	277000
1385.085	0.8	NonTarget	1	277017
1385.165	0.8	NonTarget	1	277033
1385.25	0.8	NonTarget	1	277050
1385.335	0.8	NonTarget	1	277067
1385.42	0.8	NonTarget	1	277084
1385.5	0.8	NonTarget	1	277100
1385.585	0.8	NonTarget	1	277117
1385.67	0.8	NonTarget	1	277134
1385.75	0.8	NonTarget	1	277150
1385.835	0.8	NonTarget	1	277167
1385.92	0.8	NonTarget	1	277184
1386.0	0.8	NonTarget	1	277200
1386.085	0.8	NonTarget	1	277217
1386.485	0.8	NonTarget	1	277297
1386.57	0.8	NonTarget	1	277314
1386.65	0.8	NonTarget	1	277330
1386.735	0.8	NonTarget	1	277347
1386.82	0.8	NonTarget	1	277364
1386.905	0.8	NonTarget	1	277381
1386.985	0.8	NonTarget	1	277397
1387.07	0.8	NonTarget	1	277414
1387.155	0.8	NonTarget	1	277431
1387.235	0.8	NonTarget	1	277447
1387.32	0.8	NonTarget	1	277464
1387.405	0.8	NonTarget	1	277481
1387.485	0.8	Target	2	277497
1387.57	0.8	NonTarget	1	277514
1387.655	0.8	NonTarget	1	277531
1387.74	0.8	NonTarget	1	277548
1387.82	0.8	NonTarget	1	277564
1387.905	0.8	NonTarget	1	277581
1387.99	0.8	NonTarget	1	277598
1388.07	0.8	NonTarget	1	277614
1388.155	0.8	NonTarget	1	277631
1388.24	0.8	NonTarget	1	277648
1388.32	0.8	NonTarget	1	277664
1388.405	0.8	NonTarget	1	277681
1388.49	0.8	NonTarget	1	277698
1388.57	0.8	NonTarget	1	277714
1388.655	0.8	NonTarget	1	277731
1388.74	0.8	NonTarget	1	277748
1388.825	0.8	NonTarget	1	277765
1388.905	0.8	NonTarget	1	277781
1389.305	0.8	NonTarget	1	277861
1389.39	0.8	NonTarget	1	277878
1389.475	0.8	NonTarget	1	277895
1389.555	0.8	NonTarget	1	277911
1389.64	0.8	NonTarget	1	277928
1389.725	0.8	NonTarget	1	277945
1389.805	0.8	NonTarget	1	277961
1389.89	0.8	Target	2	277978
1389.975	0.8	NonTarget	1	277995
1390.06	0.8	NonTarget	1	278012
1390.14	0.8	NonTarget	1	278028
1390.225	0.8	NonTarget	1	278045
1390.31	0.8	NonTarget	1	278062
1390.39	0.8	NonTarget	1	278078
1390.475	0.8	NonTarget	1	278095
1390.56	0.8	NonTarget	1	278112
1390.64	0.8	NonTarget	1	278128
1390.725	0.8	NonTarget	1	278145
1390.81	0.8	NonTarget	1	278162
1390.89	0.8	NonTarget	1	278178
1390.975	0.8	NonTarget	1	278195
1391.06	0.8	NonTarget	1	278212
1391.145	0.8	NonTarget	1	278229
1391.225	0.8	NonTarget	1	278245
1391.31	0.8	NonTarget	1	278262
1391.39	0.8	NonTarget	1	278278
1391.475	0.8	NonTarget	1	278295
1391.56	0.8	NonTarget	1	278312
1391.645	0.8	NonTarget	1	278329
1391.725	0.8	NonTarget	1	278345
1392.125	0.8	NonTarget	1	278425
1392.21	0.8	NonTarget	1	278442
1392.295	0.8	NonTarget	1	278459
1392.38	0.8	NonTarget	1	278476
1392.46	0.8	NonTarget	1	278492
1392.545	0.8	NonTarget	1	278509
1392.63	0.8	NonTarget	1	278526
1392.71	0.8	NonTarget	1	278542
1392.795	0.8	NonTarget	1	278559
1392.88	0.8	NonTarget	1	278576
1392.96	0.8	NonTarget	1	278592
1393.045	0.8	NonTarget	1	278609
1393.13	0.8	NonTarget	1	278626
1393.215	0.8	NonTarget	1	278643
1393.295	0.8	NonTarget	1	278659
1393.38	0.8	NonTarget	1	278676
1393.465	0.8	NonTarget	1	278693
1393.545	0.8	NonTarget	1	278709
1393.63	0.8	NonTarget	1	278726
1393.715	0.8	NonTarget	1	278743
1393.795	0.8	NonTarget	1	278759
1393.88	0.8	NonTarget	1	278776
1393.965	0.8	Target	2	278793
1394.045	0.8	NonTarget	1	278809
1394.13	0.8	NonTarget	1	278826
1394.215	0.8	NonTarget	1	278843
1394.295	0.8	NonTarget	1	278859
1394.38	0.8	NonTarget	1	278876
1394.465	0.8	NonTarget	1	278893
1394.545	0.8	NonTarget	1	278909
1394.945	0.8	NonTarget	1	278989
1395.03	0.8	NonTarget	1	279006
1395.115	0.8	Target	2	279023
1395.2	0.8	NonTarget	1	279040
1395.285	0.8	NonTarget	1	279057
1395.365	0.8	NonTarget	1	279073
1395.445	0.8	NonTarget	1	279089
1395.53	0.8	NonTarget	1	279106
1395.615	0.8	NonTarget	1	279123
1395.7	0.8	NonTarget	1	279140
1395.785	0.8	NonTarget	1	279157
1395.865	0.8	NonTarget	1	279173
1395.95	0.8	NonTarget	1	279190
1396.035	0.8	NonTarget	1	279207
1396.115	0.8	NonTarget	1	279223
1396.2	0.8	NonTarget	1	279240
1396.285	0.8	NonTarget	1	279257
1396.365	0.8	NonTarget	1	279273
1396.45	0.8	NonTarget	1	279290
1396.53	0.8	NonTarget	1	279306
1396.615	0.8	NonTarget	1	279323
1396.7	0.8	NonTarget	1	279340
1396.785	0.8	NonTarget	1	279357
1396.865	0.8	NonTarget	1	279373
1396.95	0.8	NonTarget	1	279390
1397.035	0.8	NonTarget	1	279407
1397.115	0.8	NonTarget	1	279423
1397.2	0.8	NonTarget	1	279440
1397.285	0.8	NonTarget	1	279457
1397.37	0.8	NonTarget	1	279474
1397.77	0.8	NonTarget	1	279554
1397.85	0.8	NonTarget	1	279570
1397.935	0.8	NonTarget	1	279587
1398.02	0.8	NonTarget	1	279604
1398.1	0.8	NonTarget	1	279620
1398.185	0.8	NonTarget	1	279637
1398.27	0.8	NonTarget	1	279654
1398.35	0.8	NonTarget	1	279670
1398.435	0.8	NonTarget	1	279687
1398.52	0.8	NonTarget	1	279704
1398.605	0.8	NonTarget	1	279721
1398.685	0.8	NonTarget	1	279737
1398.77	0.8	NonTarget	1	279754
1398.855	0.8	NonTarget	1	279771
1398.935	0.8	NonTarget	1	279787
1399.02	0.8	NonTarget	1	279804
1399.105	0.8	NonTarget	1	279821
1399.185	0.8	NonTarget	1	279837
1399.27	0.8	NonTarget	1	279854
1399.355	0.8	NonTarget	1	279871
1399.44	0.8	NonTarget	1	279888
1399.52	0.8	NonTarget	1	279904
1399.605	0.8	Target	2	279921
1399.69	0.8	NonTarget	1	279938
1399.77	0.8	NonTarget	1	279954
1399.855	0.8	NonTarget	1	279971
1399.94	0.8	NonTarget	1	279988
1400.02	0.8	NonTarget	1	280004
1400.105	0.8	NonTarget	1	280021
1400.19	0.8	NonTarget	1	280038
1400.59	0.8	NonTarget	1	280118
1400.675	0.8	NonTarget	1	280135
1400.755	0.8	NonTarget	1	280151
1400.84	0.8	NonTarget	1	280168
1400.925	0.8	NonTarget	1	280185
1401.005	0.8	NonTarget	1	280201
1401.09	0.8	NonTarget	1	280218
1401.175	0.8	NonTarget	1	280235
1401.255	0.8	NonTarget	1	280251
1401.34	0.8	NonTarget	1	280268
1401.425	0.8	NonTarget	1	280285
1401.505	0.8	NonTarget	1	280301
1401.59	0.8	NonTarget	1	280318
1401.675	0.8	NonTarget	1	280335
1401.755	0.8	NonTarget	1	280351
1401.84	0.8	NonTarget	1	280368
1401.925	0.8	NonTarget	1	280385
1402.005	0.8	NonTarget	1	280401
1402.09	0.8	NonTarget	1	280418
1402.175	0.8	NonTarget	1	280435
1402.26	0.8	NonTarget	1	280452
1402.34	0.8	NonTarget	1	280468
1402.425	0.8	NonTarget	1	280485
1402.51	0.8	NonTarget	1	280502
1402.59	0.8	NonTarget	1	280518
1402.675	0.8	NonTarget	1	280535
1402.76	0.8	NonTarget	1	280552
1402.84	0.8	Target	2	280568
1402.925	0.8	NonTarget	1	280585
1403.01	0.8	NonTarget	1	280602
1403.41	0.8	NonTarget	1	280682
1403.495	0.8	NonTarget	1	280699
1403.575	0.8	NonTarget	1	280715
1403.66	0.8	NonTarget	1	280732
1403.745	0.8	NonTarget	1	280749
1403.825	0.8	NonTarget	1	280765
1403.91	0.8	NonTarget	1	280782
1403.995	0.8	NonTarget	1	280799
1404.08	0.8	NonTarget	1	280816
1404.16	0.8	NonTarget	1	280832
1404.245	0.8	NonTarget	1	280849
1404.33	0.8	NonTarget	1	280866
1404.41	0.8	NonTarget	1	280882
1404.495	0.8	NonTarget	1	280899
1404.58	0.8	NonTarget	1	280916
1404.66	0.8	NonTarget	1	280932
1404.745	0.8	NonTarget	1	280949
1404.83	0.8	NonTarget	1	280966
1404.915	0.8	NonTarget	1	280983
1404.995	0.8	NonTarget	1	280999
1405.08	0.8	NonTarget	1	281016
1405.16	0.8	NonTarget	1	281032
1405.245	0.8	NonTarget	1	281049
1405.33	0.8	NonTarget	1	281066
1405.415	0.8	NonTarget	1	281083
1405.495	0.8	NonTarget	1	281099
1405.58	0.8	NonTarget	1	281116
1405.665	0.8	Target	2	281133
1405.745	0.8	NonTarget	1	281149
1405.83	0.8	NonTarget	1	281166
1406.23	0.8	NonTarget	1	281246
1406.315	0.8	NonTarget	1	281263
1406.395	0.8	NonTarget	1	281279
1406.48	0.8	NonTarget	1	281296
1406.565	0.8	NonTarget	1	281313
1406.65	0.8	NonTarget	1	281330
1406.73	0.8	NonTarget	1	281346
1406.815	0.8	Target	2	281363
1406.9	0.8	NonTarget	1	281380
1406.985	0.8	NonTarget	1	281397
1407.065	0.8	NonTarget	1	281413
1407.15	0.8	NonTarget	1	281430
1407.23	0.8	NonTarget	1	281446
1407.315	0.8	NonTarget	1	281463
1407.4	0.8	NonTarget	1	281480
1407.48	0.8	NonTarget	1	281496
1407.565	0.8	NonTarget	1	281513
1407.65	0.8	NonTarget	1	281530
1407.735	0.8	NonTarget	1	281547
1407.815	0.8	NonTarget	1	281563
1407.9	0.8	NonTarget	1	281580
1407.985	0.8	NonTarget	1	281597
1408.065	0.8	NonTarget	1	281613
1408.15	0.8	NonTarget	1	281630
1408.235	0.8	NonTarget	1	281647
1408.315	0.8	NonTarget	1	281663
1408.4	0.8	NonTarget	1	281680
1408.485	0.8	NonTarget	1	281697
1408.565	0.8	NonTarget	1	281713
1408.65	0.8	NonTarget	1	281730
1409.05	0.8	NonTarget	1	281810
1409.135	0.8	NonTarget	1	281827
1409.22	0.8	NonTarget	1	281844
1409.3	0.8	NonTarget	1	281860
1409.385	0.8	NonTarget	1	281877
1409.47	0.8	NonTarget	1	281894
1409.55	0.8	NonTarget	1	281910
1409.635	0.8	NonTarget	1	281927
1409.72	0.8	NonTarget	1	281944
1409.805	0.8	NonTarget	1	281961
1409.885	0.8	NonTarget	1	281977
1409.97	0.8	NonTarget	1	281994
1410.055	0.8	Target	2	282011
1410.135	0.8	NonTarget	1	282027
1410.22	0.8	NonTarget	1	282044
1410.305	0.8	NonTarget	1	282061
1410.385	0.8	NonTarget	1	282077
1410.47	0.8	NonTarget	1	282094
1410.555	0.8	NonTarget	1	282111
1410.635	0.8	NonTarget	1	282127
1410.72	0.8	NonTarget	1	282144
1410.805	0.8	NonTarget	1	282161
1410.885	0.8	NonTarget	1	282177
1410.97	0.8	NonTarget	1	282194
1411.055	0.8	NonTarget	1	282211
1411.14	0.8	NonTarget	1	282228
1411.22	0.8	NonTarget	1	282244
1411.305	0.8	NonTarget	1	282261
1411.39	0.8	NonTarget	1	282278
1411.47	0.8	NonTarget	1	282294
1421.505	0.8	NonTarget	1	284301
1421.585	0.8	NonTarget	1	284317
1421.67	0.8	NonTarget	1	284334
1421.755	0.8	NonTarget	1	284351
1421.835	0.8	NonTarget	1	284367
1421.92	0.8	NonTarget	1	284384
1422.0	0.8	NonTarget	1	284400
1422.085	0.8	NonTarget	1	284417
1422.17	0.8	NonTarget	1	284434
1422.255	0.8	NonTarget	1	284451
1422.335	0.8	NonTarget	1	284467
1422.42	0.8	NonTarget	1	284484
1422.505	0.8	NonTarget	1	284501
1422.59	0.8	NonTarget	1	284518
1422.67	0.8	NonTarget	1	284534
1422.755	0.8	NonTarget	1	284551
1422.84	0.8	NonTarget	1	284568
1422.92	0.8	NonTarget	1	284584
1423.005	0.8	NonTarget	1	284601
1423.085	0.8	NonTarget	1	284617
1423.17	0.8	NonTarget	1	284634
1423.255	0.8	NonTarget	1	284651
1423.335	0.8	NonTarget	1	284667
1423.425	0.8	Target	2	284685
1423.505	0.8	NonTarget	1	284701
1423.59	0.8	NonTarget	1	284718
1423.67	0.8	NonTarget	1	284734
1423.755	0.8	NonTarget	1	284751
1423.84	0.8	NonTarget	1	284768
1423.92	0.8	NonTarget	1	284784
1424.32	0.8	NonTarget	1	284864
1424.405	0.8	NonTarget	1	284881
1424.49	0.8	NonTarget	1	284898
1424.575	0.8	NonTarget	1	284915
1424.655	0.8	NonTarget	1	284931
1424.74	0.8	NonTarget	1	284948
1424.825	0.8	NonTarget	1	284965
1424.91	0.8	NonTarget	1	284982
1424.99	0.8	NonTarget	1	284998
1425.075	0.8	NonTarget	1	285015
1425.16	0.8	NonTarget	1	285032
1425.24	0.8	NonTarget	1	285048
1425.325	0.8	NonTarget	1	285065
1425.41	0.8	NonTarget	1	285082
1425.49	0.8	NonTarget	1	285098
1425.575	0.8	NonTarget	1	285115
1425.66	0.8	NonTarget	1	285132
1425.74	0.8	NonTarget	1	285148
1425.825	0.8	Target	2	285165
1425.91	0.8	NonTarget	1	285182
1425.99	0.8	NonTarget	1	285198
1426.075	0.8	NonTarget	1	285215
1426.16	0.8	NonTarget	1	285232
1426.24	0.8	NonTarget	1	285248
1426.325	0.8	NonTarget	1	285265
1426.41	0.8	NonTarget	1	285282
1426.495	0.8	NonTarget	1	285299
1426.575	0.8	NonTarget	1	285315
1426.66	0.8	NonTarget	1	285332
1426.745	0.8	NonTarget	1	285349
1427.145	0.8	NonTarget	1	285429
1427.225	0.8	NonTarget	1	285445
1427.31	0.8	NonTarget	1	285462
1427.395	0.8	NonTarget	1	285479
1427.48	0.8	NonTarget	1	285496
1427.56	0.8	NonTarget	1	285512
1427.645	0.8	NonTarget	1	285529
1427.725	0.8	NonTarget	1	285545
1427.81	0.8	NonTarget	1	285562
1427.895	0.8	NonTarget	1	285579
1427.975	0.8	NonTarget	1	285595
1428.065	0.8	NonTarget	1	285613
1428.145	0.8	NonTarget	1	285629
1428.23	0.8	NonTarget	1	285646
1428.31	0.8	NonTarget	1	285662
1428.395	0.8	NonTarget	1	285679
1428.48	0.8	NonTarget	1	285696
1428.565	0.8	NonTarget	1	285713
1428.645	0.8	Target	2	285729
1428.73	0.8	NonTarget	1	285746
1428.815	0.8	NonTarget	1	285763
1428.895	0.8	NonTarget	1	285779
1428.98	0.8	NonTarget	1	285796
1429.065	0.8	NonTarget	1	285813
1429.145	0.8	NonTarget	1	285829
1429.23	0.8	NonTarget	1	285846
1429.315	0.8	NonTarget	1	285863
1429.395	0.8	NonTarget	1	285879
1429.48	0.8	NonTarget	1	285896
1429.565	0.8	NonTarget	1	285913
1429.965	0.8	NonTarget	1	285993
1430.045	0.8	NonTarget	1	286009
1430.13	0.8	NonTarget	1	286026
1430.215	0.8	NonTarget	1	286043
1430.3	0.8	NonTarget	1	286060
1430.38	0.8	NonTarget	1	286076
1430.465	0.8	NonTarget	1	286093
1430.55	0.8	NonTarget	1	286110
1430.63	0.8	NonTarget	1	286126
1430.715	0.8	NonTarget	1	286143
1430.8	0.8	NonTarget	1	286160
1430.88	0.8	NonTarget	1	286176
1430.965	0.8	NonTarget	1	286193
1431.05	0.8	NonTarget	1	286210
1431.135	0.8	NonTarget	1	286227
1431.215	0.8	NonTarget	1	286243
1431.3	0.8	NonTarget	1	286260
1431.385	0.8	NonTarget	1	286277
1431.465	0.8	Target	2	286293
1431.55	0.8	NonTarget	1	286310
1431.635	0.8	NonTarget	1	286327
1431.715	0.8	NonTarget	1	286343
1431.8	0.8	NonTarget	1	286360
1431.885	0.8	NonTarget	1	286377
1431.965	0.8	NonTarget	1	286393
1432.05	0.8	NonTarget	1	286410
1432.135	0.8	NonTarget	1	286427
1432.215	0.8	NonTarget	1	286443
1432.3	0.8	NonTarget	1	286460
1432.385	0.8	NonTarget	1	286477
1432.785	0.8	NonTarget	1	286557
1432.87	0.8	NonTarget	1	286574
1432.95	0.8	NonTarget	1	286590
1433.035	0.8	NonTarget	1	286607
1433.12	0.8	NonTarget	1	286624
1433.205	0.8	NonTarget	1	286641
1433.285	0.8	NonTarget	1	286657
1433.365	0.8	NonTarget	1	286673
1433.455	0.8	Target	2	286691
1433.535	0.8	NonTarget	1	286707
1433.62	0.8	NonTarget	1	286724
1433.7	0.8	NonTarget	1	286740
1433.785	0.8	NonTarget	1	286757
1433.87	0.8	NonTarget	1	286774
1433.955	0.8	NonTarget	1	286791
1434.035	0.8	NonTarget	1	286807
1434.12	0.8	NonTarget	1	286824
1434.205	0.8	NonTarget	1	286841
1434.285	0.8	NonTarget	1	286857
1434.37	0.8	NonTarget	1	286874
1434.455	0.8	NonTarget	1	286891
1434.54	0.8	NonTarget	1	286908
1434.62	0.8	NonTarget	1	286924
1434.705	0.8	NonTarget	1	286941
1434.79	0.8	NonTarget	1	286958
1434.87	0.8	NonTarget	1	286974
1434.955	0.8	NonTarget	1	286991
1435.04	0.8	NonTarget	1	287008
1435.12	0.8	NonTarget	1	287024
1435.205	0.8	NonTarget	1	287041
1435.605	0.8	NonTarget	1	287121
1435.69	0.8	NonTarget	1	287138
1435.775	0.8	NonTarget	1	287155
1435.855	0.8	Target	2	287171
1435.94	0.8	NonTarget	1	287188
1436.025	0.8	NonTarget	1	287205
1436.105	0.8	NonTarget	1	287221
1436.19	0.8	NonTarget	1	287238
1436.275	0.8	NonTarget	1	287255
1436.355	0.8	NonTarget	1	287271
1436.44	0.8	NonTarget	1	287288
1436.52	0.8	NonTarget	1	287304
1436.605	0.8	NonTarget	1	287321
1436.69	0.8	NonTarget	1	287338
1436.775	0.8	NonTarget	1	287355
1436.86	0.8	NonTarget	1	287372
1436.94	0.8	NonTarget	1	287388
1437.025	0.8	NonTarget	1	287405
1437.11	0.8	NonTarget	1	287422
1437.19	0.8	NonTarget	1	287438
1437.275	0.8	NonTarget	1	287455
1437.36	0.8	NonTarget	1	287472
1437.44	0.8	NonTarget	1	287488
1437.525	0.8	NonTarget	1	287505
1437.61	0.8	NonTarget	1	287522
1437.695	0.8	NonTarget	1	287539
1437.775	0.8	NonTarget	1	287555
1437.86	0.8	NonTarget	1	287572
1437.94	0.8	NonTarget	1	287588
1438.025	0.8	NonTarget	1	287605
1438.425	0.8	NonTarget	1	287685
1438.51	0.8	NonTarget	1	287702
1438.595	0.8	NonTarget	1	287719
1438.675	0.8	NonTarget	1	287735
1438.76	0.8	NonTarget	1	287752
1438.845	0.8	NonTarget	1	287769
1438.925	0.8	NonTarget	1	287785
1439.01	0.8	NonTarget	1	287802
1439.095	0.8	Target	2	287819
1439.175	0.8	NonTarget	1	287835
1439.26	0.8	NonTarget	1	287852
1439.345	0.8	NonTarget	1	287869
1439.43	0.8	NonTarget	1	287886
1439.51	0.8	NonTarget	1	287902
1439.595	0.8	NonTarget	1	287919
1439.675	0.8	NonTarget	1	287935
1439.76	0.8	NonTarget	1	287952
1439.845	0.8	NonTarget	1	287969
1439.93	0.8	NonTarget	1	287986
1440.01	0.8	NonTarget	1	288002
1440.095	0.8	NonTarget	1	288019
1440.18	0.8	NonTarget	1	288036
1440.265	0.8	NonTarget	1	288053
1440.345	0.8	NonTarget	1	288069
1440.43	0.8	NonTarget	1	288086
1440.515	0.8	NonTarget	1	288103
1440.595	0.8	NonTarget	1	288119
1440.68	0.8	NonTarget	1	288136
1440.765	0.8	NonTarget	1	288153
1440.845	0.8	NonTarget	1	288169
1441.25	0.8	NonTarget	1	288250
1441.33	0.8	NonTarget	1	288266
1441.415	0.8	NonTarget	1	288283
1441.495	0.8	NonTarget	1	288299
1441.58	0.8	NonTarget	1	288316
1441.665	0.8	NonTarget	1	288333
1441.745	0.8	NonTarget	1	288349
1441.83	0.8	NonTarget	1	288366
1441.915	0.8	Target	2	288383
1441.995	0.8	NonTarget	1	288399
1442.08	0.8	NonTarget	1	288416
1442.165	0.8	NonTarget	1	288433
1442.25	0.8	NonTarget	1	288450
1442.33	0.8	NonTarget	1	288466
1442.415	0.8	NonTarget	1	288483
1442.5	0.8	NonTarget	1	288500
1442.58	0.8	NonTarget	1	288516
1442.665	0.8	NonTarget	1	288533
1442.75	0.8	NonTarget	1	288550
1442.835	0.8	NonTarget	1	288567
1442.915	0.8	NonTarget	1	288583
1443.0	0.8	NonTarget	1	288600
1443.085	0.8	NonTarget	1	288617
1443.165	0.8	NonTarget	1	288633
1443.25	0.8	NonTarget	1	288650
1443.335	0.8	NonTarget	1	288667
1443.415	0.8	NonTarget	1	288683
1443.5	0.8	NonTarget	1	288700
1443.585	0.8	NonTarget	1	288717
1443.67	0.8	NonTarget	1	288734
1444.07	0.8	NonTarget	1	288814
1444.15	0.8	NonTarget	1	288830
1444.235	0.8	NonTarget	1	288847
1444.32	0.8	NonTarget	1	288864
1444.4	0.8	NonTarget	1	288880
1444.485	0.8	NonTarget	1	288897
1444.57	0.8	NonTarget	1	288914
1444.65	0.8	NonTarget	1	288930
1444.735	0.8	NonTarget	1	288947
1444.82	0.8	NonTarget	1	288964
1444.905	0.8	NonTarget	1	288981
1444.985	0.8	NonTarget	1	288997
1445.07	0.8	NonTarget	1	289014
1445.15	0.8	NonTarget	1	289030
1445.235	0.8	NonTarget	1	289047
1445.32	0.8	NonTarget	1	289064
1445.405	0.8	NonTarget	1	289081
1445.485	0.8	NonTarget	1	289097
1445.57	0.8	NonTarget	1	289114
1445.655	0.8	NonTarget	1	289131
1445.735	0.8	NonTarget	1	289147
1445.82	0.8	NonTarget	1	289164
1445.905	0.8	NonTarget	1	289181
1445.985	0.8	Target	2	289197
1446.07	0.8	NonTarget	1	289214
1446.155	0.8	NonTarget	1	289231
1446.235	0.8	NonTarget	1	289247
1446.32	0.8	NonTarget	1	289264
1446.405	0.8	NonTarget	1	289281
1446.49	0.8	NonTarget	1	289298
1446.89	0.8	NonTarget	1	289378
1446.975	0.8	NonTarget	1	289395
1447.055	0.8	NonTarget	1	289411
1447.14	0.8	NonTarget	1	289428
1447.225	0.8	NonTarget	1	289445
1447.305	0.8	NonTarget	1	289461
1447.39	0.8	NonTarget	1	289478
1447.475	0.8	NonTarget	1	289495
1447.555	0.8	NonTarget	1	289511
1447.64	0.8	NonTarget	1	289528
1447.725	0.8	NonTarget	1	289545
1447.805	0.8	NonTarget	1	289561
1447.89	0.8	NonTarget	1	289578
1447.975	0.8	Target	2	289595
1448.055	0.8	NonTarget	1	289611
1448.14	0.8	NonTarget	1	289628
1448.225	0.8	NonTarget	1	289645
1448.31	0.8	NonTarget	1	289662
1448.39	0.8	NonTarget	1	289678
1448.475	0.8	NonTarget	1	289695
1448.555	0.8	NonTarget	1	289711
1448.64	0.8	NonTarget	1	289728
1448.725	0.8	NonTarget	1	289745
1448.81	0.8	NonTarget	1	289762
1448.89	0.8	NonTarget	1	289778
1448.975	0.8	NonTarget	1	289795
1449.055	0.8	NonTarget	1	289811
1449.14	0.8	NonTarget	1	289828
1449.225	0.8	NonTarget	1	289845
1449.31	0.8	NonTarget	1	289862
1459.36	0.8	NonTarget	1	291872
1459.44	0.8	NonTarget	1	291888
1459.525	0.8	NonTarget	1	291905
1459.605	0.8	NonTarget	1	291921
1459.69	0.8	NonTarget	1	291938
1459.775	0.8	NonTarget	1	291955
1459.855	0.8	NonTarget	1	291971
1459.94	0.8	NonTarget	1	291988
1460.025	0.8	NonTarget	1	292005
1460.105	0.8	NonTarget	1	292021
1460.19	0.8	NonTarget	1	292038
1460.275	0.8	NonTarget	1	292055
1460.355	0.8	NonTarget	1	292071
1460.44	0.8	Target	2	292088
1460.525	0.8	NonTarget	1	292105
1460.605	0.8	NonTarget	1	292121
1460.69	0.8	NonTarget	1	292138
1460.775	0.8	NonTarget	1	292155
1460.86	0.8	NonTarget	1	292172
1460.94	0.8	NonTarget	1	292188
1461.025	0.8	NonTarget	1	292205
1461.11	0.8	NonTarget	1	292222
1461.19	0.8	NonTarget	1	292238
1461.275	0.8	NonTarget	1	292255
1461.36	0.8	NonTarget	1	292272
1461.44	0.8	NonTarget	1	292288
1461.525	0.8	NonTarget	1	292305
1461.61	0.8	NonTarget	1	292322
1461.695	0.8	NonTarget	1	292339
1461.775	0.8	NonTarget	1	292355
1462.175	0.8	NonTarget	1	292435
1462.26	0.8	NonTarget	1	292452
1462.345	0.8	NonTarget	1	292469
1462.43	0.8	NonTarget	1	292486
1462.51	0.8	NonTarget	1	292502
1462.595	0.8	NonTarget	1	292519
1462.675	0.8	NonTarget	1	292535
1462.76	0.8	NonTarget	1	292552
1462.845	0.8	NonTarget	1	292569
1462.925	0.8	NonTarget	1	292585
1463.01	0.8	NonTarget	1	292602
1463.095	0.8	NonTarget	1	292619
1463.18	0.8	NonTarget	1	292636
1463.26	0.8	NonTarget	1	292652
1463.345	0.8	NonTarget	1	292669
1463.43	0.8	NonTarget	1	292686
1463.51	0.8	NonTarget	1	292702
1463.595	0.8	NonTarget	1	292719
1463.68	0.8	NonTarget	1	292736
1463.76	0.8	NonTarget	1	292752
1463.845	0.8	NonTarget	1	292769
1463.93	0.8	NonTarget	1	292786
1464.01	0.8	NonTarget	1	292802
1464.095	0.8	NonTarget	1	292819
1464.18	0.8	NonTarget	1	292836
1464.265	0.8	NonTarget	1	292853
1464.345	0.8	NonTarget	1	292869
1464.43	0.8	NonTarget	1	292886
1464.515	0.8	Target	2	292903
1464.595	0.8	NonTarget	1	292919
1464.995	0.8	NonTarget	1	292999
1465.08	0.8	NonTarget	1	293016
1465.165	0.8	NonTarget	1	293033
1465.25	0.8	NonTarget	1	293050
1465.33	0.8	NonTarget	1	293066
1465.415	0.8	NonTarget	1	293083
1465.5	0.8	NonTarget	1	293100
1465.58	0.8	NonTarget	1	293116
1465.665	0.8	NonTarget	1	293133
1465.75	0.8	NonTarget	1	293150
1465.83	0.8	NonTarget	1	293166
1465.915	0.8	NonTarget	1	293183
1466.0	0.8	NonTarget	1	293200
1466.08	0.8	NonTarget	1	293216
1466.165	0.8	NonTarget	1	293233
1466.25	0.8	NonTarget	1	293250
1466.33	0.8	NonTarget	1	293266
1466.415	0.8	NonTarget	1	293283
1466.5	0.8	NonTarget	1	293300
1466.585	0.8	NonTarget	1	293317
1466.665	0.8	NonTarget	1	293333
1466.75	0.8	NonTarget	1	293350
1466.83	0.8	NonTarget	1	293366
1466.915	0.8	Target	2	293383
1467.0	0.8	NonTarget	1	293400
1467.085	0.8	NonTarget	1	293417
1467.165	0.8	NonTarget	1	293433
1467.25	0.8	NonTarget	1	293450
1467.335	0.8	NonTarget	1	293467
1467.42	0.8	NonTarget	1	293484
1467.82	0.8	NonTarget	1	293564
1467.9	0.8	NonTarget	1	293580
1467.985	0.8	NonTarget	1	293597
1468.07	0.8	NonTarget	1	293614
1468.155	0.8	NonTarget	1	293631
1468.235	0.8	NonTarget	1	293647
1468.32	0.8	NonTarget	1	293664
1468.4	0.8	NonTarget	1	293680
1468.485	0.8	NonTarget	1	293697
1468.57	0.8	NonTarget	1	293714
1468.655	0.8	NonTarget	1	293731
1468.735	0.8	NonTarget	1	293747
1468.82	0.8	NonTarget	1	293764
1468.905	0.8	NonTarget	1	293781
1468.985	0.8	NonTarget	1	293797
1469.07	0.8	NonTarget	1	293814
1469.15	0.8	NonTarget	1	293830
1469.235	0.8	NonTarget	1	293847
1469.32	0.8	NonTarget	1	293864
1469.405	0.8	NonTarget	1	293881
1469.485	0.8	NonTarget	1	293897
1469.57	0.8	NonTarget	1	293914
1469.655	0.8	NonTarget	1	293931
1469.74	0.8	Target	2	293948
1469.82	0.8	NonTarget	1	293964
1469.905	0.8	NonTarget	1	293981
1469.99	0.8	NonTarget	1	293998
1470.07	0.8	NonTarget	1	294014
1470.155	0.8	NonTarget	1	294031
1470.235	0.8	NonTarget	1	294047
1470.64	0.8	NonTarget	1	294128
1470.72	0.8	NonTarget	1	294144
1470.805	0.8	NonTarget	1	294161
1470.89	0.8	NonTarget	1	294178
1470.975	0.8	NonTarget	1	294195
1471.055	0.8	NonTarget	1	294211
1471.14	0.8	NonTarget	1	294228
1471.225	0.8	NonTarget	1	294245
1471.305	0.8	NonTarget	1	294261
1471.39	0.8	NonTarget	1	294278
1471.475	0.8	NonTarget	1	294295
1471.555	0.8	NonTarget	1	294311
1471.64	0.8	NonTarget	1	294328
1471.725	0.8	NonTarget	1	294345
1471.805	0.8	NonTarget	1	294361
1471.89	0.8	NonTarget	1	294378
1471.975	0.8	NonTarget	1	294395
1472.055	0.8	NonTarget	1	294411
1472.14	0.8	NonTarget	1	294428
1472.225	0.8	NonTarget	1	294445
1472.305	0.8	NonTarget	1	294461
1472.39	0.8	NonTarget	1	294478
1472.475	0.8	NonTarget	1	294495
1472.555	0.8	NonTarget	1	294511
1472.64	0.8	NonTarget	1	294528
1472.725	0.8	NonTarget	1	294545
1472.81	0.8	NonTarget	1	294562
1472.89	0.8	NonTarget	1	294578
1472.975	0.8	Target	2	294595
1473.06	0.8	NonTarget	1	294612
1473.46	0.8	NonTarget	1	294692
1473.545	0.8	NonTarget	1	294709
1473.625	0.8	NonTarget	1	294725
1473.71	0.8	NonTarget	1	294742
1473.795	0.8	NonTarget	1	294759
1473.875	0.8	NonTarget	1	294775
1473.96	0.8	NonTarget	1	294792
1474.045	0.8	NonTarget	1	294809
1474.125	0.8	NonTarget	1	294825
1474.21	0.8	NonTarget	1	294842
1474.295	0.8	NonTarget	1	294859
1474.38	0.8	NonTarget	1	294876
1474.46	0.8	NonTarget	1	294892
1474.545	0.8	NonTarget	1	294909
1474.625	0.8	NonTarget	1	294925
1474.71	0.8	NonTarget	1	294942
1474.795	0.8	NonTarget	1	294959
1474.88	0.8	NonTarget	1	294976
1474.96	0.8	NonTarget	1	294992
1475.045	0.8	NonTarget	1	295009
1475.13	0.8	NonTarget	1	295026
1475.21	0.8	NonTarget	1	295042
1475.295	0.8	NonTarget	1	295059
1475.38	0.8	NonTarget	1	295076
1475.46	0.8	NonTarget	1	295092
1475.545	0.8	NonTarget	1	295109
1475.63	0.8	NonTarget	1	295126
1475.71	0.8	NonTarget	1	295142
1475.795	0.8	Target	2	295159
1475.88	0.8	NonTarget	1	295176
1476.28	0.8	NonTarget	1	295256
1476.365	0.8	NonTarget	1	295273
1476.445	0.8	NonTarget	1	295289
1476.53	0.8	Target	2	295306
1476.615	0.8	NonTarget	1	295323
1476.7	0.8	NonTarget	1	295340
1476.78	0.8	NonTarget	1	295356
1476.865	0.8	NonTarget	1	295373
1476.95	0.8	NonTarget	1	295390
1477.03	0.8	NonTarget	1	295406
1477.115	0.8	NonTarget	1	295423
1477.2	0.8	NonTarget	1	295440
1477.28	0.8	NonTarget	1	295456
1477.365	0.8	NonTarget	1	295473
1477.445	0.8	NonTarget	1	295489
1477.53	0.8	NonTarget	1	295506
1477.615	0.8	NonTarget	1	295523
1477.7	0.8	NonTarget	1	295540
1477.785	0.8	NonTarget	1	295557
1477.865	0.8	NonTarget	1	295573
1477.95	0.8	NonTarget	1	295590
1478.03	0.8	NonTarget	1	295606
1478.115	0.8	NonTarget	1	295623
1478.2	0.8	NonTarget	1	295640
1478.285	0.8	NonTarget	1	295657
1478.365	0.8	NonTarget	1	295673
1478.45	0.8	NonTarget	1	295690
1478.535	0.8	NonTarget	1	295707
1478.615	0.8	NonTarget	1	295723
1478.7	0.8	NonTarget	1	295740
1479.1	0.8	NonTarget	1	295820
1479.185	0.8	NonTarget	1	295837
1479.27	0.8	NonTarget	1	295854
1479.35	0.8	NonTarget	1	295870
1479.435	0.8	NonTarget	1	295887
1479.52	0.8	NonTarget	1	295904
1479.6	0.8	NonTarget	1	295920
1479.685	0.8	NonTarget	1	295937
1479.77	0.8	Target	2	295954
1479.85	0.8	NonTarget	1	295970
1479.935	0.8	NonTarget	1	295987
1480.02	0.8	NonTarget	1	296004
1480.1	0.8	NonTarget	1	296020
1480.185	0.8	NonTarget	1	296037
1480.27	0.8	NonTarget	1	296054
1480.355	0.8	NonTarget	1	296071
1480.435	0.8	NonTarget	1	296087
1480.52	0.8	NonTarget	1	296104
1480.605	0.8	NonTarget	1	296121
1480.685	0.8	NonTarget	1	296137
1480.77	0.8	NonTarget	1	296154
1480.855	0.8	NonTarget	1	296171
1480.935	0.8	NonTarget	1	296187
1481.02	0.8	NonTarget	1	296204
1481.105	0.8	NonTarget	1	296221
1481.185	0.8	NonTarget	1	296237
1481.27	0.8	NonTarget	1	296254
1481.355	0.8	NonTarget	1	296271
1481.435	0.8	NonTarget	1	296287
1481.52	0.8	NonTarget	1	296304
1481.92	0.8	NonTarget	1	296384
1482.005	0.8	NonTarget	1	296401
1482.085	0.8	NonTarget	1	296417
1482.17	0.8	NonTarget	1	296434
1482.255	0.8	NonTarget	1	296451
1482.34	0.8	NonTarget	1	296468
1482.42	0.8	NonTarget	1	296484
1482.505	0.8	NonTarget	1	296501
1482.59	0.8	NonTarget	1	296518
1482.675	0.8	NonTarget	1	296535
1482.755	0.8	NonTarget	1	296551
1482.84	0.8	NonTarget	1	296568
1482.925	0.8	NonTarget	1	296585
1483.005	0.8	Target	2	296601
1483.09	0.8	NonTarget	1	296618
1483.175	0.8	NonTarget	1	296635
1483.255	0.8	NonTarget	1	296651
1483.34	0.8	NonTarget	1	296668
1483.425	0.8	NonTarget	1	296685
1483.505	0.8	NonTarget	1	296701
1483.59	0.8	NonTarget	1	296718
1483.675	0.8	NonTarget	1	296735
1483.755	0.8	NonTarget	1	296751
1483.84	0.8	NonTarget	1	296768
1483.925	0.8	NonTarget	1	296785
1484.005	0.8	NonTarget	1	296801
1484.09	0.8	NonTarget	1	296818
1484.175	0.8	NonTarget	1	296835
1484.26	0.8	NonTarget	1	296852
1484.34	0.8	NonTarget	1	296868
1484.74	0.8	NonTarget	1	296948
1484.825	0.8	NonTarget	1	296965
1484.91	0.8	NonTarget	1	296982
1484.99	0.8	NonTarget	1	296998
1485.075	0.8	NonTarget	1	297015
1485.16	0.8	NonTarget	1	297032
1485.24	0.8	NonTarget	1	297048
1485.325	0.8	NonTarget	1	297065
1485.41	0.8	NonTarget	1	297082
1485.49	0.8	NonTarget	1	297098
1485.575	0.8	NonTarget	1	297115
1485.66	0.8	NonTarget	1	297132
1485.745	0.8	NonTarget	1	297149
1485.83	0.8	Target	2	297166
1485.91	0.8	NonTarget	1	297182
1485.995	0.8	NonTarget	1	297199
1486.075	0.8	NonTarget	1	297215
1486.16	0.8	NonTarget	1	297232
1486.245	0.8	NonTarget	1	297249
1486.325	0.8	NonTarget	1	297265
1486.41	0.8	NonTarget	1	297282
1486.495	0.8	NonTarget	1	297299
1486.58	0.8	NonTarget	1	297316
1486.66	0.8	NonTarget	1	297332
1486.745	0.8	NonTarget	1	297349
1486.83	0.8	NonTarget	1	297366
1486.91	0.8	NonTarget	1	297382
1486.995	0.8	NonTarget	1	297399
1487.08	0.8	NonTarget	1	297416
1487.16	0.8	NonTarget	1	297432
1497.195	0.8	NonTarget	1	299439
1497.275	0.8	NonTarget	1	299455
1497.36	0.8	NonTarget	1	299472
1497.445	0.8	NonTarget	1	299489
1497.525	0.8	NonTarget	1	299505
1497.61	0.8	NonTarget	1	299522
1497.695	0.8	NonTarget	1	299539
1497.78	0.8	NonTarget	1	299556
1497.86	0.8	NonTarget	1	299572
1497.945	0.8	NonTarget	1	299589
1498.025	0.8	NonTarget	1	299605
1498.11	0.8	NonTarget	1	299622
1498.195	0.8	NonTarget	1	299639
1498.28	0.8	NonTarget	1	299656
1498.36	0.8	NonTarget	1	299672
1498.445	0.8	NonTarget	1	299689
1498.53	0.8	Target	2	299706
1498.61	0.8	NonTarget	1	299722
1498.695	0.8	NonTarget	1	299739
1498.78	0.8	NonTarget	1	299756
1498.865	0.8	NonTarget	1	299773
1498.945	0.8	NonTarget	1	299789
1499.03	0.8	NonTarget	1	299806
1499.115	0.8	NonTarget	1	299823
1499.195	0.8	NonTarget	1	299839
1499.28	0.8	NonTarget	1	299856
1499.36	0.8	NonTarget	1	299872
1499.445	0.8	NonTarget	1	299889
1499.53	0.8	NonTarget	1	299906
1499.61	0.8	NonTarget	1	299922
1500.015	0.8	NonTarget	1	300003
1500.1	0.8	NonTarget	1	300020
1500.18	0.8	NonTarget	1	300036
1500.265	0.8	NonTarget	1	300053
1500.345	0.8	NonTarget	1	300069
1500.43	0.8	NonTarget	1	300086
1500.515	0.8	NonTarget	1	300103
1500.595	0.8	NonTarget	1	300119
1500.68	0.8	NonTarget	1	300136
1500.765	0.8	NonTarget	1	300153
1500.85	0.8	NonTarget	1	300170
1500.93	0.8	NonTarget	1	300186
1501.015	0.8	NonTarget	1	300203
1501.1	0.8	NonTarget	1	300220
1501.18	0.8	NonTarget	1	300236
1501.265	0.8	NonTarget	1	300253
1501.35	0.8	Target	2	300270
1501.43	0.8	NonTarget	1	300286
1501.515	0.8	NonTarget	1	300303
1501.6	0.8	NonTarget	1	300320
1501.685	0.8	NonTarget	1	300337
1501.765	0.8	NonTarget	1	300353
1501.85	0.8	NonTarget	1	300370
1501.93	0.8	NonTarget	1	300386
1502.015	0.8	NonTarget	1	300403
1502.1	0.8	NonTarget	1	300420
1502.185	0.8	NonTarget	1	300437
1502.265	0.8	NonTarget	1	300453
1502.35	0.8	NonTarget	1	300470
1502.435	0.8	NonTarget	1	300487
1502.835	0.8	NonTarget	1	300567
1502.92	0.8	NonTarget	1	300584
1503.0	0.8	NonTarget	1	300600
1503.085	0.8	NonTarget	1	300617
1503.17	0.8	NonTarget	1	300634
1503.25	0.8	NonTarget	1	300650
1503.335	0.8	Target	2	300667
1503.42	0.8	NonTarget	1	300684
1503.505	0.8	NonTarget	1	300701
1503.585	0.8	NonTarget	1	300717
1503.67	0.8	NonTarget	1	300734
1503.75	0.8	NonTarget	1	300750
1503.835	0.8	NonTarget	1	300767
1503.92	0.8	NonTarget	1	300784
1504.0	0.8	NonTarget	1	300800
1504.085	0.8	NonTarget	1	300817
1504.17	0.8	NonTarget	1	300834
1504.255	0.8	NonTarget	1	300851
1504.335	0.8	NonTarget	1	300867
1504.42	0.8	NonTarget	1	300884
1504.505	0.8	NonTarget	1	300901
1504.585	0.8	NonTarget	1	300917
1504.67	0.8	NonTarget	1	300934
1504.755	0.8	NonTarget	1	300951
1504.835	0.8	NonTarget	1	300967
1504.92	0.8	NonTarget	1	300984
1505.005	0.8	NonTarget	1	301001
1505.085	0.8	NonTarget	1	301017
1505.17	0.8	NonTarget	1	301034
1505.255	0.8	NonTarget	1	301051
1505.655	0.8	NonTarget	1	301131
1505.735	0.8	NonTarget	1	301147
1505.82	0.8	NonTarget	1	301164
1505.905	0.8	NonTarget	1	301181
1505.99	0.8	NonTarget	1	301198
1506.075	0.8	NonTarget	1	301215
1506.155	0.8	NonTarget	1	301231
1506.24	0.8	NonTarget	1	301248
1506.325	0.8	NonTarget	1	301265
1506.405	0.8	NonTarget	1	301281
1506.49	0.8	NonTarget	1	301298
1506.575	0.8	NonTarget	1	301315
1506.655	0.8	NonTarget	1	301331
1506.74	0.8	NonTarget	1	301348
1506.825	0.8	NonTarget	1	301365
1506.905	0.8	NonTarget	1	301381
1506.99	0.8	NonTarget	1	301398
1507.075	0.8	NonTarget	1	301415
1507.155	0.8	NonTarget	1	301431
1507.24	0.8	NonTarget	1	301448
1507.32	0.8	NonTarget	1	301464
1507.405	0.8	NonTarget	1	301481
1507.49	0.8	NonTarget	1	301498
1507.575	0.8	NonTarget	1	301515
1507.66	0.8	NonTarget	1	301532
1507.74	0.8	NonTarget	1	301548
1507.825	0.8	Target	2	301565
1507.91	0.8	NonTarget	1	301582
1507.99	0.8	NonTarget	1	301598
1508.075	0.8	NonTarget	1	301615
1508.475	0.8	NonTarget	1	301695
1508.56	0.8	NonTarget	1	301712
1508.645	0.8	NonTarget	1	301729
1508.725	0.8	NonTarget	1	301745
1508.81	0.8	NonTarget	1	301762
1508.89	0.8	NonTarget	1	301778
1508.975	0.8	NonTarget	1	301795
1509.06	0.8	NonTarget	1	301812
1509.145	0.8	NonTarget	1	301829
1509.225	0.8	NonTarget	1	301845
1509.31	0.8	NonTarget	1	301862
1509.395	0.8	NonTarget	1	301879
1509.475	0.8	NonTarget	1	301895
1509.56	0.8	NonTarget	1	301912
1509.645	0.8	NonTarget	1	301929
1509.725	0.8	NonTarget	1	301945
1509.81	0.8	Target	2	301962
1509.895	0.8	NonTarget	1	301979
1509.975	0.8	NonTarget	1	301995
1510.06	0.8	NonTarget	1	302012
1510.145	0.8	NonTarget	1	302029
1510.23	0.8	NonTarget	1	302046
1510.31	0.8	NonTarget	1	302062
1510.395	0.8	NonTarget	1	302079
1510.48	0.8	NonTarget	1	302096
1510.56	0.8	NonTarget	1	302112
1510.645	0.8	NonTarget	1	302129
1510.73	0.8	NonTarget	1	302146
1510.81	0.8	NonTarget	1	302162
1510.895	0.8	NonTarget	1	302179
1511.295	0.8	NonTarget	1	302259
1511.38	0.8	NonTarget	1	302276
1511.465	0.8	NonTarget	1	302293
1511.545	0.8	NonTarget	1	302309
1511.63	0.8	NonTarget	1	302326
1511.715	0.8	NonTarget	1	302343
1511.8	0.8	NonTarget	1	302360
1511.88	0.8	NonTarget	1	302376
1511.965	0.8	NonTarget	1	302393
1512.045	0.8	NonTarget	1	302409
1512.13	0.8	NonTarget	1	302426
1512.215	0.8	Target	2	302443
1512.3	0.8	NonTarget	1	302460
1512.38	0.8	NonTarget	1	302476
1512.465	0.8	NonTarget	1	302493
1512.545	0.8	NonTarget	1	302509
1512.63	0.8	NonTarget	1	302526
1512.715	0.8	NonTarget	1	302543
1512.8	0.8	NonTarget	1	302560
1512.885	0.8	NonTarget	1	302577
1512.965	0.8	NonTarget	1	302593
1513.05	0.8	NonTarget	1	302610
1513.135	0.8	NonTarget	1	302627
1513.215	0.8	NonTarget	1	302643
1513.3	0.8	NonTarget	1	302660
1513.38	0.8	NonTarget	1	302676
1513.465	0.8	NonTarget	1	302693
1513.55	0.8	NonTarget	1	302710
1513.635	0.8	NonTarget	1	302727
1513.715	0.8	NonTarget	1	302743
1514.12	0.8	NonTarget	1	302824
1514.2	0.8	Target	2	302840
1514.285	0.8	NonTarget	1	302857
1514.365	0.8	NonTarget	1	302873
1514.45	0.8	NonTarget	1	302890
1514.535	0.8	NonTarget	1	302907
1514.615	0.8	NonTarget	1	302923
1514.7	0.8	NonTarget	1	302940
1514.785	0.8	NonTarget	1	302957
1514.865	0.8	NonTarget	1	302973
1514.95	0.8	NonTarget	1	302990
1515.035	0.8	NonTarget	1	303007
1515.12	0.8	NonTarget	1	303024
1515.2	0.8	NonTarget	1	303040
1515.285	0.8	NonTarget	1	303057
1515.37	0.8	NonTarget	1	303074
1515.455	0.8	NonTarget	1	303091
1515.535	0.8	NonTarget	1	303107
1515.62	0.8	NonTarget	1	303124
1515.705	0.8	NonTarget	1	303141
1515.785	0.8	NonTarget	1	303157
1515.87	0.8	NonTarget	1	303174
1515.955	0.8	NonTarget	1	303191
1516.035	0.8	NonTarget	1	303207
1516.12	0.8	NonTarget	1	303224
1516.205	0.8	NonTarget	1	303241
1516.285	0.8	NonTarget	1	303257
1516.37	0.8	NonTarget	1	303274
1516.455	0.8	NonTarget	1	303291
1516.535	0.8	NonTarget	1	303307
1516.935	0.8	NonTarget	1	303387
1517.02	0.8	Target	2	303404
1517.105	0.8	NonTarget	1	303421
1517.19	0.8	NonTarget	1	303438
1517.27	0.8	NonTarget	1	303454
1517.355	0.8	NonTarget	1	303471
1517.435	0.8	NonTarget	1	303487
1517.52	0.8	NonTarget	1	303504
1517.605	0.8	NonTarget	1	303521
1517.69	0.8	NonTarget	1	303538
1517.77	0.8	NonTarget	1	303554
1517.855	0.8	NonTarget	1	303571
1517.94	0.8	NonTarget	1	303588
1518.025	0.8	NonTarget	1	303605
1518.105	0.8	NonTarget	1	303621
1518.19	0.8	NonTarget	1	303638
1518.27	0.8	NonTarget	1	303654
1518.355	0.8	NonTarget	1	303671
1518.44	0.8	NonTarget	1	303688
1518.525	0.8	NonTarget	1	303705
1518.605	0.8	NonTarget	1	303721
1518.69	0.8	NonTarget	1	303738
1518.775	0.8	NonTarget	1	303755
1518.855	0.8	NonTarget	1	303771
1518.94	0.8	NonTarget	1	303788
1519.025	0.8	NonTarget	1	303805
1519.11	0.8	NonTarget	1	303822
1519.19	0.8	NonTarget	1	303838
1519.275	0.8	NonTarget	1	303855
1519.36	0.8	NonTarget	1	303872
1519.76	0.8	NonTarget	1	303952
1519.84	0.8	Target	2	303968
1519.925	0.8	NonTarget	1	303985
1520.01	0.8	NonTarget	1	304002
1520.09	0.8	NonTarget	1	304018
1520.175	0.8	NonTarget	1	304035
1520.26	0.8	NonTarget	1	304052
1520.34	0.8	NonTarget	1	304068
1520.425	0.8	NonTarget	1	304085
1520.51	0.8	NonTarget	1	304102
1520.59	0.8	NonTarget	1	304118
1520.675	0.8	NonTarget	1	304135
1520.76	0.8	NonTarget	1	304152
1520.84	0.8	NonTarget	1	304168
1520.925	0.8	NonTarget	1	304185
1521.01	0.8	NonTarget	1	304202
1521.095	0.8	NonTarget	1	304219
1521.18	0.8	NonTarget	1	304236
1521.26	0.8	NonTarget	1	304252
1521.345	0.8	NonTarget	1	304269
1521.43	0.8	NonTarget	1	304286
1521.51	0.8	NonTarget	1	304302
1521.595	0.8	NonTarget	1	304319
1521.675	0.8	NonTarget	1	304335
1521.76	0.8	NonTarget	1	304352
1521.845	0.8	NonTarget	1	304369
1521.925	0.8	NonTarget	1	304385
1522.01	0.8	NonTarget	1	304402
1522.095	0.8	NonTarget	1	304419
1522.18	0.8	NonTarget	1	304436
1522.575	0.8	NonTarget	1	304515
1522.66	0.8	NonTarget	1	304532
1522.745	0.8	NonTarget	1	304549
1522.83	0.8	NonTarget	1	304566
1522.91	0.8	NonTarget	1	304582
1523.0	0.8	NonTarget	1	304600
1523.08	0.8	NonTarget	1	304616
1523.165	0.8	NonTarget	1	304633
1523.245	0.8	NonTarget	1	304649
1523.33	0.8	NonTarget	1	304666
1523.415	0.8	NonTarget	1	304683
1523.495	0.8	Target	2	304699
1523.58	0.8	NonTarget	1	304716
1523.665	0.8	NonTarget	1	304733
1523.75	0.8	NonTarget	1	304750
1523.83	0.8	NonTarget	1	304766
1523.915	0.8	NonTarget	1	304783
1523.995	0.8	NonTarget	1	304799
1524.08	0.8	NonTarget	1	304816
1524.165	0.8	NonTarget	1	304833
1524.245	0.8	NonTarget	1	304849
1524.33	0.8	NonTarget	1	304866
1524.415	0.8	NonTarget	1	304883
1524.5	0.8	NonTarget	1	304900
1524.58	0.8	NonTarget	1	304916
1524.665	0.8	NonTarget	1	304933
1524.75	0.8	NonTarget	1	304950
1524.83	0.8	NonTarget	1	304966
1524.915	0.8	NonTarget	1	304983
1525.0	0.8	NonTarget	1	305000
1535.035	0.8	NonTarget	1	307007
1535.115	0.8	NonTarget	1	307023
1535.195	0.8	NonTarget	1	307039
1535.28	0.8	NonTarget	1	307056
1535.365	0.8	NonTarget	1	307073
1535.445	0.8	NonTarget	1	307089
1535.53	0.8	NonTarget	1	307106
1535.615	0.8	NonTarget	1	307123
1535.7	0.8	NonTarget	1	307140
1535.78	0.8	NonTarget	1	307156
1535.865	0.8	NonTarget	1	307173
1535.95	0.8	NonTarget	1	307190
1536.03	0.8	NonTarget	1	307206
1536.115	0.8	NonTarget	1	307223
1536.195	0.8	NonTarget	1	307239
1536.28	0.8	NonTarget	1	307256
1536.365	0.8	NonTarget	1	307273
1536.45	0.8	NonTarget	1	307290
1536.53	0.8	NonTarget	1	307306
1536.615	0.8	NonTarget	1	307323
1536.7	0.8	NonTarget	1	307340
1536.78	0.8	Target	2	307356
1536.865	0.8	NonTarget	1	307373
1536.95	0.8	NonTarget	1	307390
1537.035	0.8	NonTarget	1	307407
1537.115	0.8	NonTarget	1	307423
1537.2	0.8	NonTarget	1	307440
1537.285	0.8	NonTarget	1	307457
1537.365	0.8	NonTarget	1	307473
1537.45	0.8	NonTarget	1	307490
1537.85	0.8	NonTarget	1	307570
1537.935	0.8	NonTarget	1	307587
1538.02	0.8	NonTarget	1	307604
1538.1	0.8	NonTarget	1	307620
1538.185	0.8	NonTarget	1	307637
1538.265	0.8	NonTarget	1	307653
1538.35	0.8	NonTarget	1	307670
1538.435	0.8	NonTarget	1	307687
1538.52	0.8	NonTarget	1	307704
1538.6	0.8	NonTarget	1	307720
1538.685	0.8	NonTarget	1	307737
1538.77	0.8	NonTarget	1	307754
1538.85	0.8	NonTarget	1	307770
1538.935	0.8	NonTarget	1	307787
1539.02	0.8	NonTarget	1	307804
1539.105	0.8	NonTarget	1	307821
1539.185	0.8	Target	2	307837
1539.27	0.8	NonTarget	1	307854
1539.35	0.8	NonTarget	1	307870
1539.435	0.8	NonTarget	1	307887
1539.52	0.8	NonTarget	1	307904
1539.6	0.8	NonTarget	1	307920
1539.685	0.8	NonTarget	1	307937
1539.77	0.8	NonTarget	1	307954
1539.855	0.8	NonTarget	1	307971
1539.935	0.8	NonTarget	1	307987
1540.02	0.8	NonTarget	1	308004
1540.105	0.8	NonTarget	1	308021
1540.19	0.8	NonTarget	1	308038
1540.27	0.8	NonTarget	1	308054
1540.67	0.8	NonTarget	1	308134
1540.755	0.8	NonTarget	1	308151
1540.84	0.8	NonTarget	1	308168
1540.92	0.8	NonTarget	1	308184
1541.005	0.8	NonTarget	1	308201
1541.09	0.8	NonTarget	1	308218
1541.17	0.8	NonTarget	1	308234
1541.255	0.8	NonTarget	1	308251
1541.34	0.8	NonTarget	1	308268
1541.42	0.8	NonTarget	1	308284
1541.505	0.8	NonTarget	1	308301
1541.59	0.8	NonTarget	1	308318
1541.67	0.8	NonTarget	1	308334
1541.755	0.8	NonTarget	1	308351
1541.84	0.8	NonTarget	1	308368
1541.925	0.8	NonTarget	1	308385
1542.005	0.8	NonTarget	1	308401
1542.09	0.8	NonTarget	1	308418
1542.175	0.8	NonTarget	1	308435
1542.255	0.8	NonTarget	1	308451
1542.34	0.8	NonTarget	1	308468
1542.425	0.8	Target	2	308485
1542.505	0.8	NonTarget	1	308501
1542.59	0.8	NonTarget	1	308518
1542.675	0.8	NonTarget	1	308535
1542.755	0.8	NonTarget	1	308551
1542.84	0.8	NonTarget	1	308568
1542.925	0.8	NonTarget	1	308585
1543.01	0.8	NonTarget	1	308602
1543.09	0.8	NonTarget	1	308618
1543.49	0.8	NonTarget	1	308698
1543.575	0.8	NonTarget	1	308715
1543.66	0.8	NonTarget	1	308732
1543.74	0.8	NonTarget	1	308748
1543.825	0.8	NonTarget	1	308765
1543.91	0.8	NonTarget	1	308782
1543.99	0.8	NonTarget	1	308798
1544.075	0.8	NonTarget	1	308815
1544.16	0.8	NonTarget	1	308832
1544.245	0.8	NonTarget	1	308849
1544.325	0.8	NonTarget	1	308865
1544.41	0.8	NonTarget	1	308882
1544.495	0.8	NonTarget	1	308899
1544.575	0.8	NonTarget	1	308915
1544.66	0.8	NonTarget	1	308932
1544.745	0.8	NonTarget	1	308949
1544.825	0.8	NonTarget	1	308965
1544.91	0.8	NonTarget	1	308982
1544.995	0.8	NonTarget	1	308999
1545.08	0.8	NonTarget	1	309016
1545.16	0.8	NonTarget	1	309032
1545.245	0.8	NonTarget	1	309049
1545.325	0.8	NonTarget	1	309065
1545.41	0.8	NonTarget	1	309082
1545.495	0.8	NonTarget	1	309099
1545.58	0.8	NonTarget	1	309116
1545.66	0.8	Target	2	309132
1545.745	0.8	NonTarget	1	309149
1545.83	0.8	NonTarget	1	309166
1545.91	0.8	NonTarget	1	309182
1546.31	0.8	NonTarget	1	309262
1546.395	0.8	NonTarget	1	309279
1546.48	0.8	NonTarget	1	309296
1546.565	0.8	NonTarget	1	309313
1546.645	0.8	NonTarget	1	309329
1546.73	0.8	NonTarget	1	309346
1546.81	0.8	NonTarget	1	309362
1546.895	0.8	NonTarget	1	309379
1546.98	0.8	NonTarget	1	309396
1547.065	0.8	NonTarget	1	309413
1547.145	0.8	NonTarget	1	309429
1547.23	0.8	NonTarget	1	309446
1547.315	0.8	NonTarget	1	309463
1547.395	0.8	NonTarget	1	309479
1547.48	0.8	NonTarget	1	309496
1547.565	0.8	NonTarget	1	309513
1547.65	0.8	NonTarget	1	309530
1547.73	0.8	NonTarget	1	309546
1547.815	0.8	NonTarget	1	309563
1547.895	0.8	NonTarget	1	309579
1547.98	0.8	NonTarget	1	309596
1548.065	0.8	NonTarget	1	309613
1548.15	0.8	NonTarget	1	309630
1548.235	0.8	NonTarget	1	309647
1548.315	0.8	NonTarget	1	309663
1548.4	0.8	NonTarget	1	309680
1548.48	0.8	Target	2	309696
1548.565	0.8	NonTarget	1	309713
1548.65	0.8	NonTarget	1	309730
1548.73	0.8	NonTarget	1	309746
1549.13	0.8	NonTarget	1	309826
1549.215	0.8	NonTarget	1	309843
1549.3	0.8	NonTarget	1	309860
1549.385	0.8	NonTarget	1	309877
1549.465	0.8	NonTarget	1	309893
1549.55	0.8	NonTarget	1	309910
1549.635	0.8	NonTarget	1	309927
1549.72	0.8	NonTarget	1	309944
1549.8	0.8	NonTarget	1	309960
1549.885	0.8	NonTarget	1	309977
1549.965	0.8	NonTarget	1	309993
1550.05	0.8	NonTarget	1	310010
1550.135	0.8	NonTarget	1	310027
1550.22	0.8	NonTarget	1	310044
1550.305	0.8	NonTarget	1	310061
1550.385	0.8	NonTarget	1	310077
1550.47	0.8	NonTarget	1	310094
1550.55	0.8	NonTarget	1	310110
1550.635	0.8	NonTarget	1	310127
1550.72	0.8	NonTarget	1	310144
1550.8	0.8	NonTarget	1	310160
1550.885	0.8	Target	2	310177
1550.97	0.8	NonTarget	1	310194
1551.05	0.8	NonTarget	1	310210
1551.135	0.8	NonTarget	1	310227
1551.22	0.8	NonTarget	1	310244
1551.305	0.8	NonTarget	1	310261
1551.385	0.8	NonTarget	1	310277
1551.47	0.8	NonTarget	1	310294
1551.55	0.8	NonTarget	1	310310
1551.955	0.8	NonTarget	1	310391
1552.035	0.8	NonTarget	1	310407
1552.12	0.8	NonTarget	1	310424
1552.205	0.8	NonTarget	1	310441
1552.285	0.8	NonTarget	1	310457
1552.37	0.8	NonTarget	1	310474
1552.455	0.8	NonTarget	1	310491
1552.54	0.8	NonTarget	1	310508
1552.625	0.8	NonTarget	1	310525
1552.705	0.8	NonTarget	1	310541
1552.79	0.8	NonTarget	1	310558
1552.87	0.8	NonTarget	1	310574
1552.955	0.8	NonTarget	1	310591
1553.04	0.8	NonTarget	1	310608
1553.125	0.8	NonTarget	1	310625
1553.205	0.8	NonTarget	1	310641
1553.29	0.8	NonTarget	1	310658
1553.375	0.8	NonTarget	1	310675
1553.455	0.8	NonTarget	1	310691
1553.54	0.8	NonTarget	1	310708
1553.625	0.8	NonTarget	1	310725
1553.705	0.8	Target	2	310741
1553.79	0.8	NonTarget	1	310758
1553.875	0.8	NonTarget	1	310775
1553.955	0.8	NonTarget	1	310791
1554.04	0.8	NonTarget	1	310808
1554.125	0.8	NonTarget	1	310825
1554.205	0.8	NonTarget	1	310841
1554.29	0.8	NonTarget	1	310858
1554.375	0.8	NonTarget	1	310875
1554.775	0.8	NonTarget	1	310955
1554.86	0.8	Target	2	310972
1554.94	0.8	NonTarget	1	310988
1555.025	0.8	NonTarget	1	311005
1555.105	0.8	NonTarget	1	311021
1555.19	0.8	NonTarget	1	311038
1555.275	0.8	NonTarget	1	311055
1555.36	0.8	NonTarget	1	311072
1555.44	0.8	NonTarget	1	311088
1555.525	0.8	NonTarget	1	311105
1555.61	0.8	NonTarget	1	311122
1555.695	0.8	NonTarget	1	311139
1555.775	0.8	NonTarget	1	311155
1555.86	0.8	NonTarget	1	311172
1555.945	0.8	NonTarget	1	311189
1556.025	0.8	NonTarget	1	311205
1556.11	0.8	NonTarget	1	311222
1556.195	0.8	NonTarget	1	311239
1556.275	0.8	NonTarget	1	311255
1556.36	0.8	NonTarget	1	311272
1556.445	0.8	NonTarget	1	311289
1556.525	0.8	NonTarget	1	311305
1556.61	0.8	NonTarget	1	311322
1556.695	0.8	NonTarget	1	311339
1556.775	0.8	NonTarget	1	311355
1556.86	0.8	NonTarget	1	311372
1556.945	0.8	NonTarget	1	311389
1557.03	0.8	NonTarget	1	311406
1557.11	0.8	NonTarget	1	311422
1557.195	0.8	NonTarget	1	311439
1557.595	0.8	NonTarget	1	311519
1557.68	0.8	NonTarget	1	311536
1557.76	0.8	NonTarget	1	311552
1557.845	0.8	NonTarget	1	311569
1557.93	0.8	NonTarget	1	311586
1558.01	0.8	NonTarget	1	311602
1558.095	0.8	NonTarget	1	311619
1558.18	0.8	NonTarget	1	311636
1558.265	0.8	NonTarget	1	311653
1558.345	0.8	NonTarget	1	311669
1558.43	0.8	NonTarget	1	311686
1558.515	0.8	NonTarget	1	311703
1558.595	0.8	NonTarget	1	311719
1558.68	0.8	NonTarget	1	311736
1558.765	0.8	NonTarget	1	311753
1558.845	0.8	NonTarget	1	311769
1558.93	0.8	NonTarget	1	311786
1559.015	0.8	NonTarget	1	311803
1559.1	0.8	NonTarget	1	311820
1559.18	0.8	NonTarget	1	311836
1559.265	0.8	NonTarget	1	311853
1559.35	0.8	NonTarget	1	311870
1559.43	0.8	NonTarget	1	311886
1559.515	0.8	NonTarget	1	311903
1559.595	0.8	NonTarget	1	311919
1559.68	0.8	NonTarget	1	311936
1559.765	0.8	Target	2	311953
1559.85	0.8	NonTarget	1	311970
1559.935	0.8	NonTarget	1	311987
1560.015	0.8	NonTarget	1	312003
1560.415	0.8	NonTarget	1	312083
1560.5	0.8	Target	2	312100
1560.585	0.8	NonTarget	1	312117
1560.665	0.8	NonTarget	1	312133
1560.75	0.8	NonTarget	1	312150
1560.83	0.8	NonTarget	1	312166
1560.915	0.8	NonTarget	1	312183
1561.0	0.8	NonTarget	1	312200
1561.085	0.8	NonTarget	1	312217
1561.165	0.8	NonTarget	1	312233
1561.25	0.8	NonTarget	1	312250
1561.335	0.8	NonTarget	1	312267
1561.415	0.8	NonTarget	1	312283
1561.5	0.8	NonTarget	1	312300
1561.585	0.8	NonTarget	1	312317
1561.665	0.8	NonTarget	1	312333
1561.75	0.8	NonTarget	1	312350
1561.835	0.8	NonTarget	1	312367
1561.92	0.8	NonTarget	1	312384
1562.0	0.8	NonTarget	1	312400
1562.085	0.8	NonTarget	1	312417
1562.17	0.8	NonTarget	1	312434
1562.25	0.8	NonTarget	1	312450
1562.335	0.8	NonTarget	1	312467
1562.42	0.8	NonTarget	1	312484
1562.5	0.8	NonTarget	1	312500
1562.585	0.8	NonTarget	1	312517
1562.67	0.8	NonTarget	1	312534
1562.75	0.8	NonTarget	1	312550
1562.835	0.8	NonTarget	1	312567
1572.87	0.8	NonTarget	1	314574
1572.95	0.8	NonTarget	1	314590
1573.035	0.8	NonTarget	1	314607
1573.12	0.8	NonTarget	1	314624
1573.2	0.8	NonTarget	1	314640
1573.285	0.8	NonTarget	1	314657
1573.37	0.8	NonTarget	1	314674
1573.45	0.8	NonTarget	1	314690
1573.535	0.8	NonTarget	1	314707
1573.62	0.8	NonTarget	1	314724
1573.7	0.8	NonTarget	1	314740
1573.785	0.8	NonTarget	1	314757
1573.87	0.8	NonTarget	1	314774
1573.95	0.8	NonTarget	1	314790
1574.035	0.8	NonTarget	1	314807
1574.12	0.8	Target	2	314824
1574.2	0.8	NonTarget	1	314840
1574.285	0.8	NonTarget	1	314857
1574.37	0.8	NonTarget	1	314874
1574.45	0.8	NonTarget	1	314890
1574.535	0.8	NonTarget	1	314907
1574.62	0.8	NonTarget	1	314924
1574.705	0.8	NonTarget	1	314941
1574.785	0.8	NonTarget	1	314957
1574.87	0.8	NonTarget	1	314974
1574.955	0.8	NonTarget	1	314991
1575.035	0.8	NonTarget	1	315007
1575.12	0.8	NonTarget	1	315024
1575.205	0.8	NonTarget	1	315041
1575.285	0.8	NonTarget	1	315057
1575.685	0.8	Target	2	315137
1575.77	0.8	NonTarget	1	315154
1575.855	0.8	NonTarget	1	315171
1575.94	0.8	NonTarget	1	315188
1576.02	0.8	NonTarget	1	315204
1576.105	0.8	NonTarget	1	315221
1576.19	0.8	NonTarget	1	315238
1576.27	0.8	NonTarget	1	315254
1576.355	0.8	NonTarget	1	315271
1576.44	0.8	NonTarget	1	315288
1576.52	0.8	NonTarget	1	315304
1576.605	0.8	NonTarget	1	315321
1576.69	0.8	NonTarget	1	315338
1576.77	0.8	NonTarget	1	315354
1576.855	0.8	NonTarget	1	315371
1576.94	0.8	NonTarget	1	315388
1577.02	0.8	NonTarget	1	315404
1577.105	0.8	NonTarget	1	315421
1577.19	0.8	NonTarget	1	315438
1577.275	0.8	NonTarget	1	315455
1577.355	0.8	NonTarget	1	315471
1577.44	0.8	NonTarget	1	315488
1577.525	0.8	NonTarget	1	315505
1577.605	0.8	NonTarget	1	315521
1577.69	0.8	NonTarget	1	315538
1577.775	0.8	NonTarget	1	315555
1577.855	0.8	NonTarget	1	315571
1577.94	0.8	NonTarget	1	315588
1578.025	0.8	NonTarget	1	315605
1578.105	0.8	NonTarget	1	315621
1578.505	0.8	NonTarget	1	315701
1578.59	0.8	NonTarget	1	315718
1578.675	0.8	NonTarget	1	315735
1578.76	0.8	NonTarget	1	315752
1578.84	0.8	NonTarget	1	315768
1578.925	0.8	NonTarget	1	315785
1579.01	0.8	NonTarget	1	315802
1579.09	0.8	NonTarget	1	315818
1579.175	0.8	NonTarget	1	315835
1579.26	0.8	NonTarget	1	315852
1579.345	0.8	NonTarget	1	315869
1579.425	0.8	NonTarget	1	315885
1579.51	0.8	NonTarget	1	315902
1579.595	0.8	NonTarget	1	315919
1579.675	0.8	NonTarget	1	315935
1579.76	0.8	NonTarget	1	315952
1579.845	0.8	NonTarget	1	315969
1579.925	0.8	NonTarget	1	315985
1580.01	0.8	NonTarget	1	316002
1580.09	0.8	NonTarget	1	316018
1580.175	0.8	Target	2	316035
1580.26	0.8	NonTarget	1	316052
1580.345	0.8	NonTarget	1	316069
1580.43	0.8	NonTarget	1	316086
1580.51	0.8	NonTarget	1	316102
1580.595	0.8	NonTarget	1	316119
1580.675	0.8	NonTarget	1	316135
1580.76	0.8	NonTarget	1	316152
1580.845	0.8	NonTarget	1	316169
1580.93	0.8	NonTarget	1	316186
1581.33	0.8	Target	2	316266
1581.415	0.8	NonTarget	1	316283
1581.495	0.8	NonTarget	1	316299
1581.58	0.8	NonTarget	1	316316
1581.665	0.8	NonTarget	1	316333
1581.745	0.8	NonTarget	1	316349
1581.83	0.8	NonTarget	1	316366
1581.915	0.8	NonTarget	1	316383
1581.995	0.8	NonTarget	1	316399
1582.08	0.8	NonTarget	1	316416
1582.165	0.8	NonTarget	1	316433
1582.245	0.8	NonTarget	1	316449
1582.33	0.8	NonTarget	1	316466
1582.415	0.8	NonTarget	1	316483
1582.5	0.8	NonTarget	1	316500
1582.58	0.8	NonTarget	1	316516
1582.665	0.8	NonTarget	1	316533
1582.745	0.8	NonTarget	1	316549
1582.83	0.8	NonTarget	1	316566
1582.915	0.8	NonTarget	1	316583
1583.0	0.8	NonTarget	1	316600
1583.08	0.8	NonTarget	1	316616
1583.165	0.8	NonTarget	1	316633
1583.25	0.8	NonTarget	1	316650
1583.33	0.8	NonTarget	1	316666
1583.415	0.8	NonTarget	1	316683
1583.5	0.8	NonTarget	1	316700
1583.585	0.8	NonTarget	1	316717
1583.665	0.8	NonTarget	1	316733
1583.75	0.8	NonTarget	1	316750
1584.15	0.8	NonTarget	1	316830
1584.235	0.8	NonTarget	1	316847
1584.315	0.8	NonTarget	1	316863
1584.4	0.8	NonTarget	1	316880
1584.485	0.8	NonTarget	1	316897
1584.565	0.8	NonTarget	1	316913
1584.65	0.8	NonTarget	1	316930
1584.735	0.8	NonTarget	1	316947
1584.82	0.8	NonTarget	1	316964
1584.9	0.8	NonTarget	1	316980
1584.985	0.8	NonTarget	1	316997
1585.065	0.8	NonTarget	1	317013
1585.15	0.8	NonTarget	1	317030
1585.235	0.8	NonTarget	1	317047
1585.315	0.8	NonTarget	1	317063
1585.4	0.8	NonTarget	1	317080
1585.485	0.8	NonTarget	1	317097
1585.57	0.8	NonTarget	1	317114
1585.65	0.8	NonTarget	1	317130
1585.735	0.8	NonTarget	1	317147
1585.82	0.8	Target	2	317164
1585.9	0.8	NonTarget	1	317180
1585.985	0.8	NonTarget	1	317197
1586.07	0.8	NonTarget	1	317214
1586.15	0.8	NonTarget	1	317230
1586.235	0.8	NonTarget	1	317247
1586.32	0.8	NonTarget	1	317264
1586.4	0.8	NonTarget	1	317280
1586.485	0.8	NonTarget	1	317297
1586.57	0.8	NonTarget	1	317314
1586.97	0.8	NonTarget	1	317394
1587.055	0.8	NonTarget	1	317411
1587.14	0.8	NonTarget	1	317428
1587.22	0.8	NonTarget	1	317444
1587.305	0.8	NonTarget	1	317461
1587.39	0.8	NonTarget	1	317478
1587.47	0.8	NonTarget	1	317494
1587.555	0.8	NonTarget	1	317511
1587.635	0.8	NonTarget	1	317527
1587.72	0.8	NonTarget	1	317544
1587.805	0.8	NonTarget	1	317561
1587.89	0.8	NonTarget	1	317578
1587.97	0.8	NonTarget	1	317594
1588.055	0.8	NonTarget	1	317611
1588.14	0.8	NonTarget	1	317628
1588.22	0.8	NonTarget	1	317644
1588.305	0.8	NonTarget	1	317661
1588.39	0.8	NonTarget	1	317678
1588.47	0.8	NonTarget	1	317694
1588.555	0.8	NonTarget	1	317711
1588.64	0.8	NonTarget	1	317728
1588.725	0.8	NonTarget	1	317745
1588.805	0.8	NonTarget	1	317761
1588.89	0.8	NonTarget	1	317778
1588.975	0.8	NonTarget	1	317795
1589.055	0.8	Target	2	317811
1589.14	0.8	NonTarget	1	317828
1589.225	0.8	NonTarget	1	317845
1589.305	0.8	NonTarget	1	317861
1589.39	0.8	NonTarget	1	317878
1589.79	0.8	NonTarget	1	317958
1589.875	0.8	NonTarget	1	317975
1589.96	0.8	NonTarget	1	317992
1590.04	0.8	NonTarget	1	318008
1590.125	0.8	NonTarget	1	318025
1590.21	0.8	NonTarget	1	318042
1590.29	0.8	NonTarget	1	318058
1590.375	0.8	NonTarget	1	318075
1590.46	0.8	NonTarget	1	318092
1590.54	0.8	NonTarget	1	318108
1590.625	0.8	NonTarget	1	318125
1590.71	0.8	NonTarget	1	318142
1590.79	0.8	NonTarget	1	318158
1590.875	0.8	NonTarget	1	318175
1590.96	0.8	NonTarget	1	318192
1591.04	0.8	Target	2	318208
1591.125	0.8	NonTarget	1	318225
1591.21	0.8	NonTarget	1	318242
1591.295	0.8	NonTarget	1	318259
1591.375	0.8	NonTarget	1	318275
1591.46	0.8	NonTarget	1	318292
1591.545	0.8	NonTarget	1	318309
1591.625	0.8	NonTarget	1	318325
1591.71	0.8	NonTarget	1	318342
1591.795	0.8	NonTarget	1	318359
1591.875	0.8	NonTarget	1	318375
1591.96	0.8	NonTarget	1	318392
1592.045	0.8	NonTarget	1	318409
1592.125	0.8	NonTarget	1	318425
1592.21	0.8	NonTarget	1	318442
1592.61	0.8	NonTarget	1	318522
1592.695	0.8	NonTarget	1	318539
1592.775	0.8	NonTarget	1	318555
1592.86	0.8	NonTarget	1	318572
1592.945	0.8	NonTarget	1	318589
1593.03	0.8	NonTarget	1	318606
1593.11	0.8	NonTarget	1	318622
1593.195	0.8	NonTarget	1	318639
1593.28	0.8	NonTarget	1	318656
1593.36	0.8	NonTarget	1	318672
1593.445	0.8	NonTarget	1	318689
1593.53	0.8	NonTarget	1	318706
1593.615	0.8	NonTarget	1	318723
1593.695	0.8	NonTarget	1	318739
1593.78	0.8	NonTarget	1	318756
1593.865	0.8	NonTarget	1	318773
1593.945	0.8	NonTarget	1	318789
1594.03	0.8	NonTarget	1	318806
1594.115	0.8	NonTarget	1	318823
1594.195	0.8	NonTarget	1	318839
1594.28	0.8	Target	2	318856
1594.365	0.8	NonTarget	1	318873
1594.445	0.8	NonTarget	1	318889
1594.53	0.8	NonTarget	1	318906
1594.615	0.8	NonTarget	1	318923
1594.7	0.8	NonTarget	1	318940
1594.78	0.8	NonTarget	1	318956
1594.865	0.8	NonTarget	1	318973
1594.95	0.8	NonTarget	1	318990
1595.03	0.8	NonTarget	1	319006
1595.435	0.8	NonTarget	1	319087
1595.515	0.8	NonTarget	1	319103
1595.6	0.8	NonTarget	1	319120
1595.68	0.8	NonTarget	1	319136
1595.765	0.8	NonTarget	1	319153
1595.85	0.8	NonTarget	1	319170
1595.935	0.8	NonTarget	1	319187
1596.015	0.8	NonTarget	1	319203
1596.1	0.8	NonTarget	1	319220
1596.185	0.8	NonTarget	1	319237
1596.265	0.8	Target	2	319253
1596.35	0.8	NonTarget	1	319270
1596.435	0.8	NonTarget	1	319287
1596.515	0.8	NonTarget	1	319303
1596.6	0.8	NonTarget	1	319320
1596.685	0.8	NonTarget	1	319337
1596.765	0.8	NonTarget	1	319353
1596.85	0.8	NonTarget	1	319370
1596.935	0.8	NonTarget	1	319387
1597.02	0.8	NonTarget	1	319404
1597.1	0.8	NonTarget	1	319420
1597.185	0.8	NonTarget	1	319437
1597.27	0.8	NonTarget	1	319454
1597.35	0.8	NonTarget	1	319470
1597.435	0.8	NonTarget	1	319487
1597.52	0.8	NonTarget	1	319504
1597.6	0.8	NonTarget	1	319520
1597.685	0.8	NonTarget	1	319537
1597.77	0.8	NonTarget	1	319554
1597.85	0.8	NonTarget	1	319570
1598.255	0.8	NonTarget	1	319651
1598.335	0.8	NonTarget	1	319667
1598.42	0.8	NonTarget	1	319684
1598.505	0.8	NonTarget	1	319701
1598.585	0.8	NonTarget	1	319717
1598.67	0.8	NonTarget	1	319734
1598.755	0.8	NonTarget	1	319751
1598.835	0.8	NonTarget	1	319767
1598.92	0.8	NonTarget	1	319784
1599.005	0.8	NonTarget	1	319801
1599.085	0.8	NonTarget	1	319817
1599.17	0.8	NonTarget	1	319834
1599.255	0.8	NonTarget	1	319851
1599.34	0.8	NonTarget	1	319868
1599.42	0.8	NonTarget	1	319884
1599.505	0.8	NonTarget	1	319901
1599.59	0.8	NonTarget	1	319918
1599.67	0.8	NonTarget	1	319934
1599.755	0.8	NonTarget	1	319951
1599.84	0.8	NonTarget	1	319968
1599.92	0.8	NonTarget	1	319984
1600.005	0.8	NonTarget	1	320001
1600.09	0.8	NonTarget	1	320018
1600.175	0.8	NonTarget	1	320035
1600.255	0.8	NonTarget	1	320051
1600.34	0.8	Target	2	320068
1600.42	0.8	NonTarget	1	320084
1600.505	0.8	NonTarget	1	320101
1600.59	0.8	NonTarget	1	320118
1600.675	0.8	NonTarget	1	320135
1610.71	0.8	NonTarget	1	322142
1610.785	0.8	NonTarget	1	322157
1610.87	0.8	NonTarget	1	322174
1610.955	0.8	NonTarget	1	322191
1611.04	0.8	NonTarget	1	322208
1611.12	0.8	NonTarget	1	322224
1611.205	0.8	NonTarget	1	322241
1611.29	0.8	NonTarget	1	322258
1611.37	0.8	NonTarget	1	322274
1611.455	0.8	NonTarget	1	322291
1611.54	0.8	NonTarget	1	322308
1611.62	0.8	NonTarget	1	322324
1611.705	0.8	NonTarget	1	322341
1611.79	0.8	NonTarget	1	322358
1611.87	0.8	NonTarget	1	322374
1611.955	0.8	NonTarget	1	322391
1612.035	0.8	Target	2	322407
1612.12	0.8	NonTarget	1	322424
1612.205	0.8	NonTarget	1	322441
1612.29	0.8	NonTarget	1	322458
1612.375	0.8	NonTarget	1	322475
1612.455	0.8	NonTarget	1	322491
1612.54	0.8	NonTarget	1	322508
1612.625	0.8	NonTarget	1	322525
1612.705	0.8	NonTarget	1	322541
1612.79	0.8	NonTarget	1	322558
1612.875	0.8	NonTarget	1	322575
1612.955	0.8	NonTarget	1	322591
1613.04	0.8	NonTarget	1	322608
1613.125	0.8	NonTarget	1	322625
1613.525	0.8	NonTarget	1	322705
1613.61	0.8	NonTarget	1	322722
1613.69	0.8	NonTarget	1	322738
1613.775	0.8	NonTarget	1	322755
1613.86	0.8	NonTarget	1	322772
1613.94	0.8	NonTarget	1	322788
1614.025	0.8	NonTarget	1	322805
1614.11	0.8	NonTarget	1	322822
1614.19	0.8	NonTarget	1	322838
1614.275	0.8	NonTarget	1	322855
1614.36	0.8	NonTarget	1	322872
1614.44	0.8	NonTarget	1	322888
1614.525	0.8	NonTarget	1	322905
1614.61	0.8	NonTarget	1	322922
1614.69	0.8	NonTarget	1	322938
1614.775	0.8	NonTarget	1	322955
1614.86	0.8	Target	2	322972
1614.94	0.8	NonTarget	1	322988
1615.025	0.8	NonTarget	1	323005
1615.11	0.8	NonTarget	1	323022
1615.195	0.8	NonTarget	1	323039
1615.275	0.8	NonTarget	1	323055
1615.36	0.8	NonTarget	1	323072
1615.445	0.8	NonTarget	1	323089
1615.525	0.8	NonTarget	1	323105
1615.61	0.8	NonTarget	1	323122
1615.695	0.8	NonTarget	1	323139
1615.78	0.8	NonTarget	1	323156
1615.86	0.8	NonTarget	1	323172
1615.945	0.8	NonTarget	1	323189
1616.345	0.8	NonTarget	1	323269
1616.43	0.8	NonTarget	1	323286
1616.515	0.8	NonTarget	1	323303
1616.6	0.8	NonTarget	1	323320
1616.68	0.8	NonTarget	1	323336
1616.76	0.8	NonTarget	1	323352
1616.845	0.8	NonTarget	1	323369
1616.93	0.8	NonTarget	1	323386
1617.01	0.8	NonTarget	1	323402
1617.095	0.8	NonTarget	1	323419
1617.18	0.8	NonTarget	1	323436
1617.265	0.8	NonTarget	1	323453
1617.35	0.8	NonTarget	1	323470
1617.43	0.8	NonTarget	1	323486
1617.515	0.8	NonTarget	1	323503
1617.595	0.8	NonTarget	1	323519
1617.68	0.8	Target	2	323536
1617.765	0.8	NonTarget	1	323553
1617.845	0.8	NonTarget	1	323569
1617.93	0.8	NonTarget	1	323586
1618.015	0.8	NonTarget	1	323603
1618.1	0.8	NonTarget	1	323620
1618.18	0.8	NonTarget	1	323636
1618.265	0.8	NonTarget	1	323653
1618.35	0.8	NonTarget	1	323670
1618.43	0.8	NonTarget	1	323686
1618.515	0.8	NonTarget	1	323703
1618.6	0.8	NonTarget	1	323720
1618.68	0.8	NonTarget	1	323736
1618.765	0.8	NonTarget	1	323753
1619.165	0.8	NonTarget	1	323833
1619.25	0.8	NonTarget	1	323850
1619.335	0.8	NonTarget	1	323867
1619.415	0.8	NonTarget	1	323883
1619.5	0.8	NonTarget	1	323900
1619.585	0.8	NonTarget	1	323917
1619.665	0.8	NonTarget	1	323933
1619.75	0.8	NonTarget	1	323950
1619.835	0.8	NonTarget	1	323967
1619.915	0.8	NonTarget	1	323983
1620.0	0.8	NonTarget	1	324000
1620.085	0.8	NonTarget	1	324017
1620.165	0.8	NonTarget	1	324033
1620.25	0.8	NonTarget	1	324050
1620.335	0.8	NonTarget	1	324067
1620.415	0.8	NonTarget	1	324083
1620.5	0.8	NonTarget	1	324100
1620.585	0.8	NonTarget	1	324117
1620.67	0.8	NonTarget	1	324134
1620.75	0.8	NonTarget	1	324150
1620.835	0.8	NonTarget	1	324167
1620.92	0.8	NonTarget	1	324184
1621.0	0.8	NonTarget	1	324200
1621.085	0.8	NonTarget	1	324217
1621.17	0.8	NonTarget	1	324234
1621.25	0.8	NonTarget	1	324250
1621.335	0.8	Target	2	324267
1621.42	0.8	NonTarget	1	324284
1621.505	0.8	NonTarget	1	324301
1621.585	0.8	NonTarget	1	324317
1621.985	0.8	NonTarget	1	324397
1622.07	0.8	NonTarget	1	324414
1622.155	0.8	NonTarget	1	324431
1622.24	0.8	NonTarget	1	324448
1622.32	0.8	NonTarget	1	324464
1622.405	0.8	NonTarget	1	324481
1622.485	0.8	NonTarget	1	324497
1622.57	0.8	NonTarget	1	324514
1622.655	0.8	NonTarget	1	324531
1622.735	0.8	NonTarget	1	324547
1622.82	0.8	NonTarget	1	324564
1622.905	0.8	Target	2	324581
1622.99	0.8	NonTarget	1	324598
1623.07	0.8	NonTarget	1	324614
1623.155	0.8	NonTarget	1	324631
1623.24	0.8	NonTarget	1	324648
1623.32	0.8	NonTarget	1	324664
1623.405	0.8	NonTarget	1	324681
1623.49	0.8	NonTarget	1	324698
1623.57	0.8	NonTarget	1	324714
1623.655	0.8	NonTarget	1	324731
1623.74	0.8	NonTarget	1	324748
1623.825	0.8	NonTarget	1	324765
1623.905	0.8	NonTarget	1	324781
1623.99	0.8	NonTarget	1	324798
1624.07	0.8	NonTarget	1	324814
1624.155	0.8	NonTarget	1	324831
1624.24	0.8	NonTarget	1	324848
1624.325	0.8	NonTarget	1	324865
1624.405	0.8	NonTarget	1	324881
1624.81	0.8	NonTarget	1	324962
1624.89	0.8	Target	2	324978
1624.975	0.8	NonTarget	1	324995
1625.055	0.8	NonTarget	1	325011
1625.14	0.8	NonTarget	1	325028
1625.225	0.8	NonTarget	1	325045
1625.31	0.8	NonTarget	1	325062
1625.39	0.8	NonTarget	1	325078
1625.475	0.8	NonTarget	1	325095
1625.56	0.8	NonTarget	1	325112
1625.64	0.8	NonTarget	1	325128
1625.725	0.8	NonTarget	1	325145
1625.81	0.8	NonTarget	1	325162
1625.89	0.8	NonTarget	1	325178
1625.975	0.8	NonTarget	1	325195
1626.06	0.8	NonTarget	1	325212
1626.145	0.8	NonTarget	1	325229
1626.225	0.8	NonTarget	1	325245
1626.31	0.8	NonTarget	1	325262
1626.39	0.8	NonTarget	1	325278
1626.475	0.8	NonTarget	1	325295
1626.56	0.8	NonTarget	1	325312
1626.64	0.8	NonTarget	1	325328
1626.725	0.8	NonTarget	1	325345
1626.81	0.8	NonTarget	1	325362
1626.895	0.8	NonTarget	1	325379
1626.975	0.8	NonTarget	1	325395
1627.06	0.8	NonTarget	1	325412
1627.145	0.8	NonTarget	1	325429
1627.23	0.8	NonTarget	1	325446
1627.625	0.8	NonTarget	1	325525
1627.71	0.8	NonTarget	1	325542
1627.795	0.8	NonTarget	1	325559
1627.88	0.8	NonTarget	1	325576
1627.96	0.8	NonTarget	1	325592
1628.045	0.8	NonTarget	1	325609
1628.125	0.8	Target	2	325625
1628.21	0.8	NonTarget	1	325642
1628.295	0.8	NonTarget	1	325659
1628.38	0.8	NonTarget	1	325676
1628.46	0.8	NonTarget	1	325692
1628.545	0.8	NonTarget	1	325709
1628.63	0.8	NonTarget	1	325726
1628.715	0.8	NonTarget	1	325743
1628.795	0.8	NonTarget	1	325759
1628.88	0.8	NonTarget	1	325776
1628.96	0.8	NonTarget	1	325792
1629.045	0.8	NonTarget	1	325809
1629.13	0.8	NonTarget	1	325826
1629.215	0.8	NonTarget	1	325843
1629.295	0.8	NonTarget	1	325859
1629.38	0.8	NonTarget	1	325876
1629.465	0.8	NonTarget	1	325893
1629.545	0.8	NonTarget	1	325909
1629.63	0.8	NonTarget	1	325926
1629.715	0.8	NonTarget	1	325943
1629.795	0.8	NonTarget	1	325959
1629.88	0.8	NonTarget	1	325976
1629.965	0.8	NonTarget	1	325993
1630.045	0.8	NonTarget	1	326009
1630.45	0.8	NonTarget	1	326090
1630.53	0.8	NonTarget	1	326106
1630.615	0.8	NonTarget	1	326123
1630.7	0.8	NonTarget	1	326140
1630.78	0.8	NonTarget	1	326156
1630.865	0.8	NonTarget	1	326173
1630.95	0.8	NonTarget	1	326190
1631.03	0.8	NonTarget	1	326206
1631.115	0.8	NonTarget	1	326223
1631.2	0.8	NonTarget	1	326240
1631.28	0.8	NonTarget	1	326256
1631.365	0.8	NonTarget	1	326273
1631.45	0.8	NonTarget	1	326290
1631.535	0.8	NonTarget	1	326307
1631.62	0.8	NonTarget	1	326324
1631.7	0.8	NonTarget	1	326340
1631.785	0.8	NonTarget	1	326357
1631.865	0.8	NonTarget	1	326373
1631.95	0.8	NonTarget	1	326390
1632.035	0.8	NonTarget	1	326407
1632.115	0.8	NonTarget	1	326423
1632.2	0.8	NonTarget	1	326440
1632.285	0.8	NonTarget	1	326457
1632.37	0.8	NonTarget	1	326474
1632.45	0.8	NonTarget	1	326490
1632.535	0.8	NonTarget	1	326507
1632.62	0.8	Target	2	326524
1632.7	0.8	NonTarget	1	326540
1632.785	0.8	NonTarget	1	326557
1632.87	0.8	NonTarget	1	326574
1633.27	0.8	NonTarget	1	326654
1633.355	0.8	NonTarget	1	326671
1633.435	0.8	NonTarget	1	326687
1633.52	0.8	NonTarget	1	326704
1633.6	0.8	NonTarget	1	326720
1633.685	0.8	NonTarget	1	326737
1633.77	0.8	NonTarget	1	326754
1633.855	0.8	NonTarget	1	326771
1633.94	0.8	NonTarget	1	326788
1634.02	0.8	NonTarget	1	326804
1634.105	0.8	NonTarget	1	326821
1634.185	0.8	NonTarget	1	326837
1634.27	0.8	NonTarget	1	326854
1634.355	0.8	NonTarget	1	326871
1634.435	0.8	NonTarget	1	326887
1634.52	0.8	NonTarget	1	326904
1634.605	0.8	NonTarget	1	326921
1634.685	0.8	NonTarget	1	326937
1634.77	0.8	NonTarget	1	326954
1634.855	0.8	NonTarget	1	326971
1634.94	0.8	NonTarget	1	326988
1635.02	0.8	NonTarget	1	327004
1635.105	0.8	NonTarget	1	327021
1635.19	0.8	NonTarget	1	327038
1635.27	0.8	NonTarget	1	327054
1635.355	0.8	NonTarget	1	327071
1635.44	0.8	Target	2	327088
1635.52	0.8	NonTarget	1	327104
1635.605	0.8	NonTarget	1	327121
1635.69	0.8	NonTarget	1	327138
1636.09	0.8	NonTarget	1	327218
1636.175	0.8	Target	2	327235
1636.255	0.8	NonTarget	1	327251
1636.34	0.8	NonTarget	1	327268
1636.425	0.8	NonTarget	1	327285
1636.51	0.8	NonTarget	1	327302
1636.59	0.8	NonTarget	1	327318
1636.675	0.8	NonTarget	1	327335
1636.76	0.8	NonTarget	1	327352
1636.84	0.8	NonTarget	1	327368
1636.925	0.8	NonTarget	1	327385
1637.01	0.8	NonTarget	1	327402
1637.09	0.8	NonTarget	1	327418
1637.175	0.8	NonTarget	1	327435
1637.26	0.8	NonTarget	1	327452
1637.345	0.8	NonTarget	1	327469
1637.425	0.8	NonTarget	1	327485
1637.51	0.8	NonTarget	1	327502
1637.595	0.8	NonTarget	1	327519
1637.675	0.8	NonTarget	1	327535
1637.76	0.8	NonTarget	1	327552
1637.84	0.8	NonTarget	1	327568
1637.925	0.8	NonTarget	1	327585
1638.01	0.8	NonTarget	1	327602
1638.095	0.8	NonTarget	1	327619
1638.175	0.8	NonTarget	1	327635
1638.26	0.8	NonTarget	1	327652
1638.345	0.8	NonTarget	1	327669
1638.425	0.8	NonTarget	1	327685
1638.51	0.8	NonTarget	1	327702
1654.375	0.8	NonTarget	1	330875
1654.455	0.8	NonTarget	1	330891
1654.54	0.8	NonTarget	1	330908
1654.625	0.8	NonTarget	1	330925
1654.705	0.8	NonTarget	1	330941
1654.79	0.8	NonTarget	1	330958
1654.875	0.8	NonTarget	1	330975
1654.955	0.8	NonTarget	1	330991
1655.04	0.8	NonTarget	1	331008
1655.125	0.8	NonTarget	1	331025
1655.205	0.8	NonTarget	1	331041
1655.29	0.8	NonTarget	1	331058
1655.375	0.8	NonTarget	1	331075
1655.455	0.8	NonTarget	1	331091
1655.54	0.8	NonTarget	1	331108
1655.625	0.8	NonTarget	1	331125
1655.71	0.8	NonTarget	1	331142
1655.79	0.8	Target	2	331158
1655.875	0.8	NonTarget	1	331175
1655.96	0.8	NonTarget	1	331192
1656.04	0.8	NonTarget	1	331208
1656.125	0.8	NonTarget	1	331225
1656.21	0.8	NonTarget	1	331242
1656.29	0.8	NonTarget	1	331258
1656.375	0.8	NonTarget	1	331275
1656.46	0.8	NonTarget	1	331292
1656.54	0.8	NonTarget	1	331308
1656.625	0.8	NonTarget	1	331325
1656.71	0.8	NonTarget	1	331342
1656.795	0.8	NonTarget	1	331359
1657.19	0.8	NonTarget	1	331438
1657.275	0.8	NonTarget	1	331455
1657.36	0.8	NonTarget	1	331472
1657.445	0.8	NonTarget	1	331489
1657.525	0.8	NonTarget	1	331505
1657.61	0.8	NonTarget	1	331522
1657.695	0.8	NonTarget	1	331539
1657.78	0.8	NonTarget	1	331556
1657.86	0.8	NonTarget	1	331572
1657.945	0.8	NonTarget	1	331589
1658.025	0.8	NonTarget	1	331605
1658.11	0.8	NonTarget	1	331622
1658.195	0.8	NonTarget	1	331639
1658.28	0.8	NonTarget	1	331656
1658.36	0.8	NonTarget	1	331672
1658.445	0.8	NonTarget	1	331689
1658.53	0.8	NonTarget	1	331706
1658.61	0.8	Target	2	331722
1658.695	0.8	NonTarget	1	331739
1658.78	0.8	NonTarget	1	331756
1658.86	0.8	NonTarget	1	331772
1658.945	0.8	NonTarget	1	331789
1659.03	0.8	NonTarget	1	331806
1659.115	0.8	NonTarget	1	331823
1659.195	0.8	NonTarget	1	331839
1659.28	0.8	NonTarget	1	331856
1659.36	0.8	NonTarget	1	331872
1659.445	0.8	NonTarget	1	331889
1659.53	0.8	NonTarget	1	331906
1659.615	0.8	NonTarget	1	331923
1660.015	0.8	NonTarget	1	332003
1660.1	0.8	NonTarget	1	332020
1660.18	0.8	NonTarget	1	332036
1660.265	0.8	NonTarget	1	332053
1660.345	0.8	NonTarget	1	332069
1660.43	0.8	NonTarget	1	332086
1660.515	0.8	NonTarget	1	332103
1660.6	0.8	NonTarget	1	332120
1660.68	0.8	NonTarget	1	332136
1660.765	0.8	NonTarget	1	332153
1660.85	0.8	NonTarget	1	332170
1660.93	0.8	NonTarget	1	332186
1661.015	0.8	NonTarget	1	332203
1661.1	0.8	NonTarget	1	332220
1661.185	0.8	NonTarget	1	332237
1661.265	0.8	NonTarget	1	332253
1661.35	0.8	NonTarget	1	332270
1661.43	0.8	NonTarget	1	332286
1661.515	0.8	NonTarget	1	332303
1661.6	0.8	NonTarget	1	332320
1661.68	0.8	NonTarget	1	332336
1661.765	0.8	NonTarget	1	332353
1661.85	0.8	Target	2	332370
1661.935	0.8	NonTarget	1	332387
1662.015	0.8	NonTarget	1	332403
1662.1	0.8	NonTarget	1	332420
1662.18	0.8	NonTarget	1	332436
1662.265	0.8	NonTarget	1	332453
1662.35	0.8	NonTarget	1	332470
1662.435	0.8	NonTarget	1	332487
1662.835	0.8	NonTarget	1	332567
1662.92	0.8	NonTarget	1	332584
1663.0	0.8	Target	2	332600
1663.085	0.8	NonTarget	1	332617
1663.17	0.8	NonTarget	1	332634
1663.25	0.8	NonTarget	1	332650
1663.335	0.8	NonTarget	1	332667
1663.42	0.8	NonTarget	1	332684
1663.5	0.8	NonTarget	1	332700
1663.585	0.8	NonTarget	1	332717
1663.67	0.8	NonTarget	1	332734
1663.75	0.8	NonTarget	1	332750
1663.835	0.8	NonTarget	1	332767
1663.92	0.8	NonTarget	1	332784
1664.005	0.8	NonTarget	1	332801
1664.085	0.8	NonTarget	1	332817
1664.17	0.8	NonTarget	1	332834
1664.255	0.8	NonTarget	1	332851
1664.335	0.8	NonTarget	1	332867
1664.42	0.8	NonTarget	1	332884
1664.505	0.8	NonTarget	1	332901
1664.585	0.8	NonTarget	1	332917
1664.67	0.8	NonTarget	1	332934
1664.755	0.8	NonTarget	1	332951
1664.835	0.8	NonTarget	1	332967
1664.92	0.8	NonTarget	1	332984
1665.005	0.8	NonTarget	1	333001
1665.09	0.8	NonTarget	1	333018
1665.17	0.8	NonTarget	1	333034
1665.255	0.8	NonTarget	1	333051
1665.655	0.8	NonTarget	1	333131
1665.74	0.8	NonTarget	1	333148
1665.82	0.8	NonTarget	1	333164
1665.905	0.8	NonTarget	1	333181
1665.99	0.8	NonTarget	1	333198
1666.075	0.8	NonTarget	1	333215
1666.155	0.8	NonTarget	1	333231
1666.24	0.8	NonTarget	1	333248
1666.32	0.8	NonTarget	1	333264
1666.405	0.8	NonTarget	1	333281
1666.49	0.8	NonTarget	1	333298
1666.575	0.8	NonTarget	1	333315
1666.655	0.8	NonTarget	1	333331
1666.74	0.8	NonTarget	1	333348
1666.825	0.8	NonTarget	1	333365
1666.905	0.8	NonTarget	1	333381
1666.99	0.8	NonTarget	1	333398
1667.075	0.8	NonTarget	1	333415
1667.155	0.8	NonTarget	1	333431
1667.24	0.8	NonTarget	1	333448
1667.325	0.8	NonTarget	1	333465
1667.405	0.8	NonTarget	1	333481
1667.49	0.8	Target	2	333498
1667.575	0.8	NonTarget	1	333515
1667.655	0.8	NonTarget	1	333531
1667.74	0.8	NonTarget	1	333548
1667.825	0.8	NonTarget	1	333565
1667.91	0.8	NonTarget	1	333582
1667.99	0.8	NonTarget	1	333598
1668.075	0.8	NonTarget	1	333615
1668.475	0.8	NonTarget	1	333695
1668.56	0.8	NonTarget	1	333712
1668.645	0.8	NonTarget	1	333729
1668.725	0.8	NonTarget	1	333745
1668.81	0.8	NonTarget	1	333762
1668.895	0.8	NonTarget	1	333779
1668.975	0.8	NonTarget	1	333795
1669.06	0.8	Target	2	333812
1669.145	0.8	NonTarget	1	333829
1669.225	0.8	NonTarget	1	333845
1669.31	0.8	NonTarget	1	333862
1669.39	0.8	NonTarget	1	333878
1669.475	0.8	NonTarget	1	333895
1669.56	0.8	NonTarget	1	333912
1669.645	0.8	NonTarget	1	333929
1669.725	0.8	NonTarget	1	333945
1669.81	0.8	NonTarget	1	333962
1669.895	0.8	NonTarget	1	333979
1669.98	0.8	NonTarget	1	333996
1670.06	0.8	NonTarget	1	334012
1670.145	0.8	NonTarget	1	334029
1670.23	0.8	NonTarget	1	334046
1670.31	0.8	NonTarget	1	334062
1670.395	0.8	NonTarget	1	334079
1670.48	0.8	NonTarget	1	334096
1670.56	0.8	NonTarget	1	334112
1670.645	0.8	NonTarget	1	334129
1670.73	0.8	NonTarget	1	334146
1670.815	0.8	NonTarget	1	334163
1670.895	0.8	NonTarget	1	334179
1671.295	0.8	NonTarget	1	334259
1671.38	0.8	NonTarget	1	334276
1671.465	0.8	NonTarget	1	334293
1671.545	0.8	NonTarget	1	334309
1671.63	0.8	NonTarget	1	334326
1671.715	0.8	NonTarget	1	334343
1671.795	0.8	NonTarget	1	334359
1671.88	0.8	NonTarget	1	334376
1671.965	0.8	NonTarget	1	334393
1672.045	0.8	NonTarget	1	334409
1672.13	0.8	NonTarget	1	334426
1672.215	0.8	NonTarget	1	334443
1672.295	0.8	Target	2	334459
1672.38	0.8	NonTarget	1	334476
1672.465	0.8	NonTarget	1	334493
1672.55	0.8	NonTarget	1	334510
1672.63	0.8	NonTarget	1	334526
1672.715	0.8	NonTarget	1	334543
1672.8	0.8	NonTarget	1	334560
1672.88	0.8	NonTarget	1	334576
1672.965	0.8	NonTarget	1	334593
1673.05	0.8	NonTarget	1	334610
1673.135	0.8	NonTarget	1	334627
1673.215	0.8	NonTarget	1	334643
1673.3	0.8	NonTarget	1	334660
1673.38	0.8	NonTarget	1	334676
1673.465	0.8	NonTarget	1	334693
1673.55	0.8	NonTarget	1	334710
1673.635	0.8	NonTarget	1	334727
1673.715	0.8	NonTarget	1	334743
1674.115	0.8	NonTarget	1	334823
1674.2	0.8	NonTarget	1	334840
1674.285	0.8	NonTarget	1	334857
1674.365	0.8	NonTarget	1	334873
1674.45	0.8	NonTarget	1	334890
1674.535	0.8	NonTarget	1	334907
1674.62	0.8	NonTarget	1	334924
1674.7	0.8	NonTarget	1	334940
1674.785	0.8	NonTarget	1	334957
1674.87	0.8	NonTarget	1	334974
1674.95	0.8	NonTarget	1	334990
1675.035	0.8	NonTarget	1	335007
1675.12	0.8	NonTarget	1	335024
1675.205	0.8	NonTarget	1	335041
1675.285	0.8	NonTarget	1	335057
1675.37	0.8	NonTarget	1	335074
1675.455	0.8	NonTarget	1	335091
1675.535	0.8	NonTarget	1	335107
1675.62	0.8	NonTarget	1	335124
1675.705	0.8	NonTarget	1	335141
1675.79	0.8	NonTarget	1	335158
1675.87	0.8	NonTarget	1	335174
1675.95	0.8	Target	2	335190
1676.035	0.8	NonTarget	1	335207
1676.12	0.8	NonTarget	1	335224
1676.205	0.8	NonTarget	1	335241
1676.285	0.8	NonTarget	1	335257
1676.37	0.8	NonTarget	1	335274
1676.455	0.8	NonTarget	1	335291
1676.54	0.8	NonTarget	1	335308
1676.94	0.8	NonTarget	1	335388
1677.02	0.8	NonTarget	1	335404
1677.105	0.8	NonTarget	1	335421
1677.19	0.8	NonTarget	1	335438
1677.27	0.8	NonTarget	1	335454
1677.355	0.8	NonTarget	1	335471
1677.44	0.8	NonTarget	1	335488
1677.52	0.8	Target	2	335504
1677.605	0.8	NonTarget	1	335521
1677.69	0.8	NonTarget	1	335538
1677.775	0.8	NonTarget	1	335555
1677.855	0.8	NonTarget	1	335571
1677.94	0.8	NonTarget	1	335588
1678.025	0.8	NonTarget	1	335605
1678.105	0.8	NonTarget	1	335621
1678.19	0.8	NonTarget	1	335638
1678.275	0.8	NonTarget	1	335655
1678.355	0.8	NonTarget	1	335671
1678.44	0.8	NonTarget	1	335688
1678.525	0.8	NonTarget	1	335705
1678.605	0.8	NonTarget	1	335721
1678.69	0.8	NonTarget	1	335738
1678.775	0.8	NonTarget	1	335755
1678.86	0.8	NonTarget	1	335772
1678.94	0.8	NonTarget	1	335788
1679.025	0.8	NonTarget	1	335805
1679.105	0.8	NonTarget	1	335821
1679.19	0.8	NonTarget	1	335838
1679.275	0.8	NonTarget	1	335855
1679.36	0.8	NonTarget	1	335872
1679.76	0.8	NonTarget	1	335952
1679.845	0.8	NonTarget	1	335969
1679.925	0.8	Target	2	335985
1680.01	0.8	NonTarget	1	336002
1680.095	0.8	NonTarget	1	336019
1680.175	0.8	NonTarget	1	336035
1680.26	0.8	NonTarget	1	336052
1680.345	0.8	NonTarget	1	336069
1680.425	0.8	NonTarget	1	336085
1680.51	0.8	NonTarget	1	336102
1680.595	0.8	NonTarget	1	336119
1680.675	0.8	NonTarget	1	336135
1680.76	0.8	NonTarget	1	336152
1680.845	0.8	NonTarget	1	336169
1680.93	0.8	NonTarget	1	336186
1681.01	0.8	NonTarget	1	336202
1681.095	0.8	NonTarget	1	336219
1681.18	0.8	NonTarget	1	336236
1681.26	0.8	NonTarget	1	336252
1681.345	0.8	NonTarget	1	336269
1681.43	0.8	NonTarget	1	336286
1681.51	0.8	NonTarget	1	336302
1681.595	0.8	NonTarget	1	336319
1681.68	0.8	NonTarget	1	336336
1681.76	0.8	NonTarget	1	336352
1681.845	0.8	NonTarget	1	336369
1681.93	0.8	NonTarget	1	336386
1682.01	0.8	NonTarget	1	336402
1682.095	0.8	NonTarget	1	336419
1682.18	0.8	NonTarget	1	336436
1691.295	0.8	NonTarget	1	338259
1691.375	0.8	NonTarget	1	338275
1691.46	0.8	NonTarget	1	338292
1691.54	0.8	NonTarget	1	338308
1691.625	0.8	NonTarget	1	338325
1691.71	0.8	NonTarget	1	338342
1691.79	0.8	NonTarget	1	338358
1691.875	0.8	NonTarget	1	338375
1691.96	0.8	NonTarget	1	338392
1692.04	0.8	NonTarget	1	338408
1692.125	0.8	NonTarget	1	338425
1692.21	0.8	NonTarget	1	338442
1692.295	0.8	Target	2	338459
1692.375	0.8	NonTarget	1	338475
1692.46	0.8	NonTarget	1	338492
1692.545	0.8	NonTarget	1	338509
1692.625	0.8	NonTarget	1	338525
1692.71	0.8	NonTarget	1	338542
1692.795	0.8	NonTarget	1	338559
1692.875	0.8	NonTarget	1	338575
1692.96	0.8	NonTarget	1	338592
1693.045	0.8	NonTarget	1	338609
1693.13	0.8	NonTarget	1	338626
1693.21	0.8	NonTarget	1	338642
1693.295	0.8	NonTarget	1	338659
1693.38	0.8	NonTarget	1	338676
1693.46	0.8	NonTarget	1	338692
1693.545	0.8	NonTarget	1	338709
1693.63	0.8	NonTarget	1	338726
1693.715	0.8	NonTarget	1	338743
1694.11	0.8	NonTarget	1	338822
1694.195	0.8	NonTarget	1	338839
1694.28	0.8	NonTarget	1	338856
1694.36	0.8	NonTarget	1	338872
1694.445	0.8	NonTarget	1	338889
1694.53	0.8	NonTarget	1	338906
1694.61	0.8	NonTarget	1	338922
1694.695	0.8	Target	2	338939
1694.78	0.8	NonTarget	1	338956
1694.865	0.8	NonTarget	1	338973
1694.945	0.8	NonTarget	1	338989
1695.03	0.8	NonTarget	1	339006
1695.11	0.8	NonTarget	1	339022
1695.2	0.8	NonTarget	1	339040
1695.28	0.8	NonTarget	1	339056
1695.365	0.8	NonTarget	1	339073
1695.445	0.8	NonTarget	1	339089
1695.53	0.8	NonTarget	1	339106
1695.615	0.8	NonTarget	1	339123
1695.7	0.8	NonTarget	1	339140
1695.78	0.8	NonTarget	1	339156
1695.865	0.8	NonTarget	1	339173
1695.95	0.8	NonTarget	1	339190
1696.03	0.8	NonTarget	1	339206
1696.115	0.8	NonTarget	1	339223
1696.2	0.8	NonTarget	1	339240
1696.28	0.8	NonTarget	1	339256
1696.365	0.8	NonTarget	1	339273
1696.45	0.8	NonTarget	1	339290
1696.535	0.8	NonTarget	1	339307
1696.93	0.8	NonTarget	1	339386
1697.015	0.8	NonTarget	1	339403
1697.1	0.8	Target	2	339420
1697.185	0.8	NonTarget	1	339437
1697.265	0.8	NonTarget	1	339453
1697.35	0.8	NonTarget	1	339470
1697.435	0.8	NonTarget	1	339487
1697.515	0.8	NonTarget	1	339503
1697.6	0.8	NonTarget	1	339520
1697.685	0.8	NonTarget	1	339537
1697.765	0.8	NonTarget	1	339553
1697.85	0.8	NonTarget	1	339570
1697.935	0.8	NonTarget	1	339587
1698.02	0.8	NonTarget	1	339604
1698.1	0.8	NonTarget	1	339620
1698.185	0.8	NonTarget	1	339637
1698.27	0.8	NonTarget	1	339654
1698.35	0.8	NonTarget	1	339670
1698.435	0.8	NonTarget	1	339687
1698.52	0.8	NonTarget	1	339704
1698.6	0.8	NonTarget	1	339720
1698.685	0.8	NonTarget	1	339737
1698.77	0.8	NonTarget	1	339754
1698.855	0.8	NonTarget	1	339771
1698.935	0.8	NonTarget	1	339787
1699.02	0.8	NonTarget	1	339804
1699.105	0.8	NonTarget	1	339821
1699.185	0.8	NonTarget	1	339837
1699.27	0.8	NonTarget	1	339854
1699.35	0.8	NonTarget	1	339870
1699.755	0.8	NonTarget	1	339951
1699.835	0.8	NonTarget	1	339967
1699.92	0.8	NonTarget	1	339984
1700.005	0.8	NonTarget	1	340001
1700.085	0.8	NonTarget	1	340017
1700.17	0.8	NonTarget	1	340034
1700.255	0.8	NonTarget	1	340051
1700.34	0.8	NonTarget	1	340068
1700.42	0.8	NonTarget	1	340084
1700.505	0.8	NonTarget	1	340101
1700.59	0.8	NonTarget	1	340118
1700.67	0.8	NonTarget	1	340134
1700.755	0.8	NonTarget	1	340151
1700.84	0.8	NonTarget	1	340168
1700.92	0.8	NonTarget	1	340184
1701.005	0.8	NonTarget	1	340201
1701.09	0.8	NonTarget	1	340218
1701.17	0.8	NonTarget	1	340234
1701.255	0.8	NonTarget	1	340251
1701.34	0.8	NonTarget	1	340268
1701.42	0.8	NonTarget	1	340284
1701.505	0.8	NonTarget	1	340301
1701.59	0.8	NonTarget	1	340318
1701.675	0.8	NonTarget	1	340335
1701.755	0.8	NonTarget	1	340351
1701.84	0.8	NonTarget	1	340368
1701.925	0.8	NonTarget	1	340385
1702.005	0.8	Target	2	340401
1702.09	0.8	NonTarget	1	340418
1702.175	0.8	NonTarget	1	340435
1702.575	0.8	NonTarget	1	340515
1702.655	0.8	NonTarget	1	340531
1702.74	0.8	NonTarget	1	340548
1702.825	0.8	NonTarget	1	340565
1702.905	0.8	NonTarget	1	340581
1702.99	0.8	NonTarget	1	340598
1703.075	0.8	NonTarget	1	340615
1703.16	0.8	NonTarget	1	340632
1703.24	0.8	NonTarget	1	340648
1703.325	0.8	NonTarget	1	340665
1703.41	0.8	NonTarget	1	340682
1703.49	0.8	NonTarget	1	340698
1703.575	0.8	NonTarget	1	340715
1703.66	0.8	NonTarget	1	340732
1703.74	0.8	NonTarget	1	340748
1703.825	0.8	NonTarget	1	340765
1703.91	0.8	NonTarget	1	340782
1703.995	0.8	NonTarget	1	340799
1704.075	0.8	NonTarget	1	340815
1704.16	0.8	NonTarget	1	340832
1704.24	0.8	NonTarget	1	340848
1704.325	0.8	NonTarget	1	340865
1704.41	0.8	Target	2	340882
1704.495	0.8	NonTarget	1	340899
1704.58	0.8	NonTarget	1	340916
1704.66	0.8	NonTarget	1	340932
1704.745	0.8	NonTarget	1	340949
1704.825	0.8	NonTarget	1	340965
1704.91	0.8	NonTarget	1	340982
1704.995	0.8	NonTarget	1	340999
1705.395	0.8	NonTarget	1	341079
1705.48	0.8	NonTarget	1	341096
1705.565	0.8	NonTarget	1	341113
1705.645	0.8	NonTarget	1	341129
1705.73	0.8	NonTarget	1	341146
1705.815	0.8	NonTarget	1	341163
1705.895	0.8	NonTarget	1	341179
1705.98	0.8	NonTarget	1	341196
1706.065	0.8	NonTarget	1	341213
1706.145	0.8	NonTarget	1	341229
1706.23	0.8	NonTarget	1	341246
1706.315	0.8	NonTarget	1	341263
1706.395	0.8	NonTarget	1	341279
1706.48	0.8	NonTarget	1	341296
1706.565	0.8	NonTarget	1	341313
1706.65	0.8	NonTarget	1	341330
1706.73	0.8	NonTarget	1	341346
1706.815	0.8	NonTarget	1	341363
1706.895	0.8	NonTarget	1	341379
1706.98	0.8	NonTarget	1	341396
1707.065	0.8	NonTarget	1	341413
1707.15	0.8	NonTarget	1	341430
1707.23	0.8	NonTarget	1	341446
1707.315	0.8	NonTarget	1	341463
1707.4	0.8	NonTarget	1	341480
1707.48	0.8	NonTarget	1	341496
1707.565	0.8	NonTarget	1	341513
1707.65	0.8	Target	2	341530
1707.73	0.8	NonTarget	1	341546
1707.815	0.8	NonTarget	1	341563
1708.215	0.8	NonTarget	1	341643
1708.3	0.8	NonTarget	1	341660
1708.385	0.8	NonTarget	1	341677
1708.465	0.8	NonTarget	1	341693
1708.55	0.8	NonTarget	1	341710
1708.63	0.8	NonTarget	1	341726
1708.715	0.8	NonTarget	1	341743
1708.8	0.8	NonTarget	1	341760
1708.885	0.8	NonTarget	1	341777
1708.965	0.8	NonTarget	1	341793
1709.05	0.8	NonTarget	1	341810
1709.135	0.8	NonTarget	1	341827
1709.22	0.8	NonTarget	1	341844
1709.3	0.8	NonTarget	1	341860
1709.385	0.8	NonTarget	1	341877
1709.465	0.8	NonTarget	1	341893
1709.55	0.8	NonTarget	1	341910
1709.635	0.8	NonTarget	1	341927
1709.72	0.8	NonTarget	1	341944
1709.8	0.8	NonTarget	1	341960
1709.885	0.8	NonTarget	1	341977
1709.965	0.8	NonTarget	1	341993
1710.05	0.8	NonTarget	1	342010
1710.135	0.8	NonTarget	1	342027
1710.22	0.8	NonTarget	1	342044
1710.305	0.8	NonTarget	1	342061
1710.385	0.8	NonTarget	1	342077
1710.47	0.8	Target	2	342094
1710.555	0.8	NonTarget	1	342111
1710.64	0.8	NonTarget	1	342128
1711.035	0.8	NonTarget	1	342207
1711.12	0.8	NonTarget	1	342224
1711.205	0.8	NonTarget	1	342241
1711.285	0.8	NonTarget	1	342257
1711.37	0.8	NonTarget	1	342274
1711.455	0.8	NonTarget	1	342291
1711.535	0.8	NonTarget	1	342307
1711.62	0.8	Target	2	342324
1711.705	0.8	NonTarget	1	342341
1711.79	0.8	NonTarget	1	342358
1711.87	0.8	NonTarget	1	342374
1711.955	0.8	NonTarget	1	342391
1712.035	0.8	NonTarget	1	342407
1712.12	0.8	NonTarget	1	342424
1712.205	0.8	NonTarget	1	342441
1712.285	0.8	NonTarget	1	342457
1712.37	0.8	NonTarget	1	342474
1712.455	0.8	NonTarget	1	342491
1712.54	0.8	NonTarget	1	342508
1712.625	0.8	NonTarget	1	342525
1712.705	0.8	NonTarget	1	342541
1712.79	0.8	NonTarget	1	342558
1712.875	0.8	NonTarget	1	342575
1712.955	0.8	NonTarget	1	342591
1713.04	0.8	NonTarget	1	342608
1713.125	0.8	NonTarget	1	342625
1713.205	0.8	NonTarget	1	342641
1713.29	0.8	NonTarget	1	342658
1713.375	0.8	NonTarget	1	342675
1713.46	0.8	NonTarget	1	342692
1713.855	0.8	NonTarget	1	342771
1713.94	0.8	NonTarget	1	342788
1714.025	0.8	NonTarget	1	342805
1714.11	0.8	NonTarget	1	342822
1714.19	0.8	NonTarget	1	342838
1714.275	0.8	NonTarget	1	342855
1714.36	0.8	NonTarget	1	342872
1714.44	0.8	NonTarget	1	342888
1714.525	0.8	NonTarget	1	342905
1714.61	0.8	NonTarget	1	342922
1714.69	0.8	NonTarget	1	342938
1714.775	0.8	NonTarget	1	342955
1714.86	0.8	Target	2	342972
1714.945	0.8	NonTarget	1	342989
1715.025	0.8	NonTarget	1	343005
1715.11	0.8	NonTarget	1	343022
1715.19	0.8	NonTarget	1	343038
1715.275	0.8	NonTarget	1	343055
1715.36	0.8	NonTarget	1	343072
1715.445	0.8	NonTarget	1	343089
1715.525	0.8	NonTarget	1	343105
1715.61	0.8	NonTarget	1	343122
1715.695	0.8	NonTarget	1	343139
1715.775	0.8	NonTarget	1	343155
1715.86	0.8	NonTarget	1	343172
1715.945	0.8	NonTarget	1	343189
1716.025	0.8	NonTarget	1	343205
1716.11	0.8	NonTarget	1	343222
1716.195	0.8	NonTarget	1	343239
1716.275	0.8	NonTarget	1	343255
1716.68	0.8	NonTarget	1	343336
1716.76	0.8	NonTarget	1	343352
1716.845	0.8	NonTarget	1	343369
1716.93	0.8	NonTarget	1	343386
1717.01	0.8	NonTarget	1	343402
1717.095	0.8	NonTarget	1	343419
1717.18	0.8	NonTarget	1	343436
1717.26	0.8	Target	2	343452
1717.345	0.8	NonTarget	1	343469
1717.43	0.8	NonTarget	1	343486
1717.515	0.8	NonTarget	1	343503
1717.595	0.8	NonTarget	1	343519
1717.68	0.8	NonTarget	1	343536
1717.76	0.8	NonTarget	1	343552
1717.845	0.8	NonTarget	1	343569
1717.93	0.8	NonTarget	1	343586
1718.015	0.8	NonTarget	1	343603
1718.095	0.8	NonTarget	1	343619
1718.18	0.8	NonTarget	1	343636
1718.265	0.8	NonTarget	1	343653
1718.345	0.8	NonTarget	1	343669
1718.43	0.8	NonTarget	1	343686
1718.51	0.8	NonTarget	1	343702
1718.6	0.8	NonTarget	1	343720
1718.68	0.8	NonTarget	1	343736
1718.765	0.8	NonTarget	1	343753
1718.845	0.8	NonTarget	1	343769
1718.93	0.8	NonTarget	1	343786
1719.015	0.8	NonTarget	1	343803
1719.1	0.8	NonTarget	1	343820
1728.215	0.8	NonTarget	1	345643
1728.295	0.8	NonTarget	1	345659
1728.38	0.8	NonTarget	1	345676
1728.46	0.8	NonTarget	1	345692
1728.545	0.8	NonTarget	1	345709
1728.63	0.8	NonTarget	1	345726
1728.71	0.8	NonTarget	1	345742
1728.795	0.8	NonTarget	1	345759
1728.88	0.8	NonTarget	1	345776
1728.96	0.8	NonTarget	1	345792
1729.045	0.8	NonTarget	1	345809
1729.13	0.8	NonTarget	1	345826
1729.21	0.8	NonTarget	1	345842
1729.295	0.8	NonTarget	1	345859
1729.38	0.8	NonTarget	1	345876
1729.465	0.8	NonTarget	1	345893
1729.545	0.8	NonTarget	1	345909
1729.63	0.8	NonTarget	1	345926
1729.715	0.8	NonTarget	1	345943
1729.795	0.8	NonTarget	1	345959
1729.88	0.8	NonTarget	1	345976
1729.965	0.8	NonTarget	1	345993
1730.045	0.8	NonTarget	1	346009
1730.13	0.8	NonTarget	1	346026
1730.215	0.8	NonTarget	1	346043
1730.295	0.8	NonTarget	1	346059
1730.38	0.8	NonTarget	1	346076
1730.465	0.8	NonTarget	1	346093
1730.55	0.8	NonTarget	1	346110
1730.63	0.8	Target	2	346126
1731.03	0.8	NonTarget	1	346206
1731.115	0.8	NonTarget	1	346223
1731.2	0.8	NonTarget	1	346240
1731.28	0.8	NonTarget	1	346256
1731.365	0.8	NonTarget	1	346273
1731.45	0.8	NonTarget	1	346290
1731.53	0.8	NonTarget	1	346306
1731.615	0.8	NonTarget	1	346323
1731.7	0.8	NonTarget	1	346340
1731.785	0.8	Target	2	346357
1731.865	0.8	NonTarget	1	346373
1731.95	0.8	NonTarget	1	346390
1732.03	0.8	NonTarget	1	346406
1732.115	0.8	NonTarget	1	346423
1732.2	0.8	NonTarget	1	346440
1732.285	0.8	NonTarget	1	346457
1732.365	0.8	NonTarget	1	346473
1732.45	0.8	NonTarget	1	346490
1732.535	0.8	NonTarget	1	346507
1732.62	0.8	NonTarget	1	346524
1732.7	0.8	NonTarget	1	346540
1732.785	0.8	NonTarget	1	346557
1732.865	0.8	NonTarget	1	346573
1732.95	0.8	NonTarget	1	346590
1733.035	0.8	NonTarget	1	346607
1733.115	0.8	NonTarget	1	346623
1733.2	0.8	NonTarget	1	346640
1733.285	0.8	NonTarget	1	346657
1733.37	0.8	NonTarget	1	346674
1733.45	0.8	NonTarget	1	346690
1733.85	0.8	NonTarget	1	346770
1733.935	0.8	NonTarget	1	346787
1734.02	0.8	NonTarget	1	346804
1734.105	0.8	NonTarget	1	346821
1734.185	0.8	NonTarget	1	346837
1734.27	0.8	NonTarget	1	346854
1734.355	0.8	NonTarget	1	346871
1734.435	0.8	NonTarget	1	346887
1734.52	0.8	NonTarget	1	346904
1734.605	0.8	NonTarget	1	346921
1734.685	0.8	NonTarget	1	346937
1734.77	0.8	NonTarget	1	346954
1734.855	0.8	NonTarget	1	346971
1734.94	0.8	NonTarget	1	346988
1735.02	0.8	NonTarget	1	347004
1735.105	0.8	NonTarget	1	347021
1735.19	0.8	NonTarget	1	347038
1735.27	0.8	NonTarget	1	347054
1735.355	0.8	NonTarget	1	347071
1735.435	0.8	NonTarget	1	347087
1735.52	0.8	NonTarget	1	347104
1735.605	0.8	NonTarget	1	347121
1735.685	0.8	NonTarget	1	347137
1735.77	0.8	NonTarget	1	347154
1735.855	0.8	Target	2	347171
1735.94	0.8	NonTarget	1	347188
1736.02	0.8	NonTarget	1	347204
1736.105	0.8	NonTarget	1	347221
1736.19	0.8	NonTarget	1	347238
1736.275	0.8	NonTarget	1	347255
1736.675	0.8	NonTarget	1	347335
1736.755	0.8	NonTarget	1	347351
1736.84	0.8	NonTarget	1	347368
1736.925	0.8	NonTarget	1	347385
1737.005	0.8	NonTarget	1	347401
1737.09	0.8	NonTarget	1	347418
1737.175	0.8	NonTarget	1	347435
1737.255	0.8	NonTarget	1	347451
1737.34	0.8	NonTarget	1	347468
1737.425	0.8	NonTarget	1	347485
1737.505	0.8	NonTarget	1	347501
1737.59	0.8	NonTarget	1	347518
1737.675	0.8	NonTarget	1	347535
1737.755	0.8	NonTarget	1	347551
1737.84	0.8	NonTarget	1	347568
1737.925	0.8	NonTarget	1	347585
1738.005	0.8	NonTarget	1	347601
1738.09	0.8	NonTarget	1	347618
1738.175	0.8	NonTarget	1	347635
1738.26	0.8	NonTarget	1	347652
1738.34	0.8	NonTarget	1	347668
1738.425	0.8	NonTarget	1	347685
1738.51	0.8	NonTarget	1	347702
1738.59	0.8	NonTarget	1	347718
1738.675	0.8	NonTarget	1	347735
1738.76	0.8	NonTarget	1	347752
1738.845	0.8	NonTarget	1	347769
1738.925	0.8	NonTarget	1	347785
1739.01	0.8	NonTarget	1	347802
1739.095	0.8	Target	2	347819
1739.495	0.8	NonTarget	1	347899
1739.575	0.8	NonTarget	1	347915
1739.66	0.8	NonTarget	1	347932
1739.745	0.8	NonTarget	1	347949
1739.825	0.8	NonTarget	1	347965
1739.91	0.8	NonTarget	1	347982
1739.995	0.8	NonTarget	1	347999
1740.08	0.8	NonTarget	1	348016
1740.16	0.8	NonTarget	1	348032
1740.245	0.8	NonTarget	1	348049
1740.33	0.8	NonTarget	1	348066
1740.41	0.8	NonTarget	1	348082
1740.495	0.8	NonTarget	1	348099
1740.58	0.8	NonTarget	1	348116
1740.665	0.8	Target	2	348133
1740.745	0.8	NonTarget	1	348149
1740.83	0.8	NonTarget	1	348166
1740.915	0.8	NonTarget	1	348183
1740.995	0.8	NonTarget	1	348199
1741.075	0.8	NonTarget	1	348215
1741.16	0.8	NonTarget	1	348232
1741.245	0.8	NonTarget	1	348249
1741.33	0.8	NonTarget	1	348266
1741.415	0.8	NonTarget	1	348283
1741.495	0.8	NonTarget	1	348299
1741.58	0.8	NonTarget	1	348316
1741.665	0.8	NonTarget	1	348333
1741.745	0.8	NonTarget	1	348349
1741.83	0.8	NonTarget	1	348366
1741.915	0.8	NonTarget	1	348383
1742.315	0.8	NonTarget	1	348463
1742.395	0.8	NonTarget	1	348479
1742.48	0.8	NonTarget	1	348496
1742.565	0.8	NonTarget	1	348513
1742.65	0.8	NonTarget	1	348530
1742.735	0.8	NonTarget	1	348547
1742.815	0.8	NonTarget	1	348563
1742.895	0.8	NonTarget	1	348579
1742.98	0.8	NonTarget	1	348596
1743.065	0.8	NonTarget	1	348613
1743.15	0.8	NonTarget	1	348630
1743.23	0.8	NonTarget	1	348646
1743.315	0.8	NonTarget	1	348663
1743.4	0.8	NonTarget	1	348680
1743.48	0.8	NonTarget	1	348696
1743.565	0.8	NonTarget	1	348713
1743.65	0.8	NonTarget	1	348730
1743.735	0.8	NonTarget	1	348747
1743.815	0.8	NonTarget	1	348763
1743.9	0.8	Target	2	348780
1743.98	0.8	NonTarget	1	348796
1744.065	0.8	NonTarget	1	348813
1744.15	0.8	NonTarget	1	348830
1744.235	0.8	NonTarget	1	348847
1744.315	0.8	NonTarget	1	348863
1744.4	0.8	NonTarget	1	348880
1744.485	0.8	NonTarget	1	348897
1744.57	0.8	NonTarget	1	348914
1744.65	0.8	NonTarget	1	348930
1744.735	0.8	NonTarget	1	348947
1745.135	0.8	NonTarget	1	349027
1745.22	0.8	NonTarget	1	349044
1745.3	0.8	NonTarget	1	349060
1745.385	0.8	NonTarget	1	349077
1745.47	0.8	NonTarget	1	349094
1745.555	0.8	NonTarget	1	349111
1745.635	0.8	NonTarget	1	349127
1745.72	0.8	NonTarget	1	349144
1745.805	0.8	NonTarget	1	349161
1745.885	0.8	NonTarget	1	349177
1745.97	0.8	NonTarget	1	349194
1746.05	0.8	NonTarget	1	349210
1746.135	0.8	NonTarget	1	349227
1746.22	0.8	NonTarget	1	349244
1746.305	0.8	NonTarget	1	349261
1746.385	0.8	NonTarget	1	349277
1746.47	0.8	NonTarget	1	349294
1746.555	0.8	NonTarget	1	349311
1746.635	0.8	NonTarget	1	349327
1746.72	0.8	NonTarget	1	349344
1746.805	0.8	NonTarget	1	349361
1746.885	0.8	NonTarget	1	349377
1746.97	0.8	NonTarget	1	349394
1747.055	0.8	NonTarget	1	349411
1747.135	0.8	NonTarget	1	349427
1747.22	0.8	NonTarget	1	349444
1747.305	0.8	NonTarget	1	349461
1747.385	0.8	NonTarget	1	349477
1747.47	0.8	NonTarget	1	349494
1747.555	0.8	Target	2	349511
1747.955	0.8	NonTarget	1	349591
1748.04	0.8	NonTarget	1	349608
1748.12	0.8	NonTarget	1	349624
1748.205	0.8	NonTarget	1	349641
1748.29	0.8	NonTarget	1	349658
1748.37	0.8	NonTarget	1	349674
1748.455	0.8	NonTarget	1	349691
1748.54	0.8	NonTarget	1	349708
1748.625	0.8	NonTarget	1	349725
1748.705	0.8	NonTarget	1	349741
1748.79	0.8	NonTarget	1	349758
1748.875	0.8	NonTarget	1	349775
1748.955	0.8	NonTarget	1	349791
1749.04	0.8	NonTarget	1	349808
1749.125	0.8	Target	2	349825
1749.21	0.8	NonTarget	1	349842
1749.29	0.8	NonTarget	1	349858
1749.375	0.8	NonTarget	1	349875
1749.46	0.8	NonTarget	1	349892
1749.54	0.8	NonTarget	1	349908
1749.625	0.8	NonTarget	1	349925
1749.71	0.8	NonTarget	1	349942
1749.79	0.8	NonTarget	1	349958
1749.875	0.8	NonTarget	1	349975
1749.96	0.8	NonTarget	1	349992
1750.04	0.8	NonTarget	1	350008
1750.125	0.8	NonTarget	1	350025
1750.21	0.8	NonTarget	1	350042
1750.29	0.8	NonTarget	1	350058
1750.375	0.8	NonTarget	1	350075
1750.775	0.8	NonTarget	1	350155
1750.86	0.8	NonTarget	1	350172
1750.945	0.8	NonTarget	1	350189
1751.025	0.8	NonTarget	1	350205
1751.11	0.8	NonTarget	1	350222
1751.195	0.8	NonTarget	1	350239
1751.275	0.8	NonTarget	1	350255
1751.36	0.8	NonTarget	1	350272
1751.445	0.8	NonTarget	1	350289
1751.525	0.8	NonTarget	1	350305
1751.61	0.8	NonTarget	1	350322
1751.695	0.8	NonTarget	1	350339
1751.78	0.8	NonTarget	1	350356
1751.865	0.8	NonTarget	1	350373
1751.945	0.8	NonTarget	1	350389
1752.03	0.8	NonTarget	1	350406
1752.11	0.8	NonTarget	1	350422
1752.195	0.8	NonTarget	1	350439
1752.28	0.8	NonTarget	1	350456
1752.36	0.8	Target	2	350472
1752.445	0.8	NonTarget	1	350489
1752.53	0.8	NonTarget	1	350506
1752.61	0.8	NonTarget	1	350522
1752.695	0.8	NonTarget	1	350539
1752.78	0.8	NonTarget	1	350556
1752.865	0.8	NonTarget	1	350573
1752.945	0.8	NonTarget	1	350589
1753.03	0.8	NonTarget	1	350606
1753.11	0.8	NonTarget	1	350622
1753.2	0.8	NonTarget	1	350640
1753.595	0.8	NonTarget	1	350719
1753.68	0.8	NonTarget	1	350736
1753.765	0.8	NonTarget	1	350753
1753.85	0.8	NonTarget	1	350770
1753.93	0.8	Target	2	350786
1754.015	0.8	NonTarget	1	350803
1754.1	0.8	NonTarget	1	350820
1754.185	0.8	NonTarget	1	350837
1754.265	0.8	NonTarget	1	350853
1754.35	0.8	NonTarget	1	350870
1754.435	0.8	NonTarget	1	350887
1754.515	0.8	NonTarget	1	350903
1754.6	0.8	NonTarget	1	350920
1754.68	0.8	NonTarget	1	350936
1754.765	0.8	NonTarget	1	350953
1754.85	0.8	NonTarget	1	350970
1754.93	0.8	NonTarget	1	350986
1755.015	0.8	NonTarget	1	351003
1755.1	0.8	NonTarget	1	351020
1755.18	0.8	NonTarget	1	351036
1755.265	0.8	NonTarget	1	351053
1755.35	0.8	NonTarget	1	351070
1755.43	0.8	NonTarget	1	351086
1755.515	0.8	NonTarget	1	351103
1755.6	0.8	NonTarget	1	351120
1755.68	0.8	NonTarget	1	351136
1755.765	0.8	NonTarget	1	351153
1755.85	0.8	NonTarget	1	351170
1755.935	0.8	NonTarget	1	351187
1756.015	0.8	NonTarget	1	351203
1765.12	0.8	NonTarget	1	353024
1765.2	0.8	NonTarget	1	353040
1765.28	0.8	NonTarget	1	353056
1765.365	0.8	NonTarget	1	353073
1765.445	0.8	NonTarget	1	353089
1765.53	0.8	NonTarget	1	353106
1765.615	0.8	NonTarget	1	353123
1765.695	0.8	Target	2	353139
1765.78	0.8	NonTarget	1	353156
1765.865	0.8	NonTarget	1	353173
1765.95	0.8	NonTarget	1	353190
1766.03	0.8	NonTarget	1	353206
1766.115	0.8	NonTarget	1	353223
1766.2	0.8	NonTarget	1	353240
1766.28	0.8	NonTarget	1	353256
1766.365	0.8	NonTarget	1	353273
1766.45	0.8	NonTarget	1	353290
1766.53	0.8	NonTarget	1	353306
1766.615	0.8	NonTarget	1	353323
1766.7	0.8	NonTarget	1	353340
1766.78	0.8	NonTarget	1	353356
1766.865	0.8	NonTarget	1	353373
1766.95	0.8	NonTarget	1	353390
1767.035	0.8	NonTarget	1	353407
1767.115	0.8	NonTarget	1	353423
1767.2	0.8	NonTarget	1	353440
1767.28	0.8	NonTarget	1	353456
1767.365	0.8	NonTarget	1	353473
1767.45	0.8	NonTarget	1	353490
1767.53	0.8	NonTarget	1	353506
1767.935	0.8	NonTarget	1	353587
1768.015	0.8	NonTarget	1	353603
1768.1	0.8	Target	2	353620
1768.185	0.8	NonTarget	1	353637
1768.27	0.8	NonTarget	1	353654
1768.35	0.8	NonTarget	1	353670
1768.435	0.8	NonTarget	1	353687
1768.515	0.8	NonTarget	1	353703
1768.6	0.8	NonTarget	1	353720
1768.685	0.8	NonTarget	1	353737
1768.77	0.8	NonTarget	1	353754
1768.85	0.8	NonTarget	1	353770
1768.935	0.8	NonTarget	1	353787
1769.02	0.8	NonTarget	1	353804
1769.1	0.8	NonTarget	1	353820
1769.185	0.8	NonTarget	1	353837
1769.27	0.8	NonTarget	1	353854
1769.35	0.8	NonTarget	1	353870
1769.435	0.8	NonTarget	1	353887
1769.52	0.8	NonTarget	1	353904
1769.6	0.8	NonTarget	1	353920
1769.685	0.8	NonTarget	1	353937
1769.77	0.8	NonTarget	1	353954
1769.85	0.8	NonTarget	1	353970
1769.935	0.8	NonTarget	1	353987
1770.02	0.8	NonTarget	1	354004
1770.105	0.8	NonTarget	1	354021
1770.185	0.8	NonTarget	1	354037
1770.27	0.8	NonTarget	1	354054
1770.355	0.8	NonTarget	1	354071
1770.75	0.8	NonTarget	1	354150
1770.84	0.8	NonTarget	1	354168
1770.92	0.8	NonTarget	1	354184
1771.005	0.8	NonTarget	1	354201
1771.085	0.8	NonTarget	1	354217
1771.17	0.8	NonTarget	1	354234
1771.255	0.8	NonTarget	1	354251
1771.34	0.8	NonTarget	1	354268
1771.42	0.8	NonTarget	1	354284
1771.505	0.8	NonTarget	1	354301
1771.59	0.8	NonTarget	1	354318
1771.67	0.8	NonTarget	1	354334
1771.755	0.8	Target	2	354351
1771.84	0.8	NonTarget	1	354368
1771.92	0.8	NonTarget	1	354384
1772.005	0.8	NonTarget	1	354401
1772.09	0.8	NonTarget	1	354418
1772.17	0.8	NonTarget	1	354434
1772.255	0.8	NonTarget	1	354451
1772.34	0.8	NonTarget	1	354468
1772.425	0.8	NonTarget	1	354485
1772.505	0.8	NonTarget	1	354501
1772.59	0.8	NonTarget	1	354518
1772.675	0.8	NonTarget	1	354535
1772.755	0.8	NonTarget	1	354551
1772.84	0.8	NonTarget	1	354568
1772.925	0.8	NonTarget	1	354585
1773.005	0.8	NonTarget	1	354601
1773.09	0.8	NonTarget	1	354618
1773.175	0.8	NonTarget	1	354635
1773.575	0.8	NonTarget	1	354715
1773.655	0.8	NonTarget	1	354731
1773.74	0.8	NonTarget	1	354748
1773.825	0.8	NonTarget	1	354765
1773.91	0.8	NonTarget	1	354782
1773.99	0.8	NonTarget	1	354798
1774.075	0.8	NonTarget	1	354815
1774.16	0.8	NonTarget	1	354832
1774.24	0.8	NonTarget	1	354848
1774.325	0.8	NonTarget	1	354865
1774.41	0.8	NonTarget	1	354882
1774.495	0.8	NonTarget	1	354899
1774.575	0.8	NonTarget	1	354915
1774.66	0.8	NonTarget	1	354932
1774.745	0.8	NonTarget	1	354949
1774.825	0.8	NonTarget	1	354965
1774.91	0.8	NonTarget	1	354982
1774.995	0.8	NonTarget	1	354999
1775.08	0.8	NonTarget	1	355016
1775.16	0.8	NonTarget	1	355032
1775.24	0.8	NonTarget	1	355048
1775.325	0.8	NonTarget	1	355065
1775.41	0.8	Target	2	355082
1775.495	0.8	NonTarget	1	355099
1775.575	0.8	NonTarget	1	355115
1775.66	0.8	NonTarget	1	355132
1775.745	0.8	NonTarget	1	355149
1775.83	0.8	NonTarget	1	355166
1775.91	0.8	NonTarget	1	355182
1775.995	0.8	NonTarget	1	355199
1776.395	0.8	NonTarget	1	355279
1776.48	0.8	NonTarget	1	355296
1776.56	0.8	NonTarget	1	355312
1776.645	0.8	NonTarget	1	355329
1776.73	0.8	NonTarget	1	355346
1776.81	0.8	NonTarget	1	355362
1776.895	0.8	NonTarget	1	355379
1776.98	0.8	NonTarget	1	355396
1777.065	0.8	NonTarget	1	355413
1777.145	0.8	NonTarget	1	355429
1777.23	0.8	NonTarget	1	355446
1777.315	0.8	NonTarget	1	355463
1777.395	0.8	NonTarget	1	355479
1777.48	0.8	NonTarget	1	355496
1777.565	0.8	NonTarget	1	355513
1777.645	0.8	NonTarget	1	355529
1777.73	0.8	NonTarget	1	355546
1777.815	0.8	NonTarget	1	355563
1777.9	0.8	NonTarget	1	355580
1777.98	0.8	NonTarget	1	355596
1778.065	0.8	NonTarget	1	355613
1778.15	0.8	NonTarget	1	355630
1778.23	0.8	NonTarget	1	355646
1778.315	0.8	NonTarget	1	355663
1778.395	0.8	NonTarget	1	355679
1778.48	0.8	NonTarget	1	355696
1778.565	0.8	NonTarget	1	355713
1778.645	0.8	Target	2	355729
1778.73	0.8	NonTarget	1	355746
1778.815	0.8	NonTarget	1	355763
1779.215	0.8	NonTarget	1	355843
1779.3	0.8	NonTarget	1	355860
1779.385	0.8	NonTarget	1	355877
1779.465	0.8	NonTarget	1	355893
1779.55	0.8	NonTarget	1	355910
1779.635	0.8	NonTarget	1	355927
1779.715	0.8	NonTarget	1	355943
1779.8	0.8	Target	2	355960
1779.885	0.8	NonTarget	1	355977
1779.965	0.8	NonTarget	1	355993
1780.05	0.8	NonTarget	1	356010
1780.135	0.8	NonTarget	1	356027
1780.215	0.8	NonTarget	1	356043
1780.3	0.8	NonTarget	1	356060
1780.385	0.8	NonTarget	1	356077
1780.47	0.8	NonTarget	1	356094
1780.55	0.8	NonTarget	1	356110
1780.635	0.8	NonTarget	1	356127
1780.715	0.8	NonTarget	1	356143
1780.805	0.8	NonTarget	1	356161
1780.885	0.8	NonTarget	1	356177
1780.97	0.8	NonTarget	1	356194
1781.05	0.8	NonTarget	1	356210
1781.135	0.8	NonTarget	1	356227
1781.22	0.8	NonTarget	1	356244
1781.305	0.8	NonTarget	1	356261
1781.385	0.8	NonTarget	1	356277
1781.47	0.8	NonTarget	1	356294
1781.55	0.8	NonTarget	1	356310
1781.635	0.8	NonTarget	1	356327
1782.035	0.8	NonTarget	1	356407
1782.12	0.8	NonTarget	1	356424
1782.205	0.8	NonTarget	1	356441
1782.285	0.8	NonTarget	1	356457
1782.37	0.8	NonTarget	1	356474
1782.455	0.8	NonTarget	1	356491
1782.535	0.8	NonTarget	1	356507
1782.62	0.8	NonTarget	1	356524
1782.705	0.8	NonTarget	1	356541
1782.79	0.8	NonTarget	1	356558
1782.87	0.8	NonTarget	1	356574
1782.955	0.8	NonTarget	1	356591
1783.035	0.8	Target	2	356607
1783.12	0.8	NonTarget	1	356624
1783.205	0.8	NonTarget	1	356641
1783.285	0.8	NonTarget	1	356657
1783.37	0.8	NonTarget	1	356674
1783.455	0.8	NonTarget	1	356691
1783.54	0.8	NonTarget	1	356708
1783.62	0.8	NonTarget	1	356724
1783.705	0.8	NonTarget	1	356741
1783.79	0.8	NonTarget	1	356758
1783.87	0.8	NonTarget	1	356774
1783.955	0.8	NonTarget	1	356791
1784.04	0.8	NonTarget	1	356808
1784.12	0.8	NonTarget	1	356824
1784.205	0.8	NonTarget	1	356841
1784.29	0.8	NonTarget	1	356858
1784.375	0.8	NonTarget	1	356875
1784.455	0.8	NonTarget	1	356891
1784.855	0.8	NonTarget	1	356971
1784.94	0.8	NonTarget	1	356988
1785.025	0.8	NonTarget	1	357005
1785.11	0.8	NonTarget	1	357022
1785.19	0.8	NonTarget	1	357038
1785.275	0.8	NonTarget	1	357055
1785.355	0.8	NonTarget	1	357071
1785.44	0.8	Target	2	357088
1785.525	0.8	NonTarget	1	357105
1785.61	0.8	NonTarget	1	357122
1785.69	0.8	NonTarget	1	357138
1785.775	0.8	NonTarget	1	357155
1785.86	0.8	NonTarget	1	357172
1785.945	0.8	NonTarget	1	357189
1786.025	0.8	NonTarget	1	357205
1786.11	0.8	NonTarget	1	357222
1786.19	0.8	NonTarget	1	357238
1786.275	0.8	NonTarget	1	357255
1786.36	0.8	NonTarget	1	357272
1786.44	0.8	NonTarget	1	357288
1786.525	0.8	NonTarget	1	357305
1786.61	0.8	NonTarget	1	357322
1786.695	0.8	NonTarget	1	357339
1786.775	0.8	NonTarget	1	357355
1786.86	0.8	NonTarget	1	357372
1786.945	0.8	NonTarget	1	357389
1787.025	0.8	NonTarget	1	357405
1787.11	0.8	NonTarget	1	357422
1787.195	0.8	NonTarget	1	357439
1787.275	0.8	NonTarget	1	357455
1787.675	0.8	NonTarget	1	357535
1787.76	0.8	NonTarget	1	357552
1787.845	0.8	NonTarget	1	357569
1787.93	0.8	NonTarget	1	357586
1788.01	0.8	NonTarget	1	357602
1788.095	0.8	NonTarget	1	357619
1788.18	0.8	NonTarget	1	357636
1788.26	0.8	NonTarget	1	357652
1788.345	0.8	NonTarget	1	357669
1788.43	0.8	NonTarget	1	357686
1788.51	0.8	NonTarget	1	357702
1788.595	0.8	NonTarget	1	357719
1788.68	0.8	NonTarget	1	357736
1788.76	0.8	NonTarget	1	357752
1788.845	0.8	NonTarget	1	357769
1788.93	0.8	NonTarget	1	357786
1789.015	0.8	NonTarget	1	357803
1789.095	0.8	NonTarget	1	357819
1789.18	0.8	NonTarget	1	357836
1789.265	0.8	NonTarget	1	357853
1789.345	0.8	NonTarget	1	357869
1789.43	0.8	NonTarget	1	357886
1789.515	0.8	NonTarget	1	357903
1789.595	0.8	NonTarget	1	357919
1789.68	0.8	NonTarget	1	357936
1789.765	0.8	NonTarget	1	357953
1789.845	0.8	NonTarget	1	357969
1789.93	0.8	Target	2	357986
1790.015	0.8	NonTarget	1	358003
1790.1	0.8	NonTarget	1	358020
1790.495	0.8	NonTarget	1	358099
1790.585	0.8	NonTarget	1	358117
1790.665	0.8	NonTarget	1	358133
1790.75	0.8	NonTarget	1	358150
1790.83	0.8	NonTarget	1	358166
1790.915	0.8	NonTarget	1	358183
1791.0	0.8	NonTarget	1	358200
1791.08	0.8	Target	2	358216
1791.165	0.8	NonTarget	1	358233
1791.25	0.8	NonTarget	1	358250
1791.335	0.8	NonTarget	1	358267
1791.415	0.8	NonTarget	1	358283
1791.5	0.8	NonTarget	1	358300
1791.585	0.8	NonTarget	1	358317
1791.665	0.8	NonTarget	1	358333
1791.75	0.8	NonTarget	1	358350
1791.835	0.8	NonTarget	1	358367
1791.915	0.8	NonTarget	1	358383
1792.0	0.8	NonTarget	1	358400
1792.085	0.8	NonTarget	1	358417
1792.17	0.8	NonTarget	1	358434
1792.25	0.8	NonTarget	1	358450
1792.335	0.8	NonTarget	1	358467
1792.42	0.8	NonTarget	1	358484
1792.5	0.8	NonTarget	1	358500
1792.585	0.8	NonTarget	1	358517
1792.67	0.8	NonTarget	1	358534
1792.75	0.8	NonTarget	1	358550
1792.835	0.8	NonTarget	1	358567
1792.915	0.8	NonTarget	1	358583
1802.02	0.8	NonTarget	1	360404
1802.1	0.8	NonTarget	1	360420
1802.185	0.8	NonTarget	1	360437
1802.265	0.8	NonTarget	1	360453
1802.35	0.8	NonTarget	1	360470
1802.43	0.8	Target	2	360486
1802.515	0.8	NonTarget	1	360503
1802.6	0.8	NonTarget	1	360520
1802.68	0.8	NonTarget	1	360536
1802.765	0.8	NonTarget	1	360553
1802.85	0.8	NonTarget	1	360570
1802.93	0.8	NonTarget	1	360586
1803.015	0.8	NonTarget	1	360603
1803.1	0.8	NonTarget	1	360620
1803.18	0.8	NonTarget	1	360636
1803.265	0.8	NonTarget	1	360653
1803.35	0.8	NonTarget	1	360670
1803.435	0.8	NonTarget	1	360687
1803.515	0.8	NonTarget	1	360703
1803.6	0.8	NonTarget	1	360720
1803.685	0.8	NonTarget	1	360737
1803.765	0.8	NonTarget	1	360753
1803.85	0.8	NonTarget	1	360770
1803.935	0.8	NonTarget	1	360787
1804.015	0.8	NonTarget	1	360803
1804.1	0.8	NonTarget	1	360820
1804.185	0.8	NonTarget	1	360837
1804.27	0.8	NonTarget	1	360854
1804.35	0.8	NonTarget	1	360870
1804.435	0.8	NonTarget	1	360887
1804.835	0.8	NonTarget	1	360967
1804.92	0.8	NonTarget	1	360984
1805.005	0.8	NonTarget	1	361001
1805.085	0.8	NonTarget	1	361017
1805.17	0.8	NonTarget	1	361034
1805.255	0.8	NonTarget	1	361051
1805.335	0.8	NonTarget	1	361067
1805.42	0.8	NonTarget	1	361084
1805.505	0.8	NonTarget	1	361101
1805.585	0.8	NonTarget	1	361117
1805.67	0.8	Target	2	361134
1805.755	0.8	NonTarget	1	361151
1805.84	0.8	NonTarget	1	361168
1805.92	0.8	NonTarget	1	361184
1806.005	0.8	NonTarget	1	361201
1806.085	0.8	NonTarget	1	361217
1806.17	0.8	NonTarget	1	361234
1806.255	0.8	NonTarget	1	361251
1806.335	0.8	NonTarget	1	361267
1806.42	0.8	NonTarget	1	361284
1806.505	0.8	NonTarget	1	361301
1806.59	0.8	NonTarget	1	361318
1806.67	0.8	NonTarget	1	361334
1806.755	0.8	NonTarget	1	361351
1806.84	0.8	NonTarget	1	361368
1806.92	0.8	NonTarget	1	361384
1807.005	0.8	NonTarget	1	361401
1807.09	0.8	NonTarget	1	361418
1807.17	0.8	NonTarget	1	361434
1807.255	0.8	NonTarget	1	361451
1807.655	0.8	NonTarget	1	361531
1807.74	0.8	NonTarget	1	361548
1807.82	0.8	NonTarget	1	361564
1807.905	0.8	NonTarget	1	361581
1807.99	0.8	NonTarget	1	361598
1808.075	0.8	NonTarget	1	361615
1808.155	0.8	NonTarget	1	361631
1808.24	0.8	NonTarget	1	361648
1808.325	0.8	NonTarget	1	361665
1808.405	0.8	NonTarget	1	361681
1808.49	0.8	NonTarget	1	361698
1808.575	0.8	NonTarget	1	361715
1808.655	0.8	NonTarget	1	361731
1808.74	0.8	NonTarget	1	361748
1808.825	0.8	NonTarget	1	361765
1808.91	0.8	NonTarget	1	361782
1808.99	0.8	NonTarget	1	361798
1809.075	0.8	NonTarget	1	361815
1809.16	0.8	NonTarget	1	361832
1809.24	0.8	NonTarget	1	361848
1809.325	0.8	NonTarget	1	361865
1809.41	0.8	NonTarget	1	361882
1809.49	0.8	NonTarget	1	361898
1809.575	0.8	NonTarget	1	361915
1809.66	0.8	NonTarget	1	361932
1809.745	0.8	Target	2	361949
1809.825	0.8	NonTarget	1	361965
1809.91	0.8	NonTarget	1	361982
1809.995	0.8	NonTarget	1	361999
1810.075	0.8	NonTarget	1	362015
1810.48	0.8	NonTarget	1	362096
1810.56	0.8	NonTarget	1	362112
1810.645	0.8	NonTarget	1	362129
1810.73	0.8	NonTarget	1	362146
1810.81	0.8	NonTarget	1	362162
1810.895	0.8	NonTarget	1	362179
1810.975	0.8	NonTarget	1	362195
1811.06	0.8	NonTarget	1	362212
1811.145	0.8	NonTarget	1	362229
1811.23	0.8	NonTarget	1	362246
1811.31	0.8	NonTarget	1	362262
1811.395	0.8	NonTarget	1	362279
1811.48	0.8	NonTarget	1	362296
1811.565	0.8	NonTarget	1	362313
1811.645	0.8	NonTarget	1	362329
1811.73	0.8	NonTarget	1	362346
1811.81	0.8	NonTarget	1	362362
1811.895	0.8	NonTarget	1	362379
1811.98	0.8	NonTarget	1	362396
1812.065	0.8	NonTarget	1	362413
1812.145	0.8	NonTarget	1	362429
1812.23	0.8	NonTarget	1	362446
1812.31	0.8	NonTarget	1	362462
1812.395	0.8	NonTarget	1	362479
1812.48	0.8	NonTarget	1	362496
1812.565	0.8	Target	2	362513
1812.645	0.8	NonTarget	1	362529
1812.73	0.8	NonTarget	1	362546
1812.815	0.8	NonTarget	1	362563
1812.895	0.8	NonTarget	1	362579
1813.295	0.8	NonTarget	1	362659
1813.38	0.8	NonTarget	1	362676
1813.465	0.8	NonTarget	1	362693
1813.55	0.8	NonTarget	1	362710
1813.63	0.8	NonTarget	1	362726
1813.715	0.8	NonTarget	1	362743
1813.8	0.8	NonTarget	1	362760
1813.88	0.8	NonTarget	1	362776
1813.965	0.8	NonTarget	1	362793
1814.045	0.8	NonTarget	1	362809
1814.13	0.8	NonTarget	1	362826
1814.215	0.8	NonTarget	1	362843
1814.3	0.8	NonTarget	1	362860
1814.385	0.8	NonTarget	1	362877
1814.465	0.8	NonTarget	1	362893
1814.55	0.8	NonTarget	1	362910
1814.63	0.8	NonTarget	1	362926
1814.715	0.8	NonTarget	1	362943
1814.8	0.8	NonTarget	1	362960
1814.885	0.8	NonTarget	1	362977
1814.97	0.8	NonTarget	1	362994
1815.05	0.8	NonTarget	1	363010
1815.135	0.8	NonTarget	1	363027
1815.22	0.8	NonTarget	1	363044
1815.3	0.8	NonTarget	1	363060
1815.385	0.8	Target	2	363077
1815.47	0.8	NonTarget	1	363094
1815.55	0.8	NonTarget	1	363110
1815.635	0.8	NonTarget	1	363127
1815.715	0.8	NonTarget	1	363143
1816.12	0.8	NonTarget	1	363224
1816.2	0.8	NonTarget	1	363240
1816.285	0.8	NonTarget	1	363257
1816.37	0.8	NonTarget	1	363274
1816.45	0.8	NonTarget	1	363290
1816.535	0.8	NonTarget	1	363307
1816.615	0.8	NonTarget	1	363323
1816.705	0.8	NonTarget	1	363341
1816.785	0.8	NonTarget	1	363357
1816.87	0.8	NonTarget	1	363374
1816.955	0.8	NonTarget	1	363391
1817.035	0.8	NonTarget	1	363407
1817.12	0.8	NonTarget	1	363424
1817.205	0.8	NonTarget	1	363441
1817.285	0.8	NonTarget	1	363457
1817.37	0.8	NonTarget	1	363474
1817.455	0.8	NonTarget	1	363491
1817.535	0.8	NonTarget	1	363507
1817.62	0.8	NonTarget	1	363524
1817.705	0.8	NonTarget	1	363541
1817.785	0.8	NonTarget	1	363557
1817.87	0.8	NonTarget	1	363574
1817.955	0.8	NonTarget	1	363591
1818.035	0.8	NonTarget	1	363607
1818.12	0.8	NonTarget	1	363624
1818.205	0.8	Target	2	363641
1818.285	0.8	NonTarget	1	363657
1818.37	0.8	NonTarget	1	363674
1818.455	0.8	NonTarget	1	363691
1818.54	0.8	NonTarget	1	363708
1818.94	0.8	NonTarget	1	363788
1819.025	0.8	NonTarget	1	363805
1819.105	0.8	NonTarget	1	363821
1819.19	0.8	NonTarget	1	363838
1819.27	0.8	NonTarget	1	363854
1819.355	0.8	Target	2	363871
1819.44	0.8	NonTarget	1	363888
1819.52	0.8	NonTarget	1	363904
1819.605	0.8	NonTarget	1	363921
1819.69	0.8	NonTarget	1	363938
1819.775	0.8	NonTarget	1	363955
1819.855	0.8	NonTarget	1	363971
1819.94	0.8	NonTarget	1	363988
1820.025	0.8	NonTarget	1	364005
1820.105	0.8	NonTarget	1	364021
1820.19	0.8	NonTarget	1	364038
1820.275	0.8	NonTarget	1	364055
1820.355	0.8	NonTarget	1	364071
1820.44	0.8	NonTarget	1	364088
1820.525	0.8	NonTarget	1	364105
1820.61	0.8	NonTarget	1	364122
1820.69	0.8	NonTarget	1	364138
1820.775	0.8	NonTarget	1	364155
1820.86	0.8	NonTarget	1	364172
1820.94	0.8	NonTarget	1	364188
1821.025	0.8	NonTarget	1	364205
1821.11	0.8	NonTarget	1	364222
1821.195	0.8	NonTarget	1	364239
1821.275	0.8	NonTarget	1	364255
1821.36	0.8	NonTarget	1	364272
1821.76	0.8	NonTarget	1	364352
1821.845	0.8	NonTarget	1	364369
1821.925	0.8	NonTarget	1	364385
1822.01	0.8	NonTarget	1	364402
1822.095	0.8	NonTarget	1	364419
1822.175	0.8	NonTarget	1	364435
1822.26	0.8	NonTarget	1	364452
1822.345	0.8	NonTarget	1	364469
1822.43	0.8	NonTarget	1	364486
1822.51	0.8	NonTarget	1	364502
1822.595	0.8	NonTarget	1	364519
1822.675	0.8	NonTarget	1	364535
1822.76	0.8	NonTarget	1	364552
1822.845	0.8	NonTarget	1	364569
1822.925	0.8	NonTarget	1	364585
1823.01	0.8	Target	2	364602
1823.095	0.8	NonTarget	1	364619
1823.18	0.8	NonTarget	1	364636
1823.26	0.8	NonTarget	1	364652
1823.345	0.8	NonTarget	1	364669
1823.43	0.8	NonTarget	1	364686
1823.51	0.8	NonTarget	1	364702
1823.595	0.8	NonTarget	1	364719
1823.68	0.8	NonTarget	1	364736
1823.76	0.8	NonTarget	1	364752
1823.845	0.8	NonTarget	1	364769
1823.93	0.8	NonTarget	1	364786
1824.01	0.8	NonTarget	1	364802
1824.095	0.8	NonTarget	1	364819
1824.18	0.8	NonTarget	1	364836
1824.58	0.8	NonTarget	1	364916
1824.665	0.8	NonTarget	1	364933
1824.75	0.8	NonTarget	1	364950
1824.83	0.8	NonTarget	1	364966
1824.915	0.8	NonTarget	1	364983
1824.995	0.8	NonTarget	1	364999
1825.08	0.8	NonTarget	1	365016
1825.165	0.8	NonTarget	1	365033
1825.25	0.8	NonTarget	1	365050
1825.33	0.8	NonTarget	1	365066
1825.415	0.8	NonTarget	1	365083
1825.5	0.8	NonTarget	1	365100
1825.58	0.8	NonTarget	1	365116
1825.665	0.8	NonTarget	1	365133
1825.75	0.8	NonTarget	1	365150
1825.835	0.8	NonTarget	1	365167
1825.915	0.8	NonTarget	1	365183
1826.0	0.8	NonTarget	1	365200
1826.085	0.8	NonTarget	1	365217
1826.165	0.8	NonTarget	1	365233
1826.25	0.8	NonTarget	1	365250
1826.335	0.8	NonTarget	1	365267
1826.415	0.8	NonTarget	1	365283
1826.5	0.8	NonTarget	1	365300
1826.585	0.8	NonTarget	1	365317
1826.665	0.8	Target	2	365333
1826.75	0.8	NonTarget	1	365350
1826.835	0.8	NonTarget	1	365367
1826.915	0.8	NonTarget	1	365383
1827.0	0.8	NonTarget	1	365400
1827.4	0.8	NonTarget	1	365480
1827.485	0.8	NonTarget	1	365497
1827.565	0.8	NonTarget	1	365513
1827.65	0.8	NonTarget	1	365530
1827.735	0.8	NonTarget	1	365547
1827.81	0.8	NonTarget	1	365562
1827.9	0.8	NonTarget	1	365580
1827.985	0.8	NonTarget	1	365597
1828.07	0.8	NonTarget	1	365614
1828.15	0.8	NonTarget	1	365630
1828.235	0.8	NonTarget	1	365647
1828.32	0.8	NonTarget	1	365664
1828.4	0.8	NonTarget	1	365680
1828.485	0.8	NonTarget	1	365697
1828.57	0.8	NonTarget	1	365714
1828.655	0.8	NonTarget	1	365731
1828.735	0.8	NonTarget	1	365747
1828.82	0.8	NonTarget	1	365764
1828.905	0.8	NonTarget	1	365781
1828.985	0.8	NonTarget	1	365797
1829.07	0.8	NonTarget	1	365814
1829.155	0.8	NonTarget	1	365831
1829.235	0.8	NonTarget	1	365847
1829.32	0.8	NonTarget	1	365864
1829.405	0.8	NonTarget	1	365881
1829.485	0.8	Target	2	365897
1829.57	0.8	NonTarget	1	365914
1829.655	0.8	NonTarget	1	365931
1829.74	0.8	NonTarget	1	365948
1829.82	0.8	NonTarget	1	365964
1838.94	0.8	NonTarget	1	367788
1839.02	0.8	NonTarget	1	367804
1839.1	0.8	NonTarget	1	367820
1839.185	0.8	NonTarget	1	367837
1839.27	0.8	NonTarget	1	367854
1839.35	0.8	NonTarget	1	367870
1839.435	0.8	NonTarget	1	367887
1839.515	0.8	NonTarget	1	367903
1839.6	0.8	NonTarget	1	367920
1839.685	0.8	NonTarget	1	367937
1839.77	0.8	NonTarget	1	367954
1839.85	0.8	NonTarget	1	367970
1839.935	0.8	NonTarget	1	367987
1840.02	0.8	NonTarget	1	368004
1840.105	0.8	NonTarget	1	368021
1840.185	0.8	NonTarget	1	368037
1840.27	0.8	NonTarget	1	368054
1840.35	0.8	NonTarget	1	368070
1840.435	0.8	NonTarget	1	368087
1840.52	0.8	NonTarget	1	368104
1840.6	0.8	NonTarget	1	368120
1840.685	0.8	Target	2	368137
1840.77	0.8	NonTarget	1	368154
1840.855	0.8	NonTarget	1	368171
1840.935	0.8	NonTarget	1	368187
1841.02	0.8	NonTarget	1	368204
1841.105	0.8	NonTarget	1	368221
1841.19	0.8	NonTarget	1	368238
1841.27	0.8	NonTarget	1	368254
1841.355	0.8	NonTarget	1	368271
1841.755	0.8	NonTarget	1	368351
1841.84	0.8	NonTarget	1	368368
1841.925	0.8	NonTarget	1	368385
1842.005	0.8	NonTarget	1	368401
1842.09	0.8	NonTarget	1	368418
1842.17	0.8	NonTarget	1	368434
1842.255	0.8	Target	2	368451
1842.34	0.8	NonTarget	1	368468
1842.425	0.8	NonTarget	1	368485
1842.505	0.8	NonTarget	1	368501
1842.59	0.8	NonTarget	1	368518
1842.67	0.8	NonTarget	1	368534
1842.755	0.8	NonTarget	1	368551
1842.84	0.8	NonTarget	1	368568
1842.92	0.8	NonTarget	1	368584
1843.005	0.8	NonTarget	1	368601
1843.09	0.8	NonTarget	1	368618
1843.175	0.8	NonTarget	1	368635
1843.26	0.8	NonTarget	1	368652
1843.34	0.8	NonTarget	1	368668
1843.425	0.8	NonTarget	1	368685
1843.505	0.8	NonTarget	1	368701
1843.59	0.8	NonTarget	1	368718
1843.675	0.8	NonTarget	1	368735
1843.76	0.8	NonTarget	1	368752
1843.84	0.8	NonTarget	1	368768
1843.925	0.8	NonTarget	1	368785
1844.005	0.8	NonTarget	1	368801
1844.09	0.8	NonTarget	1	368818
1844.175	0.8	NonTarget	1	368835
1844.575	0.8	NonTarget	1	368915
1844.66	0.8	Target	2	368932
1844.745	0.8	NonTarget	1	368949
1844.825	0.8	NonTarget	1	368965
1844.91	0.8	NonTarget	1	368982
1844.995	0.8	NonTarget	1	368999
1845.075	0.8	NonTarget	1	369015
1845.16	0.8	NonTarget	1	369032
1845.24	0.8	NonTarget	1	369048
1845.325	0.8	NonTarget	1	369065
1845.41	0.8	NonTarget	1	369082
1845.495	0.8	NonTarget	1	369099
1845.575	0.8	NonTarget	1	369115
1845.66	0.8	NonTarget	1	369132
1845.745	0.8	NonTarget	1	369149
1845.825	0.8	NonTarget	1	369165
1845.91	0.8	NonTarget	1	369182
1845.995	0.8	NonTarget	1	369199
1846.075	0.8	NonTarget	1	369215
1846.16	0.8	NonTarget	1	369232
1846.245	0.8	NonTarget	1	369249
1846.325	0.8	NonTarget	1	369265
1846.41	0.8	NonTarget	1	369282
1846.495	0.8	NonTarget	1	369299
1846.58	0.8	NonTarget	1	369316
1846.66	0.8	NonTarget	1	369332
1846.745	0.8	NonTarget	1	369349
1846.83	0.8	NonTarget	1	369366
1846.91	0.8	NonTarget	1	369382
1846.995	0.8	NonTarget	1	369399
1847.395	0.8	NonTarget	1	369479
1847.48	0.8	Target	2	369496
1847.565	0.8	NonTarget	1	369513
1847.645	0.8	NonTarget	1	369529
1847.73	0.8	NonTarget	1	369546
1847.815	0.8	NonTarget	1	369563
1847.895	0.8	NonTarget	1	369579
1847.98	0.8	NonTarget	1	369596
1848.065	0.8	NonTarget	1	369613
1848.145	0.8	NonTarget	1	369629
1848.23	0.8	NonTarget	1	369646
1848.315	0.8	NonTarget	1	369663
1848.395	0.8	NonTarget	1	369679
1848.48	0.8	NonTarget	1	369696
1848.565	0.8	NonTarget	1	369713
1848.645	0.8	NonTarget	1	369729
1848.73	0.8	NonTarget	1	369746
1848.815	0.8	NonTarget	1	369763
1848.9	0.8	NonTarget	1	369780
1848.98	0.8	NonTarget	1	369796
1849.065	0.8	NonTarget	1	369813
1849.145	0.8	NonTarget	1	369829
1849.235	0.8	NonTarget	1	369847
1849.315	0.8	NonTarget	1	369863
1849.4	0.8	NonTarget	1	369880
1849.48	0.8	NonTarget	1	369896
1849.565	0.8	NonTarget	1	369913
1849.65	0.8	NonTarget	1	369930
1849.735	0.8	NonTarget	1	369947
1849.815	0.8	NonTarget	1	369963
1850.215	0.8	NonTarget	1	370043
1850.3	0.8	Target	2	370060
1850.385	0.8	NonTarget	1	370077
1850.465	0.8	NonTarget	1	370093
1850.55	0.8	NonTarget	1	370110
1850.635	0.8	NonTarget	1	370127
1850.72	0.8	NonTarget	1	370144
1850.8	0.8	NonTarget	1	370160
1850.885	0.8	NonTarget	1	370177
1850.965	0.8	NonTarget	1	370193
1851.05	0.8	NonTarget	1	370210
1851.135	0.8	NonTarget	1	370227
1851.22	0.8	NonTarget	1	370244
1851.305	0.8	NonTarget	1	370261
1851.385	0.8	NonTarget	1	370277
1851.47	0.8	NonTarget	1	370294
1851.55	0.8	NonTarget	1	370310
1851.635	0.8	NonTarget	1	370327
1851.72	0.8	NonTarget	1	370344
1851.8	0.8	NonTarget	1	370360
1851.885	0.8	NonTarget	1	370377
1851.965	0.8	NonTarget	1	370393
1852.055	0.8	NonTarget	1	370411
1852.135	0.8	NonTarget	1	370427
1852.22	0.8	NonTarget	1	370444
1852.305	0.8	NonTarget	1	370461
1852.385	0.8	NonTarget	1	370477
1852.47	0.8	NonTarget	1	370494
1852.555	0.8	NonTarget	1	370511
1852.635	0.8	NonTarget	1	370527
1853.04	0.8	NonTarget	1	370608
1853.12	0.8	NonTarget	1	370624
1853.205	0.8	NonTarget	1	370641
1853.285	0.8	NonTarget	1	370657
1853.37	0.8	NonTarget	1	370674
1853.455	0.8	NonTarget	1	370691
1853.54	0.8	NonTarget	1	370708
1853.62	0.8	NonTarget	1	370724
1853.705	0.8	NonTarget	1	370741
1853.79	0.8	NonTarget	1	370758
1853.87	0.8	NonTarget	1	370774
1853.955	0.8	NonTarget	1	370791
1854.04	0.8	NonTarget	1	370808
1854.12	0.8	NonTarget	1	370824
1854.205	0.8	NonTarget	1	370841
1854.29	0.8	NonTarget	1	370858
1854.37	0.8	NonTarget	1	370874
1854.455	0.8	NonTarget	1	370891
1854.54	0.8	NonTarget	1	370908
1854.625	0.8	NonTarget	1	370925
1854.705	0.8	NonTarget	1	370941
1854.79	0.8	Target	2	370958
1854.875	0.8	NonTarget	1	370975
1854.955	0.8	NonTarget	1	370991
1855.04	0.8	NonTarget	1	371008
1855.125	0.8	NonTarget	1	371025
1855.205	0.8	NonTarget	1	371041
1855.29	0.8	NonTarget	1	371058
1855.375	0.8	NonTarget	1	371075
1855.455	0.8	NonTarget	1	371091
1855.855	0.8	NonTarget	1	371171
1855.94	0.8	NonTarget	1	371188
1856.025	0.8	NonTarget	1	371205
1856.11	0.8	NonTarget	1	371222
1856.19	0.8	NonTarget	1	371238
1856.275	0.8	NonTarget	1	371255
1856.355	0.8	NonTarget	1	371271
1856.44	0.8	NonTarget	1	371288
1856.525	0.8	NonTarget	1	371305
1856.61	0.8	NonTarget	1	371322
1856.695	0.8	NonTarget	1	371339
1856.775	0.8	NonTarget	1	371355
1856.86	0.8	NonTarget	1	371372
1856.945	0.8	NonTarget	1	371389
1857.025	0.8	NonTarget	1	371405
1857.11	0.8	NonTarget	1	371422
1857.195	0.8	NonTarget	1	371439
1857.275	0.8	NonTarget	1	371455
1857.36	0.8	NonTarget	1	371472
1857.445	0.8	NonTarget	1	371489
1857.525	0.8	NonTarget	1	371505
1857.61	0.8	Target	2	371522
1857.695	0.8	NonTarget	1	371539
1857.775	0.8	NonTarget	1	371555
1857.86	0.8	NonTarget	1	371572
1857.945	0.8	NonTarget	1	371589
1858.025	0.8	NonTarget	1	371605
1858.11	0.8	NonTarget	1	371622
1858.195	0.8	NonTarget	1	371639
1858.28	0.8	NonTarget	1	371656
1858.68	0.8	NonTarget	1	371736
1858.765	0.8	NonTarget	1	371753
1858.845	0.8	NonTarget	1	371769
1858.93	0.8	NonTarget	1	371786
1859.015	0.8	NonTarget	1	371803
1859.095	0.8	NonTarget	1	371819
1859.18	0.8	NonTarget	1	371836
1859.265	0.8	NonTarget	1	371853
1859.345	0.8	NonTarget	1	371869
1859.43	0.8	NonTarget	1	371886
1859.51	0.8	NonTarget	1	371902
1859.595	0.8	NonTarget	1	371919
1859.68	0.8	NonTarget	1	371936
1859.765	0.8	NonTarget	1	371953
1859.845	0.8	NonTarget	1	371969
1859.93	0.8	NonTarget	1	371986
1860.015	0.8	Target	2	372003
1860.1	0.8	NonTarget	1	372020
1860.18	0.8	NonTarget	1	372036
1860.265	0.8	NonTarget	1	372053
1860.35	0.8	NonTarget	1	372070
1860.43	0.8	NonTarget	1	372086
1860.515	0.8	NonTarget	1	372103
1860.6	0.8	NonTarget	1	372120
1860.68	0.8	NonTarget	1	372136
1860.765	0.8	NonTarget	1	372153
1860.845	0.8	NonTarget	1	372169
1860.93	0.8	NonTarget	1	372186
1861.015	0.8	NonTarget	1	372203
1861.1	0.8	NonTarget	1	372220
1861.5	0.8	NonTarget	1	372300
1861.58	0.8	NonTarget	1	372316
1861.665	0.8	NonTarget	1	372333
1861.75	0.8	NonTarget	1	372350
1861.835	0.8	NonTarget	1	372367
1861.915	0.8	NonTarget	1	372383
1862.0	0.8	NonTarget	1	372400
1862.085	0.8	NonTarget	1	372417
1862.165	0.8	NonTarget	1	372433
1862.25	0.8	NonTarget	1	372450
1862.335	0.8	NonTarget	1	372467
1862.42	0.8	Target	2	372484
1862.5	0.8	NonTarget	1	372500
1862.585	0.8	NonTarget	1	372517
1862.67	0.8	NonTarget	1	372534
1862.75	0.8	NonTarget	1	372550
1862.835	0.8	NonTarget	1	372567
1862.915	0.8	NonTarget	1	372583
1863.0	0.8	NonTarget	1	372600
1863.085	0.8	NonTarget	1	372617
1863.17	0.8	NonTarget	1	372634
1863.25	0.8	NonTarget	1	372650
1863.335	0.8	NonTarget	1	372667
1863.42	0.8	NonTarget	1	372684
1863.505	0.8	NonTarget	1	372701
1863.585	0.8	NonTarget	1	372717
1863.67	0.8	NonTarget	1	372734
1863.75	0.8	NonTarget	1	372750
1863.835	0.8	NonTarget	1	372767
1863.92	0.8	NonTarget	1	372784
1864.32	0.8	NonTarget	1	372864
1864.405	0.8	NonTarget	1	372881
1864.485	0.8	NonTarget	1	372897
1864.57	0.8	NonTarget	1	372914
1864.655	0.8	NonTarget	1	372931
1864.735	0.8	NonTarget	1	372947
1864.82	0.8	Target	2	372964
1864.905	0.8	NonTarget	1	372981
1864.99	0.8	NonTarget	1	372998
1865.07	0.8	NonTarget	1	373014
1865.155	0.8	NonTarget	1	373031
1865.235	0.8	NonTarget	1	373047
1865.32	0.8	NonTarget	1	373064
1865.405	0.8	NonTarget	1	373081
1865.49	0.8	NonTarget	1	373098
1865.57	0.8	NonTarget	1	373114
1865.655	0.8	NonTarget	1	373131
1865.735	0.8	NonTarget	1	373147
1865.825	0.8	NonTarget	1	373165
1865.905	0.8	NonTarget	1	373181
1865.99	0.8	NonTarget	1	373198
1866.07	0.8	NonTarget	1	373214
1866.155	0.8	NonTarget	1	373231
1866.24	0.8	NonTarget	1	373248
1866.32	0.8	NonTarget	1	373264
1866.405	0.8	NonTarget	1	373281
1866.49	0.8	NonTarget	1	373298
1866.57	0.8	NonTarget	1	373314
1866.655	0.8	NonTarget	1	373331
1866.74	0.8	NonTarget	1	373348
1875.855	0.8	NonTarget	1	375171
1875.935	0.8	NonTarget	1	375187
1876.02	0.8	NonTarget	1	375204
1876.105	0.8	NonTarget	1	375221
1876.185	0.8	NonTarget	1	375237
1876.27	0.8	NonTarget	1	375254
1876.35	0.8	NonTarget	1	375270
1876.435	0.8	NonTarget	1	375287
1876.52	0.8	NonTarget	1	375304
1876.605	0.8	NonTarget	1	375321
1876.685	0.8	NonTarget	1	375337
1876.77	0.8	NonTarget	1	375354
1876.855	0.8	NonTarget	1	375371
1876.935	0.8	NonTarget	1	375387
1877.02	0.8	NonTarget	1	375404
1877.105	0.8	NonTarget	1	375421
1877.19	0.8	NonTarget	1	375438
1877.27	0.8	NonTarget	1	375454
1877.355	0.8	NonTarget	1	375471
1877.44	0.8	NonTarget	1	375488
1877.525	0.8	NonTarget	1	375505
1877.605	0.8	NonTarget	1	375521
1877.69	0.8	Target	2	375538
1877.77	0.8	NonTarget	1	375554
1877.855	0.8	NonTarget	1	375571
1877.94	0.8	NonTarget	1	375588
1878.02	0.8	NonTarget	1	375604
1878.105	0.8	NonTarget	1	375621
1878.19	0.8	NonTarget	1	375638
1878.275	0.8	NonTarget	1	375655
1878.675	0.8	NonTarget	1	375735
1878.755	0.8	NonTarget	1	375751
1878.84	0.8	NonTarget	1	375768
1878.925	0.8	NonTarget	1	375785
1879.01	0.8	NonTarget	1	375802
1879.09	0.8	NonTarget	1	375818
1879.175	0.8	NonTarget	1	375835
1879.26	0.8	NonTarget	1	375852
1879.34	0.8	NonTarget	1	375868
1879.425	0.8	NonTarget	1	375885
1879.51	0.8	NonTarget	1	375902
1879.59	0.8	NonTarget	1	375918
1879.675	0.8	NonTarget	1	375935
1879.76	0.8	NonTarget	1	375952
1879.84	0.8	NonTarget	1	375968
1879.925	0.8	NonTarget	1	375985
1880.01	0.8	NonTarget	1	376002
1880.09	0.8	Target	2	376018
1880.175	0.8	NonTarget	1	376035
1880.26	0.8	NonTarget	1	376052
1880.345	0.8	NonTarget	1	376069
1880.425	0.8	NonTarget	1	376085
1880.51	0.8	NonTarget	1	376102
1880.595	0.8	NonTarget	1	376119
1880.675	0.8	NonTarget	1	376135
1880.76	0.8	NonTarget	1	376152
1880.845	0.8	NonTarget	1	376169
1880.925	0.8	NonTarget	1	376185
1881.01	0.8	NonTarget	1	376202
1881.095	0.8	NonTarget	1	376219
1881.495	0.8	NonTarget	1	376299
1881.575	0.8	NonTarget	1	376315
1881.66	0.8	NonTarget	1	376332
1881.745	0.8	NonTarget	1	376349
1881.825	0.8	NonTarget	1	376365
1881.91	0.8	NonTarget	1	376382
1881.995	0.8	NonTarget	1	376399
1882.08	0.8	NonTarget	1	376416
1882.16	0.8	NonTarget	1	376432
1882.245	0.8	NonTarget	1	376449
1882.33	0.8	NonTarget	1	376466
1882.41	0.8	NonTarget	1	376482
1882.495	0.8	NonTarget	1	376499
1882.58	0.8	NonTarget	1	376516
1882.665	0.8	NonTarget	1	376533
1882.745	0.8	NonTarget	1	376549
1882.83	0.8	NonTarget	1	376566
1882.91	0.8	Target	2	376582
1882.995	0.8	NonTarget	1	376599
1883.08	0.8	NonTarget	1	376616
1883.16	0.8	NonTarget	1	376632
1883.245	0.8	NonTarget	1	376649
1883.33	0.8	NonTarget	1	376666
1883.415	0.8	NonTarget	1	376683
1883.495	0.8	NonTarget	1	376699
1883.58	0.8	NonTarget	1	376716
1883.665	0.8	NonTarget	1	376733
1883.745	0.8	NonTarget	1	376749
1883.83	0.8	NonTarget	1	376766
1883.915	0.8	NonTarget	1	376783
1884.315	0.8	NonTarget	1	376863
1884.395	0.8	NonTarget	1	376879
1884.48	0.8	NonTarget	1	376896
1884.565	0.8	NonTarget	1	376913
1884.645	0.8	NonTarget	1	376929
1884.73	0.8	NonTarget	1	376946
1884.815	0.8	NonTarget	1	376963
1884.9	0.8	NonTarget	1	376980
1884.98	0.8	NonTarget	1	376996
1885.065	0.8	NonTarget	1	377013
1885.15	0.8	NonTarget	1	377030
1885.235	0.8	NonTarget	1	377047
1885.315	0.8	NonTarget	1	377063
1885.4	0.8	NonTarget	1	377080
1885.485	0.8	NonTarget	1	377097
1885.565	0.8	NonTarget	1	377113
1885.65	0.8	NonTarget	1	377130
1885.735	0.8	NonTarget	1	377147
1885.815	0.8	NonTarget	1	377163
1885.9	0.8	NonTarget	1	377180
1885.985	0.8	NonTarget	1	377197
1886.065	0.8	NonTarget	1	377213
1886.15	0.8	NonTarget	1	377230
1886.235	0.8	NonTarget	1	377247
1886.315	0.8	NonTarget	1	377263
1886.4	0.8	NonTarget	1	377280
1886.485	0.8	NonTarget	1	377297
1886.57	0.8	Target	2	377314
1886.65	0.8	NonTarget	1	377330
1886.735	0.8	NonTarget	1	377347
1887.135	0.8	NonTarget	1	377427
1887.22	0.8	NonTarget	1	377444
1887.305	0.8	NonTarget	1	377461
1887.385	0.8	NonTarget	1	377477
1887.47	0.8	NonTarget	1	377494
1887.55	0.8	NonTarget	1	377510
1887.635	0.8	NonTarget	1	377527
1887.72	0.8	NonTarget	1	377544
1887.805	0.8	NonTarget	1	377561
1887.885	0.8	NonTarget	1	377577
1887.97	0.8	NonTarget	1	377594
1888.055	0.8	NonTarget	1	377611
1888.135	0.8	NonTarget	1	377627
1888.22	0.8	NonTarget	1	377644
1888.305	0.8	NonTarget	1	377661
1888.385	0.8	NonTarget	1	377677
1888.47	0.8	NonTarget	1	377694
1888.555	0.8	Target	2	377711
1888.635	0.8	NonTarget	1	377727
1888.72	0.8	NonTarget	1	377744
1888.805	0.8	NonTarget	1	377761
1888.885	0.8	NonTarget	1	377777
1888.97	0.8	NonTarget	1	377794
1889.055	0.8	NonTarget	1	377811
1889.14	0.8	NonTarget	1	377828
1889.22	0.8	NonTarget	1	377844
1889.305	0.8	NonTarget	1	377861
1889.39	0.8	NonTarget	1	377878
1889.475	0.8	NonTarget	1	377895
1889.555	0.8	NonTarget	1	377911
1889.955	0.8	NonTarget	1	377991
1890.04	0.8	NonTarget	1	378008
1890.125	0.8	Target	2	378025
1890.205	0.8	NonTarget	1	378041
1890.29	0.8	NonTarget	1	378058
1890.375	0.8	NonTarget	1	378075
1890.455	0.8	NonTarget	1	378091
1890.54	0.8	NonTarget	1	378108
1890.625	0.8	NonTarget	1	378125
1890.705	0.8	NonTarget	1	378141
1890.79	0.8	NonTarget	1	378158
1890.875	0.8	NonTarget	1	378175
1890.955	0.8	NonTarget	1	378191
1891.04	0.8	NonTarget	1	378208
1891.125	0.8	NonTarget	1	378225
1891.21	0.8	NonTarget	1	378242
1891.29	0.8	NonTarget	1	378258
1891.375	0.8	NonTarget	1	378275
1891.46	0.8	NonTarget	1	378292
1891.54	0.8	NonTarget	1	378308
1891.625	0.8	NonTarget	1	378325
1891.71	0.8	NonTarget	1	378342
1891.795	0.8	NonTarget	1	378359
1891.875	0.8	NonTarget	1	378375
1891.96	0.8	NonTarget	1	378392
1892.04	0.8	NonTarget	1	378408
1892.125	0.8	NonTarget	1	378425
1892.21	0.8	NonTarget	1	378442
1892.295	0.8	NonTarget	1	378459
1892.375	0.8	NonTarget	1	378475
1892.775	0.8	NonTarget	1	378555
1892.86	0.8	NonTarget	1	378572
1892.945	0.8	NonTarget	1	378589
1893.03	0.8	NonTarget	1	378606
1893.11	0.8	NonTarget	1	378622
1893.195	0.8	NonTarget	1	378639
1893.275	0.8	NonTarget	1	378655
1893.36	0.8	NonTarget	1	378672
1893.445	0.8	NonTarget	1	378689
1893.525	0.8	NonTarget	1	378705
1893.61	0.8	NonTarget	1	378722
1893.695	0.8	NonTarget	1	378739
1893.78	0.8	NonTarget	1	378756
1893.865	0.8	NonTarget	1	378773
1893.945	0.8	NonTarget	1	378789
1894.03	0.8	NonTarget	1	378806
1894.11	0.8	NonTarget	1	378822
1894.195	0.8	NonTarget	1	378839
1894.28	0.8	NonTarget	1	378856
1894.36	0.8	NonTarget	1	378872
1894.445	0.8	NonTarget	1	378889
1894.53	0.8	NonTarget	1	378906
1894.61	0.8	Target	2	378922
1894.695	0.8	NonTarget	1	378939
1894.78	0.8	NonTarget	1	378956
1894.865	0.8	NonTarget	1	378973
1894.945	0.8	NonTarget	1	378989
1895.03	0.8	NonTarget	1	379006
1895.115	0.8	NonTarget	1	379023
1895.195	0.8	NonTarget	1	379039
1895.595	0.8	NonTarget	1	379119
1895.68	0.8	NonTarget	1	379136
1895.765	0.8	NonTarget	1	379153
1895.85	0.8	NonTarget	1	379170
1895.93	0.8	NonTarget	1	379186
1896.015	0.8	NonTarget	1	379203
1896.1	0.8	NonTarget	1	379220
1896.18	0.8	NonTarget	1	379236
1896.265	0.8	NonTarget	1	379253
1896.35	0.8	NonTarget	1	379270
1896.43	0.8	NonTarget	1	379286
1896.515	0.8	NonTarget	1	379303
1896.6	0.8	NonTarget	1	379320
1896.68	0.8	NonTarget	1	379336
1896.765	0.8	NonTarget	1	379353
1896.85	0.8	NonTarget	1	379370
1896.93	0.8	NonTarget	1	379386
1897.015	0.8	NonTarget	1	379403
1897.1	0.8	NonTarget	1	379420
1897.185	0.8	NonTarget	1	379437
1897.265	0.8	NonTarget	1	379453
1897.35	0.8	NonTarget	1	379470
1897.43	0.8	NonTarget	1	379486
1897.515	0.8	NonTarget	1	379503
1897.6	0.8	NonTarget	1	379520
1897.685	0.8	NonTarget	1	379537
1897.765	0.8	NonTarget	1	379553
1897.85	0.8	Target	2	379570
1897.935	0.8	NonTarget	1	379587
1898.015	0.8	NonTarget	1	379603
1898.415	0.8	NonTarget	1	379683
1898.5	0.8	NonTarget	1	379700
1898.585	0.8	NonTarget	1	379717
1898.67	0.8	NonTarget	1	379734
1898.75	0.8	NonTarget	1	379750
1898.835	0.8	NonTarget	1	379767
1898.92	0.8	NonTarget	1	379784
1899.0	0.8	NonTarget	1	379800
1899.085	0.8	NonTarget	1	379817
1899.17	0.8	NonTarget	1	379834
1899.25	0.8	NonTarget	1	379850
1899.335	0.8	NonTarget	1	379867
1899.42	0.8	NonTarget	1	379884
1899.505	0.8	NonTarget	1	379901
1899.585	0.8	NonTarget	1	379917
1899.67	0.8	NonTarget	1	379934
1899.755	0.8	NonTarget	1	379951
1899.835	0.8	Target	2	379967
1899.92	0.8	NonTarget	1	379984
1900.005	0.8	NonTarget	1	380001
1900.085	0.8	NonTarget	1	380017
1900.17	0.8	NonTarget	1	380034
1900.255	0.8	NonTarget	1	380051
1900.335	0.8	NonTarget	1	380067
1900.42	0.8	NonTarget	1	380084
1900.505	0.8	NonTarget	1	380101
1900.59	0.8	NonTarget	1	380118
1900.67	0.8	NonTarget	1	380134
1900.755	0.8	NonTarget	1	380151
1900.84	0.8	NonTarget	1	380168
1901.24	0.8	NonTarget	1	380248
1901.325	0.8	NonTarget	1	380265
1901.405	0.8	Target	2	380281
1901.49	0.8	NonTarget	1	380298
1901.57	0.8	NonTarget	1	380314
1901.655	0.8	NonTarget	1	380331
1901.74	0.8	NonTarget	1	380348
1901.82	0.8	NonTarget	1	380364
1901.905	0.8	NonTarget	1	380381
1901.99	0.8	NonTarget	1	380398
1902.075	0.8	NonTarget	1	380415
1902.155	0.8	NonTarget	1	380431
1902.24	0.8	NonTarget	1	380448
1902.325	0.8	NonTarget	1	380465
1902.405	0.8	NonTarget	1	380481
1902.49	0.8	NonTarget	1	380498
1902.575	0.8	NonTarget	1	380515
1902.66	0.8	NonTarget	1	380532
1902.74	0.8	NonTarget	1	380548
1902.825	0.8	NonTarget	1	380565
1902.905	0.8	NonTarget	1	380581
1902.99	0.8	NonTarget	1	380598
1903.075	0.8	NonTarget	1	380615
1903.16	0.8	NonTarget	1	380632
1903.24	0.8	NonTarget	1	380648
1903.325	0.8	NonTarget	1	380665
1903.41	0.8	NonTarget	1	380682
1903.49	0.8	NonTarget	1	380698
1903.575	0.8	NonTarget	1	380715
1903.66	0.8	NonTarget	1	380732
1912.775	0.8	Target	2	382555
1912.855	0.8	NonTarget	1	382571
1912.94	0.8	NonTarget	1	382588
1913.02	0.8	NonTarget	1	382604
1913.105	0.8	NonTarget	1	382621
1913.19	0.8	NonTarget	1	382638
1913.27	0.8	NonTarget	1	382654
1913.355	0.8	NonTarget	1	382671
1913.44	0.8	NonTarget	1	382688
1913.525	0.8	NonTarget	1	382705
1913.605	0.8	NonTarget	1	382721
1913.69	0.8	NonTarget	1	382738
1913.775	0.8	NonTarget	1	382755
1913.855	0.8	NonTarget	1	382771
1913.94	0.8	NonTarget	1	382788
1914.025	0.8	NonTarget	1	382805
1914.105	0.8	NonTarget	1	382821
1914.19	0.8	NonTarget	1	382838
1914.275	0.8	NonTarget	1	382855
1914.355	0.8	NonTarget	1	382871
1914.44	0.8	NonTarget	1	382888
1914.525	0.8	NonTarget	1	382905
1914.61	0.8	NonTarget	1	382922
1914.69	0.8	NonTarget	1	382938
1914.775	0.8	NonTarget	1	382955
1914.86	0.8	NonTarget	1	382972
1914.94	0.8	NonTarget	1	382988
1915.025	0.8	NonTarget	1	383005
1915.11	0.8	NonTarget	1	383022
1915.19	0.8	NonTarget	1	383038
1915.59	0.8	NonTarget	1	383118
1915.675	0.8	NonTarget	1	383135
1915.76	0.8	NonTarget	1	383152
1915.845	0.8	NonTarget	1	383169
1915.925	0.8	NonTarget	1	383185
1916.01	0.8	NonTarget	1	383202
1916.095	0.8	NonTarget	1	383219
1916.175	0.8	NonTarget	1	383235
1916.26	0.8	NonTarget	1	383252
1916.345	0.8	NonTarget	1	383269
1916.425	0.8	NonTarget	1	383285
1916.51	0.8	NonTarget	1	383302
1916.595	0.8	NonTarget	1	383319
1916.675	0.8	NonTarget	1	383335
1916.76	0.8	NonTarget	1	383352
1916.845	0.8	NonTarget	1	383369
1916.925	0.8	NonTarget	1	383385
1917.01	0.8	NonTarget	1	383402
1917.095	0.8	NonTarget	1	383419
1917.175	0.8	NonTarget	1	383435
1917.26	0.8	Target	2	383452
1917.345	0.8	NonTarget	1	383469
1917.43	0.8	NonTarget	1	383486
1917.51	0.8	NonTarget	1	383502
1917.595	0.8	NonTarget	1	383519
1917.68	0.8	NonTarget	1	383536
1917.76	0.8	NonTarget	1	383552
1917.845	0.8	NonTarget	1	383569
1917.93	0.8	NonTarget	1	383586
1918.01	0.8	NonTarget	1	383602
1918.41	0.8	NonTarget	1	383682
1918.495	0.8	NonTarget	1	383699
1918.58	0.8	NonTarget	1	383716
1918.665	0.8	NonTarget	1	383733
1918.745	0.8	NonTarget	1	383749
1918.83	0.8	NonTarget	1	383766
1918.915	0.8	NonTarget	1	383783
1918.995	0.8	NonTarget	1	383799
1919.08	0.8	NonTarget	1	383816
1919.165	0.8	NonTarget	1	383833
1919.25	0.8	NonTarget	1	383850
1919.33	0.8	NonTarget	1	383866
1919.415	0.8	NonTarget	1	383883
1919.5	0.8	NonTarget	1	383900
1919.58	0.8	NonTarget	1	383916
1919.665	0.8	NonTarget	1	383933
1919.75	0.8	NonTarget	1	383950
1919.83	0.8	NonTarget	1	383966
1919.915	0.8	NonTarget	1	383983
1920.0	0.8	NonTarget	1	384000
1920.08	0.8	NonTarget	1	384016
1920.165	0.8	NonTarget	1	384033
1920.25	0.8	NonTarget	1	384050
1920.335	0.8	NonTarget	1	384067
1920.415	0.8	NonTarget	1	384083
1920.5	0.8	Target	2	384100
1920.585	0.8	NonTarget	1	384117
1920.665	0.8	NonTarget	1	384133
1920.75	0.8	NonTarget	1	384150
1920.83	0.8	NonTarget	1	384166
1921.23	0.8	NonTarget	1	384246
1921.315	0.8	NonTarget	1	384263
1921.4	0.8	NonTarget	1	384280
1921.485	0.8	NonTarget	1	384297
1921.565	0.8	NonTarget	1	384313
1921.65	0.8	Target	2	384330
1921.735	0.8	NonTarget	1	384347
1921.815	0.8	NonTarget	1	384363
1921.9	0.8	NonTarget	1	384380
1921.985	0.8	NonTarget	1	384397
1922.07	0.8	NonTarget	1	384414
1922.15	0.8	NonTarget	1	384430
1922.235	0.8	NonTarget	1	384447
1922.32	0.8	NonTarget	1	384464
1922.4	0.8	NonTarget	1	384480
1922.485	0.8	NonTarget	1	384497
1922.57	0.8	NonTarget	1	384514
1922.65	0.8	NonTarget	1	384530
1922.735	0.8	NonTarget	1	384547
1922.82	0.8	NonTarget	1	384564
1922.905	0.8	NonTarget	1	384581
1922.985	0.8	NonTarget	1	384597
1923.07	0.8	NonTarget	1	384614
1923.155	0.8	NonTarget	1	384631
1923.235	0.8	NonTarget	1	384647
1923.32	0.8	NonTarget	1	384664
1923.4	0.8	NonTarget	1	384680
1923.485	0.8	NonTarget	1	384697
1923.57	0.8	NonTarget	1	384714
1923.655	0.8	NonTarget	1	384731
1924.055	0.8	NonTarget	1	384811
1924.14	0.8	NonTarget	1	384828
1924.22	0.8	NonTarget	1	384844
1924.305	0.8	NonTarget	1	384861
1924.39	0.8	NonTarget	1	384878
1924.47	0.8	NonTarget	1	384894
1924.555	0.8	NonTarget	1	384911
1924.635	0.8	NonTarget	1	384927
1924.72	0.8	NonTarget	1	384944
1924.805	0.8	NonTarget	1	384961
1924.885	0.8	NonTarget	1	384977
1924.975	0.8	NonTarget	1	384995
1925.055	0.8	NonTarget	1	385011
1925.14	0.8	NonTarget	1	385028
1925.225	0.8	NonTarget	1	385045
1925.305	0.8	NonTarget	1	385061
1925.39	0.8	NonTarget	1	385078
1925.475	0.8	NonTarget	1	385095
1925.555	0.8	NonTarget	1	385111
1925.64	0.8	NonTarget	1	385128
1925.725	0.8	NonTarget	1	385145
1925.805	0.8	NonTarget	1	385161
1925.89	0.8	NonTarget	1	385178
1925.975	0.8	NonTarget	1	385195
1926.055	0.8	NonTarget	1	385211
1926.14	0.8	Target	2	385228
1926.225	0.8	NonTarget	1	385245
1926.31	0.8	NonTarget	1	385262
1926.39	0.8	NonTarget	1	385278
1926.475	0.8	NonTarget	1	385295
1926.875	0.8	NonTarget	1	385375
1926.96	0.8	NonTarget	1	385392
1927.04	0.8	NonTarget	1	385408
1927.125	0.8	NonTarget	1	385425
1927.21	0.8	NonTarget	1	385442
1927.29	0.8	NonTarget	1	385458
1927.375	0.8	NonTarget	1	385475
1927.46	0.8	NonTarget	1	385492
1927.54	0.8	NonTarget	1	385508
1927.625	0.8	NonTarget	1	385525
1927.71	0.8	NonTarget	1	385542
1927.795	0.8	NonTarget	1	385559
1927.875	0.8	NonTarget	1	385575
1927.96	0.8	NonTarget	1	385592
1928.045	0.8	NonTarget	1	385609
1928.125	0.8	NonTarget	1	385625
1928.21	0.8	NonTarget	1	385642
1928.295	0.8	NonTarget	1	385659
1928.38	0.8	NonTarget	1	385676
1928.46	0.8	NonTarget	1	385692
1928.545	0.8	NonTarget	1	385709
1928.625	0.8	NonTarget	1	385725
1928.71	0.8	NonTarget	1	385742
1928.795	0.8	NonTarget	1	385759
1928.875	0.8	NonTarget	1	385775
1928.96	0.8	Target	2	385792
1929.045	0.8	NonTarget	1	385809
1929.125	0.8	NonTarget	1	385825
1929.21	0.8	NonTarget	1	385842
1929.295	0.8	NonTarget	1	385859
1929.695	0.8	NonTarget	1	385939
1929.78	0.8	NonTarget	1	385956
1929.86	0.8	NonTarget	1	385972
1929.945	0.8	NonTarget	1	385989
1930.03	0.8	NonTarget	1	386006
1930.115	0.8	NonTarget	1	386023
1930.195	0.8	NonTarget	1	386039
1930.28	0.8	NonTarget	1	386056
1930.365	0.8	NonTarget	1	386073
1930.445	0.8	NonTarget	1	386089
1930.53	0.8	Target	2	386106
1930.615	0.8	NonTarget	1	386123
1930.695	0.8	NonTarget	1	386139
1930.78	0.8	NonTarget	1	386156
1930.865	0.8	NonTarget	1	386173
1930.945	0.8	NonTarget	1	386189
1931.03	0.8	NonTarget	1	386206
1931.115	0.8	NonTarget	1	386223
1931.2	0.8	NonTarget	1	386240
1931.28	0.8	NonTarget	1	386256
1931.365	0.8	NonTarget	1	386273
1931.45	0.8	NonTarget	1	386290
1931.53	0.8	NonTarget	1	386306
1931.615	0.8	NonTarget	1	386323
1931.7	0.8	NonTarget	1	386340
1931.785	0.8	NonTarget	1	386357
1931.865	0.8	NonTarget	1	386373
1931.95	0.8	NonTarget	1	386390
1932.035	0.8	NonTarget	1	386407
1932.115	0.8	NonTarget	1	386423
1932.515	0.8	NonTarget	1	386503
1932.6	0.8	NonTarget	1	386520
1932.685	0.8	NonTarget	1	386537
1932.77	0.8	NonTarget	1	386554
1932.85	0.8	NonTarget	1	386570
1932.935	0.8	Target	2	386587
1933.02	0.8	NonTarget	1	386604
1933.1	0.8	NonTarget	1	386620
1933.185	0.8	NonTarget	1	386637
1933.27	0.8	NonTarget	1	386654
1933.35	0.8	NonTarget	1	386670
1933.435	0.8	NonTarget	1	386687
1933.515	0.8	NonTarget	1	386703
1933.6	0.8	NonTarget	1	386720
1933.685	0.8	NonTarget	1	386737
1933.77	0.8	NonTarget	1	386754
1933.85	0.8	NonTarget	1	386770
1933.935	0.8	NonTarget	1	386787
1934.02	0.8	NonTarget	1	386804
1934.1	0.8	NonTarget	1	386820
1934.185	0.8	NonTarget	1	386837
1934.27	0.8	NonTarget	1	386854
1934.35	0.8	NonTarget	1	386870
1934.435	0.8	NonTarget	1	386887
1934.52	0.8	NonTarget	1	386904
1934.6	0.8	NonTarget	1	386920
1934.685	0.8	NonTarget	1	386937
1934.77	0.8	NonTarget	1	386954
1934.855	0.8	NonTarget	1	386971
1934.935	0.8	NonTarget	1	386987
1935.335	0.8	NonTarget	1	387067
1935.42	0.8	NonTarget	1	387084
1935.505	0.8	NonTarget	1	387101
1935.585	0.8	NonTarget	1	387117
1935.67	0.8	NonTarget	1	387134
1935.755	0.8	Target	2	387151
1935.835	0.8	NonTarget	1	387167
1935.92	0.8	NonTarget	1	387184
1936.005	0.8	NonTarget	1	387201
1936.09	0.8	NonTarget	1	387218
1936.17	0.8	NonTarget	1	387234
1936.255	0.8	NonTarget	1	387251
1936.34	0.8	NonTarget	1	387268
1936.42	0.8	NonTarget	1	387284
1936.505	0.8	NonTarget	1	387301
1936.59	0.8	NonTarget	1	387318
1936.67	0.8	NonTarget	1	387334
1936.755	0.8	NonTarget	1	387351
1936.84	0.8	NonTarget	1	387368
1936.92	0.8	NonTarget	1	387384
1937.005	0.8	NonTarget	1	387401
1937.09	0.8	NonTarget	1	387418
1937.175	0.8	NonTarget	1	387435
1937.255	0.8	NonTarget	1	387451
1937.34	0.8	NonTarget	1	387468
1937.425	0.8	NonTarget	1	387485
1937.505	0.8	NonTarget	1	387501
1937.59	0.8	NonTarget	1	387518
1937.675	0.8	NonTarget	1	387535
1937.755	0.8	NonTarget	1	387551
1938.16	0.8	NonTarget	1	387632
1938.24	0.8	NonTarget	1	387648
1938.325	0.8	NonTarget	1	387665
1938.41	0.8	NonTarget	1	387682
1938.49	0.8	NonTarget	1	387698
1938.575	0.8	NonTarget	1	387715
1938.66	0.8	NonTarget	1	387732
1938.74	0.8	NonTarget	1	387748
1938.825	0.8	NonTarget	1	387765
1938.91	0.8	NonTarget	1	387782
1938.99	0.8	NonTarget	1	387798
1939.075	0.8	NonTarget	1	387815
1939.16	0.8	NonTarget	1	387832
1939.24	0.8	NonTarget	1	387848
1939.325	0.8	NonTarget	1	387865
1939.41	0.8	NonTarget	1	387882
1939.495	0.8	NonTarget	1	387899
1939.575	0.8	NonTarget	1	387915
1939.66	0.8	NonTarget	1	387932
1939.74	0.8	NonTarget	1	387948
1939.825	0.8	NonTarget	1	387965
1939.91	0.8	NonTarget	1	387982
1939.995	0.8	NonTarget	1	387999
1940.075	0.8	NonTarget	1	388015
1940.16	0.8	NonTarget	1	388032
1940.245	0.8	Target	2	388049
1940.325	0.8	NonTarget	1	388065
1940.41	0.8	NonTarget	1	388082
1940.495	0.8	NonTarget	1	388099
1940.58	0.8	NonTarget	1	388116
1949.695	0.8	NonTarget	1	389939
1949.775	0.8	NonTarget	1	389955
1949.855	0.8	NonTarget	1	389971
1949.94	0.8	NonTarget	1	389988
1950.025	0.8	NonTarget	1	390005
1950.105	0.8	NonTarget	1	390021
1950.19	0.8	NonTarget	1	390038
1950.275	0.8	NonTarget	1	390055
1950.36	0.8	NonTarget	1	390072
1950.44	0.8	NonTarget	1	390088
1950.525	0.8	NonTarget	1	390105
1950.61	0.8	NonTarget	1	390122
1950.69	0.8	NonTarget	1	390138
1950.775	0.8	NonTarget	1	390155
1950.86	0.8	NonTarget	1	390172
1950.945	0.8	NonTarget	1	390189
1951.025	0.8	NonTarget	1	390205
1951.11	0.8	NonTarget	1	390222
1951.195	0.8	NonTarget	1	390239
1951.275	0.8	NonTarget	1	390255
1951.36	0.8	NonTarget	1	390272
1951.445	0.8	Target	2	390289
1951.525	0.8	NonTarget	1	390305
1951.61	0.8	NonTarget	1	390322
1951.695	0.8	NonTarget	1	390339
1951.78	0.8	NonTarget	1	390356
1951.86	0.8	NonTarget	1	390372
1951.945	0.8	NonTarget	1	390389
1952.03	0.8	NonTarget	1	390406
1952.11	0.8	NonTarget	1	390422
1952.51	0.8	NonTarget	1	390502
1952.595	0.8	NonTarget	1	390519
1952.68	0.8	NonTarget	1	390536
1952.765	0.8	NonTarget	1	390553
1952.845	0.8	NonTarget	1	390569
1952.93	0.8	NonTarget	1	390586
1953.015	0.8	Target	2	390603
1953.095	0.8	NonTarget	1	390619
1953.18	0.8	NonTarget	1	390636
1953.265	0.8	NonTarget	1	390653
1953.345	0.8	NonTarget	1	390669
1953.43	0.8	NonTarget	1	390686
1953.51	0.8	NonTarget	1	390702
1953.595	0.8	NonTarget	1	390719
1953.68	0.8	NonTarget	1	390736
1953.765	0.8	NonTarget	1	390753
1953.85	0.8	NonTarget	1	390770
1953.93	0.8	NonTarget	1	390786
1954.015	0.8	NonTarget	1	390803
1954.1	0.8	NonTarget	1	390820
1954.18	0.8	NonTarget	1	390836
1954.265	0.8	NonTarget	1	390853
1954.35	0.8	NonTarget	1	390870
1954.43	0.8	NonTarget	1	390886
1954.54	0.8	NonTarget	1	390908
1954.63	0.8	NonTarget	1	390926
1954.715	0.8	NonTarget	1	390943
1954.8	0.8	NonTarget	1	390960
1954.88	0.8	NonTarget	1	390976
1954.965	0.8	NonTarget	1	390993
1955.365	0.8	NonTarget	1	391073
1955.45	0.8	NonTarget	1	391090
1955.53	0.8	NonTarget	1	391106
1955.615	0.8	NonTarget	1	391123
1955.7	0.8	NonTarget	1	391140
1955.785	0.8	NonTarget	1	391157
1955.865	0.8	NonTarget	1	391173
1955.95	0.8	NonTarget	1	391190
1956.035	0.8	NonTarget	1	391207
1956.115	0.8	NonTarget	1	391223
1956.2	0.8	NonTarget	1	391240
1956.285	0.8	NonTarget	1	391257
1956.365	0.8	NonTarget	1	391273
1956.45	0.8	NonTarget	1	391290
1956.535	0.8	NonTarget	1	391307
1956.615	0.8	NonTarget	1	391323
1956.7	0.8	Target	2	391340
1956.785	0.8	NonTarget	1	391357
1956.865	0.8	NonTarget	1	391373
1956.95	0.8	NonTarget	1	391390
1957.035	0.8	NonTarget	1	391407
1957.12	0.8	NonTarget	1	391424
1957.2	0.8	NonTarget	1	391440
1957.285	0.8	NonTarget	1	391457
1957.37	0.8	NonTarget	1	391474
1957.45	0.8	NonTarget	1	391490
1957.535	0.8	NonTarget	1	391507
1957.62	0.8	NonTarget	1	391524
1957.705	0.8	NonTarget	1	391541
1957.785	0.8	NonTarget	1	391557
1958.185	0.8	NonTarget	1	391637
1958.27	0.8	NonTarget	1	391654
1958.35	0.8	NonTarget	1	391670
1958.435	0.8	NonTarget	1	391687
1958.52	0.8	NonTarget	1	391704
1958.605	0.8	NonTarget	1	391721
1958.685	0.8	NonTarget	1	391737
1958.77	0.8	NonTarget	1	391754
1958.855	0.8	NonTarget	1	391771
1958.94	0.8	NonTarget	1	391788
1959.02	0.8	NonTarget	1	391804
1959.105	0.8	NonTarget	1	391821
1959.185	0.8	NonTarget	1	391837
1959.27	0.8	NonTarget	1	391854
1959.355	0.8	NonTarget	1	391871
1959.44	0.8	NonTarget	1	391888
1959.52	0.8	NonTarget	1	391904
1959.605	0.8	NonTarget	1	391921
1959.69	0.8	NonTarget	1	391938
1959.77	0.8	NonTarget	1	391954
1959.855	0.8	NonTarget	1	391971
1959.94	0.8	NonTarget	1	391988
1960.02	0.8	NonTarget	1	392004
1960.105	0.8	NonTarget	1	392021
1960.19	0.8	NonTarget	1	392038
1960.27	0.8	NonTarget	1	392054
1960.355	0.8	Target	2	392071
1960.44	0.8	NonTarget	1	392088
1960.52	0.8	NonTarget	1	392104
1960.605	0.8	NonTarget	1	392121
1961.005	0.8	NonTarget	1	392201
1961.09	0.8	NonTarget	1	392218
1961.175	0.8	NonTarget	1	392235
1961.26	0.8	NonTarget	1	392252
1961.34	0.8	NonTarget	1	392268
1961.425	0.8	NonTarget	1	392285
1961.505	0.8	NonTarget	1	392301
1961.59	0.8	NonTarget	1	392318
1961.675	0.8	NonTarget	1	392335
1961.755	0.8	NonTarget	1	392351
1961.84	0.8	NonTarget	1	392368
1961.925	0.8	NonTarget	1	392385
1962.01	0.8	NonTarget	1	392402
1962.095	0.8	NonTarget	1	392419
1962.175	0.8	NonTarget	1	392435
1962.26	0.8	NonTarget	1	392452
1962.34	0.8	NonTarget	1	392468
1962.425	0.8	NonTarget	1	392485
1962.51	0.8	NonTarget	1	392502
1962.59	0.8	NonTarget	1	392518
1962.675	0.8	NonTarget	1	392535
1962.76	0.8	Target	2	392552
1962.84	0.8	NonTarget	1	392568
1962.925	0.8	NonTarget	1	392585
1963.01	0.8	NonTarget	1	392602
1963.095	0.8	NonTarget	1	392619
1963.175	0.8	NonTarget	1	392635
1963.26	0.8	NonTarget	1	392652
1963.345	0.8	NonTarget	1	392669
1963.425	0.8	NonTarget	1	392685
1963.825	0.8	NonTarget	1	392765
1963.91	0.8	NonTarget	1	392782
1963.995	0.8	NonTarget	1	392799
1964.08	0.8	NonTarget	1	392816
1964.16	0.8	NonTarget	1	392832
1964.245	0.8	NonTarget	1	392849
1964.33	0.8	Target	2	392866
1964.415	0.8	NonTarget	1	392883
1964.495	0.8	NonTarget	1	392899
1964.58	0.8	NonTarget	1	392916
1964.665	0.8	NonTarget	1	392933
1964.745	0.8	NonTarget	1	392949
1964.83	0.8	NonTarget	1	392966
1964.915	0.8	NonTarget	1	392983
1964.995	0.8	NonTarget	1	392999
1965.08	0.8	NonTarget	1	393016
1965.165	0.8	NonTarget	1	393033
1965.245	0.8	NonTarget	1	393049
1965.33	0.8	NonTarget	1	393066
1965.415	0.8	NonTarget	1	393083
1965.495	0.8	NonTarget	1	393099
1965.58	0.8	NonTarget	1	393116
1965.665	0.8	NonTarget	1	393133
1965.745	0.8	NonTarget	1	393149
1965.83	0.8	NonTarget	1	393166
1965.915	0.8	NonTarget	1	393183
1965.995	0.8	NonTarget	1	393199
1966.08	0.8	NonTarget	1	393216
1966.165	0.8	NonTarget	1	393233
1966.245	0.8	NonTarget	1	393249
1966.645	0.8	NonTarget	1	393329
1966.73	0.8	NonTarget	1	393346
1966.815	0.8	NonTarget	1	393363
1966.9	0.8	NonTarget	1	393380
1966.98	0.8	NonTarget	1	393396
1967.065	0.8	NonTarget	1	393413
1967.15	0.8	NonTarget	1	393430
1967.23	0.8	NonTarget	1	393446
1967.315	0.8	NonTarget	1	393463
1967.4	0.8	NonTarget	1	393480
1967.48	0.8	NonTarget	1	393496
1967.565	0.8	NonTarget	1	393513
1967.65	0.8	NonTarget	1	393530
1967.735	0.8	NonTarget	1	393547
1967.815	0.8	NonTarget	1	393563
1967.9	0.8	NonTarget	1	393580
1967.98	0.8	NonTarget	1	393596
1968.065	0.8	NonTarget	1	393613
1968.15	0.8	NonTarget	1	393630
1968.235	0.8	NonTarget	1	393647
1968.315	0.8	NonTarget	1	393663
1968.4	0.8	NonTarget	1	393680
1968.48	0.8	NonTarget	1	393696
1968.565	0.8	NonTarget	1	393713
1968.65	0.8	NonTarget	1	393730
1968.735	0.8	NonTarget	1	393747
1968.82	0.8	Target	2	393764
1968.9	0.8	NonTarget	1	393780
1968.985	0.8	NonTarget	1	393797
1969.07	0.8	NonTarget	1	393814
1969.47	0.8	NonTarget	1	393894
1969.55	0.8	NonTarget	1	393910
1969.635	0.8	NonTarget	1	393927
1969.72	0.8	NonTarget	1	393944
1969.8	0.8	NonTarget	1	393960
1969.885	0.8	NonTarget	1	393977
1969.97	0.8	NonTarget	1	393994
1970.055	0.8	NonTarget	1	394011
1970.135	0.8	NonTarget	1	394027
1970.22	0.8	NonTarget	1	394044
1970.305	0.8	NonTarget	1	394061
1970.385	0.8	Target	2	394077
1970.47	0.8	NonTarget	1	394094
1970.555	0.8	NonTarget	1	394111
1970.635	0.8	NonTarget	1	394127
1970.72	0.8	NonTarget	1	394144
1970.805	0.8	NonTarget	1	394161
1970.885	0.8	NonTarget	1	394177
1970.97	0.8	NonTarget	1	394194
1971.055	0.8	NonTarget	1	394211
1971.14	0.8	NonTarget	1	394228
1971.22	0.8	NonTarget	1	394244
1971.305	0.8	NonTarget	1	394261
1971.39	0.8	NonTarget	1	394278
1971.47	0.8	NonTarget	1	394294
1971.555	0.8	NonTarget	1	394311
1971.64	0.8	NonTarget	1	394328
1971.72	0.8	NonTarget	1	394344
1971.805	0.8	NonTarget	1	394361
1971.89	0.8	NonTarget	1	394378
1972.29	0.8	NonTarget	1	394458
1972.375	0.8	NonTarget	1	394475
1972.455	0.8	NonTarget	1	394491
1972.54	0.8	NonTarget	1	394508
1972.625	0.8	NonTarget	1	394525
1972.705	0.8	NonTarget	1	394541
1972.79	0.8	NonTarget	1	394558
1972.875	0.8	NonTarget	1	394575
1972.955	0.8	NonTarget	1	394591
1973.04	0.8	NonTarget	1	394608
1973.125	0.8	NonTarget	1	394625
1973.205	0.8	NonTarget	1	394641
1973.29	0.8	NonTarget	1	394658
1973.375	0.8	NonTarget	1	394675
1973.46	0.8	NonTarget	1	394692
1973.54	0.8	NonTarget	1	394708
1973.625	0.8	Target	2	394725
1973.71	0.8	NonTarget	1	394742
1973.79	0.8	NonTarget	1	394758
1973.875	0.8	NonTarget	1	394775
1973.96	0.8	NonTarget	1	394792
1974.04	0.8	NonTarget	1	394808
1974.125	0.8	NonTarget	1	394825
1974.21	0.8	NonTarget	1	394842
1974.29	0.8	NonTarget	1	394858
1974.375	0.8	NonTarget	1	394875
1974.46	0.8	NonTarget	1	394892
1974.545	0.8	NonTarget	1	394909
1974.625	0.8	NonTarget	1	394925
1974.71	0.8	NonTarget	1	394942
1975.11	0.8	NonTarget	1	395022
1975.195	0.8	NonTarget	1	395039
1975.275	0.8	NonTarget	1	395055
1975.36	0.8	NonTarget	1	395072
1975.445	0.8	NonTarget	1	395089
1975.525	0.8	NonTarget	1	395105
1975.61	0.8	Target	2	395122
1975.69	0.8	NonTarget	1	395138
1975.78	0.8	NonTarget	1	395156
1975.86	0.8	NonTarget	1	395172
1975.945	0.8	NonTarget	1	395189
1976.03	0.8	NonTarget	1	395206
1976.11	0.8	NonTarget	1	395222
1976.195	0.8	NonTarget	1	395239
1976.28	0.8	NonTarget	1	395256
1976.36	0.8	NonTarget	1	395272
1976.445	0.8	NonTarget	1	395289
1976.53	0.8	NonTarget	1	395306
1976.61	0.8	NonTarget	1	395322
1976.695	0.8	NonTarget	1	395339
1976.78	0.8	NonTarget	1	395356
1976.865	0.8	NonTarget	1	395373
1976.945	0.8	NonTarget	1	395389
1977.03	0.8	NonTarget	1	395406
1977.11	0.8	NonTarget	1	395422
1977.195	0.8	NonTarget	1	395439
1977.28	0.8	NonTarget	1	395456
1977.365	0.8	NonTarget	1	395473
1977.445	0.8	NonTarget	1	395489
1977.53	0.8	NonTarget	1	395506
1986.63	0.8	NonTarget	1	397326
1986.71	0.8	NonTarget	1	397342
1986.795	0.8	NonTarget	1	397359
1986.875	0.8	NonTarget	1	397375
1986.96	0.8	NonTarget	1	397392
1987.045	0.8	NonTarget	1	397409
1987.125	0.8	NonTarget	1	397425
1987.21	0.8	Target	2	397442
1987.295	0.8	NonTarget	1	397459
1987.38	0.8	NonTarget	1	397476
1987.46	0.8	NonTarget	1	397492
1987.545	0.8	NonTarget	1	397509
1987.625	0.8	NonTarget	1	397525
1987.71	0.8	NonTarget	1	397542
1987.795	0.8	NonTarget	1	397559
1987.88	0.8	NonTarget	1	397576
1987.96	0.8	NonTarget	1	397592
1988.045	0.8	NonTarget	1	397609
1988.13	0.8	NonTarget	1	397626
1988.215	0.8	NonTarget	1	397643
1988.295	0.8	NonTarget	1	397659
1988.38	0.8	NonTarget	1	397676
1988.46	0.8	NonTarget	1	397692
1988.545	0.8	NonTarget	1	397709
1988.63	0.8	NonTarget	1	397726
1988.71	0.8	NonTarget	1	397742
1988.795	0.8	NonTarget	1	397759
1988.88	0.8	NonTarget	1	397776
1988.965	0.8	NonTarget	1	397793
1989.045	0.8	NonTarget	1	397809
1989.445	0.8	NonTarget	1	397889
1989.53	0.8	NonTarget	1	397906
1989.615	0.8	NonTarget	1	397923
1989.7	0.8	NonTarget	1	397940
1989.78	0.8	NonTarget	1	397956
1989.865	0.8	NonTarget	1	397973
1989.95	0.8	NonTarget	1	397990
1990.03	0.8	NonTarget	1	398006
1990.115	0.8	NonTarget	1	398023
1990.2	0.8	NonTarget	1	398040
1990.28	0.8	NonTarget	1	398056
1990.365	0.8	NonTarget	1	398073
1990.445	0.8	NonTarget	1	398089
1990.53	0.8	NonTarget	1	398106
1990.615	0.8	NonTarget	1	398123
1990.7	0.8	NonTarget	1	398140
1990.78	0.8	NonTarget	1	398156
1990.865	0.8	NonTarget	1	398173
1990.95	0.8	NonTarget	1	398190
1991.03	0.8	NonTarget	1	398206
1991.115	0.8	NonTarget	1	398223
1991.2	0.8	NonTarget	1	398240
1991.28	0.8	Target	2	398256
1991.365	0.8	NonTarget	1	398273
1991.45	0.8	NonTarget	1	398290
1991.535	0.8	NonTarget	1	398307
1991.615	0.8	NonTarget	1	398323
1991.7	0.8	NonTarget	1	398340
1991.785	0.8	NonTarget	1	398357
1991.865	0.8	NonTarget	1	398373
1992.27	0.8	NonTarget	1	398454
1992.35	0.8	NonTarget	1	398470
1992.435	0.8	NonTarget	1	398487
1992.52	0.8	NonTarget	1	398504
1992.6	0.8	NonTarget	1	398520
1992.685	0.8	NonTarget	1	398537
1992.77	0.8	NonTarget	1	398554
1992.85	0.8	NonTarget	1	398570
1992.935	0.8	NonTarget	1	398587
1993.02	0.8	NonTarget	1	398604
1993.1	0.8	NonTarget	1	398620
1993.185	0.8	NonTarget	1	398637
1993.27	0.8	NonTarget	1	398654
1993.355	0.8	NonTarget	1	398671
1993.435	0.8	NonTarget	1	398687
1993.52	0.8	NonTarget	1	398704
1993.6	0.8	NonTarget	1	398720
1993.685	0.8	Target	2	398737
1993.77	0.8	NonTarget	1	398754
1993.855	0.8	NonTarget	1	398771
1993.935	0.8	NonTarget	1	398787
1994.02	0.8	NonTarget	1	398804
1994.105	0.8	NonTarget	1	398821
1994.185	0.8	NonTarget	1	398837
1994.27	0.8	NonTarget	1	398854
1994.355	0.8	NonTarget	1	398871
1994.435	0.8	NonTarget	1	398887
1994.52	0.8	NonTarget	1	398904
1994.605	0.8	NonTarget	1	398921
1994.69	0.8	NonTarget	1	398938
1995.09	0.8	NonTarget	1	399018
1995.17	0.8	NonTarget	1	399034
1995.255	0.8	Target	2	399051
1995.34	0.8	NonTarget	1	399068
1995.42	0.8	NonTarget	1	399084
1995.505	0.8	NonTarget	1	399101
1995.59	0.8	NonTarget	1	399118
1995.675	0.8	NonTarget	1	399135
1995.755	0.8	NonTarget	1	399151
1995.84	0.8	NonTarget	1	399168
1995.92	0.8	NonTarget	1	399184
1996.005	0.8	NonTarget	1	399201
1996.09	0.8	NonTarget	1	399218
1996.175	0.8	NonTarget	1	399235
1996.26	0.8	NonTarget	1	399252
1996.34	0.8	NonTarget	1	399268
1996.425	0.8	NonTarget	1	399285
1996.505	0.8	NonTarget	1	399301
1996.59	0.8	NonTarget	1	399318
1996.675	0.8	NonTarget	1	399335
1996.755	0.8	NonTarget	1	399351
1996.84	0.8	NonTarget	1	399368
1996.925	0.8	NonTarget	1	399385
1997.01	0.8	NonTarget	1	399402
1997.09	0.8	NonTarget	1	399418
1997.175	0.8	NonTarget	1	399435
1997.26	0.8	NonTarget	1	399452
1997.34	0.8	NonTarget	1	399468
1997.425	0.8	NonTarget	1	399485
1997.51	0.8	NonTarget	1	399502
1997.91	0.8	NonTarget	1	399582
1997.99	0.8	NonTarget	1	399598
1998.075	0.8	NonTarget	1	399615
1998.16	0.8	NonTarget	1	399632
1998.245	0.8	NonTarget	1	399649
1998.325	0.8	NonTarget	1	399665
1998.41	0.8	NonTarget	1	399682
1998.495	0.8	NonTarget	1	399699
1998.575	0.8	NonTarget	1	399715
1998.66	0.8	NonTarget	1	399732
1998.745	0.8	NonTarget	1	399749
1998.825	0.8	NonTarget	1	399765
1998.91	0.8	NonTarget	1	399782
1998.995	0.8	NonTarget	1	399799
1999.075	0.8	NonTarget	1	399815
1999.16	0.8	NonTarget	1	399832
1999.245	0.8	NonTarget	1	399849
1999.33	0.8	Target	2	399866
1999.41	0.8	NonTarget	1	399882
1999.495	0.8	NonTarget	1	399899
1999.58	0.8	NonTarget	1	399916
1999.665	0.8	NonTarget	1	399933
1999.745	0.8	NonTarget	1	399949
1999.83	0.8	NonTarget	1	399966
1999.91	0.8	NonTarget	1	399982
1999.995	0.8	NonTarget	1	399999
2000.08	0.8	NonTarget	1	400016
2000.16	0.8	NonTarget	1	400032
2000.245	0.8	NonTarget	1	400049
2000.33	0.8	NonTarget	1	400066
2000.73	0.8	NonTarget	1	400146
2000.815	0.8	NonTarget	1	400163
2000.895	0.8	NonTarget	1	400179
2000.98	0.8	NonTarget	1	400196
2001.065	0.8	NonTarget	1	400213
2001.145	0.8	NonTarget	1	400229
2001.23	0.8	NonTarget	1	400246
2001.315	0.8	Target	2	400263
2001.395	0.8	NonTarget	1	400279
2001.48	0.8	NonTarget	1	400296
2001.565	0.8	NonTarget	1	400313
2001.645	0.8	NonTarget	1	400329
2001.73	0.8	NonTarget	1	400346
2001.815	0.8	NonTarget	1	400363
2001.895	0.8	NonTarget	1	400379
2001.98	0.8	NonTarget	1	400396
2002.065	0.8	NonTarget	1	400413
2002.15	0.8	NonTarget	1	400430
2002.23	0.8	NonTarget	1	400446
2002.315	0.8	NonTarget	1	400463
2002.4	0.8	NonTarget	1	400480
2002.48	0.8	NonTarget	1	400496
2002.565	0.8	NonTarget	1	400513
2002.65	0.8	NonTarget	1	400530
2002.735	0.8	NonTarget	1	400547
2002.815	0.8	NonTarget	1	400563
2002.9	0.8	NonTarget	1	400580
2002.985	0.8	NonTarget	1	400597
2003.065	0.8	NonTarget	1	400613
2003.15	0.8	NonTarget	1	400630
2003.55	0.8	NonTarget	1	400710
2003.635	0.8	NonTarget	1	400727
2003.72	0.8	NonTarget	1	400744
2003.8	0.8	NonTarget	1	400760
2003.885	0.8	NonTarget	1	400777
2003.97	0.8	NonTarget	1	400794
2004.05	0.8	NonTarget	1	400810
2004.135	0.8	NonTarget	1	400827
2004.22	0.8	NonTarget	1	400844
2004.3	0.8	NonTarget	1	400860
2004.385	0.8	NonTarget	1	400877
2004.47	0.8	NonTarget	1	400894
2004.55	0.8	NonTarget	1	400910
2004.635	0.8	NonTarget	1	400927
2004.72	0.8	NonTarget	1	400944
2004.8	0.8	NonTarget	1	400960
2004.885	0.8	NonTarget	1	400977
2004.97	0.8	NonTarget	1	400994
2005.055	0.8	NonTarget	1	401011
2005.135	0.8	NonTarget	1	401027
2005.22	0.8	NonTarget	1	401044
2005.305	0.8	NonTarget	1	401061
2005.385	0.8	Target	2	401077
2005.47	0.8	NonTarget	1	401094
2005.555	0.8	NonTarget	1	401111
2005.635	0.8	NonTarget	1	401127
2005.72	0.8	NonTarget	1	401144
2005.805	0.8	NonTarget	1	401161
2005.885	0.8	NonTarget	1	401177
2005.97	0.8	NonTarget	1	401194
2006.37	0.8	NonTarget	1	401274
2006.455	0.8	NonTarget	1	401291
2006.535	0.8	NonTarget	1	401307
2006.62	0.8	NonTarget	1	401324
2006.705	0.8	NonTarget	1	401341
2006.79	0.8	NonTarget	1	401358
2006.87	0.8	NonTarget	1	401374
2006.955	0.8	NonTarget	1	401391
2007.04	0.8	NonTarget	1	401408
2007.12	0.8	NonTarget	1	401424
2007.205	0.8	NonTarget	1	401441
2007.29	0.8	NonTarget	1	401458
2007.37	0.8	NonTarget	1	401474
2007.455	0.8	NonTarget	1	401491
2007.54	0.8	NonTarget	1	401508
2007.62	0.8	NonTarget	1	401524
2007.705	0.8	NonTarget	1	401541
2007.79	0.8	Target	2	401558
2007.875	0.8	NonTarget	1	401575
2007.955	0.8	NonTarget	1	401591
2008.04	0.8	NonTarget	1	401608
2008.125	0.8	NonTarget	1	401625
2008.205	0.8	NonTarget	1	401641
2008.29	0.8	NonTarget	1	401658
2008.375	0.8	NonTarget	1	401675
2008.455	0.8	NonTarget	1	401691
2008.54	0.8	NonTarget	1	401708
2008.625	0.8	NonTarget	1	401725
2008.71	0.8	NonTarget	1	401742
2008.79	0.8	NonTarget	1	401758
2009.19	0.8	NonTarget	1	401838
2009.275	0.8	NonTarget	1	401855
2009.36	0.8	NonTarget	1	401872
2009.44	0.8	NonTarget	1	401888
2009.525	0.8	NonTarget	1	401905
2009.61	0.8	NonTarget	1	401922
2009.695	0.8	NonTarget	1	401939
2009.775	0.8	Target	2	401955
2009.86	0.8	NonTarget	1	401972
2009.945	0.8	NonTarget	1	401989
2010.025	0.8	NonTarget	1	402005
2010.11	0.8	NonTarget	1	402022
2010.195	0.8	NonTarget	1	402039
2010.275	0.8	NonTarget	1	402055
2010.36	0.8	NonTarget	1	402072
2010.44	0.8	NonTarget	1	402088
2010.525	0.8	NonTarget	1	402105
2010.61	0.8	NonTarget	1	402122
2010.695	0.8	NonTarget	1	402139
2010.775	0.8	NonTarget	1	402155
2010.86	0.8	NonTarget	1	402172
2010.945	0.8	NonTarget	1	402189
2011.03	0.8	NonTarget	1	402206
2011.11	0.8	NonTarget	1	402222
2011.195	0.8	NonTarget	1	402239
2011.28	0.8	NonTarget	1	402256
2011.36	0.8	NonTarget	1	402272
2011.445	0.8	NonTarget	1	402289
2011.53	0.8	NonTarget	1	402306
2011.61	0.8	NonTarget	1	402322
2012.01	0.8	NonTarget	1	402402
2012.095	0.8	NonTarget	1	402419
2012.18	0.8	NonTarget	1	402436
2012.265	0.8	NonTarget	1	402453
2012.345	0.8	NonTarget	1	402469
2012.43	0.8	NonTarget	1	402486
2012.515	0.8	NonTarget	1	402503
2012.595	0.8	NonTarget	1	402519
2012.68	0.8	NonTarget	1	402536
2012.76	0.8	NonTarget	1	402552
2012.845	0.8	NonTarget	1	402569
2012.93	0.8	NonTarget	1	402586
2013.015	0.8	NonTarget	1	402603
2013.095	0.8	NonTarget	1	402619
2013.18	0.8	NonTarget	1	402636
2013.265	0.8	NonTarget	1	402653
2013.345	0.8	NonTarget	1	402669
2013.43	0.8	Target	2	402686
2013.515	0.8	NonTarget	1	402703
2013.6	0.8	NonTarget	1	402720
2013.68	0.8	NonTarget	1	402736
2013.765	0.8	NonTarget	1	402753
2013.85	0.8	NonTarget	1	402770
2013.93	0.8	NonTarget	1	402786
2014.015	0.8	NonTarget	1	402803
2014.1	0.8	NonTarget	1	402820
2014.18	0.8	NonTarget	1	402836
2014.265	0.8	NonTarget	1	402853
2014.35	0.8	NonTarget	1	402870
2014.435	0.8	NonTarget	1	402887
2023.55	0.8	NonTarget	1	404710
2023.63	0.8	NonTarget	1	404726
2023.71	0.8	NonTarget	1	404742
2023.795	0.8	NonTarget	1	404759
2023.88	0.8	NonTarget	1	404776
2023.965	0.8	NonTarget	1	404793
2024.045	0.8	NonTarget	1	404809
2024.13	0.8	NonTarget	1	404826
2024.215	0.8	NonTarget	1	404843
2024.295	0.8	NonTarget	1	404859
2024.38	0.8	NonTarget	1	404876
2024.465	0.8	Target	2	404893
2024.545	0.8	NonTarget	1	404909
2024.63	0.8	NonTarget	1	404926
2024.715	0.8	NonTarget	1	404943
2024.795	0.8	NonTarget	1	404959
2024.88	0.8	NonTarget	1	404976
2024.965	0.8	NonTarget	1	404993
2025.05	0.8	NonTarget	1	405010
2025.13	0.8	NonTarget	1	405026
2025.215	0.8	NonTarget	1	405043
2025.3	0.8	NonTarget	1	405060
2025.38	0.8	NonTarget	1	405076
2025.465	0.8	NonTarget	1	405093
2025.545	0.8	NonTarget	1	405109
2025.63	0.8	NonTarget	1	405126
2025.715	0.8	NonTarget	1	405143
2025.8	0.8	NonTarget	1	405160
2025.88	0.8	NonTarget	1	405176
2025.965	0.8	NonTarget	1	405193
2026.365	0.8	NonTarget	1	405273
2026.45	0.8	NonTarget	1	405290
2026.535	0.8	NonTarget	1	405307
2026.615	0.8	NonTarget	1	405323
2026.7	0.8	NonTarget	1	405340
2026.785	0.8	NonTarget	1	405357
2026.865	0.8	NonTarget	1	405373
2026.95	0.8	NonTarget	1	405390
2027.035	0.8	NonTarget	1	405407
2027.115	0.8	NonTarget	1	405423
2027.2	0.8	NonTarget	1	405440
2027.285	0.8	NonTarget	1	405457
2027.37	0.8	NonTarget	1	405474
2027.45	0.8	NonTarget	1	405490
2027.535	0.8	NonTarget	1	405507
2027.615	0.8	NonTarget	1	405523
2027.7	0.8	NonTarget	1	405540
2027.785	0.8	NonTarget	1	405557
2027.87	0.8	NonTarget	1	405574
2027.95	0.8	NonTarget	1	405590
2028.035	0.8	NonTarget	1	405607
2028.12	0.8	Target	2	405624
2028.2	0.8	NonTarget	1	405640
2028.285	0.8	NonTarget	1	405657
2028.37	0.8	NonTarget	1	405674
2028.455	0.8	NonTarget	1	405691
2028.535	0.8	NonTarget	1	405707
2028.62	0.8	NonTarget	1	405724
2028.705	0.8	NonTarget	1	405741
2028.785	0.8	NonTarget	1	405757
2029.185	0.8	NonTarget	1	405837
2029.27	0.8	NonTarget	1	405854
2029.355	0.8	NonTarget	1	405871
2029.435	0.8	NonTarget	1	405887
2029.52	0.8	NonTarget	1	405904
2029.605	0.8	NonTarget	1	405921
2029.685	0.8	NonTarget	1	405937
2029.77	0.8	NonTarget	1	405954
2029.855	0.8	NonTarget	1	405971
2029.935	0.8	NonTarget	1	405987
2030.02	0.8	NonTarget	1	406004
2030.105	0.8	Target	2	406021
2030.19	0.8	NonTarget	1	406038
2030.27	0.8	NonTarget	1	406054
2030.355	0.8	NonTarget	1	406071
2030.44	0.8	NonTarget	1	406088
2030.52	0.8	NonTarget	1	406104
2030.605	0.8	NonTarget	1	406121
2030.69	0.8	NonTarget	1	406138
2030.77	0.8	NonTarget	1	406154
2030.855	0.8	NonTarget	1	406171
2030.94	0.8	NonTarget	1	406188
2031.025	0.8	NonTarget	1	406205
2031.105	0.8	NonTarget	1	406221
2031.19	0.8	NonTarget	1	406238
2031.27	0.8	NonTarget	1	406254
2031.355	0.8	NonTarget	1	406271
2031.44	0.8	NonTarget	1	406288
2031.525	0.8	NonTarget	1	406305
2031.605	0.8	NonTarget	1	406321
2032.005	0.8	NonTarget	1	406401
2032.09	0.8	NonTarget	1	406418
2032.175	0.8	NonTarget	1	406435
2032.26	0.8	NonTarget	1	406452
2032.34	0.8	NonTarget	1	406468
2032.425	0.8	NonTarget	1	406485
2032.51	0.8	Target	2	406502
2032.59	0.8	NonTarget	1	406518
2032.675	0.8	NonTarget	1	406535
2032.76	0.8	NonTarget	1	406552
2032.84	0.8	NonTarget	1	406568
2032.925	0.8	NonTarget	1	406585
2033.01	0.8	NonTarget	1	406602
2033.09	0.8	NonTarget	1	406618
2033.175	0.8	NonTarget	1	406635
2033.26	0.8	NonTarget	1	406652
2033.345	0.8	NonTarget	1	406669
2033.425	0.8	NonTarget	1	406685
2033.51	0.8	NonTarget	1	406702
2033.595	0.8	NonTarget	1	406719
2033.675	0.8	NonTarget	1	406735
2033.76	0.8	NonTarget	1	406752
2033.845	0.8	NonTarget	1	406769
2033.925	0.8	NonTarget	1	406785
2034.01	0.8	NonTarget	1	406802
2034.095	0.8	NonTarget	1	406819
2034.175	0.8	NonTarget	1	406835
2034.26	0.8	NonTarget	1	406852
2034.345	0.8	NonTarget	1	406869
2034.425	0.8	NonTarget	1	406885
2034.825	0.8	NonTarget	1	406965
2034.91	0.8	NonTarget	1	406982
2034.995	0.8	NonTarget	1	406999
2035.08	0.8	NonTarget	1	407016
2035.16	0.8	NonTarget	1	407032
2035.245	0.8	NonTarget	1	407049
2035.33	0.8	NonTarget	1	407066
2035.41	0.8	NonTarget	1	407082
2035.495	0.8	NonTarget	1	407099
2035.58	0.8	NonTarget	1	407116
2035.665	0.8	NonTarget	1	407133
2035.745	0.8	NonTarget	1	407149
2035.83	0.8	NonTarget	1	407166
2035.915	0.8	NonTarget	1	407183
2035.995	0.8	NonTarget	1	407199
2036.08	0.8	NonTarget	1	407216
2036.165	0.8	NonTarget	1	407233
2036.245	0.8	NonTarget	1	407249
2036.33	0.8	NonTarget	1	407266
2036.415	0.8	NonTarget	1	407283
2036.495	0.8	NonTarget	1	407299
2036.58	0.8	Target	2	407316
2036.665	0.8	NonTarget	1	407333
2036.745	0.8	NonTarget	1	407349
2036.83	0.8	NonTarget	1	407366
2036.915	0.8	NonTarget	1	407383
2037.0	0.8	NonTarget	1	407400
2037.08	0.8	NonTarget	1	407416
2037.165	0.8	NonTarget	1	407433
2037.25	0.8	NonTarget	1	407450
2037.65	0.8	NonTarget	1	407530
2037.735	0.8	NonTarget	1	407547
2037.815	0.8	NonTarget	1	407563
2037.9	0.8	NonTarget	1	407580
2037.985	0.8	NonTarget	1	407597
2038.065	0.8	NonTarget	1	407613
2038.15	0.8	NonTarget	1	407630
2038.23	0.8	NonTarget	1	407646
2038.315	0.8	NonTarget	1	407663
2038.4	0.8	NonTarget	1	407680
2038.485	0.8	NonTarget	1	407697
2038.565	0.8	Target	2	407713
2038.65	0.8	NonTarget	1	407730
2038.735	0.8	NonTarget	1	407747
2038.815	0.8	NonTarget	1	407763
2038.9	0.8	NonTarget	1	407780
2038.985	0.8	NonTarget	1	407797
2039.07	0.8	NonTarget	1	407814
2039.15	0.8	NonTarget	1	407830
2039.235	0.8	NonTarget	1	407847
2039.32	0.8	NonTarget	1	407864
2039.4	0.8	NonTarget	1	407880
2039.485	0.8	NonTarget	1	407897
2039.57	0.8	NonTarget	1	407914
2039.65	0.8	NonTarget	1	407930
2039.735	0.8	NonTarget	1	407947
2039.82	0.8	NonTarget	1	407964
2039.905	0.8	NonTarget	1	407981
2039.985	0.8	NonTarget	1	407997
2040.07	0.8	NonTarget	1	408014
2040.47	0.8	NonTarget	1	408094
2040.55	0.8	NonTarget	1	408110
2040.635	0.8	NonTarget	1	408127
2040.72	0.8	NonTarget	1	408144
2040.805	0.8	NonTarget	1	408161
2040.885	0.8	NonTarget	1	408177
2040.97	0.8	NonTarget	1	408194
2041.055	0.8	NonTarget	1	408211
2041.14	0.8	NonTarget	1	408228
2041.22	0.8	NonTarget	1	408244
2041.305	0.8	NonTarget	1	408261
2041.385	0.8	NonTarget	1	408277
2041.47	0.8	NonTarget	1	408294
2041.555	0.8	NonTarget	1	408311
2041.635	0.8	NonTarget	1	408327
2041.72	0.8	NonTarget	1	408344
2041.805	0.8	Target	2	408361
2041.89	0.8	NonTarget	1	408378
2041.97	0.8	NonTarget	1	408394
2042.055	0.8	NonTarget	1	408411
2042.14	0.8	NonTarget	1	408428
2042.22	0.8	NonTarget	1	408444
2042.305	0.8	NonTarget	1	408461
2042.39	0.8	NonTarget	1	408478
2042.475	0.8	NonTarget	1	408495
2042.555	0.8	NonTarget	1	408511
2042.635	0.8	NonTarget	1	408527
2042.72	0.8	NonTarget	1	408544
2042.805	0.8	NonTarget	1	408561
2042.89	0.8	NonTarget	1	408578
2043.29	0.8	NonTarget	1	408658
2043.375	0.8	NonTarget	1	408675
2043.455	0.8	NonTarget	1	408691
2043.54	0.8	NonTarget	1	408708
2043.625	0.8	NonTarget	1	408725
2043.705	0.8	NonTarget	1	408741
2043.79	0.8	NonTarget	1	408758
2043.875	0.8	NonTarget	1	408775
2043.96	0.8	NonTarget	1	408792
2044.04	0.8	NonTarget	1	408808
2044.125	0.8	NonTarget	1	408825
2044.205	0.8	NonTarget	1	408841
2044.29	0.8	NonTarget	1	408858
2044.375	0.8	NonTarget	1	408875
2044.46	0.8	NonTarget	1	408892
2044.54	0.8	NonTarget	1	408908
2044.625	0.8	NonTarget	1	408925
2044.71	0.8	NonTarget	1	408942
2044.79	0.8	NonTarget	1	408958
2044.875	0.8	NonTarget	1	408975
2044.96	0.8	NonTarget	1	408992
2045.045	0.8	NonTarget	1	409009
2045.125	0.8	NonTarget	1	409025
2045.21	0.8	NonTarget	1	409042
2045.295	0.8	NonTarget	1	409059
2045.375	0.8	NonTarget	1	409075
2045.46	0.8	Target	2	409092
2045.545	0.8	NonTarget	1	409109
2045.625	0.8	NonTarget	1	409125
2045.71	0.8	NonTarget	1	409142
2046.11	0.8	NonTarget	1	409222
2046.195	0.8	NonTarget	1	409239
2046.28	0.8	NonTarget	1	409256
2046.36	0.8	NonTarget	1	409272
2046.445	0.8	NonTarget	1	409289
2046.53	0.8	NonTarget	1	409306
2046.61	0.8	Target	2	409322
2046.695	0.8	NonTarget	1	409339
2046.78	0.8	NonTarget	1	409356
2046.865	0.8	NonTarget	1	409373
2046.945	0.8	NonTarget	1	409389
2047.03	0.8	NonTarget	1	409406
2047.11	0.8	NonTarget	1	409422
2047.195	0.8	NonTarget	1	409439
2047.28	0.8	NonTarget	1	409456
2047.36	0.8	NonTarget	1	409472
2047.445	0.8	NonTarget	1	409489
2047.53	0.8	NonTarget	1	409506
2047.615	0.8	NonTarget	1	409523
2047.695	0.8	NonTarget	1	409539
2047.78	0.8	NonTarget	1	409556
2047.865	0.8	NonTarget	1	409573
2047.945	0.8	NonTarget	1	409589
2048.03	0.8	NonTarget	1	409606
2048.115	0.8	NonTarget	1	409623
2048.195	0.8	NonTarget	1	409639
2048.28	0.8	NonTarget	1	409656
2048.365	0.8	NonTarget	1	409673
2048.45	0.8	NonTarget	1	409690
2048.53	0.8	NonTarget	1	409706
2048.93	0.8	NonTarget	1	409786
2049.015	0.8	NonTarget	1	409803
2049.1	0.8	NonTarget	1	409820
2049.18	0.8	NonTarget	1	409836
2049.265	0.8	NonTarget	1	409853
2049.35	0.8	NonTarget	1	409870
2049.43	0.8	NonTarget	1	409886
2049.515	0.8	NonTarget	1	409903
2049.6	0.8	NonTarget	1	409920
2049.68	0.8	NonTarget	1	409936
2049.765	0.8	NonTarget	1	409953
2049.85	0.8	NonTarget	1	409970
2049.935	0.8	NonTarget	1	409987
2050.02	0.8	NonTarget	1	410004
2050.1	0.8	NonTarget	1	410020
2050.185	0.8	NonTarget	1	410037
2050.265	0.8	NonTarget	1	410053
2050.35	0.8	NonTarget	1	410070
2050.435	0.8	NonTarget	1	410087
2050.515	0.8	NonTarget	1	410103
2050.6	0.8	NonTarget	1	410120
2050.685	0.8	NonTarget	1	410137
2050.765	0.8	NonTarget	1	410153
2050.85	0.8	NonTarget	1	410170
2050.935	0.8	NonTarget	1	410187
2051.02	0.8	NonTarget	1	410204
2051.1	0.8	Target	2	410220
2051.185	0.8	NonTarget	1	410237
2051.27	0.8	NonTarget	1	410254
2051.35	0.8	NonTarget	1	410270
2060.47	0.8	NonTarget	1	412094
2060.55	0.8	NonTarget	1	412110
2060.63	0.8	NonTarget	1	412126
2060.715	0.8	NonTarget	1	412143
2060.8	0.8	NonTarget	1	412160
2060.88	0.8	NonTarget	1	412176
2060.965	0.8	NonTarget	1	412193
2061.05	0.8	NonTarget	1	412210
2061.13	0.8	NonTarget	1	412226
2061.215	0.8	NonTarget	1	412243
2061.3	0.8	NonTarget	1	412260
2061.385	0.8	NonTarget	1	412277
2061.465	0.8	NonTarget	1	412293
2061.55	0.8	NonTarget	1	412310
2061.635	0.8	NonTarget	1	412327
2061.715	0.8	NonTarget	1	412343
2061.8	0.8	NonTarget	1	412360
2061.88	0.8	NonTarget	1	412376
2061.965	0.8	NonTarget	1	412393
2062.05	0.8	NonTarget	1	412410
2062.135	0.8	NonTarget	1	412427
2062.22	0.8	NonTarget	1	412444
2062.3	0.8	NonTarget	1	412460
2062.385	0.8	Target	2	412477
2062.465	0.8	NonTarget	1	412493
2062.55	0.8	NonTarget	1	412510
2062.635	0.8	NonTarget	1	412527
2062.715	0.8	NonTarget	1	412543
2062.8	0.8	NonTarget	1	412560
2062.885	0.8	NonTarget	1	412577
2063.285	0.8	NonTarget	1	412657
2063.37	0.8	NonTarget	1	412674
2063.45	0.8	NonTarget	1	412690
2063.535	0.8	NonTarget	1	412707
2063.62	0.8	NonTarget	1	412724
2063.705	0.8	NonTarget	1	412741
2063.785	0.8	NonTarget	1	412757
2063.87	0.8	NonTarget	1	412774
2063.95	0.8	Target	2	412790
2064.035	0.8	NonTarget	1	412807
2064.12	0.8	NonTarget	1	412824
2064.205	0.8	NonTarget	1	412841
2064.285	0.8	NonTarget	1	412857
2064.37	0.8	NonTarget	1	412874
2064.455	0.8	NonTarget	1	412891
2064.54	0.8	NonTarget	1	412908
2064.62	0.8	NonTarget	1	412924
2064.705	0.8	NonTarget	1	412941
2064.79	0.8	NonTarget	1	412958
2064.87	0.8	NonTarget	1	412974
2064.955	0.8	NonTarget	1	412991
2065.04	0.8	NonTarget	1	413008
2065.12	0.8	NonTarget	1	413024
2065.205	0.8	NonTarget	1	413041
2065.285	0.8	NonTarget	1	413057
2065.37	0.8	NonTarget	1	413074
2065.455	0.8	NonTarget	1	413091
2065.54	0.8	NonTarget	1	413108
2065.62	0.8	NonTarget	1	413124
2065.705	0.8	NonTarget	1	413141
2066.105	0.8	NonTarget	1	413221
2066.19	0.8	NonTarget	1	413238
2066.275	0.8	NonTarget	1	413255
2066.355	0.8	NonTarget	1	413271
2066.44	0.8	NonTarget	1	413288
2066.525	0.8	NonTarget	1	413305
2066.605	0.8	NonTarget	1	413321
2066.69	0.8	NonTarget	1	413338
2066.775	0.8	Target	2	413355
2066.855	0.8	NonTarget	1	413371
2066.94	0.8	NonTarget	1	413388
2067.025	0.8	NonTarget	1	413405
2067.105	0.8	NonTarget	1	413421
2067.19	0.8	NonTarget	1	413438
2067.275	0.8	NonTarget	1	413455
2067.36	0.8	NonTarget	1	413472
2067.44	0.8	NonTarget	1	413488
2067.525	0.8	NonTarget	1	413505
2067.605	0.8	NonTarget	1	413521
2067.69	0.8	NonTarget	1	413538
2067.775	0.8	NonTarget	1	413555
2067.855	0.8	NonTarget	1	413571
2067.94	0.8	NonTarget	1	413588
2068.025	0.8	NonTarget	1	413605
2068.11	0.8	NonTarget	1	413622
2068.19	0.8	NonTarget	1	413638
2068.275	0.8	NonTarget	1	413655
2068.36	0.8	NonTarget	1	413672
2068.44	0.8	NonTarget	1	413688
2068.525	0.8	NonTarget	1	413705
2068.93	0.8	NonTarget	1	413786
2069.01	0.8	NonTarget	1	413802
2069.095	0.8	NonTarget	1	413819
2069.175	0.8	Target	2	413835
2069.26	0.8	NonTarget	1	413852
2069.345	0.8	NonTarget	1	413869
2069.425	0.8	NonTarget	1	413885
2069.51	0.8	NonTarget	1	413902
2069.595	0.8	NonTarget	1	413919
2069.68	0.8	NonTarget	1	413936
2069.76	0.8	NonTarget	1	413952
2069.845	0.8	NonTarget	1	413969
2069.925	0.8	NonTarget	1	413985
2070.01	0.8	NonTarget	1	414002
2070.095	0.8	NonTarget	1	414019
2070.175	0.8	NonTarget	1	414035
2070.26	0.8	NonTarget	1	414052
2070.345	0.8	NonTarget	1	414069
2070.43	0.8	NonTarget	1	414086
2070.51	0.8	NonTarget	1	414102
2070.595	0.8	NonTarget	1	414119
2070.68	0.8	NonTarget	1	414136
2070.76	0.8	NonTarget	1	414152
2070.845	0.8	NonTarget	1	414169
2070.93	0.8	NonTarget	1	414186
2071.015	0.8	NonTarget	1	414203
2071.095	0.8	NonTarget	1	414219
2071.18	0.8	NonTarget	1	414236
2071.265	0.8	NonTarget	1	414253
2071.345	0.8	NonTarget	1	414269
2071.745	0.8	NonTarget	1	414349
2071.83	0.8	NonTarget	1	414366
2071.915	0.8	NonTarget	1	414383
2072.0	0.8	NonTarget	1	414400
2072.08	0.8	NonTarget	1	414416
2072.165	0.8	NonTarget	1	414433
2072.25	0.8	NonTarget	1	414450
2072.33	0.8	NonTarget	1	414466
2072.415	0.8	NonTarget	1	414483
2072.5	0.8	NonTarget	1	414500
2072.58	0.8	NonTarget	1	414516
2072.665	0.8	NonTarget	1	414533
2072.745	0.8	NonTarget	1	414549
2072.83	0.8	NonTarget	1	414566
2072.915	0.8	NonTarget	1	414583
2073.0	0.8	NonTarget	1	414600
2073.08	0.8	NonTarget	1	414616
2073.165	0.8	NonTarget	1	414633
2073.25	0.8	NonTarget	1	414650
2073.335	0.8	NonTarget	1	414667
2073.415	0.8	NonTarget	1	414683
2073.5	0.8	NonTarget	1	414700
2073.585	0.8	NonTarget	1	414717
2073.665	0.8	NonTarget	1	414733
2073.75	0.8	NonTarget	1	414750
2073.835	0.8	NonTarget	1	414767
2073.915	0.8	NonTarget	1	414783
2074.0	0.8	NonTarget	1	414800
2074.085	0.8	Target	2	414817
2074.165	0.8	NonTarget	1	414833
2074.57	0.8	NonTarget	1	414914
2074.65	0.8	NonTarget	1	414930
2074.735	0.8	NonTarget	1	414947
2074.82	0.8	NonTarget	1	414964
2074.9	0.8	NonTarget	1	414980
2074.985	0.8	NonTarget	1	414997
2075.07	0.8	NonTarget	1	415014
2075.15	0.8	NonTarget	1	415030
2075.235	0.8	NonTarget	1	415047
2075.32	0.8	NonTarget	1	415064
2075.4	0.8	NonTarget	1	415080
2075.485	0.8	NonTarget	1	415097
2075.57	0.8	NonTarget	1	415114
2075.655	0.8	NonTarget	1	415131
2075.735	0.8	NonTarget	1	415147
2075.82	0.8	NonTarget	1	415164
2075.905	0.8	NonTarget	1	415181
2075.985	0.8	NonTarget	1	415197
2076.07	0.8	NonTarget	1	415214
2076.155	0.8	NonTarget	1	415231
2076.235	0.8	NonTarget	1	415247
2076.32	0.8	NonTarget	1	415264
2076.405	0.8	NonTarget	1	415281
2076.485	0.8	Target	2	415297
2076.57	0.8	NonTarget	1	415314
2076.655	0.8	NonTarget	1	415331
2076.735	0.8	NonTarget	1	415347
2076.82	0.8	NonTarget	1	415364
2076.905	0.8	NonTarget	1	415381
2076.985	0.8	NonTarget	1	415397
2077.39	0.8	NonTarget	1	415478
2077.47	0.8	NonTarget	1	415494
2077.555	0.8	NonTarget	1	415511
2077.64	0.8	NonTarget	1	415528
2077.72	0.8	NonTarget	1	415544
2077.805	0.8	NonTarget	1	415561
2077.89	0.8	NonTarget	1	415578
2077.97	0.8	NonTarget	1	415594
2078.055	0.8	Target	2	415611
2078.14	0.8	NonTarget	1	415628
2078.225	0.8	NonTarget	1	415645
2078.31	0.8	NonTarget	1	415662
2078.39	0.8	NonTarget	1	415678
2078.475	0.8	NonTarget	1	415695
2078.555	0.8	NonTarget	1	415711
2078.64	0.8	NonTarget	1	415728
2078.725	0.8	NonTarget	1	415745
2078.805	0.8	NonTarget	1	415761
2078.89	0.8	NonTarget	1	415778
2078.975	0.8	NonTarget	1	415795
2079.055	0.8	NonTarget	1	415811
2079.14	0.8	NonTarget	1	415828
2079.225	0.8	NonTarget	1	415845
2079.31	0.8	NonTarget	1	415862
2079.39	0.8	NonTarget	1	415878
2079.475	0.8	NonTarget	1	415895
2079.56	0.8	NonTarget	1	415912
2079.64	0.8	NonTarget	1	415928
2079.725	0.8	NonTarget	1	415945
2079.81	0.8	NonTarget	1	415962
2080.21	0.8	NonTarget	1	416042
2080.29	0.8	NonTarget	1	416058
2080.375	0.8	NonTarget	1	416075
2080.46	0.8	NonTarget	1	416092
2080.545	0.8	NonTarget	1	416109
2080.625	0.8	NonTarget	1	416125
2080.71	0.8	NonTarget	1	416142
2080.79	0.8	NonTarget	1	416158
2080.875	0.8	NonTarget	1	416175
2080.96	0.8	NonTarget	1	416192
2081.045	0.8	NonTarget	1	416209
2081.13	0.8	NonTarget	1	416226
2081.21	0.8	NonTarget	1	416242
2081.295	0.8	NonTarget	1	416259
2081.375	0.8	NonTarget	1	416275
2081.46	0.8	NonTarget	1	416292
2081.545	0.8	NonTarget	1	416309
2081.63	0.8	NonTarget	1	416326
2081.71	0.8	NonTarget	1	416342
2081.795	0.8	NonTarget	1	416359
2081.875	0.8	NonTarget	1	416375
2081.96	0.8	NonTarget	1	416392
2082.045	0.8	NonTarget	1	416409
2082.13	0.8	Target	2	416426
2082.215	0.8	NonTarget	1	416443
2082.295	0.8	NonTarget	1	416459
2082.38	0.8	NonTarget	1	416476
2082.465	0.8	NonTarget	1	416493
2082.545	0.8	NonTarget	1	416509
2082.63	0.8	NonTarget	1	416526
2083.03	0.8	NonTarget	1	416606
2083.11	0.8	NonTarget	1	416622
2083.195	0.8	NonTarget	1	416639
2083.28	0.8	NonTarget	1	416656
2083.365	0.8	NonTarget	1	416673
2083.445	0.8	NonTarget	1	416689
2083.53	0.8	NonTarget	1	416706
2083.615	0.8	NonTarget	1	416723
2083.695	0.8	NonTarget	1	416739
2083.78	0.8	NonTarget	1	416756
2083.865	0.8	NonTarget	1	416773
2083.95	0.8	NonTarget	1	416790
2084.03	0.8	NonTarget	1	416806
2084.115	0.8	NonTarget	1	416823
2084.195	0.8	NonTarget	1	416839
2084.28	0.8	NonTarget	1	416856
2084.365	0.8	NonTarget	1	416873
2084.45	0.8	NonTarget	1	416890
2084.53	0.8	NonTarget	1	416906
2084.615	0.8	NonTarget	1	416923
2084.7	0.8	NonTarget	1	416940
2084.78	0.8	NonTarget	1	416956
2084.865	0.8	NonTarget	1	416973
2084.95	0.8	Target	2	416990
2085.035	0.8	NonTarget	1	417007
2085.115	0.8	NonTarget	1	417023
2085.2	0.8	NonTarget	1	417040
2085.28	0.8	NonTarget	1	417056
2085.365	0.8	NonTarget	1	417073
2085.45	0.8	NonTarget	1	417090
2085.85	0.8	NonTarget	1	417170
2085.935	0.8	NonTarget	1	417187
2086.015	0.8	NonTarget	1	417203
2086.1	0.8	NonTarget	1	417220
2086.185	0.8	NonTarget	1	417237
2086.27	0.8	NonTarget	1	417254
2086.35	0.8	NonTarget	1	417270
2086.435	0.8	NonTarget	1	417287
2086.515	0.8	NonTarget	1	417303
2086.6	0.8	NonTarget	1	417320
2086.685	0.8	NonTarget	1	417337
2086.77	0.8	NonTarget	1	417354
2086.85	0.8	NonTarget	1	417370
2086.935	0.8	NonTarget	1	417387
2087.02	0.8	NonTarget	1	417404
2087.1	0.8	NonTarget	1	417420
2087.185	0.8	NonTarget	1	417437
2087.27	0.8	NonTarget	1	417454
2087.355	0.8	NonTarget	1	417471
2087.435	0.8	NonTarget	1	417487
2087.52	0.8	NonTarget	1	417504
2087.605	0.8	NonTarget	1	417521
2087.685	0.8	NonTarget	1	417537
2087.77	0.8	NonTarget	1	417554
2087.85	0.8	NonTarget	1	417570
2087.935	0.8	NonTarget	1	417587
2088.02	0.8	NonTarget	1	417604
2088.105	0.8	NonTarget	1	417621
2088.19	0.8	Target	2	417638
2088.27	0.8	NonTarget	1	417654
2097.385	0.8	NonTarget	1	419477
2097.465	0.8	NonTarget	1	419493
2097.55	0.8	NonTarget	1	419510
2097.635	0.8	NonTarget	1	419527
2097.715	0.8	NonTarget	1	419543
2097.8	0.8	NonTarget	1	419560
2097.885	0.8	NonTarget	1	419577
2097.97	0.8	NonTarget	1	419594
2098.05	0.8	NonTarget	1	419610
2098.135	0.8	NonTarget	1	419627
2098.22	0.8	NonTarget	1	419644
2098.3	0.8	NonTarget	1	419660
2098.385	0.8	NonTarget	1	419677
2098.47	0.8	NonTarget	1	419694
2098.55	0.8	NonTarget	1	419710
2098.635	0.8	NonTarget	1	419727
2098.72	0.8	NonTarget	1	419744
2098.8	0.8	NonTarget	1	419760
2098.885	0.8	NonTarget	1	419777
2098.97	0.8	NonTarget	1	419794
2099.05	0.8	NonTarget	1	419810
2099.135	0.8	NonTarget	1	419827
2099.22	0.8	NonTarget	1	419844
2099.305	0.8	NonTarget	1	419861
2099.385	0.8	NonTarget	1	419877
2099.47	0.8	Target	2	419894
2099.55	0.8	NonTarget	1	419910
2099.635	0.8	NonTarget	1	419927
2099.72	0.8	NonTarget	1	419944
2099.805	0.8	NonTarget	1	419961
2100.205	0.8	NonTarget	1	420041
2100.29	0.8	NonTarget	1	420058
2100.37	0.8	NonTarget	1	420074
2100.455	0.8	NonTarget	1	420091
2100.54	0.8	NonTarget	1	420108
2100.62	0.8	NonTarget	1	420124
2100.705	0.8	NonTarget	1	420141
2100.79	0.8	NonTarget	1	420158
2100.87	0.8	NonTarget	1	420174
2100.955	0.8	NonTarget	1	420191
2101.04	0.8	Target	2	420208
2101.12	0.8	NonTarget	1	420224
2101.205	0.8	NonTarget	1	420241
2101.29	0.8	NonTarget	1	420258
2101.37	0.8	NonTarget	1	420274
2101.455	0.8	NonTarget	1	420291
2101.54	0.8	NonTarget	1	420308
2101.62	0.8	NonTarget	1	420324
2101.705	0.8	NonTarget	1	420341
2101.79	0.8	NonTarget	1	420358
2101.875	0.8	NonTarget	1	420375
2101.955	0.8	NonTarget	1	420391
2102.04	0.8	NonTarget	1	420408
2102.125	0.8	NonTarget	1	420425
2102.205	0.8	NonTarget	1	420441
2102.29	0.8	NonTarget	1	420458
2102.375	0.8	NonTarget	1	420475
2102.46	0.8	NonTarget	1	420492
2102.54	0.8	NonTarget	1	420508
2102.625	0.8	NonTarget	1	420525
2103.025	0.8	NonTarget	1	420605
2103.11	0.8	NonTarget	1	420622
2103.19	0.8	NonTarget	1	420638
2103.275	0.8	NonTarget	1	420655
2103.36	0.8	NonTarget	1	420672
2103.44	0.8	NonTarget	1	420688
2103.525	0.8	NonTarget	1	420705
2103.61	0.8	NonTarget	1	420722
2103.69	0.8	NonTarget	1	420738
2103.775	0.8	NonTarget	1	420755
2103.86	0.8	NonTarget	1	420772
2103.945	0.8	NonTarget	1	420789
2104.025	0.8	NonTarget	1	420805
2104.11	0.8	NonTarget	1	420822
2104.195	0.8	NonTarget	1	420839
2104.275	0.8	Target	2	420855
2104.36	0.8	NonTarget	1	420872
2104.445	0.8	NonTarget	1	420889
2104.525	0.8	NonTarget	1	420905
2104.61	0.8	NonTarget	1	420922
2104.695	0.8	NonTarget	1	420939
2104.78	0.8	NonTarget	1	420956
2104.86	0.8	NonTarget	1	420972
2104.945	0.8	NonTarget	1	420989
2105.025	0.8	NonTarget	1	421005
2105.11	0.8	NonTarget	1	421022
2105.195	0.8	NonTarget	1	421039
2105.275	0.8	NonTarget	1	421055
2105.36	0.8	NonTarget	1	421072
2105.445	0.8	NonTarget	1	421089
2105.845	0.8	NonTarget	1	421169
2105.93	0.8	NonTarget	1	421186
2106.01	0.8	NonTarget	1	421202
2106.095	0.8	NonTarget	1	421219
2106.18	0.8	NonTarget	1	421236
2106.265	0.8	NonTarget	1	421253
2106.345	0.8	NonTarget	1	421269
2106.43	0.8	NonTarget	1	421286
2106.515	0.8	NonTarget	1	421303
2106.595	0.8	NonTarget	1	421319
2106.68	0.8	Target	2	421336
2106.765	0.8	NonTarget	1	421353
2106.845	0.8	NonTarget	1	421369
2106.93	0.8	NonTarget	1	421386
2107.015	0.8	NonTarget	1	421403
2107.095	0.8	NonTarget	1	421419
2107.18	0.8	NonTarget	1	421436
2107.265	0.8	NonTarget	1	421453
2107.345	0.8	NonTarget	1	421469
2107.43	0.8	NonTarget	1	421486
2107.515	0.8	NonTarget	1	421503
2107.595	0.8	NonTarget	1	421519
2107.68	0.8	NonTarget	1	421536
2107.765	0.8	NonTarget	1	421553
2107.85	0.8	NonTarget	1	421570
2107.93	0.8	NonTarget	1	421586
2108.015	0.8	NonTarget	1	421603
2108.1	0.8	NonTarget	1	421620
2108.185	0.8	NonTarget	1	421637
2108.265	0.8	NonTarget	1	421653
2108.665	0.8	NonTarget	1	421733
2108.75	0.8	NonTarget	1	421750
2108.835	0.8	NonTarget	1	421767
2108.915	0.8	NonTarget	1	421783
2109.0	0.8	NonTarget	1	421800
2109.085	0.8	NonTarget	1	421817
2109.165	0.8	NonTarget	1	421833
2109.25	0.8	NonTarget	1	421850
2109.335	0.8	NonTarget	1	421867
2109.415	0.8	NonTarget	1	421883
2109.5	0.8	NonTarget	1	421900
2109.585	0.8	NonTarget	1	421917
2109.665	0.8	NonTarget	1	421933
2109.75	0.8	NonTarget	1	421950
2109.835	0.8	NonTarget	1	421967
2109.92	0.8	Target	2	421984
2110.0	0.8	NonTarget	1	422000
2110.085	0.8	NonTarget	1	422017
2110.165	0.8	NonTarget	1	422033
2110.25	0.8	NonTarget	1	422050
2110.335	0.8	NonTarget	1	422067
2110.42	0.8	NonTarget	1	422084
2110.5	0.8	NonTarget	1	422100
2110.585	0.8	NonTarget	1	422117
2110.665	0.8	NonTarget	1	422133
2110.755	0.8	NonTarget	1	422151
2110.835	0.8	NonTarget	1	422167
2110.92	0.8	NonTarget	1	422184
2111.0	0.8	NonTarget	1	422200
2111.085	0.8	NonTarget	1	422217
2111.485	0.8	NonTarget	1	422297
2111.57	0.8	NonTarget	1	422314
2111.655	0.8	NonTarget	1	422331
2111.735	0.8	NonTarget	1	422347
2111.82	0.8	NonTarget	1	422364
2111.905	0.8	NonTarget	1	422381
2111.985	0.8	NonTarget	1	422397
2112.07	0.8	NonTarget	1	422414
2112.155	0.8	NonTarget	1	422431
2112.24	0.8	NonTarget	1	422448
2112.32	0.8	NonTarget	1	422464
2112.405	0.8	NonTarget	1	422481
2112.485	0.8	NonTarget	1	422497
2112.57	0.8	NonTarget	1	422514
2112.655	0.8	NonTarget	1	422531
2112.74	0.8	NonTarget	1	422548
2112.825	0.8	NonTarget	1	422565
2112.905	0.8	NonTarget	1	422581
2112.99	0.8	NonTarget	1	422598
2113.07	0.8	NonTarget	1	422614
2113.155	0.8	NonTarget	1	422631
2113.24	0.8	NonTarget	1	422648
2113.32	0.8	NonTarget	1	422664
2113.405	0.8	NonTarget	1	422681
2113.49	0.8	NonTarget	1	422698
2113.575	0.8	Target	2	422715
2113.655	0.8	NonTarget	1	422731
2113.74	0.8	NonTarget	1	422748
2113.825	0.8	NonTarget	1	422765
2113.905	0.8	NonTarget	1	422781
2114.305	0.8	NonTarget	1	422861
2114.39	0.8	NonTarget	1	422878
2114.475	0.8	NonTarget	1	422895
2114.56	0.8	NonTarget	1	422912
2114.64	0.8	NonTarget	1	422928
2114.725	0.8	NonTarget	1	422945
2114.805	0.8	NonTarget	1	422961
2114.89	0.8	NonTarget	1	422978
2114.975	0.8	NonTarget	1	422995
2115.06	0.8	NonTarget	1	423012
2115.145	0.8	Target	2	423029
2115.225	0.8	NonTarget	1	423045
2115.31	0.8	NonTarget	1	423062
2115.395	0.8	NonTarget	1	423079
2115.475	0.8	NonTarget	1	423095
2115.56	0.8	NonTarget	1	423112
2115.64	0.8	NonTarget	1	423128
2115.725	0.8	NonTarget	1	423145
2115.81	0.8	NonTarget	1	423162
2115.895	0.8	NonTarget	1	423179
2115.975	0.8	NonTarget	1	423195
2116.06	0.8	NonTarget	1	423212
2116.145	0.8	NonTarget	1	423229
2116.225	0.8	NonTarget	1	423245
2116.31	0.8	NonTarget	1	423262
2116.395	0.8	NonTarget	1	423279
2116.475	0.8	NonTarget	1	423295
2116.56	0.8	NonTarget	1	423312
2116.645	0.8	NonTarget	1	423329
2116.73	0.8	NonTarget	1	423346
2117.125	0.8	Target	2	423425
2117.21	0.8	NonTarget	1	423442
2117.295	0.8	NonTarget	1	423459
2117.38	0.8	NonTarget	1	423476
2117.46	0.8	NonTarget	1	423492
2117.545	0.8	NonTarget	1	423509
2117.625	0.8	NonTarget	1	423525
2117.71	0.8	NonTarget	1	423542
2117.795	0.8	NonTarget	1	423559
2117.88	0.8	NonTarget	1	423576
2117.965	0.8	NonTarget	1	423593
2118.045	0.8	NonTarget	1	423609
2118.13	0.8	NonTarget	1	423626
2118.215	0.8	NonTarget	1	423643
2118.3	0.8	NonTarget	1	423660
2118.38	0.8	NonTarget	1	423676
2118.465	0.8	NonTarget	1	423693
2118.545	0.8	NonTarget	1	423709
2118.63	0.8	NonTarget	1	423726
2118.715	0.8	NonTarget	1	423743
2118.795	0.8	NonTarget	1	423759
2118.88	0.8	NonTarget	1	423776
2118.965	0.8	NonTarget	1	423793
2119.045	0.8	NonTarget	1	423809
2119.13	0.8	NonTarget	1	423826
2119.215	0.8	NonTarget	1	423843
2119.295	0.8	NonTarget	1	423859
2119.38	0.8	NonTarget	1	423876
2119.465	0.8	NonTarget	1	423893
2119.55	0.8	NonTarget	1	423910
2119.945	0.8	NonTarget	1	423989
2120.03	0.8	NonTarget	1	424006
2120.115	0.8	NonTarget	1	424023
2120.2	0.8	NonTarget	1	424040
2120.285	0.8	NonTarget	1	424057
2120.365	0.8	NonTarget	1	424073
2120.45	0.8	NonTarget	1	424090
2120.53	0.8	NonTarget	1	424106
2120.615	0.8	NonTarget	1	424123
2120.7	0.8	NonTarget	1	424140
2120.785	0.8	NonTarget	1	424157
2120.865	0.8	NonTarget	1	424173
2120.95	0.8	NonTarget	1	424190
2121.035	0.8	NonTarget	1	424207
2121.115	0.8	NonTarget	1	424223
2121.2	0.8	NonTarget	1	424240
2121.285	0.8	NonTarget	1	424257
2121.365	0.8	NonTarget	1	424273
2121.45	0.8	NonTarget	1	424290
2121.535	0.8	NonTarget	1	424307
2121.615	0.8	NonTarget	1	424323
2121.7	0.8	NonTarget	1	424340
2121.785	0.8	NonTarget	1	424357
2121.87	0.8	NonTarget	1	424374
2121.95	0.8	NonTarget	1	424390
2122.035	0.8	Target	2	424407
2122.12	0.8	NonTarget	1	424424
2122.2	0.8	NonTarget	1	424440
2122.285	0.8	NonTarget	1	424457
2122.37	0.8	NonTarget	1	424474
2122.77	0.8	NonTarget	1	424554
2122.855	0.8	NonTarget	1	424571
2122.935	0.8	NonTarget	1	424587
2123.02	0.8	NonTarget	1	424604
2123.105	0.8	NonTarget	1	424621
2123.185	0.8	NonTarget	1	424637
2123.27	0.8	NonTarget	1	424654
2123.355	0.8	NonTarget	1	424671
2123.435	0.8	NonTarget	1	424687
2123.52	0.8	NonTarget	1	424704
2123.605	0.8	NonTarget	1	424721
2123.685	0.8	NonTarget	1	424737
2123.77	0.8	NonTarget	1	424754
2123.855	0.8	NonTarget	1	424771
2123.94	0.8	NonTarget	1	424788
2124.02	0.8	Target	2	424804
2124.105	0.8	NonTarget	1	424821
2124.19	0.8	NonTarget	1	424838
2124.27	0.8	NonTarget	1	424854
2124.355	0.8	NonTarget	1	424871
2124.44	0.8	NonTarget	1	424888
2124.52	0.8	NonTarget	1	424904
2124.605	0.8	NonTarget	1	424921
2124.69	0.8	NonTarget	1	424938
2124.77	0.8	NonTarget	1	424954
2124.855	0.8	NonTarget	1	424971
2124.94	0.8	NonTarget	1	424988
2125.025	0.8	NonTarget	1	425005
2125.105	0.8	NonTarget	1	425021
2125.19	0.8	NonTarget	1	425038
2134.325	0.8	NonTarget	1	426865
2134.4	0.8	NonTarget	1	426880
2134.485	0.8	NonTarget	1	426897
2134.57	0.8	NonTarget	1	426914
2134.655	0.8	NonTarget	1	426931
2134.735	0.8	NonTarget	1	426947
2134.82	0.8	NonTarget	1	426964
2134.905	0.8	NonTarget	1	426981
2134.985	0.8	NonTarget	1	426997
2135.07	0.8	NonTarget	1	427014
2135.155	0.8	NonTarget	1	427031
2135.235	0.8	NonTarget	1	427047
2135.32	0.8	Target	2	427064
2135.405	0.8	NonTarget	1	427081
2135.485	0.8	NonTarget	1	427097
2135.57	0.8	NonTarget	1	427114
2135.655	0.8	NonTarget	1	427131
2135.735	0.8	NonTarget	1	427147
2135.82	0.8	NonTarget	1	427164
2135.905	0.8	NonTarget	1	427181
2135.985	0.8	NonTarget	1	427197
2136.07	0.8	NonTarget	1	427214
2136.155	0.8	NonTarget	1	427231
2136.24	0.8	NonTarget	1	427248
2136.32	0.8	NonTarget	1	427264
2136.405	0.8	NonTarget	1	427281
2136.49	0.8	NonTarget	1	427298
2136.57	0.8	NonTarget	1	427314
2136.655	0.8	NonTarget	1	427331
2136.74	0.8	NonTarget	1	427348
2137.14	0.8	NonTarget	1	427428
2137.22	0.8	NonTarget	1	427444
2137.305	0.8	Target	2	427461
2137.39	0.8	NonTarget	1	427478
2137.475	0.8	NonTarget	1	427495
2137.56	0.8	NonTarget	1	427512
2137.64	0.8	NonTarget	1	427528
2137.725	0.8	NonTarget	1	427545
2137.805	0.8	NonTarget	1	427561
2137.89	0.8	NonTarget	1	427578
2137.975	0.8	NonTarget	1	427595
2138.06	0.8	NonTarget	1	427612
2138.14	0.8	NonTarget	1	427628
2138.225	0.8	NonTarget	1	427645
2138.31	0.8	NonTarget	1	427662
2138.39	0.8	NonTarget	1	427678
2138.475	0.8	NonTarget	1	427695
2138.56	0.8	NonTarget	1	427712
2138.64	0.8	NonTarget	1	427728
2138.725	0.8	NonTarget	1	427745
2138.81	0.8	NonTarget	1	427762
2138.89	0.8	NonTarget	1	427778
2138.975	0.8	NonTarget	1	427795
2139.06	0.8	NonTarget	1	427812
2139.145	0.8	NonTarget	1	427829
2139.225	0.8	NonTarget	1	427845
2139.31	0.8	NonTarget	1	427862
2139.39	0.8	NonTarget	1	427878
2139.475	0.8	NonTarget	1	427895
2139.56	0.8	NonTarget	1	427912
2139.96	0.8	NonTarget	1	427992
2140.045	0.8	NonTarget	1	428009
2140.125	0.8	Target	2	428025
2140.21	0.8	NonTarget	1	428042
2140.295	0.8	NonTarget	1	428059
2140.38	0.8	NonTarget	1	428076
2140.46	0.8	NonTarget	1	428092
2140.545	0.8	NonTarget	1	428109
2140.63	0.8	NonTarget	1	428126
2140.71	0.8	NonTarget	1	428142
2140.795	0.8	NonTarget	1	428159
2140.88	0.8	NonTarget	1	428176
2140.96	0.8	NonTarget	1	428192
2141.045	0.8	NonTarget	1	428209
2141.13	0.8	NonTarget	1	428226
2141.215	0.8	NonTarget	1	428243
2141.295	0.8	NonTarget	1	428259
2141.38	0.8	NonTarget	1	428276
2141.465	0.8	NonTarget	1	428293
2141.545	0.8	NonTarget	1	428309
2141.63	0.8	NonTarget	1	428326
2141.71	0.8	NonTarget	1	428342
2141.795	0.8	NonTarget	1	428359
2141.88	0.8	NonTarget	1	428376
2141.965	0.8	NonTarget	1	428393
2142.045	0.8	NonTarget	1	428409
2142.13	0.8	NonTarget	1	428426
2142.21	0.8	NonTarget	1	428442
2142.295	0.8	NonTarget	1	428459
2142.38	0.8	NonTarget	1	428476
2142.78	0.8	NonTarget	1	428556
2142.865	0.8	NonTarget	1	428573
2142.95	0.8	NonTarget	1	428590
2143.03	0.8	NonTarget	1	428606
2143.115	0.8	NonTarget	1	428623
2143.2	0.8	NonTarget	1	428640
2143.28	0.8	NonTarget	1	428656
2143.365	0.8	NonTarget	1	428673
2143.45	0.8	NonTarget	1	428690
2143.53	0.8	NonTarget	1	428706
2143.615	0.8	NonTarget	1	428723
2143.7	0.8	NonTarget	1	428740
2143.785	0.8	NonTarget	1	428757
2143.865	0.8	NonTarget	1	428773
2143.95	0.8	NonTarget	1	428790
2144.035	0.8	NonTarget	1	428807
2144.115	0.8	NonTarget	1	428823
2144.2	0.8	NonTarget	1	428840
2144.285	0.8	NonTarget	1	428857
2144.365	0.8	NonTarget	1	428873
2144.45	0.8	NonTarget	1	428890
2144.535	0.8	NonTarget	1	428907
2144.615	0.8	Target	2	428923
2144.7	0.8	NonTarget	1	428940
2144.785	0.8	NonTarget	1	428957
2144.87	0.8	NonTarget	1	428974
2144.95	0.8	NonTarget	1	428990
2145.035	0.8	NonTarget	1	429007
2145.12	0.8	NonTarget	1	429024
2145.2	0.8	NonTarget	1	429040
2145.6	0.8	NonTarget	1	429120
2145.685	0.8	NonTarget	1	429137
2145.77	0.8	NonTarget	1	429154
2145.85	0.8	NonTarget	1	429170
2145.935	0.8	NonTarget	1	429187
2146.02	0.8	NonTarget	1	429204
2146.1	0.8	NonTarget	1	429220
2146.185	0.8	NonTarget	1	429237
2146.27	0.8	NonTarget	1	429254
2146.355	0.8	NonTarget	1	429271
2146.435	0.8	NonTarget	1	429287
2146.52	0.8	NonTarget	1	429304
2146.605	0.8	NonTarget	1	429321
2146.685	0.8	NonTarget	1	429337
2146.77	0.8	NonTarget	1	429354
2146.855	0.8	NonTarget	1	429371
2146.935	0.8	NonTarget	1	429387
2147.02	0.8	NonTarget	1	429404
2147.105	0.8	NonTarget	1	429421
2147.185	0.8	NonTarget	1	429437
2147.27	0.8	NonTarget	1	429454
2147.355	0.8	NonTarget	1	429471
2147.435	0.8	Target	2	429487
2147.52	0.8	NonTarget	1	429504
2147.605	0.8	NonTarget	1	429521
2147.685	0.8	NonTarget	1	429537
2147.77	0.8	NonTarget	1	429554
2147.855	0.8	NonTarget	1	429571
2147.94	0.8	NonTarget	1	429588
2148.02	0.8	NonTarget	1	429604
2148.42	0.8	NonTarget	1	429684
2148.505	0.8	NonTarget	1	429701
2148.59	0.8	NonTarget	1	429718
2148.675	0.8	NonTarget	1	429735
2148.755	0.8	NonTarget	1	429751
2148.84	0.8	NonTarget	1	429768
2148.925	0.8	NonTarget	1	429785
2149.005	0.8	NonTarget	1	429801
2149.09	0.8	NonTarget	1	429818
2149.175	0.8	NonTarget	1	429835
2149.26	0.8	NonTarget	1	429852
2149.34	0.8	NonTarget	1	429868
2149.425	0.8	Target	2	429885
2149.505	0.8	NonTarget	1	429901
2149.59	0.8	NonTarget	1	429918
2149.675	0.8	NonTarget	1	429935
2149.76	0.8	NonTarget	1	429952
2149.84	0.8	NonTarget	1	429968
2149.925	0.8	NonTarget	1	429985
2150.005	0.8	NonTarget	1	430001
2150.09	0.8	NonTarget	1	430018
2150.175	0.8	NonTarget	1	430035
2150.26	0.8	NonTarget	1	430052
2150.34	0.8	NonTarget	1	430068
2150.425	0.8	NonTarget	1	430085
2150.51	0.8	NonTarget	1	430102
2150.595	0.8	NonTarget	1	430119
2150.675	0.8	NonTarget	1	430135
2150.76	0.8	NonTarget	1	430152
2150.84	0.8	NonTarget	1	430168
2151.245	0.8	NonTarget	1	430249
2151.325	0.8	NonTarget	1	430265
2151.41	0.8	NonTarget	1	430282
2151.495	0.8	NonTarget	1	430299
2151.575	0.8	NonTarget	1	430315
2151.66	0.8	NonTarget	1	430332
2151.745	0.8	NonTarget	1	430349
2151.825	0.8	NonTarget	1	430365
2151.91	0.8	NonTarget	1	430382
2151.995	0.8	NonTarget	1	430399
2152.08	0.8	NonTarget	1	430416
2152.16	0.8	NonTarget	1	430432
2152.245	0.8	Target	2	430449
2152.33	0.8	NonTarget	1	430466
2152.41	0.8	NonTarget	1	430482
2152.495	0.8	NonTarget	1	430499
2152.58	0.8	NonTarget	1	430516
2152.66	0.8	NonTarget	1	430532
2152.745	0.8	NonTarget	1	430549
2152.83	0.8	NonTarget	1	430566
2152.91	0.8	NonTarget	1	430582
2152.995	0.8	NonTarget	1	430599
2153.08	0.8	NonTarget	1	430616
2153.16	0.8	NonTarget	1	430632
2153.245	0.8	NonTarget	1	430649
2153.33	0.8	NonTarget	1	430666
2153.415	0.8	NonTarget	1	430683
2153.495	0.8	NonTarget	1	430699
2153.58	0.8	NonTarget	1	430716
2153.665	0.8	NonTarget	1	430733
2154.065	0.8	NonTarget	1	430813
2154.145	0.8	NonTarget	1	430829
2154.23	0.8	NonTarget	1	430846
2154.315	0.8	NonTarget	1	430863
2154.4	0.8	NonTarget	1	430880
2154.48	0.8	NonTarget	1	430896
2154.565	0.8	NonTarget	1	430913
2154.65	0.8	NonTarget	1	430930
2154.73	0.8	NonTarget	1	430946
2154.815	0.8	NonTarget	1	430963
2154.9	0.8	NonTarget	1	430980
2154.98	0.8	NonTarget	1	430996
2155.065	0.8	Target	2	431013
2155.15	0.8	NonTarget	1	431030
2155.23	0.8	NonTarget	1	431046
2155.315	0.8	NonTarget	1	431063
2155.4	0.8	NonTarget	1	431080
2155.48	0.8	NonTarget	1	431096
2155.565	0.8	NonTarget	1	431113
2155.65	0.8	NonTarget	1	431130
2155.735	0.8	NonTarget	1	431147
2155.815	0.8	NonTarget	1	431163
2155.9	0.8	NonTarget	1	431180
2155.985	0.8	NonTarget	1	431197
2156.065	0.8	NonTarget	1	431213
2156.15	0.8	NonTarget	1	431230
2156.235	0.8	NonTarget	1	431247
2156.315	0.8	NonTarget	1	431263
2156.4	0.8	NonTarget	1	431280
2156.485	0.8	NonTarget	1	431297
2156.885	0.8	NonTarget	1	431377
2156.97	0.8	NonTarget	1	431394
2157.05	0.8	NonTarget	1	431410
2157.135	0.8	NonTarget	1	431427
2157.22	0.8	NonTarget	1	431444
2157.3	0.8	NonTarget	1	431460
2157.385	0.8	NonTarget	1	431477
2157.465	0.8	NonTarget	1	431493
2157.55	0.8	NonTarget	1	431510
2157.635	0.8	NonTarget	1	431527
2157.715	0.8	NonTarget	1	431543
2157.805	0.8	NonTarget	1	431561
2157.885	0.8	NonTarget	1	431577
2157.97	0.8	NonTarget	1	431594
2158.05	0.8	NonTarget	1	431610
2158.135	0.8	NonTarget	1	431627
2158.22	0.8	NonTarget	1	431644
2158.305	0.8	NonTarget	1	431661
2158.385	0.8	NonTarget	1	431677
2158.47	0.8	NonTarget	1	431694
2158.555	0.8	NonTarget	1	431711
2158.635	0.8	NonTarget	1	431727
2158.72	0.8	NonTarget	1	431744
2158.805	0.8	NonTarget	1	431761
2158.885	0.8	NonTarget	1	431777
2158.97	0.8	NonTarget	1	431794
2159.055	0.8	NonTarget	1	431811
2159.135	0.8	Target	2	431827
2159.22	0.8	NonTarget	1	431844
2159.305	0.8	NonTarget	1	431861
2159.705	0.8	NonTarget	1	431941
2159.79	0.8	NonTarget	1	431958
2159.87	0.8	NonTarget	1	431974
2159.955	0.8	NonTarget	1	431991
2160.04	0.8	NonTarget	1	432008
2160.125	0.8	NonTarget	1	432025
2160.205	0.8	NonTarget	1	432041
2160.29	0.8	Target	2	432058
2160.375	0.8	NonTarget	1	432075
2160.455	0.8	NonTarget	1	432091
2160.54	0.8	NonTarget	1	432108
2160.625	0.8	NonTarget	1	432125
2160.71	0.8	NonTarget	1	432142
2160.79	0.8	NonTarget	1	432158
2160.875	0.8	NonTarget	1	432175
2160.955	0.8	NonTarget	1	432191
2161.04	0.8	NonTarget	1	432208
2161.125	0.8	NonTarget	1	432225
2161.21	0.8	NonTarget	1	432242
2161.29	0.8	NonTarget	1	432258
2161.375	0.8	NonTarget	1	432275
2161.455	0.8	NonTarget	1	432291
2161.54	0.8	NonTarget	1	432308
2161.625	0.8	NonTarget	1	432325
2161.71	0.8	NonTarget	1	432342
2161.79	0.8	NonTarget	1	432358
2161.875	0.8	NonTarget	1	432375
2161.96	0.8	NonTarget	1	432392
2162.04	0.8	NonTarget	1	432408
2162.125	0.8	NonTarget	1	432425
2171.24	0.8	NonTarget	1	434248
2171.32	0.8	NonTarget	1	434264
2171.405	0.8	NonTarget	1	434281
2171.485	0.8	NonTarget	1	434297
2171.57	0.8	NonTarget	1	434314
2171.655	0.8	NonTarget	1	434331
2171.74	0.8	NonTarget	1	434348
2171.825	0.8	NonTarget	1	434365
2171.905	0.8	NonTarget	1	434381
2171.99	0.8	NonTarget	1	434398
2172.07	0.8	NonTarget	1	434414
2172.155	0.8	NonTarget	1	434431
2172.24	0.8	NonTarget	1	434448
2172.32	0.8	NonTarget	1	434464
2172.405	0.8	NonTarget	1	434481
2172.49	0.8	NonTarget	1	434498
2172.575	0.8	NonTarget	1	434515
2172.655	0.8	NonTarget	1	434531
2172.74	0.8	NonTarget	1	434548
2172.825	0.8	NonTarget	1	434565
2172.905	0.8	NonTarget	1	434581
2172.99	0.8	NonTarget	1	434598
2173.07	0.8	NonTarget	1	434614
2173.155	0.8	NonTarget	1	434631
2173.24	0.8	NonTarget	1	434648
2173.325	0.8	NonTarget	1	434665
2173.41	0.8	NonTarget	1	434682
2173.49	0.8	NonTarget	1	434698
2173.575	0.8	Target	2	434715
2173.66	0.8	NonTarget	1	434732
2174.055	0.8	NonTarget	1	434811
2174.14	0.8	NonTarget	1	434828
2174.225	0.8	NonTarget	1	434845
2174.31	0.8	NonTarget	1	434862
2174.39	0.8	NonTarget	1	434878
2174.475	0.8	NonTarget	1	434895
2174.56	0.8	NonTarget	1	434912
2174.645	0.8	NonTarget	1	434929
2174.725	0.8	NonTarget	1	434945
2174.81	0.8	NonTarget	1	434962
2174.895	0.8	NonTarget	1	434979
2174.975	0.8	NonTarget	1	434995
2175.06	0.8	NonTarget	1	435012
2175.145	0.8	NonTarget	1	435029
2175.225	0.8	NonTarget	1	435045
2175.31	0.8	NonTarget	1	435062
2175.395	0.8	NonTarget	1	435079
2175.475	0.8	NonTarget	1	435095
2175.56	0.8	Target	2	435112
2175.645	0.8	NonTarget	1	435129
2175.73	0.8	NonTarget	1	435146
2175.81	0.8	NonTarget	1	435162
2175.895	0.8	NonTarget	1	435179
2175.98	0.8	NonTarget	1	435196
2176.06	0.8	NonTarget	1	435212
2176.145	0.8	NonTarget	1	435229
2176.23	0.8	NonTarget	1	435246
2176.31	0.8	NonTarget	1	435262
2176.395	0.8	NonTarget	1	435279
2176.48	0.8	NonTarget	1	435296
2176.88	0.8	NonTarget	1	435376
2176.965	0.8	NonTarget	1	435393
2177.045	0.8	NonTarget	1	435409
2177.13	0.8	NonTarget	1	435426
2177.21	0.8	NonTarget	1	435442
2177.295	0.8	NonTarget	1	435459
2177.38	0.8	NonTarget	1	435476
2177.465	0.8	NonTarget	1	435493
2177.545	0.8	NonTarget	1	435509
2177.63	0.8	NonTarget	1	435526
2177.715	0.8	NonTarget	1	435543
2177.8	0.8	NonTarget	1	435560
2177.88	0.8	NonTarget	1	435576
2177.965	0.8	Target	2	435593
2178.045	0.8	NonTarget	1	435609
2178.135	0.8	NonTarget	1	435627
2178.215	0.8	NonTarget	1	435643
2178.3	0.8	NonTarget	1	435660
2178.38	0.8	NonTarget	1	435676
2178.465	0.8	NonTarget	1	435693
2178.55	0.8	NonTarget	1	435710
2178.63	0.8	NonTarget	1	435726
2178.715	0.8	NonTarget	1	435743
2178.8	0.8	NonTarget	1	435760
2178.88	0.8	NonTarget	1	435776
2178.965	0.8	NonTarget	1	435793
2179.05	0.8	NonTarget	1	435810
2179.135	0.8	NonTarget	1	435827
2179.215	0.8	NonTarget	1	435843
2179.3	0.8	NonTarget	1	435860
2179.7	0.8	NonTarget	1	435940
2179.785	0.8	NonTarget	1	435957
2179.865	0.8	NonTarget	1	435973
2179.95	0.8	Target	2	435990
2180.035	0.8	NonTarget	1	436007
2180.12	0.8	NonTarget	1	436024
2180.2	0.8	NonTarget	1	436040
2180.285	0.8	NonTarget	1	436057
2180.365	0.8	NonTarget	1	436073
2180.45	0.8	NonTarget	1	436090
2180.535	0.8	NonTarget	1	436107
2180.62	0.8	NonTarget	1	436124
2180.7	0.8	NonTarget	1	436140
2180.785	0.8	NonTarget	1	436157
2180.87	0.8	NonTarget	1	436174
2180.95	0.8	NonTarget	1	436190
2181.035	0.8	NonTarget	1	436207
2181.12	0.8	NonTarget	1	436224
2181.205	0.8	NonTarget	1	436241
2181.285	0.8	NonTarget	1	436257
2181.37	0.8	NonTarget	1	436274
2181.45	0.8	NonTarget	1	436290
2181.535	0.8	NonTarget	1	436307
2181.62	0.8	NonTarget	1	436324
2181.705	0.8	NonTarget	1	436341
2181.785	0.8	NonTarget	1	436357
2181.87	0.8	NonTarget	1	436374
2181.955	0.8	NonTarget	1	436391
2182.035	0.8	NonTarget	1	436407
2182.12	0.8	NonTarget	1	436424
2182.52	0.8	NonTarget	1	436504
2182.605	0.8	NonTarget	1	436521
2182.685	0.8	NonTarget	1	436537
2182.77	0.8	Target	2	436554
2182.855	0.8	NonTarget	1	436571
2182.94	0.8	NonTarget	1	436588
2183.02	0.8	NonTarget	1	436604
2183.105	0.8	NonTarget	1	436621
2183.19	0.8	NonTarget	1	436638
2183.27	0.8	NonTarget	1	436654
2183.355	0.8	NonTarget	1	436671
2183.44	0.8	NonTarget	1	436688
2183.52	0.8	NonTarget	1	436704
2183.605	0.8	NonTarget	1	436721
2183.69	0.8	NonTarget	1	436738
2183.775	0.8	NonTarget	1	436755
2183.855	0.8	NonTarget	1	436771
2183.94	0.8	NonTarget	1	436788
2184.025	0.8	NonTarget	1	436805
2184.105	0.8	NonTarget	1	436821
2184.19	0.8	NonTarget	1	436838
2184.27	0.8	NonTarget	1	436854
2184.355	0.8	NonTarget	1	436871
2184.44	0.8	NonTarget	1	436888
2184.525	0.8	NonTarget	1	436905
2184.61	0.8	NonTarget	1	436922
2184.69	0.8	NonTarget	1	436938
2184.775	0.8	NonTarget	1	436955
2184.86	0.8	NonTarget	1	436972
2184.94	0.8	NonTarget	1	436988
2185.34	0.8	NonTarget	1	437068
2185.425	0.8	NonTarget	1	437085
2185.505	0.8	NonTarget	1	437101
2185.59	0.8	NonTarget	1	437118
2185.675	0.8	NonTarget	1	437135
2185.76	0.8	NonTarget	1	437152
2185.84	0.8	NonTarget	1	437168
2185.925	0.8	NonTarget	1	437185
2186.01	0.8	NonTarget	1	437202
2186.095	0.8	NonTarget	1	437219
2186.175	0.8	NonTarget	1	437235
2186.26	0.8	NonTarget	1	437252
2186.34	0.8	NonTarget	1	437268
2186.425	0.8	Target	2	437285
2186.51	0.8	NonTarget	1	437302
2186.595	0.8	NonTarget	1	437319
2186.675	0.8	NonTarget	1	437335
2186.76	0.8	NonTarget	1	437352
2186.845	0.8	NonTarget	1	437369
2186.925	0.8	NonTarget	1	437385
2187.01	0.8	NonTarget	1	437402
2187.095	0.8	NonTarget	1	437419
2187.175	0.8	NonTarget	1	437435
2187.26	0.8	NonTarget	1	437452
2187.345	0.8	NonTarget	1	437469
2187.425	0.8	NonTarget	1	437485
2187.51	0.8	NonTarget	1	437502
2187.595	0.8	NonTarget	1	437519
2187.68	0.8	NonTarget	1	437536
2187.76	0.8	NonTarget	1	437552
2188.16	0.8	NonTarget	1	437632
2188.245	0.8	NonTarget	1	437649
2188.33	0.8	NonTarget	1	437666
2188.41	0.8	Target	2	437682
2188.495	0.8	NonTarget	1	437699
2188.58	0.8	NonTarget	1	437716
2188.665	0.8	NonTarget	1	437733
2188.745	0.8	NonTarget	1	437749
2188.83	0.8	NonTarget	1	437766
2188.91	0.8	NonTarget	1	437782
2188.995	0.8	NonTarget	1	437799
2189.08	0.8	NonTarget	1	437816
2189.16	0.8	NonTarget	1	437832
2189.245	0.8	NonTarget	1	437849
2189.33	0.8	NonTarget	1	437866
2189.415	0.8	NonTarget	1	437883
2189.5	0.8	NonTarget	1	437900
2189.58	0.8	NonTarget	1	437916
2189.665	0.8	NonTarget	1	437933
2189.75	0.8	NonTarget	1	437950
2189.83	0.8	NonTarget	1	437966
2189.915	0.8	NonTarget	1	437983
2189.995	0.8	NonTarget	1	437999
2190.08	0.8	NonTarget	1	438016
2190.165	0.8	NonTarget	1	438033
2190.25	0.8	NonTarget	1	438050
2190.33	0.8	NonTarget	1	438066
2190.415	0.8	NonTarget	1	438083
2190.5	0.8	NonTarget	1	438100
2190.58	0.8	NonTarget	1	438116
2190.985	0.8	NonTarget	1	438197
2191.065	0.8	NonTarget	1	438213
2191.15	0.8	NonTarget	1	438230
2191.235	0.8	NonTarget	1	438247
2191.315	0.8	NonTarget	1	438263
2191.4	0.8	NonTarget	1	438280
2191.485	0.8	NonTarget	1	438297
2191.565	0.8	NonTarget	1	438313
2191.65	0.8	NonTarget	1	438330
2191.735	0.8	NonTarget	1	438347
2191.82	0.8	NonTarget	1	438364
2191.9	0.8	NonTarget	1	438380
2191.985	0.8	NonTarget	1	438397
2192.07	0.8	NonTarget	1	438414
2192.15	0.8	NonTarget	1	438430
2192.235	0.8	NonTarget	1	438447
2192.315	0.8	NonTarget	1	438463
2192.4	0.8	NonTarget	1	438480
2192.485	0.8	Target	2	438497
2192.565	0.8	NonTarget	1	438513
2192.65	0.8	NonTarget	1	438530
2192.735	0.8	NonTarget	1	438547
2192.82	0.8	NonTarget	1	438564
2192.9	0.8	NonTarget	1	438580
2192.985	0.8	NonTarget	1	438597
2193.07	0.8	NonTarget	1	438614
2193.15	0.8	NonTarget	1	438630
2193.235	0.8	NonTarget	1	438647
2193.32	0.8	NonTarget	1	438664
2193.4	0.8	NonTarget	1	438680
2193.805	0.8	NonTarget	1	438761
2193.885	0.8	NonTarget	1	438777
2193.97	0.8	NonTarget	1	438794
2194.055	0.8	Target	2	438811
2194.135	0.8	NonTarget	1	438827
2194.22	0.8	NonTarget	1	438844
2194.305	0.8	NonTarget	1	438861
2194.39	0.8	NonTarget	1	438878
2194.47	0.8	NonTarget	1	438894
2194.555	0.8	NonTarget	1	438911
2194.64	0.8	NonTarget	1	438928
2194.72	0.8	NonTarget	1	438944
2194.805	0.8	NonTarget	1	438961
2194.89	0.8	NonTarget	1	438978
2194.97	0.8	NonTarget	1	438994
2195.055	0.8	NonTarget	1	439011
2195.14	0.8	NonTarget	1	439028
2195.22	0.8	NonTarget	1	439044
2195.305	0.8	NonTarget	1	439061
2195.39	0.8	NonTarget	1	439078
2195.475	0.8	NonTarget	1	439095
2195.555	0.8	NonTarget	1	439111
2195.64	0.8	NonTarget	1	439128
2195.725	0.8	NonTarget	1	439145
2195.805	0.8	NonTarget	1	439161
2195.89	0.8	NonTarget	1	439178
2195.975	0.8	NonTarget	1	439195
2196.055	0.8	NonTarget	1	439211
2196.14	0.8	NonTarget	1	439228
2196.225	0.8	NonTarget	1	439245
2196.625	0.8	NonTarget	1	439325
2196.705	0.8	NonTarget	1	439341
2196.79	0.8	NonTarget	1	439358
2196.875	0.8	NonTarget	1	439375
2196.955	0.8	NonTarget	1	439391
2197.04	0.8	NonTarget	1	439408
2197.125	0.8	NonTarget	1	439425
2197.21	0.8	NonTarget	1	439442
2197.29	0.8	NonTarget	1	439458
2197.375	0.8	NonTarget	1	439475
2197.46	0.8	NonTarget	1	439492
2197.54	0.8	NonTarget	1	439508
2197.625	0.8	NonTarget	1	439525
2197.71	0.8	NonTarget	1	439542
2197.795	0.8	NonTarget	1	439559
2197.875	0.8	NonTarget	1	439575
2197.96	0.8	NonTarget	1	439592
2198.04	0.8	NonTarget	1	439608
2198.125	0.8	Target	2	439625
2198.21	0.8	NonTarget	1	439642
2198.295	0.8	NonTarget	1	439659
2198.375	0.8	NonTarget	1	439675
2198.46	0.8	NonTarget	1	439692
2198.545	0.8	NonTarget	1	439709
2198.625	0.8	NonTarget	1	439725
2198.71	0.8	NonTarget	1	439742
2198.795	0.8	NonTarget	1	439759
2198.875	0.8	NonTarget	1	439775
2198.96	0.8	NonTarget	1	439792
2199.045	0.8	NonTarget	1	439809
2208.18	0.8	NonTarget	1	441636
2208.26	0.8	NonTarget	1	441652
2208.34	0.8	NonTarget	1	441668
2208.425	0.8	NonTarget	1	441685
2208.51	0.8	NonTarget	1	441702
2208.59	0.8	NonTarget	1	441718
2208.675	0.8	NonTarget	1	441735
2208.755	0.8	NonTarget	1	441751
2208.84	0.8	NonTarget	1	441768
2208.925	0.8	NonTarget	1	441785
2209.005	0.8	NonTarget	1	441801
2209.09	0.8	NonTarget	1	441818
2209.175	0.8	NonTarget	1	441835
2209.26	0.8	NonTarget	1	441852
2209.34	0.8	NonTarget	1	441868
2209.425	0.8	NonTarget	1	441885
2209.51	0.8	NonTarget	1	441902
2209.59	0.8	NonTarget	1	441918
2209.675	0.8	NonTarget	1	441935
2209.76	0.8	NonTarget	1	441952
2209.84	0.8	NonTarget	1	441968
2209.925	0.8	NonTarget	1	441985
2210.01	0.8	NonTarget	1	442002
2210.095	0.8	NonTarget	1	442019
2210.175	0.8	NonTarget	1	442035
2210.26	0.8	NonTarget	1	442052
2210.34	0.8	Target	2	442068
2210.425	0.8	NonTarget	1	442085
2210.51	0.8	NonTarget	1	442102
2210.595	0.8	NonTarget	1	442119
2210.995	0.8	NonTarget	1	442199
2211.08	0.8	NonTarget	1	442216
2211.16	0.8	NonTarget	1	442232
2211.245	0.8	NonTarget	1	442249
2211.33	0.8	NonTarget	1	442266
2211.41	0.8	NonTarget	1	442282
2211.495	0.8	Target	2	442299
2211.575	0.8	NonTarget	1	442315
2211.66	0.8	NonTarget	1	442332
2211.745	0.8	NonTarget	1	442349
2211.83	0.8	NonTarget	1	442366
2211.91	0.8	NonTarget	1	442382
2211.995	0.8	NonTarget	1	442399
2212.08	0.8	NonTarget	1	442416
2212.16	0.8	NonTarget	1	442432
2212.245	0.8	NonTarget	1	442449
2212.33	0.8	NonTarget	1	442466
2212.415	0.8	NonTarget	1	442483
2212.495	0.8	NonTarget	1	442499
2212.58	0.8	NonTarget	1	442516
2212.665	0.8	NonTarget	1	442533
2212.745	0.8	NonTarget	1	442549
2212.83	0.8	NonTarget	1	442566
2212.915	0.8	NonTarget	1	442583
2212.995	0.8	NonTarget	1	442599
2213.08	0.8	NonTarget	1	442616
2213.165	0.8	NonTarget	1	442633
2213.25	0.8	NonTarget	1	442650
2213.33	0.8	NonTarget	1	442666
2213.415	0.8	NonTarget	1	442683
2213.815	0.8	NonTarget	1	442763
2213.9	0.8	NonTarget	1	442780
2213.98	0.8	NonTarget	1	442796
2214.065	0.8	NonTarget	1	442813
2214.15	0.8	NonTarget	1	442830
2214.235	0.8	NonTarget	1	442847
2214.315	0.8	NonTarget	1	442863
2214.4	0.8	NonTarget	1	442880
2214.485	0.8	NonTarget	1	442897
2214.565	0.8	NonTarget	1	442913
2214.65	0.8	NonTarget	1	442930
2214.73	0.8	Target	2	442946
2214.815	0.8	NonTarget	1	442963
2214.9	0.8	NonTarget	1	442980
2214.985	0.8	NonTarget	1	442997
2215.065	0.8	NonTarget	1	443013
2215.15	0.8	NonTarget	1	443030
2215.235	0.8	NonTarget	1	443047
2215.315	0.8	NonTarget	1	443063
2215.4	0.8	NonTarget	1	443080
2215.485	0.8	NonTarget	1	443097
2215.57	0.8	NonTarget	1	443114
2215.65	0.8	NonTarget	1	443130
2215.735	0.8	NonTarget	1	443147
2215.82	0.8	NonTarget	1	443164
2215.9	0.8	NonTarget	1	443180
2215.985	0.8	NonTarget	1	443197
2216.065	0.8	NonTarget	1	443213
2216.15	0.8	NonTarget	1	443230
2216.235	0.8	NonTarget	1	443247
2216.635	0.8	NonTarget	1	443327
2216.72	0.8	NonTarget	1	443344
2216.8	0.8	NonTarget	1	443360
2216.885	0.8	NonTarget	1	443377
2216.97	0.8	NonTarget	1	443394
2217.055	0.8	NonTarget	1	443411
2217.135	0.8	NonTarget	1	443427
2217.22	0.8	NonTarget	1	443444
2217.305	0.8	NonTarget	1	443461
2217.385	0.8	NonTarget	1	443477
2217.47	0.8	NonTarget	1	443494
2217.555	0.8	Target	2	443511
2217.635	0.8	NonTarget	1	443527
2217.72	0.8	NonTarget	1	443544
2217.805	0.8	NonTarget	1	443561
2217.885	0.8	NonTarget	1	443577
2217.97	0.8	NonTarget	1	443594
2218.055	0.8	NonTarget	1	443611
2218.14	0.8	NonTarget	1	443628
2218.22	0.8	NonTarget	1	443644
2218.305	0.8	NonTarget	1	443661
2218.39	0.8	NonTarget	1	443678
2218.47	0.8	NonTarget	1	443694
2218.555	0.8	NonTarget	1	443711
2218.64	0.8	NonTarget	1	443728
2218.72	0.8	NonTarget	1	443744
2218.805	0.8	NonTarget	1	443761
2218.89	0.8	NonTarget	1	443778
2218.97	0.8	NonTarget	1	443794
2219.055	0.8	NonTarget	1	443811
2219.455	0.8	NonTarget	1	443891
2219.54	0.8	NonTarget	1	443908
2219.625	0.8	NonTarget	1	443925
2219.705	0.8	NonTarget	1	443941
2219.79	0.8	NonTarget	1	443958
2219.875	0.8	NonTarget	1	443975
2219.955	0.8	Target	2	443991
2220.04	0.8	NonTarget	1	444008
2220.125	0.8	NonTarget	1	444025
2220.205	0.8	NonTarget	1	444041
2220.29	0.8	NonTarget	1	444058
2220.375	0.8	NonTarget	1	444075
2220.46	0.8	NonTarget	1	444092
2220.54	0.8	NonTarget	1	444108
2220.625	0.8	NonTarget	1	444125
2220.71	0.8	NonTarget	1	444142
2220.79	0.8	NonTarget	1	444158
2220.875	0.8	NonTarget	1	444175
2220.96	0.8	NonTarget	1	444192
2221.04	0.8	NonTarget	1	444208
2221.125	0.8	NonTarget	1	444225
2221.21	0.8	NonTarget	1	444242
2221.295	0.8	NonTarget	1	444259
2221.375	0.8	NonTarget	1	444275
2221.46	0.8	NonTarget	1	444292
2221.54	0.8	NonTarget	1	444308
2221.625	0.8	NonTarget	1	444325
2221.71	0.8	NonTarget	1	444342
2221.795	0.8	NonTarget	1	444359
2221.875	0.8	NonTarget	1	444375
2222.275	0.8	NonTarget	1	444455
2222.36	0.8	NonTarget	1	444472
2222.445	0.8	NonTarget	1	444489
2222.525	0.8	NonTarget	1	444505
2222.61	0.8	NonTarget	1	444522
2222.695	0.8	NonTarget	1	444539
2222.78	0.8	NonTarget	1	444556
2222.86	0.8	NonTarget	1	444572
2222.945	0.8	NonTarget	1	444589
2223.03	0.8	NonTarget	1	444606
2223.11	0.8	NonTarget	1	444622
2223.195	0.8	NonTarget	1	444639
2223.275	0.8	NonTarget	1	444655
2223.36	0.8	NonTarget	1	444672
2223.445	0.8	NonTarget	1	444689
2223.53	0.8	NonTarget	1	444706
2223.61	0.8	NonTarget	1	444722
2223.695	0.8	NonTarget	1	444739
2223.78	0.8	NonTarget	1	444756
2223.865	0.8	NonTarget	1	444773
2223.945	0.8	NonTarget	1	444789
2224.03	0.8	NonTarget	1	444806
2224.115	0.8	NonTarget	1	444823
2224.195	0.8	NonTarget	1	444839
2224.28	0.8	NonTarget	1	444856
2224.365	0.8	NonTarget	1	444873
2224.445	0.8	Target	2	444889
2224.53	0.8	NonTarget	1	444906
2224.615	0.8	NonTarget	1	444923
2224.7	0.8	NonTarget	1	444940
2225.095	0.8	NonTarget	1	445019
2225.18	0.8	NonTarget	1	445036
2225.265	0.8	NonTarget	1	445053
2225.35	0.8	NonTarget	1	445070
2225.43	0.8	NonTarget	1	445086
2225.515	0.8	NonTarget	1	445103
2225.6	0.8	NonTarget	1	445120
2225.685	0.8	NonTarget	1	445137
2225.765	0.8	NonTarget	1	445153
2225.845	0.8	NonTarget	1	445169
2225.93	0.8	NonTarget	1	445186
2226.015	0.8	NonTarget	1	445203
2226.1	0.8	NonTarget	1	445220
2226.185	0.8	NonTarget	1	445237
2226.265	0.8	NonTarget	1	445253
2226.35	0.8	NonTarget	1	445270
2226.43	0.8	Target	2	445286
2226.515	0.8	NonTarget	1	445303
2226.6	0.8	NonTarget	1	445320
2226.685	0.8	NonTarget	1	445337
2226.765	0.8	NonTarget	1	445353
2226.85	0.8	NonTarget	1	445370
2226.935	0.8	NonTarget	1	445387
2227.015	0.8	NonTarget	1	445403
2227.1	0.8	NonTarget	1	445420
2227.185	0.8	NonTarget	1	445437
2227.27	0.8	NonTarget	1	445454
2227.35	0.8	NonTarget	1	445470
2227.435	0.8	NonTarget	1	445487
2227.515	0.8	NonTarget	1	445503
2227.915	0.8	NonTarget	1	445583
2228.0	0.8	NonTarget	1	445600
2228.085	0.8	NonTarget	1	445617
2228.17	0.8	NonTarget	1	445634
2228.25	0.8	NonTarget	1	445650
2228.335	0.8	NonTarget	1	445667
2228.42	0.8	NonTarget	1	445684
2228.5	0.8	NonTarget	1	445700
2228.585	0.8	NonTarget	1	445717
2228.67	0.8	NonTarget	1	445734
2228.755	0.8	NonTarget	1	445751
2228.835	0.8	NonTarget	1	445767
2228.92	0.8	NonTarget	1	445784
2229.005	0.8	NonTarget	1	445801
2229.085	0.8	NonTarget	1	445817
2229.17	0.8	NonTarget	1	445834
2229.255	0.8	NonTarget	1	445851
2229.34	0.8	NonTarget	1	445868
2229.42	0.8	NonTarget	1	445884
2229.505	0.8	NonTarget	1	445901
2229.59	0.8	NonTarget	1	445918
2229.67	0.8	Target	2	445934
2229.755	0.8	NonTarget	1	445951
2229.835	0.8	NonTarget	1	445967
2229.92	0.8	NonTarget	1	445984
2230.005	0.8	NonTarget	1	446001
2230.09	0.8	NonTarget	1	446018
2230.17	0.8	NonTarget	1	446034
2230.255	0.8	NonTarget	1	446051
2230.34	0.8	NonTarget	1	446068
2230.735	0.8	NonTarget	1	446147
2230.82	0.8	NonTarget	1	446164
2230.905	0.8	NonTarget	1	446181
2230.99	0.8	NonTarget	1	446198
2231.075	0.8	NonTarget	1	446215
2231.155	0.8	NonTarget	1	446231
2231.24	0.8	NonTarget	1	446248
2231.325	0.8	NonTarget	1	446265
2231.405	0.8	NonTarget	1	446281
2231.49	0.8	NonTarget	1	446298
2231.575	0.8	NonTarget	1	446315
2231.655	0.8	NonTarget	1	446331
2231.74	0.8	NonTarget	1	446348
2231.825	0.8	NonTarget	1	446365
2231.91	0.8	NonTarget	1	446382
2231.99	0.8	NonTarget	1	446398
2232.075	0.8	NonTarget	1	446415
2232.155	0.8	NonTarget	1	446431
2232.24	0.8	NonTarget	1	446448
2232.325	0.8	NonTarget	1	446465
2232.41	0.8	NonTarget	1	446482
2232.49	0.8	NonTarget	1	446498
2232.575	0.8	NonTarget	1	446515
2232.66	0.8	NonTarget	1	446532
2232.74	0.8	NonTarget	1	446548
2232.825	0.8	NonTarget	1	446565
2232.91	0.8	Target	2	446582
2232.99	0.8	NonTarget	1	446598
2233.075	0.8	NonTarget	1	446615
2233.16	0.8	NonTarget	1	446632
2233.56	0.8	NonTarget	1	446712
2233.645	0.8	NonTarget	1	446729
2233.73	0.8	NonTarget	1	446746
2233.81	0.8	NonTarget	1	446762
2233.895	0.8	NonTarget	1	446779
2233.98	0.8	NonTarget	1	446796
2234.06	0.8	NonTarget	1	446812
2234.145	0.8	NonTarget	1	446829
2234.225	0.8	NonTarget	1	446845
2234.31	0.8	NonTarget	1	446862
2234.395	0.8	NonTarget	1	446879
2234.475	0.8	Target	2	446895
2234.56	0.8	NonTarget	1	446912
2234.645	0.8	NonTarget	1	446929
2234.73	0.8	NonTarget	1	446946
2234.81	0.8	NonTarget	1	446962
2234.895	0.8	NonTarget	1	446979
2234.98	0.8	NonTarget	1	446996
2235.065	0.8	NonTarget	1	447013
2235.145	0.8	NonTarget	1	447029
2235.23	0.8	NonTarget	1	447046
2235.315	0.8	NonTarget	1	447063
2235.395	0.8	NonTarget	1	447079
2235.48	0.8	NonTarget	1	447096
2235.56	0.8	NonTarget	1	447112
2235.645	0.8	NonTarget	1	447129
2235.73	0.8	NonTarget	1	447146
2235.81	0.8	NonTarget	1	447162
2235.895	0.8	NonTarget	1	447179
2235.98	0.8	NonTarget	1	447196
