onset	duration	trial_type	value	sample
13.98	0.8	NonTarget	1	2796
14.055	0.8	NonTarget	1	2811
14.14	0.8	NonTarget	1	2828
14.225	0.8	NonTarget	1	2845
14.305	0.8	NonTarget	1	2861
14.39	0.8	NonTarget	1	2878
14.475	0.8	NonTarget	1	2895
14.56	0.8	NonTarget	1	2912
14.64	0.8	Target	2	2928
14.725	0.8	NonTarget	1	2945
14.81	0.8	NonTarget	1	2962
14.89	0.8	NonTarget	1	2978
14.975	0.8	NonTarget	1	2995
15.06	0.8	NonTarget	1	3012
15.14	0.8	NonTarget	1	3028
15.225	0.8	NonTarget	1	3045
15.31	0.8	NonTarget	1	3062
15.395	0.8	NonTarget	1	3079
15.475	0.8	NonTarget	1	3095
15.56	0.8	NonTarget	1	3112
15.645	0.8	NonTarget	1	3129
15.725	0.8	NonTarget	1	3145
15.81	0.8	NonTarget	1	3162
15.895	0.8	NonTarget	1	3179
15.975	0.8	NonTarget	1	3195
16.06	0.8	NonTarget	1	3212
16.145	0.8	NonTarget	1	3229
16.225	0.8	NonTarget	1	3245
16.31	0.8	NonTarget	1	3262
16.395	0.8	NonTarget	1	3279
16.795	0.8	NonTarget	1	3359
16.88	0.8	NonTarget	1	3376
16.96	0.8	NonTarget	1	3392
17.045	0.8	NonTarget	1	3409
17.13	0.8	NonTarget	1	3426
17.21	0.8	NonTarget	1	3442
17.295	0.8	NonTarget	1	3459
17.38	0.8	NonTarget	1	3476
17.465	0.8	NonTarget	1	3493
17.545	0.8	NonTarget	1	3509
17.63	0.8	NonTarget	1	3526
17.71	0.8	NonTarget	1	3542
17.795	0.8	NonTarget	1	3559
17.88	0.8	Target	2	3576
17.965	0.8	NonTarget	1	3593
18.045	0.8	NonTarget	1	3609
18.13	0.8	NonTarget	1	3626
18.215	0.8	NonTarget	1	3643
18.295	0.8	NonTarget	1	3659
18.38	0.8	NonTarget	1	3676
18.465	0.8	NonTarget	1	3693
18.55	0.8	NonTarget	1	3710
18.63	0.8	NonTarget	1	3726
18.715	0.8	NonTarget	1	3743
18.8	0.8	NonTarget	1	3760
18.88	0.8	NonTarget	1	3776
18.965	0.8	NonTarget	1	3793
19.045	0.8	NonTarget	1	3809
19.13	0.8	NonTarget	1	3826
19.215	0.8	NonTarget	1	3843
19.615	0.8	NonTarget	1	3923
19.7	0.8	NonTarget	1	3940
19.785	0.8	NonTarget	1	3957
19.865	0.8	NonTarget	1	3973
19.95	0.8	NonTarget	1	3990
20.03	0.8	NonTarget	1	4006
20.115	0.8	NonTarget	1	4023
20.2	0.8	NonTarget	1	4040
20.285	0.8	NonTarget	1	4057
20.365	0.8	NonTarget	1	4073
20.45	0.8	NonTarget	1	4090
20.535	0.8	NonTarget	1	4107
20.615	0.8	NonTarget	1	4123
20.7	0.8	NonTarget	1	4140
20.785	0.8	NonTarget	1	4157
20.865	0.8	NonTarget	1	4173
20.95	0.8	NonTarget	1	4190
21.035	0.8	NonTarget	1	4207
21.12	0.8	NonTarget	1	4224
21.2	0.8	NonTarget	1	4240
21.285	0.8	NonTarget	1	4257
21.365	0.8	NonTarget	1	4273
21.455	0.8	NonTarget	1	4291
21.535	0.8	Target	2	4307
21.62	0.8	NonTarget	1	4324
21.7	0.8	NonTarget	1	4340
21.785	0.8	NonTarget	1	4357
21.87	0.8	NonTarget	1	4374
21.95	0.8	NonTarget	1	4390
22.035	0.8	NonTarget	1	4407
22.435	0.8	NonTarget	1	4487
22.52	0.8	NonTarget	1	4504
22.6	0.8	NonTarget	1	4520
22.685	0.8	NonTarget	1	4537
22.77	0.8	NonTarget	1	4554
22.855	0.8	NonTarget	1	4571
22.94	0.8	NonTarget	1	4588
23.02	0.8	NonTarget	1	4604
23.105	0.8	NonTarget	1	4621
23.185	0.8	NonTarget	1	4637
23.27	0.8	NonTarget	1	4654
23.355	0.8	NonTarget	1	4671
23.44	0.8	NonTarget	1	4688
23.52	0.8	NonTarget	1	4704
23.605	0.8	NonTarget	1	4721
23.69	0.8	NonTarget	1	4738
23.77	0.8	NonTarget	1	4754
23.855	0.8	NonTarget	1	4771
23.94	0.8	NonTarget	1	4788
24.02	0.8	NonTarget	1	4804
24.105	0.8	NonTarget	1	4821
24.19	0.8	NonTarget	1	4838
24.275	0.8	NonTarget	1	4855
24.355	0.8	NonTarget	1	4871
24.44	0.8	NonTarget	1	4888
24.52	0.8	NonTarget	1	4904
24.605	0.8	NonTarget	1	4921
24.69	0.8	NonTarget	1	4938
24.775	0.8	Target	2	4955
24.855	0.8	NonTarget	1	4971
25.255	0.8	NonTarget	1	5051
25.34	0.8	NonTarget	1	5068
25.425	0.8	NonTarget	1	5085
25.51	0.8	NonTarget	1	5102
25.59	0.8	NonTarget	1	5118
25.675	0.8	NonTarget	1	5135
25.755	0.8	NonTarget	1	5151
25.84	0.8	NonTarget	1	5168
25.925	0.8	NonTarget	1	5185
26.01	0.8	NonTarget	1	5202
26.095	0.8	NonTarget	1	5219
26.175	0.8	NonTarget	1	5235
26.26	0.8	NonTarget	1	5252
26.34	0.8	NonTarget	1	5268
26.425	0.8	NonTarget	1	5285
26.51	0.8	NonTarget	1	5302
26.59	0.8	NonTarget	1	5318
26.675	0.8	NonTarget	1	5335
26.76	0.8	Target	2	5352
26.84	0.8	NonTarget	1	5368
26.925	0.8	NonTarget	1	5385
27.01	0.8	NonTarget	1	5402
27.09	0.8	NonTarget	1	5418
27.175	0.8	NonTarget	1	5435
27.26	0.8	NonTarget	1	5452
27.345	0.8	NonTarget	1	5469
27.425	0.8	NonTarget	1	5485
27.51	0.8	NonTarget	1	5502
27.595	0.8	NonTarget	1	5519
27.675	0.8	NonTarget	1	5535
28.075	0.8	NonTarget	1	5615
28.16	0.8	NonTarget	1	5632
28.245	0.8	NonTarget	1	5649
28.33	0.8	NonTarget	1	5666
28.41	0.8	NonTarget	1	5682
28.495	0.8	NonTarget	1	5699
28.58	0.8	NonTarget	1	5716
28.66	0.8	NonTarget	1	5732
28.745	0.8	NonTarget	1	5749
28.83	0.8	NonTarget	1	5766
28.91	0.8	NonTarget	1	5782
28.995	0.8	NonTarget	1	5799
29.08	0.8	NonTarget	1	5816
29.165	0.8	NonTarget	1	5833
29.245	0.8	NonTarget	1	5849
29.33	0.8	NonTarget	1	5866
29.41	0.8	NonTarget	1	5882
29.495	0.8	NonTarget	1	5899
29.58	0.8	NonTarget	1	5916
29.665	0.8	NonTarget	1	5933
29.745	0.8	NonTarget	1	5949
29.83	0.8	NonTarget	1	5966
29.915	0.8	NonTarget	1	5983
29.995	0.8	Target	2	5999
30.08	0.8	NonTarget	1	6016
30.165	0.8	NonTarget	1	6033
30.245	0.8	NonTarget	1	6049
30.33	0.8	NonTarget	1	6066
30.415	0.8	NonTarget	1	6083
30.495	0.8	NonTarget	1	6099
30.895	0.8	NonTarget	1	6179
30.98	0.8	NonTarget	1	6196
31.065	0.8	NonTarget	1	6213
31.15	0.8	NonTarget	1	6230
31.23	0.8	NonTarget	1	6246
31.315	0.8	NonTarget	1	6263
31.4	0.8	NonTarget	1	6280
31.48	0.8	NonTarget	1	6296
31.565	0.8	NonTarget	1	6313
31.65	0.8	NonTarget	1	6330
31.735	0.8	NonTarget	1	6347
31.815	0.8	NonTarget	1	6363
31.9	0.8	NonTarget	1	6380
31.985	0.8	NonTarget	1	6397
32.065	0.8	NonTarget	1	6413
32.15	0.8	NonTarget	1	6430
32.235	0.8	NonTarget	1	6447
32.315	0.8	NonTarget	1	6463
32.4	0.8	Target	2	6480
32.485	0.8	NonTarget	1	6497
32.565	0.8	NonTarget	1	6513
32.65	0.8	NonTarget	1	6530
32.735	0.8	NonTarget	1	6547
32.82	0.8	NonTarget	1	6564
32.9	0.8	NonTarget	1	6580
32.985	0.8	NonTarget	1	6597
33.07	0.8	NonTarget	1	6614
33.15	0.8	NonTarget	1	6630
33.235	0.8	NonTarget	1	6647
33.32	0.8	NonTarget	1	6664
33.72	0.8	NonTarget	1	6744
33.8	0.8	NonTarget	1	6760
33.885	0.8	NonTarget	1	6777
33.97	0.8	NonTarget	1	6794
34.055	0.8	NonTarget	1	6811
34.135	0.8	NonTarget	1	6827
34.22	0.8	NonTarget	1	6844
34.305	0.8	NonTarget	1	6861
34.385	0.8	NonTarget	1	6877
34.47	0.8	NonTarget	1	6894
34.555	0.8	NonTarget	1	6911
34.635	0.8	NonTarget	1	6927
34.72	0.8	NonTarget	1	6944
34.805	0.8	Target	2	6961
34.885	0.8	NonTarget	1	6977
34.97	0.8	NonTarget	1	6994
35.055	0.8	NonTarget	1	7011
35.135	0.8	NonTarget	1	7027
35.22	0.8	NonTarget	1	7044
35.305	0.8	NonTarget	1	7061
35.385	0.8	NonTarget	1	7077
35.47	0.8	NonTarget	1	7094
35.555	0.8	NonTarget	1	7111
35.64	0.8	NonTarget	1	7128
35.72	0.8	NonTarget	1	7144
35.805	0.8	NonTarget	1	7161
35.89	0.8	NonTarget	1	7178
35.97	0.8	NonTarget	1	7194
36.055	0.8	NonTarget	1	7211
36.14	0.8	NonTarget	1	7228
36.54	0.8	NonTarget	1	7308
36.625	0.8	NonTarget	1	7325
36.705	0.8	NonTarget	1	7341
36.79	0.8	NonTarget	1	7358
36.875	0.8	NonTarget	1	7375
36.955	0.8	NonTarget	1	7391
37.04	0.8	NonTarget	1	7408
37.125	0.8	NonTarget	1	7425
37.205	0.8	NonTarget	1	7441
37.29	0.8	NonTarget	1	7458
37.375	0.8	NonTarget	1	7475
37.455	0.8	NonTarget	1	7491
37.54	0.8	NonTarget	1	7508
37.625	0.8	NonTarget	1	7525
37.705	0.8	NonTarget	1	7541
37.79	0.8	NonTarget	1	7558
37.875	0.8	NonTarget	1	7575
37.96	0.8	NonTarget	1	7592
38.04	0.8	NonTarget	1	7608
38.125	0.8	NonTarget	1	7625
38.21	0.8	NonTarget	1	7642
38.29	0.8	NonTarget	1	7658
38.375	0.8	NonTarget	1	7675
38.46	0.8	NonTarget	1	7692
38.545	0.8	NonTarget	1	7709
38.625	0.8	NonTarget	1	7725
38.71	0.8	NonTarget	1	7742
38.795	0.8	NonTarget	1	7759
38.875	0.8	Target	2	7775
38.96	0.8	NonTarget	1	7792
39.36	0.8	NonTarget	1	7872
39.445	0.8	NonTarget	1	7889
39.53	0.8	NonTarget	1	7906
39.61	0.8	NonTarget	1	7922
39.695	0.8	NonTarget	1	7939
39.78	0.8	NonTarget	1	7956
39.86	0.8	NonTarget	1	7972
39.945	0.8	NonTarget	1	7989
40.025	0.8	NonTarget	1	8005
40.11	0.8	NonTarget	1	8022
40.195	0.8	NonTarget	1	8039
40.28	0.8	NonTarget	1	8056
40.36	0.8	NonTarget	1	8072
40.445	0.8	NonTarget	1	8089
40.53	0.8	NonTarget	1	8106
40.61	0.8	NonTarget	1	8122
40.695	0.8	NonTarget	1	8139
40.78	0.8	NonTarget	1	8156
40.865	0.8	NonTarget	1	8173
40.945	0.8	NonTarget	1	8189
41.03	0.8	NonTarget	1	8206
41.115	0.8	NonTarget	1	8223
41.195	0.8	NonTarget	1	8239
41.28	0.8	Target	2	8256
41.365	0.8	NonTarget	1	8273
41.445	0.8	NonTarget	1	8289
41.53	0.8	NonTarget	1	8306
41.615	0.8	NonTarget	1	8323
41.695	0.8	NonTarget	1	8339
41.78	0.8	NonTarget	1	8356
50.33	0.8	Target	2	10066
50.41	0.8	NonTarget	1	10082
50.495	0.8	NonTarget	1	10099
50.575	0.8	NonTarget	1	10115
50.66	0.8	NonTarget	1	10132
50.745	0.8	NonTarget	1	10149
50.825	0.8	NonTarget	1	10165
50.91	0.8	NonTarget	1	10182
50.995	0.8	NonTarget	1	10199
51.075	0.8	NonTarget	1	10215
51.16	0.8	NonTarget	1	10232
51.245	0.8	NonTarget	1	10249
51.325	0.8	NonTarget	1	10265
51.41	0.8	NonTarget	1	10282
51.495	0.8	NonTarget	1	10299
51.575	0.8	NonTarget	1	10315
51.66	0.8	NonTarget	1	10332
51.745	0.8	NonTarget	1	10349
51.83	0.8	NonTarget	1	10366
51.91	0.8	NonTarget	1	10382
51.995	0.8	NonTarget	1	10399
52.08	0.8	NonTarget	1	10416
52.16	0.8	NonTarget	1	10432
52.245	0.8	NonTarget	1	10449
52.33	0.8	NonTarget	1	10466
52.41	0.8	NonTarget	1	10482
52.495	0.8	NonTarget	1	10499
52.58	0.8	NonTarget	1	10516
52.665	0.8	NonTarget	1	10533
52.745	0.8	NonTarget	1	10549
53.145	0.8	NonTarget	1	10629
53.23	0.8	NonTarget	1	10646
53.315	0.8	NonTarget	1	10663
53.4	0.8	NonTarget	1	10680
53.48	0.8	NonTarget	1	10696
53.565	0.8	NonTarget	1	10713
53.65	0.8	NonTarget	1	10730
53.73	0.8	NonTarget	1	10746
53.815	0.8	NonTarget	1	10763
53.9	0.8	NonTarget	1	10780
53.98	0.8	NonTarget	1	10796
54.065	0.8	NonTarget	1	10813
54.15	0.8	NonTarget	1	10830
54.23	0.8	NonTarget	1	10846
54.315	0.8	NonTarget	1	10863
54.395	0.8	NonTarget	1	10879
54.48	0.8	NonTarget	1	10896
54.565	0.8	NonTarget	1	10913
54.65	0.8	NonTarget	1	10930
54.735	0.8	NonTarget	1	10947
54.815	0.8	Target	2	10963
54.9	0.8	NonTarget	1	10980
54.985	0.8	NonTarget	1	10997
55.065	0.8	NonTarget	1	11013
55.15	0.8	NonTarget	1	11030
55.235	0.8	NonTarget	1	11047
55.315	0.8	NonTarget	1	11063
55.4	0.8	NonTarget	1	11080
55.485	0.8	NonTarget	1	11097
55.565	0.8	NonTarget	1	11113
55.965	0.8	Target	2	11193
56.05	0.8	NonTarget	1	11210
56.135	0.8	NonTarget	1	11227
56.215	0.8	NonTarget	1	11243
56.3	0.8	NonTarget	1	11260
56.385	0.8	NonTarget	1	11277
56.47	0.8	NonTarget	1	11294
56.55	0.8	NonTarget	1	11310
56.635	0.8	NonTarget	1	11327
56.72	0.8	NonTarget	1	11344
56.8	0.8	NonTarget	1	11360
56.885	0.8	NonTarget	1	11377
56.97	0.8	NonTarget	1	11394
57.05	0.8	NonTarget	1	11410
57.135	0.8	NonTarget	1	11427
57.22	0.8	NonTarget	1	11444
57.3	0.8	NonTarget	1	11460
57.385	0.8	NonTarget	1	11477
57.47	0.8	NonTarget	1	11494
57.555	0.8	NonTarget	1	11511
57.635	0.8	NonTarget	1	11527
57.72	0.8	NonTarget	1	11544
57.8	0.8	NonTarget	1	11560
57.885	0.8	NonTarget	1	11577
57.97	0.8	NonTarget	1	11594
58.055	0.8	NonTarget	1	11611
58.135	0.8	NonTarget	1	11627
58.22	0.8	NonTarget	1	11644
58.305	0.8	NonTarget	1	11661
58.39	0.8	NonTarget	1	11678
58.785	0.8	NonTarget	1	11757
58.87	0.8	NonTarget	1	11774
58.955	0.8	NonTarget	1	11791
59.04	0.8	NonTarget	1	11808
59.12	0.8	NonTarget	1	11824
59.205	0.8	NonTarget	1	11841
59.29	0.8	NonTarget	1	11858
59.37	0.8	NonTarget	1	11874
59.455	0.8	NonTarget	1	11891
59.54	0.8	NonTarget	1	11908
59.62	0.8	NonTarget	1	11924
59.705	0.8	NonTarget	1	11941
59.79	0.8	NonTarget	1	11958
59.875	0.8	NonTarget	1	11975
59.955	0.8	NonTarget	1	11991
60.04	0.8	NonTarget	1	12008
60.125	0.8	NonTarget	1	12025
60.205	0.8	NonTarget	1	12041
60.29	0.8	NonTarget	1	12058
60.375	0.8	NonTarget	1	12075
60.455	0.8	NonTarget	1	12091
60.54	0.8	NonTarget	1	12108
60.625	0.8	NonTarget	1	12125
60.71	0.8	NonTarget	1	12142
60.79	0.8	NonTarget	1	12158
60.875	0.8	Target	2	12175
60.955	0.8	NonTarget	1	12191
61.04	0.8	NonTarget	1	12208
61.125	0.8	NonTarget	1	12225
61.21	0.8	NonTarget	1	12242
61.61	0.8	Target	2	12322
61.69	0.8	NonTarget	1	12338
61.775	0.8	NonTarget	1	12355
61.86	0.8	NonTarget	1	12372
61.945	0.8	NonTarget	1	12389
62.025	0.8	NonTarget	1	12405
62.11	0.8	NonTarget	1	12422
62.19	0.8	NonTarget	1	12438
62.275	0.8	NonTarget	1	12455
62.36	0.8	NonTarget	1	12472
62.445	0.8	NonTarget	1	12489
62.525	0.8	NonTarget	1	12505
62.61	0.8	NonTarget	1	12522
62.695	0.8	NonTarget	1	12539
62.775	0.8	NonTarget	1	12555
62.86	0.8	NonTarget	1	12572
62.945	0.8	NonTarget	1	12589
63.025	0.8	NonTarget	1	12605
63.11	0.8	NonTarget	1	12622
63.195	0.8	NonTarget	1	12639
63.28	0.8	NonTarget	1	12656
63.36	0.8	NonTarget	1	12672
63.445	0.8	NonTarget	1	12689
63.53	0.8	NonTarget	1	12706
63.61	0.8	NonTarget	1	12722
63.695	0.8	NonTarget	1	12739
63.78	0.8	NonTarget	1	12756
63.86	0.8	NonTarget	1	12772
63.945	0.8	NonTarget	1	12789
64.025	0.8	NonTarget	1	12805
64.43	0.8	Target	2	12886
64.51	0.8	NonTarget	1	12902
64.595	0.8	NonTarget	1	12919
64.68	0.8	NonTarget	1	12936
64.76	0.8	NonTarget	1	12952
64.845	0.8	NonTarget	1	12969
64.93	0.8	NonTarget	1	12986
65.01	0.8	NonTarget	1	13002
65.095	0.8	NonTarget	1	13019
65.18	0.8	NonTarget	1	13036
65.26	0.8	NonTarget	1	13052
65.345	0.8	NonTarget	1	13069
65.43	0.8	NonTarget	1	13086
65.515	0.8	NonTarget	1	13103
65.595	0.8	NonTarget	1	13119
65.68	0.8	NonTarget	1	13136
65.765	0.8	NonTarget	1	13153
65.85	0.8	NonTarget	1	13170
65.93	0.8	NonTarget	1	13186
66.015	0.8	NonTarget	1	13203
66.1	0.8	NonTarget	1	13220
66.18	0.8	NonTarget	1	13236
66.265	0.8	NonTarget	1	13253
66.35	0.8	NonTarget	1	13270
66.43	0.8	NonTarget	1	13286
66.515	0.8	NonTarget	1	13303
66.6	0.8	NonTarget	1	13320
66.685	0.8	NonTarget	1	13337
66.765	0.8	NonTarget	1	13353
66.85	0.8	NonTarget	1	13370
67.25	0.8	NonTarget	1	13450
67.335	0.8	NonTarget	1	13467
67.415	0.8	NonTarget	1	13483
67.5	0.8	NonTarget	1	13500
67.585	0.8	NonTarget	1	13517
67.665	0.8	NonTarget	1	13533
67.75	0.8	NonTarget	1	13550
67.835	0.8	NonTarget	1	13567
67.915	0.8	NonTarget	1	13583
68.0	0.8	NonTarget	1	13600
68.085	0.8	NonTarget	1	13617
68.165	0.8	NonTarget	1	13633
68.25	0.8	NonTarget	1	13650
68.335	0.8	NonTarget	1	13667
68.42	0.8	NonTarget	1	13684
68.5	0.8	NonTarget	1	13700
68.585	0.8	NonTarget	1	13717
68.67	0.8	NonTarget	1	13734
68.75	0.8	NonTarget	1	13750
68.835	0.8	NonTarget	1	13767
68.92	0.8	NonTarget	1	13784
69.0	0.8	NonTarget	1	13800
69.085	0.8	NonTarget	1	13817
69.17	0.8	NonTarget	1	13834
69.25	0.8	NonTarget	1	13850
69.335	0.8	Target	2	13867
69.42	0.8	NonTarget	1	13884
69.505	0.8	NonTarget	1	13901
69.585	0.8	NonTarget	1	13917
69.67	0.8	NonTarget	1	13934
70.07	0.8	Target	2	14014
70.155	0.8	NonTarget	1	14031
70.235	0.8	NonTarget	1	14047
70.32	0.8	NonTarget	1	14064
70.405	0.8	NonTarget	1	14081
70.485	0.8	NonTarget	1	14097
70.57	0.8	NonTarget	1	14114
70.655	0.8	NonTarget	1	14131
70.74	0.8	NonTarget	1	14148
70.82	0.8	NonTarget	1	14164
70.905	0.8	NonTarget	1	14181
70.99	0.8	NonTarget	1	14198
71.07	0.8	NonTarget	1	14214
71.155	0.8	NonTarget	1	14231
71.24	0.8	NonTarget	1	14248
71.32	0.8	NonTarget	1	14264
71.405	0.8	NonTarget	1	14281
71.49	0.8	NonTarget	1	14298
71.575	0.8	NonTarget	1	14315
71.655	0.8	NonTarget	1	14331
71.74	0.8	NonTarget	1	14348
71.825	0.8	NonTarget	1	14365
71.905	0.8	NonTarget	1	14381
71.99	0.8	NonTarget	1	14398
72.075	0.8	NonTarget	1	14415
72.155	0.8	NonTarget	1	14431
72.24	0.8	NonTarget	1	14448
72.325	0.8	NonTarget	1	14465
72.405	0.8	NonTarget	1	14481
72.49	0.8	NonTarget	1	14498
72.89	0.8	NonTarget	1	14578
72.975	0.8	NonTarget	1	14595
73.06	0.8	NonTarget	1	14612
73.14	0.8	NonTarget	1	14628
73.225	0.8	NonTarget	1	14645
73.31	0.8	NonTarget	1	14662
73.39	0.8	NonTarget	1	14678
73.475	0.8	NonTarget	1	14695
73.56	0.8	NonTarget	1	14712
73.64	0.8	NonTarget	1	14728
73.725	0.8	NonTarget	1	14745
73.81	0.8	NonTarget	1	14762
73.895	0.8	NonTarget	1	14779
73.975	0.8	NonTarget	1	14795
74.06	0.8	NonTarget	1	14812
74.145	0.8	NonTarget	1	14829
74.225	0.8	NonTarget	1	14845
74.31	0.8	NonTarget	1	14862
74.395	0.8	NonTarget	1	14879
74.475	0.8	NonTarget	1	14895
74.56	0.8	NonTarget	1	14912
74.645	0.8	NonTarget	1	14929
74.725	0.8	NonTarget	1	14945
74.81	0.8	NonTarget	1	14962
74.895	0.8	NonTarget	1	14979
74.975	0.8	Target	2	14995
75.06	0.8	NonTarget	1	15012
75.145	0.8	NonTarget	1	15029
75.23	0.8	NonTarget	1	15046
75.31	0.8	NonTarget	1	15062
75.71	0.8	NonTarget	1	15142
75.795	0.8	NonTarget	1	15159
75.88	0.8	NonTarget	1	15176
75.96	0.8	NonTarget	1	15192
76.045	0.8	NonTarget	1	15209
76.13	0.8	NonTarget	1	15226
76.21	0.8	NonTarget	1	15242
76.295	0.8	NonTarget	1	15259
76.38	0.8	NonTarget	1	15276
76.46	0.8	NonTarget	1	15292
76.545	0.8	Target	2	15309
76.63	0.8	NonTarget	1	15326
76.715	0.8	NonTarget	1	15343
76.795	0.8	NonTarget	1	15359
76.88	0.8	NonTarget	1	15376
76.965	0.8	NonTarget	1	15393
77.045	0.8	NonTarget	1	15409
77.13	0.8	NonTarget	1	15426
77.215	0.8	NonTarget	1	15443
77.3	0.8	NonTarget	1	15460
77.38	0.8	NonTarget	1	15476
77.465	0.8	NonTarget	1	15493
77.545	0.8	NonTarget	1	15509
77.63	0.8	NonTarget	1	15526
77.715	0.8	NonTarget	1	15543
77.8	0.8	NonTarget	1	15560
77.88	0.8	NonTarget	1	15576
77.965	0.8	NonTarget	1	15593
78.05	0.8	NonTarget	1	15610
78.13	0.8	NonTarget	1	15626
86.68	0.8	NonTarget	1	17336
86.76	0.8	NonTarget	1	17352
86.845	0.8	NonTarget	1	17369
86.925	0.8	Target	2	17385
87.01	0.8	NonTarget	1	17402
87.095	0.8	NonTarget	1	17419
87.18	0.8	NonTarget	1	17436
87.26	0.8	NonTarget	1	17452
87.345	0.8	NonTarget	1	17469
87.43	0.8	NonTarget	1	17486
87.51	0.8	NonTarget	1	17502
87.595	0.8	NonTarget	1	17519
87.68	0.8	NonTarget	1	17536
87.76	0.8	NonTarget	1	17552
87.845	0.8	NonTarget	1	17569
87.93	0.8	NonTarget	1	17586
88.015	0.8	NonTarget	1	17603
88.095	0.8	NonTarget	1	17619
88.18	0.8	NonTarget	1	17636
88.26	0.8	NonTarget	1	17652
88.345	0.8	NonTarget	1	17669
88.43	0.8	NonTarget	1	17686
88.515	0.8	NonTarget	1	17703
88.595	0.8	NonTarget	1	17719
88.68	0.8	NonTarget	1	17736
88.765	0.8	NonTarget	1	17753
88.845	0.8	NonTarget	1	17769
88.93	0.8	NonTarget	1	17786
89.015	0.8	NonTarget	1	17803
89.1	0.8	NonTarget	1	17820
89.5	0.8	NonTarget	1	17900
89.58	0.8	NonTarget	1	17916
89.665	0.8	NonTarget	1	17933
89.75	0.8	Target	2	17950
89.83	0.8	NonTarget	1	17966
89.915	0.8	NonTarget	1	17983
90.0	0.8	NonTarget	1	18000
90.08	0.8	NonTarget	1	18016
90.165	0.8	NonTarget	1	18033
90.25	0.8	NonTarget	1	18050
90.335	0.8	NonTarget	1	18067
90.415	0.8	NonTarget	1	18083
90.5	0.8	NonTarget	1	18100
90.585	0.8	NonTarget	1	18117
90.665	0.8	NonTarget	1	18133
90.75	0.8	NonTarget	1	18150
90.835	0.8	NonTarget	1	18167
90.915	0.8	NonTarget	1	18183
91.0	0.8	NonTarget	1	18200
91.085	0.8	NonTarget	1	18217
91.165	0.8	NonTarget	1	18233
91.25	0.8	NonTarget	1	18250
91.335	0.8	NonTarget	1	18267
91.415	0.8	NonTarget	1	18283
91.5	0.8	NonTarget	1	18300
91.585	0.8	NonTarget	1	18317
91.665	0.8	NonTarget	1	18333
91.75	0.8	NonTarget	1	18350
91.835	0.8	NonTarget	1	18367
91.92	0.8	NonTarget	1	18384
92.32	0.8	NonTarget	1	18464
92.4	0.8	NonTarget	1	18480
92.485	0.8	NonTarget	1	18497
92.57	0.8	NonTarget	1	18514
92.65	0.8	NonTarget	1	18530
92.735	0.8	NonTarget	1	18547
92.82	0.8	NonTarget	1	18564
92.905	0.8	NonTarget	1	18581
92.985	0.8	NonTarget	1	18597
93.07	0.8	NonTarget	1	18614
93.15	0.8	NonTarget	1	18630
93.235	0.8	NonTarget	1	18647
93.32	0.8	NonTarget	1	18664
93.405	0.8	NonTarget	1	18681
93.485	0.8	NonTarget	1	18697
93.57	0.8	NonTarget	1	18714
93.655	0.8	NonTarget	1	18731
93.74	0.8	NonTarget	1	18748
93.82	0.8	Target	2	18764
93.905	0.8	NonTarget	1	18781
93.99	0.8	NonTarget	1	18798
94.07	0.8	NonTarget	1	18814
94.155	0.8	NonTarget	1	18831
94.24	0.8	NonTarget	1	18848
94.32	0.8	NonTarget	1	18864
94.405	0.8	NonTarget	1	18881
94.485	0.8	NonTarget	1	18897
94.57	0.8	NonTarget	1	18914
94.655	0.8	NonTarget	1	18931
94.74	0.8	NonTarget	1	18948
95.14	0.8	NonTarget	1	19028
95.22	0.8	NonTarget	1	19044
95.305	0.8	NonTarget	1	19061
95.39	0.8	NonTarget	1	19078
95.475	0.8	NonTarget	1	19095
95.555	0.8	NonTarget	1	19111
95.64	0.8	NonTarget	1	19128
95.725	0.8	NonTarget	1	19145
95.81	0.8	NonTarget	1	19162
95.89	0.8	NonTarget	1	19178
95.97	0.8	NonTarget	1	19194
96.06	0.8	NonTarget	1	19212
96.14	0.8	NonTarget	1	19228
96.225	0.8	NonTarget	1	19245
96.305	0.8	NonTarget	1	19261
96.39	0.8	NonTarget	1	19278
96.475	0.8	NonTarget	1	19295
96.56	0.8	NonTarget	1	19312
96.64	0.8	NonTarget	1	19328
96.725	0.8	NonTarget	1	19345
96.81	0.8	NonTarget	1	19362
96.89	0.8	NonTarget	1	19378
96.975	0.8	NonTarget	1	19395
97.06	0.8	Target	2	19412
97.14	0.8	NonTarget	1	19428
97.225	0.8	NonTarget	1	19445
97.31	0.8	NonTarget	1	19462
97.395	0.8	NonTarget	1	19479
97.475	0.8	NonTarget	1	19495
97.56	0.8	NonTarget	1	19512
97.96	0.8	NonTarget	1	19592
98.045	0.8	NonTarget	1	19609
98.125	0.8	NonTarget	1	19625
98.21	0.8	NonTarget	1	19642
98.295	0.8	NonTarget	1	19659
98.38	0.8	NonTarget	1	19676
98.46	0.8	NonTarget	1	19692
98.545	0.8	NonTarget	1	19709
98.63	0.8	NonTarget	1	19726
98.71	0.8	NonTarget	1	19742
98.795	0.8	NonTarget	1	19759
98.875	0.8	NonTarget	1	19775
98.96	0.8	NonTarget	1	19792
99.045	0.8	NonTarget	1	19809
99.13	0.8	NonTarget	1	19826
99.21	0.8	NonTarget	1	19842
99.295	0.8	NonTarget	1	19859
99.38	0.8	NonTarget	1	19876
99.46	0.8	NonTarget	1	19892
99.545	0.8	NonTarget	1	19909
99.63	0.8	NonTarget	1	19926
99.71	0.8	NonTarget	1	19942
99.795	0.8	NonTarget	1	19959
99.88	0.8	Target	2	19976
99.96	0.8	NonTarget	1	19992
100.045	0.8	NonTarget	1	20009
100.13	0.8	NonTarget	1	20026
100.215	0.8	NonTarget	1	20043
100.3	0.8	NonTarget	1	20060
100.38	0.8	NonTarget	1	20076
100.78	0.8	NonTarget	1	20156
100.865	0.8	NonTarget	1	20173
100.95	0.8	NonTarget	1	20190
101.03	0.8	Target	2	20206
101.115	0.8	NonTarget	1	20223
101.195	0.8	NonTarget	1	20239
101.28	0.8	NonTarget	1	20256
101.365	0.8	NonTarget	1	20273
101.45	0.8	NonTarget	1	20290
101.53	0.8	NonTarget	1	20306
101.615	0.8	NonTarget	1	20323
101.7	0.8	NonTarget	1	20340
101.78	0.8	NonTarget	1	20356
101.865	0.8	NonTarget	1	20373
101.95	0.8	NonTarget	1	20390
102.03	0.8	NonTarget	1	20406
102.115	0.8	NonTarget	1	20423
102.2	0.8	NonTarget	1	20440
102.285	0.8	NonTarget	1	20457
102.365	0.8	NonTarget	1	20473
102.45	0.8	NonTarget	1	20490
102.535	0.8	NonTarget	1	20507
102.615	0.8	NonTarget	1	20523
102.7	0.8	NonTarget	1	20540
102.785	0.8	NonTarget	1	20557
102.87	0.8	NonTarget	1	20574
102.95	0.8	NonTarget	1	20590
103.035	0.8	NonTarget	1	20607
103.12	0.8	NonTarget	1	20624
103.2	0.8	NonTarget	1	20640
103.6	0.8	NonTarget	1	20720
103.685	0.8	NonTarget	1	20737
103.77	0.8	NonTarget	1	20754
103.85	0.8	NonTarget	1	20770
103.935	0.8	NonTarget	1	20787
104.02	0.8	NonTarget	1	20804
104.105	0.8	NonTarget	1	20821
104.185	0.8	NonTarget	1	20837
104.27	0.8	NonTarget	1	20854
104.35	0.8	NonTarget	1	20870
104.435	0.8	NonTarget	1	20887
104.52	0.8	NonTarget	1	20904
104.6	0.8	NonTarget	1	20920
104.685	0.8	NonTarget	1	20937
104.77	0.8	NonTarget	1	20954
104.855	0.8	NonTarget	1	20971
104.935	0.8	NonTarget	1	20987
105.02	0.8	NonTarget	1	21004
105.105	0.8	Target	2	21021
105.185	0.8	NonTarget	1	21037
105.27	0.8	NonTarget	1	21054
105.355	0.8	NonTarget	1	21071
105.435	0.8	NonTarget	1	21087
105.52	0.8	NonTarget	1	21104
105.605	0.8	NonTarget	1	21121
105.685	0.8	NonTarget	1	21137
105.77	0.8	NonTarget	1	21154
105.855	0.8	NonTarget	1	21171
105.94	0.8	NonTarget	1	21188
106.02	0.8	NonTarget	1	21204
106.425	0.8	NonTarget	1	21285
106.505	0.8	NonTarget	1	21301
106.59	0.8	NonTarget	1	21318
106.67	0.8	Target	2	21334
106.755	0.8	NonTarget	1	21351
106.84	0.8	NonTarget	1	21368
106.925	0.8	NonTarget	1	21385
107.005	0.8	NonTarget	1	21401
107.09	0.8	NonTarget	1	21418
107.17	0.8	NonTarget	1	21434
107.255	0.8	NonTarget	1	21451
107.34	0.8	NonTarget	1	21468
107.425	0.8	NonTarget	1	21485
107.505	0.8	NonTarget	1	21501
107.59	0.8	NonTarget	1	21518
107.675	0.8	NonTarget	1	21535
107.755	0.8	NonTarget	1	21551
107.84	0.8	NonTarget	1	21568
107.925	0.8	NonTarget	1	21585
108.01	0.8	NonTarget	1	21602
108.09	0.8	NonTarget	1	21618
108.175	0.8	NonTarget	1	21635
108.26	0.8	NonTarget	1	21652
108.34	0.8	NonTarget	1	21668
108.425	0.8	NonTarget	1	21685
108.51	0.8	NonTarget	1	21702
108.59	0.8	NonTarget	1	21718
108.675	0.8	NonTarget	1	21735
108.76	0.8	NonTarget	1	21752
108.84	0.8	NonTarget	1	21768
109.245	0.8	NonTarget	1	21849
109.325	0.8	NonTarget	1	21865
109.41	0.8	NonTarget	1	21882
109.495	0.8	NonTarget	1	21899
109.575	0.8	NonTarget	1	21915
109.66	0.8	NonTarget	1	21932
109.745	0.8	NonTarget	1	21949
109.825	0.8	NonTarget	1	21965
109.91	0.8	NonTarget	1	21982
109.995	0.8	NonTarget	1	21999
110.075	0.8	NonTarget	1	22015
110.16	0.8	NonTarget	1	22032
110.245	0.8	NonTarget	1	22049
110.325	0.8	NonTarget	1	22065
110.41	0.8	NonTarget	1	22082
110.495	0.8	NonTarget	1	22099
110.58	0.8	NonTarget	1	22116
110.66	0.8	NonTarget	1	22132
110.745	0.8	NonTarget	1	22149
110.83	0.8	NonTarget	1	22166
110.91	0.8	NonTarget	1	22182
110.995	0.8	NonTarget	1	22199
111.08	0.8	NonTarget	1	22216
111.16	0.8	Target	2	22232
111.245	0.8	NonTarget	1	22249
111.33	0.8	NonTarget	1	22266
111.41	0.8	NonTarget	1	22282
111.495	0.8	NonTarget	1	22299
111.58	0.8	NonTarget	1	22316
111.665	0.8	NonTarget	1	22333
112.06	0.8	NonTarget	1	22412
112.15	0.8	NonTarget	1	22430
112.23	0.8	NonTarget	1	22446
112.315	0.8	NonTarget	1	22463
112.395	0.8	NonTarget	1	22479
112.48	0.8	NonTarget	1	22496
112.565	0.8	NonTarget	1	22513
112.645	0.8	NonTarget	1	22529
112.73	0.8	NonTarget	1	22546
112.815	0.8	NonTarget	1	22563
112.9	0.8	NonTarget	1	22580
112.98	0.8	NonTarget	1	22596
113.065	0.8	NonTarget	1	22613
113.15	0.8	Target	2	22630
113.23	0.8	NonTarget	1	22646
113.315	0.8	NonTarget	1	22663
113.4	0.8	NonTarget	1	22680
113.48	0.8	NonTarget	1	22696
113.565	0.8	NonTarget	1	22713
113.65	0.8	NonTarget	1	22730
113.73	0.8	NonTarget	1	22746
113.815	0.8	NonTarget	1	22763
113.9	0.8	NonTarget	1	22780
113.985	0.8	NonTarget	1	22797
114.065	0.8	NonTarget	1	22813
114.15	0.8	NonTarget	1	22830
114.235	0.8	NonTarget	1	22847
114.315	0.8	NonTarget	1	22863
114.4	0.8	NonTarget	1	22880
114.485	0.8	NonTarget	1	22897
123.035	0.8	NonTarget	1	24607
123.115	0.8	NonTarget	1	24623
123.195	0.8	NonTarget	1	24639
123.28	0.8	NonTarget	1	24656
123.36	0.8	NonTarget	1	24672
123.445	0.8	NonTarget	1	24689
123.53	0.8	NonTarget	1	24706
123.615	0.8	NonTarget	1	24723
123.695	0.8	NonTarget	1	24739
123.78	0.8	NonTarget	1	24756
123.865	0.8	NonTarget	1	24773
123.945	0.8	NonTarget	1	24789
124.03	0.8	Target	2	24806
124.115	0.8	NonTarget	1	24823
124.195	0.8	NonTarget	1	24839
124.28	0.8	NonTarget	1	24856
124.365	0.8	NonTarget	1	24873
124.445	0.8	NonTarget	1	24889
124.53	0.8	NonTarget	1	24906
124.615	0.8	NonTarget	1	24923
124.695	0.8	NonTarget	1	24939
124.78	0.8	NonTarget	1	24956
124.865	0.8	NonTarget	1	24973
124.95	0.8	NonTarget	1	24990
125.035	0.8	NonTarget	1	25007
125.115	0.8	NonTarget	1	25023
125.2	0.8	NonTarget	1	25040
125.28	0.8	NonTarget	1	25056
125.365	0.8	NonTarget	1	25073
125.45	0.8	NonTarget	1	25090
125.85	0.8	NonTarget	1	25170
125.935	0.8	NonTarget	1	25187
126.015	0.8	Target	2	25203
126.1	0.8	NonTarget	1	25220
126.185	0.8	NonTarget	1	25237
126.265	0.8	NonTarget	1	25253
126.35	0.8	NonTarget	1	25270
126.435	0.8	NonTarget	1	25287
126.515	0.8	NonTarget	1	25303
126.6	0.8	NonTarget	1	25320
126.685	0.8	NonTarget	1	25337
126.765	0.8	NonTarget	1	25353
126.85	0.8	NonTarget	1	25370
126.935	0.8	NonTarget	1	25387
127.015	0.8	NonTarget	1	25403
127.1	0.8	NonTarget	1	25420
127.185	0.8	NonTarget	1	25437
127.27	0.8	NonTarget	1	25454
127.35	0.8	NonTarget	1	25470
127.435	0.8	NonTarget	1	25487
127.52	0.8	NonTarget	1	25504
127.6	0.8	NonTarget	1	25520
127.685	0.8	NonTarget	1	25537
127.77	0.8	NonTarget	1	25554
127.855	0.8	NonTarget	1	25571
127.935	0.8	NonTarget	1	25587
128.02	0.8	NonTarget	1	25604
128.1	0.8	NonTarget	1	25620
128.185	0.8	NonTarget	1	25637
128.27	0.8	NonTarget	1	25654
128.67	0.8	NonTarget	1	25734
128.755	0.8	NonTarget	1	25751
128.835	0.8	NonTarget	1	25767
128.92	0.8	NonTarget	1	25784
129.005	0.8	NonTarget	1	25801
129.085	0.8	NonTarget	1	25817
129.17	0.8	NonTarget	1	25834
129.255	0.8	Target	2	25851
129.34	0.8	NonTarget	1	25868
129.42	0.8	NonTarget	1	25884
129.505	0.8	NonTarget	1	25901
129.59	0.8	NonTarget	1	25918
129.67	0.8	NonTarget	1	25934
129.755	0.8	NonTarget	1	25951
129.84	0.8	NonTarget	1	25968
129.92	0.8	NonTarget	1	25984
130.005	0.8	NonTarget	1	26001
130.09	0.8	NonTarget	1	26018
130.17	0.8	NonTarget	1	26034
130.255	0.8	NonTarget	1	26051
130.34	0.8	NonTarget	1	26068
130.425	0.8	NonTarget	1	26085
130.505	0.8	NonTarget	1	26101
130.59	0.8	NonTarget	1	26118
130.67	0.8	NonTarget	1	26134
130.755	0.8	NonTarget	1	26151
130.84	0.8	NonTarget	1	26168
130.925	0.8	NonTarget	1	26185
131.005	0.8	NonTarget	1	26201
131.09	0.8	NonTarget	1	26218
131.49	0.8	NonTarget	1	26298
131.575	0.8	NonTarget	1	26315
131.66	0.8	NonTarget	1	26332
131.74	0.8	NonTarget	1	26348
131.825	0.8	NonTarget	1	26365
131.91	0.8	NonTarget	1	26382
131.99	0.8	NonTarget	1	26398
132.075	0.8	Target	2	26415
132.16	0.8	NonTarget	1	26432
132.24	0.8	NonTarget	1	26448
132.325	0.8	NonTarget	1	26465
132.41	0.8	NonTarget	1	26482
132.49	0.8	NonTarget	1	26498
132.575	0.8	NonTarget	1	26515
132.66	0.8	NonTarget	1	26532
132.745	0.8	NonTarget	1	26549
132.825	0.8	NonTarget	1	26565
132.91	0.8	NonTarget	1	26582
132.995	0.8	NonTarget	1	26599
133.075	0.8	NonTarget	1	26615
133.16	0.8	NonTarget	1	26632
133.245	0.8	NonTarget	1	26649
133.325	0.8	NonTarget	1	26665
133.41	0.8	NonTarget	1	26682
133.495	0.8	NonTarget	1	26699
133.575	0.8	NonTarget	1	26715
133.66	0.8	NonTarget	1	26732
133.745	0.8	NonTarget	1	26749
133.83	0.8	NonTarget	1	26766
133.91	0.8	NonTarget	1	26782
134.31	0.8	NonTarget	1	26862
134.395	0.8	NonTarget	1	26879
134.48	0.8	NonTarget	1	26896
134.56	0.8	NonTarget	1	26912
134.645	0.8	NonTarget	1	26929
134.73	0.8	NonTarget	1	26946
134.81	0.8	NonTarget	1	26962
134.895	0.8	Target	2	26979
134.98	0.8	NonTarget	1	26996
135.06	0.8	NonTarget	1	27012
135.145	0.8	NonTarget	1	27029
135.23	0.8	NonTarget	1	27046
135.31	0.8	NonTarget	1	27062
135.395	0.8	NonTarget	1	27079
135.48	0.8	NonTarget	1	27096
135.56	0.8	NonTarget	1	27112
135.645	0.8	NonTarget	1	27129
135.73	0.8	NonTarget	1	27146
135.815	0.8	NonTarget	1	27163
135.895	0.8	NonTarget	1	27179
135.98	0.8	NonTarget	1	27196
136.065	0.8	NonTarget	1	27213
136.145	0.8	NonTarget	1	27229
136.23	0.8	NonTarget	1	27246
136.315	0.8	NonTarget	1	27263
136.395	0.8	NonTarget	1	27279
136.48	0.8	NonTarget	1	27296
136.565	0.8	NonTarget	1	27313
136.65	0.8	NonTarget	1	27330
136.73	0.8	NonTarget	1	27346
137.13	0.8	NonTarget	1	27426
137.215	0.8	NonTarget	1	27443
137.3	0.8	Target	2	27460
137.38	0.8	NonTarget	1	27476
137.465	0.8	NonTarget	1	27493
137.55	0.8	NonTarget	1	27510
137.635	0.8	NonTarget	1	27527
137.715	0.8	NonTarget	1	27543
137.8	0.8	NonTarget	1	27560
137.885	0.8	NonTarget	1	27577
137.965	0.8	NonTarget	1	27593
138.05	0.8	NonTarget	1	27610
138.135	0.8	NonTarget	1	27627
138.22	0.8	NonTarget	1	27644
138.3	0.8	NonTarget	1	27660
138.385	0.8	NonTarget	1	27677
138.465	0.8	NonTarget	1	27693
138.55	0.8	NonTarget	1	27710
138.635	0.8	NonTarget	1	27727
138.715	0.8	NonTarget	1	27743
138.8	0.8	NonTarget	1	27760
138.885	0.8	NonTarget	1	27777
138.97	0.8	NonTarget	1	27794
139.05	0.8	NonTarget	1	27810
139.135	0.8	NonTarget	1	27827
139.22	0.8	NonTarget	1	27844
139.3	0.8	NonTarget	1	27860
139.385	0.8	NonTarget	1	27877
139.47	0.8	NonTarget	1	27894
139.55	0.8	NonTarget	1	27910
139.955	0.8	NonTarget	1	27991
140.035	0.8	NonTarget	1	28007
140.12	0.8	NonTarget	1	28024
140.205	0.8	NonTarget	1	28041
140.285	0.8	NonTarget	1	28057
140.37	0.8	NonTarget	1	28074
140.455	0.8	NonTarget	1	28091
140.535	0.8	NonTarget	1	28107
140.62	0.8	NonTarget	1	28124
140.705	0.8	NonTarget	1	28141
140.785	0.8	NonTarget	1	28157
140.87	0.8	NonTarget	1	28174
140.955	0.8	NonTarget	1	28191
141.04	0.8	NonTarget	1	28208
141.12	0.8	NonTarget	1	28224
141.205	0.8	NonTarget	1	28241
141.29	0.8	NonTarget	1	28258
141.37	0.8	NonTarget	1	28274
141.455	0.8	NonTarget	1	28291
141.54	0.8	NonTarget	1	28308
141.62	0.8	NonTarget	1	28324
141.705	0.8	NonTarget	1	28341
141.79	0.8	NonTarget	1	28358
141.87	0.8	NonTarget	1	28374
141.955	0.8	NonTarget	1	28391
142.04	0.8	NonTarget	1	28408
142.125	0.8	NonTarget	1	28425
142.205	0.8	Target	2	28441
142.29	0.8	NonTarget	1	28458
142.375	0.8	NonTarget	1	28475
142.775	0.8	NonTarget	1	28555
142.855	0.8	NonTarget	1	28571
142.94	0.8	NonTarget	1	28588
143.025	0.8	NonTarget	1	28605
143.105	0.8	NonTarget	1	28621
143.19	0.8	NonTarget	1	28638
143.275	0.8	NonTarget	1	28655
143.36	0.8	NonTarget	1	28672
143.44	0.8	NonTarget	1	28688
143.525	0.8	NonTarget	1	28705
143.605	0.8	NonTarget	1	28721
143.69	0.8	NonTarget	1	28738
143.775	0.8	Target	2	28755
143.86	0.8	NonTarget	1	28772
143.945	0.8	NonTarget	1	28789
144.025	0.8	NonTarget	1	28805
144.11	0.8	NonTarget	1	28822
144.19	0.8	NonTarget	1	28838
144.275	0.8	NonTarget	1	28855
144.36	0.8	NonTarget	1	28872
144.44	0.8	NonTarget	1	28888
144.525	0.8	NonTarget	1	28905
144.61	0.8	NonTarget	1	28922
144.695	0.8	NonTarget	1	28939
144.775	0.8	NonTarget	1	28955
144.86	0.8	NonTarget	1	28972
144.945	0.8	NonTarget	1	28989
145.025	0.8	NonTarget	1	29005
145.11	0.8	NonTarget	1	29022
145.195	0.8	NonTarget	1	29039
145.595	0.8	NonTarget	1	29119
145.675	0.8	NonTarget	1	29135
145.76	0.8	NonTarget	1	29152
145.845	0.8	NonTarget	1	29169
145.925	0.8	NonTarget	1	29185
146.01	0.8	NonTarget	1	29202
146.095	0.8	NonTarget	1	29219
146.18	0.8	NonTarget	1	29236
146.26	0.8	NonTarget	1	29252
146.345	0.8	NonTarget	1	29269
146.43	0.8	NonTarget	1	29286
146.51	0.8	NonTarget	1	29302
146.595	0.8	NonTarget	1	29319
146.68	0.8	NonTarget	1	29336
146.76	0.8	NonTarget	1	29352
146.845	0.8	NonTarget	1	29369
146.93	0.8	NonTarget	1	29386
147.015	0.8	NonTarget	1	29403
147.095	0.8	NonTarget	1	29419
147.18	0.8	NonTarget	1	29436
147.265	0.8	NonTarget	1	29453
147.345	0.8	NonTarget	1	29469
147.43	0.8	NonTarget	1	29486
147.515	0.8	NonTarget	1	29503
147.595	0.8	NonTarget	1	29519
147.68	0.8	NonTarget	1	29536
147.765	0.8	NonTarget	1	29553
147.845	0.8	Target	2	29569
147.93	0.8	NonTarget	1	29586
148.015	0.8	NonTarget	1	29603
148.415	0.8	NonTarget	1	29683
148.5	0.8	NonTarget	1	29700
148.58	0.8	NonTarget	1	29716
148.665	0.8	NonTarget	1	29733
148.75	0.8	NonTarget	1	29750
148.835	0.8	NonTarget	1	29767
148.915	0.8	NonTarget	1	29783
149.0	0.8	NonTarget	1	29800
149.085	0.8	NonTarget	1	29817
149.165	0.8	NonTarget	1	29833
149.25	0.8	NonTarget	1	29850
149.33	0.8	NonTarget	1	29866
149.415	0.8	NonTarget	1	29883
149.5	0.8	NonTarget	1	29900
149.58	0.8	NonTarget	1	29916
149.665	0.8	NonTarget	1	29933
149.75	0.8	NonTarget	1	29950
149.835	0.8	NonTarget	1	29967
149.915	0.8	NonTarget	1	29983
150.0	0.8	NonTarget	1	30000
150.085	0.8	NonTarget	1	30017
150.165	0.8	NonTarget	1	30033
150.25	0.8	Target	2	30050
150.335	0.8	NonTarget	1	30067
150.42	0.8	NonTarget	1	30084
150.5	0.8	NonTarget	1	30100
150.585	0.8	NonTarget	1	30117
150.67	0.8	NonTarget	1	30134
150.75	0.8	NonTarget	1	30150
150.835	0.8	NonTarget	1	30167
159.385	0.8	NonTarget	1	31877
159.465	0.8	NonTarget	1	31893
159.55	0.8	NonTarget	1	31910
159.63	0.8	NonTarget	1	31926
159.715	0.8	NonTarget	1	31943
159.8	0.8	NonTarget	1	31960
159.88	0.8	NonTarget	1	31976
159.965	0.8	NonTarget	1	31993
160.05	0.8	NonTarget	1	32010
160.13	0.8	NonTarget	1	32026
160.215	0.8	NonTarget	1	32043
160.3	0.8	NonTarget	1	32060
160.38	0.8	NonTarget	1	32076
160.465	0.8	NonTarget	1	32093
160.55	0.8	NonTarget	1	32110
160.63	0.8	NonTarget	1	32126
160.715	0.8	NonTarget	1	32143
160.8	0.8	Target	2	32160
160.88	0.8	NonTarget	1	32176
160.965	0.8	NonTarget	1	32193
161.05	0.8	NonTarget	1	32210
161.135	0.8	NonTarget	1	32227
161.215	0.8	NonTarget	1	32243
161.3	0.8	NonTarget	1	32260
161.385	0.8	NonTarget	1	32277
161.465	0.8	NonTarget	1	32293
161.55	0.8	NonTarget	1	32310
161.635	0.8	NonTarget	1	32327
161.715	0.8	NonTarget	1	32343
161.8	0.8	NonTarget	1	32360
162.2	0.8	NonTarget	1	32440
162.285	0.8	NonTarget	1	32457
162.37	0.8	NonTarget	1	32474
162.45	0.8	NonTarget	1	32490
162.535	0.8	NonTarget	1	32507
162.62	0.8	NonTarget	1	32524
162.7	0.8	NonTarget	1	32540
162.785	0.8	NonTarget	1	32557
162.87	0.8	NonTarget	1	32574
162.955	0.8	NonTarget	1	32591
163.035	0.8	NonTarget	1	32607
163.12	0.8	NonTarget	1	32624
163.2	0.8	NonTarget	1	32640
163.285	0.8	NonTarget	1	32657
163.37	0.8	NonTarget	1	32674
163.455	0.8	NonTarget	1	32691
163.535	0.8	NonTarget	1	32707
163.62	0.8	NonTarget	1	32724
163.705	0.8	NonTarget	1	32741
163.79	0.8	NonTarget	1	32758
163.87	0.8	NonTarget	1	32774
163.955	0.8	NonTarget	1	32791
164.035	0.8	Target	2	32807
164.12	0.8	NonTarget	1	32824
164.205	0.8	NonTarget	1	32841
164.285	0.8	NonTarget	1	32857
164.37	0.8	NonTarget	1	32874
164.455	0.8	NonTarget	1	32891
164.54	0.8	NonTarget	1	32908
164.62	0.8	NonTarget	1	32924
165.02	0.8	NonTarget	1	33004
165.105	0.8	NonTarget	1	33021
165.19	0.8	NonTarget	1	33038
165.275	0.8	NonTarget	1	33055
165.355	0.8	NonTarget	1	33071
165.44	0.8	NonTarget	1	33088
165.52	0.8	NonTarget	1	33104
165.605	0.8	NonTarget	1	33121
165.69	0.8	NonTarget	1	33138
165.77	0.8	NonTarget	1	33154
165.855	0.8	NonTarget	1	33171
165.94	0.8	NonTarget	1	33188
166.02	0.8	NonTarget	1	33204
166.105	0.8	NonTarget	1	33221
166.19	0.8	NonTarget	1	33238
166.275	0.8	NonTarget	1	33255
166.355	0.8	NonTarget	1	33271
166.44	0.8	NonTarget	1	33288
166.525	0.8	NonTarget	1	33305
166.605	0.8	NonTarget	1	33321
166.69	0.8	NonTarget	1	33338
166.775	0.8	NonTarget	1	33355
166.855	0.8	Target	2	33371
166.94	0.8	NonTarget	1	33388
167.025	0.8	NonTarget	1	33405
167.11	0.8	NonTarget	1	33422
167.19	0.8	NonTarget	1	33438
167.275	0.8	NonTarget	1	33455
167.36	0.8	NonTarget	1	33472
167.44	0.8	NonTarget	1	33488
167.84	0.8	NonTarget	1	33568
167.925	0.8	NonTarget	1	33585
168.01	0.8	NonTarget	1	33602
168.09	0.8	NonTarget	1	33618
168.175	0.8	NonTarget	1	33635
168.26	0.8	NonTarget	1	33652
168.34	0.8	NonTarget	1	33668
168.425	0.8	NonTarget	1	33685
168.51	0.8	NonTarget	1	33702
168.595	0.8	NonTarget	1	33719
168.675	0.8	NonTarget	1	33735
168.76	0.8	NonTarget	1	33752
168.845	0.8	Target	2	33769
168.93	0.8	NonTarget	1	33786
169.01	0.8	NonTarget	1	33802
169.095	0.8	NonTarget	1	33819
169.18	0.8	NonTarget	1	33836
169.26	0.8	NonTarget	1	33852
169.345	0.8	NonTarget	1	33869
169.43	0.8	NonTarget	1	33886
169.51	0.8	NonTarget	1	33902
169.595	0.8	NonTarget	1	33919
169.68	0.8	NonTarget	1	33936
169.76	0.8	NonTarget	1	33952
169.845	0.8	NonTarget	1	33969
169.93	0.8	NonTarget	1	33986
170.01	0.8	NonTarget	1	34002
170.095	0.8	NonTarget	1	34019
170.18	0.8	NonTarget	1	34036
170.26	0.8	NonTarget	1	34052
170.66	0.8	NonTarget	1	34132
170.745	0.8	NonTarget	1	34149
170.83	0.8	NonTarget	1	34166
170.915	0.8	NonTarget	1	34183
170.995	0.8	NonTarget	1	34199
171.08	0.8	NonTarget	1	34216
171.165	0.8	NonTarget	1	34233
171.25	0.8	Target	2	34250
171.33	0.8	NonTarget	1	34266
171.415	0.8	NonTarget	1	34283
171.495	0.8	NonTarget	1	34299
171.58	0.8	NonTarget	1	34316
171.665	0.8	NonTarget	1	34333
171.75	0.8	NonTarget	1	34350
171.83	0.8	NonTarget	1	34366
171.915	0.8	NonTarget	1	34383
172.0	0.8	NonTarget	1	34400
172.08	0.8	NonTarget	1	34416
172.165	0.8	NonTarget	1	34433
172.25	0.8	NonTarget	1	34450
172.335	0.8	NonTarget	1	34467
172.415	0.8	NonTarget	1	34483
172.5	0.8	NonTarget	1	34500
172.585	0.8	NonTarget	1	34517
172.665	0.8	NonTarget	1	34533
172.75	0.8	NonTarget	1	34550
172.83	0.8	NonTarget	1	34566
172.915	0.8	NonTarget	1	34583
173.0	0.8	NonTarget	1	34600
173.08	0.8	NonTarget	1	34616
173.485	0.8	NonTarget	1	34697
173.565	0.8	NonTarget	1	34713
173.65	0.8	NonTarget	1	34730
173.735	0.8	NonTarget	1	34747
173.82	0.8	NonTarget	1	34764
173.9	0.8	NonTarget	1	34780
173.985	0.8	NonTarget	1	34797
174.07	0.8	NonTarget	1	34814
174.15	0.8	NonTarget	1	34830
174.235	0.8	NonTarget	1	34847
174.32	0.8	NonTarget	1	34864
174.4	0.8	NonTarget	1	34880
174.485	0.8	NonTarget	1	34897
174.57	0.8	NonTarget	1	34914
174.65	0.8	NonTarget	1	34930
174.735	0.8	NonTarget	1	34947
174.82	0.8	NonTarget	1	34964
174.9	0.8	Target	2	34980
174.985	0.8	NonTarget	1	34997
175.07	0.8	NonTarget	1	35014
175.15	0.8	NonTarget	1	35030
175.235	0.8	NonTarget	1	35047
175.32	0.8	NonTarget	1	35064
175.405	0.8	NonTarget	1	35081
175.485	0.8	NonTarget	1	35097
175.57	0.8	NonTarget	1	35114
175.655	0.8	NonTarget	1	35131
175.735	0.8	NonTarget	1	35147
175.82	0.8	NonTarget	1	35164
175.905	0.8	NonTarget	1	35181
176.305	0.8	NonTarget	1	35261
176.39	0.8	NonTarget	1	35278
176.47	0.8	NonTarget	1	35294
176.555	0.8	NonTarget	1	35311
176.635	0.8	NonTarget	1	35327
176.72	0.8	NonTarget	1	35344
176.805	0.8	NonTarget	1	35361
176.89	0.8	NonTarget	1	35378
176.97	0.8	NonTarget	1	35394
177.055	0.8	NonTarget	1	35411
177.14	0.8	NonTarget	1	35428
177.225	0.8	NonTarget	1	35445
177.305	0.8	NonTarget	1	35461
177.39	0.8	NonTarget	1	35478
177.47	0.8	NonTarget	1	35494
177.555	0.8	NonTarget	1	35511
177.64	0.8	NonTarget	1	35528
177.725	0.8	NonTarget	1	35545
177.805	0.8	NonTarget	1	35561
177.89	0.8	NonTarget	1	35578
177.975	0.8	NonTarget	1	35595
178.055	0.8	NonTarget	1	35611
178.14	0.8	Target	2	35628
178.225	0.8	NonTarget	1	35645
178.305	0.8	NonTarget	1	35661
178.39	0.8	NonTarget	1	35678
178.475	0.8	NonTarget	1	35695
178.555	0.8	NonTarget	1	35711
178.64	0.8	NonTarget	1	35728
178.725	0.8	NonTarget	1	35745
179.125	0.8	NonTarget	1	35825
179.21	0.8	NonTarget	1	35842
179.29	0.8	NonTarget	1	35858
179.375	0.8	NonTarget	1	35875
179.46	0.8	NonTarget	1	35892
179.54	0.8	NonTarget	1	35908
179.625	0.8	NonTarget	1	35925
179.71	0.8	NonTarget	1	35942
179.79	0.8	NonTarget	1	35958
179.875	0.8	NonTarget	1	35975
179.96	0.8	NonTarget	1	35992
180.045	0.8	NonTarget	1	36009
180.125	0.8	NonTarget	1	36025
180.21	0.8	NonTarget	1	36042
180.295	0.8	NonTarget	1	36059
180.38	0.8	NonTarget	1	36076
180.46	0.8	NonTarget	1	36092
180.545	0.8	NonTarget	1	36109
180.63	0.8	NonTarget	1	36126
180.71	0.8	NonTarget	1	36142
180.795	0.8	NonTarget	1	36159
180.875	0.8	NonTarget	1	36175
180.96	0.8	Target	2	36192
181.045	0.8	NonTarget	1	36209
181.13	0.8	NonTarget	1	36226
181.21	0.8	NonTarget	1	36242
181.295	0.8	NonTarget	1	36259
181.38	0.8	NonTarget	1	36276
181.46	0.8	NonTarget	1	36292
181.545	0.8	NonTarget	1	36309
181.945	0.8	NonTarget	1	36389
182.03	0.8	NonTarget	1	36406
182.115	0.8	Target	2	36423
182.195	0.8	NonTarget	1	36439
182.28	0.8	NonTarget	1	36456
182.365	0.8	NonTarget	1	36473
182.445	0.8	NonTarget	1	36489
182.53	0.8	NonTarget	1	36506
182.615	0.8	NonTarget	1	36523
182.695	0.8	NonTarget	1	36539
182.78	0.8	NonTarget	1	36556
182.865	0.8	NonTarget	1	36573
182.945	0.8	NonTarget	1	36589
183.03	0.8	NonTarget	1	36606
183.115	0.8	NonTarget	1	36623
183.195	0.8	NonTarget	1	36639
183.28	0.8	NonTarget	1	36656
183.365	0.8	NonTarget	1	36673
183.45	0.8	NonTarget	1	36690
183.53	0.8	NonTarget	1	36706
183.615	0.8	NonTarget	1	36723
183.695	0.8	NonTarget	1	36739
183.78	0.8	NonTarget	1	36756
183.865	0.8	NonTarget	1	36773
183.95	0.8	NonTarget	1	36790
184.03	0.8	NonTarget	1	36806
184.115	0.8	NonTarget	1	36823
184.2	0.8	NonTarget	1	36840
184.285	0.8	NonTarget	1	36857
184.365	0.8	NonTarget	1	36873
184.765	0.8	NonTarget	1	36953
184.85	0.8	NonTarget	1	36970
184.935	0.8	NonTarget	1	36987
185.015	0.8	NonTarget	1	37003
185.1	0.8	NonTarget	1	37020
185.185	0.8	NonTarget	1	37037
185.265	0.8	NonTarget	1	37053
185.35	0.8	NonTarget	1	37070
185.435	0.8	NonTarget	1	37087
185.515	0.8	NonTarget	1	37103
185.6	0.8	NonTarget	1	37120
185.685	0.8	NonTarget	1	37137
185.77	0.8	NonTarget	1	37154
185.85	0.8	NonTarget	1	37170
185.935	0.8	NonTarget	1	37187
186.02	0.8	NonTarget	1	37204
186.1	0.8	NonTarget	1	37220
186.185	0.8	NonTarget	1	37237
186.27	0.8	NonTarget	1	37254
186.35	0.8	NonTarget	1	37270
186.435	0.8	NonTarget	1	37287
186.52	0.8	NonTarget	1	37304
186.6	0.8	Target	2	37320
186.685	0.8	NonTarget	1	37337
186.77	0.8	NonTarget	1	37354
186.85	0.8	NonTarget	1	37370
186.935	0.8	NonTarget	1	37387
187.02	0.8	NonTarget	1	37404
187.105	0.8	NonTarget	1	37421
187.185	0.8	NonTarget	1	37437
195.735	0.8	NonTarget	1	39147
195.815	0.8	NonTarget	1	39163
195.9	0.8	NonTarget	1	39180
195.98	0.8	NonTarget	1	39196
196.065	0.8	NonTarget	1	39213
196.15	0.8	NonTarget	1	39230
196.235	0.8	NonTarget	1	39247
196.315	0.8	NonTarget	1	39263
196.4	0.8	NonTarget	1	39280
196.485	0.8	NonTarget	1	39297
196.565	0.8	NonTarget	1	39313
196.65	0.8	NonTarget	1	39330
196.73	0.8	NonTarget	1	39346
196.815	0.8	NonTarget	1	39363
196.9	0.8	NonTarget	1	39380
196.985	0.8	NonTarget	1	39397
197.065	0.8	NonTarget	1	39413
197.15	0.8	NonTarget	1	39430
197.235	0.8	NonTarget	1	39447
197.315	0.8	NonTarget	1	39463
197.4	0.8	NonTarget	1	39480
197.485	0.8	NonTarget	1	39497
197.57	0.8	Target	2	39514
197.65	0.8	NonTarget	1	39530
197.735	0.8	NonTarget	1	39547
197.82	0.8	NonTarget	1	39564
197.9	0.8	NonTarget	1	39580
197.985	0.8	NonTarget	1	39597
198.07	0.8	NonTarget	1	39614
198.15	0.8	NonTarget	1	39630
198.555	0.8	NonTarget	1	39711
198.635	0.8	NonTarget	1	39727
198.72	0.8	Target	2	39744
198.805	0.8	NonTarget	1	39761
198.885	0.8	NonTarget	1	39777
198.97	0.8	NonTarget	1	39794
199.055	0.8	NonTarget	1	39811
199.135	0.8	NonTarget	1	39827
199.22	0.8	NonTarget	1	39844
199.305	0.8	NonTarget	1	39861
199.385	0.8	NonTarget	1	39877
199.47	0.8	NonTarget	1	39894
199.555	0.8	NonTarget	1	39911
199.635	0.8	NonTarget	1	39927
199.72	0.8	NonTarget	1	39944
199.805	0.8	NonTarget	1	39961
199.89	0.8	NonTarget	1	39978
199.97	0.8	NonTarget	1	39994
200.055	0.8	NonTarget	1	40011
200.14	0.8	NonTarget	1	40028
200.22	0.8	NonTarget	1	40044
200.305	0.8	NonTarget	1	40061
200.39	0.8	NonTarget	1	40078
200.47	0.8	NonTarget	1	40094
200.555	0.8	NonTarget	1	40111
200.64	0.8	NonTarget	1	40128
200.72	0.8	NonTarget	1	40144
200.805	0.8	NonTarget	1	40161
200.89	0.8	NonTarget	1	40178
200.97	0.8	NonTarget	1	40194
201.375	0.8	NonTarget	1	40275
201.455	0.8	NonTarget	1	40291
201.54	0.8	NonTarget	1	40308
201.625	0.8	NonTarget	1	40325
201.705	0.8	NonTarget	1	40341
201.79	0.8	NonTarget	1	40358
201.875	0.8	NonTarget	1	40375
201.96	0.8	NonTarget	1	40392
202.04	0.8	NonTarget	1	40408
202.125	0.8	NonTarget	1	40425
202.205	0.8	NonTarget	1	40441
202.29	0.8	NonTarget	1	40458
202.375	0.8	NonTarget	1	40475
202.46	0.8	NonTarget	1	40492
202.54	0.8	NonTarget	1	40508
202.625	0.8	NonTarget	1	40525
202.71	0.8	NonTarget	1	40542
202.79	0.8	NonTarget	1	40558
202.875	0.8	NonTarget	1	40575
202.96	0.8	NonTarget	1	40592
203.04	0.8	NonTarget	1	40608
203.125	0.8	NonTarget	1	40625
203.21	0.8	Target	2	40642
203.295	0.8	NonTarget	1	40659
203.375	0.8	NonTarget	1	40675
203.46	0.8	NonTarget	1	40692
203.545	0.8	NonTarget	1	40709
203.625	0.8	NonTarget	1	40725
203.71	0.8	NonTarget	1	40742
203.79	0.8	NonTarget	1	40758
204.195	0.8	NonTarget	1	40839
204.275	0.8	NonTarget	1	40855
204.36	0.8	Target	2	40872
204.445	0.8	NonTarget	1	40889
204.525	0.8	NonTarget	1	40905
204.61	0.8	NonTarget	1	40922
204.695	0.8	NonTarget	1	40939
204.78	0.8	NonTarget	1	40956
204.86	0.8	NonTarget	1	40972
204.945	0.8	NonTarget	1	40989
205.03	0.8	NonTarget	1	41006
205.11	0.8	NonTarget	1	41022
205.195	0.8	NonTarget	1	41039
205.28	0.8	NonTarget	1	41056
205.36	0.8	NonTarget	1	41072
205.445	0.8	NonTarget	1	41089
205.53	0.8	NonTarget	1	41106
205.615	0.8	NonTarget	1	41123
205.695	0.8	NonTarget	1	41139
205.78	0.8	NonTarget	1	41156
205.865	0.8	NonTarget	1	41173
205.945	0.8	NonTarget	1	41189
206.03	0.8	NonTarget	1	41206
206.115	0.8	NonTarget	1	41223
206.195	0.8	NonTarget	1	41239
206.28	0.8	NonTarget	1	41256
206.365	0.8	NonTarget	1	41273
206.445	0.8	NonTarget	1	41289
206.53	0.8	NonTarget	1	41306
206.615	0.8	NonTarget	1	41323
207.015	0.8	NonTarget	1	41403
207.1	0.8	NonTarget	1	41420
207.18	0.8	NonTarget	1	41436
207.265	0.8	NonTarget	1	41453
207.345	0.8	NonTarget	1	41469
207.43	0.8	NonTarget	1	41486
207.515	0.8	NonTarget	1	41503
207.6	0.8	NonTarget	1	41520
207.68	0.8	NonTarget	1	41536
207.765	0.8	NonTarget	1	41553
207.85	0.8	NonTarget	1	41570
207.93	0.8	NonTarget	1	41586
208.015	0.8	NonTarget	1	41603
208.1	0.8	NonTarget	1	41620
208.185	0.8	NonTarget	1	41637
208.265	0.8	NonTarget	1	41653
208.35	0.8	NonTarget	1	41670
208.435	0.8	NonTarget	1	41687
208.515	0.8	NonTarget	1	41703
208.6	0.8	NonTarget	1	41720
208.685	0.8	NonTarget	1	41737
208.765	0.8	NonTarget	1	41753
208.85	0.8	NonTarget	1	41770
208.935	0.8	NonTarget	1	41787
209.02	0.8	NonTarget	1	41804
209.1	0.8	NonTarget	1	41820
209.185	0.8	NonTarget	1	41837
209.27	0.8	Target	2	41854
209.35	0.8	NonTarget	1	41870
209.435	0.8	NonTarget	1	41887
209.835	0.8	NonTarget	1	41967
209.92	0.8	NonTarget	1	41984
210.0	0.8	NonTarget	1	42000
210.085	0.8	NonTarget	1	42017
210.17	0.8	NonTarget	1	42034
210.25	0.8	NonTarget	1	42050
210.335	0.8	NonTarget	1	42067
210.42	0.8	Target	2	42084
210.505	0.8	NonTarget	1	42101
210.585	0.8	NonTarget	1	42117
210.67	0.8	NonTarget	1	42134
210.755	0.8	NonTarget	1	42151
210.835	0.8	NonTarget	1	42167
210.92	0.8	NonTarget	1	42184
211.005	0.8	NonTarget	1	42201
211.085	0.8	NonTarget	1	42217
211.17	0.8	NonTarget	1	42234
211.255	0.8	NonTarget	1	42251
211.34	0.8	NonTarget	1	42268
211.42	0.8	NonTarget	1	42284
211.505	0.8	NonTarget	1	42301
211.59	0.8	NonTarget	1	42318
211.67	0.8	NonTarget	1	42334
211.755	0.8	NonTarget	1	42351
211.84	0.8	NonTarget	1	42368
211.92	0.8	NonTarget	1	42384
212.005	0.8	NonTarget	1	42401
212.09	0.8	NonTarget	1	42418
212.17	0.8	NonTarget	1	42434
212.255	0.8	NonTarget	1	42451
212.655	0.8	NonTarget	1	42531
212.74	0.8	NonTarget	1	42548
212.825	0.8	Target	2	42565
212.905	0.8	NonTarget	1	42581
212.99	0.8	NonTarget	1	42598
213.075	0.8	NonTarget	1	42615
213.155	0.8	NonTarget	1	42631
213.24	0.8	NonTarget	1	42648
213.325	0.8	NonTarget	1	42665
213.405	0.8	NonTarget	1	42681
213.49	0.8	NonTarget	1	42698
213.575	0.8	NonTarget	1	42715
213.655	0.8	NonTarget	1	42731
213.74	0.8	NonTarget	1	42748
213.825	0.8	NonTarget	1	42765
213.91	0.8	NonTarget	1	42782
213.99	0.8	NonTarget	1	42798
214.075	0.8	NonTarget	1	42815
214.16	0.8	NonTarget	1	42832
214.24	0.8	NonTarget	1	42848
214.325	0.8	NonTarget	1	42865
214.41	0.8	NonTarget	1	42882
214.49	0.8	NonTarget	1	42898
214.575	0.8	NonTarget	1	42915
214.66	0.8	NonTarget	1	42932
214.745	0.8	NonTarget	1	42949
214.825	0.8	NonTarget	1	42965
214.91	0.8	NonTarget	1	42982
214.99	0.8	NonTarget	1	42998
215.075	0.8	NonTarget	1	43015
215.475	0.8	NonTarget	1	43095
215.56	0.8	NonTarget	1	43112
215.64	0.8	NonTarget	1	43128
215.73	0.8	NonTarget	1	43146
215.81	0.8	NonTarget	1	43162
215.89	0.8	NonTarget	1	43178
215.975	0.8	NonTarget	1	43195
216.06	0.8	Target	2	43212
216.145	0.8	NonTarget	1	43229
216.225	0.8	NonTarget	1	43245
216.31	0.8	NonTarget	1	43262
216.395	0.8	NonTarget	1	43279
216.48	0.8	NonTarget	1	43296
216.56	0.8	NonTarget	1	43312
216.645	0.8	NonTarget	1	43329
216.73	0.8	NonTarget	1	43346
216.81	0.8	NonTarget	1	43362
216.895	0.8	NonTarget	1	43379
216.98	0.8	NonTarget	1	43396
217.06	0.8	NonTarget	1	43412
217.145	0.8	NonTarget	1	43429
217.23	0.8	NonTarget	1	43446
217.315	0.8	NonTarget	1	43463
217.395	0.8	NonTarget	1	43479
217.48	0.8	NonTarget	1	43496
217.56	0.8	NonTarget	1	43512
217.645	0.8	NonTarget	1	43529
217.73	0.8	NonTarget	1	43546
217.815	0.8	NonTarget	1	43563
217.895	0.8	NonTarget	1	43579
218.295	0.8	NonTarget	1	43659
218.38	0.8	NonTarget	1	43676
218.465	0.8	NonTarget	1	43693
218.55	0.8	NonTarget	1	43710
218.63	0.8	NonTarget	1	43726
218.715	0.8	NonTarget	1	43743
218.8	0.8	NonTarget	1	43760
218.88	0.8	NonTarget	1	43776
218.965	0.8	NonTarget	1	43793
219.05	0.8	NonTarget	1	43810
219.13	0.8	NonTarget	1	43826
219.215	0.8	NonTarget	1	43843
219.3	0.8	NonTarget	1	43860
219.38	0.8	NonTarget	1	43876
219.465	0.8	NonTarget	1	43893
219.55	0.8	NonTarget	1	43910
219.63	0.8	NonTarget	1	43926
219.715	0.8	Target	2	43943
219.8	0.8	NonTarget	1	43960
219.88	0.8	NonTarget	1	43976
219.965	0.8	NonTarget	1	43993
220.05	0.8	NonTarget	1	44010
220.135	0.8	NonTarget	1	44027
220.215	0.8	NonTarget	1	44043
220.3	0.8	NonTarget	1	44060
220.385	0.8	NonTarget	1	44077
220.465	0.8	NonTarget	1	44093
220.55	0.8	NonTarget	1	44110
220.635	0.8	NonTarget	1	44127
220.72	0.8	NonTarget	1	44144
221.115	0.8	NonTarget	1	44223
221.2	0.8	NonTarget	1	44240
221.285	0.8	NonTarget	1	44257
221.37	0.8	NonTarget	1	44274
221.45	0.8	NonTarget	1	44290
221.535	0.8	NonTarget	1	44307
221.62	0.8	NonTarget	1	44324
221.7	0.8	NonTarget	1	44340
221.785	0.8	NonTarget	1	44357
221.87	0.8	NonTarget	1	44374
221.95	0.8	NonTarget	1	44390
222.035	0.8	NonTarget	1	44407
222.12	0.8	Target	2	44424
222.205	0.8	NonTarget	1	44441
222.285	0.8	NonTarget	1	44457
222.37	0.8	NonTarget	1	44474
222.455	0.8	NonTarget	1	44491
222.535	0.8	NonTarget	1	44507
222.62	0.8	NonTarget	1	44524
222.705	0.8	NonTarget	1	44541
222.785	0.8	NonTarget	1	44557
222.87	0.8	NonTarget	1	44574
222.955	0.8	NonTarget	1	44591
223.035	0.8	NonTarget	1	44607
223.12	0.8	NonTarget	1	44624
223.205	0.8	NonTarget	1	44641
223.29	0.8	NonTarget	1	44658
223.37	0.8	NonTarget	1	44674
223.455	0.8	NonTarget	1	44691
223.54	0.8	NonTarget	1	44708
232.09	0.8	NonTarget	1	46418
232.165	0.8	NonTarget	1	46433
232.25	0.8	NonTarget	1	46450
232.335	0.8	NonTarget	1	46467
232.415	0.8	NonTarget	1	46483
232.5	0.8	NonTarget	1	46500
232.585	0.8	NonTarget	1	46517
232.67	0.8	NonTarget	1	46534
232.75	0.8	NonTarget	1	46550
232.835	0.8	NonTarget	1	46567
232.915	0.8	NonTarget	1	46583
233.0	0.8	NonTarget	1	46600
233.085	0.8	NonTarget	1	46617
233.17	0.8	NonTarget	1	46634
233.25	0.8	NonTarget	1	46650
233.335	0.8	NonTarget	1	46667
233.42	0.8	NonTarget	1	46684
233.5	0.8	NonTarget	1	46700
233.585	0.8	NonTarget	1	46717
233.67	0.8	NonTarget	1	46734
233.75	0.8	NonTarget	1	46750
233.835	0.8	NonTarget	1	46767
233.92	0.8	NonTarget	1	46784
234.005	0.8	NonTarget	1	46801
234.085	0.8	NonTarget	1	46817
234.17	0.8	NonTarget	1	46834
234.255	0.8	NonTarget	1	46851
234.335	0.8	Target	2	46867
234.42	0.8	NonTarget	1	46884
234.505	0.8	NonTarget	1	46901
234.905	0.8	NonTarget	1	46981
234.99	0.8	NonTarget	1	46998
235.07	0.8	Target	2	47014
235.155	0.8	NonTarget	1	47031
235.235	0.8	NonTarget	1	47047
235.32	0.8	NonTarget	1	47064
235.405	0.8	NonTarget	1	47081
235.485	0.8	NonTarget	1	47097
235.57	0.8	NonTarget	1	47114
235.655	0.8	NonTarget	1	47131
235.74	0.8	NonTarget	1	47148
235.82	0.8	NonTarget	1	47164
235.905	0.8	NonTarget	1	47181
235.99	0.8	NonTarget	1	47198
236.07	0.8	NonTarget	1	47214
236.155	0.8	NonTarget	1	47231
236.24	0.8	NonTarget	1	47248
236.32	0.8	NonTarget	1	47264
236.405	0.8	NonTarget	1	47281
236.49	0.8	NonTarget	1	47298
236.575	0.8	NonTarget	1	47315
236.655	0.8	NonTarget	1	47331
236.74	0.8	NonTarget	1	47348
236.825	0.8	NonTarget	1	47365
236.905	0.8	NonTarget	1	47381
236.99	0.8	NonTarget	1	47398
237.075	0.8	NonTarget	1	47415
237.16	0.8	NonTarget	1	47432
237.24	0.8	NonTarget	1	47448
237.325	0.8	NonTarget	1	47465
237.725	0.8	NonTarget	1	47545
237.805	0.8	NonTarget	1	47561
237.89	0.8	Target	2	47578
237.975	0.8	NonTarget	1	47595
238.06	0.8	NonTarget	1	47612
238.14	0.8	NonTarget	1	47628
238.225	0.8	NonTarget	1	47645
238.305	0.8	NonTarget	1	47661
238.39	0.8	NonTarget	1	47678
238.475	0.8	NonTarget	1	47695
238.56	0.8	NonTarget	1	47712
238.64	0.8	NonTarget	1	47728
238.725	0.8	NonTarget	1	47745
238.81	0.8	NonTarget	1	47762
238.89	0.8	NonTarget	1	47778
238.975	0.8	NonTarget	1	47795
239.06	0.8	NonTarget	1	47812
239.145	0.8	NonTarget	1	47829
239.225	0.8	NonTarget	1	47845
239.31	0.8	NonTarget	1	47862
239.395	0.8	NonTarget	1	47879
239.475	0.8	NonTarget	1	47895
239.56	0.8	NonTarget	1	47912
239.645	0.8	NonTarget	1	47929
239.725	0.8	NonTarget	1	47945
239.81	0.8	NonTarget	1	47962
239.895	0.8	NonTarget	1	47979
239.98	0.8	NonTarget	1	47996
240.06	0.8	NonTarget	1	48012
240.145	0.8	NonTarget	1	48029
240.545	0.8	NonTarget	1	48109
240.63	0.8	NonTarget	1	48126
240.71	0.8	NonTarget	1	48142
240.795	0.8	NonTarget	1	48159
240.88	0.8	NonTarget	1	48176
240.96	0.8	NonTarget	1	48192
241.045	0.8	NonTarget	1	48209
241.13	0.8	NonTarget	1	48226
241.215	0.8	NonTarget	1	48243
241.295	0.8	NonTarget	1	48259
241.38	0.8	NonTarget	1	48276
241.465	0.8	NonTarget	1	48293
241.545	0.8	NonTarget	1	48309
241.63	0.8	NonTarget	1	48326
241.715	0.8	NonTarget	1	48343
241.795	0.8	NonTarget	1	48359
241.88	0.8	NonTarget	1	48376
241.965	0.8	NonTarget	1	48393
242.045	0.8	NonTarget	1	48409
242.13	0.8	NonTarget	1	48426
242.215	0.8	NonTarget	1	48443
242.3	0.8	NonTarget	1	48460
242.38	0.8	Target	2	48476
242.465	0.8	NonTarget	1	48493
242.55	0.8	NonTarget	1	48510
242.63	0.8	NonTarget	1	48526
242.715	0.8	NonTarget	1	48543
242.8	0.8	NonTarget	1	48560
242.88	0.8	NonTarget	1	48576
242.965	0.8	NonTarget	1	48593
243.365	0.8	NonTarget	1	48673
243.45	0.8	NonTarget	1	48690
243.535	0.8	Target	2	48707
243.62	0.8	NonTarget	1	48724
243.7	0.8	NonTarget	1	48740
243.785	0.8	NonTarget	1	48757
243.865	0.8	NonTarget	1	48773
243.95	0.8	NonTarget	1	48790
244.035	0.8	NonTarget	1	48807
244.115	0.8	NonTarget	1	48823
244.2	0.8	NonTarget	1	48840
244.285	0.8	NonTarget	1	48857
244.37	0.8	NonTarget	1	48874
244.45	0.8	NonTarget	1	48890
244.535	0.8	NonTarget	1	48907
244.62	0.8	NonTarget	1	48924
244.7	0.8	NonTarget	1	48940
244.785	0.8	NonTarget	1	48957
244.87	0.8	NonTarget	1	48974
244.95	0.8	NonTarget	1	48990
245.035	0.8	NonTarget	1	49007
245.12	0.8	NonTarget	1	49024
245.2	0.8	NonTarget	1	49040
245.285	0.8	NonTarget	1	49057
245.37	0.8	NonTarget	1	49074
245.45	0.8	NonTarget	1	49090
245.535	0.8	NonTarget	1	49107
245.62	0.8	NonTarget	1	49124
245.705	0.8	NonTarget	1	49141
245.785	0.8	NonTarget	1	49157
246.185	0.8	NonTarget	1	49237
246.27	0.8	NonTarget	1	49254
246.355	0.8	Target	2	49271
246.435	0.8	NonTarget	1	49287
246.52	0.8	NonTarget	1	49304
246.605	0.8	NonTarget	1	49321
246.685	0.8	NonTarget	1	49337
246.77	0.8	NonTarget	1	49354
246.855	0.8	NonTarget	1	49371
246.94	0.8	NonTarget	1	49388
247.02	0.8	NonTarget	1	49404
247.105	0.8	NonTarget	1	49421
247.19	0.8	NonTarget	1	49438
247.27	0.8	NonTarget	1	49454
247.355	0.8	NonTarget	1	49471
247.44	0.8	NonTarget	1	49488
247.52	0.8	NonTarget	1	49504
247.605	0.8	NonTarget	1	49521
247.69	0.8	NonTarget	1	49538
247.77	0.8	NonTarget	1	49554
247.855	0.8	NonTarget	1	49571
247.94	0.8	NonTarget	1	49588
248.025	0.8	NonTarget	1	49605
248.105	0.8	NonTarget	1	49621
248.19	0.8	NonTarget	1	49638
248.275	0.8	NonTarget	1	49655
248.355	0.8	NonTarget	1	49671
248.44	0.8	NonTarget	1	49688
248.525	0.8	NonTarget	1	49705
248.605	0.8	NonTarget	1	49721
249.005	0.8	NonTarget	1	49801
249.09	0.8	NonTarget	1	49818
249.175	0.8	NonTarget	1	49835
249.26	0.8	NonTarget	1	49852
249.34	0.8	NonTarget	1	49868
249.425	0.8	NonTarget	1	49885
249.505	0.8	NonTarget	1	49901
249.59	0.8	NonTarget	1	49918
249.675	0.8	NonTarget	1	49935
249.76	0.8	NonTarget	1	49952
249.84	0.8	NonTarget	1	49968
249.925	0.8	NonTarget	1	49985
250.01	0.8	NonTarget	1	50002
250.09	0.8	NonTarget	1	50018
250.175	0.8	NonTarget	1	50035
250.26	0.8	NonTarget	1	50052
250.34	0.8	NonTarget	1	50068
250.425	0.8	NonTarget	1	50085
250.51	0.8	NonTarget	1	50102
250.595	0.8	NonTarget	1	50119
250.675	0.8	NonTarget	1	50135
250.76	0.8	NonTarget	1	50152
250.845	0.8	Target	2	50169
250.93	0.8	NonTarget	1	50186
251.01	0.8	NonTarget	1	50202
251.095	0.8	NonTarget	1	50219
251.18	0.8	NonTarget	1	50236
251.26	0.8	NonTarget	1	50252
251.345	0.8	NonTarget	1	50269
251.425	0.8	NonTarget	1	50285
251.83	0.8	NonTarget	1	50366
251.91	0.8	NonTarget	1	50382
251.995	0.8	NonTarget	1	50399
252.08	0.8	NonTarget	1	50416
252.16	0.8	NonTarget	1	50432
252.245	0.8	NonTarget	1	50449
252.33	0.8	NonTarget	1	50466
252.41	0.8	Target	2	50482
252.495	0.8	NonTarget	1	50499
252.58	0.8	NonTarget	1	50516
252.665	0.8	NonTarget	1	50533
252.745	0.8	NonTarget	1	50549
252.83	0.8	NonTarget	1	50566
252.915	0.8	NonTarget	1	50583
252.995	0.8	NonTarget	1	50599
253.08	0.8	NonTarget	1	50616
253.165	0.8	NonTarget	1	50633
253.245	0.8	NonTarget	1	50649
253.33	0.8	NonTarget	1	50666
253.415	0.8	NonTarget	1	50683
253.495	0.8	NonTarget	1	50699
253.58	0.8	NonTarget	1	50716
253.665	0.8	NonTarget	1	50733
253.745	0.8	NonTarget	1	50749
253.83	0.8	NonTarget	1	50766
253.915	0.8	NonTarget	1	50783
253.995	0.8	NonTarget	1	50799
254.08	0.8	NonTarget	1	50816
254.165	0.8	NonTarget	1	50833
254.25	0.8	NonTarget	1	50850
254.65	0.8	NonTarget	1	50930
254.735	0.8	NonTarget	1	50947
254.815	0.8	Target	2	50963
254.9	0.8	NonTarget	1	50980
254.98	0.8	NonTarget	1	50996
255.065	0.8	NonTarget	1	51013
255.15	0.8	NonTarget	1	51030
255.23	0.8	NonTarget	1	51046
255.315	0.8	NonTarget	1	51063
255.4	0.8	NonTarget	1	51080
255.485	0.8	NonTarget	1	51097
255.565	0.8	NonTarget	1	51113
255.65	0.8	NonTarget	1	51130
255.735	0.8	NonTarget	1	51147
255.815	0.8	NonTarget	1	51163
255.9	0.8	NonTarget	1	51180
255.985	0.8	NonTarget	1	51197
256.07	0.8	NonTarget	1	51214
256.15	0.8	NonTarget	1	51230
256.235	0.8	NonTarget	1	51247
256.32	0.8	NonTarget	1	51264
256.4	0.8	NonTarget	1	51280
256.485	0.8	NonTarget	1	51297
256.57	0.8	NonTarget	1	51314
256.65	0.8	NonTarget	1	51330
256.735	0.8	NonTarget	1	51347
256.82	0.8	NonTarget	1	51364
256.9	0.8	NonTarget	1	51380
256.985	0.8	NonTarget	1	51397
257.07	0.8	NonTarget	1	51414
257.47	0.8	NonTarget	1	51494
257.55	0.8	NonTarget	1	51510
257.635	0.8	NonTarget	1	51527
257.72	0.8	NonTarget	1	51544
257.805	0.8	NonTarget	1	51561
257.885	0.8	NonTarget	1	51577
257.97	0.8	NonTarget	1	51594
258.055	0.8	NonTarget	1	51611
258.135	0.8	NonTarget	1	51627
258.22	0.8	NonTarget	1	51644
258.305	0.8	NonTarget	1	51661
258.385	0.8	NonTarget	1	51677
258.47	0.8	NonTarget	1	51694
258.555	0.8	NonTarget	1	51711
258.64	0.8	NonTarget	1	51728
258.72	0.8	NonTarget	1	51744
258.805	0.8	NonTarget	1	51761
258.89	0.8	Target	2	51778
258.97	0.8	NonTarget	1	51794
259.055	0.8	NonTarget	1	51811
259.14	0.8	NonTarget	1	51828
259.22	0.8	NonTarget	1	51844
259.305	0.8	NonTarget	1	51861
259.39	0.8	NonTarget	1	51878
259.47	0.8	NonTarget	1	51894
259.555	0.8	NonTarget	1	51911
259.64	0.8	NonTarget	1	51928
259.72	0.8	NonTarget	1	51944
259.805	0.8	NonTarget	1	51961
259.89	0.8	NonTarget	1	51978
268.455	0.8	NonTarget	1	53691
268.535	0.8	NonTarget	1	53707
268.62	0.8	NonTarget	1	53724
268.7	0.8	NonTarget	1	53740
268.785	0.8	NonTarget	1	53757
268.87	0.8	NonTarget	1	53774
268.955	0.8	NonTarget	1	53791
269.035	0.8	NonTarget	1	53807
269.12	0.8	NonTarget	1	53824
269.205	0.8	NonTarget	1	53841
269.29	0.8	NonTarget	1	53858
269.37	0.8	NonTarget	1	53874
269.455	0.8	NonTarget	1	53891
269.54	0.8	NonTarget	1	53908
269.62	0.8	NonTarget	1	53924
269.705	0.8	NonTarget	1	53941
269.785	0.8	NonTarget	1	53957
269.87	0.8	NonTarget	1	53974
269.955	0.8	NonTarget	1	53991
270.04	0.8	NonTarget	1	54008
270.12	0.8	NonTarget	1	54024
270.205	0.8	NonTarget	1	54041
270.29	0.8	NonTarget	1	54058
270.37	0.8	NonTarget	1	54074
270.455	0.8	NonTarget	1	54091
270.54	0.8	NonTarget	1	54108
270.62	0.8	NonTarget	1	54124
270.705	0.8	NonTarget	1	54141
270.79	0.8	NonTarget	1	54158
270.875	0.8	Target	2	54175
271.275	0.8	NonTarget	1	54255
271.355	0.8	NonTarget	1	54271
271.44	0.8	NonTarget	1	54288
271.525	0.8	NonTarget	1	54305
271.605	0.8	NonTarget	1	54321
271.69	0.8	NonTarget	1	54338
271.775	0.8	NonTarget	1	54355
271.855	0.8	NonTarget	1	54371
271.94	0.8	NonTarget	1	54388
272.025	0.8	NonTarget	1	54405
272.105	0.8	NonTarget	1	54421
272.19	0.8	NonTarget	1	54438
272.275	0.8	NonTarget	1	54455
272.36	0.8	NonTarget	1	54472
272.44	0.8	NonTarget	1	54488
272.525	0.8	NonTarget	1	54505
272.605	0.8	NonTarget	1	54521
272.69	0.8	NonTarget	1	54538
272.775	0.8	NonTarget	1	54555
272.86	0.8	Target	2	54572
272.94	0.8	NonTarget	1	54588
273.025	0.8	NonTarget	1	54605
273.11	0.8	NonTarget	1	54622
273.19	0.8	NonTarget	1	54638
273.275	0.8	NonTarget	1	54655
273.36	0.8	NonTarget	1	54672
273.445	0.8	NonTarget	1	54689
273.525	0.8	NonTarget	1	54705
273.61	0.8	NonTarget	1	54722
273.69	0.8	NonTarget	1	54738
274.095	0.8	NonTarget	1	54819
274.175	0.8	NonTarget	1	54835
274.26	0.8	NonTarget	1	54852
274.345	0.8	NonTarget	1	54869
274.43	0.8	NonTarget	1	54886
274.51	0.8	NonTarget	1	54902
274.595	0.8	NonTarget	1	54919
274.68	0.8	NonTarget	1	54936
274.76	0.8	NonTarget	1	54952
274.845	0.8	NonTarget	1	54969
274.925	0.8	NonTarget	1	54985
275.01	0.8	NonTarget	1	55002
275.095	0.8	NonTarget	1	55019
275.18	0.8	NonTarget	1	55036
275.26	0.8	NonTarget	1	55052
275.345	0.8	NonTarget	1	55069
275.43	0.8	NonTarget	1	55086
275.51	0.8	NonTarget	1	55102
275.595	0.8	NonTarget	1	55119
275.68	0.8	NonTarget	1	55136
275.76	0.8	NonTarget	1	55152
275.845	0.8	NonTarget	1	55169
275.93	0.8	NonTarget	1	55186
276.015	0.8	NonTarget	1	55203
276.095	0.8	NonTarget	1	55219
276.18	0.8	NonTarget	1	55236
276.265	0.8	NonTarget	1	55253
276.345	0.8	NonTarget	1	55269
276.43	0.8	NonTarget	1	55286
276.515	0.8	Target	2	55303
276.915	0.8	NonTarget	1	55383
276.995	0.8	NonTarget	1	55399
277.08	0.8	NonTarget	1	55416
277.165	0.8	NonTarget	1	55433
277.245	0.8	NonTarget	1	55449
277.33	0.8	NonTarget	1	55466
277.415	0.8	NonTarget	1	55483
277.5	0.8	NonTarget	1	55500
277.58	0.8	NonTarget	1	55516
277.665	0.8	Target	2	55533
277.75	0.8	NonTarget	1	55550
277.83	0.8	NonTarget	1	55566
277.915	0.8	NonTarget	1	55583
278.0	0.8	NonTarget	1	55600
278.08	0.8	NonTarget	1	55616
278.165	0.8	NonTarget	1	55633
278.25	0.8	NonTarget	1	55650
278.33	0.8	NonTarget	1	55666
278.415	0.8	NonTarget	1	55683
278.5	0.8	NonTarget	1	55700
278.585	0.8	NonTarget	1	55717
278.665	0.8	NonTarget	1	55733
278.75	0.8	NonTarget	1	55750
278.835	0.8	NonTarget	1	55767
278.915	0.8	NonTarget	1	55783
279.0	0.8	NonTarget	1	55800
279.085	0.8	NonTarget	1	55817
279.165	0.8	NonTarget	1	55833
279.25	0.8	NonTarget	1	55850
279.335	0.8	NonTarget	1	55867
279.735	0.8	NonTarget	1	55947
279.815	0.8	NonTarget	1	55963
279.9	0.8	NonTarget	1	55980
279.985	0.8	NonTarget	1	55997
280.07	0.8	NonTarget	1	56014
280.15	0.8	NonTarget	1	56030
280.235	0.8	NonTarget	1	56047
280.315	0.8	NonTarget	1	56063
280.4	0.8	NonTarget	1	56080
280.485	0.8	Target	2	56097
280.57	0.8	NonTarget	1	56114
280.655	0.8	NonTarget	1	56131
280.735	0.8	NonTarget	1	56147
280.82	0.8	NonTarget	1	56164
280.905	0.8	NonTarget	1	56181
280.985	0.8	NonTarget	1	56197
281.07	0.8	NonTarget	1	56214
281.155	0.8	NonTarget	1	56231
281.235	0.8	NonTarget	1	56247
281.32	0.8	NonTarget	1	56264
281.405	0.8	NonTarget	1	56281
281.485	0.8	NonTarget	1	56297
281.57	0.8	NonTarget	1	56314
281.655	0.8	NonTarget	1	56331
281.74	0.8	NonTarget	1	56348
281.82	0.8	NonTarget	1	56364
281.905	0.8	NonTarget	1	56381
281.99	0.8	NonTarget	1	56398
282.07	0.8	NonTarget	1	56414
282.155	0.8	NonTarget	1	56431
282.555	0.8	NonTarget	1	56511
282.64	0.8	NonTarget	1	56528
282.725	0.8	NonTarget	1	56545
282.805	0.8	NonTarget	1	56561
282.89	0.8	NonTarget	1	56578
282.975	0.8	NonTarget	1	56595
283.055	0.8	NonTarget	1	56611
283.14	0.8	NonTarget	1	56628
283.225	0.8	NonTarget	1	56645
283.305	0.8	NonTarget	1	56661
283.39	0.8	NonTarget	1	56678
283.475	0.8	NonTarget	1	56695
283.555	0.8	NonTarget	1	56711
283.64	0.8	NonTarget	1	56728
283.725	0.8	NonTarget	1	56745
283.805	0.8	NonTarget	1	56761
283.89	0.8	NonTarget	1	56778
283.975	0.8	NonTarget	1	56795
284.06	0.8	NonTarget	1	56812
284.14	0.8	NonTarget	1	56828
284.225	0.8	NonTarget	1	56845
284.31	0.8	NonTarget	1	56862
284.39	0.8	NonTarget	1	56878
284.475	0.8	NonTarget	1	56895
284.56	0.8	Target	2	56912
284.64	0.8	NonTarget	1	56928
284.725	0.8	NonTarget	1	56945
284.81	0.8	NonTarget	1	56962
284.89	0.8	NonTarget	1	56978
284.975	0.8	NonTarget	1	56995
285.375	0.8	NonTarget	1	57075
285.46	0.8	NonTarget	1	57092
285.545	0.8	NonTarget	1	57109
285.63	0.8	NonTarget	1	57126
285.71	0.8	NonTarget	1	57142
285.795	0.8	NonTarget	1	57159
285.875	0.8	NonTarget	1	57175
285.96	0.8	NonTarget	1	57192
286.045	0.8	NonTarget	1	57209
286.125	0.8	NonTarget	1	57225
286.21	0.8	NonTarget	1	57242
286.295	0.8	NonTarget	1	57259
286.375	0.8	NonTarget	1	57275
286.46	0.8	NonTarget	1	57292
286.545	0.8	Target	2	57309
286.63	0.8	NonTarget	1	57326
286.71	0.8	NonTarget	1	57342
286.795	0.8	NonTarget	1	57359
286.88	0.8	NonTarget	1	57376
286.96	0.8	NonTarget	1	57392
287.045	0.8	NonTarget	1	57409
287.13	0.8	NonTarget	1	57426
287.21	0.8	NonTarget	1	57442
287.295	0.8	NonTarget	1	57459
287.38	0.8	NonTarget	1	57476
287.46	0.8	NonTarget	1	57492
287.545	0.8	NonTarget	1	57509
287.63	0.8	NonTarget	1	57526
287.715	0.8	NonTarget	1	57543
287.795	0.8	NonTarget	1	57559
288.2	0.8	NonTarget	1	57640
288.28	0.8	NonTarget	1	57656
288.365	0.8	NonTarget	1	57673
288.445	0.8	NonTarget	1	57689
288.53	0.8	NonTarget	1	57706
288.615	0.8	NonTarget	1	57723
288.695	0.8	NonTarget	1	57739
288.78	0.8	NonTarget	1	57756
288.865	0.8	NonTarget	1	57773
288.945	0.8	NonTarget	1	57789
289.03	0.8	NonTarget	1	57806
289.115	0.8	NonTarget	1	57823
289.195	0.8	NonTarget	1	57839
289.28	0.8	NonTarget	1	57856
289.365	0.8	NonTarget	1	57873
289.45	0.8	NonTarget	1	57890
289.53	0.8	NonTarget	1	57906
289.615	0.8	NonTarget	1	57923
289.7	0.8	NonTarget	1	57940
289.785	0.8	Target	2	57957
289.865	0.8	NonTarget	1	57973
289.95	0.8	NonTarget	1	57990
290.035	0.8	NonTarget	1	58007
290.115	0.8	NonTarget	1	58023
290.2	0.8	NonTarget	1	58040
290.285	0.8	NonTarget	1	58057
290.365	0.8	NonTarget	1	58073
290.45	0.8	NonTarget	1	58090
290.535	0.8	NonTarget	1	58107
290.615	0.8	NonTarget	1	58123
291.02	0.8	NonTarget	1	58204
291.1	0.8	NonTarget	1	58220
291.185	0.8	NonTarget	1	58237
291.27	0.8	NonTarget	1	58254
291.35	0.8	NonTarget	1	58270
291.435	0.8	NonTarget	1	58287
291.52	0.8	NonTarget	1	58304
291.6	0.8	NonTarget	1	58320
291.685	0.8	NonTarget	1	58337
291.77	0.8	NonTarget	1	58354
291.85	0.8	NonTarget	1	58370
291.935	0.8	NonTarget	1	58387
292.02	0.8	NonTarget	1	58404
292.105	0.8	NonTarget	1	58421
292.185	0.8	NonTarget	1	58437
292.27	0.8	NonTarget	1	58454
292.35	0.8	NonTarget	1	58470
292.435	0.8	NonTarget	1	58487
292.52	0.8	NonTarget	1	58504
292.605	0.8	Target	2	58521
292.685	0.8	NonTarget	1	58537
292.77	0.8	NonTarget	1	58554
292.855	0.8	NonTarget	1	58571
292.94	0.8	NonTarget	1	58588
293.02	0.8	NonTarget	1	58604
293.105	0.8	NonTarget	1	58621
293.185	0.8	NonTarget	1	58637
293.27	0.8	NonTarget	1	58654
293.355	0.8	NonTarget	1	58671
293.435	0.8	NonTarget	1	58687
293.84	0.8	NonTarget	1	58768
293.92	0.8	NonTarget	1	58784
294.005	0.8	NonTarget	1	58801
294.09	0.8	NonTarget	1	58818
294.175	0.8	Target	2	58835
294.255	0.8	NonTarget	1	58851
294.34	0.8	NonTarget	1	58868
294.42	0.8	NonTarget	1	58884
294.505	0.8	NonTarget	1	58901
294.59	0.8	NonTarget	1	58918
294.675	0.8	NonTarget	1	58935
294.755	0.8	NonTarget	1	58951
294.84	0.8	NonTarget	1	58968
294.92	0.8	NonTarget	1	58984
295.005	0.8	NonTarget	1	59001
295.09	0.8	NonTarget	1	59018
295.175	0.8	NonTarget	1	59035
295.255	0.8	NonTarget	1	59051
295.34	0.8	NonTarget	1	59068
295.425	0.8	NonTarget	1	59085
295.505	0.8	NonTarget	1	59101
295.59	0.8	NonTarget	1	59118
295.675	0.8	NonTarget	1	59135
295.76	0.8	NonTarget	1	59152
295.84	0.8	NonTarget	1	59168
295.925	0.8	NonTarget	1	59185
296.005	0.8	NonTarget	1	59201
296.09	0.8	NonTarget	1	59218
296.175	0.8	NonTarget	1	59235
296.255	0.8	NonTarget	1	59251
304.825	0.8	NonTarget	1	60965
304.905	0.8	NonTarget	1	60981
304.985	0.8	NonTarget	1	60997
305.07	0.8	NonTarget	1	61014
305.155	0.8	NonTarget	1	61031
305.235	0.8	NonTarget	1	61047
305.32	0.8	NonTarget	1	61064
305.405	0.8	NonTarget	1	61081
305.49	0.8	NonTarget	1	61098
305.57	0.8	NonTarget	1	61114
305.655	0.8	NonTarget	1	61131
305.74	0.8	NonTarget	1	61148
305.82	0.8	NonTarget	1	61164
305.905	0.8	NonTarget	1	61181
305.99	0.8	NonTarget	1	61198
306.07	0.8	NonTarget	1	61214
306.155	0.8	NonTarget	1	61231
306.24	0.8	NonTarget	1	61248
306.32	0.8	NonTarget	1	61264
306.405	0.8	NonTarget	1	61281
306.49	0.8	NonTarget	1	61298
306.57	0.8	NonTarget	1	61314
306.655	0.8	NonTarget	1	61331
306.74	0.8	Target	2	61348
306.825	0.8	NonTarget	1	61365
306.91	0.8	NonTarget	1	61382
306.99	0.8	NonTarget	1	61398
307.075	0.8	NonTarget	1	61415
307.155	0.8	NonTarget	1	61431
307.24	0.8	NonTarget	1	61448
307.64	0.8	NonTarget	1	61528
307.725	0.8	NonTarget	1	61545
307.805	0.8	NonTarget	1	61561
307.89	0.8	NonTarget	1	61578
307.975	0.8	NonTarget	1	61595
308.06	0.8	NonTarget	1	61612
308.14	0.8	NonTarget	1	61628
308.225	0.8	NonTarget	1	61645
308.31	0.8	NonTarget	1	61662
308.39	0.8	NonTarget	1	61678
308.475	0.8	NonTarget	1	61695
308.56	0.8	NonTarget	1	61712
308.645	0.8	NonTarget	1	61729
308.725	0.8	NonTarget	1	61745
308.81	0.8	NonTarget	1	61762
308.895	0.8	NonTarget	1	61779
308.975	0.8	NonTarget	1	61795
309.06	0.8	NonTarget	1	61812
309.145	0.8	NonTarget	1	61829
309.225	0.8	NonTarget	1	61845
309.31	0.8	NonTarget	1	61862
309.395	0.8	NonTarget	1	61879
309.475	0.8	NonTarget	1	61895
309.56	0.8	Target	2	61912
309.645	0.8	NonTarget	1	61929
309.73	0.8	NonTarget	1	61946
309.81	0.8	NonTarget	1	61962
309.895	0.8	NonTarget	1	61979
309.98	0.8	NonTarget	1	61996
310.06	0.8	NonTarget	1	62012
310.46	0.8	NonTarget	1	62092
310.545	0.8	NonTarget	1	62109
310.63	0.8	NonTarget	1	62126
310.71	0.8	NonTarget	1	62142
310.795	0.8	NonTarget	1	62159
310.88	0.8	NonTarget	1	62176
310.96	0.8	NonTarget	1	62192
311.045	0.8	NonTarget	1	62209
311.13	0.8	NonTarget	1	62226
311.215	0.8	NonTarget	1	62243
311.295	0.8	NonTarget	1	62259
311.38	0.8	NonTarget	1	62276
311.465	0.8	NonTarget	1	62293
311.545	0.8	NonTarget	1	62309
311.63	0.8	NonTarget	1	62326
311.715	0.8	NonTarget	1	62343
311.795	0.8	NonTarget	1	62359
311.88	0.8	NonTarget	1	62376
311.965	0.8	NonTarget	1	62393
312.05	0.8	NonTarget	1	62410
312.13	0.8	NonTarget	1	62426
312.215	0.8	NonTarget	1	62443
312.295	0.8	NonTarget	1	62459
312.38	0.8	NonTarget	1	62476
312.465	0.8	NonTarget	1	62493
312.545	0.8	NonTarget	1	62509
312.63	0.8	NonTarget	1	62526
312.715	0.8	NonTarget	1	62543
312.8	0.8	Target	2	62560
312.88	0.8	NonTarget	1	62576
313.285	0.8	NonTarget	1	62657
313.365	0.8	NonTarget	1	62673
313.45	0.8	NonTarget	1	62690
313.535	0.8	Target	2	62707
313.615	0.8	NonTarget	1	62723
313.7	0.8	NonTarget	1	62740
313.785	0.8	NonTarget	1	62757
313.87	0.8	NonTarget	1	62774
313.95	0.8	NonTarget	1	62790
314.035	0.8	NonTarget	1	62807
314.115	0.8	NonTarget	1	62823
314.2	0.8	NonTarget	1	62840
314.285	0.8	NonTarget	1	62857
314.365	0.8	NonTarget	1	62873
314.45	0.8	NonTarget	1	62890
314.535	0.8	NonTarget	1	62907
314.62	0.8	NonTarget	1	62924
314.7	0.8	NonTarget	1	62940
314.785	0.8	NonTarget	1	62957
314.865	0.8	NonTarget	1	62973
314.95	0.8	NonTarget	1	62990
315.035	0.8	NonTarget	1	63007
315.12	0.8	NonTarget	1	63024
315.2	0.8	NonTarget	1	63040
315.285	0.8	NonTarget	1	63057
315.37	0.8	NonTarget	1	63074
315.45	0.8	NonTarget	1	63090
315.535	0.8	NonTarget	1	63107
315.62	0.8	NonTarget	1	63124
315.7	0.8	NonTarget	1	63140
316.1	0.8	NonTarget	1	63220
316.185	0.8	NonTarget	1	63237
316.27	0.8	NonTarget	1	63254
316.355	0.8	NonTarget	1	63271
316.435	0.8	NonTarget	1	63287
316.52	0.8	NonTarget	1	63304
316.605	0.8	NonTarget	1	63321
316.685	0.8	NonTarget	1	63337
316.77	0.8	NonTarget	1	63354
316.855	0.8	NonTarget	1	63371
316.935	0.8	NonTarget	1	63387
317.02	0.8	NonTarget	1	63404
317.105	0.8	NonTarget	1	63421
317.19	0.8	NonTarget	1	63438
317.27	0.8	NonTarget	1	63454
317.355	0.8	NonTarget	1	63471
317.44	0.8	NonTarget	1	63488
317.52	0.8	NonTarget	1	63504
317.605	0.8	NonTarget	1	63521
317.69	0.8	NonTarget	1	63538
317.77	0.8	NonTarget	1	63554
317.855	0.8	NonTarget	1	63571
317.94	0.8	NonTarget	1	63588
318.025	0.8	Target	2	63605
318.105	0.8	NonTarget	1	63621
318.19	0.8	NonTarget	1	63638
318.27	0.8	NonTarget	1	63654
318.355	0.8	NonTarget	1	63671
318.44	0.8	NonTarget	1	63688
318.525	0.8	NonTarget	1	63705
318.92	0.8	NonTarget	1	63784
319.005	0.8	NonTarget	1	63801
319.09	0.8	NonTarget	1	63818
319.175	0.8	NonTarget	1	63835
319.26	0.8	NonTarget	1	63852
319.34	0.8	NonTarget	1	63868
319.425	0.8	NonTarget	1	63885
319.505	0.8	NonTarget	1	63901
319.59	0.8	NonTarget	1	63918
319.675	0.8	NonTarget	1	63935
319.76	0.8	NonTarget	1	63952
319.84	0.8	NonTarget	1	63968
319.925	0.8	NonTarget	1	63985
320.01	0.8	NonTarget	1	64002
320.095	0.8	NonTarget	1	64019
320.175	0.8	NonTarget	1	64035
320.26	0.8	NonTarget	1	64052
320.345	0.8	NonTarget	1	64069
320.425	0.8	NonTarget	1	64085
320.51	0.8	NonTarget	1	64102
320.59	0.8	NonTarget	1	64118
320.675	0.8	NonTarget	1	64135
320.76	0.8	NonTarget	1	64152
320.845	0.8	NonTarget	1	64169
320.925	0.8	NonTarget	1	64185
321.01	0.8	NonTarget	1	64202
321.095	0.8	NonTarget	1	64219
321.18	0.8	NonTarget	1	64236
321.26	0.8	Target	2	64252
321.345	0.8	NonTarget	1	64269
321.745	0.8	NonTarget	1	64349
321.83	0.8	NonTarget	1	64366
321.91	0.8	NonTarget	1	64382
321.995	0.8	NonTarget	1	64399
322.08	0.8	NonTarget	1	64416
322.16	0.8	NonTarget	1	64432
322.245	0.8	NonTarget	1	64449
322.325	0.8	NonTarget	1	64465
322.41	0.8	NonTarget	1	64482
322.495	0.8	NonTarget	1	64499
322.58	0.8	NonTarget	1	64516
322.665	0.8	NonTarget	1	64533
322.745	0.8	NonTarget	1	64549
322.83	0.8	NonTarget	1	64566
322.91	0.8	NonTarget	1	64582
322.995	0.8	NonTarget	1	64599
323.08	0.8	NonTarget	1	64616
323.165	0.8	NonTarget	1	64633
323.245	0.8	Target	2	64649
323.33	0.8	NonTarget	1	64666
323.415	0.8	NonTarget	1	64683
323.495	0.8	NonTarget	1	64699
323.58	0.8	NonTarget	1	64716
323.665	0.8	NonTarget	1	64733
323.745	0.8	NonTarget	1	64749
323.83	0.8	NonTarget	1	64766
323.915	0.8	NonTarget	1	64783
323.995	0.8	NonTarget	1	64799
324.08	0.8	NonTarget	1	64816
324.165	0.8	NonTarget	1	64833
324.565	0.8	NonTarget	1	64913
324.65	0.8	NonTarget	1	64930
324.73	0.8	NonTarget	1	64946
324.815	0.8	NonTarget	1	64963
324.895	0.8	NonTarget	1	64979
324.985	0.8	NonTarget	1	64997
325.065	0.8	NonTarget	1	65013
325.15	0.8	NonTarget	1	65030
325.235	0.8	Target	2	65047
325.315	0.8	NonTarget	1	65063
325.4	0.8	NonTarget	1	65080
325.485	0.8	NonTarget	1	65097
325.565	0.8	NonTarget	1	65113
325.65	0.8	NonTarget	1	65130
325.735	0.8	NonTarget	1	65147
325.815	0.8	NonTarget	1	65163
325.9	0.8	NonTarget	1	65180
325.985	0.8	NonTarget	1	65197
326.065	0.8	NonTarget	1	65213
326.15	0.8	NonTarget	1	65230
326.235	0.8	NonTarget	1	65247
326.315	0.8	NonTarget	1	65263
326.4	0.8	NonTarget	1	65280
326.485	0.8	NonTarget	1	65297
326.57	0.8	NonTarget	1	65314
326.65	0.8	NonTarget	1	65330
326.735	0.8	NonTarget	1	65347
326.82	0.8	NonTarget	1	65364
326.9	0.8	NonTarget	1	65380
326.985	0.8	NonTarget	1	65397
327.385	0.8	NonTarget	1	65477
327.47	0.8	NonTarget	1	65494
327.55	0.8	NonTarget	1	65510
327.635	0.8	NonTarget	1	65527
327.72	0.8	NonTarget	1	65544
327.805	0.8	NonTarget	1	65561
327.885	0.8	NonTarget	1	65577
327.97	0.8	NonTarget	1	65594
328.055	0.8	NonTarget	1	65611
328.135	0.8	NonTarget	1	65627
328.22	0.8	NonTarget	1	65644
328.305	0.8	NonTarget	1	65661
328.385	0.8	NonTarget	1	65677
328.47	0.8	NonTarget	1	65694
328.555	0.8	NonTarget	1	65711
328.635	0.8	NonTarget	1	65727
328.72	0.8	NonTarget	1	65744
328.805	0.8	NonTarget	1	65761
328.89	0.8	NonTarget	1	65778
328.97	0.8	NonTarget	1	65794
329.055	0.8	NonTarget	1	65811
329.14	0.8	NonTarget	1	65828
329.22	0.8	NonTarget	1	65844
329.305	0.8	NonTarget	1	65861
329.39	0.8	NonTarget	1	65878
329.47	0.8	NonTarget	1	65894
329.555	0.8	NonTarget	1	65911
329.64	0.8	NonTarget	1	65928
329.725	0.8	Target	2	65945
329.805	0.8	NonTarget	1	65961
330.205	0.8	NonTarget	1	66041
330.29	0.8	NonTarget	1	66058
330.375	0.8	NonTarget	1	66075
330.455	0.8	NonTarget	1	66091
330.54	0.8	NonTarget	1	66108
330.625	0.8	NonTarget	1	66125
330.705	0.8	NonTarget	1	66141
330.79	0.8	NonTarget	1	66158
330.875	0.8	NonTarget	1	66175
330.955	0.8	NonTarget	1	66191
331.04	0.8	NonTarget	1	66208
331.125	0.8	NonTarget	1	66225
331.205	0.8	NonTarget	1	66241
331.29	0.8	NonTarget	1	66258
331.375	0.8	NonTarget	1	66275
331.455	0.8	NonTarget	1	66291
331.54	0.8	NonTarget	1	66308
331.625	0.8	NonTarget	1	66325
331.71	0.8	NonTarget	1	66342
331.79	0.8	NonTarget	1	66358
331.875	0.8	NonTarget	1	66375
331.96	0.8	NonTarget	1	66392
332.045	0.8	NonTarget	1	66409
332.125	0.8	NonTarget	1	66425
332.21	0.8	NonTarget	1	66442
332.29	0.8	NonTarget	1	66458
332.375	0.8	NonTarget	1	66475
332.46	0.8	NonTarget	1	66492
332.545	0.8	Target	2	66509
332.625	0.8	NonTarget	1	66525
341.19	0.8	NonTarget	1	68238
341.27	0.8	Target	2	68254
341.355	0.8	NonTarget	1	68271
341.44	0.8	NonTarget	1	68288
341.52	0.8	NonTarget	1	68304
341.605	0.8	NonTarget	1	68321
341.69	0.8	NonTarget	1	68338
341.77	0.8	NonTarget	1	68354
341.855	0.8	NonTarget	1	68371
341.94	0.8	NonTarget	1	68388
342.025	0.8	NonTarget	1	68405
342.105	0.8	NonTarget	1	68421
342.19	0.8	NonTarget	1	68438
342.275	0.8	NonTarget	1	68455
342.355	0.8	NonTarget	1	68471
342.44	0.8	NonTarget	1	68488
342.525	0.8	NonTarget	1	68505
342.605	0.8	NonTarget	1	68521
342.69	0.8	NonTarget	1	68538
342.775	0.8	NonTarget	1	68555
342.855	0.8	NonTarget	1	68571
342.94	0.8	NonTarget	1	68588
343.025	0.8	NonTarget	1	68605
343.11	0.8	NonTarget	1	68622
343.19	0.8	NonTarget	1	68638
343.275	0.8	NonTarget	1	68655
343.36	0.8	NonTarget	1	68672
343.44	0.8	NonTarget	1	68688
343.525	0.8	NonTarget	1	68705
343.61	0.8	NonTarget	1	68722
344.03	0.8	NonTarget	1	68806
344.11	0.8	NonTarget	1	68822
344.195	0.8	NonTarget	1	68839
344.275	0.8	NonTarget	1	68855
344.36	0.8	NonTarget	1	68872
344.445	0.8	NonTarget	1	68889
344.525	0.8	NonTarget	1	68905
344.61	0.8	NonTarget	1	68922
344.695	0.8	NonTarget	1	68939
344.78	0.8	NonTarget	1	68956
344.86	0.8	NonTarget	1	68972
344.945	0.8	NonTarget	1	68989
345.025	0.8	NonTarget	1	69005
345.11	0.8	NonTarget	1	69022
345.195	0.8	NonTarget	1	69039
345.275	0.8	NonTarget	1	69055
345.36	0.8	Target	2	69072
345.445	0.8	NonTarget	1	69089
345.53	0.8	NonTarget	1	69106
345.61	0.8	NonTarget	1	69122
345.695	0.8	NonTarget	1	69139
345.78	0.8	NonTarget	1	69156
345.86	0.8	NonTarget	1	69172
345.945	0.8	NonTarget	1	69189
346.03	0.8	NonTarget	1	69206
346.115	0.8	NonTarget	1	69223
346.195	0.8	NonTarget	1	69239
346.28	0.8	NonTarget	1	69256
346.36	0.8	NonTarget	1	69272
346.445	0.8	NonTarget	1	69289
346.845	0.8	NonTarget	1	69369
346.93	0.8	NonTarget	1	69386
347.015	0.8	NonTarget	1	69403
347.095	0.8	NonTarget	1	69419
347.18	0.8	NonTarget	1	69436
347.265	0.8	NonTarget	1	69453
347.345	0.8	NonTarget	1	69469
347.43	0.8	NonTarget	1	69486
347.515	0.8	NonTarget	1	69503
347.6	0.8	NonTarget	1	69520
347.68	0.8	NonTarget	1	69536
347.765	0.8	Target	2	69553
347.85	0.8	NonTarget	1	69570
347.93	0.8	NonTarget	1	69586
348.015	0.8	NonTarget	1	69603
348.1	0.8	NonTarget	1	69620
348.18	0.8	NonTarget	1	69636
348.265	0.8	NonTarget	1	69653
348.35	0.8	NonTarget	1	69670
348.43	0.8	NonTarget	1	69686
348.515	0.8	NonTarget	1	69703
348.6	0.8	NonTarget	1	69720
348.68	0.8	NonTarget	1	69736
348.765	0.8	NonTarget	1	69753
348.85	0.8	NonTarget	1	69770
348.935	0.8	NonTarget	1	69787
349.015	0.8	NonTarget	1	69803
349.1	0.8	NonTarget	1	69820
349.185	0.8	NonTarget	1	69837
349.265	0.8	NonTarget	1	69853
349.665	0.8	NonTarget	1	69933
349.75	0.8	NonTarget	1	69950
349.835	0.8	NonTarget	1	69967
349.92	0.8	NonTarget	1	69984
350.0	0.8	NonTarget	1	70000
350.085	0.8	NonTarget	1	70017
350.17	0.8	Target	2	70034
350.25	0.8	NonTarget	1	70050
350.335	0.8	NonTarget	1	70067
350.42	0.8	NonTarget	1	70084
350.5	0.8	NonTarget	1	70100
350.585	0.8	NonTarget	1	70117
350.67	0.8	NonTarget	1	70134
350.75	0.8	NonTarget	1	70150
350.835	0.8	NonTarget	1	70167
350.92	0.8	NonTarget	1	70184
351.0	0.8	NonTarget	1	70200
351.085	0.8	NonTarget	1	70217
351.17	0.8	NonTarget	1	70234
351.255	0.8	NonTarget	1	70251
351.335	0.8	NonTarget	1	70267
351.42	0.8	NonTarget	1	70284
351.5	0.8	NonTarget	1	70300
351.585	0.8	NonTarget	1	70317
351.67	0.8	NonTarget	1	70334
351.755	0.8	NonTarget	1	70351
351.835	0.8	NonTarget	1	70367
351.92	0.8	NonTarget	1	70384
352.005	0.8	NonTarget	1	70401
352.085	0.8	NonTarget	1	70417
352.485	0.8	NonTarget	1	70497
352.57	0.8	NonTarget	1	70514
352.655	0.8	NonTarget	1	70531
352.74	0.8	NonTarget	1	70548
352.825	0.8	NonTarget	1	70565
352.905	0.8	NonTarget	1	70581
352.99	0.8	NonTarget	1	70598
353.07	0.8	NonTarget	1	70614
353.155	0.8	NonTarget	1	70631
353.24	0.8	NonTarget	1	70648
353.32	0.8	NonTarget	1	70664
353.405	0.8	NonTarget	1	70681
353.49	0.8	NonTarget	1	70698
353.575	0.8	NonTarget	1	70715
353.655	0.8	NonTarget	1	70731
353.74	0.8	NonTarget	1	70748
353.82	0.8	NonTarget	1	70764
353.905	0.8	NonTarget	1	70781
353.99	0.8	NonTarget	1	70798
354.075	0.8	NonTarget	1	70815
354.155	0.8	NonTarget	1	70831
354.24	0.8	Target	2	70848
354.325	0.8	NonTarget	1	70865
354.405	0.8	NonTarget	1	70881
354.49	0.8	NonTarget	1	70898
354.575	0.8	NonTarget	1	70915
354.66	0.8	NonTarget	1	70932
354.74	0.8	NonTarget	1	70948
354.825	0.8	NonTarget	1	70965
354.905	0.8	NonTarget	1	70981
355.31	0.8	NonTarget	1	71062
355.39	0.8	NonTarget	1	71078
355.475	0.8	NonTarget	1	71095
355.56	0.8	NonTarget	1	71112
355.64	0.8	NonTarget	1	71128
355.725	0.8	NonTarget	1	71145
355.81	0.8	NonTarget	1	71162
355.89	0.8	NonTarget	1	71178
355.975	0.8	NonTarget	1	71195
356.06	0.8	NonTarget	1	71212
356.14	0.8	NonTarget	1	71228
356.225	0.8	NonTarget	1	71245
356.31	0.8	NonTarget	1	71262
356.395	0.8	NonTarget	1	71279
356.475	0.8	NonTarget	1	71295
356.56	0.8	NonTarget	1	71312
356.645	0.8	Target	2	71329
356.725	0.8	NonTarget	1	71345
356.81	0.8	NonTarget	1	71362
356.895	0.8	NonTarget	1	71379
356.975	0.8	NonTarget	1	71395
357.06	0.8	NonTarget	1	71412
357.145	0.8	NonTarget	1	71429
357.23	0.8	NonTarget	1	71446
357.31	0.8	NonTarget	1	71462
357.395	0.8	NonTarget	1	71479
357.48	0.8	NonTarget	1	71496
357.56	0.8	NonTarget	1	71512
357.645	0.8	NonTarget	1	71529
357.73	0.8	NonTarget	1	71546
358.13	0.8	NonTarget	1	71626
358.21	0.8	NonTarget	1	71642
358.295	0.8	NonTarget	1	71659
358.38	0.8	NonTarget	1	71676
358.465	0.8	NonTarget	1	71693
358.545	0.8	NonTarget	1	71709
358.63	0.8	NonTarget	1	71726
358.71	0.8	NonTarget	1	71742
358.795	0.8	NonTarget	1	71759
358.88	0.8	NonTarget	1	71776
358.965	0.8	NonTarget	1	71793
359.045	0.8	NonTarget	1	71809
359.13	0.8	NonTarget	1	71826
359.215	0.8	NonTarget	1	71843
359.3	0.8	NonTarget	1	71860
359.38	0.8	NonTarget	1	71876
359.465	0.8	NonTarget	1	71893
359.55	0.8	NonTarget	1	71910
359.63	0.8	NonTarget	1	71926
359.715	0.8	NonTarget	1	71943
359.8	0.8	NonTarget	1	71960
359.88	0.8	Target	2	71976
359.965	0.8	NonTarget	1	71993
360.05	0.8	NonTarget	1	72010
360.13	0.8	NonTarget	1	72026
360.215	0.8	NonTarget	1	72043
360.3	0.8	NonTarget	1	72060
360.38	0.8	NonTarget	1	72076
360.465	0.8	NonTarget	1	72093
360.55	0.8	NonTarget	1	72110
360.95	0.8	NonTarget	1	72190
361.035	0.8	NonTarget	1	72207
361.115	0.8	NonTarget	1	72223
361.2	0.8	NonTarget	1	72240
361.285	0.8	NonTarget	1	72257
361.37	0.8	NonTarget	1	72274
361.45	0.8	NonTarget	1	72290
361.535	0.8	NonTarget	1	72307
361.62	0.8	NonTarget	1	72324
361.7	0.8	NonTarget	1	72340
361.785	0.8	NonTarget	1	72357
361.87	0.8	NonTarget	1	72374
361.95	0.8	NonTarget	1	72390
362.035	0.8	NonTarget	1	72407
362.12	0.8	NonTarget	1	72424
362.2	0.8	NonTarget	1	72440
362.285	0.8	NonTarget	1	72457
362.37	0.8	NonTarget	1	72474
362.45	0.8	NonTarget	1	72490
362.535	0.8	NonTarget	1	72507
362.62	0.8	NonTarget	1	72524
362.705	0.8	Target	2	72541
362.785	0.8	NonTarget	1	72557
362.87	0.8	NonTarget	1	72574
362.95	0.8	NonTarget	1	72590
363.035	0.8	NonTarget	1	72607
363.12	0.8	NonTarget	1	72624
363.205	0.8	NonTarget	1	72641
363.285	0.8	NonTarget	1	72657
363.37	0.8	NonTarget	1	72674
363.77	0.8	NonTarget	1	72754
363.855	0.8	NonTarget	1	72771
363.94	0.8	NonTarget	1	72788
364.02	0.8	NonTarget	1	72804
364.105	0.8	NonTarget	1	72821
364.19	0.8	NonTarget	1	72838
364.27	0.8	NonTarget	1	72854
364.355	0.8	NonTarget	1	72871
364.44	0.8	NonTarget	1	72888
364.52	0.8	NonTarget	1	72904
364.605	0.8	NonTarget	1	72921
364.69	0.8	NonTarget	1	72938
364.77	0.8	NonTarget	1	72954
364.855	0.8	NonTarget	1	72971
364.94	0.8	NonTarget	1	72988
365.025	0.8	NonTarget	1	73005
365.105	0.8	NonTarget	1	73021
365.19	0.8	NonTarget	1	73038
365.275	0.8	NonTarget	1	73055
365.355	0.8	NonTarget	1	73071
365.44	0.8	NonTarget	1	73088
365.525	0.8	NonTarget	1	73105
365.605	0.8	NonTarget	1	73121
365.69	0.8	NonTarget	1	73138
365.775	0.8	NonTarget	1	73155
365.855	0.8	NonTarget	1	73171
365.94	0.8	Target	2	73188
366.025	0.8	NonTarget	1	73205
366.105	0.8	NonTarget	1	73221
366.19	0.8	NonTarget	1	73238
366.59	0.8	NonTarget	1	73318
366.675	0.8	Target	2	73335
366.755	0.8	NonTarget	1	73351
366.84	0.8	NonTarget	1	73368
366.925	0.8	NonTarget	1	73385
367.01	0.8	NonTarget	1	73402
367.09	0.8	NonTarget	1	73418
367.175	0.8	NonTarget	1	73435
367.26	0.8	NonTarget	1	73452
367.34	0.8	NonTarget	1	73468
367.425	0.8	NonTarget	1	73485
367.51	0.8	NonTarget	1	73502
367.595	0.8	NonTarget	1	73519
367.675	0.8	NonTarget	1	73535
367.76	0.8	NonTarget	1	73552
367.845	0.8	NonTarget	1	73569
367.925	0.8	NonTarget	1	73585
368.01	0.8	NonTarget	1	73602
368.095	0.8	NonTarget	1	73619
368.175	0.8	NonTarget	1	73635
368.26	0.8	NonTarget	1	73652
368.345	0.8	NonTarget	1	73669
368.425	0.8	NonTarget	1	73685
368.51	0.8	NonTarget	1	73702
368.595	0.8	NonTarget	1	73719
368.68	0.8	NonTarget	1	73736
368.76	0.8	NonTarget	1	73752
368.845	0.8	NonTarget	1	73769
368.93	0.8	NonTarget	1	73786
369.01	0.8	NonTarget	1	73802
377.575	0.8	NonTarget	1	75515
377.655	0.8	NonTarget	1	75531
377.74	0.8	NonTarget	1	75548
377.825	0.8	NonTarget	1	75565
377.91	0.8	NonTarget	1	75582
377.99	0.8	NonTarget	1	75598
378.075	0.8	NonTarget	1	75615
378.16	0.8	NonTarget	1	75632
378.24	0.8	NonTarget	1	75648
378.325	0.8	NonTarget	1	75665
378.41	0.8	NonTarget	1	75682
378.49	0.8	Target	2	75698
378.575	0.8	NonTarget	1	75715
378.66	0.8	NonTarget	1	75732
378.74	0.8	NonTarget	1	75748
378.825	0.8	NonTarget	1	75765
378.91	0.8	NonTarget	1	75782
378.99	0.8	NonTarget	1	75798
379.075	0.8	NonTarget	1	75815
379.16	0.8	NonTarget	1	75832
379.245	0.8	NonTarget	1	75849
379.325	0.8	NonTarget	1	75865
379.41	0.8	NonTarget	1	75882
379.495	0.8	NonTarget	1	75899
379.575	0.8	NonTarget	1	75915
379.66	0.8	NonTarget	1	75932
379.745	0.8	NonTarget	1	75949
379.825	0.8	NonTarget	1	75965
379.91	0.8	NonTarget	1	75982
379.995	0.8	NonTarget	1	75999
380.395	0.8	NonTarget	1	76079
380.475	0.8	NonTarget	1	76095
380.56	0.8	NonTarget	1	76112
380.645	0.8	NonTarget	1	76129
380.725	0.8	NonTarget	1	76145
380.81	0.8	NonTarget	1	76162
380.895	0.8	Target	2	76179
380.98	0.8	NonTarget	1	76196
381.06	0.8	NonTarget	1	76212
381.145	0.8	NonTarget	1	76229
381.23	0.8	NonTarget	1	76246
381.31	0.8	NonTarget	1	76262
381.395	0.8	NonTarget	1	76279
381.48	0.8	NonTarget	1	76296
381.565	0.8	NonTarget	1	76313
381.645	0.8	NonTarget	1	76329
381.73	0.8	NonTarget	1	76346
381.81	0.8	NonTarget	1	76362
381.895	0.8	NonTarget	1	76379
381.98	0.8	NonTarget	1	76396
382.06	0.8	NonTarget	1	76412
382.145	0.8	NonTarget	1	76429
382.23	0.8	NonTarget	1	76446
382.315	0.8	NonTarget	1	76463
382.395	0.8	NonTarget	1	76479
382.48	0.8	NonTarget	1	76496
382.565	0.8	NonTarget	1	76513
382.645	0.8	NonTarget	1	76529
382.73	0.8	NonTarget	1	76546
382.815	0.8	NonTarget	1	76563
383.215	0.8	NonTarget	1	76643
383.3	0.8	NonTarget	1	76660
383.38	0.8	NonTarget	1	76676
383.465	0.8	NonTarget	1	76693
383.55	0.8	NonTarget	1	76710
383.63	0.8	NonTarget	1	76726
383.715	0.8	NonTarget	1	76743
383.8	0.8	NonTarget	1	76760
383.88	0.8	NonTarget	1	76776
383.965	0.8	NonTarget	1	76793
384.05	0.8	NonTarget	1	76810
384.135	0.8	Target	2	76827
384.215	0.8	NonTarget	1	76843
384.3	0.8	NonTarget	1	76860
384.385	0.8	NonTarget	1	76877
384.465	0.8	NonTarget	1	76893
384.55	0.8	NonTarget	1	76910
384.635	0.8	NonTarget	1	76927
384.715	0.8	NonTarget	1	76943
384.8	0.8	NonTarget	1	76960
384.88	0.8	NonTarget	1	76976
384.965	0.8	NonTarget	1	76993
385.05	0.8	NonTarget	1	77010
385.135	0.8	NonTarget	1	77027
385.22	0.8	NonTarget	1	77044
385.3	0.8	NonTarget	1	77060
385.385	0.8	NonTarget	1	77077
385.47	0.8	NonTarget	1	77094
385.55	0.8	NonTarget	1	77110
385.635	0.8	NonTarget	1	77127
386.035	0.8	NonTarget	1	77207
386.12	0.8	NonTarget	1	77224
386.2	0.8	NonTarget	1	77240
386.285	0.8	NonTarget	1	77257
386.37	0.8	NonTarget	1	77274
386.455	0.8	NonTarget	1	77291
386.535	0.8	Target	2	77307
386.62	0.8	NonTarget	1	77324
386.705	0.8	NonTarget	1	77341
386.785	0.8	NonTarget	1	77357
386.87	0.8	NonTarget	1	77374
386.95	0.8	NonTarget	1	77390
387.035	0.8	NonTarget	1	77407
387.12	0.8	NonTarget	1	77424
387.205	0.8	NonTarget	1	77441
387.285	0.8	NonTarget	1	77457
387.37	0.8	NonTarget	1	77474
387.455	0.8	NonTarget	1	77491
387.535	0.8	NonTarget	1	77507
387.62	0.8	NonTarget	1	77524
387.705	0.8	NonTarget	1	77541
387.785	0.8	NonTarget	1	77557
387.87	0.8	NonTarget	1	77574
387.955	0.8	NonTarget	1	77591
388.04	0.8	NonTarget	1	77608
388.12	0.8	NonTarget	1	77624
388.205	0.8	NonTarget	1	77641
388.29	0.8	NonTarget	1	77658
388.37	0.8	NonTarget	1	77674
388.455	0.8	NonTarget	1	77691
388.855	0.8	NonTarget	1	77771
388.94	0.8	NonTarget	1	77788
389.025	0.8	NonTarget	1	77805
389.105	0.8	NonTarget	1	77821
389.19	0.8	NonTarget	1	77838
389.275	0.8	NonTarget	1	77855
389.355	0.8	NonTarget	1	77871
389.44	0.8	NonTarget	1	77888
389.525	0.8	NonTarget	1	77905
389.605	0.8	NonTarget	1	77921
389.69	0.8	NonTarget	1	77938
389.775	0.8	Target	2	77955
389.855	0.8	NonTarget	1	77971
389.94	0.8	NonTarget	1	77988
390.025	0.8	NonTarget	1	78005
390.11	0.8	NonTarget	1	78022
390.19	0.8	NonTarget	1	78038
390.275	0.8	NonTarget	1	78055
390.355	0.8	NonTarget	1	78071
390.44	0.8	NonTarget	1	78088
390.525	0.8	NonTarget	1	78105
390.605	0.8	NonTarget	1	78121
390.69	0.8	NonTarget	1	78138
390.775	0.8	NonTarget	1	78155
390.86	0.8	NonTarget	1	78172
390.94	0.8	NonTarget	1	78188
391.025	0.8	NonTarget	1	78205
391.11	0.8	NonTarget	1	78222
391.195	0.8	NonTarget	1	78239
391.275	0.8	NonTarget	1	78255
391.675	0.8	NonTarget	1	78335
391.76	0.8	NonTarget	1	78352
391.845	0.8	NonTarget	1	78369
391.925	0.8	NonTarget	1	78385
392.01	0.8	NonTarget	1	78402
392.09	0.8	NonTarget	1	78418
392.175	0.8	NonTarget	1	78435
392.26	0.8	NonTarget	1	78452
392.345	0.8	NonTarget	1	78469
392.425	0.8	NonTarget	1	78485
392.51	0.8	NonTarget	1	78502
392.595	0.8	NonTarget	1	78519
392.68	0.8	NonTarget	1	78536
392.76	0.8	NonTarget	1	78552
392.845	0.8	NonTarget	1	78569
392.93	0.8	NonTarget	1	78586
393.01	0.8	NonTarget	1	78602
393.095	0.8	NonTarget	1	78619
393.18	0.8	NonTarget	1	78636
393.26	0.8	NonTarget	1	78652
393.345	0.8	NonTarget	1	78669
393.43	0.8	Target	2	78686
393.515	0.8	NonTarget	1	78703
393.595	0.8	NonTarget	1	78719
393.68	0.8	NonTarget	1	78736
393.765	0.8	NonTarget	1	78753
393.845	0.8	NonTarget	1	78769
393.93	0.8	NonTarget	1	78786
394.015	0.8	NonTarget	1	78803
394.095	0.8	NonTarget	1	78819
394.495	0.8	NonTarget	1	78899
394.58	0.8	NonTarget	1	78916
394.665	0.8	NonTarget	1	78933
394.75	0.8	NonTarget	1	78950
394.83	0.8	NonTarget	1	78966
394.915	0.8	NonTarget	1	78983
395.0	0.8	NonTarget	1	79000
395.08	0.8	NonTarget	1	79016
395.165	0.8	NonTarget	1	79033
395.25	0.8	NonTarget	1	79050
395.33	0.8	NonTarget	1	79066
395.415	0.8	Target	2	79083
395.5	0.8	NonTarget	1	79100
395.58	0.8	NonTarget	1	79116
395.665	0.8	NonTarget	1	79133
395.75	0.8	NonTarget	1	79150
395.83	0.8	NonTarget	1	79166
395.915	0.8	NonTarget	1	79183
396.0	0.8	NonTarget	1	79200
396.085	0.8	NonTarget	1	79217
396.165	0.8	NonTarget	1	79233
396.25	0.8	NonTarget	1	79250
396.335	0.8	NonTarget	1	79267
396.415	0.8	NonTarget	1	79283
396.5	0.8	NonTarget	1	79300
396.585	0.8	NonTarget	1	79317
396.665	0.8	NonTarget	1	79333
396.75	0.8	NonTarget	1	79350
396.835	0.8	NonTarget	1	79367
396.92	0.8	NonTarget	1	79384
397.32	0.8	NonTarget	1	79464
397.4	0.8	NonTarget	1	79480
397.485	0.8	NonTarget	1	79497
397.57	0.8	NonTarget	1	79514
397.65	0.8	NonTarget	1	79530
397.735	0.8	NonTarget	1	79547
397.815	0.8	NonTarget	1	79563
397.9	0.8	NonTarget	1	79580
397.985	0.8	NonTarget	1	79597
398.065	0.8	NonTarget	1	79613
398.15	0.8	NonTarget	1	79630
398.235	0.8	NonTarget	1	79647
398.32	0.8	NonTarget	1	79664
398.405	0.8	NonTarget	1	79681
398.485	0.8	NonTarget	1	79697
398.57	0.8	NonTarget	1	79714
398.655	0.8	Target	2	79731
398.735	0.8	NonTarget	1	79747
398.82	0.8	NonTarget	1	79764
398.905	0.8	NonTarget	1	79781
398.985	0.8	NonTarget	1	79797
399.07	0.8	NonTarget	1	79814
399.155	0.8	NonTarget	1	79831
399.235	0.8	NonTarget	1	79847
399.32	0.8	NonTarget	1	79864
399.405	0.8	NonTarget	1	79881
399.485	0.8	NonTarget	1	79897
399.57	0.8	NonTarget	1	79914
399.655	0.8	NonTarget	1	79931
399.74	0.8	NonTarget	1	79948
400.135	0.8	NonTarget	1	80027
400.22	0.8	NonTarget	1	80044
400.305	0.8	NonTarget	1	80061
400.39	0.8	NonTarget	1	80078
400.475	0.8	NonTarget	1	80095
400.555	0.8	NonTarget	1	80111
400.64	0.8	NonTarget	1	80128
400.72	0.8	NonTarget	1	80144
400.805	0.8	NonTarget	1	80161
400.89	0.8	NonTarget	1	80178
400.975	0.8	NonTarget	1	80195
401.055	0.8	Target	2	80211
401.14	0.8	NonTarget	1	80228
401.225	0.8	NonTarget	1	80245
401.31	0.8	NonTarget	1	80262
401.39	0.8	NonTarget	1	80278
401.475	0.8	NonTarget	1	80295
401.56	0.8	NonTarget	1	80312
401.64	0.8	NonTarget	1	80328
401.725	0.8	NonTarget	1	80345
401.81	0.8	NonTarget	1	80362
401.89	0.8	NonTarget	1	80378
401.975	0.8	NonTarget	1	80395
402.06	0.8	NonTarget	1	80412
402.14	0.8	NonTarget	1	80428
402.225	0.8	NonTarget	1	80445
402.31	0.8	NonTarget	1	80462
402.39	0.8	NonTarget	1	80478
402.475	0.8	NonTarget	1	80495
402.56	0.8	NonTarget	1	80512
402.96	0.8	NonTarget	1	80592
403.045	0.8	NonTarget	1	80609
403.125	0.8	NonTarget	1	80625
403.21	0.8	NonTarget	1	80642
403.295	0.8	NonTarget	1	80659
403.375	0.8	NonTarget	1	80675
403.46	0.8	Target	2	80692
403.545	0.8	NonTarget	1	80709
403.625	0.8	NonTarget	1	80725
403.71	0.8	NonTarget	1	80742
403.795	0.8	NonTarget	1	80759
403.875	0.8	NonTarget	1	80775
403.96	0.8	NonTarget	1	80792
404.045	0.8	NonTarget	1	80809
404.13	0.8	NonTarget	1	80826
404.21	0.8	NonTarget	1	80842
404.295	0.8	NonTarget	1	80859
404.38	0.8	NonTarget	1	80876
404.46	0.8	NonTarget	1	80892
404.545	0.8	NonTarget	1	80909
404.63	0.8	NonTarget	1	80926
404.71	0.8	NonTarget	1	80942
404.795	0.8	NonTarget	1	80959
404.88	0.8	NonTarget	1	80976
404.96	0.8	NonTarget	1	80992
405.045	0.8	NonTarget	1	81009
405.13	0.8	NonTarget	1	81026
405.21	0.8	NonTarget	1	81042
405.295	0.8	NonTarget	1	81059
405.38	0.8	NonTarget	1	81076
413.945	0.8	NonTarget	1	82789
414.025	0.8	NonTarget	1	82805
414.105	0.8	NonTarget	1	82821
414.195	0.8	NonTarget	1	82839
414.275	0.8	NonTarget	1	82855
414.355	0.8	NonTarget	1	82871
414.44	0.8	NonTarget	1	82888
414.525	0.8	NonTarget	1	82905
414.61	0.8	NonTarget	1	82922
414.695	0.8	NonTarget	1	82939
414.775	0.8	NonTarget	1	82955
414.86	0.8	NonTarget	1	82972
414.945	0.8	NonTarget	1	82989
415.025	0.8	NonTarget	1	83005
415.11	0.8	NonTarget	1	83022
415.195	0.8	NonTarget	1	83039
415.275	0.8	NonTarget	1	83055
415.36	0.8	NonTarget	1	83072
415.445	0.8	NonTarget	1	83089
415.525	0.8	NonTarget	1	83105
415.61	0.8	NonTarget	1	83122
415.695	0.8	NonTarget	1	83139
415.775	0.8	NonTarget	1	83155
415.86	0.8	Target	2	83172
415.945	0.8	NonTarget	1	83189
416.03	0.8	NonTarget	1	83206
416.11	0.8	NonTarget	1	83222
416.195	0.8	NonTarget	1	83239
416.28	0.8	NonTarget	1	83256
416.36	0.8	NonTarget	1	83272
416.76	0.8	NonTarget	1	83352
416.845	0.8	NonTarget	1	83369
416.93	0.8	NonTarget	1	83386
417.01	0.8	NonTarget	1	83402
417.095	0.8	NonTarget	1	83419
417.18	0.8	NonTarget	1	83436
417.26	0.8	NonTarget	1	83452
417.345	0.8	NonTarget	1	83469
417.43	0.8	NonTarget	1	83486
417.51	0.8	NonTarget	1	83502
417.595	0.8	NonTarget	1	83519
417.68	0.8	NonTarget	1	83536
417.765	0.8	NonTarget	1	83553
417.845	0.8	NonTarget	1	83569
417.93	0.8	NonTarget	1	83586
418.015	0.8	NonTarget	1	83603
418.095	0.8	NonTarget	1	83619
418.18	0.8	NonTarget	1	83636
418.265	0.8	Target	2	83653
418.345	0.8	NonTarget	1	83669
418.43	0.8	NonTarget	1	83686
418.515	0.8	NonTarget	1	83703
418.6	0.8	NonTarget	1	83720
418.68	0.8	NonTarget	1	83736
418.765	0.8	NonTarget	1	83753
418.85	0.8	NonTarget	1	83770
418.93	0.8	NonTarget	1	83786
419.015	0.8	NonTarget	1	83803
419.1	0.8	NonTarget	1	83820
419.185	0.8	NonTarget	1	83837
419.58	0.8	NonTarget	1	83916
419.665	0.8	NonTarget	1	83933
419.75	0.8	NonTarget	1	83950
419.835	0.8	Target	2	83967
419.915	0.8	NonTarget	1	83983
420.0	0.8	NonTarget	1	84000
420.085	0.8	NonTarget	1	84017
420.165	0.8	NonTarget	1	84033
420.25	0.8	NonTarget	1	84050
420.335	0.8	NonTarget	1	84067
420.415	0.8	NonTarget	1	84083
420.5	0.8	NonTarget	1	84100
420.585	0.8	NonTarget	1	84117
420.67	0.8	NonTarget	1	84134
420.75	0.8	NonTarget	1	84150
420.835	0.8	NonTarget	1	84167
420.915	0.8	NonTarget	1	84183
421.0	0.8	NonTarget	1	84200
421.085	0.8	NonTarget	1	84217
421.17	0.8	NonTarget	1	84234
421.25	0.8	NonTarget	1	84250
421.335	0.8	NonTarget	1	84267
421.42	0.8	NonTarget	1	84284
421.5	0.8	NonTarget	1	84300
421.585	0.8	NonTarget	1	84317
421.67	0.8	NonTarget	1	84334
421.75	0.8	NonTarget	1	84350
421.835	0.8	NonTarget	1	84367
421.92	0.8	NonTarget	1	84384
422.005	0.8	NonTarget	1	84401
422.405	0.8	NonTarget	1	84481
422.485	0.8	NonTarget	1	84497
422.57	0.8	NonTarget	1	84514
422.655	0.8	NonTarget	1	84531
422.735	0.8	NonTarget	1	84547
422.82	0.8	NonTarget	1	84564
422.905	0.8	NonTarget	1	84581
422.985	0.8	NonTarget	1	84597
423.07	0.8	Target	2	84614
423.155	0.8	NonTarget	1	84631
423.235	0.8	NonTarget	1	84647
423.32	0.8	NonTarget	1	84664
423.405	0.8	NonTarget	1	84681
423.49	0.8	NonTarget	1	84698
423.57	0.8	NonTarget	1	84714
423.655	0.8	NonTarget	1	84731
423.74	0.8	NonTarget	1	84748
423.825	0.8	NonTarget	1	84765
423.905	0.8	NonTarget	1	84781
423.99	0.8	NonTarget	1	84798
424.07	0.8	NonTarget	1	84814
424.155	0.8	NonTarget	1	84831
424.24	0.8	NonTarget	1	84848
424.32	0.8	NonTarget	1	84864
424.405	0.8	NonTarget	1	84881
424.49	0.8	NonTarget	1	84898
424.575	0.8	NonTarget	1	84915
424.66	0.8	NonTarget	1	84932
424.74	0.8	NonTarget	1	84948
424.825	0.8	NonTarget	1	84965
425.225	0.8	NonTarget	1	85045
425.305	0.8	NonTarget	1	85061
425.39	0.8	NonTarget	1	85078
425.475	0.8	NonTarget	1	85095
425.555	0.8	NonTarget	1	85111
425.64	0.8	NonTarget	1	85128
425.725	0.8	NonTarget	1	85145
425.81	0.8	NonTarget	1	85162
425.89	0.8	NonTarget	1	85178
425.975	0.8	NonTarget	1	85195
426.06	0.8	NonTarget	1	85212
426.14	0.8	NonTarget	1	85228
426.225	0.8	NonTarget	1	85245
426.31	0.8	NonTarget	1	85262
426.395	0.8	NonTarget	1	85279
426.475	0.8	NonTarget	1	85295
426.56	0.8	NonTarget	1	85312
426.645	0.8	NonTarget	1	85329
426.725	0.8	NonTarget	1	85345
426.81	0.8	NonTarget	1	85362
426.895	0.8	NonTarget	1	85379
426.975	0.8	NonTarget	1	85395
427.06	0.8	NonTarget	1	85412
427.145	0.8	NonTarget	1	85429
427.225	0.8	NonTarget	1	85445
427.31	0.8	NonTarget	1	85462
427.395	0.8	NonTarget	1	85479
427.475	0.8	NonTarget	1	85495
427.56	0.8	Target	2	85512
427.645	0.8	NonTarget	1	85529
428.045	0.8	NonTarget	1	85609
428.13	0.8	NonTarget	1	85626
428.21	0.8	NonTarget	1	85642
428.295	0.8	Target	2	85659
428.375	0.8	NonTarget	1	85675
428.46	0.8	NonTarget	1	85692
428.545	0.8	NonTarget	1	85709
428.63	0.8	NonTarget	1	85726
428.71	0.8	NonTarget	1	85742
428.795	0.8	NonTarget	1	85759
428.88	0.8	NonTarget	1	85776
428.96	0.8	NonTarget	1	85792
429.045	0.8	NonTarget	1	85809
429.13	0.8	NonTarget	1	85826
429.215	0.8	NonTarget	1	85843
429.295	0.8	NonTarget	1	85859
429.38	0.8	NonTarget	1	85876
429.46	0.8	NonTarget	1	85892
429.545	0.8	NonTarget	1	85909
429.63	0.8	NonTarget	1	85926
429.715	0.8	NonTarget	1	85943
429.795	0.8	NonTarget	1	85959
429.88	0.8	NonTarget	1	85976
429.965	0.8	NonTarget	1	85993
430.045	0.8	NonTarget	1	86009
430.13	0.8	NonTarget	1	86026
430.215	0.8	NonTarget	1	86043
430.3	0.8	NonTarget	1	86060
430.38	0.8	NonTarget	1	86076
430.465	0.8	NonTarget	1	86093
430.865	0.8	NonTarget	1	86173
430.95	0.8	NonTarget	1	86190
431.03	0.8	NonTarget	1	86206
431.115	0.8	NonTarget	1	86223
431.2	0.8	NonTarget	1	86240
431.28	0.8	NonTarget	1	86256
431.365	0.8	NonTarget	1	86273
431.45	0.8	NonTarget	1	86290
431.53	0.8	NonTarget	1	86306
431.615	0.8	NonTarget	1	86323
431.7	0.8	NonTarget	1	86340
431.785	0.8	NonTarget	1	86357
431.865	0.8	NonTarget	1	86373
431.95	0.8	NonTarget	1	86390
432.035	0.8	NonTarget	1	86407
432.115	0.8	NonTarget	1	86423
432.2	0.8	NonTarget	1	86440
432.285	0.8	NonTarget	1	86457
432.365	0.8	Target	2	86473
432.45	0.8	NonTarget	1	86490
432.535	0.8	NonTarget	1	86507
432.615	0.8	NonTarget	1	86523
432.7	0.8	NonTarget	1	86540
432.785	0.8	NonTarget	1	86557
432.87	0.8	NonTarget	1	86574
432.95	0.8	NonTarget	1	86590
433.035	0.8	NonTarget	1	86607
433.12	0.8	NonTarget	1	86624
433.205	0.8	NonTarget	1	86641
433.285	0.8	NonTarget	1	86657
433.685	0.8	NonTarget	1	86737
433.77	0.8	NonTarget	1	86754
433.855	0.8	NonTarget	1	86771
433.94	0.8	NonTarget	1	86788
434.02	0.8	NonTarget	1	86804
434.105	0.8	NonTarget	1	86821
434.185	0.8	NonTarget	1	86837
434.27	0.8	NonTarget	1	86854
434.355	0.8	NonTarget	1	86871
434.435	0.8	NonTarget	1	86887
434.52	0.8	NonTarget	1	86904
434.605	0.8	NonTarget	1	86921
434.685	0.8	NonTarget	1	86937
434.77	0.8	Target	2	86954
434.855	0.8	NonTarget	1	86971
434.94	0.8	NonTarget	1	86988
435.02	0.8	NonTarget	1	87004
435.105	0.8	NonTarget	1	87021
435.19	0.8	NonTarget	1	87038
435.275	0.8	NonTarget	1	87055
435.355	0.8	NonTarget	1	87071
435.44	0.8	NonTarget	1	87088
435.525	0.8	NonTarget	1	87105
435.605	0.8	NonTarget	1	87121
435.69	0.8	NonTarget	1	87138
435.77	0.8	NonTarget	1	87154
435.855	0.8	NonTarget	1	87171
435.94	0.8	NonTarget	1	87188
436.025	0.8	NonTarget	1	87205
436.105	0.8	NonTarget	1	87221
436.505	0.8	NonTarget	1	87301
436.59	0.8	NonTarget	1	87318
436.675	0.8	NonTarget	1	87335
436.755	0.8	NonTarget	1	87351
436.84	0.8	NonTarget	1	87368
436.925	0.8	NonTarget	1	87385
437.005	0.8	NonTarget	1	87401
437.09	0.8	NonTarget	1	87418
437.175	0.8	Target	2	87435
437.26	0.8	NonTarget	1	87452
437.34	0.8	NonTarget	1	87468
437.425	0.8	NonTarget	1	87485
437.51	0.8	NonTarget	1	87502
437.59	0.8	NonTarget	1	87518
437.675	0.8	NonTarget	1	87535
437.76	0.8	NonTarget	1	87552
437.84	0.8	NonTarget	1	87568
437.925	0.8	NonTarget	1	87585
438.01	0.8	NonTarget	1	87602
438.09	0.8	NonTarget	1	87618
438.175	0.8	NonTarget	1	87635
438.26	0.8	NonTarget	1	87652
438.34	0.8	NonTarget	1	87668
438.425	0.8	NonTarget	1	87685
438.51	0.8	NonTarget	1	87702
438.595	0.8	NonTarget	1	87719
438.675	0.8	NonTarget	1	87735
438.76	0.8	NonTarget	1	87752
438.845	0.8	NonTarget	1	87769
438.925	0.8	NonTarget	1	87785
439.33	0.8	NonTarget	1	87866
439.41	0.8	NonTarget	1	87882
439.495	0.8	NonTarget	1	87899
439.58	0.8	NonTarget	1	87916
439.665	0.8	NonTarget	1	87933
439.745	0.8	NonTarget	1	87949
439.83	0.8	NonTarget	1	87966
439.91	0.8	NonTarget	1	87982
439.995	0.8	NonTarget	1	87999
440.08	0.8	NonTarget	1	88016
440.16	0.8	NonTarget	1	88032
440.245	0.8	NonTarget	1	88049
440.33	0.8	NonTarget	1	88066
440.41	0.8	Target	2	88082
440.495	0.8	NonTarget	1	88099
440.58	0.8	NonTarget	1	88116
440.665	0.8	NonTarget	1	88133
440.745	0.8	NonTarget	1	88149
440.83	0.8	NonTarget	1	88166
440.915	0.8	NonTarget	1	88183
440.995	0.8	NonTarget	1	88199
441.08	0.8	NonTarget	1	88216
441.165	0.8	NonTarget	1	88233
441.245	0.8	NonTarget	1	88249
441.33	0.8	NonTarget	1	88266
441.415	0.8	NonTarget	1	88283
441.495	0.8	NonTarget	1	88299
441.58	0.8	NonTarget	1	88316
441.665	0.8	NonTarget	1	88333
441.745	0.8	NonTarget	1	88349
450.315	0.8	NonTarget	1	90063
450.395	0.8	NonTarget	1	90079
450.475	0.8	NonTarget	1	90095
450.56	0.8	NonTarget	1	90112
450.645	0.8	NonTarget	1	90129
450.73	0.8	NonTarget	1	90146
450.81	0.8	NonTarget	1	90162
450.895	0.8	NonTarget	1	90179
450.975	0.8	NonTarget	1	90195
451.06	0.8	NonTarget	1	90212
451.145	0.8	NonTarget	1	90229
451.225	0.8	NonTarget	1	90245
451.31	0.8	NonTarget	1	90262
451.395	0.8	NonTarget	1	90279
451.48	0.8	NonTarget	1	90296
451.56	0.8	NonTarget	1	90312
451.645	0.8	NonTarget	1	90329
451.73	0.8	NonTarget	1	90346
451.815	0.8	NonTarget	1	90363
451.895	0.8	NonTarget	1	90379
451.98	0.8	NonTarget	1	90396
452.06	0.8	Target	2	90412
452.145	0.8	NonTarget	1	90429
452.23	0.8	NonTarget	1	90446
452.31	0.8	NonTarget	1	90462
452.395	0.8	NonTarget	1	90479
452.48	0.8	NonTarget	1	90496
452.56	0.8	NonTarget	1	90512
452.645	0.8	NonTarget	1	90529
452.73	0.8	NonTarget	1	90546
453.13	0.8	NonTarget	1	90626
453.215	0.8	NonTarget	1	90643
453.295	0.8	NonTarget	1	90659
453.38	0.8	NonTarget	1	90676
453.465	0.8	NonTarget	1	90693
453.545	0.8	NonTarget	1	90709
453.63	0.8	NonTarget	1	90726
453.715	0.8	NonTarget	1	90743
453.8	0.8	NonTarget	1	90760
453.88	0.8	NonTarget	1	90776
453.965	0.8	NonTarget	1	90793
454.05	0.8	NonTarget	1	90810
454.13	0.8	NonTarget	1	90826
454.215	0.8	NonTarget	1	90843
454.3	0.8	NonTarget	1	90860
454.385	0.8	NonTarget	1	90877
454.465	0.8	NonTarget	1	90893
454.55	0.8	NonTarget	1	90910
454.63	0.8	NonTarget	1	90926
454.715	0.8	NonTarget	1	90943
454.8	0.8	NonTarget	1	90960
454.885	0.8	Target	2	90977
454.965	0.8	NonTarget	1	90993
455.05	0.8	NonTarget	1	91010
455.135	0.8	NonTarget	1	91027
455.215	0.8	NonTarget	1	91043
455.3	0.8	NonTarget	1	91060
455.385	0.8	NonTarget	1	91077
455.465	0.8	NonTarget	1	91093
455.55	0.8	NonTarget	1	91110
455.95	0.8	NonTarget	1	91190
456.035	0.8	NonTarget	1	91207
456.115	0.8	NonTarget	1	91223
456.2	0.8	NonTarget	1	91240
456.285	0.8	NonTarget	1	91257
456.365	0.8	NonTarget	1	91273
456.45	0.8	NonTarget	1	91290
456.535	0.8	NonTarget	1	91307
456.62	0.8	NonTarget	1	91324
456.7	0.8	NonTarget	1	91340
456.785	0.8	NonTarget	1	91357
456.87	0.8	NonTarget	1	91374
456.95	0.8	NonTarget	1	91390
457.035	0.8	NonTarget	1	91407
457.12	0.8	NonTarget	1	91424
457.205	0.8	NonTarget	1	91441
457.285	0.8	Target	2	91457
457.37	0.8	NonTarget	1	91474
457.455	0.8	NonTarget	1	91491
457.535	0.8	NonTarget	1	91507
457.62	0.8	NonTarget	1	91524
457.7	0.8	NonTarget	1	91540
457.785	0.8	NonTarget	1	91557
457.87	0.8	NonTarget	1	91574
457.955	0.8	NonTarget	1	91591
458.035	0.8	NonTarget	1	91607
458.12	0.8	NonTarget	1	91624
458.205	0.8	NonTarget	1	91641
458.29	0.8	NonTarget	1	91658
458.37	0.8	NonTarget	1	91674
458.77	0.8	NonTarget	1	91754
458.855	0.8	NonTarget	1	91771
458.935	0.8	NonTarget	1	91787
459.02	0.8	NonTarget	1	91804
459.105	0.8	NonTarget	1	91821
459.19	0.8	NonTarget	1	91838
459.27	0.8	NonTarget	1	91854
459.355	0.8	NonTarget	1	91871
459.44	0.8	NonTarget	1	91888
459.525	0.8	NonTarget	1	91905
459.605	0.8	NonTarget	1	91921
459.69	0.8	NonTarget	1	91938
459.775	0.8	NonTarget	1	91955
459.855	0.8	NonTarget	1	91971
459.94	0.8	NonTarget	1	91988
460.025	0.8	NonTarget	1	92005
460.105	0.8	NonTarget	1	92021
460.19	0.8	NonTarget	1	92038
460.275	0.8	NonTarget	1	92055
460.355	0.8	NonTarget	1	92071
460.44	0.8	NonTarget	1	92088
460.525	0.8	Target	2	92105
460.61	0.8	NonTarget	1	92122
460.69	0.8	NonTarget	1	92138
460.775	0.8	NonTarget	1	92155
460.86	0.8	NonTarget	1	92172
460.94	0.8	NonTarget	1	92188
461.025	0.8	NonTarget	1	92205
461.11	0.8	NonTarget	1	92222
461.19	0.8	NonTarget	1	92238
461.59	0.8	NonTarget	1	92318
461.675	0.8	Target	2	92335
461.76	0.8	NonTarget	1	92352
461.84	0.8	NonTarget	1	92368
461.925	0.8	NonTarget	1	92385
462.01	0.8	NonTarget	1	92402
462.095	0.8	NonTarget	1	92419
462.175	0.8	NonTarget	1	92435
462.26	0.8	NonTarget	1	92452
462.34	0.8	NonTarget	1	92468
462.425	0.8	NonTarget	1	92485
462.51	0.8	NonTarget	1	92502
462.595	0.8	NonTarget	1	92519
462.675	0.8	NonTarget	1	92535
462.76	0.8	NonTarget	1	92552
462.845	0.8	NonTarget	1	92569
462.925	0.8	NonTarget	1	92585
463.01	0.8	NonTarget	1	92602
463.095	0.8	NonTarget	1	92619
463.175	0.8	NonTarget	1	92635
463.265	0.8	NonTarget	1	92653
463.345	0.8	NonTarget	1	92669
463.425	0.8	NonTarget	1	92685
463.515	0.8	NonTarget	1	92703
463.595	0.8	NonTarget	1	92719
463.68	0.8	NonTarget	1	92736
463.76	0.8	NonTarget	1	92752
463.845	0.8	NonTarget	1	92769
463.93	0.8	NonTarget	1	92786
464.015	0.8	NonTarget	1	92803
464.415	0.8	NonTarget	1	92883
464.495	0.8	NonTarget	1	92899
464.58	0.8	NonTarget	1	92916
464.665	0.8	NonTarget	1	92933
464.745	0.8	NonTarget	1	92949
464.83	0.8	NonTarget	1	92966
464.915	0.8	NonTarget	1	92983
464.995	0.8	NonTarget	1	92999
465.08	0.8	NonTarget	1	93016
465.165	0.8	NonTarget	1	93033
465.245	0.8	NonTarget	1	93049
465.33	0.8	Target	2	93066
465.415	0.8	NonTarget	1	93083
465.5	0.8	NonTarget	1	93100
465.58	0.8	NonTarget	1	93116
465.665	0.8	NonTarget	1	93133
465.75	0.8	NonTarget	1	93150
465.835	0.8	NonTarget	1	93167
465.915	0.8	NonTarget	1	93183
466.0	0.8	NonTarget	1	93200
466.08	0.8	NonTarget	1	93216
466.165	0.8	NonTarget	1	93233
466.25	0.8	NonTarget	1	93250
466.33	0.8	NonTarget	1	93266
466.415	0.8	NonTarget	1	93283
466.5	0.8	NonTarget	1	93300
466.58	0.8	NonTarget	1	93316
466.665	0.8	NonTarget	1	93333
466.75	0.8	NonTarget	1	93350
466.835	0.8	NonTarget	1	93367
467.235	0.8	NonTarget	1	93447
467.315	0.8	NonTarget	1	93463
467.4	0.8	NonTarget	1	93480
467.485	0.8	NonTarget	1	93497
467.57	0.8	NonTarget	1	93514
467.65	0.8	NonTarget	1	93530
467.735	0.8	Target	2	93547
467.815	0.8	NonTarget	1	93563
467.9	0.8	NonTarget	1	93580
467.985	0.8	NonTarget	1	93597
468.065	0.8	NonTarget	1	93613
468.15	0.8	NonTarget	1	93630
468.235	0.8	NonTarget	1	93647
468.32	0.8	NonTarget	1	93664
468.4	0.8	NonTarget	1	93680
468.485	0.8	NonTarget	1	93697
468.57	0.8	NonTarget	1	93714
468.65	0.8	NonTarget	1	93730
468.735	0.8	NonTarget	1	93747
468.82	0.8	NonTarget	1	93764
468.905	0.8	NonTarget	1	93781
468.985	0.8	NonTarget	1	93797
469.07	0.8	NonTarget	1	93814
469.15	0.8	NonTarget	1	93830
469.235	0.8	NonTarget	1	93847
469.32	0.8	NonTarget	1	93864
469.405	0.8	NonTarget	1	93881
469.485	0.8	NonTarget	1	93897
469.57	0.8	NonTarget	1	93914
469.655	0.8	NonTarget	1	93931
470.055	0.8	NonTarget	1	94011
470.14	0.8	NonTarget	1	94028
470.22	0.8	NonTarget	1	94044
470.305	0.8	NonTarget	1	94061
470.39	0.8	NonTarget	1	94078
470.47	0.8	NonTarget	1	94094
470.555	0.8	NonTarget	1	94111
470.64	0.8	NonTarget	1	94128
470.72	0.8	NonTarget	1	94144
470.805	0.8	NonTarget	1	94161
470.89	0.8	NonTarget	1	94178
470.975	0.8	NonTarget	1	94195
471.055	0.8	NonTarget	1	94211
471.14	0.8	NonTarget	1	94228
471.225	0.8	NonTarget	1	94245
471.305	0.8	NonTarget	1	94261
471.39	0.8	NonTarget	1	94278
471.475	0.8	NonTarget	1	94295
471.555	0.8	NonTarget	1	94311
471.64	0.8	NonTarget	1	94328
471.725	0.8	NonTarget	1	94345
471.805	0.8	NonTarget	1	94361
471.89	0.8	NonTarget	1	94378
471.975	0.8	NonTarget	1	94395
472.055	0.8	NonTarget	1	94411
472.14	0.8	NonTarget	1	94428
472.225	0.8	Target	2	94445
472.31	0.8	NonTarget	1	94462
472.39	0.8	NonTarget	1	94478
472.475	0.8	NonTarget	1	94495
472.875	0.8	NonTarget	1	94575
472.96	0.8	NonTarget	1	94592
473.04	0.8	NonTarget	1	94608
473.125	0.8	NonTarget	1	94625
473.21	0.8	NonTarget	1	94642
473.29	0.8	NonTarget	1	94658
473.375	0.8	NonTarget	1	94675
473.46	0.8	NonTarget	1	94692
473.545	0.8	NonTarget	1	94709
473.625	0.8	NonTarget	1	94725
473.71	0.8	NonTarget	1	94742
473.795	0.8	Target	2	94759
473.875	0.8	NonTarget	1	94775
473.96	0.8	NonTarget	1	94792
474.04	0.8	NonTarget	1	94808
474.125	0.8	NonTarget	1	94825
474.21	0.8	NonTarget	1	94842
474.295	0.8	NonTarget	1	94859
474.375	0.8	NonTarget	1	94875
474.46	0.8	NonTarget	1	94892
474.545	0.8	NonTarget	1	94909
474.625	0.8	NonTarget	1	94925
474.71	0.8	NonTarget	1	94942
474.795	0.8	NonTarget	1	94959
474.875	0.8	NonTarget	1	94975
474.96	0.8	NonTarget	1	94992
475.045	0.8	NonTarget	1	95009
475.13	0.8	NonTarget	1	95026
475.215	0.8	NonTarget	1	95043
475.295	0.8	NonTarget	1	95059
475.695	0.8	NonTarget	1	95139
475.78	0.8	NonTarget	1	95156
475.86	0.8	NonTarget	1	95172
475.945	0.8	NonTarget	1	95189
476.03	0.8	NonTarget	1	95206
476.115	0.8	NonTarget	1	95223
476.195	0.8	NonTarget	1	95239
476.28	0.8	NonTarget	1	95256
476.365	0.8	NonTarget	1	95273
476.445	0.8	NonTarget	1	95289
476.53	0.8	NonTarget	1	95306
476.615	0.8	NonTarget	1	95323
476.695	0.8	NonTarget	1	95339
476.78	0.8	NonTarget	1	95356
476.865	0.8	NonTarget	1	95373
476.945	0.8	NonTarget	1	95389
477.03	0.8	Target	2	95406
477.115	0.8	NonTarget	1	95423
477.2	0.8	NonTarget	1	95440
477.28	0.8	NonTarget	1	95456
477.365	0.8	NonTarget	1	95473
477.45	0.8	NonTarget	1	95490
477.53	0.8	NonTarget	1	95506
477.615	0.8	NonTarget	1	95523
477.7	0.8	NonTarget	1	95540
477.78	0.8	NonTarget	1	95556
477.865	0.8	NonTarget	1	95573
477.95	0.8	NonTarget	1	95590
478.035	0.8	NonTarget	1	95607
478.115	0.8	NonTarget	1	95623
486.68	0.8	Target	2	97336
486.76	0.8	NonTarget	1	97352
486.845	0.8	NonTarget	1	97369
486.93	0.8	NonTarget	1	97386
487.01	0.8	NonTarget	1	97402
487.095	0.8	NonTarget	1	97419
487.175	0.8	NonTarget	1	97435
487.26	0.8	NonTarget	1	97452
487.345	0.8	NonTarget	1	97469
487.43	0.8	NonTarget	1	97486
487.51	0.8	NonTarget	1	97502
487.595	0.8	NonTarget	1	97519
487.68	0.8	NonTarget	1	97536
487.76	0.8	NonTarget	1	97552
487.845	0.8	NonTarget	1	97569
487.93	0.8	NonTarget	1	97586
488.015	0.8	NonTarget	1	97603
488.095	0.8	NonTarget	1	97619
488.18	0.8	NonTarget	1	97636
488.265	0.8	NonTarget	1	97653
488.345	0.8	NonTarget	1	97669
488.43	0.8	NonTarget	1	97686
488.515	0.8	NonTarget	1	97703
488.6	0.8	NonTarget	1	97720
488.68	0.8	NonTarget	1	97736
488.765	0.8	NonTarget	1	97753
488.845	0.8	NonTarget	1	97769
488.93	0.8	NonTarget	1	97786
489.015	0.8	NonTarget	1	97803
489.095	0.8	NonTarget	1	97819
489.5	0.8	NonTarget	1	97900
489.58	0.8	NonTarget	1	97916
489.665	0.8	NonTarget	1	97933
489.75	0.8	NonTarget	1	97950
489.83	0.8	NonTarget	1	97966
489.915	0.8	Target	2	97983
490.0	0.8	NonTarget	1	98000
490.08	0.8	NonTarget	1	98016
490.165	0.8	NonTarget	1	98033
490.25	0.8	NonTarget	1	98050
490.335	0.8	NonTarget	1	98067
490.415	0.8	NonTarget	1	98083
490.5	0.8	NonTarget	1	98100
490.585	0.8	NonTarget	1	98117
490.665	0.8	NonTarget	1	98133
490.75	0.8	NonTarget	1	98150
490.835	0.8	NonTarget	1	98167
490.915	0.8	NonTarget	1	98183
491.0	0.8	NonTarget	1	98200
491.085	0.8	NonTarget	1	98217
491.165	0.8	NonTarget	1	98233
491.25	0.8	NonTarget	1	98250
491.335	0.8	NonTarget	1	98267
491.42	0.8	NonTarget	1	98284
491.505	0.8	NonTarget	1	98301
491.585	0.8	NonTarget	1	98317
491.67	0.8	NonTarget	1	98334
491.75	0.8	NonTarget	1	98350
491.835	0.8	NonTarget	1	98367
491.92	0.8	NonTarget	1	98384
492.32	0.8	NonTarget	1	98464
492.4	0.8	NonTarget	1	98480
492.485	0.8	NonTarget	1	98497
492.57	0.8	NonTarget	1	98514
492.65	0.8	NonTarget	1	98530
492.735	0.8	Target	2	98547
492.82	0.8	NonTarget	1	98564
492.905	0.8	NonTarget	1	98581
492.985	0.8	NonTarget	1	98597
493.07	0.8	NonTarget	1	98614
493.155	0.8	NonTarget	1	98631
493.235	0.8	NonTarget	1	98647
493.32	0.8	NonTarget	1	98664
493.405	0.8	NonTarget	1	98681
493.485	0.8	NonTarget	1	98697
493.57	0.8	NonTarget	1	98714
493.655	0.8	NonTarget	1	98731
493.74	0.8	NonTarget	1	98748
493.82	0.8	NonTarget	1	98764
493.905	0.8	NonTarget	1	98781
493.99	0.8	NonTarget	1	98798
494.07	0.8	NonTarget	1	98814
494.155	0.8	NonTarget	1	98831
494.24	0.8	NonTarget	1	98848
494.32	0.8	NonTarget	1	98864
494.405	0.8	NonTarget	1	98881
494.485	0.8	NonTarget	1	98897
494.57	0.8	NonTarget	1	98914
494.655	0.8	NonTarget	1	98931
494.74	0.8	NonTarget	1	98948
495.14	0.8	NonTarget	1	99028
495.225	0.8	NonTarget	1	99045
495.305	0.8	NonTarget	1	99061
495.39	0.8	NonTarget	1	99078
495.475	0.8	NonTarget	1	99095
495.56	0.8	NonTarget	1	99112
495.64	0.8	NonTarget	1	99128
495.725	0.8	NonTarget	1	99145
495.805	0.8	NonTarget	1	99161
495.89	0.8	NonTarget	1	99178
495.975	0.8	NonTarget	1	99195
496.055	0.8	NonTarget	1	99211
496.14	0.8	NonTarget	1	99228
496.225	0.8	NonTarget	1	99245
496.31	0.8	NonTarget	1	99262
496.39	0.8	Target	2	99278
496.475	0.8	NonTarget	1	99295
496.56	0.8	NonTarget	1	99312
496.64	0.8	NonTarget	1	99328
496.725	0.8	NonTarget	1	99345
496.81	0.8	NonTarget	1	99362
496.89	0.8	NonTarget	1	99378
496.975	0.8	NonTarget	1	99395
497.06	0.8	NonTarget	1	99412
497.14	0.8	NonTarget	1	99428
497.225	0.8	NonTarget	1	99445
497.31	0.8	NonTarget	1	99462
497.395	0.8	NonTarget	1	99479
497.475	0.8	NonTarget	1	99495
497.56	0.8	NonTarget	1	99512
497.96	0.8	NonTarget	1	99592
498.045	0.8	NonTarget	1	99609
498.13	0.8	NonTarget	1	99626
498.21	0.8	NonTarget	1	99642
498.295	0.8	NonTarget	1	99659
498.38	0.8	NonTarget	1	99676
498.46	0.8	NonTarget	1	99692
498.545	0.8	NonTarget	1	99709
498.63	0.8	NonTarget	1	99726
498.71	0.8	NonTarget	1	99742
498.795	0.8	NonTarget	1	99759
498.88	0.8	NonTarget	1	99776
498.96	0.8	NonTarget	1	99792
499.045	0.8	NonTarget	1	99809
499.13	0.8	NonTarget	1	99826
499.215	0.8	Target	2	99843
499.295	0.8	NonTarget	1	99859
499.38	0.8	NonTarget	1	99876
499.465	0.8	NonTarget	1	99893
499.545	0.8	NonTarget	1	99909
499.63	0.8	NonTarget	1	99926
499.715	0.8	NonTarget	1	99943
499.795	0.8	NonTarget	1	99959
499.88	0.8	NonTarget	1	99976
499.965	0.8	NonTarget	1	99993
500.045	0.8	NonTarget	1	100009
500.13	0.8	NonTarget	1	100026
500.215	0.8	NonTarget	1	100043
500.295	0.8	NonTarget	1	100059
500.38	0.8	NonTarget	1	100076
500.78	0.8	NonTarget	1	100156
500.865	0.8	NonTarget	1	100173
500.945	0.8	NonTarget	1	100189
501.03	0.8	NonTarget	1	100206
501.115	0.8	NonTarget	1	100223
501.2	0.8	NonTarget	1	100240
501.28	0.8	NonTarget	1	100256
501.365	0.8	NonTarget	1	100273
501.45	0.8	NonTarget	1	100290
501.535	0.8	NonTarget	1	100307
501.615	0.8	Target	2	100323
501.7	0.8	NonTarget	1	100340
501.785	0.8	NonTarget	1	100357
501.865	0.8	NonTarget	1	100373
501.95	0.8	NonTarget	1	100390
502.035	0.8	NonTarget	1	100407
502.115	0.8	NonTarget	1	100423
502.2	0.8	NonTarget	1	100440
502.285	0.8	NonTarget	1	100457
502.365	0.8	NonTarget	1	100473
502.45	0.8	NonTarget	1	100490
502.535	0.8	NonTarget	1	100507
502.615	0.8	NonTarget	1	100523
502.7	0.8	NonTarget	1	100540
502.785	0.8	NonTarget	1	100557
502.87	0.8	NonTarget	1	100574
502.95	0.8	NonTarget	1	100590
503.035	0.8	NonTarget	1	100607
503.12	0.8	NonTarget	1	100624
503.2	0.8	NonTarget	1	100640
503.6	0.8	NonTarget	1	100720
503.685	0.8	NonTarget	1	100737
503.77	0.8	NonTarget	1	100754
503.85	0.8	NonTarget	1	100770
503.935	0.8	NonTarget	1	100787
504.02	0.8	NonTarget	1	100804
504.105	0.8	NonTarget	1	100821
504.185	0.8	NonTarget	1	100837
504.27	0.8	NonTarget	1	100854
504.355	0.8	NonTarget	1	100871
504.435	0.8	Target	2	100887
504.52	0.8	NonTarget	1	100904
504.605	0.8	NonTarget	1	100921
504.685	0.8	NonTarget	1	100937
504.77	0.8	NonTarget	1	100954
504.855	0.8	NonTarget	1	100971
504.935	0.8	NonTarget	1	100987
505.02	0.8	NonTarget	1	101004
505.105	0.8	NonTarget	1	101021
505.19	0.8	NonTarget	1	101038
505.27	0.8	NonTarget	1	101054
505.355	0.8	NonTarget	1	101071
505.44	0.8	NonTarget	1	101088
505.52	0.8	NonTarget	1	101104
505.605	0.8	NonTarget	1	101121
505.685	0.8	NonTarget	1	101137
505.77	0.8	NonTarget	1	101154
505.855	0.8	NonTarget	1	101171
505.94	0.8	NonTarget	1	101188
506.02	0.8	NonTarget	1	101204
506.42	0.8	NonTarget	1	101284
506.505	0.8	NonTarget	1	101301
506.59	0.8	NonTarget	1	101318
506.675	0.8	NonTarget	1	101335
506.755	0.8	NonTarget	1	101351
506.84	0.8	NonTarget	1	101368
506.925	0.8	NonTarget	1	101385
507.005	0.8	NonTarget	1	101401
507.09	0.8	NonTarget	1	101418
507.175	0.8	NonTarget	1	101435
507.255	0.8	NonTarget	1	101451
507.34	0.8	NonTarget	1	101468
507.425	0.8	NonTarget	1	101485
507.505	0.8	NonTarget	1	101501
507.59	0.8	NonTarget	1	101518
507.675	0.8	NonTarget	1	101535
507.755	0.8	NonTarget	1	101551
507.84	0.8	NonTarget	1	101568
507.925	0.8	NonTarget	1	101585
508.01	0.8	NonTarget	1	101602
508.09	0.8	NonTarget	1	101618
508.175	0.8	NonTarget	1	101635
508.26	0.8	NonTarget	1	101652
508.34	0.8	NonTarget	1	101668
508.425	0.8	NonTarget	1	101685
508.51	0.8	Target	2	101702
508.59	0.8	NonTarget	1	101718
508.675	0.8	NonTarget	1	101735
508.76	0.8	NonTarget	1	101752
508.84	0.8	NonTarget	1	101768
509.245	0.8	NonTarget	1	101849
509.325	0.8	NonTarget	1	101865
509.41	0.8	NonTarget	1	101882
509.495	0.8	NonTarget	1	101899
509.58	0.8	NonTarget	1	101916
509.66	0.8	NonTarget	1	101932
509.745	0.8	NonTarget	1	101949
509.83	0.8	NonTarget	1	101966
509.91	0.8	NonTarget	1	101982
509.995	0.8	NonTarget	1	101999
510.075	0.8	NonTarget	1	102015
510.16	0.8	NonTarget	1	102032
510.245	0.8	NonTarget	1	102049
510.33	0.8	NonTarget	1	102066
510.41	0.8	NonTarget	1	102082
510.495	0.8	NonTarget	1	102099
510.575	0.8	NonTarget	1	102115
510.66	0.8	NonTarget	1	102132
510.745	0.8	NonTarget	1	102149
510.83	0.8	NonTarget	1	102166
510.91	0.8	NonTarget	1	102182
510.995	0.8	NonTarget	1	102199
511.08	0.8	NonTarget	1	102216
511.16	0.8	NonTarget	1	102232
511.245	0.8	NonTarget	1	102249
511.33	0.8	Target	2	102266
511.415	0.8	NonTarget	1	102283
511.495	0.8	NonTarget	1	102299
511.58	0.8	NonTarget	1	102316
511.665	0.8	NonTarget	1	102333
512.065	0.8	NonTarget	1	102413
512.145	0.8	NonTarget	1	102429
512.23	0.8	NonTarget	1	102446
512.315	0.8	NonTarget	1	102463
512.395	0.8	NonTarget	1	102479
512.48	0.8	NonTarget	1	102496
512.565	0.8	NonTarget	1	102513
512.65	0.8	NonTarget	1	102530
512.73	0.8	NonTarget	1	102546
512.815	0.8	NonTarget	1	102563
512.9	0.8	NonTarget	1	102580
512.98	0.8	NonTarget	1	102596
513.065	0.8	NonTarget	1	102613
513.15	0.8	NonTarget	1	102630
513.23	0.8	NonTarget	1	102646
513.315	0.8	NonTarget	1	102663
513.4	0.8	NonTarget	1	102680
513.485	0.8	NonTarget	1	102697
513.57	0.8	NonTarget	1	102714
513.65	0.8	NonTarget	1	102730
513.73	0.8	NonTarget	1	102746
513.815	0.8	NonTarget	1	102763
513.9	0.8	NonTarget	1	102780
513.985	0.8	NonTarget	1	102797
514.065	0.8	NonTarget	1	102813
514.15	0.8	Target	2	102830
514.235	0.8	NonTarget	1	102847
514.315	0.8	NonTarget	1	102863
514.4	0.8	NonTarget	1	102880
514.485	0.8	NonTarget	1	102897
523.035	0.8	NonTarget	1	104607
523.11	0.8	NonTarget	1	104622
523.195	0.8	NonTarget	1	104639
523.28	0.8	NonTarget	1	104656
523.365	0.8	NonTarget	1	104673
523.445	0.8	NonTarget	1	104689
523.53	0.8	NonTarget	1	104706
523.61	0.8	NonTarget	1	104722
523.7	0.8	NonTarget	1	104740
523.78	0.8	NonTarget	1	104756
523.865	0.8	NonTarget	1	104773
523.95	0.8	NonTarget	1	104790
524.03	0.8	NonTarget	1	104806
524.115	0.8	NonTarget	1	104823
524.195	0.8	NonTarget	1	104839
524.28	0.8	NonTarget	1	104856
524.365	0.8	NonTarget	1	104873
524.445	0.8	Target	2	104889
524.53	0.8	NonTarget	1	104906
524.615	0.8	NonTarget	1	104923
524.7	0.8	NonTarget	1	104940
524.78	0.8	NonTarget	1	104956
524.865	0.8	NonTarget	1	104973
524.95	0.8	NonTarget	1	104990
525.035	0.8	NonTarget	1	105007
525.115	0.8	NonTarget	1	105023
525.2	0.8	NonTarget	1	105040
525.28	0.8	NonTarget	1	105056
525.365	0.8	NonTarget	1	105073
525.45	0.8	NonTarget	1	105090
525.85	0.8	NonTarget	1	105170
525.935	0.8	NonTarget	1	105187
526.015	0.8	NonTarget	1	105203
526.1	0.8	NonTarget	1	105220
526.185	0.8	NonTarget	1	105237
526.265	0.8	NonTarget	1	105253
526.35	0.8	NonTarget	1	105270
526.435	0.8	NonTarget	1	105287
526.515	0.8	NonTarget	1	105303
526.6	0.8	NonTarget	1	105320
526.685	0.8	NonTarget	1	105337
526.77	0.8	NonTarget	1	105354
526.85	0.8	NonTarget	1	105370
526.935	0.8	NonTarget	1	105387
527.02	0.8	NonTarget	1	105404
527.1	0.8	NonTarget	1	105420
527.185	0.8	NonTarget	1	105437
527.27	0.8	NonTarget	1	105454
527.35	0.8	NonTarget	1	105470
527.435	0.8	NonTarget	1	105487
527.52	0.8	NonTarget	1	105504
527.6	0.8	NonTarget	1	105520
527.685	0.8	Target	2	105537
527.77	0.8	NonTarget	1	105554
527.85	0.8	NonTarget	1	105570
527.935	0.8	NonTarget	1	105587
528.02	0.8	NonTarget	1	105604
528.1	0.8	NonTarget	1	105620
528.185	0.8	NonTarget	1	105637
528.27	0.8	NonTarget	1	105654
528.67	0.8	NonTarget	1	105734
528.755	0.8	NonTarget	1	105751
528.84	0.8	NonTarget	1	105768
528.92	0.8	NonTarget	1	105784
529.005	0.8	NonTarget	1	105801
529.09	0.8	NonTarget	1	105818
529.17	0.8	NonTarget	1	105834
529.255	0.8	NonTarget	1	105851
529.34	0.8	NonTarget	1	105868
529.42	0.8	NonTarget	1	105884
529.505	0.8	NonTarget	1	105901
529.59	0.8	NonTarget	1	105918
529.675	0.8	NonTarget	1	105935
529.755	0.8	NonTarget	1	105951
529.84	0.8	NonTarget	1	105968
529.92	0.8	NonTarget	1	105984
530.005	0.8	NonTarget	1	106001
530.09	0.8	NonTarget	1	106018
530.175	0.8	NonTarget	1	106035
530.255	0.8	NonTarget	1	106051
530.34	0.8	NonTarget	1	106068
530.425	0.8	NonTarget	1	106085
530.505	0.8	NonTarget	1	106101
530.59	0.8	NonTarget	1	106118
530.675	0.8	NonTarget	1	106135
530.755	0.8	NonTarget	1	106151
530.84	0.8	NonTarget	1	106168
530.925	0.8	Target	2	106185
531.005	0.8	NonTarget	1	106201
531.09	0.8	NonTarget	1	106218
531.49	0.8	NonTarget	1	106298
531.575	0.8	NonTarget	1	106315
531.66	0.8	NonTarget	1	106332
531.74	0.8	NonTarget	1	106348
531.825	0.8	NonTarget	1	106365
531.91	0.8	NonTarget	1	106382
531.99	0.8	NonTarget	1	106398
532.075	0.8	Target	2	106415
532.16	0.8	NonTarget	1	106432
532.24	0.8	NonTarget	1	106448
532.325	0.8	NonTarget	1	106465
532.41	0.8	NonTarget	1	106482
532.49	0.8	NonTarget	1	106498
532.575	0.8	NonTarget	1	106515
532.66	0.8	NonTarget	1	106532
532.745	0.8	NonTarget	1	106549
532.825	0.8	NonTarget	1	106565
532.91	0.8	NonTarget	1	106582
532.995	0.8	NonTarget	1	106599
533.075	0.8	NonTarget	1	106615
533.16	0.8	NonTarget	1	106632
533.245	0.8	NonTarget	1	106649
533.33	0.8	NonTarget	1	106666
533.41	0.8	NonTarget	1	106682
533.495	0.8	NonTarget	1	106699
533.58	0.8	NonTarget	1	106716
533.66	0.8	NonTarget	1	106732
533.745	0.8	NonTarget	1	106749
533.825	0.8	NonTarget	1	106765
533.91	0.8	NonTarget	1	106782
534.31	0.8	NonTarget	1	106862
534.395	0.8	NonTarget	1	106879
534.48	0.8	NonTarget	1	106896
534.565	0.8	NonTarget	1	106913
534.645	0.8	NonTarget	1	106929
534.73	0.8	NonTarget	1	106946
534.81	0.8	NonTarget	1	106962
534.895	0.8	NonTarget	1	106979
534.98	0.8	NonTarget	1	106996
535.06	0.8	NonTarget	1	107012
535.145	0.8	NonTarget	1	107029
535.23	0.8	NonTarget	1	107046
535.315	0.8	NonTarget	1	107063
535.4	0.8	NonTarget	1	107080
535.48	0.8	NonTarget	1	107096
535.565	0.8	NonTarget	1	107113
535.645	0.8	NonTarget	1	107129
535.73	0.8	NonTarget	1	107146
535.815	0.8	NonTarget	1	107163
535.895	0.8	NonTarget	1	107179
535.98	0.8	NonTarget	1	107196
536.065	0.8	NonTarget	1	107213
536.145	0.8	Target	2	107229
536.23	0.8	NonTarget	1	107246
536.315	0.8	NonTarget	1	107263
536.395	0.8	NonTarget	1	107279
536.48	0.8	NonTarget	1	107296
536.565	0.8	NonTarget	1	107313
536.65	0.8	NonTarget	1	107330
536.73	0.8	NonTarget	1	107346
537.13	0.8	NonTarget	1	107426
537.215	0.8	NonTarget	1	107443
537.3	0.8	NonTarget	1	107460
537.38	0.8	NonTarget	1	107476
537.465	0.8	NonTarget	1	107493
537.55	0.8	NonTarget	1	107510
537.635	0.8	NonTarget	1	107527
537.715	0.8	NonTarget	1	107543
537.8	0.8	NonTarget	1	107560
537.885	0.8	NonTarget	1	107577
537.965	0.8	NonTarget	1	107593
538.05	0.8	NonTarget	1	107610
538.135	0.8	NonTarget	1	107627
538.22	0.8	NonTarget	1	107644
538.3	0.8	NonTarget	1	107660
538.385	0.8	NonTarget	1	107677
538.47	0.8	NonTarget	1	107694
538.55	0.8	Target	2	107710
538.635	0.8	NonTarget	1	107727
538.72	0.8	NonTarget	1	107744
538.8	0.8	NonTarget	1	107760
538.885	0.8	NonTarget	1	107777
538.97	0.8	NonTarget	1	107794
539.05	0.8	NonTarget	1	107810
539.135	0.8	NonTarget	1	107827
539.22	0.8	NonTarget	1	107844
539.305	0.8	NonTarget	1	107861
539.385	0.8	NonTarget	1	107877
539.47	0.8	NonTarget	1	107894
539.55	0.8	NonTarget	1	107910
539.955	0.8	NonTarget	1	107991
540.035	0.8	NonTarget	1	108007
540.12	0.8	NonTarget	1	108024
540.205	0.8	NonTarget	1	108041
540.285	0.8	NonTarget	1	108057
540.37	0.8	NonTarget	1	108074
540.455	0.8	NonTarget	1	108091
540.535	0.8	NonTarget	1	108107
540.625	0.8	NonTarget	1	108125
540.705	0.8	NonTarget	1	108141
540.785	0.8	NonTarget	1	108157
540.87	0.8	NonTarget	1	108174
540.955	0.8	NonTarget	1	108191
541.04	0.8	NonTarget	1	108208
541.12	0.8	NonTarget	1	108224
541.205	0.8	NonTarget	1	108241
541.29	0.8	NonTarget	1	108258
541.37	0.8	Target	2	108274
541.455	0.8	NonTarget	1	108291
541.54	0.8	NonTarget	1	108308
541.62	0.8	NonTarget	1	108324
541.705	0.8	NonTarget	1	108341
541.79	0.8	NonTarget	1	108358
541.87	0.8	NonTarget	1	108374
541.955	0.8	NonTarget	1	108391
542.04	0.8	NonTarget	1	108408
542.125	0.8	NonTarget	1	108425
542.205	0.8	NonTarget	1	108441
542.29	0.8	NonTarget	1	108458
542.375	0.8	NonTarget	1	108475
542.775	0.8	NonTarget	1	108555
542.86	0.8	NonTarget	1	108572
542.94	0.8	NonTarget	1	108588
543.025	0.8	NonTarget	1	108605
543.11	0.8	NonTarget	1	108622
543.19	0.8	NonTarget	1	108638
543.275	0.8	NonTarget	1	108655
543.36	0.8	NonTarget	1	108672
543.44	0.8	NonTarget	1	108688
543.525	0.8	NonTarget	1	108705
543.61	0.8	NonTarget	1	108722
543.69	0.8	NonTarget	1	108738
543.775	0.8	NonTarget	1	108755
543.86	0.8	NonTarget	1	108772
543.94	0.8	NonTarget	1	108788
544.025	0.8	NonTarget	1	108805
544.11	0.8	NonTarget	1	108822
544.19	0.8	NonTarget	1	108838
544.275	0.8	NonTarget	1	108855
544.36	0.8	NonTarget	1	108872
544.445	0.8	NonTarget	1	108889
544.525	0.8	NonTarget	1	108905
544.61	0.8	Target	2	108922
544.695	0.8	NonTarget	1	108939
544.775	0.8	NonTarget	1	108955
544.86	0.8	NonTarget	1	108972
544.945	0.8	NonTarget	1	108989
545.03	0.8	NonTarget	1	109006
545.11	0.8	NonTarget	1	109022
545.195	0.8	NonTarget	1	109039
545.595	0.8	NonTarget	1	109119
545.68	0.8	NonTarget	1	109136
545.76	0.8	Target	2	109152
545.845	0.8	NonTarget	1	109169
545.93	0.8	NonTarget	1	109186
546.015	0.8	NonTarget	1	109203
546.095	0.8	NonTarget	1	109219
546.175	0.8	NonTarget	1	109235
546.26	0.8	NonTarget	1	109252
546.345	0.8	NonTarget	1	109269
546.43	0.8	NonTarget	1	109286
546.51	0.8	NonTarget	1	109302
546.595	0.8	NonTarget	1	109319
546.68	0.8	NonTarget	1	109336
546.76	0.8	NonTarget	1	109352
546.845	0.8	NonTarget	1	109369
546.93	0.8	NonTarget	1	109386
547.015	0.8	NonTarget	1	109403
547.095	0.8	NonTarget	1	109419
547.18	0.8	NonTarget	1	109436
547.265	0.8	NonTarget	1	109453
547.345	0.8	NonTarget	1	109469
547.43	0.8	NonTarget	1	109486
547.515	0.8	NonTarget	1	109503
547.595	0.8	NonTarget	1	109519
547.68	0.8	NonTarget	1	109536
547.765	0.8	NonTarget	1	109553
547.85	0.8	NonTarget	1	109570
547.93	0.8	NonTarget	1	109586
548.015	0.8	NonTarget	1	109603
548.415	0.8	NonTarget	1	109683
548.5	0.8	NonTarget	1	109700
548.58	0.8	NonTarget	1	109716
548.665	0.8	NonTarget	1	109733
548.75	0.8	NonTarget	1	109750
548.83	0.8	NonTarget	1	109766
548.915	0.8	NonTarget	1	109783
549.0	0.8	NonTarget	1	109800
549.08	0.8	NonTarget	1	109816
549.165	0.8	NonTarget	1	109833
549.25	0.8	NonTarget	1	109850
549.335	0.8	NonTarget	1	109867
549.42	0.8	NonTarget	1	109884
549.5	0.8	NonTarget	1	109900
549.585	0.8	NonTarget	1	109917
549.67	0.8	NonTarget	1	109934
549.75	0.8	NonTarget	1	109950
549.83	0.8	NonTarget	1	109966
549.92	0.8	NonTarget	1	109984
550.0	0.8	NonTarget	1	110000
550.085	0.8	NonTarget	1	110017
550.165	0.8	NonTarget	1	110033
550.25	0.8	Target	2	110050
550.335	0.8	NonTarget	1	110067
550.42	0.8	NonTarget	1	110084
550.5	0.8	NonTarget	1	110100
550.585	0.8	NonTarget	1	110117
550.67	0.8	NonTarget	1	110134
550.75	0.8	NonTarget	1	110150
550.835	0.8	NonTarget	1	110167
559.4	0.8	NonTarget	1	111880
559.48	0.8	NonTarget	1	111896
559.565	0.8	NonTarget	1	111913
559.65	0.8	NonTarget	1	111930
559.73	0.8	NonTarget	1	111946
559.815	0.8	NonTarget	1	111963
559.9	0.8	NonTarget	1	111980
559.985	0.8	NonTarget	1	111997
560.065	0.8	NonTarget	1	112013
560.15	0.8	NonTarget	1	112030
560.23	0.8	NonTarget	1	112046
560.315	0.8	NonTarget	1	112063
560.4	0.8	Target	2	112080
560.48	0.8	NonTarget	1	112096
560.565	0.8	NonTarget	1	112113
560.65	0.8	NonTarget	1	112130
560.73	0.8	NonTarget	1	112146
560.815	0.8	NonTarget	1	112163
560.9	0.8	NonTarget	1	112180
560.985	0.8	NonTarget	1	112197
561.065	0.8	NonTarget	1	112213
561.15	0.8	NonTarget	1	112230
561.235	0.8	NonTarget	1	112247
561.315	0.8	NonTarget	1	112263
561.4	0.8	NonTarget	1	112280
561.485	0.8	NonTarget	1	112297
561.565	0.8	NonTarget	1	112313
561.65	0.8	NonTarget	1	112330
561.735	0.8	NonTarget	1	112347
561.815	0.8	NonTarget	1	112363
562.22	0.8	NonTarget	1	112444
562.3	0.8	NonTarget	1	112460
562.385	0.8	Target	2	112477
562.47	0.8	NonTarget	1	112494
562.555	0.8	NonTarget	1	112511
562.635	0.8	NonTarget	1	112527
562.72	0.8	NonTarget	1	112544
562.805	0.8	NonTarget	1	112561
562.885	0.8	NonTarget	1	112577
562.97	0.8	NonTarget	1	112594
563.055	0.8	NonTarget	1	112611
563.135	0.8	NonTarget	1	112627
563.22	0.8	NonTarget	1	112644
563.305	0.8	NonTarget	1	112661
563.385	0.8	NonTarget	1	112677
563.47	0.8	NonTarget	1	112694
563.555	0.8	NonTarget	1	112711
563.635	0.8	NonTarget	1	112727
563.72	0.8	NonTarget	1	112744
563.805	0.8	NonTarget	1	112761
563.885	0.8	NonTarget	1	112777
563.97	0.8	NonTarget	1	112794
564.055	0.8	NonTarget	1	112811
564.14	0.8	NonTarget	1	112828
564.22	0.8	NonTarget	1	112844
564.305	0.8	NonTarget	1	112861
564.39	0.8	NonTarget	1	112878
564.47	0.8	NonTarget	1	112894
564.555	0.8	NonTarget	1	112911
564.64	0.8	NonTarget	1	112928
565.04	0.8	NonTarget	1	113008
565.12	0.8	NonTarget	1	113024
565.205	0.8	NonTarget	1	113041
565.29	0.8	NonTarget	1	113058
565.37	0.8	NonTarget	1	113074
565.455	0.8	NonTarget	1	113091
565.54	0.8	NonTarget	1	113108
565.625	0.8	NonTarget	1	113125
565.705	0.8	NonTarget	1	113141
565.79	0.8	NonTarget	1	113158
565.875	0.8	NonTarget	1	113175
565.955	0.8	NonTarget	1	113191
566.04	0.8	NonTarget	1	113208
566.125	0.8	NonTarget	1	113225
566.205	0.8	NonTarget	1	113241
566.29	0.8	NonTarget	1	113258
566.375	0.8	NonTarget	1	113275
566.455	0.8	Target	2	113291
566.54	0.8	NonTarget	1	113308
566.625	0.8	NonTarget	1	113325
566.705	0.8	NonTarget	1	113341
566.79	0.8	NonTarget	1	113358
566.875	0.8	NonTarget	1	113375
566.96	0.8	NonTarget	1	113392
567.04	0.8	NonTarget	1	113408
567.125	0.8	NonTarget	1	113425
567.21	0.8	NonTarget	1	113442
567.29	0.8	NonTarget	1	113458
567.375	0.8	NonTarget	1	113475
567.46	0.8	NonTarget	1	113492
567.86	0.8	NonTarget	1	113572
567.945	0.8	NonTarget	1	113589
568.025	0.8	NonTarget	1	113605
568.11	0.8	NonTarget	1	113622
568.19	0.8	NonTarget	1	113638
568.275	0.8	NonTarget	1	113655
568.36	0.8	NonTarget	1	113672
568.44	0.8	Target	2	113688
568.525	0.8	NonTarget	1	113705
568.61	0.8	NonTarget	1	113722
568.695	0.8	NonTarget	1	113739
568.775	0.8	NonTarget	1	113755
568.86	0.8	NonTarget	1	113772
568.945	0.8	NonTarget	1	113789
569.03	0.8	NonTarget	1	113806
569.11	0.8	NonTarget	1	113822
569.195	0.8	NonTarget	1	113839
569.28	0.8	NonTarget	1	113856
569.36	0.8	NonTarget	1	113872
569.445	0.8	NonTarget	1	113889
569.53	0.8	NonTarget	1	113906
569.61	0.8	NonTarget	1	113922
569.695	0.8	NonTarget	1	113939
569.78	0.8	NonTarget	1	113956
569.86	0.8	NonTarget	1	113972
569.945	0.8	NonTarget	1	113989
570.03	0.8	NonTarget	1	114006
570.11	0.8	NonTarget	1	114022
570.195	0.8	NonTarget	1	114039
570.28	0.8	NonTarget	1	114056
570.68	0.8	NonTarget	1	114136
570.765	0.8	NonTarget	1	114153
570.845	0.8	NonTarget	1	114169
570.93	0.8	NonTarget	1	114186
571.015	0.8	NonTarget	1	114203
571.095	0.8	NonTarget	1	114219
571.18	0.8	NonTarget	1	114236
571.265	0.8	NonTarget	1	114253
571.35	0.8	NonTarget	1	114270
571.43	0.8	NonTarget	1	114286
571.515	0.8	NonTarget	1	114303
571.6	0.8	NonTarget	1	114320
571.68	0.8	Target	2	114336
571.765	0.8	NonTarget	1	114353
571.85	0.8	NonTarget	1	114370
571.93	0.8	NonTarget	1	114386
572.015	0.8	NonTarget	1	114403
572.1	0.8	NonTarget	1	114420
572.185	0.8	NonTarget	1	114437
572.265	0.8	NonTarget	1	114453
572.35	0.8	NonTarget	1	114470
572.435	0.8	NonTarget	1	114487
572.515	0.8	NonTarget	1	114503
572.6	0.8	NonTarget	1	114520
572.685	0.8	NonTarget	1	114537
572.765	0.8	NonTarget	1	114553
572.85	0.8	NonTarget	1	114570
572.935	0.8	NonTarget	1	114587
573.015	0.8	NonTarget	1	114603
573.1	0.8	NonTarget	1	114620
573.5	0.8	NonTarget	1	114700
573.585	0.8	NonTarget	1	114717
573.67	0.8	NonTarget	1	114734
573.75	0.8	NonTarget	1	114750
573.835	0.8	NonTarget	1	114767
573.915	0.8	NonTarget	1	114783
574.0	0.8	NonTarget	1	114800
574.085	0.8	Target	2	114817
574.17	0.8	NonTarget	1	114834
574.25	0.8	NonTarget	1	114850
574.335	0.8	NonTarget	1	114867
574.42	0.8	NonTarget	1	114884
574.5	0.8	NonTarget	1	114900
574.585	0.8	NonTarget	1	114917
574.67	0.8	NonTarget	1	114934
574.75	0.8	NonTarget	1	114950
574.835	0.8	NonTarget	1	114967
574.92	0.8	NonTarget	1	114984
575.005	0.8	NonTarget	1	115001
575.085	0.8	NonTarget	1	115017
575.17	0.8	NonTarget	1	115034
575.255	0.8	NonTarget	1	115051
575.335	0.8	NonTarget	1	115067
575.42	0.8	NonTarget	1	115084
575.505	0.8	NonTarget	1	115101
575.585	0.8	NonTarget	1	115117
575.67	0.8	NonTarget	1	115134
575.755	0.8	NonTarget	1	115151
575.84	0.8	NonTarget	1	115168
575.92	0.8	NonTarget	1	115184
576.325	0.8	NonTarget	1	115265
576.405	0.8	NonTarget	1	115281
576.49	0.8	NonTarget	1	115298
576.57	0.8	NonTarget	1	115314
576.655	0.8	NonTarget	1	115331
576.74	0.8	NonTarget	1	115348
576.82	0.8	NonTarget	1	115364
576.905	0.8	Target	2	115381
576.99	0.8	NonTarget	1	115398
577.07	0.8	NonTarget	1	115414
577.155	0.8	NonTarget	1	115431
577.24	0.8	NonTarget	1	115448
577.325	0.8	NonTarget	1	115465
577.405	0.8	NonTarget	1	115481
577.49	0.8	NonTarget	1	115498
577.575	0.8	NonTarget	1	115515
577.655	0.8	NonTarget	1	115531
577.74	0.8	NonTarget	1	115548
577.825	0.8	NonTarget	1	115565
577.91	0.8	NonTarget	1	115582
577.99	0.8	NonTarget	1	115598
578.075	0.8	NonTarget	1	115615
578.155	0.8	NonTarget	1	115631
578.24	0.8	NonTarget	1	115648
578.325	0.8	NonTarget	1	115665
578.405	0.8	NonTarget	1	115681
578.49	0.8	NonTarget	1	115698
578.575	0.8	NonTarget	1	115715
578.66	0.8	NonTarget	1	115732
578.74	0.8	NonTarget	1	115748
579.14	0.8	NonTarget	1	115828
579.225	0.8	NonTarget	1	115845
579.31	0.8	NonTarget	1	115862
579.39	0.8	NonTarget	1	115878
579.475	0.8	NonTarget	1	115895
579.56	0.8	NonTarget	1	115912
579.64	0.8	NonTarget	1	115928
579.725	0.8	NonTarget	1	115945
579.81	0.8	NonTarget	1	115962
579.89	0.8	NonTarget	1	115978
579.975	0.8	NonTarget	1	115995
580.06	0.8	NonTarget	1	116012
580.145	0.8	Target	2	116029
580.23	0.8	NonTarget	1	116046
580.31	0.8	NonTarget	1	116062
580.395	0.8	NonTarget	1	116079
580.475	0.8	NonTarget	1	116095
580.56	0.8	NonTarget	1	116112
580.645	0.8	NonTarget	1	116129
580.73	0.8	NonTarget	1	116146
580.81	0.8	NonTarget	1	116162
580.895	0.8	NonTarget	1	116179
580.98	0.8	NonTarget	1	116196
581.06	0.8	NonTarget	1	116212
581.145	0.8	NonTarget	1	116229
581.23	0.8	NonTarget	1	116246
581.31	0.8	NonTarget	1	116262
581.395	0.8	NonTarget	1	116279
581.48	0.8	NonTarget	1	116296
581.565	0.8	NonTarget	1	116313
581.96	0.8	NonTarget	1	116392
582.045	0.8	NonTarget	1	116409
582.13	0.8	NonTarget	1	116426
582.215	0.8	NonTarget	1	116443
582.3	0.8	NonTarget	1	116460
582.38	0.8	NonTarget	1	116476
582.465	0.8	NonTarget	1	116493
582.545	0.8	NonTarget	1	116509
582.63	0.8	NonTarget	1	116526
582.715	0.8	NonTarget	1	116543
582.8	0.8	NonTarget	1	116560
582.88	0.8	NonTarget	1	116576
582.965	0.8	Target	2	116593
583.05	0.8	NonTarget	1	116610
583.13	0.8	NonTarget	1	116626
583.215	0.8	NonTarget	1	116643
583.3	0.8	NonTarget	1	116660
583.38	0.8	NonTarget	1	116676
583.47	0.8	NonTarget	1	116694
583.55	0.8	NonTarget	1	116710
583.63	0.8	NonTarget	1	116726
583.715	0.8	NonTarget	1	116743
583.8	0.8	NonTarget	1	116760
583.88	0.8	NonTarget	1	116776
583.965	0.8	NonTarget	1	116793
584.05	0.8	NonTarget	1	116810
584.135	0.8	NonTarget	1	116827
584.215	0.8	NonTarget	1	116843
584.3	0.8	NonTarget	1	116860
584.38	0.8	NonTarget	1	116876
584.785	0.8	NonTarget	1	116957
584.865	0.8	NonTarget	1	116973
584.95	0.8	NonTarget	1	116990
585.035	0.8	NonTarget	1	117007
585.115	0.8	NonTarget	1	117023
585.2	0.8	NonTarget	1	117040
585.285	0.8	NonTarget	1	117057
585.365	0.8	NonTarget	1	117073
585.45	0.8	NonTarget	1	117090
585.535	0.8	NonTarget	1	117107
585.615	0.8	NonTarget	1	117123
585.7	0.8	NonTarget	1	117140
585.785	0.8	NonTarget	1	117157
585.87	0.8	NonTarget	1	117174
585.95	0.8	NonTarget	1	117190
586.035	0.8	NonTarget	1	117207
586.12	0.8	NonTarget	1	117224
586.2	0.8	Target	2	117240
586.285	0.8	NonTarget	1	117257
586.365	0.8	NonTarget	1	117273
586.45	0.8	NonTarget	1	117290
586.535	0.8	NonTarget	1	117307
586.62	0.8	NonTarget	1	117324
586.705	0.8	NonTarget	1	117341
586.785	0.8	NonTarget	1	117357
586.87	0.8	NonTarget	1	117374
586.955	0.8	NonTarget	1	117391
587.035	0.8	NonTarget	1	117407
587.12	0.8	NonTarget	1	117424
587.205	0.8	NonTarget	1	117441
595.755	0.8	NonTarget	1	119151
595.83	0.8	NonTarget	1	119166
595.915	0.8	NonTarget	1	119183
596.0	0.8	NonTarget	1	119200
596.08	0.8	NonTarget	1	119216
596.165	0.8	NonTarget	1	119233
596.25	0.8	NonTarget	1	119250
596.335	0.8	NonTarget	1	119267
596.415	0.8	NonTarget	1	119283
596.5	0.8	NonTarget	1	119300
596.585	0.8	NonTarget	1	119317
596.665	0.8	NonTarget	1	119333
596.75	0.8	NonTarget	1	119350
596.835	0.8	NonTarget	1	119367
596.915	0.8	NonTarget	1	119383
597.0	0.8	NonTarget	1	119400
597.085	0.8	NonTarget	1	119417
597.165	0.8	Target	2	119433
597.25	0.8	NonTarget	1	119450
597.335	0.8	NonTarget	1	119467
597.415	0.8	NonTarget	1	119483
597.5	0.8	NonTarget	1	119500
597.585	0.8	NonTarget	1	119517
597.67	0.8	NonTarget	1	119534
597.75	0.8	NonTarget	1	119550
597.835	0.8	NonTarget	1	119567
597.92	0.8	NonTarget	1	119584
598.0	0.8	NonTarget	1	119600
598.085	0.8	NonTarget	1	119617
598.17	0.8	NonTarget	1	119634
598.57	0.8	NonTarget	1	119714
598.65	0.8	NonTarget	1	119730
598.735	0.8	NonTarget	1	119747
598.82	0.8	NonTarget	1	119764
598.905	0.8	NonTarget	1	119781
598.985	0.8	NonTarget	1	119797
599.07	0.8	NonTarget	1	119814
599.155	0.8	NonTarget	1	119831
599.24	0.8	NonTarget	1	119848
599.32	0.8	NonTarget	1	119864
599.405	0.8	NonTarget	1	119881
599.485	0.8	NonTarget	1	119897
599.57	0.8	NonTarget	1	119914
599.655	0.8	NonTarget	1	119931
599.74	0.8	NonTarget	1	119948
599.82	0.8	NonTarget	1	119964
599.905	0.8	NonTarget	1	119981
599.99	0.8	NonTarget	1	119998
600.07	0.8	NonTarget	1	120014
600.155	0.8	NonTarget	1	120031
600.24	0.8	NonTarget	1	120048
600.32	0.8	NonTarget	1	120064
600.405	0.8	Target	2	120081
600.49	0.8	NonTarget	1	120098
600.57	0.8	NonTarget	1	120114
600.655	0.8	NonTarget	1	120131
600.74	0.8	NonTarget	1	120148
600.825	0.8	NonTarget	1	120165
600.905	0.8	NonTarget	1	120181
600.99	0.8	NonTarget	1	120198
601.39	0.8	NonTarget	1	120278
601.475	0.8	NonTarget	1	120295
601.555	0.8	Target	2	120311
601.64	0.8	NonTarget	1	120328
601.725	0.8	NonTarget	1	120345
601.81	0.8	NonTarget	1	120362
601.89	0.8	NonTarget	1	120378
601.975	0.8	NonTarget	1	120395
602.06	0.8	NonTarget	1	120412
602.145	0.8	NonTarget	1	120429
602.225	0.8	NonTarget	1	120445
602.31	0.8	NonTarget	1	120462
602.39	0.8	NonTarget	1	120478
602.475	0.8	NonTarget	1	120495
602.56	0.8	NonTarget	1	120512
602.645	0.8	NonTarget	1	120529
602.725	0.8	NonTarget	1	120545
602.81	0.8	NonTarget	1	120562
602.895	0.8	NonTarget	1	120579
602.975	0.8	NonTarget	1	120595
603.06	0.8	NonTarget	1	120612
603.14	0.8	NonTarget	1	120628
603.225	0.8	NonTarget	1	120645
603.31	0.8	NonTarget	1	120662
603.39	0.8	NonTarget	1	120678
603.475	0.8	NonTarget	1	120695
603.56	0.8	NonTarget	1	120712
603.645	0.8	NonTarget	1	120729
603.725	0.8	NonTarget	1	120745
603.81	0.8	NonTarget	1	120762
604.21	0.8	NonTarget	1	120842
604.295	0.8	NonTarget	1	120859
604.38	0.8	NonTarget	1	120876
604.46	0.8	NonTarget	1	120892
604.545	0.8	NonTarget	1	120909
604.63	0.8	NonTarget	1	120926
604.71	0.8	NonTarget	1	120942
604.795	0.8	NonTarget	1	120959
604.88	0.8	NonTarget	1	120976
604.96	0.8	NonTarget	1	120992
605.045	0.8	NonTarget	1	121009
605.13	0.8	NonTarget	1	121026
605.21	0.8	NonTarget	1	121042
605.295	0.8	NonTarget	1	121059
605.38	0.8	NonTarget	1	121076
605.46	0.8	NonTarget	1	121092
605.545	0.8	NonTarget	1	121109
605.63	0.8	NonTarget	1	121126
605.715	0.8	NonTarget	1	121143
605.795	0.8	NonTarget	1	121159
605.88	0.8	NonTarget	1	121176
605.96	0.8	NonTarget	1	121192
606.05	0.8	NonTarget	1	121210
606.13	0.8	NonTarget	1	121226
606.215	0.8	NonTarget	1	121243
606.3	0.8	NonTarget	1	121260
606.38	0.8	NonTarget	1	121276
606.465	0.8	Target	2	121293
606.55	0.8	NonTarget	1	121310
606.63	0.8	NonTarget	1	121326
607.03	0.8	NonTarget	1	121406
607.115	0.8	NonTarget	1	121423
607.2	0.8	NonTarget	1	121440
607.28	0.8	NonTarget	1	121456
607.365	0.8	NonTarget	1	121473
607.445	0.8	NonTarget	1	121489
607.53	0.8	NonTarget	1	121506
607.615	0.8	NonTarget	1	121523
607.7	0.8	NonTarget	1	121540
607.78	0.8	NonTarget	1	121556
607.865	0.8	NonTarget	1	121573
607.95	0.8	NonTarget	1	121590
608.035	0.8	NonTarget	1	121607
608.115	0.8	NonTarget	1	121623
608.2	0.8	NonTarget	1	121640
608.285	0.8	NonTarget	1	121657
608.365	0.8	NonTarget	1	121673
608.45	0.8	NonTarget	1	121690
608.535	0.8	NonTarget	1	121707
608.615	0.8	NonTarget	1	121723
608.7	0.8	NonTarget	1	121740
608.785	0.8	NonTarget	1	121757
608.865	0.8	NonTarget	1	121773
608.95	0.8	NonTarget	1	121790
609.035	0.8	NonTarget	1	121807
609.115	0.8	NonTarget	1	121823
609.2	0.8	NonTarget	1	121840
609.285	0.8	Target	2	121857
609.37	0.8	NonTarget	1	121874
609.45	0.8	NonTarget	1	121890
609.85	0.8	NonTarget	1	121970
609.935	0.8	NonTarget	1	121987
610.02	0.8	Target	2	122004
610.105	0.8	NonTarget	1	122021
610.19	0.8	NonTarget	1	122038
610.27	0.8	NonTarget	1	122054
610.355	0.8	NonTarget	1	122071
610.435	0.8	NonTarget	1	122087
610.52	0.8	NonTarget	1	122104
610.605	0.8	NonTarget	1	122121
610.685	0.8	NonTarget	1	122137
610.77	0.8	NonTarget	1	122154
610.855	0.8	NonTarget	1	122171
610.94	0.8	NonTarget	1	122188
611.02	0.8	NonTarget	1	122204
611.105	0.8	NonTarget	1	122221
611.185	0.8	NonTarget	1	122237
611.27	0.8	NonTarget	1	122254
611.355	0.8	NonTarget	1	122271
611.44	0.8	NonTarget	1	122288
611.52	0.8	NonTarget	1	122304
611.605	0.8	NonTarget	1	122321
611.69	0.8	NonTarget	1	122338
611.77	0.8	NonTarget	1	122354
611.855	0.8	NonTarget	1	122371
611.94	0.8	NonTarget	1	122388
612.02	0.8	NonTarget	1	122404
612.105	0.8	NonTarget	1	122421
612.19	0.8	NonTarget	1	122438
612.27	0.8	NonTarget	1	122454
612.675	0.8	NonTarget	1	122535
612.755	0.8	NonTarget	1	122551
612.84	0.8	NonTarget	1	122568
612.925	0.8	NonTarget	1	122585
613.005	0.8	NonTarget	1	122601
613.09	0.8	NonTarget	1	122618
613.175	0.8	NonTarget	1	122635
613.26	0.8	Target	2	122652
613.34	0.8	NonTarget	1	122668
613.425	0.8	NonTarget	1	122685
613.51	0.8	NonTarget	1	122702
613.59	0.8	NonTarget	1	122718
613.675	0.8	NonTarget	1	122735
613.76	0.8	NonTarget	1	122752
613.84	0.8	NonTarget	1	122768
613.925	0.8	NonTarget	1	122785
614.01	0.8	NonTarget	1	122802
614.09	0.8	NonTarget	1	122818
614.175	0.8	NonTarget	1	122835
614.26	0.8	NonTarget	1	122852
614.34	0.8	NonTarget	1	122868
614.425	0.8	NonTarget	1	122885
614.51	0.8	NonTarget	1	122902
614.595	0.8	NonTarget	1	122919
614.675	0.8	NonTarget	1	122935
614.76	0.8	NonTarget	1	122952
614.84	0.8	NonTarget	1	122968
614.925	0.8	NonTarget	1	122985
615.01	0.8	NonTarget	1	123002
615.09	0.8	NonTarget	1	123018
615.495	0.8	NonTarget	1	123099
615.575	0.8	NonTarget	1	123115
615.66	0.8	NonTarget	1	123132
615.745	0.8	NonTarget	1	123149
615.825	0.8	NonTarget	1	123165
615.91	0.8	NonTarget	1	123182
615.995	0.8	NonTarget	1	123199
616.075	0.8	NonTarget	1	123215
616.16	0.8	NonTarget	1	123232
616.245	0.8	NonTarget	1	123249
616.33	0.8	NonTarget	1	123266
616.41	0.8	NonTarget	1	123282
616.495	0.8	NonTarget	1	123299
616.58	0.8	NonTarget	1	123316
616.66	0.8	NonTarget	1	123332
616.745	0.8	NonTarget	1	123349
616.83	0.8	NonTarget	1	123366
616.915	0.8	NonTarget	1	123383
616.995	0.8	NonTarget	1	123399
617.08	0.8	NonTarget	1	123416
617.16	0.8	NonTarget	1	123432
617.245	0.8	NonTarget	1	123449
617.33	0.8	Target	2	123466
617.415	0.8	NonTarget	1	123483
617.495	0.8	NonTarget	1	123499
617.58	0.8	NonTarget	1	123516
617.665	0.8	NonTarget	1	123533
617.745	0.8	NonTarget	1	123549
617.83	0.8	NonTarget	1	123566
617.915	0.8	NonTarget	1	123583
618.315	0.8	NonTarget	1	123663
618.4	0.8	NonTarget	1	123680
618.48	0.8	Target	2	123696
618.565	0.8	NonTarget	1	123713
618.65	0.8	NonTarget	1	123730
618.73	0.8	NonTarget	1	123746
618.815	0.8	NonTarget	1	123763
618.9	0.8	NonTarget	1	123780
618.98	0.8	NonTarget	1	123796
619.065	0.8	NonTarget	1	123813
619.15	0.8	NonTarget	1	123830
619.23	0.8	NonTarget	1	123846
619.315	0.8	NonTarget	1	123863
619.4	0.8	NonTarget	1	123880
619.48	0.8	NonTarget	1	123896
619.565	0.8	NonTarget	1	123913
619.65	0.8	NonTarget	1	123930
619.73	0.8	NonTarget	1	123946
619.815	0.8	NonTarget	1	123963
619.9	0.8	NonTarget	1	123980
619.985	0.8	NonTarget	1	123997
620.065	0.8	NonTarget	1	124013
620.15	0.8	NonTarget	1	124030
620.235	0.8	NonTarget	1	124047
620.315	0.8	NonTarget	1	124063
620.4	0.8	NonTarget	1	124080
620.485	0.8	NonTarget	1	124097
620.57	0.8	NonTarget	1	124114
620.65	0.8	NonTarget	1	124130
620.735	0.8	NonTarget	1	124147
621.135	0.8	NonTarget	1	124227
621.22	0.8	NonTarget	1	124244
621.3	0.8	NonTarget	1	124260
621.385	0.8	NonTarget	1	124277
621.465	0.8	NonTarget	1	124293
621.55	0.8	NonTarget	1	124310
621.635	0.8	NonTarget	1	124327
621.72	0.8	NonTarget	1	124344
621.805	0.8	NonTarget	1	124361
621.885	0.8	NonTarget	1	124377
621.97	0.8	NonTarget	1	124394
622.055	0.8	NonTarget	1	124411
622.14	0.8	NonTarget	1	124428
622.22	0.8	NonTarget	1	124444
622.305	0.8	NonTarget	1	124461
622.385	0.8	NonTarget	1	124477
622.47	0.8	NonTarget	1	124494
622.555	0.8	NonTarget	1	124511
622.635	0.8	NonTarget	1	124527
622.72	0.8	NonTarget	1	124544
622.805	0.8	NonTarget	1	124561
622.885	0.8	NonTarget	1	124577
622.97	0.8	Target	2	124594
623.055	0.8	NonTarget	1	124611
623.14	0.8	NonTarget	1	124628
623.22	0.8	NonTarget	1	124644
623.305	0.8	NonTarget	1	124661
623.39	0.8	NonTarget	1	124678
623.47	0.8	NonTarget	1	124694
623.555	0.8	NonTarget	1	124711
632.105	0.8	NonTarget	1	126421
632.185	0.8	NonTarget	1	126437
632.265	0.8	NonTarget	1	126453
632.35	0.8	NonTarget	1	126470
632.435	0.8	NonTarget	1	126487
632.52	0.8	NonTarget	1	126504
632.6	0.8	NonTarget	1	126520
632.685	0.8	NonTarget	1	126537
632.77	0.8	NonTarget	1	126554
632.855	0.8	NonTarget	1	126571
632.935	0.8	NonTarget	1	126587
633.02	0.8	NonTarget	1	126604
633.1	0.8	NonTarget	1	126620
633.185	0.8	NonTarget	1	126637
633.27	0.8	NonTarget	1	126654
633.35	0.8	NonTarget	1	126670
633.435	0.8	NonTarget	1	126687
633.52	0.8	NonTarget	1	126704
633.605	0.8	NonTarget	1	126721
633.685	0.8	NonTarget	1	126737
633.77	0.8	NonTarget	1	126754
633.855	0.8	NonTarget	1	126771
633.935	0.8	NonTarget	1	126787
634.02	0.8	Target	2	126804
634.105	0.8	NonTarget	1	126821
634.185	0.8	NonTarget	1	126837
634.27	0.8	NonTarget	1	126854
634.355	0.8	NonTarget	1	126871
634.435	0.8	NonTarget	1	126887
634.52	0.8	NonTarget	1	126904
634.92	0.8	NonTarget	1	126984
635.005	0.8	NonTarget	1	127001
635.085	0.8	NonTarget	1	127017
635.17	0.8	NonTarget	1	127034
635.255	0.8	NonTarget	1	127051
635.34	0.8	NonTarget	1	127068
635.42	0.8	NonTarget	1	127084
635.505	0.8	NonTarget	1	127101
635.59	0.8	NonTarget	1	127118
635.67	0.8	NonTarget	1	127134
635.755	0.8	NonTarget	1	127151
635.84	0.8	NonTarget	1	127168
635.925	0.8	NonTarget	1	127185
636.005	0.8	Target	2	127201
636.09	0.8	NonTarget	1	127218
636.175	0.8	NonTarget	1	127235
636.255	0.8	NonTarget	1	127251
636.34	0.8	NonTarget	1	127268
636.425	0.8	NonTarget	1	127285
636.505	0.8	NonTarget	1	127301
636.59	0.8	NonTarget	1	127318
636.675	0.8	NonTarget	1	127335
636.755	0.8	NonTarget	1	127351
636.84	0.8	NonTarget	1	127368
636.925	0.8	NonTarget	1	127385
637.005	0.8	NonTarget	1	127401
637.09	0.8	NonTarget	1	127418
637.175	0.8	NonTarget	1	127435
637.26	0.8	NonTarget	1	127452
637.34	0.8	NonTarget	1	127468
637.74	0.8	NonTarget	1	127548
637.825	0.8	NonTarget	1	127565
637.91	0.8	NonTarget	1	127582
637.99	0.8	NonTarget	1	127598
638.075	0.8	NonTarget	1	127615
638.16	0.8	NonTarget	1	127632
638.24	0.8	NonTarget	1	127648
638.325	0.8	NonTarget	1	127665
638.41	0.8	NonTarget	1	127682
638.495	0.8	NonTarget	1	127699
638.575	0.8	NonTarget	1	127715
638.66	0.8	NonTarget	1	127732
638.745	0.8	NonTarget	1	127749
638.83	0.8	NonTarget	1	127766
638.91	0.8	NonTarget	1	127782
638.995	0.8	NonTarget	1	127799
639.075	0.8	NonTarget	1	127815
639.16	0.8	NonTarget	1	127832
639.245	0.8	NonTarget	1	127849
639.325	0.8	NonTarget	1	127865
639.41	0.8	NonTarget	1	127882
639.495	0.8	NonTarget	1	127899
639.58	0.8	NonTarget	1	127916
639.66	0.8	Target	2	127932
639.745	0.8	NonTarget	1	127949
639.825	0.8	NonTarget	1	127965
639.91	0.8	NonTarget	1	127982
639.995	0.8	NonTarget	1	127999
640.08	0.8	NonTarget	1	128016
640.16	0.8	NonTarget	1	128032
640.565	0.8	NonTarget	1	128113
640.645	0.8	NonTarget	1	128129
640.73	0.8	NonTarget	1	128146
640.815	0.8	NonTarget	1	128163
640.895	0.8	NonTarget	1	128179
640.98	0.8	NonTarget	1	128196
641.065	0.8	NonTarget	1	128213
641.145	0.8	NonTarget	1	128229
641.23	0.8	NonTarget	1	128246
641.315	0.8	NonTarget	1	128263
641.4	0.8	NonTarget	1	128280
641.48	0.8	NonTarget	1	128296
641.565	0.8	NonTarget	1	128313
641.645	0.8	NonTarget	1	128329
641.73	0.8	NonTarget	1	128346
641.815	0.8	NonTarget	1	128363
641.9	0.8	NonTarget	1	128380
641.98	0.8	NonTarget	1	128396
642.065	0.8	Target	2	128413
642.15	0.8	NonTarget	1	128430
642.23	0.8	NonTarget	1	128446
642.315	0.8	NonTarget	1	128463
642.4	0.8	NonTarget	1	128480
642.48	0.8	NonTarget	1	128496
642.565	0.8	NonTarget	1	128513
642.65	0.8	NonTarget	1	128530
642.73	0.8	NonTarget	1	128546
642.815	0.8	NonTarget	1	128563
642.9	0.8	NonTarget	1	128580
642.985	0.8	NonTarget	1	128597
643.38	0.8	NonTarget	1	128676
643.465	0.8	NonTarget	1	128693
643.55	0.8	NonTarget	1	128710
643.635	0.8	NonTarget	1	128727
643.715	0.8	NonTarget	1	128743
643.8	0.8	NonTarget	1	128760
643.885	0.8	NonTarget	1	128777
643.965	0.8	NonTarget	1	128793
644.05	0.8	NonTarget	1	128810
644.135	0.8	NonTarget	1	128827
644.22	0.8	NonTarget	1	128844
644.3	0.8	NonTarget	1	128860
644.385	0.8	NonTarget	1	128877
644.47	0.8	NonTarget	1	128894
644.55	0.8	NonTarget	1	128910
644.635	0.8	NonTarget	1	128927
644.72	0.8	NonTarget	1	128944
644.8	0.8	NonTarget	1	128960
644.885	0.8	NonTarget	1	128977
644.97	0.8	NonTarget	1	128994
645.05	0.8	NonTarget	1	129010
645.135	0.8	NonTarget	1	129027
645.22	0.8	NonTarget	1	129044
645.3	0.8	Target	2	129060
645.385	0.8	NonTarget	1	129077
645.47	0.8	NonTarget	1	129094
645.555	0.8	NonTarget	1	129111
645.635	0.8	NonTarget	1	129127
645.72	0.8	NonTarget	1	129144
645.805	0.8	NonTarget	1	129161
646.2	0.8	NonTarget	1	129240
646.29	0.8	NonTarget	1	129258
646.37	0.8	NonTarget	1	129274
646.455	0.8	NonTarget	1	129291
646.54	0.8	NonTarget	1	129308
646.62	0.8	NonTarget	1	129324
646.705	0.8	NonTarget	1	129341
646.79	0.8	NonTarget	1	129358
646.87	0.8	NonTarget	1	129374
646.955	0.8	NonTarget	1	129391
647.04	0.8	NonTarget	1	129408
647.12	0.8	NonTarget	1	129424
647.205	0.8	NonTarget	1	129441
647.29	0.8	NonTarget	1	129458
647.37	0.8	NonTarget	1	129474
647.455	0.8	NonTarget	1	129491
647.54	0.8	NonTarget	1	129508
647.62	0.8	NonTarget	1	129524
647.705	0.8	NonTarget	1	129541
647.79	0.8	NonTarget	1	129558
647.875	0.8	NonTarget	1	129575
647.955	0.8	NonTarget	1	129591
648.04	0.8	NonTarget	1	129608
648.125	0.8	Target	2	129625
648.205	0.8	NonTarget	1	129641
648.29	0.8	NonTarget	1	129658
648.375	0.8	NonTarget	1	129675
648.455	0.8	NonTarget	1	129691
648.54	0.8	NonTarget	1	129708
648.625	0.8	NonTarget	1	129725
649.025	0.8	NonTarget	1	129805
649.11	0.8	NonTarget	1	129822
649.19	0.8	NonTarget	1	129838
649.275	0.8	NonTarget	1	129855
649.36	0.8	NonTarget	1	129872
649.44	0.8	NonTarget	1	129888
649.525	0.8	NonTarget	1	129905
649.61	0.8	NonTarget	1	129922
649.69	0.8	NonTarget	1	129938
649.775	0.8	NonTarget	1	129955
649.86	0.8	NonTarget	1	129972
649.94	0.8	NonTarget	1	129988
650.025	0.8	NonTarget	1	130005
650.11	0.8	NonTarget	1	130022
650.19	0.8	NonTarget	1	130038
650.275	0.8	NonTarget	1	130055
650.36	0.8	NonTarget	1	130072
650.445	0.8	NonTarget	1	130089
650.53	0.8	NonTarget	1	130106
650.61	0.8	NonTarget	1	130122
650.695	0.8	NonTarget	1	130139
650.775	0.8	NonTarget	1	130155
650.86	0.8	NonTarget	1	130172
650.945	0.8	NonTarget	1	130189
651.025	0.8	NonTarget	1	130205
651.11	0.8	NonTarget	1	130222
651.195	0.8	NonTarget	1	130239
651.275	0.8	NonTarget	1	130255
651.36	0.8	Target	2	130272
651.445	0.8	NonTarget	1	130289
651.845	0.8	NonTarget	1	130369
651.93	0.8	NonTarget	1	130386
652.01	0.8	NonTarget	1	130402
652.095	0.8	Target	2	130419
652.18	0.8	NonTarget	1	130436
652.26	0.8	NonTarget	1	130452
652.345	0.8	NonTarget	1	130469
652.43	0.8	NonTarget	1	130486
652.515	0.8	NonTarget	1	130503
652.595	0.8	NonTarget	1	130519
652.68	0.8	NonTarget	1	130536
652.76	0.8	NonTarget	1	130552
652.845	0.8	NonTarget	1	130569
652.93	0.8	NonTarget	1	130586
653.015	0.8	NonTarget	1	130603
653.095	0.8	NonTarget	1	130619
653.18	0.8	NonTarget	1	130636
653.265	0.8	NonTarget	1	130653
653.345	0.8	NonTarget	1	130669
653.43	0.8	NonTarget	1	130686
653.515	0.8	NonTarget	1	130703
653.6	0.8	NonTarget	1	130720
653.68	0.8	NonTarget	1	130736
653.765	0.8	NonTarget	1	130753
653.845	0.8	NonTarget	1	130769
653.93	0.8	NonTarget	1	130786
654.015	0.8	NonTarget	1	130803
654.1	0.8	NonTarget	1	130820
654.18	0.8	NonTarget	1	130836
654.265	0.8	NonTarget	1	130853
654.665	0.8	NonTarget	1	130933
654.75	0.8	NonTarget	1	130950
654.835	0.8	NonTarget	1	130967
654.915	0.8	Target	2	130983
655.0	0.8	NonTarget	1	131000
655.085	0.8	NonTarget	1	131017
655.165	0.8	NonTarget	1	131033
655.25	0.8	NonTarget	1	131050
655.335	0.8	NonTarget	1	131067
655.415	0.8	NonTarget	1	131083
655.5	0.8	NonTarget	1	131100
655.585	0.8	NonTarget	1	131117
655.665	0.8	NonTarget	1	131133
655.75	0.8	NonTarget	1	131150
655.835	0.8	NonTarget	1	131167
655.915	0.8	NonTarget	1	131183
656.0	0.8	NonTarget	1	131200
656.085	0.8	NonTarget	1	131217
656.17	0.8	NonTarget	1	131234
656.25	0.8	NonTarget	1	131250
656.335	0.8	NonTarget	1	131267
656.415	0.8	NonTarget	1	131283
656.5	0.8	NonTarget	1	131300
656.585	0.8	NonTarget	1	131317
656.67	0.8	NonTarget	1	131334
656.755	0.8	NonTarget	1	131351
656.835	0.8	NonTarget	1	131367
656.92	0.8	NonTarget	1	131384
657.005	0.8	NonTarget	1	131401
657.085	0.8	NonTarget	1	131417
657.485	0.8	NonTarget	1	131497
657.57	0.8	NonTarget	1	131514
657.655	0.8	NonTarget	1	131531
657.735	0.8	NonTarget	1	131547
657.82	0.8	NonTarget	1	131564
657.905	0.8	NonTarget	1	131581
657.985	0.8	NonTarget	1	131597
658.07	0.8	NonTarget	1	131614
658.155	0.8	Target	2	131631
658.235	0.8	NonTarget	1	131647
658.32	0.8	NonTarget	1	131664
658.405	0.8	NonTarget	1	131681
658.49	0.8	NonTarget	1	131698
658.57	0.8	NonTarget	1	131714
658.655	0.8	NonTarget	1	131731
658.74	0.8	NonTarget	1	131748
658.82	0.8	NonTarget	1	131764
658.905	0.8	NonTarget	1	131781
658.99	0.8	NonTarget	1	131798
659.07	0.8	NonTarget	1	131814
659.155	0.8	NonTarget	1	131831
659.24	0.8	NonTarget	1	131848
659.32	0.8	NonTarget	1	131864
659.405	0.8	NonTarget	1	131881
659.49	0.8	NonTarget	1	131898
659.575	0.8	NonTarget	1	131915
659.655	0.8	NonTarget	1	131931
659.74	0.8	NonTarget	1	131948
659.825	0.8	NonTarget	1	131965
659.905	0.8	NonTarget	1	131981
668.455	0.8	NonTarget	1	133691
668.535	0.8	NonTarget	1	133707
668.62	0.8	NonTarget	1	133724
668.7	0.8	NonTarget	1	133740
668.785	0.8	NonTarget	1	133757
668.87	0.8	NonTarget	1	133774
668.955	0.8	Target	2	133791
669.035	0.8	NonTarget	1	133807
669.12	0.8	NonTarget	1	133824
669.205	0.8	NonTarget	1	133841
669.285	0.8	NonTarget	1	133857
669.37	0.8	NonTarget	1	133874
669.455	0.8	NonTarget	1	133891
669.54	0.8	NonTarget	1	133908
669.62	0.8	NonTarget	1	133924
669.705	0.8	NonTarget	1	133941
669.79	0.8	NonTarget	1	133958
669.87	0.8	NonTarget	1	133974
669.955	0.8	NonTarget	1	133991
670.035	0.8	NonTarget	1	134007
670.12	0.8	NonTarget	1	134024
670.205	0.8	NonTarget	1	134041
670.29	0.8	NonTarget	1	134058
670.37	0.8	NonTarget	1	134074
670.455	0.8	NonTarget	1	134091
670.54	0.8	NonTarget	1	134108
670.62	0.8	NonTarget	1	134124
670.705	0.8	NonTarget	1	134141
670.79	0.8	NonTarget	1	134158
670.875	0.8	NonTarget	1	134175
671.275	0.8	NonTarget	1	134255
671.355	0.8	Target	2	134271
671.44	0.8	NonTarget	1	134288
671.525	0.8	NonTarget	1	134305
671.605	0.8	NonTarget	1	134321
671.69	0.8	NonTarget	1	134338
671.775	0.8	NonTarget	1	134355
671.855	0.8	NonTarget	1	134371
671.94	0.8	NonTarget	1	134388
672.025	0.8	NonTarget	1	134405
672.105	0.8	NonTarget	1	134421
672.19	0.8	NonTarget	1	134438
672.275	0.8	NonTarget	1	134455
672.36	0.8	NonTarget	1	134472
672.44	0.8	NonTarget	1	134488
672.525	0.8	NonTarget	1	134505
672.605	0.8	NonTarget	1	134521
672.69	0.8	NonTarget	1	134538
672.775	0.8	NonTarget	1	134555
672.86	0.8	NonTarget	1	134572
672.94	0.8	NonTarget	1	134588
673.025	0.8	NonTarget	1	134605
673.11	0.8	NonTarget	1	134622
673.19	0.8	NonTarget	1	134638
673.275	0.8	NonTarget	1	134655
673.36	0.8	NonTarget	1	134672
673.44	0.8	NonTarget	1	134688
673.525	0.8	NonTarget	1	134705
673.61	0.8	NonTarget	1	134722
673.695	0.8	NonTarget	1	134739
674.09	0.8	NonTarget	1	134818
674.175	0.8	NonTarget	1	134835
674.26	0.8	NonTarget	1	134852
674.345	0.8	NonTarget	1	134869
674.425	0.8	NonTarget	1	134885
674.51	0.8	NonTarget	1	134902
674.595	0.8	NonTarget	1	134919
674.675	0.8	NonTarget	1	134935
674.76	0.8	NonTarget	1	134952
674.845	0.8	NonTarget	1	134969
674.93	0.8	NonTarget	1	134986
675.01	0.8	NonTarget	1	135002
675.095	0.8	NonTarget	1	135019
675.18	0.8	NonTarget	1	135036
675.26	0.8	NonTarget	1	135052
675.345	0.8	NonTarget	1	135069
675.43	0.8	NonTarget	1	135086
675.51	0.8	NonTarget	1	135102
675.595	0.8	NonTarget	1	135119
675.68	0.8	NonTarget	1	135136
675.765	0.8	NonTarget	1	135153
675.845	0.8	Target	2	135169
675.93	0.8	NonTarget	1	135186
676.015	0.8	NonTarget	1	135203
676.095	0.8	NonTarget	1	135219
676.18	0.8	NonTarget	1	135236
676.265	0.8	NonTarget	1	135253
676.345	0.8	NonTarget	1	135269
676.43	0.8	NonTarget	1	135286
676.515	0.8	NonTarget	1	135303
676.915	0.8	NonTarget	1	135383
676.995	0.8	Target	2	135399
677.08	0.8	NonTarget	1	135416
677.165	0.8	NonTarget	1	135433
677.245	0.8	NonTarget	1	135449
677.33	0.8	NonTarget	1	135466
677.415	0.8	NonTarget	1	135483
677.5	0.8	NonTarget	1	135500
677.58	0.8	NonTarget	1	135516
677.665	0.8	NonTarget	1	135533
677.75	0.8	NonTarget	1	135550
677.83	0.8	NonTarget	1	135566
677.915	0.8	NonTarget	1	135583
678.0	0.8	NonTarget	1	135600
678.08	0.8	NonTarget	1	135616
678.165	0.8	NonTarget	1	135633
678.25	0.8	NonTarget	1	135650
678.33	0.8	NonTarget	1	135666
678.415	0.8	NonTarget	1	135683
678.5	0.8	NonTarget	1	135700
678.585	0.8	NonTarget	1	135717
678.665	0.8	NonTarget	1	135733
678.75	0.8	NonTarget	1	135750
678.835	0.8	NonTarget	1	135767
678.915	0.8	NonTarget	1	135783
679.0	0.8	NonTarget	1	135800
679.085	0.8	NonTarget	1	135817
679.165	0.8	NonTarget	1	135833
679.25	0.8	NonTarget	1	135850
679.335	0.8	NonTarget	1	135867
679.735	0.8	NonTarget	1	135947
679.82	0.8	Target	2	135964
679.9	0.8	NonTarget	1	135980
679.985	0.8	NonTarget	1	135997
680.07	0.8	NonTarget	1	136014
680.15	0.8	NonTarget	1	136030
680.235	0.8	NonTarget	1	136047
680.32	0.8	NonTarget	1	136064
680.4	0.8	NonTarget	1	136080
680.485	0.8	NonTarget	1	136097
680.57	0.8	NonTarget	1	136114
680.655	0.8	NonTarget	1	136131
680.735	0.8	NonTarget	1	136147
680.82	0.8	NonTarget	1	136164
680.905	0.8	NonTarget	1	136181
680.99	0.8	NonTarget	1	136198
681.07	0.8	NonTarget	1	136214
681.155	0.8	NonTarget	1	136231
681.235	0.8	NonTarget	1	136247
681.32	0.8	NonTarget	1	136264
681.405	0.8	NonTarget	1	136281
681.485	0.8	NonTarget	1	136297
681.57	0.8	NonTarget	1	136314
681.655	0.8	NonTarget	1	136331
681.735	0.8	NonTarget	1	136347
681.82	0.8	NonTarget	1	136364
681.905	0.8	NonTarget	1	136381
681.99	0.8	NonTarget	1	136398
682.07	0.8	NonTarget	1	136414
682.155	0.8	NonTarget	1	136431
682.555	0.8	NonTarget	1	136511
682.64	0.8	NonTarget	1	136528
682.725	0.8	NonTarget	1	136545
682.805	0.8	NonTarget	1	136561
682.89	0.8	NonTarget	1	136578
682.97	0.8	NonTarget	1	136594
683.055	0.8	Target	2	136611
683.14	0.8	NonTarget	1	136628
683.225	0.8	NonTarget	1	136645
683.31	0.8	NonTarget	1	136662
683.39	0.8	NonTarget	1	136678
683.475	0.8	NonTarget	1	136695
683.555	0.8	NonTarget	1	136711
683.64	0.8	NonTarget	1	136728
683.725	0.8	NonTarget	1	136745
683.805	0.8	NonTarget	1	136761
683.89	0.8	NonTarget	1	136778
683.975	0.8	NonTarget	1	136795
684.06	0.8	NonTarget	1	136812
684.14	0.8	NonTarget	1	136828
684.225	0.8	NonTarget	1	136845
684.31	0.8	NonTarget	1	136862
684.39	0.8	NonTarget	1	136878
684.475	0.8	NonTarget	1	136895
684.56	0.8	NonTarget	1	136912
684.64	0.8	NonTarget	1	136928
684.725	0.8	NonTarget	1	136945
684.81	0.8	NonTarget	1	136962
684.895	0.8	NonTarget	1	136979
684.975	0.8	NonTarget	1	136995
685.375	0.8	NonTarget	1	137075
685.46	0.8	NonTarget	1	137092
685.545	0.8	NonTarget	1	137109
685.625	0.8	NonTarget	1	137125
685.71	0.8	NonTarget	1	137142
685.795	0.8	NonTarget	1	137159
685.875	0.8	NonTarget	1	137175
685.96	0.8	NonTarget	1	137192
686.045	0.8	NonTarget	1	137209
686.125	0.8	NonTarget	1	137225
686.21	0.8	NonTarget	1	137242
686.295	0.8	NonTarget	1	137259
686.375	0.8	NonTarget	1	137275
686.46	0.8	NonTarget	1	137292
686.545	0.8	NonTarget	1	137309
686.625	0.8	NonTarget	1	137325
686.71	0.8	Target	2	137342
686.795	0.8	NonTarget	1	137359
686.88	0.8	NonTarget	1	137376
686.96	0.8	NonTarget	1	137392
687.045	0.8	NonTarget	1	137409
687.13	0.8	NonTarget	1	137426
687.21	0.8	NonTarget	1	137442
687.295	0.8	NonTarget	1	137459
687.38	0.8	NonTarget	1	137476
687.46	0.8	NonTarget	1	137492
687.545	0.8	NonTarget	1	137509
687.63	0.8	NonTarget	1	137526
687.71	0.8	NonTarget	1	137542
687.795	0.8	NonTarget	1	137559
688.195	0.8	NonTarget	1	137639
688.28	0.8	NonTarget	1	137656
688.365	0.8	NonTarget	1	137673
688.45	0.8	NonTarget	1	137690
688.53	0.8	NonTarget	1	137706
688.61	0.8	NonTarget	1	137722
688.695	0.8	NonTarget	1	137739
688.78	0.8	NonTarget	1	137756
688.865	0.8	NonTarget	1	137773
688.945	0.8	NonTarget	1	137789
689.03	0.8	NonTarget	1	137806
689.115	0.8	NonTarget	1	137823
689.2	0.8	NonTarget	1	137840
689.28	0.8	NonTarget	1	137856
689.365	0.8	NonTarget	1	137873
689.45	0.8	NonTarget	1	137890
689.53	0.8	Target	2	137906
689.615	0.8	NonTarget	1	137923
689.7	0.8	NonTarget	1	137940
689.785	0.8	NonTarget	1	137957
689.865	0.8	NonTarget	1	137973
689.95	0.8	NonTarget	1	137990
690.03	0.8	NonTarget	1	138006
690.115	0.8	NonTarget	1	138023
690.2	0.8	NonTarget	1	138040
690.285	0.8	NonTarget	1	138057
690.365	0.8	NonTarget	1	138073
690.45	0.8	NonTarget	1	138090
690.535	0.8	NonTarget	1	138107
690.615	0.8	NonTarget	1	138123
691.015	0.8	NonTarget	1	138203
691.1	0.8	Target	2	138220
691.185	0.8	NonTarget	1	138237
691.27	0.8	NonTarget	1	138254
691.35	0.8	NonTarget	1	138270
691.435	0.8	NonTarget	1	138287
691.515	0.8	NonTarget	1	138303
691.6	0.8	NonTarget	1	138320
691.685	0.8	NonTarget	1	138337
691.77	0.8	NonTarget	1	138354
691.85	0.8	NonTarget	1	138370
691.935	0.8	NonTarget	1	138387
692.02	0.8	NonTarget	1	138404
692.105	0.8	NonTarget	1	138421
692.185	0.8	NonTarget	1	138437
692.27	0.8	NonTarget	1	138454
692.355	0.8	NonTarget	1	138471
692.435	0.8	NonTarget	1	138487
692.52	0.8	NonTarget	1	138504
692.605	0.8	NonTarget	1	138521
692.685	0.8	NonTarget	1	138537
692.77	0.8	NonTarget	1	138554
692.855	0.8	NonTarget	1	138571
692.935	0.8	NonTarget	1	138587
693.02	0.8	NonTarget	1	138604
693.105	0.8	NonTarget	1	138621
693.185	0.8	NonTarget	1	138637
693.27	0.8	NonTarget	1	138654
693.355	0.8	NonTarget	1	138671
693.435	0.8	NonTarget	1	138687
693.84	0.8	NonTarget	1	138768
693.92	0.8	NonTarget	1	138784
694.005	0.8	NonTarget	1	138801
694.09	0.8	NonTarget	1	138818
694.175	0.8	NonTarget	1	138835
694.255	0.8	NonTarget	1	138851
694.34	0.8	NonTarget	1	138868
694.425	0.8	NonTarget	1	138885
694.505	0.8	NonTarget	1	138901
694.59	0.8	NonTarget	1	138918
694.67	0.8	NonTarget	1	138934
694.755	0.8	NonTarget	1	138951
694.84	0.8	NonTarget	1	138968
694.925	0.8	NonTarget	1	138985
695.005	0.8	NonTarget	1	139001
695.09	0.8	NonTarget	1	139018
695.17	0.8	NonTarget	1	139034
695.255	0.8	NonTarget	1	139051
695.34	0.8	NonTarget	1	139068
695.425	0.8	NonTarget	1	139085
695.505	0.8	NonTarget	1	139101
695.59	0.8	Target	2	139118
695.675	0.8	NonTarget	1	139135
695.76	0.8	NonTarget	1	139152
695.84	0.8	NonTarget	1	139168
695.925	0.8	NonTarget	1	139185
696.01	0.8	NonTarget	1	139202
696.09	0.8	NonTarget	1	139218
696.175	0.8	NonTarget	1	139235
696.255	0.8	NonTarget	1	139251
704.825	0.8	Target	2	140965
704.905	0.8	NonTarget	1	140981
704.985	0.8	NonTarget	1	140997
705.07	0.8	NonTarget	1	141014
705.155	0.8	NonTarget	1	141031
705.24	0.8	NonTarget	1	141048
705.32	0.8	NonTarget	1	141064
705.405	0.8	NonTarget	1	141081
705.49	0.8	NonTarget	1	141098
705.57	0.8	NonTarget	1	141114
705.655	0.8	NonTarget	1	141131
705.74	0.8	NonTarget	1	141148
705.82	0.8	NonTarget	1	141164
705.905	0.8	NonTarget	1	141181
705.99	0.8	NonTarget	1	141198
706.07	0.8	NonTarget	1	141214
706.155	0.8	NonTarget	1	141231
706.24	0.8	NonTarget	1	141248
706.32	0.8	NonTarget	1	141264
706.405	0.8	NonTarget	1	141281
706.49	0.8	NonTarget	1	141298
706.57	0.8	NonTarget	1	141314
706.655	0.8	NonTarget	1	141331
706.74	0.8	NonTarget	1	141348
706.82	0.8	NonTarget	1	141364
706.905	0.8	NonTarget	1	141381
706.99	0.8	NonTarget	1	141398
707.075	0.8	NonTarget	1	141415
707.155	0.8	NonTarget	1	141431
707.24	0.8	NonTarget	1	141448
707.64	0.8	NonTarget	1	141528
707.725	0.8	NonTarget	1	141545
707.81	0.8	NonTarget	1	141562
707.89	0.8	NonTarget	1	141578
707.975	0.8	NonTarget	1	141595
708.055	0.8	NonTarget	1	141611
708.14	0.8	NonTarget	1	141628
708.225	0.8	NonTarget	1	141645
708.31	0.8	NonTarget	1	141662
708.39	0.8	NonTarget	1	141678
708.475	0.8	NonTarget	1	141695
708.56	0.8	NonTarget	1	141712
708.64	0.8	NonTarget	1	141728
708.725	0.8	NonTarget	1	141745
708.81	0.8	NonTarget	1	141762
708.895	0.8	NonTarget	1	141779
708.975	0.8	NonTarget	1	141795
709.06	0.8	NonTarget	1	141812
709.145	0.8	NonTarget	1	141829
709.225	0.8	NonTarget	1	141845
709.31	0.8	NonTarget	1	141862
709.395	0.8	NonTarget	1	141879
709.475	0.8	NonTarget	1	141895
709.56	0.8	NonTarget	1	141912
709.645	0.8	NonTarget	1	141929
709.725	0.8	Target	2	141945
709.81	0.8	NonTarget	1	141962
709.895	0.8	NonTarget	1	141979
709.98	0.8	NonTarget	1	141996
710.06	0.8	NonTarget	1	142012
710.46	0.8	NonTarget	1	142092
710.545	0.8	NonTarget	1	142109
710.625	0.8	NonTarget	1	142125
710.715	0.8	NonTarget	1	142143
710.795	0.8	NonTarget	1	142159
710.88	0.8	NonTarget	1	142176
710.96	0.8	NonTarget	1	142192
711.045	0.8	NonTarget	1	142209
711.13	0.8	NonTarget	1	142226
711.21	0.8	NonTarget	1	142242
711.295	0.8	NonTarget	1	142259
711.38	0.8	NonTarget	1	142276
711.465	0.8	NonTarget	1	142293
711.55	0.8	NonTarget	1	142310
711.63	0.8	NonTarget	1	142326
711.715	0.8	NonTarget	1	142343
711.795	0.8	NonTarget	1	142359
711.88	0.8	NonTarget	1	142376
711.965	0.8	NonTarget	1	142393
712.045	0.8	NonTarget	1	142409
712.13	0.8	NonTarget	1	142426
712.215	0.8	NonTarget	1	142443
712.295	0.8	NonTarget	1	142459
712.38	0.8	NonTarget	1	142476
712.465	0.8	NonTarget	1	142493
712.55	0.8	Target	2	142510
712.63	0.8	NonTarget	1	142526
712.715	0.8	NonTarget	1	142543
712.8	0.8	NonTarget	1	142560
712.88	0.8	NonTarget	1	142576
713.28	0.8	NonTarget	1	142656
713.365	0.8	NonTarget	1	142673
713.45	0.8	NonTarget	1	142690
713.535	0.8	NonTarget	1	142707
713.615	0.8	NonTarget	1	142723
713.7	0.8	Target	2	142740
713.785	0.8	NonTarget	1	142757
713.865	0.8	NonTarget	1	142773
713.95	0.8	NonTarget	1	142790
714.03	0.8	NonTarget	1	142806
714.115	0.8	NonTarget	1	142823
714.2	0.8	NonTarget	1	142840
714.285	0.8	NonTarget	1	142857
714.365	0.8	NonTarget	1	142873
714.45	0.8	NonTarget	1	142890
714.535	0.8	NonTarget	1	142907
714.615	0.8	NonTarget	1	142923
714.7	0.8	NonTarget	1	142940
714.785	0.8	NonTarget	1	142957
714.87	0.8	NonTarget	1	142974
714.95	0.8	NonTarget	1	142990
715.035	0.8	NonTarget	1	143007
715.12	0.8	NonTarget	1	143024
715.2	0.8	NonTarget	1	143040
715.285	0.8	NonTarget	1	143057
715.37	0.8	NonTarget	1	143074
715.45	0.8	NonTarget	1	143090
715.535	0.8	NonTarget	1	143107
715.62	0.8	NonTarget	1	143124
715.705	0.8	NonTarget	1	143141
716.1	0.8	NonTarget	1	143220
716.185	0.8	NonTarget	1	143237
716.27	0.8	NonTarget	1	143254
716.355	0.8	NonTarget	1	143271
716.435	0.8	NonTarget	1	143287
716.52	0.8	NonTarget	1	143304
716.605	0.8	NonTarget	1	143321
716.685	0.8	NonTarget	1	143337
716.77	0.8	NonTarget	1	143354
716.855	0.8	NonTarget	1	143371
716.94	0.8	NonTarget	1	143388
717.02	0.8	NonTarget	1	143404
717.105	0.8	NonTarget	1	143421
717.185	0.8	NonTarget	1	143437
717.27	0.8	NonTarget	1	143454
717.355	0.8	Target	2	143471
717.435	0.8	NonTarget	1	143487
717.52	0.8	NonTarget	1	143504
717.605	0.8	NonTarget	1	143521
717.69	0.8	NonTarget	1	143538
717.77	0.8	NonTarget	1	143554
717.855	0.8	NonTarget	1	143571
717.94	0.8	NonTarget	1	143588
718.02	0.8	NonTarget	1	143604
718.105	0.8	NonTarget	1	143621
718.19	0.8	NonTarget	1	143638
718.27	0.8	NonTarget	1	143654
718.355	0.8	NonTarget	1	143671
718.44	0.8	NonTarget	1	143688
718.525	0.8	NonTarget	1	143705
718.92	0.8	NonTarget	1	143784
719.005	0.8	NonTarget	1	143801
719.09	0.8	NonTarget	1	143818
719.175	0.8	NonTarget	1	143835
719.26	0.8	NonTarget	1	143852
719.34	0.8	NonTarget	1	143868
719.425	0.8	NonTarget	1	143885
719.51	0.8	NonTarget	1	143902
719.59	0.8	NonTarget	1	143918
719.675	0.8	NonTarget	1	143935
719.76	0.8	NonTarget	1	143952
719.84	0.8	NonTarget	1	143968
719.925	0.8	NonTarget	1	143985
720.01	0.8	NonTarget	1	144002
720.09	0.8	NonTarget	1	144018
720.175	0.8	NonTarget	1	144035
720.26	0.8	NonTarget	1	144052
720.345	0.8	NonTarget	1	144069
720.425	0.8	NonTarget	1	144085
720.51	0.8	NonTarget	1	144102
720.59	0.8	NonTarget	1	144118
720.675	0.8	NonTarget	1	144135
720.76	0.8	NonTarget	1	144152
720.845	0.8	NonTarget	1	144169
720.925	0.8	NonTarget	1	144185
721.01	0.8	Target	2	144202
721.095	0.8	NonTarget	1	144219
721.175	0.8	NonTarget	1	144235
721.26	0.8	NonTarget	1	144252
721.345	0.8	NonTarget	1	144269
721.745	0.8	Target	2	144349
721.825	0.8	NonTarget	1	144365
721.91	0.8	NonTarget	1	144382
721.995	0.8	NonTarget	1	144399
722.08	0.8	NonTarget	1	144416
722.16	0.8	NonTarget	1	144432
722.245	0.8	NonTarget	1	144449
722.33	0.8	NonTarget	1	144466
722.41	0.8	NonTarget	1	144482
722.495	0.8	NonTarget	1	144499
722.58	0.8	NonTarget	1	144516
722.66	0.8	NonTarget	1	144532
722.745	0.8	NonTarget	1	144549
722.83	0.8	NonTarget	1	144566
722.915	0.8	NonTarget	1	144583
722.995	0.8	NonTarget	1	144599
723.08	0.8	NonTarget	1	144616
723.16	0.8	NonTarget	1	144632
723.245	0.8	NonTarget	1	144649
723.33	0.8	NonTarget	1	144666
723.41	0.8	NonTarget	1	144682
723.495	0.8	NonTarget	1	144699
723.58	0.8	NonTarget	1	144716
723.665	0.8	NonTarget	1	144733
723.75	0.8	NonTarget	1	144750
723.83	0.8	NonTarget	1	144766
723.915	0.8	NonTarget	1	144783
723.995	0.8	NonTarget	1	144799
724.08	0.8	NonTarget	1	144816
724.165	0.8	NonTarget	1	144833
724.565	0.8	NonTarget	1	144913
724.65	0.8	NonTarget	1	144930
724.73	0.8	NonTarget	1	144946
724.815	0.8	NonTarget	1	144963
724.9	0.8	NonTarget	1	144980
724.98	0.8	NonTarget	1	144996
725.065	0.8	NonTarget	1	145013
725.15	0.8	NonTarget	1	145030
725.235	0.8	NonTarget	1	145047
725.315	0.8	NonTarget	1	145063
725.4	0.8	Target	2	145080
725.48	0.8	NonTarget	1	145096
725.565	0.8	NonTarget	1	145113
725.65	0.8	NonTarget	1	145130
725.73	0.8	NonTarget	1	145146
725.815	0.8	NonTarget	1	145163
725.9	0.8	NonTarget	1	145180
725.985	0.8	NonTarget	1	145197
726.065	0.8	NonTarget	1	145213
726.15	0.8	NonTarget	1	145230
726.235	0.8	NonTarget	1	145247
726.315	0.8	NonTarget	1	145263
726.4	0.8	NonTarget	1	145280
726.485	0.8	NonTarget	1	145297
726.565	0.8	NonTarget	1	145313
726.65	0.8	NonTarget	1	145330
726.735	0.8	NonTarget	1	145347
726.82	0.8	NonTarget	1	145364
726.9	0.8	NonTarget	1	145380
726.985	0.8	NonTarget	1	145397
727.385	0.8	NonTarget	1	145477
727.47	0.8	NonTarget	1	145494
727.55	0.8	NonTarget	1	145510
727.635	0.8	NonTarget	1	145527
727.72	0.8	NonTarget	1	145544
727.8	0.8	NonTarget	1	145560
727.885	0.8	NonTarget	1	145577
727.97	0.8	NonTarget	1	145594
728.055	0.8	NonTarget	1	145611
728.135	0.8	NonTarget	1	145627
728.22	0.8	NonTarget	1	145644
728.305	0.8	NonTarget	1	145661
728.385	0.8	NonTarget	1	145677
728.47	0.8	NonTarget	1	145694
728.555	0.8	NonTarget	1	145711
728.64	0.8	NonTarget	1	145728
728.72	0.8	NonTarget	1	145744
728.805	0.8	NonTarget	1	145761
728.89	0.8	NonTarget	1	145778
728.97	0.8	NonTarget	1	145794
729.055	0.8	NonTarget	1	145811
729.14	0.8	NonTarget	1	145828
729.225	0.8	NonTarget	1	145845
729.305	0.8	NonTarget	1	145861
729.39	0.8	NonTarget	1	145878
729.47	0.8	Target	2	145894
729.555	0.8	NonTarget	1	145911
729.64	0.8	NonTarget	1	145928
729.72	0.8	NonTarget	1	145944
729.805	0.8	NonTarget	1	145961
730.205	0.8	Target	2	146041
730.29	0.8	NonTarget	1	146058
730.375	0.8	NonTarget	1	146075
730.455	0.8	NonTarget	1	146091
730.54	0.8	NonTarget	1	146108
730.625	0.8	NonTarget	1	146125
730.705	0.8	NonTarget	1	146141
730.79	0.8	NonTarget	1	146158
730.875	0.8	NonTarget	1	146175
730.955	0.8	NonTarget	1	146191
731.04	0.8	NonTarget	1	146208
731.125	0.8	NonTarget	1	146225
731.205	0.8	NonTarget	1	146241
731.29	0.8	NonTarget	1	146258
731.375	0.8	NonTarget	1	146275
731.455	0.8	NonTarget	1	146291
731.54	0.8	NonTarget	1	146308
731.625	0.8	NonTarget	1	146325
731.71	0.8	NonTarget	1	146342
731.79	0.8	NonTarget	1	146358
731.875	0.8	NonTarget	1	146375
731.96	0.8	NonTarget	1	146392
732.045	0.8	NonTarget	1	146409
732.125	0.8	NonTarget	1	146425
732.21	0.8	NonTarget	1	146442
732.295	0.8	NonTarget	1	146459
732.375	0.8	NonTarget	1	146475
732.46	0.8	NonTarget	1	146492
732.545	0.8	NonTarget	1	146509
732.625	0.8	NonTarget	1	146525
741.19	0.8	NonTarget	1	148238
741.27	0.8	NonTarget	1	148254
741.355	0.8	NonTarget	1	148271
741.44	0.8	NonTarget	1	148288
741.52	0.8	NonTarget	1	148304
741.605	0.8	NonTarget	1	148321
741.69	0.8	NonTarget	1	148338
741.775	0.8	NonTarget	1	148355
741.855	0.8	NonTarget	1	148371
741.94	0.8	NonTarget	1	148388
742.02	0.8	Target	2	148404
742.105	0.8	NonTarget	1	148421
742.19	0.8	NonTarget	1	148438
742.275	0.8	NonTarget	1	148455
742.355	0.8	NonTarget	1	148471
742.44	0.8	NonTarget	1	148488
742.525	0.8	NonTarget	1	148505
742.605	0.8	NonTarget	1	148521
742.69	0.8	NonTarget	1	148538
742.775	0.8	NonTarget	1	148555
742.86	0.8	NonTarget	1	148572
742.94	0.8	NonTarget	1	148588
743.025	0.8	NonTarget	1	148605
743.11	0.8	NonTarget	1	148622
743.19	0.8	NonTarget	1	148638
743.275	0.8	NonTarget	1	148655
743.36	0.8	NonTarget	1	148672
743.44	0.8	NonTarget	1	148688
743.525	0.8	NonTarget	1	148705
743.61	0.8	NonTarget	1	148722
744.01	0.8	NonTarget	1	148802
744.09	0.8	NonTarget	1	148818
744.175	0.8	NonTarget	1	148835
744.26	0.8	NonTarget	1	148852
744.345	0.8	NonTarget	1	148869
744.425	0.8	Target	2	148885
744.51	0.8	NonTarget	1	148902
744.595	0.8	NonTarget	1	148919
744.675	0.8	NonTarget	1	148935
744.76	0.8	NonTarget	1	148952
744.845	0.8	NonTarget	1	148969
744.925	0.8	NonTarget	1	148985
745.01	0.8	NonTarget	1	149002
745.095	0.8	NonTarget	1	149019
745.175	0.8	NonTarget	1	149035
745.26	0.8	NonTarget	1	149052
745.345	0.8	NonTarget	1	149069
745.425	0.8	NonTarget	1	149085
745.515	0.8	NonTarget	1	149103
745.595	0.8	NonTarget	1	149119
745.675	0.8	NonTarget	1	149135
745.76	0.8	NonTarget	1	149152
745.845	0.8	NonTarget	1	149169
745.93	0.8	NonTarget	1	149186
746.01	0.8	NonTarget	1	149202
746.095	0.8	NonTarget	1	149219
746.18	0.8	NonTarget	1	149236
746.26	0.8	NonTarget	1	149252
746.345	0.8	NonTarget	1	149269
746.43	0.8	NonTarget	1	149286
746.83	0.8	NonTarget	1	149366
746.915	0.8	NonTarget	1	149383
746.995	0.8	NonTarget	1	149399
747.08	0.8	NonTarget	1	149416
747.165	0.8	NonTarget	1	149433
747.245	0.8	NonTarget	1	149449
747.33	0.8	NonTarget	1	149466
747.415	0.8	NonTarget	1	149483
747.495	0.8	NonTarget	1	149499
747.58	0.8	NonTarget	1	149516
747.665	0.8	NonTarget	1	149533
747.745	0.8	NonTarget	1	149549
747.83	0.8	NonTarget	1	149566
747.915	0.8	NonTarget	1	149583
747.995	0.8	NonTarget	1	149599
748.085	0.8	NonTarget	1	149617
748.165	0.8	NonTarget	1	149633
748.25	0.8	NonTarget	1	149650
748.33	0.8	NonTarget	1	149666
748.415	0.8	NonTarget	1	149683
748.5	0.8	NonTarget	1	149700
748.58	0.8	NonTarget	1	149716
748.665	0.8	NonTarget	1	149733
748.75	0.8	NonTarget	1	149750
748.835	0.8	NonTarget	1	149767
748.915	0.8	Target	2	149783
749.0	0.8	NonTarget	1	149800
749.085	0.8	NonTarget	1	149817
749.165	0.8	NonTarget	1	149833
749.25	0.8	NonTarget	1	149850
749.65	0.8	NonTarget	1	149930
749.735	0.8	NonTarget	1	149947
749.82	0.8	NonTarget	1	149964
749.9	0.8	NonTarget	1	149980
749.985	0.8	NonTarget	1	149997
750.07	0.8	NonTarget	1	150014
750.15	0.8	NonTarget	1	150030
750.235	0.8	NonTarget	1	150047
750.32	0.8	NonTarget	1	150064
750.4	0.8	NonTarget	1	150080
750.485	0.8	NonTarget	1	150097
750.57	0.8	NonTarget	1	150114
750.65	0.8	NonTarget	1	150130
750.735	0.8	NonTarget	1	150147
750.815	0.8	NonTarget	1	150163
750.9	0.8	NonTarget	1	150180
750.985	0.8	NonTarget	1	150197
751.07	0.8	NonTarget	1	150214
751.15	0.8	NonTarget	1	150230
751.235	0.8	NonTarget	1	150247
751.32	0.8	NonTarget	1	150264
751.405	0.8	NonTarget	1	150281
751.485	0.8	NonTarget	1	150297
751.57	0.8	NonTarget	1	150314
751.655	0.8	NonTarget	1	150331
751.735	0.8	Target	2	150347
751.82	0.8	NonTarget	1	150364
751.905	0.8	NonTarget	1	150381
751.985	0.8	NonTarget	1	150397
752.07	0.8	NonTarget	1	150414
752.47	0.8	NonTarget	1	150494
752.555	0.8	NonTarget	1	150511
752.64	0.8	NonTarget	1	150528
752.72	0.8	NonTarget	1	150544
752.805	0.8	NonTarget	1	150561
752.89	0.8	NonTarget	1	150578
752.97	0.8	NonTarget	1	150594
753.055	0.8	NonTarget	1	150611
753.14	0.8	NonTarget	1	150628
753.22	0.8	NonTarget	1	150644
753.305	0.8	NonTarget	1	150661
753.39	0.8	NonTarget	1	150678
753.47	0.8	NonTarget	1	150694
753.555	0.8	NonTarget	1	150711
753.64	0.8	NonTarget	1	150728
753.72	0.8	NonTarget	1	150744
753.805	0.8	NonTarget	1	150761
753.89	0.8	NonTarget	1	150778
753.975	0.8	NonTarget	1	150795
754.055	0.8	NonTarget	1	150811
754.14	0.8	Target	2	150828
754.225	0.8	NonTarget	1	150845
754.305	0.8	NonTarget	1	150861
754.39	0.8	NonTarget	1	150878
754.475	0.8	NonTarget	1	150895
754.555	0.8	NonTarget	1	150911
754.64	0.8	NonTarget	1	150928
754.725	0.8	NonTarget	1	150945
754.805	0.8	NonTarget	1	150961
754.89	0.8	NonTarget	1	150978
755.29	0.8	NonTarget	1	151058
755.375	0.8	NonTarget	1	151075
755.46	0.8	NonTarget	1	151092
755.54	0.8	NonTarget	1	151108
755.625	0.8	NonTarget	1	151125
755.71	0.8	NonTarget	1	151142
755.795	0.8	NonTarget	1	151159
755.875	0.8	NonTarget	1	151175
755.96	0.8	NonTarget	1	151192
756.04	0.8	NonTarget	1	151208
756.125	0.8	NonTarget	1	151225
756.21	0.8	NonTarget	1	151242
756.29	0.8	NonTarget	1	151258
756.375	0.8	NonTarget	1	151275
756.46	0.8	NonTarget	1	151292
756.545	0.8	Target	2	151309
756.625	0.8	NonTarget	1	151325
756.71	0.8	NonTarget	1	151342
756.795	0.8	NonTarget	1	151359
756.875	0.8	NonTarget	1	151375
756.96	0.8	NonTarget	1	151392
757.045	0.8	NonTarget	1	151409
757.13	0.8	NonTarget	1	151426
757.21	0.8	NonTarget	1	151442
757.295	0.8	NonTarget	1	151459
757.38	0.8	NonTarget	1	151476
757.46	0.8	NonTarget	1	151492
757.545	0.8	NonTarget	1	151509
757.63	0.8	NonTarget	1	151526
757.715	0.8	NonTarget	1	151543
758.11	0.8	NonTarget	1	151622
758.195	0.8	NonTarget	1	151639
758.28	0.8	NonTarget	1	151656
758.365	0.8	NonTarget	1	151673
758.445	0.8	NonTarget	1	151689
758.53	0.8	NonTarget	1	151706
758.61	0.8	NonTarget	1	151722
758.695	0.8	NonTarget	1	151739
758.78	0.8	NonTarget	1	151756
758.865	0.8	NonTarget	1	151773
758.945	0.8	NonTarget	1	151789
759.03	0.8	NonTarget	1	151806
759.115	0.8	NonTarget	1	151823
759.195	0.8	NonTarget	1	151839
759.28	0.8	NonTarget	1	151856
759.365	0.8	NonTarget	1	151873
759.445	0.8	NonTarget	1	151889
759.53	0.8	NonTarget	1	151906
759.615	0.8	NonTarget	1	151923
759.7	0.8	NonTarget	1	151940
759.78	0.8	Target	2	151956
759.865	0.8	NonTarget	1	151973
759.95	0.8	NonTarget	1	151990
760.03	0.8	NonTarget	1	152006
760.115	0.8	NonTarget	1	152023
760.2	0.8	NonTarget	1	152040
760.285	0.8	NonTarget	1	152057
760.365	0.8	NonTarget	1	152073
760.45	0.8	NonTarget	1	152090
760.53	0.8	NonTarget	1	152106
760.935	0.8	NonTarget	1	152187
761.015	0.8	NonTarget	1	152203
761.1	0.8	NonTarget	1	152220
761.185	0.8	NonTarget	1	152237
761.265	0.8	NonTarget	1	152253
761.35	0.8	NonTarget	1	152270
761.435	0.8	NonTarget	1	152287
761.515	0.8	NonTarget	1	152303
761.6	0.8	NonTarget	1	152320
761.685	0.8	NonTarget	1	152337
761.765	0.8	NonTarget	1	152353
761.85	0.8	NonTarget	1	152370
761.935	0.8	NonTarget	1	152387
762.02	0.8	NonTarget	1	152404
762.1	0.8	NonTarget	1	152420
762.185	0.8	NonTarget	1	152437
762.27	0.8	NonTarget	1	152454
762.35	0.8	NonTarget	1	152470
762.435	0.8	NonTarget	1	152487
762.52	0.8	NonTarget	1	152504
762.6	0.8	Target	2	152520
762.685	0.8	NonTarget	1	152537
762.77	0.8	NonTarget	1	152554
762.855	0.8	NonTarget	1	152571
762.935	0.8	NonTarget	1	152587
763.02	0.8	NonTarget	1	152604
763.1	0.8	NonTarget	1	152620
763.185	0.8	NonTarget	1	152637
763.27	0.8	NonTarget	1	152654
763.355	0.8	NonTarget	1	152671
763.755	0.8	NonTarget	1	152751
763.84	0.8	NonTarget	1	152768
763.92	0.8	NonTarget	1	152784
764.005	0.8	NonTarget	1	152801
764.09	0.8	NonTarget	1	152818
764.17	0.8	NonTarget	1	152834
764.255	0.8	NonTarget	1	152851
764.34	0.8	NonTarget	1	152868
764.42	0.8	NonTarget	1	152884
764.505	0.8	NonTarget	1	152901
764.59	0.8	Target	2	152918
764.67	0.8	NonTarget	1	152934
764.755	0.8	NonTarget	1	152951
764.84	0.8	NonTarget	1	152968
764.92	0.8	NonTarget	1	152984
765.005	0.8	NonTarget	1	153001
765.09	0.8	NonTarget	1	153018
765.17	0.8	NonTarget	1	153034
765.255	0.8	NonTarget	1	153051
765.34	0.8	NonTarget	1	153068
765.42	0.8	NonTarget	1	153084
765.505	0.8	NonTarget	1	153101
765.59	0.8	NonTarget	1	153118
765.675	0.8	NonTarget	1	153135
765.755	0.8	NonTarget	1	153151
765.84	0.8	NonTarget	1	153168
765.925	0.8	NonTarget	1	153185
766.005	0.8	NonTarget	1	153201
766.09	0.8	NonTarget	1	153218
766.17	0.8	NonTarget	1	153234
766.575	0.8	NonTarget	1	153315
766.66	0.8	NonTarget	1	153332
766.74	0.8	NonTarget	1	153348
766.825	0.8	NonTarget	1	153365
766.905	0.8	NonTarget	1	153381
766.99	0.8	Target	2	153398
767.075	0.8	NonTarget	1	153415
767.16	0.8	NonTarget	1	153432
767.24	0.8	NonTarget	1	153448
767.325	0.8	NonTarget	1	153465
767.41	0.8	NonTarget	1	153482
767.49	0.8	NonTarget	1	153498
767.575	0.8	NonTarget	1	153515
767.66	0.8	NonTarget	1	153532
767.74	0.8	NonTarget	1	153548
767.825	0.8	NonTarget	1	153565
767.91	0.8	NonTarget	1	153582
767.99	0.8	NonTarget	1	153598
768.075	0.8	NonTarget	1	153615
768.16	0.8	NonTarget	1	153632
768.245	0.8	NonTarget	1	153649
768.325	0.8	NonTarget	1	153665
768.41	0.8	NonTarget	1	153682
768.495	0.8	NonTarget	1	153699
768.58	0.8	NonTarget	1	153716
768.66	0.8	NonTarget	1	153732
768.745	0.8	NonTarget	1	153749
768.83	0.8	NonTarget	1	153766
768.91	0.8	NonTarget	1	153782
768.995	0.8	NonTarget	1	153799
777.545	0.8	NonTarget	1	155509
777.625	0.8	NonTarget	1	155525
777.705	0.8	NonTarget	1	155541
777.79	0.8	NonTarget	1	155558
777.875	0.8	NonTarget	1	155575
777.955	0.8	NonTarget	1	155591
778.04	0.8	NonTarget	1	155608
778.125	0.8	NonTarget	1	155625
778.21	0.8	NonTarget	1	155642
778.29	0.8	NonTarget	1	155658
778.375	0.8	NonTarget	1	155675
778.46	0.8	NonTarget	1	155692
778.545	0.8	NonTarget	1	155709
778.625	0.8	NonTarget	1	155725
778.705	0.8	NonTarget	1	155741
778.79	0.8	NonTarget	1	155758
778.875	0.8	NonTarget	1	155775
778.96	0.8	NonTarget	1	155792
779.045	0.8	Target	2	155809
779.125	0.8	NonTarget	1	155825
779.21	0.8	NonTarget	1	155842
779.295	0.8	NonTarget	1	155859
779.375	0.8	NonTarget	1	155875
779.46	0.8	NonTarget	1	155892
779.545	0.8	NonTarget	1	155909
779.625	0.8	NonTarget	1	155925
779.71	0.8	NonTarget	1	155942
779.795	0.8	NonTarget	1	155959
779.875	0.8	NonTarget	1	155975
779.96	0.8	NonTarget	1	155992
780.36	0.8	NonTarget	1	156072
780.445	0.8	NonTarget	1	156089
780.53	0.8	NonTarget	1	156106
780.61	0.8	Target	2	156122
780.695	0.8	NonTarget	1	156139
780.78	0.8	NonTarget	1	156156
780.86	0.8	NonTarget	1	156172
780.945	0.8	NonTarget	1	156189
781.03	0.8	NonTarget	1	156206
781.11	0.8	NonTarget	1	156222
781.195	0.8	NonTarget	1	156239
781.28	0.8	NonTarget	1	156256
781.36	0.8	NonTarget	1	156272
781.445	0.8	NonTarget	1	156289
781.53	0.8	NonTarget	1	156306
781.61	0.8	NonTarget	1	156322
781.695	0.8	NonTarget	1	156339
781.78	0.8	NonTarget	1	156356
781.865	0.8	NonTarget	1	156373
781.945	0.8	NonTarget	1	156389
782.03	0.8	NonTarget	1	156406
782.11	0.8	NonTarget	1	156422
782.195	0.8	NonTarget	1	156439
782.28	0.8	NonTarget	1	156456
782.365	0.8	NonTarget	1	156473
782.445	0.8	NonTarget	1	156489
782.53	0.8	NonTarget	1	156506
782.615	0.8	NonTarget	1	156523
782.695	0.8	NonTarget	1	156539
782.78	0.8	NonTarget	1	156556
783.18	0.8	NonTarget	1	156636
783.265	0.8	NonTarget	1	156653
783.345	0.8	NonTarget	1	156669
783.43	0.8	Target	2	156686
783.515	0.8	NonTarget	1	156703
783.6	0.8	NonTarget	1	156720
783.68	0.8	NonTarget	1	156736
783.765	0.8	NonTarget	1	156753
783.85	0.8	NonTarget	1	156770
783.935	0.8	NonTarget	1	156787
784.015	0.8	NonTarget	1	156803
784.1	0.8	NonTarget	1	156820
784.185	0.8	NonTarget	1	156837
784.27	0.8	NonTarget	1	156854
784.35	0.8	NonTarget	1	156870
784.435	0.8	NonTarget	1	156887
784.515	0.8	NonTarget	1	156903
784.6	0.8	NonTarget	1	156920
784.685	0.8	NonTarget	1	156937
784.765	0.8	NonTarget	1	156953
784.85	0.8	NonTarget	1	156970
784.935	0.8	NonTarget	1	156987
785.02	0.8	NonTarget	1	157004
785.1	0.8	NonTarget	1	157020
785.185	0.8	NonTarget	1	157037
785.27	0.8	NonTarget	1	157054
785.35	0.8	NonTarget	1	157070
785.435	0.8	NonTarget	1	157087
785.52	0.8	NonTarget	1	157104
785.6	0.8	NonTarget	1	157120
786.005	0.8	NonTarget	1	157201
786.085	0.8	NonTarget	1	157217
786.17	0.8	NonTarget	1	157234
786.255	0.8	Target	2	157251
786.335	0.8	NonTarget	1	157267
786.42	0.8	NonTarget	1	157284
786.505	0.8	NonTarget	1	157301
786.585	0.8	NonTarget	1	157317
786.67	0.8	NonTarget	1	157334
786.755	0.8	NonTarget	1	157351
786.835	0.8	NonTarget	1	157367
786.92	0.8	NonTarget	1	157384
787.005	0.8	NonTarget	1	157401
787.085	0.8	NonTarget	1	157417
787.17	0.8	NonTarget	1	157434
787.255	0.8	NonTarget	1	157451
787.34	0.8	NonTarget	1	157468
787.42	0.8	NonTarget	1	157484
787.505	0.8	NonTarget	1	157501
787.59	0.8	NonTarget	1	157518
787.67	0.8	NonTarget	1	157534
787.755	0.8	NonTarget	1	157551
787.84	0.8	NonTarget	1	157568
787.92	0.8	NonTarget	1	157584
788.005	0.8	NonTarget	1	157601
788.09	0.8	NonTarget	1	157618
788.17	0.8	NonTarget	1	157634
788.255	0.8	NonTarget	1	157651
788.34	0.8	NonTarget	1	157668
788.42	0.8	NonTarget	1	157684
788.825	0.8	NonTarget	1	157765
788.905	0.8	NonTarget	1	157781
788.99	0.8	NonTarget	1	157798
789.075	0.8	NonTarget	1	157815
789.155	0.8	NonTarget	1	157831
789.24	0.8	NonTarget	1	157848
789.325	0.8	NonTarget	1	157865
789.405	0.8	NonTarget	1	157881
789.49	0.8	NonTarget	1	157898
789.575	0.8	NonTarget	1	157915
789.655	0.8	NonTarget	1	157931
789.74	0.8	NonTarget	1	157948
789.825	0.8	NonTarget	1	157965
789.91	0.8	NonTarget	1	157982
789.99	0.8	NonTarget	1	157998
790.075	0.8	NonTarget	1	158015
790.16	0.8	NonTarget	1	158032
790.24	0.8	NonTarget	1	158048
790.325	0.8	Target	2	158065
790.41	0.8	NonTarget	1	158082
790.49	0.8	NonTarget	1	158098
790.575	0.8	NonTarget	1	158115
790.66	0.8	NonTarget	1	158132
790.745	0.8	NonTarget	1	158149
790.825	0.8	NonTarget	1	158165
790.91	0.8	NonTarget	1	158182
790.99	0.8	NonTarget	1	158198
791.075	0.8	NonTarget	1	158215
791.16	0.8	NonTarget	1	158232
791.24	0.8	NonTarget	1	158248
791.645	0.8	NonTarget	1	158329
791.725	0.8	NonTarget	1	158345
791.81	0.8	NonTarget	1	158362
791.895	0.8	NonTarget	1	158379
791.975	0.8	NonTarget	1	158395
792.06	0.8	NonTarget	1	158412
792.145	0.8	NonTarget	1	158429
792.23	0.8	NonTarget	1	158446
792.31	0.8	NonTarget	1	158462
792.395	0.8	NonTarget	1	158479
792.48	0.8	NonTarget	1	158496
792.56	0.8	NonTarget	1	158512
792.645	0.8	NonTarget	1	158529
792.73	0.8	Target	2	158546
792.81	0.8	NonTarget	1	158562
792.895	0.8	NonTarget	1	158579
792.975	0.8	NonTarget	1	158595
793.06	0.8	NonTarget	1	158612
793.145	0.8	NonTarget	1	158629
793.23	0.8	NonTarget	1	158646
793.31	0.8	NonTarget	1	158662
793.395	0.8	NonTarget	1	158679
793.48	0.8	NonTarget	1	158696
793.565	0.8	NonTarget	1	158713
793.645	0.8	NonTarget	1	158729
793.73	0.8	NonTarget	1	158746
793.815	0.8	NonTarget	1	158763
793.895	0.8	NonTarget	1	158779
793.98	0.8	NonTarget	1	158796
794.065	0.8	NonTarget	1	158813
794.465	0.8	NonTarget	1	158893
794.55	0.8	NonTarget	1	158910
794.63	0.8	NonTarget	1	158926
794.715	0.8	NonTarget	1	158943
794.795	0.8	NonTarget	1	158959
794.88	0.8	NonTarget	1	158976
794.965	0.8	NonTarget	1	158993
795.05	0.8	NonTarget	1	159010
795.13	0.8	NonTarget	1	159026
795.215	0.8	NonTarget	1	159043
795.3	0.8	NonTarget	1	159060
795.38	0.8	NonTarget	1	159076
795.465	0.8	NonTarget	1	159093
795.55	0.8	NonTarget	1	159110
795.63	0.8	NonTarget	1	159126
795.715	0.8	NonTarget	1	159143
795.8	0.8	NonTarget	1	159160
795.885	0.8	NonTarget	1	159177
795.965	0.8	NonTarget	1	159193
796.05	0.8	NonTarget	1	159210
796.135	0.8	NonTarget	1	159227
796.215	0.8	NonTarget	1	159243
796.3	0.8	NonTarget	1	159260
796.385	0.8	Target	2	159277
796.465	0.8	NonTarget	1	159293
796.55	0.8	NonTarget	1	159310
796.635	0.8	NonTarget	1	159327
796.72	0.8	NonTarget	1	159344
796.8	0.8	NonTarget	1	159360
796.885	0.8	NonTarget	1	159377
797.285	0.8	NonTarget	1	159457
797.37	0.8	NonTarget	1	159474
797.45	0.8	NonTarget	1	159490
797.535	0.8	Target	2	159507
797.62	0.8	NonTarget	1	159524
797.7	0.8	NonTarget	1	159540
797.785	0.8	NonTarget	1	159557
797.87	0.8	NonTarget	1	159574
797.955	0.8	NonTarget	1	159591
798.035	0.8	NonTarget	1	159607
798.12	0.8	NonTarget	1	159624
798.205	0.8	NonTarget	1	159641
798.285	0.8	NonTarget	1	159657
798.37	0.8	NonTarget	1	159674
798.455	0.8	NonTarget	1	159691
798.535	0.8	NonTarget	1	159707
798.62	0.8	NonTarget	1	159724
798.705	0.8	NonTarget	1	159741
798.785	0.8	NonTarget	1	159757
798.87	0.8	NonTarget	1	159774
798.955	0.8	NonTarget	1	159791
799.035	0.8	NonTarget	1	159807
799.12	0.8	NonTarget	1	159824
799.205	0.8	NonTarget	1	159841
799.29	0.8	NonTarget	1	159858
799.37	0.8	NonTarget	1	159874
799.455	0.8	NonTarget	1	159891
799.535	0.8	NonTarget	1	159907
799.62	0.8	NonTarget	1	159924
799.705	0.8	NonTarget	1	159941
800.105	0.8	NonTarget	1	160021
800.19	0.8	NonTarget	1	160038
800.27	0.8	NonTarget	1	160054
800.355	0.8	NonTarget	1	160071
800.44	0.8	NonTarget	1	160088
800.525	0.8	NonTarget	1	160105
800.605	0.8	NonTarget	1	160121
800.69	0.8	NonTarget	1	160138
800.775	0.8	NonTarget	1	160155
800.855	0.8	NonTarget	1	160171
800.94	0.8	NonTarget	1	160188
801.025	0.8	NonTarget	1	160205
801.105	0.8	NonTarget	1	160221
801.19	0.8	NonTarget	1	160238
801.275	0.8	NonTarget	1	160255
801.36	0.8	NonTarget	1	160272
801.44	0.8	NonTarget	1	160288
801.525	0.8	NonTarget	1	160305
801.605	0.8	NonTarget	1	160321
801.69	0.8	NonTarget	1	160338
801.775	0.8	NonTarget	1	160355
801.86	0.8	NonTarget	1	160372
801.945	0.8	NonTarget	1	160389
802.025	0.8	NonTarget	1	160405
802.105	0.8	NonTarget	1	160421
802.19	0.8	NonTarget	1	160438
802.275	0.8	NonTarget	1	160455
802.36	0.8	NonTarget	1	160472
802.44	0.8	Target	2	160488
802.525	0.8	NonTarget	1	160505
802.925	0.8	NonTarget	1	160585
803.01	0.8	NonTarget	1	160602
803.095	0.8	NonTarget	1	160619
803.18	0.8	NonTarget	1	160636
803.26	0.8	NonTarget	1	160652
803.345	0.8	NonTarget	1	160669
803.425	0.8	NonTarget	1	160685
803.51	0.8	NonTarget	1	160702
803.595	0.8	NonTarget	1	160719
803.675	0.8	NonTarget	1	160735
803.76	0.8	NonTarget	1	160752
803.845	0.8	NonTarget	1	160769
803.93	0.8	NonTarget	1	160786
804.01	0.8	NonTarget	1	160802
804.095	0.8	NonTarget	1	160819
804.175	0.8	NonTarget	1	160835
804.26	0.8	NonTarget	1	160852
804.345	0.8	NonTarget	1	160869
804.43	0.8	NonTarget	1	160886
804.51	0.8	NonTarget	1	160902
804.595	0.8	NonTarget	1	160919
804.68	0.8	NonTarget	1	160936
804.76	0.8	NonTarget	1	160952
804.845	0.8	NonTarget	1	160969
804.93	0.8	NonTarget	1	160986
805.01	0.8	NonTarget	1	161002
805.095	0.8	NonTarget	1	161019
805.18	0.8	NonTarget	1	161036
805.265	0.8	Target	2	161053
805.345	0.8	NonTarget	1	161069
813.895	0.8	NonTarget	1	162779
813.975	0.8	NonTarget	1	162795
814.06	0.8	NonTarget	1	162812
814.145	0.8	NonTarget	1	162829
814.225	0.8	NonTarget	1	162845
814.31	0.8	NonTarget	1	162862
814.39	0.8	NonTarget	1	162878
814.475	0.8	Target	2	162895
814.56	0.8	NonTarget	1	162912
814.64	0.8	NonTarget	1	162928
814.725	0.8	NonTarget	1	162945
814.81	0.8	NonTarget	1	162962
814.89	0.8	NonTarget	1	162978
814.975	0.8	NonTarget	1	162995
815.06	0.8	NonTarget	1	163012
815.145	0.8	NonTarget	1	163029
815.225	0.8	NonTarget	1	163045
815.31	0.8	NonTarget	1	163062
815.395	0.8	NonTarget	1	163079
815.475	0.8	NonTarget	1	163095
815.56	0.8	NonTarget	1	163112
815.645	0.8	NonTarget	1	163129
815.725	0.8	NonTarget	1	163145
815.81	0.8	NonTarget	1	163162
815.895	0.8	NonTarget	1	163179
815.98	0.8	NonTarget	1	163196
816.06	0.8	NonTarget	1	163212
816.145	0.8	NonTarget	1	163229
816.23	0.8	NonTarget	1	163246
816.315	0.8	NonTarget	1	163263
816.71	0.8	NonTarget	1	163342
816.795	0.8	NonTarget	1	163359
816.88	0.8	NonTarget	1	163376
816.96	0.8	NonTarget	1	163392
817.045	0.8	NonTarget	1	163409
817.13	0.8	NonTarget	1	163426
817.215	0.8	NonTarget	1	163443
817.295	0.8	NonTarget	1	163459
817.38	0.8	NonTarget	1	163476
817.465	0.8	NonTarget	1	163493
817.545	0.8	NonTarget	1	163509
817.63	0.8	NonTarget	1	163526
817.715	0.8	Target	2	163543
817.8	0.8	NonTarget	1	163560
817.88	0.8	NonTarget	1	163576
817.965	0.8	NonTarget	1	163593
818.045	0.8	NonTarget	1	163609
818.13	0.8	NonTarget	1	163626
818.215	0.8	NonTarget	1	163643
818.295	0.8	NonTarget	1	163659
818.38	0.8	NonTarget	1	163676
818.465	0.8	NonTarget	1	163693
818.55	0.8	NonTarget	1	163710
818.63	0.8	NonTarget	1	163726
818.715	0.8	NonTarget	1	163743
818.8	0.8	NonTarget	1	163760
818.88	0.8	NonTarget	1	163776
818.965	0.8	NonTarget	1	163793
819.05	0.8	NonTarget	1	163810
819.13	0.8	NonTarget	1	163826
819.535	0.8	NonTarget	1	163907
819.615	0.8	NonTarget	1	163923
819.7	0.8	NonTarget	1	163940
819.785	0.8	NonTarget	1	163957
819.865	0.8	NonTarget	1	163973
819.95	0.8	NonTarget	1	163990
820.03	0.8	NonTarget	1	164006
820.115	0.8	NonTarget	1	164023
820.2	0.8	NonTarget	1	164040
820.285	0.8	NonTarget	1	164057
820.365	0.8	NonTarget	1	164073
820.45	0.8	NonTarget	1	164090
820.535	0.8	NonTarget	1	164107
820.62	0.8	NonTarget	1	164124
820.7	0.8	NonTarget	1	164140
820.785	0.8	NonTarget	1	164157
820.87	0.8	NonTarget	1	164174
820.95	0.8	Target	2	164190
821.035	0.8	NonTarget	1	164207
821.12	0.8	NonTarget	1	164224
821.2	0.8	NonTarget	1	164240
821.285	0.8	NonTarget	1	164257
821.37	0.8	NonTarget	1	164274
821.45	0.8	NonTarget	1	164290
821.535	0.8	NonTarget	1	164307
821.62	0.8	NonTarget	1	164324
821.705	0.8	NonTarget	1	164341
821.785	0.8	NonTarget	1	164357
821.87	0.8	NonTarget	1	164374
821.95	0.8	NonTarget	1	164390
822.355	0.8	NonTarget	1	164471
822.435	0.8	NonTarget	1	164487
822.52	0.8	NonTarget	1	164504
822.605	0.8	NonTarget	1	164521
822.685	0.8	NonTarget	1	164537
822.77	0.8	NonTarget	1	164554
822.855	0.8	NonTarget	1	164571
822.94	0.8	NonTarget	1	164588
823.02	0.8	NonTarget	1	164604
823.105	0.8	NonTarget	1	164621
823.19	0.8	NonTarget	1	164638
823.27	0.8	NonTarget	1	164654
823.355	0.8	NonTarget	1	164671
823.44	0.8	NonTarget	1	164688
823.52	0.8	NonTarget	1	164704
823.605	0.8	NonTarget	1	164721
823.69	0.8	NonTarget	1	164738
823.77	0.8	NonTarget	1	164754
823.855	0.8	NonTarget	1	164771
823.94	0.8	NonTarget	1	164788
824.025	0.8	NonTarget	1	164805
824.105	0.8	NonTarget	1	164821
824.19	0.8	Target	2	164838
824.275	0.8	NonTarget	1	164855
824.355	0.8	NonTarget	1	164871
824.44	0.8	NonTarget	1	164888
824.525	0.8	NonTarget	1	164905
824.605	0.8	NonTarget	1	164921
824.69	0.8	NonTarget	1	164938
824.775	0.8	NonTarget	1	164955
825.175	0.8	NonTarget	1	165035
825.255	0.8	NonTarget	1	165051
825.34	0.8	NonTarget	1	165068
825.425	0.8	NonTarget	1	165085
825.51	0.8	NonTarget	1	165102
825.59	0.8	NonTarget	1	165118
825.675	0.8	NonTarget	1	165135
825.76	0.8	NonTarget	1	165152
825.84	0.8	NonTarget	1	165168
825.925	0.8	NonTarget	1	165185
826.01	0.8	NonTarget	1	165202
826.09	0.8	NonTarget	1	165218
826.175	0.8	NonTarget	1	165235
826.26	0.8	NonTarget	1	165252
826.34	0.8	NonTarget	1	165268
826.425	0.8	NonTarget	1	165285
826.51	0.8	NonTarget	1	165302
826.59	0.8	NonTarget	1	165318
826.675	0.8	NonTarget	1	165335
826.76	0.8	NonTarget	1	165352
826.845	0.8	NonTarget	1	165369
826.925	0.8	NonTarget	1	165385
827.01	0.8	Target	2	165402
827.095	0.8	NonTarget	1	165419
827.175	0.8	NonTarget	1	165435
827.26	0.8	NonTarget	1	165452
827.345	0.8	NonTarget	1	165469
827.425	0.8	NonTarget	1	165485
827.51	0.8	NonTarget	1	165502
827.595	0.8	NonTarget	1	165519
827.995	0.8	NonTarget	1	165599
828.08	0.8	NonTarget	1	165616
828.16	0.8	NonTarget	1	165632
828.245	0.8	NonTarget	1	165649
828.33	0.8	NonTarget	1	165666
828.41	0.8	NonTarget	1	165682
828.495	0.8	NonTarget	1	165699
828.58	0.8	NonTarget	1	165716
828.66	0.8	NonTarget	1	165732
828.745	0.8	NonTarget	1	165749
828.83	0.8	NonTarget	1	165766
828.91	0.8	NonTarget	1	165782
828.995	0.8	NonTarget	1	165799
829.08	0.8	NonTarget	1	165816
829.165	0.8	NonTarget	1	165833
829.245	0.8	NonTarget	1	165849
829.33	0.8	NonTarget	1	165866
829.415	0.8	Target	2	165883
829.495	0.8	NonTarget	1	165899
829.58	0.8	NonTarget	1	165916
829.665	0.8	NonTarget	1	165933
829.745	0.8	NonTarget	1	165949
829.83	0.8	NonTarget	1	165966
829.915	0.8	NonTarget	1	165983
829.995	0.8	NonTarget	1	165999
830.08	0.8	NonTarget	1	166016
830.165	0.8	NonTarget	1	166033
830.245	0.8	NonTarget	1	166049
830.33	0.8	NonTarget	1	166066
830.415	0.8	NonTarget	1	166083
830.815	0.8	NonTarget	1	166163
830.9	0.8	NonTarget	1	166180
830.98	0.8	NonTarget	1	166196
831.065	0.8	NonTarget	1	166213
831.15	0.8	NonTarget	1	166230
831.235	0.8	NonTarget	1	166247
831.315	0.8	NonTarget	1	166263
831.4	0.8	NonTarget	1	166280
831.485	0.8	NonTarget	1	166297
831.565	0.8	NonTarget	1	166313
831.65	0.8	NonTarget	1	166330
831.735	0.8	NonTarget	1	166347
831.815	0.8	Target	2	166363
831.9	0.8	NonTarget	1	166380
831.985	0.8	NonTarget	1	166397
832.07	0.8	NonTarget	1	166414
832.15	0.8	NonTarget	1	166430
832.235	0.8	NonTarget	1	166447
832.32	0.8	NonTarget	1	166464
832.4	0.8	NonTarget	1	166480
832.485	0.8	NonTarget	1	166497
832.565	0.8	NonTarget	1	166513
832.65	0.8	NonTarget	1	166530
832.735	0.8	NonTarget	1	166547
832.82	0.8	NonTarget	1	166564
832.9	0.8	NonTarget	1	166580
832.985	0.8	NonTarget	1	166597
833.07	0.8	NonTarget	1	166614
833.15	0.8	NonTarget	1	166630
833.235	0.8	NonTarget	1	166647
833.635	0.8	NonTarget	1	166727
833.72	0.8	NonTarget	1	166744
833.8	0.8	NonTarget	1	166760
833.885	0.8	NonTarget	1	166777
833.97	0.8	NonTarget	1	166794
834.055	0.8	NonTarget	1	166811
834.135	0.8	NonTarget	1	166827
834.22	0.8	NonTarget	1	166844
834.305	0.8	NonTarget	1	166861
834.385	0.8	NonTarget	1	166877
834.47	0.8	NonTarget	1	166894
834.555	0.8	NonTarget	1	166911
834.64	0.8	NonTarget	1	166928
834.72	0.8	NonTarget	1	166944
834.805	0.8	NonTarget	1	166961
834.89	0.8	NonTarget	1	166978
834.97	0.8	NonTarget	1	166994
835.055	0.8	NonTarget	1	167011
835.14	0.8	NonTarget	1	167028
835.22	0.8	NonTarget	1	167044
835.305	0.8	NonTarget	1	167061
835.39	0.8	NonTarget	1	167078
835.475	0.8	NonTarget	1	167095
835.555	0.8	NonTarget	1	167111
835.64	0.8	NonTarget	1	167128
835.72	0.8	NonTarget	1	167144
835.805	0.8	NonTarget	1	167161
835.89	0.8	Target	2	167178
835.975	0.8	NonTarget	1	167195
836.055	0.8	NonTarget	1	167211
836.455	0.8	NonTarget	1	167291
836.54	0.8	NonTarget	1	167308
836.625	0.8	Target	2	167325
836.705	0.8	NonTarget	1	167341
836.79	0.8	NonTarget	1	167358
836.875	0.8	NonTarget	1	167375
836.955	0.8	NonTarget	1	167391
837.04	0.8	NonTarget	1	167408
837.125	0.8	NonTarget	1	167425
837.205	0.8	NonTarget	1	167441
837.29	0.8	NonTarget	1	167458
837.375	0.8	NonTarget	1	167475
837.46	0.8	NonTarget	1	167492
837.54	0.8	NonTarget	1	167508
837.625	0.8	NonTarget	1	167525
837.71	0.8	NonTarget	1	167542
837.79	0.8	NonTarget	1	167558
837.875	0.8	NonTarget	1	167575
837.96	0.8	NonTarget	1	167592
838.04	0.8	NonTarget	1	167608
838.125	0.8	NonTarget	1	167625
838.21	0.8	NonTarget	1	167642
838.29	0.8	NonTarget	1	167658
838.375	0.8	NonTarget	1	167675
838.46	0.8	NonTarget	1	167692
838.54	0.8	NonTarget	1	167708
838.625	0.8	NonTarget	1	167725
838.71	0.8	NonTarget	1	167742
838.795	0.8	NonTarget	1	167759
838.875	0.8	NonTarget	1	167775
839.275	0.8	NonTarget	1	167855
839.36	0.8	NonTarget	1	167872
839.445	0.8	Target	2	167889
839.53	0.8	NonTarget	1	167906
839.61	0.8	NonTarget	1	167922
839.695	0.8	NonTarget	1	167939
839.78	0.8	NonTarget	1	167956
839.86	0.8	NonTarget	1	167972
839.945	0.8	NonTarget	1	167989
840.03	0.8	NonTarget	1	168006
840.11	0.8	NonTarget	1	168022
840.195	0.8	NonTarget	1	168039
840.275	0.8	NonTarget	1	168055
840.36	0.8	NonTarget	1	168072
840.445	0.8	NonTarget	1	168089
840.53	0.8	NonTarget	1	168106
840.61	0.8	NonTarget	1	168122
840.695	0.8	NonTarget	1	168139
840.78	0.8	NonTarget	1	168156
840.865	0.8	NonTarget	1	168173
840.945	0.8	NonTarget	1	168189
841.03	0.8	NonTarget	1	168206
841.115	0.8	NonTarget	1	168223
841.195	0.8	NonTarget	1	168239
841.28	0.8	NonTarget	1	168256
841.365	0.8	NonTarget	1	168273
841.445	0.8	NonTarget	1	168289
841.53	0.8	NonTarget	1	168306
841.615	0.8	NonTarget	1	168323
841.695	0.8	NonTarget	1	168339
850.245	0.8	NonTarget	1	170049
850.325	0.8	NonTarget	1	170065
850.41	0.8	NonTarget	1	170082
850.495	0.8	NonTarget	1	170099
850.58	0.8	NonTarget	1	170116
850.66	0.8	NonTarget	1	170132
850.745	0.8	NonTarget	1	170149
850.825	0.8	NonTarget	1	170165
850.91	0.8	NonTarget	1	170182
850.995	0.8	NonTarget	1	170199
851.08	0.8	NonTarget	1	170216
851.16	0.8	NonTarget	1	170232
851.245	0.8	NonTarget	1	170249
851.33	0.8	NonTarget	1	170266
851.41	0.8	NonTarget	1	170282
851.495	0.8	NonTarget	1	170299
851.58	0.8	NonTarget	1	170316
851.66	0.8	NonTarget	1	170332
851.745	0.8	NonTarget	1	170349
851.83	0.8	NonTarget	1	170366
851.91	0.8	NonTarget	1	170382
851.995	0.8	NonTarget	1	170399
852.08	0.8	NonTarget	1	170416
852.16	0.8	NonTarget	1	170432
852.245	0.8	NonTarget	1	170449
852.33	0.8	NonTarget	1	170466
852.415	0.8	Target	2	170483
852.495	0.8	NonTarget	1	170499
852.58	0.8	NonTarget	1	170516
852.665	0.8	NonTarget	1	170533
853.065	0.8	NonTarget	1	170613
853.145	0.8	NonTarget	1	170629
853.23	0.8	NonTarget	1	170646
853.315	0.8	NonTarget	1	170663
853.4	0.8	NonTarget	1	170680
853.48	0.8	NonTarget	1	170696
853.565	0.8	NonTarget	1	170713
853.645	0.8	NonTarget	1	170729
853.73	0.8	NonTarget	1	170746
853.815	0.8	NonTarget	1	170763
853.9	0.8	NonTarget	1	170780
853.98	0.8	NonTarget	1	170796
854.065	0.8	NonTarget	1	170813
854.15	0.8	NonTarget	1	170830
854.23	0.8	NonTarget	1	170846
854.315	0.8	NonTarget	1	170863
854.4	0.8	NonTarget	1	170880
854.48	0.8	NonTarget	1	170896
854.565	0.8	NonTarget	1	170913
854.65	0.8	NonTarget	1	170930
854.735	0.8	NonTarget	1	170947
854.815	0.8	NonTarget	1	170963
854.9	0.8	NonTarget	1	170980
854.985	0.8	NonTarget	1	170997
855.065	0.8	NonTarget	1	171013
855.15	0.8	NonTarget	1	171030
855.235	0.8	Target	2	171047
855.315	0.8	NonTarget	1	171063
855.4	0.8	NonTarget	1	171080
855.485	0.8	NonTarget	1	171097
855.885	0.8	NonTarget	1	171177
855.97	0.8	NonTarget	1	171194
856.05	0.8	NonTarget	1	171210
856.135	0.8	NonTarget	1	171227
856.22	0.8	NonTarget	1	171244
856.3	0.8	NonTarget	1	171260
856.385	0.8	NonTarget	1	171277
856.47	0.8	NonTarget	1	171294
856.55	0.8	NonTarget	1	171310
856.635	0.8	NonTarget	1	171327
856.72	0.8	NonTarget	1	171344
856.8	0.8	Target	2	171360
856.885	0.8	NonTarget	1	171377
856.97	0.8	NonTarget	1	171394
857.05	0.8	NonTarget	1	171410
857.135	0.8	NonTarget	1	171427
857.22	0.8	NonTarget	1	171444
857.3	0.8	NonTarget	1	171460
857.385	0.8	NonTarget	1	171477
857.47	0.8	NonTarget	1	171494
857.555	0.8	NonTarget	1	171511
857.635	0.8	NonTarget	1	171527
857.72	0.8	NonTarget	1	171544
857.805	0.8	NonTarget	1	171561
857.885	0.8	NonTarget	1	171577
857.97	0.8	NonTarget	1	171594
858.055	0.8	NonTarget	1	171611
858.14	0.8	NonTarget	1	171628
858.22	0.8	NonTarget	1	171644
858.305	0.8	NonTarget	1	171661
858.705	0.8	NonTarget	1	171741
858.79	0.8	Target	2	171758
858.87	0.8	NonTarget	1	171774
858.955	0.8	NonTarget	1	171791
859.04	0.8	NonTarget	1	171808
859.12	0.8	NonTarget	1	171824
859.205	0.8	NonTarget	1	171841
859.29	0.8	NonTarget	1	171858
859.37	0.8	NonTarget	1	171874
859.455	0.8	NonTarget	1	171891
859.54	0.8	NonTarget	1	171908
859.62	0.8	NonTarget	1	171924
859.705	0.8	NonTarget	1	171941
859.79	0.8	NonTarget	1	171958
859.875	0.8	NonTarget	1	171975
859.955	0.8	NonTarget	1	171991
860.04	0.8	NonTarget	1	172008
860.12	0.8	NonTarget	1	172024
860.21	0.8	NonTarget	1	172042
860.29	0.8	NonTarget	1	172058
860.375	0.8	NonTarget	1	172075
860.46	0.8	NonTarget	1	172092
860.54	0.8	NonTarget	1	172108
860.625	0.8	NonTarget	1	172125
860.705	0.8	NonTarget	1	172141
860.79	0.8	NonTarget	1	172158
860.875	0.8	NonTarget	1	172175
860.96	0.8	NonTarget	1	172192
861.04	0.8	NonTarget	1	172208
861.125	0.8	NonTarget	1	172225
861.525	0.8	NonTarget	1	172305
861.61	0.8	NonTarget	1	172322
861.695	0.8	NonTarget	1	172339
861.775	0.8	NonTarget	1	172355
861.86	0.8	NonTarget	1	172372
861.94	0.8	NonTarget	1	172388
862.025	0.8	NonTarget	1	172405
862.11	0.8	NonTarget	1	172422
862.195	0.8	NonTarget	1	172439
862.275	0.8	NonTarget	1	172455
862.36	0.8	NonTarget	1	172472
862.445	0.8	Target	2	172489
862.525	0.8	NonTarget	1	172505
862.61	0.8	NonTarget	1	172522
862.695	0.8	NonTarget	1	172539
862.775	0.8	NonTarget	1	172555
862.86	0.8	NonTarget	1	172572
862.945	0.8	NonTarget	1	172589
863.03	0.8	NonTarget	1	172606
863.11	0.8	NonTarget	1	172622
863.195	0.8	NonTarget	1	172639
863.275	0.8	NonTarget	1	172655
863.36	0.8	NonTarget	1	172672
863.445	0.8	NonTarget	1	172689
863.53	0.8	NonTarget	1	172706
863.61	0.8	NonTarget	1	172722
863.695	0.8	NonTarget	1	172739
863.78	0.8	NonTarget	1	172756
863.865	0.8	NonTarget	1	172773
863.945	0.8	NonTarget	1	172789
864.345	0.8	NonTarget	1	172869
864.43	0.8	Target	2	172886
864.515	0.8	NonTarget	1	172903
864.595	0.8	NonTarget	1	172919
864.68	0.8	NonTarget	1	172936
864.765	0.8	NonTarget	1	172953
864.845	0.8	NonTarget	1	172969
864.93	0.8	NonTarget	1	172986
865.015	0.8	NonTarget	1	173003
865.095	0.8	NonTarget	1	173019
865.18	0.8	NonTarget	1	173036
865.265	0.8	NonTarget	1	173053
865.345	0.8	NonTarget	1	173069
865.43	0.8	NonTarget	1	173086
865.515	0.8	NonTarget	1	173103
865.6	0.8	NonTarget	1	173120
865.68	0.8	NonTarget	1	173136
865.765	0.8	NonTarget	1	173153
865.85	0.8	NonTarget	1	173170
865.935	0.8	NonTarget	1	173187
866.015	0.8	NonTarget	1	173203
866.095	0.8	NonTarget	1	173219
866.18	0.8	NonTarget	1	173236
866.265	0.8	NonTarget	1	173253
866.35	0.8	NonTarget	1	173270
866.43	0.8	NonTarget	1	173286
866.515	0.8	NonTarget	1	173303
866.6	0.8	NonTarget	1	173320
866.68	0.8	NonTarget	1	173336
866.765	0.8	NonTarget	1	173353
867.165	0.8	NonTarget	1	173433
867.25	0.8	NonTarget	1	173450
867.33	0.8	NonTarget	1	173466
867.415	0.8	NonTarget	1	173483
867.5	0.8	NonTarget	1	173500
867.585	0.8	NonTarget	1	173517
867.665	0.8	NonTarget	1	173533
867.75	0.8	NonTarget	1	173550
867.835	0.8	NonTarget	1	173567
867.92	0.8	NonTarget	1	173584
868.0	0.8	NonTarget	1	173600
868.085	0.8	NonTarget	1	173617
868.17	0.8	NonTarget	1	173634
868.25	0.8	NonTarget	1	173650
868.335	0.8	NonTarget	1	173667
868.42	0.8	NonTarget	1	173684
868.5	0.8	NonTarget	1	173700
868.585	0.8	NonTarget	1	173717
868.67	0.8	NonTarget	1	173734
868.75	0.8	NonTarget	1	173750
868.835	0.8	NonTarget	1	173767
868.92	0.8	NonTarget	1	173784
869.005	0.8	NonTarget	1	173801
869.085	0.8	NonTarget	1	173817
869.17	0.8	NonTarget	1	173834
869.255	0.8	NonTarget	1	173851
869.335	0.8	Target	2	173867
869.42	0.8	NonTarget	1	173884
869.505	0.8	NonTarget	1	173901
869.585	0.8	NonTarget	1	173917
869.985	0.8	NonTarget	1	173997
870.07	0.8	NonTarget	1	174014
870.155	0.8	NonTarget	1	174031
870.235	0.8	NonTarget	1	174047
870.32	0.8	NonTarget	1	174064
870.405	0.8	NonTarget	1	174081
870.49	0.8	NonTarget	1	174098
870.57	0.8	NonTarget	1	174114
870.655	0.8	NonTarget	1	174131
870.74	0.8	NonTarget	1	174148
870.82	0.8	NonTarget	1	174164
870.905	0.8	NonTarget	1	174181
870.99	0.8	NonTarget	1	174198
871.07	0.8	NonTarget	1	174214
871.155	0.8	NonTarget	1	174231
871.24	0.8	NonTarget	1	174248
871.325	0.8	Target	2	174265
871.405	0.8	NonTarget	1	174281
871.49	0.8	NonTarget	1	174298
871.57	0.8	NonTarget	1	174314
871.655	0.8	NonTarget	1	174331
871.74	0.8	NonTarget	1	174348
871.825	0.8	NonTarget	1	174365
871.91	0.8	NonTarget	1	174382
871.99	0.8	NonTarget	1	174398
872.075	0.8	NonTarget	1	174415
872.155	0.8	NonTarget	1	174431
872.24	0.8	NonTarget	1	174448
872.325	0.8	NonTarget	1	174465
872.405	0.8	NonTarget	1	174481
872.81	0.8	NonTarget	1	174562
872.89	0.8	Target	2	174578
872.975	0.8	NonTarget	1	174595
873.06	0.8	NonTarget	1	174612
873.14	0.8	NonTarget	1	174628
873.225	0.8	NonTarget	1	174645
873.31	0.8	NonTarget	1	174662
873.395	0.8	NonTarget	1	174679
873.475	0.8	NonTarget	1	174695
873.56	0.8	NonTarget	1	174712
873.64	0.8	NonTarget	1	174728
873.725	0.8	NonTarget	1	174745
873.81	0.8	NonTarget	1	174762
873.895	0.8	NonTarget	1	174779
873.975	0.8	NonTarget	1	174795
874.06	0.8	NonTarget	1	174812
874.145	0.8	NonTarget	1	174829
874.225	0.8	NonTarget	1	174845
874.31	0.8	NonTarget	1	174862
874.395	0.8	NonTarget	1	174879
874.475	0.8	NonTarget	1	174895
874.56	0.8	NonTarget	1	174912
874.645	0.8	NonTarget	1	174929
874.725	0.8	NonTarget	1	174945
874.81	0.8	NonTarget	1	174962
874.895	0.8	NonTarget	1	174979
874.98	0.8	NonTarget	1	174996
875.06	0.8	NonTarget	1	175012
875.145	0.8	NonTarget	1	175029
875.225	0.8	NonTarget	1	175045
875.63	0.8	NonTarget	1	175126
875.71	0.8	NonTarget	1	175142
875.795	0.8	NonTarget	1	175159
875.88	0.8	NonTarget	1	175176
875.96	0.8	NonTarget	1	175192
876.045	0.8	NonTarget	1	175209
876.13	0.8	Target	2	175226
876.215	0.8	NonTarget	1	175243
876.295	0.8	NonTarget	1	175259
876.38	0.8	NonTarget	1	175276
876.465	0.8	NonTarget	1	175293
876.545	0.8	NonTarget	1	175309
876.63	0.8	NonTarget	1	175326
876.715	0.8	NonTarget	1	175343
876.795	0.8	NonTarget	1	175359
876.88	0.8	NonTarget	1	175376
876.965	0.8	NonTarget	1	175393
877.045	0.8	NonTarget	1	175409
877.13	0.8	NonTarget	1	175426
877.215	0.8	NonTarget	1	175443
877.3	0.8	NonTarget	1	175460
877.38	0.8	NonTarget	1	175476
877.465	0.8	NonTarget	1	175493
877.55	0.8	NonTarget	1	175510
877.63	0.8	NonTarget	1	175526
877.715	0.8	NonTarget	1	175543
877.8	0.8	NonTarget	1	175560
877.88	0.8	NonTarget	1	175576
877.965	0.8	NonTarget	1	175593
878.05	0.8	NonTarget	1	175610
