onset	duration	trial_type	value	sample
891.705	0.8	NonTarget	1	178341
891.785	0.8	NonTarget	1	178357
891.87	0.8	NonTarget	1	178374
891.95	0.8	NonTarget	1	178390
892.035	0.8	NonTarget	1	178407
892.12	0.8	NonTarget	1	178424
892.205	0.8	NonTarget	1	178441
892.285	0.8	NonTarget	1	178457
892.37	0.8	NonTarget	1	178474
892.455	0.8	Target	2	178491
892.535	0.8	NonTarget	1	178507
892.62	0.8	NonTarget	1	178524
892.705	0.8	NonTarget	1	178541
892.79	0.8	NonTarget	1	178558
892.87	0.8	NonTarget	1	178574
892.955	0.8	NonTarget	1	178591
893.04	0.8	NonTarget	1	178608
893.12	0.8	NonTarget	1	178624
893.205	0.8	NonTarget	1	178641
893.29	0.8	NonTarget	1	178658
893.37	0.8	NonTarget	1	178674
893.455	0.8	NonTarget	1	178691
893.54	0.8	NonTarget	1	178708
893.62	0.8	NonTarget	1	178724
893.705	0.8	NonTarget	1	178741
893.79	0.8	NonTarget	1	178758
893.87	0.8	NonTarget	1	178774
893.955	0.8	NonTarget	1	178791
894.04	0.8	NonTarget	1	178808
894.12	0.8	NonTarget	1	178824
894.525	0.8	NonTarget	1	178905
894.605	0.8	NonTarget	1	178921
894.69	0.8	NonTarget	1	178938
894.775	0.8	NonTarget	1	178955
894.855	0.8	Target	2	178971
894.94	0.8	NonTarget	1	178988
895.025	0.8	NonTarget	1	179005
895.105	0.8	NonTarget	1	179021
895.19	0.8	NonTarget	1	179038
895.275	0.8	NonTarget	1	179055
895.355	0.8	NonTarget	1	179071
895.44	0.8	NonTarget	1	179088
895.525	0.8	NonTarget	1	179105
895.605	0.8	NonTarget	1	179121
895.69	0.8	NonTarget	1	179138
895.775	0.8	NonTarget	1	179155
895.855	0.8	NonTarget	1	179171
895.94	0.8	NonTarget	1	179188
896.025	0.8	NonTarget	1	179205
896.11	0.8	NonTarget	1	179222
896.19	0.8	NonTarget	1	179238
896.275	0.8	NonTarget	1	179255
896.36	0.8	NonTarget	1	179272
896.44	0.8	NonTarget	1	179288
896.525	0.8	NonTarget	1	179305
896.61	0.8	NonTarget	1	179322
896.695	0.8	NonTarget	1	179339
896.775	0.8	NonTarget	1	179355
896.86	0.8	NonTarget	1	179372
896.945	0.8	NonTarget	1	179389
897.34	0.8	NonTarget	1	179468
897.425	0.8	NonTarget	1	179485
897.51	0.8	NonTarget	1	179502
897.595	0.8	NonTarget	1	179519
897.68	0.8	NonTarget	1	179536
897.76	0.8	NonTarget	1	179552
897.845	0.8	NonTarget	1	179569
897.93	0.8	NonTarget	1	179586
898.01	0.8	NonTarget	1	179602
898.095	0.8	NonTarget	1	179619
898.18	0.8	NonTarget	1	179636
898.26	0.8	NonTarget	1	179652
898.345	0.8	NonTarget	1	179669
898.43	0.8	NonTarget	1	179686
898.51	0.8	NonTarget	1	179702
898.595	0.8	NonTarget	1	179719
898.68	0.8	NonTarget	1	179736
898.76	0.8	NonTarget	1	179752
898.845	0.8	NonTarget	1	179769
898.93	0.8	NonTarget	1	179786
899.01	0.8	NonTarget	1	179802
899.095	0.8	NonTarget	1	179819
899.18	0.8	NonTarget	1	179836
899.265	0.8	NonTarget	1	179853
899.345	0.8	Target	2	179869
899.43	0.8	NonTarget	1	179886
899.515	0.8	NonTarget	1	179903
899.595	0.8	NonTarget	1	179919
899.68	0.8	NonTarget	1	179936
899.765	0.8	NonTarget	1	179953
900.165	0.8	NonTarget	1	180033
900.245	0.8	NonTarget	1	180049
900.33	0.8	NonTarget	1	180066
900.415	0.8	NonTarget	1	180083
900.5	0.8	NonTarget	1	180100
900.58	0.8	NonTarget	1	180116
900.665	0.8	NonTarget	1	180133
900.75	0.8	NonTarget	1	180150
900.83	0.8	NonTarget	1	180166
900.915	0.8	Target	2	180183
901.0	0.8	NonTarget	1	180200
901.08	0.8	NonTarget	1	180216
901.165	0.8	NonTarget	1	180233
901.25	0.8	NonTarget	1	180250
901.33	0.8	NonTarget	1	180266
901.415	0.8	NonTarget	1	180283
901.5	0.8	NonTarget	1	180300
901.585	0.8	NonTarget	1	180317
901.665	0.8	NonTarget	1	180333
901.75	0.8	NonTarget	1	180350
901.835	0.8	NonTarget	1	180367
901.915	0.8	NonTarget	1	180383
902.0	0.8	NonTarget	1	180400
902.085	0.8	NonTarget	1	180417
902.165	0.8	NonTarget	1	180433
902.25	0.8	NonTarget	1	180450
902.335	0.8	NonTarget	1	180467
902.415	0.8	NonTarget	1	180483
902.5	0.8	NonTarget	1	180500
902.585	0.8	NonTarget	1	180517
902.985	0.8	NonTarget	1	180597
903.07	0.8	NonTarget	1	180614
903.15	0.8	NonTarget	1	180630
903.235	0.8	NonTarget	1	180647
903.32	0.8	NonTarget	1	180664
903.4	0.8	NonTarget	1	180680
903.485	0.8	NonTarget	1	180697
903.57	0.8	NonTarget	1	180714
903.65	0.8	NonTarget	1	180730
903.735	0.8	NonTarget	1	180747
903.82	0.8	NonTarget	1	180764
903.905	0.8	NonTarget	1	180781
903.985	0.8	NonTarget	1	180797
904.07	0.8	NonTarget	1	180814
904.155	0.8	NonTarget	1	180831
904.235	0.8	NonTarget	1	180847
904.32	0.8	NonTarget	1	180864
904.405	0.8	NonTarget	1	180881
904.485	0.8	NonTarget	1	180897
904.57	0.8	Target	2	180914
904.65	0.8	NonTarget	1	180930
904.735	0.8	NonTarget	1	180947
904.82	0.8	NonTarget	1	180964
904.905	0.8	NonTarget	1	180981
904.985	0.8	NonTarget	1	180997
905.07	0.8	NonTarget	1	181014
905.155	0.8	NonTarget	1	181031
905.24	0.8	NonTarget	1	181048
905.32	0.8	NonTarget	1	181064
905.405	0.8	NonTarget	1	181081
905.805	0.8	NonTarget	1	181161
905.89	0.8	NonTarget	1	181178
905.975	0.8	NonTarget	1	181195
906.055	0.8	NonTarget	1	181211
906.14	0.8	NonTarget	1	181228
906.22	0.8	NonTarget	1	181244
906.305	0.8	NonTarget	1	181261
906.39	0.8	NonTarget	1	181278
906.475	0.8	NonTarget	1	181295
906.555	0.8	Target	2	181311
906.64	0.8	NonTarget	1	181328
906.725	0.8	NonTarget	1	181345
906.805	0.8	NonTarget	1	181361
906.89	0.8	NonTarget	1	181378
906.975	0.8	NonTarget	1	181395
907.055	0.8	NonTarget	1	181411
907.14	0.8	NonTarget	1	181428
907.225	0.8	NonTarget	1	181445
907.31	0.8	NonTarget	1	181462
907.39	0.8	NonTarget	1	181478
907.475	0.8	NonTarget	1	181495
907.56	0.8	NonTarget	1	181512
907.64	0.8	NonTarget	1	181528
907.725	0.8	NonTarget	1	181545
907.805	0.8	NonTarget	1	181561
907.895	0.8	NonTarget	1	181579
907.975	0.8	NonTarget	1	181595
908.06	0.8	NonTarget	1	181612
908.14	0.8	NonTarget	1	181628
908.225	0.8	NonTarget	1	181645
908.625	0.8	NonTarget	1	181725
908.71	0.8	NonTarget	1	181742
908.795	0.8	NonTarget	1	181759
908.875	0.8	NonTarget	1	181775
908.96	0.8	NonTarget	1	181792
909.045	0.8	NonTarget	1	181809
909.125	0.8	NonTarget	1	181825
909.21	0.8	NonTarget	1	181842
909.295	0.8	NonTarget	1	181859
909.38	0.8	NonTarget	1	181876
909.46	0.8	NonTarget	1	181892
909.545	0.8	NonTarget	1	181909
909.625	0.8	NonTarget	1	181925
909.71	0.8	NonTarget	1	181942
909.795	0.8	NonTarget	1	181959
909.875	0.8	NonTarget	1	181975
909.96	0.8	NonTarget	1	181992
910.045	0.8	NonTarget	1	182009
910.13	0.8	NonTarget	1	182026
910.21	0.8	Target	2	182042
910.295	0.8	NonTarget	1	182059
910.38	0.8	NonTarget	1	182076
910.46	0.8	NonTarget	1	182092
910.545	0.8	NonTarget	1	182109
910.63	0.8	NonTarget	1	182126
910.71	0.8	NonTarget	1	182142
910.795	0.8	NonTarget	1	182159
910.88	0.8	NonTarget	1	182176
910.965	0.8	NonTarget	1	182193
911.045	0.8	NonTarget	1	182209
911.445	0.8	NonTarget	1	182289
911.53	0.8	NonTarget	1	182306
911.615	0.8	NonTarget	1	182323
911.7	0.8	NonTarget	1	182340
911.78	0.8	NonTarget	1	182356
911.865	0.8	NonTarget	1	182373
911.945	0.8	NonTarget	1	182389
912.03	0.8	NonTarget	1	182406
912.115	0.8	NonTarget	1	182423
912.2	0.8	NonTarget	1	182440
912.28	0.8	NonTarget	1	182456
912.365	0.8	NonTarget	1	182473
912.45	0.8	NonTarget	1	182490
912.53	0.8	NonTarget	1	182506
912.615	0.8	NonTarget	1	182523
912.7	0.8	NonTarget	1	182540
912.78	0.8	NonTarget	1	182556
912.865	0.8	NonTarget	1	182573
912.95	0.8	NonTarget	1	182590
913.03	0.8	NonTarget	1	182606
913.115	0.8	NonTarget	1	182623
913.2	0.8	NonTarget	1	182640
913.28	0.8	NonTarget	1	182656
913.365	0.8	NonTarget	1	182673
913.45	0.8	Target	2	182690
913.535	0.8	NonTarget	1	182707
913.615	0.8	NonTarget	1	182723
913.7	0.8	NonTarget	1	182740
913.785	0.8	NonTarget	1	182757
913.865	0.8	NonTarget	1	182773
914.27	0.8	NonTarget	1	182854
914.35	0.8	NonTarget	1	182870
914.435	0.8	NonTarget	1	182887
914.52	0.8	NonTarget	1	182904
914.6	0.8	NonTarget	1	182920
914.685	0.8	NonTarget	1	182937
914.77	0.8	NonTarget	1	182954
914.85	0.8	NonTarget	1	182970
914.935	0.8	NonTarget	1	182987
915.02	0.8	NonTarget	1	183004
915.1	0.8	NonTarget	1	183020
915.185	0.8	NonTarget	1	183037
915.27	0.8	NonTarget	1	183054
915.35	0.8	NonTarget	1	183070
915.435	0.8	Target	2	183087
915.52	0.8	NonTarget	1	183104
915.6	0.8	NonTarget	1	183120
915.685	0.8	NonTarget	1	183137
915.77	0.8	NonTarget	1	183154
915.855	0.8	NonTarget	1	183171
915.935	0.8	NonTarget	1	183187
916.02	0.8	NonTarget	1	183204
916.105	0.8	NonTarget	1	183221
916.185	0.8	NonTarget	1	183237
916.27	0.8	NonTarget	1	183254
916.355	0.8	NonTarget	1	183271
916.435	0.8	NonTarget	1	183287
916.52	0.8	NonTarget	1	183304
916.605	0.8	NonTarget	1	183321
916.685	0.8	NonTarget	1	183337
917.09	0.8	NonTarget	1	183418
917.17	0.8	NonTarget	1	183434
917.255	0.8	NonTarget	1	183451
917.34	0.8	NonTarget	1	183468
917.42	0.8	NonTarget	1	183484
917.505	0.8	NonTarget	1	183501
917.59	0.8	NonTarget	1	183518
917.67	0.8	NonTarget	1	183534
917.755	0.8	NonTarget	1	183551
917.84	0.8	NonTarget	1	183568
917.925	0.8	NonTarget	1	183585
918.005	0.8	NonTarget	1	183601
918.09	0.8	NonTarget	1	183618
918.175	0.8	NonTarget	1	183635
918.255	0.8	Target	2	183651
918.34	0.8	NonTarget	1	183668
918.425	0.8	NonTarget	1	183685
918.505	0.8	NonTarget	1	183701
918.59	0.8	NonTarget	1	183718
918.675	0.8	NonTarget	1	183735
918.755	0.8	NonTarget	1	183751
918.84	0.8	NonTarget	1	183768
918.925	0.8	NonTarget	1	183785
919.005	0.8	NonTarget	1	183801
919.09	0.8	NonTarget	1	183818
919.175	0.8	NonTarget	1	183835
919.26	0.8	NonTarget	1	183852
919.34	0.8	NonTarget	1	183868
919.425	0.8	NonTarget	1	183885
919.505	0.8	NonTarget	1	183901
929.475	0.8	NonTarget	1	185895
929.555	0.8	NonTarget	1	185911
929.64	0.8	NonTarget	1	185928
929.72	0.8	NonTarget	1	185944
929.805	0.8	NonTarget	1	185961
929.89	0.8	NonTarget	1	185978
929.97	0.8	NonTarget	1	185994
930.055	0.8	NonTarget	1	186011
930.14	0.8	NonTarget	1	186028
930.225	0.8	Target	2	186045
930.305	0.8	NonTarget	1	186061
930.39	0.8	NonTarget	1	186078
930.475	0.8	NonTarget	1	186095
930.555	0.8	NonTarget	1	186111
930.64	0.8	NonTarget	1	186128
930.725	0.8	NonTarget	1	186145
930.81	0.8	NonTarget	1	186162
930.89	0.8	NonTarget	1	186178
930.975	0.8	NonTarget	1	186195
931.06	0.8	NonTarget	1	186212
931.14	0.8	NonTarget	1	186228
931.225	0.8	NonTarget	1	186245
931.31	0.8	NonTarget	1	186262
931.39	0.8	NonTarget	1	186278
931.475	0.8	NonTarget	1	186295
931.56	0.8	NonTarget	1	186312
931.64	0.8	NonTarget	1	186328
931.725	0.8	NonTarget	1	186345
931.81	0.8	NonTarget	1	186362
931.89	0.8	NonTarget	1	186378
932.29	0.8	NonTarget	1	186458
932.375	0.8	NonTarget	1	186475
932.46	0.8	NonTarget	1	186492
932.545	0.8	NonTarget	1	186509
932.625	0.8	NonTarget	1	186525
932.71	0.8	NonTarget	1	186542
932.795	0.8	NonTarget	1	186559
932.875	0.8	NonTarget	1	186575
932.96	0.8	NonTarget	1	186592
933.045	0.8	NonTarget	1	186609
933.125	0.8	NonTarget	1	186625
933.21	0.8	NonTarget	1	186642
933.295	0.8	NonTarget	1	186659
933.38	0.8	NonTarget	1	186676
933.46	0.8	NonTarget	1	186692
933.545	0.8	NonTarget	1	186709
933.625	0.8	NonTarget	1	186725
933.71	0.8	NonTarget	1	186742
933.795	0.8	NonTarget	1	186759
933.88	0.8	Target	2	186776
933.96	0.8	NonTarget	1	186792
934.045	0.8	NonTarget	1	186809
934.13	0.8	NonTarget	1	186826
934.21	0.8	NonTarget	1	186842
934.295	0.8	NonTarget	1	186859
934.38	0.8	NonTarget	1	186876
934.465	0.8	NonTarget	1	186893
934.545	0.8	NonTarget	1	186909
934.63	0.8	NonTarget	1	186926
934.715	0.8	NonTarget	1	186943
935.115	0.8	NonTarget	1	187023
935.195	0.8	NonTarget	1	187039
935.28	0.8	NonTarget	1	187056
935.365	0.8	NonTarget	1	187073
935.445	0.8	NonTarget	1	187089
935.53	0.8	NonTarget	1	187106
935.615	0.8	NonTarget	1	187123
935.7	0.8	NonTarget	1	187140
935.78	0.8	NonTarget	1	187156
935.865	0.8	NonTarget	1	187173
935.95	0.8	NonTarget	1	187190
936.03	0.8	NonTarget	1	187206
936.115	0.8	NonTarget	1	187223
936.2	0.8	NonTarget	1	187240
936.285	0.8	Target	2	187257
936.365	0.8	NonTarget	1	187273
936.45	0.8	NonTarget	1	187290
936.53	0.8	NonTarget	1	187306
936.615	0.8	NonTarget	1	187323
936.7	0.8	NonTarget	1	187340
936.78	0.8	NonTarget	1	187356
936.865	0.8	NonTarget	1	187373
936.95	0.8	NonTarget	1	187390
937.035	0.8	NonTarget	1	187407
937.115	0.8	NonTarget	1	187423
937.2	0.8	NonTarget	1	187440
937.285	0.8	NonTarget	1	187457
937.365	0.8	NonTarget	1	187473
937.45	0.8	NonTarget	1	187490
937.535	0.8	NonTarget	1	187507
937.935	0.8	NonTarget	1	187587
938.015	0.8	NonTarget	1	187603
938.1	0.8	NonTarget	1	187620
938.185	0.8	NonTarget	1	187637
938.27	0.8	NonTarget	1	187654
938.35	0.8	NonTarget	1	187670
938.435	0.8	NonTarget	1	187687
938.52	0.8	NonTarget	1	187704
938.6	0.8	NonTarget	1	187720
938.685	0.8	NonTarget	1	187737
938.77	0.8	NonTarget	1	187754
938.855	0.8	NonTarget	1	187771
938.935	0.8	NonTarget	1	187787
939.02	0.8	NonTarget	1	187804
939.1	0.8	NonTarget	1	187820
939.185	0.8	NonTarget	1	187837
939.27	0.8	NonTarget	1	187854
939.35	0.8	NonTarget	1	187870
939.435	0.8	NonTarget	1	187887
939.52	0.8	NonTarget	1	187904
939.605	0.8	NonTarget	1	187921
939.685	0.8	NonTarget	1	187937
939.77	0.8	NonTarget	1	187954
939.855	0.8	NonTarget	1	187971
939.935	0.8	Target	2	187987
940.02	0.8	NonTarget	1	188004
940.105	0.8	NonTarget	1	188021
940.19	0.8	NonTarget	1	188038
940.27	0.8	NonTarget	1	188054
940.355	0.8	NonTarget	1	188071
940.755	0.8	NonTarget	1	188151
940.84	0.8	NonTarget	1	188168
940.92	0.8	NonTarget	1	188184
941.005	0.8	NonTarget	1	188201
941.09	0.8	NonTarget	1	188218
941.17	0.8	NonTarget	1	188234
941.255	0.8	NonTarget	1	188251
941.34	0.8	NonTarget	1	188268
941.42	0.8	NonTarget	1	188284
941.505	0.8	NonTarget	1	188301
941.59	0.8	NonTarget	1	188318
941.675	0.8	NonTarget	1	188335
941.755	0.8	NonTarget	1	188351
941.84	0.8	NonTarget	1	188368
941.925	0.8	Target	2	188385
942.005	0.8	NonTarget	1	188401
942.09	0.8	NonTarget	1	188418
942.17	0.8	NonTarget	1	188434
942.26	0.8	NonTarget	1	188452
942.34	0.8	NonTarget	1	188468
942.425	0.8	NonTarget	1	188485
942.505	0.8	NonTarget	1	188501
942.59	0.8	NonTarget	1	188518
942.675	0.8	NonTarget	1	188535
942.755	0.8	NonTarget	1	188551
942.84	0.8	NonTarget	1	188568
942.925	0.8	NonTarget	1	188585
943.01	0.8	NonTarget	1	188602
943.09	0.8	NonTarget	1	188618
943.175	0.8	NonTarget	1	188635
943.575	0.8	NonTarget	1	188715
943.66	0.8	NonTarget	1	188732
943.74	0.8	NonTarget	1	188748
943.825	0.8	NonTarget	1	188765
943.91	0.8	NonTarget	1	188782
943.995	0.8	NonTarget	1	188799
944.075	0.8	NonTarget	1	188815
944.16	0.8	NonTarget	1	188832
944.245	0.8	NonTarget	1	188849
944.325	0.8	NonTarget	1	188865
944.41	0.8	NonTarget	1	188882
944.49	0.8	NonTarget	1	188898
944.575	0.8	NonTarget	1	188915
944.66	0.8	NonTarget	1	188932
944.745	0.8	NonTarget	1	188949
944.83	0.8	NonTarget	1	188966
944.91	0.8	NonTarget	1	188982
944.995	0.8	NonTarget	1	188999
945.075	0.8	NonTarget	1	189015
945.16	0.8	NonTarget	1	189032
945.245	0.8	NonTarget	1	189049
945.33	0.8	NonTarget	1	189066
945.41	0.8	NonTarget	1	189082
945.495	0.8	NonTarget	1	189099
945.58	0.8	Target	2	189116
945.66	0.8	NonTarget	1	189132
945.745	0.8	NonTarget	1	189149
945.83	0.8	NonTarget	1	189166
945.915	0.8	NonTarget	1	189183
945.995	0.8	NonTarget	1	189199
946.395	0.8	NonTarget	1	189279
946.48	0.8	NonTarget	1	189296
946.565	0.8	NonTarget	1	189313
946.645	0.8	NonTarget	1	189329
946.73	0.8	NonTarget	1	189346
946.815	0.8	NonTarget	1	189363
946.895	0.8	NonTarget	1	189379
946.98	0.8	NonTarget	1	189396
947.065	0.8	NonTarget	1	189413
947.145	0.8	Target	2	189429
947.23	0.8	NonTarget	1	189446
947.315	0.8	NonTarget	1	189463
947.4	0.8	NonTarget	1	189480
947.48	0.8	NonTarget	1	189496
947.565	0.8	NonTarget	1	189513
947.65	0.8	NonTarget	1	189530
947.73	0.8	NonTarget	1	189546
947.815	0.8	NonTarget	1	189563
947.9	0.8	NonTarget	1	189580
947.98	0.8	NonTarget	1	189596
948.065	0.8	NonTarget	1	189613
948.15	0.8	NonTarget	1	189630
948.23	0.8	NonTarget	1	189646
948.315	0.8	NonTarget	1	189663
948.4	0.8	NonTarget	1	189680
948.48	0.8	NonTarget	1	189696
948.565	0.8	NonTarget	1	189713
948.65	0.8	NonTarget	1	189730
948.735	0.8	NonTarget	1	189747
948.815	0.8	NonTarget	1	189763
949.215	0.8	NonTarget	1	189843
949.3	0.8	NonTarget	1	189860
949.385	0.8	NonTarget	1	189877
949.465	0.8	NonTarget	1	189893
949.55	0.8	NonTarget	1	189910
949.635	0.8	NonTarget	1	189927
949.715	0.8	NonTarget	1	189943
949.8	0.8	NonTarget	1	189960
949.885	0.8	NonTarget	1	189977
949.97	0.8	Target	2	189994
950.05	0.8	NonTarget	1	190010
950.135	0.8	NonTarget	1	190027
950.22	0.8	NonTarget	1	190044
950.305	0.8	NonTarget	1	190061
950.385	0.8	NonTarget	1	190077
950.47	0.8	NonTarget	1	190094
950.55	0.8	NonTarget	1	190110
950.635	0.8	NonTarget	1	190127
950.72	0.8	NonTarget	1	190144
950.8	0.8	NonTarget	1	190160
950.885	0.8	NonTarget	1	190177
950.97	0.8	NonTarget	1	190194
951.055	0.8	NonTarget	1	190211
951.135	0.8	NonTarget	1	190227
951.22	0.8	NonTarget	1	190244
951.305	0.8	NonTarget	1	190261
951.385	0.8	NonTarget	1	190277
951.47	0.8	NonTarget	1	190294
951.555	0.8	NonTarget	1	190311
951.635	0.8	NonTarget	1	190327
952.035	0.8	NonTarget	1	190407
952.12	0.8	NonTarget	1	190424
952.205	0.8	NonTarget	1	190441
952.29	0.8	NonTarget	1	190458
952.37	0.8	NonTarget	1	190474
952.455	0.8	NonTarget	1	190491
952.54	0.8	NonTarget	1	190508
952.62	0.8	NonTarget	1	190524
952.705	0.8	NonTarget	1	190541
952.79	0.8	NonTarget	1	190558
952.87	0.8	NonTarget	1	190574
952.955	0.8	NonTarget	1	190591
953.04	0.8	NonTarget	1	190608
953.125	0.8	NonTarget	1	190625
953.205	0.8	NonTarget	1	190641
953.29	0.8	NonTarget	1	190658
953.375	0.8	NonTarget	1	190675
953.455	0.8	NonTarget	1	190691
953.54	0.8	NonTarget	1	190708
953.625	0.8	NonTarget	1	190725
953.705	0.8	NonTarget	1	190741
953.79	0.8	NonTarget	1	190758
953.875	0.8	NonTarget	1	190775
953.955	0.8	NonTarget	1	190791
954.04	0.8	NonTarget	1	190808
954.125	0.8	NonTarget	1	190825
954.205	0.8	NonTarget	1	190841
954.29	0.8	NonTarget	1	190858
954.375	0.8	NonTarget	1	190875
954.46	0.8	Target	2	190892
954.855	0.8	NonTarget	1	190971
954.94	0.8	NonTarget	1	190988
955.025	0.8	NonTarget	1	191005
955.11	0.8	NonTarget	1	191022
955.19	0.8	NonTarget	1	191038
955.275	0.8	NonTarget	1	191055
955.36	0.8	NonTarget	1	191072
955.44	0.8	NonTarget	1	191088
955.525	0.8	NonTarget	1	191105
955.61	0.8	NonTarget	1	191122
955.69	0.8	NonTarget	1	191138
955.775	0.8	NonTarget	1	191155
955.86	0.8	NonTarget	1	191172
955.945	0.8	NonTarget	1	191189
956.025	0.8	NonTarget	1	191205
956.11	0.8	NonTarget	1	191222
956.195	0.8	NonTarget	1	191239
956.275	0.8	NonTarget	1	191255
956.36	0.8	NonTarget	1	191272
956.445	0.8	NonTarget	1	191289
956.525	0.8	NonTarget	1	191305
956.61	0.8	NonTarget	1	191322
956.695	0.8	NonTarget	1	191339
956.78	0.8	NonTarget	1	191356
956.86	0.8	NonTarget	1	191372
956.945	0.8	NonTarget	1	191389
957.03	0.8	NonTarget	1	191406
957.11	0.8	NonTarget	1	191422
957.195	0.8	NonTarget	1	191439
957.28	0.8	Target	2	191456
967.23	0.8	NonTarget	1	193446
967.31	0.8	NonTarget	1	193462
967.39	0.8	NonTarget	1	193478
967.475	0.8	NonTarget	1	193495
967.56	0.8	NonTarget	1	193512
967.645	0.8	NonTarget	1	193529
967.725	0.8	NonTarget	1	193545
967.81	0.8	NonTarget	1	193562
967.895	0.8	NonTarget	1	193579
967.975	0.8	NonTarget	1	193595
968.06	0.8	NonTarget	1	193612
968.145	0.8	NonTarget	1	193629
968.225	0.8	NonTarget	1	193645
968.31	0.8	NonTarget	1	193662
968.395	0.8	NonTarget	1	193679
968.48	0.8	NonTarget	1	193696
968.56	0.8	NonTarget	1	193712
968.645	0.8	Target	2	193729
968.73	0.8	NonTarget	1	193746
968.81	0.8	NonTarget	1	193762
968.895	0.8	NonTarget	1	193779
968.98	0.8	NonTarget	1	193796
969.06	0.8	NonTarget	1	193812
969.145	0.8	NonTarget	1	193829
969.23	0.8	NonTarget	1	193846
969.31	0.8	NonTarget	1	193862
969.395	0.8	NonTarget	1	193879
969.48	0.8	NonTarget	1	193896
969.56	0.8	NonTarget	1	193912
969.645	0.8	NonTarget	1	193929
970.045	0.8	NonTarget	1	194009
970.13	0.8	NonTarget	1	194026
970.215	0.8	Target	2	194043
970.3	0.8	NonTarget	1	194060
970.38	0.8	NonTarget	1	194076
970.465	0.8	NonTarget	1	194093
970.545	0.8	NonTarget	1	194109
970.63	0.8	NonTarget	1	194126
970.715	0.8	NonTarget	1	194143
970.795	0.8	NonTarget	1	194159
970.88	0.8	NonTarget	1	194176
970.965	0.8	NonTarget	1	194193
971.05	0.8	NonTarget	1	194210
971.13	0.8	NonTarget	1	194226
971.215	0.8	NonTarget	1	194243
971.3	0.8	NonTarget	1	194260
971.38	0.8	NonTarget	1	194276
971.465	0.8	NonTarget	1	194293
971.55	0.8	NonTarget	1	194310
971.63	0.8	NonTarget	1	194326
971.715	0.8	NonTarget	1	194343
971.8	0.8	NonTarget	1	194360
971.88	0.8	NonTarget	1	194376
971.965	0.8	NonTarget	1	194393
972.05	0.8	NonTarget	1	194410
972.13	0.8	NonTarget	1	194426
972.215	0.8	NonTarget	1	194443
972.3	0.8	NonTarget	1	194460
972.385	0.8	NonTarget	1	194477
972.465	0.8	NonTarget	1	194493
972.87	0.8	NonTarget	1	194574
972.95	0.8	NonTarget	1	194590
973.035	0.8	NonTarget	1	194607
973.115	0.8	NonTarget	1	194623
973.2	0.8	NonTarget	1	194640
973.285	0.8	NonTarget	1	194657
973.37	0.8	NonTarget	1	194674
973.45	0.8	Target	2	194690
973.535	0.8	NonTarget	1	194707
973.62	0.8	NonTarget	1	194724
973.7	0.8	NonTarget	1	194740
973.785	0.8	NonTarget	1	194757
973.87	0.8	NonTarget	1	194774
973.95	0.8	NonTarget	1	194790
974.035	0.8	NonTarget	1	194807
974.12	0.8	NonTarget	1	194824
974.2	0.8	NonTarget	1	194840
974.285	0.8	NonTarget	1	194857
974.37	0.8	NonTarget	1	194874
974.455	0.8	NonTarget	1	194891
974.535	0.8	NonTarget	1	194907
974.62	0.8	NonTarget	1	194924
974.705	0.8	NonTarget	1	194941
974.785	0.8	NonTarget	1	194957
974.87	0.8	NonTarget	1	194974
974.955	0.8	NonTarget	1	194991
975.035	0.8	NonTarget	1	195007
975.12	0.8	NonTarget	1	195024
975.205	0.8	NonTarget	1	195041
975.285	0.8	NonTarget	1	195057
975.685	0.8	NonTarget	1	195137
975.77	0.8	NonTarget	1	195154
975.855	0.8	NonTarget	1	195171
975.94	0.8	NonTarget	1	195188
976.02	0.8	NonTarget	1	195204
976.105	0.8	NonTarget	1	195221
976.19	0.8	NonTarget	1	195238
976.27	0.8	NonTarget	1	195254
976.355	0.8	NonTarget	1	195271
976.44	0.8	NonTarget	1	195288
976.52	0.8	NonTarget	1	195304
976.605	0.8	NonTarget	1	195321
976.69	0.8	Target	2	195338
976.775	0.8	NonTarget	1	195355
976.855	0.8	NonTarget	1	195371
976.94	0.8	NonTarget	1	195388
977.025	0.8	NonTarget	1	195405
977.105	0.8	NonTarget	1	195421
977.19	0.8	NonTarget	1	195438
977.275	0.8	NonTarget	1	195455
977.355	0.8	NonTarget	1	195471
977.44	0.8	NonTarget	1	195488
977.525	0.8	NonTarget	1	195505
977.605	0.8	NonTarget	1	195521
977.69	0.8	NonTarget	1	195538
977.775	0.8	NonTarget	1	195555
977.855	0.8	NonTarget	1	195571
977.94	0.8	NonTarget	1	195588
978.025	0.8	NonTarget	1	195605
978.105	0.8	NonTarget	1	195621
978.51	0.8	NonTarget	1	195702
978.59	0.8	NonTarget	1	195718
978.675	0.8	NonTarget	1	195735
978.76	0.8	NonTarget	1	195752
978.84	0.8	NonTarget	1	195768
978.925	0.8	NonTarget	1	195785
979.01	0.8	NonTarget	1	195802
979.09	0.8	NonTarget	1	195818
979.175	0.8	NonTarget	1	195835
979.26	0.8	NonTarget	1	195852
979.345	0.8	NonTarget	1	195869
979.425	0.8	NonTarget	1	195885
979.51	0.8	Target	2	195902
979.595	0.8	NonTarget	1	195919
979.675	0.8	NonTarget	1	195935
979.76	0.8	NonTarget	1	195952
979.84	0.8	NonTarget	1	195968
979.925	0.8	NonTarget	1	195985
980.01	0.8	NonTarget	1	196002
980.095	0.8	NonTarget	1	196019
980.18	0.8	NonTarget	1	196036
980.26	0.8	NonTarget	1	196052
980.345	0.8	NonTarget	1	196069
980.43	0.8	NonTarget	1	196086
980.51	0.8	NonTarget	1	196102
980.595	0.8	NonTarget	1	196119
980.68	0.8	NonTarget	1	196136
980.76	0.8	NonTarget	1	196152
980.845	0.8	NonTarget	1	196169
980.93	0.8	NonTarget	1	196186
981.33	0.8	NonTarget	1	196266
981.41	0.8	NonTarget	1	196282
981.495	0.8	Target	2	196299
981.58	0.8	NonTarget	1	196316
981.665	0.8	NonTarget	1	196333
981.745	0.8	NonTarget	1	196349
981.83	0.8	NonTarget	1	196366
981.915	0.8	NonTarget	1	196383
981.995	0.8	NonTarget	1	196399
982.08	0.8	NonTarget	1	196416
982.165	0.8	NonTarget	1	196433
982.245	0.8	NonTarget	1	196449
982.33	0.8	NonTarget	1	196466
982.415	0.8	NonTarget	1	196483
982.5	0.8	NonTarget	1	196500
982.58	0.8	NonTarget	1	196516
982.665	0.8	NonTarget	1	196533
982.75	0.8	NonTarget	1	196550
982.83	0.8	NonTarget	1	196566
982.915	0.8	NonTarget	1	196583
983.0	0.8	NonTarget	1	196600
983.08	0.8	NonTarget	1	196616
983.165	0.8	NonTarget	1	196633
983.25	0.8	NonTarget	1	196650
983.33	0.8	NonTarget	1	196666
983.415	0.8	NonTarget	1	196683
983.5	0.8	NonTarget	1	196700
983.58	0.8	NonTarget	1	196716
983.665	0.8	NonTarget	1	196733
983.75	0.8	NonTarget	1	196750
984.15	0.8	NonTarget	1	196830
984.235	0.8	NonTarget	1	196847
984.315	0.8	NonTarget	1	196863
984.4	0.8	NonTarget	1	196880
984.485	0.8	NonTarget	1	196897
984.565	0.8	NonTarget	1	196913
984.65	0.8	NonTarget	1	196930
984.735	0.8	NonTarget	1	196947
984.815	0.8	NonTarget	1	196963
984.9	0.8	NonTarget	1	196980
984.985	0.8	NonTarget	1	196997
985.07	0.8	NonTarget	1	197014
985.15	0.8	Target	2	197030
985.235	0.8	NonTarget	1	197047
985.315	0.8	NonTarget	1	197063
985.4	0.8	NonTarget	1	197080
985.485	0.8	NonTarget	1	197097
985.57	0.8	NonTarget	1	197114
985.65	0.8	NonTarget	1	197130
985.735	0.8	NonTarget	1	197147
985.82	0.8	NonTarget	1	197164
985.9	0.8	NonTarget	1	197180
985.985	0.8	NonTarget	1	197197
986.07	0.8	NonTarget	1	197214
986.15	0.8	NonTarget	1	197230
986.235	0.8	NonTarget	1	197247
986.32	0.8	NonTarget	1	197264
986.405	0.8	NonTarget	1	197281
986.485	0.8	NonTarget	1	197297
986.57	0.8	NonTarget	1	197314
986.97	0.8	NonTarget	1	197394
987.055	0.8	NonTarget	1	197411
987.135	0.8	NonTarget	1	197427
987.22	0.8	NonTarget	1	197444
987.305	0.8	NonTarget	1	197461
987.39	0.8	NonTarget	1	197478
987.47	0.8	NonTarget	1	197494
987.555	0.8	NonTarget	1	197511
987.64	0.8	NonTarget	1	197528
987.72	0.8	NonTarget	1	197544
987.805	0.8	NonTarget	1	197561
987.89	0.8	NonTarget	1	197578
987.97	0.8	NonTarget	1	197594
988.055	0.8	NonTarget	1	197611
988.135	0.8	NonTarget	1	197627
988.22	0.8	NonTarget	1	197644
988.305	0.8	NonTarget	1	197661
988.39	0.8	NonTarget	1	197678
988.47	0.8	NonTarget	1	197694
988.555	0.8	NonTarget	1	197711
988.64	0.8	NonTarget	1	197728
988.725	0.8	NonTarget	1	197745
988.805	0.8	Target	2	197761
988.89	0.8	NonTarget	1	197778
988.975	0.8	NonTarget	1	197795
989.055	0.8	NonTarget	1	197811
989.14	0.8	NonTarget	1	197828
989.225	0.8	NonTarget	1	197845
989.305	0.8	NonTarget	1	197861
989.39	0.8	NonTarget	1	197878
989.79	0.8	NonTarget	1	197958
989.875	0.8	NonTarget	1	197975
989.96	0.8	NonTarget	1	197992
990.04	0.8	NonTarget	1	198008
990.125	0.8	NonTarget	1	198025
990.21	0.8	NonTarget	1	198042
990.29	0.8	NonTarget	1	198058
990.375	0.8	NonTarget	1	198075
990.46	0.8	NonTarget	1	198092
990.545	0.8	NonTarget	1	198109
990.625	0.8	NonTarget	1	198125
990.71	0.8	NonTarget	1	198142
990.79	0.8	NonTarget	1	198158
990.875	0.8	NonTarget	1	198175
990.96	0.8	NonTarget	1	198192
991.04	0.8	NonTarget	1	198208
991.125	0.8	NonTarget	1	198225
991.21	0.8	Target	2	198242
991.295	0.8	NonTarget	1	198259
991.375	0.8	NonTarget	1	198275
991.46	0.8	NonTarget	1	198292
991.545	0.8	NonTarget	1	198309
991.625	0.8	NonTarget	1	198325
991.71	0.8	NonTarget	1	198342
991.79	0.8	NonTarget	1	198358
991.88	0.8	NonTarget	1	198376
991.96	0.8	NonTarget	1	198392
992.045	0.8	NonTarget	1	198409
992.13	0.8	NonTarget	1	198426
992.21	0.8	NonTarget	1	198442
992.61	0.8	NonTarget	1	198522
992.695	0.8	NonTarget	1	198539
992.78	0.8	Target	2	198556
992.865	0.8	NonTarget	1	198573
992.945	0.8	NonTarget	1	198589
993.03	0.8	NonTarget	1	198606
993.11	0.8	NonTarget	1	198622
993.195	0.8	NonTarget	1	198639
993.28	0.8	NonTarget	1	198656
993.365	0.8	NonTarget	1	198673
993.445	0.8	NonTarget	1	198689
993.53	0.8	NonTarget	1	198706
993.61	0.8	NonTarget	1	198722
993.695	0.8	NonTarget	1	198739
993.78	0.8	NonTarget	1	198756
993.865	0.8	NonTarget	1	198773
993.945	0.8	NonTarget	1	198789
994.03	0.8	NonTarget	1	198806
994.115	0.8	NonTarget	1	198823
994.195	0.8	NonTarget	1	198839
994.28	0.8	NonTarget	1	198856
994.365	0.8	NonTarget	1	198873
994.445	0.8	NonTarget	1	198889
994.53	0.8	NonTarget	1	198906
994.615	0.8	NonTarget	1	198923
994.7	0.8	NonTarget	1	198940
994.78	0.8	NonTarget	1	198956
994.865	0.8	NonTarget	1	198973
994.95	0.8	NonTarget	1	198990
995.03	0.8	NonTarget	1	199006
1005.0	0.8	NonTarget	1	201000
1005.08	0.8	NonTarget	1	201016
1005.16	0.8	NonTarget	1	201032
1005.245	0.8	NonTarget	1	201049
1005.33	0.8	NonTarget	1	201066
1005.41	0.8	NonTarget	1	201082
1005.495	0.8	NonTarget	1	201099
1005.58	0.8	NonTarget	1	201116
1005.665	0.8	Target	2	201133
1005.745	0.8	NonTarget	1	201149
1005.83	0.8	NonTarget	1	201166
1005.915	0.8	NonTarget	1	201183
1005.995	0.8	NonTarget	1	201199
1006.08	0.8	NonTarget	1	201216
1006.165	0.8	NonTarget	1	201233
1006.245	0.8	NonTarget	1	201249
1006.33	0.8	NonTarget	1	201266
1006.415	0.8	NonTarget	1	201283
1006.5	0.8	NonTarget	1	201300
1006.58	0.8	NonTarget	1	201316
1006.665	0.8	NonTarget	1	201333
1006.745	0.8	NonTarget	1	201349
1006.83	0.8	NonTarget	1	201366
1006.915	0.8	NonTarget	1	201383
1007.0	0.8	NonTarget	1	201400
1007.085	0.8	NonTarget	1	201417
1007.165	0.8	NonTarget	1	201433
1007.25	0.8	NonTarget	1	201450
1007.335	0.8	NonTarget	1	201467
1007.415	0.8	NonTarget	1	201483
1007.815	0.8	NonTarget	1	201563
1007.9	0.8	NonTarget	1	201580
1007.985	0.8	NonTarget	1	201597
1008.065	0.8	NonTarget	1	201613
1008.15	0.8	NonTarget	1	201630
1008.235	0.8	NonTarget	1	201647
1008.315	0.8	NonTarget	1	201663
1008.4	0.8	NonTarget	1	201680
1008.485	0.8	NonTarget	1	201697
1008.57	0.8	NonTarget	1	201714
1008.65	0.8	NonTarget	1	201730
1008.735	0.8	NonTarget	1	201747
1008.815	0.8	NonTarget	1	201763
1008.9	0.8	NonTarget	1	201780
1008.985	0.8	NonTarget	1	201797
1009.065	0.8	NonTarget	1	201813
1009.15	0.8	NonTarget	1	201830
1009.235	0.8	NonTarget	1	201847
1009.32	0.8	NonTarget	1	201864
1009.4	0.8	NonTarget	1	201880
1009.485	0.8	NonTarget	1	201897
1009.57	0.8	NonTarget	1	201914
1009.655	0.8	NonTarget	1	201931
1009.735	0.8	Target	2	201947
1009.82	0.8	NonTarget	1	201964
1009.905	0.8	NonTarget	1	201981
1009.985	0.8	NonTarget	1	201997
1010.07	0.8	NonTarget	1	202014
1010.155	0.8	NonTarget	1	202031
1010.235	0.8	NonTarget	1	202047
1010.635	0.8	NonTarget	1	202127
1010.72	0.8	NonTarget	1	202144
1010.805	0.8	NonTarget	1	202161
1010.885	0.8	NonTarget	1	202177
1010.97	0.8	NonTarget	1	202194
1011.055	0.8	NonTarget	1	202211
1011.14	0.8	NonTarget	1	202228
1011.22	0.8	NonTarget	1	202244
1011.305	0.8	NonTarget	1	202261
1011.39	0.8	NonTarget	1	202278
1011.47	0.8	NonTarget	1	202294
1011.555	0.8	NonTarget	1	202311
1011.635	0.8	NonTarget	1	202327
1011.72	0.8	NonTarget	1	202344
1011.805	0.8	NonTarget	1	202361
1011.89	0.8	NonTarget	1	202378
1011.975	0.8	NonTarget	1	202395
1012.055	0.8	NonTarget	1	202411
1012.14	0.8	Target	2	202428
1012.22	0.8	NonTarget	1	202444
1012.305	0.8	NonTarget	1	202461
1012.39	0.8	NonTarget	1	202478
1012.475	0.8	NonTarget	1	202495
1012.555	0.8	NonTarget	1	202511
1012.64	0.8	NonTarget	1	202528
1012.725	0.8	NonTarget	1	202545
1012.805	0.8	NonTarget	1	202561
1012.89	0.8	NonTarget	1	202578
1012.975	0.8	NonTarget	1	202595
1013.06	0.8	NonTarget	1	202612
1013.455	0.8	NonTarget	1	202691
1013.54	0.8	NonTarget	1	202708
1013.625	0.8	NonTarget	1	202725
1013.71	0.8	NonTarget	1	202742
1013.79	0.8	NonTarget	1	202758
1013.875	0.8	NonTarget	1	202775
1013.96	0.8	NonTarget	1	202792
1014.04	0.8	NonTarget	1	202808
1014.125	0.8	NonTarget	1	202825
1014.21	0.8	NonTarget	1	202842
1014.29	0.8	NonTarget	1	202858
1014.375	0.8	NonTarget	1	202875
1014.46	0.8	NonTarget	1	202892
1014.545	0.8	NonTarget	1	202909
1014.625	0.8	NonTarget	1	202925
1014.71	0.8	NonTarget	1	202942
1014.79	0.8	NonTarget	1	202958
1014.875	0.8	NonTarget	1	202975
1014.96	0.8	NonTarget	1	202992
1015.045	0.8	NonTarget	1	203009
1015.125	0.8	NonTarget	1	203025
1015.21	0.8	NonTarget	1	203042
1015.295	0.8	NonTarget	1	203059
1015.38	0.8	NonTarget	1	203076
1015.46	0.8	NonTarget	1	203092
1015.545	0.8	NonTarget	1	203109
1015.625	0.8	NonTarget	1	203125
1015.71	0.8	NonTarget	1	203142
1015.795	0.8	Target	2	203159
1015.875	0.8	NonTarget	1	203175
1016.28	0.8	NonTarget	1	203256
1016.36	0.8	NonTarget	1	203272
1016.445	0.8	NonTarget	1	203289
1016.53	0.8	NonTarget	1	203306
1016.61	0.8	NonTarget	1	203322
1016.695	0.8	NonTarget	1	203339
1016.78	0.8	NonTarget	1	203356
1016.865	0.8	NonTarget	1	203373
1016.945	0.8	Target	2	203389
1017.03	0.8	NonTarget	1	203406
1017.115	0.8	NonTarget	1	203423
1017.195	0.8	NonTarget	1	203439
1017.28	0.8	NonTarget	1	203456
1017.365	0.8	NonTarget	1	203473
1017.445	0.8	NonTarget	1	203489
1017.53	0.8	NonTarget	1	203506
1017.615	0.8	NonTarget	1	203523
1017.695	0.8	NonTarget	1	203539
1017.78	0.8	NonTarget	1	203556
1017.865	0.8	NonTarget	1	203573
1017.945	0.8	NonTarget	1	203589
1018.03	0.8	NonTarget	1	203606
1018.115	0.8	NonTarget	1	203623
1018.2	0.8	NonTarget	1	203640
1018.28	0.8	NonTarget	1	203656
1018.365	0.8	NonTarget	1	203673
1018.45	0.8	NonTarget	1	203690
1018.53	0.8	NonTarget	1	203706
1018.615	0.8	NonTarget	1	203723
1018.7	0.8	NonTarget	1	203740
1019.1	0.8	NonTarget	1	203820
1019.18	0.8	NonTarget	1	203836
1019.265	0.8	NonTarget	1	203853
1019.35	0.8	NonTarget	1	203870
1019.43	0.8	NonTarget	1	203886
1019.515	0.8	NonTarget	1	203903
1019.6	0.8	NonTarget	1	203920
1019.685	0.8	NonTarget	1	203937
1019.765	0.8	NonTarget	1	203953
1019.85	0.8	NonTarget	1	203970
1019.935	0.8	NonTarget	1	203987
1020.015	0.8	NonTarget	1	204003
1020.1	0.8	NonTarget	1	204020
1020.185	0.8	NonTarget	1	204037
1020.27	0.8	NonTarget	1	204054
1020.35	0.8	NonTarget	1	204070
1020.435	0.8	NonTarget	1	204087
1020.515	0.8	NonTarget	1	204103
1020.6	0.8	NonTarget	1	204120
1020.685	0.8	NonTarget	1	204137
1020.77	0.8	NonTarget	1	204154
1020.855	0.8	NonTarget	1	204171
1020.935	0.8	NonTarget	1	204187
1021.02	0.8	NonTarget	1	204204
1021.105	0.8	NonTarget	1	204221
1021.185	0.8	NonTarget	1	204237
1021.27	0.8	NonTarget	1	204254
1021.35	0.8	NonTarget	1	204270
1021.435	0.8	Target	2	204287
1021.52	0.8	NonTarget	1	204304
1021.92	0.8	NonTarget	1	204384
1022.005	0.8	NonTarget	1	204401
1022.085	0.8	NonTarget	1	204417
1022.17	0.8	NonTarget	1	204434
1022.255	0.8	NonTarget	1	204451
1022.335	0.8	NonTarget	1	204467
1022.42	0.8	NonTarget	1	204484
1022.505	0.8	NonTarget	1	204501
1022.585	0.8	NonTarget	1	204517
1022.67	0.8	NonTarget	1	204534
1022.755	0.8	NonTarget	1	204551
1022.84	0.8	NonTarget	1	204568
1022.92	0.8	NonTarget	1	204584
1023.005	0.8	NonTarget	1	204601
1023.09	0.8	NonTarget	1	204618
1023.17	0.8	NonTarget	1	204634
1023.255	0.8	NonTarget	1	204651
1023.335	0.8	NonTarget	1	204667
1023.42	0.8	Target	2	204684
1023.505	0.8	NonTarget	1	204701
1023.59	0.8	NonTarget	1	204718
1023.67	0.8	NonTarget	1	204734
1023.755	0.8	NonTarget	1	204751
1023.84	0.8	NonTarget	1	204768
1023.925	0.8	NonTarget	1	204785
1024.005	0.8	NonTarget	1	204801
1024.09	0.8	NonTarget	1	204818
1024.175	0.8	NonTarget	1	204835
1024.255	0.8	NonTarget	1	204851
1024.34	0.8	NonTarget	1	204868
1024.74	0.8	NonTarget	1	204948
1024.825	0.8	NonTarget	1	204965
1024.91	0.8	NonTarget	1	204982
1024.99	0.8	NonTarget	1	204998
1025.075	0.8	NonTarget	1	205015
1025.16	0.8	NonTarget	1	205032
1025.24	0.8	NonTarget	1	205048
1025.325	0.8	NonTarget	1	205065
1025.41	0.8	Target	2	205082
1025.49	0.8	NonTarget	1	205098
1025.575	0.8	NonTarget	1	205115
1025.66	0.8	NonTarget	1	205132
1025.74	0.8	NonTarget	1	205148
1025.825	0.8	NonTarget	1	205165
1025.91	0.8	NonTarget	1	205182
1025.99	0.8	NonTarget	1	205198
1026.075	0.8	NonTarget	1	205215
1026.16	0.8	NonTarget	1	205232
1026.245	0.8	NonTarget	1	205249
1026.325	0.8	NonTarget	1	205265
1026.41	0.8	NonTarget	1	205282
1026.495	0.8	NonTarget	1	205299
1026.575	0.8	NonTarget	1	205315
1026.66	0.8	NonTarget	1	205332
1026.745	0.8	NonTarget	1	205349
1026.825	0.8	NonTarget	1	205365
1026.91	0.8	NonTarget	1	205382
1026.995	0.8	NonTarget	1	205399
1027.075	0.8	NonTarget	1	205415
1027.16	0.8	NonTarget	1	205432
1027.56	0.8	NonTarget	1	205512
1027.645	0.8	NonTarget	1	205529
1027.73	0.8	NonTarget	1	205546
1027.81	0.8	NonTarget	1	205562
1027.895	0.8	NonTarget	1	205579
1027.98	0.8	NonTarget	1	205596
1028.06	0.8	NonTarget	1	205612
1028.145	0.8	NonTarget	1	205629
1028.23	0.8	Target	2	205646
1028.315	0.8	NonTarget	1	205663
1028.395	0.8	NonTarget	1	205679
1028.48	0.8	NonTarget	1	205696
1028.565	0.8	NonTarget	1	205713
1028.645	0.8	NonTarget	1	205729
1028.73	0.8	NonTarget	1	205746
1028.815	0.8	NonTarget	1	205763
1028.895	0.8	NonTarget	1	205779
1028.98	0.8	NonTarget	1	205796
1029.065	0.8	NonTarget	1	205813
1029.145	0.8	NonTarget	1	205829
1029.23	0.8	NonTarget	1	205846
1029.31	0.8	NonTarget	1	205862
1029.395	0.8	NonTarget	1	205879
1029.48	0.8	NonTarget	1	205896
1029.565	0.8	NonTarget	1	205913
1029.645	0.8	NonTarget	1	205929
1029.73	0.8	NonTarget	1	205946
1029.815	0.8	NonTarget	1	205963
1029.9	0.8	NonTarget	1	205980
1029.98	0.8	NonTarget	1	205996
1030.38	0.8	NonTarget	1	206076
1030.465	0.8	NonTarget	1	206093
1030.55	0.8	NonTarget	1	206110
1030.635	0.8	NonTarget	1	206127
1030.715	0.8	NonTarget	1	206143
1030.8	0.8	NonTarget	1	206160
1030.885	0.8	NonTarget	1	206177
1030.965	0.8	NonTarget	1	206193
1031.05	0.8	NonTarget	1	206210
1031.135	0.8	NonTarget	1	206227
1031.215	0.8	NonTarget	1	206243
1031.3	0.8	NonTarget	1	206260
1031.385	0.8	NonTarget	1	206277
1031.47	0.8	Target	2	206294
1031.55	0.8	NonTarget	1	206310
1031.635	0.8	NonTarget	1	206327
1031.715	0.8	NonTarget	1	206343
1031.8	0.8	NonTarget	1	206360
1031.885	0.8	NonTarget	1	206377
1031.965	0.8	NonTarget	1	206393
1032.05	0.8	NonTarget	1	206410
1032.135	0.8	NonTarget	1	206427
1032.22	0.8	NonTarget	1	206444
1032.3	0.8	NonTarget	1	206460
1032.385	0.8	NonTarget	1	206477
1032.47	0.8	NonTarget	1	206494
1032.55	0.8	NonTarget	1	206510
1032.635	0.8	NonTarget	1	206527
1032.72	0.8	NonTarget	1	206544
1032.8	0.8	NonTarget	1	206560
1042.755	0.8	NonTarget	1	208551
1042.835	0.8	NonTarget	1	208567
1042.915	0.8	NonTarget	1	208583
1043.0	0.8	NonTarget	1	208600
1043.085	0.8	NonTarget	1	208617
1043.165	0.8	NonTarget	1	208633
1043.25	0.8	NonTarget	1	208650
1043.335	0.8	NonTarget	1	208667
1043.415	0.8	NonTarget	1	208683
1043.5	0.8	NonTarget	1	208700
1043.585	0.8	NonTarget	1	208717
1043.665	0.8	NonTarget	1	208733
1043.75	0.8	NonTarget	1	208750
1043.835	0.8	NonTarget	1	208767
1043.915	0.8	NonTarget	1	208783
1044.0	0.8	NonTarget	1	208800
1044.085	0.8	NonTarget	1	208817
1044.165	0.8	NonTarget	1	208833
1044.25	0.8	NonTarget	1	208850
1044.335	0.8	NonTarget	1	208867
1044.42	0.8	NonTarget	1	208884
1044.5	0.8	NonTarget	1	208900
1044.585	0.8	Target	2	208917
1044.67	0.8	NonTarget	1	208934
1044.75	0.8	NonTarget	1	208950
1044.835	0.8	NonTarget	1	208967
1044.92	0.8	NonTarget	1	208984
1045.0	0.8	NonTarget	1	209000
1045.085	0.8	NonTarget	1	209017
1045.17	0.8	NonTarget	1	209034
1045.57	0.8	NonTarget	1	209114
1045.655	0.8	NonTarget	1	209131
1045.735	0.8	Target	2	209147
1045.82	0.8	NonTarget	1	209164
1045.905	0.8	NonTarget	1	209181
1045.99	0.8	NonTarget	1	209198
1046.07	0.8	NonTarget	1	209214
1046.155	0.8	NonTarget	1	209231
1046.235	0.8	NonTarget	1	209247
1046.32	0.8	NonTarget	1	209264
1046.405	0.8	NonTarget	1	209281
1046.49	0.8	NonTarget	1	209298
1046.57	0.8	NonTarget	1	209314
1046.655	0.8	NonTarget	1	209331
1046.74	0.8	NonTarget	1	209348
1046.82	0.8	NonTarget	1	209364
1046.905	0.8	NonTarget	1	209381
1046.99	0.8	NonTarget	1	209398
1047.075	0.8	NonTarget	1	209415
1047.155	0.8	NonTarget	1	209431
1047.24	0.8	NonTarget	1	209448
1047.32	0.8	NonTarget	1	209464
1047.405	0.8	NonTarget	1	209481
1047.49	0.8	NonTarget	1	209498
1047.575	0.8	NonTarget	1	209515
1047.655	0.8	NonTarget	1	209531
1047.74	0.8	NonTarget	1	209548
1047.825	0.8	NonTarget	1	209565
1047.905	0.8	NonTarget	1	209581
1047.99	0.8	NonTarget	1	209598
1048.39	0.8	NonTarget	1	209678
1048.475	0.8	NonTarget	1	209695
1048.56	0.8	NonTarget	1	209712
1048.64	0.8	NonTarget	1	209728
1048.725	0.8	NonTarget	1	209745
1048.805	0.8	NonTarget	1	209761
1048.89	0.8	NonTarget	1	209778
1048.975	0.8	Target	2	209795
1049.06	0.8	NonTarget	1	209812
1049.14	0.8	NonTarget	1	209828
1049.225	0.8	NonTarget	1	209845
1049.31	0.8	NonTarget	1	209862
1049.39	0.8	NonTarget	1	209878
1049.475	0.8	NonTarget	1	209895
1049.56	0.8	NonTarget	1	209912
1049.645	0.8	NonTarget	1	209929
1049.725	0.8	NonTarget	1	209945
1049.81	0.8	NonTarget	1	209962
1049.895	0.8	NonTarget	1	209979
1049.975	0.8	NonTarget	1	209995
1050.06	0.8	NonTarget	1	210012
1050.145	0.8	NonTarget	1	210029
1050.225	0.8	NonTarget	1	210045
1050.31	0.8	NonTarget	1	210062
1050.395	0.8	NonTarget	1	210079
1050.475	0.8	NonTarget	1	210095
1050.56	0.8	NonTarget	1	210112
1050.645	0.8	NonTarget	1	210129
1050.725	0.8	NonTarget	1	210145
1050.81	0.8	NonTarget	1	210162
1051.21	0.8	NonTarget	1	210242
1051.295	0.8	NonTarget	1	210259
1051.38	0.8	NonTarget	1	210276
1051.46	0.8	NonTarget	1	210292
1051.545	0.8	NonTarget	1	210309
1051.63	0.8	NonTarget	1	210326
1051.71	0.8	NonTarget	1	210342
1051.795	0.8	Target	2	210359
1051.88	0.8	NonTarget	1	210376
1051.96	0.8	NonTarget	1	210392
1052.045	0.8	NonTarget	1	210409
1052.13	0.8	NonTarget	1	210426
1052.21	0.8	NonTarget	1	210442
1052.295	0.8	NonTarget	1	210459
1052.38	0.8	NonTarget	1	210476
1052.465	0.8	NonTarget	1	210493
1052.545	0.8	NonTarget	1	210509
1052.63	0.8	NonTarget	1	210526
1052.715	0.8	NonTarget	1	210543
1052.795	0.8	NonTarget	1	210559
1052.88	0.8	NonTarget	1	210576
1052.965	0.8	NonTarget	1	210593
1053.05	0.8	NonTarget	1	210610
1053.13	0.8	NonTarget	1	210626
1053.215	0.8	NonTarget	1	210643
1053.3	0.8	NonTarget	1	210660
1053.38	0.8	NonTarget	1	210676
1053.465	0.8	NonTarget	1	210693
1053.55	0.8	NonTarget	1	210710
1053.63	0.8	NonTarget	1	210726
1054.03	0.8	NonTarget	1	210806
1054.115	0.8	NonTarget	1	210823
1054.2	0.8	Target	2	210840
1054.285	0.8	NonTarget	1	210857
1054.365	0.8	NonTarget	1	210873
1054.45	0.8	NonTarget	1	210890
1054.535	0.8	NonTarget	1	210907
1054.615	0.8	NonTarget	1	210923
1054.7	0.8	NonTarget	1	210940
1054.785	0.8	NonTarget	1	210957
1054.865	0.8	NonTarget	1	210973
1054.95	0.8	NonTarget	1	210990
1055.035	0.8	NonTarget	1	211007
1055.115	0.8	NonTarget	1	211023
1055.2	0.8	NonTarget	1	211040
1055.285	0.8	NonTarget	1	211057
1055.37	0.8	NonTarget	1	211074
1055.45	0.8	NonTarget	1	211090
1055.535	0.8	NonTarget	1	211107
1055.62	0.8	NonTarget	1	211124
1055.7	0.8	NonTarget	1	211140
1055.785	0.8	NonTarget	1	211157
1055.865	0.8	NonTarget	1	211173
1055.95	0.8	NonTarget	1	211190
1056.035	0.8	NonTarget	1	211207
1056.12	0.8	NonTarget	1	211224
1056.2	0.8	NonTarget	1	211240
1056.285	0.8	NonTarget	1	211257
1056.37	0.8	NonTarget	1	211274
1056.45	0.8	NonTarget	1	211290
1056.85	0.8	NonTarget	1	211370
1056.935	0.8	NonTarget	1	211387
1057.02	0.8	NonTarget	1	211404
1057.105	0.8	NonTarget	1	211421
1057.185	0.8	NonTarget	1	211437
1057.27	0.8	NonTarget	1	211454
1057.355	0.8	NonTarget	1	211471
1057.435	0.8	NonTarget	1	211487
1057.52	0.8	NonTarget	1	211504
1057.605	0.8	NonTarget	1	211521
1057.685	0.8	NonTarget	1	211537
1057.77	0.8	NonTarget	1	211554
1057.855	0.8	NonTarget	1	211571
1057.935	0.8	NonTarget	1	211587
1058.02	0.8	NonTarget	1	211604
1058.105	0.8	NonTarget	1	211621
1058.185	0.8	NonTarget	1	211637
1058.27	0.8	Target	2	211654
1058.355	0.8	NonTarget	1	211671
1058.44	0.8	NonTarget	1	211688
1058.52	0.8	NonTarget	1	211704
1058.605	0.8	NonTarget	1	211721
1058.69	0.8	NonTarget	1	211738
1058.77	0.8	NonTarget	1	211754
1058.855	0.8	NonTarget	1	211771
1058.94	0.8	NonTarget	1	211788
1059.02	0.8	NonTarget	1	211804
1059.105	0.8	NonTarget	1	211821
1059.19	0.8	NonTarget	1	211838
1059.27	0.8	NonTarget	1	211854
1059.675	0.8	NonTarget	1	211935
1059.755	0.8	NonTarget	1	211951
1059.84	0.8	NonTarget	1	211968
1059.925	0.8	NonTarget	1	211985
1060.005	0.8	NonTarget	1	212001
1060.09	0.8	NonTarget	1	212018
1060.175	0.8	NonTarget	1	212035
1060.26	0.8	Target	2	212052
1060.34	0.8	NonTarget	1	212068
1060.425	0.8	NonTarget	1	212085
1060.51	0.8	NonTarget	1	212102
1060.59	0.8	NonTarget	1	212118
1060.675	0.8	NonTarget	1	212135
1060.76	0.8	NonTarget	1	212152
1060.84	0.8	NonTarget	1	212168
1060.925	0.8	NonTarget	1	212185
1061.01	0.8	NonTarget	1	212202
1061.09	0.8	NonTarget	1	212218
1061.175	0.8	NonTarget	1	212235
1061.26	0.8	NonTarget	1	212252
1061.34	0.8	NonTarget	1	212268
1061.425	0.8	NonTarget	1	212285
1061.51	0.8	NonTarget	1	212302
1061.595	0.8	NonTarget	1	212319
1061.675	0.8	NonTarget	1	212335
1061.76	0.8	NonTarget	1	212352
1061.845	0.8	NonTarget	1	212369
1061.925	0.8	NonTarget	1	212385
1062.01	0.8	NonTarget	1	212402
1062.095	0.8	NonTarget	1	212419
1062.495	0.8	NonTarget	1	212499
1062.575	0.8	NonTarget	1	212515
1062.66	0.8	Target	2	212532
1062.745	0.8	NonTarget	1	212549
1062.83	0.8	NonTarget	1	212566
1062.915	0.8	NonTarget	1	212583
1062.995	0.8	NonTarget	1	212599
1063.08	0.8	NonTarget	1	212616
1063.16	0.8	NonTarget	1	212632
1063.245	0.8	NonTarget	1	212649
1063.33	0.8	NonTarget	1	212666
1063.41	0.8	NonTarget	1	212682
1063.495	0.8	NonTarget	1	212699
1063.58	0.8	NonTarget	1	212716
1063.665	0.8	NonTarget	1	212733
1063.745	0.8	NonTarget	1	212749
1063.83	0.8	NonTarget	1	212766
1063.915	0.8	NonTarget	1	212783
1063.995	0.8	NonTarget	1	212799
1064.08	0.8	NonTarget	1	212816
1064.165	0.8	NonTarget	1	212833
1064.245	0.8	NonTarget	1	212849
1064.33	0.8	NonTarget	1	212866
1064.415	0.8	NonTarget	1	212883
1064.495	0.8	NonTarget	1	212899
1064.58	0.8	NonTarget	1	212916
1064.665	0.8	NonTarget	1	212933
1064.745	0.8	NonTarget	1	212949
1064.83	0.8	NonTarget	1	212966
1064.915	0.8	NonTarget	1	212983
1065.315	0.8	NonTarget	1	213063
1065.4	0.8	NonTarget	1	213080
1065.48	0.8	NonTarget	1	213096
1065.565	0.8	NonTarget	1	213113
1065.65	0.8	NonTarget	1	213130
1065.73	0.8	NonTarget	1	213146
1065.815	0.8	NonTarget	1	213163
1065.9	0.8	NonTarget	1	213180
1065.985	0.8	NonTarget	1	213197
1066.065	0.8	NonTarget	1	213213
1066.15	0.8	NonTarget	1	213230
1066.23	0.8	NonTarget	1	213246
1066.315	0.8	NonTarget	1	213263
1066.4	0.8	NonTarget	1	213280
1066.485	0.8	NonTarget	1	213297
1066.565	0.8	NonTarget	1	213313
1066.65	0.8	NonTarget	1	213330
1066.735	0.8	Target	2	213347
1066.815	0.8	NonTarget	1	213363
1066.9	0.8	NonTarget	1	213380
1066.985	0.8	NonTarget	1	213397
1067.07	0.8	NonTarget	1	213414
1067.15	0.8	NonTarget	1	213430
1067.235	0.8	NonTarget	1	213447
1067.315	0.8	NonTarget	1	213463
1067.4	0.8	NonTarget	1	213480
1067.485	0.8	NonTarget	1	213497
1067.57	0.8	NonTarget	1	213514
1067.65	0.8	NonTarget	1	213530
1067.735	0.8	NonTarget	1	213547
1068.135	0.8	NonTarget	1	213627
1068.22	0.8	NonTarget	1	213644
1068.305	0.8	NonTarget	1	213661
1068.385	0.8	NonTarget	1	213677
1068.47	0.8	NonTarget	1	213694
1068.55	0.8	NonTarget	1	213710
1068.635	0.8	NonTarget	1	213727
1068.72	0.8	Target	2	213744
1068.805	0.8	NonTarget	1	213761
1068.885	0.8	NonTarget	1	213777
1068.97	0.8	NonTarget	1	213794
1069.05	0.8	NonTarget	1	213810
1069.135	0.8	NonTarget	1	213827
1069.22	0.8	NonTarget	1	213844
1069.305	0.8	NonTarget	1	213861
1069.385	0.8	NonTarget	1	213877
1069.47	0.8	NonTarget	1	213894
1069.555	0.8	NonTarget	1	213911
1069.635	0.8	NonTarget	1	213927
1069.72	0.8	NonTarget	1	213944
1069.805	0.8	NonTarget	1	213961
1069.885	0.8	NonTarget	1	213977
1069.97	0.8	NonTarget	1	213994
1070.055	0.8	NonTarget	1	214011
1070.135	0.8	NonTarget	1	214027
1070.22	0.8	NonTarget	1	214044
1070.305	0.8	NonTarget	1	214061
1070.39	0.8	NonTarget	1	214078
1070.47	0.8	NonTarget	1	214094
1070.555	0.8	NonTarget	1	214111
1080.505	0.8	NonTarget	1	216101
1080.585	0.8	NonTarget	1	216117
1080.67	0.8	NonTarget	1	216134
1080.755	0.8	NonTarget	1	216151
1080.835	0.8	NonTarget	1	216167
1080.92	0.8	NonTarget	1	216184
1081.005	0.8	NonTarget	1	216201
1081.085	0.8	NonTarget	1	216217
1081.17	0.8	NonTarget	1	216234
1081.255	0.8	NonTarget	1	216251
1081.335	0.8	NonTarget	1	216267
1081.42	0.8	NonTarget	1	216284
1081.505	0.8	NonTarget	1	216301
1081.585	0.8	NonTarget	1	216317
1081.67	0.8	NonTarget	1	216334
1081.755	0.8	NonTarget	1	216351
1081.84	0.8	NonTarget	1	216368
1081.92	0.8	NonTarget	1	216384
1082.005	0.8	NonTarget	1	216401
1082.09	0.8	NonTarget	1	216418
1082.17	0.8	NonTarget	1	216434
1082.255	0.8	NonTarget	1	216451
1082.34	0.8	Target	2	216468
1082.42	0.8	NonTarget	1	216484
1082.505	0.8	NonTarget	1	216501
1082.59	0.8	NonTarget	1	216518
1082.675	0.8	NonTarget	1	216535
1082.755	0.8	NonTarget	1	216551
1082.84	0.8	NonTarget	1	216568
1082.92	0.8	NonTarget	1	216584
1083.325	0.8	NonTarget	1	216665
1083.405	0.8	NonTarget	1	216681
1083.49	0.8	NonTarget	1	216698
1083.575	0.8	NonTarget	1	216715
1083.655	0.8	NonTarget	1	216731
1083.74	0.8	NonTarget	1	216748
1083.825	0.8	NonTarget	1	216765
1083.91	0.8	NonTarget	1	216782
1083.99	0.8	NonTarget	1	216798
1084.075	0.8	NonTarget	1	216815
1084.16	0.8	NonTarget	1	216832
1084.24	0.8	NonTarget	1	216848
1084.325	0.8	NonTarget	1	216865
1084.41	0.8	NonTarget	1	216882
1084.495	0.8	NonTarget	1	216899
1084.575	0.8	NonTarget	1	216915
1084.66	0.8	NonTarget	1	216932
1084.74	0.8	NonTarget	1	216948
1084.825	0.8	NonTarget	1	216965
1084.91	0.8	NonTarget	1	216982
1084.99	0.8	NonTarget	1	216998
1085.075	0.8	NonTarget	1	217015
1085.16	0.8	Target	2	217032
1085.245	0.8	NonTarget	1	217049
1085.325	0.8	NonTarget	1	217065
1085.41	0.8	NonTarget	1	217082
1085.495	0.8	NonTarget	1	217099
1085.575	0.8	NonTarget	1	217115
1085.66	0.8	NonTarget	1	217132
1085.745	0.8	NonTarget	1	217149
1086.145	0.8	NonTarget	1	217229
1086.225	0.8	NonTarget	1	217245
1086.31	0.8	NonTarget	1	217262
1086.395	0.8	NonTarget	1	217279
1086.48	0.8	NonTarget	1	217296
1086.56	0.8	NonTarget	1	217312
1086.645	0.8	NonTarget	1	217329
1086.73	0.8	NonTarget	1	217346
1086.81	0.8	NonTarget	1	217362
1086.895	0.8	NonTarget	1	217379
1086.98	0.8	NonTarget	1	217396
1087.06	0.8	NonTarget	1	217412
1087.145	0.8	NonTarget	1	217429
1087.23	0.8	NonTarget	1	217446
1087.31	0.8	NonTarget	1	217462
1087.395	0.8	NonTarget	1	217479
1087.48	0.8	NonTarget	1	217496
1087.56	0.8	NonTarget	1	217512
1087.645	0.8	NonTarget	1	217529
1087.73	0.8	NonTarget	1	217546
1087.815	0.8	NonTarget	1	217563
1087.895	0.8	NonTarget	1	217579
1087.98	0.8	NonTarget	1	217596
1088.065	0.8	NonTarget	1	217613
1088.145	0.8	NonTarget	1	217629
1088.23	0.8	NonTarget	1	217646
1088.315	0.8	NonTarget	1	217663
1088.4	0.8	Target	2	217680
1088.48	0.8	NonTarget	1	217696
1088.565	0.8	NonTarget	1	217713
1088.965	0.8	NonTarget	1	217793
1089.05	0.8	NonTarget	1	217810
1089.13	0.8	NonTarget	1	217826
1089.215	0.8	NonTarget	1	217843
1089.3	0.8	NonTarget	1	217860
1089.38	0.8	NonTarget	1	217876
1089.465	0.8	NonTarget	1	217893
1089.55	0.8	NonTarget	1	217910
1089.635	0.8	NonTarget	1	217927
1089.715	0.8	NonTarget	1	217943
1089.8	0.8	NonTarget	1	217960
1089.88	0.8	NonTarget	1	217976
1089.965	0.8	NonTarget	1	217993
1090.05	0.8	NonTarget	1	218010
1090.13	0.8	NonTarget	1	218026
1090.215	0.8	NonTarget	1	218043
1090.3	0.8	NonTarget	1	218060
1090.385	0.8	Target	2	218077
1090.465	0.8	NonTarget	1	218093
1090.55	0.8	NonTarget	1	218110
1090.635	0.8	NonTarget	1	218127
1090.715	0.8	NonTarget	1	218143
1090.8	0.8	NonTarget	1	218160
1090.885	0.8	NonTarget	1	218177
1090.965	0.8	NonTarget	1	218193
1091.05	0.8	NonTarget	1	218210
1091.135	0.8	NonTarget	1	218227
1091.22	0.8	NonTarget	1	218244
1091.305	0.8	NonTarget	1	218261
1091.385	0.8	NonTarget	1	218277
1091.785	0.8	NonTarget	1	218357
1091.87	0.8	NonTarget	1	218374
1091.955	0.8	NonTarget	1	218391
1092.035	0.8	NonTarget	1	218407
1092.12	0.8	NonTarget	1	218424
1092.205	0.8	NonTarget	1	218441
1092.285	0.8	NonTarget	1	218457
1092.37	0.8	NonTarget	1	218474
1092.455	0.8	NonTarget	1	218491
1092.535	0.8	NonTarget	1	218507
1092.62	0.8	NonTarget	1	218524
1092.705	0.8	NonTarget	1	218541
1092.785	0.8	NonTarget	1	218557
1092.87	0.8	NonTarget	1	218574
1092.955	0.8	NonTarget	1	218591
1093.035	0.8	NonTarget	1	218607
1093.12	0.8	NonTarget	1	218624
1093.205	0.8	NonTarget	1	218641
1093.29	0.8	NonTarget	1	218658
1093.37	0.8	NonTarget	1	218674
1093.455	0.8	NonTarget	1	218691
1093.54	0.8	NonTarget	1	218708
1093.62	0.8	NonTarget	1	218724
1093.705	0.8	NonTarget	1	218741
1093.785	0.8	NonTarget	1	218757
1093.87	0.8	NonTarget	1	218774
1093.955	0.8	NonTarget	1	218791
1094.04	0.8	Target	2	218808
1094.12	0.8	NonTarget	1	218824
1094.205	0.8	NonTarget	1	218841
1094.605	0.8	NonTarget	1	218921
1094.69	0.8	NonTarget	1	218938
1094.775	0.8	NonTarget	1	218955
1094.855	0.8	NonTarget	1	218971
1094.94	0.8	NonTarget	1	218988
1095.025	0.8	NonTarget	1	219005
1095.105	0.8	NonTarget	1	219021
1095.19	0.8	Target	2	219038
1095.275	0.8	NonTarget	1	219055
1095.36	0.8	NonTarget	1	219072
1095.44	0.8	NonTarget	1	219088
1095.525	0.8	NonTarget	1	219105
1095.605	0.8	NonTarget	1	219121
1095.69	0.8	NonTarget	1	219138
1095.775	0.8	NonTarget	1	219155
1095.86	0.8	NonTarget	1	219172
1095.94	0.8	NonTarget	1	219188
1096.025	0.8	NonTarget	1	219205
1096.11	0.8	NonTarget	1	219222
1096.19	0.8	NonTarget	1	219238
1096.275	0.8	NonTarget	1	219255
1096.36	0.8	NonTarget	1	219272
1096.44	0.8	NonTarget	1	219288
1096.525	0.8	NonTarget	1	219305
1096.61	0.8	NonTarget	1	219322
1096.695	0.8	NonTarget	1	219339
1096.775	0.8	NonTarget	1	219355
1096.86	0.8	NonTarget	1	219372
1096.94	0.8	NonTarget	1	219388
1097.025	0.8	NonTarget	1	219405
1097.425	0.8	NonTarget	1	219485
1097.51	0.8	NonTarget	1	219502
1097.595	0.8	NonTarget	1	219519
1097.68	0.8	NonTarget	1	219536
1097.76	0.8	NonTarget	1	219552
1097.845	0.8	NonTarget	1	219569
1097.925	0.8	NonTarget	1	219585
1098.01	0.8	NonTarget	1	219602
1098.095	0.8	NonTarget	1	219619
1098.18	0.8	NonTarget	1	219636
1098.26	0.8	NonTarget	1	219652
1098.345	0.8	NonTarget	1	219669
1098.43	0.8	NonTarget	1	219686
1098.51	0.8	NonTarget	1	219702
1098.595	0.8	NonTarget	1	219719
1098.68	0.8	NonTarget	1	219736
1098.76	0.8	NonTarget	1	219752
1098.845	0.8	NonTarget	1	219769
1098.93	0.8	NonTarget	1	219786
1099.01	0.8	NonTarget	1	219802
1099.095	0.8	NonTarget	1	219819
1099.18	0.8	NonTarget	1	219836
1099.26	0.8	NonTarget	1	219852
1099.345	0.8	NonTarget	1	219869
1099.43	0.8	NonTarget	1	219886
1099.515	0.8	NonTarget	1	219903
1099.595	0.8	NonTarget	1	219919
1099.68	0.8	Target	2	219936
1099.765	0.8	NonTarget	1	219953
1099.845	0.8	NonTarget	1	219969
1100.25	0.8	NonTarget	1	220050
1100.33	0.8	NonTarget	1	220066
1100.415	0.8	NonTarget	1	220083
1100.5	0.8	NonTarget	1	220100
1100.58	0.8	NonTarget	1	220116
1100.665	0.8	NonTarget	1	220133
1100.75	0.8	NonTarget	1	220150
1100.83	0.8	NonTarget	1	220166
1100.915	0.8	NonTarget	1	220183
1101.0	0.8	NonTarget	1	220200
1101.08	0.8	NonTarget	1	220216
1101.165	0.8	NonTarget	1	220233
1101.25	0.8	NonTarget	1	220250
1101.335	0.8	NonTarget	1	220267
1101.415	0.8	NonTarget	1	220283
1101.5	0.8	NonTarget	1	220300
1101.58	0.8	NonTarget	1	220316
1101.665	0.8	Target	2	220333
1101.75	0.8	NonTarget	1	220350
1101.83	0.8	NonTarget	1	220366
1101.915	0.8	NonTarget	1	220383
1102.0	0.8	NonTarget	1	220400
1102.085	0.8	NonTarget	1	220417
1102.165	0.8	NonTarget	1	220433
1102.25	0.8	NonTarget	1	220450
1102.335	0.8	NonTarget	1	220467
1102.42	0.8	NonTarget	1	220484
1102.5	0.8	NonTarget	1	220500
1102.585	0.8	NonTarget	1	220517
1102.67	0.8	NonTarget	1	220534
1103.07	0.8	NonTarget	1	220614
1103.15	0.8	NonTarget	1	220630
1103.235	0.8	NonTarget	1	220647
1103.32	0.8	NonTarget	1	220664
1103.4	0.8	NonTarget	1	220680
1103.485	0.8	NonTarget	1	220697
1103.57	0.8	NonTarget	1	220714
1103.65	0.8	Target	2	220730
1103.735	0.8	NonTarget	1	220747
1103.82	0.8	NonTarget	1	220764
1103.9	0.8	NonTarget	1	220780
1103.985	0.8	NonTarget	1	220797
1104.07	0.8	NonTarget	1	220814
1104.155	0.8	NonTarget	1	220831
1104.235	0.8	NonTarget	1	220847
1104.32	0.8	NonTarget	1	220864
1104.405	0.8	NonTarget	1	220881
1104.485	0.8	NonTarget	1	220897
1104.57	0.8	NonTarget	1	220914
1104.655	0.8	NonTarget	1	220931
1104.74	0.8	NonTarget	1	220948
1104.82	0.8	NonTarget	1	220964
1104.905	0.8	NonTarget	1	220981
1104.985	0.8	NonTarget	1	220997
1105.07	0.8	NonTarget	1	221014
1105.155	0.8	NonTarget	1	221031
1105.235	0.8	NonTarget	1	221047
1105.32	0.8	NonTarget	1	221064
1105.405	0.8	NonTarget	1	221081
1105.49	0.8	NonTarget	1	221098
1105.89	0.8	NonTarget	1	221178
1105.97	0.8	NonTarget	1	221194
1106.055	0.8	NonTarget	1	221211
1106.14	0.8	NonTarget	1	221228
1106.22	0.8	NonTarget	1	221244
1106.305	0.8	NonTarget	1	221261
1106.39	0.8	NonTarget	1	221278
1106.475	0.8	NonTarget	1	221295
1106.555	0.8	NonTarget	1	221311
1106.64	0.8	NonTarget	1	221328
1106.725	0.8	NonTarget	1	221345
1106.805	0.8	NonTarget	1	221361
1106.89	0.8	NonTarget	1	221378
1106.975	0.8	NonTarget	1	221395
1107.055	0.8	NonTarget	1	221411
1107.14	0.8	NonTarget	1	221428
1107.225	0.8	NonTarget	1	221445
1107.31	0.8	Target	2	221462
1107.39	0.8	NonTarget	1	221478
1107.475	0.8	NonTarget	1	221495
1107.555	0.8	NonTarget	1	221511
1107.64	0.8	NonTarget	1	221528
1107.725	0.8	NonTarget	1	221545
1107.81	0.8	NonTarget	1	221562
1107.895	0.8	NonTarget	1	221579
1107.975	0.8	NonTarget	1	221595
1108.06	0.8	NonTarget	1	221612
1108.14	0.8	NonTarget	1	221628
1108.225	0.8	NonTarget	1	221645
1108.31	0.8	NonTarget	1	221662
1118.26	0.8	NonTarget	1	223652
1118.34	0.8	NonTarget	1	223668
1118.425	0.8	NonTarget	1	223685
1118.505	0.8	NonTarget	1	223701
1118.59	0.8	NonTarget	1	223718
1118.675	0.8	NonTarget	1	223735
1118.755	0.8	NonTarget	1	223751
1118.84	0.8	NonTarget	1	223768
1118.925	0.8	NonTarget	1	223785
1119.01	0.8	NonTarget	1	223802
1119.09	0.8	NonTarget	1	223818
1119.175	0.8	NonTarget	1	223835
1119.26	0.8	NonTarget	1	223852
1119.34	0.8	NonTarget	1	223868
1119.425	0.8	NonTarget	1	223885
1119.505	0.8	NonTarget	1	223901
1119.59	0.8	NonTarget	1	223918
1119.675	0.8	NonTarget	1	223935
1119.76	0.8	NonTarget	1	223952
1119.84	0.8	Target	2	223968
1119.925	0.8	NonTarget	1	223985
1120.01	0.8	NonTarget	1	224002
1120.09	0.8	NonTarget	1	224018
1120.175	0.8	NonTarget	1	224035
1120.26	0.8	NonTarget	1	224052
1120.345	0.8	NonTarget	1	224069
1120.425	0.8	NonTarget	1	224085
1120.51	0.8	NonTarget	1	224102
1120.595	0.8	NonTarget	1	224119
1120.675	0.8	NonTarget	1	224135
1121.075	0.8	NonTarget	1	224215
1121.16	0.8	NonTarget	1	224232
1121.245	0.8	NonTarget	1	224249
1121.33	0.8	NonTarget	1	224266
1121.41	0.8	NonTarget	1	224282
1121.495	0.8	NonTarget	1	224299
1121.575	0.8	NonTarget	1	224315
1121.66	0.8	NonTarget	1	224332
1121.745	0.8	NonTarget	1	224349
1121.83	0.8	Target	2	224366
1121.91	0.8	NonTarget	1	224382
1121.995	0.8	NonTarget	1	224399
1122.08	0.8	NonTarget	1	224416
1122.16	0.8	NonTarget	1	224432
1122.245	0.8	NonTarget	1	224449
1122.33	0.8	NonTarget	1	224466
1122.41	0.8	NonTarget	1	224482
1122.495	0.8	NonTarget	1	224499
1122.58	0.8	NonTarget	1	224516
1122.66	0.8	NonTarget	1	224532
1122.745	0.8	NonTarget	1	224549
1122.83	0.8	NonTarget	1	224566
1122.91	0.8	NonTarget	1	224582
1122.995	0.8	NonTarget	1	224599
1123.08	0.8	NonTarget	1	224616
1123.165	0.8	NonTarget	1	224633
1123.245	0.8	NonTarget	1	224649
1123.33	0.8	NonTarget	1	224666
1123.415	0.8	NonTarget	1	224683
1123.495	0.8	NonTarget	1	224699
1123.895	0.8	NonTarget	1	224779
1123.98	0.8	NonTarget	1	224796
1124.065	0.8	NonTarget	1	224813
1124.15	0.8	NonTarget	1	224830
1124.23	0.8	NonTarget	1	224846
1124.315	0.8	NonTarget	1	224863
1124.4	0.8	NonTarget	1	224880
1124.48	0.8	NonTarget	1	224896
1124.565	0.8	NonTarget	1	224913
1124.65	0.8	NonTarget	1	224930
1124.735	0.8	NonTarget	1	224947
1124.815	0.8	NonTarget	1	224963
1124.9	0.8	NonTarget	1	224980
1124.985	0.8	NonTarget	1	224997
1125.065	0.8	NonTarget	1	225013
1125.15	0.8	NonTarget	1	225030
1125.235	0.8	NonTarget	1	225047
1125.315	0.8	NonTarget	1	225063
1125.4	0.8	NonTarget	1	225080
1125.485	0.8	NonTarget	1	225097
1125.565	0.8	NonTarget	1	225113
1125.65	0.8	NonTarget	1	225130
1125.735	0.8	NonTarget	1	225147
1125.815	0.8	NonTarget	1	225163
1125.9	0.8	Target	2	225180
1125.985	0.8	NonTarget	1	225197
1126.07	0.8	NonTarget	1	225214
1126.15	0.8	NonTarget	1	225230
1126.235	0.8	NonTarget	1	225247
1126.32	0.8	NonTarget	1	225264
1126.715	0.8	NonTarget	1	225343
1126.8	0.8	NonTarget	1	225360
1126.885	0.8	NonTarget	1	225377
1126.97	0.8	NonTarget	1	225394
1127.05	0.8	NonTarget	1	225410
1127.135	0.8	NonTarget	1	225427
1127.22	0.8	NonTarget	1	225444
1127.3	0.8	NonTarget	1	225460
1127.385	0.8	NonTarget	1	225477
1127.47	0.8	NonTarget	1	225494
1127.555	0.8	NonTarget	1	225511
1127.635	0.8	NonTarget	1	225527
1127.72	0.8	NonTarget	1	225544
1127.805	0.8	NonTarget	1	225561
1127.885	0.8	Target	2	225577
1127.97	0.8	NonTarget	1	225594
1128.055	0.8	NonTarget	1	225611
1128.135	0.8	NonTarget	1	225627
1128.22	0.8	NonTarget	1	225644
1128.305	0.8	NonTarget	1	225661
1128.39	0.8	NonTarget	1	225678
1128.47	0.8	NonTarget	1	225694
1128.555	0.8	NonTarget	1	225711
1128.64	0.8	NonTarget	1	225728
1128.72	0.8	NonTarget	1	225744
1128.805	0.8	NonTarget	1	225761
1128.885	0.8	NonTarget	1	225777
1128.97	0.8	NonTarget	1	225794
1129.055	0.8	NonTarget	1	225811
1129.14	0.8	NonTarget	1	225828
1129.54	0.8	NonTarget	1	225908
1129.62	0.8	NonTarget	1	225924
1129.705	0.8	NonTarget	1	225941
1129.79	0.8	NonTarget	1	225958
1129.875	0.8	NonTarget	1	225975
1129.955	0.8	NonTarget	1	225991
1130.04	0.8	NonTarget	1	226008
1130.125	0.8	NonTarget	1	226025
1130.205	0.8	NonTarget	1	226041
1130.29	0.8	NonTarget	1	226058
1130.375	0.8	NonTarget	1	226075
1130.455	0.8	NonTarget	1	226091
1130.54	0.8	NonTarget	1	226108
1130.625	0.8	NonTarget	1	226125
1130.705	0.8	NonTarget	1	226141
1130.79	0.8	NonTarget	1	226158
1130.875	0.8	NonTarget	1	226175
1130.96	0.8	NonTarget	1	226192
1131.04	0.8	NonTarget	1	226208
1131.125	0.8	Target	2	226225
1131.21	0.8	NonTarget	1	226242
1131.29	0.8	NonTarget	1	226258
1131.375	0.8	NonTarget	1	226275
1131.46	0.8	NonTarget	1	226292
1131.54	0.8	NonTarget	1	226308
1131.625	0.8	NonTarget	1	226325
1131.71	0.8	NonTarget	1	226342
1131.79	0.8	NonTarget	1	226358
1131.875	0.8	NonTarget	1	226375
1131.96	0.8	NonTarget	1	226392
1132.36	0.8	NonTarget	1	226472
1132.445	0.8	NonTarget	1	226489
1132.525	0.8	NonTarget	1	226505
1132.61	0.8	NonTarget	1	226522
1132.695	0.8	NonTarget	1	226539
1132.78	0.8	NonTarget	1	226556
1132.86	0.8	NonTarget	1	226572
1132.945	0.8	NonTarget	1	226589
1133.025	0.8	NonTarget	1	226605
1133.11	0.8	NonTarget	1	226622
1133.195	0.8	NonTarget	1	226639
1133.275	0.8	NonTarget	1	226655
1133.36	0.8	NonTarget	1	226672
1133.445	0.8	NonTarget	1	226689
1133.53	0.8	NonTarget	1	226706
1133.61	0.8	NonTarget	1	226722
1133.695	0.8	NonTarget	1	226739
1133.78	0.8	NonTarget	1	226756
1133.86	0.8	NonTarget	1	226772
1133.945	0.8	NonTarget	1	226789
1134.03	0.8	NonTarget	1	226806
1134.11	0.8	NonTarget	1	226822
1134.195	0.8	NonTarget	1	226839
1134.28	0.8	NonTarget	1	226856
1134.36	0.8	NonTarget	1	226872
1134.445	0.8	NonTarget	1	226889
1134.53	0.8	NonTarget	1	226906
1134.615	0.8	NonTarget	1	226923
1134.695	0.8	NonTarget	1	226939
1134.78	0.8	Target	2	226956
1135.18	0.8	NonTarget	1	227036
1135.265	0.8	NonTarget	1	227053
1135.35	0.8	NonTarget	1	227070
1135.43	0.8	NonTarget	1	227086
1135.515	0.8	NonTarget	1	227103
1135.6	0.8	NonTarget	1	227120
1135.68	0.8	NonTarget	1	227136
1135.765	0.8	NonTarget	1	227153
1135.845	0.8	NonTarget	1	227169
1135.93	0.8	NonTarget	1	227186
1136.015	0.8	NonTarget	1	227203
1136.1	0.8	NonTarget	1	227220
1136.18	0.8	NonTarget	1	227236
1136.265	0.8	NonTarget	1	227253
1136.35	0.8	NonTarget	1	227270
1136.43	0.8	NonTarget	1	227286
1136.515	0.8	NonTarget	1	227303
1136.6	0.8	NonTarget	1	227320
1136.68	0.8	NonTarget	1	227336
1136.765	0.8	Target	2	227353
1136.85	0.8	NonTarget	1	227370
1136.935	0.8	NonTarget	1	227387
1137.015	0.8	NonTarget	1	227403
1137.1	0.8	NonTarget	1	227420
1137.18	0.8	NonTarget	1	227436
1137.265	0.8	NonTarget	1	227453
1137.35	0.8	NonTarget	1	227470
1137.435	0.8	NonTarget	1	227487
1137.515	0.8	NonTarget	1	227503
1137.6	0.8	NonTarget	1	227520
1138.0	0.8	NonTarget	1	227600
1138.085	0.8	NonTarget	1	227617
1138.17	0.8	NonTarget	1	227634
1138.25	0.8	NonTarget	1	227650
1138.335	0.8	NonTarget	1	227667
1138.42	0.8	NonTarget	1	227684
1138.5	0.8	NonTarget	1	227700
1138.585	0.8	NonTarget	1	227717
1138.67	0.8	NonTarget	1	227734
1138.75	0.8	NonTarget	1	227750
1138.835	0.8	NonTarget	1	227767
1138.92	0.8	NonTarget	1	227784
1139.0	0.8	NonTarget	1	227800
1139.085	0.8	NonTarget	1	227817
1139.17	0.8	Target	2	227834
1139.25	0.8	NonTarget	1	227850
1139.335	0.8	NonTarget	1	227867
1139.42	0.8	NonTarget	1	227884
1139.505	0.8	NonTarget	1	227901
1139.585	0.8	NonTarget	1	227917
1139.67	0.8	NonTarget	1	227934
1139.755	0.8	NonTarget	1	227951
1139.835	0.8	NonTarget	1	227967
1139.92	0.8	NonTarget	1	227984
1140.005	0.8	NonTarget	1	228001
1140.09	0.8	NonTarget	1	228018
1140.17	0.8	NonTarget	1	228034
1140.255	0.8	NonTarget	1	228051
1140.34	0.8	NonTarget	1	228068
1140.42	0.8	NonTarget	1	228084
1140.82	0.8	NonTarget	1	228164
1140.905	0.8	NonTarget	1	228181
1140.99	0.8	NonTarget	1	228198
1141.075	0.8	NonTarget	1	228215
1141.155	0.8	Target	2	228231
1141.24	0.8	NonTarget	1	228248
1141.32	0.8	NonTarget	1	228264
1141.405	0.8	NonTarget	1	228281
1141.49	0.8	NonTarget	1	228298
1141.575	0.8	NonTarget	1	228315
1141.655	0.8	NonTarget	1	228331
1141.74	0.8	NonTarget	1	228348
1141.825	0.8	NonTarget	1	228365
1141.905	0.8	NonTarget	1	228381
1141.99	0.8	NonTarget	1	228398
1142.075	0.8	NonTarget	1	228415
1142.155	0.8	NonTarget	1	228431
1142.24	0.8	NonTarget	1	228448
1142.325	0.8	NonTarget	1	228465
1142.405	0.8	NonTarget	1	228481
1142.49	0.8	NonTarget	1	228498
1142.575	0.8	NonTarget	1	228515
1142.66	0.8	NonTarget	1	228532
1142.74	0.8	NonTarget	1	228548
1142.825	0.8	NonTarget	1	228565
1142.91	0.8	NonTarget	1	228582
1142.99	0.8	NonTarget	1	228598
1143.075	0.8	NonTarget	1	228615
1143.16	0.8	NonTarget	1	228632
1143.24	0.8	NonTarget	1	228648
1143.645	0.8	NonTarget	1	228729
1143.725	0.8	NonTarget	1	228745
1143.81	0.8	NonTarget	1	228762
1143.895	0.8	NonTarget	1	228779
1143.975	0.8	NonTarget	1	228795
1144.06	0.8	NonTarget	1	228812
1144.145	0.8	NonTarget	1	228829
1144.225	0.8	NonTarget	1	228845
1144.31	0.8	NonTarget	1	228862
1144.395	0.8	NonTarget	1	228879
1144.475	0.8	NonTarget	1	228895
1144.56	0.8	NonTarget	1	228912
1144.645	0.8	NonTarget	1	228929
1144.725	0.8	NonTarget	1	228945
1144.81	0.8	NonTarget	1	228962
1144.895	0.8	NonTarget	1	228979
1144.98	0.8	NonTarget	1	228996
1145.06	0.8	NonTarget	1	229012
1145.145	0.8	NonTarget	1	229029
1145.23	0.8	NonTarget	1	229046
1145.31	0.8	NonTarget	1	229062
1145.395	0.8	NonTarget	1	229079
1145.48	0.8	NonTarget	1	229096
1145.56	0.8	NonTarget	1	229112
1145.645	0.8	Target	2	229129
1145.73	0.8	NonTarget	1	229146
1145.81	0.8	NonTarget	1	229162
1145.895	0.8	NonTarget	1	229179
1145.98	0.8	NonTarget	1	229196
1146.065	0.8	NonTarget	1	229213
1156.03	0.8	NonTarget	1	231206
1156.11	0.8	NonTarget	1	231222
1156.195	0.8	NonTarget	1	231239
1156.275	0.8	NonTarget	1	231255
1156.36	0.8	NonTarget	1	231272
1156.445	0.8	NonTarget	1	231289
1156.525	0.8	NonTarget	1	231305
1156.61	0.8	NonTarget	1	231322
1156.695	0.8	NonTarget	1	231339
1156.775	0.8	NonTarget	1	231355
1156.86	0.8	Target	2	231372
1156.945	0.8	NonTarget	1	231389
1157.03	0.8	NonTarget	1	231406
1157.11	0.8	NonTarget	1	231422
1157.195	0.8	NonTarget	1	231439
1157.28	0.8	NonTarget	1	231456
1157.36	0.8	NonTarget	1	231472
1157.445	0.8	NonTarget	1	231489
1157.53	0.8	NonTarget	1	231506
1157.61	0.8	NonTarget	1	231522
1157.695	0.8	NonTarget	1	231539
1157.78	0.8	NonTarget	1	231556
1157.86	0.8	NonTarget	1	231572
1157.945	0.8	NonTarget	1	231589
1158.03	0.8	NonTarget	1	231606
1158.115	0.8	NonTarget	1	231623
1158.195	0.8	NonTarget	1	231639
1158.28	0.8	NonTarget	1	231656
1158.365	0.8	NonTarget	1	231673
1158.445	0.8	NonTarget	1	231689
1158.845	0.8	NonTarget	1	231769
1158.93	0.8	NonTarget	1	231786
1159.015	0.8	NonTarget	1	231803
1159.1	0.8	NonTarget	1	231820
1159.18	0.8	NonTarget	1	231836
1159.265	0.8	NonTarget	1	231853
1159.35	0.8	NonTarget	1	231870
1159.43	0.8	NonTarget	1	231886
1159.515	0.8	NonTarget	1	231903
1159.6	0.8	NonTarget	1	231920
1159.68	0.8	Target	2	231936
1159.765	0.8	NonTarget	1	231953
1159.85	0.8	NonTarget	1	231970
1159.935	0.8	NonTarget	1	231987
1160.015	0.8	NonTarget	1	232003
1160.1	0.8	NonTarget	1	232020
1160.185	0.8	NonTarget	1	232037
1160.265	0.8	NonTarget	1	232053
1160.35	0.8	NonTarget	1	232070
1160.435	0.8	NonTarget	1	232087
1160.515	0.8	NonTarget	1	232103
1160.6	0.8	NonTarget	1	232120
1160.685	0.8	NonTarget	1	232137
1160.765	0.8	NonTarget	1	232153
1160.85	0.8	NonTarget	1	232170
1160.935	0.8	NonTarget	1	232187
1161.015	0.8	NonTarget	1	232203
1161.1	0.8	NonTarget	1	232220
1161.185	0.8	NonTarget	1	232237
1161.265	0.8	NonTarget	1	232253
1161.665	0.8	NonTarget	1	232333
1161.75	0.8	NonTarget	1	232350
1161.835	0.8	NonTarget	1	232367
1161.92	0.8	NonTarget	1	232384
1162.0	0.8	NonTarget	1	232400
1162.085	0.8	NonTarget	1	232417
1162.17	0.8	NonTarget	1	232434
1162.25	0.8	NonTarget	1	232450
1162.335	0.8	NonTarget	1	232467
1162.42	0.8	NonTarget	1	232484
1162.505	0.8	Target	2	232501
1162.585	0.8	NonTarget	1	232517
1162.67	0.8	NonTarget	1	232534
1162.755	0.8	NonTarget	1	232551
1162.835	0.8	NonTarget	1	232567
1162.92	0.8	NonTarget	1	232584
1163.005	0.8	NonTarget	1	232601
1163.085	0.8	NonTarget	1	232617
1163.17	0.8	NonTarget	1	232634
1163.255	0.8	NonTarget	1	232651
1163.335	0.8	NonTarget	1	232667
1163.42	0.8	NonTarget	1	232684
1163.505	0.8	NonTarget	1	232701
1163.59	0.8	NonTarget	1	232718
1163.67	0.8	NonTarget	1	232734
1163.755	0.8	NonTarget	1	232751
1163.835	0.8	NonTarget	1	232767
1163.92	0.8	NonTarget	1	232784
1164.005	0.8	NonTarget	1	232801
1164.09	0.8	NonTarget	1	232818
1164.49	0.8	NonTarget	1	232898
1164.57	0.8	NonTarget	1	232914
1164.655	0.8	NonTarget	1	232931
1164.74	0.8	NonTarget	1	232948
1164.825	0.8	NonTarget	1	232965
1164.905	0.8	NonTarget	1	232981
1164.99	0.8	NonTarget	1	232998
1165.07	0.8	NonTarget	1	233014
1165.155	0.8	NonTarget	1	233031
1165.24	0.8	NonTarget	1	233048
1165.325	0.8	NonTarget	1	233065
1165.405	0.8	NonTarget	1	233081
1165.49	0.8	NonTarget	1	233098
1165.575	0.8	NonTarget	1	233115
1165.655	0.8	NonTarget	1	233131
1165.74	0.8	NonTarget	1	233148
1165.825	0.8	NonTarget	1	233165
1165.905	0.8	NonTarget	1	233181
1165.99	0.8	NonTarget	1	233198
1166.075	0.8	NonTarget	1	233215
1166.155	0.8	NonTarget	1	233231
1166.24	0.8	NonTarget	1	233248
1166.325	0.8	NonTarget	1	233265
1166.41	0.8	NonTarget	1	233282
1166.49	0.8	NonTarget	1	233298
1166.575	0.8	Target	2	233315
1166.66	0.8	NonTarget	1	233332
1166.74	0.8	NonTarget	1	233348
1166.825	0.8	NonTarget	1	233365
1166.91	0.8	NonTarget	1	233382
1167.31	0.8	NonTarget	1	233462
1167.395	0.8	NonTarget	1	233479
1167.475	0.8	NonTarget	1	233495
1167.56	0.8	NonTarget	1	233512
1167.645	0.8	NonTarget	1	233529
1167.725	0.8	Target	2	233545
1167.81	0.8	NonTarget	1	233562
1167.895	0.8	NonTarget	1	233579
1167.975	0.8	NonTarget	1	233595
1168.06	0.8	NonTarget	1	233612
1168.145	0.8	NonTarget	1	233629
1168.225	0.8	NonTarget	1	233645
1168.31	0.8	NonTarget	1	233662
1168.395	0.8	NonTarget	1	233679
1168.475	0.8	NonTarget	1	233695
1168.56	0.8	NonTarget	1	233712
1168.645	0.8	NonTarget	1	233729
1168.73	0.8	NonTarget	1	233746
1168.81	0.8	NonTarget	1	233762
1168.895	0.8	NonTarget	1	233779
1168.98	0.8	NonTarget	1	233796
1169.06	0.8	NonTarget	1	233812
1169.145	0.8	NonTarget	1	233829
1169.23	0.8	NonTarget	1	233846
1169.31	0.8	NonTarget	1	233862
1169.395	0.8	NonTarget	1	233879
1169.48	0.8	NonTarget	1	233896
1169.56	0.8	NonTarget	1	233912
1169.645	0.8	NonTarget	1	233929
1169.73	0.8	NonTarget	1	233946
1170.13	0.8	Target	2	234026
1170.215	0.8	NonTarget	1	234043
1170.295	0.8	NonTarget	1	234059
1170.38	0.8	NonTarget	1	234076
1170.465	0.8	NonTarget	1	234093
1170.545	0.8	NonTarget	1	234109
1170.63	0.8	NonTarget	1	234126
1170.71	0.8	NonTarget	1	234142
1170.795	0.8	NonTarget	1	234159
1170.885	0.8	NonTarget	1	234177
1170.965	0.8	NonTarget	1	234193
1171.045	0.8	NonTarget	1	234209
1171.13	0.8	NonTarget	1	234226
1171.215	0.8	NonTarget	1	234243
1171.3	0.8	NonTarget	1	234260
1171.38	0.8	NonTarget	1	234276
1171.465	0.8	NonTarget	1	234293
1171.55	0.8	NonTarget	1	234310
1171.635	0.8	NonTarget	1	234327
1171.715	0.8	NonTarget	1	234343
1171.8	0.8	NonTarget	1	234360
1171.88	0.8	NonTarget	1	234376
1171.965	0.8	NonTarget	1	234393
1172.05	0.8	NonTarget	1	234410
1172.135	0.8	NonTarget	1	234427
1172.215	0.8	NonTarget	1	234443
1172.3	0.8	NonTarget	1	234460
1172.385	0.8	NonTarget	1	234477
1172.465	0.8	NonTarget	1	234493
1172.55	0.8	NonTarget	1	234510
1172.95	0.8	NonTarget	1	234590
1173.035	0.8	NonTarget	1	234607
1173.12	0.8	NonTarget	1	234624
1173.2	0.8	NonTarget	1	234640
1173.285	0.8	NonTarget	1	234657
1173.365	0.8	NonTarget	1	234673
1173.45	0.8	NonTarget	1	234690
1173.535	0.8	NonTarget	1	234707
1173.62	0.8	NonTarget	1	234724
1173.7	0.8	NonTarget	1	234740
1173.785	0.8	NonTarget	1	234757
1173.87	0.8	NonTarget	1	234774
1173.955	0.8	NonTarget	1	234791
1174.035	0.8	NonTarget	1	234807
1174.12	0.8	NonTarget	1	234824
1174.2	0.8	NonTarget	1	234840
1174.285	0.8	NonTarget	1	234857
1174.37	0.8	NonTarget	1	234874
1174.455	0.8	NonTarget	1	234891
1174.54	0.8	NonTarget	1	234908
1174.62	0.8	Target	2	234924
1174.705	0.8	NonTarget	1	234941
1174.785	0.8	NonTarget	1	234957
1174.87	0.8	NonTarget	1	234974
1174.955	0.8	NonTarget	1	234991
1175.035	0.8	NonTarget	1	235007
1175.12	0.8	NonTarget	1	235024
1175.205	0.8	NonTarget	1	235041
1175.29	0.8	NonTarget	1	235058
1175.37	0.8	NonTarget	1	235074
1175.77	0.8	NonTarget	1	235154
1175.855	0.8	NonTarget	1	235171
1175.94	0.8	NonTarget	1	235188
1176.025	0.8	NonTarget	1	235205
1176.105	0.8	NonTarget	1	235221
1176.19	0.8	NonTarget	1	235238
1176.27	0.8	NonTarget	1	235254
1176.355	0.8	NonTarget	1	235271
1176.44	0.8	NonTarget	1	235288
1176.525	0.8	NonTarget	1	235305
1176.605	0.8	NonTarget	1	235321
1176.69	0.8	NonTarget	1	235338
1176.775	0.8	NonTarget	1	235355
1176.855	0.8	NonTarget	1	235371
1176.94	0.8	NonTarget	1	235388
1177.025	0.8	Target	2	235405
1177.105	0.8	NonTarget	1	235421
1177.19	0.8	NonTarget	1	235438
1177.275	0.8	NonTarget	1	235455
1177.355	0.8	NonTarget	1	235471
1177.44	0.8	NonTarget	1	235488
1177.525	0.8	NonTarget	1	235505
1177.605	0.8	NonTarget	1	235521
1177.69	0.8	NonTarget	1	235538
1177.775	0.8	NonTarget	1	235555
1177.86	0.8	NonTarget	1	235572
1177.94	0.8	NonTarget	1	235588
1178.025	0.8	NonTarget	1	235605
1178.105	0.8	NonTarget	1	235621
1178.19	0.8	NonTarget	1	235638
1178.59	0.8	NonTarget	1	235718
1178.675	0.8	NonTarget	1	235735
1178.76	0.8	NonTarget	1	235752
1178.84	0.8	NonTarget	1	235768
1178.925	0.8	NonTarget	1	235785
1179.01	0.8	NonTarget	1	235802
1179.09	0.8	NonTarget	1	235818
1179.175	0.8	NonTarget	1	235835
1179.26	0.8	NonTarget	1	235852
1179.345	0.8	NonTarget	1	235869
1179.425	0.8	NonTarget	1	235885
1179.51	0.8	NonTarget	1	235902
1179.595	0.8	NonTarget	1	235919
1179.675	0.8	NonTarget	1	235935
1179.76	0.8	NonTarget	1	235952
1179.845	0.8	NonTarget	1	235969
1179.925	0.8	NonTarget	1	235985
1180.01	0.8	NonTarget	1	236002
1180.095	0.8	NonTarget	1	236019
1180.175	0.8	NonTarget	1	236035
1180.26	0.8	NonTarget	1	236052
1180.345	0.8	NonTarget	1	236069
1180.43	0.8	NonTarget	1	236086
1180.51	0.8	NonTarget	1	236102
1180.595	0.8	NonTarget	1	236119
1180.68	0.8	Target	2	236136
1180.76	0.8	NonTarget	1	236152
1180.845	0.8	NonTarget	1	236169
1180.93	0.8	NonTarget	1	236186
1181.01	0.8	NonTarget	1	236202
1181.41	0.8	NonTarget	1	236282
1181.495	0.8	NonTarget	1	236299
1181.58	0.8	NonTarget	1	236316
1181.665	0.8	NonTarget	1	236333
1181.745	0.8	NonTarget	1	236349
1181.83	0.8	NonTarget	1	236366
1181.915	0.8	NonTarget	1	236383
1181.995	0.8	NonTarget	1	236399
1182.08	0.8	NonTarget	1	236416
1182.165	0.8	NonTarget	1	236433
1182.245	0.8	NonTarget	1	236449
1182.33	0.8	NonTarget	1	236466
1182.415	0.8	NonTarget	1	236483
1182.5	0.8	NonTarget	1	236500
1182.58	0.8	NonTarget	1	236516
1182.665	0.8	NonTarget	1	236533
1182.75	0.8	NonTarget	1	236550
1182.83	0.8	NonTarget	1	236566
1182.915	0.8	NonTarget	1	236583
1183.0	0.8	NonTarget	1	236600
1183.08	0.8	NonTarget	1	236616
1183.165	0.8	NonTarget	1	236633
1183.25	0.8	NonTarget	1	236650
1183.33	0.8	NonTarget	1	236666
1183.415	0.8	NonTarget	1	236683
1183.5	0.8	Target	2	236700
1183.58	0.8	NonTarget	1	236716
1183.665	0.8	NonTarget	1	236733
1183.75	0.8	NonTarget	1	236750
1183.83	0.8	NonTarget	1	236766
1193.785	0.8	NonTarget	1	238757
1193.865	0.8	NonTarget	1	238773
1193.945	0.8	NonTarget	1	238789
1194.03	0.8	NonTarget	1	238806
1194.115	0.8	NonTarget	1	238823
1194.195	0.8	NonTarget	1	238839
1194.28	0.8	NonTarget	1	238856
1194.365	0.8	NonTarget	1	238873
1194.45	0.8	NonTarget	1	238890
1194.53	0.8	NonTarget	1	238906
1194.615	0.8	NonTarget	1	238923
1194.695	0.8	NonTarget	1	238939
1194.78	0.8	NonTarget	1	238956
1194.865	0.8	NonTarget	1	238973
1194.95	0.8	NonTarget	1	238990
1195.03	0.8	Target	2	239006
1195.115	0.8	NonTarget	1	239023
1195.2	0.8	NonTarget	1	239040
1195.28	0.8	NonTarget	1	239056
1195.365	0.8	NonTarget	1	239073
1195.45	0.8	NonTarget	1	239090
1195.535	0.8	NonTarget	1	239107
1195.615	0.8	NonTarget	1	239123
1195.7	0.8	NonTarget	1	239140
1195.785	0.8	NonTarget	1	239157
1195.865	0.8	NonTarget	1	239173
1195.95	0.8	NonTarget	1	239190
1196.035	0.8	NonTarget	1	239207
1196.115	0.8	NonTarget	1	239223
1196.2	0.8	NonTarget	1	239240
1196.6	0.8	NonTarget	1	239320
1196.685	0.8	NonTarget	1	239337
1196.77	0.8	NonTarget	1	239354
1196.85	0.8	NonTarget	1	239370
1196.935	0.8	NonTarget	1	239387
1197.02	0.8	Target	2	239404
1197.1	0.8	NonTarget	1	239420
1197.185	0.8	NonTarget	1	239437
1197.27	0.8	NonTarget	1	239454
1197.35	0.8	NonTarget	1	239470
1197.435	0.8	NonTarget	1	239487
1197.52	0.8	NonTarget	1	239504
1197.6	0.8	NonTarget	1	239520
1197.685	0.8	NonTarget	1	239537
1197.77	0.8	NonTarget	1	239554
1197.855	0.8	NonTarget	1	239571
1197.935	0.8	NonTarget	1	239587
1198.02	0.8	NonTarget	1	239604
1198.105	0.8	NonTarget	1	239621
1198.185	0.8	NonTarget	1	239637
1198.27	0.8	NonTarget	1	239654
1198.355	0.8	NonTarget	1	239671
1198.435	0.8	NonTarget	1	239687
1198.52	0.8	NonTarget	1	239704
1198.605	0.8	NonTarget	1	239721
1198.685	0.8	NonTarget	1	239737
1198.77	0.8	NonTarget	1	239754
1198.855	0.8	NonTarget	1	239771
1198.935	0.8	NonTarget	1	239787
1199.02	0.8	NonTarget	1	239804
1199.42	0.8	NonTarget	1	239884
1199.505	0.8	NonTarget	1	239901
1199.59	0.8	NonTarget	1	239918
1199.67	0.8	NonTarget	1	239934
1199.755	0.8	NonTarget	1	239951
1199.84	0.8	NonTarget	1	239968
1199.92	0.8	NonTarget	1	239984
1200.005	0.8	NonTarget	1	240001
1200.09	0.8	NonTarget	1	240018
1200.17	0.8	NonTarget	1	240034
1200.255	0.8	NonTarget	1	240051
1200.34	0.8	NonTarget	1	240068
1200.42	0.8	NonTarget	1	240084
1200.505	0.8	NonTarget	1	240101
1200.59	0.8	NonTarget	1	240118
1200.675	0.8	NonTarget	1	240135
1200.755	0.8	NonTarget	1	240151
1200.84	0.8	NonTarget	1	240168
1200.925	0.8	NonTarget	1	240185
1201.005	0.8	NonTarget	1	240201
1201.09	0.8	NonTarget	1	240218
1201.175	0.8	NonTarget	1	240235
1201.26	0.8	NonTarget	1	240252
1201.34	0.8	NonTarget	1	240268
1201.425	0.8	NonTarget	1	240285
1201.505	0.8	Target	2	240301
1201.59	0.8	NonTarget	1	240318
1201.675	0.8	NonTarget	1	240335
1201.76	0.8	NonTarget	1	240352
1201.84	0.8	NonTarget	1	240368
1202.24	0.8	NonTarget	1	240448
1202.325	0.8	NonTarget	1	240465
1202.41	0.8	NonTarget	1	240482
1202.49	0.8	NonTarget	1	240498
1202.575	0.8	NonTarget	1	240515
1202.66	0.8	Target	2	240532
1202.745	0.8	NonTarget	1	240549
1202.825	0.8	NonTarget	1	240565
1202.91	0.8	NonTarget	1	240582
1202.995	0.8	NonTarget	1	240599
1203.075	0.8	NonTarget	1	240615
1203.16	0.8	NonTarget	1	240632
1203.245	0.8	NonTarget	1	240649
1203.325	0.8	NonTarget	1	240665
1203.41	0.8	NonTarget	1	240682
1203.495	0.8	NonTarget	1	240699
1203.575	0.8	NonTarget	1	240715
1203.66	0.8	NonTarget	1	240732
1203.745	0.8	NonTarget	1	240749
1203.825	0.8	NonTarget	1	240765
1203.91	0.8	NonTarget	1	240782
1203.995	0.8	NonTarget	1	240799
1204.075	0.8	NonTarget	1	240815
1204.16	0.8	NonTarget	1	240832
1204.245	0.8	NonTarget	1	240849
1204.33	0.8	NonTarget	1	240866
1204.41	0.8	NonTarget	1	240882
1204.495	0.8	NonTarget	1	240899
1204.58	0.8	NonTarget	1	240916
1204.66	0.8	NonTarget	1	240932
1205.065	0.8	NonTarget	1	241013
1205.145	0.8	NonTarget	1	241029
1205.23	0.8	NonTarget	1	241046
1205.315	0.8	NonTarget	1	241063
1205.395	0.8	NonTarget	1	241079
1205.48	0.8	Target	2	241096
1205.56	0.8	NonTarget	1	241112
1205.645	0.8	NonTarget	1	241129
1205.73	0.8	NonTarget	1	241146
1205.815	0.8	NonTarget	1	241163
1205.895	0.8	NonTarget	1	241179
1205.98	0.8	NonTarget	1	241196
1206.065	0.8	NonTarget	1	241213
1206.15	0.8	NonTarget	1	241230
1206.23	0.8	NonTarget	1	241246
1206.315	0.8	NonTarget	1	241263
1206.4	0.8	NonTarget	1	241280
1206.48	0.8	NonTarget	1	241296
1206.565	0.8	NonTarget	1	241313
1206.65	0.8	NonTarget	1	241330
1206.73	0.8	NonTarget	1	241346
1206.815	0.8	NonTarget	1	241363
1206.9	0.8	NonTarget	1	241380
1206.98	0.8	NonTarget	1	241396
1207.065	0.8	NonTarget	1	241413
1207.15	0.8	NonTarget	1	241430
1207.235	0.8	NonTarget	1	241447
1207.315	0.8	NonTarget	1	241463
1207.4	0.8	NonTarget	1	241480
1207.48	0.8	NonTarget	1	241496
1207.88	0.8	NonTarget	1	241576
1207.965	0.8	NonTarget	1	241593
1208.05	0.8	NonTarget	1	241610
1208.135	0.8	NonTarget	1	241627
1208.215	0.8	NonTarget	1	241643
1208.3	0.8	NonTarget	1	241660
1208.385	0.8	NonTarget	1	241677
1208.465	0.8	NonTarget	1	241693
1208.55	0.8	NonTarget	1	241710
1208.635	0.8	NonTarget	1	241727
1208.715	0.8	NonTarget	1	241743
1208.8	0.8	NonTarget	1	241760
1208.885	0.8	NonTarget	1	241777
1208.97	0.8	NonTarget	1	241794
1209.05	0.8	NonTarget	1	241810
1209.135	0.8	NonTarget	1	241827
1209.22	0.8	NonTarget	1	241844
1209.3	0.8	NonTarget	1	241860
1209.385	0.8	NonTarget	1	241877
1209.47	0.8	NonTarget	1	241894
1209.555	0.8	Target	2	241911
1209.635	0.8	NonTarget	1	241927
1209.72	0.8	NonTarget	1	241944
1209.8	0.8	NonTarget	1	241960
1209.885	0.8	NonTarget	1	241977
1209.97	0.8	NonTarget	1	241994
1210.055	0.8	NonTarget	1	242011
1210.135	0.8	NonTarget	1	242027
1210.22	0.8	NonTarget	1	242044
1210.305	0.8	NonTarget	1	242061
1210.705	0.8	NonTarget	1	242141
1210.79	0.8	NonTarget	1	242158
1210.87	0.8	NonTarget	1	242174
1210.955	0.8	NonTarget	1	242191
1211.04	0.8	NonTarget	1	242208
1211.12	0.8	NonTarget	1	242224
1211.205	0.8	NonTarget	1	242241
1211.29	0.8	NonTarget	1	242258
1211.37	0.8	NonTarget	1	242274
1211.455	0.8	NonTarget	1	242291
1211.54	0.8	NonTarget	1	242308
1211.625	0.8	NonTarget	1	242325
1211.705	0.8	NonTarget	1	242341
1211.79	0.8	NonTarget	1	242358
1211.87	0.8	NonTarget	1	242374
1211.955	0.8	Target	2	242391
1212.04	0.8	NonTarget	1	242408
1212.12	0.8	NonTarget	1	242424
1212.205	0.8	NonTarget	1	242441
1212.29	0.8	NonTarget	1	242458
1212.375	0.8	NonTarget	1	242475
1212.46	0.8	NonTarget	1	242492
1212.54	0.8	NonTarget	1	242508
1212.625	0.8	NonTarget	1	242525
1212.705	0.8	NonTarget	1	242541
1212.79	0.8	NonTarget	1	242558
1212.875	0.8	NonTarget	1	242575
1212.955	0.8	NonTarget	1	242591
1213.04	0.8	NonTarget	1	242608
1213.125	0.8	NonTarget	1	242625
1213.525	0.8	Target	2	242705
1213.61	0.8	NonTarget	1	242722
1213.69	0.8	NonTarget	1	242738
1213.775	0.8	NonTarget	1	242755
1213.86	0.8	NonTarget	1	242772
1213.94	0.8	NonTarget	1	242788
1214.025	0.8	NonTarget	1	242805
1214.11	0.8	NonTarget	1	242822
1214.19	0.8	NonTarget	1	242838
1214.275	0.8	NonTarget	1	242855
1214.36	0.8	NonTarget	1	242872
1214.44	0.8	NonTarget	1	242888
1214.525	0.8	NonTarget	1	242905
1214.61	0.8	NonTarget	1	242922
1214.69	0.8	NonTarget	1	242938
1214.775	0.8	NonTarget	1	242955
1214.86	0.8	NonTarget	1	242972
1214.945	0.8	NonTarget	1	242989
1215.025	0.8	NonTarget	1	243005
1215.11	0.8	NonTarget	1	243022
1215.195	0.8	NonTarget	1	243039
1215.275	0.8	NonTarget	1	243055
1215.36	0.8	NonTarget	1	243072
1215.445	0.8	NonTarget	1	243089
1215.525	0.8	NonTarget	1	243105
1215.61	0.8	NonTarget	1	243122
1215.695	0.8	NonTarget	1	243139
1215.78	0.8	NonTarget	1	243156
1215.86	0.8	NonTarget	1	243172
1215.945	0.8	NonTarget	1	243189
1216.345	0.8	NonTarget	1	243269
1216.43	0.8	NonTarget	1	243286
1216.515	0.8	NonTarget	1	243303
1216.595	0.8	NonTarget	1	243319
1216.68	0.8	NonTarget	1	243336
1216.765	0.8	Target	2	243353
1216.845	0.8	NonTarget	1	243369
1216.93	0.8	NonTarget	1	243386
1217.015	0.8	NonTarget	1	243403
1217.095	0.8	NonTarget	1	243419
1217.18	0.8	NonTarget	1	243436
1217.265	0.8	NonTarget	1	243453
1217.345	0.8	NonTarget	1	243469
1217.43	0.8	NonTarget	1	243486
1217.51	0.8	NonTarget	1	243502
1217.595	0.8	NonTarget	1	243519
1217.68	0.8	NonTarget	1	243536
1217.765	0.8	NonTarget	1	243553
1217.85	0.8	NonTarget	1	243570
1217.93	0.8	NonTarget	1	243586
1218.015	0.8	NonTarget	1	243603
1218.1	0.8	NonTarget	1	243620
1218.18	0.8	NonTarget	1	243636
1218.265	0.8	NonTarget	1	243653
1218.35	0.8	NonTarget	1	243670
1218.43	0.8	NonTarget	1	243686
1218.515	0.8	NonTarget	1	243703
1218.6	0.8	NonTarget	1	243720
1218.68	0.8	NonTarget	1	243736
1218.765	0.8	NonTarget	1	243753
1219.165	0.8	NonTarget	1	243833
1219.25	0.8	NonTarget	1	243850
1219.335	0.8	NonTarget	1	243867
1219.415	0.8	NonTarget	1	243883
1219.5	0.8	NonTarget	1	243900
1219.585	0.8	NonTarget	1	243917
1219.665	0.8	NonTarget	1	243933
1219.75	0.8	NonTarget	1	243950
1219.835	0.8	NonTarget	1	243967
1219.915	0.8	NonTarget	1	243983
1220.0	0.8	NonTarget	1	244000
1220.085	0.8	NonTarget	1	244017
1220.165	0.8	NonTarget	1	244033
1220.25	0.8	NonTarget	1	244050
1220.335	0.8	NonTarget	1	244067
1220.42	0.8	NonTarget	1	244084
1220.5	0.8	NonTarget	1	244100
1220.585	0.8	NonTarget	1	244117
1220.67	0.8	NonTarget	1	244134
1220.75	0.8	NonTarget	1	244150
1220.835	0.8	Target	2	244167
1220.92	0.8	NonTarget	1	244184
1221.0	0.8	NonTarget	1	244200
1221.085	0.8	NonTarget	1	244217
1221.17	0.8	NonTarget	1	244234
1221.255	0.8	NonTarget	1	244251
1221.335	0.8	NonTarget	1	244267
1221.42	0.8	NonTarget	1	244284
1221.505	0.8	NonTarget	1	244301
1221.585	0.8	NonTarget	1	244317
1231.555	0.8	NonTarget	1	246311
1231.635	0.8	NonTarget	1	246327
1231.715	0.8	NonTarget	1	246343
1231.8	0.8	NonTarget	1	246360
1231.885	0.8	NonTarget	1	246377
1231.965	0.8	NonTarget	1	246393
1232.05	0.8	NonTarget	1	246410
1232.135	0.8	NonTarget	1	246427
1232.22	0.8	NonTarget	1	246444
1232.3	0.8	NonTarget	1	246460
1232.385	0.8	NonTarget	1	246477
1232.465	0.8	NonTarget	1	246493
1232.55	0.8	NonTarget	1	246510
1232.635	0.8	NonTarget	1	246527
1232.72	0.8	NonTarget	1	246544
1232.8	0.8	NonTarget	1	246560
1232.885	0.8	NonTarget	1	246577
1232.97	0.8	NonTarget	1	246594
1233.055	0.8	NonTarget	1	246611
1233.135	0.8	NonTarget	1	246627
1233.22	0.8	Target	2	246644
1233.305	0.8	NonTarget	1	246661
1233.385	0.8	NonTarget	1	246677
1233.47	0.8	NonTarget	1	246694
1233.555	0.8	NonTarget	1	246711
1233.635	0.8	NonTarget	1	246727
1233.72	0.8	NonTarget	1	246744
1233.805	0.8	NonTarget	1	246761
1233.885	0.8	NonTarget	1	246777
1233.97	0.8	NonTarget	1	246794
1234.37	0.8	Target	2	246874
1234.455	0.8	NonTarget	1	246891
1234.535	0.8	NonTarget	1	246907
1234.645	0.8	NonTarget	1	246929
1234.72	0.8	NonTarget	1	246944
1234.805	0.8	NonTarget	1	246961
1234.89	0.8	NonTarget	1	246978
1234.97	0.8	NonTarget	1	246994
1235.055	0.8	NonTarget	1	247011
1235.14	0.8	NonTarget	1	247028
1235.225	0.8	NonTarget	1	247045
1235.305	0.8	NonTarget	1	247061
1235.39	0.8	NonTarget	1	247078
1235.47	0.8	NonTarget	1	247094
1235.555	0.8	NonTarget	1	247111
1235.64	0.8	NonTarget	1	247128
1235.72	0.8	NonTarget	1	247144
1235.805	0.8	NonTarget	1	247161
1235.89	0.8	NonTarget	1	247178
1235.975	0.8	NonTarget	1	247195
1236.055	0.8	NonTarget	1	247211
1236.14	0.8	NonTarget	1	247228
1236.225	0.8	NonTarget	1	247245
1236.31	0.8	NonTarget	1	247262
1236.39	0.8	NonTarget	1	247278
1236.475	0.8	NonTarget	1	247295
1236.555	0.8	NonTarget	1	247311
1236.64	0.8	NonTarget	1	247328
1236.725	0.8	NonTarget	1	247345
1236.81	0.8	NonTarget	1	247362
1237.205	0.8	NonTarget	1	247441
1237.29	0.8	NonTarget	1	247458
1237.375	0.8	NonTarget	1	247475
1237.46	0.8	NonTarget	1	247492
1237.54	0.8	NonTarget	1	247508
1237.625	0.8	NonTarget	1	247525
1237.71	0.8	NonTarget	1	247542
1237.79	0.8	NonTarget	1	247558
1237.875	0.8	NonTarget	1	247575
1237.96	0.8	NonTarget	1	247592
1238.04	0.8	NonTarget	1	247608
1238.125	0.8	NonTarget	1	247625
1238.21	0.8	NonTarget	1	247642
1238.295	0.8	NonTarget	1	247659
1238.375	0.8	NonTarget	1	247675
1238.46	0.8	NonTarget	1	247692
1238.545	0.8	NonTarget	1	247709
1238.625	0.8	NonTarget	1	247725
1238.71	0.8	NonTarget	1	247742
1238.795	0.8	NonTarget	1	247759
1238.875	0.8	NonTarget	1	247775
1238.96	0.8	NonTarget	1	247792
1239.045	0.8	NonTarget	1	247809
1239.13	0.8	NonTarget	1	247826
1239.21	0.8	NonTarget	1	247842
1239.295	0.8	Target	2	247859
1239.38	0.8	NonTarget	1	247876
1239.46	0.8	NonTarget	1	247892
1239.545	0.8	NonTarget	1	247909
1239.63	0.8	NonTarget	1	247926
1240.03	0.8	Target	2	248006
1240.115	0.8	NonTarget	1	248023
1240.195	0.8	NonTarget	1	248039
1240.28	0.8	NonTarget	1	248056
1240.36	0.8	NonTarget	1	248072
1240.445	0.8	NonTarget	1	248089
1240.53	0.8	NonTarget	1	248106
1240.615	0.8	NonTarget	1	248123
1240.695	0.8	NonTarget	1	248139
1240.78	0.8	NonTarget	1	248156
1240.865	0.8	NonTarget	1	248173
1240.95	0.8	NonTarget	1	248190
1241.03	0.8	NonTarget	1	248206
1241.115	0.8	NonTarget	1	248223
1241.195	0.8	NonTarget	1	248239
1241.28	0.8	NonTarget	1	248256
1241.365	0.8	NonTarget	1	248273
1241.445	0.8	NonTarget	1	248289
1241.53	0.8	NonTarget	1	248306
1241.615	0.8	NonTarget	1	248323
1241.7	0.8	NonTarget	1	248340
1241.78	0.8	NonTarget	1	248356
1241.865	0.8	NonTarget	1	248373
1241.95	0.8	NonTarget	1	248390
1242.03	0.8	NonTarget	1	248406
1242.115	0.8	NonTarget	1	248423
1242.2	0.8	NonTarget	1	248440
1242.28	0.8	NonTarget	1	248456
1242.365	0.8	NonTarget	1	248473
1242.45	0.8	NonTarget	1	248490
1242.85	0.8	NonTarget	1	248570
1242.935	0.8	NonTarget	1	248587
1243.02	0.8	NonTarget	1	248604
1243.1	0.8	NonTarget	1	248620
1243.18	0.8	NonTarget	1	248636
1243.265	0.8	NonTarget	1	248653
1243.35	0.8	NonTarget	1	248670
1243.435	0.8	NonTarget	1	248687
1243.52	0.8	NonTarget	1	248704
1243.6	0.8	NonTarget	1	248720
1243.685	0.8	NonTarget	1	248737
1243.77	0.8	NonTarget	1	248754
1243.85	0.8	NonTarget	1	248770
1243.935	0.8	NonTarget	1	248787
1244.02	0.8	NonTarget	1	248804
1244.105	0.8	NonTarget	1	248821
1244.185	0.8	NonTarget	1	248837
1244.27	0.8	NonTarget	1	248854
1244.355	0.8	NonTarget	1	248871
1244.435	0.8	NonTarget	1	248887
1244.52	0.8	NonTarget	1	248904
1244.6	0.8	NonTarget	1	248920
1244.685	0.8	NonTarget	1	248937
1244.77	0.8	NonTarget	1	248954
1244.855	0.8	NonTarget	1	248971
1244.935	0.8	Target	2	248987
1245.02	0.8	NonTarget	1	249004
1245.105	0.8	NonTarget	1	249021
1245.185	0.8	NonTarget	1	249037
1245.27	0.8	NonTarget	1	249054
1245.67	0.8	NonTarget	1	249134
1245.755	0.8	NonTarget	1	249151
1245.835	0.8	NonTarget	1	249167
1245.92	0.8	NonTarget	1	249184
1246.005	0.8	NonTarget	1	249201
1246.085	0.8	NonTarget	1	249217
1246.17	0.8	NonTarget	1	249234
1246.255	0.8	NonTarget	1	249251
1246.335	0.8	NonTarget	1	249267
1246.42	0.8	NonTarget	1	249284
1246.505	0.8	NonTarget	1	249301
1246.59	0.8	NonTarget	1	249318
1246.67	0.8	NonTarget	1	249334
1246.755	0.8	NonTarget	1	249351
1246.84	0.8	NonTarget	1	249368
1246.92	0.8	NonTarget	1	249384
1247.005	0.8	NonTarget	1	249401
1247.09	0.8	NonTarget	1	249418
1247.175	0.8	NonTarget	1	249435
1247.255	0.8	NonTarget	1	249451
1247.34	0.8	NonTarget	1	249468
1247.42	0.8	NonTarget	1	249484
1247.505	0.8	NonTarget	1	249501
1247.59	0.8	NonTarget	1	249518
1247.675	0.8	NonTarget	1	249535
1247.755	0.8	Target	2	249551
1247.84	0.8	NonTarget	1	249568
1247.925	0.8	NonTarget	1	249585
1248.005	0.8	NonTarget	1	249601
1248.09	0.8	NonTarget	1	249618
1248.49	0.8	NonTarget	1	249698
1248.575	0.8	NonTarget	1	249715
1248.66	0.8	NonTarget	1	249732
1248.74	0.8	NonTarget	1	249748
1248.825	0.8	NonTarget	1	249765
1248.91	0.8	NonTarget	1	249782
1248.99	0.8	NonTarget	1	249798
1249.075	0.8	NonTarget	1	249815
1249.16	0.8	NonTarget	1	249832
1249.24	0.8	NonTarget	1	249848
1249.325	0.8	NonTarget	1	249865
1249.41	0.8	NonTarget	1	249882
1249.49	0.8	NonTarget	1	249898
1249.575	0.8	NonTarget	1	249915
1249.66	0.8	NonTarget	1	249932
1249.74	0.8	NonTarget	1	249948
1249.825	0.8	NonTarget	1	249965
1249.91	0.8	NonTarget	1	249982
1249.995	0.8	NonTarget	1	249999
1250.075	0.8	NonTarget	1	250015
1250.16	0.8	Target	2	250032
1250.245	0.8	NonTarget	1	250049
1250.325	0.8	NonTarget	1	250065
1250.41	0.8	NonTarget	1	250082
1250.495	0.8	NonTarget	1	250099
1250.575	0.8	NonTarget	1	250115
1250.66	0.8	NonTarget	1	250132
1250.745	0.8	NonTarget	1	250149
1250.83	0.8	NonTarget	1	250166
1250.91	0.8	NonTarget	1	250182
1251.31	0.8	NonTarget	1	250262
1251.395	0.8	NonTarget	1	250279
1251.48	0.8	NonTarget	1	250296
1251.565	0.8	NonTarget	1	250313
1251.645	0.8	NonTarget	1	250329
1251.73	0.8	NonTarget	1	250346
1251.81	0.8	NonTarget	1	250362
1251.895	0.8	NonTarget	1	250379
1251.98	0.8	NonTarget	1	250396
1252.06	0.8	NonTarget	1	250412
1252.145	0.8	NonTarget	1	250429
1252.23	0.8	NonTarget	1	250446
1252.315	0.8	NonTarget	1	250463
1252.395	0.8	NonTarget	1	250479
1252.48	0.8	NonTarget	1	250496
1252.565	0.8	NonTarget	1	250513
1252.645	0.8	NonTarget	1	250529
1252.73	0.8	NonTarget	1	250546
1252.815	0.8	NonTarget	1	250563
1252.895	0.8	NonTarget	1	250579
1252.98	0.8	Target	2	250596
1253.065	0.8	NonTarget	1	250613
1253.145	0.8	NonTarget	1	250629
1253.23	0.8	NonTarget	1	250646
1253.315	0.8	NonTarget	1	250663
1253.395	0.8	NonTarget	1	250679
1253.48	0.8	NonTarget	1	250696
1253.565	0.8	NonTarget	1	250713
1253.65	0.8	NonTarget	1	250730
1253.73	0.8	NonTarget	1	250746
1254.13	0.8	NonTarget	1	250826
1254.215	0.8	NonTarget	1	250843
1254.3	0.8	NonTarget	1	250860
1254.385	0.8	NonTarget	1	250877
1254.465	0.8	NonTarget	1	250893
1254.55	0.8	NonTarget	1	250910
1254.63	0.8	NonTarget	1	250926
1254.715	0.8	NonTarget	1	250943
1254.8	0.8	NonTarget	1	250960
1254.88	0.8	NonTarget	1	250976
1254.965	0.8	Target	2	250993
1255.05	0.8	NonTarget	1	251010
1255.135	0.8	NonTarget	1	251027
1255.215	0.8	NonTarget	1	251043
1255.3	0.8	NonTarget	1	251060
1255.385	0.8	NonTarget	1	251077
1255.465	0.8	NonTarget	1	251093
1255.55	0.8	NonTarget	1	251110
1255.635	0.8	NonTarget	1	251127
1255.715	0.8	NonTarget	1	251143
1255.8	0.8	NonTarget	1	251160
1255.885	0.8	NonTarget	1	251177
1255.965	0.8	NonTarget	1	251193
1256.05	0.8	NonTarget	1	251210
1256.135	0.8	NonTarget	1	251227
1256.22	0.8	NonTarget	1	251244
1256.3	0.8	NonTarget	1	251260
1256.385	0.8	NonTarget	1	251277
1256.47	0.8	NonTarget	1	251294
1256.55	0.8	NonTarget	1	251310
1256.95	0.8	NonTarget	1	251390
1257.035	0.8	NonTarget	1	251407
1257.12	0.8	NonTarget	1	251424
1257.205	0.8	NonTarget	1	251441
1257.285	0.8	NonTarget	1	251457
1257.37	0.8	Target	2	251474
1257.455	0.8	NonTarget	1	251491
1257.535	0.8	NonTarget	1	251507
1257.62	0.8	NonTarget	1	251524
1257.705	0.8	NonTarget	1	251541
1257.785	0.8	NonTarget	1	251557
1257.87	0.8	NonTarget	1	251574
1257.955	0.8	NonTarget	1	251591
1258.04	0.8	NonTarget	1	251608
1258.12	0.8	NonTarget	1	251624
1258.205	0.8	NonTarget	1	251641
1258.285	0.8	NonTarget	1	251657
1258.37	0.8	NonTarget	1	251674
1258.455	0.8	NonTarget	1	251691
1258.535	0.8	NonTarget	1	251707
1258.62	0.8	NonTarget	1	251724
1258.705	0.8	NonTarget	1	251741
1258.79	0.8	NonTarget	1	251758
1258.87	0.8	NonTarget	1	251774
1258.955	0.8	NonTarget	1	251791
1259.04	0.8	NonTarget	1	251808
1259.12	0.8	NonTarget	1	251824
1259.205	0.8	NonTarget	1	251841
1259.29	0.8	NonTarget	1	251858
1259.375	0.8	NonTarget	1	251875
1269.305	0.8	NonTarget	1	253861
1269.385	0.8	NonTarget	1	253877
1269.47	0.8	NonTarget	1	253894
1269.555	0.8	NonTarget	1	253911
1269.64	0.8	NonTarget	1	253928
1269.72	0.8	NonTarget	1	253944
1269.805	0.8	NonTarget	1	253961
1269.89	0.8	Target	2	253978
1269.97	0.8	NonTarget	1	253994
1270.055	0.8	NonTarget	1	254011
1270.14	0.8	NonTarget	1	254028
1270.22	0.8	NonTarget	1	254044
1270.305	0.8	NonTarget	1	254061
1270.39	0.8	NonTarget	1	254078
1270.47	0.8	NonTarget	1	254094
1270.555	0.8	NonTarget	1	254111
1270.64	0.8	NonTarget	1	254128
1270.72	0.8	NonTarget	1	254144
1270.805	0.8	NonTarget	1	254161
1270.89	0.8	NonTarget	1	254178
1270.97	0.8	NonTarget	1	254194
1271.055	0.8	NonTarget	1	254211
1271.14	0.8	NonTarget	1	254228
1271.225	0.8	NonTarget	1	254245
1271.305	0.8	NonTarget	1	254261
1271.39	0.8	NonTarget	1	254278
1271.475	0.8	NonTarget	1	254295
1271.555	0.8	NonTarget	1	254311
1271.64	0.8	NonTarget	1	254328
1271.72	0.8	NonTarget	1	254344
1272.125	0.8	NonTarget	1	254425
1272.21	0.8	NonTarget	1	254442
1272.29	0.8	NonTarget	1	254458
1272.375	0.8	NonTarget	1	254475
1272.46	0.8	NonTarget	1	254492
1272.545	0.8	NonTarget	1	254509
1272.625	0.8	NonTarget	1	254525
1272.71	0.8	NonTarget	1	254542
1272.795	0.8	NonTarget	1	254559
1272.875	0.8	NonTarget	1	254575
1272.96	0.8	NonTarget	1	254592
1273.04	0.8	NonTarget	1	254608
1273.125	0.8	NonTarget	1	254625
1273.21	0.8	NonTarget	1	254642
1273.29	0.8	NonTarget	1	254658
1273.375	0.8	NonTarget	1	254675
1273.46	0.8	NonTarget	1	254692
1273.54	0.8	NonTarget	1	254708
1273.625	0.8	NonTarget	1	254725
1273.71	0.8	NonTarget	1	254742
1273.795	0.8	NonTarget	1	254759
1273.875	0.8	NonTarget	1	254775
1273.96	0.8	NonTarget	1	254792
1274.045	0.8	NonTarget	1	254809
1274.125	0.8	NonTarget	1	254825
1274.21	0.8	NonTarget	1	254842
1274.295	0.8	NonTarget	1	254859
1274.38	0.8	Target	2	254876
1274.46	0.8	NonTarget	1	254892
1274.545	0.8	NonTarget	1	254909
1274.945	0.8	NonTarget	1	254989
1275.03	0.8	NonTarget	1	255006
1275.115	0.8	NonTarget	1	255023
1275.195	0.8	NonTarget	1	255039
1275.28	0.8	NonTarget	1	255056
1275.36	0.8	NonTarget	1	255072
1275.445	0.8	NonTarget	1	255089
1275.53	0.8	NonTarget	1	255106
1275.615	0.8	NonTarget	1	255123
1275.695	0.8	NonTarget	1	255139
1275.78	0.8	NonTarget	1	255156
1275.865	0.8	NonTarget	1	255173
1275.945	0.8	NonTarget	1	255189
1276.03	0.8	NonTarget	1	255206
1276.115	0.8	NonTarget	1	255223
1276.195	0.8	NonTarget	1	255239
1276.28	0.8	NonTarget	1	255256
1276.365	0.8	Target	2	255273
1276.45	0.8	NonTarget	1	255290
1276.53	0.8	NonTarget	1	255306
1276.615	0.8	NonTarget	1	255323
1276.695	0.8	NonTarget	1	255339
1276.78	0.8	NonTarget	1	255356
1276.865	0.8	NonTarget	1	255373
1276.95	0.8	NonTarget	1	255390
1277.03	0.8	NonTarget	1	255406
1277.115	0.8	NonTarget	1	255423
1277.2	0.8	NonTarget	1	255440
1277.28	0.8	NonTarget	1	255456
1277.365	0.8	NonTarget	1	255473
1277.765	0.8	NonTarget	1	255553
1277.85	0.8	NonTarget	1	255570
1277.935	0.8	NonTarget	1	255587
1278.015	0.8	NonTarget	1	255603
1278.1	0.8	NonTarget	1	255620
1278.18	0.8	NonTarget	1	255636
1278.265	0.8	NonTarget	1	255653
1278.35	0.8	NonTarget	1	255670
1278.435	0.8	NonTarget	1	255687
1278.515	0.8	NonTarget	1	255703
1278.6	0.8	NonTarget	1	255720
1278.685	0.8	NonTarget	1	255737
1278.765	0.8	Target	2	255753
1278.85	0.8	NonTarget	1	255770
1278.935	0.8	NonTarget	1	255787
1279.02	0.8	NonTarget	1	255804
1279.1	0.8	NonTarget	1	255820
1279.185	0.8	NonTarget	1	255837
1279.27	0.8	NonTarget	1	255854
1279.35	0.8	NonTarget	1	255870
1279.435	0.8	NonTarget	1	255887
1279.52	0.8	NonTarget	1	255904
1279.6	0.8	NonTarget	1	255920
1279.685	0.8	NonTarget	1	255937
1279.77	0.8	NonTarget	1	255954
1279.85	0.8	NonTarget	1	255970
1279.935	0.8	NonTarget	1	255987
1280.02	0.8	NonTarget	1	256004
1280.105	0.8	NonTarget	1	256021
1280.185	0.8	NonTarget	1	256037
1280.585	0.8	NonTarget	1	256117
1280.67	0.8	NonTarget	1	256134
1280.755	0.8	NonTarget	1	256151
1280.84	0.8	NonTarget	1	256168
1280.92	0.8	NonTarget	1	256184
1281.005	0.8	NonTarget	1	256201
1281.085	0.8	NonTarget	1	256217
1281.17	0.8	NonTarget	1	256234
1281.255	0.8	NonTarget	1	256251
1281.34	0.8	NonTarget	1	256268
1281.42	0.8	NonTarget	1	256284
1281.505	0.8	NonTarget	1	256301
1281.59	0.8	NonTarget	1	256318
1281.67	0.8	NonTarget	1	256334
1281.755	0.8	NonTarget	1	256351
1281.84	0.8	NonTarget	1	256368
1281.92	0.8	NonTarget	1	256384
1282.005	0.8	Target	2	256401
1282.09	0.8	NonTarget	1	256418
1282.17	0.8	NonTarget	1	256434
1282.255	0.8	NonTarget	1	256451
1282.34	0.8	NonTarget	1	256468
1282.42	0.8	NonTarget	1	256484
1282.505	0.8	NonTarget	1	256501
1282.59	0.8	NonTarget	1	256518
1282.67	0.8	NonTarget	1	256534
1282.755	0.8	NonTarget	1	256551
1282.84	0.8	NonTarget	1	256568
1282.925	0.8	NonTarget	1	256585
1283.005	0.8	NonTarget	1	256601
1283.405	0.8	NonTarget	1	256681
1283.49	0.8	NonTarget	1	256698
1283.575	0.8	NonTarget	1	256715
1283.66	0.8	NonTarget	1	256732
1283.74	0.8	NonTarget	1	256748
1283.825	0.8	NonTarget	1	256765
1283.905	0.8	NonTarget	1	256781
1283.99	0.8	NonTarget	1	256798
1284.075	0.8	NonTarget	1	256815
1284.16	0.8	NonTarget	1	256832
1284.24	0.8	NonTarget	1	256848
1284.325	0.8	NonTarget	1	256865
1284.41	0.8	NonTarget	1	256882
1284.49	0.8	NonTarget	1	256898
1284.575	0.8	NonTarget	1	256915
1284.66	0.8	NonTarget	1	256932
1284.74	0.8	NonTarget	1	256948
1284.825	0.8	NonTarget	1	256965
1284.91	0.8	NonTarget	1	256982
1284.995	0.8	NonTarget	1	256999
1285.075	0.8	NonTarget	1	257015
1285.16	0.8	NonTarget	1	257032
1285.245	0.8	NonTarget	1	257049
1285.325	0.8	NonTarget	1	257065
1285.41	0.8	NonTarget	1	257082
1285.495	0.8	NonTarget	1	257099
1285.575	0.8	NonTarget	1	257115
1285.66	0.8	Target	2	257132
1285.745	0.8	NonTarget	1	257149
1285.825	0.8	NonTarget	1	257165
1286.225	0.8	NonTarget	1	257245
1286.31	0.8	NonTarget	1	257262
1286.395	0.8	Target	2	257279
1286.48	0.8	NonTarget	1	257296
1286.56	0.8	NonTarget	1	257312
1286.645	0.8	NonTarget	1	257329
1286.73	0.8	NonTarget	1	257346
1286.81	0.8	NonTarget	1	257362
1286.895	0.8	NonTarget	1	257379
1286.98	0.8	NonTarget	1	257396
1287.06	0.8	NonTarget	1	257412
1287.145	0.8	NonTarget	1	257429
1287.23	0.8	NonTarget	1	257446
1287.31	0.8	NonTarget	1	257462
1287.395	0.8	NonTarget	1	257479
1287.48	0.8	NonTarget	1	257496
1287.56	0.8	NonTarget	1	257512
1287.645	0.8	NonTarget	1	257529
1287.73	0.8	NonTarget	1	257546
1287.815	0.8	NonTarget	1	257563
1287.895	0.8	NonTarget	1	257579
1287.98	0.8	NonTarget	1	257596
1288.065	0.8	NonTarget	1	257613
1288.145	0.8	NonTarget	1	257629
1288.23	0.8	NonTarget	1	257646
1288.315	0.8	NonTarget	1	257663
1288.395	0.8	NonTarget	1	257679
1288.48	0.8	NonTarget	1	257696
1288.565	0.8	NonTarget	1	257713
1288.645	0.8	NonTarget	1	257729
1289.05	0.8	NonTarget	1	257810
1289.13	0.8	NonTarget	1	257826
1289.215	0.8	NonTarget	1	257843
1289.3	0.8	NonTarget	1	257860
1289.38	0.8	NonTarget	1	257876
1289.465	0.8	NonTarget	1	257893
1289.55	0.8	NonTarget	1	257910
1289.63	0.8	NonTarget	1	257926
1289.715	0.8	NonTarget	1	257943
1289.8	0.8	NonTarget	1	257960
1289.88	0.8	NonTarget	1	257976
1289.965	0.8	NonTarget	1	257993
1290.05	0.8	Target	2	258010
1290.135	0.8	NonTarget	1	258027
1290.215	0.8	NonTarget	1	258043
1290.3	0.8	NonTarget	1	258060
1290.385	0.8	NonTarget	1	258077
1290.465	0.8	NonTarget	1	258093
1290.55	0.8	NonTarget	1	258110
1290.635	0.8	NonTarget	1	258127
1290.715	0.8	NonTarget	1	258143
1290.8	0.8	NonTarget	1	258160
1290.885	0.8	NonTarget	1	258177
1290.97	0.8	NonTarget	1	258194
1291.05	0.8	NonTarget	1	258210
1291.135	0.8	NonTarget	1	258227
1291.22	0.8	NonTarget	1	258244
1291.3	0.8	NonTarget	1	258260
1291.385	0.8	NonTarget	1	258277
1291.47	0.8	NonTarget	1	258294
1291.87	0.8	NonTarget	1	258374
1291.955	0.8	NonTarget	1	258391
1292.035	0.8	NonTarget	1	258407
1292.12	0.8	NonTarget	1	258424
1292.2	0.8	NonTarget	1	258440
1292.285	0.8	NonTarget	1	258457
1292.37	0.8	NonTarget	1	258474
1292.455	0.8	NonTarget	1	258491
1292.535	0.8	NonTarget	1	258507
1292.62	0.8	NonTarget	1	258524
1292.705	0.8	NonTarget	1	258541
1292.79	0.8	NonTarget	1	258558
1292.87	0.8	NonTarget	1	258574
1292.955	0.8	NonTarget	1	258591
1293.035	0.8	NonTarget	1	258607
1293.12	0.8	NonTarget	1	258624
1293.205	0.8	NonTarget	1	258641
1293.285	0.8	Target	2	258657
1293.37	0.8	NonTarget	1	258674
1293.455	0.8	NonTarget	1	258691
1293.54	0.8	NonTarget	1	258708
1293.62	0.8	NonTarget	1	258724
1293.705	0.8	NonTarget	1	258741
1293.79	0.8	NonTarget	1	258758
1293.87	0.8	NonTarget	1	258774
1293.955	0.8	NonTarget	1	258791
1294.04	0.8	NonTarget	1	258808
1294.12	0.8	NonTarget	1	258824
1294.205	0.8	NonTarget	1	258841
1294.29	0.8	NonTarget	1	258858
1294.69	0.8	NonTarget	1	258938
1294.775	0.8	NonTarget	1	258955
1294.855	0.8	Target	2	258971
1294.94	0.8	NonTarget	1	258988
1295.025	0.8	NonTarget	1	259005
1295.105	0.8	NonTarget	1	259021
1295.19	0.8	NonTarget	1	259038
1295.275	0.8	NonTarget	1	259055
1295.36	0.8	NonTarget	1	259072
1295.44	0.8	NonTarget	1	259088
1295.525	0.8	NonTarget	1	259105
1295.605	0.8	NonTarget	1	259121
1295.69	0.8	NonTarget	1	259138
1295.775	0.8	NonTarget	1	259155
1295.86	0.8	NonTarget	1	259172
1295.94	0.8	NonTarget	1	259188
1296.025	0.8	NonTarget	1	259205
1296.11	0.8	NonTarget	1	259222
1296.19	0.8	NonTarget	1	259238
1296.275	0.8	NonTarget	1	259255
1296.36	0.8	NonTarget	1	259272
1296.44	0.8	NonTarget	1	259288
1296.525	0.8	NonTarget	1	259305
1296.61	0.8	NonTarget	1	259322
1296.69	0.8	NonTarget	1	259338
1296.775	0.8	NonTarget	1	259355
1296.86	0.8	NonTarget	1	259372
1296.94	0.8	NonTarget	1	259388
1297.025	0.8	NonTarget	1	259405
1297.11	0.8	NonTarget	1	259422
1307.08	0.8	NonTarget	1	261416
1307.155	0.8	NonTarget	1	261431
1307.24	0.8	NonTarget	1	261448
1307.325	0.8	NonTarget	1	261465
1307.41	0.8	NonTarget	1	261482
1307.49	0.8	NonTarget	1	261498
1307.575	0.8	NonTarget	1	261515
1307.66	0.8	NonTarget	1	261532
1307.74	0.8	Target	2	261548
1307.825	0.8	NonTarget	1	261565
1307.905	0.8	NonTarget	1	261581
1307.99	0.8	NonTarget	1	261598
1308.075	0.8	NonTarget	1	261615
1308.16	0.8	NonTarget	1	261632
1308.24	0.8	NonTarget	1	261648
1308.325	0.8	NonTarget	1	261665
1308.41	0.8	NonTarget	1	261682
1308.49	0.8	NonTarget	1	261698
1308.575	0.8	NonTarget	1	261715
1308.66	0.8	NonTarget	1	261732
1308.745	0.8	NonTarget	1	261749
1308.825	0.8	NonTarget	1	261765
1308.91	0.8	NonTarget	1	261782
1308.995	0.8	NonTarget	1	261799
1309.075	0.8	NonTarget	1	261815
1309.16	0.8	NonTarget	1	261832
1309.245	0.8	NonTarget	1	261849
1309.325	0.8	NonTarget	1	261865
1309.415	0.8	NonTarget	1	261883
1309.495	0.8	NonTarget	1	261899
1309.895	0.8	NonTarget	1	261979
1309.975	0.8	NonTarget	1	261995
1310.06	0.8	NonTarget	1	262012
1310.145	0.8	NonTarget	1	262029
1310.23	0.8	NonTarget	1	262046
1310.31	0.8	NonTarget	1	262062
1310.395	0.8	NonTarget	1	262079
1310.48	0.8	NonTarget	1	262096
1310.56	0.8	NonTarget	1	262112
1310.645	0.8	NonTarget	1	262129
1310.73	0.8	NonTarget	1	262146
1310.81	0.8	NonTarget	1	262162
1310.895	0.8	NonTarget	1	262179
1310.98	0.8	NonTarget	1	262196
1311.065	0.8	NonTarget	1	262213
1311.145	0.8	NonTarget	1	262229
1311.23	0.8	NonTarget	1	262246
1311.315	0.8	NonTarget	1	262263
1311.395	0.8	Target	2	262279
1311.48	0.8	NonTarget	1	262296
1311.565	0.8	NonTarget	1	262313
1311.645	0.8	NonTarget	1	262329
1311.73	0.8	NonTarget	1	262346
1311.815	0.8	NonTarget	1	262363
1311.895	0.8	NonTarget	1	262379
1311.98	0.8	NonTarget	1	262396
1312.065	0.8	NonTarget	1	262413
1312.15	0.8	NonTarget	1	262430
1312.23	0.8	NonTarget	1	262446
1312.315	0.8	NonTarget	1	262463
1312.715	0.8	NonTarget	1	262543
1312.8	0.8	NonTarget	1	262560
1312.88	0.8	NonTarget	1	262576
1312.965	0.8	NonTarget	1	262593
1313.05	0.8	NonTarget	1	262610
1313.13	0.8	NonTarget	1	262626
1313.215	0.8	NonTarget	1	262643
1313.3	0.8	NonTarget	1	262660
1313.385	0.8	NonTarget	1	262677
1313.465	0.8	NonTarget	1	262693
1313.55	0.8	NonTarget	1	262710
1313.635	0.8	NonTarget	1	262727
1313.715	0.8	NonTarget	1	262743
1313.8	0.8	NonTarget	1	262760
1313.885	0.8	NonTarget	1	262777
1313.97	0.8	NonTarget	1	262794
1314.05	0.8	NonTarget	1	262810
1314.135	0.8	NonTarget	1	262827
1314.22	0.8	NonTarget	1	262844
1314.3	0.8	NonTarget	1	262860
1314.385	0.8	NonTarget	1	262877
1314.465	0.8	NonTarget	1	262893
1314.55	0.8	NonTarget	1	262910
1314.635	0.8	NonTarget	1	262927
1314.72	0.8	NonTarget	1	262944
1314.8	0.8	NonTarget	1	262960
1314.885	0.8	NonTarget	1	262977
1314.97	0.8	NonTarget	1	262994
1315.05	0.8	Target	2	263010
1315.135	0.8	NonTarget	1	263027
1315.535	0.8	NonTarget	1	263107
1315.62	0.8	NonTarget	1	263124
1315.705	0.8	NonTarget	1	263141
1315.785	0.8	NonTarget	1	263157
1315.87	0.8	NonTarget	1	263174
1315.95	0.8	NonTarget	1	263190
1316.035	0.8	NonTarget	1	263207
1316.12	0.8	NonTarget	1	263224
1316.205	0.8	NonTarget	1	263241
1316.285	0.8	NonTarget	1	263257
1316.37	0.8	NonTarget	1	263274
1316.455	0.8	NonTarget	1	263291
1316.535	0.8	NonTarget	1	263307
1316.62	0.8	NonTarget	1	263324
1316.705	0.8	NonTarget	1	263341
1316.79	0.8	NonTarget	1	263358
1316.87	0.8	NonTarget	1	263374
1316.955	0.8	NonTarget	1	263391
1317.04	0.8	NonTarget	1	263408
1317.12	0.8	NonTarget	1	263424
1317.205	0.8	NonTarget	1	263441
1317.29	0.8	NonTarget	1	263458
1317.37	0.8	NonTarget	1	263474
1317.455	0.8	NonTarget	1	263491
1317.54	0.8	NonTarget	1	263508
1317.62	0.8	NonTarget	1	263524
1317.705	0.8	NonTarget	1	263541
1317.79	0.8	NonTarget	1	263558
1317.875	0.8	Target	2	263575
1317.955	0.8	NonTarget	1	263591
1318.355	0.8	NonTarget	1	263671
1318.44	0.8	NonTarget	1	263688
1318.525	0.8	NonTarget	1	263705
1318.61	0.8	NonTarget	1	263722
1318.69	0.8	NonTarget	1	263738
1318.775	0.8	NonTarget	1	263755
1318.855	0.8	NonTarget	1	263771
1318.94	0.8	NonTarget	1	263788
1319.025	0.8	NonTarget	1	263805
1319.105	0.8	NonTarget	1	263821
1319.19	0.8	NonTarget	1	263838
1319.275	0.8	NonTarget	1	263855
1319.36	0.8	NonTarget	1	263872
1319.44	0.8	Target	2	263888
1319.525	0.8	NonTarget	1	263905
1319.61	0.8	NonTarget	1	263922
1319.69	0.8	NonTarget	1	263938
1319.775	0.8	NonTarget	1	263955
1319.86	0.8	NonTarget	1	263972
1319.94	0.8	NonTarget	1	263988
1320.025	0.8	NonTarget	1	264005
1320.11	0.8	NonTarget	1	264022
1320.19	0.8	NonTarget	1	264038
1320.275	0.8	NonTarget	1	264055
1320.36	0.8	NonTarget	1	264072
1320.445	0.8	NonTarget	1	264089
1320.525	0.8	NonTarget	1	264105
1320.61	0.8	NonTarget	1	264122
1320.695	0.8	NonTarget	1	264139
1320.775	0.8	NonTarget	1	264155
1321.175	0.8	NonTarget	1	264235
1321.26	0.8	NonTarget	1	264252
1321.345	0.8	NonTarget	1	264269
1321.43	0.8	NonTarget	1	264286
1321.51	0.8	NonTarget	1	264302
1321.595	0.8	NonTarget	1	264319
1321.68	0.8	NonTarget	1	264336
1321.76	0.8	NonTarget	1	264352
1321.845	0.8	NonTarget	1	264369
1321.93	0.8	NonTarget	1	264386
1322.01	0.8	NonTarget	1	264402
1322.095	0.8	NonTarget	1	264419
1322.18	0.8	NonTarget	1	264436
1322.26	0.8	NonTarget	1	264452
1322.345	0.8	NonTarget	1	264469
1322.43	0.8	NonTarget	1	264486
1322.51	0.8	NonTarget	1	264502
1322.595	0.8	NonTarget	1	264519
1322.68	0.8	NonTarget	1	264536
1322.765	0.8	NonTarget	1	264553
1322.845	0.8	NonTarget	1	264569
1322.93	0.8	NonTarget	1	264586
1323.015	0.8	NonTarget	1	264603
1323.095	0.8	Target	2	264619
1323.18	0.8	NonTarget	1	264636
1323.265	0.8	NonTarget	1	264653
1323.345	0.8	NonTarget	1	264669
1323.43	0.8	NonTarget	1	264686
1323.515	0.8	NonTarget	1	264703
1323.595	0.8	NonTarget	1	264719
1324.0	0.8	NonTarget	1	264800
1324.08	0.8	NonTarget	1	264816
1324.165	0.8	NonTarget	1	264833
1324.25	0.8	NonTarget	1	264850
1324.33	0.8	NonTarget	1	264866
1324.415	0.8	NonTarget	1	264883
1324.5	0.8	NonTarget	1	264900
1324.585	0.8	NonTarget	1	264917
1324.665	0.8	NonTarget	1	264933
1324.75	0.8	NonTarget	1	264950
1324.83	0.8	NonTarget	1	264966
1324.915	0.8	NonTarget	1	264983
1325.0	0.8	NonTarget	1	265000
1325.08	0.8	NonTarget	1	265016
1325.165	0.8	NonTarget	1	265033
1325.25	0.8	NonTarget	1	265050
1325.33	0.8	NonTarget	1	265066
1325.415	0.8	NonTarget	1	265083
1325.5	0.8	NonTarget	1	265100
1325.585	0.8	NonTarget	1	265117
1325.665	0.8	NonTarget	1	265133
1325.75	0.8	NonTarget	1	265150
1325.835	0.8	NonTarget	1	265167
1325.915	0.8	NonTarget	1	265183
1326.0	0.8	NonTarget	1	265200
1326.085	0.8	NonTarget	1	265217
1326.17	0.8	NonTarget	1	265234
1326.25	0.8	NonTarget	1	265250
1326.335	0.8	Target	2	265267
1326.42	0.8	NonTarget	1	265284
1326.82	0.8	NonTarget	1	265364
1326.9	0.8	NonTarget	1	265380
1326.985	0.8	NonTarget	1	265397
1327.07	0.8	NonTarget	1	265414
1327.15	0.8	NonTarget	1	265430
1327.235	0.8	NonTarget	1	265447
1327.32	0.8	NonTarget	1	265464
1327.405	0.8	NonTarget	1	265481
1327.485	0.8	Target	2	265497
1327.57	0.8	NonTarget	1	265514
1327.655	0.8	NonTarget	1	265531
1327.735	0.8	NonTarget	1	265547
1327.82	0.8	NonTarget	1	265564
1327.905	0.8	NonTarget	1	265581
1327.985	0.8	NonTarget	1	265597
1328.07	0.8	NonTarget	1	265614
1328.15	0.8	NonTarget	1	265630
1328.235	0.8	NonTarget	1	265647
1328.32	0.8	NonTarget	1	265664
1328.405	0.8	NonTarget	1	265681
1328.485	0.8	NonTarget	1	265697
1328.57	0.8	NonTarget	1	265714
1328.655	0.8	NonTarget	1	265731
1328.74	0.8	NonTarget	1	265748
1328.82	0.8	NonTarget	1	265764
1328.905	0.8	NonTarget	1	265781
1328.99	0.8	NonTarget	1	265798
1329.07	0.8	NonTarget	1	265814
1329.155	0.8	NonTarget	1	265831
1329.24	0.8	NonTarget	1	265848
1329.64	0.8	NonTarget	1	265928
1329.725	0.8	NonTarget	1	265945
1329.805	0.8	NonTarget	1	265961
1329.89	0.8	NonTarget	1	265978
1329.97	0.8	NonTarget	1	265994
1330.055	0.8	NonTarget	1	266011
1330.14	0.8	NonTarget	1	266028
1330.225	0.8	NonTarget	1	266045
1330.305	0.8	NonTarget	1	266061
1330.39	0.8	NonTarget	1	266078
1330.475	0.8	NonTarget	1	266095
1330.555	0.8	NonTarget	1	266111
1330.64	0.8	NonTarget	1	266128
1330.725	0.8	NonTarget	1	266145
1330.805	0.8	NonTarget	1	266161
1330.89	0.8	NonTarget	1	266178
1330.975	0.8	NonTarget	1	266195
1331.06	0.8	NonTarget	1	266212
1331.14	0.8	Target	2	266228
1331.225	0.8	NonTarget	1	266245
1331.31	0.8	NonTarget	1	266262
1331.39	0.8	NonTarget	1	266278
1331.475	0.8	NonTarget	1	266295
1331.56	0.8	NonTarget	1	266312
1331.64	0.8	NonTarget	1	266328
1331.725	0.8	NonTarget	1	266345
1331.81	0.8	NonTarget	1	266362
1331.89	0.8	NonTarget	1	266378
1331.975	0.8	NonTarget	1	266395
1332.06	0.8	NonTarget	1	266412
1332.46	0.8	NonTarget	1	266492
1332.545	0.8	NonTarget	1	266509
1332.625	0.8	NonTarget	1	266525
1332.71	0.8	NonTarget	1	266542
1332.795	0.8	NonTarget	1	266559
1332.875	0.8	NonTarget	1	266575
1332.96	0.8	NonTarget	1	266592
1333.045	0.8	NonTarget	1	266609
1333.125	0.8	NonTarget	1	266625
1333.21	0.8	NonTarget	1	266642
1333.295	0.8	NonTarget	1	266659
1333.38	0.8	NonTarget	1	266676
1333.46	0.8	NonTarget	1	266692
1333.545	0.8	Target	2	266709
1333.63	0.8	NonTarget	1	266726
1333.71	0.8	NonTarget	1	266742
1333.795	0.8	NonTarget	1	266759
1333.88	0.8	NonTarget	1	266776
1333.96	0.8	NonTarget	1	266792
1334.045	0.8	NonTarget	1	266809
1334.13	0.8	NonTarget	1	266826
1334.21	0.8	NonTarget	1	266842
1334.295	0.8	NonTarget	1	266859
1334.38	0.8	NonTarget	1	266876
1334.465	0.8	NonTarget	1	266893
1334.545	0.8	NonTarget	1	266909
1334.63	0.8	NonTarget	1	266926
1334.715	0.8	NonTarget	1	266943
1334.795	0.8	NonTarget	1	266959
1334.88	0.8	NonTarget	1	266976
1344.83	0.8	NonTarget	1	268966
1344.91	0.8	NonTarget	1	268982
1344.995	0.8	NonTarget	1	268999
1345.075	0.8	NonTarget	1	269015
1345.16	0.8	NonTarget	1	269032
1345.245	0.8	NonTarget	1	269049
1345.325	0.8	NonTarget	1	269065
1345.41	0.8	NonTarget	1	269082
1345.495	0.8	NonTarget	1	269099
1345.58	0.8	NonTarget	1	269116
1345.66	0.8	NonTarget	1	269132
1345.745	0.8	NonTarget	1	269149
1345.83	0.8	NonTarget	1	269166
1345.915	0.8	NonTarget	1	269183
1345.995	0.8	NonTarget	1	269199
1346.08	0.8	NonTarget	1	269216
1346.16	0.8	NonTarget	1	269232
1346.245	0.8	NonTarget	1	269249
1346.33	0.8	NonTarget	1	269266
1346.415	0.8	NonTarget	1	269283
1346.495	0.8	NonTarget	1	269299
1346.58	0.8	Target	2	269316
1346.66	0.8	NonTarget	1	269332
1346.745	0.8	NonTarget	1	269349
1346.83	0.8	NonTarget	1	269366
1346.915	0.8	NonTarget	1	269383
1346.995	0.8	NonTarget	1	269399
1347.08	0.8	NonTarget	1	269416
1347.165	0.8	NonTarget	1	269433
1347.245	0.8	NonTarget	1	269449
1347.65	0.8	NonTarget	1	269530
1347.73	0.8	NonTarget	1	269546
1347.815	0.8	NonTarget	1	269563
1347.9	0.8	NonTarget	1	269580
1347.98	0.8	NonTarget	1	269596
1348.065	0.8	NonTarget	1	269613
1348.15	0.8	NonTarget	1	269630
1348.23	0.8	NonTarget	1	269646
1348.315	0.8	NonTarget	1	269663
1348.4	0.8	NonTarget	1	269680
1348.48	0.8	NonTarget	1	269696
1348.565	0.8	Target	2	269713
1348.65	0.8	NonTarget	1	269730
1348.735	0.8	NonTarget	1	269747
1348.815	0.8	NonTarget	1	269763
1348.9	0.8	NonTarget	1	269780
1348.985	0.8	NonTarget	1	269797
1349.065	0.8	NonTarget	1	269813
1349.15	0.8	NonTarget	1	269830
1349.235	0.8	NonTarget	1	269847
1349.315	0.8	NonTarget	1	269863
1349.4	0.8	NonTarget	1	269880
1349.485	0.8	NonTarget	1	269897
1349.57	0.8	NonTarget	1	269914
1349.65	0.8	NonTarget	1	269930
1349.735	0.8	NonTarget	1	269947
1349.82	0.8	NonTarget	1	269964
1349.9	0.8	NonTarget	1	269980
1349.985	0.8	NonTarget	1	269997
1350.07	0.8	NonTarget	1	270014
1350.47	0.8	NonTarget	1	270094
1350.555	0.8	NonTarget	1	270111
1350.635	0.8	NonTarget	1	270127
1350.72	0.8	NonTarget	1	270144
1350.8	0.8	NonTarget	1	270160
1350.885	0.8	NonTarget	1	270177
1350.97	0.8	NonTarget	1	270194
1351.055	0.8	NonTarget	1	270211
1351.135	0.8	NonTarget	1	270227
1351.22	0.8	NonTarget	1	270244
1351.305	0.8	NonTarget	1	270261
1351.385	0.8	NonTarget	1	270277
1351.47	0.8	NonTarget	1	270294
1351.555	0.8	NonTarget	1	270311
1351.635	0.8	NonTarget	1	270327
1351.72	0.8	NonTarget	1	270344
1351.805	0.8	NonTarget	1	270361
1351.885	0.8	NonTarget	1	270377
1351.97	0.8	NonTarget	1	270394
1352.055	0.8	NonTarget	1	270411
1352.135	0.8	NonTarget	1	270427
1352.22	0.8	NonTarget	1	270444
1352.305	0.8	NonTarget	1	270461
1352.39	0.8	NonTarget	1	270478
1352.47	0.8	NonTarget	1	270494
1352.555	0.8	NonTarget	1	270511
1352.64	0.8	Target	2	270528
1352.72	0.8	NonTarget	1	270544
1352.805	0.8	NonTarget	1	270561
1352.89	0.8	NonTarget	1	270578
1353.29	0.8	NonTarget	1	270658
1353.375	0.8	NonTarget	1	270675
1353.455	0.8	NonTarget	1	270691
1353.54	0.8	NonTarget	1	270708
1353.625	0.8	NonTarget	1	270725
1353.705	0.8	NonTarget	1	270741
1353.79	0.8	NonTarget	1	270758
1353.875	0.8	NonTarget	1	270775
1353.955	0.8	NonTarget	1	270791
1354.04	0.8	NonTarget	1	270808
1354.125	0.8	NonTarget	1	270825
1354.205	0.8	NonTarget	1	270841
1354.29	0.8	NonTarget	1	270858
1354.375	0.8	NonTarget	1	270875
1354.46	0.8	NonTarget	1	270892
1354.54	0.8	NonTarget	1	270908
1354.625	0.8	NonTarget	1	270925
1354.705	0.8	NonTarget	1	270941
1354.79	0.8	NonTarget	1	270958
1354.875	0.8	NonTarget	1	270975
1354.955	0.8	NonTarget	1	270991
1355.04	0.8	NonTarget	1	271008
1355.125	0.8	NonTarget	1	271025
1355.21	0.8	NonTarget	1	271042
1355.295	0.8	NonTarget	1	271059
1355.375	0.8	NonTarget	1	271075
1355.46	0.8	Target	2	271092
1355.54	0.8	NonTarget	1	271108
1355.625	0.8	NonTarget	1	271125
1355.71	0.8	NonTarget	1	271142
1356.11	0.8	NonTarget	1	271222
1356.195	0.8	NonTarget	1	271239
1356.275	0.8	NonTarget	1	271255
1356.36	0.8	NonTarget	1	271272
1356.445	0.8	NonTarget	1	271289
1356.525	0.8	NonTarget	1	271305
1356.61	0.8	NonTarget	1	271322
1356.695	0.8	NonTarget	1	271339
1356.775	0.8	NonTarget	1	271355
1356.86	0.8	NonTarget	1	271372
1356.945	0.8	NonTarget	1	271389
1357.03	0.8	NonTarget	1	271406
1357.11	0.8	NonTarget	1	271422
1357.195	0.8	NonTarget	1	271439
1357.28	0.8	NonTarget	1	271456
1357.36	0.8	NonTarget	1	271472
1357.445	0.8	NonTarget	1	271489
1357.53	0.8	NonTarget	1	271506
1357.61	0.8	NonTarget	1	271522
1357.695	0.8	NonTarget	1	271539
1357.78	0.8	NonTarget	1	271556
1357.86	0.8	Target	2	271572
1357.945	0.8	NonTarget	1	271589
1358.03	0.8	NonTarget	1	271606
1358.115	0.8	NonTarget	1	271623
1358.195	0.8	NonTarget	1	271639
1358.28	0.8	NonTarget	1	271656
1358.365	0.8	NonTarget	1	271673
1358.445	0.8	NonTarget	1	271689
1358.53	0.8	NonTarget	1	271706
1358.93	0.8	NonTarget	1	271786
1359.015	0.8	NonTarget	1	271803
1359.095	0.8	NonTarget	1	271819
1359.18	0.8	NonTarget	1	271836
1359.265	0.8	NonTarget	1	271853
1359.35	0.8	NonTarget	1	271870
1359.43	0.8	NonTarget	1	271886
1359.515	0.8	NonTarget	1	271903
1359.6	0.8	NonTarget	1	271920
1359.68	0.8	NonTarget	1	271936
1359.765	0.8	NonTarget	1	271953
1359.85	0.8	NonTarget	1	271970
1359.935	0.8	NonTarget	1	271987
1360.015	0.8	NonTarget	1	272003
1360.1	0.8	NonTarget	1	272020
1360.18	0.8	NonTarget	1	272036
1360.265	0.8	Target	2	272053
1360.35	0.8	NonTarget	1	272070
1360.435	0.8	NonTarget	1	272087
1360.515	0.8	NonTarget	1	272103
1360.6	0.8	NonTarget	1	272120
1360.685	0.8	NonTarget	1	272137
1360.765	0.8	NonTarget	1	272153
1360.85	0.8	NonTarget	1	272170
1360.935	0.8	NonTarget	1	272187
1361.015	0.8	NonTarget	1	272203
1361.1	0.8	NonTarget	1	272220
1361.185	0.8	NonTarget	1	272237
1361.27	0.8	NonTarget	1	272254
1361.35	0.8	NonTarget	1	272270
1361.75	0.8	NonTarget	1	272350
1361.835	0.8	NonTarget	1	272367
1361.92	0.8	NonTarget	1	272384
1362.0	0.8	NonTarget	1	272400
1362.085	0.8	NonTarget	1	272417
1362.165	0.8	NonTarget	1	272433
1362.25	0.8	NonTarget	1	272450
1362.335	0.8	NonTarget	1	272467
1362.42	0.8	NonTarget	1	272484
1362.5	0.8	NonTarget	1	272500
1362.585	0.8	NonTarget	1	272517
1362.67	0.8	NonTarget	1	272534
1362.75	0.8	NonTarget	1	272550
1362.835	0.8	NonTarget	1	272567
1362.92	0.8	NonTarget	1	272584
1363.005	0.8	NonTarget	1	272601
1363.085	0.8	NonTarget	1	272617
1363.17	0.8	NonTarget	1	272634
1363.255	0.8	NonTarget	1	272651
1363.34	0.8	NonTarget	1	272668
1363.42	0.8	NonTarget	1	272684
1363.505	0.8	NonTarget	1	272701
1363.585	0.8	NonTarget	1	272717
1363.67	0.8	NonTarget	1	272734
1363.755	0.8	NonTarget	1	272751
1363.84	0.8	NonTarget	1	272768
1363.92	0.8	Target	2	272784
1364.005	0.8	NonTarget	1	272801
1364.09	0.8	NonTarget	1	272818
1364.17	0.8	NonTarget	1	272834
1364.57	0.8	NonTarget	1	272914
1364.655	0.8	NonTarget	1	272931
1364.74	0.8	NonTarget	1	272948
1364.825	0.8	NonTarget	1	272965
1364.905	0.8	NonTarget	1	272981
1364.99	0.8	NonTarget	1	272998
1365.075	0.8	NonTarget	1	273015
1365.155	0.8	NonTarget	1	273031
1365.24	0.8	NonTarget	1	273048
1365.325	0.8	NonTarget	1	273065
1365.405	0.8	NonTarget	1	273081
1365.49	0.8	NonTarget	1	273098
1365.575	0.8	NonTarget	1	273115
1365.66	0.8	NonTarget	1	273132
1365.74	0.8	NonTarget	1	273148
1365.825	0.8	NonTarget	1	273165
1365.905	0.8	NonTarget	1	273181
1365.99	0.8	NonTarget	1	273198
1366.075	0.8	NonTarget	1	273215
1366.155	0.8	NonTarget	1	273231
1366.24	0.8	NonTarget	1	273248
1366.325	0.8	NonTarget	1	273265
1366.41	0.8	NonTarget	1	273282
1366.49	0.8	NonTarget	1	273298
1366.575	0.8	NonTarget	1	273315
1366.66	0.8	NonTarget	1	273332
1366.74	0.8	Target	2	273348
1366.825	0.8	NonTarget	1	273365
1366.91	0.8	NonTarget	1	273382
1366.99	0.8	NonTarget	1	273398
1367.39	0.8	NonTarget	1	273478
1367.475	0.8	NonTarget	1	273495
1367.56	0.8	NonTarget	1	273512
1367.645	0.8	NonTarget	1	273529
1367.725	0.8	NonTarget	1	273545
1367.81	0.8	NonTarget	1	273562
1367.895	0.8	NonTarget	1	273579
1367.975	0.8	NonTarget	1	273595
1368.06	0.8	NonTarget	1	273612
1368.145	0.8	NonTarget	1	273629
1368.225	0.8	NonTarget	1	273645
1368.31	0.8	Target	2	273662
1368.395	0.8	NonTarget	1	273679
1368.48	0.8	NonTarget	1	273696
1368.56	0.8	NonTarget	1	273712
1368.645	0.8	NonTarget	1	273729
1368.73	0.8	NonTarget	1	273746
1368.81	0.8	NonTarget	1	273762
1368.895	0.8	NonTarget	1	273779
1368.975	0.8	NonTarget	1	273795
1369.06	0.8	NonTarget	1	273812
1369.145	0.8	NonTarget	1	273829
1369.23	0.8	NonTarget	1	273846
1369.315	0.8	NonTarget	1	273863
1369.395	0.8	NonTarget	1	273879
1369.48	0.8	NonTarget	1	273896
1369.56	0.8	NonTarget	1	273912
1369.645	0.8	NonTarget	1	273929
1369.73	0.8	NonTarget	1	273946
1369.815	0.8	NonTarget	1	273963
1370.215	0.8	NonTarget	1	274043
1370.295	0.8	NonTarget	1	274059
1370.38	0.8	NonTarget	1	274076
1370.465	0.8	NonTarget	1	274093
1370.55	0.8	NonTarget	1	274110
1370.63	0.8	NonTarget	1	274126
1370.715	0.8	NonTarget	1	274143
1370.795	0.8	NonTarget	1	274159
1370.88	0.8	NonTarget	1	274176
1370.965	0.8	NonTarget	1	274193
1371.045	0.8	NonTarget	1	274209
1371.13	0.8	NonTarget	1	274226
1371.215	0.8	NonTarget	1	274243
1371.3	0.8	NonTarget	1	274260
1371.38	0.8	NonTarget	1	274276
1371.465	0.8	NonTarget	1	274293
1371.55	0.8	Target	2	274310
1371.63	0.8	NonTarget	1	274326
1371.715	0.8	NonTarget	1	274343
1371.8	0.8	NonTarget	1	274360
1371.88	0.8	NonTarget	1	274376
1371.965	0.8	NonTarget	1	274393
1372.05	0.8	NonTarget	1	274410
1372.135	0.8	NonTarget	1	274427
1372.215	0.8	NonTarget	1	274443
1372.3	0.8	NonTarget	1	274460
1372.385	0.8	NonTarget	1	274477
1372.465	0.8	NonTarget	1	274493
1372.55	0.8	NonTarget	1	274510
1372.635	0.8	NonTarget	1	274527
1382.585	0.8	NonTarget	1	276517
1382.665	0.8	NonTarget	1	276533
1382.75	0.8	NonTarget	1	276550
1382.83	0.8	NonTarget	1	276566
1382.915	0.8	NonTarget	1	276583
1383.0	0.8	NonTarget	1	276600
1383.08	0.8	NonTarget	1	276616
1383.165	0.8	Target	2	276633
1383.25	0.8	NonTarget	1	276650
1383.335	0.8	NonTarget	1	276667
1383.415	0.8	NonTarget	1	276683
1383.5	0.8	NonTarget	1	276700
1383.585	0.8	NonTarget	1	276717
1383.665	0.8	NonTarget	1	276733
1383.75	0.8	NonTarget	1	276750
1383.83	0.8	NonTarget	1	276766
1383.915	0.8	NonTarget	1	276783
1384.0	0.8	NonTarget	1	276800
1384.085	0.8	NonTarget	1	276817
1384.165	0.8	NonTarget	1	276833
1384.25	0.8	NonTarget	1	276850
1384.335	0.8	NonTarget	1	276867
1384.42	0.8	NonTarget	1	276884
1384.5	0.8	NonTarget	1	276900
1384.585	0.8	NonTarget	1	276917
1384.665	0.8	NonTarget	1	276933
1384.75	0.8	NonTarget	1	276950
1384.835	0.8	NonTarget	1	276967
1384.92	0.8	NonTarget	1	276984
1385.0	0.8	NonTarget	1	277000
1385.4	0.8	NonTarget	1	277080
1385.485	0.8	NonTarget	1	277097
1385.57	0.8	NonTarget	1	277114
1385.655	0.8	NonTarget	1	277131
1385.735	0.8	NonTarget	1	277147
1385.82	0.8	NonTarget	1	277164
1385.9	0.8	NonTarget	1	277180
1385.985	0.8	NonTarget	1	277197
1386.07	0.8	NonTarget	1	277214
1386.15	0.8	NonTarget	1	277230
1386.235	0.8	NonTarget	1	277247
1386.32	0.8	NonTarget	1	277264
1386.405	0.8	NonTarget	1	277281
1386.485	0.8	NonTarget	1	277297
1386.57	0.8	NonTarget	1	277314
1386.655	0.8	NonTarget	1	277331
1386.735	0.8	NonTarget	1	277347
1386.82	0.8	NonTarget	1	277364
1386.905	0.8	NonTarget	1	277381
1386.985	0.8	NonTarget	1	277397
1387.07	0.8	NonTarget	1	277414
1387.155	0.8	NonTarget	1	277431
1387.24	0.8	NonTarget	1	277448
1387.32	0.8	NonTarget	1	277464
1387.405	0.8	NonTarget	1	277481
1387.485	0.8	NonTarget	1	277497
1387.57	0.8	NonTarget	1	277514
1387.655	0.8	Target	2	277531
1387.74	0.8	NonTarget	1	277548
1387.82	0.8	NonTarget	1	277564
1388.22	0.8	NonTarget	1	277644
1388.305	0.8	NonTarget	1	277661
1388.39	0.8	NonTarget	1	277678
1388.47	0.8	NonTarget	1	277694
1388.555	0.8	NonTarget	1	277711
1388.64	0.8	NonTarget	1	277728
1388.72	0.8	NonTarget	1	277744
1388.805	0.8	Target	2	277761
1388.89	0.8	NonTarget	1	277778
1388.975	0.8	NonTarget	1	277795
1389.055	0.8	NonTarget	1	277811
1389.14	0.8	NonTarget	1	277828
1389.225	0.8	NonTarget	1	277845
1389.305	0.8	NonTarget	1	277861
1389.39	0.8	NonTarget	1	277878
1389.475	0.8	NonTarget	1	277895
1389.555	0.8	NonTarget	1	277911
1389.64	0.8	NonTarget	1	277928
1389.725	0.8	NonTarget	1	277945
1389.805	0.8	NonTarget	1	277961
1389.89	0.8	NonTarget	1	277978
1389.975	0.8	NonTarget	1	277995
1390.06	0.8	NonTarget	1	278012
1390.14	0.8	NonTarget	1	278028
1390.225	0.8	NonTarget	1	278045
1390.31	0.8	NonTarget	1	278062
1390.39	0.8	NonTarget	1	278078
1390.475	0.8	NonTarget	1	278095
1390.56	0.8	NonTarget	1	278112
1390.645	0.8	NonTarget	1	278129
1391.04	0.8	NonTarget	1	278208
1391.125	0.8	NonTarget	1	278225
1391.21	0.8	NonTarget	1	278242
1391.295	0.8	NonTarget	1	278259
1391.375	0.8	NonTarget	1	278275
1391.46	0.8	NonTarget	1	278292
1391.545	0.8	NonTarget	1	278309
1391.63	0.8	NonTarget	1	278326
1391.71	0.8	NonTarget	1	278342
1391.795	0.8	NonTarget	1	278359
1391.875	0.8	NonTarget	1	278375
1391.96	0.8	NonTarget	1	278392
1392.045	0.8	Target	2	278409
1392.13	0.8	NonTarget	1	278426
1392.21	0.8	NonTarget	1	278442
1392.295	0.8	NonTarget	1	278459
1392.38	0.8	NonTarget	1	278476
1392.46	0.8	NonTarget	1	278492
1392.545	0.8	NonTarget	1	278509
1392.63	0.8	NonTarget	1	278526
1392.71	0.8	NonTarget	1	278542
1392.795	0.8	NonTarget	1	278559
1392.88	0.8	NonTarget	1	278576
1392.965	0.8	NonTarget	1	278593
1393.045	0.8	NonTarget	1	278609
1393.13	0.8	NonTarget	1	278626
1393.21	0.8	NonTarget	1	278642
1393.295	0.8	NonTarget	1	278659
1393.38	0.8	NonTarget	1	278676
1393.465	0.8	NonTarget	1	278693
1393.865	0.8	NonTarget	1	278773
1393.945	0.8	NonTarget	1	278789
1394.03	0.8	NonTarget	1	278806
1394.115	0.8	NonTarget	1	278823
1394.195	0.8	NonTarget	1	278839
1394.28	0.8	NonTarget	1	278856
1394.365	0.8	NonTarget	1	278873
1394.45	0.8	Target	2	278890
1394.53	0.8	NonTarget	1	278906
1394.615	0.8	NonTarget	1	278923
1394.7	0.8	NonTarget	1	278940
1394.78	0.8	NonTarget	1	278956
1394.865	0.8	NonTarget	1	278973
1394.95	0.8	NonTarget	1	278990
1395.03	0.8	NonTarget	1	279006
1395.115	0.8	NonTarget	1	279023
1395.2	0.8	NonTarget	1	279040
1395.285	0.8	NonTarget	1	279057
1395.365	0.8	NonTarget	1	279073
1395.45	0.8	NonTarget	1	279090
1395.53	0.8	NonTarget	1	279106
1395.615	0.8	NonTarget	1	279123
1395.7	0.8	NonTarget	1	279140
1395.785	0.8	NonTarget	1	279157
1395.865	0.8	NonTarget	1	279173
1395.95	0.8	NonTarget	1	279190
1396.035	0.8	NonTarget	1	279207
1396.115	0.8	NonTarget	1	279223
1396.2	0.8	NonTarget	1	279240
1396.285	0.8	NonTarget	1	279257
1396.685	0.8	NonTarget	1	279337
1396.77	0.8	NonTarget	1	279354
1396.85	0.8	NonTarget	1	279370
1396.935	0.8	NonTarget	1	279387
1397.02	0.8	NonTarget	1	279404
1397.1	0.8	NonTarget	1	279420
1397.185	0.8	NonTarget	1	279437
1397.265	0.8	NonTarget	1	279453
1397.35	0.8	NonTarget	1	279470
1397.435	0.8	NonTarget	1	279487
1397.52	0.8	NonTarget	1	279504
1397.6	0.8	NonTarget	1	279520
1397.685	0.8	Target	2	279537
1397.77	0.8	NonTarget	1	279554
1397.85	0.8	NonTarget	1	279570
1397.935	0.8	NonTarget	1	279587
1398.02	0.8	NonTarget	1	279604
1398.105	0.8	NonTarget	1	279621
1398.185	0.8	NonTarget	1	279637
1398.27	0.8	NonTarget	1	279654
1398.355	0.8	NonTarget	1	279671
1398.435	0.8	NonTarget	1	279687
1398.52	0.8	NonTarget	1	279704
1398.605	0.8	NonTarget	1	279721
1398.685	0.8	NonTarget	1	279737
1398.77	0.8	NonTarget	1	279754
1398.855	0.8	NonTarget	1	279771
1398.94	0.8	NonTarget	1	279788
1399.02	0.8	NonTarget	1	279804
1399.105	0.8	NonTarget	1	279821
1399.505	0.8	NonTarget	1	279901
1399.59	0.8	NonTarget	1	279918
1399.67	0.8	Target	2	279934
1399.755	0.8	NonTarget	1	279951
1399.84	0.8	NonTarget	1	279968
1399.92	0.8	NonTarget	1	279984
1400.005	0.8	NonTarget	1	280001
1400.09	0.8	NonTarget	1	280018
1400.175	0.8	NonTarget	1	280035
1400.255	0.8	NonTarget	1	280051
1400.34	0.8	NonTarget	1	280068
1400.425	0.8	NonTarget	1	280085
1400.505	0.8	NonTarget	1	280101
1400.59	0.8	NonTarget	1	280118
1400.675	0.8	NonTarget	1	280135
1400.755	0.8	NonTarget	1	280151
1400.84	0.8	NonTarget	1	280168
1400.925	0.8	NonTarget	1	280185
1401.005	0.8	NonTarget	1	280201
1401.09	0.8	NonTarget	1	280218
1401.175	0.8	NonTarget	1	280235
1401.255	0.8	NonTarget	1	280251
1401.34	0.8	NonTarget	1	280268
1401.425	0.8	NonTarget	1	280285
1401.51	0.8	NonTarget	1	280302
1401.59	0.8	NonTarget	1	280318
1401.675	0.8	NonTarget	1	280335
1401.76	0.8	NonTarget	1	280352
1401.84	0.8	NonTarget	1	280368
1401.925	0.8	NonTarget	1	280385
1402.325	0.8	NonTarget	1	280465
1402.41	0.8	NonTarget	1	280482
1402.49	0.8	NonTarget	1	280498
1402.575	0.8	NonTarget	1	280515
1402.66	0.8	NonTarget	1	280532
1402.745	0.8	NonTarget	1	280549
1402.825	0.8	NonTarget	1	280565
1402.91	0.8	Target	2	280582
1402.995	0.8	NonTarget	1	280599
1403.075	0.8	NonTarget	1	280615
1403.16	0.8	NonTarget	1	280632
1403.245	0.8	NonTarget	1	280649
1403.325	0.8	NonTarget	1	280665
1403.41	0.8	NonTarget	1	280682
1403.49	0.8	NonTarget	1	280698
1403.58	0.8	NonTarget	1	280716
1403.66	0.8	NonTarget	1	280732
1403.745	0.8	NonTarget	1	280749
1403.825	0.8	NonTarget	1	280765
1403.91	0.8	NonTarget	1	280782
1403.995	0.8	NonTarget	1	280799
1404.08	0.8	NonTarget	1	280816
1404.16	0.8	NonTarget	1	280832
1404.245	0.8	NonTarget	1	280849
1404.33	0.8	NonTarget	1	280866
1404.41	0.8	NonTarget	1	280882
1404.495	0.8	NonTarget	1	280899
1404.58	0.8	NonTarget	1	280916
1404.665	0.8	NonTarget	1	280933
1404.745	0.8	NonTarget	1	280949
1405.145	0.8	NonTarget	1	281029
1405.23	0.8	NonTarget	1	281046
1405.315	0.8	NonTarget	1	281063
1405.395	0.8	NonTarget	1	281079
1405.48	0.8	NonTarget	1	281096
1405.565	0.8	NonTarget	1	281113
1405.645	0.8	NonTarget	1	281129
1405.73	0.8	NonTarget	1	281146
1405.815	0.8	NonTarget	1	281163
1405.895	0.8	NonTarget	1	281179
1405.98	0.8	NonTarget	1	281196
1406.065	0.8	NonTarget	1	281213
1406.145	0.8	NonTarget	1	281229
1406.23	0.8	NonTarget	1	281246
1406.315	0.8	NonTarget	1	281263
1406.4	0.8	NonTarget	1	281280
1406.48	0.8	NonTarget	1	281296
1406.565	0.8	NonTarget	1	281313
1406.65	0.8	NonTarget	1	281330
1406.73	0.8	NonTarget	1	281346
1406.815	0.8	NonTarget	1	281363
1406.9	0.8	NonTarget	1	281380
1406.98	0.8	NonTarget	1	281396
1407.065	0.8	NonTarget	1	281413
1407.15	0.8	NonTarget	1	281430
1407.23	0.8	NonTarget	1	281446
1407.315	0.8	NonTarget	1	281463
1407.4	0.8	Target	2	281480
1407.485	0.8	NonTarget	1	281497
1407.565	0.8	NonTarget	1	281513
1407.965	0.8	NonTarget	1	281593
1408.05	0.8	NonTarget	1	281610
1408.135	0.8	NonTarget	1	281627
1408.215	0.8	NonTarget	1	281643
1408.3	0.8	NonTarget	1	281660
1408.385	0.8	NonTarget	1	281677
1408.465	0.8	NonTarget	1	281693
1408.55	0.8	NonTarget	1	281710
1408.635	0.8	NonTarget	1	281727
1408.72	0.8	NonTarget	1	281744
1408.8	0.8	NonTarget	1	281760
1408.885	0.8	NonTarget	1	281777
1408.97	0.8	NonTarget	1	281794
1409.05	0.8	NonTarget	1	281810
1409.135	0.8	NonTarget	1	281827
1409.22	0.8	NonTarget	1	281844
1409.3	0.8	NonTarget	1	281860
1409.385	0.8	NonTarget	1	281877
1409.47	0.8	NonTarget	1	281894
1409.55	0.8	NonTarget	1	281910
1409.635	0.8	NonTarget	1	281927
1409.72	0.8	NonTarget	1	281944
1409.805	0.8	NonTarget	1	281961
1409.885	0.8	NonTarget	1	281977
1409.97	0.8	NonTarget	1	281994
1410.055	0.8	NonTarget	1	282011
1410.135	0.8	NonTarget	1	282027
1410.22	0.8	Target	2	282044
1410.305	0.8	NonTarget	1	282061
1410.385	0.8	NonTarget	1	282077
1420.355	0.8	NonTarget	1	284071
1420.435	0.8	NonTarget	1	284087
1420.515	0.8	NonTarget	1	284103
1420.6	0.8	NonTarget	1	284120
1420.685	0.8	NonTarget	1	284137
1420.77	0.8	NonTarget	1	284154
1420.85	0.8	NonTarget	1	284170
1420.935	0.8	NonTarget	1	284187
1421.02	0.8	NonTarget	1	284204
1421.1	0.8	NonTarget	1	284220
1421.185	0.8	NonTarget	1	284237
1421.27	0.8	NonTarget	1	284254
1421.35	0.8	NonTarget	1	284270
1421.435	0.8	Target	2	284287
1421.52	0.8	NonTarget	1	284304
1421.6	0.8	NonTarget	1	284320
1421.685	0.8	NonTarget	1	284337
1421.77	0.8	NonTarget	1	284354
1421.855	0.8	NonTarget	1	284371
1421.935	0.8	NonTarget	1	284387
1422.02	0.8	NonTarget	1	284404
1422.105	0.8	NonTarget	1	284421
1422.185	0.8	NonTarget	1	284437
1422.27	0.8	NonTarget	1	284454
1422.355	0.8	NonTarget	1	284471
1422.435	0.8	NonTarget	1	284487
1422.52	0.8	NonTarget	1	284504
1422.605	0.8	NonTarget	1	284521
1422.69	0.8	NonTarget	1	284538
1422.77	0.8	NonTarget	1	284554
1423.17	0.8	NonTarget	1	284634
1423.255	0.8	NonTarget	1	284651
1423.34	0.8	NonTarget	1	284668
1423.42	0.8	NonTarget	1	284684
1423.505	0.8	NonTarget	1	284701
1423.59	0.8	NonTarget	1	284718
1423.67	0.8	NonTarget	1	284734
1423.755	0.8	NonTarget	1	284751
1423.84	0.8	NonTarget	1	284768
1423.925	0.8	NonTarget	1	284785
1424.005	0.8	NonTarget	1	284801
1424.09	0.8	NonTarget	1	284818
1424.175	0.8	NonTarget	1	284835
1424.255	0.8	Target	2	284851
1424.34	0.8	NonTarget	1	284868
1424.425	0.8	NonTarget	1	284885
1424.505	0.8	NonTarget	1	284901
1424.59	0.8	NonTarget	1	284918
1424.675	0.8	NonTarget	1	284935
1424.755	0.8	NonTarget	1	284951
1424.84	0.8	NonTarget	1	284968
1424.925	0.8	NonTarget	1	284985
1425.01	0.8	NonTarget	1	285002
1425.09	0.8	NonTarget	1	285018
1425.175	0.8	NonTarget	1	285035
1425.26	0.8	NonTarget	1	285052
1425.34	0.8	NonTarget	1	285068
1425.425	0.8	NonTarget	1	285085
1425.51	0.8	NonTarget	1	285102
1425.59	0.8	NonTarget	1	285118
1425.995	0.8	NonTarget	1	285199
1426.075	0.8	NonTarget	1	285215
1426.16	0.8	NonTarget	1	285232
1426.245	0.8	Target	2	285249
1426.325	0.8	NonTarget	1	285265
1426.41	0.8	NonTarget	1	285282
1426.495	0.8	NonTarget	1	285299
1426.575	0.8	NonTarget	1	285315
1426.66	0.8	NonTarget	1	285332
1426.745	0.8	NonTarget	1	285349
1426.825	0.8	NonTarget	1	285365
1426.91	0.8	NonTarget	1	285382
1426.995	0.8	NonTarget	1	285399
1427.075	0.8	NonTarget	1	285415
1427.16	0.8	NonTarget	1	285432
1427.245	0.8	NonTarget	1	285449
1427.325	0.8	NonTarget	1	285465
1427.41	0.8	NonTarget	1	285482
1427.495	0.8	NonTarget	1	285499
1427.575	0.8	NonTarget	1	285515
1427.66	0.8	NonTarget	1	285532
1427.745	0.8	NonTarget	1	285549
1427.83	0.8	NonTarget	1	285566
1427.91	0.8	NonTarget	1	285582
1427.995	0.8	NonTarget	1	285599
1428.08	0.8	NonTarget	1	285616
1428.16	0.8	NonTarget	1	285632
1428.245	0.8	NonTarget	1	285649
1428.33	0.8	NonTarget	1	285666
1428.41	0.8	NonTarget	1	285682
1428.81	0.8	NonTarget	1	285762
1428.895	0.8	NonTarget	1	285779
1428.98	0.8	NonTarget	1	285796
1429.065	0.8	Target	2	285813
1429.145	0.8	NonTarget	1	285829
1429.23	0.8	NonTarget	1	285846
1429.315	0.8	NonTarget	1	285863
1429.395	0.8	NonTarget	1	285879
1429.48	0.8	NonTarget	1	285896
1429.565	0.8	NonTarget	1	285913
1429.645	0.8	NonTarget	1	285929
1429.73	0.8	NonTarget	1	285946
1429.815	0.8	NonTarget	1	285963
1429.895	0.8	NonTarget	1	285979
1429.98	0.8	NonTarget	1	285996
1430.065	0.8	NonTarget	1	286013
1430.15	0.8	NonTarget	1	286030
1430.23	0.8	NonTarget	1	286046
1430.315	0.8	NonTarget	1	286063
1430.4	0.8	NonTarget	1	286080
1430.48	0.8	NonTarget	1	286096
1430.565	0.8	NonTarget	1	286113
1430.65	0.8	NonTarget	1	286130
1430.735	0.8	NonTarget	1	286147
1430.815	0.8	NonTarget	1	286163
1430.9	0.8	NonTarget	1	286180
1430.985	0.8	NonTarget	1	286197
1431.065	0.8	NonTarget	1	286213
1431.15	0.8	NonTarget	1	286230
1431.235	0.8	NonTarget	1	286247
1431.635	0.8	NonTarget	1	286327
1431.72	0.8	NonTarget	1	286344
1431.8	0.8	NonTarget	1	286360
1431.885	0.8	NonTarget	1	286377
1431.97	0.8	NonTarget	1	286394
1432.05	0.8	NonTarget	1	286410
1432.135	0.8	NonTarget	1	286427
1432.22	0.8	NonTarget	1	286444
1432.3	0.8	NonTarget	1	286460
1432.385	0.8	NonTarget	1	286477
1432.47	0.8	NonTarget	1	286494
1432.55	0.8	NonTarget	1	286510
1432.635	0.8	NonTarget	1	286527
1432.72	0.8	Target	2	286544
1432.8	0.8	NonTarget	1	286560
1432.885	0.8	NonTarget	1	286577
1432.97	0.8	NonTarget	1	286594
1433.055	0.8	NonTarget	1	286611
1433.135	0.8	NonTarget	1	286627
1433.22	0.8	NonTarget	1	286644
1433.305	0.8	NonTarget	1	286661
1433.385	0.8	NonTarget	1	286677
1433.47	0.8	NonTarget	1	286694
1433.555	0.8	NonTarget	1	286711
1433.635	0.8	NonTarget	1	286727
1433.72	0.8	NonTarget	1	286744
1433.805	0.8	NonTarget	1	286761
1433.885	0.8	NonTarget	1	286777
1433.97	0.8	NonTarget	1	286794
1434.055	0.8	NonTarget	1	286811
1434.455	0.8	NonTarget	1	286891
1434.54	0.8	NonTarget	1	286908
1434.62	0.8	NonTarget	1	286924
1434.705	0.8	NonTarget	1	286941
1434.79	0.8	NonTarget	1	286958
1434.87	0.8	NonTarget	1	286974
1434.955	0.8	NonTarget	1	286991
1435.04	0.8	NonTarget	1	287008
1435.12	0.8	NonTarget	1	287024
1435.205	0.8	NonTarget	1	287041
1435.29	0.8	NonTarget	1	287058
1435.37	0.8	NonTarget	1	287074
1435.455	0.8	NonTarget	1	287091
1435.54	0.8	NonTarget	1	287108
1435.625	0.8	NonTarget	1	287125
1435.705	0.8	NonTarget	1	287141
1435.79	0.8	NonTarget	1	287158
1435.875	0.8	NonTarget	1	287175
1435.955	0.8	NonTarget	1	287191
1436.04	0.8	NonTarget	1	287208
1436.125	0.8	NonTarget	1	287225
1436.205	0.8	NonTarget	1	287241
1436.29	0.8	NonTarget	1	287258
1436.375	0.8	NonTarget	1	287275
1436.46	0.8	NonTarget	1	287292
1436.54	0.8	NonTarget	1	287308
1436.625	0.8	NonTarget	1	287325
1436.71	0.8	NonTarget	1	287342
1436.79	0.8	Target	2	287358
1436.875	0.8	NonTarget	1	287375
1437.275	0.8	NonTarget	1	287455
1437.36	0.8	NonTarget	1	287472
1437.445	0.8	NonTarget	1	287489
1437.525	0.8	NonTarget	1	287505
1437.61	0.8	NonTarget	1	287522
1437.69	0.8	NonTarget	1	287538
1437.775	0.8	NonTarget	1	287555
1437.86	0.8	NonTarget	1	287572
1437.945	0.8	Target	2	287589
1438.025	0.8	NonTarget	1	287605
1438.11	0.8	NonTarget	1	287622
1438.19	0.8	NonTarget	1	287638
1438.275	0.8	NonTarget	1	287655
1438.36	0.8	NonTarget	1	287672
1438.445	0.8	NonTarget	1	287689
1438.525	0.8	NonTarget	1	287705
1438.61	0.8	NonTarget	1	287722
1438.695	0.8	NonTarget	1	287739
1438.775	0.8	NonTarget	1	287755
1438.86	0.8	NonTarget	1	287772
1438.945	0.8	NonTarget	1	287789
1439.025	0.8	NonTarget	1	287805
1439.11	0.8	NonTarget	1	287822
1439.195	0.8	NonTarget	1	287839
1439.275	0.8	NonTarget	1	287855
1439.36	0.8	NonTarget	1	287872
1439.445	0.8	NonTarget	1	287889
1439.53	0.8	NonTarget	1	287906
1439.61	0.8	NonTarget	1	287922
1439.695	0.8	NonTarget	1	287939
1440.095	0.8	NonTarget	1	288019
1440.18	0.8	NonTarget	1	288036
1440.265	0.8	NonTarget	1	288053
1440.345	0.8	NonTarget	1	288069
1440.43	0.8	NonTarget	1	288086
1440.515	0.8	NonTarget	1	288103
1440.595	0.8	NonTarget	1	288119
1440.68	0.8	NonTarget	1	288136
1440.765	0.8	NonTarget	1	288153
1440.85	0.8	NonTarget	1	288170
1440.93	0.8	NonTarget	1	288186
1441.015	0.8	NonTarget	1	288203
1441.1	0.8	NonTarget	1	288220
1441.18	0.8	NonTarget	1	288236
1441.265	0.8	NonTarget	1	288253
1441.35	0.8	NonTarget	1	288270
1441.43	0.8	NonTarget	1	288286
1441.515	0.8	NonTarget	1	288303
1441.6	0.8	NonTarget	1	288320
1441.68	0.8	NonTarget	1	288336
1441.765	0.8	NonTarget	1	288353
1441.85	0.8	NonTarget	1	288370
1441.93	0.8	NonTarget	1	288386
1442.015	0.8	Target	2	288403
1442.1	0.8	NonTarget	1	288420
1442.185	0.8	NonTarget	1	288437
1442.265	0.8	NonTarget	1	288453
1442.35	0.8	NonTarget	1	288470
1442.43	0.8	NonTarget	1	288486
1442.515	0.8	NonTarget	1	288503
1442.915	0.8	NonTarget	1	288583
1443.0	0.8	NonTarget	1	288600
1443.085	0.8	NonTarget	1	288617
1443.165	0.8	NonTarget	1	288633
1443.25	0.8	NonTarget	1	288650
1443.335	0.8	NonTarget	1	288667
1443.415	0.8	NonTarget	1	288683
1443.5	0.8	NonTarget	1	288700
1443.585	0.8	NonTarget	1	288717
1443.67	0.8	NonTarget	1	288734
1443.75	0.8	NonTarget	1	288750
1443.835	0.8	NonTarget	1	288767
1443.915	0.8	NonTarget	1	288783
1444.0	0.8	NonTarget	1	288800
1444.085	0.8	NonTarget	1	288817
1444.17	0.8	NonTarget	1	288834
1444.25	0.8	NonTarget	1	288850
1444.335	0.8	NonTarget	1	288867
1444.42	0.8	NonTarget	1	288884
1444.505	0.8	NonTarget	1	288901
1444.585	0.8	NonTarget	1	288917
1444.67	0.8	NonTarget	1	288934
1444.75	0.8	NonTarget	1	288950
1444.835	0.8	Target	2	288967
1444.92	0.8	NonTarget	1	288984
1445.005	0.8	NonTarget	1	289001
1445.085	0.8	NonTarget	1	289017
1445.17	0.8	NonTarget	1	289034
1445.255	0.8	NonTarget	1	289051
1445.335	0.8	NonTarget	1	289067
1445.735	0.8	NonTarget	1	289147
1445.82	0.8	NonTarget	1	289164
1445.905	0.8	NonTarget	1	289181
1445.985	0.8	NonTarget	1	289197
1446.07	0.8	NonTarget	1	289214
1446.155	0.8	NonTarget	1	289231
1446.235	0.8	NonTarget	1	289247
1446.32	0.8	NonTarget	1	289264
1446.405	0.8	NonTarget	1	289281
1446.49	0.8	NonTarget	1	289298
1446.57	0.8	NonTarget	1	289314
1446.655	0.8	NonTarget	1	289331
1446.74	0.8	NonTarget	1	289348
1446.82	0.8	NonTarget	1	289364
1446.905	0.8	NonTarget	1	289381
1446.99	0.8	NonTarget	1	289398
1447.075	0.8	NonTarget	1	289415
1447.155	0.8	NonTarget	1	289431
1447.24	0.8	NonTarget	1	289448
1447.32	0.8	NonTarget	1	289464
1447.405	0.8	NonTarget	1	289481
1447.49	0.8	NonTarget	1	289498
1447.57	0.8	NonTarget	1	289514
1447.655	0.8	Target	2	289531
1447.74	0.8	NonTarget	1	289548
1447.82	0.8	NonTarget	1	289564
1447.905	0.8	NonTarget	1	289581
1447.99	0.8	NonTarget	1	289598
1448.075	0.8	NonTarget	1	289615
1448.155	0.8	NonTarget	1	289631
1458.11	0.8	NonTarget	1	291622
1458.185	0.8	NonTarget	1	291637
1458.27	0.8	NonTarget	1	291654
1458.355	0.8	NonTarget	1	291671
1458.44	0.8	NonTarget	1	291688
1458.52	0.8	NonTarget	1	291704
1458.605	0.8	NonTarget	1	291721
1458.69	0.8	NonTarget	1	291738
1458.77	0.8	Target	2	291754
1458.855	0.8	NonTarget	1	291771
1458.94	0.8	NonTarget	1	291788
1459.02	0.8	NonTarget	1	291804
1459.105	0.8	NonTarget	1	291821
1459.19	0.8	NonTarget	1	291838
1459.27	0.8	NonTarget	1	291854
1459.355	0.8	NonTarget	1	291871
1459.44	0.8	NonTarget	1	291888
1459.52	0.8	NonTarget	1	291904
1459.605	0.8	NonTarget	1	291921
1459.69	0.8	NonTarget	1	291938
1459.775	0.8	NonTarget	1	291955
1459.855	0.8	NonTarget	1	291971
1459.94	0.8	NonTarget	1	291988
1460.025	0.8	NonTarget	1	292005
1460.11	0.8	NonTarget	1	292022
1460.19	0.8	NonTarget	1	292038
1460.275	0.8	NonTarget	1	292055
1460.355	0.8	NonTarget	1	292071
1460.44	0.8	NonTarget	1	292088
1460.525	0.8	NonTarget	1	292105
1460.925	0.8	NonTarget	1	292185
1461.01	0.8	NonTarget	1	292202
1461.09	0.8	NonTarget	1	292218
1461.175	0.8	NonTarget	1	292235
1461.26	0.8	NonTarget	1	292252
1461.345	0.8	NonTarget	1	292269
1461.425	0.8	NonTarget	1	292285
1461.51	0.8	NonTarget	1	292302
1461.595	0.8	NonTarget	1	292319
1461.675	0.8	NonTarget	1	292335
1461.76	0.8	NonTarget	1	292352
1461.84	0.8	NonTarget	1	292368
1461.925	0.8	NonTarget	1	292385
1462.01	0.8	NonTarget	1	292402
1462.095	0.8	NonTarget	1	292419
1462.175	0.8	NonTarget	1	292435
1462.26	0.8	NonTarget	1	292452
1462.345	0.8	NonTarget	1	292469
1462.43	0.8	Target	2	292486
1462.51	0.8	NonTarget	1	292502
1462.595	0.8	NonTarget	1	292519
1462.675	0.8	NonTarget	1	292535
1462.76	0.8	NonTarget	1	292552
1462.845	0.8	NonTarget	1	292569
1462.93	0.8	NonTarget	1	292586
1463.01	0.8	NonTarget	1	292602
1463.095	0.8	NonTarget	1	292619
1463.18	0.8	NonTarget	1	292636
1463.26	0.8	NonTarget	1	292652
1463.345	0.8	NonTarget	1	292669
1463.745	0.8	NonTarget	1	292749
1463.83	0.8	NonTarget	1	292766
1463.915	0.8	NonTarget	1	292783
1463.995	0.8	Target	2	292799
1464.08	0.8	NonTarget	1	292816
1464.165	0.8	NonTarget	1	292833
1464.245	0.8	NonTarget	1	292849
1464.33	0.8	NonTarget	1	292866
1464.415	0.8	NonTarget	1	292883
1464.495	0.8	NonTarget	1	292899
1464.58	0.8	NonTarget	1	292916
1464.665	0.8	NonTarget	1	292933
1464.75	0.8	NonTarget	1	292950
1464.83	0.8	NonTarget	1	292966
1464.915	0.8	NonTarget	1	292983
1464.995	0.8	NonTarget	1	292999
1465.08	0.8	NonTarget	1	293016
1465.165	0.8	NonTarget	1	293033
1465.25	0.8	NonTarget	1	293050
1465.33	0.8	NonTarget	1	293066
1465.415	0.8	NonTarget	1	293083
1465.5	0.8	NonTarget	1	293100
1465.58	0.8	NonTarget	1	293116
1465.665	0.8	NonTarget	1	293133
1465.75	0.8	NonTarget	1	293150
1465.83	0.8	NonTarget	1	293166
1465.915	0.8	NonTarget	1	293183
1466.0	0.8	NonTarget	1	293200
1466.085	0.8	NonTarget	1	293217
1466.165	0.8	NonTarget	1	293233
1466.565	0.8	NonTarget	1	293313
1466.65	0.8	NonTarget	1	293330
1466.735	0.8	NonTarget	1	293347
1466.815	0.8	Target	2	293363
1466.9	0.8	NonTarget	1	293380
1466.985	0.8	NonTarget	1	293397
1467.065	0.8	NonTarget	1	293413
1467.15	0.8	NonTarget	1	293430
1467.235	0.8	NonTarget	1	293447
1467.32	0.8	NonTarget	1	293464
1467.4	0.8	NonTarget	1	293480
1467.485	0.8	NonTarget	1	293497
1467.57	0.8	NonTarget	1	293514
1467.65	0.8	NonTarget	1	293530
1467.735	0.8	NonTarget	1	293547
1467.815	0.8	NonTarget	1	293563
1467.9	0.8	NonTarget	1	293580
1467.985	0.8	NonTarget	1	293597
1468.07	0.8	NonTarget	1	293614
1468.15	0.8	NonTarget	1	293630
1468.235	0.8	NonTarget	1	293647
1468.32	0.8	NonTarget	1	293664
1468.4	0.8	NonTarget	1	293680
1468.485	0.8	NonTarget	1	293697
1468.57	0.8	NonTarget	1	293714
1468.655	0.8	NonTarget	1	293731
1468.735	0.8	NonTarget	1	293747
1468.82	0.8	NonTarget	1	293764
1468.905	0.8	NonTarget	1	293781
1468.985	0.8	NonTarget	1	293797
1469.385	0.8	NonTarget	1	293877
1469.47	0.8	NonTarget	1	293894
1469.555	0.8	NonTarget	1	293911
1469.64	0.8	NonTarget	1	293928
1469.72	0.8	NonTarget	1	293944
1469.805	0.8	NonTarget	1	293961
1469.89	0.8	NonTarget	1	293978
1469.97	0.8	NonTarget	1	293994
1470.055	0.8	NonTarget	1	294011
1470.14	0.8	NonTarget	1	294028
1470.22	0.8	NonTarget	1	294044
1470.305	0.8	NonTarget	1	294061
1470.39	0.8	NonTarget	1	294078
1470.47	0.8	NonTarget	1	294094
1470.555	0.8	NonTarget	1	294111
1470.64	0.8	NonTarget	1	294128
1470.72	0.8	NonTarget	1	294144
1470.805	0.8	NonTarget	1	294161
1470.89	0.8	NonTarget	1	294178
1470.975	0.8	NonTarget	1	294195
1471.055	0.8	NonTarget	1	294211
1471.14	0.8	NonTarget	1	294228
1471.225	0.8	NonTarget	1	294245
1471.305	0.8	NonTarget	1	294261
1471.39	0.8	NonTarget	1	294278
1471.475	0.8	NonTarget	1	294295
1471.555	0.8	NonTarget	1	294311
1471.64	0.8	NonTarget	1	294328
1471.725	0.8	Target	2	294345
1471.805	0.8	NonTarget	1	294361
1472.205	0.8	NonTarget	1	294441
1472.29	0.8	NonTarget	1	294458
1472.375	0.8	NonTarget	1	294475
1472.46	0.8	NonTarget	1	294492
1472.54	0.8	NonTarget	1	294508
1472.625	0.8	NonTarget	1	294525
1472.71	0.8	NonTarget	1	294542
1472.79	0.8	NonTarget	1	294558
1472.875	0.8	NonTarget	1	294575
1472.96	0.8	NonTarget	1	294592
1473.04	0.8	NonTarget	1	294608
1473.125	0.8	NonTarget	1	294625
1473.21	0.8	NonTarget	1	294642
1473.295	0.8	NonTarget	1	294659
1473.375	0.8	NonTarget	1	294675
1473.46	0.8	NonTarget	1	294692
1473.545	0.8	NonTarget	1	294709
1473.625	0.8	NonTarget	1	294725
1473.71	0.8	Target	2	294742
1473.795	0.8	NonTarget	1	294759
1473.875	0.8	NonTarget	1	294775
1473.96	0.8	NonTarget	1	294792
1474.045	0.8	NonTarget	1	294809
1474.125	0.8	NonTarget	1	294825
1474.21	0.8	NonTarget	1	294842
1474.295	0.8	NonTarget	1	294859
1474.375	0.8	NonTarget	1	294875
1474.46	0.8	NonTarget	1	294892
1474.545	0.8	NonTarget	1	294909
1474.63	0.8	NonTarget	1	294926
1475.025	0.8	NonTarget	1	295005
1475.11	0.8	NonTarget	1	295022
1475.195	0.8	NonTarget	1	295039
1475.28	0.8	NonTarget	1	295056
1475.36	0.8	NonTarget	1	295072
1475.445	0.8	NonTarget	1	295089
1475.53	0.8	NonTarget	1	295106
1475.61	0.8	NonTarget	1	295122
1475.695	0.8	NonTarget	1	295139
1475.78	0.8	NonTarget	1	295156
1475.865	0.8	NonTarget	1	295173
1475.945	0.8	NonTarget	1	295189
1476.03	0.8	NonTarget	1	295206
1476.115	0.8	NonTarget	1	295223
1476.195	0.8	NonTarget	1	295239
1476.28	0.8	NonTarget	1	295256
1476.365	0.8	NonTarget	1	295273
1476.445	0.8	NonTarget	1	295289
1476.53	0.8	Target	2	295306
1476.615	0.8	NonTarget	1	295323
1476.695	0.8	NonTarget	1	295339
1476.78	0.8	NonTarget	1	295356
1476.865	0.8	NonTarget	1	295373
1476.95	0.8	NonTarget	1	295390
1477.03	0.8	NonTarget	1	295406
1477.115	0.8	NonTarget	1	295423
1477.2	0.8	NonTarget	1	295440
1477.28	0.8	NonTarget	1	295456
1477.365	0.8	NonTarget	1	295473
1477.45	0.8	NonTarget	1	295490
1477.85	0.8	NonTarget	1	295570
1477.93	0.8	NonTarget	1	295586
1478.015	0.8	NonTarget	1	295603
1478.1	0.8	NonTarget	1	295620
1478.185	0.8	NonTarget	1	295637
1478.265	0.8	NonTarget	1	295653
1478.35	0.8	NonTarget	1	295670
1478.435	0.8	NonTarget	1	295687
1478.515	0.8	NonTarget	1	295703
1478.6	0.8	NonTarget	1	295720
1478.685	0.8	NonTarget	1	295737
1478.765	0.8	NonTarget	1	295753
1478.85	0.8	NonTarget	1	295770
1478.935	0.8	Target	2	295787
1479.02	0.8	NonTarget	1	295804
1479.1	0.8	NonTarget	1	295820
1479.185	0.8	NonTarget	1	295837
1479.27	0.8	NonTarget	1	295854
1479.35	0.8	NonTarget	1	295870
1479.435	0.8	NonTarget	1	295887
1479.52	0.8	NonTarget	1	295904
1479.6	0.8	NonTarget	1	295920
1479.685	0.8	NonTarget	1	295937
1479.77	0.8	NonTarget	1	295954
1479.85	0.8	NonTarget	1	295970
1479.935	0.8	NonTarget	1	295987
1480.02	0.8	NonTarget	1	296004
1480.1	0.8	NonTarget	1	296020
1480.185	0.8	NonTarget	1	296037
1480.27	0.8	NonTarget	1	296054
1480.67	0.8	NonTarget	1	296134
1480.755	0.8	NonTarget	1	296151
1480.84	0.8	NonTarget	1	296168
1480.92	0.8	NonTarget	1	296184
1481.005	0.8	NonTarget	1	296201
1481.085	0.8	NonTarget	1	296217
1481.17	0.8	NonTarget	1	296234
1481.255	0.8	NonTarget	1	296251
1481.34	0.8	NonTarget	1	296268
1481.42	0.8	NonTarget	1	296284
1481.505	0.8	NonTarget	1	296301
1481.59	0.8	NonTarget	1	296318
1481.67	0.8	NonTarget	1	296334
1481.755	0.8	NonTarget	1	296351
1481.84	0.8	NonTarget	1	296368
1481.92	0.8	NonTarget	1	296384
1482.005	0.8	NonTarget	1	296401
1482.09	0.8	NonTarget	1	296418
1482.17	0.8	Target	2	296434
1482.255	0.8	NonTarget	1	296451
1482.34	0.8	NonTarget	1	296468
1482.42	0.8	NonTarget	1	296484
1482.505	0.8	NonTarget	1	296501
1482.59	0.8	NonTarget	1	296518
1482.67	0.8	NonTarget	1	296534
1482.755	0.8	NonTarget	1	296551
1482.84	0.8	NonTarget	1	296568
1482.925	0.8	NonTarget	1	296585
1483.005	0.8	NonTarget	1	296601
1483.09	0.8	NonTarget	1	296618
1483.49	0.8	NonTarget	1	296698
1483.575	0.8	NonTarget	1	296715
1483.66	0.8	NonTarget	1	296732
1483.74	0.8	NonTarget	1	296748
1483.825	0.8	NonTarget	1	296765
1483.905	0.8	NonTarget	1	296781
1483.99	0.8	NonTarget	1	296798
1484.075	0.8	NonTarget	1	296815
1484.16	0.8	NonTarget	1	296832
1484.24	0.8	NonTarget	1	296848
1484.325	0.8	NonTarget	1	296865
1484.41	0.8	NonTarget	1	296882
1484.49	0.8	NonTarget	1	296898
1484.575	0.8	NonTarget	1	296915
1484.66	0.8	NonTarget	1	296932
1484.74	0.8	NonTarget	1	296948
1484.825	0.8	NonTarget	1	296965
1484.91	0.8	NonTarget	1	296982
1484.99	0.8	NonTarget	1	296998
1485.075	0.8	NonTarget	1	297015
1485.16	0.8	NonTarget	1	297032
1485.24	0.8	NonTarget	1	297048
1485.325	0.8	NonTarget	1	297065
1485.41	0.8	NonTarget	1	297082
1485.49	0.8	NonTarget	1	297098
1485.58	0.8	NonTarget	1	297116
1485.66	0.8	NonTarget	1	297132
1485.745	0.8	NonTarget	1	297149
1485.83	0.8	Target	2	297166
1485.91	0.8	NonTarget	1	297182
1495.88	0.8	NonTarget	1	299176
1495.96	0.8	NonTarget	1	299192
1496.04	0.8	NonTarget	1	299208
1496.125	0.8	NonTarget	1	299225
1496.21	0.8	NonTarget	1	299242
1496.29	0.8	NonTarget	1	299258
1496.375	0.8	NonTarget	1	299275
1496.46	0.8	NonTarget	1	299292
1496.54	0.8	NonTarget	1	299308
1496.625	0.8	NonTarget	1	299325
1496.71	0.8	NonTarget	1	299342
1496.79	0.8	NonTarget	1	299358
1496.875	0.8	NonTarget	1	299375
1496.96	0.8	NonTarget	1	299392
1497.045	0.8	NonTarget	1	299409
1497.125	0.8	NonTarget	1	299425
1497.21	0.8	NonTarget	1	299442
1497.29	0.8	NonTarget	1	299458
1497.375	0.8	NonTarget	1	299475
1497.46	0.8	NonTarget	1	299492
1497.545	0.8	NonTarget	1	299509
1497.625	0.8	Target	2	299525
1497.71	0.8	NonTarget	1	299542
1497.795	0.8	NonTarget	1	299559
1497.875	0.8	NonTarget	1	299575
1497.96	0.8	NonTarget	1	299592
1498.045	0.8	NonTarget	1	299609
1498.125	0.8	NonTarget	1	299625
1498.21	0.8	NonTarget	1	299642
1498.295	0.8	NonTarget	1	299659
1498.695	0.8	NonTarget	1	299739
1498.78	0.8	Target	2	299756
1498.86	0.8	NonTarget	1	299772
1498.945	0.8	NonTarget	1	299789
1499.03	0.8	NonTarget	1	299806
1499.115	0.8	NonTarget	1	299823
1499.195	0.8	NonTarget	1	299839
1499.28	0.8	NonTarget	1	299856
1499.36	0.8	NonTarget	1	299872
1499.445	0.8	NonTarget	1	299889
1499.53	0.8	NonTarget	1	299906
1499.615	0.8	NonTarget	1	299923
1499.695	0.8	NonTarget	1	299939
1499.78	0.8	NonTarget	1	299956
1499.865	0.8	NonTarget	1	299973
1499.945	0.8	NonTarget	1	299989
1500.03	0.8	NonTarget	1	300006
1500.115	0.8	NonTarget	1	300023
1500.2	0.8	NonTarget	1	300040
1500.28	0.8	NonTarget	1	300056
1500.365	0.8	NonTarget	1	300073
1500.445	0.8	NonTarget	1	300089
1500.53	0.8	NonTarget	1	300106
1500.615	0.8	NonTarget	1	300123
1500.7	0.8	NonTarget	1	300140
1500.78	0.8	NonTarget	1	300156
1500.865	0.8	NonTarget	1	300173
1500.95	0.8	NonTarget	1	300190
1501.03	0.8	NonTarget	1	300206
1501.115	0.8	NonTarget	1	300223
1501.515	0.8	NonTarget	1	300303
1501.6	0.8	Target	2	300320
1501.685	0.8	NonTarget	1	300337
1501.765	0.8	NonTarget	1	300353
1501.85	0.8	NonTarget	1	300370
1501.935	0.8	NonTarget	1	300387
1502.02	0.8	NonTarget	1	300404
1502.1	0.8	NonTarget	1	300420
1502.185	0.8	NonTarget	1	300437
1502.27	0.8	NonTarget	1	300454
1502.35	0.8	NonTarget	1	300470
1502.435	0.8	NonTarget	1	300487
1502.52	0.8	NonTarget	1	300504
1502.6	0.8	NonTarget	1	300520
1502.685	0.8	NonTarget	1	300537
1502.77	0.8	NonTarget	1	300554
1502.85	0.8	NonTarget	1	300570
1502.935	0.8	NonTarget	1	300587
1503.02	0.8	NonTarget	1	300604
1503.105	0.8	NonTarget	1	300621
1503.185	0.8	NonTarget	1	300637
1503.27	0.8	NonTarget	1	300654
1503.35	0.8	NonTarget	1	300670
1503.435	0.8	NonTarget	1	300687
1503.52	0.8	NonTarget	1	300704
1503.6	0.8	NonTarget	1	300720
1503.685	0.8	NonTarget	1	300737
1503.77	0.8	NonTarget	1	300754
1503.855	0.8	NonTarget	1	300771
1503.935	0.8	NonTarget	1	300787
1504.335	0.8	NonTarget	1	300867
1504.42	0.8	NonTarget	1	300884
1504.505	0.8	NonTarget	1	300901
1504.585	0.8	NonTarget	1	300917
1504.67	0.8	NonTarget	1	300934
1504.755	0.8	NonTarget	1	300951
1504.84	0.8	NonTarget	1	300968
1504.92	0.8	NonTarget	1	300984
1505.005	0.8	NonTarget	1	301001
1505.09	0.8	NonTarget	1	301018
1505.17	0.8	NonTarget	1	301034
1505.255	0.8	NonTarget	1	301051
1505.34	0.8	NonTarget	1	301068
1505.42	0.8	NonTarget	1	301084
1505.505	0.8	NonTarget	1	301101
1505.59	0.8	NonTarget	1	301118
1505.67	0.8	NonTarget	1	301134
1505.755	0.8	NonTarget	1	301151
1505.84	0.8	NonTarget	1	301168
1505.92	0.8	NonTarget	1	301184
1506.005	0.8	NonTarget	1	301201
1506.09	0.8	NonTarget	1	301218
1506.17	0.8	NonTarget	1	301234
1506.255	0.8	NonTarget	1	301251
1506.34	0.8	NonTarget	1	301268
1506.425	0.8	NonTarget	1	301285
1506.505	0.8	Target	2	301301
1506.59	0.8	NonTarget	1	301318
1506.675	0.8	NonTarget	1	301335
1506.755	0.8	NonTarget	1	301351
1507.16	0.8	NonTarget	1	301432
1507.24	0.8	NonTarget	1	301448
1507.325	0.8	NonTarget	1	301465
1507.41	0.8	NonTarget	1	301482
1507.49	0.8	NonTarget	1	301498
1507.575	0.8	NonTarget	1	301515
1507.66	0.8	Target	2	301532
1507.74	0.8	NonTarget	1	301548
1507.825	0.8	NonTarget	1	301565
1507.905	0.8	NonTarget	1	301581
1507.99	0.8	NonTarget	1	301598
1508.075	0.8	NonTarget	1	301615
1508.16	0.8	NonTarget	1	301632
1508.24	0.8	NonTarget	1	301648
1508.325	0.8	NonTarget	1	301665
1508.41	0.8	NonTarget	1	301682
1508.49	0.8	NonTarget	1	301698
1508.575	0.8	NonTarget	1	301715
1508.66	0.8	NonTarget	1	301732
1508.74	0.8	NonTarget	1	301748
1508.825	0.8	NonTarget	1	301765
1508.91	0.8	NonTarget	1	301782
1508.995	0.8	NonTarget	1	301799
1509.075	0.8	NonTarget	1	301815
1509.16	0.8	NonTarget	1	301832
1509.245	0.8	NonTarget	1	301849
1509.325	0.8	NonTarget	1	301865
1509.41	0.8	NonTarget	1	301882
1509.495	0.8	NonTarget	1	301899
1509.58	0.8	NonTarget	1	301916
1509.975	0.8	NonTarget	1	301995
1510.06	0.8	NonTarget	1	302012
1510.145	0.8	NonTarget	1	302029
1510.23	0.8	NonTarget	1	302046
1510.315	0.8	NonTarget	1	302063
1510.395	0.8	NonTarget	1	302079
1510.48	0.8	NonTarget	1	302096
1510.56	0.8	NonTarget	1	302112
1510.645	0.8	NonTarget	1	302129
1510.73	0.8	NonTarget	1	302146
1510.815	0.8	NonTarget	1	302163
1510.895	0.8	NonTarget	1	302179
1510.98	0.8	NonTarget	1	302196
1511.065	0.8	NonTarget	1	302213
1511.145	0.8	NonTarget	1	302229
1511.23	0.8	NonTarget	1	302246
1511.315	0.8	Target	2	302263
1511.395	0.8	NonTarget	1	302279
1511.48	0.8	NonTarget	1	302296
1511.565	0.8	NonTarget	1	302313
1511.645	0.8	NonTarget	1	302329
1511.73	0.8	NonTarget	1	302346
1511.815	0.8	NonTarget	1	302363
1511.895	0.8	NonTarget	1	302379
1511.98	0.8	NonTarget	1	302396
1512.065	0.8	NonTarget	1	302413
1512.145	0.8	NonTarget	1	302429
1512.23	0.8	NonTarget	1	302446
1512.315	0.8	NonTarget	1	302463
1512.395	0.8	NonTarget	1	302479
1512.8	0.8	NonTarget	1	302560
1512.88	0.8	NonTarget	1	302576
1512.965	0.8	NonTarget	1	302593
1513.05	0.8	NonTarget	1	302610
1513.135	0.8	NonTarget	1	302627
1513.215	0.8	NonTarget	1	302643
1513.3	0.8	NonTarget	1	302660
1513.385	0.8	NonTarget	1	302677
1513.465	0.8	NonTarget	1	302693
1513.55	0.8	NonTarget	1	302710
1513.63	0.8	NonTarget	1	302726
1513.715	0.8	NonTarget	1	302743
1513.8	0.8	NonTarget	1	302760
1513.885	0.8	NonTarget	1	302777
1513.965	0.8	NonTarget	1	302793
1514.05	0.8	NonTarget	1	302810
1514.135	0.8	Target	2	302827
1514.22	0.8	NonTarget	1	302844
1514.3	0.8	NonTarget	1	302860
1514.385	0.8	NonTarget	1	302877
1514.47	0.8	NonTarget	1	302894
1514.55	0.8	NonTarget	1	302910
1514.635	0.8	NonTarget	1	302927
1514.72	0.8	NonTarget	1	302944
1514.8	0.8	NonTarget	1	302960
1514.885	0.8	NonTarget	1	302977
1514.97	0.8	NonTarget	1	302994
1515.055	0.8	NonTarget	1	303011
1515.135	0.8	NonTarget	1	303027
1515.22	0.8	NonTarget	1	303044
1515.62	0.8	NonTarget	1	303124
1515.705	0.8	Target	2	303141
1515.785	0.8	NonTarget	1	303157
1515.87	0.8	NonTarget	1	303174
1515.955	0.8	NonTarget	1	303191
1516.035	0.8	NonTarget	1	303207
1516.12	0.8	NonTarget	1	303224
1516.205	0.8	NonTarget	1	303241
1516.285	0.8	NonTarget	1	303257
1516.37	0.8	NonTarget	1	303274
1516.455	0.8	NonTarget	1	303291
1516.535	0.8	NonTarget	1	303307
1516.62	0.8	NonTarget	1	303324
1516.705	0.8	NonTarget	1	303341
1516.79	0.8	NonTarget	1	303358
1516.87	0.8	NonTarget	1	303374
1516.955	0.8	NonTarget	1	303391
1517.04	0.8	NonTarget	1	303408
1517.12	0.8	NonTarget	1	303424
1517.205	0.8	NonTarget	1	303441
1517.29	0.8	NonTarget	1	303458
1517.37	0.8	NonTarget	1	303474
1517.455	0.8	NonTarget	1	303491
1517.54	0.8	NonTarget	1	303508
1517.62	0.8	NonTarget	1	303524
1517.705	0.8	NonTarget	1	303541
1517.79	0.8	NonTarget	1	303558
1517.87	0.8	NonTarget	1	303574
1517.955	0.8	NonTarget	1	303591
1518.04	0.8	NonTarget	1	303608
1518.44	0.8	NonTarget	1	303688
1518.525	0.8	NonTarget	1	303705
1518.605	0.8	NonTarget	1	303721
1518.69	0.8	NonTarget	1	303738
1518.775	0.8	NonTarget	1	303755
1518.855	0.8	NonTarget	1	303771
1518.94	0.8	NonTarget	1	303788
1519.025	0.8	NonTarget	1	303805
1519.105	0.8	NonTarget	1	303821
1519.19	0.8	NonTarget	1	303838
1519.275	0.8	NonTarget	1	303855
1519.36	0.8	Target	2	303872
1519.44	0.8	NonTarget	1	303888
1519.525	0.8	NonTarget	1	303905
1519.605	0.8	NonTarget	1	303921
1519.69	0.8	NonTarget	1	303938
1519.775	0.8	NonTarget	1	303955
1519.86	0.8	NonTarget	1	303972
1519.945	0.8	NonTarget	1	303989
1520.025	0.8	NonTarget	1	304005
1520.11	0.8	NonTarget	1	304022
1520.19	0.8	NonTarget	1	304038
1520.275	0.8	NonTarget	1	304055
1520.36	0.8	NonTarget	1	304072
1520.44	0.8	NonTarget	1	304088
1520.525	0.8	NonTarget	1	304105
1520.61	0.8	NonTarget	1	304122
1520.695	0.8	NonTarget	1	304139
1520.775	0.8	NonTarget	1	304155
1520.86	0.8	NonTarget	1	304172
1521.26	0.8	NonTarget	1	304252
1521.345	0.8	NonTarget	1	304269
1521.43	0.8	NonTarget	1	304286
1521.51	0.8	NonTarget	1	304302
1521.595	0.8	NonTarget	1	304319
1521.675	0.8	NonTarget	1	304335
1521.76	0.8	NonTarget	1	304352
1521.845	0.8	NonTarget	1	304369
1521.93	0.8	NonTarget	1	304386
1522.01	0.8	NonTarget	1	304402
1522.095	0.8	NonTarget	1	304419
1522.18	0.8	NonTarget	1	304436
1522.26	0.8	NonTarget	1	304452
1522.345	0.8	NonTarget	1	304469
1522.43	0.8	NonTarget	1	304486
1522.51	0.8	NonTarget	1	304502
1522.595	0.8	NonTarget	1	304519
1522.68	0.8	NonTarget	1	304536
1522.765	0.8	NonTarget	1	304553
1522.845	0.8	NonTarget	1	304569
1522.93	0.8	NonTarget	1	304586
1523.015	0.8	Target	2	304603
1523.1	0.8	NonTarget	1	304620
1523.18	0.8	NonTarget	1	304636
1523.265	0.8	NonTarget	1	304653
1523.345	0.8	NonTarget	1	304669
1523.43	0.8	NonTarget	1	304686
1523.515	0.8	NonTarget	1	304703
1523.6	0.8	NonTarget	1	304720
1523.68	0.8	NonTarget	1	304736
1533.63	0.8	NonTarget	1	306726
1533.71	0.8	NonTarget	1	306742
1533.795	0.8	NonTarget	1	306759
1533.88	0.8	NonTarget	1	306776
1533.96	0.8	NonTarget	1	306792
1534.045	0.8	NonTarget	1	306809
1534.13	0.8	NonTarget	1	306826
1534.21	0.8	NonTarget	1	306842
1534.295	0.8	NonTarget	1	306859
1534.38	0.8	NonTarget	1	306876
1534.465	0.8	NonTarget	1	306893
1534.545	0.8	NonTarget	1	306909
1534.63	0.8	NonTarget	1	306926
1534.715	0.8	NonTarget	1	306943
1534.795	0.8	NonTarget	1	306959
1534.88	0.8	NonTarget	1	306976
1534.96	0.8	NonTarget	1	306992
1535.045	0.8	NonTarget	1	307009
1535.13	0.8	NonTarget	1	307026
1535.215	0.8	NonTarget	1	307043
1535.295	0.8	NonTarget	1	307059
1535.38	0.8	Target	2	307076
1535.465	0.8	NonTarget	1	307093
1535.55	0.8	NonTarget	1	307110
1535.63	0.8	NonTarget	1	307126
1535.715	0.8	NonTarget	1	307143
1535.8	0.8	NonTarget	1	307160
1535.88	0.8	NonTarget	1	307176
1535.965	0.8	NonTarget	1	307193
1536.05	0.8	NonTarget	1	307210
1536.45	0.8	NonTarget	1	307290
1536.535	0.8	NonTarget	1	307307
1536.615	0.8	NonTarget	1	307323
1536.7	0.8	NonTarget	1	307340
1536.785	0.8	NonTarget	1	307357
1536.865	0.8	NonTarget	1	307373
1536.95	0.8	NonTarget	1	307390
1537.03	0.8	NonTarget	1	307406
1537.115	0.8	NonTarget	1	307423
1537.2	0.8	NonTarget	1	307440
1537.285	0.8	NonTarget	1	307457
1537.365	0.8	Target	2	307473
1537.45	0.8	NonTarget	1	307490
1537.535	0.8	NonTarget	1	307507
1537.615	0.8	NonTarget	1	307523
1537.7	0.8	NonTarget	1	307540
1537.785	0.8	NonTarget	1	307557
1537.865	0.8	NonTarget	1	307573
1537.95	0.8	NonTarget	1	307590
1538.035	0.8	NonTarget	1	307607
1538.115	0.8	NonTarget	1	307623
1538.2	0.8	NonTarget	1	307640
1538.285	0.8	NonTarget	1	307657
1538.37	0.8	NonTarget	1	307674
1538.45	0.8	NonTarget	1	307690
1538.535	0.8	NonTarget	1	307707
1538.615	0.8	NonTarget	1	307723
1538.7	0.8	NonTarget	1	307740
1538.785	0.8	NonTarget	1	307757
1538.87	0.8	NonTarget	1	307774
1539.27	0.8	NonTarget	1	307854
1539.355	0.8	NonTarget	1	307871
1539.435	0.8	NonTarget	1	307887
1539.52	0.8	NonTarget	1	307904
1539.605	0.8	NonTarget	1	307921
1539.685	0.8	NonTarget	1	307937
1539.77	0.8	Target	2	307954
1539.855	0.8	NonTarget	1	307971
1539.94	0.8	NonTarget	1	307988
1540.02	0.8	NonTarget	1	308004
1540.105	0.8	NonTarget	1	308021
1540.19	0.8	NonTarget	1	308038
1540.27	0.8	NonTarget	1	308054
1540.355	0.8	NonTarget	1	308071
1540.435	0.8	NonTarget	1	308087
1540.52	0.8	NonTarget	1	308104
1540.605	0.8	NonTarget	1	308121
1540.69	0.8	NonTarget	1	308138
1540.77	0.8	NonTarget	1	308154
1540.855	0.8	NonTarget	1	308171
1540.94	0.8	NonTarget	1	308188
1541.02	0.8	NonTarget	1	308204
1541.105	0.8	NonTarget	1	308221
1541.19	0.8	NonTarget	1	308238
1541.27	0.8	NonTarget	1	308254
1541.355	0.8	NonTarget	1	308271
1541.44	0.8	NonTarget	1	308288
1541.525	0.8	NonTarget	1	308305
1541.605	0.8	NonTarget	1	308321
1541.69	0.8	NonTarget	1	308338
1542.09	0.8	NonTarget	1	308418
1542.175	0.8	NonTarget	1	308435
1542.26	0.8	NonTarget	1	308452
1542.34	0.8	NonTarget	1	308468
1542.425	0.8	NonTarget	1	308485
1542.505	0.8	NonTarget	1	308501
1542.59	0.8	NonTarget	1	308518
1542.675	0.8	NonTarget	1	308535
1542.755	0.8	NonTarget	1	308551
1542.84	0.8	NonTarget	1	308568
1542.925	0.8	NonTarget	1	308585
1543.01	0.8	NonTarget	1	308602
1543.095	0.8	NonTarget	1	308619
1543.175	0.8	NonTarget	1	308635
1543.26	0.8	NonTarget	1	308652
1543.34	0.8	NonTarget	1	308668
1543.425	0.8	NonTarget	1	308685
1543.51	0.8	NonTarget	1	308702
1543.595	0.8	NonTarget	1	308719
1543.675	0.8	NonTarget	1	308735
1543.76	0.8	NonTarget	1	308752
1543.84	0.8	NonTarget	1	308768
1543.925	0.8	NonTarget	1	308785
1544.01	0.8	NonTarget	1	308802
1544.095	0.8	NonTarget	1	308819
1544.175	0.8	NonTarget	1	308835
1544.26	0.8	Target	2	308852
1544.345	0.8	NonTarget	1	308869
1544.425	0.8	NonTarget	1	308885
1544.51	0.8	NonTarget	1	308902
1544.91	0.8	NonTarget	1	308982
1544.995	0.8	Target	2	308999
1545.08	0.8	NonTarget	1	309016
1545.16	0.8	NonTarget	1	309032
1545.245	0.8	NonTarget	1	309049
1545.325	0.8	NonTarget	1	309065
1545.41	0.8	NonTarget	1	309082
1545.495	0.8	NonTarget	1	309099
1545.58	0.8	NonTarget	1	309116
1545.665	0.8	NonTarget	1	309133
1545.745	0.8	NonTarget	1	309149
1545.83	0.8	NonTarget	1	309166
1545.915	0.8	NonTarget	1	309183
1545.995	0.8	NonTarget	1	309199
1546.08	0.8	NonTarget	1	309216
1546.16	0.8	NonTarget	1	309232
1546.245	0.8	NonTarget	1	309249
1546.33	0.8	NonTarget	1	309266
1546.415	0.8	NonTarget	1	309283
1546.495	0.8	NonTarget	1	309299
1546.58	0.8	NonTarget	1	309316
1546.665	0.8	NonTarget	1	309333
1546.745	0.8	NonTarget	1	309349
1546.83	0.8	NonTarget	1	309366
1546.915	0.8	NonTarget	1	309383
1546.995	0.8	NonTarget	1	309399
1547.08	0.8	NonTarget	1	309416
1547.165	0.8	NonTarget	1	309433
1547.245	0.8	NonTarget	1	309449
1547.33	0.8	NonTarget	1	309466
1547.73	0.8	NonTarget	1	309546
1547.815	0.8	NonTarget	1	309563
1547.9	0.8	NonTarget	1	309580
1547.985	0.8	NonTarget	1	309597
1548.065	0.8	NonTarget	1	309613
1548.15	0.8	NonTarget	1	309630
1548.23	0.8	NonTarget	1	309646
1548.315	0.8	NonTarget	1	309663
1548.4	0.8	NonTarget	1	309680
1548.485	0.8	NonTarget	1	309697
1548.565	0.8	NonTarget	1	309713
1548.65	0.8	NonTarget	1	309730
1548.73	0.8	NonTarget	1	309746
1548.815	0.8	NonTarget	1	309763
1548.9	0.8	NonTarget	1	309780
1548.985	0.8	NonTarget	1	309797
1549.065	0.8	NonTarget	1	309813
1549.15	0.8	NonTarget	1	309830
1549.235	0.8	NonTarget	1	309847
1549.315	0.8	NonTarget	1	309863
1549.4	0.8	NonTarget	1	309880
1549.485	0.8	Target	2	309897
1549.565	0.8	NonTarget	1	309913
1549.65	0.8	NonTarget	1	309930
1549.735	0.8	NonTarget	1	309947
1549.815	0.8	NonTarget	1	309963
1549.9	0.8	NonTarget	1	309980
1549.985	0.8	NonTarget	1	309997
1550.065	0.8	NonTarget	1	310013
1550.15	0.8	NonTarget	1	310030
1550.55	0.8	NonTarget	1	310110
1550.635	0.8	Target	2	310127
1550.72	0.8	NonTarget	1	310144
1550.805	0.8	NonTarget	1	310161
1550.885	0.8	NonTarget	1	310177
1550.97	0.8	NonTarget	1	310194
1551.05	0.8	NonTarget	1	310210
1551.135	0.8	NonTarget	1	310227
1551.22	0.8	NonTarget	1	310244
1551.305	0.8	NonTarget	1	310261
1551.385	0.8	NonTarget	1	310277
1551.47	0.8	NonTarget	1	310294
1551.555	0.8	NonTarget	1	310311
1551.635	0.8	NonTarget	1	310327
1551.72	0.8	NonTarget	1	310344
1551.805	0.8	NonTarget	1	310361
1551.885	0.8	NonTarget	1	310377
1551.97	0.8	NonTarget	1	310394
1552.055	0.8	NonTarget	1	310411
1552.135	0.8	NonTarget	1	310427
1552.22	0.8	NonTarget	1	310444
1552.305	0.8	NonTarget	1	310461
1552.39	0.8	NonTarget	1	310478
1552.47	0.8	NonTarget	1	310494
1552.555	0.8	NonTarget	1	310511
1552.64	0.8	NonTarget	1	310528
1552.72	0.8	NonTarget	1	310544
1552.805	0.8	NonTarget	1	310561
1552.89	0.8	NonTarget	1	310578
1552.975	0.8	NonTarget	1	310595
1553.375	0.8	NonTarget	1	310675
1553.455	0.8	Target	2	310691
1553.54	0.8	NonTarget	1	310708
1553.625	0.8	NonTarget	1	310725
1553.71	0.8	NonTarget	1	310742
1553.79	0.8	NonTarget	1	310758
1553.875	0.8	NonTarget	1	310775
1553.955	0.8	NonTarget	1	310791
1554.04	0.8	NonTarget	1	310808
1554.125	0.8	NonTarget	1	310825
1554.205	0.8	NonTarget	1	310841
1554.29	0.8	NonTarget	1	310858
1554.375	0.8	NonTarget	1	310875
1554.46	0.8	NonTarget	1	310892
1554.54	0.8	NonTarget	1	310908
1554.625	0.8	NonTarget	1	310925
1554.71	0.8	NonTarget	1	310942
1554.79	0.8	NonTarget	1	310958
1554.875	0.8	NonTarget	1	310975
1554.96	0.8	NonTarget	1	310992
1555.04	0.8	NonTarget	1	311008
1555.125	0.8	NonTarget	1	311025
1555.21	0.8	NonTarget	1	311042
1555.29	0.8	NonTarget	1	311058
1555.375	0.8	NonTarget	1	311075
1555.46	0.8	NonTarget	1	311092
1555.54	0.8	NonTarget	1	311108
1555.625	0.8	NonTarget	1	311125
1555.71	0.8	NonTarget	1	311142
1555.79	0.8	NonTarget	1	311158
1556.195	0.8	NonTarget	1	311239
1556.275	0.8	Target	2	311255
1556.36	0.8	NonTarget	1	311272
1556.445	0.8	NonTarget	1	311289
1556.525	0.8	NonTarget	1	311305
1556.61	0.8	NonTarget	1	311322
1556.695	0.8	NonTarget	1	311339
1556.775	0.8	NonTarget	1	311355
1556.86	0.8	NonTarget	1	311372
1556.945	0.8	NonTarget	1	311389
1557.03	0.8	NonTarget	1	311406
1557.11	0.8	NonTarget	1	311422
1557.195	0.8	NonTarget	1	311439
1557.28	0.8	NonTarget	1	311456
1557.36	0.8	NonTarget	1	311472
1557.445	0.8	NonTarget	1	311489
1557.53	0.8	NonTarget	1	311506
1557.61	0.8	NonTarget	1	311522
1557.695	0.8	NonTarget	1	311539
1557.78	0.8	NonTarget	1	311556
1557.86	0.8	NonTarget	1	311572
1557.945	0.8	NonTarget	1	311589
1558.03	0.8	NonTarget	1	311606
1558.115	0.8	NonTarget	1	311623
1558.195	0.8	NonTarget	1	311639
1558.28	0.8	NonTarget	1	311656
1558.365	0.8	NonTarget	1	311673
1558.445	0.8	NonTarget	1	311689
1558.53	0.8	NonTarget	1	311706
1558.615	0.8	NonTarget	1	311723
1559.015	0.8	NonTarget	1	311803
1559.095	0.8	NonTarget	1	311819
1559.18	0.8	NonTarget	1	311836
1559.265	0.8	NonTarget	1	311853
1559.35	0.8	NonTarget	1	311870
1559.43	0.8	NonTarget	1	311886
1559.515	0.8	NonTarget	1	311903
1559.595	0.8	NonTarget	1	311919
1559.68	0.8	NonTarget	1	311936
1559.765	0.8	NonTarget	1	311953
1559.85	0.8	NonTarget	1	311970
1559.93	0.8	Target	2	311986
1560.015	0.8	NonTarget	1	312003
1560.1	0.8	NonTarget	1	312020
1560.185	0.8	NonTarget	1	312037
1560.265	0.8	NonTarget	1	312053
1560.35	0.8	NonTarget	1	312070
1560.435	0.8	NonTarget	1	312087
1560.515	0.8	NonTarget	1	312103
1560.6	0.8	NonTarget	1	312120
1560.685	0.8	NonTarget	1	312137
1560.765	0.8	NonTarget	1	312153
1560.85	0.8	NonTarget	1	312170
1560.935	0.8	NonTarget	1	312187
1561.02	0.8	NonTarget	1	312204
1561.1	0.8	NonTarget	1	312220
1561.185	0.8	NonTarget	1	312237
1561.27	0.8	NonTarget	1	312254
1561.35	0.8	NonTarget	1	312270
1561.435	0.8	NonTarget	1	312287
1571.405	0.8	NonTarget	1	314281
1571.48	0.8	NonTarget	1	314296
1571.565	0.8	NonTarget	1	314313
1571.65	0.8	NonTarget	1	314330
1571.73	0.8	NonTarget	1	314346
1571.815	0.8	NonTarget	1	314363
1571.9	0.8	NonTarget	1	314380
1571.985	0.8	NonTarget	1	314397
1572.065	0.8	NonTarget	1	314413
1572.15	0.8	NonTarget	1	314430
1572.235	0.8	NonTarget	1	314447
1572.315	0.8	NonTarget	1	314463
1572.4	0.8	NonTarget	1	314480
1572.485	0.8	NonTarget	1	314497
1572.57	0.8	NonTarget	1	314514
1572.65	0.8	NonTarget	1	314530
1572.735	0.8	NonTarget	1	314547
1572.815	0.8	NonTarget	1	314563
1572.9	0.8	NonTarget	1	314580
1572.985	0.8	NonTarget	1	314597
1573.07	0.8	Target	2	314614
1573.15	0.8	NonTarget	1	314630
1573.235	0.8	NonTarget	1	314647
1573.32	0.8	NonTarget	1	314664
1573.4	0.8	NonTarget	1	314680
1573.485	0.8	NonTarget	1	314697
1573.57	0.8	NonTarget	1	314714
1573.65	0.8	NonTarget	1	314730
1573.735	0.8	NonTarget	1	314747
1573.82	0.8	NonTarget	1	314764
1574.22	0.8	NonTarget	1	314844
1574.305	0.8	NonTarget	1	314861
1574.385	0.8	NonTarget	1	314877
1574.47	0.8	NonTarget	1	314894
1574.555	0.8	NonTarget	1	314911
1574.635	0.8	NonTarget	1	314927
1574.72	0.8	NonTarget	1	314944
1574.8	0.8	NonTarget	1	314960
1574.885	0.8	NonTarget	1	314977
1574.97	0.8	NonTarget	1	314994
1575.055	0.8	Target	2	315011
1575.135	0.8	NonTarget	1	315027
1575.22	0.8	NonTarget	1	315044
1575.305	0.8	NonTarget	1	315061
1575.39	0.8	NonTarget	1	315078
1575.47	0.8	NonTarget	1	315094
1575.555	0.8	NonTarget	1	315111
1575.635	0.8	NonTarget	1	315127
1575.72	0.8	NonTarget	1	315144
1575.805	0.8	NonTarget	1	315161
1575.89	0.8	NonTarget	1	315178
1575.97	0.8	NonTarget	1	315194
1576.055	0.8	NonTarget	1	315211
1576.14	0.8	NonTarget	1	315228
1576.22	0.8	NonTarget	1	315244
1576.305	0.8	NonTarget	1	315261
1576.39	0.8	NonTarget	1	315278
1576.47	0.8	NonTarget	1	315294
1576.555	0.8	NonTarget	1	315311
1576.64	0.8	NonTarget	1	315328
1577.04	0.8	Target	2	315408
1577.125	0.8	NonTarget	1	315425
1577.21	0.8	NonTarget	1	315442
1577.29	0.8	NonTarget	1	315458
1577.375	0.8	NonTarget	1	315475
1577.455	0.8	NonTarget	1	315491
1577.54	0.8	NonTarget	1	315508
1577.625	0.8	NonTarget	1	315525
1577.705	0.8	NonTarget	1	315541
1577.79	0.8	NonTarget	1	315558
1577.875	0.8	NonTarget	1	315575
1577.955	0.8	NonTarget	1	315591
1578.04	0.8	NonTarget	1	315608
1578.125	0.8	NonTarget	1	315625
1578.21	0.8	NonTarget	1	315642
1578.29	0.8	NonTarget	1	315658
1578.375	0.8	NonTarget	1	315675
1578.46	0.8	NonTarget	1	315692
1578.54	0.8	NonTarget	1	315708
1578.625	0.8	NonTarget	1	315725
1578.71	0.8	NonTarget	1	315742
1578.79	0.8	NonTarget	1	315758
1578.875	0.8	NonTarget	1	315775
1578.96	0.8	NonTarget	1	315792
1579.04	0.8	NonTarget	1	315808
1579.125	0.8	NonTarget	1	315825
1579.21	0.8	NonTarget	1	315842
1579.29	0.8	NonTarget	1	315858
1579.375	0.8	NonTarget	1	315875
1579.46	0.8	NonTarget	1	315892
1579.86	0.8	NonTarget	1	315972
1579.945	0.8	NonTarget	1	315989
1580.025	0.8	NonTarget	1	316005
1580.11	0.8	NonTarget	1	316022
1580.195	0.8	NonTarget	1	316039
1580.28	0.8	NonTarget	1	316056
1580.36	0.8	NonTarget	1	316072
1580.445	0.8	NonTarget	1	316089
1580.53	0.8	NonTarget	1	316106
1580.61	0.8	NonTarget	1	316122
1580.695	0.8	NonTarget	1	316139
1580.78	0.8	NonTarget	1	316156
1580.865	0.8	NonTarget	1	316173
1580.945	0.8	NonTarget	1	316189
1581.03	0.8	NonTarget	1	316206
1581.11	0.8	NonTarget	1	316222
1581.195	0.8	NonTarget	1	316239
1581.28	0.8	NonTarget	1	316256
1581.36	0.8	NonTarget	1	316272
1581.445	0.8	NonTarget	1	316289
1581.53	0.8	Target	2	316306
1581.615	0.8	NonTarget	1	316323
1581.695	0.8	NonTarget	1	316339
1581.78	0.8	NonTarget	1	316356
1581.865	0.8	NonTarget	1	316373
1581.945	0.8	NonTarget	1	316389
1582.03	0.8	NonTarget	1	316406
1582.115	0.8	NonTarget	1	316423
1582.195	0.8	NonTarget	1	316439
1582.28	0.8	NonTarget	1	316456
1582.68	0.8	NonTarget	1	316536
1582.765	0.8	NonTarget	1	316553
1582.845	0.8	NonTarget	1	316569
1582.93	0.8	NonTarget	1	316586
1583.015	0.8	NonTarget	1	316603
1583.1	0.8	NonTarget	1	316620
1583.18	0.8	NonTarget	1	316636
1583.265	0.8	NonTarget	1	316653
1583.35	0.8	NonTarget	1	316670
1583.43	0.8	NonTarget	1	316686
1583.515	0.8	NonTarget	1	316703
1583.6	0.8	NonTarget	1	316720
1583.68	0.8	NonTarget	1	316736
1583.765	0.8	NonTarget	1	316753
1583.85	0.8	NonTarget	1	316770
1583.935	0.8	NonTarget	1	316787
1584.015	0.8	NonTarget	1	316803
1584.1	0.8	NonTarget	1	316820
1584.185	0.8	NonTarget	1	316837
1584.27	0.8	NonTarget	1	316854
1584.35	0.8	NonTarget	1	316870
1584.435	0.8	NonTarget	1	316887
1584.515	0.8	NonTarget	1	316903
1584.6	0.8	NonTarget	1	316920
1584.685	0.8	NonTarget	1	316937
1584.765	0.8	Target	2	316953
1584.85	0.8	NonTarget	1	316970
1584.935	0.8	NonTarget	1	316987
1585.02	0.8	NonTarget	1	317004
1585.1	0.8	NonTarget	1	317020
1585.5	0.8	NonTarget	1	317100
1585.585	0.8	NonTarget	1	317117
1585.67	0.8	NonTarget	1	317134
1585.75	0.8	NonTarget	1	317150
1585.835	0.8	NonTarget	1	317167
1585.92	0.8	Target	2	317184
1586.0	0.8	NonTarget	1	317200
1586.085	0.8	NonTarget	1	317217
1586.17	0.8	NonTarget	1	317234
1586.255	0.8	NonTarget	1	317251
1586.335	0.8	NonTarget	1	317267
1586.42	0.8	NonTarget	1	317284
1586.505	0.8	NonTarget	1	317301
1586.585	0.8	NonTarget	1	317317
1586.67	0.8	NonTarget	1	317334
1586.755	0.8	NonTarget	1	317351
1586.84	0.8	NonTarget	1	317368
1586.92	0.8	NonTarget	1	317384
1587.005	0.8	NonTarget	1	317401
1587.085	0.8	NonTarget	1	317417
1587.17	0.8	NonTarget	1	317434
1587.255	0.8	NonTarget	1	317451
1587.34	0.8	NonTarget	1	317468
1587.42	0.8	NonTarget	1	317484
1587.505	0.8	NonTarget	1	317501
1587.59	0.8	NonTarget	1	317518
1587.67	0.8	NonTarget	1	317534
1587.755	0.8	NonTarget	1	317551
1587.84	0.8	NonTarget	1	317568
1587.92	0.8	NonTarget	1	317584
1588.32	0.8	NonTarget	1	317664
1588.405	0.8	NonTarget	1	317681
1588.49	0.8	NonTarget	1	317698
1588.575	0.8	NonTarget	1	317715
1588.655	0.8	NonTarget	1	317731
1588.74	0.8	NonTarget	1	317748
1588.825	0.8	NonTarget	1	317765
1588.905	0.8	NonTarget	1	317781
1588.99	0.8	NonTarget	1	317798
1589.075	0.8	NonTarget	1	317815
1589.155	0.8	NonTarget	1	317831
1589.24	0.8	NonTarget	1	317848
1589.325	0.8	NonTarget	1	317865
1589.405	0.8	NonTarget	1	317881
1589.49	0.8	NonTarget	1	317898
1589.575	0.8	NonTarget	1	317915
1589.655	0.8	NonTarget	1	317931
1589.74	0.8	NonTarget	1	317948
1589.825	0.8	NonTarget	1	317965
1589.905	0.8	NonTarget	1	317981
1589.99	0.8	Target	2	317998
1590.075	0.8	NonTarget	1	318015
1590.16	0.8	NonTarget	1	318032
1590.24	0.8	NonTarget	1	318048
1590.325	0.8	NonTarget	1	318065
1590.41	0.8	NonTarget	1	318082
1590.49	0.8	NonTarget	1	318098
1590.575	0.8	NonTarget	1	318115
1590.66	0.8	NonTarget	1	318132
1590.745	0.8	NonTarget	1	318149
1591.145	0.8	NonTarget	1	318229
1591.225	0.8	NonTarget	1	318245
1591.31	0.8	NonTarget	1	318262
1591.395	0.8	NonTarget	1	318279
1591.475	0.8	NonTarget	1	318295
1591.56	0.8	NonTarget	1	318312
1591.645	0.8	NonTarget	1	318329
1591.725	0.8	NonTarget	1	318345
1591.81	0.8	NonTarget	1	318362
1591.895	0.8	NonTarget	1	318379
1591.98	0.8	Target	2	318396
1592.06	0.8	NonTarget	1	318412
1592.145	0.8	NonTarget	1	318429
1592.23	0.8	NonTarget	1	318446
1592.31	0.8	NonTarget	1	318462
1592.395	0.8	NonTarget	1	318479
1592.48	0.8	NonTarget	1	318496
1592.56	0.8	NonTarget	1	318512
1592.645	0.8	NonTarget	1	318529
1592.73	0.8	NonTarget	1	318546
1592.81	0.8	NonTarget	1	318562
1592.895	0.8	NonTarget	1	318579
1592.98	0.8	NonTarget	1	318596
1593.065	0.8	NonTarget	1	318613
1593.145	0.8	NonTarget	1	318629
1593.23	0.8	NonTarget	1	318646
1593.315	0.8	NonTarget	1	318663
1593.395	0.8	NonTarget	1	318679
1593.48	0.8	NonTarget	1	318696
1593.56	0.8	NonTarget	1	318712
1593.965	0.8	NonTarget	1	318793
1594.045	0.8	NonTarget	1	318809
1594.13	0.8	NonTarget	1	318826
1594.215	0.8	NonTarget	1	318843
1594.295	0.8	NonTarget	1	318859
1594.38	0.8	NonTarget	1	318876
1594.465	0.8	NonTarget	1	318893
1594.55	0.8	NonTarget	1	318910
1594.63	0.8	NonTarget	1	318926
1594.715	0.8	NonTarget	1	318943
1594.795	0.8	NonTarget	1	318959
1594.88	0.8	NonTarget	1	318976
1594.965	0.8	NonTarget	1	318993
1595.05	0.8	NonTarget	1	319010
1595.13	0.8	NonTarget	1	319026
1595.215	0.8	NonTarget	1	319043
1595.3	0.8	NonTarget	1	319060
1595.385	0.8	NonTarget	1	319077
1595.465	0.8	NonTarget	1	319093
1595.55	0.8	NonTarget	1	319110
1595.635	0.8	NonTarget	1	319127
1595.715	0.8	NonTarget	1	319143
1595.8	0.8	NonTarget	1	319160
1595.885	0.8	NonTarget	1	319177
1595.965	0.8	NonTarget	1	319193
1596.05	0.8	Target	2	319210
1596.135	0.8	NonTarget	1	319227
1596.215	0.8	NonTarget	1	319243
1596.3	0.8	NonTarget	1	319260
1596.385	0.8	NonTarget	1	319277
1596.785	0.8	NonTarget	1	319357
1596.865	0.8	NonTarget	1	319373
1596.95	0.8	NonTarget	1	319390
1597.035	0.8	NonTarget	1	319407
1597.12	0.8	NonTarget	1	319424
1597.2	0.8	NonTarget	1	319440
1597.285	0.8	NonTarget	1	319457
1597.37	0.8	NonTarget	1	319474
1597.45	0.8	NonTarget	1	319490
1597.535	0.8	NonTarget	1	319507
1597.62	0.8	NonTarget	1	319524
1597.7	0.8	NonTarget	1	319540
1597.785	0.8	NonTarget	1	319557
1597.87	0.8	NonTarget	1	319574
1597.955	0.8	NonTarget	1	319591
1598.035	0.8	NonTarget	1	319607
1598.12	0.8	NonTarget	1	319624
1598.2	0.8	NonTarget	1	319640
1598.285	0.8	NonTarget	1	319657
1598.37	0.8	NonTarget	1	319674
1598.455	0.8	Target	2	319691
1598.535	0.8	NonTarget	1	319707
1598.62	0.8	NonTarget	1	319724
1598.705	0.8	NonTarget	1	319741
1598.785	0.8	NonTarget	1	319757
1598.87	0.8	NonTarget	1	319774
1598.955	0.8	NonTarget	1	319791
1599.035	0.8	NonTarget	1	319807
1599.12	0.8	NonTarget	1	319824
1599.205	0.8	NonTarget	1	319841
1609.155	0.8	NonTarget	1	321831
1609.235	0.8	NonTarget	1	321847
1609.32	0.8	NonTarget	1	321864
1609.4	0.8	NonTarget	1	321880
1609.485	0.8	NonTarget	1	321897
1609.57	0.8	NonTarget	1	321914
1609.65	0.8	NonTarget	1	321930
1609.735	0.8	NonTarget	1	321947
1609.82	0.8	NonTarget	1	321964
1609.905	0.8	NonTarget	1	321981
1609.985	0.8	NonTarget	1	321997
1610.07	0.8	NonTarget	1	322014
1610.155	0.8	NonTarget	1	322031
1610.235	0.8	NonTarget	1	322047
1610.32	0.8	NonTarget	1	322064
1610.405	0.8	NonTarget	1	322081
1610.485	0.8	Target	2	322097
1610.57	0.8	NonTarget	1	322114
1610.655	0.8	NonTarget	1	322131
1610.74	0.8	NonTarget	1	322148
1610.82	0.8	NonTarget	1	322164
1610.905	0.8	NonTarget	1	322181
1610.99	0.8	NonTarget	1	322198
1611.07	0.8	NonTarget	1	322214
1611.155	0.8	NonTarget	1	322231
1611.24	0.8	NonTarget	1	322248
1611.32	0.8	NonTarget	1	322264
1611.405	0.8	NonTarget	1	322281
1611.49	0.8	NonTarget	1	322298
1611.57	0.8	NonTarget	1	322314
1611.97	0.8	NonTarget	1	322394
1612.055	0.8	Target	2	322411
1612.14	0.8	NonTarget	1	322428
1612.225	0.8	NonTarget	1	322445
1612.305	0.8	NonTarget	1	322461
1612.39	0.8	NonTarget	1	322478
1612.475	0.8	NonTarget	1	322495
1612.555	0.8	NonTarget	1	322511
1612.64	0.8	NonTarget	1	322528
1612.72	0.8	NonTarget	1	322544
1612.805	0.8	NonTarget	1	322561
1612.89	0.8	NonTarget	1	322578
1612.975	0.8	NonTarget	1	322595
1613.06	0.8	NonTarget	1	322612
1613.14	0.8	NonTarget	1	322628
1613.225	0.8	NonTarget	1	322645
1613.31	0.8	NonTarget	1	322662
1613.39	0.8	NonTarget	1	322678
1613.475	0.8	NonTarget	1	322695
1613.56	0.8	NonTarget	1	322712
1613.64	0.8	NonTarget	1	322728
1613.725	0.8	NonTarget	1	322745
1613.81	0.8	NonTarget	1	322762
1613.89	0.8	NonTarget	1	322778
1613.975	0.8	NonTarget	1	322795
1614.06	0.8	NonTarget	1	322812
1614.145	0.8	NonTarget	1	322829
1614.225	0.8	NonTarget	1	322845
1614.31	0.8	NonTarget	1	322862
1614.39	0.8	NonTarget	1	322878
1614.795	0.8	NonTarget	1	322959
1614.875	0.8	Target	2	322975
1614.96	0.8	NonTarget	1	322992
1615.045	0.8	NonTarget	1	323009
1615.13	0.8	NonTarget	1	323026
1615.21	0.8	NonTarget	1	323042
1615.295	0.8	NonTarget	1	323059
1615.375	0.8	NonTarget	1	323075
1615.46	0.8	NonTarget	1	323092
1615.545	0.8	NonTarget	1	323109
1615.63	0.8	NonTarget	1	323126
1615.71	0.8	NonTarget	1	323142
1615.795	0.8	NonTarget	1	323159
1615.88	0.8	NonTarget	1	323176
1615.96	0.8	NonTarget	1	323192
1616.045	0.8	NonTarget	1	323209
1616.13	0.8	NonTarget	1	323226
1616.21	0.8	NonTarget	1	323242
1616.295	0.8	NonTarget	1	323259
1616.38	0.8	NonTarget	1	323276
1616.46	0.8	NonTarget	1	323292
1616.545	0.8	NonTarget	1	323309
1616.63	0.8	NonTarget	1	323326
1616.715	0.8	NonTarget	1	323343
1616.795	0.8	NonTarget	1	323359
1616.88	0.8	NonTarget	1	323376
1616.965	0.8	NonTarget	1	323393
1617.045	0.8	NonTarget	1	323409
1617.13	0.8	NonTarget	1	323426
1617.215	0.8	NonTarget	1	323443
1617.615	0.8	NonTarget	1	323523
1617.695	0.8	NonTarget	1	323539
1617.78	0.8	NonTarget	1	323556
1617.865	0.8	NonTarget	1	323573
1617.95	0.8	NonTarget	1	323590
1618.03	0.8	NonTarget	1	323606
1618.115	0.8	NonTarget	1	323623
1618.2	0.8	NonTarget	1	323640
1618.28	0.8	NonTarget	1	323656
1618.365	0.8	NonTarget	1	323673
1618.45	0.8	NonTarget	1	323690
1618.53	0.8	NonTarget	1	323706
1618.615	0.8	NonTarget	1	323723
1618.7	0.8	NonTarget	1	323740
1618.78	0.8	NonTarget	1	323756
1618.865	0.8	NonTarget	1	323773
1618.95	0.8	NonTarget	1	323790
1619.035	0.8	NonTarget	1	323807
1619.115	0.8	NonTarget	1	323823
1619.2	0.8	NonTarget	1	323840
1619.28	0.8	NonTarget	1	323856
1619.365	0.8	NonTarget	1	323873
1619.45	0.8	NonTarget	1	323890
1619.535	0.8	NonTarget	1	323907
1619.615	0.8	NonTarget	1	323923
1619.7	0.8	NonTarget	1	323940
1619.785	0.8	Target	2	323957
1619.865	0.8	NonTarget	1	323973
1619.95	0.8	NonTarget	1	323990
1620.035	0.8	NonTarget	1	324007
1620.435	0.8	NonTarget	1	324087
1620.515	0.8	Target	2	324103
1620.6	0.8	NonTarget	1	324120
1620.685	0.8	NonTarget	1	324137
1620.77	0.8	NonTarget	1	324154
1620.85	0.8	NonTarget	1	324170
1620.935	0.8	NonTarget	1	324187
1621.02	0.8	NonTarget	1	324204
1621.105	0.8	NonTarget	1	324221
1621.185	0.8	NonTarget	1	324237
1621.27	0.8	NonTarget	1	324254
1621.35	0.8	NonTarget	1	324270
1621.435	0.8	NonTarget	1	324287
1621.52	0.8	NonTarget	1	324304
1621.6	0.8	NonTarget	1	324320
1621.685	0.8	NonTarget	1	324337
1621.77	0.8	NonTarget	1	324354
1621.85	0.8	NonTarget	1	324370
1621.935	0.8	NonTarget	1	324387
1622.02	0.8	NonTarget	1	324404
1622.105	0.8	NonTarget	1	324421
1622.185	0.8	NonTarget	1	324437
1622.27	0.8	NonTarget	1	324454
1622.355	0.8	NonTarget	1	324471
1622.44	0.8	NonTarget	1	324488
1622.52	0.8	NonTarget	1	324504
1622.605	0.8	NonTarget	1	324521
1622.69	0.8	NonTarget	1	324538
1622.775	0.8	NonTarget	1	324555
1622.855	0.8	NonTarget	1	324571
1623.255	0.8	NonTarget	1	324651
1623.34	0.8	NonTarget	1	324668
1623.42	0.8	NonTarget	1	324684
1623.505	0.8	NonTarget	1	324701
1623.59	0.8	NonTarget	1	324718
1623.675	0.8	NonTarget	1	324735
1623.755	0.8	NonTarget	1	324751
1623.84	0.8	NonTarget	1	324768
1623.92	0.8	NonTarget	1	324784
1624.005	0.8	NonTarget	1	324801
1624.09	0.8	NonTarget	1	324818
1624.175	0.8	NonTarget	1	324835
1624.255	0.8	NonTarget	1	324851
1624.34	0.8	NonTarget	1	324868
1624.425	0.8	NonTarget	1	324885
1624.51	0.8	NonTarget	1	324902
1624.59	0.8	Target	2	324918
1624.675	0.8	NonTarget	1	324935
1624.76	0.8	NonTarget	1	324952
1624.84	0.8	NonTarget	1	324968
1624.925	0.8	NonTarget	1	324985
1625.005	0.8	NonTarget	1	325001
1625.09	0.8	NonTarget	1	325018
1625.175	0.8	NonTarget	1	325035
1625.26	0.8	NonTarget	1	325052
1625.34	0.8	NonTarget	1	325068
1625.425	0.8	NonTarget	1	325085
1625.51	0.8	NonTarget	1	325102
1625.59	0.8	NonTarget	1	325118
1625.675	0.8	NonTarget	1	325135
1626.075	0.8	NonTarget	1	325215
1626.16	0.8	NonTarget	1	325232
1626.245	0.8	NonTarget	1	325249
1626.325	0.8	NonTarget	1	325265
1626.41	0.8	NonTarget	1	325282
1626.495	0.8	NonTarget	1	325299
1626.575	0.8	NonTarget	1	325315
1626.66	0.8	NonTarget	1	325332
1626.745	0.8	NonTarget	1	325349
1626.825	0.8	NonTarget	1	325365
1626.91	0.8	NonTarget	1	325382
1626.995	0.8	NonTarget	1	325399
1627.075	0.8	NonTarget	1	325415
1627.16	0.8	NonTarget	1	325432
1627.245	0.8	NonTarget	1	325449
1627.325	0.8	NonTarget	1	325465
1627.41	0.8	NonTarget	1	325482
1627.495	0.8	NonTarget	1	325499
1627.58	0.8	NonTarget	1	325516
1627.66	0.8	NonTarget	1	325532
1627.745	0.8	NonTarget	1	325549
1627.83	0.8	NonTarget	1	325566
1627.91	0.8	NonTarget	1	325582
1627.995	0.8	NonTarget	1	325599
1628.08	0.8	NonTarget	1	325616
1628.16	0.8	NonTarget	1	325632
1628.245	0.8	Target	2	325649
1628.33	0.8	NonTarget	1	325666
1628.41	0.8	NonTarget	1	325682
1628.495	0.8	NonTarget	1	325699
1628.895	0.8	NonTarget	1	325779
1628.98	0.8	NonTarget	1	325796
1629.06	0.8	NonTarget	1	325812
1629.145	0.8	NonTarget	1	325829
1629.23	0.8	NonTarget	1	325846
1629.31	0.8	NonTarget	1	325862
1629.395	0.8	NonTarget	1	325879
1629.48	0.8	NonTarget	1	325896
1629.565	0.8	NonTarget	1	325913
1629.645	0.8	NonTarget	1	325929
1629.73	0.8	NonTarget	1	325946
1629.815	0.8	NonTarget	1	325963
1629.9	0.8	NonTarget	1	325980
1629.98	0.8	NonTarget	1	325996
1630.065	0.8	NonTarget	1	326013
1630.15	0.8	NonTarget	1	326030
1630.23	0.8	Target	2	326046
1630.315	0.8	NonTarget	1	326063
1630.4	0.8	NonTarget	1	326080
1630.48	0.8	NonTarget	1	326096
1630.565	0.8	NonTarget	1	326113
1630.65	0.8	NonTarget	1	326130
1630.73	0.8	NonTarget	1	326146
1630.815	0.8	NonTarget	1	326163
1630.9	0.8	NonTarget	1	326180
1630.985	0.8	NonTarget	1	326197
1631.065	0.8	NonTarget	1	326213
1631.15	0.8	NonTarget	1	326230
1631.235	0.8	NonTarget	1	326247
1631.315	0.8	NonTarget	1	326263
1631.72	0.8	NonTarget	1	326344
1631.8	0.8	NonTarget	1	326360
1631.885	0.8	NonTarget	1	326377
1631.97	0.8	NonTarget	1	326394
1632.05	0.8	NonTarget	1	326410
1632.135	0.8	NonTarget	1	326427
1632.22	0.8	NonTarget	1	326444
1632.3	0.8	NonTarget	1	326460
1632.385	0.8	NonTarget	1	326477
1632.47	0.8	NonTarget	1	326494
1632.55	0.8	NonTarget	1	326510
1632.635	0.8	NonTarget	1	326527
1632.72	0.8	NonTarget	1	326544
1632.8	0.8	NonTarget	1	326560
1632.885	0.8	NonTarget	1	326577
1632.97	0.8	NonTarget	1	326594
1633.05	0.8	Target	2	326610
1633.135	0.8	NonTarget	1	326627
1633.22	0.8	NonTarget	1	326644
1633.305	0.8	NonTarget	1	326661
1633.385	0.8	NonTarget	1	326677
1633.47	0.8	NonTarget	1	326694
1633.555	0.8	NonTarget	1	326711
1633.635	0.8	NonTarget	1	326727
1633.72	0.8	NonTarget	1	326744
1633.805	0.8	NonTarget	1	326761
1633.885	0.8	NonTarget	1	326777
1633.97	0.8	NonTarget	1	326794
1634.055	0.8	NonTarget	1	326811
1634.135	0.8	NonTarget	1	326827
1634.535	0.8	NonTarget	1	326907
1634.62	0.8	NonTarget	1	326924
1634.705	0.8	NonTarget	1	326941
1634.79	0.8	NonTarget	1	326958
1634.87	0.8	NonTarget	1	326974
1634.955	0.8	NonTarget	1	326991
1635.04	0.8	NonTarget	1	327008
1635.12	0.8	NonTarget	1	327024
1635.205	0.8	NonTarget	1	327041
1635.29	0.8	NonTarget	1	327058
1635.37	0.8	NonTarget	1	327074
1635.455	0.8	NonTarget	1	327091
1635.54	0.8	NonTarget	1	327108
1635.625	0.8	NonTarget	1	327125
1635.705	0.8	NonTarget	1	327141
1635.79	0.8	NonTarget	1	327158
1635.875	0.8	NonTarget	1	327175
1635.955	0.8	NonTarget	1	327191
1636.04	0.8	NonTarget	1	327208
1636.125	0.8	NonTarget	1	327225
1636.205	0.8	NonTarget	1	327241
1636.29	0.8	Target	2	327258
1636.375	0.8	NonTarget	1	327275
1636.455	0.8	NonTarget	1	327291
1636.54	0.8	NonTarget	1	327308
1636.625	0.8	NonTarget	1	327325
1636.71	0.8	NonTarget	1	327342
1636.79	0.8	NonTarget	1	327358
1636.875	0.8	NonTarget	1	327375
1636.955	0.8	NonTarget	1	327391
1652.775	0.8	NonTarget	1	330555
1652.855	0.8	NonTarget	1	330571
1652.94	0.8	NonTarget	1	330588
1653.02	0.8	NonTarget	1	330604
1653.105	0.8	NonTarget	1	330621
1653.19	0.8	NonTarget	1	330638
1653.27	0.8	NonTarget	1	330654
1653.355	0.8	NonTarget	1	330671
1653.44	0.8	NonTarget	1	330688
1653.52	0.8	NonTarget	1	330704
1653.605	0.8	NonTarget	1	330721
1653.69	0.8	NonTarget	1	330738
1653.77	0.8	NonTarget	1	330754
1653.855	0.8	NonTarget	1	330771
1653.94	0.8	NonTarget	1	330788
1654.02	0.8	NonTarget	1	330804
1654.105	0.8	NonTarget	1	330821
1654.19	0.8	NonTarget	1	330838
1654.275	0.8	NonTarget	1	330855
1654.355	0.8	NonTarget	1	330871
1654.44	0.8	NonTarget	1	330888
1654.525	0.8	NonTarget	1	330905
1654.605	0.8	NonTarget	1	330921
1654.69	0.8	NonTarget	1	330938
1654.775	0.8	Target	2	330955
1654.86	0.8	NonTarget	1	330972
1654.94	0.8	NonTarget	1	330988
1655.025	0.8	NonTarget	1	331005
1655.105	0.8	NonTarget	1	331021
1655.19	0.8	NonTarget	1	331038
1655.59	0.8	NonTarget	1	331118
1655.675	0.8	NonTarget	1	331135
1655.76	0.8	NonTarget	1	331152
1655.84	0.8	NonTarget	1	331168
1655.925	0.8	NonTarget	1	331185
1656.01	0.8	NonTarget	1	331202
1656.09	0.8	NonTarget	1	331218
1656.175	0.8	NonTarget	1	331235
1656.26	0.8	NonTarget	1	331252
1656.34	0.8	NonTarget	1	331268
1656.425	0.8	NonTarget	1	331285
1656.51	0.8	NonTarget	1	331302
1656.59	0.8	NonTarget	1	331318
1656.675	0.8	NonTarget	1	331335
1656.76	0.8	NonTarget	1	331352
1656.845	0.8	NonTarget	1	331369
1656.925	0.8	NonTarget	1	331385
1657.01	0.8	NonTarget	1	331402
1657.095	0.8	NonTarget	1	331419
1657.175	0.8	NonTarget	1	331435
1657.26	0.8	NonTarget	1	331452
1657.345	0.8	NonTarget	1	331469
1657.425	0.8	NonTarget	1	331485
1657.51	0.8	NonTarget	1	331502
1657.595	0.8	NonTarget	1	331519
1657.675	0.8	NonTarget	1	331535
1657.76	0.8	NonTarget	1	331552
1657.845	0.8	NonTarget	1	331569
1657.93	0.8	NonTarget	1	331586
1658.01	0.8	Target	2	331602
1658.41	0.8	NonTarget	1	331682
1658.495	0.8	NonTarget	1	331699
1658.58	0.8	NonTarget	1	331716
1658.66	0.8	NonTarget	1	331732
1658.745	0.8	NonTarget	1	331749
1658.83	0.8	NonTarget	1	331766
1658.91	0.8	NonTarget	1	331782
1658.995	0.8	NonTarget	1	331799
1659.08	0.8	NonTarget	1	331816
1659.16	0.8	Target	2	331832
1659.245	0.8	NonTarget	1	331849
1659.33	0.8	NonTarget	1	331866
1659.415	0.8	NonTarget	1	331883
1659.495	0.8	NonTarget	1	331899
1659.58	0.8	NonTarget	1	331916
1659.665	0.8	NonTarget	1	331933
1659.745	0.8	NonTarget	1	331949
1659.83	0.8	NonTarget	1	331966
1659.915	0.8	NonTarget	1	331983
1660.0	0.8	NonTarget	1	332000
1660.08	0.8	NonTarget	1	332016
1660.165	0.8	NonTarget	1	332033
1660.25	0.8	NonTarget	1	332050
1660.33	0.8	NonTarget	1	332066
1660.415	0.8	NonTarget	1	332083
1660.5	0.8	NonTarget	1	332100
1660.58	0.8	NonTarget	1	332116
1660.665	0.8	NonTarget	1	332133
1660.75	0.8	NonTarget	1	332150
1660.83	0.8	NonTarget	1	332166
1661.23	0.8	NonTarget	1	332246
1661.315	0.8	NonTarget	1	332263
1661.4	0.8	NonTarget	1	332280
1661.485	0.8	NonTarget	1	332297
1661.565	0.8	NonTarget	1	332313
1661.65	0.8	NonTarget	1	332330
1661.735	0.8	NonTarget	1	332347
1661.82	0.8	NonTarget	1	332364
1661.9	0.8	NonTarget	1	332380
1661.985	0.8	NonTarget	1	332397
1662.07	0.8	NonTarget	1	332414
1662.15	0.8	NonTarget	1	332430
1662.235	0.8	NonTarget	1	332447
1662.32	0.8	NonTarget	1	332464
1662.4	0.8	NonTarget	1	332480
1662.485	0.8	NonTarget	1	332497
1662.57	0.8	NonTarget	1	332514
1662.65	0.8	NonTarget	1	332530
1662.735	0.8	NonTarget	1	332547
1662.82	0.8	Target	2	332564
1662.905	0.8	NonTarget	1	332581
1662.985	0.8	NonTarget	1	332597
1663.07	0.8	NonTarget	1	332614
1663.155	0.8	NonTarget	1	332631
1663.235	0.8	NonTarget	1	332647
1663.32	0.8	NonTarget	1	332664
1663.4	0.8	NonTarget	1	332680
1663.485	0.8	NonTarget	1	332697
1663.57	0.8	NonTarget	1	332714
1663.655	0.8	NonTarget	1	332731
1664.055	0.8	NonTarget	1	332811
1664.135	0.8	NonTarget	1	332827
1664.22	0.8	NonTarget	1	332844
1664.305	0.8	NonTarget	1	332861
1664.39	0.8	NonTarget	1	332878
1664.47	0.8	NonTarget	1	332894
1664.555	0.8	NonTarget	1	332911
1664.64	0.8	NonTarget	1	332928
1664.72	0.8	NonTarget	1	332944
1664.805	0.8	NonTarget	1	332961
1664.89	0.8	NonTarget	1	332978
1664.97	0.8	NonTarget	1	332994
1665.055	0.8	NonTarget	1	333011
1665.14	0.8	NonTarget	1	333028
1665.22	0.8	NonTarget	1	333044
1665.305	0.8	NonTarget	1	333061
1665.39	0.8	NonTarget	1	333078
1665.47	0.8	NonTarget	1	333094
1665.555	0.8	NonTarget	1	333111
1665.64	0.8	NonTarget	1	333128
1665.725	0.8	NonTarget	1	333145
1665.805	0.8	NonTarget	1	333161
1665.89	0.8	NonTarget	1	333178
1665.97	0.8	NonTarget	1	333194
1666.055	0.8	NonTarget	1	333211
1666.14	0.8	NonTarget	1	333228
1666.22	0.8	NonTarget	1	333244
1666.305	0.8	NonTarget	1	333261
1666.39	0.8	NonTarget	1	333278
1666.475	0.8	Target	2	333295
1666.875	0.8	NonTarget	1	333375
1666.96	0.8	NonTarget	1	333392
1667.04	0.8	NonTarget	1	333408
1667.125	0.8	NonTarget	1	333425
1667.21	0.8	Target	2	333442
1667.29	0.8	NonTarget	1	333458
1667.375	0.8	NonTarget	1	333475
1667.46	0.8	NonTarget	1	333492
1667.54	0.8	NonTarget	1	333508
1667.625	0.8	NonTarget	1	333525
1667.71	0.8	NonTarget	1	333542
1667.79	0.8	NonTarget	1	333558
1667.875	0.8	NonTarget	1	333575
1667.96	0.8	NonTarget	1	333592
1668.045	0.8	NonTarget	1	333609
1668.125	0.8	NonTarget	1	333625
1668.21	0.8	NonTarget	1	333642
1668.295	0.8	NonTarget	1	333659
1668.375	0.8	NonTarget	1	333675
1668.46	0.8	NonTarget	1	333692
1668.545	0.8	NonTarget	1	333709
1668.625	0.8	NonTarget	1	333725
1668.71	0.8	NonTarget	1	333742
1668.795	0.8	NonTarget	1	333759
1668.875	0.8	NonTarget	1	333775
1668.96	0.8	NonTarget	1	333792
1669.045	0.8	NonTarget	1	333809
1669.125	0.8	NonTarget	1	333825
1669.21	0.8	NonTarget	1	333842
1669.295	0.8	NonTarget	1	333859
1669.695	0.8	NonTarget	1	333939
1669.78	0.8	NonTarget	1	333956
1669.865	0.8	NonTarget	1	333973
1669.945	0.8	NonTarget	1	333989
1670.03	0.8	NonTarget	1	334006
1670.11	0.8	NonTarget	1	334022
1670.195	0.8	NonTarget	1	334039
1670.28	0.8	NonTarget	1	334056
1670.365	0.8	NonTarget	1	334073
1670.445	0.8	NonTarget	1	334089
1670.53	0.8	NonTarget	1	334106
1670.615	0.8	NonTarget	1	334123
1670.695	0.8	NonTarget	1	334139
1670.78	0.8	NonTarget	1	334156
1670.865	0.8	NonTarget	1	334173
1670.945	0.8	NonTarget	1	334189
1671.03	0.8	NonTarget	1	334206
1671.115	0.8	NonTarget	1	334223
1671.195	0.8	NonTarget	1	334239
1671.28	0.8	Target	2	334256
1671.365	0.8	NonTarget	1	334273
1671.45	0.8	NonTarget	1	334290
1671.53	0.8	NonTarget	1	334306
1671.615	0.8	NonTarget	1	334323
1671.7	0.8	NonTarget	1	334340
1671.785	0.8	NonTarget	1	334357
1671.865	0.8	NonTarget	1	334373
1671.95	0.8	NonTarget	1	334390
1672.03	0.8	NonTarget	1	334406
1672.115	0.8	NonTarget	1	334423
1672.515	0.8	NonTarget	1	334503
1672.6	0.8	NonTarget	1	334520
1672.685	0.8	NonTarget	1	334537
1672.765	0.8	NonTarget	1	334553
1672.85	0.8	NonTarget	1	334570
1672.935	0.8	NonTarget	1	334587
1673.015	0.8	NonTarget	1	334603
1673.1	0.8	NonTarget	1	334620
1673.185	0.8	NonTarget	1	334637
1673.265	0.8	NonTarget	1	334653
1673.35	0.8	NonTarget	1	334670
1673.435	0.8	NonTarget	1	334687
1673.52	0.8	NonTarget	1	334704
1673.6	0.8	NonTarget	1	334720
1673.685	0.8	NonTarget	1	334737
1673.765	0.8	NonTarget	1	334753
1673.85	0.8	NonTarget	1	334770
1673.935	0.8	NonTarget	1	334787
1674.02	0.8	NonTarget	1	334804
1674.1	0.8	Target	2	334820
1674.185	0.8	NonTarget	1	334837
1674.27	0.8	NonTarget	1	334854
1674.35	0.8	NonTarget	1	334870
1674.435	0.8	NonTarget	1	334887
1674.52	0.8	NonTarget	1	334904
1674.6	0.8	NonTarget	1	334920
1674.685	0.8	NonTarget	1	334937
1674.77	0.8	NonTarget	1	334954
1674.855	0.8	NonTarget	1	334971
1674.935	0.8	NonTarget	1	334987
1675.335	0.8	NonTarget	1	335067
1675.42	0.8	NonTarget	1	335084
1675.505	0.8	NonTarget	1	335101
1675.585	0.8	NonTarget	1	335117
1675.67	0.8	NonTarget	1	335134
1675.755	0.8	NonTarget	1	335151
1675.835	0.8	NonTarget	1	335167
1675.92	0.8	NonTarget	1	335184
1676.005	0.8	NonTarget	1	335201
1676.09	0.8	NonTarget	1	335218
1676.17	0.8	NonTarget	1	335234
1676.255	0.8	NonTarget	1	335251
1676.34	0.8	NonTarget	1	335268
1676.42	0.8	NonTarget	1	335284
1676.505	0.8	Target	2	335301
1676.59	0.8	NonTarget	1	335318
1676.67	0.8	NonTarget	1	335334
1676.755	0.8	NonTarget	1	335351
1676.84	0.8	NonTarget	1	335368
1676.92	0.8	NonTarget	1	335384
1677.005	0.8	NonTarget	1	335401
1677.09	0.8	NonTarget	1	335418
1677.17	0.8	NonTarget	1	335434
1677.255	0.8	NonTarget	1	335451
1677.34	0.8	NonTarget	1	335468
1677.42	0.8	NonTarget	1	335484
1677.505	0.8	NonTarget	1	335501
1677.59	0.8	NonTarget	1	335518
1677.675	0.8	NonTarget	1	335535
1677.755	0.8	NonTarget	1	335551
1678.155	0.8	NonTarget	1	335631
1678.24	0.8	NonTarget	1	335648
1678.325	0.8	NonTarget	1	335665
1678.41	0.8	NonTarget	1	335682
1678.49	0.8	NonTarget	1	335698
1678.575	0.8	NonTarget	1	335715
1678.66	0.8	NonTarget	1	335732
1678.74	0.8	NonTarget	1	335748
1678.825	0.8	NonTarget	1	335765
1678.91	0.8	NonTarget	1	335782
1678.99	0.8	NonTarget	1	335798
1679.075	0.8	NonTarget	1	335815
1679.155	0.8	NonTarget	1	335831
1679.24	0.8	NonTarget	1	335848
1679.325	0.8	Target	2	335865
1679.41	0.8	NonTarget	1	335882
1679.49	0.8	NonTarget	1	335898
1679.575	0.8	NonTarget	1	335915
1679.66	0.8	NonTarget	1	335932
1679.745	0.8	NonTarget	1	335949
1679.825	0.8	NonTarget	1	335965
1679.91	0.8	NonTarget	1	335982
1679.995	0.8	NonTarget	1	335999
1680.075	0.8	NonTarget	1	336015
1680.16	0.8	NonTarget	1	336032
1680.245	0.8	NonTarget	1	336049
1680.325	0.8	NonTarget	1	336065
1680.41	0.8	NonTarget	1	336082
1680.495	0.8	NonTarget	1	336099
1680.58	0.8	NonTarget	1	336116
1689.61	0.8	NonTarget	1	337922
1689.69	0.8	NonTarget	1	337938
1689.775	0.8	NonTarget	1	337955
1689.86	0.8	NonTarget	1	337972
1689.94	0.8	NonTarget	1	337988
1690.025	0.8	NonTarget	1	338005
1690.105	0.8	NonTarget	1	338021
1690.19	0.8	NonTarget	1	338038
1690.275	0.8	NonTarget	1	338055
1690.355	0.8	NonTarget	1	338071
1690.44	0.8	NonTarget	1	338088
1690.525	0.8	NonTarget	1	338105
1690.61	0.8	NonTarget	1	338122
1690.69	0.8	NonTarget	1	338138
1690.775	0.8	NonTarget	1	338155
1690.86	0.8	NonTarget	1	338172
1690.94	0.8	NonTarget	1	338188
1691.025	0.8	Target	2	338205
1691.11	0.8	NonTarget	1	338222
1691.195	0.8	NonTarget	1	338239
1691.275	0.8	NonTarget	1	338255
1691.36	0.8	NonTarget	1	338272
1691.445	0.8	NonTarget	1	338289
1691.525	0.8	NonTarget	1	338305
1691.61	0.8	NonTarget	1	338322
1691.695	0.8	NonTarget	1	338339
1691.78	0.8	NonTarget	1	338356
1691.86	0.8	NonTarget	1	338372
1691.945	0.8	NonTarget	1	338389
1692.025	0.8	NonTarget	1	338405
1692.425	0.8	NonTarget	1	338485
1692.51	0.8	NonTarget	1	338502
1692.595	0.8	NonTarget	1	338519
1692.68	0.8	NonTarget	1	338536
1692.76	0.8	NonTarget	1	338552
1692.845	0.8	NonTarget	1	338569
1692.93	0.8	NonTarget	1	338586
1693.01	0.8	NonTarget	1	338602
1693.095	0.8	NonTarget	1	338619
1693.18	0.8	NonTarget	1	338636
1693.26	0.8	NonTarget	1	338652
1693.345	0.8	NonTarget	1	338669
1693.43	0.8	NonTarget	1	338686
1693.515	0.8	NonTarget	1	338703
1693.595	0.8	NonTarget	1	338719
1693.68	0.8	NonTarget	1	338736
1693.765	0.8	NonTarget	1	338753
1693.845	0.8	NonTarget	1	338769
1693.93	0.8	NonTarget	1	338786
1694.015	0.8	NonTarget	1	338803
1694.1	0.8	NonTarget	1	338820
1694.18	0.8	NonTarget	1	338836
1694.26	0.8	Target	2	338852
1694.345	0.8	NonTarget	1	338869
1694.43	0.8	NonTarget	1	338886
1694.515	0.8	NonTarget	1	338903
1694.595	0.8	NonTarget	1	338919
1694.68	0.8	NonTarget	1	338936
1694.765	0.8	NonTarget	1	338953
1694.85	0.8	NonTarget	1	338970
1695.245	0.8	NonTarget	1	339049
1695.33	0.8	NonTarget	1	339066
1695.415	0.8	NonTarget	1	339083
1695.5	0.8	NonTarget	1	339100
1695.58	0.8	NonTarget	1	339116
1695.665	0.8	NonTarget	1	339133
1695.75	0.8	NonTarget	1	339150
1695.83	0.8	Target	2	339166
1695.915	0.8	NonTarget	1	339183
1696.0	0.8	NonTarget	1	339200
1696.08	0.8	NonTarget	1	339216
1696.165	0.8	NonTarget	1	339233
1696.25	0.8	NonTarget	1	339250
1696.335	0.8	NonTarget	1	339267
1696.415	0.8	NonTarget	1	339283
1696.5	0.8	NonTarget	1	339300
1696.585	0.8	NonTarget	1	339317
1696.665	0.8	NonTarget	1	339333
1696.75	0.8	NonTarget	1	339350
1696.835	0.8	NonTarget	1	339367
1696.915	0.8	NonTarget	1	339383
1697.0	0.8	NonTarget	1	339400
1697.085	0.8	NonTarget	1	339417
1697.17	0.8	NonTarget	1	339434
1697.25	0.8	NonTarget	1	339450
1697.335	0.8	NonTarget	1	339467
1697.415	0.8	NonTarget	1	339483
1697.5	0.8	NonTarget	1	339500
1697.585	0.8	NonTarget	1	339517
1697.67	0.8	NonTarget	1	339534
1698.07	0.8	NonTarget	1	339614
1698.15	0.8	NonTarget	1	339630
1698.235	0.8	NonTarget	1	339647
1698.32	0.8	NonTarget	1	339664
1698.4	0.8	NonTarget	1	339680
1698.485	0.8	NonTarget	1	339697
1698.57	0.8	NonTarget	1	339714
1698.655	0.8	NonTarget	1	339731
1698.735	0.8	NonTarget	1	339747
1698.82	0.8	NonTarget	1	339764
1698.9	0.8	NonTarget	1	339780
1698.985	0.8	NonTarget	1	339797
1699.07	0.8	NonTarget	1	339814
1699.155	0.8	NonTarget	1	339831
1699.235	0.8	NonTarget	1	339847
1699.32	0.8	NonTarget	1	339864
1699.405	0.8	NonTarget	1	339881
1699.49	0.8	NonTarget	1	339898
1699.57	0.8	NonTarget	1	339914
1699.655	0.8	NonTarget	1	339931
1699.74	0.8	NonTarget	1	339948
1699.82	0.8	NonTarget	1	339964
1699.905	0.8	NonTarget	1	339981
1699.99	0.8	NonTarget	1	339998
1700.07	0.8	NonTarget	1	340014
1700.155	0.8	NonTarget	1	340031
1700.24	0.8	NonTarget	1	340048
1700.32	0.8	Target	2	340064
1700.405	0.8	NonTarget	1	340081
1700.49	0.8	NonTarget	1	340098
1700.89	0.8	NonTarget	1	340178
1700.975	0.8	NonTarget	1	340195
1701.055	0.8	NonTarget	1	340211
1701.14	0.8	NonTarget	1	340228
1701.225	0.8	NonTarget	1	340245
1701.305	0.8	NonTarget	1	340261
1701.39	0.8	NonTarget	1	340278
1701.475	0.8	NonTarget	1	340295
1701.555	0.8	NonTarget	1	340311
1701.64	0.8	NonTarget	1	340328
1701.72	0.8	NonTarget	1	340344
1701.81	0.8	NonTarget	1	340362
1701.89	0.8	NonTarget	1	340378
1701.975	0.8	NonTarget	1	340395
1702.06	0.8	NonTarget	1	340412
1702.145	0.8	NonTarget	1	340429
1702.225	0.8	NonTarget	1	340445
1702.305	0.8	Target	2	340461
1702.39	0.8	NonTarget	1	340478
1702.475	0.8	NonTarget	1	340495
1702.56	0.8	NonTarget	1	340512
1702.64	0.8	NonTarget	1	340528
1702.725	0.8	NonTarget	1	340545
1702.81	0.8	NonTarget	1	340562
1702.89	0.8	NonTarget	1	340578
1702.975	0.8	NonTarget	1	340595
1703.06	0.8	NonTarget	1	340612
1703.145	0.8	NonTarget	1	340629
1703.225	0.8	NonTarget	1	340645
1703.31	0.8	NonTarget	1	340662
1703.71	0.8	NonTarget	1	340742
1703.795	0.8	NonTarget	1	340759
1703.875	0.8	NonTarget	1	340775
1703.96	0.8	NonTarget	1	340792
1704.045	0.8	NonTarget	1	340809
1704.125	0.8	NonTarget	1	340825
1704.21	0.8	NonTarget	1	340842
1704.295	0.8	NonTarget	1	340859
1704.375	0.8	NonTarget	1	340875
1704.46	0.8	NonTarget	1	340892
1704.545	0.8	NonTarget	1	340909
1704.63	0.8	NonTarget	1	340926
1704.71	0.8	NonTarget	1	340942
1704.795	0.8	NonTarget	1	340959
1704.88	0.8	NonTarget	1	340976
1704.96	0.8	NonTarget	1	340992
1705.045	0.8	NonTarget	1	341009
1705.13	0.8	NonTarget	1	341026
1705.21	0.8	NonTarget	1	341042
1705.295	0.8	NonTarget	1	341059
1705.38	0.8	NonTarget	1	341076
1705.46	0.8	NonTarget	1	341092
1705.545	0.8	NonTarget	1	341109
1705.63	0.8	NonTarget	1	341126
1705.715	0.8	NonTarget	1	341143
1705.795	0.8	NonTarget	1	341159
1705.88	0.8	NonTarget	1	341176
1705.96	0.8	Target	2	341192
1706.045	0.8	NonTarget	1	341209
1706.13	0.8	NonTarget	1	341226
1706.53	0.8	NonTarget	1	341306
1706.615	0.8	NonTarget	1	341323
1706.695	0.8	Target	2	341339
1706.78	0.8	NonTarget	1	341356
1706.865	0.8	NonTarget	1	341373
1706.95	0.8	NonTarget	1	341390
1707.03	0.8	NonTarget	1	341406
1707.115	0.8	NonTarget	1	341423
1707.2	0.8	NonTarget	1	341440
1707.28	0.8	NonTarget	1	341456
1707.365	0.8	NonTarget	1	341473
1707.45	0.8	NonTarget	1	341490
1707.535	0.8	NonTarget	1	341507
1707.615	0.8	NonTarget	1	341523
1707.7	0.8	NonTarget	1	341540
1707.78	0.8	NonTarget	1	341556
1707.865	0.8	NonTarget	1	341573
1707.95	0.8	NonTarget	1	341590
1708.035	0.8	NonTarget	1	341607
1708.115	0.8	NonTarget	1	341623
1708.2	0.8	NonTarget	1	341640
1708.28	0.8	NonTarget	1	341656
1708.365	0.8	NonTarget	1	341673
1708.45	0.8	NonTarget	1	341690
1708.535	0.8	NonTarget	1	341707
1708.62	0.8	NonTarget	1	341724
1708.7	0.8	NonTarget	1	341740
1708.785	0.8	NonTarget	1	341757
1708.87	0.8	NonTarget	1	341774
1708.95	0.8	NonTarget	1	341790
1709.35	0.8	NonTarget	1	341870
1709.435	0.8	NonTarget	1	341887
1709.52	0.8	NonTarget	1	341904
1709.6	0.8	NonTarget	1	341920
1709.685	0.8	NonTarget	1	341937
1709.77	0.8	NonTarget	1	341954
1709.855	0.8	NonTarget	1	341971
1709.935	0.8	NonTarget	1	341987
1710.02	0.8	NonTarget	1	342004
1710.105	0.8	NonTarget	1	342021
1710.185	0.8	NonTarget	1	342037
1710.27	0.8	NonTarget	1	342054
1710.355	0.8	NonTarget	1	342071
1710.435	0.8	NonTarget	1	342087
1710.52	0.8	NonTarget	1	342104
1710.605	0.8	NonTarget	1	342121
1710.685	0.8	NonTarget	1	342137
1710.77	0.8	NonTarget	1	342154
1710.855	0.8	NonTarget	1	342171
1710.935	0.8	NonTarget	1	342187
1711.02	0.8	NonTarget	1	342204
1711.105	0.8	NonTarget	1	342221
1711.19	0.8	NonTarget	1	342238
1711.27	0.8	NonTarget	1	342254
1711.355	0.8	NonTarget	1	342271
1711.44	0.8	NonTarget	1	342288
1711.52	0.8	NonTarget	1	342304
1711.605	0.8	Target	2	342321
1711.69	0.8	NonTarget	1	342338
1711.77	0.8	NonTarget	1	342354
1712.17	0.8	NonTarget	1	342434
1712.255	0.8	NonTarget	1	342451
1712.34	0.8	NonTarget	1	342468
1712.425	0.8	NonTarget	1	342485
1712.505	0.8	NonTarget	1	342501
1712.59	0.8	NonTarget	1	342518
1712.67	0.8	NonTarget	1	342534
1712.755	0.8	NonTarget	1	342551
1712.84	0.8	NonTarget	1	342568
1712.925	0.8	NonTarget	1	342585
1713.005	0.8	NonTarget	1	342601
1713.09	0.8	NonTarget	1	342618
1713.175	0.8	NonTarget	1	342635
1713.26	0.8	NonTarget	1	342652
1713.34	0.8	NonTarget	1	342668
1713.425	0.8	NonTarget	1	342685
1713.51	0.8	NonTarget	1	342702
1713.59	0.8	Target	2	342718
1713.675	0.8	NonTarget	1	342735
1713.76	0.8	NonTarget	1	342752
1713.84	0.8	NonTarget	1	342768
1713.925	0.8	NonTarget	1	342785
1714.01	0.8	NonTarget	1	342802
1714.09	0.8	NonTarget	1	342818
1714.175	0.8	NonTarget	1	342835
1714.26	0.8	NonTarget	1	342852
1714.34	0.8	NonTarget	1	342868
1714.425	0.8	NonTarget	1	342885
1714.51	0.8	NonTarget	1	342902
1714.59	0.8	NonTarget	1	342918
1714.995	0.8	NonTarget	1	342999
1715.08	0.8	NonTarget	1	343016
1715.16	0.8	NonTarget	1	343032
1715.245	0.8	NonTarget	1	343049
1715.33	0.8	NonTarget	1	343066
1715.41	0.8	NonTarget	1	343082
1715.495	0.8	NonTarget	1	343099
1715.575	0.8	NonTarget	1	343115
1715.66	0.8	NonTarget	1	343132
1715.745	0.8	NonTarget	1	343149
1715.83	0.8	NonTarget	1	343166
1715.91	0.8	NonTarget	1	343182
1715.995	0.8	Target	2	343199
1716.075	0.8	NonTarget	1	343215
1716.16	0.8	NonTarget	1	343232
1716.245	0.8	NonTarget	1	343249
1716.33	0.8	NonTarget	1	343266
1716.41	0.8	NonTarget	1	343282
1716.495	0.8	NonTarget	1	343299
1716.58	0.8	NonTarget	1	343316
1716.66	0.8	NonTarget	1	343332
1716.745	0.8	NonTarget	1	343349
1716.83	0.8	NonTarget	1	343366
1716.91	0.8	NonTarget	1	343382
1716.995	0.8	NonTarget	1	343399
1717.08	0.8	NonTarget	1	343416
1717.16	0.8	NonTarget	1	343432
1717.245	0.8	NonTarget	1	343449
1717.33	0.8	NonTarget	1	343466
1717.41	0.8	NonTarget	1	343482
1726.41	0.8	NonTarget	1	345282
1726.49	0.8	NonTarget	1	345298
1726.575	0.8	NonTarget	1	345315
1726.66	0.8	NonTarget	1	345332
1726.745	0.8	NonTarget	1	345349
1726.825	0.8	NonTarget	1	345365
1726.91	0.8	Target	2	345382
1726.99	0.8	NonTarget	1	345398
1727.075	0.8	NonTarget	1	345415
1727.16	0.8	NonTarget	1	345432
1727.245	0.8	NonTarget	1	345449
1727.325	0.8	NonTarget	1	345465
1727.41	0.8	NonTarget	1	345482
1727.495	0.8	NonTarget	1	345499
1727.58	0.8	NonTarget	1	345516
1727.66	0.8	NonTarget	1	345532
1727.745	0.8	NonTarget	1	345549
1727.83	0.8	NonTarget	1	345566
1727.91	0.8	NonTarget	1	345582
1727.995	0.8	NonTarget	1	345599
1728.08	0.8	NonTarget	1	345616
1728.16	0.8	NonTarget	1	345632
1728.245	0.8	NonTarget	1	345649
1728.33	0.8	NonTarget	1	345666
1728.41	0.8	NonTarget	1	345682
1728.495	0.8	NonTarget	1	345699
1728.58	0.8	NonTarget	1	345716
1728.66	0.8	NonTarget	1	345732
1728.745	0.8	NonTarget	1	345749
1728.83	0.8	NonTarget	1	345766
1729.23	0.8	NonTarget	1	345846
1729.315	0.8	NonTarget	1	345863
1729.395	0.8	NonTarget	1	345879
1729.48	0.8	NonTarget	1	345896
1729.565	0.8	NonTarget	1	345913
1729.645	0.8	NonTarget	1	345929
1729.73	0.8	NonTarget	1	345946
1729.815	0.8	NonTarget	1	345963
1729.9	0.8	NonTarget	1	345980
1729.98	0.8	NonTarget	1	345996
1730.065	0.8	NonTarget	1	346013
1730.15	0.8	NonTarget	1	346030
1730.23	0.8	NonTarget	1	346046
1730.315	0.8	NonTarget	1	346063
1730.395	0.8	NonTarget	1	346079
1730.48	0.8	NonTarget	1	346096
1730.565	0.8	NonTarget	1	346113
1730.65	0.8	NonTarget	1	346130
1730.73	0.8	NonTarget	1	346146
1730.815	0.8	NonTarget	1	346163
1730.9	0.8	NonTarget	1	346180
1730.98	0.8	Target	2	346196
1731.065	0.8	NonTarget	1	346213
1731.15	0.8	NonTarget	1	346230
1731.235	0.8	NonTarget	1	346247
1731.315	0.8	NonTarget	1	346263
1731.4	0.8	NonTarget	1	346280
1731.485	0.8	NonTarget	1	346297
1731.565	0.8	NonTarget	1	346313
1731.65	0.8	NonTarget	1	346330
1732.05	0.8	NonTarget	1	346410
1732.135	0.8	NonTarget	1	346427
1732.22	0.8	NonTarget	1	346444
1732.3	0.8	NonTarget	1	346460
1732.385	0.8	NonTarget	1	346477
1732.47	0.8	NonTarget	1	346494
1732.55	0.8	NonTarget	1	346510
1732.635	0.8	NonTarget	1	346527
1732.72	0.8	NonTarget	1	346544
1732.8	0.8	NonTarget	1	346560
1732.885	0.8	NonTarget	1	346577
1732.97	0.8	NonTarget	1	346594
1733.055	0.8	NonTarget	1	346611
1733.135	0.8	NonTarget	1	346627
1733.22	0.8	NonTarget	1	346644
1733.305	0.8	NonTarget	1	346661
1733.385	0.8	Target	2	346677
1733.47	0.8	NonTarget	1	346694
1733.55	0.8	NonTarget	1	346710
1733.635	0.8	NonTarget	1	346727
1733.72	0.8	NonTarget	1	346744
1733.8	0.8	NonTarget	1	346760
1733.885	0.8	NonTarget	1	346777
1733.97	0.8	NonTarget	1	346794
1734.055	0.8	NonTarget	1	346811
1734.135	0.8	NonTarget	1	346827
1734.22	0.8	NonTarget	1	346844
1734.305	0.8	NonTarget	1	346861
1734.39	0.8	NonTarget	1	346878
1734.47	0.8	NonTarget	1	346894
1734.87	0.8	NonTarget	1	346974
1734.955	0.8	NonTarget	1	346991
1735.04	0.8	NonTarget	1	347008
1735.12	0.8	NonTarget	1	347024
1735.205	0.8	NonTarget	1	347041
1735.29	0.8	NonTarget	1	347058
1735.37	0.8	NonTarget	1	347074
1735.455	0.8	NonTarget	1	347091
1735.54	0.8	NonTarget	1	347108
1735.62	0.8	NonTarget	1	347124
1735.705	0.8	NonTarget	1	347141
1735.79	0.8	NonTarget	1	347158
1735.875	0.8	NonTarget	1	347175
1735.955	0.8	NonTarget	1	347191
1736.04	0.8	NonTarget	1	347208
1736.12	0.8	NonTarget	1	347224
1736.205	0.8	NonTarget	1	347241
1736.29	0.8	NonTarget	1	347258
1736.375	0.8	NonTarget	1	347275
1736.455	0.8	NonTarget	1	347291
1736.54	0.8	NonTarget	1	347308
1736.625	0.8	NonTarget	1	347325
1736.705	0.8	NonTarget	1	347341
1736.79	0.8	NonTarget	1	347358
1736.875	0.8	NonTarget	1	347375
1736.955	0.8	NonTarget	1	347391
1737.04	0.8	Target	2	347408
1737.125	0.8	NonTarget	1	347425
1737.205	0.8	NonTarget	1	347441
1737.29	0.8	NonTarget	1	347458
1737.69	0.8	NonTarget	1	347538
1737.775	0.8	NonTarget	1	347555
1737.86	0.8	NonTarget	1	347572
1737.945	0.8	NonTarget	1	347589
1738.025	0.8	NonTarget	1	347605
1738.11	0.8	NonTarget	1	347622
1738.19	0.8	Target	2	347638
1738.275	0.8	NonTarget	1	347655
1738.36	0.8	NonTarget	1	347672
1738.44	0.8	NonTarget	1	347688
1738.525	0.8	NonTarget	1	347705
1738.61	0.8	NonTarget	1	347722
1738.695	0.8	NonTarget	1	347739
1738.775	0.8	NonTarget	1	347755
1738.86	0.8	NonTarget	1	347772
1738.945	0.8	NonTarget	1	347789
1739.025	0.8	NonTarget	1	347805
1739.11	0.8	NonTarget	1	347822
1739.195	0.8	NonTarget	1	347839
1739.28	0.8	NonTarget	1	347856
1739.36	0.8	NonTarget	1	347872
1739.44	0.8	NonTarget	1	347888
1739.525	0.8	NonTarget	1	347905
1739.61	0.8	NonTarget	1	347922
1739.695	0.8	NonTarget	1	347939
1739.78	0.8	NonTarget	1	347956
1739.86	0.8	NonTarget	1	347972
1739.945	0.8	NonTarget	1	347989
1740.03	0.8	NonTarget	1	348006
1740.11	0.8	NonTarget	1	348022
1740.51	0.8	NonTarget	1	348102
1740.595	0.8	NonTarget	1	348119
1740.68	0.8	NonTarget	1	348136
1740.765	0.8	NonTarget	1	348153
1740.845	0.8	NonTarget	1	348169
1740.93	0.8	NonTarget	1	348186
1741.015	0.8	NonTarget	1	348203
1741.095	0.8	NonTarget	1	348219
1741.18	0.8	NonTarget	1	348236
1741.26	0.8	NonTarget	1	348252
1741.35	0.8	NonTarget	1	348270
1741.43	0.8	NonTarget	1	348286
1741.515	0.8	NonTarget	1	348303
1741.595	0.8	NonTarget	1	348319
1741.68	0.8	NonTarget	1	348336
1741.765	0.8	NonTarget	1	348353
1741.845	0.8	NonTarget	1	348369
1741.93	0.8	NonTarget	1	348386
1742.015	0.8	NonTarget	1	348403
1742.1	0.8	NonTarget	1	348420
1742.18	0.8	NonTarget	1	348436
1742.265	0.8	Target	2	348453
1742.35	0.8	NonTarget	1	348470
1742.43	0.8	NonTarget	1	348486
1742.515	0.8	NonTarget	1	348503
1742.6	0.8	NonTarget	1	348520
1742.68	0.8	NonTarget	1	348536
1742.765	0.8	NonTarget	1	348553
1742.85	0.8	NonTarget	1	348570
1742.93	0.8	NonTarget	1	348586
1743.335	0.8	NonTarget	1	348667
1743.415	0.8	NonTarget	1	348683
1743.5	0.8	NonTarget	1	348700
1743.585	0.8	NonTarget	1	348717
1743.665	0.8	NonTarget	1	348733
1743.75	0.8	NonTarget	1	348750
1743.835	0.8	Target	2	348767
1743.915	0.8	NonTarget	1	348783
1744.0	0.8	NonTarget	1	348800
1744.085	0.8	NonTarget	1	348817
1744.165	0.8	NonTarget	1	348833
1744.25	0.8	NonTarget	1	348850
1744.335	0.8	NonTarget	1	348867
1744.42	0.8	NonTarget	1	348884
1744.5	0.8	NonTarget	1	348900
1744.585	0.8	NonTarget	1	348917
1744.67	0.8	NonTarget	1	348934
1744.75	0.8	NonTarget	1	348950
1744.835	0.8	NonTarget	1	348967
1744.92	0.8	NonTarget	1	348984
1745.0	0.8	NonTarget	1	349000
1745.085	0.8	NonTarget	1	349017
1745.17	0.8	NonTarget	1	349034
1745.25	0.8	NonTarget	1	349050
1745.335	0.8	NonTarget	1	349067
1745.42	0.8	NonTarget	1	349084
1745.5	0.8	NonTarget	1	349100
1745.585	0.8	NonTarget	1	349117
1745.67	0.8	NonTarget	1	349134
1745.755	0.8	NonTarget	1	349151
1746.155	0.8	NonTarget	1	349231
1746.235	0.8	NonTarget	1	349247
1746.32	0.8	NonTarget	1	349264
1746.405	0.8	NonTarget	1	349281
1746.485	0.8	NonTarget	1	349297
1746.57	0.8	NonTarget	1	349314
1746.655	0.8	NonTarget	1	349331
1746.74	0.8	NonTarget	1	349348
1746.82	0.8	NonTarget	1	349364
1746.905	0.8	NonTarget	1	349381
1746.99	0.8	NonTarget	1	349398
1747.07	0.8	NonTarget	1	349414
1747.155	0.8	NonTarget	1	349431
1747.24	0.8	NonTarget	1	349448
1747.32	0.8	NonTarget	1	349464
1747.405	0.8	NonTarget	1	349481
1747.49	0.8	NonTarget	1	349498
1747.57	0.8	NonTarget	1	349514
1747.655	0.8	NonTarget	1	349531
1747.74	0.8	NonTarget	1	349548
1747.825	0.8	NonTarget	1	349565
1747.905	0.8	NonTarget	1	349581
1747.99	0.8	NonTarget	1	349598
1748.075	0.8	NonTarget	1	349615
1748.155	0.8	NonTarget	1	349631
1748.24	0.8	NonTarget	1	349648
1748.325	0.8	Target	2	349665
1748.405	0.8	NonTarget	1	349681
1748.49	0.8	NonTarget	1	349698
1748.575	0.8	NonTarget	1	349715
1748.975	0.8	NonTarget	1	349795
1749.06	0.8	NonTarget	1	349812
1749.14	0.8	NonTarget	1	349828
1749.225	0.8	NonTarget	1	349845
1749.31	0.8	NonTarget	1	349862
1749.39	0.8	NonTarget	1	349878
1749.475	0.8	NonTarget	1	349895
1749.56	0.8	NonTarget	1	349912
1749.645	0.8	NonTarget	1	349929
1749.725	0.8	NonTarget	1	349945
1749.81	0.8	NonTarget	1	349962
1749.895	0.8	NonTarget	1	349979
1749.975	0.8	NonTarget	1	349995
1750.06	0.8	NonTarget	1	350012
1750.145	0.8	NonTarget	1	350029
1750.225	0.8	NonTarget	1	350045
1750.31	0.8	NonTarget	1	350062
1750.395	0.8	NonTarget	1	350079
1750.475	0.8	NonTarget	1	350095
1750.56	0.8	NonTarget	1	350112
1750.645	0.8	NonTarget	1	350129
1750.725	0.8	NonTarget	1	350145
1750.81	0.8	NonTarget	1	350162
1750.895	0.8	NonTarget	1	350179
1750.975	0.8	NonTarget	1	350195
1751.06	0.8	NonTarget	1	350212
1751.145	0.8	Target	2	350229
1751.225	0.8	NonTarget	1	350245
1751.31	0.8	NonTarget	1	350262
1751.395	0.8	NonTarget	1	350279
1751.795	0.8	NonTarget	1	350359
1751.88	0.8	NonTarget	1	350376
1751.96	0.8	NonTarget	1	350392
1752.045	0.8	NonTarget	1	350409
1752.13	0.8	NonTarget	1	350426
1752.21	0.8	NonTarget	1	350442
1752.295	0.8	NonTarget	1	350459
1752.38	0.8	NonTarget	1	350476
1752.465	0.8	NonTarget	1	350493
1752.545	0.8	NonTarget	1	350509
1752.63	0.8	NonTarget	1	350526
1752.715	0.8	NonTarget	1	350543
1752.795	0.8	NonTarget	1	350559
1752.88	0.8	NonTarget	1	350576
1752.965	0.8	NonTarget	1	350593
1753.05	0.8	NonTarget	1	350610
1753.13	0.8	NonTarget	1	350626
1753.215	0.8	NonTarget	1	350643
1753.3	0.8	NonTarget	1	350660
1753.38	0.8	NonTarget	1	350676
1753.465	0.8	NonTarget	1	350693
1753.55	0.8	NonTarget	1	350710
1753.63	0.8	NonTarget	1	350726
1753.715	0.8	NonTarget	1	350743
1753.8	0.8	NonTarget	1	350760
1753.88	0.8	NonTarget	1	350776
1753.965	0.8	Target	2	350793
1754.045	0.8	NonTarget	1	350809
1754.13	0.8	NonTarget	1	350826
1754.215	0.8	NonTarget	1	350843
1763.215	0.8	NonTarget	1	352643
1763.295	0.8	NonTarget	1	352659
1763.38	0.8	NonTarget	1	352676
1763.465	0.8	NonTarget	1	352693
1763.545	0.8	NonTarget	1	352709
1763.63	0.8	NonTarget	1	352726
1763.71	0.8	NonTarget	1	352742
1763.795	0.8	NonTarget	1	352759
1763.88	0.8	NonTarget	1	352776
1763.96	0.8	NonTarget	1	352792
1764.045	0.8	NonTarget	1	352809
1764.13	0.8	NonTarget	1	352826
1764.215	0.8	NonTarget	1	352843
1764.295	0.8	NonTarget	1	352859
1764.38	0.8	NonTarget	1	352876
1764.465	0.8	NonTarget	1	352893
1764.545	0.8	NonTarget	1	352909
1764.63	0.8	Target	2	352926
1764.715	0.8	NonTarget	1	352943
1764.795	0.8	NonTarget	1	352959
1764.88	0.8	NonTarget	1	352976
1764.96	0.8	NonTarget	1	352992
1765.05	0.8	NonTarget	1	353010
1765.13	0.8	NonTarget	1	353026
1765.215	0.8	NonTarget	1	353043
1765.295	0.8	NonTarget	1	353059
1765.38	0.8	NonTarget	1	353076
1765.465	0.8	NonTarget	1	353093
1765.55	0.8	NonTarget	1	353110
1765.63	0.8	NonTarget	1	353126
1766.03	0.8	NonTarget	1	353206
1766.115	0.8	NonTarget	1	353223
1766.2	0.8	NonTarget	1	353240
1766.285	0.8	NonTarget	1	353257
1766.365	0.8	NonTarget	1	353273
1766.45	0.8	NonTarget	1	353290
1766.53	0.8	NonTarget	1	353306
1766.615	0.8	NonTarget	1	353323
1766.7	0.8	NonTarget	1	353340
1766.785	0.8	NonTarget	1	353357
1766.865	0.8	NonTarget	1	353373
1766.95	0.8	NonTarget	1	353390
1767.035	0.8	Target	2	353407
1767.115	0.8	NonTarget	1	353423
1767.2	0.8	NonTarget	1	353440
1767.28	0.8	NonTarget	1	353456
1767.365	0.8	NonTarget	1	353473
1767.45	0.8	NonTarget	1	353490
1767.535	0.8	NonTarget	1	353507
1767.615	0.8	NonTarget	1	353523
1767.7	0.8	NonTarget	1	353540
1767.785	0.8	NonTarget	1	353557
1767.865	0.8	NonTarget	1	353573
1767.95	0.8	NonTarget	1	353590
1768.035	0.8	NonTarget	1	353607
1768.12	0.8	NonTarget	1	353624
1768.2	0.8	NonTarget	1	353640
1768.285	0.8	NonTarget	1	353657
1768.37	0.8	NonTarget	1	353674
1768.45	0.8	NonTarget	1	353690
1768.855	0.8	NonTarget	1	353771
1768.935	0.8	NonTarget	1	353787
1769.02	0.8	NonTarget	1	353804
1769.105	0.8	NonTarget	1	353821
1769.185	0.8	NonTarget	1	353837
1769.27	0.8	NonTarget	1	353854
1769.355	0.8	NonTarget	1	353871
1769.435	0.8	NonTarget	1	353887
1769.52	0.8	NonTarget	1	353904
1769.605	0.8	NonTarget	1	353921
1769.685	0.8	NonTarget	1	353937
1769.77	0.8	NonTarget	1	353954
1769.855	0.8	Target	2	353971
1769.94	0.8	NonTarget	1	353988
1770.02	0.8	NonTarget	1	354004
1770.105	0.8	NonTarget	1	354021
1770.185	0.8	NonTarget	1	354037
1770.27	0.8	NonTarget	1	354054
1770.355	0.8	NonTarget	1	354071
1770.44	0.8	NonTarget	1	354088
1770.52	0.8	NonTarget	1	354104
1770.605	0.8	NonTarget	1	354121
1770.69	0.8	NonTarget	1	354138
1770.77	0.8	NonTarget	1	354154
1770.855	0.8	NonTarget	1	354171
1770.94	0.8	NonTarget	1	354188
1771.025	0.8	NonTarget	1	354205
1771.105	0.8	NonTarget	1	354221
1771.19	0.8	NonTarget	1	354238
1771.27	0.8	NonTarget	1	354254
1771.675	0.8	NonTarget	1	354335
1771.755	0.8	NonTarget	1	354351
1771.84	0.8	NonTarget	1	354368
1771.925	0.8	NonTarget	1	354385
1772.005	0.8	NonTarget	1	354401
1772.09	0.8	NonTarget	1	354418
1772.175	0.8	NonTarget	1	354435
1772.255	0.8	NonTarget	1	354451
1772.34	0.8	NonTarget	1	354468
1772.425	0.8	NonTarget	1	354485
1772.505	0.8	NonTarget	1	354501
1772.59	0.8	NonTarget	1	354518
1772.675	0.8	Target	2	354535
1772.76	0.8	NonTarget	1	354552
1772.84	0.8	NonTarget	1	354568
1772.925	0.8	NonTarget	1	354585
1773.01	0.8	NonTarget	1	354602
1773.095	0.8	NonTarget	1	354619
1773.175	0.8	NonTarget	1	354635
1773.26	0.8	NonTarget	1	354652
1773.34	0.8	NonTarget	1	354668
1773.425	0.8	NonTarget	1	354685
1773.51	0.8	NonTarget	1	354702
1773.595	0.8	NonTarget	1	354719
1773.675	0.8	NonTarget	1	354735
1773.76	0.8	NonTarget	1	354752
1773.845	0.8	NonTarget	1	354769
1773.925	0.8	NonTarget	1	354785
1774.01	0.8	NonTarget	1	354802
1774.095	0.8	NonTarget	1	354819
1774.495	0.8	NonTarget	1	354899
1774.58	0.8	NonTarget	1	354916
1774.66	0.8	NonTarget	1	354932
1774.745	0.8	NonTarget	1	354949
1774.825	0.8	NonTarget	1	354965
1774.91	0.8	NonTarget	1	354982
1774.995	0.8	NonTarget	1	354999
1775.08	0.8	NonTarget	1	355016
1775.16	0.8	NonTarget	1	355032
1775.245	0.8	NonTarget	1	355049
1775.33	0.8	NonTarget	1	355066
1775.41	0.8	NonTarget	1	355082
1775.495	0.8	NonTarget	1	355099
1775.58	0.8	NonTarget	1	355116
1775.66	0.8	NonTarget	1	355132
1775.745	0.8	NonTarget	1	355149
1775.83	0.8	NonTarget	1	355166
1775.915	0.8	NonTarget	1	355183
1775.995	0.8	NonTarget	1	355199
1776.08	0.8	NonTarget	1	355216
1776.16	0.8	NonTarget	1	355232
1776.245	0.8	NonTarget	1	355249
1776.33	0.8	Target	2	355266
1776.415	0.8	NonTarget	1	355283
1776.495	0.8	NonTarget	1	355299
1776.58	0.8	NonTarget	1	355316
1776.665	0.8	NonTarget	1	355333
1776.745	0.8	NonTarget	1	355349
1776.83	0.8	NonTarget	1	355366
1776.915	0.8	NonTarget	1	355383
1777.315	0.8	NonTarget	1	355463
1777.4	0.8	NonTarget	1	355480
1777.485	0.8	NonTarget	1	355497
1777.565	0.8	NonTarget	1	355513
1777.65	0.8	NonTarget	1	355530
1777.73	0.8	NonTarget	1	355546
1777.815	0.8	NonTarget	1	355563
1777.9	0.8	NonTarget	1	355580
1777.985	0.8	NonTarget	1	355597
1778.065	0.8	NonTarget	1	355613
1778.15	0.8	NonTarget	1	355630
1778.23	0.8	NonTarget	1	355646
1778.315	0.8	NonTarget	1	355663
1778.4	0.8	NonTarget	1	355680
1778.48	0.8	NonTarget	1	355696
1778.565	0.8	NonTarget	1	355713
1778.65	0.8	NonTarget	1	355730
1778.735	0.8	Target	2	355747
1778.815	0.8	NonTarget	1	355763
1778.9	0.8	NonTarget	1	355780
1778.985	0.8	NonTarget	1	355797
1779.065	0.8	NonTarget	1	355813
1779.15	0.8	NonTarget	1	355830
1779.235	0.8	NonTarget	1	355847
1779.315	0.8	NonTarget	1	355863
1779.4	0.8	NonTarget	1	355880
1779.485	0.8	NonTarget	1	355897
1779.565	0.8	NonTarget	1	355913
1779.65	0.8	NonTarget	1	355930
1779.735	0.8	NonTarget	1	355947
1780.135	0.8	NonTarget	1	356027
1780.22	0.8	NonTarget	1	356044
1780.3	0.8	NonTarget	1	356060
1780.385	0.8	NonTarget	1	356077
1780.47	0.8	NonTarget	1	356094
1780.555	0.8	NonTarget	1	356111
1780.635	0.8	NonTarget	1	356127
1780.72	0.8	NonTarget	1	356144
1780.805	0.8	NonTarget	1	356161
1780.885	0.8	NonTarget	1	356177
1780.97	0.8	NonTarget	1	356194
1781.055	0.8	NonTarget	1	356211
1781.135	0.8	NonTarget	1	356227
1781.22	0.8	NonTarget	1	356244
1781.305	0.8	NonTarget	1	356261
1781.385	0.8	NonTarget	1	356277
1781.47	0.8	NonTarget	1	356294
1781.555	0.8	NonTarget	1	356311
1781.635	0.8	NonTarget	1	356327
1781.72	0.8	NonTarget	1	356344
1781.805	0.8	NonTarget	1	356361
1781.89	0.8	NonTarget	1	356378
1781.97	0.8	Target	2	356394
1782.055	0.8	NonTarget	1	356411
1782.14	0.8	NonTarget	1	356428
1782.22	0.8	NonTarget	1	356444
1782.305	0.8	NonTarget	1	356461
1782.385	0.8	NonTarget	1	356477
1782.47	0.8	NonTarget	1	356494
1782.555	0.8	NonTarget	1	356511
1782.96	0.8	NonTarget	1	356592
1783.04	0.8	NonTarget	1	356608
1783.125	0.8	NonTarget	1	356625
1783.205	0.8	NonTarget	1	356641
1783.29	0.8	NonTarget	1	356658
1783.375	0.8	NonTarget	1	356675
1783.455	0.8	NonTarget	1	356691
1783.54	0.8	NonTarget	1	356708
1783.625	0.8	NonTarget	1	356725
1783.705	0.8	NonTarget	1	356741
1783.79	0.8	NonTarget	1	356758
1783.875	0.8	NonTarget	1	356775
1783.955	0.8	NonTarget	1	356791
1784.04	0.8	NonTarget	1	356808
1784.125	0.8	NonTarget	1	356825
1784.205	0.8	NonTarget	1	356841
1784.29	0.8	NonTarget	1	356858
1784.375	0.8	Target	2	356875
1784.46	0.8	NonTarget	1	356892
1784.54	0.8	NonTarget	1	356908
1784.625	0.8	NonTarget	1	356925
1784.71	0.8	NonTarget	1	356942
1784.79	0.8	NonTarget	1	356958
1784.875	0.8	NonTarget	1	356975
1784.96	0.8	NonTarget	1	356992
1785.04	0.8	NonTarget	1	357008
1785.125	0.8	NonTarget	1	357025
1785.21	0.8	NonTarget	1	357042
1785.29	0.8	NonTarget	1	357058
1785.375	0.8	NonTarget	1	357075
1785.775	0.8	NonTarget	1	357155
1785.86	0.8	NonTarget	1	357172
1785.945	0.8	Target	2	357189
1786.025	0.8	NonTarget	1	357205
1786.11	0.8	NonTarget	1	357222
1786.195	0.8	NonTarget	1	357239
1786.275	0.8	NonTarget	1	357255
1786.36	0.8	NonTarget	1	357272
1786.445	0.8	NonTarget	1	357289
1786.525	0.8	NonTarget	1	357305
1786.61	0.8	NonTarget	1	357322
1786.695	0.8	NonTarget	1	357339
1786.78	0.8	NonTarget	1	357356
1786.86	0.8	NonTarget	1	357372
1786.945	0.8	NonTarget	1	357389
1787.03	0.8	NonTarget	1	357406
1787.11	0.8	NonTarget	1	357422
1787.195	0.8	NonTarget	1	357439
1787.28	0.8	NonTarget	1	357456
1787.36	0.8	NonTarget	1	357472
1787.445	0.8	NonTarget	1	357489
1787.53	0.8	NonTarget	1	357506
1787.61	0.8	NonTarget	1	357522
1787.695	0.8	NonTarget	1	357539
1787.78	0.8	NonTarget	1	357556
1787.865	0.8	NonTarget	1	357573
1787.945	0.8	NonTarget	1	357589
1788.03	0.8	NonTarget	1	357606
1788.115	0.8	NonTarget	1	357623
1788.195	0.8	NonTarget	1	357639
1788.595	0.8	NonTarget	1	357719
1788.68	0.8	NonTarget	1	357736
1788.765	0.8	NonTarget	1	357753
1788.845	0.8	NonTarget	1	357769
1788.93	0.8	NonTarget	1	357786
1789.015	0.8	NonTarget	1	357803
1789.095	0.8	NonTarget	1	357819
1789.18	0.8	Target	2	357836
1789.265	0.8	NonTarget	1	357853
1789.35	0.8	NonTarget	1	357870
1789.435	0.8	NonTarget	1	357887
1789.515	0.8	NonTarget	1	357903
1789.6	0.8	NonTarget	1	357920
1789.68	0.8	NonTarget	1	357936
1789.765	0.8	NonTarget	1	357953
1789.85	0.8	NonTarget	1	357970
1789.935	0.8	NonTarget	1	357987
1790.015	0.8	NonTarget	1	358003
1790.1	0.8	NonTarget	1	358020
1790.185	0.8	NonTarget	1	358037
1790.265	0.8	NonTarget	1	358053
1790.35	0.8	NonTarget	1	358070
1790.43	0.8	NonTarget	1	358086
1790.515	0.8	NonTarget	1	358103
1790.6	0.8	NonTarget	1	358120
1790.685	0.8	NonTarget	1	358137
1790.765	0.8	NonTarget	1	358153
1790.85	0.8	NonTarget	1	358170
1790.935	0.8	NonTarget	1	358187
1791.02	0.8	NonTarget	1	358204
1800.07	0.8	NonTarget	1	360014
1800.145	0.8	NonTarget	1	360029
1800.23	0.8	NonTarget	1	360046
1800.315	0.8	NonTarget	1	360063
1800.395	0.8	NonTarget	1	360079
1800.48	0.8	Target	2	360096
1800.565	0.8	NonTarget	1	360113
1800.65	0.8	NonTarget	1	360130
1800.73	0.8	NonTarget	1	360146
1800.815	0.8	NonTarget	1	360163
1800.9	0.8	NonTarget	1	360180
1800.98	0.8	NonTarget	1	360196
1801.065	0.8	NonTarget	1	360213
1801.15	0.8	NonTarget	1	360230
1801.23	0.8	NonTarget	1	360246
1801.315	0.8	NonTarget	1	360263
1801.4	0.8	NonTarget	1	360280
1801.48	0.8	NonTarget	1	360296
1801.565	0.8	NonTarget	1	360313
1801.65	0.8	NonTarget	1	360330
1801.73	0.8	NonTarget	1	360346
1801.815	0.8	NonTarget	1	360363
1801.9	0.8	NonTarget	1	360380
1801.985	0.8	NonTarget	1	360397
1802.065	0.8	NonTarget	1	360413
1802.15	0.8	NonTarget	1	360430
1802.23	0.8	NonTarget	1	360446
1802.315	0.8	NonTarget	1	360463
1802.4	0.8	NonTarget	1	360480
1802.485	0.8	NonTarget	1	360497
1802.885	0.8	NonTarget	1	360577
1802.97	0.8	NonTarget	1	360594
1803.05	0.8	NonTarget	1	360610
1803.135	0.8	NonTarget	1	360627
1803.22	0.8	NonTarget	1	360644
1803.3	0.8	NonTarget	1	360660
1803.385	0.8	NonTarget	1	360677
1803.47	0.8	NonTarget	1	360694
1803.55	0.8	NonTarget	1	360710
1803.635	0.8	NonTarget	1	360727
1803.72	0.8	NonTarget	1	360744
1803.8	0.8	NonTarget	1	360760
1803.885	0.8	NonTarget	1	360777
1803.97	0.8	NonTarget	1	360794
1804.05	0.8	NonTarget	1	360810
1804.135	0.8	Target	2	360827
1804.22	0.8	NonTarget	1	360844
1804.305	0.8	NonTarget	1	360861
1804.385	0.8	NonTarget	1	360877
1804.47	0.8	NonTarget	1	360894
1804.555	0.8	NonTarget	1	360911
1804.635	0.8	NonTarget	1	360927
1804.72	0.8	NonTarget	1	360944
1804.805	0.8	NonTarget	1	360961
1804.885	0.8	NonTarget	1	360977
1804.97	0.8	NonTarget	1	360994
1805.055	0.8	NonTarget	1	361011
1805.135	0.8	NonTarget	1	361027
1805.22	0.8	NonTarget	1	361044
1805.305	0.8	NonTarget	1	361061
1805.705	0.8	NonTarget	1	361141
1805.79	0.8	NonTarget	1	361158
1805.87	0.8	NonTarget	1	361174
1805.955	0.8	NonTarget	1	361191
1806.04	0.8	NonTarget	1	361208
1806.12	0.8	NonTarget	1	361224
1806.205	0.8	NonTarget	1	361241
1806.29	0.8	NonTarget	1	361258
1806.37	0.8	NonTarget	1	361274
1806.455	0.8	NonTarget	1	361291
1806.54	0.8	NonTarget	1	361308
1806.625	0.8	NonTarget	1	361325
1806.705	0.8	NonTarget	1	361341
1806.79	0.8	NonTarget	1	361358
1806.875	0.8	NonTarget	1	361375
1806.955	0.8	Target	2	361391
1807.04	0.8	NonTarget	1	361408
1807.125	0.8	NonTarget	1	361425
1807.205	0.8	NonTarget	1	361441
1807.29	0.8	NonTarget	1	361458
1807.375	0.8	NonTarget	1	361475
1807.455	0.8	NonTarget	1	361491
1807.54	0.8	NonTarget	1	361508
1807.625	0.8	NonTarget	1	361525
1807.705	0.8	NonTarget	1	361541
1807.79	0.8	NonTarget	1	361558
1807.875	0.8	NonTarget	1	361575
1807.96	0.8	NonTarget	1	361592
1808.04	0.8	NonTarget	1	361608
1808.125	0.8	NonTarget	1	361625
1808.525	0.8	NonTarget	1	361705
1808.61	0.8	NonTarget	1	361722
1808.69	0.8	NonTarget	1	361738
1808.775	0.8	NonTarget	1	361755
1808.86	0.8	NonTarget	1	361772
1808.94	0.8	NonTarget	1	361788
1809.025	0.8	NonTarget	1	361805
1809.11	0.8	NonTarget	1	361822
1809.195	0.8	NonTarget	1	361839
1809.275	0.8	NonTarget	1	361855
1809.36	0.8	NonTarget	1	361872
1809.445	0.8	NonTarget	1	361889
1809.53	0.8	NonTarget	1	361906
1809.61	0.8	NonTarget	1	361922
1809.695	0.8	NonTarget	1	361939
1809.775	0.8	NonTarget	1	361955
1809.86	0.8	NonTarget	1	361972
1809.945	0.8	NonTarget	1	361989
1810.03	0.8	NonTarget	1	362006
1810.11	0.8	NonTarget	1	362022
1810.195	0.8	NonTarget	1	362039
1810.28	0.8	NonTarget	1	362056
1810.36	0.8	NonTarget	1	362072
1810.445	0.8	NonTarget	1	362089
1810.53	0.8	NonTarget	1	362106
1810.61	0.8	Target	2	362122
1810.695	0.8	NonTarget	1	362139
1810.78	0.8	NonTarget	1	362156
1810.86	0.8	NonTarget	1	362172
1810.945	0.8	NonTarget	1	362189
1811.345	0.8	NonTarget	1	362269
1811.43	0.8	NonTarget	1	362286
1811.51	0.8	NonTarget	1	362302
1811.6	0.8	NonTarget	1	362320
1811.68	0.8	NonTarget	1	362336
1811.765	0.8	NonTarget	1	362353
1811.845	0.8	NonTarget	1	362369
1811.93	0.8	NonTarget	1	362386
1812.015	0.8	NonTarget	1	362403
1812.095	0.8	NonTarget	1	362419
1812.18	0.8	NonTarget	1	362436
1812.265	0.8	NonTarget	1	362453
1812.35	0.8	NonTarget	1	362470
1812.43	0.8	NonTarget	1	362486
1812.515	0.8	NonTarget	1	362503
1812.595	0.8	Target	2	362519
1812.68	0.8	NonTarget	1	362536
1812.765	0.8	NonTarget	1	362553
1812.85	0.8	NonTarget	1	362570
1812.93	0.8	NonTarget	1	362586
1813.015	0.8	NonTarget	1	362603
1813.1	0.8	NonTarget	1	362620
1813.185	0.8	NonTarget	1	362637
1813.265	0.8	NonTarget	1	362653
1813.35	0.8	NonTarget	1	362670
1813.435	0.8	NonTarget	1	362687
1813.515	0.8	NonTarget	1	362703
1813.6	0.8	NonTarget	1	362720
1813.685	0.8	NonTarget	1	362737
1813.765	0.8	NonTarget	1	362753
1814.165	0.8	NonTarget	1	362833
1814.25	0.8	NonTarget	1	362850
1814.335	0.8	NonTarget	1	362867
1814.415	0.8	NonTarget	1	362883
1814.5	0.8	NonTarget	1	362900
1814.585	0.8	NonTarget	1	362917
1814.665	0.8	NonTarget	1	362933
1814.75	0.8	NonTarget	1	362950
1814.835	0.8	NonTarget	1	362967
1814.915	0.8	NonTarget	1	362983
1815.0	0.8	Target	2	363000
1815.085	0.8	NonTarget	1	363017
1815.17	0.8	NonTarget	1	363034
1815.255	0.8	NonTarget	1	363051
1815.335	0.8	NonTarget	1	363067
1815.42	0.8	NonTarget	1	363084
1815.5	0.8	NonTarget	1	363100
1815.585	0.8	NonTarget	1	363117
1815.67	0.8	NonTarget	1	363134
1815.75	0.8	NonTarget	1	363150
1815.835	0.8	NonTarget	1	363167
1815.92	0.8	NonTarget	1	363184
1816.005	0.8	NonTarget	1	363201
1816.085	0.8	NonTarget	1	363217
1816.17	0.8	NonTarget	1	363234
1816.25	0.8	NonTarget	1	363250
1816.335	0.8	NonTarget	1	363267
1816.42	0.8	NonTarget	1	363284
1816.505	0.8	NonTarget	1	363301
1816.59	0.8	NonTarget	1	363318
1816.985	0.8	NonTarget	1	363397
1817.07	0.8	NonTarget	1	363414
1817.155	0.8	NonTarget	1	363431
1817.24	0.8	NonTarget	1	363448
1817.32	0.8	NonTarget	1	363464
1817.405	0.8	NonTarget	1	363481
1817.49	0.8	NonTarget	1	363498
1817.57	0.8	NonTarget	1	363514
1817.655	0.8	NonTarget	1	363531
1817.74	0.8	NonTarget	1	363548
1817.82	0.8	NonTarget	1	363564
1817.905	0.8	NonTarget	1	363581
1817.985	0.8	NonTarget	1	363597
1818.075	0.8	NonTarget	1	363615
1818.155	0.8	NonTarget	1	363631
1818.24	0.8	Target	2	363648
1818.32	0.8	NonTarget	1	363664
1818.405	0.8	NonTarget	1	363681
1818.49	0.8	NonTarget	1	363698
1818.57	0.8	NonTarget	1	363714
1818.655	0.8	NonTarget	1	363731
1818.74	0.8	NonTarget	1	363748
1818.825	0.8	NonTarget	1	363765
1818.905	0.8	NonTarget	1	363781
1818.99	0.8	NonTarget	1	363798
1819.07	0.8	NonTarget	1	363814
1819.155	0.8	NonTarget	1	363831
1819.24	0.8	NonTarget	1	363848
1819.325	0.8	NonTarget	1	363865
1819.405	0.8	NonTarget	1	363881
1819.805	0.8	NonTarget	1	363961
1819.89	0.8	NonTarget	1	363978
1819.975	0.8	NonTarget	1	363995
1820.06	0.8	NonTarget	1	364012
1820.14	0.8	NonTarget	1	364028
1820.225	0.8	Target	2	364045
1820.31	0.8	NonTarget	1	364062
1820.39	0.8	NonTarget	1	364078
1820.475	0.8	NonTarget	1	364095
1820.56	0.8	NonTarget	1	364112
1820.645	0.8	NonTarget	1	364129
1820.725	0.8	NonTarget	1	364145
1820.81	0.8	NonTarget	1	364162
1820.895	0.8	NonTarget	1	364179
1820.975	0.8	NonTarget	1	364195
1821.06	0.8	NonTarget	1	364212
1821.145	0.8	NonTarget	1	364229
1821.225	0.8	NonTarget	1	364245
1821.31	0.8	NonTarget	1	364262
1821.395	0.8	NonTarget	1	364279
1821.475	0.8	NonTarget	1	364295
1821.56	0.8	NonTarget	1	364312
1821.645	0.8	NonTarget	1	364329
1821.725	0.8	NonTarget	1	364345
1821.81	0.8	NonTarget	1	364362
1821.895	0.8	NonTarget	1	364379
1821.98	0.8	NonTarget	1	364396
1822.06	0.8	NonTarget	1	364412
1822.145	0.8	NonTarget	1	364429
1822.23	0.8	NonTarget	1	364446
1822.625	0.8	NonTarget	1	364525
1822.715	0.8	NonTarget	1	364543
1822.795	0.8	NonTarget	1	364559
1822.88	0.8	NonTarget	1	364576
1822.965	0.8	NonTarget	1	364593
1823.045	0.8	NonTarget	1	364609
1823.13	0.8	NonTarget	1	364626
1823.21	0.8	NonTarget	1	364642
1823.295	0.8	NonTarget	1	364659
1823.38	0.8	NonTarget	1	364676
1823.465	0.8	NonTarget	1	364693
1823.545	0.8	NonTarget	1	364709
1823.63	0.8	NonTarget	1	364726
1823.715	0.8	NonTarget	1	364743
1823.795	0.8	NonTarget	1	364759
1823.88	0.8	NonTarget	1	364776
1823.965	0.8	NonTarget	1	364793
1824.05	0.8	NonTarget	1	364810
1824.13	0.8	NonTarget	1	364826
1824.215	0.8	NonTarget	1	364843
1824.3	0.8	Target	2	364860
1824.38	0.8	NonTarget	1	364876
1824.465	0.8	NonTarget	1	364893
1824.55	0.8	NonTarget	1	364910
1824.63	0.8	NonTarget	1	364926
1824.715	0.8	NonTarget	1	364943
1824.8	0.8	NonTarget	1	364960
1824.88	0.8	NonTarget	1	364976
1824.965	0.8	NonTarget	1	364993
1825.05	0.8	NonTarget	1	365010
1825.45	0.8	Target	2	365090
1825.535	0.8	NonTarget	1	365107
1825.615	0.8	NonTarget	1	365123
1825.7	0.8	NonTarget	1	365140
1825.785	0.8	NonTarget	1	365157
1825.865	0.8	NonTarget	1	365173
1825.95	0.8	NonTarget	1	365190
1826.035	0.8	NonTarget	1	365207
1826.115	0.8	NonTarget	1	365223
1826.2	0.8	NonTarget	1	365240
1826.285	0.8	NonTarget	1	365257
1826.365	0.8	NonTarget	1	365273
1826.45	0.8	NonTarget	1	365290
1826.535	0.8	NonTarget	1	365307
1826.62	0.8	NonTarget	1	365324
1826.7	0.8	NonTarget	1	365340
1826.785	0.8	NonTarget	1	365357
1826.865	0.8	NonTarget	1	365373
1826.95	0.8	NonTarget	1	365390
1827.035	0.8	NonTarget	1	365407
1827.12	0.8	NonTarget	1	365424
1827.2	0.8	NonTarget	1	365440
1827.285	0.8	NonTarget	1	365457
1827.37	0.8	NonTarget	1	365474
1827.455	0.8	NonTarget	1	365491
1827.535	0.8	NonTarget	1	365507
1827.615	0.8	NonTarget	1	365523
1827.705	0.8	NonTarget	1	365541
1827.785	0.8	NonTarget	1	365557
1827.87	0.8	NonTarget	1	365574
1836.9	0.8	NonTarget	1	367380
1836.98	0.8	NonTarget	1	367396
1837.065	0.8	NonTarget	1	367413
1837.15	0.8	NonTarget	1	367430
1837.23	0.8	NonTarget	1	367446
1837.315	0.8	NonTarget	1	367463
1837.4	0.8	NonTarget	1	367480
1837.485	0.8	Target	2	367497
1837.565	0.8	NonTarget	1	367513
1837.65	0.8	NonTarget	1	367530
1837.735	0.8	NonTarget	1	367547
1837.815	0.8	NonTarget	1	367563
1837.9	0.8	NonTarget	1	367580
1837.985	0.8	NonTarget	1	367597
1838.065	0.8	NonTarget	1	367613
1838.15	0.8	NonTarget	1	367630
1838.235	0.8	NonTarget	1	367647
1838.315	0.8	NonTarget	1	367663
1838.4	0.8	NonTarget	1	367680
1838.485	0.8	NonTarget	1	367697
1838.565	0.8	NonTarget	1	367713
1838.65	0.8	NonTarget	1	367730
1838.735	0.8	NonTarget	1	367747
1838.82	0.8	NonTarget	1	367764
1838.905	0.8	NonTarget	1	367781
1838.985	0.8	NonTarget	1	367797
1839.07	0.8	NonTarget	1	367814
1839.155	0.8	NonTarget	1	367831
1839.235	0.8	NonTarget	1	367847
1839.315	0.8	NonTarget	1	367863
1839.72	0.8	NonTarget	1	367944
1839.805	0.8	NonTarget	1	367961
1839.885	0.8	Target	2	367977
1839.97	0.8	NonTarget	1	367994
1840.055	0.8	NonTarget	1	368011
1840.14	0.8	NonTarget	1	368028
1840.22	0.8	NonTarget	1	368044
1840.305	0.8	NonTarget	1	368061
1840.39	0.8	NonTarget	1	368078
1840.47	0.8	NonTarget	1	368094
1840.555	0.8	NonTarget	1	368111
1840.635	0.8	NonTarget	1	368127
1840.72	0.8	NonTarget	1	368144
1840.805	0.8	NonTarget	1	368161
1840.885	0.8	NonTarget	1	368177
1840.97	0.8	NonTarget	1	368194
1841.055	0.8	NonTarget	1	368211
1841.14	0.8	NonTarget	1	368228
1841.22	0.8	NonTarget	1	368244
1841.305	0.8	NonTarget	1	368261
1841.39	0.8	NonTarget	1	368278
1841.47	0.8	NonTarget	1	368294
1841.555	0.8	NonTarget	1	368311
1841.64	0.8	NonTarget	1	368328
1841.725	0.8	NonTarget	1	368345
1841.805	0.8	NonTarget	1	368361
1841.89	0.8	NonTarget	1	368378
1841.975	0.8	NonTarget	1	368395
1842.055	0.8	NonTarget	1	368411
1842.14	0.8	NonTarget	1	368428
1842.54	0.8	NonTarget	1	368508
1842.625	0.8	NonTarget	1	368525
1842.705	0.8	NonTarget	1	368541
1842.79	0.8	NonTarget	1	368558
1842.875	0.8	NonTarget	1	368575
1842.96	0.8	NonTarget	1	368592
1843.04	0.8	NonTarget	1	368608
1843.125	0.8	Target	2	368625
1843.21	0.8	NonTarget	1	368642
1843.295	0.8	NonTarget	1	368659
1843.375	0.8	NonTarget	1	368675
1843.46	0.8	NonTarget	1	368692
1843.54	0.8	NonTarget	1	368708
1843.625	0.8	NonTarget	1	368725
1843.71	0.8	NonTarget	1	368742
1843.79	0.8	NonTarget	1	368758
1843.875	0.8	NonTarget	1	368775
1843.96	0.8	NonTarget	1	368792
1844.04	0.8	NonTarget	1	368808
1844.125	0.8	NonTarget	1	368825
1844.21	0.8	NonTarget	1	368842
1844.295	0.8	NonTarget	1	368859
1844.375	0.8	NonTarget	1	368875
1844.46	0.8	NonTarget	1	368892
1844.545	0.8	NonTarget	1	368909
1844.625	0.8	NonTarget	1	368925
1844.71	0.8	NonTarget	1	368942
1844.795	0.8	NonTarget	1	368959
1844.875	0.8	NonTarget	1	368975
1844.96	0.8	NonTarget	1	368992
1845.36	0.8	NonTarget	1	369072
1845.445	0.8	NonTarget	1	369089
1845.53	0.8	NonTarget	1	369106
1845.61	0.8	NonTarget	1	369122
1845.695	0.8	NonTarget	1	369139
1845.78	0.8	NonTarget	1	369156
1845.86	0.8	NonTarget	1	369172
1845.945	0.8	NonTarget	1	369189
1846.03	0.8	NonTarget	1	369206
1846.11	0.8	NonTarget	1	369222
1846.195	0.8	NonTarget	1	369239
1846.28	0.8	NonTarget	1	369256
1846.36	0.8	NonTarget	1	369272
1846.445	0.8	NonTarget	1	369289
1846.53	0.8	NonTarget	1	369306
1846.615	0.8	NonTarget	1	369323
1846.695	0.8	NonTarget	1	369339
1846.78	0.8	Target	2	369356
1846.865	0.8	NonTarget	1	369373
1846.945	0.8	NonTarget	1	369389
1847.03	0.8	NonTarget	1	369406
1847.115	0.8	NonTarget	1	369423
1847.195	0.8	NonTarget	1	369439
1847.28	0.8	NonTarget	1	369456
1847.365	0.8	NonTarget	1	369473
1847.445	0.8	NonTarget	1	369489
1847.53	0.8	NonTarget	1	369506
1847.615	0.8	NonTarget	1	369523
1847.695	0.8	NonTarget	1	369539
1847.78	0.8	NonTarget	1	369556
1848.18	0.8	NonTarget	1	369636
1848.265	0.8	NonTarget	1	369653
1848.35	0.8	NonTarget	1	369670
1848.43	0.8	NonTarget	1	369686
1848.515	0.8	NonTarget	1	369703
1848.6	0.8	NonTarget	1	369720
1848.68	0.8	NonTarget	1	369736
1848.765	0.8	NonTarget	1	369753
1848.85	0.8	NonTarget	1	369770
1848.93	0.8	NonTarget	1	369786
1849.015	0.8	NonTarget	1	369803
1849.1	0.8	NonTarget	1	369820
1849.18	0.8	NonTarget	1	369836
1849.265	0.8	NonTarget	1	369853
1849.35	0.8	NonTarget	1	369870
1849.435	0.8	NonTarget	1	369887
1849.515	0.8	NonTarget	1	369903
1849.6	0.8	Target	2	369920
1849.685	0.8	NonTarget	1	369937
1849.765	0.8	NonTarget	1	369953
1849.85	0.8	NonTarget	1	369970
1849.935	0.8	NonTarget	1	369987
1850.02	0.8	NonTarget	1	370004
1850.1	0.8	NonTarget	1	370020
1850.185	0.8	NonTarget	1	370037
1850.265	0.8	NonTarget	1	370053
1850.35	0.8	NonTarget	1	370070
1850.435	0.8	NonTarget	1	370087
1850.52	0.8	NonTarget	1	370104
1850.6	0.8	NonTarget	1	370120
1851.0	0.8	NonTarget	1	370200
1851.085	0.8	NonTarget	1	370217
1851.17	0.8	NonTarget	1	370234
1851.255	0.8	NonTarget	1	370251
1851.335	0.8	NonTarget	1	370267
1851.42	0.8	NonTarget	1	370284
1851.5	0.8	NonTarget	1	370300
1851.585	0.8	NonTarget	1	370317
1851.67	0.8	NonTarget	1	370334
1851.755	0.8	NonTarget	1	370351
1851.835	0.8	NonTarget	1	370367
1851.92	0.8	NonTarget	1	370384
1852.005	0.8	NonTarget	1	370401
1852.09	0.8	NonTarget	1	370418
1852.17	0.8	NonTarget	1	370434
1852.255	0.8	NonTarget	1	370451
1852.335	0.8	NonTarget	1	370467
1852.42	0.8	Target	2	370484
1852.505	0.8	NonTarget	1	370501
1852.59	0.8	NonTarget	1	370518
1852.67	0.8	NonTarget	1	370534
1852.755	0.8	NonTarget	1	370551
1852.84	0.8	NonTarget	1	370568
1852.92	0.8	NonTarget	1	370584
1853.005	0.8	NonTarget	1	370601
1853.09	0.8	NonTarget	1	370618
1853.17	0.8	NonTarget	1	370634
1853.255	0.8	NonTarget	1	370651
1853.34	0.8	NonTarget	1	370668
1853.42	0.8	NonTarget	1	370684
1853.825	0.8	NonTarget	1	370765
1853.905	0.8	NonTarget	1	370781
1853.99	0.8	NonTarget	1	370798
1854.075	0.8	NonTarget	1	370815
1854.155	0.8	NonTarget	1	370831
1854.24	0.8	NonTarget	1	370848
1854.325	0.8	NonTarget	1	370865
1854.405	0.8	NonTarget	1	370881
1854.49	0.8	NonTarget	1	370898
1854.575	0.8	NonTarget	1	370915
1854.655	0.8	NonTarget	1	370931
1854.74	0.8	NonTarget	1	370948
1854.825	0.8	NonTarget	1	370965
1854.91	0.8	NonTarget	1	370982
1854.99	0.8	NonTarget	1	370998
1855.075	0.8	NonTarget	1	371015
1855.16	0.8	NonTarget	1	371032
1855.24	0.8	NonTarget	1	371048
1855.325	0.8	NonTarget	1	371065
1855.41	0.8	NonTarget	1	371082
1855.49	0.8	NonTarget	1	371098
1855.575	0.8	NonTarget	1	371115
1855.66	0.8	NonTarget	1	371132
1855.745	0.8	NonTarget	1	371149
1855.825	0.8	NonTarget	1	371165
1855.91	0.8	NonTarget	1	371182
1855.99	0.8	NonTarget	1	371198
1856.075	0.8	Target	2	371215
1856.16	0.8	NonTarget	1	371232
1856.24	0.8	NonTarget	1	371248
1856.645	0.8	NonTarget	1	371329
1856.73	0.8	NonTarget	1	371346
1856.81	0.8	NonTarget	1	371362
1856.895	0.8	NonTarget	1	371379
1856.975	0.8	NonTarget	1	371395
1857.06	0.8	NonTarget	1	371412
1857.145	0.8	NonTarget	1	371429
1857.23	0.8	NonTarget	1	371446
1857.31	0.8	NonTarget	1	371462
1857.395	0.8	NonTarget	1	371479
1857.48	0.8	NonTarget	1	371496
1857.56	0.8	NonTarget	1	371512
1857.645	0.8	Target	2	371529
1857.73	0.8	NonTarget	1	371546
1857.81	0.8	NonTarget	1	371562
1857.895	0.8	NonTarget	1	371579
1857.98	0.8	NonTarget	1	371596
1858.06	0.8	NonTarget	1	371612
1858.145	0.8	NonTarget	1	371629
1858.23	0.8	NonTarget	1	371646
1858.31	0.8	NonTarget	1	371662
1858.395	0.8	NonTarget	1	371679
1858.48	0.8	NonTarget	1	371696
1858.56	0.8	NonTarget	1	371712
1858.645	0.8	NonTarget	1	371729
1858.73	0.8	NonTarget	1	371746
1858.81	0.8	NonTarget	1	371762
1858.9	0.8	NonTarget	1	371780
1858.98	0.8	NonTarget	1	371796
1859.06	0.8	NonTarget	1	371812
1859.465	0.8	NonTarget	1	371893
1859.55	0.8	NonTarget	1	371910
1859.635	0.8	NonTarget	1	371927
1859.715	0.8	NonTarget	1	371943
1859.8	0.8	NonTarget	1	371960
1859.88	0.8	NonTarget	1	371976
1859.965	0.8	NonTarget	1	371993
1860.05	0.8	NonTarget	1	372010
1860.13	0.8	NonTarget	1	372026
1860.215	0.8	NonTarget	1	372043
1860.3	0.8	NonTarget	1	372060
1860.38	0.8	NonTarget	1	372076
1860.465	0.8	NonTarget	1	372093
1860.55	0.8	NonTarget	1	372110
1860.63	0.8	NonTarget	1	372126
1860.715	0.8	NonTarget	1	372143
1860.8	0.8	NonTarget	1	372160
1860.885	0.8	NonTarget	1	372177
1860.965	0.8	NonTarget	1	372193
1861.05	0.8	NonTarget	1	372210
1861.135	0.8	NonTarget	1	372227
1861.215	0.8	NonTarget	1	372243
1861.3	0.8	Target	2	372260
1861.385	0.8	NonTarget	1	372277
1861.465	0.8	NonTarget	1	372293
1861.55	0.8	NonTarget	1	372310
1861.635	0.8	NonTarget	1	372327
1861.715	0.8	NonTarget	1	372343
1861.8	0.8	NonTarget	1	372360
1861.885	0.8	NonTarget	1	372377
1862.285	0.8	NonTarget	1	372457
1862.37	0.8	NonTarget	1	372474
1862.45	0.8	NonTarget	1	372490
1862.535	0.8	NonTarget	1	372507
1862.62	0.8	NonTarget	1	372524
1862.7	0.8	NonTarget	1	372540
1862.785	0.8	NonTarget	1	372557
1862.87	0.8	NonTarget	1	372574
1862.95	0.8	NonTarget	1	372590
1863.035	0.8	NonTarget	1	372607
1863.12	0.8	NonTarget	1	372624
1863.205	0.8	NonTarget	1	372641
1863.285	0.8	NonTarget	1	372657
1863.37	0.8	NonTarget	1	372674
1863.45	0.8	NonTarget	1	372690
1863.535	0.8	NonTarget	1	372707
1863.62	0.8	NonTarget	1	372724
1863.705	0.8	NonTarget	1	372741
1863.785	0.8	NonTarget	1	372757
1863.87	0.8	NonTarget	1	372774
1863.955	0.8	NonTarget	1	372791
1864.035	0.8	NonTarget	1	372807
1864.12	0.8	Target	2	372824
1864.205	0.8	NonTarget	1	372841
1864.285	0.8	NonTarget	1	372857
1864.37	0.8	NonTarget	1	372874
1864.455	0.8	NonTarget	1	372891
1864.54	0.8	NonTarget	1	372908
1864.625	0.8	NonTarget	1	372925
1864.705	0.8	NonTarget	1	372941
1873.735	0.8	NonTarget	1	374747
1873.82	0.8	NonTarget	1	374764
1873.9	0.8	Target	2	374780
1873.985	0.8	NonTarget	1	374797
1874.07	0.8	NonTarget	1	374814
1874.15	0.8	NonTarget	1	374830
1874.235	0.8	NonTarget	1	374847
1874.32	0.8	NonTarget	1	374864
1874.4	0.8	NonTarget	1	374880
1874.485	0.8	NonTarget	1	374897
1874.57	0.8	NonTarget	1	374914
1874.65	0.8	NonTarget	1	374930
1874.735	0.8	NonTarget	1	374947
1874.82	0.8	NonTarget	1	374964
1874.9	0.8	NonTarget	1	374980
1874.985	0.8	NonTarget	1	374997
1875.07	0.8	NonTarget	1	375014
1875.15	0.8	NonTarget	1	375030
1875.235	0.8	NonTarget	1	375047
1875.32	0.8	NonTarget	1	375064
1875.405	0.8	NonTarget	1	375081
1875.485	0.8	NonTarget	1	375097
1875.57	0.8	NonTarget	1	375114
1875.655	0.8	NonTarget	1	375131
1875.74	0.8	NonTarget	1	375148
1875.82	0.8	NonTarget	1	375164
1875.905	0.8	NonTarget	1	375181
1875.985	0.8	NonTarget	1	375197
1876.07	0.8	NonTarget	1	375214
1876.155	0.8	NonTarget	1	375231
1876.555	0.8	NonTarget	1	375311
1876.64	0.8	NonTarget	1	375328
1876.72	0.8	NonTarget	1	375344
1876.805	0.8	NonTarget	1	375361
1876.89	0.8	NonTarget	1	375378
1876.975	0.8	NonTarget	1	375395
1877.055	0.8	NonTarget	1	375411
1877.14	0.8	NonTarget	1	375428
1877.22	0.8	NonTarget	1	375444
1877.305	0.8	NonTarget	1	375461
1877.39	0.8	NonTarget	1	375478
1877.475	0.8	NonTarget	1	375495
1877.555	0.8	Target	2	375511
1877.64	0.8	NonTarget	1	375528
1877.725	0.8	NonTarget	1	375545
1877.805	0.8	NonTarget	1	375561
1877.89	0.8	NonTarget	1	375578
1877.975	0.8	NonTarget	1	375595
1878.06	0.8	NonTarget	1	375612
1878.14	0.8	NonTarget	1	375628
1878.225	0.8	NonTarget	1	375645
1878.31	0.8	NonTarget	1	375662
1878.39	0.8	NonTarget	1	375678
1878.475	0.8	NonTarget	1	375695
1878.56	0.8	NonTarget	1	375712
1878.64	0.8	NonTarget	1	375728
1878.725	0.8	NonTarget	1	375745
1878.81	0.8	NonTarget	1	375762
1878.89	0.8	NonTarget	1	375778
1878.975	0.8	NonTarget	1	375795
1879.375	0.8	NonTarget	1	375875
1879.46	0.8	NonTarget	1	375892
1879.545	0.8	NonTarget	1	375909
1879.625	0.8	NonTarget	1	375925
1879.71	0.8	NonTarget	1	375942
1879.79	0.8	NonTarget	1	375958
1879.875	0.8	NonTarget	1	375975
1879.96	0.8	NonTarget	1	375992
1880.045	0.8	NonTarget	1	376009
1880.125	0.8	NonTarget	1	376025
1880.21	0.8	NonTarget	1	376042
1880.295	0.8	NonTarget	1	376059
1880.375	0.8	NonTarget	1	376075
1880.46	0.8	NonTarget	1	376092
1880.545	0.8	NonTarget	1	376109
1880.63	0.8	NonTarget	1	376126
1880.71	0.8	NonTarget	1	376142
1880.795	0.8	NonTarget	1	376159
1880.88	0.8	NonTarget	1	376176
1880.96	0.8	NonTarget	1	376192
1881.045	0.8	NonTarget	1	376209
1881.13	0.8	NonTarget	1	376226
1881.21	0.8	Target	2	376242
1881.295	0.8	NonTarget	1	376259
1881.38	0.8	NonTarget	1	376276
1881.465	0.8	NonTarget	1	376293
1881.545	0.8	NonTarget	1	376309
1881.63	0.8	NonTarget	1	376326
1881.715	0.8	NonTarget	1	376343
1881.795	0.8	NonTarget	1	376359
1882.195	0.8	NonTarget	1	376439
1882.28	0.8	NonTarget	1	376456
1882.365	0.8	NonTarget	1	376473
1882.45	0.8	NonTarget	1	376490
1882.53	0.8	NonTarget	1	376506
1882.615	0.8	NonTarget	1	376523
1882.695	0.8	NonTarget	1	376539
1882.78	0.8	NonTarget	1	376556
1882.865	0.8	NonTarget	1	376573
1882.95	0.8	NonTarget	1	376590
1883.03	0.8	NonTarget	1	376606
1883.115	0.8	NonTarget	1	376623
1883.195	0.8	NonTarget	1	376639
1883.28	0.8	NonTarget	1	376656
1883.365	0.8	NonTarget	1	376673
1883.45	0.8	NonTarget	1	376690
1883.53	0.8	NonTarget	1	376706
1883.615	0.8	NonTarget	1	376723
1883.7	0.8	NonTarget	1	376740
1883.78	0.8	NonTarget	1	376756
1883.865	0.8	NonTarget	1	376773
1883.95	0.8	NonTarget	1	376790
1884.035	0.8	NonTarget	1	376807
1884.115	0.8	NonTarget	1	376823
1884.2	0.8	NonTarget	1	376840
1884.28	0.8	NonTarget	1	376856
1884.365	0.8	NonTarget	1	376873
1884.45	0.8	Target	2	376890
1884.535	0.8	NonTarget	1	376907
1884.615	0.8	NonTarget	1	376923
1885.015	0.8	NonTarget	1	377003
1885.1	0.8	NonTarget	1	377020
1885.185	0.8	Target	2	377037
1885.265	0.8	NonTarget	1	377053
1885.35	0.8	NonTarget	1	377070
1885.435	0.8	NonTarget	1	377087
1885.515	0.8	NonTarget	1	377103
1885.6	0.8	NonTarget	1	377120
1885.685	0.8	NonTarget	1	377137
1885.77	0.8	NonTarget	1	377154
1885.85	0.8	NonTarget	1	377170
1885.935	0.8	NonTarget	1	377187
1886.02	0.8	NonTarget	1	377204
1886.1	0.8	NonTarget	1	377220
1886.185	0.8	NonTarget	1	377237
1886.27	0.8	NonTarget	1	377254
1886.355	0.8	NonTarget	1	377271
1886.435	0.8	NonTarget	1	377287
1886.52	0.8	NonTarget	1	377304
1886.605	0.8	NonTarget	1	377321
1886.685	0.8	NonTarget	1	377337
1886.77	0.8	NonTarget	1	377354
1886.855	0.8	NonTarget	1	377371
1886.935	0.8	NonTarget	1	377387
1887.02	0.8	NonTarget	1	377404
1887.105	0.8	NonTarget	1	377421
1887.185	0.8	NonTarget	1	377437
1887.27	0.8	NonTarget	1	377454
1887.355	0.8	NonTarget	1	377471
1887.435	0.8	NonTarget	1	377487
1887.835	0.8	NonTarget	1	377567
1887.92	0.8	NonTarget	1	377584
1888.005	0.8	NonTarget	1	377601
1888.09	0.8	NonTarget	1	377618
1888.17	0.8	NonTarget	1	377634
1888.255	0.8	NonTarget	1	377651
1888.335	0.8	NonTarget	1	377667
1888.42	0.8	NonTarget	1	377684
1888.505	0.8	NonTarget	1	377701
1888.59	0.8	NonTarget	1	377718
1888.67	0.8	NonTarget	1	377734
1888.755	0.8	NonTarget	1	377751
1888.84	0.8	Target	2	377768
1888.92	0.8	NonTarget	1	377784
1889.005	0.8	NonTarget	1	377801
1889.09	0.8	NonTarget	1	377818
1889.175	0.8	NonTarget	1	377835
1889.255	0.8	NonTarget	1	377851
1889.34	0.8	NonTarget	1	377868
1889.425	0.8	NonTarget	1	377885
1889.505	0.8	NonTarget	1	377901
1889.59	0.8	NonTarget	1	377918
1889.675	0.8	NonTarget	1	377935
1889.76	0.8	NonTarget	1	377952
1889.84	0.8	NonTarget	1	377968
1889.925	0.8	NonTarget	1	377985
1890.005	0.8	NonTarget	1	378001
1890.09	0.8	NonTarget	1	378018
1890.175	0.8	NonTarget	1	378035
1890.255	0.8	NonTarget	1	378051
1890.655	0.8	NonTarget	1	378131
1890.74	0.8	NonTarget	1	378148
1890.825	0.8	NonTarget	1	378165
1890.91	0.8	NonTarget	1	378182
1890.995	0.8	NonTarget	1	378199
1891.075	0.8	NonTarget	1	378215
1891.16	0.8	NonTarget	1	378232
1891.24	0.8	Target	2	378248
1891.325	0.8	NonTarget	1	378265
1891.41	0.8	NonTarget	1	378282
1891.495	0.8	NonTarget	1	378299
1891.575	0.8	NonTarget	1	378315
1891.66	0.8	NonTarget	1	378332
1891.745	0.8	NonTarget	1	378349
1891.825	0.8	NonTarget	1	378365
1891.91	0.8	NonTarget	1	378382
1891.995	0.8	NonTarget	1	378399
1892.075	0.8	NonTarget	1	378415
1892.16	0.8	NonTarget	1	378432
1892.24	0.8	NonTarget	1	378448
1892.325	0.8	NonTarget	1	378465
1892.41	0.8	NonTarget	1	378482
1892.495	0.8	NonTarget	1	378499
1892.58	0.8	NonTarget	1	378516
1892.66	0.8	NonTarget	1	378532
1892.745	0.8	NonTarget	1	378549
1892.83	0.8	NonTarget	1	378566
1892.91	0.8	NonTarget	1	378582
1892.995	0.8	NonTarget	1	378599
1893.08	0.8	NonTarget	1	378616
1893.48	0.8	NonTarget	1	378696
1893.56	0.8	NonTarget	1	378712
1893.645	0.8	NonTarget	1	378729
1893.73	0.8	NonTarget	1	378746
1893.815	0.8	NonTarget	1	378763
1893.895	0.8	NonTarget	1	378779
1893.98	0.8	NonTarget	1	378796
1894.06	0.8	NonTarget	1	378812
1894.145	0.8	NonTarget	1	378829
1894.23	0.8	NonTarget	1	378846
1894.315	0.8	NonTarget	1	378863
1894.395	0.8	NonTarget	1	378879
1894.48	0.8	NonTarget	1	378896
1894.565	0.8	NonTarget	1	378913
1894.645	0.8	NonTarget	1	378929
1894.73	0.8	NonTarget	1	378946
1894.815	0.8	NonTarget	1	378963
1894.9	0.8	NonTarget	1	378980
1894.98	0.8	NonTarget	1	378996
1895.065	0.8	NonTarget	1	379013
1895.15	0.8	NonTarget	1	379030
1895.23	0.8	NonTarget	1	379046
1895.315	0.8	NonTarget	1	379063
1895.4	0.8	NonTarget	1	379080
1895.48	0.8	NonTarget	1	379096
1895.565	0.8	NonTarget	1	379113
1895.65	0.8	NonTarget	1	379130
1895.735	0.8	Target	2	379147
1895.815	0.8	NonTarget	1	379163
1895.9	0.8	NonTarget	1	379180
1896.3	0.8	NonTarget	1	379260
1896.385	0.8	NonTarget	1	379277
1896.465	0.8	NonTarget	1	379293
1896.55	0.8	NonTarget	1	379310
1896.63	0.8	NonTarget	1	379326
1896.715	0.8	NonTarget	1	379343
1896.8	0.8	NonTarget	1	379360
1896.88	0.8	NonTarget	1	379376
1896.97	0.8	NonTarget	1	379394
1897.05	0.8	NonTarget	1	379410
1897.135	0.8	NonTarget	1	379427
1897.22	0.8	NonTarget	1	379444
1897.3	0.8	Target	2	379460
1897.385	0.8	NonTarget	1	379477
1897.465	0.8	NonTarget	1	379493
1897.555	0.8	NonTarget	1	379511
1897.635	0.8	NonTarget	1	379527
1897.72	0.8	NonTarget	1	379544
1897.8	0.8	NonTarget	1	379560
1897.885	0.8	NonTarget	1	379577
1897.97	0.8	NonTarget	1	379594
1898.05	0.8	NonTarget	1	379610
1898.135	0.8	NonTarget	1	379627
1898.22	0.8	NonTarget	1	379644
1898.305	0.8	NonTarget	1	379661
1898.385	0.8	NonTarget	1	379677
1898.47	0.8	NonTarget	1	379694
1898.555	0.8	NonTarget	1	379711
1898.635	0.8	NonTarget	1	379727
1898.72	0.8	NonTarget	1	379744
1899.12	0.8	NonTarget	1	379824
1899.205	0.8	NonTarget	1	379841
1899.285	0.8	NonTarget	1	379857
1899.37	0.8	NonTarget	1	379874
1899.455	0.8	NonTarget	1	379891
1899.54	0.8	NonTarget	1	379908
1899.62	0.8	NonTarget	1	379924
1899.705	0.8	NonTarget	1	379941
1899.79	0.8	NonTarget	1	379958
1899.87	0.8	NonTarget	1	379974
1899.955	0.8	NonTarget	1	379991
1900.04	0.8	NonTarget	1	380008
1900.12	0.8	NonTarget	1	380024
1900.205	0.8	NonTarget	1	380041
1900.29	0.8	NonTarget	1	380058
1900.37	0.8	NonTarget	1	380074
1900.455	0.8	NonTarget	1	380091
1900.54	0.8	NonTarget	1	380108
1900.625	0.8	NonTarget	1	380125
1900.705	0.8	NonTarget	1	380141
1900.79	0.8	NonTarget	1	380158
1900.875	0.8	NonTarget	1	380175
1900.955	0.8	Target	2	380191
1901.04	0.8	NonTarget	1	380208
1901.125	0.8	NonTarget	1	380225
1901.205	0.8	NonTarget	1	380241
1901.29	0.8	NonTarget	1	380258
1901.375	0.8	NonTarget	1	380275
1901.46	0.8	NonTarget	1	380292
1901.54	0.8	NonTarget	1	380308
1910.575	0.8	NonTarget	1	382115
1910.655	0.8	NonTarget	1	382131
1910.735	0.8	NonTarget	1	382147
1910.82	0.8	NonTarget	1	382164
1910.905	0.8	NonTarget	1	382181
1910.985	0.8	NonTarget	1	382197
1911.07	0.8	NonTarget	1	382214
1911.15	0.8	NonTarget	1	382230
1911.235	0.8	NonTarget	1	382247
1911.32	0.8	NonTarget	1	382264
1911.405	0.8	NonTarget	1	382281
1911.485	0.8	NonTarget	1	382297
1911.57	0.8	NonTarget	1	382314
1911.655	0.8	NonTarget	1	382331
1911.74	0.8	NonTarget	1	382348
1911.82	0.8	NonTarget	1	382364
1911.905	0.8	NonTarget	1	382381
1911.99	0.8	NonTarget	1	382398
1912.07	0.8	NonTarget	1	382414
1912.155	0.8	NonTarget	1	382431
1912.24	0.8	NonTarget	1	382448
1912.32	0.8	NonTarget	1	382464
1912.405	0.8	NonTarget	1	382481
1912.49	0.8	NonTarget	1	382498
1912.57	0.8	NonTarget	1	382514
1912.655	0.8	NonTarget	1	382531
1912.74	0.8	NonTarget	1	382548
1912.825	0.8	NonTarget	1	382565
1912.905	0.8	NonTarget	1	382581
1912.99	0.8	Target	2	382598
1913.39	0.8	NonTarget	1	382678
1913.475	0.8	NonTarget	1	382695
1913.555	0.8	NonTarget	1	382711
1913.64	0.8	NonTarget	1	382728
1913.725	0.8	NonTarget	1	382745
1913.805	0.8	NonTarget	1	382761
1913.89	0.8	NonTarget	1	382778
1913.975	0.8	NonTarget	1	382795
1914.06	0.8	NonTarget	1	382812
1914.14	0.8	NonTarget	1	382828
1914.225	0.8	NonTarget	1	382845
1914.31	0.8	NonTarget	1	382862
1914.39	0.8	NonTarget	1	382878
1914.475	0.8	NonTarget	1	382895
1914.56	0.8	NonTarget	1	382912
1914.645	0.8	NonTarget	1	382929
1914.725	0.8	NonTarget	1	382945
1914.81	0.8	NonTarget	1	382962
1914.895	0.8	NonTarget	1	382979
1914.975	0.8	NonTarget	1	382995
1915.06	0.8	NonTarget	1	383012
1915.145	0.8	NonTarget	1	383029
1915.225	0.8	NonTarget	1	383045
1915.31	0.8	NonTarget	1	383062
1915.395	0.8	Target	2	383079
1915.475	0.8	NonTarget	1	383095
1915.56	0.8	NonTarget	1	383112
1915.645	0.8	NonTarget	1	383129
1915.725	0.8	NonTarget	1	383145
1915.81	0.8	NonTarget	1	383162
1916.21	0.8	NonTarget	1	383242
1916.295	0.8	NonTarget	1	383259
1916.375	0.8	NonTarget	1	383275
1916.46	0.8	NonTarget	1	383292
1916.545	0.8	NonTarget	1	383309
1916.63	0.8	NonTarget	1	383326
1916.71	0.8	NonTarget	1	383342
1916.795	0.8	NonTarget	1	383359
1916.88	0.8	NonTarget	1	383376
1916.96	0.8	NonTarget	1	383392
1917.045	0.8	NonTarget	1	383409
1917.13	0.8	NonTarget	1	383426
1917.215	0.8	NonTarget	1	383443
1917.295	0.8	NonTarget	1	383459
1917.38	0.8	NonTarget	1	383476
1917.465	0.8	NonTarget	1	383493
1917.545	0.8	NonTarget	1	383509
1917.63	0.8	NonTarget	1	383526
1917.715	0.8	NonTarget	1	383543
1917.795	0.8	NonTarget	1	383559
1917.88	0.8	NonTarget	1	383576
1917.965	0.8	NonTarget	1	383593
1918.05	0.8	NonTarget	1	383610
1918.13	0.8	NonTarget	1	383626
1918.215	0.8	NonTarget	1	383643
1918.3	0.8	NonTarget	1	383660
1918.38	0.8	NonTarget	1	383676
1918.465	0.8	NonTarget	1	383693
1918.55	0.8	NonTarget	1	383710
1918.63	0.8	Target	2	383726
1919.03	0.8	NonTarget	1	383806
1919.115	0.8	NonTarget	1	383823
1919.2	0.8	NonTarget	1	383840
1919.285	0.8	NonTarget	1	383857
1919.365	0.8	NonTarget	1	383873
1919.45	0.8	NonTarget	1	383890
1919.53	0.8	NonTarget	1	383906
1919.615	0.8	NonTarget	1	383923
1919.7	0.8	NonTarget	1	383940
1919.785	0.8	Target	2	383957
1919.865	0.8	NonTarget	1	383973
1919.95	0.8	NonTarget	1	383990
1920.035	0.8	NonTarget	1	384007
1920.115	0.8	NonTarget	1	384023
1920.2	0.8	NonTarget	1	384040
1920.285	0.8	NonTarget	1	384057
1920.365	0.8	NonTarget	1	384073
1920.45	0.8	NonTarget	1	384090
1920.535	0.8	NonTarget	1	384107
1920.615	0.8	NonTarget	1	384123
1920.7	0.8	NonTarget	1	384140
1920.785	0.8	NonTarget	1	384157
1920.87	0.8	NonTarget	1	384174
1920.95	0.8	NonTarget	1	384190
1921.035	0.8	NonTarget	1	384207
1921.12	0.8	NonTarget	1	384224
1921.2	0.8	NonTarget	1	384240
1921.285	0.8	NonTarget	1	384257
1921.37	0.8	NonTarget	1	384274
1921.45	0.8	NonTarget	1	384290
1921.855	0.8	NonTarget	1	384371
1921.935	0.8	NonTarget	1	384387
1922.02	0.8	NonTarget	1	384404
1922.105	0.8	NonTarget	1	384421
1922.185	0.8	NonTarget	1	384437
1922.27	0.8	NonTarget	1	384454
1922.355	0.8	NonTarget	1	384471
1922.435	0.8	NonTarget	1	384487
1922.52	0.8	NonTarget	1	384504
1922.605	0.8	NonTarget	1	384521
1922.685	0.8	NonTarget	1	384537
1922.77	0.8	NonTarget	1	384554
1922.855	0.8	NonTarget	1	384571
1922.94	0.8	NonTarget	1	384588
1923.02	0.8	NonTarget	1	384604
1923.105	0.8	NonTarget	1	384621
1923.185	0.8	NonTarget	1	384637
1923.27	0.8	NonTarget	1	384654
1923.355	0.8	NonTarget	1	384671
1923.44	0.8	Target	2	384688
1923.52	0.8	NonTarget	1	384704
1923.605	0.8	NonTarget	1	384721
1923.69	0.8	NonTarget	1	384738
1923.77	0.8	NonTarget	1	384754
1923.855	0.8	NonTarget	1	384771
1923.94	0.8	NonTarget	1	384788
1924.025	0.8	NonTarget	1	384805
1924.105	0.8	NonTarget	1	384821
1924.19	0.8	NonTarget	1	384838
1924.275	0.8	NonTarget	1	384855
1924.675	0.8	NonTarget	1	384935
1924.76	0.8	NonTarget	1	384952
1924.84	0.8	NonTarget	1	384968
1924.925	0.8	NonTarget	1	384985
1925.005	0.8	NonTarget	1	385001
1925.09	0.8	NonTarget	1	385018
1925.175	0.8	NonTarget	1	385035
1925.255	0.8	NonTarget	1	385051
1925.34	0.8	NonTarget	1	385068
1925.425	0.8	NonTarget	1	385085
1925.505	0.8	NonTarget	1	385101
1925.59	0.8	NonTarget	1	385118
1925.675	0.8	NonTarget	1	385135
1925.76	0.8	NonTarget	1	385152
1925.84	0.8	Target	2	385168
1925.925	0.8	NonTarget	1	385185
1926.01	0.8	NonTarget	1	385202
1926.09	0.8	NonTarget	1	385218
1926.175	0.8	NonTarget	1	385235
1926.26	0.8	NonTarget	1	385252
1926.34	0.8	NonTarget	1	385268
1926.425	0.8	NonTarget	1	385285
1926.51	0.8	NonTarget	1	385302
1926.595	0.8	NonTarget	1	385319
1926.675	0.8	NonTarget	1	385335
1926.76	0.8	NonTarget	1	385352
1926.845	0.8	NonTarget	1	385369
1926.925	0.8	NonTarget	1	385385
1927.01	0.8	NonTarget	1	385402
1927.095	0.8	NonTarget	1	385419
1927.495	0.8	NonTarget	1	385499
1927.575	0.8	NonTarget	1	385515
1927.66	0.8	NonTarget	1	385532
1927.745	0.8	NonTarget	1	385549
1927.83	0.8	NonTarget	1	385566
1927.91	0.8	NonTarget	1	385582
1927.995	0.8	NonTarget	1	385599
1928.08	0.8	NonTarget	1	385616
1928.16	0.8	NonTarget	1	385632
1928.245	0.8	NonTarget	1	385649
1928.33	0.8	NonTarget	1	385666
1928.41	0.8	NonTarget	1	385682
1928.495	0.8	NonTarget	1	385699
1928.58	0.8	NonTarget	1	385716
1928.66	0.8	NonTarget	1	385732
1928.745	0.8	NonTarget	1	385749
1928.83	0.8	NonTarget	1	385766
1928.91	0.8	NonTarget	1	385782
1928.995	0.8	NonTarget	1	385799
1929.08	0.8	NonTarget	1	385816
1929.165	0.8	NonTarget	1	385833
1929.245	0.8	NonTarget	1	385849
1929.33	0.8	NonTarget	1	385866
1929.415	0.8	NonTarget	1	385883
1929.495	0.8	NonTarget	1	385899
1929.58	0.8	NonTarget	1	385916
1929.665	0.8	NonTarget	1	385933
1929.745	0.8	NonTarget	1	385949
1929.83	0.8	NonTarget	1	385966
1929.915	0.8	Target	2	385983
1930.315	0.8	NonTarget	1	386063
1930.4	0.8	NonTarget	1	386080
1930.48	0.8	NonTarget	1	386096
1930.565	0.8	NonTarget	1	386113
1930.65	0.8	Target	2	386130
1930.73	0.8	NonTarget	1	386146
1930.815	0.8	NonTarget	1	386163
1930.9	0.8	NonTarget	1	386180
1930.985	0.8	NonTarget	1	386197
1931.065	0.8	NonTarget	1	386213
1931.15	0.8	NonTarget	1	386230
1931.23	0.8	NonTarget	1	386246
1931.315	0.8	NonTarget	1	386263
1931.4	0.8	NonTarget	1	386280
1931.48	0.8	NonTarget	1	386296
1931.565	0.8	NonTarget	1	386313
1931.65	0.8	NonTarget	1	386330
1931.735	0.8	NonTarget	1	386347
1931.82	0.8	NonTarget	1	386364
1931.9	0.8	NonTarget	1	386380
1931.985	0.8	NonTarget	1	386397
1932.065	0.8	NonTarget	1	386413
1932.15	0.8	NonTarget	1	386430
1932.235	0.8	NonTarget	1	386447
1932.315	0.8	NonTarget	1	386463
1932.4	0.8	NonTarget	1	386480
1932.485	0.8	NonTarget	1	386497
1932.57	0.8	NonTarget	1	386514
1932.65	0.8	NonTarget	1	386530
1932.735	0.8	NonTarget	1	386547
1933.135	0.8	NonTarget	1	386627
1933.22	0.8	NonTarget	1	386644
1933.3	0.8	NonTarget	1	386660
1933.385	0.8	NonTarget	1	386677
1933.47	0.8	NonTarget	1	386694
1933.55	0.8	NonTarget	1	386710
1933.635	0.8	NonTarget	1	386727
1933.72	0.8	NonTarget	1	386744
1933.805	0.8	NonTarget	1	386761
1933.885	0.8	NonTarget	1	386777
1933.97	0.8	NonTarget	1	386794
1934.055	0.8	NonTarget	1	386811
1934.135	0.8	NonTarget	1	386827
1934.22	0.8	NonTarget	1	386844
1934.305	0.8	NonTarget	1	386861
1934.39	0.8	NonTarget	1	386878
1934.47	0.8	NonTarget	1	386894
1934.555	0.8	NonTarget	1	386911
1934.635	0.8	NonTarget	1	386927
1934.72	0.8	NonTarget	1	386944
1934.805	0.8	NonTarget	1	386961
1934.885	0.8	NonTarget	1	386977
1934.97	0.8	NonTarget	1	386994
1935.055	0.8	NonTarget	1	387011
1935.14	0.8	NonTarget	1	387028
1935.22	0.8	NonTarget	1	387044
1935.305	0.8	NonTarget	1	387061
1935.39	0.8	NonTarget	1	387078
1935.47	0.8	NonTarget	1	387094
1935.555	0.8	Target	2	387111
1935.955	0.8	NonTarget	1	387191
1936.04	0.8	NonTarget	1	387208
1936.12	0.8	NonTarget	1	387224
1936.205	0.8	NonTarget	1	387241
1936.29	0.8	NonTarget	1	387258
1936.375	0.8	NonTarget	1	387275
1936.455	0.8	NonTarget	1	387291
1936.54	0.8	NonTarget	1	387308
1936.625	0.8	NonTarget	1	387325
1936.705	0.8	NonTarget	1	387341
1936.79	0.8	NonTarget	1	387358
1936.875	0.8	NonTarget	1	387375
1936.955	0.8	NonTarget	1	387391
1937.04	0.8	NonTarget	1	387408
1937.125	0.8	Target	2	387425
1937.205	0.8	NonTarget	1	387441
1937.29	0.8	NonTarget	1	387458
1937.375	0.8	NonTarget	1	387475
1937.46	0.8	NonTarget	1	387492
1937.54	0.8	NonTarget	1	387508
1937.625	0.8	NonTarget	1	387525
1937.71	0.8	NonTarget	1	387542
1937.79	0.8	NonTarget	1	387558
1937.875	0.8	NonTarget	1	387575
1937.96	0.8	NonTarget	1	387592
1938.04	0.8	NonTarget	1	387608
1938.125	0.8	NonTarget	1	387625
1938.21	0.8	NonTarget	1	387642
1938.29	0.8	NonTarget	1	387658
1938.375	0.8	NonTarget	1	387675
1947.375	0.8	NonTarget	1	389475
1947.455	0.8	NonTarget	1	389491
1947.54	0.8	Target	2	389508
1947.62	0.8	NonTarget	1	389524
1947.705	0.8	NonTarget	1	389541
1947.79	0.8	NonTarget	1	389558
1947.875	0.8	NonTarget	1	389575
1947.955	0.8	NonTarget	1	389591
1948.04	0.8	NonTarget	1	389608
1948.12	0.8	NonTarget	1	389624
1948.205	0.8	NonTarget	1	389641
1948.29	0.8	NonTarget	1	389658
1948.375	0.8	NonTarget	1	389675
1948.455	0.8	NonTarget	1	389691
1948.54	0.8	NonTarget	1	389708
1948.625	0.8	NonTarget	1	389725
1948.705	0.8	NonTarget	1	389741
1948.79	0.8	NonTarget	1	389758
1948.875	0.8	NonTarget	1	389775
1948.955	0.8	NonTarget	1	389791
1949.04	0.8	NonTarget	1	389808
1949.125	0.8	NonTarget	1	389825
1949.21	0.8	NonTarget	1	389842
1949.29	0.8	NonTarget	1	389858
1949.375	0.8	NonTarget	1	389875
1949.46	0.8	NonTarget	1	389892
1949.54	0.8	NonTarget	1	389908
1949.625	0.8	NonTarget	1	389925
1949.71	0.8	NonTarget	1	389942
1949.79	0.8	NonTarget	1	389958
1950.195	0.8	NonTarget	1	390039
1950.275	0.8	NonTarget	1	390055
1950.36	0.8	NonTarget	1	390072
1950.445	0.8	NonTarget	1	390089
1950.525	0.8	NonTarget	1	390105
1950.61	0.8	NonTarget	1	390122
1950.695	0.8	NonTarget	1	390139
1950.775	0.8	NonTarget	1	390155
1950.86	0.8	NonTarget	1	390172
1950.945	0.8	NonTarget	1	390189
1951.025	0.8	NonTarget	1	390205
1951.11	0.8	NonTarget	1	390222
1951.195	0.8	NonTarget	1	390239
1951.275	0.8	NonTarget	1	390255
1951.36	0.8	NonTarget	1	390272
1951.445	0.8	NonTarget	1	390289
1951.53	0.8	NonTarget	1	390306
1951.61	0.8	NonTarget	1	390322
1951.695	0.8	NonTarget	1	390339
1951.78	0.8	NonTarget	1	390356
1951.865	0.8	NonTarget	1	390373
1951.945	0.8	NonTarget	1	390389
1952.03	0.8	NonTarget	1	390406
1952.11	0.8	NonTarget	1	390422
1952.22	0.8	NonTarget	1	390444
1952.315	0.8	NonTarget	1	390463
1952.395	0.8	NonTarget	1	390479
1952.48	0.8	Target	2	390496
1952.56	0.8	NonTarget	1	390512
1952.645	0.8	NonTarget	1	390529
1953.045	0.8	NonTarget	1	390609
1953.13	0.8	NonTarget	1	390626
1953.215	0.8	NonTarget	1	390643
1953.295	0.8	NonTarget	1	390659
1953.38	0.8	NonTarget	1	390676
1953.465	0.8	NonTarget	1	390693
1953.545	0.8	NonTarget	1	390709
1953.63	0.8	Target	2	390726
1953.715	0.8	NonTarget	1	390743
1953.8	0.8	NonTarget	1	390760
1953.88	0.8	NonTarget	1	390776
1953.965	0.8	NonTarget	1	390793
1954.045	0.8	NonTarget	1	390809
1954.13	0.8	NonTarget	1	390826
1954.215	0.8	NonTarget	1	390843
1954.3	0.8	NonTarget	1	390860
1954.38	0.8	NonTarget	1	390876
1954.465	0.8	NonTarget	1	390893
1954.55	0.8	NonTarget	1	390910
1954.63	0.8	NonTarget	1	390926
1954.715	0.8	NonTarget	1	390943
1954.8	0.8	NonTarget	1	390960
1954.885	0.8	NonTarget	1	390977
1954.965	0.8	NonTarget	1	390993
1955.05	0.8	NonTarget	1	391010
1955.135	0.8	NonTarget	1	391027
1955.215	0.8	NonTarget	1	391043
1955.3	0.8	NonTarget	1	391060
1955.385	0.8	NonTarget	1	391077
1955.465	0.8	NonTarget	1	391093
1955.865	0.8	NonTarget	1	391173
1955.95	0.8	NonTarget	1	391190
1956.035	0.8	NonTarget	1	391207
1956.12	0.8	NonTarget	1	391224
1956.2	0.8	NonTarget	1	391240
1956.285	0.8	NonTarget	1	391257
1956.37	0.8	NonTarget	1	391274
1956.45	0.8	NonTarget	1	391290
1956.535	0.8	NonTarget	1	391307
1956.62	0.8	NonTarget	1	391324
1956.705	0.8	NonTarget	1	391341
1956.785	0.8	NonTarget	1	391357
1956.87	0.8	NonTarget	1	391374
1956.95	0.8	NonTarget	1	391390
1957.035	0.8	NonTarget	1	391407
1957.12	0.8	NonTarget	1	391424
1957.2	0.8	NonTarget	1	391440
1957.285	0.8	NonTarget	1	391457
1957.37	0.8	NonTarget	1	391474
1957.455	0.8	NonTarget	1	391491
1957.535	0.8	NonTarget	1	391507
1957.62	0.8	NonTarget	1	391524
1957.705	0.8	NonTarget	1	391541
1957.785	0.8	NonTarget	1	391557
1957.87	0.8	NonTarget	1	391574
1957.955	0.8	NonTarget	1	391591
1958.035	0.8	NonTarget	1	391607
1958.12	0.8	Target	2	391624
1958.205	0.8	NonTarget	1	391641
1958.285	0.8	NonTarget	1	391657
1958.69	0.8	NonTarget	1	391738
1958.77	0.8	NonTarget	1	391754
1958.855	0.8	NonTarget	1	391771
1958.94	0.8	NonTarget	1	391788
1959.025	0.8	NonTarget	1	391805
1959.105	0.8	NonTarget	1	391821
1959.19	0.8	NonTarget	1	391838
1959.27	0.8	NonTarget	1	391854
1959.355	0.8	NonTarget	1	391871
1959.44	0.8	NonTarget	1	391888
1959.52	0.8	NonTarget	1	391904
1959.605	0.8	NonTarget	1	391921
1959.69	0.8	NonTarget	1	391938
1959.775	0.8	NonTarget	1	391955
1959.855	0.8	NonTarget	1	391971
1959.94	0.8	NonTarget	1	391988
1960.02	0.8	NonTarget	1	392004
1960.105	0.8	Target	2	392021
1960.19	0.8	NonTarget	1	392038
1960.275	0.8	NonTarget	1	392055
1960.355	0.8	NonTarget	1	392071
1960.44	0.8	NonTarget	1	392088
1960.525	0.8	NonTarget	1	392105
1960.605	0.8	NonTarget	1	392121
1960.69	0.8	NonTarget	1	392138
1960.775	0.8	NonTarget	1	392155
1960.86	0.8	NonTarget	1	392172
1960.94	0.8	NonTarget	1	392188
1961.025	0.8	NonTarget	1	392205
1961.11	0.8	NonTarget	1	392222
1961.51	0.8	NonTarget	1	392302
1961.59	0.8	NonTarget	1	392318
1961.675	0.8	Target	2	392335
1961.76	0.8	NonTarget	1	392352
1961.845	0.8	NonTarget	1	392369
1961.925	0.8	NonTarget	1	392385
1962.01	0.8	NonTarget	1	392402
1962.095	0.8	NonTarget	1	392419
1962.175	0.8	NonTarget	1	392435
1962.26	0.8	NonTarget	1	392452
1962.345	0.8	NonTarget	1	392469
1962.425	0.8	NonTarget	1	392485
1962.51	0.8	NonTarget	1	392502
1962.595	0.8	NonTarget	1	392519
1962.68	0.8	NonTarget	1	392536
1962.76	0.8	NonTarget	1	392552
1962.845	0.8	NonTarget	1	392569
1962.925	0.8	NonTarget	1	392585
1963.01	0.8	NonTarget	1	392602
1963.095	0.8	NonTarget	1	392619
1963.18	0.8	NonTarget	1	392636
1963.26	0.8	NonTarget	1	392652
1963.345	0.8	NonTarget	1	392669
1963.43	0.8	NonTarget	1	392686
1963.51	0.8	NonTarget	1	392702
1963.595	0.8	NonTarget	1	392719
1963.68	0.8	NonTarget	1	392736
1963.76	0.8	NonTarget	1	392752
1963.845	0.8	NonTarget	1	392769
1963.925	0.8	NonTarget	1	392785
1964.33	0.8	NonTarget	1	392866
1964.415	0.8	NonTarget	1	392883
1964.495	0.8	NonTarget	1	392899
1964.58	0.8	NonTarget	1	392916
1964.665	0.8	NonTarget	1	392933
1964.745	0.8	NonTarget	1	392949
1964.83	0.8	NonTarget	1	392966
1964.915	0.8	Target	2	392983
1964.995	0.8	NonTarget	1	392999
1965.08	0.8	NonTarget	1	393016
1965.165	0.8	NonTarget	1	393033
1965.245	0.8	NonTarget	1	393049
1965.33	0.8	NonTarget	1	393066
1965.415	0.8	NonTarget	1	393083
1965.495	0.8	NonTarget	1	393099
1965.58	0.8	NonTarget	1	393116
1965.665	0.8	NonTarget	1	393133
1965.75	0.8	NonTarget	1	393150
1965.835	0.8	NonTarget	1	393167
1965.915	0.8	NonTarget	1	393183
1966.0	0.8	NonTarget	1	393200
1966.08	0.8	NonTarget	1	393216
1966.165	0.8	NonTarget	1	393233
1966.25	0.8	NonTarget	1	393250
1966.335	0.8	NonTarget	1	393267
1966.415	0.8	NonTarget	1	393283
1966.5	0.8	NonTarget	1	393300
1966.58	0.8	NonTarget	1	393316
1966.665	0.8	NonTarget	1	393333
1966.75	0.8	NonTarget	1	393350
1967.15	0.8	NonTarget	1	393430
1967.235	0.8	NonTarget	1	393447
1967.315	0.8	NonTarget	1	393463
1967.4	0.8	NonTarget	1	393480
1967.485	0.8	NonTarget	1	393497
1967.57	0.8	NonTarget	1	393514
1967.65	0.8	NonTarget	1	393530
1967.735	0.8	Target	2	393547
1967.815	0.8	NonTarget	1	393563
1967.9	0.8	NonTarget	1	393580
1967.985	0.8	NonTarget	1	393597
1968.065	0.8	NonTarget	1	393613
1968.15	0.8	NonTarget	1	393630
1968.235	0.8	NonTarget	1	393647
1968.32	0.8	NonTarget	1	393664
1968.4	0.8	NonTarget	1	393680
1968.485	0.8	NonTarget	1	393697
1968.57	0.8	NonTarget	1	393714
1968.655	0.8	NonTarget	1	393731
1968.735	0.8	NonTarget	1	393747
1968.82	0.8	NonTarget	1	393764
1968.905	0.8	NonTarget	1	393781
1968.985	0.8	NonTarget	1	393797
1969.07	0.8	NonTarget	1	393814
1969.155	0.8	NonTarget	1	393831
1969.235	0.8	NonTarget	1	393847
1969.32	0.8	NonTarget	1	393864
1969.405	0.8	NonTarget	1	393881
1969.485	0.8	NonTarget	1	393897
1969.57	0.8	NonTarget	1	393914
1969.97	0.8	NonTarget	1	393994
1970.055	0.8	NonTarget	1	394011
1970.14	0.8	NonTarget	1	394028
1970.22	0.8	NonTarget	1	394044
1970.305	0.8	NonTarget	1	394061
1970.39	0.8	NonTarget	1	394078
1970.47	0.8	NonTarget	1	394094
1970.555	0.8	NonTarget	1	394111
1970.64	0.8	NonTarget	1	394128
1970.72	0.8	NonTarget	1	394144
1970.805	0.8	NonTarget	1	394161
1970.89	0.8	NonTarget	1	394178
1970.97	0.8	NonTarget	1	394194
1971.055	0.8	NonTarget	1	394211
1971.14	0.8	NonTarget	1	394228
1971.225	0.8	NonTarget	1	394245
1971.305	0.8	NonTarget	1	394261
1971.39	0.8	Target	2	394278
1971.475	0.8	NonTarget	1	394295
1971.555	0.8	NonTarget	1	394311
1971.64	0.8	NonTarget	1	394328
1971.725	0.8	NonTarget	1	394345
1971.805	0.8	NonTarget	1	394361
1971.89	0.8	NonTarget	1	394378
1971.975	0.8	NonTarget	1	394395
1972.06	0.8	NonTarget	1	394412
1972.14	0.8	NonTarget	1	394428
1972.225	0.8	NonTarget	1	394445
1972.31	0.8	NonTarget	1	394462
1972.39	0.8	NonTarget	1	394478
1972.79	0.8	NonTarget	1	394558
1972.875	0.8	NonTarget	1	394575
1972.96	0.8	NonTarget	1	394592
1973.045	0.8	NonTarget	1	394609
1973.125	0.8	NonTarget	1	394625
1973.21	0.8	NonTarget	1	394642
1973.29	0.8	NonTarget	1	394658
1973.375	0.8	Target	2	394675
1973.46	0.8	NonTarget	1	394692
1973.545	0.8	NonTarget	1	394709
1973.625	0.8	NonTarget	1	394725
1973.71	0.8	NonTarget	1	394742
1973.795	0.8	NonTarget	1	394759
1973.875	0.8	NonTarget	1	394775
1973.96	0.8	NonTarget	1	394792
1974.045	0.8	NonTarget	1	394809
1974.125	0.8	NonTarget	1	394825
1974.21	0.8	NonTarget	1	394842
1974.295	0.8	NonTarget	1	394859
1974.375	0.8	NonTarget	1	394875
1974.46	0.8	NonTarget	1	394892
1974.545	0.8	NonTarget	1	394909
1974.63	0.8	NonTarget	1	394926
1974.71	0.8	NonTarget	1	394942
1974.795	0.8	NonTarget	1	394959
1974.875	0.8	NonTarget	1	394975
1974.96	0.8	NonTarget	1	394992
1975.045	0.8	NonTarget	1	395009
1975.13	0.8	NonTarget	1	395026
1975.21	0.8	NonTarget	1	395042
1984.23	0.8	NonTarget	1	396846
1984.305	0.8	NonTarget	1	396861
1984.39	0.8	NonTarget	1	396878
1984.475	0.8	NonTarget	1	396895
1984.555	0.8	NonTarget	1	396911
1984.64	0.8	NonTarget	1	396928
1984.725	0.8	NonTarget	1	396945
1984.81	0.8	NonTarget	1	396962
1984.89	0.8	NonTarget	1	396978
1984.975	0.8	NonTarget	1	396995
1985.06	0.8	NonTarget	1	397012
1985.14	0.8	NonTarget	1	397028
1985.225	0.8	NonTarget	1	397045
1985.31	0.8	NonTarget	1	397062
1985.39	0.8	NonTarget	1	397078
1985.475	0.8	NonTarget	1	397095
1985.56	0.8	NonTarget	1	397112
1985.64	0.8	NonTarget	1	397128
1985.725	0.8	NonTarget	1	397145
1985.81	0.8	NonTarget	1	397162
1985.895	0.8	NonTarget	1	397179
1985.975	0.8	NonTarget	1	397195
1986.06	0.8	NonTarget	1	397212
1986.145	0.8	NonTarget	1	397229
1986.225	0.8	NonTarget	1	397245
1986.31	0.8	NonTarget	1	397262
1986.395	0.8	NonTarget	1	397279
1986.48	0.8	Target	2	397296
1986.56	0.8	NonTarget	1	397312
1986.645	0.8	NonTarget	1	397329
1987.045	0.8	NonTarget	1	397409
1987.13	0.8	NonTarget	1	397426
1987.215	0.8	NonTarget	1	397443
1987.295	0.8	NonTarget	1	397459
1987.38	0.8	NonTarget	1	397476
1987.46	0.8	NonTarget	1	397492
1987.545	0.8	NonTarget	1	397509
1987.63	0.8	NonTarget	1	397526
1987.71	0.8	NonTarget	1	397542
1987.795	0.8	NonTarget	1	397559
1987.88	0.8	NonTarget	1	397576
1987.965	0.8	NonTarget	1	397593
1988.045	0.8	NonTarget	1	397609
1988.13	0.8	NonTarget	1	397626
1988.215	0.8	NonTarget	1	397643
1988.3	0.8	NonTarget	1	397660
1988.38	0.8	NonTarget	1	397676
1988.465	0.8	NonTarget	1	397693
1988.55	0.8	NonTarget	1	397710
1988.63	0.8	NonTarget	1	397726
1988.715	0.8	NonTarget	1	397743
1988.795	0.8	NonTarget	1	397759
1988.88	0.8	Target	2	397776
1988.965	0.8	NonTarget	1	397793
1989.05	0.8	NonTarget	1	397810
1989.13	0.8	NonTarget	1	397826
1989.215	0.8	NonTarget	1	397843
1989.3	0.8	NonTarget	1	397860
1989.38	0.8	NonTarget	1	397876
1989.465	0.8	NonTarget	1	397893
1989.865	0.8	NonTarget	1	397973
1989.95	0.8	NonTarget	1	397990
1990.035	0.8	Target	2	398007
1990.115	0.8	NonTarget	1	398023
1990.2	0.8	NonTarget	1	398040
1990.285	0.8	NonTarget	1	398057
1990.365	0.8	NonTarget	1	398073
1990.45	0.8	NonTarget	1	398090
1990.535	0.8	NonTarget	1	398107
1990.615	0.8	NonTarget	1	398123
1990.7	0.8	NonTarget	1	398140
1990.785	0.8	NonTarget	1	398157
1990.865	0.8	NonTarget	1	398173
1990.95	0.8	NonTarget	1	398190
1991.035	0.8	NonTarget	1	398207
1991.115	0.8	NonTarget	1	398223
1991.2	0.8	NonTarget	1	398240
1991.285	0.8	NonTarget	1	398257
1991.365	0.8	NonTarget	1	398273
1991.45	0.8	NonTarget	1	398290
1991.535	0.8	NonTarget	1	398307
1991.62	0.8	NonTarget	1	398324
1991.7	0.8	NonTarget	1	398340
1991.785	0.8	NonTarget	1	398357
1991.87	0.8	NonTarget	1	398374
1991.95	0.8	NonTarget	1	398390
1992.035	0.8	NonTarget	1	398407
1992.12	0.8	NonTarget	1	398424
1992.2	0.8	NonTarget	1	398440
1992.285	0.8	NonTarget	1	398457
1992.685	0.8	NonTarget	1	398537
1992.77	0.8	NonTarget	1	398554
1992.855	0.8	NonTarget	1	398571
1992.935	0.8	NonTarget	1	398587
1993.02	0.8	NonTarget	1	398604
1993.105	0.8	NonTarget	1	398621
1993.185	0.8	NonTarget	1	398637
1993.27	0.8	NonTarget	1	398654
1993.355	0.8	NonTarget	1	398671
1993.435	0.8	NonTarget	1	398687
1993.52	0.8	NonTarget	1	398704
1993.605	0.8	NonTarget	1	398721
1993.685	0.8	NonTarget	1	398737
1993.77	0.8	NonTarget	1	398754
1993.855	0.8	NonTarget	1	398771
1993.94	0.8	NonTarget	1	398788
1994.02	0.8	NonTarget	1	398804
1994.105	0.8	NonTarget	1	398821
1994.19	0.8	NonTarget	1	398838
1994.27	0.8	NonTarget	1	398854
1994.355	0.8	NonTarget	1	398871
1994.44	0.8	NonTarget	1	398888
1994.52	0.8	NonTarget	1	398904
1994.605	0.8	NonTarget	1	398921
1994.69	0.8	NonTarget	1	398938
1994.775	0.8	NonTarget	1	398955
1994.855	0.8	NonTarget	1	398971
1994.94	0.8	Target	2	398988
1995.025	0.8	NonTarget	1	399005
1995.105	0.8	NonTarget	1	399021
1995.505	0.8	NonTarget	1	399101
1995.59	0.8	NonTarget	1	399118
1995.675	0.8	NonTarget	1	399135
1995.76	0.8	NonTarget	1	399152
1995.84	0.8	NonTarget	1	399168
1995.925	0.8	NonTarget	1	399185
1996.01	0.8	NonTarget	1	399202
1996.09	0.8	NonTarget	1	399218
1996.175	0.8	NonTarget	1	399235
1996.26	0.8	NonTarget	1	399252
1996.34	0.8	NonTarget	1	399268
1996.425	0.8	NonTarget	1	399285
1996.51	0.8	NonTarget	1	399302
1996.59	0.8	NonTarget	1	399318
1996.675	0.8	NonTarget	1	399335
1996.76	0.8	NonTarget	1	399352
1996.84	0.8	NonTarget	1	399368
1996.925	0.8	NonTarget	1	399385
1997.01	0.8	NonTarget	1	399402
1997.095	0.8	NonTarget	1	399419
1997.175	0.8	NonTarget	1	399435
1997.26	0.8	NonTarget	1	399452
1997.345	0.8	Target	2	399469
1997.425	0.8	NonTarget	1	399485
1997.51	0.8	NonTarget	1	399502
1997.595	0.8	NonTarget	1	399519
1997.675	0.8	NonTarget	1	399535
1997.76	0.8	NonTarget	1	399552
1997.845	0.8	NonTarget	1	399569
1997.925	0.8	NonTarget	1	399585
1998.33	0.8	NonTarget	1	399666
1998.41	0.8	NonTarget	1	399682
1998.495	0.8	NonTarget	1	399699
1998.58	0.8	NonTarget	1	399716
1998.66	0.8	NonTarget	1	399732
1998.745	0.8	NonTarget	1	399749
1998.825	0.8	NonTarget	1	399765
1998.91	0.8	Target	2	399782
1998.995	0.8	NonTarget	1	399799
1999.08	0.8	NonTarget	1	399816
1999.16	0.8	NonTarget	1	399832
1999.245	0.8	NonTarget	1	399849
1999.33	0.8	NonTarget	1	399866
1999.41	0.8	NonTarget	1	399882
1999.495	0.8	NonTarget	1	399899
1999.58	0.8	NonTarget	1	399916
1999.665	0.8	NonTarget	1	399933
1999.745	0.8	NonTarget	1	399949
1999.83	0.8	NonTarget	1	399966
1999.915	0.8	NonTarget	1	399983
1999.995	0.8	NonTarget	1	399999
2000.08	0.8	NonTarget	1	400016
2000.16	0.8	NonTarget	1	400032
2000.245	0.8	NonTarget	1	400049
2000.33	0.8	NonTarget	1	400066
2000.415	0.8	NonTarget	1	400083
2000.5	0.8	NonTarget	1	400100
2000.58	0.8	NonTarget	1	400116
2000.665	0.8	NonTarget	1	400133
2000.75	0.8	NonTarget	1	400150
2001.15	0.8	NonTarget	1	400230
2001.235	0.8	NonTarget	1	400247
2001.315	0.8	NonTarget	1	400263
2001.4	0.8	NonTarget	1	400280
2001.48	0.8	NonTarget	1	400296
2001.565	0.8	NonTarget	1	400313
2001.65	0.8	NonTarget	1	400330
2001.73	0.8	Target	2	400346
2001.815	0.8	NonTarget	1	400363
2001.9	0.8	NonTarget	1	400380
2001.985	0.8	NonTarget	1	400397
2002.065	0.8	NonTarget	1	400413
2002.15	0.8	NonTarget	1	400430
2002.235	0.8	NonTarget	1	400447
2002.315	0.8	NonTarget	1	400463
2002.4	0.8	NonTarget	1	400480
2002.485	0.8	NonTarget	1	400497
2002.565	0.8	NonTarget	1	400513
2002.65	0.8	NonTarget	1	400530
2002.735	0.8	NonTarget	1	400547
2002.815	0.8	NonTarget	1	400563
2002.9	0.8	NonTarget	1	400580
2002.985	0.8	NonTarget	1	400597
2003.07	0.8	NonTarget	1	400614
2003.15	0.8	NonTarget	1	400630
2003.235	0.8	NonTarget	1	400647
2003.315	0.8	NonTarget	1	400663
2003.4	0.8	NonTarget	1	400680
2003.485	0.8	NonTarget	1	400697
2003.57	0.8	NonTarget	1	400714
2003.97	0.8	NonTarget	1	400794
2004.055	0.8	NonTarget	1	400811
2004.135	0.8	NonTarget	1	400827
2004.22	0.8	NonTarget	1	400844
2004.305	0.8	NonTarget	1	400861
2004.39	0.8	NonTarget	1	400878
2004.47	0.8	NonTarget	1	400894
2004.555	0.8	Target	2	400911
2004.635	0.8	NonTarget	1	400927
2004.72	0.8	NonTarget	1	400944
2004.805	0.8	NonTarget	1	400961
2004.885	0.8	NonTarget	1	400977
2004.97	0.8	NonTarget	1	400994
2005.055	0.8	NonTarget	1	401011
2005.135	0.8	NonTarget	1	401027
2005.22	0.8	NonTarget	1	401044
2005.305	0.8	NonTarget	1	401061
2005.385	0.8	NonTarget	1	401077
2005.47	0.8	NonTarget	1	401094
2005.555	0.8	NonTarget	1	401111
2005.64	0.8	NonTarget	1	401128
2005.72	0.8	NonTarget	1	401144
2005.805	0.8	NonTarget	1	401161
2005.89	0.8	NonTarget	1	401178
2005.97	0.8	NonTarget	1	401194
2006.055	0.8	NonTarget	1	401211
2006.14	0.8	NonTarget	1	401228
2006.22	0.8	NonTarget	1	401244
2006.305	0.8	NonTarget	1	401261
2006.39	0.8	NonTarget	1	401278
2006.79	0.8	NonTarget	1	401358
2006.875	0.8	NonTarget	1	401375
2006.955	0.8	NonTarget	1	401391
2007.04	0.8	NonTarget	1	401408
2007.125	0.8	NonTarget	1	401425
2007.205	0.8	NonTarget	1	401441
2007.29	0.8	NonTarget	1	401458
2007.375	0.8	Target	2	401475
2007.455	0.8	NonTarget	1	401491
2007.54	0.8	NonTarget	1	401508
2007.625	0.8	NonTarget	1	401525
2007.705	0.8	NonTarget	1	401541
2007.79	0.8	NonTarget	1	401558
2007.875	0.8	NonTarget	1	401575
2007.96	0.8	NonTarget	1	401592
2008.04	0.8	NonTarget	1	401608
2008.125	0.8	NonTarget	1	401625
2008.21	0.8	NonTarget	1	401642
2008.29	0.8	NonTarget	1	401658
2008.375	0.8	NonTarget	1	401675
2008.46	0.8	NonTarget	1	401692
2008.54	0.8	NonTarget	1	401708
2008.625	0.8	NonTarget	1	401725
2008.71	0.8	NonTarget	1	401742
2008.79	0.8	NonTarget	1	401758
2008.875	0.8	NonTarget	1	401775
2008.96	0.8	NonTarget	1	401792
2009.04	0.8	NonTarget	1	401808
2009.125	0.8	NonTarget	1	401825
2009.21	0.8	NonTarget	1	401842
2009.61	0.8	NonTarget	1	401922
2009.695	0.8	NonTarget	1	401939
2009.775	0.8	NonTarget	1	401955
2009.86	0.8	NonTarget	1	401972
2009.945	0.8	NonTarget	1	401989
2010.03	0.8	NonTarget	1	402006
2010.11	0.8	NonTarget	1	402022
2010.195	0.8	NonTarget	1	402039
2010.28	0.8	NonTarget	1	402056
2010.36	0.8	NonTarget	1	402072
2010.445	0.8	NonTarget	1	402089
2010.53	0.8	NonTarget	1	402106
2010.61	0.8	NonTarget	1	402122
2010.695	0.8	NonTarget	1	402139
2010.78	0.8	NonTarget	1	402156
2010.865	0.8	NonTarget	1	402173
2010.945	0.8	NonTarget	1	402189
2011.03	0.8	NonTarget	1	402206
2011.115	0.8	NonTarget	1	402223
2011.195	0.8	NonTarget	1	402239
2011.28	0.8	NonTarget	1	402256
2011.36	0.8	NonTarget	1	402272
2011.445	0.8	NonTarget	1	402289
2011.53	0.8	NonTarget	1	402306
2011.615	0.8	NonTarget	1	402323
2011.695	0.8	NonTarget	1	402339
2011.78	0.8	NonTarget	1	402356
2011.865	0.8	Target	2	402373
2011.945	0.8	NonTarget	1	402389
2012.03	0.8	NonTarget	1	402406
2021.065	0.8	NonTarget	1	404213
2021.145	0.8	NonTarget	1	404229
2021.225	0.8	NonTarget	1	404245
2021.31	0.8	NonTarget	1	404262
2021.395	0.8	NonTarget	1	404279
2021.48	0.8	NonTarget	1	404296
2021.56	0.8	NonTarget	1	404312
2021.645	0.8	NonTarget	1	404329
2021.725	0.8	NonTarget	1	404345
2021.81	0.8	NonTarget	1	404362
2021.895	0.8	NonTarget	1	404379
2021.975	0.8	NonTarget	1	404395
2022.06	0.8	NonTarget	1	404412
2022.145	0.8	NonTarget	1	404429
2022.23	0.8	NonTarget	1	404446
2022.31	0.8	NonTarget	1	404462
2022.395	0.8	NonTarget	1	404479
2022.48	0.8	NonTarget	1	404496
2022.56	0.8	NonTarget	1	404512
2022.645	0.8	NonTarget	1	404529
2022.73	0.8	NonTarget	1	404546
2022.815	0.8	Target	2	404563
2022.895	0.8	NonTarget	1	404579
2022.98	0.8	NonTarget	1	404596
2023.065	0.8	NonTarget	1	404613
2023.145	0.8	NonTarget	1	404629
2023.23	0.8	NonTarget	1	404646
2023.315	0.8	NonTarget	1	404663
2023.4	0.8	NonTarget	1	404680
2023.48	0.8	NonTarget	1	404696
2023.88	0.8	NonTarget	1	404776
2023.965	0.8	NonTarget	1	404793
2024.05	0.8	NonTarget	1	404810
2024.13	0.8	NonTarget	1	404826
2024.215	0.8	NonTarget	1	404843
2024.3	0.8	NonTarget	1	404860
2024.38	0.8	NonTarget	1	404876
2024.465	0.8	NonTarget	1	404893
2024.55	0.8	NonTarget	1	404910
2024.63	0.8	NonTarget	1	404926
2024.715	0.8	NonTarget	1	404943
2024.8	0.8	NonTarget	1	404960
2024.88	0.8	NonTarget	1	404976
2024.965	0.8	NonTarget	1	404993
2025.05	0.8	NonTarget	1	405010
2025.135	0.8	NonTarget	1	405027
2025.215	0.8	Target	2	405043
2025.3	0.8	NonTarget	1	405060
2025.385	0.8	NonTarget	1	405077
2025.465	0.8	NonTarget	1	405093
2025.55	0.8	NonTarget	1	405110
2025.635	0.8	NonTarget	1	405127
2025.715	0.8	NonTarget	1	405143
2025.8	0.8	NonTarget	1	405160
2025.885	0.8	NonTarget	1	405177
2025.965	0.8	NonTarget	1	405193
2026.05	0.8	NonTarget	1	405210
2026.135	0.8	NonTarget	1	405227
2026.215	0.8	NonTarget	1	405243
2026.3	0.8	NonTarget	1	405260
2026.7	0.8	NonTarget	1	405340
2026.785	0.8	NonTarget	1	405357
2026.87	0.8	NonTarget	1	405374
2026.95	0.8	NonTarget	1	405390
2027.035	0.8	NonTarget	1	405407
2027.12	0.8	NonTarget	1	405424
2027.2	0.8	NonTarget	1	405440
2027.285	0.8	NonTarget	1	405457
2027.37	0.8	NonTarget	1	405474
2027.45	0.8	NonTarget	1	405490
2027.535	0.8	NonTarget	1	405507
2027.62	0.8	Target	2	405524
2027.705	0.8	NonTarget	1	405541
2027.79	0.8	NonTarget	1	405558
2027.87	0.8	NonTarget	1	405574
2027.955	0.8	NonTarget	1	405591
2028.035	0.8	NonTarget	1	405607
2028.12	0.8	NonTarget	1	405624
2028.205	0.8	NonTarget	1	405641
2028.285	0.8	NonTarget	1	405657
2028.37	0.8	NonTarget	1	405674
2028.455	0.8	NonTarget	1	405691
2028.535	0.8	NonTarget	1	405707
2028.62	0.8	NonTarget	1	405724
2028.705	0.8	NonTarget	1	405741
2028.79	0.8	NonTarget	1	405758
2028.87	0.8	NonTarget	1	405774
2028.955	0.8	NonTarget	1	405791
2029.04	0.8	NonTarget	1	405808
2029.12	0.8	NonTarget	1	405824
2029.52	0.8	NonTarget	1	405904
2029.605	0.8	NonTarget	1	405921
2029.69	0.8	NonTarget	1	405938
2029.77	0.8	NonTarget	1	405954
2029.855	0.8	NonTarget	1	405971
2029.94	0.8	NonTarget	1	405988
2030.025	0.8	NonTarget	1	406005
2030.105	0.8	NonTarget	1	406021
2030.19	0.8	NonTarget	1	406038
2030.275	0.8	NonTarget	1	406055
2030.355	0.8	NonTarget	1	406071
2030.44	0.8	NonTarget	1	406088
2030.52	0.8	NonTarget	1	406104
2030.605	0.8	NonTarget	1	406121
2030.69	0.8	NonTarget	1	406138
2030.775	0.8	NonTarget	1	406155
2030.855	0.8	NonTarget	1	406171
2030.94	0.8	NonTarget	1	406188
2031.025	0.8	NonTarget	1	406205
2031.105	0.8	NonTarget	1	406221
2031.19	0.8	NonTarget	1	406238
2031.275	0.8	NonTarget	1	406255
2031.355	0.8	NonTarget	1	406271
2031.44	0.8	NonTarget	1	406288
2031.525	0.8	NonTarget	1	406305
2031.61	0.8	NonTarget	1	406322
2031.69	0.8	Target	2	406338
2031.775	0.8	NonTarget	1	406355
2031.86	0.8	NonTarget	1	406372
2031.94	0.8	NonTarget	1	406388
2032.345	0.8	NonTarget	1	406469
2032.425	0.8	NonTarget	1	406485
2032.51	0.8	NonTarget	1	406502
2032.595	0.8	NonTarget	1	406519
2032.675	0.8	NonTarget	1	406535
2032.76	0.8	NonTarget	1	406552
2032.845	0.8	NonTarget	1	406569
2032.925	0.8	NonTarget	1	406585
2033.01	0.8	NonTarget	1	406602
2033.095	0.8	NonTarget	1	406619
2033.175	0.8	NonTarget	1	406635
2033.26	0.8	NonTarget	1	406652
2033.345	0.8	NonTarget	1	406669
2033.43	0.8	NonTarget	1	406686
2033.51	0.8	NonTarget	1	406702
2033.595	0.8	NonTarget	1	406719
2033.68	0.8	NonTarget	1	406736
2033.76	0.8	NonTarget	1	406752
2033.845	0.8	NonTarget	1	406769
2033.93	0.8	NonTarget	1	406786
2034.01	0.8	NonTarget	1	406802
2034.095	0.8	Target	2	406819
2034.18	0.8	NonTarget	1	406836
2034.26	0.8	NonTarget	1	406852
2034.345	0.8	NonTarget	1	406869
2034.43	0.8	NonTarget	1	406886
2034.51	0.8	NonTarget	1	406902
2034.595	0.8	NonTarget	1	406919
2034.68	0.8	NonTarget	1	406936
2034.765	0.8	NonTarget	1	406953
2035.165	0.8	NonTarget	1	407033
2035.245	0.8	NonTarget	1	407049
2035.33	0.8	NonTarget	1	407066
2035.415	0.8	NonTarget	1	407083
2035.495	0.8	NonTarget	1	407099
2035.58	0.8	NonTarget	1	407116
2035.665	0.8	NonTarget	1	407133
2035.75	0.8	NonTarget	1	407150
2035.83	0.8	NonTarget	1	407166
2035.91	0.8	NonTarget	1	407182
2036.0	0.8	NonTarget	1	407200
2036.08	0.8	NonTarget	1	407216
2036.165	0.8	NonTarget	1	407233
2036.25	0.8	NonTarget	1	407250
2036.33	0.8	NonTarget	1	407266
2036.415	0.8	NonTarget	1	407283
2036.495	0.8	NonTarget	1	407299
2036.58	0.8	NonTarget	1	407316
2036.665	0.8	NonTarget	1	407333
2036.75	0.8	NonTarget	1	407350
2036.83	0.8	NonTarget	1	407366
2036.915	0.8	Target	2	407383
2037.0	0.8	NonTarget	1	407400
2037.085	0.8	NonTarget	1	407417
2037.165	0.8	NonTarget	1	407433
2037.25	0.8	NonTarget	1	407450
2037.335	0.8	NonTarget	1	407467
2037.415	0.8	NonTarget	1	407483
2037.5	0.8	NonTarget	1	407500
2037.585	0.8	NonTarget	1	407517
2037.985	0.8	NonTarget	1	407597
2038.065	0.8	NonTarget	1	407613
2038.15	0.8	NonTarget	1	407630
2038.235	0.8	NonTarget	1	407647
2038.315	0.8	NonTarget	1	407663
2038.4	0.8	NonTarget	1	407680
2038.485	0.8	NonTarget	1	407697
2038.57	0.8	NonTarget	1	407714
2038.65	0.8	NonTarget	1	407730
2038.735	0.8	NonTarget	1	407747
2038.82	0.8	NonTarget	1	407764
2038.9	0.8	NonTarget	1	407780
2038.985	0.8	NonTarget	1	407797
2039.07	0.8	NonTarget	1	407814
2039.155	0.8	NonTarget	1	407831
2039.235	0.8	NonTarget	1	407847
2039.32	0.8	NonTarget	1	407864
2039.4	0.8	NonTarget	1	407880
2039.485	0.8	NonTarget	1	407897
2039.57	0.8	NonTarget	1	407914
2039.655	0.8	NonTarget	1	407931
2039.735	0.8	Target	2	407947
2039.82	0.8	NonTarget	1	407964
2039.905	0.8	NonTarget	1	407981
2039.985	0.8	NonTarget	1	407997
2040.07	0.8	NonTarget	1	408014
2040.155	0.8	NonTarget	1	408031
2040.235	0.8	NonTarget	1	408047
2040.32	0.8	NonTarget	1	408064
2040.405	0.8	NonTarget	1	408081
2040.805	0.8	NonTarget	1	408161
2040.89	0.8	NonTarget	1	408178
2040.97	0.8	NonTarget	1	408194
2041.055	0.8	NonTarget	1	408211
2041.14	0.8	NonTarget	1	408228
2041.22	0.8	NonTarget	1	408244
2041.305	0.8	NonTarget	1	408261
2041.39	0.8	NonTarget	1	408278
2041.475	0.8	NonTarget	1	408295
2041.555	0.8	NonTarget	1	408311
2041.64	0.8	NonTarget	1	408328
2041.72	0.8	NonTarget	1	408344
2041.805	0.8	NonTarget	1	408361
2041.89	0.8	NonTarget	1	408378
2041.97	0.8	NonTarget	1	408394
2042.055	0.8	NonTarget	1	408411
2042.14	0.8	NonTarget	1	408428
2042.225	0.8	NonTarget	1	408445
2042.305	0.8	NonTarget	1	408461
2042.39	0.8	NonTarget	1	408478
2042.475	0.8	NonTarget	1	408495
2042.555	0.8	NonTarget	1	408511
2042.64	0.8	NonTarget	1	408528
2042.725	0.8	NonTarget	1	408545
2042.81	0.8	NonTarget	1	408562
2042.89	0.8	NonTarget	1	408578
2042.975	0.8	Target	2	408595
2043.055	0.8	NonTarget	1	408611
2043.14	0.8	NonTarget	1	408628
2043.225	0.8	NonTarget	1	408645
2043.625	0.8	NonTarget	1	408725
2043.71	0.8	NonTarget	1	408742
2043.79	0.8	NonTarget	1	408758
2043.875	0.8	NonTarget	1	408775
2043.96	0.8	NonTarget	1	408792
2044.045	0.8	NonTarget	1	408809
2044.125	0.8	NonTarget	1	408825
2044.21	0.8	NonTarget	1	408842
2044.29	0.8	NonTarget	1	408858
2044.375	0.8	NonTarget	1	408875
2044.46	0.8	NonTarget	1	408892
2044.545	0.8	Target	2	408909
2044.625	0.8	NonTarget	1	408925
2044.71	0.8	NonTarget	1	408942
2044.795	0.8	NonTarget	1	408959
2044.875	0.8	NonTarget	1	408975
2044.96	0.8	NonTarget	1	408992
2045.045	0.8	NonTarget	1	409009
2045.125	0.8	NonTarget	1	409025
2045.21	0.8	NonTarget	1	409042
2045.295	0.8	NonTarget	1	409059
2045.375	0.8	NonTarget	1	409075
2045.46	0.8	NonTarget	1	409092
2045.545	0.8	NonTarget	1	409109
2045.63	0.8	NonTarget	1	409126
2045.71	0.8	NonTarget	1	409142
2045.795	0.8	NonTarget	1	409159
2045.88	0.8	NonTarget	1	409176
2045.965	0.8	NonTarget	1	409193
2046.045	0.8	NonTarget	1	409209
2046.445	0.8	NonTarget	1	409289
2046.53	0.8	NonTarget	1	409306
2046.615	0.8	NonTarget	1	409323
2046.695	0.8	NonTarget	1	409339
2046.78	0.8	NonTarget	1	409356
2046.865	0.8	NonTarget	1	409373
2046.945	0.8	NonTarget	1	409389
2047.03	0.8	NonTarget	1	409406
2047.115	0.8	NonTarget	1	409423
2047.195	0.8	NonTarget	1	409439
2047.28	0.8	NonTarget	1	409456
2047.36	0.8	NonTarget	1	409472
2047.445	0.8	NonTarget	1	409489
2047.53	0.8	NonTarget	1	409506
2047.615	0.8	NonTarget	1	409523
2047.695	0.8	NonTarget	1	409539
2047.78	0.8	NonTarget	1	409556
2047.865	0.8	NonTarget	1	409573
2047.95	0.8	NonTarget	1	409590
2048.03	0.8	NonTarget	1	409606
2048.115	0.8	NonTarget	1	409623
2048.2	0.8	NonTarget	1	409640
2048.28	0.8	NonTarget	1	409656
2048.365	0.8	NonTarget	1	409673
2048.45	0.8	NonTarget	1	409690
2048.535	0.8	NonTarget	1	409707
2048.615	0.8	Target	2	409723
2048.7	0.8	NonTarget	1	409740
2048.785	0.8	NonTarget	1	409757
2048.865	0.8	NonTarget	1	409773
2057.93	0.8	NonTarget	1	411586
2058.01	0.8	NonTarget	1	411602
2058.095	0.8	Target	2	411619
2058.18	0.8	NonTarget	1	411636
2058.26	0.8	NonTarget	1	411652
2058.345	0.8	NonTarget	1	411669
2058.43	0.8	NonTarget	1	411686
2058.51	0.8	NonTarget	1	411702
2058.595	0.8	NonTarget	1	411719
2058.68	0.8	NonTarget	1	411736
2058.765	0.8	NonTarget	1	411753
2058.845	0.8	NonTarget	1	411769
2058.93	0.8	NonTarget	1	411786
2059.015	0.8	NonTarget	1	411803
2059.095	0.8	NonTarget	1	411819
2059.18	0.8	NonTarget	1	411836
2059.265	0.8	NonTarget	1	411853
2059.35	0.8	NonTarget	1	411870
2059.43	0.8	NonTarget	1	411886
2059.515	0.8	NonTarget	1	411903
2059.6	0.8	NonTarget	1	411920
2059.68	0.8	NonTarget	1	411936
2059.765	0.8	NonTarget	1	411953
2059.85	0.8	NonTarget	1	411970
2059.93	0.8	NonTarget	1	411986
2060.015	0.8	NonTarget	1	412003
2060.1	0.8	NonTarget	1	412020
2060.18	0.8	NonTarget	1	412036
2060.265	0.8	NonTarget	1	412053
2060.35	0.8	NonTarget	1	412070
2060.75	0.8	NonTarget	1	412150
2060.835	0.8	NonTarget	1	412167
2060.915	0.8	Target	2	412183
2061.0	0.8	NonTarget	1	412200
2061.085	0.8	NonTarget	1	412217
2061.165	0.8	NonTarget	1	412233
2061.25	0.8	NonTarget	1	412250
2061.335	0.8	NonTarget	1	412267
2061.42	0.8	NonTarget	1	412284
2061.5	0.8	NonTarget	1	412300
2061.585	0.8	NonTarget	1	412317
2061.665	0.8	NonTarget	1	412333
2061.75	0.8	NonTarget	1	412350
2061.835	0.8	NonTarget	1	412367
2061.92	0.8	NonTarget	1	412384
2062.0	0.8	NonTarget	1	412400
2062.085	0.8	NonTarget	1	412417
2062.17	0.8	NonTarget	1	412434
2062.25	0.8	NonTarget	1	412450
2062.335	0.8	NonTarget	1	412467
2062.42	0.8	NonTarget	1	412484
2062.5	0.8	NonTarget	1	412500
2062.585	0.8	NonTarget	1	412517
2062.67	0.8	NonTarget	1	412534
2062.75	0.8	NonTarget	1	412550
2062.835	0.8	NonTarget	1	412567
2062.92	0.8	NonTarget	1	412584
2063.0	0.8	NonTarget	1	412600
2063.085	0.8	NonTarget	1	412617
2063.17	0.8	NonTarget	1	412634
2063.57	0.8	NonTarget	1	412714
2063.65	0.8	NonTarget	1	412730
2063.74	0.8	NonTarget	1	412748
2063.82	0.8	NonTarget	1	412764
2063.905	0.8	NonTarget	1	412781
2063.985	0.8	NonTarget	1	412797
2064.07	0.8	NonTarget	1	412814
2064.155	0.8	NonTarget	1	412831
2064.235	0.8	NonTarget	1	412847
2064.32	0.8	NonTarget	1	412864
2064.405	0.8	NonTarget	1	412881
2064.49	0.8	NonTarget	1	412898
2064.57	0.8	Target	2	412914
2064.655	0.8	NonTarget	1	412931
2064.74	0.8	NonTarget	1	412948
2064.82	0.8	NonTarget	1	412964
2064.905	0.8	NonTarget	1	412981
2064.985	0.8	NonTarget	1	412997
2065.07	0.8	NonTarget	1	413014
2065.155	0.8	NonTarget	1	413031
2065.24	0.8	NonTarget	1	413048
2065.325	0.8	NonTarget	1	413065
2065.405	0.8	NonTarget	1	413081
2065.49	0.8	NonTarget	1	413098
2065.57	0.8	NonTarget	1	413114
2065.655	0.8	NonTarget	1	413131
2065.74	0.8	NonTarget	1	413148
2065.825	0.8	NonTarget	1	413165
2065.905	0.8	NonTarget	1	413181
2065.99	0.8	NonTarget	1	413198
2066.39	0.8	NonTarget	1	413278
2066.475	0.8	NonTarget	1	413295
2066.56	0.8	NonTarget	1	413312
2066.64	0.8	NonTarget	1	413328
2066.725	0.8	NonTarget	1	413345
2066.805	0.8	NonTarget	1	413361
2066.89	0.8	NonTarget	1	413378
2066.975	0.8	NonTarget	1	413395
2067.06	0.8	NonTarget	1	413412
2067.14	0.8	NonTarget	1	413428
2067.225	0.8	NonTarget	1	413445
2067.305	0.8	NonTarget	1	413461
2067.39	0.8	NonTarget	1	413478
2067.475	0.8	NonTarget	1	413495
2067.56	0.8	NonTarget	1	413512
2067.64	0.8	NonTarget	1	413528
2067.725	0.8	NonTarget	1	413545
2067.81	0.8	Target	2	413562
2067.895	0.8	NonTarget	1	413579
2067.975	0.8	NonTarget	1	413595
2068.06	0.8	NonTarget	1	413612
2068.145	0.8	NonTarget	1	413629
2068.225	0.8	NonTarget	1	413645
2068.31	0.8	NonTarget	1	413662
2068.395	0.8	NonTarget	1	413679
2068.475	0.8	NonTarget	1	413695
2068.56	0.8	NonTarget	1	413712
2068.645	0.8	NonTarget	1	413729
2068.73	0.8	NonTarget	1	413746
2068.81	0.8	NonTarget	1	413762
2069.21	0.8	NonTarget	1	413842
2069.295	0.8	NonTarget	1	413859
2069.38	0.8	NonTarget	1	413876
2069.46	0.8	NonTarget	1	413892
2069.545	0.8	NonTarget	1	413909
2069.63	0.8	NonTarget	1	413926
2069.71	0.8	NonTarget	1	413942
2069.795	0.8	NonTarget	1	413959
2069.88	0.8	NonTarget	1	413976
2069.96	0.8	NonTarget	1	413992
2070.045	0.8	NonTarget	1	414009
2070.13	0.8	NonTarget	1	414026
2070.215	0.8	NonTarget	1	414043
2070.295	0.8	NonTarget	1	414059
2070.38	0.8	NonTarget	1	414076
2070.465	0.8	NonTarget	1	414093
2070.545	0.8	NonTarget	1	414109
2070.63	0.8	Target	2	414126
2070.715	0.8	NonTarget	1	414143
2070.795	0.8	NonTarget	1	414159
2070.88	0.8	NonTarget	1	414176
2070.965	0.8	NonTarget	1	414193
2071.05	0.8	NonTarget	1	414210
2071.13	0.8	NonTarget	1	414226
2071.215	0.8	NonTarget	1	414243
2071.3	0.8	NonTarget	1	414260
2071.38	0.8	NonTarget	1	414276
2071.465	0.8	NonTarget	1	414293
2071.55	0.8	NonTarget	1	414310
2071.63	0.8	NonTarget	1	414326
2072.03	0.8	NonTarget	1	414406
2072.115	0.8	NonTarget	1	414423
2072.2	0.8	NonTarget	1	414440
2072.285	0.8	NonTarget	1	414457
2072.365	0.8	NonTarget	1	414473
2072.45	0.8	NonTarget	1	414490
2072.535	0.8	NonTarget	1	414507
2072.62	0.8	NonTarget	1	414524
2072.7	0.8	NonTarget	1	414540
2072.785	0.8	NonTarget	1	414557
2072.865	0.8	NonTarget	1	414573
2072.95	0.8	NonTarget	1	414590
2073.035	0.8	NonTarget	1	414607
2073.115	0.8	NonTarget	1	414623
2073.2	0.8	NonTarget	1	414640
2073.285	0.8	NonTarget	1	414657
2073.365	0.8	NonTarget	1	414673
2073.45	0.8	Target	2	414690
2073.535	0.8	NonTarget	1	414707
2073.62	0.8	NonTarget	1	414724
2073.7	0.8	NonTarget	1	414740
2073.785	0.8	NonTarget	1	414757
2073.87	0.8	NonTarget	1	414774
2073.95	0.8	NonTarget	1	414790
2074.035	0.8	NonTarget	1	414807
2074.12	0.8	NonTarget	1	414824
2074.2	0.8	NonTarget	1	414840
2074.285	0.8	NonTarget	1	414857
2074.37	0.8	NonTarget	1	414874
2074.45	0.8	NonTarget	1	414890
2074.85	0.8	NonTarget	1	414970
2074.935	0.8	NonTarget	1	414987
2075.02	0.8	NonTarget	1	415004
2075.105	0.8	NonTarget	1	415021
2075.185	0.8	NonTarget	1	415037
2075.27	0.8	NonTarget	1	415054
2075.355	0.8	NonTarget	1	415071
2075.435	0.8	NonTarget	1	415087
2075.52	0.8	NonTarget	1	415104
2075.605	0.8	NonTarget	1	415121
2075.69	0.8	NonTarget	1	415138
2075.77	0.8	NonTarget	1	415154
2075.855	0.8	Target	2	415171
2075.94	0.8	NonTarget	1	415188
2076.02	0.8	NonTarget	1	415204
2076.105	0.8	NonTarget	1	415221
2076.19	0.8	NonTarget	1	415238
2076.27	0.8	NonTarget	1	415254
2076.355	0.8	NonTarget	1	415271
2076.44	0.8	NonTarget	1	415288
2076.52	0.8	NonTarget	1	415304
2076.605	0.8	NonTarget	1	415321
2076.69	0.8	NonTarget	1	415338
2076.775	0.8	NonTarget	1	415355
2076.855	0.8	NonTarget	1	415371
2076.94	0.8	NonTarget	1	415388
2077.025	0.8	NonTarget	1	415405
2077.105	0.8	NonTarget	1	415421
2077.19	0.8	NonTarget	1	415438
2077.27	0.8	NonTarget	1	415454
2077.675	0.8	NonTarget	1	415535
2077.755	0.8	NonTarget	1	415551
2077.84	0.8	NonTarget	1	415568
2077.925	0.8	NonTarget	1	415585
2078.005	0.8	NonTarget	1	415601
2078.09	0.8	NonTarget	1	415618
2078.175	0.8	NonTarget	1	415635
2078.255	0.8	NonTarget	1	415651
2078.34	0.8	NonTarget	1	415668
2078.425	0.8	NonTarget	1	415685
2078.505	0.8	NonTarget	1	415701
2078.59	0.8	NonTarget	1	415718
2078.675	0.8	Target	2	415735
2078.76	0.8	NonTarget	1	415752
2078.845	0.8	NonTarget	1	415769
2078.925	0.8	NonTarget	1	415785
2079.01	0.8	NonTarget	1	415802
2079.09	0.8	NonTarget	1	415818
2079.175	0.8	NonTarget	1	415835
2079.26	0.8	NonTarget	1	415852
2079.345	0.8	NonTarget	1	415869
2079.425	0.8	NonTarget	1	415885
2079.51	0.8	NonTarget	1	415902
2079.595	0.8	NonTarget	1	415919
2079.675	0.8	NonTarget	1	415935
2079.76	0.8	NonTarget	1	415952
2079.845	0.8	NonTarget	1	415969
2079.925	0.8	NonTarget	1	415985
2080.01	0.8	NonTarget	1	416002
2080.095	0.8	NonTarget	1	416019
2080.495	0.8	NonTarget	1	416099
2080.575	0.8	NonTarget	1	416115
2080.66	0.8	NonTarget	1	416132
2080.745	0.8	NonTarget	1	416149
2080.825	0.8	NonTarget	1	416165
2080.91	0.8	NonTarget	1	416182
2080.995	0.8	NonTarget	1	416199
2081.08	0.8	Target	2	416216
2081.16	0.8	NonTarget	1	416232
2081.245	0.8	NonTarget	1	416249
2081.33	0.8	NonTarget	1	416266
2081.41	0.8	NonTarget	1	416282
2081.495	0.8	NonTarget	1	416299
2081.58	0.8	NonTarget	1	416316
2081.665	0.8	NonTarget	1	416333
2081.745	0.8	NonTarget	1	416349
2081.825	0.8	NonTarget	1	416365
2081.91	0.8	NonTarget	1	416382
2081.995	0.8	NonTarget	1	416399
2082.08	0.8	NonTarget	1	416416
2082.165	0.8	NonTarget	1	416433
2082.245	0.8	NonTarget	1	416449
2082.33	0.8	NonTarget	1	416466
2082.415	0.8	NonTarget	1	416483
2082.495	0.8	NonTarget	1	416499
2082.58	0.8	NonTarget	1	416516
2082.665	0.8	NonTarget	1	416533
2082.75	0.8	NonTarget	1	416550
2082.83	0.8	NonTarget	1	416566
2082.91	0.8	NonTarget	1	416582
2083.315	0.8	NonTarget	1	416663
2083.395	0.8	NonTarget	1	416679
2083.485	0.8	NonTarget	1	416697
2083.565	0.8	NonTarget	1	416713
2083.65	0.8	NonTarget	1	416730
2083.73	0.8	NonTarget	1	416746
2083.815	0.8	NonTarget	1	416763
2083.9	0.8	NonTarget	1	416780
2083.985	0.8	NonTarget	1	416797
2084.065	0.8	NonTarget	1	416813
2084.15	0.8	NonTarget	1	416830
2084.235	0.8	NonTarget	1	416847
2084.315	0.8	Target	2	416863
2084.4	0.8	NonTarget	1	416880
2084.48	0.8	NonTarget	1	416896
2084.565	0.8	NonTarget	1	416913
2084.65	0.8	NonTarget	1	416930
2084.735	0.8	NonTarget	1	416947
2084.815	0.8	NonTarget	1	416963
2084.9	0.8	NonTarget	1	416980
2084.985	0.8	NonTarget	1	416997
2085.065	0.8	NonTarget	1	417013
2085.15	0.8	NonTarget	1	417030
2085.235	0.8	NonTarget	1	417047
2085.315	0.8	NonTarget	1	417063
2085.4	0.8	NonTarget	1	417080
2085.485	0.8	NonTarget	1	417097
2085.57	0.8	NonTarget	1	417114
2085.65	0.8	NonTarget	1	417130
2085.735	0.8	NonTarget	1	417147
2094.75	0.8	NonTarget	1	418950
2094.83	0.8	NonTarget	1	418966
2094.915	0.8	NonTarget	1	418983
2094.995	0.8	NonTarget	1	418999
2095.08	0.8	NonTarget	1	419016
2095.165	0.8	NonTarget	1	419033
2095.25	0.8	NonTarget	1	419050
2095.33	0.8	NonTarget	1	419066
2095.415	0.8	NonTarget	1	419083
2095.5	0.8	NonTarget	1	419100
2095.58	0.8	NonTarget	1	419116
2095.665	0.8	NonTarget	1	419133
2095.75	0.8	NonTarget	1	419150
2095.83	0.8	NonTarget	1	419166
2095.915	0.8	Target	2	419183
2096.0	0.8	NonTarget	1	419200
2096.085	0.8	NonTarget	1	419217
2096.165	0.8	NonTarget	1	419233
2096.25	0.8	NonTarget	1	419250
2096.335	0.8	NonTarget	1	419267
2096.415	0.8	NonTarget	1	419283
2096.5	0.8	NonTarget	1	419300
2096.585	0.8	NonTarget	1	419317
2096.665	0.8	NonTarget	1	419333
2096.75	0.8	NonTarget	1	419350
2096.835	0.8	NonTarget	1	419367
2096.915	0.8	NonTarget	1	419383
2097.0	0.8	NonTarget	1	419400
2097.085	0.8	NonTarget	1	419417
2097.165	0.8	NonTarget	1	419433
2097.565	0.8	NonTarget	1	419513
2097.65	0.8	NonTarget	1	419530
2097.735	0.8	NonTarget	1	419547
2097.82	0.8	NonTarget	1	419564
2097.9	0.8	NonTarget	1	419580
2097.985	0.8	NonTarget	1	419597
2098.07	0.8	NonTarget	1	419614
2098.15	0.8	NonTarget	1	419630
2098.235	0.8	NonTarget	1	419647
2098.32	0.8	NonTarget	1	419664
2098.4	0.8	NonTarget	1	419680
2098.485	0.8	NonTarget	1	419697
2098.57	0.8	NonTarget	1	419714
2098.655	0.8	NonTarget	1	419731
2098.735	0.8	NonTarget	1	419747
2098.82	0.8	NonTarget	1	419764
2098.9	0.8	NonTarget	1	419780
2098.985	0.8	NonTarget	1	419797
2099.07	0.8	NonTarget	1	419814
2099.155	0.8	Target	2	419831
2099.235	0.8	NonTarget	1	419847
2099.32	0.8	NonTarget	1	419864
2099.405	0.8	NonTarget	1	419881
2099.485	0.8	NonTarget	1	419897
2099.57	0.8	NonTarget	1	419914
2099.655	0.8	NonTarget	1	419931
2099.735	0.8	NonTarget	1	419947
2099.82	0.8	NonTarget	1	419964
2099.905	0.8	NonTarget	1	419981
2099.99	0.8	NonTarget	1	419998
2100.385	0.8	NonTarget	1	420077
2100.47	0.8	NonTarget	1	420094
2100.555	0.8	NonTarget	1	420111
2100.64	0.8	NonTarget	1	420128
2100.725	0.8	NonTarget	1	420145
2100.805	0.8	NonTarget	1	420161
2100.89	0.8	NonTarget	1	420178
2100.975	0.8	NonTarget	1	420195
2101.055	0.8	NonTarget	1	420211
2101.14	0.8	NonTarget	1	420228
2101.225	0.8	NonTarget	1	420245
2101.305	0.8	NonTarget	1	420261
2101.39	0.8	NonTarget	1	420278
2101.475	0.8	NonTarget	1	420295
2101.555	0.8	Target	2	420311
2101.64	0.8	NonTarget	1	420328
2101.725	0.8	NonTarget	1	420345
2101.805	0.8	NonTarget	1	420361
2101.89	0.8	NonTarget	1	420378
2101.975	0.8	NonTarget	1	420395
2102.055	0.8	NonTarget	1	420411
2102.14	0.8	NonTarget	1	420428
2102.225	0.8	NonTarget	1	420445
2102.31	0.8	NonTarget	1	420462
2102.39	0.8	NonTarget	1	420478
2102.475	0.8	NonTarget	1	420495
2102.56	0.8	NonTarget	1	420512
2102.64	0.8	NonTarget	1	420528
2102.725	0.8	NonTarget	1	420545
2102.81	0.8	NonTarget	1	420562
2103.21	0.8	NonTarget	1	420642
2103.295	0.8	NonTarget	1	420659
2103.38	0.8	NonTarget	1	420676
2103.46	0.8	NonTarget	1	420692
2103.545	0.8	Target	2	420709
2103.625	0.8	NonTarget	1	420725
2103.71	0.8	NonTarget	1	420742
2103.795	0.8	NonTarget	1	420759
2103.875	0.8	NonTarget	1	420775
2103.96	0.8	NonTarget	1	420792
2104.045	0.8	NonTarget	1	420809
2104.125	0.8	NonTarget	1	420825
2104.21	0.8	NonTarget	1	420842
2104.295	0.8	NonTarget	1	420859
2104.38	0.8	NonTarget	1	420876
2104.46	0.8	NonTarget	1	420892
2104.545	0.8	NonTarget	1	420909
2104.625	0.8	NonTarget	1	420925
2104.71	0.8	NonTarget	1	420942
2104.795	0.8	NonTarget	1	420959
2104.88	0.8	NonTarget	1	420976
2104.96	0.8	NonTarget	1	420992
2105.045	0.8	NonTarget	1	421009
2105.13	0.8	NonTarget	1	421026
2105.215	0.8	NonTarget	1	421043
2105.295	0.8	NonTarget	1	421059
2105.38	0.8	NonTarget	1	421076
2105.465	0.8	NonTarget	1	421093
2105.545	0.8	NonTarget	1	421109
2105.63	0.8	NonTarget	1	421126
2106.03	0.8	NonTarget	1	421206
2106.115	0.8	NonTarget	1	421223
2106.195	0.8	NonTarget	1	421239
2106.28	0.8	NonTarget	1	421256
2106.365	0.8	NonTarget	1	421273
2106.45	0.8	NonTarget	1	421290
2106.53	0.8	NonTarget	1	421306
2106.615	0.8	NonTarget	1	421323
2106.7	0.8	NonTarget	1	421340
2106.78	0.8	Target	2	421356
2106.865	0.8	NonTarget	1	421373
2106.95	0.8	NonTarget	1	421390
2107.035	0.8	NonTarget	1	421407
2107.115	0.8	NonTarget	1	421423
2107.195	0.8	NonTarget	1	421439
2107.28	0.8	NonTarget	1	421456
2107.365	0.8	NonTarget	1	421473
2107.45	0.8	NonTarget	1	421490
2107.535	0.8	NonTarget	1	421507
2107.615	0.8	NonTarget	1	421523
2107.7	0.8	NonTarget	1	421540
2107.78	0.8	NonTarget	1	421556
2107.865	0.8	NonTarget	1	421573
2107.95	0.8	NonTarget	1	421590
2108.035	0.8	NonTarget	1	421607
2108.115	0.8	NonTarget	1	421623
2108.2	0.8	NonTarget	1	421640
2108.285	0.8	NonTarget	1	421657
2108.365	0.8	NonTarget	1	421673
2108.45	0.8	NonTarget	1	421690
2108.85	0.8	NonTarget	1	421770
2108.935	0.8	NonTarget	1	421787
2109.02	0.8	NonTarget	1	421804
2109.1	0.8	NonTarget	1	421820
2109.185	0.8	NonTarget	1	421837
2109.265	0.8	NonTarget	1	421853
2109.35	0.8	NonTarget	1	421870
2109.435	0.8	NonTarget	1	421887
2109.52	0.8	NonTarget	1	421904
2109.6	0.8	Target	2	421920
2109.685	0.8	NonTarget	1	421937
2109.77	0.8	NonTarget	1	421954
2109.85	0.8	NonTarget	1	421970
2109.935	0.8	NonTarget	1	421987
2110.02	0.8	NonTarget	1	422004
2110.105	0.8	NonTarget	1	422021
2110.185	0.8	NonTarget	1	422037
2110.27	0.8	NonTarget	1	422054
2110.355	0.8	NonTarget	1	422071
2110.435	0.8	NonTarget	1	422087
2110.52	0.8	NonTarget	1	422104
2110.605	0.8	NonTarget	1	422121
2110.685	0.8	NonTarget	1	422137
2110.77	0.8	NonTarget	1	422154
2110.85	0.8	NonTarget	1	422170
2110.94	0.8	NonTarget	1	422188
2111.02	0.8	NonTarget	1	422204
2111.105	0.8	NonTarget	1	422221
2111.19	0.8	NonTarget	1	422238
2111.27	0.8	NonTarget	1	422254
2111.67	0.8	NonTarget	1	422334
2111.755	0.8	NonTarget	1	422351
2111.84	0.8	NonTarget	1	422368
2111.92	0.8	NonTarget	1	422384
2112.005	0.8	NonTarget	1	422401
2112.085	0.8	NonTarget	1	422417
2112.17	0.8	NonTarget	1	422434
2112.255	0.8	NonTarget	1	422451
2112.34	0.8	NonTarget	1	422468
2112.425	0.8	NonTarget	1	422485
2112.505	0.8	NonTarget	1	422501
2112.59	0.8	NonTarget	1	422518
2112.67	0.8	NonTarget	1	422534
2112.755	0.8	NonTarget	1	422551
2112.84	0.8	NonTarget	1	422568
2112.925	0.8	NonTarget	1	422585
2113.005	0.8	NonTarget	1	422601
2113.09	0.8	NonTarget	1	422618
2113.175	0.8	NonTarget	1	422635
2113.255	0.8	NonTarget	1	422651
2113.34	0.8	NonTarget	1	422668
2113.425	0.8	NonTarget	1	422685
2113.51	0.8	NonTarget	1	422702
2113.59	0.8	NonTarget	1	422718
2113.675	0.8	NonTarget	1	422735
2113.76	0.8	NonTarget	1	422752
2113.84	0.8	NonTarget	1	422768
2113.925	0.8	NonTarget	1	422785
2114.01	0.8	NonTarget	1	422802
2114.09	0.8	Target	2	422818
2114.49	0.8	NonTarget	1	422898
2114.575	0.8	NonTarget	1	422915
2114.66	0.8	NonTarget	1	422932
2114.745	0.8	NonTarget	1	422949
2114.825	0.8	NonTarget	1	422965
2114.91	0.8	NonTarget	1	422982
2114.995	0.8	NonTarget	1	422999
2115.075	0.8	NonTarget	1	423015
2115.16	0.8	NonTarget	1	423032
2115.24	0.8	NonTarget	1	423048
2115.325	0.8	NonTarget	1	423065
2115.41	0.8	NonTarget	1	423082
2115.495	0.8	NonTarget	1	423099
2115.575	0.8	NonTarget	1	423115
2115.66	0.8	NonTarget	1	423132
2115.745	0.8	NonTarget	1	423149
2115.825	0.8	NonTarget	1	423165
2115.91	0.8	NonTarget	1	423182
2115.995	0.8	NonTarget	1	423199
2116.075	0.8	NonTarget	1	423215
2116.16	0.8	NonTarget	1	423232
2116.245	0.8	NonTarget	1	423249
2116.33	0.8	NonTarget	1	423266
2116.41	0.8	NonTarget	1	423282
2116.495	0.8	Target	2	423299
2116.58	0.8	NonTarget	1	423316
2116.66	0.8	NonTarget	1	423332
2116.745	0.8	NonTarget	1	423349
2116.83	0.8	NonTarget	1	423366
2116.915	0.8	NonTarget	1	423383
2117.31	0.8	NonTarget	1	423462
2117.395	0.8	NonTarget	1	423479
2117.48	0.8	NonTarget	1	423496
2117.565	0.8	NonTarget	1	423513
2117.65	0.8	NonTarget	1	423530
2117.73	0.8	NonTarget	1	423546
2117.81	0.8	NonTarget	1	423562
2117.9	0.8	NonTarget	1	423580
2117.98	0.8	NonTarget	1	423596
2118.065	0.8	NonTarget	1	423613
2118.145	0.8	NonTarget	1	423629
2118.23	0.8	NonTarget	1	423646
2118.31	0.8	NonTarget	1	423662
2118.395	0.8	NonTarget	1	423679
2118.48	0.8	NonTarget	1	423696
2118.565	0.8	NonTarget	1	423713
2118.65	0.8	NonTarget	1	423730
2118.73	0.8	NonTarget	1	423746
2118.815	0.8	NonTarget	1	423763
2118.9	0.8	NonTarget	1	423780
2118.98	0.8	NonTarget	1	423796
2119.065	0.8	NonTarget	1	423813
2119.15	0.8	NonTarget	1	423830
2119.235	0.8	NonTarget	1	423847
2119.315	0.8	NonTarget	1	423863
2119.4	0.8	NonTarget	1	423880
2119.48	0.8	NonTarget	1	423896
2119.565	0.8	NonTarget	1	423913
2119.65	0.8	NonTarget	1	423930
2119.735	0.8	Target	2	423947
2120.13	0.8	NonTarget	1	424026
2120.215	0.8	NonTarget	1	424043
2120.3	0.8	NonTarget	1	424060
2120.385	0.8	NonTarget	1	424077
2120.47	0.8	NonTarget	1	424094
2120.55	0.8	NonTarget	1	424110
2120.635	0.8	NonTarget	1	424127
2120.715	0.8	NonTarget	1	424143
2120.8	0.8	NonTarget	1	424160
2120.885	0.8	NonTarget	1	424177
2120.97	0.8	NonTarget	1	424194
2121.05	0.8	NonTarget	1	424210
2121.135	0.8	NonTarget	1	424227
2121.22	0.8	NonTarget	1	424244
2121.3	0.8	NonTarget	1	424260
2121.385	0.8	NonTarget	1	424277
2121.465	0.8	NonTarget	1	424293
2121.55	0.8	NonTarget	1	424310
2121.635	0.8	NonTarget	1	424327
2121.72	0.8	Target	2	424344
2121.805	0.8	NonTarget	1	424361
2121.885	0.8	NonTarget	1	424377
2121.97	0.8	NonTarget	1	424394
2122.055	0.8	NonTarget	1	424411
2122.135	0.8	NonTarget	1	424427
2122.22	0.8	NonTarget	1	424444
2122.305	0.8	NonTarget	1	424461
2122.385	0.8	NonTarget	1	424477
2122.47	0.8	NonTarget	1	424494
2122.555	0.8	NonTarget	1	424511
2131.585	0.8	NonTarget	1	426317
2131.665	0.8	NonTarget	1	426333
2131.75	0.8	NonTarget	1	426350
2131.835	0.8	NonTarget	1	426367
2131.92	0.8	NonTarget	1	426384
2132.0	0.8	NonTarget	1	426400
2132.085	0.8	NonTarget	1	426417
2132.165	0.8	NonTarget	1	426433
2132.25	0.8	Target	2	426450
2132.33	0.8	NonTarget	1	426466
2132.42	0.8	NonTarget	1	426484
2132.5	0.8	NonTarget	1	426500
2132.585	0.8	NonTarget	1	426517
2132.67	0.8	NonTarget	1	426534
2132.75	0.8	NonTarget	1	426550
2132.835	0.8	NonTarget	1	426567
2132.92	0.8	NonTarget	1	426584
2133.0	0.8	NonTarget	1	426600
2133.085	0.8	NonTarget	1	426617
2133.17	0.8	NonTarget	1	426634
2133.25	0.8	NonTarget	1	426650
2133.335	0.8	NonTarget	1	426667
2133.42	0.8	NonTarget	1	426684
2133.5	0.8	NonTarget	1	426700
2133.585	0.8	NonTarget	1	426717
2133.67	0.8	NonTarget	1	426734
2133.755	0.8	NonTarget	1	426751
2133.835	0.8	NonTarget	1	426767
2133.92	0.8	NonTarget	1	426784
2134.005	0.8	NonTarget	1	426801
2134.405	0.8	NonTarget	1	426881
2134.485	0.8	NonTarget	1	426897
2134.57	0.8	NonTarget	1	426914
2134.655	0.8	NonTarget	1	426931
2134.74	0.8	NonTarget	1	426948
2134.82	0.8	NonTarget	1	426964
2134.905	0.8	NonTarget	1	426981
2134.985	0.8	NonTarget	1	426997
2135.07	0.8	Target	2	427014
2135.155	0.8	NonTarget	1	427031
2135.24	0.8	NonTarget	1	427048
2135.32	0.8	NonTarget	1	427064
2135.405	0.8	NonTarget	1	427081
2135.49	0.8	NonTarget	1	427098
2135.57	0.8	NonTarget	1	427114
2135.655	0.8	NonTarget	1	427131
2135.74	0.8	NonTarget	1	427148
2135.825	0.8	NonTarget	1	427165
2135.905	0.8	NonTarget	1	427181
2135.99	0.8	NonTarget	1	427198
2136.07	0.8	NonTarget	1	427214
2136.155	0.8	NonTarget	1	427231
2136.24	0.8	NonTarget	1	427248
2136.325	0.8	NonTarget	1	427265
2136.405	0.8	NonTarget	1	427281
2136.49	0.8	NonTarget	1	427298
2136.575	0.8	NonTarget	1	427315
2136.655	0.8	NonTarget	1	427331
2136.74	0.8	NonTarget	1	427348
2136.825	0.8	NonTarget	1	427365
2137.225	0.8	NonTarget	1	427445
2137.305	0.8	NonTarget	1	427461
2137.39	0.8	NonTarget	1	427478
2137.475	0.8	NonTarget	1	427495
2137.555	0.8	NonTarget	1	427511
2137.64	0.8	NonTarget	1	427528
2137.725	0.8	NonTarget	1	427545
2137.805	0.8	NonTarget	1	427561
2137.895	0.8	NonTarget	1	427579
2137.975	0.8	NonTarget	1	427595
2138.06	0.8	NonTarget	1	427612
2138.145	0.8	NonTarget	1	427629
2138.225	0.8	NonTarget	1	427645
2138.31	0.8	NonTarget	1	427662
2138.39	0.8	NonTarget	1	427678
2138.475	0.8	NonTarget	1	427695
2138.56	0.8	NonTarget	1	427712
2138.645	0.8	NonTarget	1	427729
2138.725	0.8	NonTarget	1	427745
2138.81	0.8	NonTarget	1	427762
2138.895	0.8	NonTarget	1	427779
2138.98	0.8	NonTarget	1	427796
2139.06	0.8	NonTarget	1	427812
2139.145	0.8	Target	2	427829
2139.23	0.8	NonTarget	1	427846
2139.31	0.8	NonTarget	1	427862
2139.395	0.8	NonTarget	1	427879
2139.475	0.8	NonTarget	1	427895
2139.56	0.8	NonTarget	1	427912
2139.645	0.8	NonTarget	1	427929
2140.045	0.8	NonTarget	1	428009
2140.13	0.8	NonTarget	1	428026
2140.21	0.8	NonTarget	1	428042
2140.295	0.8	Target	2	428059
2140.38	0.8	NonTarget	1	428076
2140.465	0.8	NonTarget	1	428093
2140.545	0.8	NonTarget	1	428109
2140.63	0.8	NonTarget	1	428126
2140.715	0.8	NonTarget	1	428143
2140.795	0.8	NonTarget	1	428159
2140.88	0.8	NonTarget	1	428176
2140.965	0.8	NonTarget	1	428193
2141.045	0.8	NonTarget	1	428209
2141.13	0.8	NonTarget	1	428226
2141.21	0.8	NonTarget	1	428242
2141.295	0.8	NonTarget	1	428259
2141.38	0.8	NonTarget	1	428276
2141.465	0.8	NonTarget	1	428293
2141.55	0.8	NonTarget	1	428310
2141.63	0.8	NonTarget	1	428326
2141.715	0.8	NonTarget	1	428343
2141.795	0.8	NonTarget	1	428359
2141.88	0.8	NonTarget	1	428376
2141.965	0.8	NonTarget	1	428393
2142.05	0.8	NonTarget	1	428410
2142.135	0.8	NonTarget	1	428427
2142.215	0.8	NonTarget	1	428443
2142.3	0.8	NonTarget	1	428460
2142.38	0.8	NonTarget	1	428476
2142.465	0.8	NonTarget	1	428493
2142.865	0.8	NonTarget	1	428573
2142.95	0.8	NonTarget	1	428590
2143.035	0.8	NonTarget	1	428607
2143.115	0.8	Target	2	428623
2143.2	0.8	NonTarget	1	428640
2143.285	0.8	NonTarget	1	428657
2143.365	0.8	NonTarget	1	428673
2143.45	0.8	NonTarget	1	428690
2143.535	0.8	NonTarget	1	428707
2143.615	0.8	NonTarget	1	428723
2143.7	0.8	NonTarget	1	428740
2143.785	0.8	NonTarget	1	428757
2143.87	0.8	NonTarget	1	428774
2143.95	0.8	NonTarget	1	428790
2144.035	0.8	NonTarget	1	428807
2144.115	0.8	NonTarget	1	428823
2144.2	0.8	NonTarget	1	428840
2144.285	0.8	NonTarget	1	428857
2144.37	0.8	NonTarget	1	428874
2144.45	0.8	NonTarget	1	428890
2144.535	0.8	NonTarget	1	428907
2144.62	0.8	NonTarget	1	428924
2144.7	0.8	NonTarget	1	428940
2144.785	0.8	NonTarget	1	428957
2144.865	0.8	NonTarget	1	428973
2144.95	0.8	NonTarget	1	428990
2145.035	0.8	NonTarget	1	429007
2145.12	0.8	NonTarget	1	429024
2145.2	0.8	NonTarget	1	429040
2145.285	0.8	NonTarget	1	429057
2145.685	0.8	NonTarget	1	429137
2145.77	0.8	NonTarget	1	429154
2145.855	0.8	NonTarget	1	429171
2145.94	0.8	NonTarget	1	429188
2146.02	0.8	NonTarget	1	429204
2146.105	0.8	NonTarget	1	429221
2146.185	0.8	NonTarget	1	429237
2146.27	0.8	NonTarget	1	429254
2146.355	0.8	NonTarget	1	429271
2146.435	0.8	NonTarget	1	429287
2146.52	0.8	NonTarget	1	429304
2146.605	0.8	NonTarget	1	429321
2146.69	0.8	NonTarget	1	429338
2146.77	0.8	NonTarget	1	429354
2146.855	0.8	NonTarget	1	429371
2146.94	0.8	NonTarget	1	429388
2147.02	0.8	NonTarget	1	429404
2147.105	0.8	NonTarget	1	429421
2147.19	0.8	NonTarget	1	429438
2147.27	0.8	NonTarget	1	429454
2147.355	0.8	NonTarget	1	429471
2147.435	0.8	NonTarget	1	429487
2147.525	0.8	NonTarget	1	429505
2147.605	0.8	Target	2	429521
2147.69	0.8	NonTarget	1	429538
2147.77	0.8	NonTarget	1	429554
2147.855	0.8	NonTarget	1	429571
2147.94	0.8	NonTarget	1	429588
2148.02	0.8	NonTarget	1	429604
2148.105	0.8	NonTarget	1	429621
2148.51	0.8	NonTarget	1	429702
2148.59	0.8	NonTarget	1	429718
2148.675	0.8	NonTarget	1	429735
2148.76	0.8	NonTarget	1	429752
2148.84	0.8	NonTarget	1	429768
2148.925	0.8	NonTarget	1	429785
2149.005	0.8	NonTarget	1	429801
2149.09	0.8	NonTarget	1	429818
2149.175	0.8	Target	2	429835
2149.255	0.8	NonTarget	1	429851
2149.34	0.8	NonTarget	1	429868
2149.425	0.8	NonTarget	1	429885
2149.51	0.8	NonTarget	1	429902
2149.59	0.8	NonTarget	1	429918
2149.675	0.8	NonTarget	1	429935
2149.76	0.8	NonTarget	1	429952
2149.84	0.8	NonTarget	1	429968
2149.925	0.8	NonTarget	1	429985
2150.01	0.8	NonTarget	1	430002
2150.095	0.8	NonTarget	1	430019
2150.175	0.8	NonTarget	1	430035
2150.26	0.8	NonTarget	1	430052
2150.345	0.8	NonTarget	1	430069
2150.425	0.8	NonTarget	1	430085
2150.51	0.8	NonTarget	1	430102
2150.595	0.8	NonTarget	1	430119
2150.675	0.8	NonTarget	1	430135
2150.76	0.8	NonTarget	1	430152
2150.845	0.8	NonTarget	1	430169
2150.93	0.8	NonTarget	1	430186
2151.33	0.8	NonTarget	1	430266
2151.41	0.8	NonTarget	1	430282
2151.495	0.8	NonTarget	1	430299
2151.58	0.8	NonTarget	1	430316
2151.66	0.8	NonTarget	1	430332
2151.745	0.8	NonTarget	1	430349
2151.83	0.8	NonTarget	1	430366
2151.91	0.8	NonTarget	1	430382
2151.995	0.8	Target	2	430399
2152.08	0.8	NonTarget	1	430416
2152.16	0.8	NonTarget	1	430432
2152.245	0.8	NonTarget	1	430449
2152.33	0.8	NonTarget	1	430466
2152.415	0.8	NonTarget	1	430483
2152.495	0.8	NonTarget	1	430499
2152.58	0.8	NonTarget	1	430516
2152.665	0.8	NonTarget	1	430533
2152.745	0.8	NonTarget	1	430549
2152.83	0.8	NonTarget	1	430566
2152.915	0.8	NonTarget	1	430583
2152.995	0.8	NonTarget	1	430599
2153.08	0.8	NonTarget	1	430616
2153.165	0.8	NonTarget	1	430633
2153.245	0.8	NonTarget	1	430649
2153.33	0.8	NonTarget	1	430666
2153.415	0.8	NonTarget	1	430683
2153.495	0.8	NonTarget	1	430699
2153.58	0.8	NonTarget	1	430716
2153.665	0.8	NonTarget	1	430733
2153.745	0.8	NonTarget	1	430749
2154.15	0.8	NonTarget	1	430830
2154.23	0.8	NonTarget	1	430846
2154.315	0.8	NonTarget	1	430863
2154.4	0.8	NonTarget	1	430880
2154.485	0.8	NonTarget	1	430897
2154.565	0.8	NonTarget	1	430913
2154.65	0.8	NonTarget	1	430930
2154.73	0.8	NonTarget	1	430946
2154.815	0.8	NonTarget	1	430963
2154.9	0.8	NonTarget	1	430980
2154.98	0.8	NonTarget	1	430996
2155.065	0.8	NonTarget	1	431013
2155.15	0.8	NonTarget	1	431030
2155.235	0.8	NonTarget	1	431047
2155.315	0.8	NonTarget	1	431063
2155.4	0.8	NonTarget	1	431080
2155.485	0.8	NonTarget	1	431097
2155.57	0.8	NonTarget	1	431114
2155.65	0.8	NonTarget	1	431130
2155.735	0.8	NonTarget	1	431147
2155.82	0.8	NonTarget	1	431164
2155.9	0.8	NonTarget	1	431180
2155.985	0.8	NonTarget	1	431197
2156.065	0.8	Target	2	431213
2156.15	0.8	NonTarget	1	431230
2156.235	0.8	NonTarget	1	431247
2156.32	0.8	NonTarget	1	431264
2156.4	0.8	NonTarget	1	431280
2156.485	0.8	NonTarget	1	431297
2156.565	0.8	NonTarget	1	431313
2156.965	0.8	NonTarget	1	431393
2157.055	0.8	NonTarget	1	431411
2157.135	0.8	NonTarget	1	431427
2157.22	0.8	NonTarget	1	431444
2157.3	0.8	NonTarget	1	431460
2157.385	0.8	NonTarget	1	431477
2157.47	0.8	NonTarget	1	431494
2157.55	0.8	NonTarget	1	431510
2157.635	0.8	NonTarget	1	431527
2157.72	0.8	NonTarget	1	431544
2157.805	0.8	NonTarget	1	431561
2157.885	0.8	NonTarget	1	431577
2157.97	0.8	NonTarget	1	431594
2158.055	0.8	NonTarget	1	431611
2158.135	0.8	NonTarget	1	431627
2158.22	0.8	NonTarget	1	431644
2158.305	0.8	NonTarget	1	431661
2158.385	0.8	NonTarget	1	431677
2158.47	0.8	Target	2	431694
2158.555	0.8	NonTarget	1	431711
2158.635	0.8	NonTarget	1	431727
2158.72	0.8	NonTarget	1	431744
2158.805	0.8	NonTarget	1	431761
2158.89	0.8	NonTarget	1	431778
2158.97	0.8	NonTarget	1	431794
2159.055	0.8	NonTarget	1	431811
2159.14	0.8	NonTarget	1	431828
2159.225	0.8	NonTarget	1	431845
2159.305	0.8	NonTarget	1	431861
2159.39	0.8	NonTarget	1	431878
2168.44	0.8	NonTarget	1	433688
2168.52	0.8	NonTarget	1	433704
2168.6	0.8	NonTarget	1	433720
2168.685	0.8	NonTarget	1	433737
2168.77	0.8	NonTarget	1	433754
2168.85	0.8	NonTarget	1	433770
2168.935	0.8	NonTarget	1	433787
2169.02	0.8	NonTarget	1	433804
2169.105	0.8	NonTarget	1	433821
2169.185	0.8	NonTarget	1	433837
2169.27	0.8	NonTarget	1	433854
2169.355	0.8	NonTarget	1	433871
2169.435	0.8	Target	2	433887
2169.52	0.8	NonTarget	1	433904
2169.605	0.8	NonTarget	1	433921
2169.685	0.8	NonTarget	1	433937
2169.77	0.8	NonTarget	1	433954
2169.855	0.8	NonTarget	1	433971
2169.94	0.8	NonTarget	1	433988
2170.02	0.8	NonTarget	1	434004
2170.105	0.8	NonTarget	1	434021
2170.19	0.8	NonTarget	1	434038
2170.27	0.8	NonTarget	1	434054
2170.355	0.8	NonTarget	1	434071
2170.44	0.8	NonTarget	1	434088
2170.52	0.8	NonTarget	1	434104
2170.605	0.8	NonTarget	1	434121
2170.69	0.8	NonTarget	1	434138
2170.775	0.8	NonTarget	1	434155
2170.855	0.8	NonTarget	1	434171
2171.255	0.8	NonTarget	1	434251
2171.34	0.8	NonTarget	1	434268
2171.425	0.8	NonTarget	1	434285
2171.505	0.8	NonTarget	1	434301
2171.59	0.8	NonTarget	1	434318
2171.675	0.8	NonTarget	1	434335
2171.755	0.8	NonTarget	1	434351
2171.84	0.8	NonTarget	1	434368
2171.925	0.8	NonTarget	1	434385
2172.005	0.8	NonTarget	1	434401
2172.09	0.8	NonTarget	1	434418
2172.175	0.8	NonTarget	1	434435
2172.255	0.8	NonTarget	1	434451
2172.345	0.8	NonTarget	1	434469
2172.425	0.8	NonTarget	1	434485
2172.51	0.8	NonTarget	1	434502
2172.59	0.8	NonTarget	1	434518
2172.675	0.8	Target	2	434535
2172.76	0.8	NonTarget	1	434552
2172.84	0.8	NonTarget	1	434568
2172.925	0.8	NonTarget	1	434585
2173.01	0.8	NonTarget	1	434602
2173.09	0.8	NonTarget	1	434618
2173.175	0.8	NonTarget	1	434635
2173.26	0.8	NonTarget	1	434652
2173.345	0.8	NonTarget	1	434669
2173.425	0.8	NonTarget	1	434685
2173.51	0.8	NonTarget	1	434702
2173.595	0.8	NonTarget	1	434719
2173.675	0.8	NonTarget	1	434735
2174.075	0.8	NonTarget	1	434815
2174.16	0.8	NonTarget	1	434832
2174.24	0.8	NonTarget	1	434848
2174.33	0.8	NonTarget	1	434866
2174.41	0.8	NonTarget	1	434882
2174.495	0.8	NonTarget	1	434899
2174.58	0.8	NonTarget	1	434916
2174.66	0.8	NonTarget	1	434932
2174.745	0.8	NonTarget	1	434949
2174.83	0.8	NonTarget	1	434966
2174.91	0.8	NonTarget	1	434982
2174.995	0.8	NonTarget	1	434999
2175.075	0.8	NonTarget	1	435015
2175.16	0.8	NonTarget	1	435032
2175.245	0.8	NonTarget	1	435049
2175.33	0.8	NonTarget	1	435066
2175.41	0.8	NonTarget	1	435082
2175.495	0.8	NonTarget	1	435099
2175.58	0.8	NonTarget	1	435116
2175.66	0.8	NonTarget	1	435132
2175.745	0.8	NonTarget	1	435149
2175.83	0.8	NonTarget	1	435166
2175.91	0.8	NonTarget	1	435182
2175.995	0.8	NonTarget	1	435199
2176.08	0.8	NonTarget	1	435216
2176.16	0.8	NonTarget	1	435232
2176.245	0.8	NonTarget	1	435249
2176.33	0.8	Target	2	435266
2176.415	0.8	NonTarget	1	435283
2176.495	0.8	NonTarget	1	435299
2176.895	0.8	NonTarget	1	435379
2176.98	0.8	NonTarget	1	435396
2177.065	0.8	NonTarget	1	435413
2177.15	0.8	NonTarget	1	435430
2177.23	0.8	NonTarget	1	435446
2177.315	0.8	NonTarget	1	435463
2177.395	0.8	NonTarget	1	435479
2177.48	0.8	NonTarget	1	435496
2177.565	0.8	NonTarget	1	435513
2177.65	0.8	NonTarget	1	435530
2177.73	0.8	NonTarget	1	435546
2177.815	0.8	NonTarget	1	435563
2177.9	0.8	NonTarget	1	435580
2177.98	0.8	NonTarget	1	435596
2178.065	0.8	NonTarget	1	435613
2178.15	0.8	NonTarget	1	435630
2178.23	0.8	NonTarget	1	435646
2178.315	0.8	NonTarget	1	435663
2178.4	0.8	NonTarget	1	435680
2178.48	0.8	NonTarget	1	435696
2178.565	0.8	NonTarget	1	435713
2178.65	0.8	NonTarget	1	435730
2178.735	0.8	NonTarget	1	435747
2178.815	0.8	NonTarget	1	435763
2178.9	0.8	NonTarget	1	435780
2178.985	0.8	NonTarget	1	435797
2179.065	0.8	NonTarget	1	435813
2179.15	0.8	Target	2	435830
2179.235	0.8	NonTarget	1	435847
2179.315	0.8	NonTarget	1	435863
2179.72	0.8	NonTarget	1	435944
2179.8	0.8	NonTarget	1	435960
2179.885	0.8	NonTarget	1	435977
2179.97	0.8	NonTarget	1	435994
2180.05	0.8	NonTarget	1	436010
2180.135	0.8	NonTarget	1	436027
2180.22	0.8	NonTarget	1	436044
2180.3	0.8	NonTarget	1	436060
2180.385	0.8	NonTarget	1	436077
2180.47	0.8	NonTarget	1	436094
2180.55	0.8	NonTarget	1	436110
2180.635	0.8	NonTarget	1	436127
2180.72	0.8	NonTarget	1	436144
2180.8	0.8	NonTarget	1	436160
2180.885	0.8	NonTarget	1	436177
2180.97	0.8	NonTarget	1	436194
2181.055	0.8	NonTarget	1	436211
2181.135	0.8	NonTarget	1	436227
2181.22	0.8	NonTarget	1	436244
2181.305	0.8	NonTarget	1	436261
2181.385	0.8	NonTarget	1	436277
2181.47	0.8	NonTarget	1	436294
2181.555	0.8	NonTarget	1	436311
2181.635	0.8	NonTarget	1	436327
2181.72	0.8	NonTarget	1	436344
2181.805	0.8	NonTarget	1	436361
2181.885	0.8	NonTarget	1	436377
2181.97	0.8	Target	2	436394
2182.055	0.8	NonTarget	1	436411
2182.14	0.8	NonTarget	1	436428
2182.535	0.8	NonTarget	1	436507
2182.62	0.8	NonTarget	1	436524
2182.705	0.8	Target	2	436541
2182.79	0.8	NonTarget	1	436558
2182.87	0.8	NonTarget	1	436574
2182.955	0.8	NonTarget	1	436591
2183.04	0.8	NonTarget	1	436608
2183.125	0.8	NonTarget	1	436625
2183.205	0.8	NonTarget	1	436641
2183.29	0.8	NonTarget	1	436658
2183.375	0.8	NonTarget	1	436675
2183.455	0.8	NonTarget	1	436691
2183.54	0.8	NonTarget	1	436708
2183.625	0.8	NonTarget	1	436725
2183.705	0.8	NonTarget	1	436741
2183.79	0.8	NonTarget	1	436758
2183.875	0.8	NonTarget	1	436775
2183.955	0.8	NonTarget	1	436791
2184.04	0.8	NonTarget	1	436808
2184.125	0.8	NonTarget	1	436825
2184.205	0.8	NonTarget	1	436841
2184.29	0.8	NonTarget	1	436858
2184.375	0.8	NonTarget	1	436875
2184.46	0.8	NonTarget	1	436892
2184.54	0.8	NonTarget	1	436908
2184.625	0.8	NonTarget	1	436925
2184.705	0.8	NonTarget	1	436941
2184.79	0.8	NonTarget	1	436958
2184.875	0.8	NonTarget	1	436975
2184.96	0.8	NonTarget	1	436992
2185.36	0.8	NonTarget	1	437072
2185.445	0.8	NonTarget	1	437089
2185.525	0.8	NonTarget	1	437105
2185.61	0.8	NonTarget	1	437122
2185.695	0.8	NonTarget	1	437139
2185.775	0.8	NonTarget	1	437155
2185.86	0.8	NonTarget	1	437172
2185.945	0.8	NonTarget	1	437189
2186.025	0.8	NonTarget	1	437205
2186.11	0.8	NonTarget	1	437222
2186.19	0.8	NonTarget	1	437238
2186.275	0.8	NonTarget	1	437255
2186.36	0.8	NonTarget	1	437272
2186.445	0.8	NonTarget	1	437289
2186.53	0.8	NonTarget	1	437306
2186.61	0.8	NonTarget	1	437322
2186.695	0.8	NonTarget	1	437339
2186.78	0.8	Target	2	437356
2186.86	0.8	NonTarget	1	437372
2186.945	0.8	NonTarget	1	437389
2187.03	0.8	NonTarget	1	437406
2187.11	0.8	NonTarget	1	437422
2187.195	0.8	NonTarget	1	437439
2187.28	0.8	NonTarget	1	437456
2187.36	0.8	NonTarget	1	437472
2187.445	0.8	NonTarget	1	437489
2187.53	0.8	NonTarget	1	437506
2187.61	0.8	NonTarget	1	437522
2187.695	0.8	NonTarget	1	437539
2187.78	0.8	NonTarget	1	437556
2188.18	0.8	NonTarget	1	437636
2188.265	0.8	NonTarget	1	437653
2188.345	0.8	NonTarget	1	437669
2188.43	0.8	NonTarget	1	437686
2188.515	0.8	NonTarget	1	437703
2188.6	0.8	NonTarget	1	437720
2188.68	0.8	NonTarget	1	437736
2188.765	0.8	NonTarget	1	437753
2188.85	0.8	NonTarget	1	437770
2188.93	0.8	NonTarget	1	437786
2189.015	0.8	NonTarget	1	437803
2189.1	0.8	NonTarget	1	437820
2189.185	0.8	NonTarget	1	437837
2189.265	0.8	NonTarget	1	437853
2189.35	0.8	NonTarget	1	437870
2189.43	0.8	NonTarget	1	437886
2189.515	0.8	NonTarget	1	437903
2189.6	0.8	Target	2	437920
2189.68	0.8	NonTarget	1	437936
2189.765	0.8	NonTarget	1	437953
2189.85	0.8	NonTarget	1	437970
2189.93	0.8	NonTarget	1	437986
2190.015	0.8	NonTarget	1	438003
2190.1	0.8	NonTarget	1	438020
2190.185	0.8	NonTarget	1	438037
2190.265	0.8	NonTarget	1	438053
2190.35	0.8	NonTarget	1	438070
2190.435	0.8	NonTarget	1	438087
2190.515	0.8	NonTarget	1	438103
2190.6	0.8	NonTarget	1	438120
2191.0	0.8	NonTarget	1	438200
2191.085	0.8	NonTarget	1	438217
2191.17	0.8	NonTarget	1	438234
2191.25	0.8	NonTarget	1	438250
2191.335	0.8	NonTarget	1	438267
2191.415	0.8	NonTarget	1	438283
2191.5	0.8	NonTarget	1	438300
2191.585	0.8	NonTarget	1	438317
2191.67	0.8	NonTarget	1	438334
2191.75	0.8	NonTarget	1	438350
2191.835	0.8	NonTarget	1	438367
2191.92	0.8	NonTarget	1	438384
2192.0	0.8	NonTarget	1	438400
2192.085	0.8	NonTarget	1	438417
2192.17	0.8	NonTarget	1	438434
2192.255	0.8	NonTarget	1	438451
2192.335	0.8	NonTarget	1	438467
2192.42	0.8	NonTarget	1	438484
2192.505	0.8	NonTarget	1	438501
2192.585	0.8	NonTarget	1	438517
2192.67	0.8	NonTarget	1	438534
2192.755	0.8	NonTarget	1	438551
2192.835	0.8	Target	2	438567
2192.92	0.8	NonTarget	1	438584
2193.005	0.8	NonTarget	1	438601
2193.085	0.8	NonTarget	1	438617
2193.17	0.8	NonTarget	1	438634
2193.255	0.8	NonTarget	1	438651
2193.34	0.8	NonTarget	1	438668
2193.425	0.8	NonTarget	1	438685
2193.82	0.8	NonTarget	1	438764
2193.905	0.8	NonTarget	1	438781
2193.99	0.8	NonTarget	1	438798
2194.07	0.8	NonTarget	1	438814
2194.155	0.8	NonTarget	1	438831
2194.24	0.8	NonTarget	1	438848
2194.32	0.8	NonTarget	1	438864
2194.405	0.8	NonTarget	1	438881
2194.49	0.8	NonTarget	1	438898
2194.57	0.8	NonTarget	1	438914
2194.655	0.8	NonTarget	1	438931
2194.74	0.8	NonTarget	1	438948
2194.825	0.8	NonTarget	1	438965
2194.905	0.8	NonTarget	1	438981
2194.99	0.8	NonTarget	1	438998
2195.075	0.8	NonTarget	1	439015
2195.155	0.8	NonTarget	1	439031
2195.24	0.8	Target	2	439048
2195.325	0.8	NonTarget	1	439065
2195.405	0.8	NonTarget	1	439081
2195.49	0.8	NonTarget	1	439098
2195.575	0.8	NonTarget	1	439115
2195.66	0.8	NonTarget	1	439132
2195.74	0.8	NonTarget	1	439148
2195.825	0.8	NonTarget	1	439165
2195.905	0.8	NonTarget	1	439181
2195.99	0.8	NonTarget	1	439198
2196.075	0.8	NonTarget	1	439215
2196.16	0.8	NonTarget	1	439232
2196.24	0.8	NonTarget	1	439248
2205.275	0.8	NonTarget	1	441055
2205.355	0.8	NonTarget	1	441071
2205.44	0.8	NonTarget	1	441088
2205.52	0.8	NonTarget	1	441104
2205.605	0.8	NonTarget	1	441121
2205.685	0.8	NonTarget	1	441137
2205.77	0.8	NonTarget	1	441154
2205.855	0.8	NonTarget	1	441171
2205.94	0.8	NonTarget	1	441188
2206.025	0.8	NonTarget	1	441205
2206.105	0.8	NonTarget	1	441221
2206.19	0.8	NonTarget	1	441238
2206.27	0.8	NonTarget	1	441254
2206.355	0.8	NonTarget	1	441271
2206.44	0.8	NonTarget	1	441288
2206.525	0.8	NonTarget	1	441305
2206.605	0.8	NonTarget	1	441321
2206.69	0.8	NonTarget	1	441338
2206.775	0.8	NonTarget	1	441355
2206.855	0.8	NonTarget	1	441371
2206.94	0.8	NonTarget	1	441388
2207.025	0.8	NonTarget	1	441405
2207.105	0.8	NonTarget	1	441421
2207.19	0.8	NonTarget	1	441438
2207.27	0.8	NonTarget	1	441454
2207.355	0.8	NonTarget	1	441471
2207.44	0.8	NonTarget	1	441488
2207.525	0.8	NonTarget	1	441505
2207.61	0.8	Target	2	441522
2207.69	0.8	NonTarget	1	441538
2208.095	0.8	NonTarget	1	441619
2208.175	0.8	NonTarget	1	441635
2208.26	0.8	NonTarget	1	441652
2208.34	0.8	Target	2	441668
2208.425	0.8	NonTarget	1	441685
2208.51	0.8	NonTarget	1	441702
2208.59	0.8	NonTarget	1	441718
2208.675	0.8	NonTarget	1	441735
2208.76	0.8	NonTarget	1	441752
2208.84	0.8	NonTarget	1	441768
2208.925	0.8	NonTarget	1	441785
2209.01	0.8	NonTarget	1	441802
2209.095	0.8	NonTarget	1	441819
2209.18	0.8	NonTarget	1	441836
2209.26	0.8	NonTarget	1	441852
2209.34	0.8	NonTarget	1	441868
2209.425	0.8	NonTarget	1	441885
2209.51	0.8	NonTarget	1	441902
2209.595	0.8	NonTarget	1	441919
2209.675	0.8	NonTarget	1	441935
2209.76	0.8	NonTarget	1	441952
2209.84	0.8	NonTarget	1	441968
2209.925	0.8	NonTarget	1	441985
2210.01	0.8	NonTarget	1	442002
2210.095	0.8	NonTarget	1	442019
2210.18	0.8	NonTarget	1	442036
2210.26	0.8	NonTarget	1	442052
2210.345	0.8	NonTarget	1	442069
2210.43	0.8	NonTarget	1	442086
2210.51	0.8	NonTarget	1	442102
2210.91	0.8	NonTarget	1	442182
2210.995	0.8	NonTarget	1	442199
2211.08	0.8	NonTarget	1	442216
2211.165	0.8	NonTarget	1	442233
2211.245	0.8	NonTarget	1	442249
2211.33	0.8	NonTarget	1	442266
2211.41	0.8	NonTarget	1	442282
2211.495	0.8	NonTarget	1	442299
2211.58	0.8	Target	2	442316
2211.665	0.8	NonTarget	1	442333
2211.75	0.8	NonTarget	1	442350
2211.83	0.8	NonTarget	1	442366
2211.915	0.8	NonTarget	1	442383
2211.995	0.8	NonTarget	1	442399
2212.08	0.8	NonTarget	1	442416
2212.165	0.8	NonTarget	1	442433
2212.245	0.8	NonTarget	1	442449
2212.33	0.8	NonTarget	1	442466
2212.415	0.8	NonTarget	1	442483
2212.5	0.8	NonTarget	1	442500
2212.58	0.8	NonTarget	1	442516
2212.665	0.8	NonTarget	1	442533
2212.75	0.8	NonTarget	1	442550
2212.83	0.8	NonTarget	1	442566
2212.915	0.8	NonTarget	1	442583
2213.0	0.8	NonTarget	1	442600
2213.08	0.8	NonTarget	1	442616
2213.165	0.8	NonTarget	1	442633
2213.25	0.8	NonTarget	1	442650
2213.33	0.8	NonTarget	1	442666
2213.735	0.8	NonTarget	1	442747
2213.815	0.8	NonTarget	1	442763
2213.9	0.8	NonTarget	1	442780
2213.985	0.8	NonTarget	1	442797
2214.065	0.8	NonTarget	1	442813
2214.15	0.8	NonTarget	1	442830
2214.235	0.8	NonTarget	1	442847
2214.315	0.8	NonTarget	1	442863
2214.4	0.8	NonTarget	1	442880
2214.485	0.8	NonTarget	1	442897
2214.57	0.8	NonTarget	1	442914
2214.65	0.8	NonTarget	1	442930
2214.735	0.8	NonTarget	1	442947
2214.815	0.8	NonTarget	1	442963
2214.9	0.8	NonTarget	1	442980
2214.985	0.8	NonTarget	1	442997
2215.07	0.8	NonTarget	1	443014
2215.15	0.8	NonTarget	1	443030
2215.235	0.8	NonTarget	1	443047
2215.315	0.8	NonTarget	1	443063
2215.405	0.8	NonTarget	1	443081
2215.485	0.8	NonTarget	1	443097
2215.57	0.8	NonTarget	1	443114
2215.65	0.8	Target	2	443130
2215.735	0.8	NonTarget	1	443147
2215.82	0.8	NonTarget	1	443164
2215.9	0.8	NonTarget	1	443180
2215.985	0.8	NonTarget	1	443197
2216.07	0.8	NonTarget	1	443214
2216.155	0.8	NonTarget	1	443231
2216.555	0.8	NonTarget	1	443311
2216.635	0.8	NonTarget	1	443327
2216.72	0.8	NonTarget	1	443344
2216.805	0.8	NonTarget	1	443361
2216.885	0.8	NonTarget	1	443377
2216.97	0.8	NonTarget	1	443394
2217.055	0.8	NonTarget	1	443411
2217.135	0.8	NonTarget	1	443427
2217.22	0.8	NonTarget	1	443444
2217.305	0.8	NonTarget	1	443461
2217.385	0.8	NonTarget	1	443477
2217.47	0.8	NonTarget	1	443494
2217.555	0.8	NonTarget	1	443511
2217.64	0.8	NonTarget	1	443528
2217.72	0.8	NonTarget	1	443544
2217.805	0.8	NonTarget	1	443561
2217.885	0.8	NonTarget	1	443577
2217.97	0.8	NonTarget	1	443594
2218.055	0.8	NonTarget	1	443611
2218.14	0.8	NonTarget	1	443628
2218.22	0.8	NonTarget	1	443644
2218.305	0.8	NonTarget	1	443661
2218.39	0.8	NonTarget	1	443678
2218.47	0.8	NonTarget	1	443694
2218.555	0.8	NonTarget	1	443711
2218.64	0.8	NonTarget	1	443728
2218.72	0.8	NonTarget	1	443744
2218.81	0.8	NonTarget	1	443762
2218.89	0.8	Target	2	443778
2218.975	0.8	NonTarget	1	443795
2219.375	0.8	NonTarget	1	443875
2219.46	0.8	NonTarget	1	443892
2219.54	0.8	NonTarget	1	443908
2219.625	0.8	Target	2	443925
2219.71	0.8	NonTarget	1	443942
2219.79	0.8	NonTarget	1	443958
2219.875	0.8	NonTarget	1	443975
2219.96	0.8	NonTarget	1	443992
2220.04	0.8	NonTarget	1	444008
2220.125	0.8	NonTarget	1	444025
2220.21	0.8	NonTarget	1	444042
2220.29	0.8	NonTarget	1	444058
2220.38	0.8	NonTarget	1	444076
2220.46	0.8	NonTarget	1	444092
2220.54	0.8	NonTarget	1	444108
2220.625	0.8	NonTarget	1	444125
2220.71	0.8	NonTarget	1	444142
2220.79	0.8	NonTarget	1	444158
2220.875	0.8	NonTarget	1	444175
2220.96	0.8	NonTarget	1	444192
2221.045	0.8	NonTarget	1	444209
2221.125	0.8	NonTarget	1	444225
2221.21	0.8	NonTarget	1	444242
2221.295	0.8	NonTarget	1	444259
2221.38	0.8	NonTarget	1	444276
2221.46	0.8	NonTarget	1	444292
2221.545	0.8	NonTarget	1	444309
2221.63	0.8	NonTarget	1	444326
2221.71	0.8	NonTarget	1	444342
2221.795	0.8	NonTarget	1	444359
2222.195	0.8	NonTarget	1	444439
2222.28	0.8	NonTarget	1	444456
2222.365	0.8	NonTarget	1	444473
2222.445	0.8	NonTarget	1	444489
2222.53	0.8	NonTarget	1	444506
2222.61	0.8	NonTarget	1	444522
2222.695	0.8	NonTarget	1	444539
2222.78	0.8	NonTarget	1	444556
2222.865	0.8	NonTarget	1	444573
2222.945	0.8	NonTarget	1	444589
2223.03	0.8	NonTarget	1	444606
2223.11	0.8	NonTarget	1	444622
2223.195	0.8	NonTarget	1	444639
2223.28	0.8	NonTarget	1	444656
2223.365	0.8	NonTarget	1	444673
2223.445	0.8	NonTarget	1	444689
2223.53	0.8	NonTarget	1	444706
2223.615	0.8	NonTarget	1	444723
2223.7	0.8	NonTarget	1	444740
2223.78	0.8	NonTarget	1	444756
2223.865	0.8	NonTarget	1	444773
2223.945	0.8	NonTarget	1	444789
2224.03	0.8	NonTarget	1	444806
2224.115	0.8	NonTarget	1	444823
2224.195	0.8	NonTarget	1	444839
2224.28	0.8	NonTarget	1	444856
2224.365	0.8	NonTarget	1	444873
2224.45	0.8	NonTarget	1	444890
2224.535	0.8	Target	2	444907
2224.615	0.8	NonTarget	1	444923
2225.015	0.8	NonTarget	1	445003
2225.1	0.8	NonTarget	1	445020
2225.18	0.8	NonTarget	1	445036
2225.265	0.8	NonTarget	1	445053
2225.35	0.8	NonTarget	1	445070
2225.435	0.8	NonTarget	1	445087
2225.515	0.8	NonTarget	1	445103
2225.6	0.8	NonTarget	1	445120
2225.685	0.8	Target	2	445137
2225.765	0.8	NonTarget	1	445153
2225.85	0.8	NonTarget	1	445170
2225.935	0.8	NonTarget	1	445187
2226.015	0.8	NonTarget	1	445203
2226.1	0.8	NonTarget	1	445220
2226.185	0.8	NonTarget	1	445237
2226.265	0.8	NonTarget	1	445253
2226.35	0.8	NonTarget	1	445270
2226.435	0.8	NonTarget	1	445287
2226.52	0.8	NonTarget	1	445304
2226.6	0.8	NonTarget	1	445320
2226.685	0.8	NonTarget	1	445337
2226.77	0.8	NonTarget	1	445354
2226.85	0.8	NonTarget	1	445370
2226.935	0.8	NonTarget	1	445387
2227.02	0.8	NonTarget	1	445404
2227.1	0.8	NonTarget	1	445420
2227.185	0.8	NonTarget	1	445437
2227.265	0.8	NonTarget	1	445453
2227.35	0.8	NonTarget	1	445470
2227.435	0.8	NonTarget	1	445487
2227.835	0.8	NonTarget	1	445567
2227.92	0.8	NonTarget	1	445584
2228.005	0.8	NonTarget	1	445601
2228.085	0.8	NonTarget	1	445617
2228.17	0.8	NonTarget	1	445634
2228.255	0.8	NonTarget	1	445651
2228.335	0.8	NonTarget	1	445667
2228.42	0.8	NonTarget	1	445684
2228.505	0.8	NonTarget	1	445701
2228.585	0.8	NonTarget	1	445717
2228.67	0.8	NonTarget	1	445734
2228.755	0.8	NonTarget	1	445751
2228.835	0.8	NonTarget	1	445767
2228.92	0.8	NonTarget	1	445784
2229.005	0.8	NonTarget	1	445801
2229.085	0.8	NonTarget	1	445817
2229.17	0.8	NonTarget	1	445834
2229.255	0.8	NonTarget	1	445851
2229.34	0.8	Target	2	445868
2229.425	0.8	NonTarget	1	445885
2229.505	0.8	NonTarget	1	445901
2229.59	0.8	NonTarget	1	445918
2229.67	0.8	NonTarget	1	445934
2229.755	0.8	NonTarget	1	445951
2229.84	0.8	NonTarget	1	445968
2229.92	0.8	NonTarget	1	445984
2230.005	0.8	NonTarget	1	446001
2230.09	0.8	NonTarget	1	446018
2230.175	0.8	NonTarget	1	446035
2230.255	0.8	NonTarget	1	446051
2230.655	0.8	NonTarget	1	446131
2230.74	0.8	NonTarget	1	446148
2230.825	0.8	NonTarget	1	446165
2230.91	0.8	NonTarget	1	446182
2230.99	0.8	NonTarget	1	446198
2231.075	0.8	NonTarget	1	446215
2231.155	0.8	NonTarget	1	446231
2231.24	0.8	NonTarget	1	446248
2231.325	0.8	NonTarget	1	446265
2231.405	0.8	NonTarget	1	446281
2231.49	0.8	NonTarget	1	446298
2231.575	0.8	NonTarget	1	446315
2231.655	0.8	NonTarget	1	446331
2231.74	0.8	NonTarget	1	446348
2231.825	0.8	NonTarget	1	446365
2231.91	0.8	NonTarget	1	446382
2231.99	0.8	NonTarget	1	446398
2232.075	0.8	NonTarget	1	446415
2232.16	0.8	NonTarget	1	446432
2232.24	0.8	NonTarget	1	446448
2232.325	0.8	NonTarget	1	446465
2232.41	0.8	NonTarget	1	446482
2232.495	0.8	NonTarget	1	446499
2232.575	0.8	NonTarget	1	446515
2232.66	0.8	NonTarget	1	446532
2232.745	0.8	NonTarget	1	446549
2232.825	0.8	NonTarget	1	446565
2232.91	0.8	NonTarget	1	446582
2232.995	0.8	Target	2	446599
2233.075	0.8	NonTarget	1	446615
2242.125	0.8	NonTarget	1	448425
2242.205	0.8	NonTarget	1	448441
2242.29	0.8	NonTarget	1	448458
2242.375	0.8	NonTarget	1	448475
2242.46	0.8	NonTarget	1	448492
2242.54	0.8	NonTarget	1	448508
2242.625	0.8	NonTarget	1	448525
2242.705	0.8	NonTarget	1	448541
2242.79	0.8	NonTarget	1	448558
2242.875	0.8	NonTarget	1	448575
2242.955	0.8	NonTarget	1	448591
2243.04	0.8	NonTarget	1	448608
2243.125	0.8	NonTarget	1	448625
2243.21	0.8	Target	2	448642
2243.29	0.8	NonTarget	1	448658
2243.375	0.8	NonTarget	1	448675
2243.46	0.8	NonTarget	1	448692
2243.54	0.8	NonTarget	1	448708
2243.625	0.8	NonTarget	1	448725
2243.71	0.8	NonTarget	1	448742
2243.795	0.8	NonTarget	1	448759
2243.875	0.8	NonTarget	1	448775
2243.96	0.8	NonTarget	1	448792
2244.045	0.8	NonTarget	1	448809
2244.125	0.8	NonTarget	1	448825
2244.21	0.8	NonTarget	1	448842
2244.29	0.8	NonTarget	1	448858
2244.38	0.8	NonTarget	1	448876
2244.46	0.8	NonTarget	1	448892
2244.545	0.8	NonTarget	1	448909
2244.945	0.8	NonTarget	1	448989
2245.025	0.8	NonTarget	1	449005
2245.11	0.8	NonTarget	1	449022
2245.195	0.8	NonTarget	1	449039
2245.28	0.8	NonTarget	1	449056
2245.36	0.8	NonTarget	1	449072
2245.445	0.8	NonTarget	1	449089
2245.525	0.8	NonTarget	1	449105
2245.61	0.8	NonTarget	1	449122
2245.695	0.8	NonTarget	1	449139
2245.78	0.8	NonTarget	1	449156
2245.86	0.8	NonTarget	1	449172
2245.945	0.8	NonTarget	1	449189
2246.03	0.8	Target	2	449206
2246.11	0.8	NonTarget	1	449222
2246.195	0.8	NonTarget	1	449239
2246.28	0.8	NonTarget	1	449256
2246.36	0.8	NonTarget	1	449272
2246.445	0.8	NonTarget	1	449289
2246.53	0.8	NonTarget	1	449306
2246.61	0.8	NonTarget	1	449322
2246.695	0.8	NonTarget	1	449339
2246.78	0.8	NonTarget	1	449356
2246.865	0.8	NonTarget	1	449373
2246.945	0.8	NonTarget	1	449389
2247.03	0.8	NonTarget	1	449406
2247.115	0.8	NonTarget	1	449423
2247.195	0.8	NonTarget	1	449439
2247.28	0.8	NonTarget	1	449456
2247.365	0.8	NonTarget	1	449473
2247.765	0.8	NonTarget	1	449553
2247.85	0.8	NonTarget	1	449570
2247.93	0.8	NonTarget	1	449586
2248.015	0.8	NonTarget	1	449603
2248.095	0.8	NonTarget	1	449619
2248.18	0.8	NonTarget	1	449636
2248.265	0.8	NonTarget	1	449653
2248.35	0.8	NonTarget	1	449670
2248.43	0.8	NonTarget	1	449686
2248.515	0.8	NonTarget	1	449703
2248.6	0.8	NonTarget	1	449720
2248.68	0.8	NonTarget	1	449736
2248.765	0.8	NonTarget	1	449753
2248.85	0.8	Target	2	449770
2248.935	0.8	NonTarget	1	449787
2249.015	0.8	NonTarget	1	449803
2249.1	0.8	NonTarget	1	449820
2249.185	0.8	NonTarget	1	449837
2249.265	0.8	NonTarget	1	449853
2249.35	0.8	NonTarget	1	449870
2249.435	0.8	NonTarget	1	449887
2249.515	0.8	NonTarget	1	449903
2249.6	0.8	NonTarget	1	449920
2249.685	0.8	NonTarget	1	449937
2249.765	0.8	NonTarget	1	449953
2249.85	0.8	NonTarget	1	449970
2249.935	0.8	NonTarget	1	449987
2250.015	0.8	NonTarget	1	450003
2250.1	0.8	NonTarget	1	450020
2250.185	0.8	NonTarget	1	450037
2250.585	0.8	NonTarget	1	450117
2250.67	0.8	NonTarget	1	450134
2250.75	0.8	NonTarget	1	450150
2250.835	0.8	NonTarget	1	450167
2250.92	0.8	NonTarget	1	450184
2251.0	0.8	NonTarget	1	450200
2251.085	0.8	NonTarget	1	450217
2251.17	0.8	NonTarget	1	450234
2251.255	0.8	NonTarget	1	450251
2251.335	0.8	NonTarget	1	450267
2251.42	0.8	NonTarget	1	450284
2251.505	0.8	NonTarget	1	450301
2251.585	0.8	NonTarget	1	450317
2251.67	0.8	NonTarget	1	450334
2251.755	0.8	NonTarget	1	450351
2251.835	0.8	NonTarget	1	450367
2251.92	0.8	NonTarget	1	450384
2252.005	0.8	NonTarget	1	450401
2252.085	0.8	NonTarget	1	450417
2252.17	0.8	NonTarget	1	450434
2252.255	0.8	NonTarget	1	450451
2252.34	0.8	NonTarget	1	450468
2252.42	0.8	NonTarget	1	450484
2252.505	0.8	Target	2	450501
2252.59	0.8	NonTarget	1	450518
2252.67	0.8	NonTarget	1	450534
2252.755	0.8	NonTarget	1	450551
2252.835	0.8	NonTarget	1	450567
2252.92	0.8	NonTarget	1	450584
2253.005	0.8	NonTarget	1	450601
2253.405	0.8	NonTarget	1	450681
2253.49	0.8	NonTarget	1	450698
2253.57	0.8	NonTarget	1	450714
2253.655	0.8	NonTarget	1	450731
2253.74	0.8	NonTarget	1	450748
2253.825	0.8	NonTarget	1	450765
2253.905	0.8	NonTarget	1	450781
2253.99	0.8	NonTarget	1	450798
2254.075	0.8	NonTarget	1	450815
2254.16	0.8	NonTarget	1	450832
2254.24	0.8	NonTarget	1	450848
2254.325	0.8	NonTarget	1	450865
2254.405	0.8	NonTarget	1	450881
2254.49	0.8	NonTarget	1	450898
2254.575	0.8	NonTarget	1	450915
2254.66	0.8	NonTarget	1	450932
2254.74	0.8	NonTarget	1	450948
2254.825	0.8	NonTarget	1	450965
2254.91	0.8	NonTarget	1	450982
2254.99	0.8	NonTarget	1	450998
2255.075	0.8	NonTarget	1	451015
2255.16	0.8	NonTarget	1	451032
2255.24	0.8	NonTarget	1	451048
2255.325	0.8	Target	2	451065
2255.41	0.8	NonTarget	1	451082
2255.49	0.8	NonTarget	1	451098
2255.575	0.8	NonTarget	1	451115
2255.66	0.8	NonTarget	1	451132
2255.74	0.8	NonTarget	1	451148
2255.825	0.8	NonTarget	1	451165
2256.225	0.8	NonTarget	1	451245
2256.31	0.8	NonTarget	1	451262
2256.395	0.8	NonTarget	1	451279
2256.475	0.8	NonTarget	1	451295
2256.56	0.8	NonTarget	1	451312
2256.645	0.8	NonTarget	1	451329
2256.725	0.8	NonTarget	1	451345
2256.81	0.8	NonTarget	1	451362
2256.895	0.8	NonTarget	1	451379
2256.98	0.8	NonTarget	1	451396
2257.06	0.8	NonTarget	1	451412
2257.145	0.8	NonTarget	1	451429
2257.23	0.8	NonTarget	1	451446
2257.31	0.8	NonTarget	1	451462
2257.395	0.8	NonTarget	1	451479
2257.48	0.8	NonTarget	1	451496
2257.56	0.8	NonTarget	1	451512
2257.645	0.8	NonTarget	1	451529
2257.73	0.8	NonTarget	1	451546
2257.81	0.8	NonTarget	1	451562
2257.895	0.8	NonTarget	1	451579
2257.98	0.8	NonTarget	1	451596
2258.06	0.8	NonTarget	1	451612
2258.145	0.8	Target	2	451629
2258.23	0.8	NonTarget	1	451646
2258.315	0.8	NonTarget	1	451663
2258.395	0.8	NonTarget	1	451679
2258.48	0.8	NonTarget	1	451696
2258.565	0.8	NonTarget	1	451713
2258.645	0.8	NonTarget	1	451729
2259.05	0.8	NonTarget	1	451810
2259.13	0.8	NonTarget	1	451826
2259.215	0.8	NonTarget	1	451843
2259.295	0.8	NonTarget	1	451859
2259.38	0.8	NonTarget	1	451876
2259.465	0.8	NonTarget	1	451893
2259.55	0.8	NonTarget	1	451910
2259.63	0.8	NonTarget	1	451926
2259.715	0.8	NonTarget	1	451943
2259.8	0.8	NonTarget	1	451960
2259.88	0.8	NonTarget	1	451976
2259.965	0.8	NonTarget	1	451993
2260.05	0.8	NonTarget	1	452010
2260.135	0.8	NonTarget	1	452027
2260.215	0.8	NonTarget	1	452043
2260.3	0.8	NonTarget	1	452060
2260.38	0.8	NonTarget	1	452076
2260.465	0.8	NonTarget	1	452093
2260.55	0.8	NonTarget	1	452110
2260.635	0.8	NonTarget	1	452127
2260.715	0.8	NonTarget	1	452143
2260.8	0.8	NonTarget	1	452160
2260.885	0.8	NonTarget	1	452177
2260.965	0.8	NonTarget	1	452193
2261.05	0.8	NonTarget	1	452210
2261.13	0.8	NonTarget	1	452226
2261.215	0.8	NonTarget	1	452243
2261.3	0.8	NonTarget	1	452260
2261.385	0.8	Target	2	452277
2261.47	0.8	NonTarget	1	452294
2261.865	0.8	NonTarget	1	452373
2261.95	0.8	NonTarget	1	452390
2262.035	0.8	NonTarget	1	452407
2262.12	0.8	NonTarget	1	452424
2262.2	0.8	NonTarget	1	452440
2262.285	0.8	NonTarget	1	452457
2262.37	0.8	NonTarget	1	452474
2262.45	0.8	NonTarget	1	452490
2262.535	0.8	NonTarget	1	452507
2262.62	0.8	NonTarget	1	452524
2262.7	0.8	NonTarget	1	452540
2262.785	0.8	NonTarget	1	452557
2262.87	0.8	NonTarget	1	452574
2262.955	0.8	NonTarget	1	452591
2263.035	0.8	NonTarget	1	452607
2263.12	0.8	NonTarget	1	452624
2263.2	0.8	NonTarget	1	452640
2263.285	0.8	NonTarget	1	452657
2263.37	0.8	Target	2	452674
2263.455	0.8	NonTarget	1	452691
2263.535	0.8	NonTarget	1	452707
2263.62	0.8	NonTarget	1	452724
2263.705	0.8	NonTarget	1	452741
2263.79	0.8	NonTarget	1	452758
2263.87	0.8	NonTarget	1	452774
2263.955	0.8	NonTarget	1	452791
2264.04	0.8	NonTarget	1	452808
2264.12	0.8	NonTarget	1	452824
2264.205	0.8	NonTarget	1	452841
2264.285	0.8	NonTarget	1	452857
2264.69	0.8	NonTarget	1	452938
2264.77	0.8	NonTarget	1	452954
2264.855	0.8	NonTarget	1	452971
2264.94	0.8	NonTarget	1	452988
2265.02	0.8	NonTarget	1	453004
2265.105	0.8	NonTarget	1	453021
2265.19	0.8	NonTarget	1	453038
2265.275	0.8	NonTarget	1	453055
2265.355	0.8	NonTarget	1	453071
2265.44	0.8	NonTarget	1	453088
2265.525	0.8	NonTarget	1	453105
2265.605	0.8	NonTarget	1	453121
2265.69	0.8	NonTarget	1	453138
2265.775	0.8	NonTarget	1	453155
2265.855	0.8	NonTarget	1	453171
2265.94	0.8	NonTarget	1	453188
2266.025	0.8	NonTarget	1	453205
2266.105	0.8	NonTarget	1	453221
2266.19	0.8	NonTarget	1	453238
2266.275	0.8	NonTarget	1	453255
2266.355	0.8	NonTarget	1	453271
2266.44	0.8	NonTarget	1	453288
2266.525	0.8	NonTarget	1	453305
2266.61	0.8	Target	2	453322
2266.69	0.8	NonTarget	1	453338
2266.775	0.8	NonTarget	1	453355
2266.86	0.8	NonTarget	1	453372
2266.94	0.8	NonTarget	1	453388
2267.025	0.8	NonTarget	1	453405
2267.11	0.8	NonTarget	1	453422
2267.51	0.8	NonTarget	1	453502
2267.59	0.8	NonTarget	1	453518
2267.675	0.8	NonTarget	1	453535
2267.76	0.8	NonTarget	1	453552
2267.845	0.8	NonTarget	1	453569
2267.925	0.8	NonTarget	1	453585
2268.01	0.8	NonTarget	1	453602
2268.095	0.8	NonTarget	1	453619
2268.175	0.8	NonTarget	1	453635
2268.26	0.8	NonTarget	1	453652
2268.345	0.8	NonTarget	1	453669
2268.425	0.8	NonTarget	1	453685
2268.51	0.8	NonTarget	1	453702
2268.595	0.8	Target	2	453719
2268.675	0.8	NonTarget	1	453735
2268.76	0.8	NonTarget	1	453752
2268.845	0.8	NonTarget	1	453769
2268.925	0.8	NonTarget	1	453785
2269.015	0.8	NonTarget	1	453803
2269.095	0.8	NonTarget	1	453819
2269.18	0.8	NonTarget	1	453836
2269.26	0.8	NonTarget	1	453852
2269.345	0.8	NonTarget	1	453869
2269.43	0.8	NonTarget	1	453886
2269.515	0.8	NonTarget	1	453903
2269.595	0.8	NonTarget	1	453919
2269.68	0.8	NonTarget	1	453936
2269.76	0.8	NonTarget	1	453952
2269.845	0.8	NonTarget	1	453969
2269.93	0.8	NonTarget	1	453986
2278.945	0.8	NonTarget	1	455789
2279.025	0.8	NonTarget	1	455805
2279.11	0.8	NonTarget	1	455822
2279.19	0.8	NonTarget	1	455838
2279.275	0.8	NonTarget	1	455855
2279.36	0.8	NonTarget	1	455872
2279.44	0.8	NonTarget	1	455888
2279.525	0.8	NonTarget	1	455905
2279.61	0.8	NonTarget	1	455922
2279.69	0.8	NonTarget	1	455938
2279.775	0.8	NonTarget	1	455955
2279.86	0.8	NonTarget	1	455972
2279.945	0.8	NonTarget	1	455989
2280.025	0.8	NonTarget	1	456005
2280.11	0.8	NonTarget	1	456022
2280.195	0.8	NonTarget	1	456039
2280.275	0.8	NonTarget	1	456055
2280.36	0.8	NonTarget	1	456072
2280.445	0.8	NonTarget	1	456089
2280.525	0.8	NonTarget	1	456105
2280.61	0.8	NonTarget	1	456122
2280.695	0.8	NonTarget	1	456139
2280.775	0.8	NonTarget	1	456155
2280.86	0.8	NonTarget	1	456172
2280.945	0.8	NonTarget	1	456189
2281.03	0.8	NonTarget	1	456206
2281.11	0.8	Target	2	456222
2281.195	0.8	NonTarget	1	456239
2281.28	0.8	NonTarget	1	456256
2281.36	0.8	NonTarget	1	456272
2281.76	0.8	NonTarget	1	456352
2281.845	0.8	NonTarget	1	456369
2281.93	0.8	NonTarget	1	456386
2282.015	0.8	NonTarget	1	456403
2282.095	0.8	NonTarget	1	456419
2282.18	0.8	NonTarget	1	456436
2282.265	0.8	NonTarget	1	456453
2282.345	0.8	NonTarget	1	456469
2282.43	0.8	NonTarget	1	456486
2282.515	0.8	NonTarget	1	456503
2282.6	0.8	NonTarget	1	456520
2282.68	0.8	Target	2	456536
2282.765	0.8	NonTarget	1	456553
2282.845	0.8	NonTarget	1	456569
2282.93	0.8	NonTarget	1	456586
2283.015	0.8	NonTarget	1	456603
2283.1	0.8	NonTarget	1	456620
2283.18	0.8	NonTarget	1	456636
2283.265	0.8	NonTarget	1	456653
2283.35	0.8	NonTarget	1	456670
2283.43	0.8	NonTarget	1	456686
2283.515	0.8	NonTarget	1	456703
2283.6	0.8	NonTarget	1	456720
2283.68	0.8	NonTarget	1	456736
2283.765	0.8	NonTarget	1	456753
2283.85	0.8	NonTarget	1	456770
2283.935	0.8	NonTarget	1	456787
2284.015	0.8	NonTarget	1	456803
2284.1	0.8	NonTarget	1	456820
2284.185	0.8	NonTarget	1	456837
2284.58	0.8	NonTarget	1	456916
2284.665	0.8	NonTarget	1	456933
2284.75	0.8	NonTarget	1	456950
2284.835	0.8	NonTarget	1	456967
2284.915	0.8	NonTarget	1	456983
2285.0	0.8	NonTarget	1	457000
2285.085	0.8	Target	2	457017
2285.165	0.8	NonTarget	1	457033
2285.25	0.8	NonTarget	1	457050
2285.335	0.8	NonTarget	1	457067
2285.42	0.8	NonTarget	1	457084
2285.5	0.8	NonTarget	1	457100
2285.585	0.8	NonTarget	1	457117
2285.67	0.8	NonTarget	1	457134
2285.75	0.8	NonTarget	1	457150
2285.835	0.8	NonTarget	1	457167
2285.92	0.8	NonTarget	1	457184
2286.0	0.8	NonTarget	1	457200
2286.085	0.8	NonTarget	1	457217
2286.17	0.8	NonTarget	1	457234
2286.25	0.8	NonTarget	1	457250
2286.335	0.8	NonTarget	1	457267
2286.415	0.8	NonTarget	1	457283
2286.505	0.8	NonTarget	1	457301
2286.585	0.8	NonTarget	1	457317
2286.67	0.8	NonTarget	1	457334
2286.755	0.8	NonTarget	1	457351
2286.835	0.8	NonTarget	1	457367
2286.92	0.8	NonTarget	1	457384
2287.005	0.8	NonTarget	1	457401
2287.405	0.8	NonTarget	1	457481
2287.485	0.8	NonTarget	1	457497
2287.57	0.8	NonTarget	1	457514
2287.655	0.8	NonTarget	1	457531
2287.735	0.8	NonTarget	1	457547
2287.82	0.8	NonTarget	1	457564
2287.905	0.8	NonTarget	1	457581
2287.985	0.8	NonTarget	1	457597
2288.07	0.8	NonTarget	1	457614
2288.155	0.8	NonTarget	1	457631
2288.24	0.8	NonTarget	1	457648
2288.32	0.8	NonTarget	1	457664
2288.405	0.8	NonTarget	1	457681
2288.49	0.8	NonTarget	1	457698
2288.575	0.8	NonTarget	1	457715
2288.655	0.8	NonTarget	1	457731
2288.74	0.8	NonTarget	1	457748
2288.825	0.8	NonTarget	1	457765
2288.905	0.8	NonTarget	1	457781
2288.99	0.8	NonTarget	1	457798
2289.075	0.8	NonTarget	1	457815
2289.155	0.8	Target	2	457831
2289.24	0.8	NonTarget	1	457848
2289.325	0.8	NonTarget	1	457865
2289.405	0.8	NonTarget	1	457881
2289.49	0.8	NonTarget	1	457898
2289.575	0.8	NonTarget	1	457915
2289.655	0.8	NonTarget	1	457931
2289.74	0.8	NonTarget	1	457948
2289.825	0.8	NonTarget	1	457965
2290.225	0.8	NonTarget	1	458045
2290.305	0.8	Target	2	458061
2290.39	0.8	NonTarget	1	458078
2290.475	0.8	NonTarget	1	458095
2290.56	0.8	NonTarget	1	458112
2290.64	0.8	NonTarget	1	458128
2290.725	0.8	NonTarget	1	458145
2290.81	0.8	NonTarget	1	458162
2290.89	0.8	NonTarget	1	458178
2290.975	0.8	NonTarget	1	458195
2291.06	0.8	NonTarget	1	458212
2291.145	0.8	NonTarget	1	458229
2291.225	0.8	NonTarget	1	458245
2291.31	0.8	NonTarget	1	458262
2291.395	0.8	NonTarget	1	458279
2291.475	0.8	NonTarget	1	458295
2291.56	0.8	NonTarget	1	458312
2291.645	0.8	NonTarget	1	458329
2291.725	0.8	NonTarget	1	458345
2291.81	0.8	NonTarget	1	458362
2291.895	0.8	NonTarget	1	458379
2291.975	0.8	NonTarget	1	458395
2292.06	0.8	NonTarget	1	458412
2292.145	0.8	NonTarget	1	458429
2292.225	0.8	NonTarget	1	458445
2292.31	0.8	NonTarget	1	458462
2292.395	0.8	NonTarget	1	458479
2292.48	0.8	NonTarget	1	458496
2292.56	0.8	NonTarget	1	458512
2292.645	0.8	NonTarget	1	458529
2293.045	0.8	NonTarget	1	458609
2293.13	0.8	NonTarget	1	458626
2293.21	0.8	NonTarget	1	458642
2293.295	0.8	NonTarget	1	458659
2293.38	0.8	NonTarget	1	458676
2293.46	0.8	NonTarget	1	458692
2293.545	0.8	NonTarget	1	458709
2293.63	0.8	NonTarget	1	458726
2293.715	0.8	NonTarget	1	458743
2293.795	0.8	NonTarget	1	458759
2293.88	0.8	NonTarget	1	458776
2293.965	0.8	NonTarget	1	458793
2294.045	0.8	NonTarget	1	458809
2294.13	0.8	NonTarget	1	458826
2294.215	0.8	NonTarget	1	458843
2294.295	0.8	NonTarget	1	458859
2294.38	0.8	Target	2	458876
2294.465	0.8	NonTarget	1	458893
2294.55	0.8	NonTarget	1	458910
2294.63	0.8	NonTarget	1	458926
2294.715	0.8	NonTarget	1	458943
2294.795	0.8	NonTarget	1	458959
2294.88	0.8	NonTarget	1	458976
2294.965	0.8	NonTarget	1	458993
2295.05	0.8	NonTarget	1	459010
2295.13	0.8	NonTarget	1	459026
2295.215	0.8	NonTarget	1	459043
2295.3	0.8	NonTarget	1	459060
2295.38	0.8	NonTarget	1	459076
2295.465	0.8	NonTarget	1	459093
2295.865	0.8	NonTarget	1	459173
2295.95	0.8	NonTarget	1	459190
2296.035	0.8	NonTarget	1	459207
2296.115	0.8	NonTarget	1	459223
2296.2	0.8	NonTarget	1	459240
2296.285	0.8	NonTarget	1	459257
2296.365	0.8	NonTarget	1	459273
2296.45	0.8	NonTarget	1	459290
2296.535	0.8	NonTarget	1	459307
2296.615	0.8	NonTarget	1	459323
2296.7	0.8	NonTarget	1	459340
2296.785	0.8	NonTarget	1	459357
2296.865	0.8	NonTarget	1	459373
2296.95	0.8	NonTarget	1	459390
2297.035	0.8	NonTarget	1	459407
2297.115	0.8	NonTarget	1	459423
2297.2	0.8	NonTarget	1	459440
2297.285	0.8	NonTarget	1	459457
2297.37	0.8	NonTarget	1	459474
2297.45	0.8	NonTarget	1	459490
2297.535	0.8	NonTarget	1	459507
2297.615	0.8	Target	2	459523
2297.7	0.8	NonTarget	1	459540
2297.785	0.8	NonTarget	1	459557
2297.865	0.8	NonTarget	1	459573
2297.955	0.8	NonTarget	1	459591
2298.035	0.8	NonTarget	1	459607
2298.12	0.8	NonTarget	1	459624
2298.2	0.8	NonTarget	1	459640
2298.285	0.8	NonTarget	1	459657
2298.685	0.8	NonTarget	1	459737
2298.77	0.8	NonTarget	1	459754
2298.855	0.8	NonTarget	1	459771
2298.935	0.8	NonTarget	1	459787
2299.02	0.8	NonTarget	1	459804
2299.105	0.8	NonTarget	1	459821
2299.185	0.8	Target	2	459837
2299.27	0.8	NonTarget	1	459854
2299.355	0.8	NonTarget	1	459871
2299.435	0.8	NonTarget	1	459887
2299.52	0.8	NonTarget	1	459904
2299.605	0.8	NonTarget	1	459921
2299.69	0.8	NonTarget	1	459938
2299.77	0.8	NonTarget	1	459954
2299.855	0.8	NonTarget	1	459971
2299.94	0.8	NonTarget	1	459988
2300.02	0.8	NonTarget	1	460004
2300.105	0.8	NonTarget	1	460021
2300.19	0.8	NonTarget	1	460038
2300.27	0.8	NonTarget	1	460054
2300.355	0.8	NonTarget	1	460071
2300.44	0.8	NonTarget	1	460088
2300.52	0.8	NonTarget	1	460104
2300.605	0.8	NonTarget	1	460121
2300.69	0.8	NonTarget	1	460138
2300.775	0.8	NonTarget	1	460155
2300.855	0.8	NonTarget	1	460171
2300.94	0.8	NonTarget	1	460188
2301.025	0.8	NonTarget	1	460205
2301.105	0.8	NonTarget	1	460221
2301.505	0.8	NonTarget	1	460301
2301.59	0.8	NonTarget	1	460318
2301.675	0.8	NonTarget	1	460335
2301.76	0.8	NonTarget	1	460352
2301.84	0.8	NonTarget	1	460368
2301.925	0.8	NonTarget	1	460385
2302.005	0.8	Target	2	460401
2302.09	0.8	NonTarget	1	460418
2302.175	0.8	NonTarget	1	460435
2302.255	0.8	NonTarget	1	460451
2302.34	0.8	NonTarget	1	460468
2302.425	0.8	NonTarget	1	460485
2302.51	0.8	NonTarget	1	460502
2302.59	0.8	NonTarget	1	460518
2302.675	0.8	NonTarget	1	460535
2302.76	0.8	NonTarget	1	460552
2302.84	0.8	NonTarget	1	460568
2302.925	0.8	NonTarget	1	460585
2303.01	0.8	NonTarget	1	460602
2303.095	0.8	NonTarget	1	460619
2303.175	0.8	NonTarget	1	460635
2303.26	0.8	NonTarget	1	460652
2303.345	0.8	NonTarget	1	460669
2303.425	0.8	NonTarget	1	460685
2303.51	0.8	NonTarget	1	460702
2303.59	0.8	NonTarget	1	460718
2303.675	0.8	NonTarget	1	460735
2303.76	0.8	NonTarget	1	460752
2303.845	0.8	NonTarget	1	460769
2303.93	0.8	NonTarget	1	460786
2304.325	0.8	NonTarget	1	460865
2304.41	0.8	NonTarget	1	460882
2304.495	0.8	NonTarget	1	460899
2304.58	0.8	NonTarget	1	460916
2304.66	0.8	NonTarget	1	460932
2304.745	0.8	NonTarget	1	460949
2304.83	0.8	NonTarget	1	460966
2304.91	0.8	NonTarget	1	460982
2304.995	0.8	NonTarget	1	460999
2305.08	0.8	NonTarget	1	461016
2305.16	0.8	NonTarget	1	461032
2305.245	0.8	NonTarget	1	461049
2305.33	0.8	NonTarget	1	461066
2305.41	0.8	NonTarget	1	461082
2305.495	0.8	NonTarget	1	461099
2305.58	0.8	NonTarget	1	461116
2305.66	0.8	NonTarget	1	461132
2305.745	0.8	NonTarget	1	461149
2305.83	0.8	NonTarget	1	461166
2305.915	0.8	NonTarget	1	461183
2305.995	0.8	NonTarget	1	461199
2306.08	0.8	Target	2	461216
2306.165	0.8	NonTarget	1	461233
2306.25	0.8	NonTarget	1	461250
2306.33	0.8	NonTarget	1	461266
2306.415	0.8	NonTarget	1	461283
2306.495	0.8	NonTarget	1	461299
2306.58	0.8	NonTarget	1	461316
2306.665	0.8	NonTarget	1	461333
2306.75	0.8	NonTarget	1	461350
